player_id,player_name,season,competition_id,club_id,is_national_team,matches_total,matches_played,matches_injured_absent,minutes,goals,assists,shots_total,shots_on_goal,yellow_cards
1064377,Paul Okon-Engstler,2025,FS,3433,True,6,6,0,254,0,0,0,0,0
1064377,Paul Okon-Engstler,2025,FS,22976,True,1,1,0,90,0,0,0,0,0
1064377,Paul Okon-Engstler,2025,FIWC,3433,True,4,4,0,198,0,1,0,0,0
1064377,Paul Okon-Engstler,2025,FFAC,8054,False,1,0,0,0,0,0,0,0,0
1064377,Paul Okon-Engstler,2025,AUSF,8054,False,4,4,0,390,0,0,1,0,3
1064377,Paul Okon-Engstler,2025,AUS1,8054,False,26,23,3,1935,0,2,13,4,6
1064377,Paul Okon-Engstler,2024,PT23,68780,False,2,2,0,171,0,0,0,0,0
1064377,Paul Okon-Engstler,2024,PO2,10330,False,34,8,4,118,0,0,1,1,1
1064377,Paul Okon-Engstler,2024,PLIC,10330,False,4,4,0,360,0,1,0,0,1
1064377,Paul Okon-Engstler,2024,P23C,68780,False,1,1,0,90,0,0,0,0,0
1064377,Paul Okon-Engstler,2024,FS,22976,True,4,4,0,270,0,0,0,0,1
1064377,Paul Okon-Engstler,2024,FFAC,8054,False,3,3,0,300,0,0,0,0,0
1064377,Paul Okon-Engstler,2024,AU2C,22976,True,4,0,0,0,0,0,0,0,0
1064377,Paul Okon-Engstler,2024,A920,22976,True,6,6,0,450,0,0,2,0,1
1064377,Paul Okon-Engstler,2024,20WC,22976,True,3,3,0,270,0,0,2,1,0
1064377,Paul Okon-Engstler,2023,W23C,32270,True,3,3,0,161,0,0,0,0,0
1064377,Paul Okon-Engstler,2023,PTPR,68780,False,1,1,0,88,0,0,0,0,0
1064377,Paul Okon-Engstler,2023,PT23,68780,False,14,12,0,1026,1,1,0,0,2
1064377,Paul Okon-Engstler,2023,P23C,68780,False,14,14,0,1221,0,2,0,0,3
1064377,Paul Okon-Engstler,2023,FS,22976,True,6,3,0,205,0,0,0,0,0
1064377,Paul Okon-Engstler,2023,19YL,41582,False,6,1,0,71,0,0,0,0,0
1064377,Paul Okon-Engstler,2022,PT23,68780,False,1,1,0,55,0,0,0,0,0
1064377,Paul Okon-Engstler,2022,P23C,68780,False,1,0,0,0,0,0,0,0,0
1064377,Paul Okon-Engstler,2022,FS,22976,True,3,0,0,0,0,0,0,0,0
1064377,Paul Okon-Engstler,2022,FS,100451,True,3,3,0,185,0,0,0,0,0
1150896,Lachlan Middleton,2025,FFAC,8054,False,1,0,0,0,0,0,0,0,0
1150896,Lachlan Middleton,2025,AUSF,8054,False,4,0,0,0,0,0,0,0,0
1150896,Lachlan Middleton,2025,AUS1,8054,False,26,0,0,0,0,0,0,0,0
1150896,Lachlan Middleton,2025,A2SW,19820,False,25,23,0,1870,0,0,0,0,0
1150896,Lachlan Middleton,2024,FFAC,8054,False,3,0,0,0,0,0,0,0,0
1150896,Lachlan Middleton,2024,AUS1,8054,False,26,0,0,0,0,0,0,0,0
1150896,Lachlan Middleton,2024,ACL2,8054,False,12,0,0,0,0,0,0,0,0
1150896,Lachlan Middleton,2024,A2SW,19820,False,30,26,0,2061,1,0,0,0,2
1150896,Lachlan Middleton,2023,FFAC,8054,False,1,1,0,90,0,0,0,0,0
1150896,Lachlan Middleton,2023,AUSF,8054,False,3,0,0,0,0,0,0,0,0
1150896,Lachlan Middleton,2023,AUS1,8054,False,2,0,0,0,0,0,0,0,0
1150896,Lachlan Middleton,2023,A2SW,19820,False,30,25,0,1976,0,2,0,0,4
1150896,Lachlan Middleton,2022,A2SW,19820,False,10,9,0,549,2,0,5,2,1
1150896,Lachlan Middleton,2021,AF16,66880,True,3,1,0,90,0,0,0,0,0
1373902,Daniel Lazarevski,2025,FFAC,12991,False,2,1,0,15,1,0,1,1,0
1373902,Daniel Lazarevski,2025,AUS1,7006,False,10,0,0,0,0,0,0,0,0
1373902,Daniel Lazarevski,2025,A2VI,12991,False,23,1,0,18,0,0,0,0,0
1373902,Daniel Lazarevski,2024,A2VI,19718,False,26,22,0,1353,5,2,0,0,2
1373902,Daniel Lazarevski,2021,AF16,66880,True,2,1,0,90,0,0,0,0,0
1118893,Benjamin Dunbar,2024,FFAC,25580,False,1,1,0,29,0,0,0,0,0
1118893,Benjamin Dunbar,2024,AUSF,25580,False,3,0,0,0,0,0,0,0,0
1118893,Benjamin Dunbar,2024,AUS1,25580,False,26,4,0,36,0,1,2,2,1
1118893,Benjamin Dunbar,2023,TDV,34133,False,3,3,0,147,0,0,0,0,1
1118893,Benjamin Dunbar,2023,FFAC,25580,False,1,1,0,21,0,0,0,0,0
1118893,Benjamin Dunbar,2022,A2SW,26206,False,22,2,0,114,0,0,1,1,0
1118893,Benjamin Dunbar,2022,A169,32269,True,3,0,0,0,0,0,0,0,0
1118893,Benjamin Dunbar,2021,AF16,66880,True,3,3,0,118,0,0,0,0,1
1338239,Logan Sambrook,2024,FS,32269,True,3,1,0,60,0,0,0,0,0
1338239,Logan Sambrook,2024,A2SW,26206,False,30,19,0,908,0,0,0,0,1
1338239,Logan Sambrook,2024,A168,32269,True,3,3,0,134,0,0,1,0,0
1110883,Jesse Cameron,2025,AUS1,36100,False,26,0,0,0,0,0,0,0,0
1110883,Jesse Cameron,2025,A2SW,38638,False,26,25,0,1950,3,1,0,0,3
1110883,Jesse Cameron,2024,FS,22976,True,3,2,0,180,0,0,0,0,0
1110883,Jesse Cameron,2024,FFAC,36100,False,2,0,0,0,0,0,0,0,0
1110883,Jesse Cameron,2024,AUSF,36100,False,1,0,0,0,0,0,0,0,0
1110883,Jesse Cameron,2024,AUS1,36100,False,19,2,0,46,0,0,1,0,1
1110883,Jesse Cameron,2024,AU2C,22976,True,4,2,0,78,0,0,0,0,0
1110883,Jesse Cameron,2024,A2SW,38638,False,30,24,0,1897,0,2,0,0,6
1110883,Jesse Cameron,2023,FFAC,36100,False,3,3,0,181,0,0,1,1,0
1110883,Jesse Cameron,2023,A2SW,38638,False,28,23,0,1633,0,0,0,0,5
1110883,Jesse Cameron,2022,A2SW,38638,False,30,12,0,833,1,1,3,1,1
1225803,Luke Brooke-Smith,2026,GB2,1020,False,2,2,0,49,0,0,1,1,0
1225803,Luke Brooke-Smith,2026,CGB,1020,False,1,1,0,52,0,0,0,0,0
1225803,Luke Brooke-Smith,2025,FS,9171,True,2,1,0,11,0,0,0,0,0
1225803,Luke Brooke-Smith,2025,AUS1,8445,False,26,19,1,389,0,2,13,3,1
1225803,Luke Brooke-Smith,2024,NZP1,30746,False,1,0,0,0,0,0,0,0,0
1225803,Luke Brooke-Smith,2024,NZNL,30746,False,7,1,0,61,0,0,0,0,0
1225803,Luke Brooke-Smith,2024,NCL1,30746,False,10,1,0,62,1,0,0,0,0
1225803,Luke Brooke-Smith,2024,FFAC,8445,False,4,4,0,221,0,0,6,3,0
1225803,Luke Brooke-Smith,2024,AUS1,8445,False,26,14,0,487,1,0,10,1,1
1225803,Luke Brooke-Smith,2024,20WC,27263,True,3,3,0,167,1,0,3,2,2
1225803,Luke Brooke-Smith,2023,OC24,25510,True,5,5,0,311,5,2,0,0,0
1225803,Luke Brooke-Smith,2023,NZP1,31806,False,2,1,0,90,1,0,0,0,0
1225803,Luke Brooke-Smith,2023,NZNL,30746,False,4,3,0,187,0,0,0,0,0
1225803,Luke Brooke-Smith,2023,NNL1,31806,False,19,15,0,1065,0,0,0,0,1
1255623,Khoa Ngo,2025,VPO1,20830,False,3,3,0,240,1,0,0,0,0
1255623,Khoa Ngo,2025,VIE1,20830,False,15,11,3,773,3,1,0,0,1
1255623,Khoa Ngo,2025,AUS1,970,False,13,6,2,171,1,0,1,1,0
1255623,Khoa Ngo,2024,FFAC,970,False,2,2,0,88,0,0,0,0,1
1255623,Khoa Ngo,2024,AUS1,970,False,26,18,0,514,0,2,0,0,1
1255623,Khoa Ngo,2023,FFAC,970,False,3,3,0,102,0,1,0,0,1
1255623,Khoa Ngo,2023,AUS1,970,False,3,1,0,5,0,0,0,0,0
149579,Elbasan Rashani,2025,AUSF,25580,False,1,1,0,62,0,0,0,0,0
149579,Elbasan Rashani,2025,AUS1,25580,False,26,12,14,719,1,1,17,4,0
149579,Elbasan Rashani,2025,ACLE,25580,False,10,5,4,156,1,0,6,2,2
149579,Elbasan Rashani,2024,FR2,3524,False,2,0,0,0,0,0,0,0,0
149579,Elbasan Rashani,2024,ES2,1531,False,40,11,0,317,3,0,6,3,2
149579,Elbasan Rashani,2024,CDR,1531,False,4,1,0,90,0,0,2,0,0
149579,Elbasan Rashani,2023,FS,53982,True,3,2,0,66,0,0,0,0,0
149579,Elbasan Rashani,2023,FRC,3524,False,2,1,0,65,0,0,0,0,0
149579,Elbasan Rashani,2023,FR1,3524,False,34,24,5,1176,2,1,17,5,4
149579,Elbasan Rashani,2022,UNLC,53982,True,6,2,0,151,1,0,4,2,0
149579,Elbasan Rashani,2022,FS,53982,True,1,0,0,0,0,0,0,0,0
149579,Elbasan Rashani,2022,FRC,3524,False,1,0,0,0,0,0,0,0,0
149579,Elbasan Rashani,2022,FR1,3524,False,38,32,0,2175,3,3,35,13,3
149579,Elbasan Rashani,2022,EMQ,53982,True,10,3,0,129,0,0,3,0,1
149579,Elbasan Rashani,2021,FS,53982,True,4,0,0,0,0,0,0,0,0
149579,Elbasan Rashani,2021,FRC,3524,False,2,2,0,115,0,0,0,0,0
149579,Elbasan Rashani,2021,FR1,3524,False,38,29,0,1769,8,3,30,12,3
149579,Elbasan Rashani,2020,WMQ6,53982,True,8,4,0,326,0,0,8,2,1
149579,Elbasan Rashani,2020,UNLC,53982,True,6,4,0,36,0,0,3,1,1
149579,Elbasan Rashani,2020,TR1,39722,False,20,12,4,498,3,0,10,4,2
149579,Elbasan Rashani,2020,FS,53982,True,6,0,0,0,0,0,0,0,0
149579,Elbasan Rashani,2019,POEM,53982,True,1,1,0,45,0,0,0,0,1
149579,Elbasan Rashani,2019,NO1,1058,False,30,24,2,1875,3,8,47,14,3
149579,Elbasan Rashani,2019,FS,53982,True,2,2,0,129,0,0,0,0,0
149579,Elbasan Rashani,2018,UNLD,53982,True,6,0,0,0,0,0,0,0,0
149579,Elbasan Rashani,2018,NOPO,1058,False,6,6,0,535,0,1,0,0,2
149579,Elbasan Rashani,2018,NO1,1058,False,30,29,1,2561,3,7,51,23,4
149579,Elbasan Rashani,2018,EMQ,53982,True,8,5,0,90,1,1,0,0,0
149579,Elbasan Rashani,2017,NOPO,1058,False,4,4,0,235,2,1,0,0,1
149579,Elbasan Rashani,2017,NO1,1058,False,30,27,1,2260,7,6,51,13,5
149579,Elbasan Rashani,2017,FS,53982,True,5,2,0,65,1,0,0,0,1
149579,Elbasan Rashani,2017,CLQ,195,False,4,2,0,25,0,0,0,0,0
149579,Elbasan Rashani,2016,WMQ6,53982,True,10,1,0,28,0,0,0,0,0
149579,Elbasan Rashani,2016,NOSC,195,False,1,1,0,62,0,0,0,0,0
149579,Elbasan Rashani,2016,NOPO,195,False,3,1,0,23,1,0,0,0,0
149579,Elbasan Rashani,2016,NOPO,1058,False,1,0,0,0,0,0,0,0,0
149579,Elbasan Rashani,2016,NO1,195,False,17,8,0,235,0,2,0,0,1
149579,Elbasan Rashani,2016,NO1,1058,False,14,13,1,1032,2,1,0,0,4
149579,Elbasan Rashani,2016,ELQ,195,False,2,2,0,108,0,1,0,0,1
149579,Elbasan Rashani,2016,CLQ,195,False,4,1,0,9,0,0,0,0,0
149579,Elbasan Rashani,2015,NOPO,195,False,7,6,0,419,1,1,0,0,0
149579,Elbasan Rashani,2015,NO1,195,False,30,19,0,874,3,4,0,0,0
149579,Elbasan Rashani,2015,FS,53982,True,1,1,0,11,1,0,0,0,0
149579,Elbasan Rashani,2015,ELQ,206,False,8,7,0,434,4,0,0,0,1
149579,Elbasan Rashani,2015,DKP,206,False,2,2,0,147,0,1,0,0,0
149579,Elbasan Rashani,2015,DK1,206,False,18,10,3,486,1,0,0,0,1
149579,Elbasan Rashani,2014,ELQ,206,False,2,2,0,76,0,0,0,0,0
149579,Elbasan Rashani,2014,DKP,206,False,3,1,0,90,0,0,0,0,0
149579,Elbasan Rashani,2014,DK1,206,False,32,14,0,713,2,3,0,0,1
149579,Elbasan Rashani,2013,U21Q,16854,True,7,3,0,188,1,0,0,0,0
149579,Elbasan Rashani,2013,NOPO,1058,False,4,2,0,103,0,0,0,0,0
149579,Elbasan Rashani,2013,NO1,1058,False,16,15,1,1229,4,2,0,0,3
149579,Elbasan Rashani,2013,FS,16854,True,2,1,0,24,1,0,0,0,0
149579,Elbasan Rashani,2012,NOPO,1058,False,4,4,0,286,2,2,0,0,1
149579,Elbasan Rashani,2012,NO1,1058,False,30,21,2,1268,2,4,0,0,6
149579,Elbasan Rashani,2012,FS,38740,True,2,2,0,82,0,0,0,0,0
149579,Elbasan Rashani,2012,FS,16854,True,8,5,0,194,0,0,0,0,0
149579,Elbasan Rashani,2012,21EU,16854,True,4,0,0,0,0,0,0,0,0
149579,Elbasan Rashani,2011,U19Q,22515,True,6,5,0,331,0,0,0,0,0
149579,Elbasan Rashani,2011,NOPO,1058,False,4,2,0,180,2,0,0,0,0
149579,Elbasan Rashani,2011,NO1,1058,False,30,16,1,904,1,0,0,0,3
149579,Elbasan Rashani,2011,FS,22515,True,3,3,0,189,0,0,0,0,0
149579,Elbasan Rashani,2010,NOPO,1058,False,4,1,0,55,0,0,0,0,0
149579,Elbasan Rashani,2010,NO1,1058,False,30,16,0,885,0,2,0,0,0
149579,Elbasan Rashani,2009,NOPO,1058,False,2,1,0,1,0,0,0,0,0
149579,Elbasan Rashani,2009,NO1,1058,False,10,0,0,0,0,0,0,0,0
897306,James Mitchell,2025,OFPL,118373,False,13,0,0,0,0,0,0,0,0
897306,James Mitchell,2025,NZP1,122890,False,1,1,0,45,0,0,0,0,0
897306,James Mitchell,2025,NNL1,122890,False,21,15,0,1227,0,0,0,0,4
897306,James Mitchell,2025,AUSF,118373,False,4,0,0,0,0,0,0,0,0
897306,James Mitchell,2025,AUS1,118373,False,9,2,0,11,0,0,0,0,0
897306,James Mitchell,2024,NZP1,122890,False,1,0,0,0,0,0,0,0,0
897306,James Mitchell,2024,NZNL,122890,False,10,9,0,733,0,1,0,0,3
897306,James Mitchell,2024,NNL1,122890,False,22,19,0,1209,2,0,0,0,2
897306,James Mitchell,2023,NZP1,31306,False,2,2,0,100,0,0,0,0,0
897306,James Mitchell,2023,NZNL,31306,False,9,6,0,514,0,0,0,0,0
897306,James Mitchell,2023,NNL1,31306,False,22,13,0,821,0,0,0,0,2
897306,James Mitchell,2022,NZP1,88950,False,2,0,0,0,0,0,0,0,0
897306,James Mitchell,2022,NNL1,88950,False,17,10,0,447,0,0,0,0,3
897306,James Mitchell,2021,NZP1,18003,False,3,1,0,27,0,0,0,0,0
897306,James Mitchell,2021,NZNL,18003,False,9,1,0,28,0,0,0,0,0
897306,James Mitchell,2021,NNL1,18003,False,14,2,0,45,0,0,0,0,0
888140,Nishan Velupillay,2025,FS,3433,True,10,2,4,68,0,1,0,0,0
888140,Nishan Velupillay,2025,FIWC,3433,True,4,2,0,74,0,0,0,0,0
888140,Nishan Velupillay,2025,FFAC,7006,False,2,0,0,0,0,0,0,0,0
888140,Nishan Velupillay,2025,AUSF,7006,False,1,1,0,84,0,0,0,0,0
888140,Nishan Velupillay,2025,AUS1,7006,False,26,21,4,1384,4,1,49,19,1
888140,Nishan Velupillay,2024,FFAC,7006,False,1,0,1,0,0,0,0,0,0
888140,Nishan Velupillay,2024,AUSF,7006,False,4,3,1,216,0,0,2,0,0
888140,Nishan Velupillay,2024,AUS1,7006,False,26,22,4,1350,7,4,38,11,1
888140,Nishan Velupillay,2023,WMQ1,3433,True,8,5,3,206,3,0,5,3,0
888140,Nishan Velupillay,2023,W23C,32270,True,3,3,0,163,0,0,0,0,0
888140,Nishan Velupillay,2023,FS,32270,True,2,2,0,87,1,0,0,0,0
888140,Nishan Velupillay,2023,FFAC,7006,False,5,5,0,436,5,2,16,10,0
888140,Nishan Velupillay,2023,AUSF,7006,False,4,4,0,240,1,0,7,1,0
888140,Nishan Velupillay,2023,AUS1,7006,False,27,23,2,1343,2,3,51,18,3
888140,Nishan Velupillay,2023,A23Q,32270,True,2,2,0,163,2,0,0,0,0
888140,Nishan Velupillay,2023,23AF,32270,True,3,1,0,75,0,0,1,1,0
888140,Nishan Velupillay,2022,FS,32270,True,5,4,0,123,0,0,1,1,0
888140,Nishan Velupillay,2022,FFAC,7006,False,1,1,0,74,1,1,2,2,0
888140,Nishan Velupillay,2022,AUS1,7006,False,26,26,0,858,3,1,17,9,0
888140,Nishan Velupillay,2021,FFAC,7006,False,1,1,0,65,0,0,3,0,0
888140,Nishan Velupillay,2021,AUSF,7006,False,2,2,0,16,0,0,0,0,0
888140,Nishan Velupillay,2021,AUS1,7006,False,26,22,0,526,2,1,16,7,1
888140,Nishan Velupillay,2021,ACLQ,7006,False,1,0,0,0,0,0,0,0,0
888140,Nishan Velupillay,2020,FFAC,7006,False,5,3,0,188,0,1,3,0,0
888140,Nishan Velupillay,2020,AUS1,7006,False,9,4,0,78,0,0,2,0,0
350347,Michael Woud,2025,OFPL,118373,False,19,0,2,0,0,0,0,0,0
350347,Michael Woud,2025,FS,9171,True,10,0,0,0,0,0,0,0,0
350347,Michael Woud,2025,FIWC,9171,True,3,0,0,0,0,0,0,0,0
350347,Michael Woud,2025,AUSF,118373,False,4,4,0,390,0,0,0,0,0
350347,Michael Woud,2025,AUS1,118373,False,26,24,0,2091,0,0,0,0,2
350347,Michael Woud,2024,WMQ5,9171,True,5,0,0,0,0,0,0,0,0
350347,Michael Woud,2024,FS,9171,True,5,0,0,0,0,0,0,0,0
350347,Michael Woud,2024,FFAC,118373,False,4,4,0,390,0,0,0,0,0
350347,Michael Woud,2024,AUSF,118373,False,2,0,0,0,0,0,0,0,0
350347,Michael Woud,2024,AUS1,118373,False,26,0,0,0,0,0,0,0,0
350347,Michael Woud,2023,OFCN,9171,True,4,0,0,0,0,0,0,0,0
350347,Michael Woud,2023,FS,9171,True,6,2,0,180,0,0,0,0,0
350347,Michael Woud,2023,AFCL,10999,False,6,4,0,360,0,0,0,0,0
350347,Michael Woud,2022,JEMP,593,False,1,1,0,62,0,0,0,0,0
350347,Michael Woud,2022,JAPC,593,False,6,0,0,0,0,0,0,0,0
350347,Michael Woud,2022,JAP2,10999,False,12,1,0,90,0,0,0,0,0
350347,Michael Woud,2022,JAP1,593,False,23,0,0,0,0,0,0,0,0
350347,Michael Woud,2022,FS,9171,True,6,0,0,0,0,0,0,0,0
350347,Michael Woud,2021,WMQ5,9171,True,5,0,0,0,0,0,0,0,0
350347,Michael Woud,2021,POWM,9171,True,1,0,0,0,0,0,0,0,0
350347,Michael Woud,2021,NLP,723,False,1,1,0,90,0,0,0,0,0
350347,Michael Woud,2021,NL2,723,False,20,12,7,1080,0,0,0,0,1
350347,Michael Woud,2021,JEMP,593,False,5,5,0,510,0,0,0,0,1
350347,Michael Woud,2021,JAPC,593,False,8,2,0,180,0,0,0,0,0
350347,Michael Woud,2021,JAP1,593,False,34,0,0,0,0,0,0,0,0
350347,Michael Woud,2021,J1PO,593,False,1,0,0,0,0,0,0,0,0
350347,Michael Woud,2021,FS,9171,True,6,2,0,180,0,0,0,0,0
350347,Michael Woud,2021,FS,32207,True,1,1,0,90,0,0,0,0,0
350347,Michael Woud,2020,PON2,723,False,1,1,0,90,0,0,0,0,0
350347,Michael Woud,2020,OLYM,53827,True,4,4,0,390,0,0,0,0,0
350347,Michael Woud,2020,NLP,723,False,1,1,0,90,0,0,0,0,0
350347,Michael Woud,2020,NL2,723,False,38,38,0,3420,0,0,1,0,2
350347,Michael Woud,2019,NLP,403,False,3,0,0,0,0,0,0,0,0
350347,Michael Woud,2019,NLBV,9005,False,9,3,3,270,0,0,0,0,0
350347,Michael Woud,2019,NLBE,9005,False,7,4,0,360,0,0,0,0,0
350347,Michael Woud,2019,NL1,403,False,26,1,7,90,0,0,0,0,0
350347,Michael Woud,2019,FS,9171,True,2,1,0,90,0,0,0,0,0
350347,Michael Woud,2018,OF19,27263,True,5,0,0,0,0,0,0,0,0
350347,Michael Woud,2018,NLP,403,False,6,0,0,0,0,0,0,0,0
350347,Michael Woud,2018,NLBV,9005,False,7,4,0,360,0,0,0,0,0
350347,Michael Woud,2018,NLBE,9005,False,7,7,0,630,0,0,0,0,0
350347,Michael Woud,2018,NL1,403,False,34,4,0,360,0,0,0,0,0
350347,Michael Woud,2018,FS,27263,True,1,0,0,0,0,0,0,0,0
350347,Michael Woud,2018,20WC,27263,True,4,3,0,300,0,0,0,0,1
350347,Michael Woud,2017,TRIN,9171,True,3,1,0,90,0,0,0,0,1
350347,Michael Woud,2017,POWM,9171,True,2,0,0,0,0,0,0,0,0
350347,Michael Woud,2017,PLIC,9264,False,4,0,0,0,0,0,0,0,0
350347,Michael Woud,2017,GBFL,9264,False,3,0,0,0,0,0,0,0,0
350347,Michael Woud,2017,GB21,9264,False,22,4,0,360,0,0,0,0,0
350347,Michael Woud,2017,GB18,12797,False,7,4,0,360,0,0,0,0,0
350347,Michael Woud,2017,FS,9171,True,2,0,0,0,0,0,0,0,0
350347,Michael Woud,2017,21PL,9264,False,6,0,0,0,0,0,0,0,0
350347,Michael Woud,2016,OF19,27263,True,5,5,0,450,0,0,0,0,0
350347,Michael Woud,2016,GB21,9264,False,1,1,0,72,0,0,0,0,0
350347,Michael Woud,2016,GB18,12797,False,22,16,0,1440,0,1,0,0,0
350347,Michael Woud,2016,FAYC,12797,False,1,1,0,90,0,0,0,0,0
350347,Michael Woud,2016,20WC,27263,True,4,4,0,360,0,0,0,0,1
350347,Michael Woud,2016,18GB,12797,False,7,4,0,315,0,0,0,0,0
350347,Michael Woud,2014,OC24,25510,True,7,5,0,450,0,0,0,0,2
350347,Michael Woud,2014,NZL1,39909,False,1,0,0,0,0,0,0,0,0
350347,Michael Woud,2014,17WC,25510,True,4,4,0,360,0,0,0,0,0
290838,Oliver Sail,2025,OFPL,118373,False,19,0,15,0,0,0,0,0,0
290838,Oliver Sail,2025,FS,9171,True,2,0,0,0,0,0,0,0,0
290838,Oliver Sail,2025,AUSF,118373,False,4,0,4,0,0,0,0,0,0
290838,Oliver Sail,2025,AUS1,118373,False,26,1,11,69,0,0,0,0,0
290838,Oliver Sail,2024,WMQ5,9171,True,5,0,0,0,0,0,0,0,0
290838,Oliver Sail,2024,NZNL,122890,False,2,2,0,180,0,0,0,0,0
290838,Oliver Sail,2024,FS,9171,True,5,0,0,0,0,0,0,0,0
290838,Oliver Sail,2024,FFAC,970,False,2,2,0,240,0,0,0,0,0
290838,Oliver Sail,2024,FFAC,118373,False,2,0,0,0,0,0,0,0,0
290838,Oliver Sail,2024,AUS1,970,False,26,20,0,1800,0,0,0,0,1
290838,Oliver Sail,2023,OFCN,9171,True,4,0,0,0,0,0,0,0,0
290838,Oliver Sail,2023,FS,9171,True,6,0,0,0,0,0,0,0,0
290838,Oliver Sail,2023,FFAC,970,False,3,3,0,300,0,0,0,0,0
290838,Oliver Sail,2023,AUS1,970,False,27,17,0,1530,0,0,0,0,1
290838,Oliver Sail,2022,FS,9171,True,6,5,0,450,0,0,0,0,0
290838,Oliver Sail,2022,FFAC,970,False,1,1,0,90,0,0,0,0,0
290838,Oliver Sail,2022,AUSF,8445,False,1,1,0,90,0,0,0,0,0
290838,Oliver Sail,2022,AUS1,8445,False,26,26,0,2340,0,0,0,0,3
290838,Oliver Sail,2021,WMQ5,9171,True,5,2,0,180,0,0,0,0,0
290838,Oliver Sail,2021,POWM,9171,True,1,1,0,90,0,0,0,0,0
290838,Oliver Sail,2021,FS,9171,True,2,1,0,90,0,0,0,0,0
290838,Oliver Sail,2021,FFAC,8445,False,3,3,0,270,0,0,0,0,0
290838,Oliver Sail,2021,AUSF,8445,False,1,1,0,90,0,0,0,0,0
290838,Oliver Sail,2021,AUS1,8445,False,26,23,2,2007,0,0,0,0,2
290838,Oliver Sail,2020,FFAC,8445,False,4,2,2,180,0,0,0,0,0
290838,Oliver Sail,2020,AUS1,8445,False,26,20,0,1800,0,0,0,0,1
290838,Oliver Sail,2019,NZL1,30746,False,6,6,0,540,0,0,0,0,0
290838,Oliver Sail,2019,AUSF,8445,False,1,0,0,0,0,0,0,0,0
290838,Oliver Sail,2019,AUS1,8445,False,26,0,0,0,0,0,0,0,0
290838,Oliver Sail,2018,NZL1,30746,False,4,4,0,360,0,0,0,0,0
290838,Oliver Sail,2018,FFAC,8445,False,1,0,0,0,0,0,0,0,0
290838,Oliver Sail,2018,AUSF,8445,False,1,0,0,0,0,0,0,0,0
290838,Oliver Sail,2018,AUS1,8445,False,27,4,0,341,0,0,0,0,2
290838,Oliver Sail,2017,NZL1,30746,False,15,10,0,900,0,0,0,0,1
290838,Oliver Sail,2017,FFAC,8445,False,1,0,0,0,0,0,0,0,0
290838,Oliver Sail,2017,AUS1,8445,False,27,4,0,360,0,0,0,0,0
290838,Oliver Sail,2016,NZL1,30746,False,18,8,0,720,0,0,0,0,1
290838,Oliver Sail,2016,AUS1,8445,False,27,0,0,0,0,0,0,0,0
290838,Oliver Sail,2015,WMQ5,9171,True,1,0,0,0,0,0,0,0,0
290838,Oliver Sail,2015,NZL1,30746,False,14,11,0,841,0,0,0,0,0
290838,Oliver Sail,2015,AUS1,8445,False,14,0,0,0,0,0,0,0,0
290838,Oliver Sail,2015,23OF,32207,True,4,0,0,0,0,0,0,0,0
290838,Oliver Sail,2014,NZL1,30746,False,16,13,0,1035,0,0,0,0,1
290838,Oliver Sail,2014,FS,9171,True,2,0,0,0,0,0,0,0,0
290838,Oliver Sail,2014,FS,27263,True,1,1,0,90,0,0,0,0,0
290838,Oliver Sail,2014,AUSF,8445,False,1,0,0,0,0,0,0,0,0
290838,Oliver Sail,2014,AUS1,8445,False,13,0,0,0,0,0,0,0,0
290838,Oliver Sail,2014,20WC,27263,True,4,2,0,180,0,0,0,0,0
290838,Oliver Sail,2013,NZPO,11391,False,1,0,0,0,0,0,0,0,0
290838,Oliver Sail,2013,NZLP,11391,False,3,1,0,40,0,0,0,0,0
290838,Oliver Sail,2013,NZL1,11391,False,14,0,0,0,0,0,0,0,0
290838,Oliver Sail,2013,KLUB,11391,False,1,0,0,0,0,0,0,0,0
290838,Oliver Sail,2013,FS,27263,True,3,1,0,65,0,0,0,0,0
290838,Oliver Sail,2012,17WC,25510,True,3,0,0,0,0,0,0,0,0
887859,Joseph Knowles,2025,OFPL,118373,False,19,0,19,0,0,0,0,0,0
887859,Joseph Knowles,2025,AUSF,118373,False,4,0,4,0,0,0,0,0,0
887859,Joseph Knowles,2025,AUS1,118373,False,26,0,26,0,0,0,0,0,0
887859,Joseph Knowles,2024,NNL1,122890,False,9,6,0,540,0,0,0,0,0
887859,Joseph Knowles,2024,FFAC,118373,False,4,0,4,0,0,0,0,0,0
887859,Joseph Knowles,2024,AUSF,118373,False,2,0,0,0,0,0,0,0,0
887859,Joseph Knowles,2024,AUS1,118373,False,26,0,0,0,0,0,0,0,0
887859,Joseph Knowles,2023,OO23,32207,True,1,0,0,0,0,0,0,0,0
887859,Joseph Knowles,2023,NZP1,31306,False,2,1,0,120,0,0,0,0,0
887859,Joseph Knowles,2023,NNL1,31306,False,7,7,0,630,0,0,0,0,1
887859,Joseph Knowles,2023,A2SW,53743,False,14,0,0,0,0,0,0,0,0
887859,Joseph Knowles,2022,OF19,27263,True,4,1,0,90,0,0,0,0,0
887859,Joseph Knowles,2022,NZP1,31306,False,5,0,0,0,0,0,0,0,0
887859,Joseph Knowles,2022,NZNL,31306,False,9,7,0,630,0,0,0,0,0
887859,Joseph Knowles,2022,NNL1,31306,False,22,19,0,1710,0,0,0,0,0
887859,Joseph Knowles,2021,NZP1,31306,False,6,4,0,360,0,0,0,0,0
887859,Joseph Knowles,2021,NZNL,26274,False,9,7,0,630,0,0,0,0,0
887859,Joseph Knowles,2021,NNL1,31306,False,22,22,0,1980,0,0,0,0,0
887859,Joseph Knowles,2020,NZP1,26272,False,4,0,0,0,0,0,0,0,0
887859,Joseph Knowles,2020,NNL1,26272,False,22,1,0,90,0,0,0,0,0
1142610,Blake Callinan,2025,OFPL,118373,False,19,4,0,360,0,0,0,0,0
1142610,Blake Callinan,2025,NNL1,122890,False,2,1,0,90,0,0,0,0,0
1142610,Blake Callinan,2025,AUSF,118373,False,4,0,0,0,0,0,0,0,0
1142610,Blake Callinan,2025,AUS1,118373,False,17,0,0,0,0,0,0,0,0
1142610,Blake Callinan,2024,NZP1,122890,False,1,0,0,0,0,0,0,0,0
1142610,Blake Callinan,2024,NZNL,122890,False,10,4,0,360,0,0,0,0,0
1142610,Blake Callinan,2024,NNL1,122890,False,22,8,0,720,0,0,0,0,1
1142610,Blake Callinan,2023,NZP1,85805,False,2,0,0,0,0,0,0,0,0
1142610,Blake Callinan,2023,NNL1,85805,False,15,7,0,630,0,0,0,0,1
1375572,Eli Jones,2025,OFPL,118373,False,19,1,5,90,0,0,0,0,0
1375572,Eli Jones,2025,NNL1,122890,False,14,9,0,810,0,0,0,0,1
1375572,Eli Jones,2025,AUSF,118373,False,4,0,0,0,0,0,0,0,0
1375572,Eli Jones,2025,AUS1,118373,False,26,0,4,0,0,0,0,0,0
1375572,Eli Jones,2024,NZP1,122890,False,1,1,0,120,0,0,0,0,0
1375572,Eli Jones,2024,NZNL,122890,False,10,4,0,360,0,0,0,0,1
1375572,Eli Jones,2024,NNL1,122890,False,22,7,0,630,0,0,0,0,0
1375572,Eli Jones,2024,FFAC,118373,False,4,0,0,0,0,0,0,0,0
482204,Callan Elliot,2025,OFPL,118373,False,19,0,0,0,0,0,0,0,0
482204,Callan Elliot,2025,FS,9171,True,10,6,0,150,0,0,0,0,0
482204,Callan Elliot,2025,FIWC,9171,True,3,1,0,12,0,0,0,0,0
482204,Callan Elliot,2025,AUSF,118373,False,4,4,0,337,0,0,1,0,1
482204,Callan Elliot,2025,AUS1,118373,False,26,23,0,1407,0,1,10,2,1
482204,Callan Elliot,2024,WMQ5,9171,True,5,0,0,0,0,0,0,0,0
482204,Callan Elliot,2024,FS,9171,True,5,2,0,37,0,0,0,0,0
482204,Callan Elliot,2024,FFAC,118373,False,4,4,0,313,0,0,7,2,0
482204,Callan Elliot,2024,AUSF,118373,False,2,2,0,26,0,0,0,0,0
482204,Callan Elliot,2024,AUS1,118373,False,26,17,0,762,1,0,4,1,2
482204,Callan Elliot,2023,SFA,987,False,1,0,0,0,0,0,0,0,0
482204,Callan Elliot,2023,SCPA,987,False,5,0,0,0,0,0,0,0,0
482204,Callan Elliot,2023,SC1,987,False,12,0,0,0,0,0,0,0,0
482204,Callan Elliot,2023,OFCN,9171,True,4,0,0,0,0,0,0,0,0
482204,Callan Elliot,2023,FS,9171,True,6,0,0,0,0,0,0,0,0
482204,Callan Elliot,2022,FS,9171,True,4,3,0,114,0,0,1,0,0
482204,Callan Elliot,2022,AUSF,8445,False,1,1,0,90,0,0,0,0,0
482204,Callan Elliot,2022,AUS1,8445,False,26,24,1,1924,1,4,7,3,7
482204,Callan Elliot,2021,FS,32207,True,1,0,0,0,0,0,0,0,0
482204,Callan Elliot,2021,FFAC,8445,False,3,3,0,269,0,0,0,0,0
482204,Callan Elliot,2021,AUSF,8445,False,1,0,0,0,0,0,0,0,0
482204,Callan Elliot,2021,AUS1,8445,False,26,13,0,754,0,0,6,1,3
482204,Callan Elliot,2020,S2PA,128,False,5,0,0,0,0,0,0,0,0
482204,Callan Elliot,2020,RLGR,128,False,2,0,0,0,0,0,0,0,0
482204,Callan Elliot,2020,OLYM,53827,True,4,3,0,125,0,0,0,0,1
482204,Callan Elliot,2020,GRS2,128,False,22,0,0,0,0,0,0,0,0
482204,Callan Elliot,2020,FFAC,8445,False,4,2,0,152,0,1,1,0,0
482204,Callan Elliot,2019,NZL1,30746,False,16,10,0,893,1,1,0,0,5
482204,Callan Elliot,2019,AUSF,8445,False,1,1,0,90,0,0,0,0,0
482204,Callan Elliot,2019,AUS1,8445,False,24,4,0,262,0,0,3,1,0
482204,Callan Elliot,2019,23OF,32207,True,5,4,0,234,1,0,0,0,0
482204,Callan Elliot,2018,OF19,27263,True,5,5,0,415,0,0,0,0,1
482204,Callan Elliot,2018,NZL1,30746,False,16,14,0,1230,0,0,0,0,2
482204,Callan Elliot,2018,FS,27263,True,1,0,0,0,0,0,0,0,0
482204,Callan Elliot,2018,FFAC,8445,False,1,1,0,65,0,0,0,0,1
482204,Callan Elliot,2018,AUSF,8445,False,1,1,0,1,0,0,0,0,0
482204,Callan Elliot,2018,AUS1,8445,False,27,3,0,77,0,0,1,0,0
482204,Callan Elliot,2018,20WC,27263,True,4,3,0,300,0,0,0,0,0
482204,Callan Elliot,2017,NZL1,51843,False,18,15,0,1018,2,1,0,0,3
482204,Callan Elliot,2016,NZL1,51843,False,8,2,0,32,0,0,0,0,0
207061,Francis de Vries,2025,OFPL,118373,False,19,0,5,0,0,0,0,0,0
207061,Francis de Vries,2025,FS,9171,True,10,9,1,586,0,1,0,0,2
207061,Francis de Vries,2025,FIWC,9171,True,3,2,0,16,0,0,0,0,0
207061,Francis de Vries,2025,AUSF,118373,False,4,3,1,43,0,0,0,0,0
207061,Francis de Vries,2025,AUS1,118373,False,26,22,4,1980,1,7,16,4,2
207061,Francis de Vries,2024,WMQ5,9171,True,5,3,0,153,1,2,0,0,0
207061,Francis de Vries,2024,FS,9171,True,5,1,0,9,0,0,0,0,0
207061,Francis de Vries,2024,FFAC,118373,False,4,4,0,390,0,2,2,0,1
207061,Francis de Vries,2024,AUSF,118373,False,2,2,0,170,0,1,0,0,0
207061,Francis de Vries,2024,AUS1,118373,False,26,26,0,2206,2,7,11,7,1
207061,Francis de Vries,2023,OFCN,9171,True,4,0,0,0,0,0,0,0,0
207061,Francis de Vries,2023,NZP1,31306,False,2,2,0,210,1,0,0,0,0
207061,Francis de Vries,2023,NNL1,31306,False,14,12,0,1080,1,3,0,0,1
207061,Francis de Vries,2023,FS,9171,True,6,0,0,0,0,0,0,0,0
207061,Francis de Vries,2022,SEC,3622,False,1,0,1,0,0,0,0,0,0
207061,Francis de Vries,2022,NZP1,31306,False,4,0,0,0,0,0,0,0,0
207061,Francis de Vries,2022,NZNL,31306,False,9,9,0,730,2,0,0,0,1
207061,Francis de Vries,2022,NNL1,31306,False,22,21,0,1694,4,1,0,0,2
207061,Francis de Vries,2022,FS,9171,True,6,0,3,0,0,0,0,0,0
207061,Francis de Vries,2021,WMQ5,9171,True,5,3,0,251,0,1,0,0,0
207061,Francis de Vries,2021,SEC,3622,False,4,2,0,95,0,0,0,0,0
207061,Francis de Vries,2021,SE1,3622,False,30,11,19,914,0,2,4,0,0
207061,Francis de Vries,2021,POWM,9171,True,1,0,0,0,0,0,0,0,0
207061,Francis de Vries,2021,FS,9171,True,4,3,0,172,0,1,0,0,0
207061,Francis de Vries,2020,SE2,3622,False,30,28,0,2110,1,0,0,0,0
207061,Francis de Vries,2019,SEC,3622,False,1,1,0,90,0,0,0,0,0
207061,Francis de Vries,2019,SE3S,3622,False,30,27,0,2385,2,1,0,0,3
207061,Francis de Vries,2018,SEC,8010,False,1,0,0,0,0,0,0,0,0
207061,Francis de Vries,2018,SEC,3622,False,3,0,0,0,0,0,0,0,0
207061,Francis de Vries,2018,SE3S,3622,False,30,29,0,2572,2,1,0,0,3
207061,Francis de Vries,2017,SE3N,8010,False,13,11,0,990,0,2,0,0,0
207061,Francis de Vries,2017,NZLP,16183,False,1,1,0,90,0,0,0,0,0
207061,Francis de Vries,2017,NZL1,16183,False,14,14,0,1224,1,0,0,0,2
207061,Francis de Vries,2016,USL,46721,False,32,20,1,1755,0,0,0,0,5
207061,Francis de Vries,2016,MLS1,6321,False,2,0,0,0,0,0,0,0,0
207061,Francis de Vries,2016,CCL,6321,False,3,0,0,0,0,0,0,0,0
207061,Francis de Vries,2011,NZL1,16183,False,5,1,0,25,0,0,0,0,0
207061,Francis de Vries,2011,CH18,14322,False,12,7,0,366,0,0,0,0,2
455425,Nando Pijnaker,2025,OFPL,118373,False,19,0,10,0,0,0,0,0,0
455425,Nando Pijnaker,2025,FS,9171,True,10,2,6,31,0,0,0,0,0
455425,Nando Pijnaker,2025,FIWC,9171,True,3,0,0,0,0,0,0,0,0
455425,Nando Pijnaker,2025,AUSF,118373,False,4,4,0,249,0,0,2,0,1
455425,Nando Pijnaker,2025,AUS1,118373,False,26,13,11,719,0,0,5,2,0
455425,Nando Pijnaker,2024,WMQ5,9171,True,5,2,0,180,0,1,0,0,0
455425,Nando Pijnaker,2024,NZNL,122890,False,1,1,0,45,0,0,0,0,0
455425,Nando Pijnaker,2024,FS,9171,True,5,2,0,99,0,0,1,0,0
455425,Nando Pijnaker,2024,FFAC,118373,False,4,1,2,66,0,0,0,0,1
455425,Nando Pijnaker,2024,AUSF,118373,False,2,2,0,180,0,0,3,1,1
455425,Nando Pijnaker,2024,AUS1,118373,False,26,25,1,2146,4,0,17,8,5
455425,Nando Pijnaker,2023,OFCN,9171,True,4,0,2,0,0,0,0,0,0
455425,Nando Pijnaker,2023,IRPO,8780,False,2,2,0,180,0,0,0,0,0
455425,Nando Pijnaker,2023,IR1,8780,False,29,14,13,1242,0,2,0,0,7
455425,Nando Pijnaker,2023,FS,9171,True,6,4,0,360,0,0,0,0,1
455425,Nando Pijnaker,2022,POCP,2425,False,3,0,0,0,0,0,0,0,0
455425,Nando Pijnaker,2022,PO1,2425,False,1,0,0,0,0,0,0,0,0
455425,Nando Pijnaker,2022,IRPO,8780,False,1,1,0,90,0,0,0,0,0
455425,Nando Pijnaker,2022,IR1,8780,False,36,32,0,2649,0,0,31,8,7
455425,Nando Pijnaker,2022,FS,9171,True,6,6,0,408,0,0,2,0,1
455425,Nando Pijnaker,2022,ECLQ,8780,False,6,4,0,248,0,0,0,0,1
455425,Nando Pijnaker,2021,WMQ5,9171,True,5,3,0,256,0,0,0,0,1
455425,Nando Pijnaker,2021,POWM,9171,True,1,1,0,90,0,0,1,0,0
455425,Nando Pijnaker,2021,POPO,2425,False,1,0,0,0,0,0,0,0,0
455425,Nando Pijnaker,2021,POCP,2425,False,2,0,0,0,0,0,0,0,0
455425,Nando Pijnaker,2021,PO2,2425,False,9,0,0,0,0,0,0,0,0
455425,Nando Pijnaker,2021,IRPO,8780,False,1,1,0,120,0,0,0,0,0
455425,Nando Pijnaker,2021,IR1,8780,False,36,31,0,2562,1,2,17,1,1
455425,Nando Pijnaker,2021,FS,9171,True,6,4,0,315,0,0,0,0,1
455425,Nando Pijnaker,2021,FS,32207,True,1,1,0,90,0,0,0,0,0
455425,Nando Pijnaker,2021,DKP,22110,False,2,0,0,0,0,0,0,0,0
455425,Nando Pijnaker,2021,DK2,22110,False,11,1,0,11,0,0,0,0,0
455425,Nando Pijnaker,2020,PTRL,2425,False,2,0,0,0,0,0,0,0,0
455425,Nando Pijnaker,2020,PT23,68110,False,1,1,0,90,0,0,0,0,1
455425,Nando Pijnaker,2020,POPO,2425,False,3,0,0,0,0,0,0,0,0
455425,Nando Pijnaker,2020,PO1,2425,False,34,0,0,0,0,0,0,0,0
455425,Nando Pijnaker,2020,P232,68110,False,5,1,0,90,0,0,0,0,0
455425,Nando Pijnaker,2020,OLYM,53827,True,4,4,0,390,0,0,2,1,0
455425,Nando Pijnaker,2020,ELQ,2425,False,3,0,1,0,0,0,0,0,0
455425,Nando Pijnaker,2019,FS,9171,True,1,1,0,27,0,0,0,0,0
455425,Nando Pijnaker,2019,C2,504,False,13,2,1,72,0,0,0,0,0
455425,Nando Pijnaker,2018,NZLP,31306,False,2,2,0,180,0,0,0,0,0
455425,Nando Pijnaker,2018,NZL1,31306,False,18,14,0,1029,1,1,0,0,2
455425,Nando Pijnaker,2018,FS,27263,True,1,0,0,0,0,0,0,0,0
455425,Nando Pijnaker,2018,20WC,27263,True,4,4,0,377,0,0,5,2,0
83002,Hiroki Sakai,2025,OFPL,118373,False,19,0,5,0,0,0,0,0,0
83002,Hiroki Sakai,2025,AUSF,118373,False,4,4,0,390,0,0,2,1,2
83002,Hiroki Sakai,2025,AUS1,118373,False,26,18,8,1176,0,2,5,0,3
83002,Hiroki Sakai,2024,FFAC,118373,False,4,4,0,377,0,1,0,0,1
83002,Hiroki Sakai,2024,AUSF,118373,False,2,2,0,164,0,0,1,1,0
83002,Hiroki Sakai,2024,AUS1,118373,False,26,23,3,2025,3,4,12,5,2
83002,Hiroki Sakai,2023,KLUB,828,False,3,2,0,74,0,0,0,0,0
83002,Hiroki Sakai,2023,JAPC,828,False,2,1,0,90,0,0,0,0,0
83002,Hiroki Sakai,2023,JAP1,828,False,24,10,0,558,1,2,4,1,1
83002,Hiroki Sakai,2023,AFCL,828,False,6,2,3,108,0,0,1,0,0
83002,Hiroki Sakai,2023,ACLQ,828,False,1,1,0,90,0,0,0,0,0
83002,Hiroki Sakai,2022,JEMP,828,False,3,1,0,90,0,0,0,0,0
83002,Hiroki Sakai,2022,JAPC,828,False,11,6,1,366,0,1,0,0,1
83002,Hiroki Sakai,2022,JAP1,828,False,34,25,4,2083,2,0,15,8,6
83002,Hiroki Sakai,2021,JEMP,828,False,2,0,2,0,0,0,0,0,0
83002,Hiroki Sakai,2021,JASP,828,False,1,1,0,90,0,1,0,0,0
83002,Hiroki Sakai,2021,JAPC,828,False,4,1,1,68,0,0,0,0,0
83002,Hiroki Sakai,2021,JAP1,828,False,34,20,13,1535,0,0,13,4,4
83002,Hiroki Sakai,2021,FS,3435,True,7,2,4,90,0,0,0,0,0
83002,Hiroki Sakai,2021,FS,28642,True,2,2,0,125,0,0,0,0,0
83002,Hiroki Sakai,2021,FIWC,3435,True,4,2,0,120,0,0,1,0,0
83002,Hiroki Sakai,2021,EAFC,3435,True,3,0,0,0,0,0,0,0,0
83002,Hiroki Sakai,2021,AFCL,828,False,11,8,2,699,0,2,6,2,0
83002,Hiroki Sakai,2020,OLYM,53813,True,6,5,1,445,1,0,1,1,3
83002,Hiroki Sakai,2020,JEMP,828,False,4,4,0,360,0,0,0,0,0
83002,Hiroki Sakai,2020,JAPC,828,False,4,0,1,0,0,0,0,0,0
83002,Hiroki Sakai,2020,JAP1,828,False,16,14,0,1161,2,0,8,3,0
83002,Hiroki Sakai,2020,FS,3435,True,6,3,0,188,0,0,0,0,1
83002,Hiroki Sakai,2020,FS,28642,True,2,0,0,0,0,0,0,0,0
83002,Hiroki Sakai,2020,FRCH,244,False,1,1,0,90,0,0,0,0,0
83002,Hiroki Sakai,2020,FRC,244,False,2,2,0,135,0,0,0,0,0
83002,Hiroki Sakai,2020,FR1,244,False,38,29,8,2386,0,1,3,1,6
83002,Hiroki Sakai,2020,CL,244,False,6,6,0,540,0,0,0,0,1
83002,Hiroki Sakai,2019,WMQ1,3435,True,18,10,3,823,0,4,4,0,0
83002,Hiroki Sakai,2019,FS,3435,True,2,1,0,45,0,1,0,0,0
83002,Hiroki Sakai,2019,FRL,244,False,1,1,0,90,0,0,0,0,0
83002,Hiroki Sakai,2019,FRC,244,False,4,3,0,248,0,0,0,0,3
83002,Hiroki Sakai,2019,FR1,244,False,28,21,6,1621,0,1,2,0,3
83002,Hiroki Sakai,2019,A23Q,28642,True,3,0,0,0,0,0,0,0,0
83002,Hiroki Sakai,2019,23AF,28642,True,3,0,0,0,0,0,0,0,0
83002,Hiroki Sakai,2018,FS,3435,True,9,3,0,242,1,1,1,1,0
83002,Hiroki Sakai,2018,FS,28642,True,5,0,0,0,0,0,0,0,0
83002,Hiroki Sakai,2018,FRL,244,False,1,1,0,90,0,1,0,0,0
83002,Hiroki Sakai,2018,FRC,244,False,1,0,1,0,0,0,0,0,0
83002,Hiroki Sakai,2018,FR1,244,False,38,27,8,2373,1,4,6,3,3
83002,Hiroki Sakai,2018,EL,244,False,6,4,0,315,0,0,1,1,1
83002,Hiroki Sakai,2018,EAFC,3435,True,3,0,0,0,0,0,0,0,0
83002,Hiroki Sakai,2018,COPA,3435,True,3,0,0,0,0,0,0,0,0
83002,Hiroki Sakai,2018,AFAC,3435,True,7,6,0,523,0,0,1,0,3
83002,Hiroki Sakai,2017,FS,3435,True,9,5,2,345,0,1,0,0,1
83002,Hiroki Sakai,2017,FS,28642,True,3,0,0,0,0,0,0,0,0
83002,Hiroki Sakai,2017,FRL,244,False,1,1,0,90,0,0,0,0,0
83002,Hiroki Sakai,2017,FRC,244,False,4,2,0,210,0,0,0,0,0
83002,Hiroki Sakai,2017,FR1,244,False,38,33,3,2525,0,3,3,1,1
83002,Hiroki Sakai,2017,FIWC,3435,True,4,4,0,360,0,0,2,0,0
83002,Hiroki Sakai,2017,ELQ,244,False,4,4,0,360,0,0,0,0,1
83002,Hiroki Sakai,2017,EL,244,False,15,10,2,765,1,1,0,0,1
83002,Hiroki Sakai,2017,AG18,53813,True,7,0,0,0,0,0,0,0,0
83002,Hiroki Sakai,2017,A23Q,28642,True,3,0,0,0,0,0,0,0,0
83002,Hiroki Sakai,2016,WMQ1,3435,True,10,9,1,796,0,3,0,0,3
83002,Hiroki Sakai,2016,FS,3435,True,2,2,0,180,0,0,0,0,0
83002,Hiroki Sakai,2016,FRL,244,False,2,2,0,103,0,0,0,0,0
83002,Hiroki Sakai,2016,FRC,244,False,3,3,0,337,0,1,0,0,1
83002,Hiroki Sakai,2016,FR1,244,False,38,35,0,2983,0,2,3,1,6
83002,Hiroki Sakai,2016,EAFC,3435,True,3,0,0,0,0,0,0,0,0
83002,Hiroki Sakai,2015,OLYM,53813,True,3,0,0,0,0,0,0,0,0
83002,Hiroki Sakai,2015,L1,42,False,34,26,5,2295,1,1,0,0,1
83002,Hiroki Sakai,2015,FS,3435,True,3,1,0,90,0,1,0,0,0
83002,Hiroki Sakai,2015,FS,28642,True,7,0,0,0,0,0,0,0,0
83002,Hiroki Sakai,2015,DFB,42,False,2,2,0,180,0,1,0,0,0
83002,Hiroki Sakai,2015,23AF,28642,True,6,0,0,0,0,0,0,0,0
83002,Hiroki Sakai,2014,WMQ1,3435,True,8,5,1,431,0,0,0,0,0
83002,Hiroki Sakai,2014,L1,42,False,34,27,3,2322,0,0,0,0,6
83002,Hiroki Sakai,2014,FS,3435,True,9,3,0,261,0,0,0,0,0
83002,Hiroki Sakai,2014,EAFC,3435,True,3,0,0,0,0,0,0,0,0
83002,Hiroki Sakai,2014,DFB,42,False,2,2,0,180,0,0,0,0,0
83002,Hiroki Sakai,2014,AFAC,3435,True,4,0,0,0,0,0,0,0,0
83002,Hiroki Sakai,2013,L1,42,False,34,26,1,2264,1,0,0,0,7
83002,Hiroki Sakai,2013,FS,3435,True,11,6,0,234,0,1,0,0,1
83002,Hiroki Sakai,2013,FIWC,3435,True,3,0,0,0,0,0,0,0,0
83002,Hiroki Sakai,2013,DFB,42,False,2,2,0,180,0,0,0,0,0
83002,Hiroki Sakai,2013,AG18,53813,True,5,0,0,0,0,0,0,0,0
83002,Hiroki Sakai,2012,RLN3,1065,False,1,1,0,90,0,0,0,0,0
83002,Hiroki Sakai,2012,L1,42,False,34,13,0,711,0,1,0,0,3
83002,Hiroki Sakai,2012,FS,3435,True,7,5,1,262,0,0,0,0,0
83002,Hiroki Sakai,2012,ELQ,42,False,4,1,2,20,0,1,0,0,0
83002,Hiroki Sakai,2012,EL,42,False,8,2,0,173,0,0,0,0,1
83002,Hiroki Sakai,2012,EAFC,3435,True,3,0,0,0,0,0,0,0,0
83002,Hiroki Sakai,2012,DFB,42,False,3,1,1,23,0,0,0,0,0
83002,Hiroki Sakai,2012,CONC,3435,True,3,2,0,76,0,0,0,0,1
83002,Hiroki Sakai,2011,WMQ1,3435,True,12,4,0,230,0,0,0,0,0
83002,Hiroki Sakai,2011,OQAF,28642,True,8,0,0,0,0,0,0,0,0
83002,Hiroki Sakai,2011,OLYM,53813,True,6,4,0,344,0,0,0,0,1
83002,Hiroki Sakai,2011,KLUB,6632,False,4,4,0,397,1,0,0,0,0
83002,Hiroki Sakai,2011,JASP,6632,False,1,1,0,90,0,0,0,0,0
83002,Hiroki Sakai,2011,JAP1,6632,False,16,15,0,1350,1,3,0,0,4
83002,Hiroki Sakai,2011,FS,3435,True,3,1,0,45,0,0,0,0,0
83002,Hiroki Sakai,2011,FS,28642,True,8,7,0,611,1,1,0,0,2
83002,Hiroki Sakai,2011,AFCL,6632,False,7,7,0,630,2,0,0,0,2
83002,Hiroki Sakai,2010,JEMP,6632,False,3,2,0,194,0,0,0,0,1
83002,Hiroki Sakai,2010,JAPC,6632,False,2,2,0,180,0,0,0,0,1
83002,Hiroki Sakai,2010,JAP1,6632,False,34,27,1,2364,0,9,0,0,3
83002,Hiroki Sakai,2010,FS,28642,True,1,1,0,90,0,0,0,0,0
83002,Hiroki Sakai,2009,JEMP,6632,False,3,3,0,176,0,0,0,0,1
83002,Hiroki Sakai,2009,JAP2,6632,False,36,9,1,688,1,1,0,0,2
83002,Hiroki Sakai,2008,JAPC,6632,False,6,0,0,0,0,0,0,0,0
83002,Hiroki Sakai,2008,JAP1,6632,False,16,0,0,0,0,0,0,0,0
835325,Aidan Carey,2025,OFPL,118373,False,19,8,0,462,0,1,0,0,0
835325,Aidan Carey,2025,AUSF,118373,False,4,0,0,0,0,0,0,0,0
835325,Aidan Carey,2025,AUS1,118373,False,14,0,14,0,0,0,0,0,0
835325,Aidan Carey,2024,NZP1,41673,False,3,1,0,24,0,0,0,0,0
835325,Aidan Carey,2024,NZNL,41673,False,10,10,0,900,0,0,0,0,0
835325,Aidan Carey,2024,NNL1,41673,False,22,16,0,1258,2,0,0,0,2
835325,Aidan Carey,2023,NZP1,41673,False,3,1,0,120,0,0,0,0,0
835325,Aidan Carey,2023,NZNL,41673,False,9,9,0,801,2,0,0,0,1
835325,Aidan Carey,2023,NNL1,41673,False,22,20,0,1741,1,0,0,0,3
835325,Aidan Carey,2023,KLUB,11391,False,1,0,0,0,0,0,0,0,0
835325,Aidan Carey,2022,OCL,11391,False,7,1,0,1,0,0,0,0,0
835325,Aidan Carey,2022,NZP1,11391,False,3,0,0,0,0,0,0,0,0
835325,Aidan Carey,2022,NZNL,11391,False,9,1,0,3,0,0,0,0,0
835325,Aidan Carey,2022,NNLP,11391,False,1,0,0,0,0,0,0,0,0
835325,Aidan Carey,2022,NNL1,11391,False,22,9,0,386,0,1,0,0,1
835325,Aidan Carey,2022,KLUB,11391,False,1,0,0,0,0,0,0,0,0
835325,Aidan Carey,2021,OCL,11391,False,5,5,0,405,0,0,0,0,0
835325,Aidan Carey,2021,NZP1,11391,False,5,0,0,0,0,0,0,0,0
835325,Aidan Carey,2021,NZNL,11391,False,9,7,0,320,0,0,0,0,1
835325,Aidan Carey,2021,NNLP,11391,False,1,1,0,8,0,0,0,0,0
835325,Aidan Carey,2021,NNL1,11391,False,22,14,0,955,1,0,0,0,0
835325,Aidan Carey,2020,NZP1,11391,False,4,0,0,0,0,0,0,0,0
835325,Aidan Carey,2020,NZLP,11391,False,2,0,0,0,0,0,0,0,0
835325,Aidan Carey,2020,NZL1,11391,False,14,4,0,105,0,0,0,0,0
835325,Aidan Carey,2020,NNL1,11391,False,22,13,0,863,1,0,0,0,3
1153793,Luka Vicelich,2025,OFPL,118373,False,19,5,0,251,1,0,0,0,2
1153793,Luka Vicelich,2025,NNL1,122890,False,4,4,0,315,0,0,0,0,1
1153793,Luka Vicelich,2025,AUSF,118373,False,4,2,0,11,0,0,0,0,0
1153793,Luka Vicelich,2025,AUS1,118373,False,22,3,0,133,0,0,0,0,0
1153793,Luka Vicelich,2024,OC24,25510,True,5,0,0,0,0,0,0,0,0
1153793,Luka Vicelich,2024,NZP1,122890,False,1,1,0,35,0,0,0,0,0
1153793,Luka Vicelich,2024,NZNL,122890,False,10,4,0,360,0,0,0,0,1
1153793,Luka Vicelich,2024,NNL1,122890,False,22,7,0,378,0,0,0,0,1
1153793,Luka Vicelich,2024,FYS1,25510,True,3,0,0,0,0,0,0,0,0
1153793,Luka Vicelich,2024,FFAC,118373,False,3,2,0,24,0,0,2,0,0
1153793,Luka Vicelich,2024,17WC,25510,True,3,3,0,239,0,0,2,2,0
1153793,Luka Vicelich,2023,OC24,25510,True,5,4,0,315,0,0,0,0,0
1153793,Luka Vicelich,2023,NZP1,11391,False,2,0,0,0,0,0,0,0,0
1153793,Luka Vicelich,2023,NNL1,11391,False,9,1,0,20,0,0,0,0,0
627143,Ronan Wynne,2025,OFPL,118373,False,19,17,0,1318,1,1,0,0,4
627143,Ronan Wynne,2025,AUSF,118373,False,4,0,0,0,0,0,0,0,0
627143,Ronan Wynne,2025,AUS1,118373,False,14,0,14,0,0,0,0,0,0
627143,Ronan Wynne,2024,MNP3,64328,False,28,28,0,2367,1,1,0,0,4
627143,Ronan Wynne,2024,MLS1,51663,False,1,0,0,0,0,0,0,0,0
627143,Ronan Wynne,2023,UL2P,116329,False,1,0,0,0,0,0,0,0,0
627143,Ronan Wynne,2023,NCD1,39852,False,4,4,0,380,0,0,0,0,0
627143,Ronan Wynne,2022,NCD1,39852,False,2,0,0,0,0,0,0,0,0
627143,Ronan Wynne,2022,FS,32207,True,2,2,0,180,0,0,0,0,0
627143,Ronan Wynne,2021,NCD1,39852,False,2,2,0,200,0,0,0,0,0
627143,Ronan Wynne,2020,NCD1,39852,False,2,1,0,108,0,0,0,0,0
627143,Ronan Wynne,2020,DKRE,62694,False,1,1,0,60,0,0,0,0,0
627143,Ronan Wynne,2020,DKP,1842,False,1,1,0,45,0,0,0,0,0
627143,Ronan Wynne,2020,DK3O,1842,False,8,6,0,439,0,0,0,0,1
627143,Ronan Wynne,2019,NZL1,30746,False,16,16,0,1440,0,0,0,0,2
627143,Ronan Wynne,2018,NZL1,30746,False,18,16,0,1392,0,0,0,0,0
1109358,Lachlan Bayliss,2025,FS,9171,True,4,4,0,75,0,0,1,0,0
1109358,Lachlan Bayliss,2025,FIWC,9171,True,3,0,0,0,0,0,0,0,0
1109358,Lachlan Bayliss,2025,AUSF,5551,False,2,2,0,191,0,0,3,1,0
1109358,Lachlan Bayliss,2025,AUS1,5551,False,26,25,0,1644,5,3,28,9,5
1109358,Lachlan Bayliss,2024,FFAC,5551,False,5,4,0,189,0,0,3,0,1
1109358,Lachlan Bayliss,2024,AUS1,5551,False,26,26,0,1763,1,2,28,10,3
1109358,Lachlan Bayliss,2023,OLYM,53827,True,3,3,0,167,0,1,2,1,0
1109358,Lachlan Bayliss,2023,FFAC,5551,False,3,1,2,6,0,0,1,0,0
1109358,Lachlan Bayliss,2023,AUS1,5551,False,27,11,16,560,0,0,12,1,0
1109358,Lachlan Bayliss,2022,FFAC,5551,False,2,2,0,111,0,0,1,1,0
1109358,Lachlan Bayliss,2022,AUSF,6954,False,3,0,0,0,0,0,0,0,0
1109358,Lachlan Bayliss,2022,AUS1,6954,False,14,0,0,0,0,0,0,0,0
1109358,Lachlan Bayliss,2022,A2SW,26206,False,21,21,0,1848,9,10,39,18,4
172323,Cameron Howieson,2025,OFPL,118373,False,19,0,0,0,0,0,0,0,0
172323,Cameron Howieson,2025,AUSF,118373,False,4,4,0,328,1,1,2,1,1
172323,Cameron Howieson,2025,AUS1,118373,False,26,21,0,771,0,0,8,3,2
172323,Cameron Howieson,2024,WMQ5,9171,True,1,0,0,0,0,0,0,0,0
172323,Cameron Howieson,2024,FS,9171,True,3,1,0,13,0,0,0,0,0
172323,Cameron Howieson,2024,FFAC,118373,False,4,4,0,201,0,0,3,3,1
172323,Cameron Howieson,2024,AUSF,118373,False,2,1,0,16,0,0,0,0,0
172323,Cameron Howieson,2024,AUS1,118373,False,26,18,5,578,0,0,13,3,4
172323,Cameron Howieson,2023,OFCN,9171,True,4,4,0,329,1,0,0,0,0
172323,Cameron Howieson,2023,OCL,11391,False,7,7,0,574,2,2,0,0,0
172323,Cameron Howieson,2023,NZP1,11391,False,2,0,0,0,0,0,0,0,0
172323,Cameron Howieson,2023,NNL1,11391,False,12,3,0,198,0,0,0,0,0
172323,Cameron Howieson,2023,KLUB,11391,False,1,1,0,90,0,0,0,0,0
172323,Cameron Howieson,2023,FS,9171,True,6,0,0,0,0,0,0,0,0
172323,Cameron Howieson,2022,OCL,11391,False,7,6,0,566,1,4,0,0,1
172323,Cameron Howieson,2022,NZP1,11391,False,3,0,0,0,0,0,0,0,0
172323,Cameron Howieson,2022,NZNL,11391,False,9,8,0,603,1,0,0,0,2
172323,Cameron Howieson,2022,NNLP,11391,False,1,1,0,90,0,0,0,0,0
172323,Cameron Howieson,2022,NNL1,11391,False,22,11,0,936,4,2,0,0,1
172323,Cameron Howieson,2022,KLUB,11391,False,1,1,0,90,0,0,0,0,0
172323,Cameron Howieson,2022,FS,9171,True,6,1,0,19,0,0,0,0,0
172323,Cameron Howieson,2021,WMQ5,9171,True,5,2,0,138,0,0,0,0,0
172323,Cameron Howieson,2021,POWM,9171,True,1,0,0,0,0,0,0,0,0
172323,Cameron Howieson,2021,OCL,11391,False,5,4,0,326,3,3,0,0,0
172323,Cameron Howieson,2021,NZP1,11391,False,5,0,0,0,0,0,0,0,0
172323,Cameron Howieson,2021,NZNL,11391,False,9,7,0,552,3,4,0,0,0
172323,Cameron Howieson,2021,NNLP,11391,False,1,1,0,90,0,0,0,0,0
172323,Cameron Howieson,2021,NNL1,11391,False,22,17,0,1440,5,0,0,0,5
172323,Cameron Howieson,2021,FS,9171,True,6,0,0,0,0,0,0,0,0
172323,Cameron Howieson,2020,NZP1,11391,False,4,1,0,90,2,0,0,0,0
172323,Cameron Howieson,2020,NZLP,11391,False,2,2,0,180,0,0,0,0,1
172323,Cameron Howieson,2020,NZL1,11391,False,14,12,0,1072,4,4,0,0,3
172323,Cameron Howieson,2020,NNL1,11391,False,22,12,0,1070,1,0,0,0,1
172323,Cameron Howieson,2019,OCL,11391,False,3,3,0,255,0,2,0,0,0
172323,Cameron Howieson,2019,NZL1,11391,False,16,15,0,1294,4,3,0,0,5
172323,Cameron Howieson,2019,FS,9171,True,2,0,0,0,0,0,0,0,0
172323,Cameron Howieson,2018,OCL,11391,False,5,5,0,405,0,0,0,0,0
172323,Cameron Howieson,2018,NZLP,11391,False,1,1,0,90,0,0,0,0,0
172323,Cameron Howieson,2018,NZL1,11391,False,18,17,0,1451,2,2,0,0,1
172323,Cameron Howieson,2017,TRIN,9171,True,3,3,0,270,0,0,0,0,0
172323,Cameron Howieson,2017,POWM,9171,True,2,0,0,0,0,0,0,0,0
172323,Cameron Howieson,2017,OCL,11391,False,6,6,0,519,0,1,0,0,1
172323,Cameron Howieson,2017,NZLP,11391,False,2,1,0,90,0,1,0,0,0
172323,Cameron Howieson,2017,NZL1,11391,False,18,18,0,1620,0,3,0,0,3
172323,Cameron Howieson,2017,KLUB,11391,False,1,1,0,90,0,0,0,0,0
172323,Cameron Howieson,2017,FS,9171,True,2,1,0,90,0,0,0,0,0
172323,Cameron Howieson,2016,OCL,11391,False,7,6,0,466,1,0,0,0,1
172323,Cameron Howieson,2016,NZLP,11391,False,2,2,0,180,0,1,0,0,0
172323,Cameron Howieson,2016,NZL1,18385,False,10,9,0,805,1,4,0,0,3
172323,Cameron Howieson,2016,NZL1,11391,False,9,3,0,239,1,0,0,0,1
172323,Cameron Howieson,2016,FS,9171,True,4,0,0,0,0,0,0,0,0
172323,Cameron Howieson,2016,CONC,9171,True,3,0,0,0,0,0,0,0,0
172323,Cameron Howieson,2015,WMQ5,9171,True,11,0,0,0,0,0,0,0,0
172323,Cameron Howieson,2015,SSC,465,False,4,3,0,196,0,1,0,0,0
172323,Cameron Howieson,2015,SFA,465,False,1,1,0,79,0,0,0,0,0
172323,Cameron Howieson,2015,SCP,465,False,1,1,0,59,0,0,0,0,1
172323,Cameron Howieson,2015,SC2,465,False,36,15,0,797,1,0,0,0,0
172323,Cameron Howieson,2015,FS,9171,True,2,0,0,0,0,0,0,0,0
172323,Cameron Howieson,2014,GB1,1132,False,38,0,0,0,0,0,0,0,0
172323,Cameron Howieson,2014,FS,9171,True,4,1,0,9,0,0,0,0,0
172323,Cameron Howieson,2014,FAC,1132,False,2,0,0,0,0,0,0,0,0
172323,Cameron Howieson,2014,CGB,1132,False,1,0,0,0,0,0,0,0,0
172323,Cameron Howieson,2013,POWM,9171,True,2,0,0,0,0,0,0,0,0
172323,Cameron Howieson,2013,GB2,1132,False,46,0,0,0,0,0,0,0,0
172323,Cameron Howieson,2013,FS,9171,True,5,4,0,146,0,0,0,0,0
172323,Cameron Howieson,2013,FAC,1132,False,1,0,0,0,0,0,0,0,0
172323,Cameron Howieson,2013,CGB,1132,False,4,0,0,0,0,0,0,0,0
172323,Cameron Howieson,2012,OF19,27263,True,4,3,0,250,1,0,0,0,0
172323,Cameron Howieson,2012,GB3,2454,False,14,0,0,0,0,0,0,0,0
172323,Cameron Howieson,2012,GB2,1132,False,33,0,0,0,0,0,0,0,0
172323,Cameron Howieson,2012,FS,9171,True,1,1,0,13,0,0,0,0,0
172323,Cameron Howieson,2012,FS,27263,True,1,1,0,67,0,0,0,0,0
172323,Cameron Howieson,2012,FAC,1132,False,1,0,0,0,0,0,0,0,0
172323,Cameron Howieson,2012,CGB,1132,False,3,0,0,0,0,0,0,0,0
172323,Cameron Howieson,2012,20WC,27263,True,3,3,0,270,0,0,0,0,0
172323,Cameron Howieson,2011,WMQ5,9171,True,11,1,0,27,0,0,0,0,0
172323,Cameron Howieson,2011,OLYM,53827,True,3,3,0,69,0,0,0,0,0
172323,Cameron Howieson,2011,GB2,1132,False,8,2,0,8,0,0,0,0,0
172323,Cameron Howieson,2011,FS,9171,True,2,2,0,44,0,0,0,0,0
172323,Cameron Howieson,2010,OC24,25510,True,5,4,0,304,2,2,0,0,0
172323,Cameron Howieson,2010,17WC,25510,True,4,3,0,205,0,1,0,0,2
255162,Aaron Calver,2025,A2VI,15511,False,21,19,0,1708,2,0,0,0,2
255162,Aaron Calver,2024,RSK2,46292,False,19,3,0,132,0,0,0,0,0
255162,Aaron Calver,2024,RSK1,6499,False,21,1,5,45,0,0,0,0,0
255162,Aaron Calver,2024,RKPO,6499,False,2,0,0,0,0,0,0,0,0
255162,Aaron Calver,2024,KREG,46292,False,1,0,0,0,0,0,0,0,0
255162,Aaron Calver,2023,RSK1,6499,False,38,19,13,1377,0,0,2,0,3
255162,Aaron Calver,2023,RKPO,6499,False,2,0,0,0,0,0,0,0,0
255162,Aaron Calver,2022,RSKM,30925,False,5,1,4,84,0,0,2,1,0
255162,Aaron Calver,2022,RSK1,30925,False,33,19,0,1150,0,0,8,5,3
255162,Aaron Calver,2022,RKPO,30925,False,3,2,0,135,0,0,0,0,0
255162,Aaron Calver,2021,RSK2,30925,False,35,25,0,1430,3,1,19,9,3
255162,Aaron Calver,2021,RKPO,30925,False,2,2,0,165,0,0,0,0,0
255162,Aaron Calver,2021,AUS1,970,False,16,10,0,586,0,0,2,1,2
255162,Aaron Calver,2020,AUS1,71084,False,26,18,0,1341,0,1,10,2,2
255162,Aaron Calver,2019,AUSF,71084,False,2,2,0,180,0,0,0,0,0
255162,Aaron Calver,2019,AUS1,71084,False,26,14,0,980,1,1,5,2,2
255162,Aaron Calver,2018,AUSF,8054,False,2,2,0,210,1,0,1,1,0
255162,Aaron Calver,2018,AUS1,8054,False,27,19,0,1242,2,2,6,2,6
255162,Aaron Calver,2018,AFCL,8054,False,6,3,0,270,0,0,0,0,1
255162,Aaron Calver,2017,FFAC,8054,False,5,3,0,103,0,0,0,0,0
255162,Aaron Calver,2017,AUSF,8054,False,1,0,0,0,0,0,0,0,0
255162,Aaron Calver,2017,AUS1,8054,False,27,1,0,9,0,1,0,0,0
255162,Aaron Calver,2017,AFCL,8054,False,6,4,0,360,0,0,0,0,0
255162,Aaron Calver,2016,FFAC,8054,False,4,0,0,0,0,0,0,0,0
255162,Aaron Calver,2016,AUSF,8054,False,2,0,0,0,0,0,0,0,0
255162,Aaron Calver,2016,AUS1,8054,False,27,6,0,464,0,0,0,0,1
255162,Aaron Calver,2015,FFAC,8054,False,3,0,0,0,0,0,0,0,0
255162,Aaron Calver,2015,AUS1,8054,False,27,4,0,315,0,0,0,0,1
255162,Aaron Calver,2015,AFCL,8054,False,8,3,0,250,0,0,0,0,1
255162,Aaron Calver,2014,AUSF,8054,False,2,0,0,0,0,0,0,0,0
255162,Aaron Calver,2014,AUS1,8054,False,27,9,0,514,0,2,0,0,1
255162,Aaron Calver,2013,FFAC,8054,False,1,0,0,0,0,0,0,0,0
255162,Aaron Calver,2013,AUSF,8054,False,1,0,0,0,0,0,0,0,0
255162,Aaron Calver,2013,AUS1,8054,False,27,6,0,323,0,0,0,0,2
255162,Aaron Calver,2012,AUS1,8054,False,14,3,0,181,0,0,0,0,1
255162,Aaron Calver,2011,A168,66880,True,1,1,0,90,0,0,0,0,0
1239586,Jonathan Robinson,2025,OFPL,118373,False,19,13,0,893,0,2,0,0,2
1239586,Jonathan Robinson,2025,AUSF,118373,False,4,0,0,0,0,0,0,0,0
1239586,Jonathan Robinson,2025,AUS1,118373,False,14,0,14,0,0,0,0,0,0
1239586,Jonathan Robinson,2024,NZP1,3474,False,4,1,0,120,0,0,0,0,0
1239586,Jonathan Robinson,2024,NZNL,3474,False,10,7,0,616,2,1,0,0,1
1239586,Jonathan Robinson,2024,NCL1,3474,False,18,15,0,1290,3,0,0,0,4
1239586,Jonathan Robinson,2023,MNP3,51604,False,28,14,0,691,1,2,0,0,4
1239586,Jonathan Robinson,2023,MLS1,4284,False,1,0,0,0,0,0,0,0,0
1239586,Jonathan Robinson,2022,NCD1,64927,False,3,0,0,0,0,0,0,0,0
1239586,Jonathan Robinson,2021,NCD1,64927,False,3,0,0,0,0,0,0,0,0
1239586,Jonathan Robinson,2019,NCD1,60062,False,2,0,0,0,0,0,0,0,0
337282,Jake Brimmer,2025,OFPL,118373,False,19,0,4,0,0,0,0,0,0
337282,Jake Brimmer,2025,AUSF,118373,False,4,1,0,36,0,0,0,0,1
337282,Jake Brimmer,2025,AUS1,118373,False,26,15,8,707,0,0,6,2,1
337282,Jake Brimmer,2024,FFAC,118373,False,4,4,0,195,0,0,3,1,0
337282,Jake Brimmer,2024,AUSF,118373,False,2,2,0,42,0,0,0,0,0
337282,Jake Brimmer,2024,AUS1,118373,False,26,25,1,1527,3,3,26,6,2
337282,Jake Brimmer,2023,AUSF,7006,False,4,4,0,182,0,1,5,0,0
337282,Jake Brimmer,2023,AUS1,7006,False,27,25,0,1505,0,3,30,11,1
337282,Jake Brimmer,2022,FFAC,7006,False,1,0,0,0,0,0,0,0,0
337282,Jake Brimmer,2022,AUS1,7006,False,26,17,9,1342,3,3,28,11,2
337282,Jake Brimmer,2021,FFAC,7006,False,1,1,0,90,1,0,2,1,0
337282,Jake Brimmer,2021,AUSF,7006,False,2,2,0,180,2,0,6,3,1
337282,Jake Brimmer,2021,AUS1,7006,False,26,25,0,2092,5,7,52,22,1
337282,Jake Brimmer,2021,ACLQ,7006,False,1,1,0,83,0,0,1,0,0
337282,Jake Brimmer,2020,FFAC,7006,False,5,1,0,90,0,0,3,0,0
337282,Jake Brimmer,2020,AUS1,7006,False,26,25,0,2157,5,5,40,17,6
337282,Jake Brimmer,2019,AUSF,970,False,2,2,0,175,0,1,3,0,0
337282,Jake Brimmer,2019,AUS1,970,False,26,19,0,952,0,2,8,1,3
337282,Jake Brimmer,2019,AFCL,970,False,1,1,0,15,0,0,0,0,0
337282,Jake Brimmer,2019,AFCL,7006,False,5,5,0,450,2,0,5,3,1
337282,Jake Brimmer,2018,FFAC,970,False,1,1,0,120,0,0,0,0,0
337282,Jake Brimmer,2018,AUSF,970,False,2,2,0,38,0,0,0,0,0
337282,Jake Brimmer,2018,AUS1,970,False,27,19,0,763,0,0,7,2,1
337282,Jake Brimmer,2017,FFAC,970,False,1,1,0,19,0,0,0,0,0
337282,Jake Brimmer,2017,AUS1,970,False,27,18,0,451,0,0,0,0,0
337282,Jake Brimmer,2016,PLIC,9252,False,3,0,0,0,0,0,0,0,0
337282,Jake Brimmer,2016,GB21,9252,False,22,2,0,90,0,0,0,0,0
337282,Jake Brimmer,2016,FS,32270,True,2,1,0,90,0,0,0,0,0
337282,Jake Brimmer,2016,21PL,9252,False,8,0,0,0,0,0,0,0,0
337282,Jake Brimmer,2015,FAYC,6922,False,2,0,0,0,0,0,0,0,0
337282,Jake Brimmer,2014,17WC,32269,True,4,4,0,288,0,0,0,0,0
337282,Jake Brimmer,2013,A168,66880,True,5,4,0,310,2,1,0,0,1
1352333,Daniel Normann,2025,OFPL,118373,False,19,19,0,1498,2,1,0,0,1
1352333,Daniel Normann,2025,AUSF,118373,False,4,0,0,0,0,0,0,0,0
1352333,Daniel Normann,2025,AUS1,118373,False,14,0,14,0,0,0,0,0,0
1352333,Daniel Normann,2024,NZP1,41673,False,3,1,0,90,1,0,0,0,0
1352333,Daniel Normann,2024,NZNL,41673,False,10,10,0,890,0,0,0,0,2
1352333,Daniel Normann,2024,NNL1,41673,False,18,17,1,1432,3,0,0,0,1
1352333,Daniel Normann,2024,NNL1,31143,False,4,3,0,270,0,0,0,0,0
1352333,Daniel Normann,2023,NCD1,9856,False,1,1,0,90,0,0,0,0,0
1352333,Daniel Normann,2022,NCD1,9856,False,2,0,0,0,0,0,0,0,0
1352333,Daniel Normann,2021,NCD1,9856,False,1,0,0,0,0,0,0,0,0
155054,Luis Felipe Gallegos,2025,OFPL,118373,False,19,0,4,0,0,0,0,0,0
155054,Luis Felipe Gallegos,2025,AUSF,118373,False,4,0,3,0,0,0,0,0,0
155054,Luis Felipe Gallegos,2025,AUS1,118373,False,26,24,2,1362,1,1,19,1,3
155054,Luis Felipe Gallegos,2024,GR1,653,False,4,3,0,208,0,0,1,0,1
155054,Luis Felipe Gallegos,2024,FFAC,118373,False,4,4,0,308,0,0,2,0,1
155054,Luis Felipe Gallegos,2024,AUSF,118373,False,2,2,0,138,0,0,1,0,1
155054,Luis Felipe Gallegos,2024,AUS1,118373,False,26,25,1,1791,1,2,26,5,5
155054,Luis Felipe Gallegos,2023,S1PO,653,False,7,6,1,356,0,0,5,0,1
155054,Luis Felipe Gallegos,2023,GRP,653,False,5,5,0,352,0,0,0,0,0
155054,Luis Felipe Gallegos,2023,GR1,653,False,26,23,2,1735,1,1,19,3,6
155054,Luis Felipe Gallegos,2022,CLPD,1037,False,18,3,2,141,0,0,1,0,0
155054,Luis Felipe Gallegos,2022,CH1C,1037,False,2,0,0,0,0,0,0,0,0
155054,Luis Felipe Gallegos,2021,MEXA,40188,False,4,0,0,0,0,0,0,0,0
155054,Luis Felipe Gallegos,2021,GRP,653,False,3,2,1,77,0,0,0,0,0
155054,Luis Felipe Gallegos,2021,GR1,653,False,24,21,1,1768,2,2,19,8,5
155054,Luis Felipe Gallegos,2021,CLPD,1037,False,27,16,0,892,0,0,7,1,1
155054,Luis Felipe Gallegos,2021,CH1C,1037,False,8,5,0,162,0,0,0,0,0
155054,Luis Felipe Gallegos,2020,MEXA,40188,False,17,2,0,43,0,0,0,0,0
155054,Luis Felipe Gallegos,2020,MEX1,40188,False,17,11,0,586,2,1,4,2,1
155054,Luis Felipe Gallegos,2019,POMX,1146,False,4,4,0,333,2,0,6,2,2
155054,Luis Felipe Gallegos,2019,MEXA,1146,False,18,14,0,1162,2,0,10,3,2
155054,Luis Felipe Gallegos,2019,MEX1,40188,False,10,8,0,649,0,0,8,2,1
155054,Luis Felipe Gallegos,2019,CPMX,40188,False,2,1,0,65,0,0,0,0,0
155054,Luis Felipe Gallegos,2019,CPMX,1146,False,4,0,0,0,0,0,0,0,0
155054,Luis Felipe Gallegos,2018,SC14,1146,False,1,0,0,0,0,0,0,0,0
155054,Luis Felipe Gallegos,2018,POME,1146,False,2,2,0,158,0,0,0,0,0
155054,Luis Felipe Gallegos,2018,MXCC,1146,False,4,0,0,0,0,0,0,0,0
155054,Luis Felipe Gallegos,2018,MXCA,1146,False,5,2,0,163,0,0,0,0,1
155054,Luis Felipe Gallegos,2018,MEXA,1146,False,17,11,1,649,1,0,5,0,0
155054,Luis Felipe Gallegos,2018,MEX1,1146,False,17,16,0,1414,0,1,14,3,2
155054,Luis Felipe Gallegos,2018,M20A,28850,False,10,2,0,169,0,0,0,0,0
155054,Luis Felipe Gallegos,2017,SC14,1146,False,1,1,0,90,0,0,0,0,0
155054,Luis Felipe Gallegos,2017,MXCC,1146,False,8,4,0,304,0,0,0,0,1
155054,Luis Felipe Gallegos,2017,MXCA,1146,False,5,1,0,90,0,0,0,0,0
155054,Luis Felipe Gallegos,2017,MEXA,1146,False,17,4,0,287,0,0,0,0,1
155054,Luis Felipe Gallegos,2017,MEX1,1146,False,17,14,0,868,0,2,0,0,0
155054,Luis Felipe Gallegos,2017,M20C,28850,False,2,2,0,180,0,0,0,0,1
155054,Luis Felipe Gallegos,2016,POMX,1146,False,4,4,0,360,2,0,0,0,0
155054,Luis Felipe Gallegos,2016,MXCC,1146,False,5,0,0,0,0,0,0,0,0
155054,Luis Felipe Gallegos,2016,MEXA,1146,False,17,17,0,1527,2,0,0,0,5
155054,Luis Felipe Gallegos,2016,MEX1,1146,False,17,11,0,990,0,2,0,0,2
155054,Luis Felipe Gallegos,2015,MXCC,1146,False,9,5,0,395,1,1,0,0,1
155054,Luis Felipe Gallegos,2015,MXCA,1146,False,6,2,0,118,0,0,0,0,0
155054,Luis Felipe Gallegos,2015,MXBF,1146,False,2,2,0,135,1,0,0,0,0
155054,Luis Felipe Gallegos,2015,MXBC,1146,False,6,6,0,421,1,0,0,0,3
155054,Luis Felipe Gallegos,2015,MEXB,1146,False,15,14,0,1242,1,8,0,0,4
155054,Luis Felipe Gallegos,2015,MEX2,1146,False,15,14,0,665,1,0,0,0,1
155054,Luis Felipe Gallegos,2014,MXCC,1146,False,6,6,0,501,1,0,0,0,2
155054,Luis Felipe Gallegos,2014,MXCA,1146,False,6,3,0,225,1,0,0,0,0
155054,Luis Felipe Gallegos,2014,MXBF,1146,False,2,2,0,180,0,0,0,0,1
155054,Luis Felipe Gallegos,2014,MXBC,1146,False,4,4,0,360,0,0,0,0,0
155054,Luis Felipe Gallegos,2014,MXBA,1146,False,6,5,0,124,1,2,0,0,0
155054,Luis Felipe Gallegos,2014,MEXB,1146,False,13,8,0,550,0,0,0,0,1
155054,Luis Felipe Gallegos,2014,MEX2,1146,False,13,12,0,555,0,0,0,0,1
155054,Luis Felipe Gallegos,2013,ES2,2867,False,39,20,0,918,0,1,0,0,3
155054,Luis Felipe Gallegos,2013,CHLA,1037,False,5,0,0,0,0,0,0,0,0
155054,Luis Felipe Gallegos,2013,CDR,2867,False,4,3,0,219,0,0,0,0,0
155054,Luis Felipe Gallegos,2012,RLN4,5303,False,11,7,0,556,3,0,0,0,1
155054,Luis Felipe Gallegos,2012,L2,89,False,34,2,14,70,0,0,0,0,0
155054,Luis Felipe Gallegos,2012,DFB,89,False,2,1,1,56,0,0,0,0,0
155054,Luis Felipe Gallegos,2012,CSUC,1037,False,1,0,0,0,0,0,0,0,0
155054,Luis Felipe Gallegos,2012,CS,1037,False,4,0,0,0,0,0,0,0,0
155054,Luis Felipe Gallegos,2012,CH1C,1037,False,6,3,0,109,0,0,0,0,1
155054,Luis Felipe Gallegos,2011,SURU,1037,False,1,0,0,0,0,0,0,0,0
155054,Luis Felipe Gallegos,2011,CLI,1037,False,12,3,0,158,0,0,0,0,0
155054,Luis Felipe Gallegos,2011,CHPL,1037,False,6,3,0,40,0,0,0,0,0
155054,Luis Felipe Gallegos,2011,CHLA,1037,False,17,9,0,498,2,1,0,0,0
155054,Luis Felipe Gallegos,2011,CHL1,1037,False,2,2,0,74,1,0,0,0,0
155054,Luis Felipe Gallegos,2010,CS,1037,False,12,3,0,139,0,0,0,0,0
155054,Luis Felipe Gallegos,2010,CHPL,1037,False,6,0,0,0,0,0,0,0,0
155054,Luis Felipe Gallegos,2010,CHLP,1037,False,6,5,0,178,0,3,0,0,0
155054,Luis Felipe Gallegos,2010,CHLA,1037,False,17,5,0,147,1,0,0,0,1
155054,Luis Felipe Gallegos,2010,CHL1,1037,False,17,12,0,863,2,1,0,0,0
155054,Luis Felipe Gallegos,2010,CHDE,1037,False,2,0,0,0,0,0,0,0,0
155054,Luis Felipe Gallegos,2010,CH1C,1037,False,6,0,0,0,0,0,0,0,0
155054,Luis Felipe Gallegos,2010,2SAM,23657,True,9,3,0,270,1,2,0,0,1
155054,Luis Felipe Gallegos,2009,LCLC,1037,False,2,2,0,180,1,0,0,0,0
155054,Luis Felipe Gallegos,2009,CS,1037,False,1,0,0,0,0,0,0,0,0
155054,Luis Felipe Gallegos,2009,CHLA,1037,False,10,8,0,402,1,3,0,0,0
155054,Luis Felipe Gallegos,2009,CHDE,1037,False,2,2,0,122,0,1,0,0,0
155054,Luis Felipe Gallegos,2009,CH1C,1037,False,1,1,0,25,0,0,0,0,0
155054,Luis Felipe Gallegos,2008,CS,1037,False,1,0,0,0,0,0,0,0,0
1104291,Isa Prins,2025,OFPL,118373,False,19,18,0,926,3,1,0,0,2
1104291,Isa Prins,2025,NNL1,122890,False,6,3,0,173,2,0,0,0,1
1104291,Isa Prins,2025,AUSF,118373,False,4,0,0,0,0,0,0,0,0
1104291,Isa Prins,2025,AUS1,118373,False,14,0,14,0,0,0,0,0,0
1104291,Isa Prins,2024,NZP1,26275,False,6,4,0,389,3,2,0,0,1
1104291,Isa Prins,2024,NZNL,26275,False,10,10,0,892,4,0,0,0,0
1104291,Isa Prins,2024,NNLP,26275,False,1,1,0,120,1,0,0,0,0
1104291,Isa Prins,2024,NCL1,26275,False,18,15,0,1188,11,0,0,0,1
1104291,Isa Prins,2023,OCL,26275,False,2,0,0,0,0,0,0,0,0
1104291,Isa Prins,2023,NZPO,26275,False,1,0,0,0,0,0,0,0,0
1104291,Isa Prins,2023,NZP1,26275,False,6,2,0,74,2,0,0,0,1
1104291,Isa Prins,2023,NZNL,26275,False,9,8,0,633,2,1,0,0,0
1104291,Isa Prins,2023,NCL1,26275,False,18,18,0,794,7,0,0,0,1
1104291,Isa Prins,2022,NZP1,30767,False,2,0,0,0,0,0,0,0,0
1104291,Isa Prins,2022,NZNL,26275,False,7,3,0,111,0,0,0,0,1
1104291,Isa Prins,2022,NNLP,26275,False,1,1,0,5,0,0,0,0,0
1104291,Isa Prins,2022,NCL1,30767,False,18,14,0,1117,3,0,0,0,0
1010896,Oliver Middleton,2025,OFPL,118373,False,19,0,15,0,0,0,0,0,0
1010896,Oliver Middleton,2025,AUSF,118373,False,4,0,4,0,0,0,0,0,0
1010896,Oliver Middleton,2025,AUS1,118373,False,26,1,11,7,0,0,0,0,0
1010896,Oliver Middleton,2024,NZP1,122890,False,1,0,0,0,0,0,0,0,0
1010896,Oliver Middleton,2024,NZNL,122890,False,10,7,0,630,0,0,0,0,0
1010896,Oliver Middleton,2024,NNL1,122890,False,22,13,0,1043,1,0,0,0,0
1010896,Oliver Middleton,2024,FFAC,118373,False,4,2,0,16,0,0,0,0,1
1010896,Oliver Middleton,2024,AUSF,118373,False,2,0,0,0,0,0,0,0,0
1010896,Oliver Middleton,2024,AUS1,118373,False,26,0,0,0,0,0,0,0,0
1010896,Oliver Middleton,2024,20WC,27263,True,3,2,0,129,0,0,2,1,0
1010896,Oliver Middleton,2023,OF19,27263,True,5,0,0,0,0,0,0,0,0
1010896,Oliver Middleton,2023,NZP1,85805,False,2,1,0,120,0,0,0,0,0
1010896,Oliver Middleton,2023,NNL1,85805,False,14,14,0,1046,2,0,0,0,1
1010896,Oliver Middleton,2022,NZP1,85805,False,1,0,0,0,0,0,0,0,0
1010896,Oliver Middleton,2022,NZNL,85805,False,9,9,0,810,1,0,0,0,0
1010896,Oliver Middleton,2022,NNL1,85805,False,22,21,0,1394,1,1,0,0,1
1010896,Oliver Middleton,2022,FS,27263,True,4,1,0,90,0,0,0,0,0
1010896,Oliver Middleton,2022,20WC,27263,True,4,0,0,0,0,0,0,0,0
1010896,Oliver Middleton,2021,NZP1,85805,False,3,0,0,0,0,0,0,0,0
1010896,Oliver Middleton,2021,NZNL,85805,False,9,6,0,379,1,0,0,0,1
1010896,Oliver Middleton,2021,NNL1,85805,False,22,7,0,253,2,0,0,0,0
507115,Lachlan Brook,2025,OFPL,118373,False,19,0,0,0,0,0,0,0,0
507115,Lachlan Brook,2025,AUSF,118373,False,4,4,0,290,1,1,7,1,0
507115,Lachlan Brook,2025,AUS1,118373,False,26,26,0,1784,8,1,64,19,5
507115,Lachlan Brook,2024,USMX,6643,False,2,0,0,0,0,0,0,0,0
507115,Lachlan Brook,2024,MNP3,45806,False,12,4,0,280,0,0,0,0,0
507115,Lachlan Brook,2024,MLS1,6643,False,24,5,0,97,0,0,5,0,1
507115,Lachlan Brook,2024,FFAC,118373,False,3,3,0,95,1,0,4,3,1
507115,Lachlan Brook,2024,CCL,6643,False,2,2,0,118,0,0,2,0,0
507115,Lachlan Brook,2023,W23C,32270,True,3,1,0,120,0,0,0,0,0
507115,Lachlan Brook,2023,USMX,6643,False,2,0,0,0,0,0,0,0,0
507115,Lachlan Brook,2023,POUS,6643,False,2,0,0,0,0,0,0,0,0
507115,Lachlan Brook,2023,MLS1,6643,False,9,7,0,233,0,0,13,8,1
507115,Lachlan Brook,2023,FS,32270,True,2,2,0,104,1,0,0,0,0
507115,Lachlan Brook,2023,AUS1,36100,False,27,23,3,1289,9,2,52,22,0
507115,Lachlan Brook,2023,A23Q,32270,True,2,2,0,107,1,0,0,0,0
507115,Lachlan Brook,2023,23AF,32270,True,3,3,0,189,0,0,10,5,0
507115,Lachlan Brook,2022,GBFL,1042,False,3,2,0,85,0,0,1,1,0
507115,Lachlan Brook,2022,GB4,1042,False,46,34,0,1569,3,0,38,18,2
507115,Lachlan Brook,2022,FS,32270,True,5,1,0,26,0,0,0,0,0
507115,Lachlan Brook,2022,FFAC,36100,False,3,2,0,122,5,0,10,5,0
507115,Lachlan Brook,2022,FAC,1042,False,2,2,0,107,0,0,2,1,0
507115,Lachlan Brook,2022,CGB,1042,False,1,0,0,0,0,0,0,0,0
507115,Lachlan Brook,2021,AUSF,875,False,3,3,0,192,0,0,6,1,0
507115,Lachlan Brook,2021,AUS1,875,False,19,16,0,868,0,1,29,9,2
507115,Lachlan Brook,2021,A23Q,32270,True,2,2,0,161,0,1,0,0,0
507115,Lachlan Brook,2021,23AF,32270,True,6,6,0,347,0,0,9,5,1
507115,Lachlan Brook,2019,AUS1,875,False,26,7,0,330,1,2,8,4,0
507115,Lachlan Brook,2019,AU2C,39276,True,3,2,0,178,1,0,0,0,1
507115,Lachlan Brook,2018,FFAC,875,False,5,1,0,1,0,0,0,0,0
507115,Lachlan Brook,2018,AUSF,875,False,2,0,0,0,0,0,0,0,0
507115,Lachlan Brook,2018,AUS1,875,False,27,0,0,0,0,0,0,0,0
507115,Lachlan Brook,2017,FFAC,875,False,5,0,0,0,0,0,0,0,0
507115,Lachlan Brook,2017,AUSF,875,False,1,0,0,0,0,0,0,0,0
507115,Lachlan Brook,2017,AUS1,875,False,27,1,0,66,0,0,0,0,0
507115,Lachlan Brook,2016,FFAC,875,False,4,0,0,0,0,0,0,0,0
507115,Lachlan Brook,2016,AFCL,875,False,1,1,0,1,0,0,0,0,0
312317,Logan Rogerson,2025,OFPL,118373,False,19,0,0,0,0,0,0,0,0
312317,Logan Rogerson,2025,FS,9171,True,10,3,0,47,0,0,0,0,0
312317,Logan Rogerson,2025,FIWC,9171,True,3,0,0,0,0,0,0,0,0
312317,Logan Rogerson,2025,AUSF,118373,False,4,4,0,155,1,0,2,1,0
312317,Logan Rogerson,2025,AUS1,118373,False,26,24,2,1174,1,1,22,8,1
312317,Logan Rogerson,2024,WMQ5,9171,True,5,3,0,80,0,0,0,0,0
312317,Logan Rogerson,2024,FS,9171,True,5,3,0,28,1,0,0,0,0
312317,Logan Rogerson,2024,FFAC,118373,False,4,4,0,349,1,1,8,2,0
312317,Logan Rogerson,2024,ECLQ,60368,False,3,0,0,0,0,0,0,0,0
312317,Logan Rogerson,2024,AUSF,118373,False,2,2,0,149,1,0,3,1,0
312317,Logan Rogerson,2024,AUS1,118373,False,26,26,0,1806,8,2,30,12,2
312317,Logan Rogerson,2023,OFCN,9171,True,4,0,0,0,0,0,0,0,0
312317,Logan Rogerson,2023,FS,9171,True,6,0,0,0,0,0,0,0,0
312317,Logan Rogerson,2023,ECLQ,1225,False,2,2,0,147,1,0,0,0,0
312317,Logan Rogerson,2023,ARPO,60368,False,1,1,0,59,0,0,0,0,0
312317,Logan Rogerson,2023,ARM1,60368,False,16,6,4,195,0,0,0,0,0
312317,Logan Rogerson,2022,FS,9171,True,6,0,0,0,0,0,0,0,0
312317,Logan Rogerson,2022,FIS,1225,False,1,1,0,25,0,0,0,0,0
312317,Logan Rogerson,2022,FIL,1225,False,5,4,0,360,1,0,0,0,1
312317,Logan Rogerson,2022,FI1,1225,False,22,22,0,1646,2,3,28,10,1
312317,Logan Rogerson,2022,F1CC,1225,False,5,3,0,249,0,1,5,1,0
312317,Logan Rogerson,2021,WMQ5,9171,True,5,4,0,190,1,1,0,0,0
312317,Logan Rogerson,2021,POWM,9171,True,1,0,0,0,0,0,0,0,0
312317,Logan Rogerson,2021,FS,9171,True,6,2,0,109,0,0,0,0,0
312317,Logan Rogerson,2021,FIS,1225,False,4,3,0,251,2,1,0,0,0
312317,Logan Rogerson,2021,FIL,1225,False,5,4,0,214,0,1,0,0,0
312317,Logan Rogerson,2021,FI1,1225,False,22,22,0,1579,4,7,0,0,0
312317,Logan Rogerson,2021,F1CL,1225,False,5,5,0,436,0,2,0,0,2
312317,Logan Rogerson,2021,F1CE,1225,False,2,2,0,180,0,2,0,0,0
312317,Logan Rogerson,2021,ELQ,1008,False,1,0,0,0,0,0,0,0,0
312317,Logan Rogerson,2021,CLQ,1008,False,4,0,0,0,0,0,0,0,0
312317,Logan Rogerson,2020,NZLP,11391,False,1,1,0,90,0,1,0,0,0
312317,Logan Rogerson,2020,NZL1,11391,False,14,12,0,986,8,6,0,0,0
312317,Logan Rogerson,2020,FIS,1008,False,3,0,0,0,0,0,0,0,0
312317,Logan Rogerson,2020,FI2,11131,False,14,3,0,81,1,0,0,0,0
312317,Logan Rogerson,2020,FI1,1225,False,8,8,0,412,1,1,0,0,0
312317,Logan Rogerson,2020,FI1,1008,False,15,0,0,0,0,0,0,0,0
312317,Logan Rogerson,2020,F1CC,1225,False,5,4,0,339,0,1,0,0,0
312317,Logan Rogerson,2019,OCL,11391,False,3,3,0,172,1,2,0,0,0
312317,Logan Rogerson,2019,NZL1,11391,False,16,13,0,739,2,5,0,0,1
312317,Logan Rogerson,2019,FS,9171,True,2,0,0,0,0,0,0,0,0
312317,Logan Rogerson,2019,FS,32207,True,5,5,0,345,7,0,0,0,1
312317,Logan Rogerson,2019,23OF,32207,True,5,5,0,347,4,3,0,0,0
312317,Logan Rogerson,2018,TFVP,113,False,4,0,1,0,0,0,0,0,0
312317,Logan Rogerson,2018,OBLG,7081,False,17,7,5,498,1,1,0,0,0
312317,Logan Rogerson,2018,L3,113,False,38,2,17,55,0,0,1,0,0
312317,Logan Rogerson,2018,DFB,113,False,1,0,0,0,0,0,0,0,0
312317,Logan Rogerson,2017,TRIN,9171,True,3,0,0,0,0,0,0,0,0
312317,Logan Rogerson,2017,POWM,9171,True,2,0,0,0,0,0,0,0,0
312317,Logan Rogerson,2017,NZL1,30746,False,17,11,0,923,5,3,0,0,4
312317,Logan Rogerson,2017,FS,9171,True,2,0,0,0,0,0,0,0,0
312317,Logan Rogerson,2017,AUS1,8445,False,27,8,0,129,2,0,0,0,0
312317,Logan Rogerson,2016,OF19,27263,True,5,5,0,407,0,2,0,0,1
312317,Logan Rogerson,2016,NZL1,30746,False,18,16,0,1349,3,4,0,0,3
312317,Logan Rogerson,2016,FS,9171,True,4,0,0,0,0,0,0,0,0
312317,Logan Rogerson,2016,CONC,9171,True,3,0,0,0,0,0,0,0,0
312317,Logan Rogerson,2016,AUS1,8445,False,27,3,0,25,0,1,0,0,0
312317,Logan Rogerson,2016,20WC,27263,True,4,4,0,223,0,0,0,0,0
312317,Logan Rogerson,2015,WMQ5,9171,True,11,2,0,32,0,0,0,0,0
312317,Logan Rogerson,2015,NZL1,30746,False,11,11,0,732,3,5,0,0,0
312317,Logan Rogerson,2015,FS,9171,True,2,1,0,23,0,0,0,0,0
312317,Logan Rogerson,2015,AUS1,8445,False,27,0,0,0,0,0,0,0,0
312317,Logan Rogerson,2015,23OF,32207,True,4,4,0,144,3,0,0,0,1
312317,Logan Rogerson,2014,OC24,25510,True,7,6,0,418,11,5,0,0,0
312317,Logan Rogerson,2014,NZL1,39909,False,14,3,0,70,0,0,0,0,0
312317,Logan Rogerson,2014,17WC,25510,True,4,4,0,360,0,1,0,0,1
312317,Logan Rogerson,2013,NZL1,39909,False,1,1,0,1,0,0,0,0,0
1289282,Van Fitzharris,2025,OFPL,118373,False,13,4,0,129,0,0,0,0,0
1289282,Van Fitzharris,2025,NNL1,122890,False,5,5,0,322,1,1,0,0,1
1289282,Van Fitzharris,2025,AUSF,118373,False,4,1,0,1,0,0,0,0,0
1289282,Van Fitzharris,2025,AUS1,118373,False,9,2,0,48,0,0,0,0,0
1289282,Van Fitzharris,2024,OC24,25510,True,5,0,0,0,0,0,0,0,0
1289282,Van Fitzharris,2024,NZP1,26271,False,2,0,0,0,0,0,0,0,0
1289282,Van Fitzharris,2024,NZNL,122890,False,10,5,0,221,2,0,0,0,0
1289282,Van Fitzharris,2024,NNL1,26271,False,22,21,0,1650,1,1,0,0,0
1289282,Van Fitzharris,2024,FYS1,25510,True,3,0,0,0,0,0,0,0,0
1289282,Van Fitzharris,2024,17WC,25510,True,3,2,0,151,0,0,1,0,1
1289282,Van Fitzharris,2023,OC24,25510,True,5,4,0,293,2,4,0,0,0
1289282,Van Fitzharris,2023,NZP1,26271,False,1,0,0,0,0,0,0,0,0
1289282,Van Fitzharris,2023,NNL1,26271,False,8,1,0,8,0,0,0,0,0
351691,Sam Cosgrove,2025,OFPL,118373,False,19,0,0,0,0,0,0,0,0
351691,Sam Cosgrove,2025,AUSF,118373,False,4,4,0,321,1,0,3,1,2
351691,Sam Cosgrove,2025,AUS1,118373,False,26,25,1,1941,11,4,69,30,6
351691,Sam Cosgrove,2024,POG3,1098,False,2,0,0,0,0,0,0,0,0
351691,Sam Cosgrove,2024,GBFL,349,False,3,0,0,0,0,0,0,0,0
351691,Sam Cosgrove,2024,GB3,349,False,29,19,0,816,1,2,23,6,3
351691,Sam Cosgrove,2024,GB3,1098,False,17,7,0,118,0,0,3,1,0
351691,Sam Cosgrove,2024,FFAC,118373,False,2,2,0,61,0,0,1,1,0
351691,Sam Cosgrove,2024,FAC,349,False,2,1,0,30,0,0,3,2,0
351691,Sam Cosgrove,2024,CGB,349,False,3,2,0,91,0,0,2,1,0
351691,Sam Cosgrove,2023,POG3,349,False,2,2,0,114,3,0,3,3,0
351691,Sam Cosgrove,2023,GBFL,349,False,4,3,0,194,0,1,5,1,0
351691,Sam Cosgrove,2023,GB3,349,False,41,32,0,1191,3,3,46,7,5
351691,Sam Cosgrove,2023,GB2,337,False,4,0,0,0,0,0,0,0,0
351691,Sam Cosgrove,2023,FAC,349,False,2,1,0,19,0,0,3,1,0
351691,Sam Cosgrove,2023,CGB,337,False,2,2,0,33,0,0,3,0,1
351691,Sam Cosgrove,2022,GBFL,2262,False,7,6,0,340,4,0,17,7,3
351691,Sam Cosgrove,2022,GB3,2262,False,40,33,0,1310,8,2,44,16,6
351691,Sam Cosgrove,2022,GB2,337,False,7,2,0,33,0,0,2,1,0
351691,Sam Cosgrove,2022,FAC,2262,False,1,1,0,45,0,0,0,0,0
351691,Sam Cosgrove,2022,CGB,337,False,1,1,0,28,0,0,0,0,0
351691,Sam Cosgrove,2021,GBFL,3054,False,3,2,0,164,0,1,1,1,0
351691,Sam Cosgrove,2021,GB3,3884,False,19,15,0,1081,1,0,26,7,2
351691,Sam Cosgrove,2021,GB3,3054,False,28,17,0,780,2,0,11,4,2
351691,Sam Cosgrove,2021,GB2,337,False,2,0,0,0,0,0,0,0,0
351691,Sam Cosgrove,2021,FAC,3054,False,3,2,0,9,0,1,0,0,0
351691,Sam Cosgrove,2021,CGB,337,False,1,0,0,0,0,0,0,0,0
351691,Sam Cosgrove,2021,CGB,3054,False,1,1,0,72,0,0,1,0,0
351691,Sam Cosgrove,2020,SCP,370,False,1,1,0,45,0,1,2,0,0
351691,Sam Cosgrove,2020,SC1,370,False,25,14,9,853,3,0,20,10,1
351691,Sam Cosgrove,2020,GB2,337,False,20,12,0,230,0,0,2,0,0
351691,Sam Cosgrove,2020,ELQ,370,False,3,0,3,0,0,0,0,0,0
351691,Sam Cosgrove,2019,SFA,370,False,5,5,0,330,3,0,14,7,1
351691,Sam Cosgrove,2019,SCP,370,False,2,2,0,240,3,0,9,3,1
351691,Sam Cosgrove,2019,SC1,370,False,30,25,5,1964,11,2,68,28,4
351691,Sam Cosgrove,2019,ELQ,370,False,6,6,0,471,6,0,28,10,3
351691,Sam Cosgrove,2018,SFA,370,False,6,5,1,439,4,1,16,7,2
351691,Sam Cosgrove,2018,SCPM,370,False,5,5,0,374,1,0,0,0,2
351691,Sam Cosgrove,2018,SCP,370,False,4,2,0,158,0,0,1,1,1
351691,Sam Cosgrove,2018,SC1,370,False,33,30,0,2046,16,3,58,27,4
351691,Sam Cosgrove,2018,ELQ,370,False,2,2,0,176,0,1,3,0,0
351691,Sam Cosgrove,2017,SFA,370,False,4,1,1,11,0,0,0,0,0
351691,Sam Cosgrove,2017,SCPM,370,False,5,4,0,318,0,1,0,0,1
351691,Sam Cosgrove,2017,SC1,370,False,9,1,1,8,0,0,0,0,0
351691,Sam Cosgrove,2017,GBFL,1220,False,3,2,0,154,0,0,0,0,0
351691,Sam Cosgrove,2017,GB4,1220,False,29,8,0,315,1,0,0,0,0
351691,Sam Cosgrove,2017,FAC,1220,False,5,1,0,78,0,0,0,0,1
351691,Sam Cosgrove,2017,CGB,1220,False,2,1,0,30,0,0,0,0,0
351691,Sam Cosgrove,2016,GB2,1071,False,25,0,0,0,0,0,0,0,0
351691,Sam Cosgrove,2016,FAC,1071,False,1,0,0,0,0,0,0,0,0
351691,Sam Cosgrove,2016,CNAT,22675,False,17,14,0,426,0,1,0,0,1
351691,Sam Cosgrove,2016,CGB,1071,False,1,1,0,3,0,0,0,0,0
351691,Sam Cosgrove,2016,21PL,9268,False,1,0,0,0,0,0,0,0,0
351691,Sam Cosgrove,2015,NLN6,13286,False,4,1,0,21,0,0,0,0,0
351691,Sam Cosgrove,2015,CNAT,6168,False,7,5,0,104,0,0,0,0,0
351691,Sam Cosgrove,2015,21PL,9268,False,1,0,0,0,0,0,0,0,0
351691,Sam Cosgrove,2014,GB2,1071,False,22,0,0,0,0,0,0,0,0
351691,Sam Cosgrove,2014,FAC,1071,False,1,0,0,0,0,0,0,0,0
1016716,Jonty Bidois,2025,OFPL,118373,False,19,4,0,232,1,1,0,0,0
1016716,Jonty Bidois,2025,AUSF,118373,False,4,0,0,0,0,0,0,0,0
1016716,Jonty Bidois,2025,AUS1,118373,False,26,10,0,112,0,0,9,2,1
1016716,Jonty Bidois,2024,NZP1,122890,False,1,0,0,0,0,0,0,0,0
1016716,Jonty Bidois,2024,NZNL,122890,False,10,7,0,545,4,0,0,0,0
1016716,Jonty Bidois,2024,NNL1,122890,False,22,14,0,1186,4,1,0,0,1
1016716,Jonty Bidois,2024,FFAC,118373,False,4,0,0,0,0,0,0,0,0
1016716,Jonty Bidois,2024,AUSF,118373,False,2,0,0,0,0,0,0,0,0
1016716,Jonty Bidois,2024,AUS1,118373,False,26,3,0,10,0,0,0,0,0
1016716,Jonty Bidois,2023,NZP1,26271,False,2,1,0,90,0,0,0,0,0
1016716,Jonty Bidois,2023,NNL1,26271,False,14,14,0,1235,12,1,0,0,1
1016716,Jonty Bidois,2022,NZNL,28545,False,8,4,0,142,0,0,0,0,0
1169835,Oscar Faulds,2025,SEC,78287,False,1,1,0,25,0,0,0,0,0
1169835,Oscar Faulds,2025,OFPL,118373,False,19,12,0,574,3,0,0,0,1
1169835,Oscar Faulds,2025,LUX1,48712,False,1,0,0,0,0,0,0,0,0
1169835,Oscar Faulds,2025,AUSF,118373,False,4,0,0,0,0,0,0,0,0
1169835,Oscar Faulds,2025,AUS1,118373,False,14,0,14,0,0,0,0,0,0
1169835,Oscar Faulds,2024,SE3N,78287,False,14,8,0,337,2,1,0,0,1
1169835,Oscar Faulds,2024,LUXP,48712,False,2,0,0,0,0,0,0,0,0
1169835,Oscar Faulds,2024,LUX1,48712,False,15,11,0,257,2,0,0,0,0
1169835,Oscar Faulds,2023,NZP1,26267,False,4,3,0,172,2,0,0,0,0
1169835,Oscar Faulds,2023,NZNL,26267,False,9,9,0,689,6,3,0,0,0
1169835,Oscar Faulds,2023,NCL1,26267,False,18,14,0,1245,21,2,0,0,0
1169835,Oscar Faulds,2022,SEC,17842,False,2,0,0,0,0,0,0,0,0
1169835,Oscar Faulds,2021,SEC,1092,False,1,0,0,0,0,0,0,0,0
1169835,Oscar Faulds,2020,SEC,1092,False,2,1,0,25,0,0,0,0,0
1169835,Oscar Faulds,2020,SE3N,1092,False,13,0,0,0,0,0,0,0,0
1169835,Oscar Faulds,2019,SE3N,1092,False,18,0,0,0,0,0,0,0,0
1169835,Oscar Faulds,2019,RESU,1092,False,2,0,0,0,0,0,0,0,0
1169835,Oscar Faulds,2019,JUNO,8955,False,13,1,0,90,0,0,0,0,0
1490070,Bailey Ferguson,2025,OFPL,118373,False,19,6,0,289,3,0,0,0,1
1490070,Bailey Ferguson,2025,NNL1,122890,False,1,1,0,45,0,0,0,0,0
1490070,Bailey Ferguson,2025,AUSF,118373,False,4,0,0,0,0,0,0,0,0
1490070,Bailey Ferguson,2025,AUS1,118373,False,14,2,0,19,0,0,0,0,0
1000925,Ralph Rutherford,2025,OFPL,118373,False,19,0,19,0,0,0,0,0,0
1000925,Ralph Rutherford,2025,AUSF,118373,False,4,0,4,0,0,0,0,0,0
1000925,Ralph Rutherford,2025,AUS1,118373,False,17,0,14,0,0,0,0,0,0
1000925,Ralph Rutherford,2024,NZP1,122890,False,1,1,0,120,0,0,0,0,0
1000925,Ralph Rutherford,2024,NZNL,122890,False,10,8,0,437,1,0,0,0,0
1000925,Ralph Rutherford,2024,NNL1,122890,False,22,22,0,1546,8,7,0,0,0
1000925,Ralph Rutherford,2023,NZP1,31306,False,2,2,0,160,1,0,0,0,0
1000925,Ralph Rutherford,2023,NZNL,31306,False,9,9,0,621,0,2,0,0,0
1000925,Ralph Rutherford,2023,NNL1,31306,False,22,21,0,1446,0,6,0,0,1
1000925,Ralph Rutherford,2022,NZP1,31306,False,5,0,0,0,0,0,0,0,0
1000925,Ralph Rutherford,2022,NZNL,31306,False,9,4,0,88,0,0,0,0,0
1000925,Ralph Rutherford,2022,NNL1,31306,False,22,2,0,106,0,0,0,0,0
1000925,Ralph Rutherford,2021,NZP1,31306,False,6,1,0,28,0,0,0,0,0
1000925,Ralph Rutherford,2021,NNL1,31306,False,22,18,0,850,1,2,0,0,0
1045285,Aston Burns,2025,OFPL,118373,False,19,10,0,398,4,2,0,0,0
1045285,Aston Burns,2025,NNL1,122890,False,5,5,0,375,1,0,0,0,1
1045285,Aston Burns,2025,AUSF,118373,False,4,0,0,0,0,0,0,0,0
1045285,Aston Burns,2025,AUS1,118373,False,17,0,0,0,0,0,0,0,0
1045285,Aston Burns,2024,NZP1,52345,False,4,1,0,90,0,0,0,0,0
1045285,Aston Burns,2024,NZNL,122890,False,10,10,0,690,2,0,0,0,1
1045285,Aston Burns,2024,NNL1,52345,False,22,20,0,1717,5,0,0,0,3
1045285,Aston Burns,2024,FIC1,11391,False,1,0,0,0,0,0,0,0,0
1045285,Aston Burns,2023,NZP1,52345,False,2,0,0,0,0,0,0,0,0
1045285,Aston Burns,2023,NZNL,11391,False,9,0,0,0,0,0,0,0,0
1045285,Aston Burns,2023,NNLP,11391,False,1,0,0,0,0,0,0,0,0
1045285,Aston Burns,2021,NNL1,31306,False,1,0,0,0,0,0,0,0,0
1291443,Aaron Cartwright,2025,ACLE,25580,False,1,0,0,0,0,0,0,0,0
1291443,Aaron Cartwright,2025,A2VI,135665,False,22,13,0,559,1,0,0,0,1
1291443,Aaron Cartwright,2024,OC24,25510,True,5,0,0,0,0,0,0,0,0
1291443,Aaron Cartwright,2024,FYS1,25510,True,3,0,0,0,0,0,0,0,0
1291443,Aaron Cartwright,2024,FFAC,25580,False,1,1,0,19,0,0,0,0,0
1291443,Aaron Cartwright,2024,17WC,25510,True,3,3,0,270,0,1,8,2,0
1291443,Aaron Cartwright,2023,OC24,25510,True,5,4,0,300,7,4,0,0,0
877833,Harrison Devenish-Meares,2025,FFAC,8054,False,3,0,3,0,0,0,0,0,0
877833,Harrison Devenish-Meares,2025,AUSF,8054,False,4,4,0,390,0,0,0,0,0
877833,Harrison Devenish-Meares,2025,AUS1,8054,False,26,26,0,2340,0,0,0,0,2
877833,Harrison Devenish-Meares,2024,FFAC,8054,False,3,0,2,0,0,0,0,0,0
877833,Harrison Devenish-Meares,2024,AUS1,8054,False,26,20,1,1714,0,0,0,0,0
877833,Harrison Devenish-Meares,2024,ACL2,8054,False,12,9,0,840,0,0,0,0,1
877833,Harrison Devenish-Meares,2023,FFAC,8054,False,1,0,0,0,0,0,0,0,0
877833,Harrison Devenish-Meares,2023,A2SW,3746,False,22,15,0,1350,0,0,0,0,0
877833,Harrison Devenish-Meares,2022,ROMP,37227,False,1,1,0,90,0,0,0,0,0
877833,Harrison Devenish-Meares,2022,RO3F,37227,False,4,4,0,360,0,0,0,0,0
877833,Harrison Devenish-Meares,2022,A2SW,3746,False,4,4,0,360,0,0,0,0,0
877833,Harrison Devenish-Meares,2021,ROMP,39835,False,4,1,0,90,0,0,0,0,0
877833,Harrison Devenish-Meares,2021,RO2,39835,False,19,2,0,180,0,0,0,0,0
877833,Harrison Devenish-Meares,2021,R2AO,39835,False,8,2,0,180,0,0,0,0,1
877833,Harrison Devenish-Meares,2020,RO2,455,False,6,0,0,0,0,0,0,0,0
877833,Harrison Devenish-Meares,2020,R2AP,455,False,10,0,0,0,0,0,0,0,0
877833,Harrison Devenish-Meares,2018,NCD1,25054,False,1,1,0,90,0,0,0,0,0
1109829,Gus Hoefsloot,2025,FFAC,8054,False,3,3,0,270,0,0,0,0,0
1109829,Gus Hoefsloot,2025,AUSF,8054,False,4,0,0,0,0,0,0,0,0
1109829,Gus Hoefsloot,2025,AUS1,8054,False,26,0,11,0,0,0,0,0,0
1109829,Gus Hoefsloot,2025,A2SW,19820,False,13,8,0,720,0,0,0,0,0
1109829,Gus Hoefsloot,2024,FS,22976,True,4,1,0,90,0,0,0,0,0
1109829,Gus Hoefsloot,2024,FFAC,8054,False,3,3,0,300,0,0,0,0,0
1109829,Gus Hoefsloot,2024,AUS1,8054,False,26,0,3,0,0,0,0,0,0
1109829,Gus Hoefsloot,2024,ACL2,8054,False,12,0,0,0,0,0,0,0,0
1109829,Gus Hoefsloot,2024,A920,22976,True,6,0,0,0,0,0,0,0,0
1109829,Gus Hoefsloot,2024,A2SW,19820,False,19,15,0,1350,0,0,0,0,1
1109829,Gus Hoefsloot,2023,FFAC,8054,False,1,0,0,0,0,0,0,0,0
1109829,Gus Hoefsloot,2023,AUSF,8054,False,3,0,3,0,0,0,0,0,0
1109829,Gus Hoefsloot,2023,AUS1,8054,False,27,0,10,0,0,0,0,0,0
1109829,Gus Hoefsloot,2023,A2SW,19820,False,30,6,23,540,0,0,0,0,0
1109829,Gus Hoefsloot,2022,FFAC,8054,False,5,0,0,0,0,0,0,0,0
1109829,Gus Hoefsloot,2022,A2SW,19820,False,27,2,0,171,0,0,0,0,0
1109829,Gus Hoefsloot,2022,A169,32269,True,3,0,0,0,0,0,0,0,0
1109829,Gus Hoefsloot,2021,AF16,66880,True,3,1,0,90,0,0,0,0,0
1109829,Gus Hoefsloot,2021,A2SW,19820,False,16,1,0,90,0,0,0,0,0
691325,Jordan Courtney-Perkins,2025,FFAC,8054,False,3,3,0,270,0,1,1,0,2
691325,Jordan Courtney-Perkins,2025,AUSF,8054,False,4,4,0,390,0,0,3,0,0
691325,Jordan Courtney-Perkins,2025,AUS1,8054,False,26,10,0,445,0,0,1,0,2
691325,Jordan Courtney-Perkins,2024,FFAC,8054,False,3,2,0,180,0,0,0,0,0
691325,Jordan Courtney-Perkins,2024,AUS1,8054,False,26,24,0,1896,4,1,17,7,6
691325,Jordan Courtney-Perkins,2024,ACL2,8054,False,12,11,0,1015,0,0,5,1,0
691325,Jordan Courtney-Perkins,2023,W23C,32270,True,3,1,0,120,0,0,0,0,0
691325,Jordan Courtney-Perkins,2023,PLSC,9644,False,1,0,0,0,0,0,0,0,0
691325,Jordan Courtney-Perkins,2023,PL33,41149,False,3,3,0,270,0,0,0,0,1
691325,Jordan Courtney-Perkins,2023,PL1,9644,False,5,0,0,0,0,0,0,0,0
691325,Jordan Courtney-Perkins,2023,FS,32270,True,2,1,0,90,0,0,0,0,0
691325,Jordan Courtney-Perkins,2023,FFAC,8054,False,1,1,0,90,0,0,0,0,0
691325,Jordan Courtney-Perkins,2023,CLQ,9644,False,8,0,0,0,0,0,0,0,0
691325,Jordan Courtney-Perkins,2023,AUSF,8054,False,3,3,0,205,0,1,1,0,0
691325,Jordan Courtney-Perkins,2023,AUS1,8054,False,27,23,2,1399,3,1,13,8,2
691325,Jordan Courtney-Perkins,2023,A23Q,32270,True,2,2,0,125,0,0,0,0,0
691325,Jordan Courtney-Perkins,2023,23AF,32270,True,3,3,0,241,0,0,4,0,0
691325,Jordan Courtney-Perkins,2022,PLSC,9644,False,1,0,0,0,0,0,0,0,0
691325,Jordan Courtney-Perkins,2022,PL33,41149,False,1,1,0,76,0,1,0,0,0
691325,Jordan Courtney-Perkins,2022,PL1,9644,False,8,0,0,0,0,0,0,0,0
691325,Jordan Courtney-Perkins,2022,FS,32270,True,5,3,0,204,0,0,0,0,0
691325,Jordan Courtney-Perkins,2022,FFAC,8054,False,3,2,0,71,0,0,0,0,0
691325,Jordan Courtney-Perkins,2022,ECLQ,9644,False,6,0,0,0,0,0,0,0,0
691325,Jordan Courtney-Perkins,2022,AUS1,7831,False,26,25,1,1945,1,1,10,3,5
691325,Jordan Courtney-Perkins,2021,POPU,9644,False,3,1,0,3,0,0,0,0,0
691325,Jordan Courtney-Perkins,2021,PL1,9644,False,18,2,0,91,0,0,0,0,1
691325,Jordan Courtney-Perkins,2021,PL1,7146,False,15,5,0,78,0,0,0,0,0
691325,Jordan Courtney-Perkins,2021,ECLQ,9644,False,5,0,0,0,0,0,0,0,0
691325,Jordan Courtney-Perkins,2021,A23Q,32270,True,2,2,0,180,0,0,0,0,0
691325,Jordan Courtney-Perkins,2021,23AF,32270,True,6,5,0,409,0,0,0,0,1
691325,Jordan Courtney-Perkins,2020,AUSF,7831,False,1,0,0,0,0,0,0,0,0
691325,Jordan Courtney-Perkins,2020,AUS1,7831,False,26,8,0,432,0,0,4,0,0
691325,Jordan Courtney-Perkins,2019,FS,32269,True,2,1,0,90,0,0,0,0,0
691325,Jordan Courtney-Perkins,2019,AUSF,7831,False,1,0,0,0,0,0,0,0,0
691325,Jordan Courtney-Perkins,2019,AUS1,7831,False,26,7,0,412,0,0,1,1,0
691325,Jordan Courtney-Perkins,2018,FFAC,7831,False,2,2,0,210,0,0,0,0,0
691325,Jordan Courtney-Perkins,2018,17WC,32269,True,4,4,0,360,0,0,2,1,0
691325,Jordan Courtney-Perkins,2017,A168,66880,True,5,5,0,450,0,0,0,0,1
904309,Alexandar Popovic,2025,FFAC,8054,False,3,3,0,270,0,0,0,0,0
904309,Alexandar Popovic,2025,AUSF,8054,False,4,4,0,390,0,0,3,1,0
904309,Alexandar Popovic,2025,AUS1,8054,False,26,18,0,1052,3,0,6,3,2
904309,Alexandar Popovic,2024,FFAC,8054,False,3,3,0,300,0,0,3,0,0
904309,Alexandar Popovic,2024,AUS1,8054,False,25,16,8,1330,0,0,2,0,3
904309,Alexandar Popovic,2024,ACLE,30925,False,1,0,0,0,0,0,0,0,0
904309,Alexandar Popovic,2024,ACL2,8054,False,12,7,4,485,0,0,3,1,3
904309,Alexandar Popovic,2023,W23C,32270,True,2,1,0,120,0,0,0,0,1
904309,Alexandar Popovic,2023,RSK1,30925,False,30,10,1,812,0,0,3,1,1
904309,Alexandar Popovic,2023,RKPO,30925,False,4,2,0,126,0,0,0,0,1
904309,Alexandar Popovic,2023,AUS1,875,False,14,12,0,1029,1,0,8,3,2
904309,Alexandar Popovic,2023,23AF,32270,True,3,3,0,241,0,0,0,0,1
904309,Alexandar Popovic,2022,FS,32270,True,1,0,0,0,0,0,0,0,0
904309,Alexandar Popovic,2022,FFAC,875,False,2,2,0,144,0,0,2,0,1
904309,Alexandar Popovic,2022,AUSF,875,False,3,1,0,90,0,0,0,0,1
904309,Alexandar Popovic,2022,AUS1,875,False,26,17,1,1470,1,0,9,4,6
904309,Alexandar Popovic,2021,FFAC,875,False,3,3,0,300,0,0,0,0,0
904309,Alexandar Popovic,2021,AUSF,875,False,3,3,0,300,0,1,0,0,0
904309,Alexandar Popovic,2021,AUS1,875,False,26,7,0,568,0,1,2,2,3
904309,Alexandar Popovic,2020,FFAC,875,False,3,0,0,0,0,0,0,0,0
904309,Alexandar Popovic,2017,A168,66880,True,5,1,0,90,0,0,0,0,0
187359,Ben Garuccio,2025,FFAC,8054,False,3,3,0,270,1,1,3,1,0
187359,Ben Garuccio,2025,AUSF,8054,False,4,4,0,390,0,0,0,0,0
187359,Ben Garuccio,2025,AUS1,8054,False,26,20,5,1716,1,3,16,5,2
187359,Ben Garuccio,2024,FFAC,71084,False,1,0,0,0,0,0,0,0,0
187359,Ben Garuccio,2024,AUSF,71084,False,3,3,0,270,0,0,2,1,1
187359,Ben Garuccio,2024,AUS1,71084,False,26,15,10,1245,1,5,11,1,3
187359,Ben Garuccio,2023,FFAC,71084,False,1,1,0,90,0,0,2,0,0
187359,Ben Garuccio,2023,AUS1,71084,False,27,23,2,2033,3,1,26,12,4
187359,Ben Garuccio,2022,FFAC,71084,False,3,3,0,270,0,0,2,0,0
187359,Ben Garuccio,2022,AUS1,71084,False,26,18,6,1576,1,1,10,4,3
187359,Ben Garuccio,2021,FFAC,71084,False,2,2,0,210,0,1,3,1,0
187359,Ben Garuccio,2021,AUSF,71084,False,4,4,0,360,0,0,1,0,0
187359,Ben Garuccio,2021,AUS1,71084,False,26,24,0,2155,2,6,13,7,1
187359,Ben Garuccio,2020,SCP,43,False,3,0,0,0,0,0,0,0,0
187359,Ben Garuccio,2020,FFAC,71084,False,1,0,0,0,0,0,0,0,0
187359,Ben Garuccio,2020,AUSF,25580,False,2,1,0,21,0,0,0,0,1
187359,Ben Garuccio,2020,AUS1,25580,False,26,20,0,1008,0,0,12,3,2
187359,Ben Garuccio,2019,SFA,43,False,3,2,0,153,0,1,1,1,0
187359,Ben Garuccio,2019,SCP,43,False,7,0,7,0,0,0,0,0,0
187359,Ben Garuccio,2019,SC1,43,False,30,4,20,200,0,0,4,1,0
187359,Ben Garuccio,2018,SFA,43,False,6,3,2,270,0,1,1,1,0
187359,Ben Garuccio,2018,SCPM,43,False,5,0,5,0,0,0,0,0,0
187359,Ben Garuccio,2018,SCP,43,False,7,3,0,263,1,2,3,1,0
187359,Ben Garuccio,2018,SC1,43,False,33,17,3,1167,0,1,12,2,5
187359,Ben Garuccio,2017,AUSF,875,False,1,1,0,90,0,0,0,0,1
187359,Ben Garuccio,2017,AUS1,875,False,27,22,0,1885,1,0,0,0,4
187359,Ben Garuccio,2017,23AF,32270,True,3,2,0,148,0,0,0,0,0
187359,Ben Garuccio,2016,FFAC,875,False,4,1,0,120,0,0,0,0,0
187359,Ben Garuccio,2016,AUS1,875,False,27,27,0,2192,0,3,0,0,6
187359,Ben Garuccio,2016,AFCL,875,False,6,5,0,395,0,3,0,0,1
187359,Ben Garuccio,2015,AUSF,25580,False,2,2,0,136,0,0,0,0,1
187359,Ben Garuccio,2015,AUS1,25580,False,27,18,0,1294,1,2,0,0,5
187359,Ben Garuccio,2014,FFAC,25580,False,2,1,0,90,1,0,0,0,0
187359,Ben Garuccio,2014,AUSF,25580,False,2,0,0,0,0,0,0,0,0
187359,Ben Garuccio,2014,AUS1,25580,False,27,7,0,548,0,0,0,0,1
187359,Ben Garuccio,2013,AUS1,25580,False,27,12,0,621,0,0,0,0,2
187359,Ben Garuccio,2012,FS,22976,True,3,0,0,0,0,0,0,0,0
187359,Ben Garuccio,2012,AUS1,25580,False,27,5,0,289,0,0,0,0,0
187359,Ben Garuccio,2012,A192,39276,True,5,2,0,37,0,0,0,0,1
170463,Marcel Tisserand,2025,FFAC,8054,False,3,0,0,0,0,0,0,0,0
170463,Marcel Tisserand,2025,AUSF,8054,False,4,0,4,0,0,0,0,0,0
170463,Marcel Tisserand,2025,AUS1,8054,False,26,19,6,1404,2,1,16,7,3
170463,Marcel Tisserand,2024,SAKC,6070,False,1,1,0,120,0,0,0,0,0
170463,Marcel Tisserand,2024,SA1,6070,False,34,21,0,1824,0,0,6,0,3
170463,Marcel Tisserand,2024,FFAC,8054,False,1,0,0,0,0,0,0,0,0
170463,Marcel Tisserand,2023,SAKC,7732,False,2,2,0,149,0,0,0,0,0
170463,Marcel Tisserand,2023,SA1,7732,False,19,15,2,1305,0,0,10,6,2
170463,Marcel Tisserand,2023,SA1,40039,False,15,11,0,931,0,0,4,1,0
170463,Marcel Tisserand,2022,TR1,36,False,2,0,0,0,0,0,0,0,0
170463,Marcel Tisserand,2022,SAKC,7732,False,1,1,0,90,0,0,1,1,0
170463,Marcel Tisserand,2022,SA1,7732,False,30,27,0,2383,0,1,18,5,1
170463,Marcel Tisserand,2022,ELQ,36,False,3,0,2,0,0,0,0,0,0
170463,Marcel Tisserand,2022,CLQ,36,False,2,2,0,130,0,0,0,0,0
170463,Marcel Tisserand,2021,UCOL,36,False,2,2,0,126,0,0,0,0,0
170463,Marcel Tisserand,2021,TRP,36,False,2,1,0,120,0,0,0,0,0
170463,Marcel Tisserand,2021,TR1,36,False,38,19,7,1373,0,0,4,2,4
170463,Marcel Tisserand,2021,FS,3854,True,1,1,0,90,0,0,0,0,0
170463,Marcel Tisserand,2021,ELQ,36,False,2,2,0,180,0,0,0,0,0
170463,Marcel Tisserand,2021,EL,36,False,6,3,2,253,0,0,3,1,0
170463,Marcel Tisserand,2021,AFCQ,3854,True,2,2,0,180,0,0,3,1,0
170463,Marcel Tisserand,2020,TRP,36,False,4,0,1,0,0,0,0,0,0
170463,Marcel Tisserand,2020,TR1,36,False,39,25,4,1937,1,1,11,4,3
170463,Marcel Tisserand,2020,FS,3854,True,4,4,0,306,0,0,0,0,0
170463,Marcel Tisserand,2020,DFB,82,False,1,0,0,0,0,0,0,0,0
170463,Marcel Tisserand,2020,CHAN,3854,True,4,0,3,0,0,0,0,0,0
170463,Marcel Tisserand,2019,WMQ2,3854,True,8,3,4,270,0,0,0,0,1
170463,Marcel Tisserand,2019,L1,82,False,34,15,1,1205,1,1,8,2,7
170463,Marcel Tisserand,2019,FS,3854,True,3,0,0,0,0,0,0,0,0
170463,Marcel Tisserand,2019,EL,82,False,10,7,0,610,0,1,4,1,0
170463,Marcel Tisserand,2019,DFB,82,False,2,1,1,90,0,0,1,0,0
170463,Marcel Tisserand,2019,AFCQ,3854,True,6,5,0,450,0,0,0,0,0
170463,Marcel Tisserand,2018,RLN3,143,False,1,1,0,90,0,0,0,0,0
170463,Marcel Tisserand,2018,PLIC,143,False,1,1,0,90,0,0,0,0,1
170463,Marcel Tisserand,2018,L1,82,False,34,10,3,888,1,0,10,2,2
170463,Marcel Tisserand,2018,FS,3854,True,2,1,0,90,0,0,0,0,0
170463,Marcel Tisserand,2018,DFB,82,False,3,1,1,90,0,0,0,0,0
170463,Marcel Tisserand,2018,AFCN,3854,True,4,4,0,390,0,0,2,1,0
170463,Marcel Tisserand,2017,L2,4795,False,3,0,1,0,0,0,0,0,0
170463,Marcel Tisserand,2017,L1PO,82,False,2,0,2,0,0,0,0,0,0
170463,Marcel Tisserand,2017,L1,82,False,33,16,15,1248,0,1,0,0,4
170463,Marcel Tisserand,2017,FS,3854,True,2,0,2,0,0,0,0,0,0
170463,Marcel Tisserand,2017,DFB,82,False,3,3,0,271,0,0,0,0,1
170463,Marcel Tisserand,2017,DFB,4795,False,1,0,1,0,0,0,0,0,0
170463,Marcel Tisserand,2017,AFCQ,3854,True,6,4,1,315,0,0,0,0,0
170463,Marcel Tisserand,2016,WMQ2,3854,True,6,4,0,360,0,0,0,0,0
170463,Marcel Tisserand,2016,L1,4795,False,33,28,2,2389,0,2,0,0,9
170463,Marcel Tisserand,2016,FS,3854,True,2,1,0,90,0,0,0,0,0
170463,Marcel Tisserand,2016,FR1,162,False,3,1,0,90,0,0,1,0,1
170463,Marcel Tisserand,2016,DFB,4795,False,1,0,0,0,0,0,0,0,0
170463,Marcel Tisserand,2016,CLQ,162,False,4,0,0,0,0,0,0,0,0
170463,Marcel Tisserand,2016,AFCN,3854,True,4,4,0,360,0,1,0,0,1
170463,Marcel Tisserand,2015,FS,3854,True,1,1,0,90,0,0,0,0,0
170463,Marcel Tisserand,2015,FRL,415,False,4,2,0,180,0,0,0,0,0
170463,Marcel Tisserand,2015,FRC,415,False,2,1,0,90,0,0,0,0,0
170463,Marcel Tisserand,2015,FR1,415,False,38,33,0,2874,1,0,10,2,6
170463,Marcel Tisserand,2015,AFCQ,3854,True,2,1,0,90,0,0,0,0,0
170463,Marcel Tisserand,2014,FRL,415,False,1,0,0,0,0,0,0,0,0
170463,Marcel Tisserand,2014,FRC,415,False,1,1,0,90,0,0,0,0,0
170463,Marcel Tisserand,2014,FR5H,9371,False,1,1,0,83,0,0,0,0,0
170463,Marcel Tisserand,2014,FR1,415,False,38,21,0,1431,0,1,3,0,4
170463,Marcel Tisserand,2013,FRL,162,False,1,0,0,0,0,0,0,0,0
170463,Marcel Tisserand,2013,FRC,826,False,3,1,0,90,0,0,0,0,1
170463,Marcel Tisserand,2013,FRC,162,False,1,0,0,0,0,0,0,0,0
170463,Marcel Tisserand,2013,FR4C,9668,False,1,1,0,90,0,0,0,0,0
170463,Marcel Tisserand,2013,FR2,826,False,18,12,0,996,1,2,0,0,3
170463,Marcel Tisserand,2013,FR1,162,False,21,6,0,178,0,0,0,0,0
170463,Marcel Tisserand,2012,FS,37488,True,1,1,0,80,0,0,0,0,0
170463,Marcel Tisserand,2012,FR4C,9668,False,34,29,0,2456,3,0,0,0,7
170463,Marcel Tisserand,2011,FR4C,9668,False,34,13,0,889,1,0,0,0,2
170463,Marcel Tisserand,2010,FRYC,9669,False,1,0,0,0,0,0,0,0,0
170463,Marcel Tisserand,2010,FR4C,9668,False,3,2,0,14,0,0,0,0,0
108108,Rhyan Grant,2025,FFAC,8054,False,3,3,0,256,0,0,1,0,1
108108,Rhyan Grant,2025,AUSF,8054,False,4,4,0,390,0,0,1,0,0
108108,Rhyan Grant,2025,AUS1,8054,False,26,26,0,2340,0,1,16,2,5
108108,Rhyan Grant,2024,FFAC,8054,False,3,3,0,300,0,0,1,0,1
108108,Rhyan Grant,2024,AUS1,8054,False,26,25,1,2200,1,4,17,6,6
108108,Rhyan Grant,2024,ACL2,8054,False,12,11,0,1017,1,4,10,2,2
108108,Rhyan Grant,2023,WMQ1,3433,True,12,0,0,0,0,0,0,0,0
108108,Rhyan Grant,2023,FS,3433,True,4,0,0,0,0,0,0,0,0
108108,Rhyan Grant,2023,FFAC,8054,False,1,1,0,90,0,0,0,0,0
108108,Rhyan Grant,2023,AUSF,8054,False,3,3,0,270,0,0,0,0,0
108108,Rhyan Grant,2023,AUS1,8054,False,27,26,1,2292,3,2,20,7,2
108108,Rhyan Grant,2022,FS,3433,True,5,0,0,0,0,0,0,0,0
108108,Rhyan Grant,2022,FFAC,8054,False,5,3,0,149,0,0,0,0,0
108108,Rhyan Grant,2022,AUSF,8054,False,3,3,0,270,0,0,2,1,2
108108,Rhyan Grant,2022,AUS1,8054,False,26,25,1,2176,2,2,16,7,5
108108,Rhyan Grant,2022,AFAC,3433,True,5,0,0,0,0,0,0,0,0
108108,Rhyan Grant,2021,POWM,3433,True,1,0,0,0,0,0,0,0,0
108108,Rhyan Grant,2021,FS,3433,True,1,0,0,0,0,0,0,0,0
108108,Rhyan Grant,2021,FIWC,3433,True,4,0,0,0,0,0,0,0,0
108108,Rhyan Grant,2021,FFAC,8054,False,3,3,0,300,0,0,2,0,1
108108,Rhyan Grant,2021,AUS1,8054,False,26,21,0,1740,1,3,8,3,4
108108,Rhyan Grant,2021,AFCL,8054,False,6,4,2,360,0,1,1,0,0
108108,Rhyan Grant,2021,ACLQ,8054,False,1,1,0,90,0,1,2,0,0
108108,Rhyan Grant,2020,FFAC,8054,False,4,3,0,225,0,1,0,0,0
108108,Rhyan Grant,2020,AUSF,8054,False,2,0,0,0,0,0,0,0,0
108108,Rhyan Grant,2020,AUS1,8054,False,26,23,0,2063,1,1,19,5,5
108108,Rhyan Grant,2019,WMQ1,3433,True,19,13,0,1064,1,3,3,1,1
108108,Rhyan Grant,2019,AUSF,8054,False,2,2,0,210,1,0,1,1,1
108108,Rhyan Grant,2019,AUS1,8054,False,26,20,0,1660,1,4,16,5,2
108108,Rhyan Grant,2019,AFCL,8054,False,6,6,0,503,0,1,1,1,0
108108,Rhyan Grant,2018,FS,3433,True,3,3,0,270,0,0,0,0,0
108108,Rhyan Grant,2018,FFAC,8054,False,1,1,0,90,0,0,0,0,0
108108,Rhyan Grant,2018,AUSF,8054,False,2,2,0,191,0,0,2,2,2
108108,Rhyan Grant,2018,AUS1,8054,False,27,20,0,1783,0,2,16,3,5
108108,Rhyan Grant,2018,AFCL,8054,False,6,4,0,360,0,0,0,0,0
108108,Rhyan Grant,2018,AFAC,3433,True,5,5,0,435,0,0,4,1,1
108108,Rhyan Grant,2017,FFAC,8054,False,5,4,0,358,0,0,1,0,0
108108,Rhyan Grant,2017,AUSF,8054,False,1,0,0,0,0,0,0,0,0
108108,Rhyan Grant,2017,AUS1,8054,False,27,0,0,0,0,0,0,0,0
108108,Rhyan Grant,2017,AFCL,8054,False,6,0,0,0,0,0,0,0,0
108108,Rhyan Grant,2016,WMQ1,3433,True,2,0,0,0,0,0,0,0,0
108108,Rhyan Grant,2016,FFAC,8054,False,4,0,0,0,0,0,0,0,0
108108,Rhyan Grant,2016,AUSF,8054,False,2,2,0,210,1,0,0,0,0
108108,Rhyan Grant,2016,AUS1,8054,False,27,25,0,2250,2,5,0,0,8
108108,Rhyan Grant,2015,FFAC,8054,False,3,1,0,90,0,0,0,0,0
108108,Rhyan Grant,2015,AUS1,8054,False,27,24,0,2082,0,0,0,0,5
108108,Rhyan Grant,2015,AFCL,8054,False,8,6,0,540,1,0,0,0,1
108108,Rhyan Grant,2014,AUSF,8054,False,2,2,0,85,0,0,0,0,1
108108,Rhyan Grant,2014,AUS1,8054,False,27,18,0,1042,1,1,0,0,3
108108,Rhyan Grant,2013,FFAC,8054,False,1,0,0,0,0,0,0,0,0
108108,Rhyan Grant,2013,AUSF,8054,False,1,0,1,0,0,0,0,0,0
108108,Rhyan Grant,2013,AUS1,8054,False,27,3,24,107,0,0,0,0,0
108108,Rhyan Grant,2012,AUS1,8054,False,27,25,0,2150,2,1,0,0,5
108108,Rhyan Grant,2011,AUSF,8054,False,1,0,0,0,0,0,0,0,0
108108,Rhyan Grant,2011,AUS1,8054,False,27,22,0,1399,0,0,0,0,3
108108,Rhyan Grant,2010,AUS1,8054,False,30,11,0,777,1,0,0,0,1
108108,Rhyan Grant,2010,AFCL,8054,False,6,5,0,255,0,0,0,0,0
108108,Rhyan Grant,2010,20WC,22976,True,3,3,0,270,0,0,0,0,0
108108,Rhyan Grant,2009,AUSF,8054,False,4,0,0,0,0,0,0,0,0
108108,Rhyan Grant,2009,AUS1,8054,False,27,9,0,288,0,0,0,0,1
108108,Rhyan Grant,2009,A920,39276,True,1,1,0,90,0,0,0,0,1
108108,Rhyan Grant,2008,AUS1,8054,False,4,3,0,270,0,0,0,0,0
108108,Rhyan Grant,2008,20WC,22976,True,3,2,0,135,0,0,0,0,0
1104715,Zach De Jesus,2025,FFAC,8054,False,3,3,0,151,1,1,3,1,0
1104715,Zach De Jesus,2025,AUSF,8054,False,4,0,0,0,0,0,0,0,0
1104715,Zach De Jesus,2025,AUS1,8054,False,26,1,0,25,0,0,0,0,0
1104715,Zach De Jesus,2025,A2SW,19820,False,18,13,0,926,0,0,0,0,1
1104715,Zach De Jesus,2024,FFAC,8054,False,3,0,0,0,0,0,0,0,0
1104715,Zach De Jesus,2024,AUS1,8054,False,26,12,0,785,0,1,3,1,3
1104715,Zach De Jesus,2024,ACL2,8054,False,12,3,0,164,0,0,0,0,0
1104715,Zach De Jesus,2024,A2SW,19820,False,27,16,0,1072,0,1,0,0,2
1104715,Zach De Jesus,2023,FFAC,8054,False,1,0,0,0,0,0,0,0,0
1104715,Zach De Jesus,2023,AUSF,8054,False,3,0,0,0,0,0,0,0,0
1104715,Zach De Jesus,2023,AUS1,8054,False,27,7,0,232,0,0,0,0,0
1104715,Zach De Jesus,2023,AF19,39276,True,5,2,0,154,0,0,0,0,0
1104715,Zach De Jesus,2023,A2SW,19820,False,27,14,3,879,0,0,0,0,4
1104715,Zach De Jesus,2022,FS,32269,True,3,2,0,103,0,0,0,0,0
1104715,Zach De Jesus,2022,FFAC,8054,False,5,0,0,0,0,0,0,0,0
1104715,Zach De Jesus,2022,A2SW,19820,False,20,10,0,475,0,1,3,0,0
1104715,Zach De Jesus,2022,A169,32269,True,3,1,0,28,0,0,0,0,0
1104715,Zach De Jesus,2022,A168,32269,True,4,3,0,122,0,0,0,0,0
1104715,Zach De Jesus,2021,AF16,66880,True,3,3,0,122,0,0,0,0,0
867764,Aaron Gurd,2025,THLC,94138,False,1,1,0,120,0,0,0,0,1
867764,Aaron Gurd,2025,THFA,94138,False,3,0,2,0,0,0,0,0,0
867764,Aaron Gurd,2025,THA1,94138,False,27,14,12,935,0,0,6,0,2
867764,Aaron Gurd,2025,FFAC,8054,False,2,0,0,0,0,0,0,0,0
867764,Aaron Gurd,2024,FFAC,8054,False,3,0,3,0,0,0,0,0,0
867764,Aaron Gurd,2024,AUS1,8054,False,26,6,14,290,0,0,2,1,0
867764,Aaron Gurd,2024,ACL2,8054,False,12,2,9,135,0,0,1,0,0
867764,Aaron Gurd,2023,FFAC,8054,False,1,0,0,0,0,0,0,0,0
867764,Aaron Gurd,2023,AUSF,8054,False,3,1,0,6,0,0,0,0,0
867764,Aaron Gurd,2023,AUS1,8054,False,27,2,12,115,0,0,0,0,0
867764,Aaron Gurd,2023,A2SW,19820,False,6,5,0,427,0,0,0,0,4
867764,Aaron Gurd,2022,FFAC,8054,False,5,3,0,140,0,0,2,1,0
867764,Aaron Gurd,2022,AUSF,8054,False,3,0,0,0,0,0,0,0,0
867764,Aaron Gurd,2022,AUS1,8054,False,26,12,0,784,0,0,0,0,0
867764,Aaron Gurd,2022,A2SW,19820,False,18,12,0,1041,0,0,1,1,3
867764,Aaron Gurd,2021,FFAC,8054,False,3,2,0,180,1,0,1,1,0
867764,Aaron Gurd,2021,A2SW,19820,False,16,3,0,234,0,0,0,0,0
867764,Aaron Gurd,2020,A2SW,19820,False,14,13,0,1170,0,2,2,1,0
867764,Aaron Gurd,2019,A2SW,19820,False,1,1,0,90,0,0,0,0,0
1226710,Tyler Williams,2025,FS,100451,True,2,2,0,151,0,0,0,0,0
1226710,Tyler Williams,2025,FFAC,8054,False,3,0,0,0,0,0,0,0,0
1226710,Tyler Williams,2025,AUSF,8054,False,4,0,0,0,0,0,0,0,0
1226710,Tyler Williams,2025,AUS1,8054,False,26,0,1,0,0,0,0,0,0
1226710,Tyler Williams,2025,A2SW,19820,False,26,21,0,1151,0,0,0,0,3
1226710,Tyler Williams,2024,FS,22976,True,3,1,0,90,0,0,0,0,1
1226710,Tyler Williams,2024,FS,100451,True,4,4,0,169,0,0,2,0,0
1226710,Tyler Williams,2024,FFAC,8054,False,3,0,0,0,0,0,0,0,0
1226710,Tyler Williams,2024,ACL2,8054,False,2,1,0,45,0,0,0,0,0
1226710,Tyler Williams,2024,A2SW,19820,False,30,26,0,1879,0,0,0,0,5
1226710,Tyler Williams,2023,AF19,39276,True,5,4,0,349,0,0,0,0,0
1226710,Tyler Williams,2023,A2SW,19820,False,30,25,0,2170,0,0,0,0,6
1291441,Ethan Dyer,2025,FFAC,8054,False,3,1,0,14,0,0,0,0,0
1291441,Ethan Dyer,2025,A2SW,19820,False,21,13,0,1017,0,0,0,0,0
1291441,Ethan Dyer,2024,OC24,25510,True,5,4,0,270,1,0,0,0,2
1291441,Ethan Dyer,2024,FYS1,25510,True,3,1,0,90,0,0,0,0,0
1291441,Ethan Dyer,2024,A2SW,19820,False,6,6,0,314,0,0,0,0,0
1291441,Ethan Dyer,2024,17WC,25510,True,3,3,0,270,0,0,0,0,0
1291441,Ethan Dyer,2023,OC24,25510,True,5,5,0,168,0,1,0,0,0
1109205,Tiago Quintal,2025,FS,22976,True,1,1,0,90,0,0,0,0,0
1109205,Tiago Quintal,2025,FFAC,8054,False,3,3,0,247,4,1,8,4,0
1109205,Tiago Quintal,2025,AUSF,8054,False,4,4,0,272,0,0,4,3,0
1109205,Tiago Quintal,2025,AUS1,8054,False,26,24,0,1286,5,3,43,14,3
1109205,Tiago Quintal,2024,FS,22976,True,4,3,0,155,2,0,0,0,0
1109205,Tiago Quintal,2024,FFAC,8054,False,3,3,0,73,0,0,1,0,0
1109205,Tiago Quintal,2024,AUS1,8054,False,26,16,3,157,1,0,7,2,1
1109205,Tiago Quintal,2024,AU2C,22976,True,4,4,0,186,0,0,0,0,0
1109205,Tiago Quintal,2024,ACL2,8054,False,12,5,0,158,0,0,4,0,0
1109205,Tiago Quintal,2024,A920,22976,True,6,6,0,266,0,1,6,2,1
1109205,Tiago Quintal,2024,A2SW,19820,False,10,7,0,500,1,0,0,0,0
1109205,Tiago Quintal,2024,20WC,22976,True,3,3,0,126,0,0,2,1,0
1109205,Tiago Quintal,2023,FFAC,8054,False,1,0,0,0,0,0,0,0,0
1109205,Tiago Quintal,2023,AUSF,8054,False,3,0,0,0,0,0,0,0,0
1109205,Tiago Quintal,2023,AUS1,8054,False,2,0,0,0,0,0,0,0,0
1109205,Tiago Quintal,2023,AF19,39276,True,5,5,0,258,0,1,0,0,1
1109205,Tiago Quintal,2023,A2SW,19820,False,30,23,0,1686,9,4,0,0,3
1109205,Tiago Quintal,2022,FS,32269,True,3,0,0,0,0,0,0,0,0
1109205,Tiago Quintal,2022,A2SW,19820,False,1,1,0,11,0,0,0,0,0
1109205,Tiago Quintal,2022,A169,32269,True,3,2,0,125,4,0,0,0,0
1109205,Tiago Quintal,2022,A168,32269,True,4,2,0,75,0,0,2,1,0
1109205,Tiago Quintal,2021,AF16,66880,True,3,3,0,189,0,0,0,0,0
1109205,Tiago Quintal,2021,A2SW,19820,False,5,2,0,43,0,0,1,0,0
1158288,Wataru Kamijo,2025,FFAC,8054,False,3,3,0,121,0,0,0,0,0
1158288,Wataru Kamijo,2025,AUSF,8054,False,4,4,0,361,0,0,2,1,1
1158288,Wataru Kamijo,2025,AUS1,8054,False,26,11,0,430,0,1,2,0,1
1158288,Wataru Kamijo,2025,A2SW,19820,False,7,7,0,607,0,0,0,0,1
1158288,Wataru Kamijo,2024,FFAC,8054,False,3,2,0,88,0,0,1,0,1
1158288,Wataru Kamijo,2024,AUS1,8054,False,26,8,1,441,0,0,2,0,2
1158288,Wataru Kamijo,2024,ACL2,8054,False,12,5,0,195,0,1,4,0,0
1158288,Wataru Kamijo,2024,A2SW,19820,False,15,6,1,425,0,1,0,0,2
1158288,Wataru Kamijo,2023,FFAC,8054,False,1,0,0,0,0,0,0,0,0
1158288,Wataru Kamijo,2023,AUSF,8054,False,3,0,1,0,0,0,0,0,0
1158288,Wataru Kamijo,2023,AUS1,8054,False,27,0,20,0,0,0,0,0,0
1158288,Wataru Kamijo,2023,A2SW,19820,False,23,20,1,1319,1,0,0,0,3
1158288,Wataru Kamijo,2022,FS,66880,True,1,1,0,90,1,0,0,0,0
1158288,Wataru Kamijo,2022,FFAC,8054,False,2,0,0,0,0,0,0,0,0
1158288,Wataru Kamijo,2022,A2SW,19820,False,7,6,0,332,0,0,3,1,1
296787,Takahiro Sekine,2025,J1YV,828,False,20,15,0,927,1,0,3,0,1
296787,Takahiro Sekine,2025,FFAC,8054,False,3,3,0,158,2,0,6,3,0
296787,Takahiro Sekine,2024,KLUB,828,False,3,3,0,111,0,0,2,1,1
296787,Takahiro Sekine,2024,JEMP,828,False,2,1,0,28,0,0,0,0,0
296787,Takahiro Sekine,2024,JAPC,828,False,2,2,0,113,0,1,0,0,0
296787,Takahiro Sekine,2024,JAP1,828,False,38,34,0,1420,1,3,21,5,1
296787,Takahiro Sekine,2023,KLUB,828,False,3,3,0,199,0,0,0,0,0
296787,Takahiro Sekine,2023,JAPC,828,False,2,0,0,0,0,0,0,0,0
296787,Takahiro Sekine,2023,JAP1,828,False,38,21,0,1514,2,2,24,10,3
296787,Takahiro Sekine,2023,AFCL,828,False,6,4,0,212,1,0,9,2,0
296787,Takahiro Sekine,2023,ACLQ,828,False,1,1,0,25,1,0,0,0,0
296787,Takahiro Sekine,2022,JEMP,828,False,3,2,0,146,0,0,0,0,0
296787,Takahiro Sekine,2022,JAPC,828,False,11,8,0,479,0,0,0,0,1
296787,Takahiro Sekine,2022,JAP1,828,False,34,32,0,1942,3,3,42,13,3
296787,Takahiro Sekine,2021,JEMP,828,False,2,2,0,74,0,0,0,0,0
296787,Takahiro Sekine,2021,JASP,828,False,1,1,0,86,0,0,0,0,0
296787,Takahiro Sekine,2021,JAPC,828,False,4,3,0,196,0,0,0,0,1
296787,Takahiro Sekine,2021,JAP1,828,False,34,30,2,1609,1,2,33,12,2
296787,Takahiro Sekine,2021,AFCL,828,False,11,11,0,634,0,3,10,2,0
296787,Takahiro Sekine,2020,JEMP,828,False,6,5,0,428,1,2,0,0,0
296787,Takahiro Sekine,2020,JAPC,828,False,12,10,0,602,3,0,0,0,0
296787,Takahiro Sekine,2020,JAP1,828,False,38,36,0,2237,3,3,30,9,3
296787,Takahiro Sekine,2019,JAPC,828,False,2,2,0,180,0,2,0,0,0
296787,Takahiro Sekine,2019,JAP1,828,False,34,24,3,1324,2,3,19,5,5
296787,Takahiro Sekine,2018,POBE,475,False,10,8,1,531,1,1,14,5,3
296787,Takahiro Sekine,2018,JEMP,828,False,3,1,1,35,0,1,0,0,0
296787,Takahiro Sekine,2018,JAPC,828,False,2,2,0,180,1,0,0,0,1
296787,Takahiro Sekine,2018,JAP1,828,False,18,16,2,1045,1,1,14,5,2
296787,Takahiro Sekine,2018,CCB,475,False,3,0,3,0,0,0,0,0,0
296787,Takahiro Sekine,2018,BE1,475,False,30,3,14,117,0,0,0,0,0
296787,Takahiro Sekine,2018,AFCL,828,False,6,6,0,526,1,2,7,2,1
296787,Takahiro Sekine,2017,RLB3,7681,False,17,3,0,270,0,1,0,0,2
296787,Takahiro Sekine,2017,L2,4795,False,32,1,0,29,0,0,0,0,0
296787,Takahiro Sekine,2017,DFB,4795,False,3,1,0,45,0,0,0,0,1
296787,Takahiro Sekine,2016,JEMP,828,False,2,0,0,0,0,0,0,0,0
296787,Takahiro Sekine,2016,JASP,828,False,1,1,0,26,0,0,0,0,0
296787,Takahiro Sekine,2016,JAP1,828,False,22,22,0,1727,3,7,30,5,2
296787,Takahiro Sekine,2016,AFCL,828,False,8,5,0,390,2,1,0,0,0
296787,Takahiro Sekine,2015,SUNC,828,False,2,2,0,83,0,0,0,0,0
296787,Takahiro Sekine,2015,JL12,828,False,17,15,0,1187,1,4,9,1,3
296787,Takahiro Sekine,2015,JL11,828,False,17,17,0,1278,1,2,1,0,3
296787,Takahiro Sekine,2015,JEMP,828,False,1,1,0,120,0,0,0,0,0
296787,Takahiro Sekine,2015,JAPC,828,False,5,5,0,460,0,2,0,0,0
296787,Takahiro Sekine,2015,FS,28642,True,1,1,0,20,0,0,0,0,0
296787,Takahiro Sekine,2015,AFCL,828,False,8,5,0,406,0,0,0,0,1
296787,Takahiro Sekine,2014,SUNC,828,False,1,1,0,120,0,0,0,0,0
296787,Takahiro Sekine,2014,JL12,828,False,17,16,0,1286,2,3,0,0,4
296787,Takahiro Sekine,2014,JL11,828,False,17,16,0,1175,4,5,1,1,0
296787,Takahiro Sekine,2014,JEMP,828,False,4,4,0,333,2,0,0,0,0
296787,Takahiro Sekine,2014,JASP,828,False,1,1,0,90,0,0,0,0,1
296787,Takahiro Sekine,2014,JAPC,828,False,2,2,0,110,0,0,0,0,0
296787,Takahiro Sekine,2014,AFCL,828,False,6,2,0,55,0,0,0,0,1
296787,Takahiro Sekine,2013,JEMP,828,False,2,2,0,119,1,0,0,0,0
296787,Takahiro Sekine,2013,JAPC,828,False,8,6,0,223,0,0,0,0,1
296787,Takahiro Sekine,2013,JAP1,828,False,34,21,0,550,2,1,0,0,0
296787,Takahiro Sekine,2013,FS,24750,True,2,2,0,128,1,0,0,0,0
296787,Takahiro Sekine,2012,JEMP,828,False,1,1,0,21,0,0,0,0,0
811400,Jake Hollman,2025,GBFL,899,False,5,4,0,208,0,1,1,0,1
811400,Jake Hollman,2025,GB4,899,False,46,3,0,40,0,0,0,0,0
811400,Jake Hollman,2025,FFAC,8054,False,2,1,0,29,0,0,1,0,0
811400,Jake Hollman,2025,FAC,899,False,3,0,0,0,0,0,0,0,0
811400,Jake Hollman,2025,CGB,899,False,1,1,0,25,0,0,0,0,0
811400,Jake Hollman,2024,AUS1,71085,False,26,25,0,1794,5,2,43,12,4
811400,Jake Hollman,2023,W23C,32270,True,3,3,0,128,0,0,0,0,0
811400,Jake Hollman,2023,FS,32270,True,2,1,0,60,0,0,0,0,0
811400,Jake Hollman,2023,FFAC,71085,False,5,3,0,182,1,0,2,0,1
811400,Jake Hollman,2023,AUSF,71085,False,1,1,0,33,0,0,0,0,1
811400,Jake Hollman,2023,AUS1,71085,False,27,24,2,1532,5,1,39,15,3
811400,Jake Hollman,2023,AFCC,71085,False,8,6,0,492,2,1,12,6,1
811400,Jake Hollman,2023,A23Q,32270,True,2,2,0,145,0,0,0,0,0
811400,Jake Hollman,2023,23AF,32270,True,3,3,0,167,0,0,2,0,0
811400,Jake Hollman,2022,FS,32270,True,5,1,0,90,1,0,0,0,1
811400,Jake Hollman,2022,FFAC,71085,False,2,1,0,90,1,0,4,1,0
811400,Jake Hollman,2022,AUS1,71085,False,26,17,1,1266,0,0,27,10,4
811400,Jake Hollman,2021,FFAC,71085,False,5,4,0,142,1,1,6,2,1
811400,Jake Hollman,2021,AUS1,71085,False,26,13,0,556,1,1,20,11,2
811400,Jake Hollman,2020,FFAC,71085,False,2,0,0,0,0,0,0,0,0
811400,Jake Hollman,2020,AUSF,71085,False,2,1,0,11,0,1,0,0,0
811400,Jake Hollman,2020,AUS1,71085,False,26,16,0,483,0,2,11,2,3
811400,Jake Hollman,2020,A2SW,86096,False,10,5,0,450,3,0,10,5,0
811400,Jake Hollman,2019,AU2C,39276,True,3,2,0,54,0,0,0,0,0
1075719,Rhys Youlley,2025,FS,22976,True,1,1,0,90,0,0,0,0,0
1075719,Rhys Youlley,2025,FFAC,8054,False,3,3,0,239,0,0,3,1,2
1075719,Rhys Youlley,2025,AUSF,8054,False,4,3,0,74,0,0,0,0,0
1075719,Rhys Youlley,2025,AUS1,8054,False,26,19,2,1100,0,0,13,5,2
1075719,Rhys Youlley,2024,VFVA,52545,False,30,18,0,1524,1,0,0,0,4
1075719,Rhys Youlley,2024,POBE,968,False,10,1,0,10,0,0,0,0,0
1075719,Rhys Youlley,2024,FS,22976,True,4,0,0,0,0,0,0,0,0
1075719,Rhys Youlley,2024,FFAC,8054,False,3,3,0,235,1,0,3,2,0
1075719,Rhys Youlley,2024,CCB,968,False,2,1,0,6,0,0,0,0,0
1075719,Rhys Youlley,2024,BE1,968,False,30,4,0,43,0,0,2,0,0
1075719,Rhys Youlley,2024,AU2C,22976,True,4,3,0,261,1,0,0,0,2
1075719,Rhys Youlley,2024,A920,22976,True,6,0,0,0,0,0,0,0,0
1075719,Rhys Youlley,2024,20WC,22976,True,3,3,0,188,0,0,1,1,0
1075719,Rhys Youlley,2023,W23C,32270,True,3,2,0,151,0,0,0,0,0
1075719,Rhys Youlley,2023,FS,22976,True,6,3,0,205,0,0,0,0,0
1075719,Rhys Youlley,2023,23AF,32270,True,3,2,0,159,0,0,5,1,0
1075719,Rhys Youlley,2022,FS,100451,True,3,3,0,166,0,0,1,0,0
1075719,Rhys Youlley,2022,FFAC,71085,False,2,2,0,147,0,0,0,0,0
1075719,Rhys Youlley,2022,AUS1,71085,False,23,1,0,10,0,0,0,0,0
1075719,Rhys Youlley,2022,A2SW,86096,False,30,22,0,1761,2,3,36,12,2
1075719,Rhys Youlley,2021,A2SW,86096,False,6,1,0,82,0,0,0,0,1
1158702,Joseph Lacey,2026,U19Q,26181,True,2,0,0,0,0,0,0,0,0
1158702,Joseph Lacey,2025,FS,26181,True,3,2,0,103,0,0,0,0,0
1158702,Joseph Lacey,2025,FS,100451,True,1,1,0,52,0,0,0,0,0
1158702,Joseph Lacey,2025,FFAC,8054,False,3,3,0,178,0,1,1,0,1
1158702,Joseph Lacey,2025,AUSF,8054,False,4,0,0,0,0,0,0,0,0
1158702,Joseph Lacey,2025,AUS1,8054,False,26,1,3,6,0,0,1,0,0
1158702,Joseph Lacey,2025,A2SW,19820,False,13,9,0,662,2,1,0,0,1
1158702,Joseph Lacey,2025,19EU,26181,True,3,2,0,86,0,0,2,0,2
1158702,Joseph Lacey,2024,FFAC,8054,False,3,1,0,37,0,0,0,0,0
1158702,Joseph Lacey,2024,AUS1,8054,False,26,0,2,0,0,0,0,0,0
1158702,Joseph Lacey,2024,ACL2,8054,False,12,0,3,0,0,0,0,0,0
1158702,Joseph Lacey,2024,A2SW,19820,False,30,26,0,1927,2,4,0,0,6
1158702,Joseph Lacey,2023,FFAC,8054,False,1,0,1,0,0,0,0,0,0
1158702,Joseph Lacey,2023,AUSF,8054,False,3,0,3,0,0,0,0,0,0
1158702,Joseph Lacey,2023,AUS1,8054,False,23,0,13,0,0,0,0,0,0
1158702,Joseph Lacey,2023,A2SW,19820,False,5,5,0,185,0,0,0,0,1
1158702,Joseph Lacey,2022,A2SW,19820,False,6,4,0,92,1,0,4,2,0
692440,Al Hassan Touré,2025,FS,3433,True,2,1,0,12,0,0,2,1,0
692440,Al Hassan Touré,2025,FFAC,8054,False,3,2,0,29,0,1,1,0,0
692440,Al Hassan Touré,2025,AUSF,8054,False,4,0,3,0,0,0,0,0,0
692440,Al Hassan Touré,2025,AUS1,8054,False,26,20,6,1099,5,1,42,12,1
692440,Al Hassan Touré,2024,USLC,24260,False,3,1,0,24,1,0,1,1,0
692440,Al Hassan Touré,2024,USL,24260,False,12,3,0,154,0,0,2,0,1
692440,Al Hassan Touré,2024,MLSP,24260,False,1,1,0,40,0,0,2,0,0
692440,Al Hassan Touré,2024,FRC,1147,False,1,1,0,25,0,0,0,0,0
692440,Al Hassan Touré,2024,FR5D,8305,False,13,7,4,554,3,0,0,0,1
692440,Al Hassan Touré,2024,FR2,1147,False,28,1,7,18,0,0,1,0,0
692440,Al Hassan Touré,2024,FFAC,8054,False,3,2,0,85,1,0,2,2,0
692440,Al Hassan Touré,2023,TRP,6630,False,1,1,0,12,0,0,0,0,0
692440,Al Hassan Touré,2023,TR2,6630,False,17,16,0,765,0,1,14,5,1
692440,Al Hassan Touré,2023,FR5H,8305,False,1,1,0,90,1,0,0,0,0
692440,Al Hassan Touré,2023,FR2,1147,False,18,6,10,224,0,0,4,1,1
692440,Al Hassan Touré,2022,AUS1,71085,False,26,23,2,1263,3,5,32,8,2
692440,Al Hassan Touré,2021,FFAC,71085,False,5,5,0,372,5,1,20,8,0
692440,Al Hassan Touré,2021,AUS1,71085,False,26,22,0,819,2,2,21,6,0
692440,Al Hassan Touré,2020,FFAC,875,False,1,0,0,0,0,0,0,0,0
692440,Al Hassan Touré,2020,FFAC,71085,False,2,0,0,0,0,0,0,0,0
692440,Al Hassan Touré,2020,AUSF,875,False,2,1,0,13,0,0,0,0,0
692440,Al Hassan Touré,2020,AUS1,875,False,26,17,0,546,0,0,11,2,3
692440,Al Hassan Touré,2019,AUS1,875,False,26,12,0,632,2,1,0,0,1
692440,Al Hassan Touré,2019,23AF,32270,True,6,6,0,373,1,0,5,1,0
692440,Al Hassan Touré,2018,FFAC,875,False,5,4,0,306,2,0,2,1,0
394285,Víctor Campuzano,2025,FFAC,8054,False,3,0,2,0,0,0,0,0,0
394285,Víctor Campuzano,2025,AUSF,8054,False,4,3,0,67,0,0,2,0,1
394285,Víctor Campuzano,2025,AUS1,8054,False,26,24,2,1689,4,3,55,23,3
394285,Víctor Campuzano,2024,ES2,2448,False,42,39,0,1023,5,2,40,16,5
394285,Víctor Campuzano,2024,CDR,2448,False,2,2,0,82,0,0,0,0,0
394285,Víctor Campuzano,2023,ES2,2448,False,42,19,16,869,6,1,23,15,0
394285,Víctor Campuzano,2023,ES1P,2448,False,2,2,0,54,0,0,2,1,1
394285,Víctor Campuzano,2023,CDR,2448,False,2,0,0,0,0,0,0,0,0
394285,Víctor Campuzano,2022,ES2,2448,False,42,20,0,752,2,0,22,8,3
394285,Víctor Campuzano,2022,CDR,2448,False,4,2,0,96,0,0,1,0,0
394285,Víctor Campuzano,2021,ES2,2448,False,42,18,0,478,1,1,9,5,0
394285,Víctor Campuzano,2021,CDR,2448,False,4,1,0,46,0,0,2,1,0
394285,Víctor Campuzano,2020,ES2,714,False,12,4,0,20,0,0,0,0,0
394285,Víctor Campuzano,2020,ES2,2448,False,19,8,0,369,0,0,5,4,0
394285,Víctor Campuzano,2020,CDR,714,False,1,1,0,63,0,0,0,0,0
394285,Víctor Campuzano,2019,ES3C,10773,False,1,1,0,90,1,0,0,0,0
394285,Víctor Campuzano,2019,ES1,714,False,38,20,4,868,0,0,16,6,2
394285,Víctor Campuzano,2019,ELQ,714,False,6,2,0,69,2,0,3,3,0
394285,Víctor Campuzano,2019,EL,714,False,8,6,2,360,3,0,11,7,0
394285,Víctor Campuzano,2019,CDR,714,False,3,1,0,15,0,0,0,0,0
394285,Víctor Campuzano,2018,ES3C,10773,False,38,32,0,2632,15,0,0,0,4
394285,Víctor Campuzano,2018,ES1,714,False,19,0,0,0,0,0,0,0,0
394285,Víctor Campuzano,2018,CDR,714,False,3,0,0,0,0,0,0,0,0
394285,Víctor Campuzano,2017,ES3A,6767,False,38,22,0,593,2,0,0,0,2
394285,Víctor Campuzano,2016,ES3B,6767,False,38,25,0,1454,6,3,0,0,2
394285,Víctor Campuzano,2015,FS,12609,True,1,1,0,56,0,0,0,0,0
1334905,Akol Akon,2025,FS,32269,True,5,4,0,206,0,1,0,0,0
1334905,Akol Akon,2025,FFAC,8054,False,3,2,0,180,0,3,6,4,0
1334905,Akol Akon,2025,AUSF,8054,False,4,4,0,319,0,0,2,1,0
1334905,Akol Akon,2025,AUS1,8054,False,26,11,2,294,0,3,10,4,1
1334905,Akol Akon,2025,A2SW,19820,False,7,2,0,90,0,0,0,0,0
1334905,Akol Akon,2024,FS,66880,True,3,3,0,249,0,2,0,0,0
1334905,Akol Akon,2024,FS,32269,True,3,1,0,30,0,0,0,0,0
1334905,Akol Akon,2024,FFAC,8054,False,3,2,0,146,0,1,4,0,2
1334905,Akol Akon,2024,A2SW,38638,False,17,3,0,48,0,0,0,0,0
1334905,Akol Akon,2024,A2SW,19820,False,7,4,0,158,1,0,0,0,0
1334905,Akol Akon,2024,A168,32269,True,3,3,0,147,0,0,3,2,0
957466,Oriola Sunday,2026,JAP2,7452,False,2,0,0,0,0,0,0,0,0
957466,Oriola Sunday,2025,J2J3,7452,False,20,12,0,589,3,3,3,1,0
957466,Oriola Sunday,2025,FFAC,8054,False,1,0,0,0,0,0,0,0,0
957466,Oriola Sunday,2024,JEMP,7452,False,1,1,0,72,0,0,0,0,0
957466,Oriola Sunday,2024,JAPC,7452,False,2,2,0,121,1,1,0,0,1
957466,Oriola Sunday,2024,JAP2,7452,False,38,26,2,1330,6,2,13,7,2
957466,Oriola Sunday,2024,J1PO,7452,False,1,0,0,0,0,0,0,0,0
957466,Oriola Sunday,2023,JEMP,35000,False,2,2,0,133,0,0,0,0,0
957466,Oriola Sunday,2023,JEMP,17832,False,1,0,0,0,0,0,0,0,0
957466,Oriola Sunday,2023,JAPC,35000,False,2,2,0,160,0,0,0,0,0
957466,Oriola Sunday,2023,JAP3,7452,False,18,15,0,997,5,0,30,14,0
957466,Oriola Sunday,2023,JAP3,35000,False,20,19,1,1520,2,2,31,6,4
957466,Oriola Sunday,2022,JEMP,17832,False,2,0,0,0,0,0,0,0,0
957466,Oriola Sunday,2022,JAP3,35000,False,18,14,0,987,3,1,23,9,3
957466,Oriola Sunday,2022,JAP2,17832,False,28,1,0,90,0,0,2,0,0
957466,Oriola Sunday,2021,JEMP,17832,False,2,1,0,80,0,0,0,0,0
957466,Oriola Sunday,2021,JAPC,17832,False,6,5,0,227,0,1,0,0,1
957466,Oriola Sunday,2021,JAP2,17832,False,42,6,0,143,0,0,1,0,0
1146650,Abel Walatee,2025,FFAC,8054,False,3,0,0,0,0,0,0,0,0
1146650,Abel Walatee,2025,AUSF,8054,False,4,0,0,0,0,0,0,0,0
1146650,Abel Walatee,2025,AUS1,8054,False,26,14,6,446,1,0,7,2,0
1146650,Abel Walatee,2025,A23Q,32270,True,2,2,0,152,0,0,0,0,0
1146650,Abel Walatee,2024,FS,77740,True,1,0,0,0,0,0,0,0,0
1146650,Abel Walatee,2024,FFAC,71084,False,1,1,0,90,0,0,1,0,0
1146650,Abel Walatee,2024,AUSF,71084,False,3,3,0,109,0,0,2,2,0
1146650,Abel Walatee,2024,AUS1,71084,False,26,19,6,869,3,0,20,12,3
1146650,Abel Walatee,2023,FFAC,71084,False,1,1,0,30,0,0,1,0,0
1146650,Abel Walatee,2023,DKP,362,False,6,2,0,93,1,0,0,0,0
1146650,Abel Walatee,2023,DKDD,15627,False,8,5,0,373,2,0,0,0,0
1146650,Abel Walatee,2023,DK3O,362,False,16,2,0,26,0,0,0,0,0
1146650,Abel Walatee,2023,AUS1,71084,False,3,3,0,56,1,0,2,1,0
692321,Gabriel Popovic,2025,IT3C,1627,False,1,0,1,0,0,0,0,0,0
692321,Gabriel Popovic,2025,FFAC,8054,False,3,3,0,40,1,0,3,1,0
692321,Gabriel Popovic,2025,CILP,1627,False,1,0,1,0,0,0,0,0,0
692321,Gabriel Popovic,2025,AUS1,970,False,26,9,0,300,2,0,8,4,1
692321,Gabriel Popovic,2024,IT4G,22124,False,16,12,0,369,1,0,0,0,1
692321,Gabriel Popovic,2024,IT3C,1627,False,19,1,18,45,0,0,0,0,0
692321,Gabriel Popovic,2024,CIT,1627,False,1,1,0,90,1,0,0,0,1
692321,Gabriel Popovic,2024,CILP,1627,False,2,2,0,173,0,0,0,0,0
692321,Gabriel Popovic,2023,KR1,11083,False,3,0,0,0,0,0,0,0,0
692321,Gabriel Popovic,2023,IT3O,4163,False,2,0,0,0,0,0,0,0,0
692321,Gabriel Popovic,2023,IT3C,1627,False,22,2,0,15,0,0,0,0,1
692321,Gabriel Popovic,2023,IT3A,4163,False,15,6,0,67,0,0,0,0,0
692321,Gabriel Popovic,2023,CILP,1627,False,5,0,0,0,0,0,0,0,0
692321,Gabriel Popovic,2022,KRC,11083,False,3,0,0,0,0,0,0,0,0
692321,Gabriel Popovic,2022,KR2,11083,False,33,8,0,274,2,0,0,0,0
692321,Gabriel Popovic,2022,FS,22976,True,3,2,0,135,0,0,0,0,0
692321,Gabriel Popovic,2022,CR19,36289,False,6,6,0,476,2,0,0,0,0
692321,Gabriel Popovic,2022,AU2C,22976,True,3,2,0,178,3,0,0,0,0
692321,Gabriel Popovic,2022,A920,22976,True,4,4,0,382,2,1,7,6,0
692321,Gabriel Popovic,2021,KRC,11083,False,2,0,0,0,0,0,0,0,0
692321,Gabriel Popovic,2021,KR2,11083,False,28,4,0,56,0,1,0,0,0
692321,Gabriel Popovic,2021,CR19,36289,False,30,28,0,2289,10,0,0,0,3
692321,Gabriel Popovic,2019,AUSF,970,False,2,1,0,2,0,0,0,0,0
692321,Gabriel Popovic,2019,AUS1,970,False,24,12,0,348,0,0,1,0,1
692321,Gabriel Popovic,2019,AFCL,970,False,1,1,0,1,0,0,0,0,0
692321,Gabriel Popovic,2018,FFAC,970,False,1,1,0,30,0,0,0,0,0
1104718,Mitch Glasson,2025,FFAC,8054,False,3,0,0,0,0,0,0,0,0
1104718,Mitch Glasson,2025,AUSF,8054,False,4,0,0,0,0,0,0,0,0
1104718,Mitch Glasson,2025,AUS1,8054,False,17,0,0,0,0,0,0,0,0
1104718,Mitch Glasson,2025,A2SW,19820,False,26,22,0,1678,8,0,0,0,3
1104718,Mitch Glasson,2024,POFI,7315,False,2,2,0,29,0,0,0,0,0
1104718,Mitch Glasson,2024,FIS,7315,False,3,3,0,243,2,1,0,0,0
1104718,Mitch Glasson,2024,FIL,7315,False,5,5,0,213,1,0,0,0,1
1104718,Mitch Glasson,2024,FI1,7315,False,22,20,0,769,2,0,15,7,4
1104718,Mitch Glasson,2024,F1CC,7315,False,5,5,0,23,0,0,2,1,0
1104718,Mitch Glasson,2024,AUS1,8054,False,10,0,0,0,0,0,0,0,0
1104718,Mitch Glasson,2024,ACL2,8054,False,6,1,0,12,0,0,0,0,0
1104718,Mitch Glasson,2023,FFAC,8054,False,1,1,0,4,0,0,0,0,0
1104718,Mitch Glasson,2023,AUSF,8054,False,3,0,0,0,0,0,0,0,0
1104718,Mitch Glasson,2023,AUS1,8054,False,27,15,0,111,0,0,6,1,0
1104718,Mitch Glasson,2023,A2SW,19820,False,27,13,0,1010,5,1,0,0,4
1104718,Mitch Glasson,2022,FS,32269,True,3,3,0,212,1,0,0,0,0
1104718,Mitch Glasson,2022,FFAC,8054,False,5,3,0,67,0,0,4,1,0
1104718,Mitch Glasson,2022,A2SW,19820,False,24,15,0,785,4,2,24,8,1
1104718,Mitch Glasson,2022,A169,32269,True,3,3,0,175,5,0,0,0,0
1104718,Mitch Glasson,2022,A168,32269,True,3,3,0,225,1,2,8,2,2
1226712,Mathias Macallister,2025,FS,22976,True,2,1,0,61,1,0,4,1,1
1226712,Mathias Macallister,2025,FS,100451,True,2,2,0,132,0,0,0,0,0
1226712,Mathias Macallister,2025,FFAC,8054,False,3,3,0,230,1,1,5,4,0
1226712,Mathias Macallister,2025,AUSF,8054,False,4,0,0,0,0,0,0,0,0
1226712,Mathias Macallister,2025,AUS1,8054,False,26,4,7,70,0,0,2,0,0
1226712,Mathias Macallister,2025,AF19,39276,True,4,3,0,133,2,1,0,0,0
1226712,Mathias Macallister,2025,A2SW,19820,False,12,8,0,447,2,0,0,0,2
1226712,Mathias Macallister,2025,23AF,32270,True,4,4,0,227,2,0,6,5,0
1226712,Mathias Macallister,2024,FFAC,8054,False,3,3,0,116,1,0,2,1,0
1226712,Mathias Macallister,2024,AUS1,8054,False,2,0,0,0,0,0,0,0,0
1226712,Mathias Macallister,2024,ACL2,8054,False,1,1,0,5,0,0,0,0,0
1226712,Mathias Macallister,2024,A2SW,19820,False,30,26,0,1811,12,0,0,0,3
1226712,Mathias Macallister,2023,A2SW,19820,False,30,19,0,949,6,0,0,0,0
1179902,Marin France,2025,FS,100451,True,1,1,0,19,0,0,0,0,1
1179902,Marin France,2025,FFAC,8054,False,3,0,0,0,0,0,0,0,0
1179902,Marin France,2025,AUSF,8054,False,4,0,0,0,0,0,0,0,0
1179902,Marin France,2025,AUS1,8054,False,26,1,1,11,0,0,0,0,0
1179902,Marin France,2025,A2SW,19820,False,26,18,0,1028,2,1,0,0,1
1179902,Marin France,2024,FFAC,8054,False,3,0,0,0,0,0,0,0,0
1179902,Marin France,2024,AUS1,8054,False,26,0,0,0,0,0,0,0,0
1179902,Marin France,2024,ACL2,8054,False,12,2,0,31,0,1,0,0,0
1179902,Marin France,2024,A2SW,19820,False,28,21,0,1307,7,0,0,0,0
1179902,Marin France,2023,FFAC,8054,False,1,1,0,90,0,0,2,1,1
1179902,Marin France,2023,AUS1,8054,False,1,0,0,0,0,0,0,0,0
1179902,Marin France,2023,A2SW,19820,False,25,15,0,960,3,1,0,0,2
1179902,Marin France,2022,A2SW,19820,False,1,1,0,15,0,0,0,0,0
745416,Ethan Cox,2026,ACEQ,875,False,1,0,0,0,0,0,0,0,0
745416,Ethan Cox,2025,FFAC,875,False,1,0,0,0,0,0,0,0,0
745416,Ethan Cox,2025,AUSF,875,False,2,0,0,0,0,0,0,0,0
745416,Ethan Cox,2025,AUS1,875,False,26,0,2,0,0,0,0,0,0
745416,Ethan Cox,2024,FS,77740,True,1,0,0,0,0,0,0,0,0
745416,Ethan Cox,2024,FS,32270,True,2,1,0,90,0,0,0,0,0
745416,Ethan Cox,2024,FFAC,875,False,1,0,0,0,0,0,0,0,0
745416,Ethan Cox,2024,AUSF,875,False,1,0,0,0,0,0,0,0,0
745416,Ethan Cox,2024,AUS1,875,False,26,7,5,630,0,0,0,0,0
745416,Ethan Cox,2023,W23C,32270,True,3,0,0,0,0,0,0,0,0
745416,Ethan Cox,2023,FS,32270,True,2,0,0,0,0,0,0,0,0
745416,Ethan Cox,2023,FFAC,875,False,4,0,0,0,0,0,0,0,0
745416,Ethan Cox,2023,AUS1,875,False,27,1,0,90,0,0,0,0,0
745416,Ethan Cox,2023,A23Q,32270,True,2,0,0,0,0,0,0,0,0
745416,Ethan Cox,2023,23AF,32270,True,3,0,0,0,0,0,0,0,0
745416,Ethan Cox,2022,FS,32270,True,4,1,0,45,0,0,0,0,0
745416,Ethan Cox,2022,FFAC,875,False,2,0,0,0,0,0,0,0,0
745416,Ethan Cox,2022,AUSF,875,False,3,0,0,0,0,0,0,0,0
745416,Ethan Cox,2022,AUS1,875,False,26,0,0,0,0,0,0,0,0
745416,Ethan Cox,2021,FFAC,875,False,3,0,0,0,0,0,0,0,0
745416,Ethan Cox,2021,AUSF,875,False,3,0,0,0,0,0,0,0,0
745416,Ethan Cox,2021,AUS1,875,False,26,0,0,0,0,0,0,0,0
745416,Ethan Cox,2020,FFAC,875,False,3,0,0,0,0,0,0,0,0
745416,Ethan Cox,2020,AUSF,875,False,2,0,0,0,0,0,0,0,0
745416,Ethan Cox,2020,AUS1,875,False,26,0,0,0,0,0,0,0,0
745416,Ethan Cox,2019,AUS1,875,False,9,0,0,0,0,0,0,0,0
745416,Ethan Cox,2019,A169,66880,True,4,2,0,180,0,0,0,0,0
1001362,Max Vartuli,2026,ACEQ,875,False,1,0,0,0,0,0,0,0,0
1001362,Max Vartuli,2025,FFAC,875,False,1,0,0,0,0,0,0,0,0
1001362,Max Vartuli,2025,AUSF,875,False,2,0,0,0,0,0,0,0,0
1001362,Max Vartuli,2025,AUS1,875,False,26,0,0,0,0,0,0,0,0
1001362,Max Vartuli,2024,FS,22976,True,3,1,0,90,0,0,0,0,0
1001362,Max Vartuli,2024,FFAC,875,False,1,1,0,90,0,0,0,0,0
1001362,Max Vartuli,2024,AUSF,875,False,1,1,0,90,0,0,0,0,0
1001362,Max Vartuli,2024,AUS1,875,False,26,5,5,450,0,0,0,0,0
1001362,Max Vartuli,2023,FS,22976,True,3,0,0,0,0,0,0,0,0
1001362,Max Vartuli,2023,FFAC,875,False,1,0,0,0,0,0,0,0,0
1001362,Max Vartuli,2023,DKRE,62686,False,3,2,0,135,0,0,0,0,0
1001362,Max Vartuli,2023,DKP,1053,False,3,0,0,0,0,0,0,0,0
1001362,Max Vartuli,2023,DKDL,9113,False,21,6,0,540,0,0,0,0,1
1001362,Max Vartuli,2023,DK2P,1053,False,10,0,0,0,0,0,0,0,0
1001362,Max Vartuli,2023,DK2,1053,False,22,0,0,0,0,0,0,0,0
1001362,Max Vartuli,2023,AF19,39276,True,5,1,0,66,0,0,0,0,0
1001362,Max Vartuli,2023,A2SW,19820,False,8,0,0,0,0,0,0,0,0
1001362,Max Vartuli,2022,A2SW,19820,False,13,0,0,0,0,0,0,0,0
1001362,Max Vartuli,2021,AUS1,8054,False,1,0,0,0,0,0,0,0,0
1001362,Max Vartuli,2021,A2SW,19820,False,1,0,0,0,0,0,0,0,0
486972,Dylan Pierias,2026,ACEQ,875,False,1,0,1,0,0,0,0,0,0
486972,Dylan Pierias,2025,FFAC,875,False,1,0,1,0,0,0,0,0,0
486972,Dylan Pierias,2025,AUSF,875,False,2,0,2,0,0,0,0,0,0
486972,Dylan Pierias,2025,AUS1,875,False,26,8,18,631,1,1,5,2,0
486972,Dylan Pierias,2024,FFAC,875,False,1,1,0,90,0,0,1,0,0
486972,Dylan Pierias,2024,AUSF,875,False,1,1,0,90,0,1,0,0,0
486972,Dylan Pierias,2024,AUS1,875,False,26,24,2,2008,4,3,41,16,0
486972,Dylan Pierias,2023,FFAC,875,False,4,3,0,287,0,0,4,2,0
486972,Dylan Pierias,2023,AUS1,36100,False,27,25,0,1095,3,2,32,12,1
486972,Dylan Pierias,2022,FFAC,36100,False,3,3,0,242,0,2,5,1,0
486972,Dylan Pierias,2022,AUS1,71084,False,26,22,0,824,2,1,35,14,1
486972,Dylan Pierias,2022,A2SW,38638,False,1,1,0,45,0,0,1,1,0
486972,Dylan Pierias,2021,FS,32270,True,1,1,0,90,0,0,0,0,0
486972,Dylan Pierias,2021,FFAC,71084,False,2,2,0,92,0,1,1,1,0
486972,Dylan Pierias,2021,AUSF,71084,False,4,2,0,11,0,0,0,0,0
486972,Dylan Pierias,2021,AUS1,71084,False,26,23,0,1147,2,1,31,9,1
486972,Dylan Pierias,2020,OLYM,53845,True,3,1,0,45,0,0,0,0,0
486972,Dylan Pierias,2020,FFAC,71084,False,1,1,0,90,0,0,3,1,0
486972,Dylan Pierias,2020,AUS1,71084,False,26,26,0,1862,6,1,45,22,2
486972,Dylan Pierias,2019,AUSF,71084,False,2,2,0,11,0,0,0,0,0
486972,Dylan Pierias,2019,AUS1,71084,False,26,19,0,405,0,1,13,3,1
486972,Dylan Pierias,2018,FS,100451,True,1,1,0,80,0,0,0,0,0
486972,Dylan Pierias,2018,AUSF,25580,False,1,0,0,0,0,0,0,0,0
486972,Dylan Pierias,2018,AUS1,25580,False,27,2,0,22,0,0,0,0,0
486972,Dylan Pierias,2017,FFAC,25580,False,3,0,0,0,0,0,0,0,0
486972,Dylan Pierias,2017,AUSF,25580,False,2,0,0,0,0,0,0,0,0
486972,Dylan Pierias,2017,AUS1,25580,False,15,0,0,0,0,0,0,0,0
486972,Dylan Pierias,2017,A198,39276,True,4,1,0,11,0,0,0,0,0
486972,Dylan Pierias,2016,AUS1,25580,False,1,1,0,90,0,0,0,0,0
1099708,Panagiotis Kikianis,2026,ACEQ,875,False,1,1,0,90,0,0,0,0,1
1099708,Panagiotis Kikianis,2025,FS,22976,True,1,1,0,90,0,0,0,0,0
1099708,Panagiotis Kikianis,2025,FFAC,875,False,1,1,0,90,0,0,0,0,0
1099708,Panagiotis Kikianis,2025,AUSF,875,False,2,2,0,180,0,0,2,0,1
1099708,Panagiotis Kikianis,2025,AUS1,875,False,26,23,2,2043,2,0,12,3,5
1099708,Panagiotis Kikianis,2024,FS,22976,True,4,1,0,45,0,0,0,0,0
1099708,Panagiotis Kikianis,2024,FFAC,875,False,1,1,0,90,0,0,0,0,0
1099708,Panagiotis Kikianis,2024,AUSF,875,False,1,1,0,90,0,0,1,1,1
1099708,Panagiotis Kikianis,2024,AUS1,875,False,26,22,4,1940,2,1,9,3,5
1099708,Panagiotis Kikianis,2024,AU2C,22976,True,4,3,0,270,2,0,0,0,1
1099708,Panagiotis Kikianis,2024,A920,22976,True,6,5,0,480,1,0,4,1,1
1099708,Panagiotis Kikianis,2024,20WC,22976,True,3,2,0,180,0,0,0,0,0
1099708,Panagiotis Kikianis,2023,FFAC,875,False,4,3,0,304,0,0,2,0,0
1099708,Panagiotis Kikianis,2023,AUS1,875,False,27,5,9,430,1,0,1,1,0
1099708,Panagiotis Kikianis,2022,FS,100451,True,3,2,0,101,0,0,0,0,0
1099708,Panagiotis Kikianis,2022,AUS1,875,False,1,0,0,0,0,0,0,0,0
129991,Bart Vriends,2026,ACEQ,875,False,1,1,0,90,0,0,0,0,0
129991,Bart Vriends,2025,FFAC,875,False,1,1,0,90,0,0,0,0,0
129991,Bart Vriends,2025,AUSF,875,False,2,2,0,180,0,0,1,0,0
129991,Bart Vriends,2025,AUS1,875,False,26,20,6,1708,0,0,11,1,2
129991,Bart Vriends,2024,FFAC,875,False,1,1,0,90,0,0,0,0,0
129991,Bart Vriends,2024,AUSF,875,False,1,1,0,70,0,0,0,0,0
129991,Bart Vriends,2024,AUS1,875,False,26,23,2,2070,2,0,11,5,4
129991,Bart Vriends,2023,PONL,468,False,1,1,0,90,0,0,1,0,0
129991,Bart Vriends,2023,NLP,468,False,2,1,1,90,0,0,0,0,0
129991,Bart Vriends,2023,NL1,468,False,34,26,7,2210,2,1,11,5,3
129991,Bart Vriends,2023,FFAC,875,False,4,0,3,0,0,0,0,0,0
129991,Bart Vriends,2022,PONL,468,False,4,4,0,390,0,0,1,0,0
129991,Bart Vriends,2022,NLP,468,False,2,1,0,88,0,0,0,0,0
129991,Bart Vriends,2022,NL1,468,False,34,30,4,2447,2,0,8,2,3
129991,Bart Vriends,2021,NLP,468,False,2,1,0,90,0,0,0,0,0
129991,Bart Vriends,2021,NL1,468,False,34,33,1,2823,3,0,11,4,4
129991,Bart Vriends,2020,PONL,468,False,1,1,0,90,0,0,0,0,0
129991,Bart Vriends,2020,NLP,468,False,1,1,0,120,0,0,0,0,1
129991,Bart Vriends,2020,NL1,468,False,34,23,9,2020,0,0,14,2,1
129991,Bart Vriends,2019,NLP,468,False,2,2,0,180,0,0,0,0,0
129991,Bart Vriends,2019,NL1,468,False,26,26,0,2334,2,1,13,9,4
129991,Bart Vriends,2018,PON2,468,False,4,3,1,169,1,0,2,1,1
129991,Bart Vriends,2018,NLP,468,False,1,1,0,62,0,0,0,0,0
129991,Bart Vriends,2018,NL2,468,False,38,26,11,2029,2,1,12,3,2
129991,Bart Vriends,2017,PON2,468,False,4,3,1,270,0,0,2,1,3
129991,Bart Vriends,2017,NTD,8621,False,12,3,6,135,1,0,0,0,0
129991,Bart Vriends,2017,NLP,468,False,1,1,0,57,0,0,0,0,0
129991,Bart Vriends,2017,NL1,468,False,34,10,10,814,0,0,0,0,1
129991,Bart Vriends,2016,NTD,8621,False,1,1,0,90,0,0,0,0,0
129991,Bart Vriends,2016,NLP,468,False,5,3,1,270,1,0,0,0,0
129991,Bart Vriends,2016,NL1,468,False,34,18,9,971,0,1,0,0,1
129991,Bart Vriends,2015,PON2,1435,False,4,4,0,360,0,1,0,0,0
129991,Bart Vriends,2015,NLP,1435,False,2,2,0,210,0,0,0,0,0
129991,Bart Vriends,2015,NL2,1435,False,36,35,1,3150,1,0,0,0,5
129991,Bart Vriends,2015,ELQ,1435,False,2,2,0,180,1,0,0,0,0
129991,Bart Vriends,2014,PON2,1435,False,2,2,0,180,0,0,0,0,0
129991,Bart Vriends,2014,NLP,1435,False,2,2,0,169,0,0,0,0,0
129991,Bart Vriends,2014,NL1,1435,False,34,31,3,2760,3,0,0,0,4
129991,Bart Vriends,2013,NLP,1435,False,2,2,0,180,0,0,0,0,0
129991,Bart Vriends,2013,NL1,1435,False,34,32,1,2880,0,0,0,0,5
129991,Bart Vriends,2012,PON2,1435,False,6,5,0,398,0,0,0,0,0
129991,Bart Vriends,2012,NLBE,17596,False,7,5,0,295,0,0,0,0,2
129991,Bart Vriends,2012,NLBA,17596,False,8,3,0,270,2,0,0,0,0
129991,Bart Vriends,2012,NL2,1435,False,17,15,0,1318,1,1,0,0,5
129991,Bart Vriends,2011,NLBE,17596,False,26,6,0,407,0,0,0,0,0
129991,Bart Vriends,2009,NLAJ,4694,False,18,0,0,0,0,0,0,0,0
129991,Bart Vriends,2009,FS,16341,True,1,1,0,60,0,0,0,0,0
129991,Bart Vriends,2008,NLJB,4694,False,1,0,0,0,0,0,0,0,0
1038443,Panashe Madanha,2025,FFAC,36100,False,2,2,0,198,0,0,1,0,0
1038443,Panashe Madanha,2025,AUSF,875,False,2,0,0,0,0,0,0,0,0
1038443,Panashe Madanha,2025,AUS1,875,False,26,14,1,326,0,2,5,1,0
1038443,Panashe Madanha,2024,FFAC,875,False,1,0,0,0,0,0,0,0,0
1038443,Panashe Madanha,2024,AUSF,875,False,1,0,1,0,0,0,0,0,0
1038443,Panashe Madanha,2024,AUS1,875,False,26,3,18,29,0,0,0,0,1
1038443,Panashe Madanha,2023,FFAC,875,False,4,2,0,210,0,0,0,0,0
1038443,Panashe Madanha,2023,AUS1,875,False,27,6,13,254,0,2,3,1,2
1038443,Panashe Madanha,2022,FFAC,875,False,2,0,0,0,0,0,0,0,0
1038443,Panashe Madanha,2022,AUSF,875,False,3,2,0,15,0,0,1,0,0
1038443,Panashe Madanha,2022,AUS1,875,False,26,10,0,310,0,0,0,0,0
1038443,Panashe Madanha,2022,A920,22976,True,4,4,0,329,0,0,1,0,0
1038443,Panashe Madanha,2021,FFAC,875,False,3,1,0,23,0,0,0,0,0
296454,Ryan Kitto,2026,ACEQ,875,False,1,0,0,0,0,0,0,0,0
296454,Ryan Kitto,2025,FFAC,875,False,1,0,0,0,0,0,0,0,0
296454,Ryan Kitto,2025,AUSF,875,False,2,1,1,70,0,0,2,0,0
296454,Ryan Kitto,2025,AUS1,875,False,26,24,2,2072,3,1,19,7,1
296454,Ryan Kitto,2024,FFAC,875,False,1,0,0,0,0,0,0,0,0
296454,Ryan Kitto,2024,AUSF,875,False,1,1,0,90,0,0,1,0,0
296454,Ryan Kitto,2024,AUS1,875,False,26,19,6,1667,1,1,11,2,0
296454,Ryan Kitto,2023,FFAC,875,False,4,4,0,356,1,1,2,1,0
296454,Ryan Kitto,2023,AUS1,875,False,27,26,1,2151,0,6,18,3,1
296454,Ryan Kitto,2022,FFAC,875,False,2,2,0,180,0,0,0,0,0
296454,Ryan Kitto,2022,AUSF,875,False,3,3,0,270,0,0,1,0,2
296454,Ryan Kitto,2022,AUS1,875,False,26,25,1,2247,6,3,27,10,5
296454,Ryan Kitto,2021,FFAC,875,False,3,3,0,300,0,0,5,1,1
296454,Ryan Kitto,2021,AUSF,875,False,3,3,0,277,0,0,1,0,0
296454,Ryan Kitto,2021,AUS1,875,False,26,24,0,1703,1,1,18,5,4
296454,Ryan Kitto,2020,FFAC,875,False,3,0,0,0,0,0,0,0,0
296454,Ryan Kitto,2020,AUSF,875,False,2,2,0,132,0,1,1,0,0
296454,Ryan Kitto,2020,AUS1,875,False,26,13,0,549,0,0,7,1,0
296454,Ryan Kitto,2019,AUS1,875,False,26,22,0,1041,0,1,1,1,1
296454,Ryan Kitto,2018,FFAC,875,False,5,4,0,360,0,0,1,0,1
296454,Ryan Kitto,2018,AUSF,875,False,2,2,0,240,1,0,7,1,0
296454,Ryan Kitto,2018,AUS1,875,False,27,23,0,1223,1,2,27,9,2
296454,Ryan Kitto,2017,FFAC,875,False,5,3,0,191,0,0,1,0,0
296454,Ryan Kitto,2017,AUSF,875,False,1,1,0,18,0,0,0,0,0
296454,Ryan Kitto,2017,AUS1,875,False,27,24,0,1466,7,4,0,0,2
296454,Ryan Kitto,2016,FFAC,875,False,4,1,0,88,0,0,0,0,0
296454,Ryan Kitto,2016,AUS1,875,False,27,16,0,899,0,1,0,0,1
296454,Ryan Kitto,2016,AFCL,875,False,6,1,0,10,0,0,0,0,0
296454,Ryan Kitto,2015,AUS1,5551,False,21,18,0,980,2,0,0,0,1
296454,Ryan Kitto,2013,AUS1,875,False,3,2,0,26,0,0,0,0,0
296454,Ryan Kitto,2012,23AF,77740,True,1,0,0,0,0,0,0,0,0
1104727,Sotiri Phillis,2026,ACEQ,875,False,1,0,0,0,0,0,0,0,0
1104727,Sotiri Phillis,2025,FFAC,875,False,1,0,0,0,0,0,0,0,0
1104727,Sotiri Phillis,2025,AUSF,875,False,2,0,0,0,0,0,0,0,0
1104727,Sotiri Phillis,2025,AUS1,875,False,26,6,0,449,0,0,3,0,1
1104727,Sotiri Phillis,2024,FFAC,875,False,1,0,0,0,0,0,0,0,0
1104727,Sotiri Phillis,2024,AUS1,875,False,1,0,0,0,0,0,0,0,0
1104727,Sotiri Phillis,2022,FS,32269,True,3,3,0,167,0,0,0,0,0
1104727,Sotiri Phillis,2022,A169,32269,True,3,3,0,270,0,0,0,0,0
1104727,Sotiri Phillis,2022,A168,32269,True,4,0,0,0,0,0,0,0,0
190687,Joshua Smits,2026,ACEQ,875,False,1,1,0,90,0,0,0,0,0
190687,Joshua Smits,2025,FFAC,875,False,1,1,0,90,0,0,0,0,0
190687,Joshua Smits,2025,AUSF,875,False,2,2,0,180,0,0,0,0,0
190687,Joshua Smits,2025,AUS1,875,False,26,26,0,2340,0,0,0,0,1
190687,Joshua Smits,2024,PON2,642,False,2,0,0,0,0,0,0,0,0
190687,Joshua Smits,2024,NLP,642,False,3,1,0,90,0,0,0,0,0
190687,Joshua Smits,2024,NL2,642,False,36,25,0,2250,0,0,0,0,0
190687,Joshua Smits,2024,NL1,403,False,2,0,0,0,0,0,0,0,0
190687,Joshua Smits,2023,NLP,403,False,2,0,0,0,0,0,0,0,0
190687,Joshua Smits,2023,NL2,403,False,38,38,0,3420,0,0,0,0,2
190687,Joshua Smits,2022,PON2,403,False,2,2,0,210,0,0,0,0,0
190687,Joshua Smits,2022,NLP,403,False,1,1,0,90,0,0,0,0,0
190687,Joshua Smits,2022,NL2,403,False,38,11,0,990,0,0,0,0,0
190687,Joshua Smits,2021,UCOL,501,False,12,1,0,90,0,0,0,0,0
190687,Joshua Smits,2021,NOPO,501,False,3,1,0,83,0,0,0,0,0
190687,Joshua Smits,2021,NO1,501,False,11,0,0,0,0,0,0,0,0
190687,Joshua Smits,2021,ECLQ,501,False,6,0,0,0,0,0,0,0,0
190687,Joshua Smits,2021,CLQ,501,False,2,0,0,0,0,0,0,0,0
190687,Joshua Smits,2020,NOPO,501,False,7,2,0,180,0,0,0,0,0
190687,Joshua Smits,2020,NO46,45445,False,1,1,0,90,0,0,0,0,0
190687,Joshua Smits,2020,NO1,501,False,30,1,0,90,0,0,0,0,0
190687,Joshua Smits,2020,ELQ,501,False,3,0,0,0,0,0,0,0,0
190687,Joshua Smits,2019,NO1,501,False,30,10,1,900,0,0,0,0,1
190687,Joshua Smits,2019,NLP,723,False,1,0,0,0,0,0,0,0,0
190687,Joshua Smits,2019,NL2,723,False,29,29,0,2610,0,0,0,0,1
190687,Joshua Smits,2018,PON2,723,False,2,0,2,0,0,0,0,0,0
190687,Joshua Smits,2018,NLP,723,False,2,0,2,0,0,0,0,0,0
190687,Joshua Smits,2018,NL2,723,False,38,0,38,0,0,0,0,0,0
190687,Joshua Smits,2017,PON2,723,False,6,0,6,0,0,0,0,0,0
190687,Joshua Smits,2017,NLP,467,False,3,1,1,90,0,0,0,0,0
190687,Joshua Smits,2017,NL2,723,False,17,0,17,0,0,0,0,0,0
190687,Joshua Smits,2017,NL2,467,False,21,6,9,540,0,0,0,0,0
190687,Joshua Smits,2016,PON2,467,False,4,0,0,0,0,0,0,0,0
190687,Joshua Smits,2016,NLP,467,False,1,0,0,0,0,0,0,0,0
190687,Joshua Smits,2016,NLBB,11154,False,13,7,0,630,0,0,0,0,0
190687,Joshua Smits,2016,NL1,467,False,34,0,0,0,0,0,0,0,0
190687,Joshua Smits,2015,NLP,467,False,3,0,0,0,0,0,0,0,0
190687,Joshua Smits,2015,NLBA,11154,False,1,1,0,90,0,0,0,0,0
190687,Joshua Smits,2015,NL1,467,False,34,0,0,0,0,0,0,0,0
190687,Joshua Smits,2014,NLP,467,False,3,3,0,300,0,0,0,0,0
190687,Joshua Smits,2014,NL2,467,False,38,35,3,3150,0,0,0,0,0
190687,Joshua Smits,2013,PON2,467,False,2,0,0,0,0,0,0,0,0
190687,Joshua Smits,2013,NLP,467,False,5,0,0,0,0,0,0,0,0
190687,Joshua Smits,2013,NLBE,11154,False,19,13,0,1170,0,0,0,0,0
190687,Joshua Smits,2013,NL1,467,False,34,0,0,0,0,0,0,0,0
190687,Joshua Smits,2012,NLP,467,False,1,0,0,0,0,0,0,0,0
190687,Joshua Smits,2012,NLBE,11154,False,6,3,0,270,0,0,0,0,0
190687,Joshua Smits,2012,NLBA,11154,False,19,7,0,630,0,0,0,0,0
190687,Joshua Smits,2012,NL2,1228,False,16,0,0,0,0,0,0,0,0
190687,Joshua Smits,2012,NL1,467,False,18,0,0,0,0,0,0,0,0
190687,Joshua Smits,2011,PONL,467,False,2,0,0,0,0,0,0,0,0
190687,Joshua Smits,2011,NLP,467,False,4,0,0,0,0,0,0,0,0
190687,Joshua Smits,2011,NLBE,11154,False,23,1,0,90,0,0,0,0,0
190687,Joshua Smits,2011,NL2,1228,False,1,0,0,0,0,0,0,0,0
190687,Joshua Smits,2011,NL1,467,False,34,0,0,0,0,0,0,0,0
1289687,Harry Crawford,2026,ACEQ,875,False,1,1,0,90,0,0,0,0,1
1289687,Harry Crawford,2025,FS,100451,True,2,2,0,114,0,0,0,0,0
1289687,Harry Crawford,2025,FFAC,875,False,1,1,0,21,0,0,0,0,0
1289687,Harry Crawford,2025,AUSF,875,False,2,2,0,81,1,0,4,2,0
1289687,Harry Crawford,2025,AUS1,875,False,26,5,1,158,0,0,4,0,0
1289687,Harry Crawford,2025,AF19,39276,True,4,2,0,78,0,0,0,0,0
1289687,Harry Crawford,2024,FS,100451,True,4,4,0,270,0,0,0,0,2
1289687,Harry Crawford,2024,FFAC,875,False,1,1,0,26,0,0,0,0,0
1289687,Harry Crawford,2024,AUSF,875,False,1,1,0,11,0,0,0,0,0
1289687,Harry Crawford,2024,AUS1,875,False,12,5,0,335,1,0,0,0,0
1289687,Harry Crawford,2023,FFAC,875,False,4,1,0,15,0,0,0,0,0
1431808,Vinko Stanisic,2026,ACEQ,875,False,1,0,0,0,0,0,0,0,0
1431808,Vinko Stanisic,2025,FFAC,875,False,1,0,0,0,0,0,0,0,0
1431808,Vinko Stanisic,2025,AUSF,875,False,2,0,0,0,0,0,0,0,0
1431808,Vinko Stanisic,2025,AUS1,875,False,26,3,0,161,0,0,0,0,1
1431808,Vinko Stanisic,2024,FFAC,875,False,1,0,0,0,0,0,0,0,0
1145215,Bailey O'Neil,2025,AUSF,875,False,2,0,0,0,0,0,0,0,0
1145215,Bailey O'Neil,2025,AUS1,875,False,26,0,0,0,0,0,0,0,0
1145215,Bailey O'Neil,2024,FS,22976,True,1,1,0,45,0,0,0,0,0
1145215,Bailey O'Neil,2024,FFAC,875,False,1,0,0,0,0,0,0,0,0
1145215,Bailey O'Neil,2024,AUSF,875,False,1,0,1,0,0,0,0,0,0
1145215,Bailey O'Neil,2024,AUS1,875,False,26,0,22,0,0,0,0,0,0
1145215,Bailey O'Neil,2024,AU2C,22976,True,4,0,0,0,0,0,0,0,0
1145215,Bailey O'Neil,2023,FS,22976,True,6,2,0,60,0,0,0,0,0
1145215,Bailey O'Neil,2023,FFAC,875,False,4,0,0,0,0,0,0,0,0
1145215,Bailey O'Neil,2023,AUS1,875,False,27,0,0,0,0,0,0,0,0
1145215,Bailey O'Neil,2022,FFAC,875,False,1,0,0,0,0,0,0,0,0
1145215,Bailey O'Neil,2022,A168,32269,True,4,4,0,334,0,0,2,2,0
1464075,Israel Monga,2026,ACEQ,875,False,1,0,0,0,0,0,0,0,0
1464075,Israel Monga,2025,FFAC,875,False,1,0,0,0,0,0,0,0,0
1464075,Israel Monga,2025,AUSF,875,False,2,0,0,0,0,0,0,0,0
1464075,Israel Monga,2025,AUS1,875,False,26,0,0,0,0,0,0,0,0
1104730,Fabian Talladira,2026,ACEQ,875,False,1,1,0,75,0,0,0,0,0
1104730,Fabian Talladira,2025,FS,22976,True,1,1,0,90,0,0,0,0,0
1104730,Fabian Talladira,2025,FFAC,875,False,1,1,0,85,0,0,0,0,0
1104730,Fabian Talladira,2025,AUSF,875,False,2,0,0,0,0,0,0,0,0
1104730,Fabian Talladira,2025,AUS1,875,False,26,8,0,195,0,0,3,1,0
1104730,Fabian Talladira,2024,FS,22976,True,4,4,0,184,0,0,1,0,0
1104730,Fabian Talladira,2024,FFAC,875,False,1,1,0,90,0,0,0,0,0
1104730,Fabian Talladira,2024,AUSF,875,False,1,0,0,0,0,0,0,0,0
1104730,Fabian Talladira,2024,AUS1,875,False,26,1,4,90,0,0,0,0,0
1104730,Fabian Talladira,2024,AU2C,22976,True,4,4,0,226,0,0,0,0,0
1104730,Fabian Talladira,2024,A920,22976,True,6,5,0,434,0,0,1,0,1
1104730,Fabian Talladira,2024,20WC,22976,True,3,2,0,180,0,0,1,0,0
1104730,Fabian Talladira,2023,FS,22976,True,6,2,0,123,0,0,0,0,0
1104730,Fabian Talladira,2023,FFAC,875,False,4,0,0,0,0,0,0,0,0
1104730,Fabian Talladira,2023,AUS1,875,False,5,0,0,0,0,0,0,0,0
1104730,Fabian Talladira,2023,AF19,39276,True,5,4,0,360,0,0,0,0,0
1104730,Fabian Talladira,2022,FS,32269,True,3,3,0,195,0,0,0,0,0
1104730,Fabian Talladira,2022,FFAC,875,False,2,2,0,9,0,0,0,0,0
1104730,Fabian Talladira,2022,A169,32269,True,3,3,0,129,0,0,0,0,0
1104730,Fabian Talladira,2022,A168,32269,True,4,3,0,225,0,0,2,0,0
1273785,Malual Nichola,2026,ACEQ,875,False,1,0,0,0,0,0,0,0,0
1273785,Malual Nichola,2025,FFAC,875,False,1,0,0,0,0,0,0,0,0
1273785,Malual Nichola,2025,AUSF,875,False,2,0,0,0,0,0,0,0,0
1273785,Malual Nichola,2025,AUS1,875,False,26,0,0,0,0,0,0,0,0
1273785,Malual Nichola,2024,FFAC,875,False,1,0,0,0,0,0,0,0,0
1273785,Malual Nichola,2024,AUSF,875,False,1,0,0,0,0,0,0,0,0
1273785,Malual Nichola,2024,AUS1,875,False,26,0,0,0,0,0,0,0,0
1273785,Malual Nichola,2023,FS,66880,True,1,1,0,75,0,0,0,0,0
1273785,Malual Nichola,2023,FFAC,875,False,3,0,0,0,0,0,0,0,0
1273785,Malual Nichola,2023,AF16,66880,True,5,3,0,201,0,0,0,0,1
1293968,Feyzo Kasumovic,2026,ACEQ,875,False,1,0,0,0,0,0,0,0,0
1293968,Feyzo Kasumovic,2025,FS,32269,True,2,2,0,135,0,0,0,0,0
1293968,Feyzo Kasumovic,2025,FFAC,875,False,1,0,0,0,0,0,0,0,0
1293968,Feyzo Kasumovic,2025,AUSF,875,False,2,0,0,0,0,0,0,0,0
1293968,Feyzo Kasumovic,2025,AUS1,875,False,26,0,0,0,0,0,0,0,0
1293968,Feyzo Kasumovic,2024,FFAC,875,False,1,0,0,0,0,0,0,0,0
1293968,Feyzo Kasumovic,2024,AUSF,875,False,1,0,0,0,0,0,0,0,0
1293968,Feyzo Kasumovic,2024,AUS1,875,False,26,0,0,0,0,0,0,0,0
1293968,Feyzo Kasumovic,2023,FS,66880,True,1,1,0,45,0,0,0,0,0
1293968,Feyzo Kasumovic,2023,FFAC,875,False,3,0,0,0,0,0,0,0,0
941357,Ethan Alagich,2026,ACEQ,875,False,1,1,0,90,0,0,0,0,0
941357,Ethan Alagich,2025,FFAC,875,False,1,1,0,85,0,0,0,0,1
941357,Ethan Alagich,2025,AUSF,875,False,2,2,0,180,0,0,2,0,1
941357,Ethan Alagich,2025,AUS1,875,False,26,21,5,1815,4,4,31,10,5
941357,Ethan Alagich,2025,A23Q,32270,True,3,2,0,146,2,0,0,0,0
941357,Ethan Alagich,2025,23AF,32270,True,4,3,0,270,1,1,6,3,0
941357,Ethan Alagich,2024,FS,77740,True,1,1,0,82,0,0,0,0,0
941357,Ethan Alagich,2024,FS,32270,True,3,1,0,71,0,1,0,0,0
941357,Ethan Alagich,2024,FFAC,875,False,1,0,0,0,0,0,0,0,0
941357,Ethan Alagich,2024,AUSF,875,False,1,1,0,79,0,0,0,0,0
941357,Ethan Alagich,2024,AUS1,875,False,26,26,0,2327,2,2,35,5,1
941357,Ethan Alagich,2023,FFAC,875,False,4,4,0,409,0,1,4,0,1
941357,Ethan Alagich,2023,AUS1,875,False,27,18,0,1076,0,0,19,1,1
941357,Ethan Alagich,2022,FFAC,875,False,2,2,0,49,0,0,0,0,0
941357,Ethan Alagich,2022,AUSF,875,False,3,2,0,79,0,0,3,0,1
941357,Ethan Alagich,2022,AUS1,875,False,25,19,0,760,0,1,8,1,4
941357,Ethan Alagich,2021,FFAC,875,False,3,1,0,1,0,0,0,0,0
941357,Ethan Alagich,2021,AUSF,875,False,3,0,0,0,0,0,0,0,0
941357,Ethan Alagich,2021,AUS1,875,False,17,0,0,0,0,0,0,0,0
857060,Jonny Yull,2026,ACEQ,875,False,1,1,0,66,0,0,0,0,0
857060,Jonny Yull,2025,FS,22976,True,1,0,0,0,0,0,0,0,0
857060,Jonny Yull,2025,FFAC,875,False,1,1,0,90,0,0,1,0,0
857060,Jonny Yull,2025,AUSF,875,False,2,2,0,173,0,0,5,1,0
857060,Jonny Yull,2025,AUS1,875,False,26,25,1,1823,4,5,41,21,0
857060,Jonny Yull,2024,FS,22976,True,4,1,0,45,0,0,0,0,0
857060,Jonny Yull,2024,FFAC,875,False,1,1,0,90,0,1,0,0,0
857060,Jonny Yull,2024,AUSF,875,False,1,1,0,11,0,0,0,0,0
857060,Jonny Yull,2024,AUS1,875,False,26,20,4,757,1,3,13,5,0
857060,Jonny Yull,2024,AU2C,22976,True,4,4,0,233,0,0,0,0,1
857060,Jonny Yull,2024,A920,22976,True,6,5,0,349,0,1,4,0,0
857060,Jonny Yull,2024,20WC,22976,True,2,1,0,12,0,0,1,0,0
857060,Jonny Yull,2023,FS,22976,True,6,0,0,0,0,0,0,0,0
857060,Jonny Yull,2023,FFAC,875,False,4,3,0,185,0,0,3,0,0
857060,Jonny Yull,2023,AUS1,875,False,27,18,4,918,0,0,12,1,1
857060,Jonny Yull,2022,FS,22976,True,1,0,1,0,0,0,0,0,0
857060,Jonny Yull,2022,FFAC,875,False,2,2,0,160,0,1,1,1,0
857060,Jonny Yull,2022,AUSF,875,False,3,0,3,0,0,0,0,0,0
857060,Jonny Yull,2022,AUS1,875,False,26,7,0,233,0,0,4,0,2
857060,Jonny Yull,2022,A920,22976,True,4,1,0,38,1,0,1,1,0
857060,Jonny Yull,2021,FFAC,875,False,3,0,0,0,0,0,0,0,0
857060,Jonny Yull,2021,AUSF,875,False,3,0,0,0,0,0,0,0,0
857060,Jonny Yull,2021,AUS1,875,False,26,0,0,0,0,0,0,0,0
857060,Jonny Yull,2020,FFAC,875,False,3,0,0,0,0,0,0,0,0
857060,Jonny Yull,2020,AUS1,875,False,4,2,0,23,0,0,0,0,0
1241886,Ryan White,2026,ACEQ,875,False,1,1,0,90,0,0,0,0,0
1241886,Ryan White,2025,FFAC,875,False,1,1,0,90,0,0,1,0,0
1241886,Ryan White,2025,AUSF,875,False,2,2,0,161,0,0,3,1,0
1241886,Ryan White,2025,AUS1,875,False,26,24,1,1609,3,2,24,8,2
1241886,Ryan White,2024,FS,22976,True,3,2,0,119,0,0,0,0,0
1241886,Ryan White,2024,FFAC,875,False,1,1,0,90,0,0,0,0,0
1241886,Ryan White,2024,AUSF,875,False,1,0,0,0,0,0,0,0,0
1241886,Ryan White,2024,AUS1,875,False,26,17,0,306,0,0,0,0,0
1241886,Ryan White,2023,FFAC,875,False,4,4,0,211,0,0,0,0,0
647456,Jay Barnett,2026,ACEQ,875,False,1,1,0,90,0,0,0,0,0
647456,Jay Barnett,2025,FFAC,875,False,1,1,0,90,0,0,0,0,0
647456,Jay Barnett,2025,AUSF,875,False,2,2,0,170,0,0,0,0,0
647456,Jay Barnett,2025,AUS1,875,False,26,21,1,1752,1,2,3,1,1
647456,Jay Barnett,2024,FFAC,875,False,1,0,0,0,0,0,0,0,0
647456,Jay Barnett,2024,AUSF,875,False,1,1,0,20,0,0,0,0,0
647456,Jay Barnett,2024,AUS1,875,False,26,25,1,1767,0,1,13,3,1
647456,Jay Barnett,2023,FFAC,875,False,4,2,0,157,0,0,0,0,0
647456,Jay Barnett,2023,AUS1,875,False,27,0,21,0,0,0,0,0,0
647456,Jay Barnett,2022,FFAC,875,False,2,0,2,0,0,0,0,0,0
647456,Jay Barnett,2022,AUSF,875,False,3,1,2,63,0,0,2,1,0
647456,Jay Barnett,2022,AUS1,875,False,11,5,2,234,0,0,2,2,0
647456,Jay Barnett,2022,AUS1,7006,False,14,4,0,79,0,0,4,1,0
647456,Jay Barnett,2021,FFAC,7006,False,1,1,0,65,0,1,0,0,0
647456,Jay Barnett,2021,AUSF,7006,False,2,0,0,0,0,0,0,0,0
647456,Jay Barnett,2021,AUS1,7006,False,26,3,0,136,0,0,1,0,0
647456,Jay Barnett,2021,ACLQ,7006,False,1,0,0,0,0,0,0,0,0
647456,Jay Barnett,2020,FFAC,7006,False,5,2,0,155,0,0,0,0,0
647456,Jay Barnett,2020,AUS1,7006,False,26,19,0,801,0,0,0,0,3
647456,Jay Barnett,2019,AUS1,7006,False,26,9,0,455,0,0,1,0,2
647456,Jay Barnett,2019,AU2C,39276,True,3,2,0,180,0,0,0,0,0
647456,Jay Barnett,2019,AFCL,7006,False,7,7,0,287,0,0,2,1,0
647456,Jay Barnett,2019,ACLQ,7006,False,2,1,0,27,0,0,1,0,0
647456,Jay Barnett,2018,FFAC,7006,False,1,0,0,0,0,0,0,0,0
647456,Jay Barnett,2018,AUS1,7831,False,12,3,0,32,0,0,0,0,0
85357,Juan Muñiz,2026,ACEQ,875,False,1,1,0,66,0,0,0,0,0
85357,Juan Muñiz,2025,FFAC,875,False,1,1,0,90,0,1,3,2,1
85357,Juan Muñiz,2025,AUSF,875,False,2,2,0,27,0,0,1,0,0
85357,Juan Muñiz,2025,AUS1,875,False,26,24,1,1217,3,2,30,13,3
85357,Juan Muñiz,2024,MYSP,15817,False,6,5,0,423,4,2,0,0,0
85357,Juan Muñiz,2024,MYS1,15817,False,24,19,1,1411,6,9,0,0,3
85357,Juan Muñiz,2024,MYC1,15817,False,7,4,0,218,1,3,0,0,0
85357,Juan Muñiz,2024,ACLE,15817,False,10,8,0,576,1,2,14,4,3
85357,Juan Muñiz,2023,AFCL,15817,False,6,5,0,345,1,0,9,4,2
85357,Juan Muñiz,2022,MYSP,15817,False,4,4,0,185,0,2,0,0,0
85357,Juan Muñiz,2022,MYSC,15817,False,1,0,0,0,0,0,0,0,0
85357,Juan Muñiz,2022,MYS1,15817,False,26,23,0,1318,9,6,0,0,2
85357,Juan Muñiz,2022,MYC1,15817,False,7,5,0,256,2,4,0,0,1
85357,Juan Muñiz,2022,GRP,3060,False,2,1,0,53,1,1,0,0,1
85357,Juan Muñiz,2022,GR1,3060,False,16,11,0,504,1,0,13,6,3
85357,Juan Muñiz,2021,S1PO,3060,False,7,7,0,534,1,0,3,1,2
85357,Juan Muñiz,2021,GRP,3060,False,1,0,0,0,0,0,0,0,0
85357,Juan Muñiz,2021,GR1,3060,False,26,21,3,1428,4,4,22,9,2
85357,Juan Muñiz,2020,S1PO,3060,False,7,5,0,239,0,0,2,0,1
85357,Juan Muñiz,2020,GRP,3060,False,2,2,0,162,0,2,0,0,0
85357,Juan Muñiz,2020,GR1,3060,False,26,21,0,1061,3,2,22,13,3
85357,Juan Muñiz,2019,S1PO,60949,False,7,6,0,450,0,1,0,0,2
85357,Juan Muñiz,2019,GRP,60949,False,4,4,0,303,0,0,0,0,2
85357,Juan Muñiz,2019,GR1,60949,False,26,22,4,1851,5,3,6,3,8
85357,Juan Muñiz,2018,ES2,11000,False,42,21,0,826,1,4,29,10,4
85357,Juan Muñiz,2018,CDR,11000,False,4,4,0,342,1,0,11,7,0
85357,Juan Muñiz,2017,ES2,5648,False,42,23,1,1077,1,1,0,0,9
85357,Juan Muñiz,2017,CDR,5648,False,1,1,0,88,0,0,0,0,1
85357,Juan Muñiz,2016,ES2,5648,False,42,24,0,1632,4,2,0,0,8
85357,Juan Muñiz,2016,CDR,5648,False,4,3,0,241,0,0,0,0,1
85357,Juan Muñiz,2015,ES2,5648,False,23,13,0,429,0,4,0,0,4
85357,Juan Muñiz,2015,ES1P,5648,False,2,2,0,93,1,0,0,0,1
85357,Juan Muñiz,2015,ES1,2448,False,17,4,0,58,0,0,0,0,1
85357,Juan Muñiz,2015,CDR,2448,False,2,1,0,73,0,0,0,0,0
85357,Juan Muñiz,2014,ES2,2448,False,42,29,8,987,3,5,0,0,6
85357,Juan Muñiz,2014,CDR,2448,False,1,1,0,61,0,0,0,0,0
85357,Juan Muñiz,2013,ES2,13222,False,42,20,0,847,2,2,0,0,5
85357,Juan Muñiz,2013,CDR,13222,False,1,1,0,49,1,0,0,0,0
85357,Juan Muñiz,2012,ES2,2448,False,42,18,0,861,3,2,0,0,3
85357,Juan Muñiz,2012,CDR,2448,False,4,4,0,295,0,0,0,0,0
85357,Juan Muñiz,2011,ES3A,12331,False,38,29,2,2422,7,1,0,0,14
85357,Juan Muñiz,2011,ES1,2448,False,23,1,0,45,0,0,0,0,0
85357,Juan Muñiz,2011,CDR,2448,False,2,1,0,19,1,0,0,0,0
85357,Juan Muñiz,2010,U19Q,12609,True,3,0,0,0,0,0,0,0,0
85357,Juan Muñiz,2010,FS,12609,True,5,1,0,18,0,0,0,0,0
85357,Juan Muñiz,2010,ES3B,12331,False,38,35,0,2736,6,0,0,0,10
85357,Juan Muñiz,2010,ES1,2448,False,30,1,0,25,0,0,0,0,0
85357,Juan Muñiz,2010,CDR,2448,False,2,1,0,37,1,0,0,0,0
85357,Juan Muñiz,2010,19EU,12609,True,5,5,0,194,1,2,0,0,0
85357,Juan Muñiz,2009,ES3B,12331,False,21,20,0,1224,3,0,0,0,4
85357,Juan Muñiz,2009,ES1,2448,False,1,1,0,45,0,0,0,0,0
703660,Luke Duzel,2026,ACEQ,875,False,1,1,0,15,0,0,0,0,0
703660,Luke Duzel,2025,FFAC,875,False,1,1,0,76,0,0,1,1,0
703660,Luke Duzel,2025,AUSF,875,False,2,1,0,90,0,0,1,1,0
703660,Luke Duzel,2025,AUS1,875,False,26,23,2,1289,2,0,14,4,3
703660,Luke Duzel,2024,FFAC,875,False,1,1,0,90,0,0,0,0,0
703660,Luke Duzel,2024,AUSF,875,False,1,0,0,0,0,0,0,0,0
703660,Luke Duzel,2024,AUS1,875,False,26,1,14,1,0,0,0,0,0
703660,Luke Duzel,2023,FFAC,875,False,4,0,0,0,0,0,0,0,0
703660,Luke Duzel,2023,AUS1,875,False,27,17,0,448,0,0,6,1,1
703660,Luke Duzel,2022,FFAC,875,False,2,0,0,0,0,0,0,0,0
703660,Luke Duzel,2022,AUSF,875,False,3,1,0,9,0,0,1,1,0
703660,Luke Duzel,2022,AUS1,875,False,11,2,0,8,0,0,0,0,0
703660,Luke Duzel,2022,AUS1,71084,False,15,0,0,0,0,0,0,0,0
703660,Luke Duzel,2021,FFAC,71084,False,2,0,0,0,0,0,0,0,0
703660,Luke Duzel,2021,AUSF,71084,False,4,0,0,0,0,0,0,0,0
703660,Luke Duzel,2021,AUS1,71084,False,26,0,0,0,0,0,0,0,0
703660,Luke Duzel,2021,A23Q,32270,True,2,1,0,90,0,0,0,0,1
703660,Luke Duzel,2020,FFAC,71084,False,1,1,0,90,0,0,0,0,0
703660,Luke Duzel,2020,AUS1,71084,False,26,13,0,662,0,0,8,2,3
703660,Luke Duzel,2019,FS,32269,True,2,2,0,116,0,0,0,0,0
703660,Luke Duzel,2019,AUSF,71084,False,2,0,0,0,0,0,0,0,0
703660,Luke Duzel,2019,AUS1,71084,False,26,3,0,118,0,0,2,0,0
703660,Luke Duzel,2018,17WC,32269,True,4,3,0,42,0,0,2,0,0
703660,Luke Duzel,2017,A168,66880,True,5,5,0,348,1,0,0,0,1
1038441,Luka Jovanović,2025,MLS1,218,False,6,2,0,106,0,0,2,1,0
1038441,Luka Jovanović,2025,FS,22976,True,1,1,0,90,2,0,0,0,0
1038441,Luka Jovanović,2025,AUSF,875,False,2,1,1,66,0,0,2,0,0
1038441,Luka Jovanović,2025,AUS1,875,False,26,23,3,1639,11,3,55,23,2
1038441,Luka Jovanović,2025,23AF,32270,True,4,4,0,253,1,1,5,3,0
1038441,Luka Jovanović,2024,FS,22976,True,4,1,0,45,1,0,0,0,0
1038441,Luka Jovanović,2024,FFAC,875,False,1,1,0,81,0,0,1,0,0
1038441,Luka Jovanović,2024,AUSF,875,False,1,1,0,88,1,0,4,1,0
1038441,Luka Jovanović,2024,AUS1,875,False,26,20,4,695,4,0,19,5,2
1038441,Luka Jovanović,2024,AU2C,22976,True,4,4,0,220,2,0,0,0,0
1038441,Luka Jovanović,2024,A920,22976,True,6,6,0,479,3,1,17,9,1
1038441,Luka Jovanović,2024,20WC,22976,True,3,2,0,95,0,0,5,2,0
1038441,Luka Jovanović,2023,FS,22976,True,6,2,0,85,0,0,0,0,0
1038441,Luka Jovanović,2023,FFAC,875,False,4,3,0,315,2,0,9,4,1
1038441,Luka Jovanović,2023,AUS1,875,False,27,24,1,929,4,2,31,16,2
1038441,Luka Jovanović,2022,FS,100451,True,3,3,0,174,1,0,2,0,0
1038441,Luka Jovanović,2022,FFAC,875,False,2,2,0,46,0,1,6,2,0
1038441,Luka Jovanović,2022,AUSF,875,False,3,0,0,0,0,0,0,0,0
1038441,Luka Jovanović,2022,AUS1,875,False,26,9,0,345,3,0,9,6,0
1038441,Luka Jovanović,2021,FFAC,875,False,3,0,0,0,0,0,0,0,0
114341,Anselmo,2026,ACEQ,875,False,1,1,0,24,0,0,0,0,0
114341,Anselmo,2025,FFAC,875,False,1,1,0,14,0,0,1,0,0
114341,Anselmo,2025,AUSF,875,False,2,2,0,114,0,0,3,1,0
114341,Anselmo,2025,AUS1,875,False,26,12,13,483,2,1,20,11,2
114341,Anselmo,2024,MYS1,15817,False,5,0,5,0,0,0,0,0,0
114341,Anselmo,2024,MYC1,15817,False,1,0,1,0,0,0,0,0,0
114341,Anselmo,2024,ACLE,15817,False,3,2,0,63,0,0,0,0,0
114341,Anselmo,2023,SASS,17209,False,1,1,0,90,0,0,3,1,0
114341,Anselmo,2023,SAKC,17209,False,2,2,0,178,0,1,2,2,0
114341,Anselmo,2023,SA1,17209,False,34,31,0,2658,5,2,44,19,8
114341,Anselmo,2022,SAKC,17209,False,4,4,0,390,2,0,5,3,1
114341,Anselmo,2022,SA1,17209,False,30,27,0,2406,3,2,57,15,5
114341,Anselmo,2021,SAKC,18544,False,2,2,0,110,0,0,0,0,1
114341,Anselmo,2021,SA1,18544,False,27,20,1,1330,0,0,15,5,5
114341,Anselmo,2020,SAKC,17209,False,1,1,0,90,0,0,1,1,0
114341,Anselmo,2020,SA1,17209,False,30,26,3,2299,4,2,41,13,12
114341,Anselmo,2020,AFCL,18544,False,3,0,0,0,0,0,0,0,0
114341,Anselmo,2020,ACLQ,17209,False,1,1,0,84,0,0,2,0,0
114341,Anselmo,2019,SAKC,17209,False,4,4,0,285,0,0,3,0,1
114341,Anselmo,2019,SA1,17209,False,30,25,2,2159,10,3,44,20,10
114341,Anselmo,2018,SAKC,17209,False,4,2,0,159,0,0,0,0,0
114341,Anselmo,2018,SA1,17209,False,30,20,2,1562,0,2,20,5,5
114341,Anselmo,2017,BRPE,8718,False,13,11,0,990,4,0,0,0,4
114341,Anselmo,2017,BRC,8718,False,2,2,0,180,1,0,0,0,1
114341,Anselmo,2017,BRA1,8718,False,9,8,0,720,2,1,9,3,2
114341,Anselmo,2017,BRA1,6600,False,3,0,0,0,0,0,0,0,0
114341,Anselmo,2016,RS2f,6600,False,6,4,0,159,0,0,0,0,0
114341,Anselmo,2016,CS,8718,False,6,4,0,182,0,0,0,0,2
114341,Anselmo,2016,BRRS,6600,False,11,8,0,474,0,0,0,0,4
114341,Anselmo,2016,BRPE,8718,False,1,0,0,0,0,0,0,0,0
114341,Anselmo,2016,BRNF,8718,False,1,0,0,0,0,0,0,0,0
114341,Anselmo,2016,BRC2,6600,False,3,2,0,106,0,0,0,0,1
114341,Anselmo,2016,BRC,8718,False,1,0,0,0,0,0,0,0,0
114341,Anselmo,2016,BRC,6600,False,7,2,0,180,0,0,0,0,0
114341,Anselmo,2016,BRA2,6600,False,2,0,0,0,0,0,0,0,0
114341,Anselmo,2016,BRA1,8718,False,37,21,2,1363,0,1,16,1,5
114341,Anselmo,2015,BRSC,3330,False,20,17,0,1530,1,0,0,0,6
114341,Anselmo,2015,BRC,6600,False,6,0,0,0,0,0,0,0,0
114341,Anselmo,2015,BRC,3330,False,2,2,0,180,0,0,0,0,1
114341,Anselmo,2015,BRA1,6600,False,38,17,0,1117,0,0,12,0,8
114341,Anselmo,2014,CS,3330,False,2,1,0,90,0,0,0,0,0
114341,Anselmo,2014,BRSC,3330,False,21,4,0,194,0,0,0,0,0
114341,Anselmo,2014,BRC,3330,False,2,0,0,0,0,0,0,0,0
114341,Anselmo,2014,BRA1,3330,False,38,29,0,2430,0,1,31,1,9
114341,Anselmo,2013,BRA3,291,False,10,2,0,180,0,0,0,0,1
114341,Anselmo,2013,BRA2,3330,False,23,17,0,1248,1,2,0,0,8
114341,Anselmo,2012,IT1,458,False,20,5,0,189,1,0,0,0,1
114341,Anselmo,2012,IT1,252,False,18,5,7,131,0,0,0,0,1
114341,Anselmo,2012,CIT,252,False,1,0,0,0,0,0,0,0,0
114341,Anselmo,2012,BRA2,291,False,30,18,0,1039,1,0,0,0,4
114341,Anselmo,2011,BRC,1023,False,2,0,0,0,0,0,0,0,0
114341,Anselmo,2011,BRA2,291,False,8,4,0,229,0,0,0,0,1
114341,Anselmo,2011,BRA1,1023,False,7,0,0,0,0,0,0,0,0
114341,Anselmo,2011,BCP1,291,False,19,14,0,1098,0,0,0,0,3
114341,Anselmo,2010,BRC,1023,False,5,0,0,0,0,0,0,0,0
114341,Anselmo,2010,BRA2,8698,False,38,19,0,1406,1,0,0,0,6
114341,Anselmo,2010,BRA1,1023,False,1,0,0,0,0,0,0,0,0
114341,Anselmo,2010,BCPF,1023,False,1,0,0,0,0,0,0,0,0
114341,Anselmo,2010,BCP1,1023,False,19,0,0,0,0,0,0,0,0
114341,Anselmo,2009,CS,1023,False,8,0,0,0,0,0,0,0,0
114341,Anselmo,2009,BRC,1023,False,8,0,0,0,0,0,0,0,0
114341,Anselmo,2009,BRA1,1023,False,38,0,0,0,0,0,0,0,0
114341,Anselmo,2009,BCP1,1023,False,19,2,0,65,0,0,0,0,0
114341,Anselmo,2008,CLI,1023,False,12,0,0,0,0,0,0,0,0
114341,Anselmo,2008,BRA1,1023,False,38,0,0,0,0,0,0,0,0
114341,Anselmo,2008,BCPF,1023,False,2,0,0,0,0,0,0,0,0
114341,Anselmo,2008,BCP1,1023,False,19,0,0,0,0,0,0,0,0
652487,Yaya Dukuly,2026,SL1,710,False,5,4,0,225,1,0,0,0,0
652487,Yaya Dukuly,2026,CLQ,710,False,5,5,0,209,1,0,0,0,1
652487,Yaya Dukuly,2025,AUSF,875,False,2,2,0,180,0,1,1,0,0
652487,Yaya Dukuly,2025,AUS1,875,False,26,23,3,1805,2,6,49,19,3
652487,Yaya Dukuly,2025,A23Q,32270,True,3,2,0,102,2,0,0,0,0
652487,Yaya Dukuly,2025,23AF,32270,True,4,4,0,326,1,1,5,2,1
652487,Yaya Dukuly,2024,FS,77740,True,1,1,0,70,0,0,0,0,0
652487,Yaya Dukuly,2024,FS,32270,True,3,1,0,71,1,0,4,3,0
652487,Yaya Dukuly,2024,FFAC,875,False,1,1,0,64,0,0,1,1,0
652487,Yaya Dukuly,2024,AUSF,875,False,1,1,0,20,0,0,0,0,0
652487,Yaya Dukuly,2024,AUS1,875,False,26,19,0,720,1,4,16,6,0
652487,Yaya Dukuly,2023,FR5I,11204,False,14,14,0,894,1,0,0,0,1
652487,Yaya Dukuly,2023,FFAC,875,False,4,4,0,115,1,0,3,2,1
652487,Yaya Dukuly,2023,AUS1,875,False,12,3,0,37,0,0,3,1,0
652487,Yaya Dukuly,2022,FS,22976,True,3,2,0,172,0,0,0,0,0
652487,Yaya Dukuly,2022,FR4B,11204,False,30,17,0,679,1,0,0,0,0
652487,Yaya Dukuly,2022,AU2C,22976,True,3,3,0,186,0,0,0,0,1
652487,Yaya Dukuly,2021,AUSF,875,False,3,0,0,0,0,0,0,0,0
652487,Yaya Dukuly,2021,AUS1,875,False,26,4,0,114,0,0,5,1,0
652487,Yaya Dukuly,2020,FFAC,875,False,3,0,0,0,0,0,0,0,0
652487,Yaya Dukuly,2020,AUSF,875,False,2,0,0,0,0,0,0,0,0
652487,Yaya Dukuly,2020,AUS1,875,False,26,10,0,417,1,0,8,2,0
652487,Yaya Dukuly,2019,FS,32269,True,2,1,0,90,0,0,0,0,0
652487,Yaya Dukuly,2019,AUSF,25580,False,2,0,0,0,0,0,0,0,0
652487,Yaya Dukuly,2019,AUS1,25580,False,26,0,0,0,0,0,0,0,0
652487,Yaya Dukuly,2018,FFAC,25580,False,3,0,0,0,0,0,0,0,0
652487,Yaya Dukuly,2018,AUS1,25580,False,1,0,0,0,0,0,0,0,0
652487,Yaya Dukuly,2018,17WC,32269,True,4,1,0,12,0,0,0,0,0
214798,Craig Goodwin,2026,ACEQ,875,False,1,1,0,66,0,0,0,0,0
214798,Craig Goodwin,2025,FS,3433,True,6,1,0,45,0,0,0,0,0
214798,Craig Goodwin,2025,FFAC,875,False,1,1,0,69,1,0,2,2,0
214798,Craig Goodwin,2025,AUSF,875,False,2,2,0,39,0,0,0,0,1
214798,Craig Goodwin,2025,AUS1,875,False,26,16,10,1181,3,4,17,7,3
214798,Craig Goodwin,2024,SAKC,17209,False,2,2,0,139,0,0,2,0,0
214798,Craig Goodwin,2024,SA1,17209,False,34,28,3,1923,6,7,36,15,1
214798,Craig Goodwin,2024,FFAC,875,False,1,0,0,0,0,0,0,0,0
214798,Craig Goodwin,2023,WMQ1,3433,True,16,9,3,540,3,6,7,5,2
214798,Craig Goodwin,2023,SASS,17209,False,1,0,1,0,0,0,0,0,0
214798,Craig Goodwin,2023,SAKC,17209,False,2,2,0,106,0,0,3,1,0
214798,Craig Goodwin,2023,SA1,17209,False,29,22,7,1650,6,3,29,12,2
214798,Craig Goodwin,2023,FS,3433,True,4,3,0,160,0,2,4,0,1
214798,Craig Goodwin,2022,FS,3433,True,5,2,0,147,0,1,1,0,0
214798,Craig Goodwin,2022,FFAC,875,False,2,2,0,180,1,0,8,2,0
214798,Craig Goodwin,2022,AUSF,875,False,3,3,0,270,3,0,7,4,0
214798,Craig Goodwin,2022,AUS1,875,False,26,25,0,2160,12,10,51,23,3
214798,Craig Goodwin,2022,AFAC,3433,True,5,3,0,148,2,1,5,3,0
214798,Craig Goodwin,2021,POWM,3433,True,1,1,0,1,0,0,0,0,0
214798,Craig Goodwin,2021,FS,3433,True,1,1,0,90,0,1,1,0,0
214798,Craig Goodwin,2021,FIWC,3433,True,4,4,0,236,1,2,2,1,0
214798,Craig Goodwin,2021,FFAC,875,False,3,0,0,0,0,0,0,0,0
214798,Craig Goodwin,2021,AUSF,875,False,3,3,0,300,1,1,5,3,1
214798,Craig Goodwin,2021,AUS1,875,False,26,24,0,1871,7,6,58,23,3
214798,Craig Goodwin,2020,SAKC,40039,False,1,1,0,45,0,0,1,0,0
214798,Craig Goodwin,2020,SA1,40039,False,17,16,0,1333,2,1,20,6,2
214798,Craig Goodwin,2020,FFAC,875,False,3,0,0,0,0,0,0,0,0
214798,Craig Goodwin,2020,AUSF,875,False,2,0,0,0,0,0,0,0,0
214798,Craig Goodwin,2020,AUS1,875,False,20,18,0,1575,8,5,49,23,2
214798,Craig Goodwin,2019,WMQ1,3433,True,19,4,0,184,1,2,8,3,0
214798,Craig Goodwin,2019,SAKC,40039,False,1,1,0,86,0,0,2,0,0
214798,Craig Goodwin,2019,SAKC,17209,False,4,4,0,390,1,0,6,1,1
214798,Craig Goodwin,2019,SA1,17209,False,30,29,1,2525,4,7,51,19,5
214798,Craig Goodwin,2018,FS,3433,True,5,1,0,73,0,0,0,0,0
214798,Craig Goodwin,2018,AUSF,875,False,2,2,0,240,0,0,2,0,0
214798,Craig Goodwin,2018,AUS1,875,False,27,27,0,2416,10,9,57,27,5
214798,Craig Goodwin,2018,AFAC,3433,True,5,0,0,0,0,0,0,0,0
214798,Craig Goodwin,2017,POWM,3433,True,2,0,0,0,0,0,0,0,0
214798,Craig Goodwin,2017,NLP,468,False,1,1,0,90,0,0,0,0,1
214798,Craig Goodwin,2017,NL1,468,False,33,20,0,1148,2,0,0,0,2
214798,Craig Goodwin,2017,FS,3433,True,4,0,0,0,0,0,0,0,0
214798,Craig Goodwin,2017,FIWC,3433,True,3,0,0,0,0,0,0,0,0
214798,Craig Goodwin,2017,FFAC,875,False,5,4,0,343,5,0,8,4,0
214798,Craig Goodwin,2016,WMQ1,3433,True,12,0,0,0,0,0,0,0,0
214798,Craig Goodwin,2016,NLP,468,False,5,3,0,66,0,0,0,0,0
214798,Craig Goodwin,2016,NL1,468,False,34,27,1,1312,4,6,0,0,2
214798,Craig Goodwin,2016,FS,3433,True,1,0,0,0,0,0,0,0,0
214798,Craig Goodwin,2016,CONC,3433,True,3,0,0,0,0,0,0,0,0
214798,Craig Goodwin,2015,FS,3433,True,3,1,0,6,0,0,0,0,0
214798,Craig Goodwin,2015,AUSF,875,False,2,2,0,170,0,0,0,0,1
214798,Craig Goodwin,2015,AUS1,875,False,27,24,0,2159,4,1,0,0,6
214798,Craig Goodwin,2015,ACLQ,875,False,1,1,0,90,0,0,0,0,0
214798,Craig Goodwin,2014,WMQ1,3433,True,8,0,0,0,0,0,0,0,0
214798,Craig Goodwin,2014,FS,3433,True,7,0,0,0,0,0,0,0,0
214798,Craig Goodwin,2014,FFAC,875,False,1,0,0,0,0,0,0,0,0
214798,Craig Goodwin,2014,AUSF,875,False,2,2,0,180,2,0,0,0,0
214798,Craig Goodwin,2014,AUS1,875,False,27,26,0,1968,4,2,0,0,3
214798,Craig Goodwin,2014,AFAC,3433,True,6,0,0,0,0,0,0,0,0
214798,Craig Goodwin,2013,FS,3433,True,7,0,0,0,0,0,0,0,0
214798,Craig Goodwin,2013,FIWC,3433,True,3,0,0,0,0,0,0,0,0
214798,Craig Goodwin,2013,FFAC,875,False,3,0,0,0,0,0,0,0,0
214798,Craig Goodwin,2013,AUS1,5551,False,27,19,0,941,2,2,0,0,1
214798,Craig Goodwin,2012,EAFC,3433,True,3,2,0,92,0,0,0,0,0
214798,Craig Goodwin,2012,AUS1,5551,False,27,25,0,1816,3,3,0,0,3
214798,Craig Goodwin,2011,AUSF,25580,False,1,0,0,0,0,0,0,0,0
214798,Craig Goodwin,2011,AUS1,25580,False,8,4,0,299,0,0,0,0,0
532107,Ben Folami,2026,ACEQ,875,False,1,0,0,0,0,0,0,0,0
532107,Ben Folami,2025,FFAC,875,False,1,0,0,0,0,0,0,0,0
532107,Ben Folami,2025,AUSF,875,False,2,0,0,0,0,0,0,0,0
532107,Ben Folami,2025,AUS1,875,False,26,6,0,67,0,1,2,0,0
532107,Ben Folami,2024,FFAC,875,False,1,0,0,0,0,0,0,0,0
532107,Ben Folami,2024,AUSF,875,False,1,0,0,0,0,0,0,0,0
532107,Ben Folami,2024,AUS1,875,False,26,22,2,1070,1,2,26,10,1
532107,Ben Folami,2023,FFAC,875,False,1,0,0,0,0,0,0,0,0
532107,Ben Folami,2023,FFAC,7006,False,3,0,0,0,0,0,0,0,0
532107,Ben Folami,2023,AUSF,7006,False,4,4,0,197,0,0,5,3,0
532107,Ben Folami,2023,AUS1,7006,False,27,26,0,1057,2,2,31,13,1
532107,Ben Folami,2022,FFAC,7006,False,1,1,0,55,0,1,0,0,0
532107,Ben Folami,2022,AUS1,7006,False,26,26,0,1765,1,1,29,9,1
532107,Ben Folami,2021,FFAC,7006,False,1,1,0,90,0,0,1,0,0
532107,Ben Folami,2021,AUSF,7006,False,2,2,0,164,0,0,5,1,0
532107,Ben Folami,2021,AUS1,7006,False,26,24,0,1667,3,2,39,16,1
532107,Ben Folami,2021,ACLQ,7006,False,1,1,0,60,1,1,1,1,0
532107,Ben Folami,2020,GBFL,677,False,1,1,0,90,1,0,3,2,1
532107,Ben Folami,2020,GB3,677,False,5,0,5,0,0,0,0,0,0
532107,Ben Folami,2020,FFAC,7006,False,5,1,0,74,0,0,2,1,1
532107,Ben Folami,2020,AUS1,7006,False,26,17,3,1018,3,1,26,12,2
532107,Ben Folami,2019,WMQ1,3433,True,2,1,0,1,0,0,0,0,0
532107,Ben Folami,2019,GBFL,677,False,3,1,1,90,0,0,4,0,0
532107,Ben Folami,2019,GB4,3684,False,6,2,4,29,0,0,0,0,0
532107,Ben Folami,2019,GB3,677,False,13,0,13,0,0,0,0,0,0
532107,Ben Folami,2019,FS,32270,True,1,1,0,90,0,0,0,0,0
532107,Ben Folami,2019,FAC,677,False,3,0,3,0,0,0,0,0,0
532107,Ben Folami,2019,AFCL,7006,False,5,5,0,300,1,0,3,1,0
532107,Ben Folami,2019,23AF,32270,True,6,3,0,49,0,0,3,1,0
532107,Ben Folami,2017,GB2,677,False,42,4,0,178,0,0,0,0,0
532107,Ben Folami,2017,FAC,677,False,1,0,0,0,0,0,0,0,0
532107,Ben Folami,2017,CGB,677,False,1,1,0,61,0,0,0,0,0
532107,Ben Folami,2017,A198,39276,True,4,4,0,338,1,1,0,0,0
532107,Ben Folami,2017,21PL,26117,False,6,0,0,0,0,0,0,0,0
1403601,Brody Burkitt,2026,ACEQ,875,False,1,1,0,24,0,0,0,0,0
1403601,Brody Burkitt,2025,FFAC,875,False,1,1,0,5,0,0,0,0,0
1403601,Brody Burkitt,2025,AUSF,875,False,2,2,0,89,0,0,0,0,0
1403601,Brody Burkitt,2025,AUS1,875,False,21,12,0,357,3,2,13,7,2
863564,Austin Ayoubi,2025,AUSF,875,False,2,0,0,0,0,0,0,0,0
863564,Austin Ayoubi,2025,AUS1,875,False,26,12,1,188,1,1,3,2,0
863564,Austin Ayoubi,2024,FFAC,875,False,1,1,0,9,0,0,0,0,0
863564,Austin Ayoubi,2024,AUSF,875,False,1,0,1,0,0,0,0,0,0
863564,Austin Ayoubi,2024,AUS1,875,False,26,15,0,523,2,2,0,0,0
863564,Austin Ayoubi,2024,ACQU,3586,True,1,1,0,15,0,0,0,0,0
863564,Austin Ayoubi,2023,FFAC,875,False,4,4,0,229,2,2,0,0,0
863564,Austin Ayoubi,2023,AUS1,875,False,23,7,8,160,0,1,0,0,0
863564,Austin Ayoubi,2022,FFAC,30583,False,3,3,0,265,1,0,0,0,0
863564,Austin Ayoubi,2021,FFAC,11335,False,2,0,0,0,0,0,0,0,0
863564,Austin Ayoubi,2020,FFAC,11335,False,1,0,0,0,0,0,0,0,0
1321410,Joey Garuccio,2026,ACEQ,875,False,1,0,0,0,0,0,0,0,0
1321410,Joey Garuccio,2025,FFAC,875,False,1,0,0,0,0,0,0,0,0
1321410,Joey Garuccio,2025,AUSF,875,False,2,0,0,0,0,0,0,0,0
1321410,Joey Garuccio,2025,AUS1,875,False,26,7,4,107,1,0,2,1,0
1321410,Joey Garuccio,2024,FFAC,875,False,1,0,0,0,0,0,0,0,0
1321410,Joey Garuccio,2023,FFAC,875,False,1,0,0,0,0,0,0,0,0
1237914,Amlani Tatu,2026,ACEQ,875,False,1,0,0,0,0,0,0,0,0
1237914,Amlani Tatu,2025,FS,22976,True,2,2,0,109,1,0,3,2,0
1237914,Amlani Tatu,2025,FFAC,875,False,1,1,0,5,0,0,0,0,0
1237914,Amlani Tatu,2025,AUSF,875,False,2,0,0,0,0,0,0,0,0
1237914,Amlani Tatu,2025,AUS1,875,False,26,5,0,102,0,0,4,1,0
1237914,Amlani Tatu,2025,AF19,39276,True,4,4,0,252,0,0,0,0,1
1237914,Amlani Tatu,2024,FS,32269,True,3,0,0,0,0,0,0,0,0
1237914,Amlani Tatu,2024,FFAC,875,False,1,0,0,0,0,0,0,0,0
1237914,Amlani Tatu,2024,AUSF,875,False,1,0,0,0,0,0,0,0,0
1237914,Amlani Tatu,2024,AUS1,875,False,26,3,0,42,0,0,3,0,0
1237914,Amlani Tatu,2024,A169,32269,True,1,1,0,90,0,0,0,0,0
1237914,Amlani Tatu,2024,A168,32269,True,3,3,0,270,0,0,12,3,1
1237914,Amlani Tatu,2023,FS,66880,True,1,1,0,75,1,0,0,0,0
1237914,Amlani Tatu,2023,FFAC,875,False,3,0,0,0,0,0,0,0,0
1237914,Amlani Tatu,2023,AF16,66880,True,5,5,0,394,3,2,0,0,0
1029949,Jake Najdovski,2026,ACEQ,875,False,1,0,1,0,0,0,0,0,0
1029949,Jake Najdovski,2025,FFAC,875,False,1,0,1,0,0,0,0,0,0
1029949,Jake Najdovski,2025,AUSF,875,False,2,0,2,0,0,0,0,0,0
1029949,Jake Najdovski,2025,AUS1,875,False,26,2,6,22,0,0,0,0,0
1029949,Jake Najdovski,2024,FFAC,71084,False,1,1,0,58,0,0,0,0,0
1029949,Jake Najdovski,2024,AUSF,71084,False,3,0,0,0,0,0,0,0,0
1029949,Jake Najdovski,2024,AUS1,71084,False,26,9,0,73,0,1,5,2,0
1029949,Jake Najdovski,2024,AU2C,22976,True,4,3,0,103,0,0,0,0,0
1029949,Jake Najdovski,2023,FFAC,71084,False,1,0,0,0,0,0,0,0,0
1029949,Jake Najdovski,2023,AUS1,71084,False,27,5,0,52,0,0,3,1,1
1029949,Jake Najdovski,2023,AF19,39276,True,5,4,0,258,5,0,0,0,1
1029949,Jake Najdovski,2022,FFAC,71084,False,3,1,0,45,0,0,2,1,0
1029949,Jake Najdovski,2022,AUS1,71084,False,26,0,0,0,0,0,0,0,0
1029949,Jake Najdovski,2021,FFAC,71084,False,2,0,0,0,0,0,0,0,0
1029949,Jake Najdovski,2021,AUS1,71084,False,3,0,0,0,0,0,0,0,0
1029949,Jake Najdovski,2020,FFAC,71084,False,1,0,0,0,0,0,0,0,0
983840,Ajak Riak,2026,AFCQ,33192,True,1,1,0,90,0,0,0,0,0
983840,Ajak Riak,2026,ACEQ,875,False,1,0,1,0,0,0,0,0,0
983840,Ajak Riak,2025,FFAC,875,False,1,0,1,0,0,0,0,0,0
983840,Ajak Riak,2025,AUSF,875,False,2,0,2,0,0,0,0,0,0
983840,Ajak Riak,2025,AUS1,875,False,16,4,12,149,0,0,4,1,0
983840,Ajak Riak,2024,UZ1,31216,False,30,6,0,366,0,0,0,0,1
983840,Ajak Riak,2024,MO1N,2481,False,14,8,0,131,2,2,0,0,0
983840,Ajak Riak,2024,KOBU,31216,False,4,2,0,79,0,0,0,0,0
983840,Ajak Riak,2024,FARQ,33192,True,1,0,0,0,0,0,0,0,0
983840,Ajak Riak,2024,ELQ,2481,False,4,3,0,179,0,0,1,0,0
983840,Ajak Riak,2024,ECLQ,2481,False,2,1,0,2,0,0,0,0,0
983840,Ajak Riak,2024,AFCQ,33192,True,8,3,0,146,0,0,0,0,0
983840,Ajak Riak,2023,WMQ2,33192,True,10,4,0,237,0,0,0,0,0
983840,Ajak Riak,2023,IN1L,38560,False,15,14,0,847,5,0,0,0,2
983840,Ajak Riak,2023,FS,33192,True,1,1,0,90,0,0,0,0,0
983840,Ajak Riak,2022,NPVF,6981,False,2,1,0,90,0,0,0,0,0
983840,Ajak Riak,2022,FS,33192,True,1,1,0,9,0,0,0,0,0
983840,Ajak Riak,2022,A2VI,6981,False,26,13,0,1050,5,3,43,16,0
983840,Ajak Riak,2021,FFAC,24300,False,2,2,0,210,1,0,12,4,0
983840,Ajak Riak,2021,AFCQ,33192,True,4,4,0,276,0,1,1,0,0
983840,Ajak Riak,2021,A2VI,24300,False,26,1,0,90,0,0,1,1,0
1169773,Alexander Zaverdinos,2025,FFAC,8054,False,3,0,0,0,0,0,0,0,0
1169773,Alexander Zaverdinos,2025,AUSF,8054,False,4,0,0,0,0,0,0,0,0
1169773,Alexander Zaverdinos,2025,AUS1,8054,False,17,0,0,0,0,0,0,0,0
1169773,Alexander Zaverdinos,2025,A2SW,19820,False,22,12,0,1080,0,0,0,0,0
1169773,Alexander Zaverdinos,2024,FFAC,8054,False,3,0,0,0,0,0,0,0,0
1169773,Alexander Zaverdinos,2024,A2SW,19820,False,30,11,0,990,0,0,0,0,0
1169773,Alexander Zaverdinos,2023,A2SW,19820,False,30,10,0,900,0,0,0,0,0
1169773,Alexander Zaverdinos,2022,A2SW,19820,False,4,0,0,0,0,0,0,0,0
225068,Alex Grant,2025,FFAC,5551,False,1,1,0,62,0,0,0,0,0
225068,Alex Grant,2025,AUSF,8054,False,4,0,0,0,0,0,0,0,0
225068,Alex Grant,2025,AUS1,8054,False,26,22,4,1861,1,0,14,2,4
225068,Alex Grant,2024,FFAC,8054,False,3,2,0,121,0,0,0,0,1
225068,Alex Grant,2024,AUS1,8054,False,11,4,4,360,0,0,1,0,0
225068,Alex Grant,2024,ACL2,8054,False,6,3,2,300,1,0,1,1,2
225068,Alex Grant,2023,WMQ1,3433,True,1,0,0,0,0,0,0,0,0
225068,Alex Grant,2023,CSL,3187,False,30,10,11,832,1,0,7,3,0
225068,Alex Grant,2023,CHFA,3187,False,3,1,2,24,1,0,0,0,0
225068,Alex Grant,2023,AFCL,311,False,6,4,0,226,0,0,1,1,0
225068,Alex Grant,2022,RSKM,311,False,5,3,0,270,0,0,2,2,1
225068,Alex Grant,2022,RSK1,311,False,33,29,0,2489,4,0,31,12,5
225068,Alex Grant,2022,RKPO,311,False,4,2,0,201,0,0,0,0,2
225068,Alex Grant,2021,RSKM,311,False,5,0,0,0,0,0,0,0,0
225068,Alex Grant,2021,RSK1,311,False,33,27,3,2285,2,0,17,7,5
225068,Alex Grant,2021,RKPO,311,False,3,2,0,171,0,0,0,0,0
225068,Alex Grant,2020,RSKA,311,False,5,2,2,126,0,0,2,0,0
225068,Alex Grant,2020,RSK1,311,False,33,14,18,1174,2,1,10,3,6
225068,Alex Grant,2020,RKPO,311,False,2,0,1,0,0,0,0,0,0
225068,Alex Grant,2020,AUS1,970,False,4,0,0,0,0,0,0,0,0
225068,Alex Grant,2020,AFCL,311,False,10,9,0,619,1,0,7,4,2
225068,Alex Grant,2019,AUSF,970,False,2,0,0,0,0,0,0,0,0
225068,Alex Grant,2019,AUS1,970,False,26,23,0,2022,1,0,15,4,6
225068,Alex Grant,2019,AFCL,970,False,6,1,0,90,0,0,0,0,0
225068,Alex Grant,2018,FFAC,970,False,1,0,0,0,0,0,0,0,0
225068,Alex Grant,2018,AUSF,970,False,2,0,0,0,0,0,0,0,0
225068,Alex Grant,2018,AUS1,970,False,27,11,0,884,0,0,3,1,2
225068,Alex Grant,2017,FFAC,970,False,1,1,0,90,0,0,0,0,0
225068,Alex Grant,2017,AUS1,970,False,27,20,0,1529,0,0,0,0,4
225068,Alex Grant,2016,AUSF,970,False,2,0,2,0,0,0,0,0,0
225068,Alex Grant,2016,AUS1,970,False,27,10,12,890,1,0,0,0,3
225068,Alex Grant,2015,AUSF,970,False,1,1,0,45,0,0,0,0,0
225068,Alex Grant,2015,AUS1,970,False,27,21,0,1728,1,0,0,0,2
225068,Alex Grant,2014,GB1,512,False,2,0,0,0,0,0,0,0,0
225068,Alex Grant,2014,FFAC,970,False,3,1,0,16,0,0,0,0,0
225068,Alex Grant,2014,CNAT,2436,False,41,25,1,2084,2,0,0,0,3
225068,Alex Grant,2014,CGB,512,False,1,0,0,0,0,0,0,0,0
225068,Alex Grant,2013,GB21,24219,False,21,19,0,1630,2,0,0,0,3
225068,Alex Grant,2013,GB1,512,False,38,0,0,0,0,0,0,0,0
225068,Alex Grant,2013,FAC,512,False,2,0,0,0,0,0,0,0,0
225068,Alex Grant,2013,CGB,512,False,4,0,0,0,0,0,0,0,0
225068,Alex Grant,2013,21PL,24219,False,1,0,0,0,0,0,0,0,0
225068,Alex Grant,2012,GBFL,1020,False,2,0,0,0,0,0,0,0,0
225068,Alex Grant,2012,GB3,1020,False,34,0,0,0,0,0,0,0,0
225068,Alex Grant,2012,FAC,1020,False,1,0,0,0,0,0,0,0,0
225068,Alex Grant,2012,CGB,1020,False,1,1,0,90,0,0,0,0,0
225068,Alex Grant,2011,GB2,1020,False,1,0,0,0,0,0,0,0,0
616430,Joel King,2025,FFAC,7831,False,2,0,0,0,0,0,0,0,0
616430,Joel King,2025,AUSF,8054,False,4,0,0,0,0,0,0,0,0
616430,Joel King,2025,AUS1,8054,False,26,9,0,605,0,1,4,1,2
616430,Joel King,2024,FFAC,8054,False,3,3,0,299,0,1,0,0,1
616430,Joel King,2024,AUS1,8054,False,26,23,1,1405,1,2,8,2,1
616430,Joel King,2024,ACL2,8054,False,12,11,0,692,0,0,0,0,1
616430,Joel King,2023,WMQ1,3433,True,4,0,0,0,0,0,0,0,0
616430,Joel King,2023,FS,3433,True,4,0,2,0,0,0,0,0,0
616430,Joel King,2023,FFAC,8054,False,1,1,0,90,0,0,1,0,1
616430,Joel King,2023,AUSF,8054,False,3,3,0,270,1,0,2,1,0
616430,Joel King,2023,AUS1,8054,False,27,17,8,994,2,0,7,4,4
616430,Joel King,2022,FS,3433,True,5,2,0,94,0,0,0,0,0
616430,Joel King,2022,FFAC,8054,False,5,4,1,364,0,0,0,0,0
616430,Joel King,2022,DKRE,62690,False,2,2,0,164,0,1,0,0,0
616430,Joel King,2022,DKP,173,False,1,1,0,120,1,0,0,0,0
616430,Joel King,2022,DK1,173,False,17,6,0,292,0,0,1,0,2
616430,Joel King,2022,AUSF,8054,False,3,3,0,270,0,0,1,0,2
616430,Joel King,2022,AUS1,8054,False,12,10,0,464,0,1,0,0,1
616430,Joel King,2022,AFAC,3433,True,5,0,5,0,0,0,0,0,0
616430,Joel King,2021,POWM,3433,True,1,0,0,0,0,0,0,0,0
616430,Joel King,2021,FS,3433,True,1,0,0,0,0,0,0,0,0
616430,Joel King,2021,FS,32270,True,1,1,0,90,0,0,0,0,0
616430,Joel King,2021,FIWC,3433,True,4,0,0,0,0,0,0,0,0
616430,Joel King,2021,DKP,173,False,3,1,0,21,0,0,0,0,0
616430,Joel King,2021,DKAR,173,False,10,6,0,526,0,0,3,0,0
616430,Joel King,2021,DK1,173,False,5,5,0,402,0,1,2,0,1
616430,Joel King,2021,AUS1,8054,False,9,8,0,708,0,0,3,1,1
616430,Joel King,2020,OLYM,53845,True,3,3,0,270,0,0,1,0,0
616430,Joel King,2020,FFAC,8054,False,4,4,0,357,0,1,1,0,0
616430,Joel King,2020,AUSF,8054,False,2,2,0,180,0,1,1,1,0
616430,Joel King,2020,AUS1,8054,False,26,26,0,2302,0,2,3,0,0
616430,Joel King,2019,WMQ1,3433,True,5,2,0,180,0,0,0,0,0
616430,Joel King,2019,AUSF,8054,False,2,2,0,210,0,0,0,0,0
616430,Joel King,2019,AUS1,8054,False,26,24,0,1650,0,2,3,0,0
616430,Joel King,2019,AFCL,8054,False,6,5,0,362,0,1,0,0,2
616430,Joel King,2018,FS,100451,True,1,1,0,80,0,0,0,0,0
616430,Joel King,2018,FFAC,8054,False,1,1,0,90,0,0,0,0,0
616430,Joel King,2018,AUSF,8054,False,2,0,0,0,0,0,0,0,0
616430,Joel King,2018,AUS1,8054,False,27,1,0,90,0,0,0,0,0
616430,Joel King,2018,AFCL,8054,False,6,2,0,118,0,0,0,0,0
616430,Joel King,2017,FFAC,8054,False,3,0,0,0,0,0,0,0,0
871655,Piero Quispe,2026,MEXA,7633,False,2,0,0,0,0,0,0,0,0
871655,Piero Quispe,2025,TDeC,6593,False,4,2,0,18,0,0,1,1,0
871655,Piero Quispe,2025,MEXA,7633,False,7,6,0,201,0,0,2,0,2
871655,Piero Quispe,2025,FS,3584,True,3,1,0,26,0,0,0,0,0
871655,Piero Quispe,2025,AUSF,8054,False,4,4,0,323,1,0,3,3,1
871655,Piero Quispe,2025,AUS1,8054,False,26,26,0,2063,1,5,22,7,3
871655,Piero Quispe,2024,USMX,7633,False,3,3,0,114,0,2,0,0,0
871655,Piero Quispe,2024,POMX,7633,False,2,2,0,169,0,0,2,0,0
871655,Piero Quispe,2024,POME,7633,False,2,2,0,29,0,0,0,0,0
871655,Piero Quispe,2024,MEXA,7633,False,17,15,0,1120,2,1,18,8,2
871655,Piero Quispe,2024,MEX1,7633,False,17,16,0,712,2,0,8,3,1
871655,Piero Quispe,2024,CCL,7633,False,6,6,0,481,0,0,3,1,0
871655,Piero Quispe,2023,WMQ4,3584,True,18,6,0,211,0,1,3,0,0
871655,Piero Quispe,2023,USMX,7633,False,4,4,0,221,0,1,0,0,0
871655,Piero Quispe,2023,POME,7633,False,3,3,0,234,0,0,3,1,0
871655,Piero Quispe,2023,MEX1,7633,False,17,14,0,966,1,0,11,5,1
871655,Piero Quispe,2023,FS,3584,True,4,3,0,178,1,0,3,1,0
871655,Piero Quispe,2023,COPA,3584,True,3,2,0,133,0,0,1,1,0
871655,Piero Quispe,2022,TDeC,6593,False,18,17,1,1278,3,1,31,13,1
871655,Piero Quispe,2022,TDeA,6593,False,18,15,2,871,1,1,14,5,3
871655,Piero Quispe,2022,PERF,6593,False,2,2,0,171,0,0,0,0,0
871655,Piero Quispe,2022,FS,3584,True,5,1,0,60,0,0,0,0,0
871655,Piero Quispe,2022,CS,6593,False,9,8,1,536,2,0,8,3,0
871655,Piero Quispe,2021,TDeC,6593,False,18,17,1,1467,3,2,23,6,1
871655,Piero Quispe,2021,TDeA,6593,False,18,18,0,1409,0,3,13,6,2
871655,Piero Quispe,2021,FS,3584,True,1,0,0,0,0,0,0,0,0
871655,Piero Quispe,2021,CLI,6593,False,2,2,0,163,0,0,0,0,1
871655,Piero Quispe,2020,TDeC,6593,False,17,7,0,354,2,1,5,2,0
871655,Piero Quispe,2020,TDeA,6593,False,9,2,0,16,0,0,0,0,0
871655,Piero Quispe,2020,COBI,6593,False,1,0,1,0,0,0,0,0,0
871655,Piero Quispe,2020,CLI,6593,False,6,0,0,0,0,0,0,0,0
890186,Corey Hollman,2025,AUSF,8054,False,4,0,0,0,0,0,0,0,0
890186,Corey Hollman,2025,AUS1,8054,False,26,10,2,495,0,0,7,2,0
890186,Corey Hollman,2024,FS,32270,True,2,1,0,90,0,0,1,0,0
890186,Corey Hollman,2024,FFAC,8054,False,3,3,0,212,0,0,1,0,0
890186,Corey Hollman,2024,AUS1,8054,False,26,18,7,1064,0,0,6,0,1
890186,Corey Hollman,2024,ACL2,8054,False,12,9,2,350,0,0,2,0,0
890186,Corey Hollman,2023,W23C,32270,True,3,1,0,79,0,0,0,0,0
890186,Corey Hollman,2023,FFAC,8054,False,1,1,0,1,0,0,0,0,0
890186,Corey Hollman,2023,AUSF,8054,False,3,2,1,127,0,0,0,0,1
890186,Corey Hollman,2023,AUS1,8054,False,27,22,2,1485,0,2,8,2,2
890186,Corey Hollman,2023,23AF,32270,True,3,0,0,0,0,0,0,0,0
890186,Corey Hollman,2022,FFAC,8054,False,5,5,0,321,0,1,2,0,0
890186,Corey Hollman,2022,AUSF,8054,False,3,0,0,0,0,0,0,0,0
890186,Corey Hollman,2022,AUS1,8054,False,26,0,0,0,0,0,0,0,0
890186,Corey Hollman,2021,FFAC,8054,False,3,0,0,0,0,0,0,0,0
890186,Corey Hollman,2021,AUS1,8054,False,3,1,0,3,0,0,0,0,0
890186,Corey Hollman,2021,AFCL,8054,False,1,0,0,0,0,0,0,0,0
890186,Corey Hollman,2021,ACLQ,8054,False,1,0,0,0,0,0,0,0,0
890186,Corey Hollman,2020,A2SW,19820,False,8,5,0,450,1,1,1,1,0
1226706,Nickolas Alfaro,2025,FS,100451,True,2,2,0,130,0,0,0,0,0
1226706,Nickolas Alfaro,2025,AUS1,8054,False,8,1,1,1,0,0,0,0,0
1226706,Nickolas Alfaro,2025,AF19,39276,True,4,3,0,105,0,0,0,0,0
1226706,Nickolas Alfaro,2025,A2SW,19820,False,16,13,0,438,1,0,0,0,1
1226706,Nickolas Alfaro,2024,FS,32269,True,3,1,0,60,0,0,0,0,0
1226706,Nickolas Alfaro,2024,AUS1,8054,False,12,0,0,0,0,0,0,0,0
1226706,Nickolas Alfaro,2024,ACL2,8054,False,2,1,0,28,0,0,0,0,0
1226706,Nickolas Alfaro,2024,A2SW,19820,False,28,6,0,111,0,0,0,0,0
1226706,Nickolas Alfaro,2024,A169,32269,True,1,1,0,90,0,0,0,0,0
1226706,Nickolas Alfaro,2024,A168,32269,True,3,1,0,20,0,0,1,1,0
1226706,Nickolas Alfaro,2023,FS,66880,True,1,1,0,45,0,0,0,0,0
1226706,Nickolas Alfaro,2023,FFAC,8054,False,1,1,0,13,0,0,0,0,0
1226706,Nickolas Alfaro,2023,AF16,66880,True,5,5,0,393,1,0,0,0,0
1226706,Nickolas Alfaro,2023,A2SW,19820,False,26,5,0,87,0,0,0,0,1
547924,Apostolos Stamatelopoulos,2026,SCP,987,False,1,0,0,0,0,0,0,0,0
547924,Apostolos Stamatelopoulos,2026,SC1,987,False,2,0,0,0,0,0,0,0,0
547924,Apostolos Stamatelopoulos,2026,ECLQ,987,False,5,0,0,0,0,0,0,0,0
547924,Apostolos Stamatelopoulos,2025,SFA,987,False,1,1,0,56,0,0,0,0,0
547924,Apostolos Stamatelopoulos,2025,SCP,987,False,7,7,0,512,1,1,11,4,0
547924,Apostolos Stamatelopoulos,2025,SC1,987,False,24,19,0,867,6,2,29,12,1
547924,Apostolos Stamatelopoulos,2025,AUSF,8054,False,4,4,0,314,1,0,8,3,0
547924,Apostolos Stamatelopoulos,2025,AUS1,8054,False,11,10,1,750,2,0,19,9,0
547924,Apostolos Stamatelopoulos,2024,SFA,987,False,1,0,0,0,0,0,0,0,0
547924,Apostolos Stamatelopoulos,2024,SCPA,987,False,5,0,0,0,0,0,0,0,0
547924,Apostolos Stamatelopoulos,2024,SCP,987,False,4,2,1,71,0,0,0,0,0
547924,Apostolos Stamatelopoulos,2024,SC1,987,False,33,16,3,893,5,1,24,12,3
547924,Apostolos Stamatelopoulos,2023,WMQ1,3433,True,5,1,2,25,0,0,0,0,0
547924,Apostolos Stamatelopoulos,2023,AUS1,5551,False,27,25,2,2122,17,2,84,35,5
547924,Apostolos Stamatelopoulos,2022,S1PO,2671,False,7,2,0,89,0,0,0,0,0
547924,Apostolos Stamatelopoulos,2022,GRP,2671,False,1,0,0,0,0,0,0,0,0
547924,Apostolos Stamatelopoulos,2022,GR1,2671,False,26,15,0,340,0,1,7,2,0
547924,Apostolos Stamatelopoulos,2022,FFAC,5551,False,2,1,0,57,0,0,1,1,1
547924,Apostolos Stamatelopoulos,2021,GRS2,5573,False,32,17,11,1376,6,0,0,0,4
547924,Apostolos Stamatelopoulos,2020,AUS1,71084,False,3,0,0,0,0,0,0,0,0
547924,Apostolos Stamatelopoulos,2020,AUS1,5551,False,21,12,0,828,3,0,21,8,2
547924,Apostolos Stamatelopoulos,2019,AUSF,71084,False,2,2,0,2,0,0,0,0,0
547924,Apostolos Stamatelopoulos,2019,AUS1,71084,False,26,9,0,265,0,0,5,0,1
547924,Apostolos Stamatelopoulos,2018,AUSF,875,False,2,1,0,6,0,0,0,0,0
547924,Apostolos Stamatelopoulos,2018,AUS1,875,False,27,7,0,396,3,1,9,3,1
547924,Apostolos Stamatelopoulos,2017,FFAC,875,False,5,4,0,167,0,2,0,0,1
547924,Apostolos Stamatelopoulos,2017,AUSF,875,False,1,0,0,0,0,0,0,0,0
547924,Apostolos Stamatelopoulos,2017,AUS1,875,False,27,7,0,213,1,0,0,0,0
547924,Apostolos Stamatelopoulos,2017,A198,39276,True,4,4,0,302,0,0,0,0,2
547924,Apostolos Stamatelopoulos,2016,FFAC,875,False,4,0,0,0,0,0,0,0,0
209686,Ahmet Arslan,2025,NRPO,56,False,2,2,0,107,1,0,0,0,0
209686,Ahmet Arslan,2025,L3,56,False,23,19,1,1256,4,2,3,2,3
209686,Ahmet Arslan,2025,DFB,56,False,1,1,0,76,0,0,0,0,0
209686,Ahmet Arslan,2025,AUSF,8054,False,4,4,0,82,0,0,2,0,2
209686,Ahmet Arslan,2025,AUS1,8054,False,11,11,0,835,1,0,32,8,1
209686,Ahmet Arslan,2024,NRPO,56,False,6,6,0,425,1,2,0,0,0
209686,Ahmet Arslan,2024,L3,56,False,38,34,3,2849,14,5,103,39,6
209686,Ahmet Arslan,2024,DFB,56,False,1,1,0,90,0,0,3,0,1
209686,Ahmet Arslan,2023,SAPO,129,False,3,1,0,120,0,1,0,0,0
209686,Ahmet Arslan,2023,L3,129,False,15,13,0,620,0,2,24,5,1
209686,Ahmet Arslan,2023,L2,187,False,19,9,0,247,2,1,11,5,2
209686,Ahmet Arslan,2023,DFB,187,False,3,3,0,42,0,0,2,0,0
209686,Ahmet Arslan,2022,SAPO,129,False,3,2,0,149,6,2,0,0,0
209686,Ahmet Arslan,2022,L3,129,False,38,36,2,3066,25,9,111,46,9
209686,Ahmet Arslan,2022,DFB,129,False,1,1,0,56,0,0,1,0,0
209686,Ahmet Arslan,2021,RLN3,1171,False,2,2,0,161,3,0,0,0,1
209686,Ahmet Arslan,2021,L2,269,False,34,7,13,227,0,2,7,2,2
209686,Ahmet Arslan,2021,DFB,269,False,2,0,2,0,0,0,0,0,0
209686,Ahmet Arslan,2020,L2,269,False,34,15,3,293,2,0,6,4,1
209686,Ahmet Arslan,2020,L1PO,269,False,2,0,2,0,0,0,0,0,0
209686,Ahmet Arslan,2020,DFB,269,False,5,3,0,97,0,0,2,2,0
209686,Ahmet Arslan,2019,SHPO,78,False,3,2,0,135,1,0,0,0,0
209686,Ahmet Arslan,2019,RLN3,78,False,25,25,0,2127,16,3,0,0,3
209686,Ahmet Arslan,2019,DFB,78,False,1,1,0,120,1,2,3,1,1
209686,Ahmet Arslan,2018,SHPO,78,False,3,3,0,235,4,0,0,0,0
209686,Ahmet Arslan,2018,RLN3,78,False,32,31,1,2619,13,10,0,0,7
209686,Ahmet Arslan,2017,NDSP,81,False,3,3,0,225,0,1,0,0,0
209686,Ahmet Arslan,2017,L3,81,False,38,26,2,1718,1,0,0,0,6
209686,Ahmet Arslan,2017,DFB,81,False,2,2,0,152,1,0,0,0,0
209686,Ahmet Arslan,2016,OBLN,890,False,10,4,0,315,2,0,0,0,0
209686,Ahmet Arslan,2016,NDSP,81,False,4,3,0,270,1,0,0,0,1
209686,Ahmet Arslan,2016,L3,81,False,38,23,0,987,2,1,0,0,3
209686,Ahmet Arslan,2015,RLN3,389,False,34,31,1,2777,13,5,0,0,4
209686,Ahmet Arslan,2015,L1,41,False,25,1,0,1,0,0,0,0,0
209686,Ahmet Arslan,2014,RLN3,389,False,34,32,2,2669,19,11,0,0,1
209686,Ahmet Arslan,2013,SHPO,78,False,2,0,0,0,0,0,0,0,0
209686,Ahmet Arslan,2013,OBLL,78,False,34,30,1,2195,19,15,0,0,0
209686,Ahmet Arslan,2013,ARRN,78,False,2,2,0,180,3,1,0,0,0
209686,Ahmet Arslan,2012,RLN3,78,False,18,2,0,11,0,0,0,0,0
209686,Ahmet Arslan,2012,OBLL,3322,False,25,2,0,58,1,0,0,0,0
209686,Ahmet Arslan,2012,DFBJ,4578,False,1,1,0,88,0,0,0,0,0
740164,Oscar Mason,2025,OFPL,118373,False,19,14,0,1260,0,0,0,0,1
740164,Oscar Mason,2025,NNL1,41673,False,7,4,0,360,0,0,0,0,0
740164,Oscar Mason,2025,AUSF,118373,False,4,0,0,0,0,0,0,0,0
740164,Oscar Mason,2025,AUS1,118373,False,14,0,14,0,0,0,0,0,0
740164,Oscar Mason,2024,NZP1,41673,False,3,1,0,90,0,0,0,0,0
740164,Oscar Mason,2024,NZNL,41673,False,10,2,0,180,0,0,0,0,0
740164,Oscar Mason,2024,NNL1,41673,False,22,22,0,1980,0,0,0,0,1
740164,Oscar Mason,2023,NZP1,41673,False,3,1,0,120,0,0,0,0,0
740164,Oscar Mason,2023,NZNL,41673,False,9,9,0,810,0,0,0,0,1
740164,Oscar Mason,2023,NNL1,41673,False,22,19,0,1660,0,0,0,0,0
740164,Oscar Mason,2022,OF19,27263,True,6,1,0,90,0,0,0,0,0
740164,Oscar Mason,2022,NZP1,26267,False,3,0,0,0,0,0,0,0,0
740164,Oscar Mason,2022,NZNL,26267,False,9,9,0,810,0,0,0,0,0
740164,Oscar Mason,2022,NCL1,26267,False,18,18,0,1620,0,0,0,0,2
740164,Oscar Mason,2021,NZP1,26267,False,3,0,0,0,0,0,0,0,0
740164,Oscar Mason,2021,NZNL,26267,False,9,9,0,810,0,0,0,0,1
740164,Oscar Mason,2021,NCL1,26267,False,18,18,0,1620,0,0,0,0,0
740164,Oscar Mason,2020,NZP1,26267,False,3,0,0,0,0,0,0,0,0
740164,Oscar Mason,2020,NZL1,11319,False,14,1,0,90,0,0,0,0,0
740164,Oscar Mason,2020,NCL1,26267,False,18,18,0,1620,0,0,0,0,2
740164,Oscar Mason,2019,NZL1,11319,False,5,0,0,0,0,0,0,0,0
833603,Patrick Wood,2025,FFAC,5551,False,1,1,0,27,0,0,1,0,0
833603,Patrick Wood,2025,AUSF,8054,False,4,4,0,76,1,0,3,1,2
833603,Patrick Wood,2025,AUS1,8054,False,26,19,0,427,3,1,17,10,2
833603,Patrick Wood,2024,FFAC,970,False,1,0,1,0,0,0,0,0,0
833603,Patrick Wood,2024,FFAC,8054,False,3,3,0,208,0,0,1,1,0
833603,Patrick Wood,2024,AUS1,970,False,12,9,3,459,0,0,12,4,1
833603,Patrick Wood,2024,AUS1,8054,False,13,9,0,152,1,2,7,2,0
833603,Patrick Wood,2024,ACL2,8054,False,6,1,2,78,1,1,3,2,0
833603,Patrick Wood,2023,FFAC,8054,False,1,0,1,0,0,0,0,0,0
833603,Patrick Wood,2023,AUSF,8054,False,3,2,0,25,0,0,0,0,0
833603,Patrick Wood,2023,AUS1,8054,False,27,15,12,550,1,2,16,7,3
833603,Patrick Wood,2022,FFAC,8054,False,5,5,0,374,4,0,15,7,1
833603,Patrick Wood,2022,AUSF,8054,False,3,2,0,13,0,0,2,0,0
833603,Patrick Wood,2022,AUS1,8054,False,26,20,0,561,3,0,22,8,5
833603,Patrick Wood,2021,FFAC,8054,False,3,0,0,0,0,0,0,0,0
833603,Patrick Wood,2021,AUS1,8054,False,26,9,0,275,1,0,9,4,1
833603,Patrick Wood,2021,AFCL,8054,False,6,3,0,75,1,0,1,1,0
833603,Patrick Wood,2021,ACLQ,8054,False,1,1,0,21,0,1,0,0,0
833603,Patrick Wood,2021,A2SW,19820,False,1,1,0,81,3,0,6,4,0
833603,Patrick Wood,2021,A23Q,32270,True,2,2,0,180,1,0,0,0,0
833603,Patrick Wood,2021,23AF,32270,True,6,5,0,123,0,0,2,1,0
833603,Patrick Wood,2020,FFAC,8054,False,4,4,0,260,1,0,10,4,0
833603,Patrick Wood,2020,AUSF,8054,False,2,2,0,16,0,0,1,0,0
833603,Patrick Wood,2020,AUS1,8054,False,26,19,0,464,4,1,21,11,2
833603,Patrick Wood,2020,A2SW,19820,False,2,2,0,180,3,0,7,5,0
833603,Patrick Wood,2019,AFCL,8054,False,4,1,0,7,0,0,0,0,0
833603,Patrick Wood,2019,A2SW,19820,False,11,1,0,90,1,0,4,3,0
287167,Joe Lolley,2025,FFAC,5551,False,1,0,0,0,0,0,0,0,0
287167,Joe Lolley,2025,AUSF,8054,False,4,3,0,62,0,0,0,0,0
287167,Joe Lolley,2025,AUS1,8054,False,26,14,12,973,4,2,43,13,0
287167,Joe Lolley,2024,FFAC,8054,False,3,3,0,300,1,2,11,3,0
287167,Joe Lolley,2024,AUS1,8054,False,26,24,2,1971,9,7,83,24,0
287167,Joe Lolley,2024,ACL2,8054,False,12,10,1,837,3,0,43,13,0
287167,Joe Lolley,2023,FFAC,8054,False,1,0,1,0,0,0,0,0,0
287167,Joe Lolley,2023,AUSF,8054,False,3,1,2,52,1,0,5,3,1
287167,Joe Lolley,2023,AUS1,8054,False,27,27,0,2342,11,7,129,53,1
287167,Joe Lolley,2022,GB1,703,False,2,0,0,0,0,0,0,0,0
287167,Joe Lolley,2022,FFAC,8054,False,5,5,0,479,1,6,23,12,0
287167,Joe Lolley,2022,AUSF,8054,False,3,3,0,70,0,0,1,1,0
287167,Joe Lolley,2022,AUS1,8054,False,26,24,2,1968,6,6,95,33,2
287167,Joe Lolley,2021,POCC,703,False,3,2,0,70,0,0,5,1,0
287167,Joe Lolley,2021,GB2,703,False,46,27,9,1011,0,1,36,6,1
287167,Joe Lolley,2021,FFAC,8054,False,1,1,0,65,0,0,0,0,0
287167,Joe Lolley,2021,FAC,703,False,4,1,1,65,0,0,1,0,0
287167,Joe Lolley,2021,CGB,703,False,2,0,1,0,0,0,0,0,0
287167,Joe Lolley,2020,GB2,703,False,46,28,0,1483,1,2,35,7,1
287167,Joe Lolley,2020,FAC,703,False,2,2,0,180,0,1,5,2,0
287167,Joe Lolley,2020,CGB,703,False,1,0,0,0,0,0,0,0,0
287167,Joe Lolley,2019,GB2,703,False,46,42,0,3229,9,9,85,22,1
287167,Joe Lolley,2019,FAC,703,False,1,0,0,0,0,0,0,0,0
287167,Joe Lolley,2019,CGB,703,False,3,2,0,149,1,0,5,1,0
287167,Joe Lolley,2018,GB2,703,False,46,46,0,3538,11,11,123,41,5
287167,Joe Lolley,2018,FAC,703,False,1,1,0,33,0,0,4,0,0
287167,Joe Lolley,2018,CGB,703,False,4,4,0,179,1,0,5,4,1
287167,Joe Lolley,2017,GB2,703,False,17,16,0,1114,3,3,0,0,1
287167,Joe Lolley,2017,GB1,1110,False,8,6,0,219,1,0,0,0,1
287167,Joe Lolley,2017,FAC,1110,False,2,2,0,109,0,0,0,0,0
287167,Joe Lolley,2017,CGB,1110,False,2,2,0,127,1,0,0,0,0
287167,Joe Lolley,2016,GB2,1110,False,23,19,0,807,1,0,0,0,0
287167,Joe Lolley,2016,FAC,1110,False,3,3,0,177,0,1,0,0,0
287167,Joe Lolley,2016,CGB,1110,False,1,0,0,0,0,0,0,0,0
287167,Joe Lolley,2015,GB3,2964,False,9,6,0,244,0,1,0,0,0
287167,Joe Lolley,2015,GB2,1110,False,41,32,0,2148,4,2,0,0,1
287167,Joe Lolley,2015,FAC,2964,False,1,0,0,0,0,0,0,0,0
287167,Joe Lolley,2015,FAC,1110,False,2,2,0,118,0,0,0,0,0
287167,Joe Lolley,2015,CGB,1110,False,1,0,0,0,0,0,0,0,0
287167,Joe Lolley,2014,GB2,1110,False,46,17,0,369,2,0,0,0,0
287167,Joe Lolley,2014,FAC,1110,False,1,1,0,4,0,0,0,0,0
287167,Joe Lolley,2014,CGB,1110,False,2,1,0,34,1,0,0,0,0
287167,Joe Lolley,2013,GB2,1110,False,21,6,0,169,1,1,0,0,0
287167,Joe Lolley,2013,FS,40453,True,1,0,0,0,0,0,0,0,0
287167,Joe Lolley,2013,FAC,1195,False,4,4,0,354,2,2,0,0,0
287167,Joe Lolley,2013,FAC,1110,False,1,0,0,0,0,0,0,0,0
287167,Joe Lolley,2013,CNAT,1195,False,26,21,0,1328,9,3,0,0,2
1128985,James Hilton,2025,OFPL,118373,False,14,0,0,0,0,0,0,0,0
1128985,James Hilton,2025,FFAC,71085,False,2,0,0,0,0,0,0,0,0
1128985,James Hilton,2025,AUSF,118373,False,4,0,0,0,0,0,0,0,0
1128985,James Hilton,2025,AUS1,118373,False,11,2,0,180,0,0,0,0,0
1128985,James Hilton,2024,NPWF,860,False,2,2,0,210,0,0,0,0,0
1128985,James Hilton,2024,AU3C,860,False,9,9,0,810,0,0,0,0,0
1128985,James Hilton,2024,A2SW,860,False,30,30,0,2700,0,0,0,0,2
1128985,James Hilton,2023,A2SW,860,False,30,30,0,2700,0,0,0,0,2
1128985,James Hilton,2022,A2SW,860,False,22,17,0,1515,0,0,0,0,1
867761,Jake Girdwood-Reich,2026,SCP,987,False,1,1,0,85,0,0,0,0,0
867761,Jake Girdwood-Reich,2026,SC1,987,False,2,2,0,91,0,0,0,0,0
867761,Jake Girdwood-Reich,2026,ECLQ,987,False,5,5,0,416,0,0,0,0,1
867761,Jake Girdwood-Reich,2025,OFPL,118373,False,19,0,1,0,0,0,0,0,0
867761,Jake Girdwood-Reich,2025,AUSF,118373,False,4,4,0,390,1,0,1,1,0
867761,Jake Girdwood-Reich,2025,AUS1,118373,False,26,25,1,1981,1,0,15,4,3
867761,Jake Girdwood-Reich,2024,MNP3,95339,False,1,1,0,77,0,0,0,0,0
867761,Jake Girdwood-Reich,2024,MLSP,82686,False,2,1,0,66,0,0,0,0,0
867761,Jake Girdwood-Reich,2024,MLS1,82686,False,29,10,6,493,0,0,0,0,0
867761,Jake Girdwood-Reich,2023,W23C,32270,True,3,2,0,139,0,0,0,0,0
867761,Jake Girdwood-Reich,2023,USMX,82686,False,4,4,0,44,0,0,0,0,0
867761,Jake Girdwood-Reich,2023,MNP3,95339,False,1,1,0,90,0,0,0,0,0
867761,Jake Girdwood-Reich,2023,MLS1,82686,False,11,8,0,145,0,0,0,0,0
867761,Jake Girdwood-Reich,2023,AUSF,8054,False,3,2,0,34,0,0,0,0,0
867761,Jake Girdwood-Reich,2023,AUS1,8054,False,27,23,4,1860,1,1,14,5,4
867761,Jake Girdwood-Reich,2023,23AF,32270,True,3,1,0,29,0,0,0,0,0
867761,Jake Girdwood-Reich,2022,FFAC,8054,False,5,5,0,480,0,0,7,1,1
867761,Jake Girdwood-Reich,2022,AUSF,8054,False,3,3,0,33,0,0,0,0,0
867761,Jake Girdwood-Reich,2022,AUS1,8054,False,26,11,0,212,0,0,1,0,0
867761,Jake Girdwood-Reich,2022,A920,22976,True,4,2,0,19,0,0,0,0,0
867761,Jake Girdwood-Reich,2022,A2SW,19820,False,3,3,0,169,0,0,1,0,1
867761,Jake Girdwood-Reich,2021,FFAC,8054,False,3,1,0,16,0,0,1,0,0
867761,Jake Girdwood-Reich,2021,A2SW,19820,False,13,2,0,180,0,0,4,2,0
867761,Jake Girdwood-Reich,2020,A2SW,19820,False,11,3,0,253,0,0,1,0,0
867761,Jake Girdwood-Reich,2019,A2SW,19820,False,1,0,0,0,0,0,0,0,0
867761,Jake Girdwood-Reich,2019,A169,66880,True,4,3,0,217,0,0,0,0,0
833592,Daniel Hall,2026,JAP1,672,False,3,3,0,270,0,0,0,0,1
833592,Daniel Hall,2025,OFPL,118373,False,19,0,0,0,0,0,0,0,0
833592,Daniel Hall,2025,AUSF,118373,False,4,4,0,390,0,0,0,0,2
833592,Daniel Hall,2025,AUS1,118373,False,26,25,1,2209,0,0,8,2,2
833592,Daniel Hall,2024,FFAC,118373,False,4,4,0,390,0,0,4,2,0
833592,Daniel Hall,2024,AUSF,118373,False,2,2,0,180,0,0,1,1,0
833592,Daniel Hall,2024,AUS1,118373,False,26,13,13,1170,0,0,1,1,2
833592,Daniel Hall,2023,AUSF,6954,False,3,3,0,300,0,0,0,0,0
833592,Daniel Hall,2023,AUS1,6954,False,27,23,0,2070,1,0,6,5,4
833592,Daniel Hall,2023,AFCC,6954,False,13,11,0,1020,0,0,4,0,0
833592,Daniel Hall,2022,FFAC,6954,False,1,1,0,120,0,0,0,0,1
833592,Daniel Hall,2022,AUSF,6954,False,3,3,0,23,0,0,0,0,0
833592,Daniel Hall,2022,AUS1,6954,False,26,16,0,908,1,1,4,1,1
833592,Daniel Hall,2021,FFAC,6954,False,1,1,0,66,0,0,0,0,1
833592,Daniel Hall,2021,AUSF,6954,False,1,0,0,0,0,0,0,0,0
833592,Daniel Hall,2021,AUS1,6954,False,26,23,0,1833,1,1,6,2,0
833592,Daniel Hall,2020,FFAC,6954,False,5,3,0,270,1,0,0,0,0
833592,Daniel Hall,2020,AUSF,6954,False,1,1,0,120,0,0,0,0,1
833592,Daniel Hall,2020,AUS1,6954,False,26,5,0,251,0,0,2,0,0
617015,Nathan Lobo,2025,OFPL,118373,False,19,6,0,368,0,0,0,0,0
617015,Nathan Lobo,2025,OCL,11391,False,5,0,0,0,0,0,0,0,0
617015,Nathan Lobo,2025,NZP1,11391,False,2,1,0,89,1,0,0,0,0
617015,Nathan Lobo,2025,NNL1,11391,False,6,1,0,16,0,0,0,0,0
617015,Nathan Lobo,2025,FIC1,11391,False,1,1,0,14,0,0,0,0,0
617015,Nathan Lobo,2025,AUSF,118373,False,4,0,0,0,0,0,0,0,0
617015,Nathan Lobo,2025,AUS1,118373,False,14,0,14,0,0,0,0,0,0
617015,Nathan Lobo,2024,OCL,11391,False,5,4,0,360,0,0,0,0,0
617015,Nathan Lobo,2024,NZP1,11391,False,2,0,0,0,0,0,0,0,0
617015,Nathan Lobo,2024,NZNL,11391,False,10,2,0,156,0,0,0,0,0
617015,Nathan Lobo,2024,NNLP,11391,False,1,1,0,29,0,0,0,0,0
617015,Nathan Lobo,2024,NNL1,11391,False,22,15,0,1041,0,1,0,0,0
617015,Nathan Lobo,2024,KLUB,11391,False,3,1,0,66,0,0,0,0,0
617015,Nathan Lobo,2024,FIC1,11391,False,1,1,0,90,0,0,0,0,0
617015,Nathan Lobo,2023,OO23,32207,True,4,2,0,116,0,0,0,0,0
617015,Nathan Lobo,2023,OCL,11391,False,7,7,0,557,0,3,0,0,1
617015,Nathan Lobo,2023,NZP1,11391,False,6,4,0,390,0,0,0,0,0
617015,Nathan Lobo,2023,NZNL,11391,False,9,7,0,596,1,0,0,0,1
617015,Nathan Lobo,2023,NNLP,11391,False,1,1,0,120,0,0,0,0,0
617015,Nathan Lobo,2023,NNL1,11391,False,22,18,0,1550,0,0,0,0,2
617015,Nathan Lobo,2023,KLUB,11391,False,1,1,0,90,0,0,0,0,0
617015,Nathan Lobo,2022,OCL,11391,False,7,6,0,600,0,1,0,0,1
617015,Nathan Lobo,2022,NZP1,11391,False,3,0,0,0,0,0,0,0,0
617015,Nathan Lobo,2022,NZNL,11391,False,9,6,0,464,0,0,0,0,0
617015,Nathan Lobo,2022,NNLP,11391,False,1,1,0,90,0,0,0,0,0
617015,Nathan Lobo,2022,NNL1,11391,False,22,13,0,1073,0,1,0,0,0
617015,Nathan Lobo,2022,KLUB,11391,False,1,1,0,71,0,0,0,0,0
617015,Nathan Lobo,2022,FS,32207,True,2,2,0,98,0,0,0,0,0
617015,Nathan Lobo,2021,OCL,11391,False,1,1,0,90,0,0,0,0,0
617015,Nathan Lobo,2021,NZP1,11391,False,2,0,0,0,0,0,0,0,0
617015,Nathan Lobo,2021,NNL1,11391,False,20,19,0,1583,1,0,0,0,2
617015,Nathan Lobo,2020,NZP1,18003,False,3,0,0,0,0,0,0,0,0
617015,Nathan Lobo,2020,NZL1,11396,False,14,9,0,691,0,0,0,0,2
617015,Nathan Lobo,2020,NNL1,18003,False,22,16,0,1258,0,0,0,0,2
617015,Nathan Lobo,2018,FS,25510,True,3,3,0,91,0,0,0,0,0
617015,Nathan Lobo,2018,17WC,25510,True,3,1,0,28,0,0,1,0,0
617015,Nathan Lobo,2017,OC24,25510,True,5,4,0,360,0,0,0,0,0
264905,Michael den Heijer,2025,OFPL,118373,False,19,15,0,851,0,2,0,0,0
264905,Michael den Heijer,2025,OCL,11391,False,5,0,0,0,0,0,0,0,0
264905,Michael den Heijer,2025,NZP1,11391,False,2,0,0,0,0,0,0,0,0
264905,Michael den Heijer,2025,NNL1,11391,False,6,2,0,160,1,0,0,0,0
264905,Michael den Heijer,2025,FIC1,11391,False,1,1,0,6,0,0,0,0,0
264905,Michael den Heijer,2025,AUSF,118373,False,4,0,0,0,0,0,0,0,0
264905,Michael den Heijer,2025,AUS1,118373,False,14,0,14,0,0,0,0,0,0
264905,Michael den Heijer,2024,OCL,11391,False,5,5,0,379,0,0,0,0,1
264905,Michael den Heijer,2024,NZP1,11391,False,2,1,0,32,0,0,0,0,0
264905,Michael den Heijer,2024,NZNL,11391,False,10,8,0,519,0,0,0,0,1
264905,Michael den Heijer,2024,NNLP,11391,False,1,0,0,0,0,0,0,0,0
264905,Michael den Heijer,2024,NNL1,11391,False,22,7,0,536,0,0,0,0,0
264905,Michael den Heijer,2024,KLUB,11391,False,3,2,0,162,0,0,0,0,0
264905,Michael den Heijer,2024,FIC1,11391,False,1,1,0,90,0,0,0,0,0
264905,Michael den Heijer,2023,OCL,11391,False,7,7,0,630,1,0,0,0,0
264905,Michael den Heijer,2023,NZP1,11391,False,6,4,0,331,0,0,0,0,2
264905,Michael den Heijer,2023,NZNL,11391,False,9,9,0,754,0,0,0,0,1
264905,Michael den Heijer,2023,NNLP,11391,False,1,1,0,120,0,0,0,0,0
264905,Michael den Heijer,2023,NNL1,11391,False,22,16,0,1235,1,1,0,0,4
264905,Michael den Heijer,2023,KLUB,11391,False,1,1,0,90,0,0,0,0,0
264905,Michael den Heijer,2022,OCL,11391,False,7,6,0,600,0,1,0,0,1
264905,Michael den Heijer,2022,NZP1,11391,False,3,0,0,0,0,0,0,0,0
264905,Michael den Heijer,2022,NZNL,11391,False,9,8,0,604,1,0,0,0,0
264905,Michael den Heijer,2022,NNLP,11391,False,1,1,0,90,0,0,0,0,0
264905,Michael den Heijer,2022,NNL1,11391,False,22,14,0,975,0,0,0,0,1
264905,Michael den Heijer,2022,KLUB,11391,False,1,1,0,90,0,0,0,0,0
264905,Michael den Heijer,2021,NZP1,85805,False,3,0,0,0,0,0,0,0,0
264905,Michael den Heijer,2021,NZNL,85805,False,9,9,0,810,0,0,0,0,1
264905,Michael den Heijer,2021,NNL1,85805,False,22,20,0,1609,5,0,0,0,4
264905,Michael den Heijer,2020,OLNI,973,False,10,7,3,630,2,0,0,0,0
264905,Michael den Heijer,2020,NZP1,85805,False,2,0,0,0,0,0,0,0,0
264905,Michael den Heijer,2020,NRPO,973,False,1,1,0,90,1,0,0,0,0
264905,Michael den Heijer,2020,NNL1,85805,False,22,16,0,1364,3,0,0,0,1
264905,Michael den Heijer,2018,PON2,467,False,2,0,0,0,0,0,0,0,0
264905,Michael den Heijer,2018,NLP,467,False,2,0,0,0,0,0,0,0,0
264905,Michael den Heijer,2018,NLBV,11154,False,1,0,0,0,0,0,0,0,0
264905,Michael den Heijer,2018,NLBE,11154,False,3,0,0,0,0,0,0,0,0
264905,Michael den Heijer,2018,NL2,467,False,38,0,6,0,0,0,0,0,0
264905,Michael den Heijer,2017,PON2,467,False,2,0,0,0,0,0,0,0,0
264905,Michael den Heijer,2017,NLP,467,False,3,0,0,0,0,0,0,0,0
264905,Michael den Heijer,2017,NLBP,11154,False,1,1,0,90,1,0,0,0,0
264905,Michael den Heijer,2017,NLBE,11154,False,6,6,0,510,0,0,0,0,0
264905,Michael den Heijer,2017,NL2,467,False,38,0,0,0,0,0,0,0,0
264905,Michael den Heijer,2016,NLBB,11154,False,14,9,0,697,2,0,0,0,0
264905,Michael den Heijer,2015,OCL,11391,False,5,1,0,13,0,0,0,0,0
264905,Michael den Heijer,2015,NZPO,11391,False,1,1,0,16,0,0,0,0,0
264905,Michael den Heijer,2015,NZLP,11391,False,2,0,0,0,0,0,0,0,0
264905,Michael den Heijer,2015,NZL1,11391,False,14,11,0,641,0,1,0,0,0
264905,Michael den Heijer,2015,KLUB,11391,False,1,0,0,0,0,0,0,0,0
264905,Michael den Heijer,2014,OCL,11391,False,5,1,0,90,0,0,0,0,0
264905,Michael den Heijer,2014,NZLP,11391,False,3,3,0,140,0,1,0,0,0
264905,Michael den Heijer,2014,NZL1,11391,False,2,2,0,95,0,0,0,0,0
264905,Michael den Heijer,2013,NZL1,39909,False,14,13,0,1108,2,0,0,0,4
264905,Michael den Heijer,2013,J18C,24118,False,1,1,0,24,0,0,0,0,0
264905,Michael den Heijer,2012,OC24,25510,True,5,4,0,284,0,0,0,0,0
264905,Michael den Heijer,2012,17WC,25510,True,3,3,0,270,0,0,0,0,0
1375570,Ryan Mackay,2025,OFPL,118373,False,19,0,9,0,0,0,0,0,0
1375570,Ryan Mackay,2025,NZP1,122890,False,1,0,1,0,0,0,0,0,0
1375570,Ryan Mackay,2025,NNL1,122890,False,18,1,16,90,0,0,0,0,0
1375570,Ryan Mackay,2025,AUSF,118373,False,4,0,4,0,0,0,0,0,0
1375570,Ryan Mackay,2025,AUS1,118373,False,25,1,4,4,0,0,0,0,0
1375570,Ryan Mackay,2024,NZP1,122890,False,1,1,0,120,0,0,0,0,0
1375570,Ryan Mackay,2024,NZNL,122890,False,10,7,0,609,0,0,0,0,0
1375570,Ryan Mackay,2024,NNL1,122890,False,22,9,0,771,0,0,0,0,1
1092672,Matthew d'Hotman,2025,OFPL,118373,False,13,0,0,0,0,0,0,0,0
1092672,Matthew d'Hotman,2025,NZP1,122890,False,1,1,0,90,0,0,0,0,0
1092672,Matthew d'Hotman,2025,NNL1,122890,False,21,19,0,1440,0,0,0,0,1
1092672,Matthew d'Hotman,2025,AUSF,118373,False,4,0,0,0,0,0,0,0,0
1092672,Matthew d'Hotman,2025,AUS1,118373,False,18,0,0,0,0,0,0,0,0
1092672,Matthew d'Hotman,2024,NZP1,122890,False,1,1,0,120,0,0,0,0,0
1092672,Matthew d'Hotman,2024,NZNL,122890,False,10,5,0,316,0,0,0,0,0
1092672,Matthew d'Hotman,2024,NNL1,122890,False,22,18,0,1132,0,0,0,0,2
1092672,Matthew d'Hotman,2024,FFAC,118373,False,1,0,0,0,0,0,0,0,0
1092672,Matthew d'Hotman,2023,NZNL,31306,False,9,8,0,235,0,0,0,0,0
1092672,Matthew d'Hotman,2023,NNL1,31306,False,8,8,0,575,1,0,0,0,1
1092672,Matthew d'Hotman,2022,OC24,25510,True,5,4,0,313,3,4,0,0,1
1092672,Matthew d'Hotman,2022,NZP1,26272,False,5,0,0,0,0,0,0,0,0
1092672,Matthew d'Hotman,2022,NNL1,26272,False,22,4,0,145,0,0,0,0,0
1092672,Matthew d'Hotman,2022,17WC,25510,True,3,2,0,153,0,0,1,1,0
880131,Adama Coulibaly,2025,OFPL,118373,False,19,5,0,272,0,0,0,0,0
880131,Adama Coulibaly,2025,NZP1,85805,False,2,1,0,90,0,0,0,0,0
880131,Adama Coulibaly,2025,NNL1,85805,False,8,4,0,212,0,0,0,0,0
880131,Adama Coulibaly,2025,NNL1,122890,False,7,5,0,405,1,0,0,0,0
880131,Adama Coulibaly,2025,AUSF,118373,False,4,0,0,0,0,0,0,0,0
880131,Adama Coulibaly,2025,AUS1,118373,False,26,0,0,0,0,0,0,0,0
880131,Adama Coulibaly,2024,NZP1,122890,False,1,0,0,0,0,0,0,0,0
880131,Adama Coulibaly,2024,NZNL,122890,False,10,6,0,450,0,0,0,0,1
880131,Adama Coulibaly,2024,NNL1,122890,False,22,14,0,1224,0,0,0,0,1
880131,Adama Coulibaly,2024,FFAC,118373,False,4,0,0,0,0,0,0,0,0
880131,Adama Coulibaly,2024,AUSF,118373,False,2,0,0,0,0,0,0,0,0
880131,Adama Coulibaly,2024,AUS1,118373,False,26,1,1,8,0,0,0,0,1
880131,Adama Coulibaly,2024,20WC,27263,True,3,1,0,90,0,0,0,0,0
880131,Adama Coulibaly,2023,OO23,32207,True,1,0,0,0,0,0,0,0,0
880131,Adama Coulibaly,2023,OF19,27263,True,5,4,0,242,0,0,0,0,0
880131,Adama Coulibaly,2023,NZP1,41673,False,2,1,0,53,0,0,0,0,0
880131,Adama Coulibaly,2023,NNL1,41673,False,14,10,0,414,1,0,0,0,2
880131,Adama Coulibaly,2022,NZP1,41673,False,4,1,0,4,0,0,0,0,0
880131,Adama Coulibaly,2022,NNL1,41673,False,22,21,0,1331,2,0,0,0,0
880131,Adama Coulibaly,2021,NZP1,41673,False,1,0,0,0,0,0,0,0,0
880131,Adama Coulibaly,2021,NNL1,41673,False,22,16,0,1019,1,0,0,0,0
880131,Adama Coulibaly,2020,NZP1,41673,False,1,0,0,0,0,0,0,0,0
880131,Adama Coulibaly,2020,NNL1,41673,False,22,10,0,684,1,0,0,0,1
724726,Zac Zoricich,2025,OFPL,118373,False,19,14,0,894,1,2,0,0,3
724726,Zac Zoricich,2025,FFAC,3747,False,1,1,0,72,0,0,1,0,0
724726,Zac Zoricich,2025,AUSF,118373,False,4,0,0,0,0,0,0,0,0
724726,Zac Zoricich,2025,AUS1,118373,False,14,0,14,0,0,0,0,0,0
724726,Zac Zoricich,2025,A2SW,3747,False,9,6,0,470,0,0,0,0,0
724726,Zac Zoricich,2024,AU3C,3747,False,6,6,0,540,0,0,0,0,0
724726,Zac Zoricich,2024,A2SW,3747,False,30,29,0,2362,1,1,0,0,1
724726,Zac Zoricich,2023,OO23,32207,True,4,3,0,217,0,1,0,0,0
724726,Zac Zoricich,2023,AUS1,6954,False,10,0,0,0,0,0,0,0,0
724726,Zac Zoricich,2023,AFCC,6954,False,6,0,0,0,0,0,0,0,0
724726,Zac Zoricich,2023,A2SW,3747,False,30,23,0,1779,0,0,0,0,2
724726,Zac Zoricich,2022,FS,32207,True,2,2,0,26,0,0,0,0,0
724726,Zac Zoricich,2022,FFAC,6954,False,1,0,0,0,0,0,0,0,0
724726,Zac Zoricich,2022,AUSF,6954,False,3,0,0,0,0,0,0,0,0
724726,Zac Zoricich,2022,AUS1,6954,False,7,1,0,7,0,0,1,0,0
724726,Zac Zoricich,2022,A2SW,26206,False,30,25,0,2135,1,0,7,2,3
724726,Zac Zoricich,2020,NZP1,41673,False,1,0,0,0,0,0,0,0,0
724726,Zac Zoricich,2020,NZL1,11396,False,14,11,0,766,1,3,0,0,3
724726,Zac Zoricich,2020,NNL1,41673,False,17,17,0,1526,2,0,0,0,0
724726,Zac Zoricich,2019,NZL1,11396,False,16,2,0,100,0,0,0,0,0
561049,Tass Mourdoukoutas,2025,OFPL,118373,False,19,11,0,836,0,1,0,0,0
561049,Tass Mourdoukoutas,2025,FFAC,3080,False,2,1,0,32,0,0,0,0,0
561049,Tass Mourdoukoutas,2025,AUSF,118373,False,4,0,0,0,0,0,0,0,0
561049,Tass Mourdoukoutas,2025,AUS1,118373,False,14,0,14,0,0,0,0,0,0
561049,Tass Mourdoukoutas,2025,A2VI,3080,False,8,6,0,517,0,0,0,0,0
561049,Tass Mourdoukoutas,2024,NPWF,860,False,2,2,0,196,0,0,0,0,0
561049,Tass Mourdoukoutas,2024,AUS1,970,False,12,8,0,673,0,0,2,1,0
561049,Tass Mourdoukoutas,2024,AU3C,860,False,9,6,0,513,0,0,0,0,0
561049,Tass Mourdoukoutas,2024,A2SW,860,False,10,10,0,888,1,0,0,0,2
561049,Tass Mourdoukoutas,2023,CDN1,67215,False,28,25,0,2070,0,0,6,1,3
561049,Tass Mourdoukoutas,2023,CAN,67215,False,1,0,0,0,0,0,0,0,0
561049,Tass Mourdoukoutas,2022,CDN1,67002,False,28,21,0,1759,0,1,7,0,1
561049,Tass Mourdoukoutas,2022,CAPL,67002,False,1,1,0,90,0,0,1,0,0
561049,Tass Mourdoukoutas,2022,CAN,67002,False,2,1,0,90,0,0,0,0,0
561049,Tass Mourdoukoutas,2021,CDN1,67002,False,15,15,0,1350,0,0,3,0,2
561049,Tass Mourdoukoutas,2021,AUS1,36100,False,26,6,0,182,0,0,1,0,0
561049,Tass Mourdoukoutas,2020,FFAC,36100,False,2,0,0,0,0,0,0,0,0
561049,Tass Mourdoukoutas,2020,AUS1,36100,False,26,13,0,768,0,0,5,1,2
561049,Tass Mourdoukoutas,2019,FS,32270,True,1,0,0,0,0,0,0,0,0
561049,Tass Mourdoukoutas,2019,AUS1,36100,False,26,10,0,388,1,0,4,2,0
561049,Tass Mourdoukoutas,2019,A23Q,32270,True,3,2,0,135,1,0,0,0,0
561049,Tass Mourdoukoutas,2019,23AF,32270,True,6,5,0,480,0,0,3,1,1
561049,Tass Mourdoukoutas,2018,FFAC,36100,False,3,3,0,300,0,0,1,0,1
561049,Tass Mourdoukoutas,2018,AUS1,36100,False,27,10,0,733,1,0,0,0,2
561049,Tass Mourdoukoutas,2017,FFAC,36100,False,4,1,0,90,0,0,0,0,0
561049,Tass Mourdoukoutas,2017,AUS1,36100,False,4,1,0,2,0,0,0,0,0
561049,Tass Mourdoukoutas,2017,A198,39276,True,4,4,0,360,0,0,0,0,0
396841,Louis Verstraete,2026,BE2,3225,False,2,2,0,178,0,0,2,0,1
396841,Louis Verstraete,2025,OFPL,118373,False,19,0,2,0,0,0,0,0,0
396841,Louis Verstraete,2025,AUSF,118373,False,4,4,0,390,0,0,1,0,2
396841,Louis Verstraete,2025,AUS1,118373,False,26,24,2,1911,2,3,21,6,6
396841,Louis Verstraete,2024,FFAC,118373,False,4,2,0,65,0,0,2,1,0
396841,Louis Verstraete,2024,AUSF,118373,False,2,2,0,180,0,0,3,1,0
396841,Louis Verstraete,2024,AUS1,118373,False,26,23,3,1738,2,3,21,3,6
396841,Louis Verstraete,2023,CCB,28643,False,3,3,0,270,0,0,0,0,1
396841,Louis Verstraete,2023,BE2,28643,False,30,25,4,2186,0,1,16,2,11
396841,Louis Verstraete,2022,CCB,28643,False,2,0,2,0,0,0,0,0,0
396841,Louis Verstraete,2022,BE2E,28643,False,10,9,0,762,0,1,11,2,2
396841,Louis Verstraete,2022,BE2,28643,False,22,6,15,414,0,0,5,2,2
396841,Louis Verstraete,2021,ELQ,1096,False,2,0,0,0,0,0,0,0,0
396841,Louis Verstraete,2021,CCB,28643,False,1,1,0,90,0,0,0,0,0
396841,Louis Verstraete,2021,BE2,28643,False,25,19,1,1478,3,1,17,11,7
396841,Louis Verstraete,2021,BE1,1096,False,5,4,0,156,0,0,2,1,2
396841,Louis Verstraete,2020,EL,1096,False,6,0,0,0,0,0,0,0,0
396841,Louis Verstraete,2020,EJPD,28643,False,2,2,0,158,0,0,0,0,1
396841,Louis Verstraete,2020,CCB,28643,False,1,0,0,0,0,0,0,0,0
396841,Louis Verstraete,2020,BE1,28643,False,9,5,0,439,3,0,6,5,2
396841,Louis Verstraete,2020,BE1,1096,False,25,3,0,118,0,0,1,0,0
396841,Louis Verstraete,2019,U21Q,9315,True,3,3,0,179,0,0,0,0,0
396841,Louis Verstraete,2019,ELQ,157,False,6,4,0,75,0,0,0,0,1
396841,Louis Verstraete,2019,EL,157,False,6,0,0,0,0,0,0,0,0
396841,Louis Verstraete,2019,CCB,157,False,2,2,0,120,0,0,0,0,0
396841,Louis Verstraete,2019,CCB,1096,False,1,0,0,0,0,0,0,0,0
396841,Louis Verstraete,2019,BE1,2861,False,6,4,0,223,0,0,1,0,2
396841,Louis Verstraete,2019,BE1,157,False,23,5,0,265,0,0,4,1,0
396841,Louis Verstraete,2018,POBE,28643,False,10,5,0,397,1,1,4,2,1
396841,Louis Verstraete,2018,CCB,28643,False,1,1,0,90,0,0,0,0,1
396841,Louis Verstraete,2018,BE1,28643,False,30,25,1,2016,1,1,17,6,8
396841,Louis Verstraete,2017,U19Q,16338,True,6,3,1,195,0,0,0,0,2
396841,Louis Verstraete,2017,POBE,28643,False,10,8,0,563,1,1,9,4,0
396841,Louis Verstraete,2017,FS,16338,True,5,2,0,180,0,0,0,0,1
396841,Louis Verstraete,2017,ELQ,157,False,2,0,0,0,0,0,0,0,0
396841,Louis Verstraete,2017,CCB,157,False,3,0,0,0,0,0,0,0,0
396841,Louis Verstraete,2017,BE1,28643,False,6,3,0,124,0,1,0,0,1
396841,Louis Verstraete,2017,BE1,157,False,24,2,4,7,1,0,0,0,1
396841,Louis Verstraete,2016,U19Q,16338,True,3,3,0,225,1,0,0,0,1
396841,Louis Verstraete,2016,FS,16338,True,2,2,0,118,0,0,0,0,1
396841,Louis Verstraete,2016,FS,16337,True,1,1,0,90,0,0,0,0,0
396841,Louis Verstraete,2016,EL,157,False,4,3,0,107,1,0,0,0,1
396841,Louis Verstraete,2016,EJPL,157,False,10,2,2,13,0,0,0,0,0
396841,Louis Verstraete,2016,BE1,157,False,11,5,0,48,0,1,0,0,1
396841,Louis Verstraete,2015,U17Q,23219,True,3,0,0,0,0,0,0,0,0
396841,Louis Verstraete,2015,FS,23219,True,3,2,0,55,0,0,0,0,0
396841,Louis Verstraete,2015,17EU,23219,True,4,3,0,14,0,0,0,0,0
296673,Reid Drake,2025,OFPL,118373,False,19,18,0,1161,0,2,0,0,3
296673,Reid Drake,2025,NNL1,41673,False,7,5,0,450,0,0,0,0,1
296673,Reid Drake,2025,AUSF,118373,False,4,0,0,0,0,0,0,0,0
296673,Reid Drake,2025,AUS1,118373,False,14,0,14,0,0,0,0,0,0
296673,Reid Drake,2024,NZP1,41673,False,3,1,0,90,0,0,0,0,0
296673,Reid Drake,2024,NZNL,41673,False,10,10,0,897,4,0,0,0,3
296673,Reid Drake,2024,NNL1,41673,False,22,22,0,1961,8,0,0,0,2
296673,Reid Drake,2023,NZP1,41673,False,3,1,0,120,1,0,0,0,0
296673,Reid Drake,2023,NZNL,41673,False,9,9,0,810,3,2,0,0,2
296673,Reid Drake,2023,NNL1,41673,False,22,21,0,1849,7,1,0,0,2
296673,Reid Drake,2022,OCL,11391,False,1,0,0,0,0,0,0,0,0
296673,Reid Drake,2022,NZP1,41673,False,3,0,0,0,0,0,0,0,0
296673,Reid Drake,2022,NNL1,41673,False,22,17,0,1530,8,2,0,0,3
296673,Reid Drake,2022,KLUB,11391,False,1,1,0,12,0,0,0,0,0
296673,Reid Drake,2021,OCL,11391,False,5,5,0,261,0,2,0,0,1
296673,Reid Drake,2021,NZP1,11391,False,5,0,0,0,0,0,0,0,0
296673,Reid Drake,2021,NZNL,11391,False,9,8,0,431,1,1,0,0,0
296673,Reid Drake,2021,NNLP,11391,False,1,1,0,31,0,0,0,0,0
296673,Reid Drake,2021,NNL1,11391,False,22,21,0,1359,6,0,0,0,1
296673,Reid Drake,2020,NZP1,11391,False,4,2,0,168,1,0,0,0,0
296673,Reid Drake,2020,NZLP,31306,False,1,1,0,90,0,0,0,0,0
296673,Reid Drake,2020,NZL1,31306,False,14,14,0,1260,5,3,0,0,2
296673,Reid Drake,2020,NNL1,31306,False,1,0,0,0,0,0,0,0,0
296673,Reid Drake,2020,NNL1,11391,False,22,15,0,998,6,0,0,0,1
296673,Reid Drake,2019,OCL,31306,False,3,3,0,270,1,2,0,0,1
296673,Reid Drake,2019,NZL1,31306,False,16,16,0,1427,5,4,0,0,4
296673,Reid Drake,2018,OCL,11391,False,5,4,0,105,0,3,0,0,0
296673,Reid Drake,2018,NZLP,11391,False,1,0,0,0,0,0,0,0,0
296673,Reid Drake,2018,NZL1,11391,False,18,14,0,989,2,1,0,0,1
296673,Reid Drake,2017,OCL,11391,False,6,6,0,540,1,1,0,0,0
296673,Reid Drake,2017,NZLP,11391,False,2,0,0,0,0,0,0,0,0
296673,Reid Drake,2017,NZL1,11391,False,18,14,0,265,0,2,0,0,0
296673,Reid Drake,2017,KLUB,11391,False,1,0,0,0,0,0,0,0,0
296673,Reid Drake,2016,OCL,11391,False,7,4,0,55,1,1,0,0,0
296673,Reid Drake,2016,NZLP,11391,False,2,0,0,0,0,0,0,0,0
296673,Reid Drake,2016,NZL1,11391,False,18,15,0,729,0,0,0,0,1
296673,Reid Drake,2016,KLUB,11391,False,1,0,0,0,0,0,0,0,0
296673,Reid Drake,2015,OCL,11391,False,5,0,0,0,0,0,0,0,0
296673,Reid Drake,2015,NZPO,11391,False,1,0,0,0,0,0,0,0,0
296673,Reid Drake,2015,NZLP,11391,False,2,0,0,0,0,0,0,0,0
296673,Reid Drake,2015,NZL1,11391,False,14,3,0,41,0,0,0,0,0
296673,Reid Drake,2015,KLUB,11391,False,1,0,0,0,0,0,0,0,0
296673,Reid Drake,2014,NZL1,16020,False,16,12,0,443,0,1,0,0,1
296673,Reid Drake,2013,NZL1,16020,False,14,8,0,435,1,3,0,0,2
724770,Matthew Ellis,2025,OFPL,118373,False,19,18,0,1123,4,2,0,0,1
724770,Matthew Ellis,2025,OCL,11391,False,5,0,0,0,0,0,0,0,0
724770,Matthew Ellis,2025,NZP1,11391,False,2,1,0,37,0,0,0,0,0
724770,Matthew Ellis,2025,NNL1,11391,False,6,2,0,98,1,0,0,0,0
724770,Matthew Ellis,2025,FIC1,11391,False,1,1,0,23,0,0,0,0,0
724770,Matthew Ellis,2025,AUSF,118373,False,4,0,0,0,0,0,0,0,0
724770,Matthew Ellis,2025,AUS1,118373,False,14,0,14,0,0,0,0,0,0
724770,Matthew Ellis,2024,OCL,11391,False,5,4,0,139,0,1,0,0,0
724770,Matthew Ellis,2024,NZP1,11391,False,2,1,0,79,1,0,0,0,0
724770,Matthew Ellis,2024,NZNL,11391,False,10,8,0,346,0,0,0,0,1
724770,Matthew Ellis,2024,NNLP,11391,False,1,1,0,40,1,1,0,0,0
724770,Matthew Ellis,2024,NNL1,11391,False,22,13,0,690,3,0,0,0,0
724770,Matthew Ellis,2024,KLUB,11391,False,3,2,0,67,0,0,0,0,0
724770,Matthew Ellis,2023,OO23,32207,True,2,1,0,45,0,1,0,0,1
724770,Matthew Ellis,2023,NZP1,41673,False,3,1,0,120,0,0,0,0,1
724770,Matthew Ellis,2023,NZNL,41673,False,9,9,0,791,5,1,0,0,0
724770,Matthew Ellis,2023,NNL1,41673,False,22,22,0,1971,3,1,0,0,2
724770,Matthew Ellis,2022,OCL,11391,False,7,2,0,27,0,0,0,0,0
724770,Matthew Ellis,2022,NZP1,41673,False,3,0,0,0,0,0,0,0,0
724770,Matthew Ellis,2022,NNL1,41673,False,10,7,0,554,2,1,0,0,0
724770,Matthew Ellis,2022,NNL1,11391,False,10,2,0,65,0,0,0,0,0
724770,Matthew Ellis,2022,KLUB,11391,False,1,0,0,0,0,0,0,0,0
724770,Matthew Ellis,2021,OCL,11391,False,5,1,0,90,1,0,0,0,0
724770,Matthew Ellis,2021,NZP1,11391,False,5,0,0,0,0,0,0,0,0
724770,Matthew Ellis,2021,NZNL,11391,False,9,0,0,0,0,0,0,0,0
724770,Matthew Ellis,2021,NNLP,11391,False,1,0,0,0,0,0,0,0,0
724770,Matthew Ellis,2021,NNL1,11391,False,22,6,0,440,5,0,0,0,1
724770,Matthew Ellis,2020,NZP1,11391,False,4,2,0,102,1,0,0,0,0
724770,Matthew Ellis,2020,NZLP,11391,False,2,0,0,0,0,0,0,0,0
724770,Matthew Ellis,2020,NZL1,11391,False,14,0,0,0,0,0,0,0,0
724770,Matthew Ellis,2020,NNL1,11391,False,22,5,0,280,1,0,0,0,0
724770,Matthew Ellis,2019,OCL,11391,False,3,0,0,0,0,0,0,0,0
724770,Matthew Ellis,2019,NZL1,11391,False,9,0,0,0,0,0,0,0,0
1122320,Finn McKenlay,2025,OFPL,118373,False,19,0,0,0,0,0,0,0,0
1122320,Finn McKenlay,2025,NNL1,122890,False,7,4,0,345,1,0,0,0,0
1122320,Finn McKenlay,2025,IR2,5568,False,1,1,0,74,0,0,0,0,0
1122320,Finn McKenlay,2025,AUSF,118373,False,4,0,0,0,0,0,0,0,0
1122320,Finn McKenlay,2025,AUS1,118373,False,26,0,0,0,0,0,0,0,0
1122320,Finn McKenlay,2024,NZP1,122890,False,1,0,0,0,0,0,0,0,0
1122320,Finn McKenlay,2024,NZNL,122890,False,10,8,0,687,2,0,0,0,2
1122320,Finn McKenlay,2024,NNL1,122890,False,22,14,0,1165,3,0,0,0,6
1122320,Finn McKenlay,2024,FFAC,118373,False,4,1,0,11,0,0,1,0,1
1122320,Finn McKenlay,2024,AUSF,118373,False,2,0,0,0,0,0,0,0,0
1122320,Finn McKenlay,2024,AUS1,118373,False,26,2,0,47,0,0,1,0,1
1122320,Finn McKenlay,2024,20WC,27263,True,3,3,0,270,0,0,5,2,1
1122320,Finn McKenlay,2023,OF19,27263,True,5,4,0,250,0,0,0,0,1
1122320,Finn McKenlay,2023,NZP1,31306,False,2,2,0,134,1,0,0,0,1
1122320,Finn McKenlay,2023,NNL1,31306,False,14,13,0,995,0,0,0,0,5
1122320,Finn McKenlay,2022,NZP1,18003,False,3,0,0,0,0,0,0,0,0
1122320,Finn McKenlay,2022,NZNL,31306,False,8,4,0,195,1,0,0,0,1
1122320,Finn McKenlay,2022,NNL1,18003,False,22,12,0,333,2,1,0,0,4
951958,James Bayliss,2025,OFPL,118373,False,19,19,0,1538,1,1,0,0,2
951958,James Bayliss,2025,AUSF,118373,False,4,0,0,0,0,0,0,0,0
951958,James Bayliss,2025,AUS1,118373,False,14,0,14,0,0,0,0,0,0
951958,James Bayliss,2025,A2SW,860,False,10,5,0,361,0,1,0,0,2
951958,James Bayliss,2024,NPWF,860,False,2,2,0,210,0,0,0,0,0
951958,James Bayliss,2024,AU3C,860,False,9,9,0,795,0,0,0,0,0
951958,James Bayliss,2024,A2SW,860,False,30,28,0,2502,1,6,0,0,7
951958,James Bayliss,2023,A2SW,860,False,30,9,0,756,0,0,0,0,1
951958,James Bayliss,2022,AUSF,6954,False,3,0,0,0,0,0,0,0,0
951958,James Bayliss,2022,AUS1,6954,False,26,6,0,70,0,0,0,0,0
951958,James Bayliss,2022,A2SW,26206,False,20,16,0,1284,1,2,12,6,1
951958,James Bayliss,2021,FFAC,6954,False,1,0,0,0,0,0,0,0,0
951958,James Bayliss,2021,AUSF,6954,False,1,0,0,0,0,0,0,0,0
951958,James Bayliss,2021,AUS1,6954,False,21,6,0,153,0,0,0,0,0
951958,James Bayliss,2020,FFAC,6954,False,2,0,0,0,0,0,0,0,0
479718,Guillermo May,2025,OFPL,118373,False,19,0,3,0,0,0,0,0,0
479718,Guillermo May,2025,AUSF,118373,False,4,2,2,171,1,0,1,0,0
479718,Guillermo May,2025,AUS1,118373,False,26,24,2,1359,5,4,50,17,4
479718,Guillermo May,2024,FFAC,118373,False,4,4,0,385,1,0,20,5,0
479718,Guillermo May,2024,AUSF,118373,False,2,2,0,180,0,0,5,0,0
479718,Guillermo May,2024,AUS1,118373,False,26,26,0,2265,9,2,94,27,0
479718,Guillermo May,2023,CDLP,1286,False,14,12,0,555,0,1,0,0,0
479718,Guillermo May,2023,ARCA,1286,False,3,2,0,132,1,0,2,2,0
479718,Guillermo May,2023,AR1N,1286,False,14,5,0,112,0,0,7,2,0
479718,Guillermo May,2022,URUI,1306,False,7,5,0,359,3,0,0,0,1
479718,Guillermo May,2022,URUC,1306,False,2,2,0,180,0,0,0,0,0
479718,Guillermo May,2022,URU1,1306,False,15,15,0,937,6,2,0,0,2
479718,Guillermo May,2022,CS,1306,False,7,7,0,513,3,0,17,6,2
479718,Guillermo May,2022,CLPF,14836,False,1,1,0,75,0,0,0,0,0
479718,Guillermo May,2022,CDLP,1286,False,12,9,2,327,2,0,0,0,0
479718,Guillermo May,2021,URUI,1306,False,7,7,0,555,0,1,0,0,0
479718,Guillermo May,2021,URUC,1306,False,15,14,0,1135,5,4,0,0,3
479718,Guillermo May,2021,URU1,1306,False,15,15,0,1007,2,0,0,0,3
479718,Guillermo May,2021,URP1,1306,False,1,0,0,0,0,0,0,0,0
479718,Guillermo May,2020,URUC,866,False,15,0,0,0,0,0,0,0,0
479718,Guillermo May,2020,URU1,866,False,15,5,0,68,1,0,0,0,0
479718,Guillermo May,2020,URSC,866,False,1,1,0,1,0,0,0,0,0
479718,Guillermo May,2020,CS,866,False,2,0,0,0,0,0,0,0,0
479718,Guillermo May,2020,CLI,866,False,6,1,0,22,0,0,0,0,0
479718,Guillermo May,2019,URUP,866,False,2,0,0,0,0,0,0,0,0
479718,Guillermo May,2019,URUI,20189,False,7,7,0,623,3,0,0,0,1
479718,Guillermo May,2019,URUC,20189,False,15,10,5,683,1,2,0,0,0
479718,Guillermo May,2019,URU1,20189,False,15,10,1,701,3,0,0,0,3
479718,Guillermo May,2019,CLI,20189,False,2,0,0,0,0,0,0,0,0
479718,Guillermo May,2018,ES3A,11603,False,38,29,0,1412,4,0,0,0,0
479718,Guillermo May,2017,CLIY,16560,False,5,5,0,450,5,1,0,0,0
677509,Jesse Randall,2026,SCP,1519,False,5,3,0,227,0,1,5,3,1
677509,Jesse Randall,2026,SC1,1519,False,3,3,0,208,0,1,5,2,0
677509,Jesse Randall,2025,OFPL,118373,False,19,0,0,0,0,0,0,0,0
677509,Jesse Randall,2025,FS,9171,True,10,7,0,263,1,0,8,2,0
677509,Jesse Randall,2025,FIWC,9171,True,3,3,0,60,0,0,1,0,0
677509,Jesse Randall,2025,AUSF,118373,False,4,4,0,354,0,2,7,3,0
677509,Jesse Randall,2025,AUS1,118373,False,26,26,0,2123,9,6,79,31,2
677509,Jesse Randall,2024,WMQ5,9171,True,5,0,0,0,0,0,0,0,0
677509,Jesse Randall,2024,FS,9171,True,5,0,0,0,0,0,0,0,0
677509,Jesse Randall,2024,FFAC,118373,False,4,4,0,310,3,0,16,6,0
677509,Jesse Randall,2024,AUSF,118373,False,2,2,0,125,0,0,3,0,0
677509,Jesse Randall,2024,AUS1,118373,False,26,17,0,609,3,1,19,9,1
677509,Jesse Randall,2023,OO23,32207,True,4,3,0,211,4,3,0,0,0
677509,Jesse Randall,2023,OLYM,53827,True,2,1,0,45,1,0,1,1,0
677509,Jesse Randall,2023,OFCN,9171,True,4,4,0,62,1,1,0,0,0
677509,Jesse Randall,2023,OCL,26275,False,2,2,0,106,1,0,0,0,1
677509,Jesse Randall,2023,NZPO,26275,False,1,0,0,0,0,0,0,0,0
677509,Jesse Randall,2023,NZP1,26275,False,2,0,0,0,0,0,0,0,0
677509,Jesse Randall,2023,NCL1,26275,False,13,8,0,499,7,0,0,0,0
677509,Jesse Randall,2022,USLP,4115,False,4,0,0,0,0,0,0,0,0
677509,Jesse Randall,2022,USL,4115,False,32,5,0,112,0,0,2,0,0
677509,Jesse Randall,2022,NZP1,26275,False,1,0,0,0,0,0,0,0,0
677509,Jesse Randall,2022,MLSP,4115,False,3,2,0,194,0,0,2,1,0
677509,Jesse Randall,2022,FS,32207,True,2,2,0,180,0,0,0,0,0
677509,Jesse Randall,2021,NZP1,26275,False,5,0,0,0,0,0,0,0,0
677509,Jesse Randall,2021,NZNL,26275,False,9,9,0,719,7,9,0,0,0
677509,Jesse Randall,2021,NNLP,26275,False,1,1,0,90,0,0,0,0,0
677509,Jesse Randall,2021,NCL1,26275,False,17,12,0,997,10,0,0,0,0
677509,Jesse Randall,2020,NZP1,62549,False,3,0,0,0,0,0,0,0,0
677509,Jesse Randall,2020,NZL1,11319,False,6,6,0,537,4,0,0,0,1
677509,Jesse Randall,2020,NCL1,62549,False,14,10,0,900,8,0,0,0,0
677509,Jesse Randall,2019,NZL1,51843,False,16,14,0,1162,3,5,0,0,2
677509,Jesse Randall,2018,FS,25510,True,3,3,0,207,1,0,0,0,0
677509,Jesse Randall,2018,17WC,25510,True,3,3,0,126,0,0,5,2,0
953397,Kian Donkers,2025,OFPL,118373,False,19,10,0,337,1,1,0,0,0
953397,Kian Donkers,2025,NNL1,18003,False,6,2,0,75,2,0,0,0,0
953397,Kian Donkers,2025,AUSF,118373,False,4,0,0,0,0,0,0,0,0
953397,Kian Donkers,2025,AUS1,118373,False,14,0,14,0,0,0,0,0,0
953397,Kian Donkers,2024,NZP1,18003,False,2,1,0,46,0,0,0,0,0
953397,Kian Donkers,2024,NZNL,18003,False,10,5,0,354,2,0,0,0,0
953397,Kian Donkers,2024,NNL1,18003,False,8,8,0,572,5,0,0,0,1
953397,Kian Donkers,2023,212F,11154,False,14,3,0,72,0,0,0,0,0
953397,Kian Donkers,2023,211S,11154,False,1,0,0,0,0,0,0,0,0
953397,Kian Donkers,2022,OF19,27263,True,6,5,0,267,9,1,0,0,0
953397,Kian Donkers,2022,FS,27263,True,4,2,0,135,0,0,0,0,0
953397,Kian Donkers,2022,212S,11154,False,11,0,0,0,0,0,0,0,0
953397,Kian Donkers,2022,20WC,27263,True,4,4,0,96,0,0,1,0,0
953397,Kian Donkers,2021,NZP1,30729,False,5,0,0,0,0,0,0,0,0
953397,Kian Donkers,2021,NZNL,30729,False,9,9,0,404,3,0,0,0,1
953397,Kian Donkers,2021,NSL1,30729,False,18,14,0,819,11,0,0,0,0
953397,Kian Donkers,2020,NZP1,30729,False,1,0,0,0,0,0,0,0,0
953397,Kian Donkers,2020,NZNL,30729,False,5,4,0,23,0,0,0,0,1
878242,Liam Gillion,2025,OFPL,118373,False,19,12,0,893,5,0,0,0,0
878242,Liam Gillion,2025,FFAC,36100,False,2,2,0,164,0,0,2,0,0
878242,Liam Gillion,2025,AUSF,118373,False,4,4,0,47,0,0,1,1,0
878242,Liam Gillion,2025,AUS1,118373,False,26,5,0,97,0,1,2,2,0
878242,Liam Gillion,2024,WMQ5,9171,True,2,2,0,32,0,1,0,0,0
878242,Liam Gillion,2024,FFAC,118373,False,4,3,1,79,1,0,5,2,0
878242,Liam Gillion,2024,AUSF,118373,False,2,2,0,55,0,0,0,0,0
878242,Liam Gillion,2024,AUS1,118373,False,26,13,0,974,0,1,25,6,0
878242,Liam Gillion,2023,OO23,32207,True,3,2,0,130,1,0,0,0,0
878242,Liam Gillion,2023,OLYM,53827,True,3,2,0,14,0,0,0,0,0
878242,Liam Gillion,2023,OCL,11391,False,7,7,0,554,2,1,0,0,0
878242,Liam Gillion,2023,NZP1,11391,False,2,1,0,90,1,0,0,0,0
878242,Liam Gillion,2023,NNL1,11391,False,12,12,0,955,9,2,0,0,0
878242,Liam Gillion,2023,KLUB,11391,False,1,1,0,90,0,0,0,0,0
878242,Liam Gillion,2022,OCL,11391,False,7,6,0,379,3,1,0,0,0
878242,Liam Gillion,2022,NZP1,11391,False,3,0,0,0,0,0,0,0,0
878242,Liam Gillion,2022,NZNL,11391,False,9,6,0,178,1,0,0,0,0
878242,Liam Gillion,2022,NNLP,11391,False,1,1,0,27,0,0,0,0,0
878242,Liam Gillion,2022,NNL1,11391,False,22,20,0,1630,8,4,0,0,0
878242,Liam Gillion,2022,KLUB,11391,False,1,1,0,35,0,0,1,1,0
878242,Liam Gillion,2021,OCL,11391,False,5,3,0,108,1,0,0,0,0
878242,Liam Gillion,2021,NZP1,11391,False,4,0,0,0,0,0,0,0,0
878242,Liam Gillion,2021,NZNL,11391,False,9,4,0,280,1,0,0,0,0
878242,Liam Gillion,2021,NNLP,11391,False,1,1,0,90,1,1,0,0,0
878242,Liam Gillion,2021,NNL1,11391,False,22,15,0,654,2,1,0,0,0
878242,Liam Gillion,2020,NZP1,3474,False,5,0,0,0,0,0,0,0,0
878242,Liam Gillion,2020,NZNL,3474,False,5,5,0,409,0,0,0,0,0
878242,Liam Gillion,2020,NCL1,3474,False,18,18,0,1281,6,0,0,0,1
801427,Marlee Francois,2025,AUS1,118373,False,13,13,0,322,0,0,6,1,2
801427,Marlee Francois,2024,FFAC,118373,False,4,4,0,265,1,1,9,3,1
801427,Marlee Francois,2024,AUSF,118373,False,2,2,0,121,0,0,2,0,1
801427,Marlee Francois,2024,AUS1,118373,False,16,13,0,475,1,0,17,7,1
801427,Marlee Francois,2023,A23Q,32270,True,2,1,0,17,0,0,0,0,0
801427,Marlee Francois,2022,GB2,698,False,18,0,0,0,0,0,0,0,0
801427,Marlee Francois,2022,FS,32270,True,5,3,0,237,1,0,2,1,0
801427,Marlee Francois,2022,FAC,698,False,2,2,0,12,0,0,0,0,0
801427,Marlee Francois,2022,21PL,39304,False,8,0,0,0,0,0,0,0,0
801427,Marlee Francois,2021,NLS6,1099,False,16,4,0,360,0,0,0,0,0
801427,Marlee Francois,2021,FS,32270,True,1,0,0,0,0,0,0,0,0
801427,Marlee Francois,2021,A23Q,32270,True,2,0,0,0,0,0,0,0,0
801427,Marlee Francois,2021,23AF,32270,True,6,0,0,0,0,0,0,0,0
801427,Marlee Francois,2020,FS,32270,True,3,1,0,10,0,0,0,0,0
801427,Marlee Francois,2020,FAYC,14650,False,3,3,0,249,0,0,0,0,0
801427,Marlee Francois,2019,FAYC,14650,False,1,1,0,45,0,0,0,0,0
801427,Marlee Francois,2018,FAYC,14650,False,1,0,0,0,0,0,0,0,0
166078,Emiliano Tade,2025,OFPL,118373,False,19,16,0,721,5,2,0,0,1
166078,Emiliano Tade,2025,AUSF,118373,False,4,0,0,0,0,0,0,0,0
166078,Emiliano Tade,2025,AUS1,118373,False,14,0,14,0,0,0,0,0,0
166078,Emiliano Tade,2024,NZP1,85805,False,6,3,0,247,3,1,0,0,0
166078,Emiliano Tade,2024,NZNL,85805,False,10,1,0,90,0,0,0,0,0
166078,Emiliano Tade,2024,NNL1,85805,False,22,18,1,1467,15,0,0,0,4
166078,Emiliano Tade,2023,NZP1,41673,False,3,1,0,120,1,0,0,0,0
166078,Emiliano Tade,2023,NZNL,41673,False,9,6,0,459,1,0,0,0,1
166078,Emiliano Tade,2023,NNL1,41673,False,22,16,0,1388,14,1,0,0,3
166078,Emiliano Tade,2023,KLUB,11391,False,1,1,0,22,0,0,2,0,0
166078,Emiliano Tade,2022,OCL,11391,False,7,2,5,49,3,1,0,0,0
166078,Emiliano Tade,2022,NZP1,11391,False,3,0,3,0,0,0,0,0,0
166078,Emiliano Tade,2022,NZNL,11391,False,9,6,0,93,1,0,0,0,1
166078,Emiliano Tade,2022,NNLP,11391,False,1,1,0,14,0,0,0,0,0
166078,Emiliano Tade,2022,NNL1,11391,False,22,7,15,294,3,0,0,0,0
166078,Emiliano Tade,2022,KLUB,11391,False,1,1,0,55,0,0,1,0,0
166078,Emiliano Tade,2021,OCL,11391,False,5,5,0,234,2,0,0,0,1
166078,Emiliano Tade,2021,NZP1,11391,False,5,0,0,0,0,0,0,0,0
166078,Emiliano Tade,2021,NZNL,11391,False,9,8,0,444,5,3,0,0,1
166078,Emiliano Tade,2021,NNLP,11391,False,1,0,0,0,0,0,0,0,0
166078,Emiliano Tade,2021,NNL1,11391,False,22,17,0,889,12,1,0,0,0
166078,Emiliano Tade,2020,NZP1,11391,False,4,0,0,0,0,0,0,0,0
166078,Emiliano Tade,2020,NZLP,11391,False,2,2,0,174,1,1,0,0,0
166078,Emiliano Tade,2020,NZL1,11391,False,14,2,0,112,1,0,0,0,0
166078,Emiliano Tade,2020,NNL1,11391,False,22,7,0,564,8,0,0,0,0
166078,Emiliano Tade,2019,TELK,6356,False,3,0,3,0,0,0,0,0,0
166078,Emiliano Tade,2019,SFAL,6356,False,3,0,2,0,0,0,0,0,0
166078,Emiliano Tade,2019,SFA1,6356,False,11,0,9,0,0,0,0,0,0
166078,Emiliano Tade,2019,OCL,11391,False,3,3,0,170,2,1,0,0,1
166078,Emiliano Tade,2019,NZL1,11391,False,6,6,0,481,3,4,0,0,0
166078,Emiliano Tade,2019,ACL,6356,False,4,0,4,0,0,0,0,0,0
166078,Emiliano Tade,2018,TELK,9370,False,2,2,0,205,1,0,0,0,0
166078,Emiliano Tade,2018,SFA1,9370,False,19,17,0,1265,5,2,0,0,0
166078,Emiliano Tade,2018,SFA1,6356,False,14,8,0,397,1,1,0,0,1
166078,Emiliano Tade,2018,NEDC,9370,False,1,1,0,69,1,0,0,0,0
166078,Emiliano Tade,2018,ACL,6356,False,8,4,0,91,1,0,0,0,0
166078,Emiliano Tade,2017,OCL,11391,False,6,6,0,525,8,2,0,0,1
166078,Emiliano Tade,2017,NZLP,11391,False,2,2,0,180,2,0,0,0,1
166078,Emiliano Tade,2017,NZL1,11391,False,18,16,0,1386,16,6,0,0,2
166078,Emiliano Tade,2017,KLUB,11391,False,1,1,0,90,0,0,0,0,0
166078,Emiliano Tade,2016,OCL,11391,False,7,6,0,429,3,3,0,0,1
166078,Emiliano Tade,2016,NZLP,11391,False,2,2,0,180,1,0,0,0,1
166078,Emiliano Tade,2016,NZL1,11391,False,18,15,0,1262,12,7,0,0,2
166078,Emiliano Tade,2016,KLUB,11391,False,1,1,0,90,0,1,0,0,0
166078,Emiliano Tade,2015,OCL,11391,False,5,4,0,216,0,1,0,0,0
166078,Emiliano Tade,2015,NZPO,11391,False,1,1,0,90,0,1,0,0,1
166078,Emiliano Tade,2015,NZLP,11391,False,2,2,0,177,0,2,0,0,1
166078,Emiliano Tade,2015,NZL1,11391,False,14,13,0,1025,7,6,0,0,3
166078,Emiliano Tade,2015,KLUB,11391,False,1,1,0,19,0,0,0,0,0
166078,Emiliano Tade,2014,OFCP,11391,False,3,2,0,146,4,1,0,0,1
166078,Emiliano Tade,2014,NZPO,11391,False,1,1,0,90,1,0,0,0,0
166078,Emiliano Tade,2014,NZL1,11391,False,8,7,0,630,3,2,0,0,1
166078,Emiliano Tade,2014,KLUB,11391,False,4,4,0,338,0,1,0,0,0
166078,Emiliano Tade,2013,OCL,11391,False,7,7,0,589,6,1,0,0,1
166078,Emiliano Tade,2013,NZPO,11391,False,1,1,0,60,1,0,0,0,0
166078,Emiliano Tade,2013,NZLP,11391,False,3,3,0,242,5,2,0,0,0
166078,Emiliano Tade,2013,NZL1,11391,False,14,11,0,853,12,3,0,0,0
166078,Emiliano Tade,2013,KLUB,11391,False,1,1,0,26,0,0,0,0,0
166078,Emiliano Tade,2012,OCL,11391,False,9,3,0,75,1,3,0,0,1
166078,Emiliano Tade,2012,NZPO,11391,False,1,1,0,64,0,0,0,0,0
166078,Emiliano Tade,2012,NZLP,11391,False,3,3,0,41,0,0,0,0,0
166078,Emiliano Tade,2012,NZL1,11391,False,14,13,0,647,5,3,0,0,1
166078,Emiliano Tade,2012,KLUB,11391,False,1,1,0,12,0,0,0,0,0
166078,Emiliano Tade,2011,OCL,11391,False,8,3,0,78,2,1,0,0,0
166078,Emiliano Tade,2011,NZPO,11391,False,1,1,0,27,0,0,0,0,0
166078,Emiliano Tade,2011,NZLP,11391,False,2,0,0,0,0,0,0,0,0
166078,Emiliano Tade,2011,NZL1,11391,False,14,10,0,631,8,3,0,0,0
166078,Emiliano Tade,2011,KLUB,11391,False,1,1,0,22,0,0,0,0,0
166078,Emiliano Tade,2010,NZLP,18385,False,2,2,0,159,0,1,0,0,0
166078,Emiliano Tade,2010,NZL1,18385,False,14,14,0,576,6,3,0,0,1
561484,Matt Sutton,2025,FFAC,970,False,1,1,0,120,0,0,0,0,0
561484,Matt Sutton,2025,AUS1,970,False,26,26,0,2303,0,0,0,0,3
561484,Matt Sutton,2024,FFAC,71084,False,1,1,0,90,0,0,0,0,0
561484,Matt Sutton,2024,AUSF,71084,False,3,3,0,270,0,0,0,0,0
561484,Matt Sutton,2024,AUS1,71084,False,26,26,0,2340,0,0,0,0,0
561484,Matt Sutton,2023,FFAC,71084,False,1,0,0,0,0,0,0,0,0
561484,Matt Sutton,2023,AUS1,71084,False,27,5,0,450,0,0,0,0,0
561484,Matt Sutton,2022,FFAC,71084,False,3,0,0,0,0,0,0,0,0
561484,Matt Sutton,2022,AUSF,25580,False,3,0,0,0,0,0,0,0,0
561484,Matt Sutton,2022,AUS1,25580,False,26,0,0,0,0,0,0,0,0
561484,Matt Sutton,2021,FFAC,25580,False,2,0,0,0,0,0,0,0,0
561484,Matt Sutton,2021,AUSF,25580,False,3,0,0,0,0,0,0,0,0
561484,Matt Sutton,2021,AUS1,25580,False,26,2,0,180,0,0,0,0,0
561484,Matt Sutton,2021,AFCL,25580,False,6,0,0,0,0,0,0,0,0
561484,Matt Sutton,2020,FFAC,25580,False,3,0,0,0,0,0,0,0,0
561484,Matt Sutton,2020,AUSF,25580,False,2,0,0,0,0,0,0,0,0
561484,Matt Sutton,2020,AUS1,25580,False,26,1,0,90,0,0,0,0,0
561484,Matt Sutton,2019,AUS1,7006,False,26,0,0,0,0,0,0,0,0
561484,Matt Sutton,2019,AFCL,7006,False,2,0,0,0,0,0,0,0,0
561484,Matt Sutton,2019,ACLQ,7006,False,2,0,0,0,0,0,0,0,0
561484,Matt Sutton,2018,FFAC,7006,False,1,0,0,0,0,0,0,0,0
561484,Matt Sutton,2018,AUSF,7006,False,2,0,0,0,0,0,0,0,0
561484,Matt Sutton,2018,AUS1,7006,False,14,0,0,0,0,0,0,0,0
561484,Matt Sutton,2018,AFCL,7006,False,4,0,0,0,0,0,0,0,0
561484,Matt Sutton,2017,FFAC,7006,False,2,0,0,0,0,0,0,0,0
561484,Matt Sutton,2017,AUSF,7006,False,3,0,0,0,0,0,0,0,0
561484,Matt Sutton,2017,AUS1,7006,False,12,0,0,0,0,0,0,0,0
561484,Matt Sutton,2017,AFCL,7006,False,6,0,0,0,0,0,0,0,0
80702,Mark Birighitti,2025,AUS1,970,False,26,0,10,0,0,0,0,0,0
80702,Mark Birighitti,2024,FFAC,970,False,1,0,0,0,0,0,0,0,0
80702,Mark Birighitti,2023,SSC,1519,False,3,0,0,0,0,0,0,0,0
80702,Mark Birighitti,2023,SFA,2553,False,1,0,0,0,0,0,0,0,0
80702,Mark Birighitti,2023,SFA,1519,False,1,0,0,0,0,0,0,0,0
80702,Mark Birighitti,2023,SCP,1519,False,4,0,0,0,0,0,0,0,0
80702,Mark Birighitti,2023,SC2,1519,False,35,0,0,0,0,0,0,0,0
80702,Mark Birighitti,2023,SC1,2553,False,1,0,0,0,0,0,0,0,0
80702,Mark Birighitti,2022,SFA,1519,False,2,2,0,180,0,0,0,0,0
80702,Mark Birighitti,2022,SCPA,1519,False,5,3,0,270,0,0,0,0,0
80702,Mark Birighitti,2022,SCP,1519,False,2,0,0,0,0,0,0,0,0
80702,Mark Birighitti,2022,SC1,1519,False,33,23,0,2065,0,0,0,0,2
80702,Mark Birighitti,2022,ECLQ,1519,False,2,2,0,180,0,0,0,0,0
80702,Mark Birighitti,2021,AUSF,6954,False,1,1,0,90,0,0,0,0,0
80702,Mark Birighitti,2021,AUS1,6954,False,26,25,0,2250,0,0,0,0,4
80702,Mark Birighitti,2020,FFAC,6954,False,5,3,0,270,0,1,0,0,0
80702,Mark Birighitti,2020,AUSF,6954,False,1,1,0,120,0,0,0,0,0
80702,Mark Birighitti,2020,AUS1,6954,False,26,26,0,2340,0,0,0,0,1
80702,Mark Birighitti,2019,AUS1,6954,False,26,26,0,2340,0,0,0,0,2
80702,Mark Birighitti,2018,NL1,132,False,4,1,0,90,0,0,0,0,0
80702,Mark Birighitti,2018,FFAC,6954,False,3,3,0,300,0,0,0,0,0
80702,Mark Birighitti,2018,FFAC,25580,False,1,0,0,0,0,0,0,0,0
80702,Mark Birighitti,2018,AUSF,25580,False,1,0,0,0,0,0,0,0,0
80702,Mark Birighitti,2018,AUS1,25580,False,27,0,0,0,0,0,0,0,0
80702,Mark Birighitti,2017,NLP,132,False,1,1,0,90,0,0,0,0,0
80702,Mark Birighitti,2017,NLBP,8523,False,1,0,0,0,0,0,0,0,0
80702,Mark Birighitti,2017,NLBE,8523,False,3,2,0,180,0,0,0,0,0
80702,Mark Birighitti,2017,NL1,132,False,31,15,0,1350,0,0,0,0,2
80702,Mark Birighitti,2017,GB1,2288,False,3,0,0,0,0,0,0,0,0
80702,Mark Birighitti,2017,FFAC,25580,False,1,0,0,0,0,0,0,0,0
80702,Mark Birighitti,2017,CGB,2288,False,1,0,0,0,0,0,0,0,0
80702,Mark Birighitti,2016,WMQ1,3433,True,12,0,0,0,0,0,0,0,0
80702,Mark Birighitti,2016,PLIC,33616,False,3,1,0,90,0,0,0,0,0
80702,Mark Birighitti,2016,GBFL,33616,False,4,1,0,90,0,0,0,0,0
80702,Mark Birighitti,2016,GB21,33616,False,11,5,0,450,0,0,0,0,0
80702,Mark Birighitti,2016,GB1,2288,False,38,0,0,0,0,0,0,0,0
80702,Mark Birighitti,2016,FS,3433,True,1,0,0,0,0,0,0,0,0
80702,Mark Birighitti,2016,FAC,2288,False,1,0,0,0,0,0,0,0,0
80702,Mark Birighitti,2016,CONC,3433,True,3,0,0,0,0,0,0,0,0
80702,Mark Birighitti,2016,CGB,2288,False,2,0,0,0,0,0,0,0,0
80702,Mark Birighitti,2016,21PL,33616,False,2,0,0,0,0,0,0,0,0
80702,Mark Birighitti,2015,FS,3433,True,3,0,0,0,0,0,0,0,0
80702,Mark Birighitti,2015,AUS1,5551,False,27,26,0,2329,0,0,0,0,2
80702,Mark Birighitti,2014,WMQ1,3433,True,8,0,0,0,0,0,0,0,0
80702,Mark Birighitti,2014,IT2,4361,False,19,4,0,360,0,0,0,0,0
80702,Mark Birighitti,2014,FS,3433,True,7,0,0,0,0,0,0,0,0
80702,Mark Birighitti,2014,AUS1,5551,False,15,6,0,540,0,0,0,0,0
80702,Mark Birighitti,2014,AFAC,3433,True,6,0,0,0,0,0,0,0,0
80702,Mark Birighitti,2013,FS,3433,True,7,0,0,0,0,0,0,0,0
80702,Mark Birighitti,2013,FIWC,3433,True,3,0,0,0,0,0,0,0,0
80702,Mark Birighitti,2013,AUS1,5551,False,27,23,0,2070,0,0,0,0,3
80702,Mark Birighitti,2012,EAFC,3433,True,3,1,0,90,0,0,0,0,0
80702,Mark Birighitti,2012,AUS1,5551,False,27,22,0,1926,0,0,0,0,2
80702,Mark Birighitti,2011,AUS1,875,False,27,2,0,180,0,0,0,0,0
80702,Mark Birighitti,2011,AFCL,875,False,7,0,0,0,0,0,0,0,0
80702,Mark Birighitti,2011,ACLQ,875,False,1,0,0,0,0,0,0,0,0
80702,Mark Birighitti,2010,AUSF,875,False,2,0,0,0,0,0,0,0,0
80702,Mark Birighitti,2010,AUS1,875,False,30,3,0,270,0,0,0,0,0
80702,Mark Birighitti,2010,20WC,22976,True,3,3,0,270,0,1,0,0,0
80702,Mark Birighitti,2009,AUS1,875,False,27,0,0,0,0,0,0,0,0
80702,Mark Birighitti,2009,AFCL,875,False,7,0,0,0,0,0,0,0,0
80702,Mark Birighitti,2009,A920,39276,True,2,2,0,180,0,0,0,0,1
80702,Mark Birighitti,2008,KLUB,875,False,3,0,0,0,0,0,0,0,0
80702,Mark Birighitti,2008,AUSF,875,False,4,0,0,0,0,0,0,0,0
80702,Mark Birighitti,2008,AUS1,875,False,21,0,0,0,0,0,0,0,0
80702,Mark Birighitti,2007,AFCL,875,False,6,0,0,0,0,0,0,0,0
1158287,Jacob Brazete,2026,ACEQ,875,False,1,1,0,24,0,0,0,0,0
1158287,Jacob Brazete,2025,FFAC,875,False,1,0,0,0,0,0,0,0,0
1158287,Jacob Brazete,2025,AUS1,7831,False,26,4,6,49,0,0,1,0,1
1158287,Jacob Brazete,2024,FFAC,7831,False,1,1,0,32,0,0,0,0,0
1158287,Jacob Brazete,2024,AUS1,7831,False,26,21,0,817,1,2,29,14,0
1158287,Jacob Brazete,2023,FFAC,8054,False,1,0,0,0,0,0,0,0,0
1158287,Jacob Brazete,2023,A2SW,19820,False,30,26,0,1319,1,1,0,0,0
1158287,Jacob Brazete,2022,A2SW,19820,False,30,6,0,304,0,0,10,3,0
1158287,Jacob Brazete,2021,A2SW,19820,False,22,0,0,0,0,0,0,0,0
794530,Cameron Cook,2025,AUS1,970,False,26,0,20,0,0,0,0,0,0
794530,Cameron Cook,2024,FFAC,970,False,2,0,0,0,0,0,0,0,0
794530,Cameron Cook,2024,AUS1,970,False,26,6,0,540,0,0,0,0,0
794530,Cameron Cook,2023,W23C,32270,True,3,0,0,0,0,0,0,0,0
794530,Cameron Cook,2023,FS,32270,True,2,0,0,0,0,0,0,0,0
794530,Cameron Cook,2023,FFAC,970,False,3,0,0,0,0,0,0,0,0
794530,Cameron Cook,2023,AUS1,970,False,27,10,2,900,0,0,0,0,1
794530,Cameron Cook,2023,A23Q,32270,True,2,1,0,90,0,0,0,0,0
794530,Cameron Cook,2023,23AF,32270,True,3,0,0,0,0,0,0,0,0
794530,Cameron Cook,2022,FS,32270,True,5,2,0,135,0,0,0,0,1
794530,Cameron Cook,2022,FFAC,970,False,1,0,0,0,0,0,0,0,0
794530,Cameron Cook,2022,AUS1,970,False,26,17,0,1530,0,0,0,0,1
794530,Cameron Cook,2021,AUS1,970,False,26,7,0,585,0,0,0,0,0
794530,Cameron Cook,2019,AU2C,39276,True,3,0,0,0,0,0,0,0,0
794530,Cameron Cook,2019,AFCL,970,False,5,0,0,0,0,0,0,0,0
1118927,Ryan Warner,2025,FFAC,970,False,1,0,0,0,0,0,0,0,0
1118927,Ryan Warner,2025,AUS1,970,False,26,0,0,0,0,0,0,0,0
1118927,Ryan Warner,2023,A2SW,6045,False,7,0,0,0,0,0,0,0,0
1118927,Ryan Warner,2022,FFAC,6045,False,1,0,0,0,0,0,0,0,0
1118927,Ryan Warner,2022,A2SW,6045,False,24,0,0,0,0,0,0,0,0
470986,Sam Sutton,2025,FFAC,970,False,1,1,0,64,0,1,0,0,0
470986,Sam Sutton,2025,AUS1,970,False,26,19,7,1603,0,0,5,2,0
470986,Sam Sutton,2024,WMQ5,9171,True,1,1,0,26,0,1,0,0,0
470986,Sam Sutton,2024,FS,9171,True,3,1,0,21,0,0,0,0,0
470986,Sam Sutton,2024,FFAC,970,False,1,1,0,120,0,0,1,0,0
470986,Sam Sutton,2024,FFAC,8445,False,1,1,0,90,0,0,0,0,0
470986,Sam Sutton,2024,AUS1,8445,False,26,23,3,1893,1,1,9,3,6
470986,Sam Sutton,2023,OLYM,53827,True,3,3,0,258,0,0,1,0,1
470986,Sam Sutton,2023,OFCN,9171,True,4,3,0,208,0,0,0,0,0
470986,Sam Sutton,2023,FFAC,8445,False,1,0,1,0,0,0,0,0,0
470986,Sam Sutton,2023,AUSF,8445,False,2,2,0,201,0,0,2,0,0
470986,Sam Sutton,2023,AUS1,8445,False,27,20,7,1171,0,1,9,3,4
470986,Sam Sutton,2022,FS,32207,True,2,2,0,82,1,0,0,0,0
470986,Sam Sutton,2022,FFAC,8445,False,2,1,0,62,0,0,1,0,0
470986,Sam Sutton,2022,AUSF,8445,False,1,0,0,0,0,0,0,0,0
470986,Sam Sutton,2022,AUS1,8445,False,26,15,0,936,1,2,8,3,1
470986,Sam Sutton,2021,NZNL,30746,False,1,1,0,90,1,0,0,0,0
470986,Sam Sutton,2021,FS,32207,True,1,0,0,0,0,0,0,0,0
470986,Sam Sutton,2021,FFAC,8445,False,3,3,0,234,0,1,1,0,0
470986,Sam Sutton,2021,AUSF,8445,False,1,1,0,69,0,0,0,0,0
470986,Sam Sutton,2021,AUS1,8445,False,26,21,0,1737,1,3,11,4,1
470986,Sam Sutton,2020,OLYM,53827,True,3,0,0,0,0,0,0,0,0
470986,Sam Sutton,2020,FFAC,8445,False,4,3,0,200,0,0,0,0,1
470986,Sam Sutton,2020,AUS1,8445,False,26,12,0,840,0,2,4,0,1
470986,Sam Sutton,2019,NZL1,30746,False,16,7,0,630,2,4,0,0,3
470986,Sam Sutton,2019,AUSF,8445,False,1,0,0,0,0,0,0,0,0
470986,Sam Sutton,2019,AUS1,8445,False,26,4,0,85,0,0,1,0,0
470986,Sam Sutton,2018,NZL1,30746,False,18,18,0,1511,0,0,0,0,2
470986,Sam Sutton,2018,FFAC,8445,False,1,0,0,0,0,0,0,0,0
470986,Sam Sutton,2017,NZL1,30746,False,18,13,0,954,0,2,0,0,4
470986,Sam Sutton,2016,NZL1,30746,False,6,4,0,185,0,0,0,0,0
1112869,Charbel Shamoon,2025,FFAC,970,False,1,1,0,56,0,0,0,0,0
1112869,Charbel Shamoon,2025,AUS1,970,False,26,25,0,2104,1,2,6,2,1
1112869,Charbel Shamoon,2024,FFAC,71084,False,1,0,0,0,0,0,0,0,0
1112869,Charbel Shamoon,2024,AUSF,71084,False,3,0,0,0,0,0,0,0,0
1112869,Charbel Shamoon,2024,AUS1,71084,False,26,17,6,1149,0,0,7,1,0
1112869,Charbel Shamoon,2023,WMQ1,3560,True,1,1,0,16,0,0,0,0,0
1112869,Charbel Shamoon,2023,FFAC,71084,False,1,0,0,0,0,0,0,0,0
1112869,Charbel Shamoon,2023,AUS1,71084,False,13,5,0,301,0,0,0,0,1
1112869,Charbel Shamoon,2022,FS,39540,True,6,2,0,101,0,0,0,0,0
1112869,Charbel Shamoon,2022,A920,39540,True,6,3,1,148,0,0,1,1,0
185114,Brian Kaltak,2025,FS,15238,True,4,0,0,0,0,0,0,0,0
185114,Brian Kaltak,2025,FFAC,970,False,1,1,0,120,0,0,0,0,0
185114,Brian Kaltak,2025,AUS1,970,False,26,25,1,2227,1,0,13,4,1
185114,Brian Kaltak,2024,WMQ5,15238,True,3,3,0,270,0,1,0,0,1
185114,Brian Kaltak,2024,FFAC,970,False,1,1,0,44,0,0,0,0,0
185114,Brian Kaltak,2024,FFAC,6954,False,1,1,0,120,0,1,1,0,0
185114,Brian Kaltak,2024,AUS1,6954,False,26,26,0,2340,1,0,9,4,2
185114,Brian Kaltak,2024,ACLE,6954,False,8,7,0,630,0,1,4,0,4
185114,Brian Kaltak,2023,OFCN,15238,True,4,4,0,360,0,1,0,0,0
185114,Brian Kaltak,2023,FS,15238,True,9,0,0,0,0,0,0,0,0
185114,Brian Kaltak,2023,FFAC,6954,False,1,1,0,120,0,0,0,0,0
185114,Brian Kaltak,2023,AUSF,6954,False,3,3,0,300,0,0,0,0,0
185114,Brian Kaltak,2023,AUS1,6954,False,27,27,0,2363,2,2,14,2,4
185114,Brian Kaltak,2023,AFCC,6954,False,13,11,0,1020,2,0,9,3,0
185114,Brian Kaltak,2022,TRIN,15238,True,3,3,0,225,0,0,0,0,0
185114,Brian Kaltak,2022,FS,15238,True,3,0,0,0,0,0,0,0,0
185114,Brian Kaltak,2022,FFAC,6954,False,1,1,0,45,0,0,0,0,0
185114,Brian Kaltak,2022,AUSF,6954,False,3,3,0,270,0,1,2,0,0
185114,Brian Kaltak,2022,AUS1,6954,False,26,22,4,1778,0,2,12,4,5
185114,Brian Kaltak,2021,NZP1,11391,False,2,0,0,0,0,0,0,0,0
185114,Brian Kaltak,2021,NNL1,11391,False,15,0,0,0,0,0,0,0,0
185114,Brian Kaltak,2021,FS,15238,True,1,1,0,90,0,0,0,0,1
185114,Brian Kaltak,2020,NZP1,11391,False,4,1,0,70,1,0,0,0,0
185114,Brian Kaltak,2020,NZLP,11391,False,2,2,0,180,0,0,0,0,0
185114,Brian Kaltak,2020,NZL1,11391,False,14,13,0,1101,2,1,0,0,5
185114,Brian Kaltak,2020,NNL1,11391,False,22,14,0,1122,3,0,0,0,1
185114,Brian Kaltak,2019,OCL,11391,False,3,3,0,244,2,0,0,0,1
185114,Brian Kaltak,2019,NZL1,11391,False,16,11,0,987,2,0,0,0,3
185114,Brian Kaltak,2019,FS,15238,True,4,3,0,270,1,0,0,0,0
185114,Brian Kaltak,2018,OCL,11391,False,5,0,0,0,0,0,0,0,0
185114,Brian Kaltak,2018,NZLP,11391,False,1,0,0,0,0,0,0,0,0
185114,Brian Kaltak,2018,NZL1,11391,False,18,14,0,865,1,0,0,0,0
185114,Brian Kaltak,2018,FS,15238,True,6,4,0,360,0,0,0,0,0
185114,Brian Kaltak,2017,OCL,13961,False,8,8,0,720,2,0,0,0,0
185114,Brian Kaltak,2017,NZL1,51843,False,13,10,0,900,1,0,0,0,1
185114,Brian Kaltak,2017,FS,15238,True,6,0,0,0,0,0,0,0,0
185114,Brian Kaltak,2017,FIJ1,13961,False,2,2,0,180,0,0,0,0,0
185114,Brian Kaltak,2016,OCL,18407,False,3,2,0,157,0,0,0,0,1
185114,Brian Kaltak,2015,WMQ5,15238,True,3,3,0,270,1,0,0,0,1
185114,Brian Kaltak,2015,OCL,32476,False,3,3,0,270,1,0,0,0,1
185114,Brian Kaltak,2015,FS,15238,True,3,3,0,225,2,0,0,0,0
185114,Brian Kaltak,2015,23OF,35754,True,5,4,0,390,2,0,0,0,0
185114,Brian Kaltak,2014,OFCP,15295,False,3,3,0,270,0,0,0,0,1
185114,Brian Kaltak,2014,OCL,15295,False,3,3,0,270,0,0,0,0,0
185114,Brian Kaltak,2014,FS,35754,True,1,0,0,0,0,0,0,0,0
185114,Brian Kaltak,2013,OCL,18016,False,3,2,0,121,0,0,0,0,0
185114,Brian Kaltak,2012,OCL,32476,False,6,5,0,450,0,0,0,0,2
185114,Brian Kaltak,2011,WMQ5,15238,True,3,3,0,241,1,1,0,0,0
185114,Brian Kaltak,2011,OCL,18016,False,3,0,0,0,0,0,0,0,0
185114,Brian Kaltak,2011,FS,15238,True,5,5,0,422,0,0,0,0,1
185114,Brian Kaltak,2011,23OF,35754,True,5,5,0,450,0,1,0,0,1
185114,Brian Kaltak,2010,OF19,32449,True,5,4,0,390,1,0,0,0,0
965604,Matt Dench,2025,FFAC,970,False,1,1,0,101,0,0,0,0,0
965604,Matt Dench,2025,AUS1,7831,False,26,12,0,582,1,0,3,1,0
965604,Matt Dench,2024,NPVF,11427,False,1,1,0,90,0,1,0,0,0
965604,Matt Dench,2024,A2VI,11427,False,26,26,0,2023,1,5,0,0,1
965604,Matt Dench,2023,A23Q,32270,True,2,0,0,0,0,0,0,0,0
965604,Matt Dench,2023,21PL,9260,False,5,0,0,0,0,0,0,0,0
965604,Matt Dench,2022,GBFL,358,False,4,1,0,23,0,0,0,0,1
965604,Matt Dench,2022,GB3,358,False,40,0,0,0,0,0,0,0,0
965604,Matt Dench,2022,FS,22976,True,3,2,0,120,0,0,0,0,0
965604,Matt Dench,2022,FAC,358,False,3,0,0,0,0,0,0,0,0
965604,Matt Dench,2022,CGB,358,False,3,0,0,0,0,0,0,0,0
965604,Matt Dench,2022,AU2C,22976,True,3,2,0,158,0,0,0,0,0
965604,Matt Dench,2022,A920,22976,True,4,1,0,90,0,0,0,0,0
965604,Matt Dench,2022,21PL,9260,False,5,0,0,0,0,0,0,0,0
965604,Matt Dench,2021,FAYC,6932,False,3,1,0,90,0,0,0,0,0
965604,Matt Dench,2020,FAYC,6932,False,1,0,0,0,0,0,0,0,0
298883,Lachlan Jackson,2025,FFAC,970,False,1,1,0,19,0,0,0,0,0
298883,Lachlan Jackson,2025,AUSF,7006,False,1,0,0,0,0,0,0,0,0
298883,Lachlan Jackson,2025,AUS1,7006,False,26,10,0,706,1,0,5,4,2
298883,Lachlan Jackson,2024,FFAC,7006,False,1,1,0,120,0,0,2,0,1
298883,Lachlan Jackson,2024,AUSF,7006,False,4,4,0,344,0,0,1,0,1
298883,Lachlan Jackson,2024,AUS1,7006,False,12,8,0,538,0,0,6,0,2
298883,Lachlan Jackson,2023,RSK1,31622,False,38,22,0,1397,1,0,7,4,0
298883,Lachlan Jackson,2023,RKPO,31622,False,1,1,0,90,0,0,0,0,0
298883,Lachlan Jackson,2022,RSKA,31622,False,5,2,0,180,0,0,2,1,0
298883,Lachlan Jackson,2022,RSK1,31622,False,33,21,1,1659,0,0,11,1,4
298883,Lachlan Jackson,2022,RKPO,31622,False,1,1,0,90,0,0,0,0,0
298883,Lachlan Jackson,2022,KREG,31622,False,2,2,0,210,0,0,3,0,0
298883,Lachlan Jackson,2021,RSKA,31622,False,5,5,0,437,1,0,1,1,1
298883,Lachlan Jackson,2021,RSK1,31622,False,33,16,3,1240,1,1,4,3,5
298883,Lachlan Jackson,2021,RKPO,31622,False,1,1,0,90,0,0,0,0,0
298883,Lachlan Jackson,2020,RSKM,31622,False,5,5,0,435,0,0,5,2,1
298883,Lachlan Jackson,2020,RSK1,31622,False,14,14,0,1215,2,1,6,3,1
298883,Lachlan Jackson,2020,AUS1,5551,False,26,13,0,1028,0,0,7,2,1
298883,Lachlan Jackson,2019,AUS1,5551,False,26,11,0,880,0,0,4,0,2
298883,Lachlan Jackson,2018,FFAC,5551,False,3,1,0,120,0,0,0,0,0
298883,Lachlan Jackson,2018,AUS1,5551,False,27,18,0,1179,0,1,8,2,2
298883,Lachlan Jackson,2018,ACLQ,5551,False,2,1,0,7,0,0,0,0,0
298883,Lachlan Jackson,2017,FFAC,5551,False,2,2,0,97,0,0,1,0,0
298883,Lachlan Jackson,2017,AUSF,5551,False,2,0,0,0,0,0,0,0,0
298883,Lachlan Jackson,2017,AUS1,5551,False,27,11,0,468,1,0,0,0,0
298883,Lachlan Jackson,2016,AUS1,5551,False,27,17,0,1417,0,0,0,0,3
298883,Lachlan Jackson,2015,AUS1,5551,False,27,18,0,1227,0,0,0,0,1
298883,Lachlan Jackson,2014,AUSF,7831,False,1,0,0,0,0,0,0,0,0
298883,Lachlan Jackson,2014,AUS1,7831,False,8,3,0,179,1,0,0,0,0
298883,Lachlan Jackson,2014,AFCL,7831,False,4,0,0,0,0,0,0,0,0
128262,Scott Wootton,2025,FFAC,970,False,1,1,0,19,0,0,0,0,0
128262,Scott Wootton,2025,AUS1,970,False,26,26,0,2340,0,1,9,2,5
128262,Scott Wootton,2024,FFAC,970,False,1,1,0,76,0,0,1,0,0
128262,Scott Wootton,2024,FFAC,8445,False,1,1,0,90,0,0,0,0,0
128262,Scott Wootton,2024,AUS1,8445,False,26,25,1,2250,1,1,9,2,0
128262,Scott Wootton,2023,FFAC,8445,False,1,1,0,90,0,0,1,0,0
128262,Scott Wootton,2023,AUSF,8445,False,2,2,0,210,0,0,1,1,0
128262,Scott Wootton,2023,AUS1,8445,False,27,27,0,2430,0,1,11,0,2
128262,Scott Wootton,2022,FFAC,8445,False,2,2,0,152,0,0,0,0,0
128262,Scott Wootton,2022,AUSF,8445,False,1,1,0,90,0,0,1,0,0
128262,Scott Wootton,2022,AUS1,8445,False,26,20,5,1711,0,1,5,1,4
128262,Scott Wootton,2021,GBFL,3697,False,3,3,0,270,0,0,2,0,0
128262,Scott Wootton,2021,GB3,3697,False,23,10,0,758,1,0,6,1,0
128262,Scott Wootton,2021,FFAC,8445,False,3,3,0,270,0,1,2,2,1
128262,Scott Wootton,2021,FAC,3697,False,2,1,0,90,0,0,0,0,1
128262,Scott Wootton,2021,CGB,3697,False,2,0,0,0,0,0,0,0,0
128262,Scott Wootton,2021,AUSF,8445,False,1,1,0,90,0,0,0,0,0
128262,Scott Wootton,2021,AUS1,8445,False,20,18,0,1612,2,0,6,3,2
128262,Scott Wootton,2020,GBFL,2262,False,3,2,0,180,0,0,0,0,0
128262,Scott Wootton,2020,GB3,2262,False,25,10,0,628,0,0,2,0,2
128262,Scott Wootton,2020,GB3,1071,False,23,13,0,1057,1,0,8,3,2
128262,Scott Wootton,2020,FFAC,8445,False,1,0,0,0,0,0,0,0,0
128262,Scott Wootton,2020,FAC,2262,False,4,2,0,95,0,0,1,0,0
128262,Scott Wootton,2020,CGB,2262,False,2,2,0,180,0,0,0,0,0
128262,Scott Wootton,2019,GBFL,2262,False,3,3,0,225,0,0,2,0,0
128262,Scott Wootton,2019,GB4,2262,False,37,35,0,3066,1,1,11,2,7
128262,Scott Wootton,2019,FAC,2262,False,3,3,0,270,0,0,3,1,0
128262,Scott Wootton,2019,CGB,2262,False,2,1,0,90,0,0,0,0,0
128262,Scott Wootton,2018,GBFL,2262,False,3,0,0,0,0,0,0,0,0
128262,Scott Wootton,2018,GB3,2262,False,46,9,0,593,0,0,1,0,0
128262,Scott Wootton,2018,FAC,2262,False,2,0,0,0,0,0,0,0,0
128262,Scott Wootton,2018,CGB,2262,False,2,1,0,90,0,0,0,0,0
128262,Scott Wootton,2017,GBFL,991,False,4,2,0,169,0,0,0,0,1
128262,Scott Wootton,2017,GB3,991,False,46,38,0,3305,0,0,0,0,2
128262,Scott Wootton,2017,FAC,991,False,4,3,0,270,0,0,0,0,1
128262,Scott Wootton,2017,CGB,991,False,2,0,0,0,0,0,0,0,0
128262,Scott Wootton,2016,GBFL,991,False,4,1,3,65,0,0,0,0,1
128262,Scott Wootton,2016,GB3,991,False,46,1,41,90,1,0,0,0,0
128262,Scott Wootton,2016,FAC,991,False,4,0,4,0,0,0,0,0,0
128262,Scott Wootton,2016,CGB,991,False,2,2,0,210,0,0,0,0,0
128262,Scott Wootton,2015,GB2,399,False,46,23,0,1830,0,1,0,0,5
128262,Scott Wootton,2015,FAC,399,False,3,2,0,180,0,0,0,0,0
128262,Scott Wootton,2015,CGB,399,False,1,1,0,120,0,0,0,0,0
128262,Scott Wootton,2014,GB2,399,False,39,23,0,2046,0,0,0,0,4
128262,Scott Wootton,2014,GB2,1194,False,7,7,0,630,0,0,0,0,1
128262,Scott Wootton,2014,FAC,1194,False,1,0,0,0,0,0,0,0,0
128262,Scott Wootton,2014,CGB,399,False,2,2,0,180,0,0,0,0,0
128262,Scott Wootton,2013,GB2,399,False,43,20,0,1646,0,0,0,0,4
128262,Scott Wootton,2013,FAC,399,False,1,1,0,76,0,0,0,0,0
128262,Scott Wootton,2013,CGB,399,False,2,2,0,180,1,0,0,0,0
128262,Scott Wootton,2012,GB21,9251,False,12,6,0,540,1,0,0,0,0
128262,Scott Wootton,2012,GB2,1072,False,20,2,0,180,1,0,0,0,0
128262,Scott Wootton,2012,GB1,985,False,21,0,0,0,0,0,0,0,0
128262,Scott Wootton,2012,FAC,985,False,1,0,0,0,0,0,0,0,0
128262,Scott Wootton,2012,CL,985,False,6,2,0,101,0,0,0,0,0
128262,Scott Wootton,2012,CGB,985,False,2,2,0,210,0,0,0,0,1
128262,Scott Wootton,2011,GBRP,9251,False,1,1,0,90,0,0,0,0,1
128262,Scott Wootton,2011,GBR,9251,False,4,4,0,263,0,0,0,0,0
128262,Scott Wootton,2011,GB2,703,False,19,13,0,535,0,0,0,0,3
128262,Scott Wootton,2011,GB2,1072,False,27,11,0,656,0,0,0,0,2
128262,Scott Wootton,2011,FAC,1072,False,1,1,0,52,0,0,0,0,0
128262,Scott Wootton,2011,CGB,1072,False,2,2,0,134,0,0,0,0,0
128262,Scott Wootton,2010,GBRP,9251,False,1,1,0,90,0,0,0,0,0
128262,Scott Wootton,2010,GBR,9251,False,18,18,0,1620,0,1,0,0,0
128262,Scott Wootton,2010,GBFL,1074,False,2,2,0,180,0,0,0,0,0
128262,Scott Wootton,2010,GB3,1074,False,10,7,0,630,1,0,0,0,1
128262,Scott Wootton,2009,GBRN,9251,False,10,9,0,501,0,0,0,0,0
1408382,Riley Foxe,2025,FFAC,970,False,1,0,0,0,0,0,0,0,0
1408382,Riley Foxe,2025,AUS1,970,False,22,4,1,9,0,0,0,0,0
1104722,Andriano Lebib,2025,FFAC,970,False,1,1,0,120,1,0,1,1,1
1104722,Andriano Lebib,2025,AUS1,970,False,26,8,0,183,0,1,0,0,2
1104722,Andriano Lebib,2024,FFAC,970,False,2,1,0,3,0,0,0,0,0
1104722,Andriano Lebib,2024,AUS1,970,False,26,7,11,630,0,0,6,1,4
1104722,Andriano Lebib,2023,FFAC,970,False,3,0,0,0,0,0,0,0,0
1104722,Andriano Lebib,2023,AUS1,970,False,5,1,0,36,0,0,0,0,0
1104722,Andriano Lebib,2022,FS,32269,True,3,3,0,170,0,0,0,0,0
1104722,Andriano Lebib,2022,A169,32269,True,3,3,0,242,2,0,0,0,0
1104722,Andriano Lebib,2022,A168,32269,True,4,4,0,328,0,0,2,0,1
1104722,Andriano Lebib,2021,AF16,66880,True,3,2,0,103,0,0,0,0,1
1195422,Zach Lisolajski,2025,FFAC,12991,False,2,1,0,45,0,0,1,0,0
1195422,Zach Lisolajski,2025,AUS1,970,False,26,6,10,90,0,0,1,0,0
1195422,Zach Lisolajski,2025,A2VI,12991,False,9,2,0,156,1,0,0,0,0
1195422,Zach Lisolajski,2024,FS,22976,True,4,1,0,45,0,0,0,0,0
1195422,Zach Lisolajski,2024,FFAC,970,False,2,0,1,0,0,0,0,0,0
1195422,Zach Lisolajski,2024,AUS1,970,False,26,13,8,790,0,0,8,0,2
1195422,Zach Lisolajski,2024,AU2C,22976,True,4,3,0,189,0,0,0,0,1
1195422,Zach Lisolajski,2024,A920,22976,True,6,3,0,181,0,0,1,0,1
1195422,Zach Lisolajski,2023,FS,22976,True,6,2,0,180,0,0,0,0,0
1195422,Zach Lisolajski,2023,FFAC,970,False,3,2,0,183,1,0,4,1,0
1195422,Zach Lisolajski,2023,AUS1,71084,False,15,6,0,134,0,0,0,0,0
1064380,Kaelan Majekodunmi,2026,GB4,352,False,2,2,0,96,0,0,0,0,0
1064380,Kaelan Majekodunmi,2026,CGB,352,False,1,0,0,0,0,0,0,0,0
1064380,Kaelan Majekodunmi,2025,AUS1,970,False,16,0,3,0,0,0,0,0,0
1064380,Kaelan Majekodunmi,2025,A2VI,22555,False,18,3,0,217,0,0,0,0,1
1064380,Kaelan Majekodunmi,2025,A23Q,32270,True,3,2,0,103,0,0,0,0,0
1064380,Kaelan Majekodunmi,2025,23AF,32270,True,4,3,0,265,0,0,1,0,0
1064380,Kaelan Majekodunmi,2024,FS,77740,True,1,0,0,0,0,0,0,0,0
1064380,Kaelan Majekodunmi,2024,FFAC,970,False,2,2,0,240,0,0,0,0,1
1064380,Kaelan Majekodunmi,2024,AUS1,970,False,26,5,0,336,0,0,3,1,1
1064380,Kaelan Majekodunmi,2023,FFAC,970,False,3,3,0,300,0,0,0,0,1
1064380,Kaelan Majekodunmi,2023,AUS1,970,False,27,10,1,704,2,0,5,3,1
1064380,Kaelan Majekodunmi,2022,FS,22976,True,3,2,0,180,0,0,0,0,0
1064380,Kaelan Majekodunmi,2022,FFAC,970,False,1,1,0,19,0,0,0,0,0
1064380,Kaelan Majekodunmi,2022,AUS1,970,False,12,0,0,0,0,0,0,0,0
1064380,Kaelan Majekodunmi,2022,AU2C,22976,True,3,2,0,128,0,0,0,0,1
1064380,Kaelan Majekodunmi,2022,A920,22976,True,4,1,0,15,0,0,0,0,0
160614,Josh Risdon,2025,FFAC,4756,False,2,2,0,210,0,0,1,0,0
160614,Josh Risdon,2025,AUS1,970,False,26,11,1,500,0,0,3,0,5
160614,Josh Risdon,2024,FFAC,970,False,2,1,0,120,0,0,1,0,1
160614,Josh Risdon,2024,AUS1,970,False,26,18,7,1418,0,2,10,3,5
160614,Josh Risdon,2023,FFAC,970,False,3,3,0,300,0,2,4,2,1
160614,Josh Risdon,2023,AUS1,71084,False,27,21,6,1830,1,4,28,7,11
160614,Josh Risdon,2022,FFAC,71084,False,3,3,0,270,0,0,6,2,2
160614,Josh Risdon,2022,AUS1,71084,False,26,22,2,1933,2,5,21,6,10
160614,Josh Risdon,2021,FFAC,71084,False,2,2,0,210,0,0,5,2,2
160614,Josh Risdon,2021,AUSF,71084,False,4,4,0,291,0,0,2,0,2
160614,Josh Risdon,2021,AUS1,71084,False,26,17,8,1377,0,0,18,3,5
160614,Josh Risdon,2020,FFAC,71084,False,1,0,0,0,0,0,0,0,0
160614,Josh Risdon,2020,AUS1,71084,False,26,3,0,126,0,0,0,0,0
160614,Josh Risdon,2019,WMQ1,3433,True,4,0,0,0,0,0,0,0,0
160614,Josh Risdon,2019,AUSF,71084,False,2,2,0,180,0,0,2,2,0
160614,Josh Risdon,2019,AUS1,71084,False,26,21,0,1700,1,7,11,2,5
160614,Josh Risdon,2018,FS,3433,True,5,2,0,166,0,0,0,0,0
160614,Josh Risdon,2018,AUS1,36100,False,27,10,0,867,0,1,2,0,3
160614,Josh Risdon,2018,AFAC,3433,True,5,1,0,45,0,0,0,0,0
160614,Josh Risdon,2017,POWM,3433,True,2,1,0,84,0,0,0,0,1
160614,Josh Risdon,2017,FS,3433,True,4,3,0,256,0,0,0,0,0
160614,Josh Risdon,2017,FIWC,3433,True,3,3,0,270,0,0,1,0,1
160614,Josh Risdon,2017,FFAC,36100,False,4,3,0,270,0,0,0,0,0
160614,Josh Risdon,2017,AUS1,36100,False,27,18,0,1562,0,2,0,0,10
160614,Josh Risdon,2016,WMQ1,3433,True,12,1,0,63,0,0,0,0,1
160614,Josh Risdon,2016,FS,3433,True,1,0,0,0,0,0,0,0,0
160614,Josh Risdon,2016,FFAC,36100,False,3,0,0,0,0,0,0,0,0
160614,Josh Risdon,2016,CONC,3433,True,3,0,0,0,0,0,0,0,0
160614,Josh Risdon,2016,AUSF,970,False,2,2,0,180,0,0,0,0,1
160614,Josh Risdon,2016,AUS1,970,False,27,24,0,2160,0,4,0,0,6
160614,Josh Risdon,2015,FS,3433,True,3,1,0,74,0,0,0,0,0
160614,Josh Risdon,2015,AUSF,970,False,1,1,0,90,0,0,0,0,0
160614,Josh Risdon,2015,AUS1,970,False,27,22,0,1944,0,1,0,0,4
160614,Josh Risdon,2014,WMQ1,3433,True,4,2,0,180,0,0,0,0,0
160614,Josh Risdon,2014,FFAC,970,False,3,3,0,300,0,0,0,0,1
160614,Josh Risdon,2014,AUS1,970,False,27,25,0,2243,1,2,0,0,4
160614,Josh Risdon,2013,FFAC,970,False,3,1,0,58,0,0,0,0,1
160614,Josh Risdon,2013,AUS1,970,False,27,12,0,862,0,0,0,0,3
160614,Josh Risdon,2012,AUSF,970,False,1,1,0,90,0,0,0,0,0
160614,Josh Risdon,2012,AUS1,970,False,27,25,0,2211,1,2,0,0,4
160614,Josh Risdon,2011,AUSF,970,False,4,4,0,420,0,0,0,0,0
160614,Josh Risdon,2011,AUS1,970,False,27,20,0,1733,0,1,0,0,1
160614,Josh Risdon,2010,AUS1,970,False,30,6,0,437,0,0,0,0,0
160614,Josh Risdon,2009,AUSF,970,False,1,0,0,0,0,0,0,0,0
160614,Josh Risdon,2009,AUS1,970,False,27,0,0,0,0,0,0,0,0
1285841,Tadiwanashe Kuzamba,2025,FFAC,970,False,1,0,0,0,0,0,0,0,0
1285841,Tadiwanashe Kuzamba,2025,AUS1,970,False,26,1,0,6,0,0,0,0,0
1285841,Tadiwanashe Kuzamba,2023,FFAC,970,False,1,0,0,0,0,0,0,0,0
373898,Nicholas Pennington,2026,CILP,2253,False,1,1,0,90,0,0,0,0,0
373898,Nicholas Pennington,2025,AUS1,970,False,26,23,0,1596,5,0,28,11,3
373898,Nicholas Pennington,2024,FFAC,970,False,2,0,1,0,0,0,0,0,0
373898,Nicholas Pennington,2024,AUS1,970,False,26,21,4,1661,1,3,21,3,6
373898,Nicholas Pennington,2023,FFAC,970,False,3,0,0,0,0,0,0,0,0
373898,Nicholas Pennington,2023,AUSF,8445,False,2,2,0,161,0,0,3,0,1
373898,Nicholas Pennington,2023,AUS1,8445,False,27,23,4,1634,1,3,21,8,5
373898,Nicholas Pennington,2022,FFAC,8445,False,2,2,0,205,1,0,3,1,1
373898,Nicholas Pennington,2022,AUSF,8445,False,1,0,0,0,0,0,0,0,0
373898,Nicholas Pennington,2022,AUS1,8445,False,26,14,2,308,0,0,2,1,2
373898,Nicholas Pennington,2021,NZNL,30746,False,1,1,0,75,1,0,0,0,1
373898,Nicholas Pennington,2021,FFAC,8445,False,3,3,0,256,0,1,2,1,2
373898,Nicholas Pennington,2021,AUSF,8445,False,1,1,0,90,0,0,1,0,0
373898,Nicholas Pennington,2021,AUS1,8445,False,26,21,0,1215,1,1,10,1,5
373898,Nicholas Pennington,2020,IT3A,9826,False,38,36,2,2523,2,6,0,0,5
373898,Nicholas Pennington,2020,FS,32270,True,3,1,0,3,0,0,0,0,0
373898,Nicholas Pennington,2020,FFAC,8445,False,4,3,0,255,0,0,3,0,2
373898,Nicholas Pennington,2019,IT3O,9826,False,2,2,0,37,0,1,0,0,0
373898,Nicholas Pennington,2019,IT3A,9826,False,27,21,1,1110,3,0,0,0,5
373898,Nicholas Pennington,2019,CILP,9826,False,2,2,0,104,0,0,0,0,0
373898,Nicholas Pennington,2018,IT3A,9826,False,37,29,1,1737,0,3,0,0,4
373898,Nicholas Pennington,2018,CILP,9826,False,2,2,0,155,0,0,0,0,1
373898,Nicholas Pennington,2017,IT3A,9826,False,36,25,6,1547,1,1,0,0,3
373898,Nicholas Pennington,2017,CILP,9826,False,1,0,1,0,0,0,0,0,0
373898,Nicholas Pennington,2016,TDV,11676,False,4,4,0,347,1,0,0,0,0
373898,Nicholas Pennington,2016,ITJ3,11676,False,26,25,1,2029,5,1,0,0,2
373898,Nicholas Pennington,2016,IT1,1390,False,25,0,4,0,0,0,0,0,0
373898,Nicholas Pennington,2016,CITP,11676,False,2,2,0,72,1,0,0,0,0
373898,Nicholas Pennington,2016,CIT,1390,False,1,0,0,0,0,0,0,0,0
373898,Nicholas Pennington,2015,TDV,11676,False,3,3,0,197,0,0,0,0,0
373898,Nicholas Pennington,2015,ITJE,11676,False,1,1,0,90,0,0,0,0,0
373898,Nicholas Pennington,2015,ITJ2,11676,False,26,22,0,1501,2,3,0,0,2
373898,Nicholas Pennington,2015,CITP,11676,False,2,2,0,92,0,0,0,0,0
373898,Nicholas Pennington,2014,ITJ2,11676,False,1,0,0,0,0,0,0,0,0
1169749,William Freney,2025,FFAC,970,False,1,0,0,0,0,0,0,0,0
1169749,William Freney,2025,AUS1,970,False,26,23,2,1729,0,0,8,3,5
1169749,William Freney,2024,FFAC,970,False,2,1,0,63,0,0,0,0,0
1169749,William Freney,2024,AUS1,970,False,26,11,0,533,0,0,6,0,1
1169749,William Freney,2023,FFAC,970,False,3,0,0,0,0,0,0,0,0
1169749,William Freney,2022,A2SW,86096,False,9,1,0,8,0,0,0,0,0
229970,Tom Lawrence,2025,FFAC,970,False,1,0,1,0,0,0,0,0,0
229970,Tom Lawrence,2025,AUS1,970,False,26,13,13,1031,5,2,34,13,4
229970,Tom Lawrence,2024,WMQ6,3864,True,2,0,0,0,0,0,0,0,0
229970,Tom Lawrence,2024,UNLB,3864,True,6,0,2,0,0,0,0,0,0
229970,Tom Lawrence,2024,SFA,124,False,2,1,0,4,0,0,0,0,0
229970,Tom Lawrence,2024,SCPM,124,False,5,3,0,59,0,0,1,1,0
229970,Tom Lawrence,2024,SCP,124,False,4,2,0,126,0,0,4,1,0
229970,Tom Lawrence,2024,SC1,124,False,33,15,5,758,4,2,18,9,4
229970,Tom Lawrence,2024,EL,124,False,12,5,3,197,2,0,11,3,0
229970,Tom Lawrence,2024,CLQ,124,False,2,2,0,175,0,0,0,0,0
229970,Tom Lawrence,2023,SFA,124,False,5,3,0,122,0,0,6,1,0
229970,Tom Lawrence,2023,SCPM,124,False,5,3,0,95,1,0,5,3,0
229970,Tom Lawrence,2023,SCP,124,False,4,1,1,13,0,0,2,1,0
229970,Tom Lawrence,2023,SC1,124,False,33,20,4,1083,1,3,34,10,1
229970,Tom Lawrence,2023,POEM,3864,True,2,0,0,0,0,0,0,0,0
229970,Tom Lawrence,2023,FS,3864,True,4,0,0,0,0,0,0,0,0
229970,Tom Lawrence,2023,EL,124,False,8,5,1,249,1,0,7,3,0
229970,Tom Lawrence,2023,CLQ,124,False,4,0,0,0,0,0,0,0,0
229970,Tom Lawrence,2022,UNLA,3864,True,6,0,2,0,0,0,0,0,0
229970,Tom Lawrence,2022,SFA,124,False,4,0,4,0,0,0,0,0,0
229970,Tom Lawrence,2022,SCPM,124,False,5,0,5,0,0,0,0,0,0
229970,Tom Lawrence,2022,SCP,124,False,4,0,4,0,0,0,0,0,0
229970,Tom Lawrence,2022,SC1,124,False,33,5,28,349,2,2,17,3,0
229970,Tom Lawrence,2022,EMQ,3864,True,8,0,4,0,0,0,0,0,0
229970,Tom Lawrence,2022,CLQ,124,False,4,4,0,263,1,0,5,1,2
229970,Tom Lawrence,2022,CL,124,False,6,0,6,0,0,0,0,0,0
229970,Tom Lawrence,2021,POWM,3864,True,2,0,0,0,0,0,0,0,0
229970,Tom Lawrence,2021,GB2,22,False,46,38,1,3232,11,5,101,38,10
229970,Tom Lawrence,2021,FS,3864,True,2,0,0,0,0,0,0,0,0
229970,Tom Lawrence,2021,FIWC,3864,True,3,0,3,0,0,0,0,0,0
229970,Tom Lawrence,2021,FAC,22,False,1,1,0,79,0,0,1,1,0
229970,Tom Lawrence,2021,CGB,22,False,2,0,0,0,0,0,0,0,0
229970,Tom Lawrence,2020,WMQ6,3864,True,8,0,0,0,0,0,0,0,0
229970,Tom Lawrence,2020,UNLB,3864,True,6,1,0,29,0,0,1,0,0
229970,Tom Lawrence,2020,GB2,22,False,46,23,0,1670,3,2,50,15,1
229970,Tom Lawrence,2020,FS,3864,True,5,2,0,155,0,0,1,1,0
229970,Tom Lawrence,2020,FAC,22,False,1,0,0,0,0,0,0,0,0
229970,Tom Lawrence,2020,EURO,3864,True,4,0,0,0,0,0,0,0,0
229970,Tom Lawrence,2020,CGB,22,False,2,0,0,0,0,0,0,0,0
229970,Tom Lawrence,2019,GB2,22,False,46,37,6,3224,10,4,66,22,12
229970,Tom Lawrence,2019,FS,3864,True,1,0,0,0,0,0,0,0,0
229970,Tom Lawrence,2019,FAC,22,False,4,3,0,224,0,1,3,1,0
229970,Tom Lawrence,2019,CGB,22,False,2,0,0,0,0,0,0,0,0
229970,Tom Lawrence,2018,UNLB,3864,True,4,4,0,349,1,0,0,0,1
229970,Tom Lawrence,2018,POCC,22,False,3,3,0,249,0,0,5,0,2
229970,Tom Lawrence,2018,GB2,22,False,46,33,2,2595,6,4,63,21,4
229970,Tom Lawrence,2018,FS,3864,True,3,1,0,28,0,0,0,0,0
229970,Tom Lawrence,2018,FAC,22,False,4,2,0,121,1,1,6,1,0
229970,Tom Lawrence,2018,EMQ,3864,True,8,2,0,169,0,0,0,0,0
229970,Tom Lawrence,2018,CGB,22,False,4,1,1,90,0,0,0,0,0
229970,Tom Lawrence,2017,POCC,22,False,2,2,0,157,0,0,0,0,0
229970,Tom Lawrence,2017,GB2,22,False,44,39,0,3081,6,8,0,0,6
229970,Tom Lawrence,2017,GB1,1003,False,1,0,0,0,0,0,0,0,0
229970,Tom Lawrence,2017,FS,3864,True,5,3,0,178,1,0,0,0,1
229970,Tom Lawrence,2017,FAC,22,False,1,1,0,81,0,0,0,0,0
229970,Tom Lawrence,2017,CGB,22,False,2,2,0,90,0,0,0,0,1
229970,Tom Lawrence,2016,WMQ6,3864,True,10,6,0,336,1,0,0,0,1
229970,Tom Lawrence,2016,GBCS,1003,False,1,0,0,0,0,0,0,0,0
229970,Tom Lawrence,2016,GB21,39341,False,3,3,0,240,0,0,0,0,0
229970,Tom Lawrence,2016,GB2,677,False,41,34,2,2807,9,11,0,0,11
229970,Tom Lawrence,2016,GB1,1003,False,3,0,0,0,0,0,0,0,0
229970,Tom Lawrence,2016,FAC,677,False,2,2,0,180,2,0,0,0,0
229970,Tom Lawrence,2015,GB21,39341,False,1,1,0,90,0,0,0,0,0
229970,Tom Lawrence,2015,GB2,603,False,17,14,0,963,0,1,0,0,1
229970,Tom Lawrence,2015,GB2,164,False,24,21,0,1187,2,2,0,0,2
229970,Tom Lawrence,2015,GB1,1003,False,2,0,0,0,0,0,0,0,0
229970,Tom Lawrence,2015,FS,3864,True,4,3,0,224,0,0,0,0,0
229970,Tom Lawrence,2015,FAC,164,False,2,2,0,106,0,1,0,0,1
229970,Tom Lawrence,2015,EURO,3864,True,6,0,0,0,0,0,0,0,0
229970,Tom Lawrence,2014,PLIC,39341,False,3,2,0,180,0,1,0,0,0
229970,Tom Lawrence,2014,GB21,9251,False,2,2,0,180,2,0,0,0,0
229970,Tom Lawrence,2014,GB21,39341,False,17,7,0,630,3,3,0,0,0
229970,Tom Lawrence,2014,GB2,1194,False,6,6,0,499,1,1,0,0,2
229970,Tom Lawrence,2014,GB1,1003,False,28,3,0,51,0,0,0,0,0
229970,Tom Lawrence,2014,FAC,1003,False,3,1,0,90,0,0,0,0,1
229970,Tom Lawrence,2014,EMQ,3864,True,10,1,0,45,0,0,0,0,0
229970,Tom Lawrence,2014,21PL,39341,False,1,0,0,0,0,0,0,0,0
229970,Tom Lawrence,2013,U21Q,24966,True,7,7,0,608,3,0,0,0,1
229970,Tom Lawrence,2013,GBKN,9251,False,2,2,0,174,1,0,0,0,1
229970,Tom Lawrence,2013,GB3,1220,False,9,9,0,729,3,2,0,0,1
229970,Tom Lawrence,2013,GB21,9251,False,6,6,0,395,1,0,0,0,2
229970,Tom Lawrence,2013,GB2,972,False,19,19,0,1545,2,2,0,0,3
229970,Tom Lawrence,2013,GB1,985,False,2,1,0,70,0,0,0,0,0
229970,Tom Lawrence,2013,FS,3864,True,1,0,0,0,0,0,0,0,0
229970,Tom Lawrence,2013,FAC,1220,False,2,2,0,147,0,0,0,0,0
229970,Tom Lawrence,2012,U19Q,26181,True,3,3,0,256,1,0,0,0,1
229970,Tom Lawrence,2012,GBKN,9251,False,2,2,0,110,0,2,0,0,1
229970,Tom Lawrence,2012,GBEG,9251,False,14,11,0,237,1,0,0,0,0
229970,Tom Lawrence,2012,GB21,9251,False,12,5,0,231,2,0,0,0,0
229970,Tom Lawrence,2012,FS,24966,True,1,1,0,65,0,0,0,0,0
229970,Tom Lawrence,2010,U17Q,30431,True,3,2,0,160,0,0,0,0,1
229970,Tom Lawrence,2010,GBR,9251,False,1,0,0,0,0,0,0,0,0
229970,Tom Lawrence,2010,FS,30431,True,2,2,0,113,0,0,0,0,1
229970,Tom Lawrence,2010,FS,26181,True,2,2,0,136,0,0,0,0,0
229970,Tom Lawrence,2010,FAYC,5242,False,2,0,0,0,0,0,0,0,0
1404854,Sebastian Despotovski,2025,FFAC,970,False,1,1,0,120,0,0,0,0,1
1404854,Sebastian Despotovski,2025,AUS1,970,False,26,18,5,1151,3,1,0,0,4
1404854,Sebastian Despotovski,2024,FFAC,970,False,1,0,0,0,0,0,0,0,0
1404854,Sebastian Despotovski,2024,AUS1,970,False,1,1,0,1,0,0,0,0,0
1145213,Giovanni De Abreu,2025,FS,22976,True,2,1,0,61,0,0,1,0,0
1145213,Giovanni De Abreu,2025,FFAC,970,False,1,1,0,74,0,0,0,0,0
1145213,Giovanni De Abreu,2025,AUS1,970,False,18,17,1,1179,0,2,12,5,7
1145213,Giovanni De Abreu,2022,A168,32269,True,4,4,0,165,1,0,1,1,1
539287,Callum Timmins,2025,AUS1,970,False,26,12,11,485,0,0,2,0,2
539287,Callum Timmins,2024,FFAC,970,False,1,1,0,111,0,0,0,0,1
539287,Callum Timmins,2024,AUS1,5551,False,26,25,1,2087,0,2,24,5,3
539287,Callum Timmins,2023,FFAC,5551,False,3,3,0,234,0,1,4,2,2
539287,Callum Timmins,2023,AUS1,5551,False,27,24,0,1256,0,0,19,5,3
539287,Callum Timmins,2022,FFAC,5551,False,2,2,0,111,0,1,2,0,1
539287,Callum Timmins,2022,AUS1,5551,False,26,13,0,271,0,0,1,0,2
539287,Callum Timmins,2021,AUS1,970,False,26,22,0,1567,3,0,24,6,3
539287,Callum Timmins,2020,AUS1,970,False,26,19,0,1118,1,1,6,3,5
539287,Callum Timmins,2019,AFCL,970,False,1,0,0,0,0,0,0,0,0
539287,Callum Timmins,2017,AUS1,970,False,4,3,0,49,0,0,0,0,0
916461,Rhys Bozinovski,2026,NL2,1304,False,2,0,0,0,0,0,0,0,0
916461,Rhys Bozinovski,2025,NL1,1304,False,13,8,0,413,0,0,2,0,1
916461,Rhys Bozinovski,2025,AUS1,970,False,15,14,1,1120,0,2,16,3,3
916461,Rhys Bozinovski,2025,A23Q,32270,True,3,3,0,200,1,0,0,0,0
916461,Rhys Bozinovski,2024,FS,77740,True,1,1,0,82,0,0,0,0,0
916461,Rhys Bozinovski,2024,FS,32270,True,3,1,0,19,0,0,1,0,0
916461,Rhys Bozinovski,2024,FFAC,71084,False,1,1,0,76,0,0,2,1,1
916461,Rhys Bozinovski,2024,AUSF,71084,False,3,3,0,262,0,1,3,1,1
916461,Rhys Bozinovski,2024,AUS1,71084,False,26,26,0,1862,5,1,35,12,4
916461,Rhys Bozinovski,2023,FFAC,71084,False,1,1,0,75,0,0,1,0,0
916461,Rhys Bozinovski,2023,AUS1,71084,False,27,10,9,210,0,0,5,0,1
916461,Rhys Bozinovski,2022,FS,22976,True,3,2,0,89,0,0,0,0,0
916461,Rhys Bozinovski,2022,FFAC,71084,False,3,0,0,0,0,0,0,0,0
916461,Rhys Bozinovski,2022,AUS1,71084,False,26,11,9,335,0,0,2,0,0
916461,Rhys Bozinovski,2022,AU2C,22976,True,3,2,0,81,0,0,0,0,0
916461,Rhys Bozinovski,2022,A920,22976,True,4,1,0,77,0,0,0,0,0
916461,Rhys Bozinovski,2021,FFAC,71084,False,2,2,0,210,0,0,1,1,0
916461,Rhys Bozinovski,2021,AUSF,71084,False,4,3,0,18,0,0,0,0,1
916461,Rhys Bozinovski,2021,AUS1,71084,False,26,1,0,9,0,0,0,0,0
916461,Rhys Bozinovski,2020,FFAC,71084,False,1,0,0,0,0,0,0,0,0
258912,Luke Amos,2025,RSK2,43095,False,22,13,4,685,0,0,0,0,2
258912,Luke Amos,2025,RKPO,43095,False,2,1,0,71,0,0,0,0,0
258912,Luke Amos,2025,AUS1,970,False,16,3,10,42,0,1,2,1,2
258912,Luke Amos,2024,SFA,903,False,1,1,0,27,0,0,1,0,0
258912,Luke Amos,2024,SCP,903,False,5,5,0,129,0,0,2,0,0
258912,Luke Amos,2024,SC1,903,False,25,1,0,17,0,0,1,0,0
258912,Luke Amos,2024,FFAC,970,False,2,1,1,120,0,0,3,0,0
258912,Luke Amos,2024,AUS1,970,False,9,8,0,523,1,0,10,2,2
258912,Luke Amos,2023,SFA,903,False,2,1,1,45,0,0,1,0,0
258912,Luke Amos,2023,SCPA,903,False,5,2,2,30,0,0,0,0,0
258912,Luke Amos,2023,SC1,903,False,13,5,7,96,0,0,0,0,0
258912,Luke Amos,2022,GB2,1039,False,46,21,0,890,0,0,12,0,6
258912,Luke Amos,2022,FAC,1039,False,1,0,0,0,0,0,0,0,0
258912,Luke Amos,2022,CGB,1039,False,1,0,0,0,0,0,0,0,0
258912,Luke Amos,2021,GB2,1039,False,46,29,0,1348,6,0,15,8,4
258912,Luke Amos,2021,FAC,1039,False,2,2,0,95,0,0,2,0,0
258912,Luke Amos,2021,CGB,1039,False,4,2,0,141,0,0,1,0,0
258912,Luke Amos,2020,GB2,1039,False,46,5,41,401,0,0,6,1,0
258912,Luke Amos,2020,FAC,1039,False,1,0,1,0,0,0,0,0,0
258912,Luke Amos,2020,CGB,1039,False,1,1,0,90,0,0,0,0,0
258912,Luke Amos,2019,GB2,1039,False,46,34,0,2120,2,0,0,0,5
258912,Luke Amos,2019,FAC,1039,False,2,0,0,0,0,0,0,0,0
258912,Luke Amos,2019,CGB,1039,False,2,1,0,30,0,0,0,0,0
258912,Luke Amos,2018,PLIC,9254,False,4,0,0,0,0,0,0,0,0
258912,Luke Amos,2018,GBFL,9254,False,4,0,0,0,0,0,0,0,0
258912,Luke Amos,2018,GB21,9254,False,22,3,0,201,0,0,1,1,0
258912,Luke Amos,2018,GB1,148,False,38,1,0,2,0,0,0,0,0
258912,Luke Amos,2018,FAC,148,False,2,0,0,0,0,0,0,0,0
258912,Luke Amos,2018,CL,148,False,13,0,0,0,0,0,0,0,0
258912,Luke Amos,2018,CGB,148,False,5,0,0,0,0,0,0,0,0
258912,Luke Amos,2017,PLIC,9254,False,3,2,0,180,0,0,0,0,0
258912,Luke Amos,2017,GBFL,9254,False,3,2,0,162,0,0,0,0,0
258912,Luke Amos,2017,GB4,3684,False,17,16,0,1330,2,0,0,0,4
258912,Luke Amos,2017,GB21,9254,False,14,11,0,964,0,0,0,0,4
258912,Luke Amos,2017,GB1,148,False,9,0,0,0,0,0,0,0,0
258912,Luke Amos,2017,FAC,148,False,2,0,0,0,0,0,0,0,0
258912,Luke Amos,2017,CL,148,False,1,0,0,0,0,0,0,0,0
258912,Luke Amos,2016,GB3,2793,False,19,3,0,125,0,0,0,0,1
258912,Luke Amos,2016,GB21,9254,False,18,14,0,1227,0,0,0,0,7
258912,Luke Amos,2016,GB1,148,False,13,0,0,0,0,0,0,0,0
258912,Luke Amos,2016,FAC,148,False,1,0,0,0,0,0,0,0,0
258912,Luke Amos,2016,CL,148,False,3,0,0,0,0,0,0,0,0
258912,Luke Amos,2016,CGB,148,False,1,0,0,0,0,0,0,0,0
258912,Luke Amos,2015,PLIC,9254,False,4,4,0,307,1,0,0,0,1
258912,Luke Amos,2015,GB21,9254,False,22,18,0,1478,0,0,0,0,4
258912,Luke Amos,2014,GB21,9254,False,5,4,0,124,0,0,0,0,1
258912,Luke Amos,2014,FS,31269,True,4,2,0,180,0,0,0,0,0
258912,Luke Amos,2014,FAYC,6928,False,4,4,0,360,0,0,0,0,1
258912,Luke Amos,2012,FS,30322,True,1,1,0,41,0,0,0,0,0
218371,Brandon O'Neill,2025,AUS1,970,False,26,4,16,125,0,0,1,1,0
218371,Brandon O'Neill,2024,FFAC,970,False,2,2,0,55,0,0,0,0,1
218371,Brandon O'Neill,2024,AUS1,970,False,26,17,1,617,0,0,6,3,0
218371,Brandon O'Neill,2023,FFAC,970,False,3,3,0,290,0,1,1,0,1
218371,Brandon O'Neill,2023,AUS1,5551,False,27,23,2,1698,0,0,7,0,2
218371,Brandon O'Neill,2022,FFAC,5551,False,2,2,0,180,0,0,1,0,1
218371,Brandon O'Neill,2022,AUS1,5551,False,26,16,1,1227,1,0,8,1,6
218371,Brandon O'Neill,2021,FFAC,5551,False,1,1,0,90,0,0,0,0,0
218371,Brandon O'Neill,2021,AUS1,970,False,26,10,12,709,1,0,5,2,3
218371,Brandon O'Neill,2020,THFA,25449,False,3,3,0,239,0,0,0,0,0
218371,Brandon O'Neill,2020,THA1,25449,False,15,10,0,546,0,0,7,0,2
218371,Brandon O'Neill,2019,RSKM,311,False,5,0,0,0,0,0,0,0,0
218371,Brandon O'Neill,2019,RSK1,311,False,22,13,0,1063,0,0,10,1,3
218371,Brandon O'Neill,2019,RKPO,311,False,4,3,0,189,0,0,0,0,0
218371,Brandon O'Neill,2019,AUS1,8054,False,13,7,0,619,1,4,7,2,1
218371,Brandon O'Neill,2018,FS,3433,True,1,1,0,84,0,0,0,0,0
218371,Brandon O'Neill,2018,FFAC,8054,False,1,1,0,90,0,0,0,0,0
218371,Brandon O'Neill,2018,AUSF,8054,False,2,2,0,210,0,0,0,0,0
218371,Brandon O'Neill,2018,AUS1,8054,False,27,27,0,2396,2,7,30,8,4
218371,Brandon O'Neill,2018,AFCL,8054,False,6,5,0,450,1,0,3,1,0
218371,Brandon O'Neill,2017,FFAC,8054,False,5,5,0,450,0,1,1,0,2
218371,Brandon O'Neill,2017,AUSF,8054,False,1,1,0,120,0,0,0,0,0
218371,Brandon O'Neill,2017,AUS1,8054,False,27,26,0,2311,2,1,0,0,5
218371,Brandon O'Neill,2017,AFCL,8054,False,6,5,0,450,0,0,0,0,2
218371,Brandon O'Neill,2016,FFAC,8054,False,4,2,0,210,0,0,0,0,0
218371,Brandon O'Neill,2016,AUSF,8054,False,2,2,0,210,0,1,0,0,0
218371,Brandon O'Neill,2016,AUS1,8054,False,27,25,0,2000,3,0,0,0,6
218371,Brandon O'Neill,2015,FFAC,8054,False,3,1,0,72,0,0,0,0,1
218371,Brandon O'Neill,2015,AUS1,8054,False,27,21,0,1464,0,0,0,0,3
218371,Brandon O'Neill,2015,AFCL,8054,False,8,7,0,570,1,0,0,0,1
218371,Brandon O'Neill,2014,AUS1,970,False,19,3,0,40,0,0,0,0,0
218371,Brandon O'Neill,2013,FFAC,970,False,3,0,0,0,0,0,0,0,0
218371,Brandon O'Neill,2013,AUS1,970,False,27,8,0,421,0,0,0,0,0
218371,Brandon O'Neill,2012,AUSF,970,False,1,0,0,0,0,0,0,0,0
218371,Brandon O'Neill,2012,AUS1,970,False,27,3,0,49,0,0,0,0,0
218371,Brandon O'Neill,2011,AUSF,970,False,1,1,0,1,0,0,0,0,0
218371,Brandon O'Neill,2011,AUS1,970,False,3,2,0,87,0,0,0,0,1
1050131,Lucas Scicluna,2025,U21Q,24963,True,1,1,0,68,0,0,0,0,0
1050131,Lucas Scicluna,2025,FFAC,970,False,1,1,0,101,0,0,0,0,0
1050131,Lucas Scicluna,2025,AUSF,5551,False,2,0,0,0,0,0,0,0,0
1050131,Lucas Scicluna,2025,AUS1,5551,False,26,10,0,152,0,0,2,0,2
1050131,Lucas Scicluna,2024,FFAC,6954,False,1,1,0,29,0,0,3,0,0
1050131,Lucas Scicluna,2024,FFAC,5551,False,5,2,0,17,0,0,0,0,0
1050131,Lucas Scicluna,2024,AUS1,6954,False,23,4,0,44,0,0,0,0,0
1050131,Lucas Scicluna,2024,ACLE,6954,False,5,0,0,0,0,0,0,0,0
1050131,Lucas Scicluna,2024,A2SW,26206,False,20,8,0,712,0,0,0,0,4
1050131,Lucas Scicluna,2023,GB18,12801,False,11,0,0,0,0,0,0,0,0
1050131,Lucas Scicluna,2023,FAYC,12801,False,1,0,0,0,0,0,0,0,0
1050131,Lucas Scicluna,2023,A2SW,26206,False,30,28,0,2444,3,0,0,0,5
1050131,Lucas Scicluna,2022,GB18,12801,False,24,10,0,269,0,1,5,0,1
1050131,Lucas Scicluna,2022,FS,26100,True,11,9,0,667,0,1,0,0,0
1050131,Lucas Scicluna,2022,FAYC,12801,False,1,0,0,0,0,0,0,0,0
1050131,Lucas Scicluna,2022,19EU,26100,True,3,3,0,270,0,0,6,1,0
1050131,Lucas Scicluna,2021,FS,26100,True,2,2,0,143,0,0,0,0,0
1137438,Adam Bugarija,2025,FFAC,3747,False,1,0,0,0,0,0,0,0,0
1137438,Adam Bugarija,2025,AUS1,970,False,14,3,0,67,0,0,2,0,0
1137438,Adam Bugarija,2025,A2SW,860,False,20,11,0,249,1,2,0,0,0
1137438,Adam Bugarija,2025,A2SW,3747,False,9,6,0,540,0,1,0,0,2
1137438,Adam Bugarija,2024,FS,22976,True,4,4,0,169,4,0,0,0,0
1137438,Adam Bugarija,2024,FFAC,970,False,2,2,0,102,1,0,6,3,0
1137438,Adam Bugarija,2024,AUS1,970,False,26,14,3,593,1,1,15,3,0
1137438,Adam Bugarija,2024,A920,22976,True,6,2,0,29,0,1,4,1,0
1137438,Adam Bugarija,2023,FFAC,970,False,3,2,0,92,1,0,4,2,1
1137438,Adam Bugarija,2023,AF19,39276,True,5,3,0,186,0,0,0,0,0
1137438,Adam Bugarija,2023,A2SW,38638,False,22,15,0,931,8,1,0,0,1
1137438,Adam Bugarija,2022,CR19,9641,False,16,0,0,0,0,0,0,0,0
1137438,Adam Bugarija,2022,A2SW,38638,False,30,10,0,181,1,2,11,3,0
1415926,Oliver Evans,2025,FFAC,970,False,1,1,0,46,0,0,0,0,0
1415926,Oliver Evans,2025,AUS1,970,False,26,0,0,0,0,0,0,0,0
1415926,Oliver Evans,2024,FFAC,970,False,1,0,0,0,0,0,0,0,0
867754,Jaiden Kucharski,2025,FFAC,970,False,1,0,0,0,0,0,0,0,0
867754,Jaiden Kucharski,2025,AUS1,970,False,26,19,7,1046,3,3,26,6,2
867754,Jaiden Kucharski,2024,FFAC,71084,False,1,0,0,0,0,0,0,0,0
867754,Jaiden Kucharski,2024,AUS1,8054,False,26,24,0,461,3,1,25,9,0
867754,Jaiden Kucharski,2024,ACL2,8054,False,12,6,0,164,1,0,6,3,0
867754,Jaiden Kucharski,2024,A2SW,19820,False,5,3,0,194,0,0,0,0,0
867754,Jaiden Kucharski,2023,FFAC,8054,False,1,1,0,90,0,0,3,0,0
867754,Jaiden Kucharski,2023,AUSF,8054,False,3,2,0,39,1,0,5,2,0
867754,Jaiden Kucharski,2023,AUS1,8054,False,27,22,3,801,3,3,39,12,2
867754,Jaiden Kucharski,2023,A2SW,19820,False,24,6,0,537,4,0,0,0,1
867754,Jaiden Kucharski,2022,FFAC,8054,False,5,4,0,95,1,0,6,2,0
867754,Jaiden Kucharski,2022,AUSF,8054,False,3,0,1,0,0,0,0,0,0
867754,Jaiden Kucharski,2022,AUS1,8054,False,26,14,0,143,0,1,8,1,1
867754,Jaiden Kucharski,2022,A2SW,19820,False,29,8,0,497,2,2,18,10,1
867754,Jaiden Kucharski,2021,FFAC,8054,False,3,2,0,45,0,0,5,2,0
867754,Jaiden Kucharski,2021,ACLQ,8054,False,1,0,0,0,0,0,0,0,0
867754,Jaiden Kucharski,2021,A2SW,19820,False,12,2,0,180,2,1,11,5,0
867754,Jaiden Kucharski,2020,A2SW,19820,False,9,5,0,450,1,0,11,4,0
867754,Jaiden Kucharski,2019,A2SW,19820,False,1,1,0,50,0,1,3,1,0
867754,Jaiden Kucharski,2017,A168,66880,True,5,4,0,294,0,0,0,0,0
499735,Lachlan Wales,2025,AUS1,970,False,26,6,18,463,0,1,3,0,0
499735,Lachlan Wales,2024,FFAC,970,False,2,0,1,0,0,0,0,0,0
499735,Lachlan Wales,2024,AUS1,970,False,12,7,5,468,1,2,7,4,0
499735,Lachlan Wales,2023,RSK2,16696,False,17,7,0,420,1,5,5,3,0
499735,Lachlan Wales,2023,AUS1,71084,False,27,27,0,2241,2,5,40,16,3
499735,Lachlan Wales,2022,FFAC,71084,False,3,3,0,230,2,1,5,4,1
499735,Lachlan Wales,2022,AUS1,71084,False,26,26,0,1991,4,1,30,10,2
499735,Lachlan Wales,2021,FS,32270,True,1,0,0,0,0,0,0,0,0
499735,Lachlan Wales,2021,FFAC,71084,False,2,2,0,210,1,0,3,2,1
499735,Lachlan Wales,2021,AUSF,71084,False,4,4,0,359,1,0,4,1,1
499735,Lachlan Wales,2021,AUS1,71084,False,26,26,0,2142,3,7,40,8,4
499735,Lachlan Wales,2020,OLYM,53845,True,3,3,0,198,1,0,2,2,1
499735,Lachlan Wales,2020,FS,32270,True,3,0,0,0,0,0,0,0,0
499735,Lachlan Wales,2020,FFAC,71084,False,1,0,0,0,0,0,0,0,0
499735,Lachlan Wales,2020,AUS1,71084,False,26,24,0,1373,4,3,20,11,2
499735,Lachlan Wales,2019,FS,32270,True,1,0,0,0,0,0,0,0,0
499735,Lachlan Wales,2019,AUSF,25580,False,2,2,0,163,0,0,2,0,1
499735,Lachlan Wales,2019,AUS1,25580,False,26,25,0,1149,0,3,23,7,1
499735,Lachlan Wales,2019,A23Q,32270,True,3,2,0,147,0,0,0,0,0
499735,Lachlan Wales,2019,23AF,32270,True,6,0,0,0,0,0,0,0,0
499735,Lachlan Wales,2018,FFAC,25580,False,5,2,0,111,0,0,0,0,0
499735,Lachlan Wales,2018,AUSF,25580,False,1,1,0,30,0,0,1,0,0
499735,Lachlan Wales,2018,AUS1,25580,False,27,25,0,1580,3,5,22,8,2
499735,Lachlan Wales,2017,FFAC,25580,False,3,3,0,281,0,0,0,0,0
499735,Lachlan Wales,2017,AUS1,6954,False,14,10,0,639,0,2,0,0,2
499735,Lachlan Wales,2016,AUS1,6954,False,1,1,0,4,0,0,0,0,0
560763,Henry Hore,2025,FFAC,970,False,1,1,0,120,0,0,2,0,1
560763,Henry Hore,2025,AUS1,7831,False,26,16,4,1005,0,1,6,1,2
560763,Henry Hore,2024,FFAC,7831,False,1,1,0,75,0,0,1,0,0
560763,Henry Hore,2024,AUS1,7831,False,17,12,5,880,3,1,18,5,3
560763,Henry Hore,2023,RSK1,21459,False,18,10,0,387,1,0,4,1,1
560763,Henry Hore,2023,AUS1,7831,False,27,20,7,1489,7,1,40,16,4
560763,Henry Hore,2022,FFAC,7831,False,5,4,0,360,2,1,12,3,3
560763,Henry Hore,2022,AUS1,7831,False,26,23,0,1409,2,6,24,8,2
560763,Henry Hore,2021,FFAC,7831,False,4,4,0,293,2,2,5,4,0
560763,Henry Hore,2021,AUS1,7831,False,26,23,0,1519,4,0,34,16,2
560763,Henry Hore,2020,FFAC,7831,False,2,0,0,0,0,0,0,0,0
560763,Henry Hore,2020,A2VI,6981,False,24,5,0,360,0,1,0,0,0
714272,Stefan Colakovski,2025,FFAC,970,False,1,1,0,45,0,0,0,0,0
714272,Stefan Colakovski,2025,AUS1,970,False,13,13,0,506,3,2,16,6,2
714272,Stefan Colakovski,2024,FFAC,8445,False,1,0,1,0,0,0,0,0,0
714272,Stefan Colakovski,2024,AUS1,8445,False,26,6,20,137,0,0,1,1,0
714272,Stefan Colakovski,2023,AUS1,970,False,27,22,1,1273,6,1,32,21,5
714272,Stefan Colakovski,2022,FFAC,970,False,1,1,0,65,0,0,0,0,0
714272,Stefan Colakovski,2022,AUS1,970,False,26,2,0,62,0,0,0,0,0
714272,Stefan Colakovski,2021,U21Q,16844,True,2,2,0,156,0,0,0,0,1
714272,Stefan Colakovski,2021,AUSF,25580,False,3,2,0,44,0,0,0,0,1
714272,Stefan Colakovski,2021,AUS1,25580,False,26,16,0,344,0,0,8,3,1
714272,Stefan Colakovski,2021,AFCL,25580,False,6,6,0,223,1,1,3,2,1
714272,Stefan Colakovski,2020,FFAC,25580,False,3,2,0,124,0,0,0,0,0
714272,Stefan Colakovski,2020,AUSF,25580,False,2,2,0,164,1,2,3,2,1
714272,Stefan Colakovski,2020,AUS1,25580,False,26,18,0,329,2,2,10,3,0
714272,Stefan Colakovski,2019,AUSF,25580,False,2,1,0,13,0,0,1,0,0
714272,Stefan Colakovski,2019,AUS1,25580,False,26,6,0,118,0,0,5,2,0
714272,Stefan Colakovski,2018,FFAC,25580,False,1,0,0,0,0,0,0,0,0
171721,Adam Taggart,2025,FFAC,970,False,1,1,0,74,0,0,2,1,0
171721,Adam Taggart,2025,AUS1,970,False,26,22,4,1417,5,2,56,18,3
171721,Adam Taggart,2024,FFAC,970,False,2,2,0,146,2,1,10,5,0
171721,Adam Taggart,2024,AUS1,970,False,26,25,1,2196,10,3,88,31,1
171721,Adam Taggart,2023,WMQ1,3433,True,15,5,2,227,1,1,5,3,0
171721,Adam Taggart,2023,FS,3433,True,4,0,0,0,0,0,0,0,0
171721,Adam Taggart,2023,FFAC,970,False,3,2,0,161,1,0,4,2,0
171721,Adam Taggart,2023,AUS1,970,False,27,25,2,2193,20,3,124,49,4
171721,Adam Taggart,2022,FS,3433,True,5,1,0,61,0,0,0,0,0
171721,Adam Taggart,2022,FFAC,970,False,1,1,0,57,0,0,1,0,0
171721,Adam Taggart,2022,AUS1,970,False,18,13,0,802,5,0,31,15,1
171721,Adam Taggart,2022,AFAC,3433,True,5,0,1,0,0,0,0,0,0
171721,Adam Taggart,2021,POWM,3433,True,1,0,0,0,0,0,0,0,0
171721,Adam Taggart,2021,JEMP,1022,False,4,2,0,122,1,0,0,0,0
171721,Adam Taggart,2021,JAPC,1022,False,13,3,3,85,1,0,0,0,0
171721,Adam Taggart,2021,JAP1,1022,False,34,20,9,935,5,0,36,13,0
171721,Adam Taggart,2021,FS,3433,True,1,0,0,0,0,0,0,0,0
171721,Adam Taggart,2021,FIWC,3433,True,4,0,0,0,0,0,0,0,0
171721,Adam Taggart,2020,JEMP,1022,False,5,3,1,195,1,0,0,0,0
171721,Adam Taggart,2020,JAPC,1022,False,5,0,1,0,0,0,0,0,0
171721,Adam Taggart,2020,JAP1,1022,False,38,12,17,643,1,0,27,7,0
171721,Adam Taggart,2020,AFCL,1022,False,7,4,3,215,1,0,8,2,0
171721,Adam Taggart,2019,WMQ1,3433,True,19,8,6,495,3,1,15,9,1
171721,Adam Taggart,2019,RSKA,3301,False,5,5,0,367,4,0,13,6,0
171721,Adam Taggart,2019,RSK1,3301,False,22,18,0,1247,5,0,55,17,2
171721,Adam Taggart,2019,RKPO,3301,False,2,1,0,44,1,0,0,0,0
171721,Adam Taggart,2019,AFCL,3301,False,6,1,5,65,0,0,1,1,0
171721,Adam Taggart,2018,RSKA,3301,False,5,5,0,374,4,0,21,9,0
171721,Adam Taggart,2018,RSK1,3301,False,33,28,3,2117,16,1,88,34,2
171721,Adam Taggart,2018,RKPO,3301,False,7,7,0,562,1,1,0,0,1
171721,Adam Taggart,2018,FS,3433,True,5,1,0,28,0,0,0,0,0
171721,Adam Taggart,2018,AUS1,7831,False,19,18,0,1488,11,3,62,25,2
171721,Adam Taggart,2018,AFAC,3433,True,5,0,0,0,0,0,0,0,0
171721,Adam Taggart,2017,POWM,3433,True,2,0,0,0,0,0,0,0,0
171721,Adam Taggart,2017,FS,3433,True,4,0,0,0,0,0,0,0,0
171721,Adam Taggart,2017,FIWC,3433,True,3,0,0,0,0,0,0,0,0
171721,Adam Taggart,2017,FFAC,7831,False,1,1,0,53,0,0,0,0,0
171721,Adam Taggart,2017,AUS1,970,False,27,14,0,935,8,1,0,0,2
171721,Adam Taggart,2016,WMQ1,3433,True,12,0,0,0,0,0,0,0,0
171721,Adam Taggart,2016,FS,3433,True,1,0,0,0,0,0,0,0,0
171721,Adam Taggart,2016,CONC,3433,True,3,0,0,0,0,0,0,0,0
171721,Adam Taggart,2016,AUSF,970,False,2,2,0,180,0,0,0,0,0
171721,Adam Taggart,2016,AUS1,970,False,27,22,0,1568,12,1,0,0,0
171721,Adam Taggart,2015,SCP,1519,False,2,2,0,137,0,0,0,0,0
171721,Adam Taggart,2015,SC1,1519,False,12,7,0,365,0,0,0,0,0
171721,Adam Taggart,2015,GB21,9262,False,1,1,0,45,0,0,0,0,0
171721,Adam Taggart,2015,GB2,931,False,31,0,0,0,0,0,0,0,0
171721,Adam Taggart,2015,FS,3433,True,3,0,0,0,0,0,0,0,0
171721,Adam Taggart,2015,FS,32270,True,4,4,0,268,1,0,0,0,1
171721,Adam Taggart,2015,FAC,931,False,1,0,0,0,0,0,0,0,0
171721,Adam Taggart,2015,CGB,931,False,2,0,0,0,0,0,0,0,0
171721,Adam Taggart,2014,WMQ1,3433,True,8,0,0,0,0,0,0,0,0
171721,Adam Taggart,2014,PLIC,9262,False,5,4,0,203,1,0,0,0,0
171721,Adam Taggart,2014,GB21,9262,False,14,7,0,531,4,1,0,0,0
171721,Adam Taggart,2014,GB2,931,False,46,0,10,0,0,0,0,0,0
171721,Adam Taggart,2014,FS,3433,True,7,0,4,0,0,0,0,0,0
171721,Adam Taggart,2014,FAC,931,False,4,0,0,0,0,0,0,0,0
171721,Adam Taggart,2014,CGB,931,False,3,0,2,0,0,0,0,0,0
171721,Adam Taggart,2014,AFAC,3433,True,6,0,0,0,0,0,0,0,0
171721,Adam Taggart,2013,FS,3433,True,7,1,0,4,0,0,0,0,0
171721,Adam Taggart,2013,FIWC,3433,True,3,2,0,58,0,0,0,0,0
171721,Adam Taggart,2013,AUS1,5551,False,27,25,0,2166,16,0,0,0,3
171721,Adam Taggart,2012,FS,3433,True,1,0,0,0,0,0,0,0,0
171721,Adam Taggart,2012,FS,22976,True,4,3,0,234,4,0,0,0,1
171721,Adam Taggart,2012,EAFC,3433,True,7,4,0,114,3,0,0,0,0
171721,Adam Taggart,2012,AUS1,5551,False,27,19,0,887,2,1,0,0,0
171721,Adam Taggart,2012,A192,39276,True,5,2,0,166,0,0,0,0,1
171721,Adam Taggart,2012,23AF,77740,True,1,1,0,86,0,0,0,0,0
171721,Adam Taggart,2012,20WC,22976,True,3,3,0,251,0,0,0,0,0
171721,Adam Taggart,2011,WMQ1,3433,True,4,0,0,0,0,0,0,0,0
171721,Adam Taggart,2011,AUSF,970,False,4,0,0,0,0,0,0,0,0
171721,Adam Taggart,2011,AUS1,970,False,27,4,0,67,0,0,0,0,0
171721,Adam Taggart,2010,AUS1,970,False,8,6,0,231,1,0,0,0,0
692320,Trent Ostler,2025,FFAC,970,False,1,0,0,0,0,0,0,0,0
692320,Trent Ostler,2025,AUS1,970,False,26,19,7,896,1,2,8,4,2
692320,Trent Ostler,2024,FFAC,970,False,2,2,0,237,0,0,1,0,2
692320,Trent Ostler,2024,AUS1,970,False,26,21,2,1617,2,0,15,6,0
692320,Trent Ostler,2023,FFAC,970,False,3,0,0,0,0,0,0,0,0
692320,Trent Ostler,2023,AUS1,970,False,27,22,0,673,0,2,3,1,1
692320,Trent Ostler,2022,FFAC,970,False,1,1,0,65,0,0,2,0,0
692320,Trent Ostler,2022,AUS1,970,False,26,9,0,341,1,1,2,2,0
692320,Trent Ostler,2021,AUS1,970,False,26,5,4,231,1,0,2,1,0
692320,Trent Ostler,2020,AUS1,970,False,26,0,0,0,0,0,0,0,0
692320,Trent Ostler,2019,FS,32269,True,2,1,0,90,1,0,1,1,0
692320,Trent Ostler,2019,AUSF,970,False,2,0,0,0,0,0,0,0,0
692320,Trent Ostler,2019,AUS1,970,False,26,0,0,0,0,0,0,0,0
692320,Trent Ostler,2019,AFCL,970,False,6,0,0,0,0,0,0,0,0
692320,Trent Ostler,2018,FFAC,970,False,1,1,0,30,0,0,0,0,0
692320,Trent Ostler,2018,17WC,32269,True,4,2,0,120,0,0,0,0,0
1066861,Arion Sulemani,2025,FFAC,970,False,1,1,0,46,0,0,2,0,0
1066861,Arion Sulemani,2025,AUS1,970,False,26,10,0,367,1,1,6,3,0
1066861,Arion Sulemani,2024,FFAC,970,False,1,1,0,76,0,0,1,0,0
1066861,Arion Sulemani,2024,AUSF,25580,False,3,0,0,0,0,0,0,0,0
1066861,Arion Sulemani,2024,AUS1,25580,False,26,8,2,264,0,1,8,4,0
1066861,Arion Sulemani,2024,AU2C,22976,True,4,1,0,80,0,0,0,0,0
1066861,Arion Sulemani,2023,FFAC,25580,False,1,1,0,31,0,0,1,0,0
1066861,Arion Sulemani,2023,AUSF,25580,False,1,0,0,0,0,0,0,0,0
1066861,Arion Sulemani,2023,AUS1,25580,False,27,0,23,0,0,0,0,0,0
1066861,Arion Sulemani,2023,AFCL,25580,False,6,0,6,0,0,0,0,0,0
1066861,Arion Sulemani,2023,AF19,39276,True,5,4,0,233,3,0,0,0,0
1066861,Arion Sulemani,2022,FFAC,25580,False,4,0,4,0,0,0,0,0,0
1066861,Arion Sulemani,2022,AUSF,25580,False,3,0,3,0,0,0,0,0,0
1066861,Arion Sulemani,2022,AUS1,25580,False,26,0,10,0,0,0,0,0,0
1066861,Arion Sulemani,2021,FFAC,25580,False,2,0,0,0,0,0,0,0,0
1023268,Nathanael Blair,2026,UKRP,26459,False,1,1,0,58,0,0,0,0,0
1023268,Nathanael Blair,2026,UKR1,26459,False,3,3,0,244,0,0,0,0,0
1023268,Nathanael Blair,2025,AUS1,970,False,13,2,3,83,0,0,2,1,0
1023268,Nathanael Blair,2025,AUS1,6954,False,13,13,0,502,3,1,14,7,1
1023268,Nathanael Blair,2025,A23Q,32270,True,3,3,0,208,5,0,0,0,0
1023268,Nathanael Blair,2025,23AF,32270,True,4,4,0,112,0,0,3,1,0
1023268,Nathanael Blair,2024,FS,32270,True,3,1,0,63,0,0,0,0,0
1023268,Nathanael Blair,2024,FFAC,970,False,2,2,0,93,0,0,5,3,0
1023268,Nathanael Blair,2024,AUS1,970,False,26,14,1,288,0,0,6,3,0
1023268,Nathanael Blair,2023,FFAC,970,False,3,3,0,96,3,0,5,5,0
1023268,Nathanael Blair,2023,AUS1,36100,False,27,4,0,38,0,0,3,3,0
1023268,Nathanael Blair,2023,A2SW,38638,False,14,10,0,845,13,1,0,0,1
1023268,Nathanael Blair,2022,FFAC,36100,False,3,0,0,0,0,0,0,0,0
1023268,Nathanael Blair,2022,AUSF,36100,False,1,0,0,0,0,0,0,0,0
1023268,Nathanael Blair,2022,AUS1,36100,False,26,3,0,77,0,0,0,0,0
1023268,Nathanael Blair,2022,A2SW,38638,False,28,28,0,1751,6,3,56,18,3
1023268,Nathanael Blair,2021,A2SW,11419,False,17,0,0,0,0,0,0,0,0
985797,Luca Tevere,2025,FFAC,12991,False,2,0,0,0,0,0,0,0,0
985797,Luca Tevere,2025,AUS1,970,False,10,9,1,443,0,2,7,1,0
985797,Luca Tevere,2025,A2VI,12991,False,9,6,0,514,2,1,0,0,1
985797,Luca Tevere,2024,NPVF,32385,False,1,1,0,90,0,0,0,0,0
985797,Luca Tevere,2024,FFAC,32385,False,4,4,0,312,4,1,18,8,2
985797,Luca Tevere,2024,AU3C,32385,False,7,6,0,513,1,0,0,0,0
985797,Luca Tevere,2024,A2VI,32385,False,26,25,0,1740,5,8,0,0,3
985797,Luca Tevere,2023,A2VI,32385,False,24,0,0,0,0,0,0,0,0
985797,Luca Tevere,2023,A2VI,11342,False,23,21,0,1683,4,2,0,0,1
985797,Luca Tevere,2022,A2VI,5142,False,14,14,0,1086,4,3,27,12,2
985797,Luca Tevere,2021,A2VI,5142,False,26,4,0,319,1,0,8,3,0
985797,Luca Tevere,2020,FFAC,5142,False,1,0,0,0,0,0,0,0,0
1273793,Anthony Didulica,2025,FFAC,970,False,1,1,0,75,0,0,2,1,1
1273793,Anthony Didulica,2025,AUS1,970,False,24,5,9,78,0,0,2,0,0
1273793,Anthony Didulica,2024,FS,32269,True,3,1,0,60,0,0,0,0,0
1273793,Anthony Didulica,2024,A169,32269,True,1,1,0,67,0,0,0,0,0
1273793,Anthony Didulica,2024,A168,32269,True,3,2,0,42,0,0,1,1,0
1273793,Anthony Didulica,2023,AF16,66880,True,5,5,0,287,6,0,0,0,1
1155207,Joel Anasmo,2025,AUS1,970,False,26,1,25,14,0,0,0,0,0
1155207,Joel Anasmo,2024,RSK1,6502,False,11,0,0,0,0,0,0,0,0
1155207,Joel Anasmo,2024,RKPO,6502,False,2,0,0,0,0,0,0,0,0
1155207,Joel Anasmo,2024,K3L,40869,False,1,1,0,63,0,0,0,0,0
1155207,Joel Anasmo,2024,FFAC,970,False,1,1,0,46,0,0,0,0,0
1155207,Joel Anasmo,2024,AUS1,970,False,22,11,0,172,0,0,0,0,0
1155207,Joel Anasmo,2023,FFAC,970,False,3,0,0,0,0,0,0,0,0
1155207,Joel Anasmo,2023,AUS1,970,False,17,11,0,251,1,0,0,0,0
1155207,Joel Anasmo,2022,FFAC,970,False,1,1,0,25,0,0,0,0,0
1279262,Daniel Solsky,2025,FFAC,970,False,1,0,0,0,0,0,0,0,0
1279262,Daniel Solsky,2025,A2SW,2931,False,22,22,0,1980,0,0,0,0,2
1279262,Daniel Solsky,2024,E3G2,12361,False,20,0,0,0,0,0,0,0,0
1279262,Daniel Solsky,2024,CDR,12361,False,2,0,0,0,0,0,0,0,0
1279262,Daniel Solsky,2024,AU3C,2931,False,6,6,0,540,0,0,0,0,0
1279262,Daniel Solsky,2024,A2SW,2931,False,30,16,0,1440,0,0,0,0,2
1279262,Daniel Solsky,2023,A2SW,19820,False,5,4,0,360,0,0,0,0,0
631103,Macklin Freke,2025,FFAC,25580,False,2,0,0,0,0,0,0,0,0
631103,Macklin Freke,2025,AUS1,7831,False,26,1,0,45,0,0,0,0,0
631103,Macklin Freke,2024,FFAC,7831,False,1,0,0,0,0,0,0,0,0
631103,Macklin Freke,2024,AUS1,7831,False,26,17,0,1530,0,0,0,0,1
631103,Macklin Freke,2023,FFAC,7831,False,1,1,0,90,0,0,0,0,0
631103,Macklin Freke,2023,AUS1,7831,False,27,26,0,2340,0,0,0,0,3
631103,Macklin Freke,2022,FFAC,7831,False,5,5,0,480,0,0,0,0,0
631103,Macklin Freke,2022,AUS1,7831,False,26,4,0,303,0,0,0,0,1
631103,Macklin Freke,2021,FFAC,7831,False,4,4,0,420,0,0,0,0,0
631103,Macklin Freke,2021,AUS1,7831,False,26,13,0,1138,0,0,0,0,0
631103,Macklin Freke,2020,FFAC,7831,False,3,3,0,270,0,0,0,0,0
631103,Macklin Freke,2020,AUSF,7831,False,1,0,0,0,0,0,0,0,0
631103,Macklin Freke,2020,AUS1,7831,False,26,2,0,180,0,0,0,0,0
631103,Macklin Freke,2019,AUSF,7831,False,1,0,0,0,0,0,0,0,0
631103,Macklin Freke,2019,AUS1,7831,False,26,0,0,0,0,0,0,0,0
631103,Macklin Freke,2018,FFAC,7831,False,2,0,0,0,0,0,0,0,0
631103,Macklin Freke,2018,AUS1,7831,False,3,0,0,0,0,0,0,0,0
631103,Macklin Freke,2017,A198,39276,True,4,0,0,0,0,0,0,0,0
1064381,James Nieuwenhuizen,2025,FFAC,25580,False,2,2,0,180,0,0,0,0,0
1064381,James Nieuwenhuizen,2025,AUSF,25580,False,1,0,0,0,0,0,0,0,0
1064381,James Nieuwenhuizen,2025,AUS1,25580,False,26,2,10,180,0,0,0,0,0
1064381,James Nieuwenhuizen,2025,ACLE,25580,False,10,0,6,0,0,0,0,0,0
1064381,James Nieuwenhuizen,2025,A2VI,135665,False,25,7,0,630,0,0,0,0,1
1064381,James Nieuwenhuizen,2024,FFAC,25580,False,1,0,1,0,0,0,0,0,0
1064381,James Nieuwenhuizen,2024,AUSF,25580,False,3,0,3,0,0,0,0,0,0
1064381,James Nieuwenhuizen,2024,AUS1,25580,False,26,0,6,0,0,0,0,0,0
1064381,James Nieuwenhuizen,2023,FFAC,25580,False,1,1,0,120,0,0,0,0,0
1064381,James Nieuwenhuizen,2023,AUSF,25580,False,1,0,0,0,0,0,0,0,0
1064381,James Nieuwenhuizen,2023,AUS1,25580,False,27,0,10,0,0,0,0,0,0
1064381,James Nieuwenhuizen,2023,AFCL,25580,False,6,0,3,0,0,0,0,0,0
1064381,James Nieuwenhuizen,2022,FS,22976,True,3,1,0,90,0,0,0,0,0
1064381,James Nieuwenhuizen,2022,FFAC,25580,False,4,0,0,0,0,0,0,0,0
1064381,James Nieuwenhuizen,2022,AUSF,25580,False,3,0,0,0,0,0,0,0,0
1064381,James Nieuwenhuizen,2022,AUS1,25580,False,26,0,0,0,0,0,0,0,0
1064381,James Nieuwenhuizen,2022,AU2C,22976,True,3,0,0,0,0,0,0,0,0
1064381,James Nieuwenhuizen,2022,A920,22976,True,4,0,0,0,0,0,0,0,0
1064381,James Nieuwenhuizen,2021,FFAC,25580,False,2,0,0,0,0,0,0,0,0
1064381,James Nieuwenhuizen,2021,AUSF,25580,False,3,0,0,0,0,0,0,0,0
1064381,James Nieuwenhuizen,2021,AUS1,25580,False,26,0,0,0,0,0,0,0,0
1064381,James Nieuwenhuizen,2021,AFCL,25580,False,6,0,0,0,0,0,0,0,0
1064381,James Nieuwenhuizen,2020,FFAC,25580,False,3,0,0,0,0,0,0,0,0
1064381,James Nieuwenhuizen,2019,A169,66880,True,4,1,0,15,0,0,0,0,0
734487,Calem Nieuwenhof,2025,SFA,43,False,1,0,1,0,0,0,0,0,0
734487,Calem Nieuwenhof,2025,SCPM,43,False,5,0,5,0,0,0,0,0,0
734487,Calem Nieuwenhof,2025,SCP,43,False,5,4,1,238,0,0,2,1,1
734487,Calem Nieuwenhof,2025,SC1,43,False,33,0,33,0,0,0,0,0,0
734487,Calem Nieuwenhof,2025,FFAC,970,False,1,0,0,0,0,0,0,0,0
734487,Calem Nieuwenhof,2024,UCOL,43,False,6,0,6,0,0,0,0,0,0
734487,Calem Nieuwenhof,2024,SFA,43,False,4,2,0,51,1,0,3,2,1
734487,Calem Nieuwenhof,2024,SCPA,43,False,5,4,0,116,0,0,1,1,0
734487,Calem Nieuwenhof,2024,SCP,43,False,1,0,1,0,0,0,0,0,0
734487,Calem Nieuwenhof,2024,SC1,43,False,33,8,20,219,1,0,4,2,0
734487,Calem Nieuwenhof,2024,ELQ,43,False,2,0,2,0,0,0,0,0,0
734487,Calem Nieuwenhof,2023,SFA,43,False,4,1,2,90,1,0,1,1,0
734487,Calem Nieuwenhof,2023,SCPM,43,False,5,0,5,0,0,0,0,0,0
734487,Calem Nieuwenhof,2023,SCP,43,False,3,3,0,237,0,0,1,0,1
734487,Calem Nieuwenhof,2023,SC1,43,False,33,25,6,1859,1,2,11,2,4
734487,Calem Nieuwenhof,2023,FS,32270,True,2,2,0,93,0,1,0,0,0
734487,Calem Nieuwenhof,2023,ECLQ,43,False,4,0,2,0,0,0,0,0,0
734487,Calem Nieuwenhof,2023,A23Q,32270,True,2,0,0,0,0,0,0,0,0
734487,Calem Nieuwenhof,2022,FS,32270,True,5,5,0,305,0,0,1,1,2
734487,Calem Nieuwenhof,2022,AUSF,36100,False,1,1,0,90,0,0,1,0,0
734487,Calem Nieuwenhof,2022,AUS1,36100,False,26,26,0,2296,4,2,33,10,7
734487,Calem Nieuwenhof,2021,AUS1,8054,False,26,2,0,46,0,0,1,0,0
734487,Calem Nieuwenhof,2021,AFCL,8054,False,6,0,0,0,0,0,0,0,0
734487,Calem Nieuwenhof,2021,ACLQ,8054,False,1,0,0,0,0,0,0,0,0
734487,Calem Nieuwenhof,2020,FFAC,8054,False,4,1,0,25,0,0,2,1,0
734487,Calem Nieuwenhof,2020,AUSF,8054,False,2,0,0,0,0,0,0,0,0
734487,Calem Nieuwenhof,2020,AUS1,8054,False,26,9,0,523,1,1,13,3,2
734487,Calem Nieuwenhof,2020,A2SW,19820,False,1,1,0,90,0,0,0,0,0
734487,Calem Nieuwenhof,2019,AUSF,8054,False,1,0,0,0,0,0,0,0,0
734487,Calem Nieuwenhof,2019,AUS1,8054,False,3,0,0,0,0,0,0,0,0
734487,Calem Nieuwenhof,2019,AFCL,8054,False,5,4,0,360,0,0,3,1,0
734487,Calem Nieuwenhof,2019,A2SW,19820,False,1,1,0,90,0,0,0,0,0
1234191,Lachie Charles,2025,FFAC,25580,False,2,0,0,0,0,0,0,0,0
1234191,Lachie Charles,2025,AUSF,25580,False,1,0,0,0,0,0,0,0,0
1234191,Lachie Charles,2025,AUS1,25580,False,26,0,0,0,0,0,0,0,0
1234191,Lachie Charles,2025,AF19,39276,True,4,0,0,0,0,0,0,0,0
1234191,Lachie Charles,2025,ACLE,25580,False,10,0,0,0,0,0,0,0,0
1234191,Lachie Charles,2025,A2VI,135665,False,22,14,0,1260,0,0,0,0,0
1234191,Lachie Charles,2024,FFAC,25580,False,1,1,0,90,0,0,0,0,0
1234191,Lachie Charles,2024,AUS1,25580,False,3,0,0,0,0,0,0,0,0
1234191,Lachie Charles,2023,TDV,34133,False,3,2,0,168,0,0,0,0,0
556038,Nathaniel Atkinson,2025,FFAC,25580,False,2,2,0,180,0,0,0,0,0
556038,Nathaniel Atkinson,2025,AUSF,25580,False,1,1,0,120,0,0,0,0,0
556038,Nathaniel Atkinson,2025,AUS1,25580,False,26,21,5,1675,0,2,14,1,6
556038,Nathaniel Atkinson,2025,ACLE,25580,False,10,8,1,658,0,1,4,0,2
556038,Nathaniel Atkinson,2024,SCP,43,False,1,0,0,0,0,0,0,0,0
556038,Nathaniel Atkinson,2024,SC1,43,False,5,0,0,0,0,0,0,0,0
556038,Nathaniel Atkinson,2024,FFAC,25580,False,1,0,0,0,0,0,0,0,0
556038,Nathaniel Atkinson,2024,ELQ,43,False,2,0,0,0,0,0,0,0,0
556038,Nathaniel Atkinson,2024,AUSF,25580,False,3,2,1,150,0,0,0,0,0
556038,Nathaniel Atkinson,2024,AUS1,25580,False,26,26,0,2194,1,1,25,11,7
556038,Nathaniel Atkinson,2023,WMQ1,3433,True,4,1,2,90,0,0,0,0,1
556038,Nathaniel Atkinson,2023,SFA,43,False,4,3,1,107,0,0,0,0,0
556038,Nathaniel Atkinson,2023,SCPM,43,False,5,1,0,28,0,0,0,0,0
556038,Nathaniel Atkinson,2023,SCP,43,False,3,0,2,0,0,0,0,0,0
556038,Nathaniel Atkinson,2023,SC1,43,False,33,18,13,1201,0,0,12,3,5
556038,Nathaniel Atkinson,2023,FS,3433,True,4,2,2,102,0,0,0,0,0
556038,Nathaniel Atkinson,2023,ECLQ,43,False,4,4,0,352,0,0,1,0,0
556038,Nathaniel Atkinson,2022,UCOL,43,False,6,4,1,226,1,0,1,1,2
556038,Nathaniel Atkinson,2022,SFA,43,False,3,3,0,43,0,0,0,0,1
556038,Nathaniel Atkinson,2022,SCPM,43,False,5,4,0,315,0,1,2,0,2
556038,Nathaniel Atkinson,2022,SCP,43,False,1,0,1,0,0,0,0,0,0
556038,Nathaniel Atkinson,2022,SC1,43,False,33,14,4,766,1,1,6,1,4
556038,Nathaniel Atkinson,2022,FS,3433,True,5,3,0,156,0,0,0,0,1
556038,Nathaniel Atkinson,2022,ELQ,43,False,2,1,0,45,0,1,0,0,0
556038,Nathaniel Atkinson,2022,AFAC,3433,True,5,3,0,184,0,1,1,0,0
556038,Nathaniel Atkinson,2021,SFA,43,False,5,5,0,439,0,1,3,2,0
556038,Nathaniel Atkinson,2021,SCPM,43,False,5,5,0,390,0,0,1,0,0
556038,Nathaniel Atkinson,2021,SC1,43,False,13,10,1,768,1,1,4,2,2
556038,Nathaniel Atkinson,2021,POWM,3433,True,1,1,0,91,0,0,0,0,1
556038,Nathaniel Atkinson,2021,FS,3433,True,1,0,0,0,0,0,0,0,0
556038,Nathaniel Atkinson,2021,FS,32270,True,1,0,0,0,0,0,0,0,0
556038,Nathaniel Atkinson,2021,FIWC,3433,True,4,1,0,85,0,0,0,0,0
556038,Nathaniel Atkinson,2021,AUS1,25580,False,5,4,0,131,0,0,3,2,1
556038,Nathaniel Atkinson,2020,OLYM,53845,True,2,2,0,180,0,0,0,0,2
556038,Nathaniel Atkinson,2020,FS,32270,True,3,0,2,0,0,0,0,0,0
556038,Nathaniel Atkinson,2020,FFAC,25580,False,2,1,0,90,0,3,4,2,0
556038,Nathaniel Atkinson,2020,AUSF,25580,False,2,2,0,180,1,0,5,1,0
556038,Nathaniel Atkinson,2020,AUS1,25580,False,26,12,11,854,1,2,13,2,1
556038,Nathaniel Atkinson,2019,WMQ1,3433,True,2,2,0,180,0,0,0,0,0
556038,Nathaniel Atkinson,2019,FS,32270,True,1,0,0,0,0,0,0,0,0
556038,Nathaniel Atkinson,2019,AUSF,25580,False,2,2,0,210,0,0,4,1,1
556038,Nathaniel Atkinson,2019,AUS1,25580,False,26,21,0,1219,1,0,17,8,4
556038,Nathaniel Atkinson,2019,A23Q,32270,True,3,2,0,148,0,0,0,0,0
556038,Nathaniel Atkinson,2019,23AF,32270,True,6,0,0,0,0,0,0,0,0
556038,Nathaniel Atkinson,2018,FFAC,25580,False,5,0,0,0,0,0,0,0,0
556038,Nathaniel Atkinson,2018,AUSF,25580,False,1,0,0,0,0,0,0,0,0
556038,Nathaniel Atkinson,2018,AUS1,25580,False,27,17,0,1154,0,0,5,0,4
556038,Nathaniel Atkinson,2017,FFAC,25580,False,3,3,0,229,0,0,0,0,0
556038,Nathaniel Atkinson,2017,AUSF,25580,False,2,2,0,180,0,0,0,0,1
556038,Nathaniel Atkinson,2017,AUS1,25580,False,18,15,0,1247,0,1,0,0,1
556038,Nathaniel Atkinson,2017,A198,39276,True,4,3,0,248,1,1,0,0,0
318541,Harrison Delbridge,2025,FFAC,25580,False,2,2,0,180,0,0,0,0,0
318541,Harrison Delbridge,2025,AUSF,25580,False,1,1,0,120,0,0,0,0,0
318541,Harrison Delbridge,2025,AUS1,25580,False,12,4,3,320,0,0,5,2,1
318541,Harrison Delbridge,2025,ACLE,25580,False,4,1,0,67,0,0,1,1,0
318541,Harrison Delbridge,2024,RSK2,2996,False,39,16,0,633,0,0,0,0,1
318541,Harrison Delbridge,2024,RKPO,2996,False,3,2,0,210,0,0,0,0,0
318541,Harrison Delbridge,2023,RSK1,2996,False,38,16,6,1077,1,0,7,2,1
318541,Harrison Delbridge,2023,RKPO,2996,False,3,2,0,210,0,0,0,0,0
318541,Harrison Delbridge,2023,AFCL,2996,False,6,2,0,180,0,0,1,0,0
318541,Harrison Delbridge,2023,ACLQ,2996,False,1,1,0,120,0,0,0,0,0
318541,Harrison Delbridge,2022,RSKM,2996,False,5,0,0,0,0,0,0,0,0
318541,Harrison Delbridge,2022,RSK1,2996,False,33,25,0,1926,0,0,22,4,4
318541,Harrison Delbridge,2022,RKPO,2996,False,3,1,0,90,0,0,0,0,0
318541,Harrison Delbridge,2022,FS,3433,True,2,1,0,90,0,0,1,1,0
318541,Harrison Delbridge,2021,RSKM,2996,False,5,4,1,360,0,0,3,0,3
318541,Harrison Delbridge,2021,RSK1,2996,False,33,29,1,2293,0,1,19,2,3
318541,Harrison Delbridge,2021,RKPO,2996,False,1,0,0,0,0,0,0,0,0
318541,Harrison Delbridge,2020,RSKA,2996,False,5,4,0,271,0,1,3,0,0
318541,Harrison Delbridge,2020,RSK1,2996,False,33,30,0,2120,1,1,4,1,5
318541,Harrison Delbridge,2020,RKPO,2996,False,1,0,0,0,0,0,0,0,0
318541,Harrison Delbridge,2020,AUS1,25580,False,3,0,0,0,0,0,0,0,0
318541,Harrison Delbridge,2019,AUSF,25580,False,2,2,0,158,0,0,0,0,0
318541,Harrison Delbridge,2019,AUS1,25580,False,26,22,0,1654,1,0,17,4,4
318541,Harrison Delbridge,2018,FFAC,25580,False,5,3,0,270,0,0,0,0,0
318541,Harrison Delbridge,2018,AUSF,25580,False,1,1,0,105,0,0,0,0,0
318541,Harrison Delbridge,2018,AUS1,25580,False,27,23,0,2032,0,0,16,7,7
318541,Harrison Delbridge,2017,FFAC,25580,False,3,3,0,300,0,0,0,0,0
318541,Harrison Delbridge,2017,AUSF,25580,False,2,0,0,0,0,0,0,0,0
318541,Harrison Delbridge,2017,AUS1,25580,False,15,12,0,444,0,0,0,0,1
318541,Harrison Delbridge,2016,USLP,51772,False,1,1,0,90,0,0,0,0,0
318541,Harrison Delbridge,2016,USL,51772,False,32,29,0,2608,3,2,0,0,5
318541,Harrison Delbridge,2016,MLSP,51772,False,6,6,0,630,0,1,0,0,1
318541,Harrison Delbridge,2015,USLP,51772,False,1,1,0,90,0,0,0,0,0
318541,Harrison Delbridge,2015,USL,51772,False,30,29,0,2454,1,0,0,0,6
318541,Harrison Delbridge,2015,MLSP,51772,False,2,1,0,90,0,0,0,0,0
318541,Harrison Delbridge,2014,USL,46719,False,28,18,1,1606,1,0,0,0,4
318541,Harrison Delbridge,2014,MLSP,46719,False,2,2,0,210,0,0,0,0,0
318541,Harrison Delbridge,2013,USLP,40835,False,3,0,0,0,0,0,0,0,0
318541,Harrison Delbridge,2013,USL,40835,False,28,16,0,1202,0,1,0,0,2
318541,Harrison Delbridge,2013,MLSP,40835,False,3,1,0,90,1,0,0,0,0
318541,Harrison Delbridge,2012,MLSP,16948,False,2,0,0,0,0,0,0,0,0
136834,Aziz Behich,2025,FS,3433,True,10,3,2,147,0,0,0,0,0
136834,Aziz Behich,2025,FIWC,3433,True,4,3,0,216,0,0,1,1,0
136834,Aziz Behich,2025,FFAC,25580,False,2,0,1,0,0,0,0,0,0
136834,Aziz Behich,2025,AUSF,25580,False,1,1,0,120,0,1,0,0,0
136834,Aziz Behich,2025,AUS1,25580,False,26,24,2,2160,3,1,30,12,5
136834,Aziz Behich,2025,ACLE,25580,False,10,9,1,831,0,1,5,3,2
136834,Aziz Behich,2024,FFAC,25580,False,1,0,0,0,0,0,0,0,0
136834,Aziz Behich,2024,AUSF,25580,False,3,3,0,270,1,0,2,2,1
136834,Aziz Behich,2024,AUS1,25580,False,26,24,2,2160,1,1,13,3,3
136834,Aziz Behich,2023,WMQ1,3433,True,16,14,0,943,1,1,3,1,0
136834,Aziz Behich,2023,SCP,1519,False,4,0,0,0,0,0,0,0,0
136834,Aziz Behich,2023,SC2,1519,False,1,0,0,0,0,0,0,0,0
136834,Aziz Behich,2023,SASS,18544,False,1,0,0,0,0,0,0,0,0
136834,Aziz Behich,2023,SAKC,18544,False,2,0,0,0,0,0,0,0,0
136834,Aziz Behich,2023,SA1,18544,False,15,0,0,0,0,0,0,0,0
136834,Aziz Behich,2023,FS,3433,True,4,3,0,124,0,0,0,0,0
136834,Aziz Behich,2023,FFAC,25580,False,1,1,0,117,0,0,0,0,0
136834,Aziz Behich,2023,AUS1,25580,False,14,10,4,895,0,2,12,7,3
136834,Aziz Behich,2023,AFCL,25580,False,6,6,0,512,1,0,4,2,1
136834,Aziz Behich,2023,AFCL,18544,False,4,3,0,253,0,0,0,0,0
136834,Aziz Behich,2022,SFA,1519,False,2,2,0,123,1,0,2,1,0
136834,Aziz Behich,2022,SCPA,1519,False,5,4,0,360,0,0,0,0,3
136834,Aziz Behich,2022,SCP,1519,False,2,2,0,180,0,0,0,0,0
136834,Aziz Behich,2022,SC1,1519,False,33,27,2,2366,3,4,19,6,2
136834,Aziz Behich,2022,FS,3433,True,5,3,0,230,0,1,0,0,1
136834,Aziz Behich,2022,FFAC,25580,False,4,3,0,254,0,0,0,0,1
136834,Aziz Behich,2022,ECLQ,1519,False,2,1,1,54,0,0,0,0,0
136834,Aziz Behich,2022,AFAC,3433,True,5,5,0,480,0,0,3,0,0
136834,Aziz Behich,2021,TRP,11688,False,2,0,0,0,0,0,0,0,0
136834,Aziz Behich,2021,TR1,6890,False,2,0,2,0,0,0,0,0,0
136834,Aziz Behich,2021,TR1,11688,False,36,34,1,2795,0,3,9,4,4
136834,Aziz Behich,2021,POWM,3433,True,1,1,0,119,0,0,1,0,0
136834,Aziz Behich,2021,FS,3433,True,1,1,0,45,0,0,0,0,0
136834,Aziz Behich,2021,FIWC,3433,True,4,4,0,360,0,0,2,0,1
136834,Aziz Behich,2020,TRP,3205,False,2,2,0,149,0,0,0,0,0
136834,Aziz Behich,2020,TR1,6890,False,3,0,0,0,0,0,0,0,0
136834,Aziz Behich,2020,TR1,3205,False,37,34,1,2980,0,2,13,1,8
136834,Aziz Behich,2019,WMQ1,3433,True,19,14,0,1193,0,1,6,0,1
136834,Aziz Behich,2019,TRP,6890,False,4,4,0,360,0,0,0,0,0
136834,Aziz Behich,2019,TR1,6890,False,34,5,0,373,0,0,1,0,0
136834,Aziz Behich,2019,EL,6890,False,10,2,0,76,0,0,0,0,0
136834,Aziz Behich,2019,CLQ,6890,False,2,0,0,0,0,0,0,0,0
136834,Aziz Behich,2018,TR1,20,False,3,3,0,270,0,0,1,1,1
136834,Aziz Behich,2018,NLP,383,False,2,2,0,210,0,0,0,0,1
136834,Aziz Behich,2018,NL1,383,False,31,4,0,70,0,0,0,0,0
136834,Aziz Behich,2018,FS,3433,True,5,5,0,430,0,0,2,0,0
136834,Aziz Behich,2018,CL,383,False,6,0,0,0,0,0,0,0,0
136834,Aziz Behich,2018,AFAC,3433,True,5,5,0,480,0,0,5,2,1
136834,Aziz Behich,2017,TRP,20,False,6,3,0,196,0,0,0,0,1
136834,Aziz Behich,2017,TR1,20,False,34,31,2,2788,5,2,0,0,7
136834,Aziz Behich,2017,POWM,3433,True,2,2,0,180,0,0,0,0,0
136834,Aziz Behich,2017,FS,3433,True,4,4,0,360,0,0,0,0,0
136834,Aziz Behich,2017,FIWC,3433,True,3,3,0,270,0,0,2,0,1
136834,Aziz Behich,2016,WMQ1,3433,True,12,2,0,135,0,0,0,0,0
136834,Aziz Behich,2016,TRP,20,False,8,2,0,180,0,0,0,0,2
136834,Aziz Behich,2016,TR1,20,False,34,32,2,2845,0,2,0,0,6
136834,Aziz Behich,2016,FS,3433,True,1,1,0,90,0,0,0,0,0
136834,Aziz Behich,2016,CONC,3433,True,3,2,0,180,0,0,0,0,1
136834,Aziz Behich,2015,TRS,20,False,1,1,0,71,0,0,0,0,0
136834,Aziz Behich,2015,TRP,20,False,8,5,0,450,0,1,0,0,0
136834,Aziz Behich,2015,TR1,20,False,34,26,1,2172,1,1,0,0,4
136834,Aziz Behich,2015,FS,3433,True,3,0,0,0,0,0,0,0,0
136834,Aziz Behich,2014,WMQ1,3433,True,8,1,0,90,0,0,0,0,0
136834,Aziz Behich,2014,TRP,20,False,13,8,2,512,0,0,0,0,0
136834,Aziz Behich,2014,TR1,20,False,34,29,4,2388,0,2,0,0,4
136834,Aziz Behich,2014,FS,3433,True,7,4,0,274,0,1,0,0,0
136834,Aziz Behich,2014,ELQ,20,False,2,2,0,210,0,0,0,0,0
136834,Aziz Behich,2014,AFAC,3433,True,6,2,0,180,0,0,0,0,0
136834,Aziz Behich,2013,FS,3433,True,7,0,0,0,0,0,0,0,0
136834,Aziz Behich,2013,FIWC,3433,True,3,0,0,0,0,0,0,0,0
136834,Aziz Behich,2013,AUS1,25580,False,27,24,0,2072,1,2,0,0,6
136834,Aziz Behich,2012,TRP,20,False,1,1,0,90,0,0,0,0,0
136834,Aziz Behich,2012,TR1,20,False,15,1,0,22,0,0,0,0,0
136834,Aziz Behich,2012,FS,3433,True,2,1,0,33,0,0,0,0,0
136834,Aziz Behich,2012,EAFC,3433,True,7,4,0,271,2,0,0,0,1
136834,Aziz Behich,2012,AUS1,25580,False,18,14,0,1260,0,2,0,0,5
136834,Aziz Behich,2011,WMQ1,3433,True,4,0,0,0,0,0,0,0,0
136834,Aziz Behich,2011,AUSF,25580,False,1,1,0,90,0,0,0,0,0
136834,Aziz Behich,2011,AUS1,25580,False,27,23,0,2000,1,3,0,0,4
136834,Aziz Behich,2010,FS,32270,True,1,1,0,90,0,0,0,0,0
136834,Aziz Behich,2010,AUS1,25580,False,30,27,0,2137,0,0,0,0,1
136834,Aziz Behich,2009,AUSF,7006,False,3,1,0,44,0,0,0,0,0
136834,Aziz Behich,2009,AUS1,7006,False,6,4,0,30,0,0,0,0,1
136834,Aziz Behich,2009,AFCL,7006,False,6,0,0,0,0,0,0,0,0
1118925,Liam Bonetig,2025,FS,22976,True,1,0,0,0,0,0,0,0,0
1118925,Liam Bonetig,2025,FFAC,25580,False,2,2,0,180,0,0,1,0,0
1118925,Liam Bonetig,2025,AUSF,25580,False,1,0,0,0,0,0,0,0,0
1118925,Liam Bonetig,2025,AUS1,25580,False,26,16,0,852,0,0,1,1,0
1118925,Liam Bonetig,2025,ACLE,25580,False,10,3,1,105,0,0,0,0,1
1118925,Liam Bonetig,2025,A2VI,135665,False,8,5,0,450,0,0,0,0,1
1118925,Liam Bonetig,2024,SSC,9043,False,1,1,0,73,0,0,0,0,0
1118925,Liam Bonetig,2024,SC5L,9043,False,34,8,0,557,0,0,0,0,0
1118925,Liam Bonetig,2024,FS,22976,True,4,2,0,152,0,0,0,0,0
1118925,Liam Bonetig,2024,FFAC,25580,False,1,0,0,0,0,0,0,0,0
1118925,Liam Bonetig,2024,AU2C,22976,True,4,3,0,216,0,0,0,0,1
1118925,Liam Bonetig,2024,A920,22976,True,6,0,0,0,0,0,0,0,0
1118925,Liam Bonetig,2024,20WC,22976,True,3,0,0,0,0,0,0,0,0
1118925,Liam Bonetig,2023,SC5L,9043,False,26,9,0,587,0,0,0,0,1
1118925,Liam Bonetig,2023,PLIC,9043,False,4,2,0,135,0,0,0,0,1
1118925,Liam Bonetig,2023,FS,22976,True,6,3,0,208,0,0,0,0,0
1118925,Liam Bonetig,2023,19YL,41583,False,5,5,0,380,0,0,0,0,3
1118925,Liam Bonetig,2022,A2SW,38638,False,25,9,0,626,0,0,1,0,2
1275360,Mathew Baker,2025,FS,13958,True,2,1,0,10,0,0,0,0,0
1275360,Mathew Baker,2025,FS,102477,True,11,4,2,315,0,0,0,0,0
1275360,Mathew Baker,2025,FFAC,25580,False,2,0,0,0,0,0,0,0,0
1275360,Mathew Baker,2025,AUSF,25580,False,1,0,0,0,0,0,0,0,0
1275360,Mathew Baker,2025,AUS1,25580,False,26,0,2,0,0,0,0,0,0
1275360,Mathew Baker,2025,AF19,70426,True,2,2,0,180,0,0,0,0,0
1275360,Mathew Baker,2025,AF16,102477,True,3,0,0,0,0,0,0,0,0
1275360,Mathew Baker,2025,ACLE,25580,False,10,0,1,0,0,0,0,0,0
1275360,Mathew Baker,2025,A2VI,135665,False,21,14,0,1128,0,1,0,0,1
1275360,Mathew Baker,2025,A168,102477,True,3,3,0,270,0,1,4,1,0
1275360,Mathew Baker,2024,FS,102477,True,9,6,0,465,0,0,0,0,0
1275360,Mathew Baker,2024,FFAC,25580,False,1,1,0,90,0,0,1,0,1
1275360,Mathew Baker,2024,A169,102477,True,3,2,0,180,1,0,0,0,0
1275360,Mathew Baker,2024,A168,102477,True,4,3,0,270,0,0,0,0,0
1275360,Mathew Baker,2024,17WC,102477,True,3,3,0,270,0,0,5,1,1
1275360,Mathew Baker,2023,AF16,66877,True,5,4,0,300,0,1,0,0,1
1104712,Peter Antoniou,2025,FS,22976,True,2,1,0,90,0,0,1,0,0
1104712,Peter Antoniou,2025,FFAC,25580,False,2,2,0,156,0,0,1,0,0
1104712,Peter Antoniou,2025,AUSF,25580,False,1,0,0,0,0,0,0,0,0
1104712,Peter Antoniou,2025,AUS1,25580,False,26,8,0,192,1,0,3,1,1
1104712,Peter Antoniou,2025,AF19,39276,True,4,4,0,281,0,1,0,0,0
1104712,Peter Antoniou,2025,ACLE,25580,False,10,4,0,42,0,0,0,0,0
1104712,Peter Antoniou,2025,A2VI,135665,False,24,10,0,795,0,0,0,0,1
1104712,Peter Antoniou,2024,FFAC,25580,False,1,1,0,19,0,0,0,0,0
1104712,Peter Antoniou,2024,AUSF,25580,False,3,0,0,0,0,0,0,0,0
1104712,Peter Antoniou,2024,AUS1,25580,False,26,0,2,0,0,0,0,0,0
1104712,Peter Antoniou,2023,TDV,34133,False,3,3,0,151,0,0,0,0,0
1104712,Peter Antoniou,2023,FFAC,25580,False,1,0,0,0,0,0,0,0,0
1104712,Peter Antoniou,2022,FS,32269,True,3,3,0,205,0,1,0,0,0
1104712,Peter Antoniou,2022,A169,32269,True,3,3,0,242,2,0,0,0,0
1104712,Peter Antoniou,2022,A168,32269,True,4,4,0,238,0,0,2,2,2
1104712,Peter Antoniou,2021,AF16,66880,True,3,3,0,148,0,0,0,0,0
1234223,Jayden Necovski,2025,FS,22976,True,2,1,0,71,0,0,1,0,0
1234223,Jayden Necovski,2025,FFAC,25580,False,2,0,0,0,0,0,0,0,0
1234223,Jayden Necovski,2025,AUSF,25580,False,1,0,0,0,0,0,0,0,0
1234223,Jayden Necovski,2025,AUS1,25580,False,26,0,0,0,0,0,0,0,0
1234223,Jayden Necovski,2025,ACLE,25580,False,10,0,0,0,0,0,0,0,0
1234223,Jayden Necovski,2025,A2VI,135665,False,25,12,0,998,2,1,0,0,1
1234223,Jayden Necovski,2024,FFAC,25580,False,1,0,0,0,0,0,0,0,0
1234223,Jayden Necovski,2024,AUSF,25580,False,3,0,3,0,0,0,0,0,0
1234223,Jayden Necovski,2024,AUS1,25580,False,26,0,26,0,0,0,0,0,0
1234223,Jayden Necovski,2023,TDV,34133,False,3,2,0,109,1,0,0,0,0
1234223,Jayden Necovski,2023,FS,66880,True,1,1,0,75,0,0,0,0,0
1234223,Jayden Necovski,2023,FFAC,25580,False,1,0,0,0,0,0,0,0,0
1234223,Jayden Necovski,2023,AUSF,25580,False,1,0,0,0,0,0,0,0,0
1234223,Jayden Necovski,2023,AUS1,25580,False,1,0,0,0,0,0,0,0,0
1234223,Jayden Necovski,2023,AF16,66880,True,5,4,0,360,0,0,0,0,2
445000,Matheus Rossetto,2025,BRNE,10870,False,10,2,0,56,0,0,0,0,0
445000,Matheus Rossetto,2025,BRCE,10870,False,11,2,0,69,0,0,1,0,0
445000,Matheus Rossetto,2025,BRC,10870,False,5,0,0,0,0,0,0,0,0
445000,Matheus Rossetto,2025,BRA2,10870,False,19,1,0,45,0,1,0,0,1
445000,Matheus Rossetto,2024,CLI,10870,False,8,4,1,202,0,0,0,0,1
445000,Matheus Rossetto,2024,BRNE,10870,False,8,2,2,173,0,0,0,0,0
445000,Matheus Rossetto,2024,BRCE,10870,False,9,1,3,45,0,0,0,0,0
445000,Matheus Rossetto,2024,BRC,10870,False,2,0,1,0,0,0,0,0,0
445000,Matheus Rossetto,2024,BRA1,10870,False,38,20,3,926,0,0,2,0,1
445000,Matheus Rossetto,2023,CS,10870,False,10,6,3,336,0,0,1,0,1
445000,Matheus Rossetto,2023,BRNF,10870,False,4,4,0,164,0,0,0,0,1
445000,Matheus Rossetto,2023,BRNE,10870,False,4,1,0,45,0,0,0,0,0
445000,Matheus Rossetto,2023,BRC,10870,False,4,2,0,141,0,0,0,0,0
445000,Matheus Rossetto,2023,BRA1,10870,False,38,22,10,1560,0,0,2,0,3
445000,Matheus Rossetto,2023,BCE1,10870,False,4,0,2,0,0,0,0,0,0
445000,Matheus Rossetto,2022,USMX,51663,False,2,2,0,154,0,0,1,0,0
445000,Matheus Rossetto,2022,POUS,51663,False,3,2,0,147,0,0,0,0,0
445000,Matheus Rossetto,2022,MLSP,51663,False,1,0,0,0,0,0,0,0,0
445000,Matheus Rossetto,2022,MLS1,51663,False,34,30,2,1834,1,2,15,7,4
445000,Matheus Rossetto,2021,MLSP,51663,False,2,1,1,103,0,0,0,0,0
445000,Matheus Rossetto,2021,MLS1,51663,False,34,24,3,1603,0,1,13,4,0
445000,Matheus Rossetto,2020,USL,64328,False,3,2,0,105,0,0,0,0,0
445000,Matheus Rossetto,2020,POUS,51663,False,1,1,0,90,0,0,1,1,0
445000,Matheus Rossetto,2020,MLS1,51663,False,34,21,2,1407,0,0,6,2,2
445000,Matheus Rossetto,2020,CCL,51663,False,4,0,3,0,0,0,0,0,0
445000,Matheus Rossetto,2019,USSP,51663,False,3,1,0,72,0,0,0,0,0
445000,Matheus Rossetto,2019,MLS1,51663,False,20,14,1,708,0,0,3,1,1
445000,Matheus Rossetto,2019,CCL,51663,False,4,2,2,22,0,0,0,0,0
445000,Matheus Rossetto,2019,BRPR,679,False,5,0,0,0,0,0,0,0,0
445000,Matheus Rossetto,2018,SURU,679,False,1,0,0,0,0,0,0,0,0
445000,Matheus Rossetto,2018,RECO,679,False,2,0,0,0,0,0,0,0,0
445000,Matheus Rossetto,2018,CLI,679,False,8,0,0,0,0,0,0,0,0
445000,Matheus Rossetto,2018,BRPR,679,False,15,3,0,222,1,0,0,0,0
445000,Matheus Rossetto,2018,BRC,679,False,8,0,0,0,0,0,0,0,0
445000,Matheus Rossetto,2018,BRA1,679,False,38,7,0,549,0,0,4,1,2
445000,Matheus Rossetto,2017,CS,679,False,12,3,0,264,0,0,5,1,0
445000,Matheus Rossetto,2017,BRPR,679,False,16,0,0,0,0,0,0,0,0
445000,Matheus Rossetto,2017,BRC,679,False,8,7,0,621,2,0,0,0,1
445000,Matheus Rossetto,2017,BRA1,679,False,38,18,0,1058,2,0,9,3,2
445000,Matheus Rossetto,2016,CLI,679,False,12,11,0,633,0,3,0,0,1
445000,Matheus Rossetto,2016,BRPR,679,False,17,13,0,1050,1,0,0,0,2
445000,Matheus Rossetto,2016,BRC,679,False,4,4,0,256,0,0,0,0,0
445000,Matheus Rossetto,2016,BRA1,679,False,38,31,0,1776,1,2,16,5,5
445000,Matheus Rossetto,2015,BRC,679,False,4,0,0,0,0,0,0,0,0
445000,Matheus Rossetto,2015,BRC,15882,False,4,1,0,77,0,0,0,0,1
445000,Matheus Rossetto,2015,BRA1,679,False,34,15,0,849,2,0,6,1,0
445000,Matheus Rossetto,2015,BCP1,15882,False,15,10,0,383,1,0,0,0,0
445000,Matheus Rossetto,2014,BRPR,679,False,1,1,0,45,0,0,0,0,1
1102336,Ryan Kalms,2025,FFAC,25580,False,2,0,2,0,0,0,0,0,0
1102336,Ryan Kalms,2025,AUSF,25580,False,1,0,0,0,0,0,0,0,0
1102336,Ryan Kalms,2025,AUS1,25580,False,26,0,0,0,0,0,0,0,0
1102336,Ryan Kalms,2025,ACLE,25580,False,10,0,0,0,0,0,0,0,0
1102336,Ryan Kalms,2025,A2VI,135665,False,25,19,5,1554,1,0,0,0,1
1102336,Ryan Kalms,2024,FFAC,25580,False,1,1,0,90,0,0,0,0,0
1102336,Ryan Kalms,2023,TDV,34133,False,3,3,0,270,0,0,0,0,0
1102336,Ryan Kalms,2022,FS,32269,True,3,2,0,145,0,0,0,0,0
1102336,Ryan Kalms,2022,A169,32269,True,3,0,0,0,0,0,0,0,0
232964,Emiliano Marcondes,2025,GB2,1123,False,46,16,0,648,1,2,19,7,0
232964,Emiliano Marcondes,2025,FAC,1123,False,3,0,0,0,0,0,0,0,0
232964,Emiliano Marcondes,2025,CGB,1123,False,2,1,0,90,0,0,0,0,0
232964,Emiliano Marcondes,2024,GB2,1123,False,38,33,0,2283,5,6,39,15,5
232964,Emiliano Marcondes,2024,FAC,1123,False,1,0,0,0,0,0,0,0,0
232964,Emiliano Marcondes,2023,SFA,903,False,2,2,0,102,0,0,3,2,1
232964,Emiliano Marcondes,2023,SCPA,903,False,5,3,0,232,1,0,9,3,0
232964,Emiliano Marcondes,2023,SC1,903,False,13,12,0,944,2,0,20,10,2
232964,Emiliano Marcondes,2023,GB1,989,False,20,0,19,0,0,0,0,0,0
232964,Emiliano Marcondes,2023,FAC,989,False,1,0,0,0,0,0,0,0,0
232964,Emiliano Marcondes,2023,CGB,989,False,3,0,3,0,0,0,0,0,0
232964,Emiliano Marcondes,2022,GB1,989,False,18,1,0,8,0,0,0,0,0
232964,Emiliano Marcondes,2022,FAC,989,False,1,0,0,0,0,0,0,0,0
232964,Emiliano Marcondes,2022,DKP,2778,False,4,3,0,93,1,1,4,2,0
232964,Emiliano Marcondes,2022,DKMR,2778,False,10,4,4,125,1,0,3,2,1
232964,Emiliano Marcondes,2022,DK1,2778,False,5,4,0,352,2,2,19,8,0
232964,Emiliano Marcondes,2022,CGB,989,False,3,2,0,114,2,0,5,2,0
232964,Emiliano Marcondes,2021,GB2,989,False,46,17,0,787,2,1,18,8,2
232964,Emiliano Marcondes,2021,FAC,989,False,2,2,0,155,3,0,3,3,0
232964,Emiliano Marcondes,2021,CGB,989,False,2,2,0,130,0,0,1,0,0
232964,Emiliano Marcondes,2020,POCC,1148,False,3,3,0,211,1,1,8,3,1
232964,Emiliano Marcondes,2020,GB2,1148,False,46,31,0,1338,1,2,26,9,2
232964,Emiliano Marcondes,2020,FAC,1148,False,2,0,0,0,0,0,0,0,0
232964,Emiliano Marcondes,2020,CGB,1148,False,6,6,0,358,1,0,6,3,0
232964,Emiliano Marcondes,2019,POCC,1148,False,3,3,0,156,1,0,4,2,0
232964,Emiliano Marcondes,2019,GB2,1148,False,27,25,0,1251,2,7,22,6,2
232964,Emiliano Marcondes,2019,FAC,1148,False,2,2,0,180,1,0,6,2,0
232964,Emiliano Marcondes,2019,DKRE,62685,False,1,1,0,79,1,2,0,0,0
232964,Emiliano Marcondes,2019,DKP,865,False,1,0,0,0,0,0,0,0,0
232964,Emiliano Marcondes,2019,DK1,865,False,12,12,0,1002,2,2,27,13,1
232964,Emiliano Marcondes,2019,CGB,1148,False,1,1,0,90,0,0,2,1,0
232964,Emiliano Marcondes,2018,GB2,1148,False,46,13,0,449,0,2,9,3,1
232964,Emiliano Marcondes,2018,FAC,1148,False,4,0,0,0,0,0,0,0,0
232964,Emiliano Marcondes,2018,CGB,1148,False,3,0,0,0,0,0,0,0,0
232964,Emiliano Marcondes,2017,GB2,1148,False,21,12,0,359,0,1,0,0,0
232964,Emiliano Marcondes,2017,FAC,1148,False,1,1,0,90,0,0,0,0,0
232964,Emiliano Marcondes,2017,DKP,2778,False,2,1,0,120,1,0,0,0,1
232964,Emiliano Marcondes,2017,DK1,2778,False,19,19,0,1700,17,9,0,0,1
232964,Emiliano Marcondes,2016,FS,16783,True,4,4,0,115,0,0,0,0,0
232964,Emiliano Marcondes,2016,DKP,2778,False,2,1,0,90,0,0,0,0,0
232964,Emiliano Marcondes,2016,DKMR,2778,False,10,8,1,710,3,0,0,0,4
232964,Emiliano Marcondes,2016,DK1,2778,False,26,17,0,1094,9,0,0,0,2
232964,Emiliano Marcondes,2016,21EU,16783,True,3,1,0,11,0,0,0,0,0
232964,Emiliano Marcondes,2015,U21Q,16783,True,10,3,0,49,1,0,0,0,0
232964,Emiliano Marcondes,2015,FS,40750,True,1,1,0,19,0,0,0,0,0
232964,Emiliano Marcondes,2015,FS,16783,True,3,3,0,158,0,0,0,0,0
232964,Emiliano Marcondes,2015,DKP,2778,False,1,1,0,45,0,0,0,0,0
232964,Emiliano Marcondes,2015,DK1,2778,False,33,30,1,1839,2,1,0,0,4
232964,Emiliano Marcondes,2014,FS,16783,True,1,1,0,21,0,0,0,0,0
232964,Emiliano Marcondes,2014,DKP,2778,False,1,0,0,0,0,0,0,0,0
232964,Emiliano Marcondes,2014,DK1,2778,False,33,24,0,1043,5,1,0,0,2
232964,Emiliano Marcondes,2013,U19Q,20902,True,6,6,0,540,1,0,0,0,0
232964,Emiliano Marcondes,2013,TDV,14355,False,3,0,0,0,0,0,0,0,0
232964,Emiliano Marcondes,2013,FS,21741,True,4,2,0,115,3,0,0,0,0
232964,Emiliano Marcondes,2013,FS,20902,True,3,0,0,0,0,0,0,0,0
232964,Emiliano Marcondes,2013,ELQ,2778,False,2,1,0,27,0,0,0,0,1
232964,Emiliano Marcondes,2013,DKP,2778,False,5,1,0,24,0,0,0,0,0
232964,Emiliano Marcondes,2013,DKDL,14355,False,24,0,0,0,0,0,0,0,0
232964,Emiliano Marcondes,2013,DK1,2778,False,33,11,0,378,1,2,0,0,1
232964,Emiliano Marcondes,2013,CLQ,2778,False,2,2,0,60,0,0,0,0,0
232964,Emiliano Marcondes,2012,U19Q,20902,True,3,0,0,0,0,0,0,0,0
232964,Emiliano Marcondes,2012,FS,20902,True,4,1,0,18,0,0,0,0,0
232964,Emiliano Marcondes,2012,DKP,2778,False,2,1,0,35,0,0,0,0,0
232964,Emiliano Marcondes,2012,DKDL,14355,False,24,0,0,0,0,0,0,0,0
232964,Emiliano Marcondes,2012,DK1,2778,False,33,3,0,70,0,0,0,0,0
232964,Emiliano Marcondes,2012,CL,2778,False,6,0,0,0,0,0,0,0,0
232964,Emiliano Marcondes,2011,U17Q,20901,True,6,4,0,111,0,0,0,0,0
232964,Emiliano Marcondes,2011,TDV,14355,False,4,4,0,152,1,0,0,0,0
232964,Emiliano Marcondes,2011,FS,20901,True,7,4,0,159,1,0,0,0,0
232964,Emiliano Marcondes,2011,DKDL,14355,False,20,0,0,0,0,0,0,0,0
1234222,Kavian Rahmani,2025,FFAC,25580,False,2,2,0,178,0,0,2,1,1
1234222,Kavian Rahmani,2025,AUSF,25580,False,1,0,1,0,0,0,0,0,0
1234222,Kavian Rahmani,2025,AUS1,25580,False,26,17,9,882,2,0,11,5,2
1234222,Kavian Rahmani,2025,ACLE,25580,False,10,10,0,646,0,1,6,1,0
1234222,Kavian Rahmani,2025,A2VI,135665,False,1,1,0,90,0,0,0,0,1
1234222,Kavian Rahmani,2024,FFAC,25580,False,1,1,0,90,0,0,1,0,0
1234222,Kavian Rahmani,2024,AUSF,25580,False,3,2,0,14,0,0,0,0,0
1234222,Kavian Rahmani,2024,AUS1,25580,False,26,20,0,644,0,2,14,5,1
1234222,Kavian Rahmani,2023,TDV,34133,False,3,3,0,159,0,0,0,0,0
1234222,Kavian Rahmani,2023,AF19,39276,True,5,2,0,93,0,0,0,0,0
819840,Alessandro Lopane,2025,FFAC,25580,False,2,0,2,0,0,0,0,0,0
819840,Alessandro Lopane,2025,AUSF,25580,False,1,0,1,0,0,0,0,0,0
819840,Alessandro Lopane,2025,AUS1,25580,False,26,7,19,320,0,0,4,0,0
819840,Alessandro Lopane,2025,ACLE,25580,False,10,2,8,127,0,0,2,1,0
819840,Alessandro Lopane,2024,FS,77740,True,1,1,0,8,0,0,0,0,0
819840,Alessandro Lopane,2024,FFAC,25580,False,1,1,0,61,0,0,0,0,0
819840,Alessandro Lopane,2024,AUSF,25580,False,3,3,0,115,0,1,1,0,0
819840,Alessandro Lopane,2024,AUS1,25580,False,26,6,18,496,1,1,11,5,0
819840,Alessandro Lopane,2023,FFAC,25580,False,1,1,0,106,0,1,2,0,0
819840,Alessandro Lopane,2023,AUSF,25580,False,1,1,0,11,0,0,0,0,0
819840,Alessandro Lopane,2023,AUS1,25580,False,27,24,0,894,1,0,12,7,2
819840,Alessandro Lopane,2023,AFCL,25580,False,6,5,0,270,1,0,2,1,1
819840,Alessandro Lopane,2022,FS,22976,True,3,3,0,166,0,0,0,0,0
819840,Alessandro Lopane,2022,FFAC,25580,False,4,3,0,231,1,0,1,1,0
819840,Alessandro Lopane,2022,AUSF,36100,False,1,0,0,0,0,0,0,0,0
819840,Alessandro Lopane,2022,AUS1,36100,False,26,7,0,64,0,0,1,0,1
819840,Alessandro Lopane,2022,AU2C,22976,True,3,3,0,196,0,0,0,0,0
819840,Alessandro Lopane,2022,A920,22976,True,4,4,0,289,0,1,2,2,1
819840,Alessandro Lopane,2022,A2SW,38638,False,18,13,0,848,1,0,9,2,2
819840,Alessandro Lopane,2021,AUS1,36100,False,26,12,0,357,0,0,9,5,0
819840,Alessandro Lopane,2021,A23Q,32270,True,2,2,0,128,0,1,0,0,0
819840,Alessandro Lopane,2020,FFAC,36100,False,2,0,0,0,0,0,0,0,0
819840,Alessandro Lopane,2020,AUS1,36100,False,26,0,0,0,0,0,0,0,0
819840,Alessandro Lopane,2019,A2SW,38638,False,1,1,0,5,0,0,0,0,0
819840,Alessandro Lopane,2019,A169,66880,True,4,3,0,270,0,0,0,0,0
1273787,Besian Kutleshi,2025,FS,32269,True,8,0,0,0,0,0,0,0,0
1273787,Besian Kutleshi,2025,FFAC,25580,False,2,2,0,173,1,0,3,1,0
1273787,Besian Kutleshi,2025,AUSF,25580,False,1,1,0,72,0,0,0,0,0
1273787,Besian Kutleshi,2025,AUS1,25580,False,26,10,1,386,0,1,4,2,2
1273787,Besian Kutleshi,2025,AF16,32269,True,5,0,0,0,0,0,0,0,0
1273787,Besian Kutleshi,2025,ACLE,25580,False,10,4,1,36,0,0,1,0,1
1273787,Besian Kutleshi,2025,A2VI,135665,False,9,6,0,450,0,0,0,0,1
1273787,Besian Kutleshi,2025,A169,32269,True,4,0,0,0,0,0,0,0,0
1273787,Besian Kutleshi,2025,A168,32269,True,4,3,0,270,0,0,6,1,1
1273787,Besian Kutleshi,2024,FS,66880,True,3,3,0,225,0,0,0,0,0
1273787,Besian Kutleshi,2024,FS,32269,True,3,0,0,0,0,0,0,0,0
1273787,Besian Kutleshi,2024,FFAC,71084,False,1,1,0,90,0,0,2,1,0
1273787,Besian Kutleshi,2024,AUSF,71084,False,3,0,0,0,0,0,0,0,0
1273787,Besian Kutleshi,2024,AUS1,71084,False,26,0,1,0,0,0,0,0,0
1273787,Besian Kutleshi,2024,A169,32269,True,1,1,0,90,0,0,0,0,0
1273787,Besian Kutleshi,2024,A168,32269,True,3,3,0,270,0,0,1,0,0
1273787,Besian Kutleshi,2023,FS,66880,True,1,1,0,75,0,0,0,0,0
1273787,Besian Kutleshi,2023,AF16,66880,True,5,4,0,205,0,0,0,0,1
1168791,Quinn MacNicol,2025,FS,22976,True,2,1,0,90,0,0,2,0,0
1168791,Quinn MacNicol,2025,FFAC,25580,False,2,0,0,0,0,0,0,0,0
1168791,Quinn MacNicol,2025,AUS1,7831,False,26,15,1,234,0,1,13,3,1
1168791,Quinn MacNicol,2024,FS,32269,True,3,1,0,60,1,0,0,0,0
1168791,Quinn MacNicol,2024,FS,100451,True,4,3,0,160,1,0,0,0,1
1168791,Quinn MacNicol,2024,FFAC,7831,False,1,0,0,0,0,0,0,0,0
1168791,Quinn MacNicol,2024,AUS1,7831,False,26,3,8,47,0,0,2,1,0
1168791,Quinn MacNicol,2024,A169,32269,True,1,1,0,90,0,0,0,0,0
1168791,Quinn MacNicol,2024,A168,32269,True,3,3,0,225,1,0,16,3,0
1168791,Quinn MacNicol,2023,FS,66880,True,1,1,0,60,2,0,0,0,0
1168791,Quinn MacNicol,2023,FFAC,7831,False,1,1,0,11,0,0,1,0,0
1168791,Quinn MacNicol,2023,AUS1,7831,False,27,2,0,12,0,0,0,0,0
1168791,Quinn MacNicol,2023,AF16,66880,True,5,5,0,381,6,0,0,0,1
1168791,Quinn MacNicol,2022,FFAC,7831,False,5,2,0,43,1,0,3,2,0
1289575,Lawrence Wong,2025,FS,22976,True,2,1,0,61,0,0,1,0,0
1289575,Lawrence Wong,2025,FFAC,25580,False,2,2,0,134,1,0,3,2,0
1289575,Lawrence Wong,2025,AUSF,25580,False,1,0,0,0,0,0,0,0,0
1289575,Lawrence Wong,2025,AUS1,25580,False,26,8,11,118,0,0,3,0,0
1289575,Lawrence Wong,2025,AF19,39276,True,4,3,0,229,2,2,0,0,0
1289575,Lawrence Wong,2025,ACLE,25580,False,10,2,5,22,0,0,0,0,0
1289575,Lawrence Wong,2025,A2VI,135665,False,25,10,0,772,2,2,0,0,2
1289575,Lawrence Wong,2024,FS,100451,True,3,3,0,148,0,0,1,0,0
1289575,Lawrence Wong,2024,FFAC,25580,False,1,0,0,0,0,0,0,0,0
1289575,Lawrence Wong,2024,AUSF,25580,False,3,1,1,6,0,0,0,0,0
1289575,Lawrence Wong,2024,AUS1,25580,False,26,14,0,388,1,0,14,4,2
1289575,Lawrence Wong,2023,FFAC,25580,False,1,1,0,14,0,0,1,0,0
899868,Max Caputo,2025,FS,22976,True,1,0,0,0,0,0,0,0,0
899868,Max Caputo,2025,FFAC,25580,False,2,2,0,124,0,1,3,2,0
899868,Max Caputo,2025,AUSF,25580,False,1,1,0,106,0,0,0,0,0
899868,Max Caputo,2025,AUS1,25580,False,26,26,0,1574,8,1,41,17,4
899868,Max Caputo,2025,ACLE,25580,False,10,9,1,626,3,0,17,7,0
899868,Max Caputo,2024,FS,22976,True,4,0,3,0,0,0,0,0,0
899868,Max Caputo,2024,FFAC,25580,False,1,1,0,62,0,0,2,1,0
899868,Max Caputo,2024,AUSF,25580,False,3,3,0,223,0,0,9,2,0
899868,Max Caputo,2024,AUS1,25580,False,26,12,14,939,5,1,35,20,2
899868,Max Caputo,2024,AU2C,22976,True,4,0,4,0,0,0,0,0,0
899868,Max Caputo,2024,A920,22976,True,6,0,0,0,0,0,0,0,0
899868,Max Caputo,2024,20WC,22976,True,3,3,0,89,2,0,4,4,0
899868,Max Caputo,2023,FS,22976,True,6,2,0,137,0,0,0,0,0
899868,Max Caputo,2023,FFAC,25580,False,1,1,0,89,1,0,3,1,0
899868,Max Caputo,2023,AUSF,25580,False,1,1,0,45,0,0,3,0,0
899868,Max Caputo,2023,AUS1,25580,False,27,20,0,500,1,3,17,9,1
899868,Max Caputo,2023,AFCL,25580,False,6,2,0,87,1,0,2,2,1
899868,Max Caputo,2022,FS,22976,True,1,0,0,0,0,0,0,0,0
899868,Max Caputo,2022,FS,100451,True,3,3,0,190,2,0,3,1,0
899868,Max Caputo,2022,FFAC,25580,False,4,3,0,160,0,0,4,0,0
899868,Max Caputo,2022,AUSF,25580,False,3,0,0,0,0,0,0,0,0
899868,Max Caputo,2022,AUS1,25580,False,26,4,0,10,1,0,2,1,0
899868,Max Caputo,2022,AU2C,22976,True,3,1,0,12,1,0,0,0,0
899868,Max Caputo,2022,A920,22976,True,4,0,0,0,0,0,0,0,0
899868,Max Caputo,2021,FFAC,25580,False,2,1,0,29,0,0,1,0,0
899868,Max Caputo,2021,AUSF,25580,False,3,0,0,0,0,0,0,0,0
899868,Max Caputo,2021,AUS1,25580,False,26,1,0,15,0,0,0,0,0
899868,Max Caputo,2021,AFCL,25580,False,6,0,0,0,0,0,0,0,0
899868,Max Caputo,2020,FFAC,25580,False,3,0,0,0,0,0,0,0,0
899868,Max Caputo,2020,AUS1,25580,False,1,1,0,7,0,0,0,0,0
1183854,Medin Memeti,2025,FFAC,25580,False,2,2,0,180,1,1,3,1,0
1183854,Medin Memeti,2025,AUSF,25580,False,1,1,0,58,1,0,0,0,0
1183854,Medin Memeti,2025,AUS1,25580,False,26,20,4,963,4,1,30,17,2
1183854,Medin Memeti,2025,AF19,39276,True,4,3,0,257,5,2,0,0,0
1183854,Medin Memeti,2025,ACLE,25580,False,10,6,4,320,1,0,7,5,0
1183854,Medin Memeti,2025,A2VI,135665,False,20,3,0,211,6,2,0,0,0
1183854,Medin Memeti,2024,FS,22976,True,1,1,0,45,0,0,0,0,0
1183854,Medin Memeti,2024,FS,100451,True,3,3,0,199,2,0,2,2,0
1183854,Medin Memeti,2024,FFAC,25580,False,1,0,0,0,0,0,0,0,0
1183854,Medin Memeti,2024,AUSF,25580,False,3,3,0,66,0,0,2,1,0
1183854,Medin Memeti,2024,AUS1,25580,False,26,18,4,1004,5,1,31,14,0
1183854,Medin Memeti,2024,A920,22976,True,6,1,0,63,1,0,2,1,0
1183854,Medin Memeti,2023,TDV,34133,False,3,3,0,189,1,0,0,0,0
1183854,Medin Memeti,2023,FFAC,25580,False,1,1,0,3,0,0,0,0,0
1183854,Medin Memeti,2023,AUSF,25580,False,1,0,0,0,0,0,0,0,0
1183854,Medin Memeti,2023,AUS1,25580,False,27,0,0,0,0,0,0,0,0
1183854,Medin Memeti,2023,AFCL,25580,False,6,0,0,0,0,0,0,0,0
1183854,Medin Memeti,2023,AF19,39276,True,5,4,0,154,1,0,0,0,1
1183854,Medin Memeti,2022,FFAC,25580,False,2,1,0,1,0,0,0,0,0
126214,Mathew Leckie,2025,FS,3433,True,10,2,5,86,0,0,0,0,0
126214,Mathew Leckie,2025,FIWC,3433,True,4,1,2,61,0,0,1,0,0
126214,Mathew Leckie,2025,FFAC,25580,False,2,0,1,0,0,0,0,0,0
126214,Mathew Leckie,2025,AUSF,25580,False,1,1,0,120,0,0,0,0,0
126214,Mathew Leckie,2025,AUS1,25580,False,26,6,20,237,0,1,4,1,0
126214,Mathew Leckie,2025,ACLE,25580,False,10,1,8,45,0,0,0,0,0
126214,Mathew Leckie,2024,FFAC,25580,False,1,0,0,0,0,0,0,0,0
126214,Mathew Leckie,2024,AUSF,25580,False,3,3,0,166,1,0,3,2,2
126214,Mathew Leckie,2024,AUS1,25580,False,26,12,13,564,0,0,12,3,2
126214,Mathew Leckie,2023,WMQ1,3433,True,16,1,4,83,0,0,2,0,0
126214,Mathew Leckie,2023,FS,3433,True,4,0,4,0,0,0,0,0,0
126214,Mathew Leckie,2023,FFAC,25580,False,1,0,0,0,0,0,0,0,0
126214,Mathew Leckie,2023,AUSF,25580,False,1,1,0,114,0,0,3,1,0
126214,Mathew Leckie,2023,AUS1,25580,False,27,12,13,610,1,2,12,3,2
126214,Mathew Leckie,2023,AFCL,25580,False,6,2,4,75,0,0,0,0,0
126214,Mathew Leckie,2022,FS,3433,True,5,3,2,183,0,0,2,1,0
126214,Mathew Leckie,2022,FFAC,25580,False,4,2,2,176,0,1,4,2,0
126214,Mathew Leckie,2022,AUSF,25580,False,3,3,0,263,1,0,7,2,0
126214,Mathew Leckie,2022,AUS1,25580,False,26,18,8,1424,6,7,46,18,4
126214,Mathew Leckie,2022,AFAC,3433,True,5,0,4,0,0,0,0,0,0
126214,Mathew Leckie,2021,POWM,3433,True,1,1,0,85,0,0,1,0,0
126214,Mathew Leckie,2021,FS,3433,True,1,0,0,0,0,0,0,0,0
126214,Mathew Leckie,2021,FIWC,3433,True,4,4,0,336,1,1,1,1,0
126214,Mathew Leckie,2021,FFAC,25580,False,2,2,0,135,1,0,3,2,0
126214,Mathew Leckie,2021,AUSF,25580,False,3,3,0,300,0,0,8,3,2
126214,Mathew Leckie,2021,AUS1,25580,False,26,20,4,1525,9,4,44,18,2
126214,Mathew Leckie,2021,AFCL,25580,False,6,1,5,88,0,0,0,0,0
126214,Mathew Leckie,2020,L1,44,False,34,17,5,500,0,1,2,1,0
126214,Mathew Leckie,2020,FFAC,25580,False,3,1,0,57,0,0,3,0,0
126214,Mathew Leckie,2020,DFB,44,False,1,1,0,74,0,1,4,1,0
126214,Mathew Leckie,2019,WMQ1,3433,True,19,9,1,669,4,2,20,10,1
126214,Mathew Leckie,2019,RLN4,45,False,1,1,0,90,0,0,0,0,0
126214,Mathew Leckie,2019,L1,44,False,34,7,5,189,0,0,2,0,0
126214,Mathew Leckie,2019,DFB,44,False,3,2,0,105,0,0,0,0,0
126214,Mathew Leckie,2018,L1,44,False,34,18,8,938,2,1,22,9,3
126214,Mathew Leckie,2018,FS,3433,True,5,3,1,186,1,0,2,1,0
126214,Mathew Leckie,2018,DFB,44,False,3,1,2,1,0,0,0,0,0
126214,Mathew Leckie,2018,AFAC,3433,True,5,2,1,82,0,0,5,3,0
126214,Mathew Leckie,2017,POWM,3433,True,2,1,1,90,0,0,0,0,1
126214,Mathew Leckie,2017,L1,44,False,34,26,2,1853,5,1,0,0,3
126214,Mathew Leckie,2017,FS,3433,True,4,4,0,347,2,0,5,1,1
126214,Mathew Leckie,2017,FIWC,3433,True,3,3,0,270,0,0,10,1,1
126214,Mathew Leckie,2017,EL,44,False,6,2,1,86,1,0,0,0,0
126214,Mathew Leckie,2017,DFB,44,False,2,1,1,90,0,2,0,0,0
126214,Mathew Leckie,2016,WMQ1,3433,True,12,12,0,961,3,3,0,0,2
126214,Mathew Leckie,2016,L1,4795,False,34,30,4,2087,0,3,0,0,3
126214,Mathew Leckie,2016,FS,3433,True,1,1,0,57,0,0,0,0,0
126214,Mathew Leckie,2016,DFB,4795,False,2,2,0,240,0,0,0,0,1
126214,Mathew Leckie,2016,CONC,3433,True,3,3,0,213,0,0,0,0,0
126214,Mathew Leckie,2015,L1,4795,False,34,32,1,2476,3,0,0,0,9
126214,Mathew Leckie,2015,FS,3433,True,3,2,0,106,1,0,0,0,1
126214,Mathew Leckie,2015,DFB,4795,False,1,0,1,0,0,0,0,0,0
126214,Mathew Leckie,2014,WMQ1,3433,True,8,6,0,461,1,1,0,0,1
126214,Mathew Leckie,2014,L2,4795,False,34,32,1,2584,7,7,0,0,6
126214,Mathew Leckie,2014,FS,3433,True,7,7,0,551,0,0,0,0,1
126214,Mathew Leckie,2014,DFB,4795,False,1,0,0,0,0,0,0,0,0
126214,Mathew Leckie,2014,AFAC,3433,True,6,6,0,476,0,1,0,0,1
126214,Mathew Leckie,2013,L2,293,False,34,31,1,2529,10,9,0,0,2
126214,Mathew Leckie,2013,FS,3433,True,7,6,0,362,1,0,0,0,1
126214,Mathew Leckie,2013,FIWC,3433,True,3,3,0,270,0,0,0,0,0
126214,Mathew Leckie,2013,DFB,293,False,2,2,0,204,2,0,0,0,0
126214,Mathew Leckie,2012,RLSW,7258,False,16,5,0,422,4,0,0,0,2
126214,Mathew Leckie,2012,L2,293,False,34,28,5,1616,4,6,0,0,0
126214,Mathew Leckie,2012,FS,3433,True,2,2,0,18,0,0,0,0,0
126214,Mathew Leckie,2012,EAFC,3433,True,7,0,0,0,0,0,0,0,0
126214,Mathew Leckie,2012,DFB,293,False,2,2,0,175,1,0,0,0,0
126214,Mathew Leckie,2011,WMQ1,3433,True,4,0,0,0,0,0,0,0,0
126214,Mathew Leckie,2011,RL3,1006,False,29,10,5,768,3,0,0,0,1
126214,Mathew Leckie,2011,L1,18,False,34,9,5,118,0,0,0,0,0
126214,Mathew Leckie,2011,DFB,18,False,5,2,0,40,0,0,0,0,0
126214,Mathew Leckie,2010,AUSF,875,False,2,2,0,78,1,0,0,0,0
126214,Mathew Leckie,2010,AUS1,875,False,30,13,10,917,4,0,0,0,1
126214,Mathew Leckie,2009,AUS1,875,False,27,20,0,1444,3,2,0,0,2
126214,Mathew Leckie,2009,AFCL,875,False,7,6,0,447,2,0,0,0,2
126214,Mathew Leckie,2009,A920,39276,True,2,2,0,100,0,0,0,0,1
126214,Mathew Leckie,2007,ACQU,3433,True,1,0,0,0,0,0,0,0,0
255729,Awer Mabil,2025,FS,3433,True,10,3,0,113,1,0,3,1,0
255729,Awer Mabil,2025,FIWC,3433,True,4,1,0,30,0,0,1,0,0
255729,Awer Mabil,2025,FFAC,25580,False,1,0,0,0,0,0,0,0,0
255729,Awer Mabil,2025,ES2,2502,False,42,30,0,1721,3,6,40,14,3
255729,Awer Mabil,2025,ES1P,2502,False,2,0,0,0,0,0,0,0,0
255729,Awer Mabil,2025,CDR,2502,False,1,1,0,85,0,0,0,0,0
255729,Awer Mabil,2024,SCC,504,False,3,1,0,90,3,5,0,0,0
255729,Awer Mabil,2024,ES2,2502,False,17,14,0,1047,0,6,21,11,1
255729,Awer Mabil,2024,C1,504,False,18,9,0,486,1,1,10,3,1
255729,Awer Mabil,2023,WMQ1,3433,True,16,2,4,39,0,0,1,0,0
255729,Awer Mabil,2023,SCC,504,False,1,1,0,59,0,0,0,0,0
255729,Awer Mabil,2023,FS,3433,True,4,1,1,7,0,0,0,0,0
255729,Awer Mabil,2023,ES1,2687,False,2,0,0,0,0,0,0,0,0
255729,Awer Mabil,2023,C1,504,False,34,19,13,1137,4,4,22,7,2
255729,Awer Mabil,2023,BASU,504,False,2,2,0,165,0,0,8,1,1
255729,Awer Mabil,2022,TSP,197,False,3,2,0,44,0,0,0,0,0
255729,Awer Mabil,2022,TS1,197,False,14,11,0,247,2,2,9,3,0
255729,Awer Mabil,2022,T1MR,197,False,5,3,0,48,0,1,2,1,0
255729,Awer Mabil,2022,FS,3433,True,5,2,0,148,2,0,4,2,0
255729,Awer Mabil,2022,ES1,2687,False,15,5,0,163,0,0,3,1,0
255729,Awer Mabil,2022,CDR,2687,False,1,1,0,77,0,0,1,0,0
255729,Awer Mabil,2022,AFAC,3433,True,5,0,5,0,0,0,0,0,0
255729,Awer Mabil,2021,TRP,10484,False,1,0,0,0,0,0,0,0,0
255729,Awer Mabil,2021,TR1,10484,False,14,11,1,388,2,1,11,2,1
255729,Awer Mabil,2021,POWM,3433,True,1,1,0,51,0,0,1,0,0
255729,Awer Mabil,2021,FS,3433,True,1,1,0,87,1,0,3,1,0
255729,Awer Mabil,2021,FIWC,3433,True,4,2,0,22,0,0,0,0,0
255729,Awer Mabil,2021,EL,865,False,6,2,0,16,0,0,1,0,0
255729,Awer Mabil,2021,DKP,865,False,4,1,0,90,1,1,3,1,0
255729,Awer Mabil,2021,DK1,865,False,17,9,0,292,1,3,11,3,1
255729,Awer Mabil,2021,CLQ,865,False,4,4,0,236,1,0,2,1,0
255729,Awer Mabil,2020,DKP,865,False,6,5,0,327,0,1,0,0,0
255729,Awer Mabil,2020,DKMR,865,False,10,8,0,336,0,2,4,3,0
255729,Awer Mabil,2020,DK1,865,False,22,21,0,725,1,3,18,8,1
255729,Awer Mabil,2020,CLQ,865,False,4,4,0,360,1,1,7,4,0
255729,Awer Mabil,2020,CL,865,False,6,6,0,454,1,0,8,5,0
255729,Awer Mabil,2019,WMQ1,3433,True,19,16,0,817,2,2,28,13,0
255729,Awer Mabil,2019,ELQ,865,False,2,2,0,63,0,1,0,0,1
255729,Awer Mabil,2019,DKRE,62685,False,2,2,0,150,0,0,0,0,0
255729,Awer Mabil,2019,DKP,865,False,1,1,0,90,0,0,0,0,0
255729,Awer Mabil,2019,DKMR,865,False,10,10,0,699,1,2,10,2,1
255729,Awer Mabil,2019,DK1,865,False,26,24,1,1816,7,4,45,16,3
255729,Awer Mabil,2018,FS,3433,True,5,5,0,271,2,0,2,0,0
255729,Awer Mabil,2018,ELQ,865,False,4,4,0,161,0,0,0,0,0
255729,Awer Mabil,2018,DKRQ,62685,False,7,2,0,90,0,1,0,0,0
255729,Awer Mabil,2018,DKRE,62685,False,6,1,0,90,0,0,0,0,0
255729,Awer Mabil,2018,DKP,865,False,5,4,0,231,0,0,0,0,1
255729,Awer Mabil,2018,DKMR,865,False,10,9,0,445,1,0,15,5,1
255729,Awer Mabil,2018,DK1,865,False,26,21,0,1613,5,9,28,15,0
255729,Awer Mabil,2018,CLQ,865,False,2,1,0,31,0,0,0,0,1
255729,Awer Mabil,2018,AFAC,3433,True,5,5,0,341,2,0,14,4,0
255729,Awer Mabil,2017,POPO,2995,False,1,1,0,55,0,0,0,0,0
255729,Awer Mabil,2017,POCP,2995,False,4,3,0,191,1,0,0,0,0
255729,Awer Mabil,2017,PO1,2995,False,34,26,2,1437,2,4,0,0,1
255729,Awer Mabil,2017,ELQ,865,False,1,0,0,0,0,0,0,0,0
255729,Awer Mabil,2016,WMQ1,3433,True,2,0,0,0,0,0,0,0,0
255729,Awer Mabil,2016,FS,32270,True,2,2,0,180,1,0,0,0,0
255729,Awer Mabil,2016,ELQ,865,False,5,0,0,0,0,0,0,0,0
255729,Awer Mabil,2016,DKPL,3426,False,4,4,0,204,0,0,0,0,1
255729,Awer Mabil,2016,DKP,3426,False,3,3,0,258,2,0,0,0,0
255729,Awer Mabil,2016,DKAR,3426,False,6,5,1,364,1,0,0,0,2
255729,Awer Mabil,2016,DK1,865,False,3,0,0,0,0,0,0,0,0
255729,Awer Mabil,2016,DK1,3426,False,23,20,2,1335,3,6,0,0,2
255729,Awer Mabil,2015,FS,32270,True,4,3,0,36,0,0,0,0,1
255729,Awer Mabil,2015,ELQ,865,False,2,0,0,0,0,0,0,0,0
255729,Awer Mabil,2015,EL,865,False,8,2,0,62,0,0,0,0,0
255729,Awer Mabil,2015,DKP,865,False,2,2,0,97,0,0,0,0,1
255729,Awer Mabil,2015,DK1,865,False,32,6,0,75,0,0,0,0,0
255729,Awer Mabil,2015,CLQ,865,False,2,0,0,0,0,0,0,0,0
255729,Awer Mabil,2014,AUSF,875,False,2,2,0,65,1,0,0,0,1
255729,Awer Mabil,2014,AUS1,875,False,27,19,0,866,5,2,0,0,3
255729,Awer Mabil,2013,FFAC,875,False,3,1,0,59,0,0,0,0,0
255729,Awer Mabil,2013,AUSF,875,False,1,1,0,16,0,0,0,0,1
255729,Awer Mabil,2013,AUS1,875,False,27,20,0,703,2,2,0,0,2
255729,Awer Mabil,2012,AUSF,875,False,1,0,0,0,0,0,0,0,0
255729,Awer Mabil,2012,AUS1,875,False,12,5,0,161,0,0,0,0,0
257110,Takeshi Kanamori,2025,FFAC,25580,False,2,1,0,6,0,0,0,0,0
257110,Takeshi Kanamori,2025,AUSF,25580,False,1,1,0,48,0,0,0,0,0
257110,Takeshi Kanamori,2025,AUS1,25580,False,26,13,12,865,1,2,15,5,1
257110,Takeshi Kanamori,2025,ACLE,25580,False,10,6,4,383,1,1,9,2,0
257110,Takeshi Kanamori,2024,JEMP,9597,False,3,3,0,152,0,0,0,0,1
257110,Takeshi Kanamori,2024,JAPC,9597,False,5,3,0,110,0,0,0,0,0
257110,Takeshi Kanamori,2024,JAP1,9597,False,24,13,0,187,1,0,4,2,0
257110,Takeshi Kanamori,2023,JEMP,9597,False,2,1,0,69,1,0,0,0,0
257110,Takeshi Kanamori,2023,JAPC,9597,False,2,2,0,154,0,0,0,0,0
257110,Takeshi Kanamori,2023,JAP1,9597,False,38,27,0,865,1,0,17,6,2
257110,Takeshi Kanamori,2022,JEMP,9597,False,5,4,0,204,1,1,0,0,0
257110,Takeshi Kanamori,2022,JAPC,9597,False,11,8,0,349,0,1,0,0,0
257110,Takeshi Kanamori,2022,JAP1,9597,False,34,28,0,1752,3,3,17,8,1
257110,Takeshi Kanamori,2021,JEMP,9597,False,4,4,0,308,1,1,0,0,0
257110,Takeshi Kanamori,2021,JAPC,9597,False,12,5,0,233,0,0,0,0,0
257110,Takeshi Kanamori,2021,JAP1,9597,False,34,26,0,806,0,1,12,5,0
257110,Takeshi Kanamori,2020,JEMP,9597,False,2,1,0,16,0,0,0,0,0
257110,Takeshi Kanamori,2020,JAPC,9597,False,6,3,0,92,0,0,0,0,0
257110,Takeshi Kanamori,2020,JAP1,9597,False,38,37,0,2198,4,1,40,13,3
257110,Takeshi Kanamori,2019,JAPC,22177,False,2,1,0,2,0,0,0,0,0
257110,Takeshi Kanamori,2019,JAP1,22177,False,34,26,0,922,2,1,21,8,0
257110,Takeshi Kanamori,2018,KLUB,2241,False,3,0,0,0,0,0,0,0,0
257110,Takeshi Kanamori,2018,JEMP,2241,False,1,1,0,90,1,0,0,0,0
257110,Takeshi Kanamori,2018,JEMP,22177,False,3,0,0,0,0,0,0,0,0
257110,Takeshi Kanamori,2018,JAP1,2241,False,19,7,0,23,0,0,2,1,0
257110,Takeshi Kanamori,2018,JAP1,22177,False,14,14,0,757,0,1,13,3,3
257110,Takeshi Kanamori,2018,AFCL,2241,False,8,4,0,285,1,0,6,3,0
257110,Takeshi Kanamori,2018,ACLQ,2241,False,1,0,0,0,0,0,0,0,0
257110,Takeshi Kanamori,2017,JEMP,2241,False,5,2,0,139,0,0,0,0,0
257110,Takeshi Kanamori,2017,JAPC,2241,False,4,3,0,171,0,0,0,0,0
257110,Takeshi Kanamori,2017,JAP1,2241,False,34,14,0,461,2,0,17,5,0
257110,Takeshi Kanamori,2017,AFCL,2241,False,14,8,0,347,0,0,3,0,0
257110,Takeshi Kanamori,2016,JEMP,2241,False,4,2,0,93,1,0,0,0,0
257110,Takeshi Kanamori,2016,JASP,2241,False,1,0,0,0,0,0,0,0,0
257110,Takeshi Kanamori,2016,JAPC,2241,False,2,0,0,0,0,0,0,0,0
257110,Takeshi Kanamori,2016,JAP1,2241,False,34,5,0,209,0,1,5,2,0
257110,Takeshi Kanamori,2016,AFCL,2241,False,8,4,0,140,0,1,0,0,0
257110,Takeshi Kanamori,2015,JL12,9597,False,17,17,0,1330,1,2,12,0,1
257110,Takeshi Kanamori,2015,JL11,9597,False,17,16,0,990,3,1,5,2,0
257110,Takeshi Kanamori,2015,JEMP,9597,False,2,2,0,56,1,1,0,0,0
257110,Takeshi Kanamori,2015,JAPC,9597,False,8,5,0,406,2,2,0,0,2
257110,Takeshi Kanamori,2015,FS,29810,True,1,1,0,20,1,0,0,0,0
257110,Takeshi Kanamori,2015,FS,28642,True,1,1,0,35,0,0,0,0,0
257110,Takeshi Kanamori,2014,JEMP,9597,False,3,2,0,118,0,1,0,0,0
257110,Takeshi Kanamori,2014,JAP2,9597,False,42,32,2,2132,6,5,0,0,2
257110,Takeshi Kanamori,2014,J1PO,9597,False,2,2,0,67,0,0,0,0,0
257110,Takeshi Kanamori,2013,JEMP,9597,False,1,1,0,29,0,0,0,0,0
257110,Takeshi Kanamori,2013,JAP2,9597,False,42,30,12,1692,9,3,0,0,6
257110,Takeshi Kanamori,2013,AG18,53813,True,2,1,0,15,0,0,0,0,0
257110,Takeshi Kanamori,2012,JEMP,9597,False,1,1,0,45,0,0,0,0,0
257110,Takeshi Kanamori,2012,JAP2,9597,False,42,37,3,2285,6,2,0,0,9
257110,Takeshi Kanamori,2012,23AF,77815,True,1,0,0,0,0,0,0,0,0
247289,Andrew Nabbout,2025,FFAC,25580,False,2,2,0,50,0,1,1,0,0
247289,Andrew Nabbout,2025,AUSF,25580,False,1,1,0,47,0,0,0,0,0
247289,Andrew Nabbout,2025,AUS1,25580,False,26,16,10,789,2,0,21,3,0
247289,Andrew Nabbout,2025,ACLE,25580,False,10,2,7,41,1,0,2,1,0
247289,Andrew Nabbout,2024,FFAC,25580,False,1,0,1,0,0,0,0,0,0
247289,Andrew Nabbout,2024,AUSF,25580,False,3,0,3,0,0,0,0,0,0
247289,Andrew Nabbout,2024,AUS1,25580,False,26,3,23,234,2,0,10,3,0
247289,Andrew Nabbout,2023,FFAC,25580,False,1,1,0,120,1,0,2,1,0
247289,Andrew Nabbout,2023,AUSF,25580,False,1,0,0,0,0,0,0,0,0
247289,Andrew Nabbout,2023,AUS1,25580,False,27,10,17,434,0,0,14,7,2
247289,Andrew Nabbout,2023,AFCL,25580,False,6,0,6,0,0,0,0,0,0
247289,Andrew Nabbout,2022,FFAC,25580,False,4,1,2,12,0,0,0,0,0
247289,Andrew Nabbout,2022,AUSF,25580,False,3,3,0,192,0,0,5,2,0
247289,Andrew Nabbout,2022,AUS1,25580,False,26,25,0,1354,3,6,37,16,2
247289,Andrew Nabbout,2021,FFAC,25580,False,2,1,0,59,0,0,3,1,0
247289,Andrew Nabbout,2021,AUSF,25580,False,3,3,0,256,0,1,6,4,1
247289,Andrew Nabbout,2021,AUS1,25580,False,26,25,0,2053,5,7,61,21,5
247289,Andrew Nabbout,2021,AFCL,25580,False,6,5,0,388,2,1,8,4,1
247289,Andrew Nabbout,2020,FFAC,25580,False,3,1,0,63,0,0,1,1,0
247289,Andrew Nabbout,2020,AUSF,25580,False,2,1,0,16,0,0,3,0,0
247289,Andrew Nabbout,2020,AUS1,25580,False,26,16,0,1152,2,5,39,13,1
247289,Andrew Nabbout,2019,WMQ1,3433,True,13,1,0,12,0,0,1,0,1
247289,Andrew Nabbout,2019,AUS1,7006,False,26,22,0,1879,8,3,66,17,3
247289,Andrew Nabbout,2019,AFCL,7006,False,2,2,0,162,0,0,5,1,0
247289,Andrew Nabbout,2019,ACLQ,7006,False,2,2,0,180,1,0,7,3,0
247289,Andrew Nabbout,2018,JEMP,828,False,1,1,0,45,0,0,0,0,0
247289,Andrew Nabbout,2018,JASP,828,False,1,1,0,45,0,0,0,0,0
247289,Andrew Nabbout,2018,JAP1,828,False,11,8,0,313,1,0,9,4,0
247289,Andrew Nabbout,2018,FS,3433,True,5,2,1,93,1,0,3,1,0
247289,Andrew Nabbout,2018,FFAC,7006,False,1,1,0,120,0,0,0,0,0
247289,Andrew Nabbout,2018,AFCL,828,False,7,4,0,199,0,0,5,3,0
247289,Andrew Nabbout,2018,AFAC,3433,True,5,1,0,10,0,0,0,0,0
247289,Andrew Nabbout,2017,JEMP,828,False,6,1,2,9,0,0,0,0,0
247289,Andrew Nabbout,2017,JAPC,828,False,8,2,2,180,0,0,0,0,1
247289,Andrew Nabbout,2017,JAP1,828,False,32,12,14,372,0,3,14,3,0
247289,Andrew Nabbout,2017,FS,3433,True,4,4,0,245,1,0,0,0,0
247289,Andrew Nabbout,2017,FIWC,3433,True,3,2,0,139,0,0,0,0,0
247289,Andrew Nabbout,2017,AUS1,5551,False,22,22,0,1902,10,6,0,0,4
247289,Andrew Nabbout,2016,AUS1,5551,False,27,24,0,1988,8,1,0,0,3
247289,Andrew Nabbout,2014,AUSF,7006,False,2,0,0,0,0,0,0,0,0
247289,Andrew Nabbout,2014,AUS1,7006,False,27,5,0,34,0,0,0,0,0
247289,Andrew Nabbout,2013,FFAC,7006,False,1,0,0,0,0,0,0,0,0
247289,Andrew Nabbout,2013,AUSF,7006,False,2,1,0,7,0,0,0,0,0
247289,Andrew Nabbout,2013,AUS1,7006,False,27,13,0,329,1,0,0,0,1
247289,Andrew Nabbout,2013,AFCL,7006,False,6,4,0,92,0,2,0,0,0
247289,Andrew Nabbout,2013,ACLQ,7006,False,1,1,0,25,0,0,0,0,0
247289,Andrew Nabbout,2012,AUSF,7006,False,2,2,0,21,0,1,0,0,0
247289,Andrew Nabbout,2012,AUS1,7006,False,26,19,0,757,4,0,0,0,0
1183855,Benjamin Mazzeo,2025,FFAC,25580,False,2,1,0,24,0,0,0,0,0
1183855,Benjamin Mazzeo,2025,AUSF,25580,False,1,0,0,0,0,0,0,0,0
1183855,Benjamin Mazzeo,2025,AUS1,25580,False,26,10,4,416,0,0,10,1,0
1183855,Benjamin Mazzeo,2025,ACLE,25580,False,10,6,1,80,1,0,2,1,0
1183855,Benjamin Mazzeo,2025,A2VI,135665,False,11,8,0,526,3,0,0,0,0
1183855,Benjamin Mazzeo,2024,FFAC,25580,False,1,0,0,0,0,0,0,0,0
1183855,Benjamin Mazzeo,2024,AUSF,25580,False,3,0,0,0,0,0,0,0,0
1183855,Benjamin Mazzeo,2024,AUS1,25580,False,26,11,4,555,2,1,11,7,0
1183855,Benjamin Mazzeo,2023,FFAC,25580,False,1,0,1,0,0,0,0,0,0
1183855,Benjamin Mazzeo,2023,AUSF,25580,False,1,0,1,0,0,0,0,0,0
1183855,Benjamin Mazzeo,2023,AUS1,25580,False,22,10,9,300,2,0,7,2,0
1183855,Benjamin Mazzeo,2023,AFCL,25580,False,4,2,0,10,0,0,0,0,0
1183855,Benjamin Mazzeo,2022,FFAC,25580,False,1,0,0,0,0,0,0,0,0
1432380,Akeem Gerald,2025,FS,32269,True,8,3,0,180,0,0,0,0,0
1432380,Akeem Gerald,2025,FFAC,25580,False,2,1,0,2,0,0,0,0,0
1432380,Akeem Gerald,2025,AUSF,25580,False,1,0,0,0,0,0,0,0,0
1432380,Akeem Gerald,2025,AUS1,25580,False,26,0,0,0,0,0,0,0,0
1432380,Akeem Gerald,2025,AF16,32269,True,5,3,0,175,0,1,0,0,1
1432380,Akeem Gerald,2025,ACLE,25580,False,9,1,0,6,0,0,0,0,0
1432380,Akeem Gerald,2025,A2VI,135665,False,20,10,0,521,1,0,0,0,0
1432380,Akeem Gerald,2025,A169,32269,True,4,3,0,163,0,1,0,0,0
1432380,Akeem Gerald,2025,A168,32269,True,4,4,0,156,1,0,3,2,0
1432380,Akeem Gerald,2024,FFAC,25580,False,1,1,0,28,0,0,0,0,0
1429538,Beckham Baker,2025,FS,32269,True,2,2,0,135,0,0,0,0,1
1429538,Beckham Baker,2025,FFAC,25580,False,2,2,0,124,0,0,3,0,1
1429538,Beckham Baker,2025,AUSF,25580,False,1,0,0,0,0,0,0,0,0
1429538,Beckham Baker,2025,AUS1,25580,False,26,7,0,85,0,0,1,0,0
1429538,Beckham Baker,2025,AF19,39276,True,4,3,0,146,1,0,0,0,1
1429538,Beckham Baker,2025,ACLE,25580,False,10,4,0,141,0,1,0,0,0
1429538,Beckham Baker,2025,A2VI,135665,False,25,14,0,1159,1,3,0,0,0
1429538,Beckham Baker,2024,FFAC,25580,False,1,1,0,90,0,0,2,1,0
734488,Dakota Ochsenham,2025,AUS1,25580,False,10,0,0,0,0,0,0,0,0
734488,Dakota Ochsenham,2025,ACLE,25580,False,6,0,0,0,0,0,0,0,0
734488,Dakota Ochsenham,2024,FFAC,25580,False,1,0,0,0,0,0,0,0,0
734488,Dakota Ochsenham,2024,AUSF,25580,False,3,0,0,0,0,0,0,0,0
734488,Dakota Ochsenham,2024,AUS1,25580,False,3,0,0,0,0,0,0,0,0
734488,Dakota Ochsenham,2021,FFAC,11335,False,2,2,0,210,0,0,0,0,0
734488,Dakota Ochsenham,2021,AUS1,875,False,11,0,0,0,0,0,0,0,0
734488,Dakota Ochsenham,2020,FFAC,875,False,3,0,0,0,0,0,0,0,0
734488,Dakota Ochsenham,2020,FFAC,11335,False,1,1,0,90,0,0,0,0,0
734488,Dakota Ochsenham,2020,AUSF,875,False,2,0,0,0,0,0,0,0,0
734488,Dakota Ochsenham,2020,AUS1,875,False,26,0,0,0,0,0,0,0,0
734488,Dakota Ochsenham,2019,AUS1,875,False,16,0,0,0,0,0,0,0,0
1517838,Roland Ballah,2025,FFAC,25580,False,2,2,0,56,0,0,0,0,0
1517838,Roland Ballah,2025,A2VI,135665,False,25,19,0,1293,12,2,0,0,1
983578,Patrick Beach,2026,FR1,1095,False,1,1,0,90,0,0,0,0,0
983578,Patrick Beach,2025,FS,3433,True,6,2,0,180,0,0,0,0,0
983578,Patrick Beach,2025,FIWC,3433,True,4,4,0,389,0,0,0,0,0
983578,Patrick Beach,2025,AUSF,25580,False,1,1,0,120,0,0,0,0,0
983578,Patrick Beach,2025,AUS1,25580,False,26,24,2,2160,0,0,0,0,0
983578,Patrick Beach,2025,ACLE,25580,False,10,10,0,930,0,0,0,0,1
983578,Patrick Beach,2025,A23Q,32270,True,3,3,0,270,0,0,0,0,0
983578,Patrick Beach,2024,FS,77740,True,1,1,0,90,0,0,0,0,0
983578,Patrick Beach,2024,FS,32270,True,3,0,0,0,0,0,0,0,0
983578,Patrick Beach,2024,FFAC,25580,False,1,0,0,0,0,0,0,0,0
983578,Patrick Beach,2024,AUSF,25580,False,3,3,0,270,0,0,0,0,0
983578,Patrick Beach,2024,AUS1,25580,False,26,26,0,2340,0,0,0,0,2
983578,Patrick Beach,2023,W23C,32270,True,3,2,0,180,0,0,0,0,0
983578,Patrick Beach,2023,FS,32270,True,2,1,0,90,0,0,0,0,0
983578,Patrick Beach,2023,FFAC,25580,False,1,0,0,0,0,0,0,0,0
983578,Patrick Beach,2023,AUSF,25580,False,1,0,0,0,0,0,0,0,0
983578,Patrick Beach,2023,AUS1,25580,False,27,0,3,0,0,0,0,0,0
983578,Patrick Beach,2023,AFCL,25580,False,6,0,0,0,0,0,0,0,0
983578,Patrick Beach,2023,23AF,32270,True,3,3,0,270,0,0,0,0,0
983578,Patrick Beach,2022,FFAC,25580,False,4,0,0,0,0,0,0,0,0
983578,Patrick Beach,2022,AUS1,6954,False,10,0,0,0,0,0,0,0,0
983578,Patrick Beach,2022,A2SW,26206,False,21,15,0,1350,0,0,0,0,0
983578,Patrick Beach,2021,FFAC,6954,False,1,0,0,0,0,0,0,0,0
983578,Patrick Beach,2021,AUSF,6954,False,1,0,0,0,0,0,0,0,0
983578,Patrick Beach,2021,AUS1,6954,False,19,0,0,0,0,0,0,0,0
983578,Patrick Beach,2020,FFAC,6954,False,1,0,0,0,0,0,0,0,0
1144487,Harrison Shillington,2025,FFAC,7006,False,3,3,0,119,0,0,2,1,0
1144487,Harrison Shillington,2025,AUSF,25580,False,1,0,0,0,0,0,0,0,0
1144487,Harrison Shillington,2025,AUS1,25580,False,26,13,2,515,0,1,3,0,0
1144487,Harrison Shillington,2025,ACLE,25580,False,10,9,0,540,0,0,1,0,0
1144487,Harrison Shillington,2025,A2VI,135665,False,19,3,0,270,1,0,0,0,0
1144487,Harrison Shillington,2024,FFAC,25580,False,1,1,0,71,0,0,0,0,0
1144487,Harrison Shillington,2024,AUSF,25580,False,3,0,0,0,0,0,0,0,0
1144487,Harrison Shillington,2024,AUS1,25580,False,26,0,5,0,0,0,0,0,0
1144487,Harrison Shillington,2023,TDV,34133,False,3,3,0,180,0,0,0,0,0
1144487,Harrison Shillington,2023,FS,22976,True,3,1,0,90,0,0,0,0,0
1144487,Harrison Shillington,2023,FFAC,25580,False,1,0,0,0,0,0,0,0,0
1144487,Harrison Shillington,2023,AUSF,25580,False,1,0,0,0,0,0,0,0,0
1144487,Harrison Shillington,2023,AUS1,25580,False,27,0,0,0,0,0,0,0,0
1144487,Harrison Shillington,2023,AFCL,25580,False,6,0,0,0,0,0,0,0,0
1144487,Harrison Shillington,2022,FS,100451,True,3,2,0,90,0,0,0,0,0
1144487,Harrison Shillington,2022,FFAC,25580,False,4,1,0,1,0,0,0,0,0
294857,Germán Ferreyra,2025,FFAC,36100,False,2,2,0,210,0,0,0,0,0
294857,Germán Ferreyra,2025,AUSF,25580,False,1,1,0,120,0,0,0,0,0
294857,Germán Ferreyra,2025,AUS1,25580,False,26,25,0,2224,0,0,11,2,5
294857,Germán Ferreyra,2025,ACLE,25580,False,10,10,0,929,0,0,0,0,1
294857,Germán Ferreyra,2024,FFAC,25580,False,1,0,0,0,0,0,0,0,0
294857,Germán Ferreyra,2024,AUSF,25580,False,3,3,0,270,1,0,2,1,2
294857,Germán Ferreyra,2024,AUS1,25580,False,25,20,1,1255,1,1,9,2,4
294857,Germán Ferreyra,2023,RUP,3714,False,2,2,0,180,0,0,0,0,1
294857,Germán Ferreyra,2023,RU2,3714,False,34,21,1,1390,2,0,0,0,4
294857,Germán Ferreyra,2023,FFAC,25580,False,1,1,0,29,0,0,0,0,0
294857,Germán Ferreyra,2022,RUSR,3714,False,2,2,0,180,0,0,1,0,0
294857,Germán Ferreyra,2022,RUP,3714,False,2,0,0,0,0,0,0,0,0
294857,Germán Ferreyra,2022,RU2,3714,False,34,26,1,2295,1,2,0,0,5
294857,Germán Ferreyra,2021,RUP,3714,False,6,6,0,495,0,0,0,0,1
294857,Germán Ferreyra,2021,RU2,3714,False,35,28,3,2051,1,2,0,0,10
294857,Germán Ferreyra,2020,RU2,71985,False,27,13,1,829,0,1,0,0,5
294857,Germán Ferreyra,2018,URUI,14758,False,7,5,0,287,0,0,0,0,1
294857,Germán Ferreyra,2018,URUC,14758,False,15,10,1,706,0,0,0,0,3
294857,Germán Ferreyra,2018,URU1,14758,False,15,1,0,35,0,0,0,0,0
294857,Germán Ferreyra,2017,ARCA,4673,False,1,1,0,90,0,0,0,0,0
294857,Germán Ferreyra,2017,AR1N,4673,False,27,16,0,1315,1,1,9,3,2
294857,Germán Ferreyra,2016,CS,4673,False,2,2,0,180,0,0,0,0,1
294857,Germán Ferreyra,2016,CL2B,20514,False,28,0,0,0,0,0,0,0,0
294857,Germán Ferreyra,2015,CH1C,20514,False,1,0,0,0,0,0,0,0,0
294857,Germán Ferreyra,2015,ARCA,4673,False,1,0,0,0,0,0,0,0,0
294857,Germán Ferreyra,2015,AR1N,4673,False,16,3,0,160,1,0,0,0,0
294857,Germán Ferreyra,2014,FS,11940,True,1,1,0,70,0,0,0,0,0
294857,Germán Ferreyra,2014,ARCA,1029,False,4,0,0,0,0,0,0,0,0
294857,Germán Ferreyra,2014,AR1N,1029,False,30,2,0,6,0,0,0,0,1
294857,Germán Ferreyra,2013,ALPL,1029,False,1,0,0,0,0,0,0,0,0
294857,Germán Ferreyra,2012,17WC,25501,True,7,7,0,630,2,1,0,0,1
691326,Kai Trewin,2025,USMX,40058,False,3,0,3,0,0,0,0,0,0
691326,Kai Trewin,2025,MLSP,40058,False,3,3,0,267,1,0,4,1,1
691326,Kai Trewin,2025,MLS1,40058,False,21,15,6,1256,0,0,8,3,3
691326,Kai Trewin,2025,FS,3433,True,6,6,0,381,0,0,1,0,1
691326,Kai Trewin,2025,FIWC,3433,True,4,1,0,74,0,0,1,0,0
691326,Kai Trewin,2025,AUS1,25580,False,15,13,2,1104,0,0,10,3,0
691326,Kai Trewin,2025,ACLE,25580,False,6,6,0,540,0,0,3,1,0
691326,Kai Trewin,2024,FFAC,25580,False,1,0,0,0,0,0,0,0,0
691326,Kai Trewin,2024,AUSF,25580,False,3,3,0,270,0,0,1,0,0
691326,Kai Trewin,2024,AUS1,25580,False,26,24,2,2074,3,1,28,10,5
691326,Kai Trewin,2023,WMQ1,3433,True,4,0,0,0,0,0,0,0,0
691326,Kai Trewin,2023,FS,32270,True,2,2,0,103,0,0,0,0,0
691326,Kai Trewin,2023,FFAC,25580,False,1,1,0,120,0,0,1,0,0
691326,Kai Trewin,2023,AUS1,7831,False,27,26,0,2208,1,1,19,3,1
691326,Kai Trewin,2023,A23Q,32270,True,2,1,0,90,0,0,0,0,0
691326,Kai Trewin,2022,FS,32270,True,5,3,0,193,0,0,0,0,0
691326,Kai Trewin,2022,FFAC,7831,False,5,3,0,221,0,0,2,1,1
691326,Kai Trewin,2022,AUS1,7831,False,26,26,0,2274,0,1,11,0,2
691326,Kai Trewin,2021,FFAC,7831,False,4,4,0,420,0,0,3,1,0
691326,Kai Trewin,2021,AUS1,7831,False,26,25,0,2250,0,0,11,4,3
691326,Kai Trewin,2021,23AF,32270,True,6,1,0,45,0,0,0,0,0
691326,Kai Trewin,2020,FFAC,7831,False,3,3,0,270,0,0,1,0,0
691326,Kai Trewin,2020,AUSF,7831,False,1,1,0,11,0,0,0,0,0
691326,Kai Trewin,2020,AUS1,7831,False,26,24,0,1892,0,0,9,1,3
691326,Kai Trewin,2019,AUSF,7831,False,1,1,0,28,0,0,0,0,0
691326,Kai Trewin,2019,AUS1,7831,False,26,2,0,13,0,0,0,0,0
691326,Kai Trewin,2019,AU2C,39276,True,3,2,1,110,0,0,0,0,0
691326,Kai Trewin,2018,FFAC,7831,False,2,0,0,0,0,0,0,0,0
60599,Samuel Souprayen,2025,AUSF,25580,False,1,0,1,0,0,0,0,0,0
60599,Samuel Souprayen,2025,AUS1,25580,False,26,16,8,1147,0,0,6,2,4
60599,Samuel Souprayen,2025,ACLE,25580,False,10,7,2,561,0,0,2,1,1
60599,Samuel Souprayen,2024,FFAC,25580,False,1,0,1,0,0,0,0,0,0
60599,Samuel Souprayen,2024,AUSF,25580,False,3,0,3,0,0,0,0,0,0
60599,Samuel Souprayen,2024,AUS1,25580,False,26,21,5,1789,1,0,5,1,2
60599,Samuel Souprayen,2023,FFAC,25580,False,1,1,0,91,0,0,1,0,0
60599,Samuel Souprayen,2023,AUSF,25580,False,1,1,0,120,1,0,1,1,1
60599,Samuel Souprayen,2023,AUS1,25580,False,27,20,3,1800,1,2,8,1,3
60599,Samuel Souprayen,2023,AFCL,25580,False,6,5,0,361,0,0,0,0,0
60599,Samuel Souprayen,2022,FFAC,25580,False,4,3,0,225,0,0,0,0,0
60599,Samuel Souprayen,2022,ECLQ,2531,False,2,2,0,180,0,0,0,0,0
60599,Samuel Souprayen,2022,BULP,2531,False,2,1,0,90,0,0,0,0,0
60599,Samuel Souprayen,2022,BU1,2531,False,36,28,0,2144,0,0,0,0,3
60599,Samuel Souprayen,2021,BULP,2531,False,1,0,0,0,0,0,0,0,0
60599,Samuel Souprayen,2021,BUEL,2531,False,1,1,0,90,0,1,0,0,1
60599,Samuel Souprayen,2021,BU1,2531,False,31,28,1,2297,1,0,0,0,8
60599,Samuel Souprayen,2020,FRC,290,False,2,2,0,180,0,0,0,0,1
60599,Samuel Souprayen,2020,FR2,290,False,38,0,0,0,0,0,0,0,0
60599,Samuel Souprayen,2019,FRL,290,False,1,1,0,90,0,0,0,0,0
60599,Samuel Souprayen,2019,FRC,290,False,2,2,0,180,0,0,0,0,0
60599,Samuel Souprayen,2019,FR2,290,False,28,20,0,1743,0,1,2,1,4
60599,Samuel Souprayen,2018,FRL,290,False,2,1,0,90,1,0,1,1,0
60599,Samuel Souprayen,2018,FRC,290,False,1,0,0,0,0,0,0,0,0
60599,Samuel Souprayen,2018,FR2,290,False,35,29,0,2588,0,1,3,2,6
60599,Samuel Souprayen,2018,CIT,276,False,2,1,0,90,0,0,0,0,0
60599,Samuel Souprayen,2017,IT1,276,False,38,22,1,1581,0,0,0,0,2
60599,Samuel Souprayen,2017,CIT,276,False,3,3,0,300,0,0,0,0,0
60599,Samuel Souprayen,2016,IT2,276,False,42,41,1,3670,0,3,0,0,5
60599,Samuel Souprayen,2016,CIT,276,False,3,1,0,90,0,0,0,0,0
60599,Samuel Souprayen,2015,IT1,276,False,38,20,16,1582,0,0,0,0,5
60599,Samuel Souprayen,2015,CIT,276,False,3,2,1,140,0,0,0,0,1
60599,Samuel Souprayen,2014,FRL,2969,False,2,2,0,171,0,0,0,0,0
60599,Samuel Souprayen,2014,FRC,2969,False,4,2,0,180,0,0,0,0,0
60599,Samuel Souprayen,2014,FR2,2969,False,38,28,0,2512,1,0,2,1,3
60599,Samuel Souprayen,2013,FRL,2969,False,1,1,0,90,0,0,0,0,0
60599,Samuel Souprayen,2013,FRC,2969,False,4,3,0,300,0,0,0,0,2
60599,Samuel Souprayen,2013,FR2,2969,False,38,33,0,2917,1,1,0,0,8
60599,Samuel Souprayen,2012,FRL,2969,False,2,1,0,58,0,0,0,0,1
60599,Samuel Souprayen,2012,FRC,2969,False,1,0,0,0,0,0,0,0,0
60599,Samuel Souprayen,2012,FR2,2969,False,38,27,0,2361,0,0,0,0,9
60599,Samuel Souprayen,2011,FRL,2969,False,3,2,0,165,0,0,0,0,0
60599,Samuel Souprayen,2011,FRC,2969,False,3,2,0,106,0,0,0,0,0
60599,Samuel Souprayen,2011,FR1,2969,False,38,34,0,2959,0,1,0,0,6
60599,Samuel Souprayen,2010,FRL,273,False,1,1,0,90,0,0,0,0,0
60599,Samuel Souprayen,2010,FRC,273,False,3,3,0,145,0,0,0,0,0
60599,Samuel Souprayen,2010,FR4D,8154,False,22,7,0,630,1,0,0,0,0
60599,Samuel Souprayen,2010,FR1,273,False,38,16,0,1235,0,0,0,0,3
60599,Samuel Souprayen,2009,U21Q,9323,True,6,1,0,90,0,0,0,0,0
60599,Samuel Souprayen,2009,FS,9323,True,4,2,0,121,0,0,0,0,0
60599,Samuel Souprayen,2009,FRC,2969,False,2,1,0,90,0,0,0,0,0
60599,Samuel Souprayen,2009,FR2,2969,False,33,31,0,2780,0,1,0,0,5
60599,Samuel Souprayen,2009,FR1,273,False,4,0,0,0,0,0,0,0,0
60599,Samuel Souprayen,2008,UI,273,False,2,0,0,0,0,0,0,0,0
60599,Samuel Souprayen,2008,UEQ,273,False,2,0,0,0,0,0,0,0,0
60599,Samuel Souprayen,2008,UEFA,273,False,2,0,0,0,0,0,0,0,0
60599,Samuel Souprayen,2008,FRL,273,False,2,0,0,0,0,0,0,0,0
60599,Samuel Souprayen,2008,FRC,273,False,6,0,0,0,0,0,0,0,0
60599,Samuel Souprayen,2008,FR1,273,False,38,0,0,0,0,0,0,0,0
60599,Samuel Souprayen,2007,U19Q,23101,True,5,4,0,327,0,0,0,0,0
60599,Samuel Souprayen,2007,FS,25250,True,1,1,0,90,0,0,0,0,0
60599,Samuel Souprayen,2007,FS,23101,True,1,1,0,90,0,0,0,0,0
60599,Samuel Souprayen,2007,FRYC,7874,False,1,1,0,90,0,0,0,0,0
60599,Samuel Souprayen,2007,FRC,273,False,1,0,0,0,0,0,0,0,0
60599,Samuel Souprayen,2007,FR1,273,False,15,0,0,0,0,0,0,0,0
616431,Ryan Teague,2026,BE1,354,False,3,0,0,0,0,0,0,0,0
616431,Ryan Teague,2025,FS,3433,True,2,1,0,85,0,0,0,0,0
616431,Ryan Teague,2025,CCB,354,False,2,0,2,0,0,0,0,0,0
616431,Ryan Teague,2025,BE1,354,False,20,5,9,35,0,0,0,0,0
616431,Ryan Teague,2025,AUSF,25580,False,1,0,0,0,0,0,0,0,0
616431,Ryan Teague,2025,AUS1,25580,False,13,9,4,748,0,0,5,0,0
616431,Ryan Teague,2025,ACLE,25580,False,4,4,0,375,0,0,2,0,0
616431,Ryan Teague,2024,AUSF,7006,False,4,4,0,360,0,1,2,0,1
616431,Ryan Teague,2024,AUS1,7006,False,26,24,2,2111,4,2,31,7,3
616431,Ryan Teague,2023,WMQ1,3433,True,4,3,0,134,0,0,0,0,0
616431,Ryan Teague,2023,W23C,32270,True,3,0,3,0,0,0,0,0,0
616431,Ryan Teague,2023,PT23,75337,False,4,0,0,0,0,0,0,0,0
616431,Ryan Teague,2023,FS,32270,True,2,2,0,117,0,0,0,0,0
616431,Ryan Teague,2023,FFAC,7006,False,5,5,0,399,1,0,4,2,0
616431,Ryan Teague,2023,AUSF,7006,False,4,4,0,450,0,0,4,0,0
616431,Ryan Teague,2023,AUS1,7006,False,27,22,4,1716,1,2,10,4,1
616431,Ryan Teague,2023,A23Q,32270,True,2,2,0,180,0,0,0,0,0
616431,Ryan Teague,2023,23AF,32270,True,3,3,0,270,0,0,2,0,1
616431,Ryan Teague,2022,PTPR,75337,False,3,3,0,186,0,0,0,0,0
616431,Ryan Teague,2022,PT23,75337,False,12,8,0,502,0,2,0,0,2
616431,Ryan Teague,2022,P23F,75337,False,1,0,0,0,0,0,0,0,0
616431,Ryan Teague,2022,P23C,75337,False,10,10,0,693,0,0,0,0,1
616431,Ryan Teague,2022,P23A,75337,False,3,0,0,0,0,0,0,0,0
616431,Ryan Teague,2022,FS,32270,True,5,5,0,280,0,0,1,0,2
616431,Ryan Teague,2021,POPO,10140,False,2,0,0,0,0,0,0,0,0
616431,Ryan Teague,2021,POLL,10140,False,2,1,0,68,0,0,0,0,0
616431,Ryan Teague,2021,POCP,3329,False,2,1,0,10,0,0,0,0,0
616431,Ryan Teague,2021,POCP,10140,False,2,2,0,103,0,0,0,0,0
616431,Ryan Teague,2021,PO2,10140,False,33,24,0,1094,0,1,5,1,1
616431,Ryan Teague,2021,PO1,3329,False,1,0,0,0,0,0,0,0,0
616431,Ryan Teague,2021,FS,32270,True,1,0,0,0,0,0,0,0,0
616431,Ryan Teague,2021,A23Q,32270,True,2,0,0,0,0,0,0,0,0
616431,Ryan Teague,2021,23AF,32270,True,6,0,0,0,0,0,0,0,0
616431,Ryan Teague,2020,PTPR,75337,False,4,4,0,325,0,0,0,0,1
616431,Ryan Teague,2020,PT23,75337,False,12,10,0,835,0,0,0,0,2
616431,Ryan Teague,2020,P232,75337,False,10,9,0,759,1,0,0,0,2
616431,Ryan Teague,2020,FS,32270,True,3,3,0,257,0,0,0,0,0
616431,Ryan Teague,2019,PT23,75337,False,6,3,0,133,0,0,0,0,0
616431,Ryan Teague,2019,FS,32269,True,2,1,0,90,0,0,1,0,0
616431,Ryan Teague,2019,AUS1,8054,False,14,1,0,8,0,0,0,0,0
616431,Ryan Teague,2018,FS,32269,True,1,1,0,77,0,0,0,0,0
616431,Ryan Teague,2018,17WC,32269,True,4,4,0,360,0,0,2,1,0
616431,Ryan Teague,2017,A168,66880,True,5,5,0,450,0,0,0,0,0
186798,Andreas Kuen,2025,AUSF,25580,False,1,1,0,73,0,0,0,0,0
186798,Andreas Kuen,2025,AUS1,25580,False,26,24,2,1721,2,4,22,6,7
186798,Andreas Kuen,2025,ACLE,25580,False,10,9,1,741,0,0,6,2,0
186798,Andreas Kuen,2024,FFAC,25580,False,1,0,0,0,0,0,0,0,0
186798,Andreas Kuen,2024,AUSF,25580,False,3,3,0,236,0,0,3,1,0
186798,Andreas Kuen,2024,AUS1,25580,False,26,18,7,1312,3,7,21,7,2
186798,Andreas Kuen,2023,S1PO,3060,False,7,4,0,292,0,0,1,0,2
186798,Andreas Kuen,2023,GRP,3060,False,5,4,0,248,1,1,0,0,0
186798,Andreas Kuen,2023,GR1,3060,False,26,19,0,826,1,1,6,3,0
186798,Andreas Kuen,2022,S1PO,3060,False,7,4,0,237,1,1,4,2,0
186798,Andreas Kuen,2022,GRP,3060,False,3,2,0,157,0,0,0,0,0
186798,Andreas Kuen,2022,GR1,3060,False,26,19,1,1303,1,2,16,6,4
186798,Andreas Kuen,2021,ofb,122,False,3,2,0,135,2,1,0,0,1
186798,Andreas Kuen,2021,ELQ,122,False,2,2,0,30,0,0,1,0,0
186798,Andreas Kuen,2021,EL,122,False,6,4,0,191,0,0,1,1,1
186798,Andreas Kuen,2021,A1,122,False,32,29,1,1384,0,1,9,5,1
186798,Andreas Kuen,2020,ofb,122,False,5,5,0,405,1,2,1,0,0
186798,Andreas Kuen,2020,A1,122,False,32,31,0,2262,2,7,34,8,2
186798,Andreas Kuen,2019,ofb,856,False,2,2,0,84,1,1,0,0,0
186798,Andreas Kuen,2019,A1,856,False,32,28,1,2181,4,10,32,7,4
186798,Andreas Kuen,2018,ofb,856,False,2,0,2,0,0,0,0,0,0
186798,Andreas Kuen,2018,A1EL,856,False,1,1,0,90,0,0,1,0,0
186798,Andreas Kuen,2018,A1,856,False,32,10,18,552,1,1,6,2,2
186798,Andreas Kuen,2017,ofb,170,False,5,1,0,29,0,0,0,0,0
186798,Andreas Kuen,2017,ATRO,7001,False,8,6,0,466,1,3,0,0,3
186798,Andreas Kuen,2017,A1,170,False,36,7,2,311,2,1,0,0,1
186798,Andreas Kuen,2016,ofb,7443,False,2,1,0,23,0,0,0,0,0
186798,Andreas Kuen,2016,ofb,170,False,4,2,0,72,0,0,0,0,1
186798,Andreas Kuen,2016,ELQ,170,False,3,0,2,0,0,0,0,0,0
186798,Andreas Kuen,2016,A2,7443,False,14,5,0,220,0,0,0,0,0
186798,Andreas Kuen,2016,A1,170,False,21,8,3,597,0,1,0,0,1
186798,Andreas Kuen,2015,ofb,170,False,4,0,3,0,0,0,0,0,0
186798,Andreas Kuen,2015,EL,170,False,8,0,6,0,0,0,0,0,0
186798,Andreas Kuen,2015,CLQ,170,False,4,0,4,0,0,0,0,0,0
186798,Andreas Kuen,2015,ATRO,7001,False,7,7,0,490,0,3,0,0,2
186798,Andreas Kuen,2015,A1,170,False,36,2,20,24,0,0,0,0,0
186798,Andreas Kuen,2014,ofb,170,False,4,0,2,0,0,0,0,0,0
186798,Andreas Kuen,2014,ELQ,170,False,2,0,2,0,0,0,0,0,0
186798,Andreas Kuen,2014,ATRO,7001,False,26,6,11,509,1,3,0,0,3
186798,Andreas Kuen,2014,A1,170,False,36,0,13,0,0,0,0,0,0
186798,Andreas Kuen,2013,ofb,2444,False,2,2,0,79,0,0,0,0,0
186798,Andreas Kuen,2013,FS,12519,True,1,1,0,10,0,0,0,0,0
186798,Andreas Kuen,2013,ATRW,18344,False,1,1,0,81,2,0,0,0,0
186798,Andreas Kuen,2013,A1,2444,False,36,11,21,752,1,1,0,0,1
186798,Andreas Kuen,2012,ofb,2444,False,4,0,0,0,0,0,0,0,0
186798,Andreas Kuen,2012,FS,19533,True,2,1,0,11,0,0,0,0,0
186798,Andreas Kuen,2012,ATRW,18344,False,6,6,0,369,1,0,0,0,1
186798,Andreas Kuen,2012,A1,2444,False,36,2,0,24,0,0,0,0,0
186798,Andreas Kuen,2011,U17Q,19532,True,3,3,0,172,0,0,0,0,0
186798,Andreas Kuen,2011,JGD2,4389,False,8,8,0,688,1,0,0,0,1
186798,Andreas Kuen,2011,FS,19533,True,1,1,0,31,0,0,0,0,0
186798,Andreas Kuen,2011,FS,19532,True,3,2,0,120,0,0,0,0,0
186798,Andreas Kuen,2011,ATRW,18344,False,30,18,0,1264,2,0,0,0,4
186798,Andreas Kuen,2010,JGD3,42834,False,14,11,0,896,1,0,0,0,0
186798,Andreas Kuen,2010,JGD2,4389,False,11,0,0,0,0,0,0,0,0
1111965,Zane Schreiber,2025,FFAC,5551,False,1,1,0,28,0,0,0,0,0
1111965,Zane Schreiber,2025,AUSF,25580,False,1,1,0,14,0,0,0,0,0
1111965,Zane Schreiber,2025,AUS1,25580,False,26,22,0,1214,1,1,9,2,3
1111965,Zane Schreiber,2025,ACLE,25580,False,10,7,0,412,0,0,6,1,1
1111965,Zane Schreiber,2025,A2VI,135665,False,1,1,0,64,0,0,0,0,0
1111965,Zane Schreiber,2024,FFAC,25580,False,1,1,0,61,0,0,1,1,0
1111965,Zane Schreiber,2024,AUSF,25580,False,3,2,0,103,0,0,0,0,1
1111965,Zane Schreiber,2024,AUS1,25580,False,26,20,0,921,0,1,6,2,4
1111965,Zane Schreiber,2024,AU2C,22976,True,4,3,0,156,0,0,0,0,0
1111965,Zane Schreiber,2023,FS,22976,True,6,2,0,137,0,0,0,0,0
1111965,Zane Schreiber,2023,FFAC,25580,False,1,1,0,99,1,0,1,1,0
1111965,Zane Schreiber,2023,AUSF,25580,False,1,1,0,6,0,0,0,0,0
1111965,Zane Schreiber,2023,AUS1,25580,False,27,5,12,40,0,0,0,0,0
1111965,Zane Schreiber,2023,AFCL,25580,False,6,0,2,0,0,0,0,0,0
1111965,Zane Schreiber,2022,FS,100451,True,3,3,0,167,1,0,0,0,1
1111965,Zane Schreiber,2022,FFAC,25580,False,4,2,0,7,0,0,0,0,0
1111965,Zane Schreiber,2022,A2SW,19820,False,18,13,0,725,0,0,2,1,6
1111965,Zane Schreiber,2021,A2SW,19820,False,5,2,0,109,0,0,1,0,0
1066862,Emin Durakovic,2025,FFAC,7831,False,2,1,0,18,0,0,0,0,0
1066862,Emin Durakovic,2025,AUSF,25580,False,1,0,0,0,0,0,0,0,0
1066862,Emin Durakovic,2025,AUS1,25580,False,26,21,2,781,0,2,14,3,1
1066862,Emin Durakovic,2025,ACLE,25580,False,10,7,1,329,0,0,2,0,0
1066862,Emin Durakovic,2025,A2VI,135665,False,8,4,0,282,1,0,0,0,0
1066862,Emin Durakovic,2024,FFAC,25580,False,1,0,0,0,0,0,0,0,0
1066862,Emin Durakovic,2024,AUSF,25580,False,3,0,0,0,0,0,0,0,0
1066862,Emin Durakovic,2024,AUS1,25580,False,26,5,4,71,0,0,1,1,0
1066862,Emin Durakovic,2023,FFAC,25580,False,1,0,0,0,0,0,0,0,0
1066862,Emin Durakovic,2023,AUSF,25580,False,1,0,0,0,0,0,0,0,0
1066862,Emin Durakovic,2023,AUS1,25580,False,27,0,0,0,0,0,0,0,0
1066862,Emin Durakovic,2023,AFCL,25580,False,6,0,0,0,0,0,0,0,0
1066862,Emin Durakovic,2022,FS,100451,True,3,3,0,130,0,1,0,0,0
1066862,Emin Durakovic,2022,FFAC,25580,False,4,0,0,0,0,0,0,0,0
1066862,Emin Durakovic,2022,AUSF,25580,False,3,0,0,0,0,0,0,0,0
1066862,Emin Durakovic,2022,AUS1,25580,False,26,0,0,0,0,0,0,0,0
1066862,Emin Durakovic,2021,FFAC,25580,False,2,0,0,0,0,0,0,0,0
1432379,Angus Mackintosh,2025,FFAC,25580,False,1,1,0,22,0,0,0,0,0
1432379,Angus Mackintosh,2025,AUSF,25580,False,1,0,0,0,0,0,0,0,0
1432379,Angus Mackintosh,2025,AUS1,25580,False,26,0,0,0,0,0,0,0,0
1432379,Angus Mackintosh,2025,ACLE,25580,False,10,0,0,0,0,0,0,0,0
1432379,Angus Mackintosh,2025,A2VI,135665,False,25,18,0,1456,0,1,0,0,5
1432379,Angus Mackintosh,2024,FFAC,25580,False,1,1,0,71,0,0,0,0,0
1099720,Marcus Younis,2026,DK1,206,False,4,4,0,269,1,0,6,3,2
1099720,Marcus Younis,2025,ECLQ,206,False,1,0,0,0,0,0,0,0,0
1099720,Marcus Younis,2025,DKRE,62684,False,1,1,0,90,1,0,0,0,0
1099720,Marcus Younis,2025,DKP,206,False,2,2,0,63,0,0,2,0,1
1099720,Marcus Younis,2025,DK1,206,False,13,2,0,28,0,0,0,0,0
1099720,Marcus Younis,2025,AUSF,25580,False,1,1,0,120,0,0,0,0,1
1099720,Marcus Younis,2025,AUS1,25580,False,12,11,1,820,7,3,31,15,3
1099720,Marcus Younis,2025,ACLE,25580,False,4,3,0,300,1,2,6,3,1
1099720,Marcus Younis,2025,23AF,32270,True,4,1,0,25,0,0,1,0,0
1099720,Marcus Younis,2024,PLIC,9715,False,3,2,0,75,1,0,0,0,0
1099720,Marcus Younis,2024,NL2,9715,False,34,26,0,1679,5,4,39,13,1
1099720,Marcus Younis,2024,FS,22976,True,3,2,0,120,1,0,3,0,0
1099720,Marcus Younis,2024,FFAC,36100,False,2,2,0,51,0,0,1,0,0
1099720,Marcus Younis,2023,FFAC,36100,False,2,1,0,34,1,0,2,1,0
1099720,Marcus Younis,2023,AUS1,36100,False,27,10,0,193,1,2,6,2,1
1099720,Marcus Younis,2023,AF19,39276,True,5,4,0,272,3,0,0,0,0
1099720,Marcus Younis,2023,A2SW,38638,False,17,13,0,973,8,5,0,0,4
1099720,Marcus Younis,2022,FS,100451,True,3,3,0,122,1,0,3,2,1
1099720,Marcus Younis,2022,FFAC,36100,False,3,2,0,23,0,0,0,0,0
1099720,Marcus Younis,2022,AUS1,36100,False,1,1,0,8,0,0,0,0,0
1099720,Marcus Younis,2022,A2SW,38638,False,29,27,0,1855,5,5,57,21,5
399997,Daniel Arzani,2026,UNG1,279,False,3,0,0,0,0,0,0,0,0
399997,Daniel Arzani,2026,ELQ,279,False,7,1,0,19,0,0,0,0,0
399997,Daniel Arzani,2025,UNGP,279,False,2,2,0,109,3,1,0,0,0
399997,Daniel Arzani,2025,UNG1,279,False,18,3,0,64,0,0,2,1,0
399997,Daniel Arzani,2025,FS,3433,True,3,1,0,1,0,0,0,0,0
399997,Daniel Arzani,2025,EL,279,False,6,0,0,0,0,0,0,0,0
399997,Daniel Arzani,2025,CLQ,279,False,6,0,0,0,0,0,0,0,0
399997,Daniel Arzani,2025,AUSF,25580,False,1,0,1,0,0,0,0,0,0
399997,Daniel Arzani,2025,AUS1,25580,False,12,8,3,553,1,2,12,5,1
399997,Daniel Arzani,2025,ACLE,25580,False,4,4,0,243,0,0,4,1,0
399997,Daniel Arzani,2024,AUSF,7006,False,4,4,0,326,0,1,7,0,2
399997,Daniel Arzani,2024,AUS1,7006,False,26,25,1,1359,3,5,37,17,2
399997,Daniel Arzani,2023,WMQ1,3433,True,16,4,1,55,0,0,1,1,0
399997,Daniel Arzani,2023,FS,3433,True,4,0,0,0,0,0,0,0,0
399997,Daniel Arzani,2023,FFAC,7006,False,5,4,1,228,0,2,2,1,1
399997,Daniel Arzani,2023,AUSF,7006,False,4,4,0,251,0,0,7,2,4
399997,Daniel Arzani,2023,AUS1,7006,False,27,27,0,1854,4,6,49,19,3
399997,Daniel Arzani,2022,FS,3433,True,5,0,2,0,0,0,0,0,0
399997,Daniel Arzani,2022,FFAC,7006,False,1,0,0,0,0,0,0,0,0
399997,Daniel Arzani,2022,AUS1,71085,False,26,19,6,1014,1,5,22,8,5
399997,Daniel Arzani,2022,AFAC,3433,True,5,0,0,0,0,0,0,0,0
399997,Daniel Arzani,2021,POWM,3433,True,1,0,0,0,0,0,0,0,0
399997,Daniel Arzani,2021,FS,3433,True,1,0,0,0,0,0,0,0,0
399997,Daniel Arzani,2021,FS,32270,True,1,1,0,90,0,0,0,0,0
399997,Daniel Arzani,2021,FIWC,3433,True,4,0,0,0,0,0,0,0,0
399997,Daniel Arzani,2021,FFAC,71085,False,5,5,0,324,3,3,14,4,2
399997,Daniel Arzani,2021,CCB,5026,False,3,2,0,90,0,0,0,0,0
399997,Daniel Arzani,2021,BE2,5026,False,27,13,1,811,1,0,3,1,3
399997,Daniel Arzani,2020,OLYM,53845,True,3,3,0,187,0,0,6,3,0
399997,Daniel Arzani,2020,NLP,200,False,2,1,0,45,0,1,6,1,0
399997,Daniel Arzani,2020,NL2,17596,False,8,6,0,499,1,0,16,8,1
399997,Daniel Arzani,2020,NL1,200,False,18,4,0,58,0,1,5,1,0
399997,Daniel Arzani,2020,FS,32270,True,3,3,0,216,1,0,0,0,0
399997,Daniel Arzani,2020,DKPL,678,False,1,1,0,7,0,0,0,0,0
399997,Daniel Arzani,2020,DKP,678,False,4,1,0,30,0,0,0,0,0
399997,Daniel Arzani,2020,DKMR,678,False,10,2,0,82,0,0,1,0,0
399997,Daniel Arzani,2020,DK1,678,False,9,1,0,1,0,0,0,0,0
399997,Daniel Arzani,2019,WMQ1,3433,True,19,0,4,0,0,0,0,0,0
399997,Daniel Arzani,2019,SFA,371,False,3,1,0,5,0,0,0,0,0
399997,Daniel Arzani,2019,SCP,371,False,4,0,4,0,0,0,0,0,0
399997,Daniel Arzani,2019,SC1,371,False,30,0,20,0,0,0,0,0,0
399997,Daniel Arzani,2019,GB1,281,False,7,0,0,0,0,0,0,0,0
399997,Daniel Arzani,2019,FS,32270,True,1,1,0,90,0,0,0,0,0
399997,Daniel Arzani,2019,FAC,281,False,1,0,0,0,0,0,0,0,0
399997,Daniel Arzani,2019,ELQ,371,False,2,0,2,0,0,0,0,0,0
399997,Daniel Arzani,2019,EL,371,False,8,0,6,0,0,0,0,0,0
399997,Daniel Arzani,2019,CLQ,371,False,6,0,6,0,0,0,0,0,0
399997,Daniel Arzani,2019,23AF,32270,True,6,0,0,0,0,0,0,0,0
399997,Daniel Arzani,2018,SFA,371,False,5,0,5,0,0,0,0,0,0
399997,Daniel Arzani,2018,SCPM,371,False,5,0,5,0,0,0,0,0,0
399997,Daniel Arzani,2018,SCP,371,False,4,0,1,0,0,0,0,0,0
399997,Daniel Arzani,2018,SC1,371,False,31,1,23,23,0,0,0,0,0
399997,Daniel Arzani,2018,GB1,281,False,1,0,0,0,0,0,0,0,0
399997,Daniel Arzani,2018,FS,3433,True,5,1,4,25,0,0,0,0,0
399997,Daniel Arzani,2018,ELQ,371,False,2,0,0,0,0,0,0,0,0
399997,Daniel Arzani,2018,EL,371,False,8,0,5,0,0,0,0,0,0
399997,Daniel Arzani,2018,AFAC,3433,True,5,0,5,0,0,0,0,0,0
399997,Daniel Arzani,2017,FS,3433,True,2,2,0,23,1,0,1,1,0
399997,Daniel Arzani,2017,FIWC,3433,True,3,3,0,60,0,0,2,1,1
399997,Daniel Arzani,2017,AUSF,25580,False,2,2,0,167,0,0,0,0,2
399997,Daniel Arzani,2017,AUS1,25580,False,27,16,0,1027,2,3,0,0,4
399997,Daniel Arzani,2016,FFAC,25580,False,2,0,0,0,0,0,0,0,0
399997,Daniel Arzani,2016,AUSF,25580,False,1,0,0,0,0,0,0,0,0
399997,Daniel Arzani,2016,AUS1,25580,False,27,6,0,59,0,0,0,0,0
399997,Daniel Arzani,2015,FFAC,25580,False,3,0,0,0,0,0,0,0,0
399997,Daniel Arzani,2014,17WC,32269,True,4,1,0,10,0,0,0,0,0
399997,Daniel Arzani,2013,A168,66880,True,5,3,0,188,1,0,0,0,1
399981,James Delianov,2025,FFAC,5551,False,1,1,0,90,0,0,0,0,0
399981,James Delianov,2025,AUSF,5551,False,2,2,0,210,0,0,0,0,0
399981,James Delianov,2025,AUS1,5551,False,26,26,0,2340,0,0,0,0,1
399981,James Delianov,2024,FFAC,5551,False,5,5,0,480,0,0,0,0,0
399981,James Delianov,2024,AUSF,875,False,1,0,0,0,0,0,0,0,0
399981,James Delianov,2024,AUS1,875,False,26,14,2,1260,0,0,0,0,1
399981,James Delianov,2023,FFAC,875,False,4,4,0,420,0,0,0,0,0
399981,James Delianov,2023,AUS1,875,False,27,16,0,1440,0,0,0,0,0
399981,James Delianov,2022,FFAC,875,False,2,0,0,0,0,0,0,0,0
399981,James Delianov,2022,AUSF,875,False,3,0,0,0,0,0,0,0,0
399981,James Delianov,2022,AUS1,875,False,26,0,0,0,0,0,0,0,0
399981,James Delianov,2021,FFAC,875,False,3,0,0,0,0,0,0,0,0
399981,James Delianov,2021,AUSF,875,False,3,0,3,0,0,0,0,0,0
399981,James Delianov,2021,AUS1,875,False,26,6,20,481,0,0,0,0,0
399981,James Delianov,2020,FFAC,875,False,3,0,1,0,0,0,0,0,0
399981,James Delianov,2020,AUSF,875,False,2,2,0,180,0,0,0,0,0
399981,James Delianov,2020,AUS1,875,False,26,16,0,1440,0,0,0,0,0
399981,James Delianov,2019,AUSF,71084,False,2,0,0,0,0,0,0,0,0
399981,James Delianov,2019,AUS1,71084,False,26,0,0,0,0,0,0,0,0
399981,James Delianov,2018,AUSF,25580,False,1,0,0,0,0,0,0,0,0
399981,James Delianov,2018,AUS1,25580,False,27,1,0,90,0,0,0,0,0
399981,James Delianov,2017,FFAC,25580,False,3,0,0,0,0,0,0,0,0
399981,James Delianov,2017,AUSF,25580,False,2,0,0,0,0,0,0,0,0
399981,James Delianov,2017,AUS1,25580,False,27,0,0,0,0,0,0,0,0
399981,James Delianov,2017,A198,39276,True,4,4,0,360,0,0,0,0,0
399981,James Delianov,2016,FFAC,25580,False,2,0,0,0,0,0,0,0,0
399981,James Delianov,2014,17WC,32269,True,4,0,0,0,0,0,0,0,0
399981,James Delianov,2013,A168,66880,True,5,0,0,0,0,0,0,0,0
1336425,Alex Nassiep,2025,FFAC,5551,False,1,0,0,0,0,0,0,0,0
1336425,Alex Nassiep,2025,AUSF,5551,False,2,0,0,0,0,0,0,0,0
1336425,Alex Nassiep,2025,AUS1,5551,False,26,0,0,0,0,0,0,0,0
1336425,Alex Nassiep,2024,FFAC,71084,False,1,0,0,0,0,0,0,0,0
1336425,Alex Nassiep,2024,FFAC,5551,False,1,0,0,0,0,0,0,0,0
1336425,Alex Nassiep,2024,AUSF,71084,False,3,0,0,0,0,0,0,0,0
1336425,Alex Nassiep,2024,AUS1,71084,False,12,0,0,0,0,0,0,0,0
1336425,Alex Nassiep,2021,AF16,66880,True,3,1,0,90,0,0,0,0,0
471494,Noah James,2025,AUSF,5551,False,2,0,0,0,0,0,0,0,0
471494,Noah James,2025,AUS1,5551,False,26,0,10,0,0,0,0,0,0
471494,Noah James,2024,FFAC,5551,False,5,0,5,0,0,0,0,0,0
471494,Noah James,2024,AUS1,5551,False,26,7,2,630,0,0,0,0,1
471494,Noah James,2023,FFAC,5551,False,3,0,0,0,0,0,0,0,0
471494,Noah James,2023,AUS1,5551,False,10,0,0,0,0,0,0,0,0
471494,Noah James,2023,A2SW,3747,False,21,21,0,1890,0,0,0,0,1
471494,Noah James,2022,FFAC,5551,False,2,0,0,0,0,0,0,0,0
471494,Noah James,2022,AUS1,5551,False,26,0,0,0,0,0,0,0,0
471494,Noah James,2021,FFAC,5551,False,1,0,0,0,0,0,0,0,0
471494,Noah James,2021,AUS1,5551,False,8,0,0,0,0,0,0,0,0
471494,Noah James,2021,A2VI,22555,False,19,6,0,540,0,0,0,0,0
471494,Noah James,2020,AUS1,36100,False,26,0,0,0,0,0,0,0,0
471494,Noah James,2019,AUS1,5551,False,26,1,0,90,0,0,0,0,0
471494,Noah James,2019,AU2C,39276,True,3,1,0,90,0,0,0,0,0
471494,Noah James,2018,FFAC,5551,False,3,0,0,0,0,0,0,0,0
471494,Noah James,2018,AUS1,5551,False,27,0,0,0,0,0,0,0,0
471494,Noah James,2018,ACLQ,5551,False,2,0,0,0,0,0,0,0,0
471494,Noah James,2017,FFAC,5551,False,2,0,0,0,0,0,0,0,0
813296,Mark Natta,2026,IT2,1429,False,1,0,0,0,0,0,0,0,0
813296,Mark Natta,2026,CIT,1429,False,1,0,0,0,0,0,0,0,0
813296,Mark Natta,2025,AUSF,5551,False,2,2,0,210,0,0,3,2,1
813296,Mark Natta,2025,AUS1,5551,False,26,21,0,1890,1,1,6,4,1
813296,Mark Natta,2024,FFAC,5551,False,5,2,0,210,0,0,0,0,0
813296,Mark Natta,2024,AUS1,5551,False,26,22,0,1821,1,1,6,1,1
813296,Mark Natta,2023,W23C,32270,True,3,2,0,180,0,0,0,0,0
813296,Mark Natta,2023,FS,32270,True,2,1,0,90,0,0,0,0,0
813296,Mark Natta,2023,FFAC,5551,False,3,3,0,247,1,1,1,1,1
813296,Mark Natta,2023,AUS1,5551,False,27,24,2,2147,1,0,5,1,1
813296,Mark Natta,2023,A23Q,32270,True,2,0,0,0,0,0,0,0,0
813296,Mark Natta,2023,23AF,32270,True,3,1,0,29,0,0,0,0,0
813296,Mark Natta,2022,FS,32270,True,5,1,0,90,0,0,0,0,0
813296,Mark Natta,2022,FFAC,5551,False,2,2,0,240,0,0,2,1,0
813296,Mark Natta,2022,AUS1,5551,False,26,20,0,1273,0,0,2,0,1
813296,Mark Natta,2021,FFAC,5551,False,1,1,0,7,0,0,0,0,0
813296,Mark Natta,2021,AUS1,36100,False,26,4,0,280,0,0,1,1,1
813296,Mark Natta,2020,FFAC,36100,False,2,0,0,0,0,0,0,0,0
813296,Mark Natta,2020,AUS1,36100,False,26,19,0,1548,0,0,8,0,1
1286282,Jordan Baylis,2025,FFAC,5551,False,1,0,0,0,0,0,0,0,0
1286282,Jordan Baylis,2025,AUSF,5551,False,1,0,0,0,0,0,0,0,0
1286282,Jordan Baylis,2025,AUS1,5551,False,10,0,0,0,0,0,0,0,0
1286282,Jordan Baylis,2024,FFAC,5551,False,5,0,0,0,0,0,0,0,0
1286282,Jordan Baylis,2024,AUS1,5551,False,2,0,0,0,0,0,0,0,0
1286282,Jordan Baylis,2023,FFAC,5551,False,2,0,0,0,0,0,0,0,0
660145,Daniel Wilmering,2025,FFAC,5551,False,1,1,0,90,0,0,2,0,0
660145,Daniel Wilmering,2025,AUSF,5551,False,2,2,0,210,0,1,0,0,1
660145,Daniel Wilmering,2025,AUS1,5551,False,26,23,3,2070,1,7,11,2,1
660145,Daniel Wilmering,2024,FFAC,5551,False,5,5,0,466,2,2,2,1,0
660145,Daniel Wilmering,2024,AUS1,5551,False,26,26,0,2088,1,1,11,2,4
660145,Daniel Wilmering,2023,FFAC,5551,False,3,3,0,242,0,0,1,0,0
660145,Daniel Wilmering,2023,AUS1,5551,False,27,22,0,1019,0,2,8,3,1
660145,Daniel Wilmering,2022,FFAC,5551,False,2,2,0,39,0,0,0,0,0
660145,Daniel Wilmering,2022,AUSF,36100,False,1,1,0,8,0,0,0,0,0
660145,Daniel Wilmering,2022,AUS1,36100,False,26,9,0,284,0,1,3,1,0
660145,Daniel Wilmering,2022,A2SW,38638,False,15,12,0,1080,0,1,8,1,0
660145,Daniel Wilmering,2021,AUS1,36100,False,26,0,0,0,0,0,0,0,0
660145,Daniel Wilmering,2020,FFAC,36100,False,2,0,0,0,0,0,0,0,0
660145,Daniel Wilmering,2020,AUS1,36100,False,26,14,0,1041,1,2,3,2,1
660145,Daniel Wilmering,2019,AUS1,36100,False,26,9,0,703,0,0,1,1,1
660145,Daniel Wilmering,2018,FFAC,36100,False,3,1,0,26,0,0,0,0,0
660145,Daniel Wilmering,2018,AUS1,36100,False,6,0,0,0,0,0,0,0,0
1105789,Joel Bertolissio,2025,FFAC,5551,False,1,1,0,90,0,0,0,0,0
1105789,Joel Bertolissio,2025,AUSF,5551,False,2,2,0,210,0,0,1,0,1
1105789,Joel Bertolissio,2025,AUS1,5551,False,26,25,0,1976,1,1,13,4,3
1105789,Joel Bertolissio,2024,FFAC,5551,False,4,0,0,0,0,0,0,0,0
1105789,Joel Bertolissio,2024,FFAC,11419,False,1,1,0,90,0,1,1,1,0
1105789,Joel Bertolissio,2024,AUS1,71085,False,6,0,0,0,0,0,0,0,0
1105789,Joel Bertolissio,2024,A2SW,11419,False,26,25,0,2094,0,2,0,0,4
1105789,Joel Bertolissio,2023,FFAC,71085,False,5,0,0,0,0,0,0,0,0
1105789,Joel Bertolissio,2023,AUSF,71085,False,1,0,0,0,0,0,0,0,0
1105789,Joel Bertolissio,2023,AUS1,71085,False,24,2,0,5,0,0,0,0,0
1105789,Joel Bertolissio,2023,AFCC,71085,False,8,0,0,0,0,0,0,0,0
1105789,Joel Bertolissio,2022,FFAC,71085,False,2,1,0,25,0,0,0,0,0
1105789,Joel Bertolissio,2022,AUS1,71085,False,12,1,0,12,0,0,0,0,0
1105789,Joel Bertolissio,2022,A2SW,86096,False,30,26,0,2321,1,0,12,4,3
1105789,Joel Bertolissio,2021,A2SW,86096,False,22,0,0,0,0,0,0,0,0
652486,Thomas Aquilina,2025,FFAC,5551,False,1,1,0,28,0,0,0,0,0
652486,Thomas Aquilina,2025,AUSF,5551,False,2,0,2,0,0,0,0,0,0
652486,Thomas Aquilina,2025,AUS1,5551,False,26,10,8,467,0,0,2,0,0
652486,Thomas Aquilina,2024,FFAC,5551,False,5,4,1,332,0,2,3,1,1
652486,Thomas Aquilina,2024,AUS1,5551,False,26,26,0,2304,2,6,33,10,3
652486,Thomas Aquilina,2023,FFAC,5551,False,3,3,0,264,3,0,7,4,0
652486,Thomas Aquilina,2023,AUS1,5551,False,27,16,4,991,0,2,14,5,2
652486,Thomas Aquilina,2022,FS,32270,True,1,1,0,90,0,0,0,0,0
652486,Thomas Aquilina,2022,FFAC,5551,False,2,1,0,120,0,0,0,0,0
652486,Thomas Aquilina,2022,AUS1,6954,False,15,12,0,723,0,1,8,4,1
652486,Thomas Aquilina,2022,AUS1,5551,False,11,11,0,588,0,0,2,0,2
652486,Thomas Aquilina,2021,FFAC,6954,False,1,1,0,54,0,1,0,0,0
652486,Thomas Aquilina,2021,AUS1,36100,False,26,17,0,1261,0,2,8,0,3
652486,Thomas Aquilina,2020,FFAC,36100,False,2,0,0,0,0,0,0,0,0
652486,Thomas Aquilina,2020,AUS1,36100,False,26,23,0,1624,0,2,17,1,0
652486,Thomas Aquilina,2019,AU2C,39276,True,3,2,0,135,0,0,0,0,0
652486,Thomas Aquilina,2019,A2SW,38638,False,1,1,0,90,0,0,1,0,0
1432453,Max Cooper,2025,FS,22976,True,2,1,0,90,0,0,0,0,0
1432453,Max Cooper,2025,FFAC,5551,False,1,1,0,90,0,0,0,0,0
1432453,Max Cooper,2025,AUSF,5551,False,2,0,0,0,0,0,0,0,0
1432453,Max Cooper,2025,AUS1,5551,False,26,9,1,679,0,0,0,0,2
1432453,Max Cooper,2025,AF19,39276,True,4,1,0,65,0,0,0,0,0
1432453,Max Cooper,2024,FFAC,5551,False,5,4,1,360,0,0,0,0,0
206836,Aleksandar Susnjar,2025,UZ1,15309,False,18,16,0,1384,0,1,0,0,5
206836,Aleksandar Susnjar,2025,KOBU,15309,False,3,2,0,180,0,1,0,0,1
206836,Aleksandar Susnjar,2025,AUS1,5551,False,12,5,0,450,0,0,3,1,1
206836,Aleksandar Susnjar,2024,FFAC,5551,False,5,4,0,390,0,0,2,1,4
206836,Aleksandar Susnjar,2024,AUS1,5551,False,26,16,9,1238,1,0,13,5,4
206836,Aleksandar Susnjar,2023,SER1,4633,False,5,3,0,204,0,0,0,0,1
206836,Aleksandar Susnjar,2023,FFAC,5551,False,3,3,0,122,0,1,0,0,0
206836,Aleksandar Susnjar,2023,AUS1,970,False,27,21,3,1764,2,1,9,4,7
206836,Aleksandar Susnjar,2022,AUS1,71085,False,26,5,0,326,0,0,4,0,3
206836,Aleksandar Susnjar,2021,FFAC,71085,False,5,1,0,90,0,1,0,0,0
206836,Aleksandar Susnjar,2021,AUS1,71085,False,26,19,0,1587,1,1,11,3,7
206836,Aleksandar Susnjar,2020,TSP,5546,False,1,0,0,0,0,0,0,0,0
206836,Aleksandar Susnjar,2020,TS1,5546,False,5,0,0,0,0,0,0,0,0
206836,Aleksandar Susnjar,2020,FFAC,71085,False,2,1,0,90,0,0,0,0,0
206836,Aleksandar Susnjar,2020,AUSF,71085,False,2,2,0,210,0,0,3,0,1
206836,Aleksandar Susnjar,2020,AUS1,71085,False,26,24,0,2045,1,0,11,4,6
206836,Aleksandar Susnjar,2019,TSP,5546,False,1,0,0,0,0,0,0,0,0
206836,Aleksandar Susnjar,2019,TS1,5546,False,10,0,0,0,0,0,0,0,0
206836,Aleksandar Susnjar,2019,T1EL,5546,False,5,0,0,0,0,0,0,0,0
206836,Aleksandar Susnjar,2018,TS1,5546,False,4,2,1,140,0,0,0,0,1
206836,Aleksandar Susnjar,2018,SLO1,1443,False,18,12,0,994,0,0,0,0,1
206836,Aleksandar Susnjar,2018,SKC,1443,False,4,2,0,180,0,1,0,0,1
206836,Aleksandar Susnjar,2018,SK2,20634,False,1,1,0,90,0,0,0,0,0
206836,Aleksandar Susnjar,2018,RSK2,2582,False,36,28,5,2461,0,0,0,0,9
206836,Aleksandar Susnjar,2018,RKPO,2582,False,1,1,0,90,0,0,0,0,0
206836,Aleksandar Susnjar,2018,KREG,2582,False,3,3,0,270,0,0,1,1,1
206836,Aleksandar Susnjar,2017,TSP,814,False,3,2,0,135,0,0,0,0,0
206836,Aleksandar Susnjar,2017,TSP,5546,False,2,0,1,0,0,0,0,0,0
206836,Aleksandar Susnjar,2017,TS1,814,False,16,14,1,1215,0,0,0,0,3
206836,Aleksandar Susnjar,2017,TS1,5546,False,14,7,1,622,0,1,0,0,3
206836,Aleksandar Susnjar,2017,FS,3433,True,2,1,0,38,0,0,0,0,0
206836,Aleksandar Susnjar,2017,CZJ2,22729,False,1,1,0,90,0,0,0,0,0
206836,Aleksandar Susnjar,2017,23AF,32270,True,3,3,0,270,0,0,0,0,1
206836,Aleksandar Susnjar,2016,TS1,814,False,14,13,1,1170,0,1,0,0,6
206836,Aleksandar Susnjar,2016,ROMP,8104,False,2,0,0,0,0,0,0,0,0
206836,Aleksandar Susnjar,2016,ROCL,8104,False,1,0,0,0,0,0,0,0,0
206836,Aleksandar Susnjar,2016,RO1,8104,False,21,18,3,1579,0,1,0,0,6
206836,Aleksandar Susnjar,2015,SERP,9937,False,2,1,0,90,0,0,0,0,1
206836,Aleksandar Susnjar,2015,SER2,9937,False,30,23,0,1356,1,0,0,0,0
206836,Aleksandar Susnjar,2015,LTP2,31409,False,1,1,0,120,0,0,0,0,0
206836,Aleksandar Susnjar,2015,LI1,31409,False,16,14,0,1260,1,1,0,0,7
206836,Aleksandar Susnjar,2014,LTVP,3850,False,1,0,0,0,0,0,0,0,0
206836,Aleksandar Susnjar,2014,ELQ,3850,False,2,2,0,180,1,1,0,0,2
206836,Aleksandar Susnjar,2013,LTVP,3850,False,1,0,0,0,0,0,0,0,0
206836,Aleksandar Susnjar,2013,LI1,3850,False,36,22,0,1548,5,1,0,0,8
206836,Aleksandar Susnjar,2012,LI1,3850,False,14,8,0,720,0,1,0,0,1
206836,Aleksandar Susnjar,2011,U17Q,21136,True,3,1,0,1,0,0,0,0,0
206836,Aleksandar Susnjar,2011,FS,21136,True,1,0,0,0,0,0,0,0,0
119574,Joe Shaughnessy,2025,FFAC,5551,False,1,0,0,0,0,0,0,0,0
119574,Joe Shaughnessy,2025,AUSF,5551,False,2,2,0,195,0,0,1,1,1
119574,Joe Shaughnessy,2025,AUS1,5551,False,26,20,3,1458,1,0,9,2,1
119574,Joe Shaughnessy,2024,SFA,511,False,3,2,0,98,1,0,1,1,0
119574,Joe Shaughnessy,2024,SCPA,511,False,5,5,0,424,0,0,2,2,1
119574,Joe Shaughnessy,2024,SCP,511,False,6,0,6,0,0,0,0,0,0
119574,Joe Shaughnessy,2024,SC1,511,False,33,6,19,487,1,1,7,4,2
119574,Joe Shaughnessy,2024,FFAC,5551,False,5,0,1,0,0,0,0,0,0
119574,Joe Shaughnessy,2023,SFA,511,False,1,1,0,90,0,0,0,0,0
119574,Joe Shaughnessy,2023,SCPM,511,False,5,0,5,0,0,0,0,0,0
119574,Joe Shaughnessy,2023,SCP,511,False,4,4,0,360,0,0,4,2,0
119574,Joe Shaughnessy,2023,SC1,511,False,33,33,0,2845,4,1,17,6,2
119574,Joe Shaughnessy,2022,SFA,465,False,2,2,0,28,0,0,0,0,0
119574,Joe Shaughnessy,2022,SCPM,465,False,5,4,0,360,1,0,2,1,0
119574,Joe Shaughnessy,2022,SCP,465,False,4,4,0,292,0,1,3,0,0
119574,Joe Shaughnessy,2022,SC1,465,False,33,18,0,1045,0,2,10,3,1
119574,Joe Shaughnessy,2021,SFA,465,False,3,3,0,248,0,0,1,0,0
119574,Joe Shaughnessy,2021,SCPA,465,False,5,4,1,360,0,0,0,0,0
119574,Joe Shaughnessy,2021,SCP,465,False,5,3,0,300,1,0,3,1,1
119574,Joe Shaughnessy,2021,SC1,465,False,33,32,0,2880,3,0,27,10,5
119574,Joe Shaughnessy,2020,SFA,465,False,4,4,0,390,1,0,3,3,1
119574,Joe Shaughnessy,2020,SCPA,465,False,5,3,0,265,0,0,0,0,1
119574,Joe Shaughnessy,2020,SCP,465,False,7,6,0,499,0,1,3,0,0
119574,Joe Shaughnessy,2020,SC1,465,False,33,30,2,2627,1,1,24,5,5
119574,Joe Shaughnessy,2019,GBFL,2793,False,3,2,0,180,0,0,1,0,0
119574,Joe Shaughnessy,2019,GB3,2793,False,35,16,0,1310,0,0,3,0,2
119574,Joe Shaughnessy,2019,FAC,2793,False,1,1,0,60,0,0,0,0,0
119574,Joe Shaughnessy,2019,CGB,2793,False,2,2,0,180,0,0,0,0,0
119574,Joe Shaughnessy,2018,SSC,67279,False,1,1,0,90,0,0,0,0,0
119574,Joe Shaughnessy,2018,SFA,2578,False,2,2,0,180,0,0,0,0,0
119574,Joe Shaughnessy,2018,SCPA,2578,False,5,2,0,91,0,0,0,0,0
119574,Joe Shaughnessy,2018,SCP,2578,False,6,2,4,210,0,0,1,0,0
119574,Joe Shaughnessy,2018,SC1,2578,False,33,31,2,2790,3,0,11,7,1
119574,Joe Shaughnessy,2017,SFA,2578,False,2,2,0,180,0,0,0,0,0
119574,Joe Shaughnessy,2017,SCPA,2578,False,5,5,0,450,1,0,0,0,1
119574,Joe Shaughnessy,2017,SCP,2578,False,1,1,0,90,0,0,0,0,0
119574,Joe Shaughnessy,2017,SC1,2578,False,33,33,0,2970,0,0,0,0,2
119574,Joe Shaughnessy,2017,ELQ,2578,False,2,2,0,180,1,0,0,0,1
119574,Joe Shaughnessy,2016,SFA,2578,False,2,2,0,180,0,0,0,0,0
119574,Joe Shaughnessy,2016,SCP,2578,False,6,6,0,529,1,1,0,0,1
119574,Joe Shaughnessy,2016,SC1,2578,False,38,38,0,3375,1,0,0,0,1
119574,Joe Shaughnessy,2015,SFA,2578,False,1,1,0,90,0,0,0,0,0
119574,Joe Shaughnessy,2015,SCP,2578,False,3,3,0,270,1,0,0,0,1
119574,Joe Shaughnessy,2015,SC1,2578,False,38,37,0,3157,1,6,0,0,2
119574,Joe Shaughnessy,2015,ELQ,2578,False,2,2,0,180,0,0,0,0,0
119574,Joe Shaughnessy,2014,SSC,1191,False,1,1,0,90,0,0,0,0,0
119574,Joe Shaughnessy,2014,SFA,1191,False,1,0,0,0,0,0,0,0,0
119574,Joe Shaughnessy,2014,SCP,370,False,1,0,0,0,0,0,0,0,0
119574,Joe Shaughnessy,2014,SCP,1191,False,1,1,0,90,0,0,0,0,0
119574,Joe Shaughnessy,2014,SC2,1191,False,14,9,0,765,0,0,0,0,3
119574,Joe Shaughnessy,2014,SC1,370,False,24,3,0,147,0,0,0,0,1
119574,Joe Shaughnessy,2014,ELQ,370,False,6,0,0,0,0,0,0,0,0
119574,Joe Shaughnessy,2013,U21Q,21103,True,6,1,0,90,0,0,0,0,0
119574,Joe Shaughnessy,2013,SFA,370,False,4,1,0,1,0,0,0,0,0
119574,Joe Shaughnessy,2013,SCP,370,False,5,2,0,104,1,1,0,0,0
119574,Joe Shaughnessy,2013,SC1,370,False,38,26,1,1832,0,1,0,0,3
119574,Joe Shaughnessy,2012,SFA,370,False,3,3,0,270,1,1,0,0,1
119574,Joe Shaughnessy,2012,SCP,370,False,3,0,0,0,0,0,0,0,0
119574,Joe Shaughnessy,2012,SC1,370,False,38,23,0,1886,0,0,0,0,4
119574,Joe Shaughnessy,2012,FS,21103,True,3,3,0,135,0,0,0,0,0
119574,Joe Shaughnessy,2011,SFA,3016,False,3,2,0,180,0,0,0,0,0
119574,Joe Shaughnessy,2011,SCP,370,False,1,0,0,0,0,0,0,0,0
119574,Joe Shaughnessy,2011,SC3,3016,False,26,26,0,2317,3,0,0,0,4
119574,Joe Shaughnessy,2011,SC1,370,False,7,0,0,0,0,0,0,0,0
119574,Joe Shaughnessy,2010,U19Q,23102,True,3,1,0,90,0,0,0,0,0
119574,Joe Shaughnessy,2010,SFA,370,False,5,0,0,0,0,0,0,0,0
119574,Joe Shaughnessy,2010,SCP,370,False,4,0,0,0,0,0,0,0,0
119574,Joe Shaughnessy,2010,SC1,370,False,38,1,0,90,0,0,0,0,0
119574,Joe Shaughnessy,2010,FS,23102,True,2,2,0,135,0,0,0,0,0
119574,Joe Shaughnessy,2010,19EU,23102,True,4,3,0,190,0,0,0,0,0
119574,Joe Shaughnessy,2009,SFA,370,False,3,0,0,0,0,0,0,0,0
119574,Joe Shaughnessy,2009,SC1,370,False,26,0,0,0,0,0,0,0,0
1145210,Richard Nkomo,2025,FS,100451,True,2,1,0,59,0,0,0,0,0
1145210,Richard Nkomo,2025,FFAC,6981,False,2,1,0,8,0,0,0,0,0
1145210,Richard Nkomo,2025,AUSF,5551,False,2,0,0,0,0,0,0,0,0
1145210,Richard Nkomo,2025,AUS1,5551,False,26,1,1,45,0,0,0,0,0
1145210,Richard Nkomo,2025,A2VI,6981,False,7,4,0,137,0,0,0,0,0
1145210,Richard Nkomo,2024,FS,100451,True,4,4,0,123,0,0,0,0,1
1145210,Richard Nkomo,2024,FFAC,5551,False,1,0,0,0,0,0,0,0,0
1145210,Richard Nkomo,2024,A2SW,38638,False,21,16,0,1376,2,2,0,0,1
1145210,Richard Nkomo,2023,A2SW,38638,False,9,7,0,369,1,0,0,0,0
1145210,Richard Nkomo,2023,A2SW,19820,False,14,12,0,1006,0,0,0,0,1
1145210,Richard Nkomo,2022,A2SW,19820,False,3,3,0,245,0,1,0,0,0
1145210,Richard Nkomo,2022,A168,32269,True,4,2,0,135,0,0,1,1,1
1263486,Ben Van Dorssen,2025,AUSF,5551,False,2,0,0,0,0,0,0,0,0
1263486,Ben Van Dorssen,2025,AUS1,5551,False,26,0,0,0,0,0,0,0,0
1263486,Ben Van Dorssen,2024,FFAC,5551,False,5,0,0,0,0,0,0,0,0
1263486,Ben Van Dorssen,2024,AUS1,5551,False,26,0,0,0,0,0,0,0,0
1263486,Ben Van Dorssen,2023,FFAC,5551,False,3,0,0,0,0,0,0,0,0
1263486,Ben Van Dorssen,2023,AF19,39276,True,5,5,0,307,0,0,0,0,0
957230,Alex Badolato,2025,FS,22976,True,1,0,0,0,0,0,0,0,0
957230,Alex Badolato,2025,FFAC,5551,False,1,0,0,0,0,0,0,0,0
957230,Alex Badolato,2025,AUSF,5551,False,2,0,2,0,0,0,0,0,0
957230,Alex Badolato,2025,AUS1,5551,False,26,11,15,899,4,3,28,8,2
957230,Alex Badolato,2024,FS,22976,True,4,1,0,45,0,0,0,0,0
957230,Alex Badolato,2024,FFAC,5551,False,5,4,1,339,1,2,5,1,2
957230,Alex Badolato,2024,AUSF,7006,False,4,3,1,37,0,0,2,1,0
957230,Alex Badolato,2024,AUS1,7006,False,10,6,4,174,0,0,6,4,1
957230,Alex Badolato,2024,AUS1,36100,False,16,2,1,34,0,0,0,0,1
957230,Alex Badolato,2024,AU2C,22976,True,4,3,0,270,1,0,0,0,2
957230,Alex Badolato,2024,A920,22976,True,6,5,0,472,2,3,9,3,1
957230,Alex Badolato,2024,20WC,22976,True,3,3,0,204,0,0,1,0,0
957230,Alex Badolato,2023,FS,22976,True,6,3,0,213,0,0,0,0,0
957230,Alex Badolato,2023,FFAC,36100,False,3,3,0,175,1,0,6,2,0
957230,Alex Badolato,2023,AUS1,36100,False,27,12,0,695,0,2,15,5,1
957230,Alex Badolato,2023,A2SW,38638,False,27,13,0,1065,3,2,0,0,1
957230,Alex Badolato,2022,FS,22976,True,4,3,0,142,1,0,0,0,0
957230,Alex Badolato,2022,FS,100451,True,3,3,0,174,0,0,1,0,0
957230,Alex Badolato,2022,FFAC,36100,False,3,0,0,0,0,0,0,0,0
957230,Alex Badolato,2022,AUSF,36100,False,1,0,0,0,0,0,0,0,0
957230,Alex Badolato,2022,AUS1,36100,False,26,4,0,36,0,0,0,0,0
957230,Alex Badolato,2022,AU2C,22976,True,3,3,0,117,0,0,0,0,0
957230,Alex Badolato,2022,A920,22976,True,4,4,0,143,1,1,4,2,2
957230,Alex Badolato,2022,A2SW,38638,False,30,26,0,1605,4,1,46,15,1
957230,Alex Badolato,2021,AUS1,36100,False,26,2,0,47,0,0,1,0,0
957230,Alex Badolato,2020,FFAC,36100,False,2,0,0,0,0,0,0,0,0
957230,Alex Badolato,2020,AUS1,36100,False,25,0,0,0,0,0,0,0,0
1299227,Will Dobson,2025,FS,22976,True,2,2,0,119,1,0,2,1,0
1299227,Will Dobson,2025,FFAC,5551,False,1,1,0,90,1,0,4,1,0
1299227,Will Dobson,2025,AUSF,5551,False,2,2,0,134,0,0,1,0,1
1299227,Will Dobson,2025,AUS1,5551,False,26,24,2,1693,4,3,39,19,2
1299227,Will Dobson,2024,FFAC,5551,False,5,5,0,173,1,0,1,1,0
1299227,Will Dobson,2024,AUS1,5551,False,26,12,0,184,0,1,8,2,0
1299227,Will Dobson,2023,FFAC,5551,False,1,0,0,0,0,0,0,0,0
500924,Kosta Grozos,2025,FFAC,71085,False,2,1,0,48,0,0,1,0,0
500924,Kosta Grozos,2025,AUSF,5551,False,2,2,0,34,0,0,0,0,0
500924,Kosta Grozos,2025,AUS1,5551,False,26,18,5,1208,0,2,3,0,2
500924,Kosta Grozos,2024,FFAC,5551,False,5,5,0,353,0,1,2,0,2
500924,Kosta Grozos,2024,AUS1,5551,False,26,24,2,2089,2,0,15,5,2
500924,Kosta Grozos,2023,FFAC,5551,False,3,3,0,270,1,0,2,1,1
500924,Kosta Grozos,2023,AUS1,5551,False,27,27,0,2181,1,4,19,7,4
500924,Kosta Grozos,2022,FFAC,5551,False,2,2,0,129,0,0,1,1,0
500924,Kosta Grozos,2022,AUS1,5551,False,26,23,0,1139,2,1,21,12,2
500924,Kosta Grozos,2021,FFAC,5551,False,1,1,0,83,0,0,3,2,0
500924,Kosta Grozos,2021,AUS1,5551,False,26,20,0,829,0,0,8,0,0
500924,Kosta Grozos,2020,AUS1,36100,False,26,1,0,10,0,0,0,0,0
500924,Kosta Grozos,2019,AUS1,36100,False,26,7,0,145,0,0,6,2,1
500924,Kosta Grozos,2019,A2SW,38638,False,1,1,0,90,0,0,3,1,1
500924,Kosta Grozos,2018,FFAC,36100,False,3,1,0,21,0,0,0,0,0
500924,Kosta Grozos,2018,AUS1,36100,False,27,0,0,0,0,0,0,0,0
500924,Kosta Grozos,2017,FFAC,36100,False,4,2,0,116,0,0,0,0,0
500924,Kosta Grozos,2017,AUS1,36100,False,15,0,0,0,0,0,0,0,0
343049,Max Burgess,2025,FFAC,5551,False,1,1,0,90,0,0,0,0,1
343049,Max Burgess,2025,AUSF,5551,False,2,2,0,191,0,0,3,1,1
343049,Max Burgess,2025,AUS1,5551,False,26,24,2,2027,0,2,23,3,4
343049,Max Burgess,2024,FFAC,5551,False,5,5,0,388,2,3,11,2,0
343049,Max Burgess,2024,AUS1,8054,False,26,3,1,172,0,0,3,1,0
343049,Max Burgess,2024,ACL2,8054,False,12,4,0,129,0,2,2,1,0
343049,Max Burgess,2023,FFAC,8054,False,1,0,1,0,0,0,0,0,0
343049,Max Burgess,2023,AUSF,8054,False,3,3,0,180,0,1,11,5,0
343049,Max Burgess,2023,AUS1,8054,False,27,19,5,828,2,1,24,9,4
343049,Max Burgess,2022,FFAC,8054,False,5,3,2,112,0,0,1,0,0
343049,Max Burgess,2022,AUSF,8054,False,3,3,0,199,0,0,3,1,0
343049,Max Burgess,2022,AUS1,8054,False,26,23,2,1459,2,4,36,12,4
343049,Max Burgess,2021,FFAC,8054,False,3,3,0,267,1,2,11,3,0
343049,Max Burgess,2021,AUS1,8054,False,26,23,0,1123,3,4,25,7,2
343049,Max Burgess,2021,AFCL,8054,False,6,5,0,279,0,0,2,1,1
343049,Max Burgess,2021,ACLQ,8054,False,1,1,0,61,0,0,2,1,0
343049,Max Burgess,2020,FFAC,8054,False,4,4,0,314,0,0,10,3,0
343049,Max Burgess,2020,AUS1,71084,False,26,1,0,27,0,0,0,0,1
343049,Max Burgess,2019,AUSF,71084,False,2,2,0,178,0,0,4,2,0
343049,Max Burgess,2019,AUS1,71084,False,26,22,0,1295,7,6,30,11,1
343049,Max Burgess,2018,NZL1,30746,False,1,1,0,90,0,0,0,0,1
343049,Max Burgess,2018,AUSF,8445,False,1,1,0,90,0,0,1,0,1
343049,Max Burgess,2018,AUS1,8445,False,27,22,0,690,0,3,17,5,2
343049,Max Burgess,2017,POPO,976,False,4,0,0,0,0,0,0,0,0
343049,Max Burgess,2017,POCP,976,False,3,1,0,7,0,0,0,0,0
343049,Max Burgess,2017,PO2,976,False,18,1,0,9,0,0,0,0,0
343049,Max Burgess,2015,AUS1,8054,False,4,0,0,0,0,0,0,0,0
343049,Max Burgess,2015,AFCL,8054,False,6,0,0,0,0,0,0,0,0
343049,Max Burgess,2014,AUS1,8054,False,1,1,0,1,0,0,0,0,0
343049,Max Burgess,2014,AUS1,5551,False,5,5,0,140,0,0,0,0,1
1251566,Alex Nunes,2025,FFAC,5551,False,1,1,0,90,0,0,1,0,0
1251566,Alex Nunes,2025,AUSF,5551,False,2,0,0,0,0,0,0,0,0
1251566,Alex Nunes,2025,AUS1,5551,False,26,8,0,55,0,0,3,1,0
1251566,Alex Nunes,2025,AF19,39276,True,4,2,0,95,2,1,0,0,0
1251566,Alex Nunes,2024,FFAC,5551,False,5,4,0,64,1,1,1,1,0
1251566,Alex Nunes,2024,AUS1,5551,False,26,0,0,0,0,0,0,0,0
1251566,Alex Nunes,2023,FFAC,5551,False,3,1,0,18,0,0,0,0,0
1286283,Christian Bracco,2025,AUSF,5551,False,2,0,2,0,0,0,0,0,0
1286283,Christian Bracco,2025,AUS1,5551,False,26,5,15,92,0,0,0,0,0
1286283,Christian Bracco,2024,FFAC,5551,False,4,3,0,192,0,0,0,0,0
1286283,Christian Bracco,2024,AUS1,5551,False,5,2,0,7,0,0,0,0,0
1286283,Christian Bracco,2023,FFAC,5551,False,3,2,0,34,0,0,0,0,0
899856,Eli Adams,2026,JAP1,596,False,3,2,0,48,0,0,3,0,0
899856,Eli Adams,2026,ACEQ,596,False,1,0,0,0,0,0,0,0,0
899856,Eli Adams,2025,AUSF,5551,False,2,2,0,210,2,0,8,5,0
899856,Eli Adams,2025,AUS1,5551,False,26,21,5,1328,8,4,51,21,2
899856,Eli Adams,2024,FFAC,5551,False,5,2,1,64,1,1,7,3,1
899856,Eli Adams,2024,AUS1,5551,False,26,24,2,1942,9,1,56,17,2
899856,Eli Adams,2023,FFAC,5551,False,3,3,0,84,0,0,0,0,0
899856,Eli Adams,2023,AUSF,7006,False,4,0,0,0,0,0,0,0,0
899856,Eli Adams,2023,AUS1,7006,False,27,10,0,133,1,0,5,2,1
899856,Eli Adams,2022,FFAC,7006,False,1,1,0,77,0,0,2,0,0
899856,Eli Adams,2022,AUS1,7006,False,26,5,0,64,0,0,2,0,0
899856,Eli Adams,2021,FFAC,7006,False,1,0,0,0,0,0,0,0,0
899856,Eli Adams,2021,AUS1,7831,False,26,7,0,282,0,1,7,2,0
899856,Eli Adams,2020,FFAC,7831,False,3,1,0,21,0,0,1,1,0
899856,Eli Adams,2020,AUS1,7831,False,1,1,0,7,0,0,1,0,0
246351,Zach Clough,2025,MYSP,15831,False,6,3,0,136,2,1,0,0,0
246351,Zach Clough,2025,MYS1,15831,False,14,7,0,416,0,0,0,0,0
246351,Zach Clough,2025,FFAC,5551,False,1,1,0,62,0,0,1,0,0
246351,Zach Clough,2025,AUSF,5551,False,2,2,0,44,0,0,0,0,0
246351,Zach Clough,2025,AUS1,5551,False,14,4,10,170,0,0,2,1,0
246351,Zach Clough,2025,ASCC,15831,False,3,2,0,180,1,1,0,0,0
246351,Zach Clough,2025,ACL2,15831,False,6,5,0,355,0,1,0,0,1
246351,Zach Clough,2024,AUSF,875,False,1,1,0,79,0,0,0,0,0
246351,Zach Clough,2024,AUS1,875,False,26,26,0,1876,7,9,47,16,3
246351,Zach Clough,2023,FFAC,875,False,4,4,0,395,0,2,5,2,1
246351,Zach Clough,2023,AUS1,875,False,27,26,1,2142,8,7,48,19,2
246351,Zach Clough,2022,FFAC,875,False,2,2,0,171,2,0,7,3,0
246351,Zach Clough,2022,AUSF,875,False,3,2,1,150,0,0,3,0,0
246351,Zach Clough,2022,AUS1,875,False,26,17,1,1211,3,4,30,11,3
246351,Zach Clough,2021,GBFL,1220,False,5,4,0,228,0,1,3,2,0
246351,Zach Clough,2021,GB4,1220,False,28,17,0,853,2,1,21,10,3
246351,Zach Clough,2021,FFAC,875,False,3,2,0,148,1,2,5,3,0
246351,Zach Clough,2021,FAC,1220,False,2,2,0,125,1,0,5,2,1
246351,Zach Clough,2021,CGB,1220,False,1,0,0,0,0,0,0,0,0
246351,Zach Clough,2021,AUSF,875,False,3,2,0,113,1,0,2,1,0
246351,Zach Clough,2021,AUS1,875,False,15,11,0,608,0,0,5,2,0
246351,Zach Clough,2020,GB3,1071,False,25,13,0,342,1,1,9,3,0
246351,Zach Clough,2020,GB2,703,False,25,0,13,0,0,0,0,0,0
246351,Zach Clough,2020,FAC,703,False,1,0,0,0,0,0,0,0,0
246351,Zach Clough,2020,CGB,703,False,1,0,1,0,0,0,0,0,0
246351,Zach Clough,2019,GB2,703,False,46,0,46,0,0,0,0,0,0
246351,Zach Clough,2019,FAC,703,False,1,0,1,0,0,0,0,0,0
246351,Zach Clough,2019,CGB,703,False,3,0,3,0,0,0,0,0,0
246351,Zach Clough,2018,GBFL,1088,False,4,3,0,245,1,1,6,3,0
246351,Zach Clough,2018,GB3,1088,False,36,9,0,294,0,0,8,4,1
246351,Zach Clough,2018,GB2,703,False,9,0,0,0,0,0,0,0,0
246351,Zach Clough,2018,FAC,703,False,1,0,0,0,0,0,0,0,0
246351,Zach Clough,2018,FAC,1088,False,2,1,0,1,0,0,0,0,0
246351,Zach Clough,2018,CGB,703,False,2,0,0,0,0,0,0,0,0
246351,Zach Clough,2017,GB2,703,False,29,13,0,430,0,0,0,0,0
246351,Zach Clough,2017,GB2,355,False,18,9,0,237,1,0,0,0,0
246351,Zach Clough,2017,FAC,703,False,2,2,0,101,0,0,0,0,0
246351,Zach Clough,2017,CGB,703,False,3,2,0,136,0,1,0,0,0
246351,Zach Clough,2016,GBFL,355,False,3,2,0,79,0,1,0,0,0
246351,Zach Clough,2016,GB3,355,False,27,23,0,1534,9,1,0,0,2
246351,Zach Clough,2016,GB2,703,False,18,14,0,861,4,2,0,0,0
246351,Zach Clough,2016,FAC,355,False,4,4,0,347,0,3,0,0,0
246351,Zach Clough,2016,CGB,355,False,1,0,0,0,0,0,0,0,0
246351,Zach Clough,2015,GB2,355,False,46,28,13,2200,7,0,0,0,1
246351,Zach Clough,2015,FAC,355,False,3,0,0,0,0,0,0,0,0
246351,Zach Clough,2015,CGB,355,False,1,1,0,69,0,0,0,0,0
246351,Zach Clough,2014,GB21,9259,False,11,8,0,664,0,1,0,0,0
246351,Zach Clough,2014,GB2,355,False,45,8,11,507,5,1,0,0,0
246351,Zach Clough,2014,FAC,355,False,3,2,0,160,1,1,0,0,0
246351,Zach Clough,2014,CGB,355,False,3,0,0,0,0,0,0,0,0
246351,Zach Clough,2014,21PL,9259,False,2,0,0,0,0,0,0,0,0
246351,Zach Clough,2013,GB21,9259,False,21,19,0,1416,8,4,0,0,0
246351,Zach Clough,2013,21PL,9259,False,2,0,0,0,0,0,0,0,0
246351,Zach Clough,2012,GBQ2,9259,False,9,9,0,676,5,0,0,0,0
246351,Zach Clough,2012,GB21,9259,False,2,2,0,21,0,0,0,0,0
840008,Lachlan Rose,2026,SCP,1519,False,5,5,0,323,3,0,12,6,0
840008,Lachlan Rose,2026,SC1,1519,False,3,3,0,152,1,0,6,1,1
840008,Lachlan Rose,2025,AUSF,5551,False,2,1,1,80,0,0,2,0,1
840008,Lachlan Rose,2025,AUS1,5551,False,26,25,1,1603,8,1,47,19,1
840008,Lachlan Rose,2024,FFAC,5551,False,5,4,0,159,0,0,1,0,0
840008,Lachlan Rose,2024,AUS1,5551,False,26,18,8,1166,8,1,49,21,0
840008,Lachlan Rose,2023,FFAC,5551,False,3,2,0,129,0,0,4,1,0
840008,Lachlan Rose,2023,AUSF,71085,False,1,1,0,22,0,0,0,0,0
840008,Lachlan Rose,2023,AUS1,71085,False,27,19,0,466,0,0,10,1,1
840008,Lachlan Rose,2023,AFCC,71085,False,8,6,0,212,3,1,7,5,0
840008,Lachlan Rose,2022,FFAC,71085,False,2,2,0,180,2,1,8,4,0
840008,Lachlan Rose,2022,AUS1,71085,False,26,13,12,800,4,1,25,13,1
840008,Lachlan Rose,2021,FFAC,71085,False,5,5,0,306,3,1,12,7,0
840008,Lachlan Rose,2021,AUS1,71085,False,26,25,0,1490,4,1,40,13,2
840008,Lachlan Rose,2020,FFAC,71085,False,2,1,0,90,0,0,6,3,0
840008,Lachlan Rose,2020,AUSF,71085,False,2,1,0,20,0,0,0,0,0
840008,Lachlan Rose,2020,AUS1,71085,False,26,24,0,1110,1,1,29,10,1
840008,Lachlan Rose,2020,A2SW,86096,False,1,1,0,90,0,0,0,0,0
840008,Lachlan Rose,2016,FFAC,11375,False,2,0,0,0,0,0,0,0,0
1109827,Clayton Taylor,2026,GB3,349,False,2,1,0,4,0,0,0,0,0
1109827,Clayton Taylor,2026,CGB,349,False,1,0,0,0,0,0,0,0,0
1109827,Clayton Taylor,2025,AUSF,5551,False,2,2,0,166,0,1,5,0,0
1109827,Clayton Taylor,2025,AUS1,5551,False,26,21,5,1324,9,2,45,17,0
1109827,Clayton Taylor,2024,FS,32270,True,2,1,0,90,0,0,1,1,0
1109827,Clayton Taylor,2024,FFAC,5551,False,5,0,1,0,0,0,0,0,0
1109827,Clayton Taylor,2024,AUS1,5551,False,26,26,0,1770,7,6,52,18,0
1109827,Clayton Taylor,2023,FFAC,5551,False,3,3,0,270,0,0,1,0,0
1109827,Clayton Taylor,2023,AUS1,5551,False,27,25,2,1809,7,4,51,17,0
1109827,Clayton Taylor,2022,FFAC,5551,False,2,2,0,162,1,0,5,2,0
1109827,Clayton Taylor,2022,A2SW,19820,False,18,18,0,1413,6,3,38,18,0
1109827,Clayton Taylor,2021,A2SW,19820,False,16,3,0,189,0,0,3,2,1
1109827,Clayton Taylor,2020,A2SW,19820,False,1,1,0,90,1,0,2,1,0
1432451,Xavier Bertoncello,2025,FFAC,5551,False,1,1,0,45,0,1,0,0,0
1432451,Xavier Bertoncello,2025,AUSF,5551,False,2,2,0,76,0,0,0,0,0
1432451,Xavier Bertoncello,2025,AUS1,5551,False,26,25,0,887,6,1,0,0,0
1432451,Xavier Bertoncello,2024,FFAC,5551,False,5,5,0,312,2,0,0,0,0
79419,Kota Mizunuma,2026,JAP1,828,False,3,1,0,3,0,0,0,0,0
79419,Kota Mizunuma,2025,AUSF,5551,False,2,2,0,44,0,0,2,0,0
79419,Kota Mizunuma,2025,AUS1,5551,False,26,18,7,410,2,2,17,7,0
79419,Kota Mizunuma,2024,FFAC,5551,False,5,5,0,413,3,1,3,2,0
79419,Kota Mizunuma,2024,AUS1,5551,False,14,12,1,832,2,4,12,5,2
79419,Kota Mizunuma,2024,ACLE,3828,False,6,5,0,103,1,1,3,1,0
79419,Kota Mizunuma,2023,JEMP,3828,False,5,5,0,301,1,3,0,0,0
79419,Kota Mizunuma,2023,JAPC,3828,False,4,3,0,52,1,1,0,0,1
79419,Kota Mizunuma,2023,JAP1,3828,False,38,18,0,640,2,2,11,4,0
79419,Kota Mizunuma,2023,AFCL,3828,False,14,9,0,388,2,0,9,7,0
79419,Kota Mizunuma,2022,JEMP,3828,False,2,2,0,131,0,0,0,0,1
79419,Kota Mizunuma,2022,JASP,3828,False,1,1,0,67,0,0,0,0,0
79419,Kota Mizunuma,2022,JAPC,3828,False,10,9,0,559,2,5,0,0,0
79419,Kota Mizunuma,2022,JAP1,3828,False,34,33,0,951,1,7,15,5,1
79419,Kota Mizunuma,2021,JEMP,3828,False,2,2,0,132,0,0,0,0,0
79419,Kota Mizunuma,2021,JAPC,3828,False,2,2,0,156,0,2,0,0,0
79419,Kota Mizunuma,2021,JAP1,3828,False,34,31,0,1703,7,7,54,25,2
79419,Kota Mizunuma,2021,EAFC,3435,True,3,2,0,123,0,0,2,2,0
79419,Kota Mizunuma,2021,AFCL,3828,False,7,7,0,243,0,2,2,0,0
79419,Kota Mizunuma,2020,JEMP,3828,False,1,1,0,62,0,0,0,0,0
79419,Kota Mizunuma,2020,JAPC,3828,False,8,7,0,483,3,3,0,0,0
79419,Kota Mizunuma,2020,JAP1,3828,False,38,36,0,666,3,9,20,7,0
79419,Kota Mizunuma,2019,JASP,3828,False,1,1,0,2,0,0,1,0,0
79419,Kota Mizunuma,2019,JAPC,3828,False,2,1,0,7,0,0,0,0,0
79419,Kota Mizunuma,2019,JAP1,3828,False,34,25,0,1108,3,10,32,7,1
79419,Kota Mizunuma,2019,AFCL,3828,False,7,6,0,185,0,1,6,1,1
79419,Kota Mizunuma,2018,JEMP,1022,False,3,3,0,143,0,0,0,0,0
79419,Kota Mizunuma,2018,JAPC,1022,False,8,6,0,444,2,0,0,0,0
79419,Kota Mizunuma,2018,JAP1,1022,False,34,31,0,2288,7,2,47,24,3
79419,Kota Mizunuma,2017,SURU,1022,False,1,0,0,0,0,0,0,0,0
79419,Kota Mizunuma,2017,JEMP,1022,False,3,2,0,168,1,0,0,0,0
79419,Kota Mizunuma,2017,JASP,1022,False,1,1,0,64,0,0,0,0,0
79419,Kota Mizunuma,2017,JAPC,1022,False,2,0,0,0,0,0,0,0,0
79419,Kota Mizunuma,2017,JAP1,1022,False,34,27,0,1670,1,1,30,9,2
79419,Kota Mizunuma,2017,AFCL,1022,False,6,3,0,263,1,0,4,1,0
79419,Kota Mizunuma,2016,JEMP,1022,False,6,3,0,317,3,1,0,0,0
79419,Kota Mizunuma,2016,JAPC,1022,False,13,7,3,528,2,2,0,0,2
79419,Kota Mizunuma,2016,JAP1,1022,False,34,24,6,1908,3,10,19,8,1
79419,Kota Mizunuma,2015,JL12,6631,False,17,6,0,246,1,1,6,1,1
79419,Kota Mizunuma,2015,JL11,6631,False,17,11,0,325,0,0,0,0,0
79419,Kota Mizunuma,2015,JEMP,6631,False,2,2,0,153,0,0,0,0,0
79419,Kota Mizunuma,2015,JAPC,6631,False,4,2,0,45,0,0,0,0,0
79419,Kota Mizunuma,2015,JAP3,24110,False,11,9,0,810,3,1,0,0,0
79419,Kota Mizunuma,2015,AFCL,6631,False,8,8,0,581,2,0,0,0,0
79419,Kota Mizunuma,2015,ACLQ,6631,False,1,1,0,76,1,3,0,0,0
79419,Kota Mizunuma,2014,JL12,22177,False,17,16,0,1270,4,1,0,0,1
79419,Kota Mizunuma,2014,JL11,22177,False,17,16,0,1085,3,2,0,0,1
79419,Kota Mizunuma,2014,JEMP,22177,False,4,4,0,278,3,2,0,0,0
79419,Kota Mizunuma,2014,JAPC,22177,False,6,4,0,270,1,0,0,0,0
79419,Kota Mizunuma,2013,JEMP,22177,False,3,2,0,121,0,0,0,0,0
79419,Kota Mizunuma,2013,JAPC,22177,False,6,3,0,186,1,0,0,0,0
79419,Kota Mizunuma,2013,JAP1,22177,False,34,32,0,2356,4,7,0,0,2
79419,Kota Mizunuma,2012,JEMP,22177,False,5,4,1,212,1,0,0,0,0
79419,Kota Mizunuma,2012,JAPC,22177,False,6,4,0,281,0,1,0,0,0
79419,Kota Mizunuma,2012,JAP1,22177,False,34,27,3,1807,4,2,0,0,3
79419,Kota Mizunuma,2011,OQAF,28642,True,8,0,0,0,0,0,0,0,0
79419,Kota Mizunuma,2011,JEMP,22177,False,1,1,0,90,0,0,0,0,0
79419,Kota Mizunuma,2011,JAPC,22177,False,6,4,0,196,2,0,0,0,0
79419,Kota Mizunuma,2011,JAP1,22177,False,34,33,1,2348,5,8,0,0,1
79419,Kota Mizunuma,2011,FS,28642,True,8,1,0,90,0,0,0,0,0
79419,Kota Mizunuma,2010,JEMP,22179,False,2,2,0,180,0,0,0,0,1
79419,Kota Mizunuma,2010,JAP2,22179,False,38,37,0,2904,5,4,0,0,0
79419,Kota Mizunuma,2010,FS,28642,True,4,1,0,90,0,0,0,0,0
79419,Kota Mizunuma,2009,JEMP,22179,False,2,2,0,166,1,2,0,0,0
79419,Kota Mizunuma,2009,JAPC,3828,False,6,2,0,3,0,0,0,0,0
79419,Kota Mizunuma,2009,JAP2,22179,False,20,13,0,818,2,2,0,0,1
79419,Kota Mizunuma,2009,JAP1,3828,False,12,4,0,79,0,1,0,0,0
79419,Kota Mizunuma,2009,AG18,53813,True,1,1,0,90,1,0,0,0,1
79419,Kota Mizunuma,2008,JEMP,3828,False,3,1,0,15,0,0,0,0,0
79419,Kota Mizunuma,2008,JAPC,3828,False,10,5,0,97,0,0,0,0,0
79419,Kota Mizunuma,2008,JAP1,3828,False,34,12,0,217,0,0,0,0,1
79419,Kota Mizunuma,2007,JEMP,3828,False,4,0,0,0,0,0,0,0,0
79419,Kota Mizunuma,2007,JAPC,3828,False,8,4,0,289,0,0,0,0,0
79419,Kota Mizunuma,2007,JAP1,3828,False,34,10,0,257,0,0,0,0,0
79419,Kota Mizunuma,2007,FS,28425,True,1,1,0,90,0,0,0,0,0
79419,Kota Mizunuma,2007,A920,28425,True,2,1,0,90,0,0,0,0,0
79419,Kota Mizunuma,2006,JEMP,3828,False,1,0,0,0,0,0,0,0,0
79419,Kota Mizunuma,2006,JAP1,3828,False,3,3,0,81,0,0,0,0,1
79419,Kota Mizunuma,2006,17WC,25507,True,3,3,0,240,0,0,0,0,0
118302,Nikolaos Vergos,2025,FFAC,5551,False,1,1,0,63,1,0,2,1,0
118302,Nikolaos Vergos,2025,AUSF,7006,False,1,1,0,6,0,0,0,0,0
118302,Nikolaos Vergos,2025,AUS1,7006,False,26,23,0,1239,6,1,44,20,3
118302,Nikolaos Vergos,2024,FFAC,7006,False,1,1,0,90,0,1,0,0,0
118302,Nikolaos Vergos,2024,AUSF,7006,False,4,4,0,180,0,0,3,1,0
118302,Nikolaos Vergos,2024,AUS1,7006,False,26,26,0,1475,7,3,45,19,1
118302,Nikolaos Vergos,2023,S1PO,3060,False,7,7,0,328,1,0,9,4,0
118302,Nikolaos Vergos,2023,GRP,3060,False,5,4,0,62,1,0,0,0,0
118302,Nikolaos Vergos,2023,GR1,3060,False,26,24,2,1147,4,0,26,10,1
118302,Nikolaos Vergos,2023,FFAC,7006,False,4,4,0,290,3,2,7,6,1
118302,Nikolaos Vergos,2022,ofb,4441,False,3,2,0,77,0,0,0,0,0
118302,Nikolaos Vergos,2022,S1PO,3999,False,7,5,0,332,3,0,9,4,0
118302,Nikolaos Vergos,2022,GRP,3999,False,5,2,0,51,0,0,0,0,0
118302,Nikolaos Vergos,2022,GR1,3999,False,11,11,0,815,1,0,17,4,1
118302,Nikolaos Vergos,2022,ECLQ,4441,False,4,3,0,82,0,0,4,1,1
118302,Nikolaos Vergos,2022,A1,4441,False,16,11,0,309,1,1,12,3,1
118302,Nikolaos Vergos,2021,S1PO,6418,False,7,7,0,494,1,0,0,0,0
118302,Nikolaos Vergos,2021,GRP,6418,False,5,4,0,233,2,0,0,0,1
118302,Nikolaos Vergos,2021,GR1,6418,False,26,24,0,1448,5,2,0,0,3
118302,Nikolaos Vergos,2020,S1PO,6418,False,7,7,0,459,3,0,12,8,0
118302,Nikolaos Vergos,2020,RLGR,6418,False,2,2,0,160,2,0,0,0,1
118302,Nikolaos Vergos,2020,GRP,6418,False,2,1,0,63,0,0,0,0,0
118302,Nikolaos Vergos,2020,GR1,6418,False,26,22,0,911,2,0,13,5,3
118302,Nikolaos Vergos,2019,POGR,265,False,6,0,0,0,0,0,0,0,0
118302,Nikolaos Vergos,2019,GRP,265,False,3,0,0,0,0,0,0,0,0
118302,Nikolaos Vergos,2019,GR1,265,False,18,0,0,0,0,0,0,0,0
118302,Nikolaos Vergos,2019,ES3C,7971,False,8,8,0,537,1,1,0,0,2
118302,Nikolaos Vergos,2018,GRP,265,False,5,4,0,295,1,0,0,0,0
118302,Nikolaos Vergos,2018,GR1,265,False,30,4,0,106,0,0,0,0,0
118302,Nikolaos Vergos,2018,ELQ,683,False,2,0,0,0,0,0,0,0,0
118302,Nikolaos Vergos,2017,UNGP,5378,False,2,2,0,167,1,0,0,0,0
118302,Nikolaos Vergos,2017,UNG1,5378,False,12,4,0,154,0,1,0,0,0
118302,Nikolaos Vergos,2017,U21Q,9317,True,10,6,0,313,2,1,0,0,0
118302,Nikolaos Vergos,2017,GRP,683,False,3,0,0,0,0,0,0,0,0
118302,Nikolaos Vergos,2017,GR1,683,False,16,2,0,40,0,0,0,0,0
118302,Nikolaos Vergos,2017,FS,9317,True,3,1,0,90,0,0,0,0,0
118302,Nikolaos Vergos,2017,CLQ,683,False,4,0,0,0,0,0,0,0,0
118302,Nikolaos Vergos,2016,FS,9317,True,5,2,0,135,1,0,0,0,0
118302,Nikolaos Vergos,2016,ES3B,6767,False,36,25,0,1374,5,1,0,0,1
118302,Nikolaos Vergos,2016,ELQ,683,False,2,0,0,0,0,0,0,0,0
118302,Nikolaos Vergos,2016,CLQ,683,False,2,0,0,0,0,0,0,0,0
118302,Nikolaos Vergos,2015,U21Q,9317,True,8,4,0,167,1,0,0,0,0
118302,Nikolaos Vergos,2015,ES2,1531,False,42,12,0,189,2,0,0,0,2
118302,Nikolaos Vergos,2015,CDR,1531,False,1,1,0,72,0,0,0,0,0
118302,Nikolaos Vergos,2014,GRP,683,False,10,3,0,39,0,1,0,0,1
118302,Nikolaos Vergos,2014,GR20,7661,False,34,23,0,1646,23,0,0,0,3
118302,Nikolaos Vergos,2014,GR1,683,False,34,0,0,0,0,0,0,0,0
118302,Nikolaos Vergos,2014,FS,22246,True,11,5,0,269,0,0,0,0,0
118302,Nikolaos Vergos,2014,EL,683,False,2,0,0,0,0,0,0,0,0
118302,Nikolaos Vergos,2014,CL,683,False,6,0,0,0,0,0,0,0,0
118302,Nikolaos Vergos,2014,19YL,41594,False,7,6,0,408,5,2,0,0,0
118302,Nikolaos Vergos,2014,19EU,22246,True,4,4,0,210,0,0,0,0,0
118302,Nikolaos Vergos,2013,U19Q,22246,True,6,2,0,97,0,0,0,0,0
118302,Nikolaos Vergos,2013,GRP,683,False,7,1,0,52,0,0,0,0,0
118302,Nikolaos Vergos,2013,GR20,7661,False,26,18,0,1412,15,0,0,0,1
118302,Nikolaos Vergos,2013,GR1,683,False,17,3,0,93,1,0,0,0,0
118302,Nikolaos Vergos,2013,FS,22246,True,7,2,0,111,1,0,0,0,0
118302,Nikolaos Vergos,2013,CL,683,False,2,1,0,8,0,0,0,0,0
118302,Nikolaos Vergos,2013,19YL,41594,False,6,3,0,257,1,0,0,0,0
118302,Nikolaos Vergos,2012,U19Q,22246,True,3,0,0,0,0,0,0,0,0
118302,Nikolaos Vergos,2012,U17Q,26469,True,1,1,0,40,0,0,0,0,0
118302,Nikolaos Vergos,2012,GRP,683,False,1,0,0,0,0,0,0,0,0
118302,Nikolaos Vergos,2012,GR20,7661,False,21,8,0,326,4,0,0,0,1
118302,Nikolaos Vergos,2012,FS,31591,True,2,2,0,109,0,0,0,0,1
118302,Nikolaos Vergos,2012,FS,22246,True,5,2,0,45,0,0,0,0,0
118302,Nikolaos Vergos,2011,U17Q,26469,True,3,2,0,120,0,0,0,0,0
118302,Nikolaos Vergos,2011,FS,26469,True,3,3,0,240,1,0,0,0,0
118302,Nikolaos Vergos,2010,FS,39435,True,1,1,0,72,0,0,0,0,0
1109825,Ben Gibson,2025,FFAC,71085,False,2,2,0,153,1,0,0,0,0
1109825,Ben Gibson,2025,AUSF,5551,False,2,2,0,105,0,0,1,1,0
1109825,Ben Gibson,2025,AUS1,5551,False,26,25,0,687,4,1,21,13,0
1109825,Ben Gibson,2025,A23Q,32270,True,3,2,0,62,0,0,0,0,0
1109825,Ben Gibson,2024,FFAC,5551,False,5,4,0,261,3,1,4,2,1
1109825,Ben Gibson,2024,AUS1,5551,False,26,22,0,1009,4,5,19,9,0
1109825,Ben Gibson,2023,FFAC,11419,False,1,1,0,93,0,0,0,0,0
1109825,Ben Gibson,2023,A2SW,11419,False,30,25,0,1715,16,4,0,0,4
1109825,Ben Gibson,2022,A2SW,19820,False,30,21,0,1256,3,5,31,15,3
1109825,Ben Gibson,2021,A2SW,19820,False,16,3,0,109,0,0,4,1,0
1144781,Oscar Fryer,2025,FFAC,5551,False,1,0,1,0,0,0,0,0,0
1144781,Oscar Fryer,2025,AUSF,5551,False,2,0,2,0,0,0,0,0,0
1144781,Oscar Fryer,2025,AUS1,5551,False,26,3,23,119,1,0,3,2,0
1144781,Oscar Fryer,2024,FFAC,5551,False,5,3,0,82,1,0,0,0,0
1144781,Oscar Fryer,2024,AUS1,5551,False,26,0,26,0,0,0,0,0,0
1144781,Oscar Fryer,2023,FFAC,5551,False,3,0,3,0,0,0,0,0,0
1144781,Oscar Fryer,2023,A2SW,19820,False,7,7,0,367,2,1,0,0,0
1144781,Oscar Fryer,2022,A2SW,19820,False,13,13,0,824,4,2,26,6,0
1203231,Ethan Debono,2025,FFAC,5551,False,1,0,0,0,0,0,0,0,0
1203231,Ethan Debono,2025,AUSF,5551,False,2,0,0,0,0,0,0,0,0
1203231,Ethan Debono,2025,AUS1,5551,False,5,0,0,0,0,0,0,0,0
1203231,Ethan Debono,2024,NPWF,604,False,1,0,0,0,0,0,0,0,0
1203231,Ethan Debono,2024,FFAC,5551,False,4,1,0,28,0,0,1,0,0
1203231,Ethan Debono,2024,AU3C,604,False,7,1,0,90,0,0,0,0,0
1203231,Ethan Debono,2023,U19Q,26100,True,3,2,0,110,0,0,0,0,0
1203231,Ethan Debono,2023,FS,26100,True,1,1,0,58,1,0,0,0,0
1203231,Ethan Debono,2023,A2SW,26206,False,4,3,0,52,1,0,0,0,0
1489849,Oli Cockle,2025,FFAC,5551,False,1,1,0,45,0,0,0,0,0
1489849,Oli Cockle,2025,AUS1,5551,False,1,0,0,0,0,0,0,0,0
1111966,Will Kennedy,2025,FFAC,5551,False,1,0,0,0,0,0,0,0,0
1111966,Will Kennedy,2025,AUS1,6954,False,26,7,3,169,0,0,0,0,3
1111966,Will Kennedy,2024,FFAC,8054,False,3,0,0,0,0,0,0,0,0
1111966,Will Kennedy,2024,AUS1,8054,False,17,2,0,42,0,0,0,0,0
1111966,Will Kennedy,2024,ACL2,8054,False,10,4,0,54,0,0,0,0,0
1111966,Will Kennedy,2024,A2SW,19820,False,16,12,0,702,1,0,0,0,2
1111966,Will Kennedy,2023,A2SW,19820,False,30,21,0,1629,0,0,0,0,5
1111966,Will Kennedy,2022,A2SW,19820,False,21,4,0,129,0,0,0,0,1
1423160,Oscar Gonzalez,2025,FFAC,5551,False,1,0,0,0,0,0,0,0,0
1423160,Oscar Gonzalez,2025,A2SW,11419,False,20,19,0,672,6,1,0,0,2
1423160,Oscar Gonzalez,2024,NPWF,11419,False,2,0,0,0,0,0,0,0,0
1423160,Oscar Gonzalez,2024,FFAC,11419,False,2,0,0,0,0,0,0,0,0
1423160,Oscar Gonzalez,2024,AU3C,11419,False,7,0,0,0,0,0,0,0,0
1423160,Oscar Gonzalez,2024,A2SW,11419,False,9,0,0,0,0,0,0,0,0
1005338,Jack Warshawsky,2025,FFAC,7006,False,3,0,0,0,0,0,0,0,0
1005338,Jack Warshawsky,2025,AUSF,7006,False,1,1,0,90,0,0,0,0,0
1005338,Jack Warshawsky,2025,AUS1,7006,False,26,15,0,1350,0,0,0,0,0
1005338,Jack Warshawsky,2024,NPVF,11427,False,1,0,0,0,0,0,0,0,0
1005338,Jack Warshawsky,2024,FFAC,6954,False,1,0,0,0,0,0,0,0,0
1005338,Jack Warshawsky,2024,AUS1,6954,False,26,0,0,0,0,0,0,0,0
1005338,Jack Warshawsky,2024,ACLE,6954,False,8,1,0,31,0,0,0,0,0
1005338,Jack Warshawsky,2024,A2VI,11427,False,8,6,0,540,0,0,0,0,0
1005338,Jack Warshawsky,2024,A2SW,26206,False,15,4,0,360,0,0,0,0,0
1005338,Jack Warshawsky,2023,FS,32270,True,2,0,0,0,0,0,0,0,0
1005338,Jack Warshawsky,2023,FFAC,6954,False,1,0,0,0,0,0,0,0,0
1005338,Jack Warshawsky,2023,AUSF,6954,False,3,0,0,0,0,0,0,0,0
1005338,Jack Warshawsky,2023,AUS1,6954,False,27,0,0,0,0,0,0,0,0
1005338,Jack Warshawsky,2023,AFCC,6954,False,13,2,0,100,0,0,0,0,0
1005338,Jack Warshawsky,2023,A2SW,26206,False,30,14,0,1260,0,0,0,0,0
1005338,Jack Warshawsky,2022,FS,22976,True,3,1,0,90,0,0,0,0,0
1005338,Jack Warshawsky,2022,FFAC,6954,False,1,1,0,120,0,0,0,0,0
1005338,Jack Warshawsky,2022,AUS1,36100,False,9,0,0,0,0,0,0,0,0
1005338,Jack Warshawsky,2022,AU2C,22976,True,3,3,0,270,0,0,0,0,0
1005338,Jack Warshawsky,2022,A920,22976,True,4,4,0,390,0,0,0,0,0
1005338,Jack Warshawsky,2022,A2SW,38638,False,21,3,0,270,0,0,0,0,0
1005338,Jack Warshawsky,2022,A2SW,26206,False,7,7,0,630,0,0,0,0,0
1005338,Jack Warshawsky,2021,AUS1,36100,False,6,0,0,0,0,0,0,0,0
1005338,Jack Warshawsky,2019,A2SW,38638,False,11,0,0,0,0,0,0,0,0
1005338,Jack Warshawsky,2019,A169,66880,True,4,2,0,165,0,0,0,0,0
171382,Jack Duncan,2025,FFAC,7006,False,3,3,0,330,0,0,0,0,1
171382,Jack Duncan,2025,AUSF,7006,False,1,0,0,0,0,0,0,0,0
171382,Jack Duncan,2025,AUS1,7006,False,26,11,2,990,0,0,0,0,0
171382,Jack Duncan,2024,FFAC,7006,False,1,1,0,120,0,0,0,0,0
171382,Jack Duncan,2024,AUSF,7006,False,4,4,0,360,0,0,0,0,0
171382,Jack Duncan,2024,AUS1,7006,False,26,15,2,1350,0,0,0,0,2
171382,Jack Duncan,2023,FFAC,7006,False,5,5,0,450,0,0,0,0,0
171382,Jack Duncan,2023,AUSF,8445,False,2,0,0,0,0,0,0,0,0
171382,Jack Duncan,2023,AUS1,8445,False,27,0,1,0,0,0,0,0,0
171382,Jack Duncan,2022,FFAC,8445,False,2,0,0,0,0,0,0,0,0
171382,Jack Duncan,2022,AUS1,5551,False,26,16,0,1440,0,0,0,0,2
171382,Jack Duncan,2021,FFAC,5551,False,1,0,0,0,0,0,0,0,0
171382,Jack Duncan,2021,AUS1,5551,False,26,20,0,1800,0,0,0,0,2
171382,Jack Duncan,2020,SAKC,26069,False,1,0,0,0,0,0,0,0,0
171382,Jack Duncan,2020,SA1,26069,False,8,0,0,0,0,0,0,0,0
171382,Jack Duncan,2020,AUS1,5551,False,26,16,0,1440,0,0,0,0,0
171382,Jack Duncan,2019,SAKC,26069,False,1,1,0,90,0,0,0,0,0
171382,Jack Duncan,2018,SAKC,26069,False,1,0,0,0,0,0,0,0,0
171382,Jack Duncan,2018,SA1,26069,False,30,29,0,2565,0,0,0,0,1
171382,Jack Duncan,2017,AUSF,5551,False,2,1,0,28,0,0,0,0,0
171382,Jack Duncan,2017,AUS1,5551,False,27,18,0,1620,0,0,0,0,0
171382,Jack Duncan,2016,AUS1,5551,False,27,25,0,2250,0,0,0,0,0
171382,Jack Duncan,2015,FS,32270,True,4,2,0,163,0,0,0,0,0
171382,Jack Duncan,2015,ELQ,5724,False,4,0,0,0,0,0,0,0,0
171382,Jack Duncan,2015,DKP,5724,False,3,2,0,180,0,0,0,0,0
171382,Jack Duncan,2015,DK1,5724,False,33,1,0,90,0,0,0,0,0
171382,Jack Duncan,2014,AUS1,970,False,27,1,0,90,0,0,0,0,0
171382,Jack Duncan,2013,FFAC,970,False,3,0,0,0,0,0,0,0,0
171382,Jack Duncan,2013,AUS1,970,False,27,6,0,540,0,0,0,0,0
171382,Jack Duncan,2012,FS,22976,True,2,1,0,45,0,0,0,0,0
171382,Jack Duncan,2012,AUS1,5551,False,27,0,0,0,0,0,0,0,0
171382,Jack Duncan,2012,A192,39276,True,5,0,0,0,0,0,0,0,0
171382,Jack Duncan,2012,23AF,77740,True,1,0,0,0,0,0,0,0,0
171382,Jack Duncan,2012,20WC,22976,True,3,0,0,0,0,0,0,0,0
171382,Jack Duncan,2011,AUS1,5551,False,27,1,0,38,0,0,0,0,0
171382,Jack Duncan,2010,AUS1,5551,False,5,0,0,0,0,0,0,0,0
1106575,Daniel Graskoski,2025,FS,22976,True,3,1,0,70,0,0,0,0,0
1106575,Daniel Graskoski,2025,FS,100451,True,2,1,0,80,0,0,0,0,0
1106575,Daniel Graskoski,2025,FFAC,7006,False,3,0,0,0,0,0,0,0,0
1106575,Daniel Graskoski,2025,AUSF,7006,False,1,0,0,0,0,0,0,0,0
1106575,Daniel Graskoski,2025,AUS1,7006,False,26,0,1,0,0,0,0,0,0
1106575,Daniel Graskoski,2025,AF19,39276,True,4,1,0,90,0,0,0,0,0
1106575,Daniel Graskoski,2024,FS,22976,True,4,0,0,0,0,0,0,0,0
1106575,Daniel Graskoski,2024,FFAC,7006,False,1,0,0,0,0,0,0,0,0
1106575,Daniel Graskoski,2024,AUSF,7006,False,4,0,0,0,0,0,0,0,0
1106575,Daniel Graskoski,2024,AUS1,7006,False,26,0,0,0,0,0,0,0,0
1106575,Daniel Graskoski,2024,AU2C,22976,True,4,0,0,0,0,0,0,0,0
1106575,Daniel Graskoski,2024,A920,22976,True,6,0,0,0,0,0,0,0,0
1106575,Daniel Graskoski,2024,A2VI,19718,False,21,10,0,900,0,0,0,0,0
1106575,Daniel Graskoski,2024,20WC,22976,True,3,0,0,0,0,0,0,0,0
1106575,Daniel Graskoski,2023,FFAC,7006,False,5,0,0,0,0,0,0,0,0
1106575,Daniel Graskoski,2023,AF19,39276,True,5,2,0,114,0,0,0,0,0
1106575,Daniel Graskoski,2022,FS,32269,True,3,0,0,0,0,0,0,0,0
1106575,Daniel Graskoski,2022,FFAC,30592,False,1,0,0,0,0,0,0,0,0
1106575,Daniel Graskoski,2022,A169,32269,True,3,0,0,0,0,0,0,0,0
1106575,Daniel Graskoski,2022,A168,32269,True,4,0,0,0,0,0,0,0,0
1132512,Joshua Inserra,2025,FS,22976,True,1,1,0,90,0,0,0,0,0
1132512,Joshua Inserra,2025,FFAC,7006,False,3,3,0,330,0,0,1,0,0
1132512,Joshua Inserra,2025,AUSF,7006,False,1,0,1,0,0,0,0,0,0
1132512,Joshua Inserra,2025,AUS1,7006,False,26,11,4,769,0,0,3,0,1
1132512,Joshua Inserra,2024,FS,22976,True,4,1,0,90,0,0,0,0,0
1132512,Joshua Inserra,2024,FFAC,7006,False,1,1,0,120,0,0,4,0,0
1132512,Joshua Inserra,2024,AUSF,7006,False,4,4,0,229,0,0,2,0,2
1132512,Joshua Inserra,2024,AUS1,7006,False,26,5,4,269,0,0,1,0,0
1132512,Joshua Inserra,2024,AU2C,22976,True,4,2,0,171,0,0,0,0,0
1132512,Joshua Inserra,2024,A920,22976,True,6,4,0,181,0,1,0,0,1
1132512,Joshua Inserra,2024,A2VI,19718,False,2,2,0,180,0,0,0,0,0
1132512,Joshua Inserra,2024,20WC,22976,True,3,1,0,90,0,0,0,0,0
1132512,Joshua Inserra,2023,FS,22976,True,6,3,0,198,0,0,0,0,0
1132512,Joshua Inserra,2023,FFAC,7006,False,5,0,0,0,0,0,0,0,0
1132512,Joshua Inserra,2023,AUSF,7006,False,4,0,0,0,0,0,0,0,0
1132512,Joshua Inserra,2023,AUS1,7006,False,27,1,0,13,0,0,0,0,0
1132512,Joshua Inserra,2022,FS,100451,True,3,3,0,225,0,0,0,0,1
1132512,Joshua Inserra,2022,FFAC,7006,False,1,1,0,120,0,0,0,0,0
1144488,Franco Lino,2025,FFAC,7006,False,3,3,0,211,0,0,0,0,0
1144488,Franco Lino,2025,AUSF,7006,False,1,1,0,90,0,0,0,0,0
1144488,Franco Lino,2025,AUS1,7006,False,26,5,13,440,1,1,3,2,0
1144488,Franco Lino,2025,A23Q,32270,True,3,0,0,0,0,0,0,0,0
1144488,Franco Lino,2025,23AF,32270,True,4,0,3,0,0,0,0,0,0
1144488,Franco Lino,2024,NOPO,239,False,5,1,0,45,0,0,0,0,0
1144488,Franco Lino,2024,NO45,10913,False,7,7,0,630,1,0,0,0,4
1144488,Franco Lino,2024,NO1,239,False,14,0,0,0,0,0,0,0,0
1144488,Franco Lino,2024,FS,32270,True,3,0,0,0,0,0,0,0,0
1144488,Franco Lino,2024,FFAC,7006,False,1,0,0,0,0,0,0,0,0
1144488,Franco Lino,2023,W23C,32270,True,2,1,0,60,0,0,0,0,0
1144488,Franco Lino,2023,NOPO,239,False,4,1,1,90,0,0,0,0,0
1144488,Franco Lino,2023,NO31,10913,False,4,4,0,339,3,0,0,0,1
1144488,Franco Lino,2023,NO1,239,False,30,0,24,0,0,0,0,0,0
1144488,Franco Lino,2023,FS,22976,True,3,3,0,195,0,0,0,0,0
1144488,Franco Lino,2023,AUS1,7006,False,16,6,0,151,0,0,0,0,0
1144488,Franco Lino,2023,23AF,32270,True,3,0,0,0,0,0,0,0,0
1144488,Franco Lino,2022,FS,100451,True,3,3,0,212,0,0,0,0,0
1144488,Franco Lino,2022,FFAC,7006,False,1,1,0,91,0,0,0,0,0
152627,Philipp Ziereis,2025,L2PO,65,False,2,2,0,180,0,0,0,0,1
152627,Philipp Ziereis,2025,L2,65,False,34,30,3,2470,0,1,8,1,10
152627,Philipp Ziereis,2025,FFAC,7006,False,3,3,0,326,1,0,1,1,2
152627,Philipp Ziereis,2025,DFB,65,False,2,2,0,180,0,0,2,0,1
152627,Philipp Ziereis,2024,ofb,413,False,5,5,0,420,1,0,0,0,0
152627,Philipp Ziereis,2024,UCOL,413,False,6,4,2,360,0,0,4,0,0
152627,Philipp Ziereis,2024,ELQ,413,False,2,2,0,180,0,0,2,0,0
152627,Philipp Ziereis,2024,A1EL,413,False,3,1,0,90,0,0,2,0,0
152627,Philipp Ziereis,2024,A1,413,False,32,26,6,2180,1,1,13,4,6
152627,Philipp Ziereis,2023,ofb,413,False,4,4,0,316,1,1,1,0,0
152627,Philipp Ziereis,2023,ELQ,413,False,2,2,0,180,0,0,1,0,0
152627,Philipp Ziereis,2023,EL,413,False,6,6,0,540,0,1,3,0,1
152627,Philipp Ziereis,2023,A1,413,False,32,28,4,2520,2,1,18,9,5
152627,Philipp Ziereis,2022,ofb,413,False,5,4,1,332,0,0,0,0,1
152627,Philipp Ziereis,2022,A1,413,False,32,29,3,2537,1,0,15,3,3
152627,Philipp Ziereis,2021,L2,35,False,34,24,7,1900,0,0,3,0,3
152627,Philipp Ziereis,2021,DFB,35,False,4,2,1,210,0,0,1,0,0
152627,Philipp Ziereis,2020,L2,35,False,34,26,0,2025,0,1,11,2,3
152627,Philipp Ziereis,2020,DFB,35,False,1,1,0,90,0,0,0,0,0
152627,Philipp Ziereis,2019,RLN3,225,False,2,2,0,161,0,1,0,0,0
152627,Philipp Ziereis,2019,L2,35,False,34,6,7,350,0,0,2,0,2
152627,Philipp Ziereis,2019,DFB,35,False,2,0,1,0,0,0,0,0,0
152627,Philipp Ziereis,2018,L2,35,False,34,16,17,1440,0,0,2,0,5
152627,Philipp Ziereis,2018,DFB,35,False,1,1,0,120,0,0,0,0,1
152627,Philipp Ziereis,2017,L2,35,False,34,8,18,631,0,1,0,0,0
152627,Philipp Ziereis,2017,DFB,35,False,1,0,1,0,0,0,0,0,0
152627,Philipp Ziereis,2016,RLN3,225,False,1,1,0,90,0,0,0,0,0
152627,Philipp Ziereis,2016,L2,35,False,34,15,11,973,1,1,0,0,3
152627,Philipp Ziereis,2016,DFB,35,False,2,1,1,90,0,0,0,0,0
152627,Philipp Ziereis,2015,L2,35,False,34,30,2,2545,0,1,0,0,6
152627,Philipp Ziereis,2015,DFB,35,False,1,1,0,90,0,0,0,0,0
152627,Philipp Ziereis,2014,RLN3,225,False,27,4,0,360,0,0,0,0,0
152627,Philipp Ziereis,2014,L2,35,False,34,17,2,1310,0,0,0,0,6
152627,Philipp Ziereis,2014,DFB,35,False,2,2,0,180,0,0,0,0,1
152627,Philipp Ziereis,2013,RLN3,225,False,21,8,6,675,0,0,0,0,0
152627,Philipp Ziereis,2013,L2,35,False,34,9,3,632,0,0,0,0,0
152627,Philipp Ziereis,2013,DFB,35,False,1,0,0,0,0,0,0,0,0
152627,Philipp Ziereis,2012,OLB2,2552,False,13,6,2,517,0,0,0,0,0
152627,Philipp Ziereis,2012,L2,109,False,34,11,14,803,1,0,0,0,4
152627,Philipp Ziereis,2012,DFB,109,False,1,1,0,90,0,0,0,0,0
152627,Philipp Ziereis,2011,L3,109,False,38,7,0,105,0,0,0,0,1
152627,Philipp Ziereis,2011,L2PO,109,False,2,2,0,145,0,0,0,0,1
152627,Philipp Ziereis,2011,DFB,109,False,1,1,0,90,0,0,0,0,0
152627,Philipp Ziereis,2011,BVP,109,False,4,0,0,0,0,0,0,0,0
152627,Philipp Ziereis,2010,L3,109,False,21,0,0,0,0,0,0,0,0
152627,Philipp Ziereis,2010,BVP,109,False,4,0,0,0,0,0,0,0,0
152627,Philipp Ziereis,2009,AJ3,9133,False,1,1,0,11,0,0,0,0,0
147600,Brendan Hamill,2025,FFAC,7006,False,3,0,0,0,0,0,0,0,0
147600,Brendan Hamill,2025,AUSF,7006,False,1,0,0,0,0,0,0,0,0
147600,Brendan Hamill,2025,AUS1,7006,False,26,1,21,1,0,0,0,0,0
147600,Brendan Hamill,2024,FFAC,7006,False,1,0,1,0,0,0,0,0,0
147600,Brendan Hamill,2024,AUSF,7006,False,4,2,2,61,0,0,0,0,0
147600,Brendan Hamill,2024,AUS1,7006,False,26,24,0,1860,1,2,18,3,1
147600,Brendan Hamill,2023,INSC,83266,False,3,2,0,168,0,0,0,0,1
147600,Brendan Hamill,2023,INDP,83266,False,3,1,0,1,0,0,0,0,0
147600,Brendan Hamill,2023,INDC,83266,False,6,4,0,195,0,0,0,0,1
147600,Brendan Hamill,2023,IND1,83266,False,22,13,0,869,1,1,6,4,3
147600,Brendan Hamill,2023,FFAC,7006,False,5,5,0,397,0,0,1,0,0
147600,Brendan Hamill,2023,AFQU,83266,False,2,1,0,90,0,0,0,0,0
147600,Brendan Hamill,2023,AFCC,83266,False,6,5,0,450,0,0,4,2,2
147600,Brendan Hamill,2022,INSC,83266,False,3,0,0,0,0,0,0,0,0
147600,Brendan Hamill,2022,INDP,83266,False,4,2,0,28,0,0,0,0,0
147600,Brendan Hamill,2022,INDC,83266,False,4,1,0,31,0,0,0,0,0
147600,Brendan Hamill,2022,IND1,83266,False,20,18,1,1620,0,0,13,3,7
147600,Brendan Hamill,2021,AUSF,7006,False,2,1,0,6,0,0,1,1,0
147600,Brendan Hamill,2021,AUS1,7006,False,26,18,0,1423,3,0,15,6,2
147600,Brendan Hamill,2021,AFCC,83266,False,1,1,0,76,0,0,1,0,0
147600,Brendan Hamill,2021,ACLQ,7006,False,1,1,0,120,0,0,1,0,0
147600,Brendan Hamill,2020,FFAC,7006,False,5,1,0,90,0,0,1,0,0
147600,Brendan Hamill,2020,AUS1,71084,False,26,15,0,894,0,1,2,0,5
147600,Brendan Hamill,2019,AUSF,71084,False,2,0,0,0,0,0,0,0,0
147600,Brendan Hamill,2019,AUS1,71084,False,26,5,0,219,0,0,0,0,1
147600,Brendan Hamill,2018,AUS1,36100,False,27,24,0,2160,1,1,2,1,7
147600,Brendan Hamill,2017,FFAC,36100,False,4,4,0,360,1,0,0,0,0
147600,Brendan Hamill,2017,AUS1,36100,False,27,21,0,1654,3,2,0,0,4
147600,Brendan Hamill,2016,FFAC,36100,False,3,0,0,0,0,0,0,0,0
147600,Brendan Hamill,2016,AUSF,36100,False,1,1,0,1,0,0,0,0,0
147600,Brendan Hamill,2016,AUS1,36100,False,27,13,0,557,0,0,0,0,0
147600,Brendan Hamill,2016,AFCL,36100,False,6,5,0,405,0,0,0,0,2
147600,Brendan Hamill,2015,FFAC,36100,False,1,0,0,0,0,0,0,0,0
147600,Brendan Hamill,2015,AUSF,36100,False,2,0,0,0,0,0,0,0,0
147600,Brendan Hamill,2015,AUS1,36100,False,27,6,0,421,0,0,0,0,1
147600,Brendan Hamill,2014,KLUB,36100,False,2,1,0,120,0,0,0,0,1
147600,Brendan Hamill,2014,FFAC,36100,False,1,0,0,0,0,0,0,0,0
147600,Brendan Hamill,2014,AUS1,36100,False,27,15,0,1176,0,1,0,0,0
147600,Brendan Hamill,2014,AFCL,36100,False,6,1,0,18,0,0,0,0,0
147600,Brendan Hamill,2013,RSK1,3610,False,12,0,0,0,0,0,0,0,0
147600,Brendan Hamill,2013,RKPO,3610,False,1,0,0,0,0,0,0,0,0
147600,Brendan Hamill,2013,AFCL,36100,False,6,6,0,540,0,0,0,0,1
147600,Brendan Hamill,2012,RSKA,21459,False,12,0,0,0,0,0,0,0,0
147600,Brendan Hamill,2012,RSK1,21459,False,11,0,0,0,0,0,0,0,0
147600,Brendan Hamill,2012,RKPO,21459,False,1,0,0,0,0,0,0,0,0
147600,Brendan Hamill,2012,KREG,21459,False,2,0,0,0,0,0,0,0,0
147600,Brendan Hamill,2011,RSKA,3610,False,14,3,0,216,0,0,0,0,1
147600,Brendan Hamill,2011,RSK1,3610,False,8,5,0,239,1,0,0,0,1
147600,Brendan Hamill,2011,AUSF,25580,False,1,1,0,90,0,0,0,0,0
147600,Brendan Hamill,2011,AUS1,7006,False,24,0,0,0,0,0,0,0,0
147600,Brendan Hamill,2011,AUS1,25580,False,27,22,0,1481,1,0,0,0,2
147600,Brendan Hamill,2010,AUSF,7006,False,1,0,0,0,0,0,0,0,0
147600,Brendan Hamill,2010,AUS1,7006,False,30,0,0,0,0,0,0,0,0
147600,Brendan Hamill,2010,AUS1,25580,False,26,12,0,466,0,0,0,0,2
147600,Brendan Hamill,2010,AFCL,7006,False,6,0,0,0,0,0,0,0,0
147600,Brendan Hamill,2010,20WC,22976,True,3,2,0,180,0,0,0,0,0
147600,Brendan Hamill,2009,A920,39276,True,2,2,0,169,0,0,0,0,0
207742,Tom Lockyer,2025,GBFL,2455,False,3,1,0,90,0,0,3,1,1
207742,Tom Lockyer,2025,GB4,2455,False,33,16,0,969,0,0,8,3,4
207742,Tom Lockyer,2025,FFAC,7006,False,3,1,1,4,0,0,0,0,0
207742,Tom Lockyer,2025,FAC,2455,False,2,2,0,155,0,0,0,0,1
207742,Tom Lockyer,2024,GB2,1031,False,46,0,46,0,0,0,0,0,0
207742,Tom Lockyer,2024,FAC,1031,False,1,0,1,0,0,0,0,0,0
207742,Tom Lockyer,2024,CGB,1031,False,1,0,1,0,0,0,0,0,0
207742,Tom Lockyer,2023,GB1,1031,False,38,14,22,1172,1,1,7,1,4
207742,Tom Lockyer,2023,FS,3864,True,2,1,0,45,0,0,0,0,0
207742,Tom Lockyer,2023,FAC,1031,False,4,0,4,0,0,0,0,0,0
207742,Tom Lockyer,2023,CGB,1031,False,2,1,0,45,0,0,0,0,0
207742,Tom Lockyer,2022,UNLA,3864,True,6,0,0,0,0,0,0,0,0
207742,Tom Lockyer,2022,POCC,1031,False,3,3,0,192,1,0,4,1,0
207742,Tom Lockyer,2022,GB2,1031,False,46,39,0,3446,3,1,28,10,7
207742,Tom Lockyer,2022,FAC,1031,False,4,3,0,181,0,0,0,0,0
207742,Tom Lockyer,2022,EMQ,3864,True,8,1,0,90,0,0,1,0,0
207742,Tom Lockyer,2022,CGB,1031,False,1,1,0,90,1,0,2,1,0
207742,Tom Lockyer,2021,POWM,3864,True,2,0,1,0,0,0,0,0,0
207742,Tom Lockyer,2021,POCC,1031,False,2,1,0,23,0,0,1,0,0
207742,Tom Lockyer,2021,GB2,1031,False,46,29,12,2428,1,1,16,4,5
207742,Tom Lockyer,2021,FS,3864,True,2,1,1,90,0,0,0,0,0
207742,Tom Lockyer,2021,FIWC,3864,True,3,0,0,0,0,0,0,0,0
207742,Tom Lockyer,2021,FAC,1031,False,3,2,1,180,0,0,1,0,0
207742,Tom Lockyer,2021,CGB,1031,False,1,1,0,90,0,0,1,0,0
207742,Tom Lockyer,2020,WMQ6,3864,True,8,0,3,0,0,0,0,0,0
207742,Tom Lockyer,2020,UNLB,3864,True,6,2,0,180,0,0,0,0,0
207742,Tom Lockyer,2020,GB2,1031,False,46,20,20,1511,0,0,6,1,0
207742,Tom Lockyer,2020,FS,3864,True,5,1,1,90,0,0,0,0,0
207742,Tom Lockyer,2020,FAC,1031,False,2,1,0,90,0,0,0,0,0
207742,Tom Lockyer,2020,EURO,3864,True,4,0,0,0,0,0,0,0,0
207742,Tom Lockyer,2020,CGB,1031,False,3,2,0,180,0,0,2,2,0
207742,Tom Lockyer,2019,GB2,358,False,46,43,3,3870,0,1,12,3,11
207742,Tom Lockyer,2019,FS,3864,True,1,1,0,13,0,0,0,0,0
207742,Tom Lockyer,2019,FAC,358,False,1,0,0,0,0,0,0,0,0
207742,Tom Lockyer,2019,CGB,358,False,1,0,0,0,0,0,0,0,0
207742,Tom Lockyer,2018,UNLB,3864,True,4,0,0,0,0,0,0,0,0
207742,Tom Lockyer,2018,GBFL,2455,False,7,4,0,360,1,0,4,1,0
207742,Tom Lockyer,2018,GB3,2455,False,46,40,0,3548,3,0,15,5,5
207742,Tom Lockyer,2018,FS,3864,True,3,1,0,90,0,0,0,0,0
207742,Tom Lockyer,2018,FAC,2455,False,2,2,0,101,0,0,0,0,1
207742,Tom Lockyer,2018,EMQ,3864,True,8,4,0,360,0,0,0,0,1
207742,Tom Lockyer,2018,CGB,2455,False,2,2,0,180,0,0,0,0,0
207742,Tom Lockyer,2017,GBFL,2455,False,3,0,0,0,0,0,0,0,0
207742,Tom Lockyer,2017,GB3,2455,False,46,37,1,3330,1,0,0,0,3
207742,Tom Lockyer,2017,FS,3864,True,5,4,0,149,0,0,0,0,0
207742,Tom Lockyer,2017,FAC,2455,False,1,1,0,90,0,0,0,0,0
207742,Tom Lockyer,2017,CGB,2455,False,3,3,0,300,0,0,0,0,0
207742,Tom Lockyer,2016,WMQ6,3864,True,5,0,0,0,0,0,0,0,0
207742,Tom Lockyer,2016,GBFL,2455,False,3,0,0,0,0,0,0,0,0
207742,Tom Lockyer,2016,GB3,2455,False,46,46,0,4097,0,1,0,0,6
207742,Tom Lockyer,2016,FAC,2455,False,3,3,0,300,0,0,0,0,0
207742,Tom Lockyer,2016,CGB,2455,False,2,2,0,210,0,0,0,0,1
207742,Tom Lockyer,2015,U21Q,24966,True,7,7,0,630,0,0,0,0,1
207742,Tom Lockyer,2015,GBFL,2455,False,2,0,0,0,0,0,0,0,0
207742,Tom Lockyer,2015,GB4,2455,False,46,43,0,3810,0,1,0,0,6
207742,Tom Lockyer,2015,FAC,2455,False,1,1,0,90,0,0,0,0,1
207742,Tom Lockyer,2015,CGB,2455,False,1,1,0,90,0,0,0,0,0
207742,Tom Lockyer,2014,POCO,2455,False,3,3,0,300,0,0,0,0,0
207742,Tom Lockyer,2014,FAC,2455,False,1,1,0,90,0,0,0,0,0
207742,Tom Lockyer,2014,CNAT,2455,False,46,44,1,3860,1,1,0,0,7
207742,Tom Lockyer,2013,GBFL,2455,False,1,1,0,90,0,0,0,0,0
207742,Tom Lockyer,2013,GB4,2455,False,46,41,0,3383,1,0,0,0,7
207742,Tom Lockyer,2013,FAC,2455,False,5,4,0,333,0,0,0,0,0
207742,Tom Lockyer,2013,CGB,2455,False,1,1,0,74,0,0,0,0,0
207742,Tom Lockyer,2012,GBFL,2455,False,1,0,0,0,0,0,0,0,0
207742,Tom Lockyer,2012,GB4,2455,False,46,4,0,34,0,0,0,0,0
207742,Tom Lockyer,2012,FAC,2455,False,1,0,0,0,0,0,0,0,0
207742,Tom Lockyer,2012,CGB,2455,False,1,0,0,0,0,0,0,0,0
207742,Tom Lockyer,2011,FAC,3055,False,1,1,0,11,0,0,0,0,0
1413324,William Kengni,2026,FS,32269,True,3,1,0,90,0,0,0,0,0
1413324,William Kengni,2025,FS,32269,True,8,3,0,241,0,0,0,0,0
1413324,William Kengni,2025,FFAC,7006,False,3,0,0,0,0,0,0,0,0
1413324,William Kengni,2025,AF16,32269,True,5,0,0,0,0,0,0,0,0
1413324,William Kengni,2025,A169,32269,True,4,2,0,180,0,0,0,0,0
1413324,William Kengni,2025,A168,32269,True,4,0,0,0,0,0,0,0,0
1413324,William Kengni,2024,FS,66880,True,3,3,0,180,0,0,0,0,0
470618,Denis Genreau,2025,FFAC,7006,False,3,0,3,0,0,0,0,0,0
470618,Denis Genreau,2025,ES2,897,False,2,0,0,0,0,0,0,0,0
470618,Denis Genreau,2025,AUSF,7006,False,1,1,0,89,0,0,0,0,0
470618,Denis Genreau,2025,AUS1,7006,False,26,24,2,1773,2,5,49,9,4
470618,Denis Genreau,2024,FRC,415,False,2,2,0,143,1,0,4,2,0
470618,Denis Genreau,2024,FR5A,9371,False,1,1,0,73,0,0,0,0,0
470618,Denis Genreau,2024,FR1,415,False,19,8,0,220,0,0,6,0,0
470618,Denis Genreau,2024,ES2,897,False,18,9,0,209,1,0,4,1,0
470618,Denis Genreau,2023,FS,3433,True,1,1,0,22,0,0,0,0,0
470618,Denis Genreau,2023,FRCH,415,False,1,0,0,0,0,0,0,0,0
470618,Denis Genreau,2023,FRC,415,False,2,0,0,0,0,0,0,0,0
470618,Denis Genreau,2023,FR4A,9371,False,3,2,0,136,2,0,0,0,1
470618,Denis Genreau,2023,FR1,415,False,34,9,3,464,0,0,3,1,0
470618,Denis Genreau,2023,EL,415,False,8,4,1,60,0,0,1,0,0
470618,Denis Genreau,2022,FS,3433,True,5,2,0,90,0,0,0,0,0
470618,Denis Genreau,2022,FRC,415,False,6,0,3,0,0,0,0,0,0
470618,Denis Genreau,2022,FR5L,9371,False,6,3,0,227,1,0,0,0,0
470618,Denis Genreau,2022,FR1,415,False,38,20,7,652,0,1,7,2,3
470618,Denis Genreau,2021,POWM,3433,True,1,0,0,0,0,0,0,0,0
470618,Denis Genreau,2021,FS,3433,True,1,1,0,28,0,0,1,1,0
470618,Denis Genreau,2021,FS,32270,True,1,1,0,90,0,0,0,0,0
470618,Denis Genreau,2021,FRC,415,False,5,3,1,208,0,0,1,0,1
470618,Denis Genreau,2021,FR2,415,False,36,34,0,1854,2,3,22,6,4
470618,Denis Genreau,2021,FIWC,3433,True,4,0,1,0,0,0,0,0,0
470618,Denis Genreau,2020,OLYM,53845,True,3,3,0,207,0,0,1,0,1
470618,Denis Genreau,2020,FS,32270,True,3,0,0,0,0,0,0,0,0
470618,Denis Genreau,2020,AUSF,71085,False,2,0,0,0,0,0,0,0,0
470618,Denis Genreau,2020,AUS1,71085,False,26,23,0,1893,2,2,34,12,6
470618,Denis Genreau,2019,WMQ1,3433,True,15,2,0,168,0,0,1,0,0
470618,Denis Genreau,2019,FS,32270,True,1,1,0,90,0,0,0,0,0
470618,Denis Genreau,2019,AUS1,25580,False,23,6,0,317,0,2,8,4,3
470618,Denis Genreau,2019,A23Q,32270,True,3,2,0,75,0,0,0,0,0
470618,Denis Genreau,2019,23AF,32270,True,6,3,0,135,0,0,0,0,0
470618,Denis Genreau,2018,NLP,1269,False,3,2,0,97,0,2,2,1,0
470618,Denis Genreau,2018,NLBV,20300,False,3,3,0,258,0,0,0,0,0
470618,Denis Genreau,2018,NLBE,20300,False,9,6,0,523,1,0,0,0,0
470618,Denis Genreau,2018,NL1,1269,False,34,10,0,507,0,1,5,0,2
470618,Denis Genreau,2018,FS,3433,True,1,0,0,0,0,0,0,0,0
470618,Denis Genreau,2018,FFAC,25580,False,5,1,0,24,0,0,0,0,1
470618,Denis Genreau,2017,AUSF,25580,False,2,0,0,0,0,0,0,0,0
470618,Denis Genreau,2017,AUS1,25580,False,27,1,0,10,0,0,0,0,0
470618,Denis Genreau,2016,FFAC,25580,False,2,0,0,0,0,0,0,0,0
470618,Denis Genreau,2016,AUSF,25580,False,1,0,0,0,0,0,0,0,0
470618,Denis Genreau,2016,AUS1,25580,False,17,4,0,216,0,0,0,0,1
137669,Jason Davidson,2025,FFAC,7006,False,3,3,0,330,0,1,1,0,1
137669,Jason Davidson,2025,AUSF,7006,False,1,1,0,90,0,0,0,0,0
137669,Jason Davidson,2025,AUS1,7006,False,26,23,3,1951,1,0,27,6,7
137669,Jason Davidson,2024,S1PO,3385,False,10,9,0,778,0,0,7,0,2
137669,Jason Davidson,2024,GRP,3385,False,3,1,0,45,0,0,0,0,1
137669,Jason Davidson,2024,GR1,3385,False,24,19,3,1584,1,1,4,2,4
137669,Jason Davidson,2023,WMQ1,3433,True,14,0,3,0,0,0,0,0,0
137669,Jason Davidson,2023,FS,3433,True,4,0,0,0,0,0,0,0,0
137669,Jason Davidson,2023,CCB,1245,False,1,1,0,90,0,0,0,0,0
137669,Jason Davidson,2023,BPO4,1245,False,6,1,5,90,0,0,0,0,0
137669,Jason Davidson,2023,BE1,1245,False,30,28,1,2336,1,0,9,3,4
137669,Jason Davidson,2022,FS,3433,True,5,0,0,0,0,0,0,0,0
137669,Jason Davidson,2022,CCB,1245,False,1,0,0,0,0,0,0,0,0
137669,Jason Davidson,2022,BE1,1245,False,34,33,1,2669,0,0,28,5,5
137669,Jason Davidson,2022,AFAC,3433,True,5,0,0,0,0,0,0,0,0
137669,Jason Davidson,2021,POWM,3433,True,1,0,0,0,0,0,0,0,0
137669,Jason Davidson,2021,FS,3433,True,1,1,0,45,0,0,0,0,0
137669,Jason Davidson,2021,FIWC,3433,True,4,0,0,0,0,0,0,0,0
137669,Jason Davidson,2021,AUSF,7006,False,2,2,0,180,0,0,2,0,0
137669,Jason Davidson,2021,AUS1,7006,False,26,23,0,2012,1,3,22,6,4
137669,Jason Davidson,2021,ACLQ,7006,False,1,1,0,120,0,0,0,0,1
137669,Jason Davidson,2020,RSK1,3535,False,19,0,0,0,0,0,0,0,0
137669,Jason Davidson,2020,RKPO,3535,False,1,0,0,0,0,0,0,0,0
137669,Jason Davidson,2020,KLUB,3535,False,2,1,0,45,0,0,1,0,0
137669,Jason Davidson,2020,FFAC,7006,False,5,1,0,90,1,0,1,1,0
137669,Jason Davidson,2020,AFCL,3535,False,2,0,2,0,0,0,0,0,0
137669,Jason Davidson,2019,WMQ1,3433,True,19,0,1,0,0,0,0,0,0
137669,Jason Davidson,2019,RSKM,3535,False,5,0,0,0,0,0,0,0,0
137669,Jason Davidson,2019,RSK1,3535,False,22,4,0,360,0,0,3,0,1
137669,Jason Davidson,2019,RKPO,3535,False,5,0,0,0,0,0,0,0,0
137669,Jason Davidson,2019,AFCL,3535,False,10,3,0,252,0,0,0,0,1
137669,Jason Davidson,2018,RSKM,3535,False,5,1,0,7,0,0,0,0,0
137669,Jason Davidson,2018,RSK1,3535,False,16,2,13,101,0,0,0,0,1
137669,Jason Davidson,2018,FS,3433,True,5,0,0,0,0,0,0,0,0
137669,Jason Davidson,2018,AUSF,970,False,2,2,0,240,0,0,1,0,0
137669,Jason Davidson,2018,AUS1,970,False,27,26,0,2249,2,5,28,9,4
137669,Jason Davidson,2018,AFAC,3433,True,5,0,0,0,0,0,0,0,0
137669,Jason Davidson,2017,SLP,4772,False,3,1,0,90,0,0,0,0,0
137669,Jason Davidson,2017,SL1,4772,False,18,13,0,737,1,0,0,0,2
137669,Jason Davidson,2017,POWM,3433,True,2,0,0,0,0,0,0,0,0
137669,Jason Davidson,2017,KRC,144,False,3,1,0,90,0,0,0,0,0
137669,Jason Davidson,2017,KR1,144,False,14,0,0,0,0,0,0,0,0
137669,Jason Davidson,2017,GB1,1110,False,3,0,0,0,0,0,0,0,0
137669,Jason Davidson,2017,FS,3433,True,4,0,0,0,0,0,0,0,0
137669,Jason Davidson,2017,FIWC,3433,True,3,0,0,0,0,0,0,0,0
137669,Jason Davidson,2017,FFAC,970,False,1,0,0,0,0,0,0,0,0
137669,Jason Davidson,2017,EL,144,False,6,0,0,0,0,0,0,0,0
137669,Jason Davidson,2017,CGB,1110,False,1,0,0,0,0,0,0,0,0
137669,Jason Davidson,2016,WMQ1,3433,True,12,0,0,0,0,0,0,0,0
137669,Jason Davidson,2016,PONL,202,False,2,2,0,180,0,0,0,0,0
137669,Jason Davidson,2016,NLP,202,False,2,0,0,0,0,0,0,0,0
137669,Jason Davidson,2016,NL1,202,False,32,20,0,1682,0,4,0,0,2
137669,Jason Davidson,2016,GB2,1110,False,3,0,0,0,0,0,0,0,0
137669,Jason Davidson,2016,FS,3433,True,1,0,0,0,0,0,0,0,0
137669,Jason Davidson,2016,CONC,3433,True,3,0,0,0,0,0,0,0,0
137669,Jason Davidson,2016,CGB,1110,False,1,0,0,0,0,0,0,0,0
137669,Jason Davidson,2015,GB2,1110,False,46,27,0,2298,1,0,0,0,3
137669,Jason Davidson,2015,FS,3433,True,3,0,0,0,0,0,0,0,0
137669,Jason Davidson,2015,FAC,1110,False,2,2,0,179,0,1,0,0,0
137669,Jason Davidson,2015,CGB,1110,False,1,1,0,82,0,0,0,0,0
137669,Jason Davidson,2014,WMQ1,3433,True,8,4,0,303,0,2,0,0,0
137669,Jason Davidson,2014,GB21,29990,False,15,3,0,270,0,0,0,0,1
137669,Jason Davidson,2014,GB1,984,False,38,2,0,102,0,0,0,0,0
137669,Jason Davidson,2014,FS,3433,True,7,4,0,325,0,0,0,0,0
137669,Jason Davidson,2014,FAC,984,False,4,0,0,0,0,0,0,0,0
137669,Jason Davidson,2014,CGB,984,False,3,3,0,300,0,0,0,0,0
137669,Jason Davidson,2014,AFAC,3433,True,6,4,0,390,1,1,0,0,2
137669,Jason Davidson,2014,21PL,29990,False,1,0,0,0,0,0,0,0,0
137669,Jason Davidson,2013,NLP,1304,False,3,3,0,330,0,0,0,0,0
137669,Jason Davidson,2013,NLBE,10782,False,1,1,0,90,0,0,0,0,0
137669,Jason Davidson,2013,NL1,1304,False,34,30,3,2670,2,3,0,0,6
137669,Jason Davidson,2013,FS,3433,True,7,6,0,495,0,0,0,0,1
137669,Jason Davidson,2013,FIWC,3433,True,3,3,0,270,0,0,0,0,0
137669,Jason Davidson,2012,NLP,1304,False,4,2,1,86,0,0,0,0,0
137669,Jason Davidson,2012,NLBE,10782,False,6,2,1,135,0,0,0,0,0
137669,Jason Davidson,2012,NLBA,10782,False,21,18,0,1545,2,0,0,0,2
137669,Jason Davidson,2012,NL1,1304,False,34,10,2,620,0,0,0,0,1
137669,Jason Davidson,2012,FS,3433,True,4,1,0,30,0,0,0,0,0
137669,Jason Davidson,2012,EAFC,3433,True,7,0,0,0,0,0,0,0,0
137669,Jason Davidson,2011,WMQ1,3433,True,6,0,0,0,0,0,0,0,0
137669,Jason Davidson,2011,NLP,1304,False,3,0,0,0,0,0,0,0,0
137669,Jason Davidson,2011,NLBE,10782,False,6,6,0,540,2,0,0,0,0
137669,Jason Davidson,2011,NL1,1304,False,17,6,0,540,0,0,0,0,1
137669,Jason Davidson,2010,POPO,2995,False,2,0,0,0,0,0,0,0,0
137669,Jason Davidson,2010,POCP,2995,False,2,0,0,0,0,0,0,0,0
137669,Jason Davidson,2010,PO2,10140,False,18,14,0,1244,0,0,0,0,6
137669,Jason Davidson,2010,PO1,2995,False,14,0,0,0,0,0,0,0,0
137669,Jason Davidson,2009,POPO,2995,False,2,0,0,0,0,0,0,0,0
137669,Jason Davidson,2009,PO1,2995,False,16,5,0,175,0,0,0,0,2
137669,Jason Davidson,2009,A920,39276,True,2,1,0,90,0,0,0,0,0
677510,Keegan Jelacic,2025,FFAC,7006,False,3,3,0,320,1,1,7,2,0
677510,Keegan Jelacic,2025,AUSF,7006,False,1,1,0,19,0,0,0,0,0
677510,Keegan Jelacic,2025,AUS1,7006,False,26,26,0,1287,5,2,35,11,2
677510,Keegan Jelacic,2024,FFAC,7831,False,1,1,0,58,0,0,1,0,0
677510,Keegan Jelacic,2024,FFAC,7006,False,1,1,0,120,1,0,4,2,0
677510,Keegan Jelacic,2024,AUS1,7831,False,26,24,2,1922,2,3,25,11,5
677510,Keegan Jelacic,2023,W23C,32270,True,3,0,0,0,0,0,0,0,0
677510,Keegan Jelacic,2023,FS,32270,True,2,0,0,0,0,0,0,0,0
677510,Keegan Jelacic,2023,FFAC,7831,False,1,1,0,90,1,1,2,2,0
677510,Keegan Jelacic,2023,ECLQ,157,False,4,0,0,0,0,0,0,0,0
677510,Keegan Jelacic,2023,BE1,157,False,3,0,0,0,0,0,0,0,0
677510,Keegan Jelacic,2023,AUS1,7831,False,16,11,4,916,1,3,21,8,1
677510,Keegan Jelacic,2023,A23Q,32270,True,2,0,0,0,0,0,0,0,0
677510,Keegan Jelacic,2023,23AF,32270,True,3,2,0,128,0,0,2,1,0
677510,Keegan Jelacic,2022,NO41,35026,False,10,5,0,450,2,0,0,0,0
677510,Keegan Jelacic,2022,NO1,1274,False,13,8,0,166,0,0,5,3,0
677510,Keegan Jelacic,2022,FS,32270,True,5,3,0,160,0,0,0,0,1
677510,Keegan Jelacic,2022,AUS1,970,False,26,22,0,1762,2,4,20,5,4
677510,Keegan Jelacic,2021,AUS1,7831,False,4,0,0,0,0,0,0,0,0
677510,Keegan Jelacic,2020,FFAC,7831,False,2,0,0,0,0,0,0,0,0
677510,Keegan Jelacic,2020,AUSF,7831,False,1,0,0,0,0,0,0,0,0
677510,Keegan Jelacic,2020,AUS1,7831,False,24,2,0,18,0,0,0,0,0
677510,Keegan Jelacic,2018,FS,25510,True,3,3,0,136,0,0,0,0,0
677510,Keegan Jelacic,2018,17WC,25510,True,3,2,0,50,0,0,1,1,0
979025,Jordi Valadon,2025,FFAC,7006,False,3,3,0,330,0,0,2,0,0
979025,Jordi Valadon,2025,AUSF,7006,False,1,1,0,90,0,0,0,0,0
979025,Jordi Valadon,2025,AUS1,7006,False,26,23,3,1805,0,2,34,9,4
979025,Jordi Valadon,2025,A23Q,32270,True,3,2,0,136,0,0,0,0,0
979025,Jordi Valadon,2025,23AF,32270,True,4,4,0,328,0,0,1,0,0
979025,Jordi Valadon,2024,FS,77740,True,1,1,0,90,0,0,0,0,0
979025,Jordi Valadon,2024,FS,32270,True,3,1,0,90,0,0,0,0,0
979025,Jordi Valadon,2024,FFAC,7006,False,1,1,0,105,1,0,2,1,0
979025,Jordi Valadon,2024,AUSF,7006,False,4,4,0,360,0,2,5,0,1
979025,Jordi Valadon,2024,AUS1,7006,False,26,26,0,2176,0,4,24,9,3
979025,Jordi Valadon,2023,W23C,32270,True,3,2,0,134,0,0,0,0,0
979025,Jordi Valadon,2023,FFAC,7006,False,5,5,0,448,1,2,2,1,0
979025,Jordi Valadon,2023,AUSF,7006,False,4,4,0,268,0,1,1,1,0
979025,Jordi Valadon,2023,AUS1,7006,False,27,11,3,236,0,1,5,1,0
979025,Jordi Valadon,2023,23AF,32270,True,3,2,0,31,0,0,0,0,0
979025,Jordi Valadon,2022,FFAC,7006,False,1,1,0,120,0,0,1,0,0
979025,Jordi Valadon,2022,AUS1,7006,False,3,2,0,71,0,0,2,0,0
979025,Jordi Valadon,2021,FFAC,25580,False,1,0,0,0,0,0,0,0,0
979025,Jordi Valadon,2021,AUSF,25580,False,3,0,0,0,0,0,0,0,0
979025,Jordi Valadon,2021,AUS1,25580,False,18,0,0,0,0,0,0,0,0
979025,Jordi Valadon,2021,AFCL,25580,False,6,4,0,63,0,0,0,0,0
561650,Louis D'Arrigo,2025,FFAC,7006,False,3,3,0,310,0,1,1,0,0
561650,Louis D'Arrigo,2025,AUSF,7006,False,1,1,0,6,0,0,0,0,0
561650,Louis D'Arrigo,2025,AUS1,7006,False,26,16,10,971,2,0,17,5,1
561650,Louis D'Arrigo,2024,POPU,4000,False,1,1,0,76,1,0,0,0,1
561650,Louis D'Arrigo,2024,PL1,4000,False,34,12,5,190,1,0,3,2,0
561650,Louis D'Arrigo,2024,FFAC,7006,False,1,1,0,120,0,0,0,0,1
561650,Louis D'Arrigo,2023,W23C,32270,True,3,3,0,146,1,0,0,0,0
561650,Louis D'Arrigo,2023,POPU,4000,False,1,1,0,76,0,0,0,0,0
561650,Louis D'Arrigo,2023,PL2,4000,False,27,21,0,609,0,0,0,0,4
561650,Louis D'Arrigo,2023,FS,32270,True,2,2,0,87,0,0,0,0,0
561650,Louis D'Arrigo,2023,A23Q,32270,True,2,2,0,125,1,0,0,0,0
561650,Louis D'Arrigo,2022,FS,32270,True,5,5,0,405,1,0,2,1,1
561650,Louis D'Arrigo,2022,AUSF,875,False,3,3,0,242,0,0,1,0,0
561650,Louis D'Arrigo,2022,AUS1,875,False,26,24,0,1661,2,3,22,7,3
561650,Louis D'Arrigo,2021,FFAC,875,False,3,3,0,275,1,0,5,1,0
561650,Louis D'Arrigo,2021,AUSF,875,False,3,2,0,24,0,0,1,1,0
561650,Louis D'Arrigo,2021,AUS1,875,False,26,20,0,803,0,0,10,2,2
561650,Louis D'Arrigo,2021,23AF,32270,True,6,5,0,345,1,1,2,2,1
561650,Louis D'Arrigo,2020,FFAC,875,False,3,0,0,0,0,0,0,0,0
561650,Louis D'Arrigo,2020,AUSF,875,False,2,2,0,180,0,0,1,1,1
561650,Louis D'Arrigo,2020,AUS1,875,False,26,24,0,1791,1,1,26,6,4
561650,Louis D'Arrigo,2019,AUS1,875,False,26,21,0,1707,0,0,0,0,4
561650,Louis D'Arrigo,2019,AU2C,39276,True,3,2,0,180,0,0,0,0,0
561650,Louis D'Arrigo,2018,FS,100451,True,1,1,0,80,0,0,0,0,0
561650,Louis D'Arrigo,2018,FFAC,875,False,5,2,0,147,0,0,1,0,0
561650,Louis D'Arrigo,2018,AUSF,875,False,2,0,0,0,0,0,0,0,0
561650,Louis D'Arrigo,2018,AUS1,875,False,27,1,0,4,0,0,0,0,0
561650,Louis D'Arrigo,2017,FFAC,875,False,5,0,0,0,0,0,0,0,0
561650,Louis D'Arrigo,2017,AUSF,875,False,1,0,0,0,0,0,0,0,0
561650,Louis D'Arrigo,2017,AUS1,875,False,12,0,0,0,0,0,0,0,0
1232652,Xavier Stella,2025,FFAC,7006,False,3,1,0,20,0,0,1,0,0
1232652,Xavier Stella,2025,AUSF,7006,False,1,0,0,0,0,0,0,0,0
1232652,Xavier Stella,2025,AUS1,7006,False,26,9,0,305,0,0,1,1,0
1232652,Xavier Stella,2024,FFAC,25580,False,1,1,0,29,0,0,0,0,0
1232652,Xavier Stella,2023,TDV,34133,False,3,3,0,251,0,0,0,0,0
1232652,Xavier Stella,2023,AF19,39276,True,5,3,0,104,0,0,0,0,0
1232652,Xavier Stella,2021,AF16,66880,True,3,3,0,202,0,0,0,0,0
44068,Juan Mata,2025,AUSF,7006,False,1,1,0,84,0,0,0,0,0
44068,Juan Mata,2025,AUS1,7006,False,26,24,2,1687,5,12,34,16,2
44068,Juan Mata,2024,AUSF,36100,False,1,1,0,17,0,0,1,0,0
44068,Juan Mata,2024,AUS1,36100,False,26,22,2,582,1,3,10,4,0
44068,Juan Mata,2023,FFAC,36100,False,1,0,0,0,0,0,0,0,0
44068,Juan Mata,2022,TRP,141,False,5,2,0,161,0,1,0,0,0
44068,Juan Mata,2022,TR1,141,False,31,16,2,334,3,1,12,6,1
44068,Juan Mata,2022,JAP1,3958,False,9,1,0,10,0,0,0,0,0
44068,Juan Mata,2021,GB1,985,False,38,7,0,232,0,0,5,1,0
44068,Juan Mata,2021,FAC,985,False,2,1,0,20,0,0,0,0,0
44068,Juan Mata,2021,CL,985,False,8,3,0,96,0,0,2,1,0
44068,Juan Mata,2021,CGB,985,False,1,1,0,62,0,0,2,1,0
44068,Juan Mata,2020,GB1,985,False,38,9,4,511,1,2,5,4,0
44068,Juan Mata,2020,FAC,985,False,4,1,1,90,0,0,4,1,0
44068,Juan Mata,2020,EL,985,False,9,5,3,32,0,0,1,1,0
44068,Juan Mata,2020,CL,985,False,6,1,0,61,0,0,0,0,0
44068,Juan Mata,2020,CGB,985,False,4,2,0,168,2,1,5,4,0
44068,Juan Mata,2019,GB1,985,False,38,19,0,752,0,2,10,2,1
44068,Juan Mata,2019,FAC,985,False,6,4,0,313,1,0,9,5,0
44068,Juan Mata,2019,EL,985,False,12,11,0,768,2,5,16,5,0
44068,Juan Mata,2019,CGB,985,False,5,3,0,106,0,0,3,0,0
44068,Juan Mata,2018,GB1,985,False,38,22,3,1293,3,3,19,6,3
44068,Juan Mata,2018,FAC,985,False,4,3,0,142,1,0,2,1,0
44068,Juan Mata,2018,CL,985,False,10,6,1,275,1,0,8,1,0
44068,Juan Mata,2018,CGB,985,False,1,1,0,70,1,0,2,2,0
44068,Juan Mata,2017,USC,985,False,1,0,0,0,0,0,0,0,0
44068,Juan Mata,2017,GB1,985,False,38,28,0,1931,3,5,0,0,1
44068,Juan Mata,2017,FAC,985,False,6,5,0,291,0,1,0,0,0
44068,Juan Mata,2017,CL,985,False,8,6,0,410,0,1,0,0,0
44068,Juan Mata,2017,CGB,985,False,3,1,0,45,0,0,0,0,0
44068,Juan Mata,2016,WMQ6,3375,True,4,0,0,0,0,0,0,0,0
44068,Juan Mata,2016,GBCS,985,False,1,1,0,27,0,0,0,0,0
44068,Juan Mata,2016,GB1,985,False,38,25,6,1628,6,3,0,0,3
44068,Juan Mata,2016,FS,3375,True,2,1,0,45,0,0,0,0,0
44068,Juan Mata,2016,FAC,985,False,4,3,0,169,0,1,0,0,0
44068,Juan Mata,2016,EL,985,False,15,10,2,721,2,2,0,0,2
44068,Juan Mata,2016,CGB,985,False,6,3,0,197,2,0,0,0,0
44068,Juan Mata,2015,GB1,985,False,38,38,0,2899,6,6,0,0,5
44068,Juan Mata,2015,FS,3375,True,6,3,0,94,0,0,0,0,0
44068,Juan Mata,2015,FAC,985,False,7,4,0,299,3,0,0,0,1
44068,Juan Mata,2015,EURO,3375,True,4,0,0,0,0,0,0,0,0
44068,Juan Mata,2015,EL,985,False,4,4,0,337,0,1,0,0,0
44068,Juan Mata,2015,CLQ,985,False,2,2,0,152,0,1,0,0,0
44068,Juan Mata,2015,CL,985,False,6,5,0,328,1,2,0,0,0
44068,Juan Mata,2015,CGB,985,False,2,1,0,70,0,0,0,0,0
44068,Juan Mata,2014,GB1,985,False,38,33,0,2308,9,4,0,0,2
44068,Juan Mata,2014,FS,3375,True,4,0,0,0,0,0,0,0,0
44068,Juan Mata,2014,FAC,985,False,5,2,0,135,1,0,0,0,0
44068,Juan Mata,2014,EMQ,3375,True,10,3,0,195,0,1,0,0,0
44068,Juan Mata,2014,CGB,985,False,1,0,0,0,0,0,0,0,0
44068,Juan Mata,2013,USC,631,False,1,0,0,0,0,0,0,0,0
44068,Juan Mata,2013,GB1,985,False,16,15,0,1230,6,4,0,0,0
44068,Juan Mata,2013,GB1,631,False,22,13,0,834,0,2,0,0,0
44068,Juan Mata,2013,FS,3375,True,7,3,0,179,0,1,0,0,0
44068,Juan Mata,2013,FIWC,3375,True,3,1,0,34,1,0,0,0,0
44068,Juan Mata,2013,FAC,631,False,1,0,0,0,0,0,0,0,0
44068,Juan Mata,2013,CL,985,False,4,0,4,0,0,0,0,0,0
44068,Juan Mata,2013,CL,631,False,6,2,0,108,0,0,0,0,0
44068,Juan Mata,2013,CGB,631,False,3,2,0,180,1,1,0,0,0
44068,Juan Mata,2012,WMQ6,3375,True,8,3,0,48,1,0,0,0,0
44068,Juan Mata,2012,USC,631,False,1,1,0,80,0,0,0,0,0
44068,Juan Mata,2012,KLUB,631,False,2,2,0,164,1,1,0,0,0
44068,Juan Mata,2012,GBCS,631,False,1,1,0,74,0,0,0,0,0
44068,Juan Mata,2012,GB1,631,False,38,35,0,2742,12,12,0,0,3
44068,Juan Mata,2012,FS,3375,True,6,4,0,182,1,4,0,0,0
44068,Juan Mata,2012,FAC,631,False,7,6,0,470,1,5,0,0,1
44068,Juan Mata,2012,EL,631,False,9,8,0,490,1,5,0,0,0
44068,Juan Mata,2012,CONC,3375,True,5,4,0,171,1,2,0,0,0
44068,Juan Mata,2012,CL,631,False,6,6,0,443,3,3,0,0,0
44068,Juan Mata,2012,CGB,631,False,5,5,0,454,2,4,0,0,0
44068,Juan Mata,2011,OLYM,53824,True,3,3,0,270,0,0,0,0,2
44068,Juan Mata,2011,GB1,631,False,36,34,0,2528,6,13,0,0,1
44068,Juan Mata,2011,FS,3375,True,9,5,0,180,0,0,0,0,0
44068,Juan Mata,2011,FAC,631,False,7,7,0,577,4,4,0,0,0
44068,Juan Mata,2011,EURO,3375,True,6,1,0,4,1,0,0,0,0
44068,Juan Mata,2011,CL,631,False,13,12,0,948,2,3,0,0,1
44068,Juan Mata,2011,CGB,631,False,3,1,0,26,0,0,0,0,0
44068,Juan Mata,2010,U21Q,9567,True,2,2,0,180,0,2,0,0,1
44068,Juan Mata,2010,FS,9567,True,4,0,0,0,0,0,0,0,0
44068,Juan Mata,2010,FS,3375,True,5,1,0,45,0,0,0,0,0
44068,Juan Mata,2010,ES1,1049,False,38,33,0,2581,8,13,0,0,3
44068,Juan Mata,2010,EMQ,3375,True,8,3,0,203,2,1,0,0,0
44068,Juan Mata,2010,CL,1049,False,8,7,0,479,1,3,0,0,1
44068,Juan Mata,2010,CDR,1049,False,4,3,0,246,0,2,0,0,1
44068,Juan Mata,2010,21EU,9567,True,5,5,0,479,2,2,0,0,1
44068,Juan Mata,2009,U21Q,9567,True,8,2,0,180,0,1,0,0,0
44068,Juan Mata,2009,FS,3375,True,7,2,0,66,0,0,0,0,0
44068,Juan Mata,2009,FIWC,3375,True,7,1,0,20,0,0,0,0,0
44068,Juan Mata,2009,ES1,1049,False,38,35,0,2581,9,5,0,0,1
44068,Juan Mata,2009,ELQ,1049,False,2,2,0,147,0,3,0,0,0
44068,Juan Mata,2009,EL,1049,False,12,12,0,884,5,4,0,0,3
44068,Juan Mata,2009,CDR,1049,False,4,2,0,82,0,0,0,0,0
44068,Juan Mata,2008,WMQ6,3375,True,6,4,0,113,3,0,0,0,0
44068,Juan Mata,2008,UEFA,1049,False,8,6,0,284,1,1,0,0,0
44068,Juan Mata,2008,SUC,1049,False,2,2,0,131,1,1,0,0,0
44068,Juan Mata,2008,FS,9567,True,3,0,0,0,0,0,0,0,0
44068,Juan Mata,2008,FS,3375,True,3,0,0,0,0,0,0,0,0
44068,Juan Mata,2008,ES1,1049,False,38,37,0,3032,11,17,0,0,5
44068,Juan Mata,2008,CONC,3375,True,5,2,0,102,0,0,0,0,0
44068,Juan Mata,2008,CDR,1049,False,6,2,0,109,1,1,0,0,0
44068,Juan Mata,2008,21EU,9567,True,3,0,0,0,0,0,0,0,0
44068,Juan Mata,2007,U21Q,9567,True,10,8,0,539,2,0,0,0,2
44068,Juan Mata,2007,ES1,1049,False,38,24,0,1400,5,1,0,0,1
44068,Juan Mata,2007,CLQ,1049,False,2,0,0,0,0,0,0,0,0
44068,Juan Mata,2007,CL,1049,False,6,1,0,16,0,0,0,0,0
44068,Juan Mata,2007,CDR,1049,False,9,8,0,582,4,1,0,0,1
44068,Juan Mata,2006,FS,9567,True,1,1,0,29,0,0,0,0,0
44068,Juan Mata,2006,ES2,6767,False,42,38,0,2766,9,0,0,0,5
44068,Juan Mata,2006,20WC,20911,True,5,4,0,420,2,2,0,0,0
44068,Juan Mata,2005,U19Q,12609,True,3,1,0,90,0,0,0,0,0
44068,Juan Mata,2005,19EU,12609,True,5,5,0,355,4,0,0,0,0
1356499,Oliver Dragicevic,2025,AUSF,7006,False,1,0,0,0,0,0,0,0,0
1356499,Oliver Dragicevic,2025,AUS1,7006,False,26,7,0,64,0,0,1,0,0
1356499,Oliver Dragicevic,2025,AF19,39276,True,4,3,0,175,0,0,0,0,0
1356499,Oliver Dragicevic,2024,A2VI,31346,False,26,25,0,1608,3,4,0,0,3
1356499,Oliver Dragicevic,2023,A2VI,31346,False,26,2,0,17,0,0,0,0,0
1373901,Jack Mihailidis,2025,FFAC,7006,False,3,2,0,16,0,0,0,0,0
1373901,Jack Mihailidis,2024,A2VI,19718,False,23,21,0,1571,3,3,0,0,2
1127122,Matthew Grimaldi,2025,FFAC,7006,False,3,3,0,267,1,0,8,2,0
1127122,Matthew Grimaldi,2025,AUSF,7006,False,1,1,0,6,0,0,0,0,0
1127122,Matthew Grimaldi,2025,AUS1,7006,False,26,26,0,980,2,3,23,6,1
1127122,Matthew Grimaldi,2025,A23Q,32270,True,3,3,0,143,1,0,0,0,0
1127122,Matthew Grimaldi,2024,FS,77740,True,1,1,0,90,0,0,0,0,0
1127122,Matthew Grimaldi,2024,FS,32270,True,3,2,0,109,0,0,0,0,0
1127122,Matthew Grimaldi,2024,FFAC,71084,False,1,1,0,90,0,0,0,0,0
1127122,Matthew Grimaldi,2024,AUSF,71084,False,3,3,0,161,0,1,0,0,0
1127122,Matthew Grimaldi,2024,AUS1,71084,False,26,26,0,1487,5,1,0,0,1
1127122,Matthew Grimaldi,2023,FFAC,71084,False,1,1,0,75,0,0,0,0,0
1127122,Matthew Grimaldi,2023,AUS1,71084,False,27,23,0,938,5,1,0,0,4
1127122,Matthew Grimaldi,2022,FFAC,71084,False,2,2,0,32,1,0,0,0,0
697520,Santos,2025,FFAC,7006,False,3,3,0,225,1,0,6,2,0
697520,Santos,2025,AUSF,7006,False,1,1,0,71,0,0,0,0,0
697520,Santos,2025,AUS1,7006,False,26,24,1,1242,6,0,46,15,2
697520,Santos,2024,ZYP1,2156,False,1,0,0,0,0,0,0,0,0
697520,Santos,2024,FFAC,7006,False,1,1,0,71,0,0,4,1,0
697520,Santos,2024,ECLQ,2156,False,2,2,0,56,0,0,0,0,0
697520,Santos,2024,AUSF,7006,False,4,4,0,152,0,0,3,0,0
697520,Santos,2024,AUS1,7006,False,26,22,3,983,4,1,26,14,0
697520,Santos,2023,ZYPM,2156,False,10,9,0,248,0,1,0,0,1
697520,Santos,2023,ZYP1,2156,False,26,17,0,475,1,1,0,0,1
697520,Santos,2023,ECLQ,2156,False,4,0,0,0,0,0,0,0,0
697520,Santos,2023,CPO1,2156,False,3,3,0,138,1,1,0,0,0
697520,Santos,2022,BOS1,2573,False,33,30,3,2562,8,4,0,0,3
697520,Santos,2022,BIHP,2573,False,6,5,1,424,0,1,0,0,1
697520,Santos,2021,BOS1,24197,False,33,29,0,2089,1,5,0,0,3
697520,Santos,2021,BIHP,24197,False,1,0,0,0,0,0,0,0,0
697520,Santos,2020,BH2S,43322,False,15,15,0,1350,2,0,0,0,2
697520,Santos,2020,BH2S,24197,False,15,14,0,978,5,0,0,0,1
697520,Santos,2019,KR2,22559,False,19,10,0,383,0,2,0,0,1
856284,Charles Nduka,2025,FFAC,7006,False,3,3,0,318,0,1,6,0,0
856284,Charles Nduka,2025,AUSF,7006,False,1,1,0,84,0,0,0,0,0
856284,Charles Nduka,2025,AUS1,7006,False,14,12,0,788,5,2,20,11,2
856284,Charles Nduka,2024,JPR2,42629,False,1,1,0,38,0,0,0,0,0
856284,Charles Nduka,2024,JEMP,42629,False,2,1,0,25,1,0,0,0,0
856284,Charles Nduka,2024,JAPC,42629,False,1,0,0,0,0,0,0,0,0
856284,Charles Nduka,2024,JAP3,42629,False,38,28,0,1152,7,6,33,15,3
856284,Charles Nduka,2023,JEMP,42629,False,1,0,0,0,0,0,0,0,0
856284,Charles Nduka,2023,JAPC,42629,False,2,1,0,15,0,0,0,0,0
856284,Charles Nduka,2023,JAP2,42629,False,38,22,0,1031,2,0,11,4,2
856284,Charles Nduka,2022,JEMP,13600,False,3,1,0,45,1,1,0,0,1
856284,Charles Nduka,2022,JAP3,13600,False,38,36,0,2108,7,1,48,19,3
856284,Charles Nduka,2021,JEMP,13600,False,2,2,0,75,0,0,0,0,0
856284,Charles Nduka,2021,JAP3,13600,False,34,27,3,1781,2,3,28,9,0
856284,Charles Nduka,2020,JEMP,34177,False,2,2,0,104,1,0,0,0,0
856284,Charles Nduka,2020,JAP3,34177,False,28,22,0,1748,6,1,0,0,1
1373953,Malik Olukhale,2026,FS,32269,True,3,2,0,109,0,0,0,0,0
1373953,Malik Olukhale,2025,FS,32269,True,5,2,0,90,0,0,0,0,0
1373953,Malik Olukhale,2025,FFAC,7006,False,3,1,0,6,0,0,0,0,0
1373953,Malik Olukhale,2025,AF16,32269,True,5,0,0,0,0,0,0,0,0
1373953,Malik Olukhale,2025,A169,32269,True,4,2,0,85,1,1,0,0,0
1373953,Malik Olukhale,2025,A168,32269,True,4,0,0,0,0,0,0,0,0
1373953,Malik Olukhale,2024,A2VI,19718,False,13,5,0,50,0,0,0,0,0
1234302,Mikey Ghossaini,2025,FFAC,7006,False,3,3,0,77,0,0,0,0,0
1234302,Mikey Ghossaini,2025,AUS1,25580,False,13,0,0,0,0,0,0,0,0
1234302,Mikey Ghossaini,2025,ACLE,25580,False,6,0,0,0,0,0,0,0,0
1234302,Mikey Ghossaini,2024,FFAC,25580,False,1,0,0,0,0,0,0,0,0
1234302,Mikey Ghossaini,2024,AUS1,25580,False,10,8,0,118,0,1,0,0,0
1234302,Mikey Ghossaini,2023,TDV,34133,False,3,2,0,105,0,0,0,0,0
1118086,Sebastian Esposito,2025,FS,22976,True,1,0,0,0,0,0,0,0,0
1118086,Sebastian Esposito,2025,AUSF,7006,False,1,0,0,0,0,0,0,0,0
1118086,Sebastian Esposito,2025,AUS1,7006,False,26,24,1,1884,2,0,10,2,3
1118086,Sebastian Esposito,2024,IT1,1005,False,38,0,0,0,0,0,0,0,0
1118086,Sebastian Esposito,2024,IJ1,5618,False,29,29,0,2589,2,0,1,1,7
1118086,Sebastian Esposito,2024,FS,32270,True,2,1,0,90,0,0,1,0,0
1118086,Sebastian Esposito,2024,FS,22976,True,4,0,0,0,0,0,0,0,0
1118086,Sebastian Esposito,2024,CITP,5618,False,5,4,0,315,0,0,0,0,0
1118086,Sebastian Esposito,2024,CIT,1005,False,2,0,0,0,0,0,0,0,0
1118086,Sebastian Esposito,2024,AU2C,22976,True,4,0,0,0,0,0,0,0,0
1118086,Sebastian Esposito,2024,A920,22976,True,6,6,0,525,0,1,1,0,0
1118086,Sebastian Esposito,2024,20WC,22976,True,3,3,0,270,0,0,3,2,1
1118086,Sebastian Esposito,2023,IT1,1005,False,13,0,0,0,0,0,0,0,0
1118086,Sebastian Esposito,2023,IJ1,5618,False,21,19,0,1640,0,1,0,0,4
1118086,Sebastian Esposito,2023,FS,22976,True,6,2,0,159,0,0,0,0,0
1118086,Sebastian Esposito,2023,AUS1,25580,False,7,0,0,0,0,0,0,0,0
1118086,Sebastian Esposito,2023,AFCL,25580,False,6,0,0,0,0,0,0,0,0
1118086,Sebastian Esposito,2022,FS,100451,True,3,3,0,214,0,0,0,0,0
1118086,Sebastian Esposito,2022,FFAC,25580,False,4,0,0,0,0,0,0,0,0
1118086,Sebastian Esposito,2022,AUS1,25580,False,1,0,0,0,0,0,0,0,0
1118086,Sebastian Esposito,2021,FFAC,25580,False,2,0,0,0,0,0,0,0,0
483593,Harry Sawyer,2025,FFAC,7006,False,3,3,0,91,2,0,4,3,0
483593,Harry Sawyer,2025,AUS1,71085,False,26,26,0,1092,6,1,49,20,2
483593,Harry Sawyer,2025,ACL2,71085,False,8,7,0,310,2,1,16,8,2
483593,Harry Sawyer,2024,FFAC,71085,False,3,3,0,220,1,1,4,1,1
483593,Harry Sawyer,2024,AUS1,71085,False,26,16,0,532,4,1,36,16,0
483593,Harry Sawyer,2023,FFAC,71085,False,2,0,0,0,0,0,0,0,0
483593,Harry Sawyer,2023,FFAC,6981,False,3,3,0,303,2,0,6,3,1
483593,Harry Sawyer,2023,A2VI,6981,False,26,22,0,1808,15,2,0,0,9
483593,Harry Sawyer,2022,INSC,60816,False,4,4,0,139,3,0,0,0,0
483593,Harry Sawyer,2022,INDC,60816,False,4,0,4,0,0,0,0,0,0
483593,Harry Sawyer,2022,IND1,60816,False,20,18,0,873,2,5,41,13,1
483593,Harry Sawyer,2022,FI1,1102,False,7,6,0,302,3,1,9,4,4
483593,Harry Sawyer,2022,F1CL,1102,False,5,4,0,347,0,3,8,4,1
483593,Harry Sawyer,2022,F1CE,1102,False,2,2,0,160,0,0,4,0,0
483593,Harry Sawyer,2021,A2VI,6981,False,24,3,0,254,2,0,13,4,0
483593,Harry Sawyer,2020,FFAC,6981,False,1,1,0,90,0,0,2,2,0
483593,Harry Sawyer,2020,A2VI,6981,False,27,3,0,253,2,0,0,0,1
483593,Harry Sawyer,2018,HKSC,34329,False,4,4,0,292,3,2,0,0,0
483593,Harry Sawyer,2018,HKP2,34329,False,4,3,0,184,1,0,0,0,0
483593,Harry Sawyer,2018,HKFA,34329,False,1,1,0,50,0,0,0,0,0
483593,Harry Sawyer,2018,HGKG,34329,False,18,10,3,514,4,0,0,0,1
483593,Harry Sawyer,2018,AFQU,34329,False,2,2,0,128,0,0,0,0,1
483593,Harry Sawyer,2018,AFCC,34329,False,4,4,0,255,2,1,1,1,0
483593,Harry Sawyer,2017,PFL1,59419,False,19,0,0,0,0,0,0,0,0
483593,Harry Sawyer,2016,PFL1,59419,False,18,0,0,0,0,0,0,0,0
483593,Harry Sawyer,2016,AUS1,5551,False,15,5,0,129,0,0,0,0,1
87856,Roderick Miranda,2025,AUSF,7006,False,1,1,0,90,0,0,0,0,0
87856,Roderick Miranda,2025,AUS1,7006,False,26,19,6,1632,0,1,6,1,4
87856,Roderick Miranda,2024,FFAC,7006,False,1,1,0,120,0,0,2,0,1
87856,Roderick Miranda,2024,AUSF,7006,False,4,3,1,270,0,0,3,1,0
87856,Roderick Miranda,2024,AUS1,7006,False,26,25,1,2169,2,0,11,2,2
87856,Roderick Miranda,2023,FFAC,7006,False,5,5,0,444,0,0,2,0,0
87856,Roderick Miranda,2023,AUSF,7006,False,4,4,0,450,0,1,0,0,0
87856,Roderick Miranda,2023,AUS1,7006,False,27,25,2,2213,1,0,26,6,8
87856,Roderick Miranda,2022,FFAC,7006,False,1,0,0,0,0,0,0,0,0
87856,Roderick Miranda,2022,AUS1,7006,False,26,21,1,1799,0,2,16,2,5
87856,Roderick Miranda,2021,FFAC,7006,False,1,1,0,90,0,0,3,1,0
87856,Roderick Miranda,2021,AUSF,7006,False,2,2,0,180,0,0,2,0,0
87856,Roderick Miranda,2021,AUS1,7006,False,26,20,0,1733,2,0,17,2,3
87856,Roderick Miranda,2021,ACLQ,7006,False,1,1,0,120,0,0,1,0,1
87856,Roderick Miranda,2020,TR1,2832,False,19,13,2,1058,0,0,6,2,4
87856,Roderick Miranda,2020,GB1,543,False,21,0,0,0,0,0,0,0,0
87856,Roderick Miranda,2020,FFAC,7006,False,5,0,0,0,0,0,0,0,0
87856,Roderick Miranda,2020,FAC,543,False,2,0,0,0,0,0,0,0,0
87856,Roderick Miranda,2020,CGB,543,False,1,0,0,0,0,0,0,0,0
87856,Roderick Miranda,2019,POPO,3329,False,6,4,1,259,0,1,0,0,0
87856,Roderick Miranda,2019,PO1,3329,False,29,24,4,1940,2,1,6,3,7
87856,Roderick Miranda,2019,GB1,543,False,3,0,0,0,0,0,0,0,0
87856,Roderick Miranda,2019,ELQ,543,False,6,0,0,0,0,0,0,0,0
87856,Roderick Miranda,2019,EL,543,False,2,0,0,0,0,0,0,0,0
87856,Roderick Miranda,2018,GRP,683,False,7,6,0,540,0,0,0,0,2
87856,Roderick Miranda,2018,GR1,683,False,30,8,0,663,0,1,0,0,2
87856,Roderick Miranda,2018,ELQ,683,False,4,4,0,360,0,2,0,0,0
87856,Roderick Miranda,2018,EL,683,False,8,2,0,180,0,0,0,0,0
87856,Roderick Miranda,2017,GB2,543,False,46,17,0,1403,0,0,0,0,2
87856,Roderick Miranda,2017,FAC,543,False,2,1,0,90,0,0,0,0,0
87856,Roderick Miranda,2017,CGB,543,False,4,1,0,120,0,0,0,0,0
87856,Roderick Miranda,2016,POPO,2425,False,1,0,0,0,0,0,0,0,0
87856,Roderick Miranda,2016,POCP,2425,False,4,2,1,180,1,0,0,0,1
87856,Roderick Miranda,2016,PO1,2425,False,34,33,0,2970,2,2,0,0,3
87856,Roderick Miranda,2016,ELQ,2425,False,2,2,0,180,0,0,0,0,1
87856,Roderick Miranda,2015,POPO,2425,False,6,3,0,270,0,0,0,0,1
87856,Roderick Miranda,2015,POCP,2425,False,4,1,0,90,0,0,0,0,1
87856,Roderick Miranda,2015,PO1,2425,False,34,18,0,1620,1,0,0,0,6
87856,Roderick Miranda,2014,POSU,2425,False,1,0,0,0,0,0,0,0,0
87856,Roderick Miranda,2014,POPO,2425,False,6,3,2,195,0,0,0,0,1
87856,Roderick Miranda,2014,POCP,2425,False,6,2,3,180,0,0,0,0,0
87856,Roderick Miranda,2014,PO1,2425,False,34,3,19,199,0,0,0,0,1
87856,Roderick Miranda,2014,ELQ,2425,False,4,1,0,1,0,0,0,0,0
87856,Roderick Miranda,2014,EL,2425,False,6,2,0,180,0,0,0,0,0
87856,Roderick Miranda,2013,POPO,2425,False,7,4,0,290,0,0,0,0,0
87856,Roderick Miranda,2013,POCP,2425,False,5,2,0,180,0,0,0,0,1
87856,Roderick Miranda,2013,PO1,2425,False,30,18,0,1011,0,0,0,0,6
87856,Roderick Miranda,2012,POPO,294,False,5,0,0,0,0,0,0,0,0
87856,Roderick Miranda,2012,POCP,294,False,2,2,0,180,0,0,0,0,1
87856,Roderick Miranda,2012,PO2,10330,False,11,5,0,442,0,1,0,0,4
87856,Roderick Miranda,2012,PO1,294,False,18,2,0,25,0,0,0,0,0
87856,Roderick Miranda,2012,ES1,897,False,17,3,0,240,0,0,0,0,0
87856,Roderick Miranda,2012,EL,294,False,9,3,0,181,0,0,0,0,1
87856,Roderick Miranda,2012,CDR,897,False,2,1,0,90,0,0,0,0,0
87856,Roderick Miranda,2011,SCC,61,False,3,3,0,300,0,0,0,0,1
87856,Roderick Miranda,2011,PO1,294,False,3,0,0,0,0,0,0,0,0
87856,Roderick Miranda,2011,FS,16373,True,3,1,0,90,0,0,0,0,0
87856,Roderick Miranda,2011,CLQ,294,False,4,0,0,0,0,0,0,0,0
87856,Roderick Miranda,2011,C1,61,False,27,24,0,2143,0,0,0,0,4
87856,Roderick Miranda,2010,POSU,294,False,1,0,0,0,0,0,0,0,0
87856,Roderick Miranda,2010,POPO,294,False,6,0,0,0,0,0,0,0,0
87856,Roderick Miranda,2010,POCP,294,False,5,1,0,90,0,0,0,0,1
87856,Roderick Miranda,2010,PO1,294,False,30,5,0,379,0,0,0,0,1
87856,Roderick Miranda,2010,FS,16373,True,9,6,0,495,0,0,0,0,0
87856,Roderick Miranda,2010,EL,294,False,8,0,0,0,0,0,0,0,0
87856,Roderick Miranda,2010,CL,294,False,6,0,0,0,0,0,0,0,0
87856,Roderick Miranda,2010,20WC,16373,True,7,7,0,556,0,0,0,0,1
87856,Roderick Miranda,2009,U19Q,16372,True,6,6,0,540,0,0,0,0,1
87856,Roderick Miranda,2009,POCP,294,False,5,1,0,90,0,0,0,0,0
87856,Roderick Miranda,2009,PO1,294,False,19,0,0,0,0,0,0,0,0
87856,Roderick Miranda,2009,FS,16372,True,9,6,0,488,0,0,0,0,1
87856,Roderick Miranda,2009,EL,294,False,8,1,0,90,0,0,0,0,0
87856,Roderick Miranda,2009,19EU,16372,True,3,3,0,270,0,0,0,0,2
87856,Roderick Miranda,2008,U19Q,16372,True,3,2,0,111,0,0,0,0,1
87856,Roderick Miranda,2008,FS,16372,True,6,5,0,230,0,0,0,0,1
87856,Roderick Miranda,2008,FS,16371,True,4,3,0,225,0,0,0,0,0
87856,Roderick Miranda,2007,U17Q,23137,True,3,3,0,240,0,0,0,0,0
87856,Roderick Miranda,2007,AA17,23137,True,3,3,0,172,0,0,0,0,1
703658,Joshua Rawlins,2026,SCP,1519,False,5,5,0,388,0,0,3,1,1
703658,Joshua Rawlins,2026,SC1,1519,False,3,2,0,180,0,0,1,0,0
703658,Joshua Rawlins,2025,AUSF,7006,False,1,1,0,90,0,0,0,0,0
703658,Joshua Rawlins,2025,AUS1,7006,False,26,21,4,1709,0,2,11,0,3
703658,Joshua Rawlins,2025,A23Q,32270,True,3,2,0,180,2,0,0,0,0
703658,Joshua Rawlins,2025,23AF,32270,True,4,4,0,360,0,1,1,0,0
703658,Joshua Rawlins,2024,FS,77740,True,1,1,0,70,0,0,0,0,0
703658,Joshua Rawlins,2024,FS,32270,True,3,1,0,90,0,0,1,0,0
703658,Joshua Rawlins,2024,FFAC,7006,False,1,1,0,7,0,0,0,0,0
703658,Joshua Rawlins,2024,AUSF,7006,False,4,4,0,224,0,0,1,0,1
703658,Joshua Rawlins,2024,AUS1,7006,False,26,19,0,1124,0,1,2,0,2
703658,Joshua Rawlins,2023,W23C,32270,True,3,0,0,0,0,0,0,0,0
703658,Joshua Rawlins,2023,NL2,17596,False,23,0,0,0,0,0,0,0,0
703658,Joshua Rawlins,2023,FS,32270,True,2,0,0,0,0,0,0,0,0
703658,Joshua Rawlins,2023,FFAC,7006,False,5,3,0,73,0,0,0,0,0
703658,Joshua Rawlins,2023,AUS1,970,False,13,12,0,783,1,0,5,1,3
703658,Joshua Rawlins,2023,A23Q,32270,True,2,0,0,0,0,0,0,0,0
703658,Joshua Rawlins,2023,23AF,32270,True,3,0,0,0,0,0,0,0,0
703658,Joshua Rawlins,2022,NL2,17596,False,38,24,0,1683,0,1,7,3,2
703658,Joshua Rawlins,2022,FS,32270,True,5,3,0,270,0,0,1,0,2
703658,Joshua Rawlins,2022,FS,22976,True,3,2,0,121,0,0,0,0,0
703658,Joshua Rawlins,2022,AU2C,22976,True,3,2,0,180,0,0,0,0,0
703658,Joshua Rawlins,2022,A920,22976,True,4,4,0,390,0,0,0,0,0
703658,Joshua Rawlins,2021,AUS1,970,False,26,22,0,1482,0,0,8,6,2
703658,Joshua Rawlins,2021,23AF,32270,True,6,4,0,192,0,1,1,0,0
703658,Joshua Rawlins,2020,AUS1,970,False,26,12,0,707,0,1,2,1,1
703658,Joshua Rawlins,2019,FS,32269,True,2,1,0,90,0,0,0,0,0
703658,Joshua Rawlins,2019,AFCL,970,False,5,4,0,272,0,0,0,0,0
703658,Joshua Rawlins,2019,A169,66880,True,4,3,0,270,1,0,0,0,0
703658,Joshua Rawlins,2018,17WC,32269,True,4,3,0,235,0,0,1,0,0
70209,Adama Traoré,2025,AUSF,7006,False,1,0,0,0,0,0,0,0,0
70209,Adama Traoré,2025,AUS1,7006,False,26,6,0,272,0,0,1,1,2
70209,Adama Traoré,2025,A2VI,32385,False,7,5,0,418,0,0,0,0,1
70209,Adama Traoré,2024,FFAC,7006,False,1,1,0,71,0,0,0,0,1
70209,Adama Traoré,2024,AUSF,7006,False,4,0,2,0,0,0,0,0,0
70209,Adama Traoré,2024,AUS1,7006,False,26,11,0,565,1,0,9,5,2
70209,Adama Traoré,2023,FFAC,7006,False,5,2,0,112,0,0,2,1,0
70209,Adama Traoré,2023,AUSF,7006,False,4,4,0,410,1,0,4,2,1
70209,Adama Traoré,2023,AUS1,7006,False,27,19,6,1332,0,4,15,2,4
70209,Adama Traoré,2022,FFAC,7006,False,1,0,0,0,0,0,0,0,0
70209,Adama Traoré,2022,AUSF,36100,False,1,1,0,82,0,0,0,0,0
70209,Adama Traoré,2022,AUS1,36100,False,26,25,1,2163,0,0,9,2,4
70209,Adama Traoré,2021,AUS1,36100,False,26,24,0,1982,0,0,13,2,5
70209,Adama Traoré,2020,FFAC,36100,False,2,0,0,0,0,0,0,0,0
70209,Adama Traoré,2020,AUS1,7006,False,26,17,0,1434,0,3,8,3,5
70209,Adama Traoré,2019,AUS1,7006,False,26,23,0,1937,0,0,6,1,2
70209,Adama Traoré,2019,AFCL,7006,False,7,6,0,465,0,0,1,1,2
70209,Adama Traoré,2019,ACLQ,7006,False,2,2,0,180,0,0,1,0,0
70209,Adama Traoré,2018,TRP,1467,False,7,0,7,0,0,0,0,0,0
70209,Adama Traoré,2018,TR1,1467,False,34,8,26,647,0,0,2,2,2
70209,Adama Traoré,2017,TRP,1467,False,1,0,0,0,0,0,0,0,0
70209,Adama Traoré,2017,TR1,1467,False,33,19,9,1604,0,2,0,0,2
70209,Adama Traoré,2017,SCC,26,False,1,0,0,0,0,0,0,0,0
70209,Adama Traoré,2017,FS,3591,True,2,1,0,90,0,0,0,0,0
70209,Adama Traoré,2017,CHAN,3591,True,3,0,0,0,0,0,0,0,0
70209,Adama Traoré,2017,C1,26,False,4,0,0,0,0,0,0,0,0
70209,Adama Traoré,2017,AFCQ,3591,True,1,1,0,87,0,0,0,0,0
70209,Adama Traoré,2016,WMQ2,3591,True,8,3,0,252,0,0,0,0,0
70209,Adama Traoré,2016,SCC,26,False,6,3,0,270,1,0,0,0,0
70209,Adama Traoré,2016,FS,3591,True,5,2,0,180,0,0,0,0,0
70209,Adama Traoré,2016,CL,26,False,6,6,0,540,0,0,0,0,1
70209,Adama Traoré,2016,C1,26,False,36,23,5,1768,0,2,0,0,4
70209,Adama Traoré,2016,AFCN,3591,True,3,2,0,135,0,0,0,0,0
70209,Adama Traoré,2015,SCC,26,False,4,2,1,180,0,0,0,0,0
70209,Adama Traoré,2015,FS,3591,True,3,1,1,78,0,0,0,0,0
70209,Adama Traoré,2015,EL,26,False,10,3,3,144,0,0,0,0,0
70209,Adama Traoré,2015,CLQ,26,False,4,1,0,1,0,0,0,0,0
70209,Adama Traoré,2015,CHAN,3591,True,6,0,0,0,0,0,0,0,0
70209,Adama Traoré,2015,C1,26,False,36,24,8,1540,1,3,0,0,2
70209,Adama Traoré,2015,AFCQ,3591,True,4,2,0,180,0,0,0,0,0
70209,Adama Traoré,2014,SCC,26,False,3,2,0,180,0,0,0,0,0
70209,Adama Traoré,2014,POPO,2420,False,2,2,0,145,0,0,0,0,0
70209,Adama Traoré,2014,POCP,2420,False,1,1,0,90,0,0,0,0,0
70209,Adama Traoré,2014,PO1,2420,False,15,15,0,1323,0,0,0,0,5
70209,Adama Traoré,2014,CL,26,False,2,0,1,0,0,0,0,0,0
70209,Adama Traoré,2014,C1,26,False,18,12,2,779,0,1,0,0,3
70209,Adama Traoré,2013,AUSF,7006,False,2,2,0,180,0,1,0,0,1
70209,Adama Traoré,2013,AUS1,7006,False,27,24,0,2151,1,2,0,0,6
70209,Adama Traoré,2013,AFCL,7006,False,6,3,0,270,0,0,0,0,2
70209,Adama Traoré,2013,ACLQ,7006,False,1,1,0,90,0,0,0,0,1
70209,Adama Traoré,2012,AUSF,7006,False,2,0,0,0,0,0,0,0,0
70209,Adama Traoré,2012,AUS1,7006,False,27,22,0,1942,0,3,0,0,3
70209,Adama Traoré,2011,AUS1,15889,False,27,27,0,2383,1,0,0,0,5
70209,Adama Traoré,2010,AUSF,15889,False,3,2,0,61,0,0,0,0,0
70209,Adama Traoré,2010,AUS1,15889,False,30,29,0,2514,2,0,0,0,3
70209,Adama Traoré,2009,AUSF,15889,False,1,0,0,0,0,0,0,0,0
70209,Adama Traoré,2009,AUS1,15889,False,26,11,0,911,0,0,0,0,1
70209,Adama Traoré,2006,FS,25249,True,1,1,0,90,0,0,0,0,0
1154874,Kayne Razmovski,2025,FFAC,3080,False,2,1,0,32,0,0,0,0,0
1154874,Kayne Razmovski,2025,AUSF,7006,False,1,0,0,0,0,0,0,0,0
1154874,Kayne Razmovski,2025,AUS1,7006,False,26,1,0,2,0,0,0,0,0
1154874,Kayne Razmovski,2025,A2VI,3080,False,6,4,0,323,0,0,0,0,1
1154874,Kayne Razmovski,2024,FS,22976,True,3,2,0,99,0,0,0,0,0
1154874,Kayne Razmovski,2024,FFAC,7006,False,1,0,0,0,0,0,0,0,0
1154874,Kayne Razmovski,2024,AUS1,7006,False,2,0,0,0,0,0,0,0,0
1154874,Kayne Razmovski,2024,AU2C,22976,True,4,2,0,134,0,0,0,0,0
1154874,Kayne Razmovski,2024,A2VI,19718,False,26,16,0,1224,0,0,0,0,2
1154874,Kayne Razmovski,2022,FFAC,7006,False,1,1,0,29,0,0,0,0,0
1452115,Emre Saglam,2025,T191,74474,False,1,0,0,0,0,0,0,0,0
1452115,Emre Saglam,2025,AUSF,7006,False,1,0,0,0,0,0,0,0,0
1452115,Emre Saglam,2025,AUS1,7006,False,26,0,4,0,0,0,0,0,0
899867,Jing Reec,2025,FFAC,71085,False,2,2,0,83,0,0,1,0,0
899867,Jing Reec,2025,AUSF,7006,False,1,0,1,0,0,0,0,0,0
899867,Jing Reec,2025,AUS1,7006,False,26,16,6,340,0,1,9,3,1
899867,Jing Reec,2025,A23Q,32270,True,3,3,0,127,3,0,0,0,1
899867,Jing Reec,2024,FS,77740,True,1,1,0,70,0,0,0,0,0
899867,Jing Reec,2024,FS,32270,True,3,2,0,117,0,0,2,2,0
899867,Jing Reec,2024,FFAC,7006,False,1,1,0,49,0,1,0,0,0
899867,Jing Reec,2024,AUSF,7006,False,4,3,0,28,0,0,0,0,0
899867,Jing Reec,2024,AUS1,7006,False,26,13,0,235,0,0,10,3,1
899867,Jing Reec,2024,A2VI,19718,False,22,7,0,529,2,1,0,0,1
899867,Jing Reec,2023,FFAC,7006,False,5,4,0,85,0,0,2,1,0
899867,Jing Reec,2023,AUSF,6954,False,3,0,0,0,0,0,0,0,0
899867,Jing Reec,2023,AUS1,6954,False,27,20,0,596,3,1,9,7,0
899867,Jing Reec,2023,AFCC,6954,False,13,9,0,268,1,0,7,2,0
899867,Jing Reec,2022,FFAC,6954,False,1,1,0,61,0,0,1,1,0
899867,Jing Reec,2022,DKRE,62687,False,5,1,0,17,0,0,0,0,0
899867,Jing Reec,2022,DKDL,9066,False,26,12,0,1020,5,0,0,0,0
899867,Jing Reec,2022,A920,22976,True,4,3,0,33,0,0,0,0,0
899867,Jing Reec,2021,DKRQ,62687,False,5,3,0,130,0,0,0,0,0
899867,Jing Reec,2021,DKRE,62687,False,4,4,0,127,2,1,0,0,0
899867,Jing Reec,2021,DKP,678,False,2,1,0,6,0,0,0,0,0
899867,Jing Reec,2021,DKDL,9066,False,26,19,0,1554,5,0,0,0,1
899867,Jing Reec,2021,DKAR,678,False,10,0,0,0,0,0,0,0,0
899867,Jing Reec,2021,DK1,678,False,13,0,0,0,0,0,0,0,0
899867,Jing Reec,2020,AUS1,6954,False,1,1,0,18,0,0,1,1,0
181337,Lawrence Thomas,2025,FFAC,36100,False,2,0,0,0,0,0,0,0,0
181337,Lawrence Thomas,2025,AUS1,36100,False,26,24,0,2160,0,0,1,1,0
181337,Lawrence Thomas,2024,FFAC,36100,False,2,2,0,180,0,0,0,0,0
181337,Lawrence Thomas,2024,AUSF,36100,False,1,1,0,90,0,0,0,0,0
181337,Lawrence Thomas,2024,AUS1,36100,False,26,22,4,1980,0,0,1,0,1
181337,Lawrence Thomas,2023,WMQ1,3433,True,6,0,0,0,0,0,0,0,0
181337,Lawrence Thomas,2023,FS,3433,True,4,0,0,0,0,0,0,0,0
181337,Lawrence Thomas,2023,FFAC,36100,False,3,1,2,90,0,0,0,0,0
181337,Lawrence Thomas,2023,AUS1,36100,False,27,17,9,1485,0,0,0,0,1
181337,Lawrence Thomas,2022,FS,3433,True,5,0,0,0,0,0,0,0,0
181337,Lawrence Thomas,2022,FFAC,36100,False,3,3,0,270,0,0,0,0,0
181337,Lawrence Thomas,2022,AUSF,36100,False,1,1,0,90,0,0,0,0,0
181337,Lawrence Thomas,2022,AUS1,36100,False,26,26,0,2340,0,0,0,0,1
181337,Lawrence Thomas,2022,AFAC,3433,True,5,0,0,0,0,0,0,0,0
181337,Lawrence Thomas,2021,POWM,3433,True,1,0,0,0,0,0,0,0,0
181337,Lawrence Thomas,2021,FS,3433,True,1,0,0,0,0,0,0,0,0
181337,Lawrence Thomas,2021,FIWC,3433,True,4,0,0,0,0,0,0,0,0
181337,Lawrence Thomas,2021,DKP,5817,False,7,0,0,0,0,0,0,0,0
181337,Lawrence Thomas,2021,DKAR,5817,False,10,3,0,270,0,0,0,0,0
181337,Lawrence Thomas,2021,DK1,5817,False,22,21,0,1890,0,0,0,0,0
181337,Lawrence Thomas,2020,ELQ,5817,False,1,1,0,90,0,0,0,0,0
181337,Lawrence Thomas,2020,DKP,5817,False,7,1,0,90,0,0,0,0,0
181337,Lawrence Thomas,2020,DKAR,5817,False,10,10,0,900,0,0,0,0,0
181337,Lawrence Thomas,2020,DK1,5817,False,22,22,0,1980,0,0,0,0,3
181337,Lawrence Thomas,2019,WMQ1,3433,True,15,1,0,7,0,0,0,0,0
181337,Lawrence Thomas,2019,AUS1,7006,False,22,21,0,1890,0,0,0,0,1
181337,Lawrence Thomas,2019,AFCL,7006,False,2,2,0,180,0,0,0,0,0
181337,Lawrence Thomas,2019,ACLQ,7006,False,2,2,0,180,0,0,0,0,0
181337,Lawrence Thomas,2018,FS,3433,True,1,0,0,0,0,0,0,0,0
181337,Lawrence Thomas,2018,FFAC,7006,False,1,1,0,120,0,0,0,0,0
181337,Lawrence Thomas,2018,AUSF,7006,False,2,2,0,180,0,0,0,0,0
181337,Lawrence Thomas,2018,AUS1,7006,False,25,22,0,1980,0,0,0,0,1
181337,Lawrence Thomas,2018,AFCL,7006,False,5,4,0,360,0,0,0,0,0
181337,Lawrence Thomas,2017,FFAC,7006,False,2,0,0,0,0,0,0,0,0
181337,Lawrence Thomas,2017,AUSF,7006,False,3,3,0,300,0,0,0,0,0
181337,Lawrence Thomas,2017,AUS1,7006,False,25,25,0,2216,0,0,0,0,1
181337,Lawrence Thomas,2017,AFCL,7006,False,6,5,0,450,0,0,0,0,0
181337,Lawrence Thomas,2016,AUSF,7006,False,2,2,0,210,0,0,0,0,0
181337,Lawrence Thomas,2016,AUS1,7006,False,27,26,0,2340,0,0,0,0,2
181337,Lawrence Thomas,2015,FFAC,7006,False,2,0,0,0,0,0,0,0,0
181337,Lawrence Thomas,2015,AUSF,7006,False,1,1,0,90,0,0,0,0,0
181337,Lawrence Thomas,2015,AUS1,7006,False,27,4,0,360,0,0,0,0,1
181337,Lawrence Thomas,2015,AFCL,7006,False,8,5,0,450,0,0,0,0,0
181337,Lawrence Thomas,2014,FFAC,7006,False,3,0,0,0,0,0,0,0,0
181337,Lawrence Thomas,2014,AUSF,7006,False,2,2,0,180,0,0,0,0,1
181337,Lawrence Thomas,2014,AUS1,7006,False,27,5,0,392,0,0,0,0,0
181337,Lawrence Thomas,2013,FFAC,7006,False,1,0,0,0,0,0,0,0,0
181337,Lawrence Thomas,2013,AUSF,7006,False,2,0,0,0,0,0,0,0,0
181337,Lawrence Thomas,2013,AUS1,7006,False,27,5,0,450,0,0,0,0,0
181337,Lawrence Thomas,2013,AFCL,7006,False,6,3,0,270,0,0,0,0,1
181337,Lawrence Thomas,2013,ACLQ,7006,False,1,0,0,0,0,0,0,0,0
181337,Lawrence Thomas,2012,AUSF,7006,False,2,0,0,0,0,0,0,0,0
181337,Lawrence Thomas,2012,AUS1,7006,False,27,2,0,180,0,0,0,0,0
181337,Lawrence Thomas,2011,AUS1,7006,False,18,2,0,176,0,0,0,0,0
181337,Lawrence Thomas,2010,GB2,350,False,12,0,0,0,0,0,0,0,0
1077355,Tristan Vidackovic,2025,FFAC,36100,False,2,1,0,90,0,0,0,0,0
1077355,Tristan Vidackovic,2025,AUS1,36100,False,26,0,0,0,0,0,0,0,0
1077355,Tristan Vidackovic,2025,A2SW,38638,False,16,16,0,1440,0,0,0,0,1
1077355,Tristan Vidackovic,2024,FFAC,36100,False,2,0,0,0,0,0,0,0,0
1077355,Tristan Vidackovic,2024,AUSF,36100,False,1,0,0,0,0,0,0,0,0
1077355,Tristan Vidackovic,2024,AUS1,36100,False,26,3,0,270,0,0,0,0,0
1077355,Tristan Vidackovic,2024,A2SW,38638,False,30,24,0,2160,0,0,0,0,3
1077355,Tristan Vidackovic,2023,POPO,22213,False,1,1,0,32,0,0,0,0,0
1077355,Tristan Vidackovic,2023,FFAC,36100,False,3,2,0,210,0,0,0,0,0
1077355,Tristan Vidackovic,2023,A2SW,38638,False,6,5,0,450,0,0,0,0,0
1077355,Tristan Vidackovic,2022,POPO,13573,False,1,0,0,0,0,0,0,0,0
265093,Reno Piscopo,2025,AUSF,7006,False,1,1,0,1,0,0,0,0,0
265093,Reno Piscopo,2025,AUS1,7006,False,26,9,14,155,0,1,8,2,0
265093,Reno Piscopo,2024,FFAC,7006,False,1,1,0,44,1,0,2,1,0
265093,Reno Piscopo,2024,AUSF,7006,False,4,3,0,14,0,0,0,0,0
265093,Reno Piscopo,2024,AUS1,7006,False,26,22,4,1141,2,3,37,10,0
265093,Reno Piscopo,2023,FFAC,7006,False,5,5,0,138,0,1,5,2,0
265093,Reno Piscopo,2023,AUS1,5551,False,27,15,8,822,1,0,22,9,1
265093,Reno Piscopo,2022,FFAC,5551,False,2,1,0,46,0,0,1,0,0
265093,Reno Piscopo,2022,AUS1,5551,False,26,18,5,1185,1,4,36,12,1
265093,Reno Piscopo,2021,FS,32270,True,1,0,0,0,0,0,0,0,0
265093,Reno Piscopo,2021,FFAC,5551,False,1,0,0,0,0,0,0,0,0
265093,Reno Piscopo,2021,AUSF,8445,False,1,1,0,90,0,0,6,2,0
265093,Reno Piscopo,2021,AUS1,8445,False,26,21,0,1494,4,3,44,18,2
265093,Reno Piscopo,2020,FS,32270,True,3,0,0,0,0,0,0,0,0
265093,Reno Piscopo,2020,FFAC,8445,False,4,1,0,75,0,0,6,2,0
265093,Reno Piscopo,2020,AUS1,8445,False,26,16,0,1012,2,2,48,17,1
265093,Reno Piscopo,2019,FS,32270,True,1,0,0,0,0,0,0,0,0
265093,Reno Piscopo,2019,CILP,24898,False,1,0,0,0,0,0,0,0,0
265093,Reno Piscopo,2019,AUSF,8445,False,1,1,0,90,0,0,2,1,0
265093,Reno Piscopo,2019,AUS1,8445,False,26,20,0,1240,2,3,31,8,4
265093,Reno Piscopo,2019,A23Q,32270,True,3,2,0,180,0,0,0,0,0
265093,Reno Piscopo,2019,23AF,32270,True,6,6,0,453,1,2,14,3,1
265093,Reno Piscopo,2018,IT3B,24898,False,38,32,5,2208,5,3,0,0,7
265093,Reno Piscopo,2018,CIT,24898,False,1,1,0,90,0,0,0,0,0
265093,Reno Piscopo,2018,CILP,24898,False,1,1,0,120,0,0,0,0,0
265093,Reno Piscopo,2017,IT3P,24898,False,1,1,0,45,0,0,0,0,0
265093,Reno Piscopo,2017,IT3B,24898,False,34,17,6,597,0,1,0,0,0
265093,Reno Piscopo,2017,CIT,24898,False,1,0,0,0,0,0,0,0,0
265093,Reno Piscopo,2017,CILP,24898,False,3,1,2,101,0,0,0,0,0
265093,Reno Piscopo,2016,TDV,12130,False,6,5,0,248,0,0,0,0,0
265093,Reno Piscopo,2016,SCIJ,5380,False,1,0,1,0,0,0,0,0,0
265093,Reno Piscopo,2016,ITJE,12130,False,2,2,0,103,0,0,0,0,0
265093,Reno Piscopo,2016,ITJ3,5380,False,15,7,3,324,2,0,0,0,1
265093,Reno Piscopo,2016,ITJ2,12130,False,11,11,0,770,2,0,0,0,1
265093,Reno Piscopo,2016,CITP,5380,False,4,2,0,6,0,0,0,0,0
265093,Reno Piscopo,2015,TDV,5380,False,6,0,0,0,0,0,0,0,0
265093,Reno Piscopo,2015,ITJE,5380,False,2,0,0,0,0,0,0,0,0
265093,Reno Piscopo,2015,ITJ2,5380,False,26,0,0,0,0,0,0,0,0
265093,Reno Piscopo,2015,CITP,5380,False,6,0,0,0,0,0,0,0,0
265093,Reno Piscopo,2014,ITJF,48967,False,4,4,0,138,0,0,0,0,1
265093,Reno Piscopo,2014,FS,23133,True,3,3,0,88,0,0,0,0,0
265093,Reno Piscopo,2013,IJSC,48967,False,1,1,0,18,0,0,0,0,0
265093,Reno Piscopo,2013,FS,23243,True,8,4,0,178,1,0,0,0,0
265093,Reno Piscopo,2012,FS,28461,True,8,6,0,291,0,0,0,0,1
399158,Jordan Holmes,2025,FFAC,36100,False,2,1,0,120,0,0,0,0,0
399158,Jordan Holmes,2025,AUS1,36100,False,26,2,1,180,0,0,0,0,0
399158,Jordan Holmes,2024,FFAC,36100,False,2,0,0,0,0,0,0,0,0
399158,Jordan Holmes,2024,AUSF,36100,False,1,0,0,0,0,0,0,0,0
399158,Jordan Holmes,2024,AUS1,36100,False,26,1,0,90,0,0,0,0,0
399158,Jordan Holmes,2023,FFAC,36100,False,2,0,0,0,0,0,0,0,0
399158,Jordan Holmes,2022,AUS1,7831,False,26,23,1,2035,0,0,0,0,1
399158,Jordan Holmes,2021,FS,32270,True,1,0,0,0,0,0,0,0,0
399158,Jordan Holmes,2021,FFAC,7831,False,4,0,2,0,0,0,0,0,0
399158,Jordan Holmes,2021,AUS1,7831,False,26,14,0,1200,0,0,1,1,1
399158,Jordan Holmes,2020,NLS6,2797,False,18,13,0,1170,0,0,0,0,0
399158,Jordan Holmes,2020,FS,32270,True,3,1,0,90,0,0,0,0,0
399158,Jordan Holmes,2020,FFAC,7831,False,3,0,0,0,0,0,0,0,0
399158,Jordan Holmes,2019,FS,32270,True,1,0,0,0,0,0,0,0,0
399158,Jordan Holmes,2019,FAC,2797,False,1,1,0,90,0,0,0,0,0
399158,Jordan Holmes,2019,CNAT,2797,False,34,22,0,1961,0,0,0,0,4
399158,Jordan Holmes,2019,A23Q,32270,True,3,1,0,90,0,0,0,0,0
399158,Jordan Holmes,2019,23AF,32270,True,6,0,0,0,0,0,0,0,0
399158,Jordan Holmes,2018,SFA,465,False,2,0,0,0,0,0,0,0,0
399158,Jordan Holmes,2018,SCPA,465,False,5,0,0,0,0,0,0,0,0
399158,Jordan Holmes,2018,SC1P,465,False,2,0,0,0,0,0,0,0,0
399158,Jordan Holmes,2018,SC1,465,False,12,0,0,0,0,0,0,0,0
399158,Jordan Holmes,2018,21PL,38967,False,3,0,0,0,0,0,0,0,0
399158,Jordan Holmes,2017,21PL,38967,False,8,0,0,0,0,0,0,0,0
399158,Jordan Holmes,2016,GB1,989,False,18,0,0,0,0,0,0,0,0
399158,Jordan Holmes,2016,CGB,989,False,2,0,0,0,0,0,0,0,0
399158,Jordan Holmes,2016,21PL,38967,False,1,0,0,0,0,0,0,0,0
399158,Jordan Holmes,2015,GB1,989,False,1,0,0,0,0,0,0,0,0
399158,Jordan Holmes,2015,21PL,38967,False,2,0,0,0,0,0,0,0,0
873755,Anthony Pantazopoulos,2025,FFAC,36100,False,2,2,0,210,0,0,3,0,1
873755,Anthony Pantazopoulos,2025,AUS1,36100,False,26,26,0,2243,1,2,32,11,6
873755,Anthony Pantazopoulos,2025,A23Q,32270,True,3,2,0,167,0,0,0,0,1
873755,Anthony Pantazopoulos,2024,FS,77740,True,1,1,0,90,0,0,0,0,0
873755,Anthony Pantazopoulos,2024,FS,32270,True,3,1,0,90,0,0,0,0,0
873755,Anthony Pantazopoulos,2024,FFAC,36100,False,2,2,0,180,0,1,4,3,2
873755,Anthony Pantazopoulos,2024,AUSF,36100,False,1,1,0,90,0,0,3,0,0
873755,Anthony Pantazopoulos,2024,AUS1,36100,False,26,22,0,1811,2,0,25,6,6
873755,Anthony Pantazopoulos,2024,A2SW,38638,False,1,1,0,87,0,0,0,0,0
873755,Anthony Pantazopoulos,2023,FFAC,36100,False,3,3,0,172,0,0,1,0,0
873755,Anthony Pantazopoulos,2023,AUS1,36100,False,27,2,0,57,0,0,0,0,0
873755,Anthony Pantazopoulos,2023,A2SW,38638,False,16,12,2,917,2,2,0,0,3
873755,Anthony Pantazopoulos,2022,FFAC,36100,False,3,0,0,0,0,0,0,0,0
873755,Anthony Pantazopoulos,2022,A2VI,11427,False,18,11,0,810,1,0,13,6,8
873755,Anthony Pantazopoulos,2022,A2SW,38638,False,7,7,0,558,0,0,5,0,2
873755,Anthony Pantazopoulos,2021,FFAC,11427,False,4,4,0,390,0,1,1,0,2
873755,Anthony Pantazopoulos,2021,A2VI,11427,False,26,4,0,315,0,1,2,0,2
873755,Anthony Pantazopoulos,2020,A2VI,11427,False,17,0,0,0,0,0,0,0,0
1013240,Alex Bonetig,2025,USMX,4291,False,3,1,0,90,0,0,0,0,0
1013240,Alex Bonetig,2025,MLS1,4291,False,20,8,0,650,1,0,1,1,1
1013240,Alex Bonetig,2025,AUS1,36100,False,14,11,2,990,0,0,10,3,1
1013240,Alex Bonetig,2024,FFAC,36100,False,2,2,0,180,0,0,1,0,0
1013240,Alex Bonetig,2024,AUSF,36100,False,1,1,0,90,0,0,0,0,0
1013240,Alex Bonetig,2024,AUS1,36100,False,26,26,0,2295,0,0,5,0,0
1013240,Alex Bonetig,2023,FFAC,36100,False,3,3,0,292,0,0,1,0,0
1013240,Alex Bonetig,2023,AUS1,36100,False,27,13,8,963,0,0,6,1,1
1013240,Alex Bonetig,2023,A2SW,38638,False,5,5,0,271,0,0,0,0,1
1013240,Alex Bonetig,2022,FFAC,36100,False,3,2,0,171,0,0,1,0,0
1013240,Alex Bonetig,2022,AUSF,36100,False,1,0,0,0,0,0,0,0,0
1013240,Alex Bonetig,2022,AUS1,36100,False,26,3,0,71,0,0,0,0,1
1013240,Alex Bonetig,2022,A2SW,38638,False,10,10,0,797,0,1,3,0,0
1013240,Alex Bonetig,2021,AUS1,36100,False,1,0,0,0,0,0,0,0,0
1013240,Alex Bonetig,2019,A2SW,38638,False,11,0,0,0,0,0,0,0,0
949477,Jacob Farrell,2026,GB2,1020,False,2,0,2,0,0,0,0,0,0
949477,Jacob Farrell,2026,CGB,1020,False,1,0,1,0,0,0,0,0,0
949477,Jacob Farrell,2025,GB2,1020,False,28,1,0,7,0,0,0,0,0
949477,Jacob Farrell,2025,FAC,1020,False,1,0,0,0,0,0,0,0,0
949477,Jacob Farrell,2025,CGB,1020,False,1,1,0,90,0,0,1,0,0
949477,Jacob Farrell,2025,AUS1,36100,False,11,7,4,585,0,0,4,2,4
949477,Jacob Farrell,2024,GB2,1020,False,46,1,45,90,0,0,1,0,0
949477,Jacob Farrell,2024,FAC,1020,False,1,0,1,0,0,0,0,0,0
949477,Jacob Farrell,2024,CGB,1020,False,1,0,1,0,0,0,0,0,0
949477,Jacob Farrell,2023,W23C,32270,True,3,0,3,0,0,0,0,0,0
949477,Jacob Farrell,2023,FS,32270,True,2,1,0,71,0,1,0,0,0
949477,Jacob Farrell,2023,AUSF,6954,False,3,3,0,300,0,1,2,1,2
949477,Jacob Farrell,2023,AUS1,6954,False,27,22,5,1924,2,3,18,9,6
949477,Jacob Farrell,2023,AFCC,6954,False,13,10,1,922,2,5,13,3,2
949477,Jacob Farrell,2023,A23Q,32270,True,2,0,0,0,0,0,0,0,0
949477,Jacob Farrell,2023,23AF,32270,True,3,2,0,180,0,0,0,0,1
949477,Jacob Farrell,2022,FS,32270,True,5,2,0,138,0,1,0,0,1
949477,Jacob Farrell,2022,FFAC,6954,False,1,1,0,120,0,0,1,0,1
949477,Jacob Farrell,2022,AUSF,6954,False,3,3,0,90,0,1,2,0,1
949477,Jacob Farrell,2022,AUS1,6954,False,26,22,0,1439,2,2,16,2,6
949477,Jacob Farrell,2021,FFAC,6954,False,1,1,0,120,0,0,0,0,1
949477,Jacob Farrell,2021,AUSF,6954,False,1,1,0,90,0,0,2,0,1
949477,Jacob Farrell,2021,AUS1,6954,False,26,24,0,2089,1,1,12,5,8
949477,Jacob Farrell,2021,23AF,32270,True,6,3,0,185,0,0,0,0,0
949477,Jacob Farrell,2020,FFAC,6954,False,5,3,0,240,0,0,0,0,0
867763,Aidan Simmons,2026,JAP2,29307,False,3,1,2,35,0,0,0,0,0
867763,Aidan Simmons,2025,AUS1,36100,False,26,12,14,908,0,1,10,1,3
867763,Aidan Simmons,2025,A23Q,32270,True,3,2,0,114,0,0,0,0,0
867763,Aidan Simmons,2025,23AF,32270,True,4,3,0,182,0,0,1,0,0
867763,Aidan Simmons,2024,FS,77740,True,1,0,0,0,0,0,0,0,0
867763,Aidan Simmons,2024,FS,32270,True,3,1,0,90,0,0,0,0,0
867763,Aidan Simmons,2024,FFAC,36100,False,2,2,0,68,0,0,0,0,0
867763,Aidan Simmons,2024,AUSF,36100,False,1,0,0,0,0,0,0,0,0
867763,Aidan Simmons,2024,AUS1,36100,False,26,4,7,67,0,0,2,0,0
867763,Aidan Simmons,2024,A2SW,38638,False,29,13,0,1158,2,2,0,0,3
867763,Aidan Simmons,2023,FFAC,36100,False,3,2,0,45,0,1,0,0,0
867763,Aidan Simmons,2023,AUS1,36100,False,27,19,7,1374,1,3,11,2,2
867763,Aidan Simmons,2022,FFAC,36100,False,3,2,0,99,0,0,0,0,0
867763,Aidan Simmons,2022,AUSF,36100,False,1,1,0,90,0,0,1,0,0
867763,Aidan Simmons,2022,AUS1,36100,False,26,12,0,709,1,1,5,3,2
867763,Aidan Simmons,2022,A920,22976,True,4,3,0,156,1,0,2,1,0
867763,Aidan Simmons,2022,A2SW,38638,False,22,13,0,1070,2,0,14,7,4
867763,Aidan Simmons,2021,A2SW,19820,False,1,1,0,90,0,0,0,0,0
867763,Aidan Simmons,2020,A2SW,19820,False,14,9,0,810,0,0,7,1,1
867763,Aidan Simmons,2019,A2SW,19820,False,1,1,0,40,0,0,0,0,0
331017,Alex Gersbach,2025,FFAC,36100,False,2,2,0,210,0,0,0,0,0
331017,Alex Gersbach,2025,AUS1,36100,False,26,22,3,1696,1,1,8,4,2
331017,Alex Gersbach,2024,SEC,3654,False,1,1,0,64,0,0,0,0,0
331017,Alex Gersbach,2024,FFAC,36100,False,2,2,0,155,0,0,0,0,1
331017,Alex Gersbach,2024,AUSF,36100,False,1,1,0,90,0,0,2,0,0
331017,Alex Gersbach,2024,AUS1,36100,False,14,10,0,535,1,1,4,1,1
331017,Alex Gersbach,2023,SE1,3654,False,30,19,0,1055,0,2,5,2,0
331017,Alex Gersbach,2023,MLS1,1247,False,4,0,0,0,0,0,0,0,0
331017,Alex Gersbach,2022,USMX,1247,False,2,0,0,0,0,0,0,0,0
331017,Alex Gersbach,2022,MNP3,95335,False,5,3,0,152,0,1,0,0,1
331017,Alex Gersbach,2022,MLSP,1247,False,3,2,0,56,0,1,0,0,0
331017,Alex Gersbach,2022,MLS1,1247,False,34,3,2,262,0,0,1,0,0
331017,Alex Gersbach,2022,FRC,1290,False,4,2,0,163,0,0,0,0,0
331017,Alex Gersbach,2022,FR2,1290,False,20,17,0,1485,0,1,3,1,4
331017,Alex Gersbach,2021,FRC,1290,False,2,1,0,45,0,0,0,0,0
331017,Alex Gersbach,2021,FR2,1290,False,32,25,0,1901,0,1,3,1,1
331017,Alex Gersbach,2021,ECLQ,678,False,2,2,0,64,0,0,0,0,0
331017,Alex Gersbach,2021,DKRE,62687,False,2,2,0,180,0,1,0,0,0
331017,Alex Gersbach,2021,DK1,678,False,7,1,0,34,0,0,0,0,0
331017,Alex Gersbach,2020,ELQ,678,False,2,0,0,0,0,0,0,0,0
331017,Alex Gersbach,2020,DKPL,678,False,1,0,0,0,0,0,0,0,0
331017,Alex Gersbach,2020,DKP,678,False,6,3,0,142,1,0,0,0,0
331017,Alex Gersbach,2020,DKMR,678,False,10,2,0,34,0,0,1,0,0
331017,Alex Gersbach,2020,DK1,678,False,22,1,0,5,0,0,0,0,0
331017,Alex Gersbach,2019,FS,32270,True,1,0,0,0,0,0,0,0,0
331017,Alex Gersbach,2019,DKRQ,62687,False,1,1,0,90,0,1,0,0,0
331017,Alex Gersbach,2019,DKRE,62687,False,5,5,0,435,0,0,0,0,0
331017,Alex Gersbach,2019,DKPL,678,False,1,0,0,0,0,0,0,0,0
331017,Alex Gersbach,2019,DKP,678,False,5,3,0,330,2,2,0,0,1
331017,Alex Gersbach,2019,DKMR,678,False,10,2,0,11,0,0,0,0,0
331017,Alex Gersbach,2019,DK1,678,False,26,2,0,20,0,0,1,0,0
331017,Alex Gersbach,2019,A23Q,32270,True,3,2,0,123,0,0,0,0,0
331017,Alex Gersbach,2019,23AF,32270,True,6,6,0,570,0,1,2,0,1
331017,Alex Gersbach,2018,NL1,132,False,16,7,0,585,0,0,1,0,0
331017,Alex Gersbach,2018,FS,3433,True,4,2,0,14,0,0,0,0,0
331017,Alex Gersbach,2018,ELQ,195,False,4,0,0,0,0,0,0,0,0
331017,Alex Gersbach,2018,EL,195,False,6,2,0,180,0,0,0,0,0
331017,Alex Gersbach,2018,CLQ,195,False,4,1,0,18,0,0,0,0,0
331017,Alex Gersbach,2018,AFAC,3433,True,5,0,0,0,0,0,0,0,0
331017,Alex Gersbach,2017,POWM,3433,True,2,0,0,0,0,0,0,0,0
331017,Alex Gersbach,2017,NOPO,195,False,3,1,0,86,0,0,0,0,0
331017,Alex Gersbach,2017,NO1,195,False,16,3,0,222,0,0,0,0,1
331017,Alex Gersbach,2017,FS,3433,True,4,0,0,0,0,0,0,0,0
331017,Alex Gersbach,2017,FRC,826,False,3,2,0,210,0,0,0,0,0
331017,Alex Gersbach,2017,FR2,826,False,17,12,0,1014,0,0,5,1,3
331017,Alex Gersbach,2017,FIWC,3433,True,3,0,0,0,0,0,0,0,0
331017,Alex Gersbach,2017,ELQ,195,False,2,1,0,1,0,0,0,0,0
331017,Alex Gersbach,2017,EL,195,False,6,4,0,105,0,0,0,0,0
331017,Alex Gersbach,2017,CLQ,195,False,4,0,0,0,0,0,0,0,0
331017,Alex Gersbach,2017,23AF,32270,True,3,2,0,180,0,0,0,0,0
331017,Alex Gersbach,2016,WMQ1,3433,True,12,1,0,67,0,0,0,0,0
331017,Alex Gersbach,2016,NOSC,195,False,1,1,0,90,0,0,0,0,0
331017,Alex Gersbach,2016,NOPO,195,False,5,4,0,320,0,0,0,0,0
331017,Alex Gersbach,2016,NO45,35024,False,14,2,0,180,0,0,0,0,0
331017,Alex Gersbach,2016,NO1,195,False,30,15,0,996,0,1,0,0,2
331017,Alex Gersbach,2016,FS,3433,True,1,0,0,0,0,0,0,0,0
331017,Alex Gersbach,2016,FS,32270,True,1,1,0,90,0,0,0,0,0
331017,Alex Gersbach,2016,ELQ,195,False,2,2,0,110,0,0,0,0,0
331017,Alex Gersbach,2016,CONC,3433,True,3,1,0,90,0,1,0,0,0
331017,Alex Gersbach,2016,CLQ,195,False,4,1,0,4,0,0,0,0,0
331017,Alex Gersbach,2015,NOPO,195,False,7,7,0,419,0,0,0,0,1
331017,Alex Gersbach,2015,NO1,195,False,30,19,0,1377,0,2,0,0,1
331017,Alex Gersbach,2015,FS,3433,True,2,2,0,75,0,1,0,0,1
331017,Alex Gersbach,2015,AUS1,8054,False,17,10,0,714,0,1,0,0,1
331017,Alex Gersbach,2014,WMQ1,3433,True,2,0,0,0,0,0,0,0,0
331017,Alex Gersbach,2014,AUSF,8054,False,2,0,0,0,0,0,0,0,0
331017,Alex Gersbach,2014,AUS1,8054,False,27,22,0,1581,0,3,0,0,5
331017,Alex Gersbach,2013,FFAC,8054,False,1,0,0,0,0,0,0,0,0
331017,Alex Gersbach,2011,A168,66880,True,1,1,0,68,0,0,0,0,1
716810,Phillip Cancar,2025,AUS1,36100,False,26,11,0,683,1,0,5,2,3
716810,Phillip Cancar,2024,FFAC,36100,False,2,0,0,0,0,0,0,0,0
716810,Phillip Cancar,2024,AUS1,5551,False,26,18,3,1173,0,0,7,0,3
716810,Phillip Cancar,2023,FFAC,5551,False,3,2,0,37,0,0,0,0,0
716810,Phillip Cancar,2023,AUS1,5551,False,27,22,0,1847,1,1,8,2,5
716810,Phillip Cancar,2022,SFA,1241,False,1,0,0,0,0,0,0,0,0
716810,Phillip Cancar,2022,SCP,1241,False,5,2,0,174,1,0,1,1,0
716810,Phillip Cancar,2022,SC1,1241,False,24,3,0,105,0,0,1,0,2
716810,Phillip Cancar,2022,FFAC,5551,False,2,2,0,240,0,0,0,0,1
716810,Phillip Cancar,2022,AUS1,5551,False,11,3,0,100,0,0,0,0,0
716810,Phillip Cancar,2021,AUS1,36100,False,26,12,0,927,1,1,3,2,4
716810,Phillip Cancar,2020,KR2,485,False,13,2,0,40,0,0,0,0,0
716810,Phillip Cancar,2020,FFAC,36100,False,2,0,0,0,0,0,0,0,0
716810,Phillip Cancar,2020,AUS1,36100,False,26,0,0,0,0,0,0,0,0
716810,Phillip Cancar,2019,KR2,485,False,10,4,0,138,0,0,0,0,1
749273,Jarrod Carluccio,2025,FFAC,36100,False,2,1,0,12,0,0,1,1,0
749273,Jarrod Carluccio,2025,AUS1,36100,False,26,18,0,623,0,0,3,1,2
749273,Jarrod Carluccio,2024,FFAC,36100,False,2,2,0,118,0,0,3,3,1
749273,Jarrod Carluccio,2024,AUSF,36100,False,1,1,0,17,0,0,0,0,0
749273,Jarrod Carluccio,2024,AUS1,970,False,14,12,0,641,1,1,3,1,4
749273,Jarrod Carluccio,2024,AUS1,36100,False,14,8,0,207,0,0,1,0,0
749273,Jarrod Carluccio,2023,FFAC,970,False,3,3,0,300,0,0,1,0,1
749273,Jarrod Carluccio,2023,AUS1,970,False,27,23,3,978,1,2,14,4,5
749273,Jarrod Carluccio,2022,FFAC,36100,False,2,1,0,6,0,0,0,0,0
749273,Jarrod Carluccio,2022,AUSF,36100,False,1,0,0,0,0,0,0,0,0
749273,Jarrod Carluccio,2022,AUS1,36100,False,26,9,0,112,0,0,0,0,1
749273,Jarrod Carluccio,2022,A2SW,38638,False,27,23,0,2000,3,2,31,9,4
749273,Jarrod Carluccio,2021,AUS1,36100,False,26,9,0,290,1,0,5,3,2
749273,Jarrod Carluccio,2020,FFAC,36100,False,2,0,0,0,0,0,0,0,0
749273,Jarrod Carluccio,2020,AUS1,36100,False,26,0,0,0,0,0,0,0,0
749273,Jarrod Carluccio,2019,AUS1,36100,False,3,1,0,84,0,0,1,1,0
749273,Jarrod Carluccio,2019,AU2C,39276,True,3,2,0,105,1,0,0,0,0
749273,Jarrod Carluccio,2019,A2SW,38638,False,1,1,0,90,0,0,0,0,0
1145212,Nathan Barrie,2025,FFAC,36100,False,2,0,0,0,0,0,0,0,0
1145212,Nathan Barrie,2025,AUS1,36100,False,26,6,1,294,0,0,2,2,1
1145212,Nathan Barrie,2025,A2SW,38638,False,8,6,0,505,0,0,0,0,1
1145212,Nathan Barrie,2024,FFAC,36100,False,2,0,0,0,0,0,0,0,0
1145212,Nathan Barrie,2024,AUSF,36100,False,1,0,0,0,0,0,0,0,0
1145212,Nathan Barrie,2024,AUS1,36100,False,26,0,0,0,0,0,0,0,0
1145212,Nathan Barrie,2024,A2SW,38638,False,30,19,0,1447,0,0,0,0,6
1145212,Nathan Barrie,2023,FFAC,36100,False,3,0,0,0,0,0,0,0,0
1145212,Nathan Barrie,2023,AUS1,36100,False,5,2,0,90,0,0,0,0,1
1145212,Nathan Barrie,2023,A2SW,38638,False,10,8,0,619,0,0,0,0,0
1145212,Nathan Barrie,2022,A2SW,38638,False,2,2,0,61,0,0,0,0,0
1145212,Nathan Barrie,2022,A168,32269,True,4,4,0,260,0,0,2,0,0
1278592,Ricky Fransen,2025,FFAC,36100,False,2,0,0,0,0,0,0,0,0
1278592,Ricky Fransen,2025,AUS1,36100,False,26,0,0,0,0,0,0,0,0
1278592,Ricky Fransen,2025,A2SW,38638,False,26,20,0,1691,0,0,0,0,4
1278592,Ricky Fransen,2024,FFAC,36100,False,2,0,0,0,0,0,0,0,0
1278592,Ricky Fransen,2024,A2SW,38638,False,30,27,0,2392,0,1,0,0,4
1278592,Ricky Fransen,2023,FFAC,36100,False,1,0,0,0,0,0,0,0,0
1278592,Ricky Fransen,2023,A2SW,38638,False,13,12,1,971,0,0,0,0,2
410067,Ruon Tongyik,2025,AUS1,36100,False,26,10,0,601,0,0,3,2,0
410067,Ruon Tongyik,2024,FFAC,36100,False,1,1,0,25,0,0,0,0,0
410067,Ruon Tongyik,2023,AUS1,36100,False,27,0,27,0,0,0,0,0,0
410067,Ruon Tongyik,2022,IRNP,19628,False,1,1,0,110,0,0,0,0,0
410067,Ruon Tongyik,2022,IRN1,19628,False,14,9,0,810,1,0,0,0,2
410067,Ruon Tongyik,2022,FFAC,36100,False,3,0,2,0,0,0,0,0,0
410067,Ruon Tongyik,2022,AUS1,36100,False,13,4,0,136,0,0,0,0,0
410067,Ruon Tongyik,2021,AUSF,6954,False,1,0,0,0,0,0,0,0,0
410067,Ruon Tongyik,2021,AUS1,6954,False,26,9,0,573,0,0,1,0,1
410067,Ruon Tongyik,2020,FFAC,6954,False,5,0,0,0,0,0,0,0,0
410067,Ruon Tongyik,2020,AUSF,6954,False,1,0,0,0,0,0,0,0,0
410067,Ruon Tongyik,2020,AUS1,6954,False,26,23,0,2070,0,0,8,1,8
410067,Ruon Tongyik,2019,WMQ1,3433,True,4,2,0,11,0,0,0,0,0
410067,Ruon Tongyik,2019,AUS1,6954,False,26,9,0,628,1,0,4,1,0
410067,Ruon Tongyik,2018,FFAC,6954,False,4,1,0,90,0,0,0,0,0
410067,Ruon Tongyik,2018,AUS1,7831,False,10,8,0,675,0,0,0,0,0
410067,Ruon Tongyik,2018,AUS1,36100,False,17,2,0,180,0,0,0,0,0
410067,Ruon Tongyik,2017,FFAC,36100,False,4,0,0,0,0,0,0,0,0
410067,Ruon Tongyik,2017,AUSF,25580,False,2,0,0,0,0,0,0,0,0
410067,Ruon Tongyik,2017,AUS1,25580,False,27,0,0,0,0,0,0,0,0
410067,Ruon Tongyik,2017,23AF,32270,True,3,1,0,90,0,0,0,0,0
410067,Ruon Tongyik,2016,FFAC,25580,False,2,0,0,0,0,0,0,0,0
410067,Ruon Tongyik,2016,AUSF,25580,False,1,1,0,45,0,0,0,0,0
410067,Ruon Tongyik,2016,AUS1,25580,False,27,14,0,1170,0,0,0,0,4
410067,Ruon Tongyik,2015,FFAC,25580,False,3,0,0,0,0,0,0,0,0
410067,Ruon Tongyik,2015,AUSF,875,False,2,0,0,0,0,0,0,0,0
410067,Ruon Tongyik,2015,AUS1,875,False,20,0,0,0,0,0,0,0,0
410067,Ruon Tongyik,2015,ACLQ,875,False,1,0,0,0,0,0,0,0,0
559464,Angus Thurgate,2025,FFAC,36100,False,2,2,0,210,0,0,2,0,0
559464,Angus Thurgate,2025,AUS1,36100,False,26,26,0,2298,2,4,22,6,4
559464,Angus Thurgate,2024,FFAC,71084,False,1,1,0,90,0,0,0,0,0
559464,Angus Thurgate,2024,AUSF,71084,False,3,3,0,270,0,0,3,2,1
559464,Angus Thurgate,2024,AUS1,71084,False,26,25,1,2243,2,5,19,3,7
559464,Angus Thurgate,2023,FFAC,71084,False,1,1,0,90,0,0,1,0,1
559464,Angus Thurgate,2023,AUS1,71084,False,27,27,0,2374,1,2,21,6,3
559464,Angus Thurgate,2022,FFAC,71084,False,3,3,0,239,0,0,1,0,0
559464,Angus Thurgate,2022,AUS1,5551,False,26,26,0,2254,2,0,21,3,4
559464,Angus Thurgate,2021,FFAC,5551,False,1,1,0,90,0,0,3,1,0
559464,Angus Thurgate,2021,AUS1,5551,False,26,23,0,1894,4,1,30,12,6
559464,Angus Thurgate,2020,AUS1,5551,False,26,26,0,2181,1,2,32,5,4
559464,Angus Thurgate,2019,FS,32270,True,1,0,0,0,0,0,0,0,0
559464,Angus Thurgate,2019,AUS1,5551,False,26,25,0,1399,2,2,22,7,5
559464,Angus Thurgate,2018,FFAC,5551,False,3,2,0,161,0,0,0,0,0
559464,Angus Thurgate,2018,AUS1,5551,False,27,9,0,328,1,1,3,1,0
559464,Angus Thurgate,2018,ACLQ,5551,False,2,1,0,38,0,0,0,0,0
559464,Angus Thurgate,2017,FFAC,5551,False,2,2,0,60,0,0,1,0,0
559464,Angus Thurgate,2017,AUSF,5551,False,2,0,0,0,0,0,0,0,0
559464,Angus Thurgate,2017,AUS1,5551,False,11,7,0,94,0,0,0,0,0
559464,Angus Thurgate,2017,A198,39276,True,4,4,0,279,1,0,0,0,0
1275532,Ben Mewett,2025,FFAC,36100,False,2,0,0,0,0,0,0,0,0
1275532,Ben Mewett,2025,AUS1,36100,False,26,0,0,0,0,0,0,0,0
1275532,Ben Mewett,2025,A2SW,38638,False,6,3,0,64,0,0,0,0,0
1275532,Ben Mewett,2024,FFAC,36100,False,2,0,0,0,0,0,0,0,0
1275532,Ben Mewett,2024,A2SW,26206,False,22,21,0,1756,0,0,0,0,0
1275532,Ben Mewett,2023,A2SW,26206,False,30,2,0,89,0,0,0,0,0
425767,Gabriel Cléùr,2025,AUS1,36100,False,13,7,0,238,0,0,2,0,1
425767,Gabriel Cléùr,2024,FFAC,36100,False,2,2,0,112,0,0,0,0,0
425767,Gabriel Cléùr,2024,AUSF,36100,False,1,1,0,73,0,0,0,0,0
425767,Gabriel Cléùr,2024,AUS1,36100,False,26,21,5,1699,1,7,16,3,6
425767,Gabriel Cléùr,2023,FFAC,36100,False,3,1,0,90,1,0,1,1,0
425767,Gabriel Cléùr,2023,AUS1,36100,False,27,13,4,525,0,2,1,0,1
425767,Gabriel Cléùr,2022,FFAC,36100,False,3,3,0,165,0,1,1,0,0
425767,Gabriel Cléùr,2022,AUSF,36100,False,1,0,0,0,0,0,0,0,0
425767,Gabriel Cléùr,2022,AUS1,36100,False,26,18,2,1590,0,4,8,3,8
425767,Gabriel Cléùr,2021,IT3P,20519,False,5,0,2,0,0,0,0,0,0
425767,Gabriel Cléùr,2021,IT3B,20519,False,38,23,9,1721,1,2,0,0,7
425767,Gabriel Cléùr,2021,CILP,20519,False,3,1,1,4,0,0,0,0,0
425767,Gabriel Cléùr,2020,IT2,20519,False,38,17,0,1117,0,1,1,1,4
425767,Gabriel Cléùr,2020,FS,32270,True,3,3,0,270,0,0,0,0,0
425767,Gabriel Cléùr,2020,CIT,20519,False,3,2,0,180,0,0,0,0,2
425767,Gabriel Cléùr,2019,IT3P,2721,False,3,0,3,0,0,0,0,0,0
425767,Gabriel Cléùr,2019,IT3A,2721,False,27,17,2,806,0,0,0,0,6
425767,Gabriel Cléùr,2019,FS,32270,True,1,1,0,90,0,0,0,0,0
425767,Gabriel Cléùr,2019,CIT,2721,False,1,1,0,66,0,0,0,0,0
425767,Gabriel Cléùr,2019,CILP,2721,False,2,1,1,45,0,0,0,0,0
425767,Gabriel Cléùr,2019,23AF,32270,True,6,3,0,270,0,0,0,0,0
425767,Gabriel Cléùr,2018,SCIC,20519,False,2,1,0,90,0,0,0,0,0
425767,Gabriel Cléùr,2018,IT3A,20519,False,37,3,1,228,0,0,0,0,1
425767,Gabriel Cléùr,2018,CIT,20519,False,4,4,0,390,0,0,0,0,0
425767,Gabriel Cléùr,2018,CILP,20519,False,1,0,0,0,0,0,0,0,0
425767,Gabriel Cléùr,2017,IT3P,1387,False,5,2,0,104,0,0,0,0,0
425767,Gabriel Cléùr,2017,IT3A,1387,False,17,6,0,225,0,0,0,0,0
425767,Gabriel Cléùr,2017,IT2,20519,False,21,0,0,0,0,0,0,0,0
425767,Gabriel Cléùr,2017,IJ2A,27354,False,2,1,0,90,0,0,0,0,0
425767,Gabriel Cléùr,2017,CITP,27354,False,1,1,0,90,0,0,0,0,0
425767,Gabriel Cléùr,2017,CIT,20519,False,1,0,0,0,0,0,0,0,0
425767,Gabriel Cléùr,2016,ITJE,27354,False,1,1,0,45,0,0,0,0,0
425767,Gabriel Cléùr,2016,ITJ3,27354,False,25,21,0,1796,0,0,0,0,1
425767,Gabriel Cléùr,2016,IT2,20519,False,7,1,0,6,0,0,0,0,0
425767,Gabriel Cléùr,2016,CITP,27354,False,6,6,0,531,0,0,0,0,0
425767,Gabriel Cléùr,2015,TDV,27354,False,5,0,0,0,0,0,0,0,0
425767,Gabriel Cléùr,2015,ITJE,27354,False,1,0,0,0,0,0,0,0,0
425767,Gabriel Cléùr,2015,ITJ1,27354,False,6,1,0,9,0,0,0,0,0
293607,Bozhidar Kraev,2026,HGKG,61336,False,1,1,0,90,1,0,0,0,0
293607,Bozhidar Kraev,2025,AUS1,36100,False,26,25,0,1983,5,2,53,20,2
293607,Bozhidar Kraev,2024,UNPO,3394,True,2,2,0,78,0,0,1,0,0
293607,Bozhidar Kraev,2024,UNLC,3394,True,6,0,0,0,0,0,0,0,0
293607,Bozhidar Kraev,2024,FS,3394,True,2,1,0,66,0,0,0,0,0
293607,Bozhidar Kraev,2024,FFAC,36100,False,2,2,0,99,2,0,5,5,0
293607,Bozhidar Kraev,2024,AUSF,36100,False,1,1,0,90,0,0,1,1,0
293607,Bozhidar Kraev,2024,AUS1,36100,False,26,26,0,1963,8,0,34,14,2
293607,Bozhidar Kraev,2023,FS,3394,True,6,0,0,0,0,0,0,0,0
293607,Bozhidar Kraev,2023,FFAC,36100,False,3,1,0,62,0,0,1,0,1
293607,Bozhidar Kraev,2023,AUSF,8445,False,2,2,0,150,0,0,3,1,0
293607,Bozhidar Kraev,2023,AUS1,8445,False,27,26,1,2184,6,2,47,20,4
293607,Bozhidar Kraev,2022,UNLC,3394,True,6,0,0,0,0,0,0,0,0
293607,Bozhidar Kraev,2022,FS,3394,True,2,0,0,0,0,0,0,0,0
293607,Bozhidar Kraev,2022,FFAC,8445,False,2,2,0,210,0,0,5,2,0
293607,Bozhidar Kraev,2022,EMQ,3394,True,8,0,0,0,0,0,0,0,0
293607,Bozhidar Kraev,2022,AUSF,8445,False,1,1,0,45,0,0,3,0,1
293607,Bozhidar Kraev,2022,AUS1,8445,False,26,25,1,1727,7,4,49,21,4
293607,Bozhidar Kraev,2021,UCOL,865,False,2,0,0,0,0,0,0,0,0
293607,Bozhidar Kraev,2021,FS,3394,True,4,0,0,0,0,0,0,0,0
293607,Bozhidar Kraev,2021,FFAC,8445,False,3,3,0,202,1,0,5,3,0
293607,Bozhidar Kraev,2021,EL,865,False,6,0,0,0,0,0,0,0,0
293607,Bozhidar Kraev,2021,DKRQ,62685,False,2,1,0,60,0,0,0,0,0
293607,Bozhidar Kraev,2021,DKRE,62685,False,2,2,0,106,2,0,0,0,0
293607,Bozhidar Kraev,2021,DKP,865,False,7,1,0,27,0,0,2,2,0
293607,Bozhidar Kraev,2021,DKMR,865,False,10,0,0,0,0,0,0,0,0
293607,Bozhidar Kraev,2021,DK1,865,False,22,0,0,0,0,0,0,0,0
293607,Bozhidar Kraev,2021,CLQ,865,False,4,0,0,0,0,0,0,0,0
293607,Bozhidar Kraev,2020,WMQ6,3394,True,8,0,0,0,0,0,0,0,0
293607,Bozhidar Kraev,2020,UNLB,3394,True,6,6,0,436,1,0,8,1,1
293607,Bozhidar Kraev,2020,PO1,3329,False,21,14,0,499,1,0,14,7,0
293607,Bozhidar Kraev,2020,FS,3394,True,4,3,0,112,0,0,0,0,0
293607,Bozhidar Kraev,2020,DKP,865,False,2,0,0,0,0,0,0,0,0
293607,Bozhidar Kraev,2020,DK1,865,False,13,9,0,495,1,0,11,4,1
293607,Bozhidar Kraev,2020,CLQ,865,False,4,3,0,159,0,0,1,0,1
293607,Bozhidar Kraev,2020,CL,865,False,6,4,0,48,0,0,0,0,0
293607,Bozhidar Kraev,2019,POPO,2424,False,2,2,0,162,0,0,0,0,0
293607,Bozhidar Kraev,2019,POEM,3394,True,1,1,0,79,0,0,2,1,0
293607,Bozhidar Kraev,2019,POCP,2424,False,4,2,0,164,1,1,0,0,0
293607,Bozhidar Kraev,2019,PO1,2424,False,34,32,2,2265,8,1,46,19,7
293607,Bozhidar Kraev,2019,FS,3394,True,3,2,0,135,0,0,1,0,0
293607,Bozhidar Kraev,2019,DKRE,62685,False,1,1,0,10,0,0,0,0,0
293607,Bozhidar Kraev,2019,DK1,865,False,2,0,0,0,0,0,0,0,0
293607,Bozhidar Kraev,2018,UNLC,3394,True,6,5,0,280,2,0,4,1,0
293607,Bozhidar Kraev,2018,EMQ,3394,True,8,3,0,156,0,0,1,0,0
293607,Bozhidar Kraev,2018,ELQ,865,False,4,1,0,17,0,0,0,0,0
293607,Bozhidar Kraev,2018,DKRQ,62685,False,7,7,0,540,2,0,0,0,0
293607,Bozhidar Kraev,2018,DKRE,62685,False,6,2,0,180,3,0,0,0,0
293607,Bozhidar Kraev,2018,DKP,865,False,5,2,0,134,0,0,0,0,1
293607,Bozhidar Kraev,2018,DKMR,865,False,10,1,0,7,0,0,0,0,0
293607,Bozhidar Kraev,2018,DK1,865,False,26,11,0,297,0,0,1,1,0
293607,Bozhidar Kraev,2018,CLQ,865,False,2,0,0,0,0,0,0,0,0
293607,Bozhidar Kraev,2017,U21Q,21361,True,6,3,0,259,1,1,0,0,0
293607,Bozhidar Kraev,2017,FS,3394,True,3,0,0,0,0,0,0,0,0
293607,Bozhidar Kraev,2017,ELQ,865,False,8,3,0,60,1,0,0,0,0
293607,Bozhidar Kraev,2017,ELQ,156,False,1,0,0,0,0,0,0,0,0
293607,Bozhidar Kraev,2017,DKRE,62685,False,12,6,0,520,4,1,0,0,0
293607,Bozhidar Kraev,2017,DKP,865,False,4,2,0,53,3,0,0,0,0
293607,Bozhidar Kraev,2017,DKMR,865,False,10,8,0,251,1,0,0,0,0
293607,Bozhidar Kraev,2017,DK1,865,False,26,9,0,213,0,0,0,0,0
293607,Bozhidar Kraev,2016,WMQ6,3394,True,7,4,0,127,0,0,0,0,1
293607,Bozhidar Kraev,2016,FS,21361,True,3,0,0,0,0,0,0,0,0
293607,Bozhidar Kraev,2016,ELQ,156,False,2,0,0,0,0,0,0,0,0
293607,Bozhidar Kraev,2016,BULP,156,False,2,1,0,63,0,0,0,0,0
293607,Bozhidar Kraev,2016,BUEL,156,False,1,1,0,120,1,0,0,0,0
293607,Bozhidar Kraev,2016,BU1,156,False,36,34,0,2259,10,1,0,0,3
293607,Bozhidar Kraev,2015,U21Q,21361,True,3,1,0,66,0,0,0,0,0
293607,Bozhidar Kraev,2015,U19Q,27256,True,6,6,0,505,1,1,0,0,0
293607,Bozhidar Kraev,2015,FS,27256,True,2,2,0,153,0,0,0,0,0
293607,Bozhidar Kraev,2015,FS,21361,True,6,3,0,178,0,1,0,0,0
293607,Bozhidar Kraev,2015,BULP,156,False,3,2,0,180,2,1,0,0,0
293607,Bozhidar Kraev,2015,BU1,156,False,35,29,1,2197,5,4,0,0,8
293607,Bozhidar Kraev,2014,U19Q,27256,True,3,3,0,195,0,0,0,0,0
293607,Bozhidar Kraev,2014,FS,27256,True,5,1,0,45,1,0,0,0,0
293607,Bozhidar Kraev,2014,FS,25727,True,1,1,0,90,0,0,0,0,0
293607,Bozhidar Kraev,2014,BULP,156,False,8,8,0,647,3,2,0,0,0
293607,Bozhidar Kraev,2014,BU1,156,False,32,19,0,1022,6,2,0,0,2
293607,Bozhidar Kraev,2013,U17Q,35746,True,3,3,0,60,0,0,0,0,0
293607,Bozhidar Kraev,2012,FS,34413,True,4,4,0,277,0,0,0,0,0
732828,Mohamed Al-Taay,2026,IRQ1,13595,False,2,2,0,180,0,0,0,0,0
732828,Mohamed Al-Taay,2025,IRQ1,103329,False,28,8,1,440,0,1,0,0,2
732828,Mohamed Al-Taay,2025,AUS1,36100,False,11,1,0,9,0,0,0,0,0
732828,Mohamed Al-Taay,2024,FFAC,36100,False,2,1,0,8,0,0,0,0,0
732828,Mohamed Al-Taay,2024,AUSF,36100,False,1,0,0,0,0,0,0,0,0
732828,Mohamed Al-Taay,2024,AUS1,8445,False,13,9,0,232,0,0,1,0,0
732828,Mohamed Al-Taay,2024,AUS1,36100,False,13,8,0,141,0,0,0,0,0
732828,Mohamed Al-Taay,2024,AGUC,3560,True,3,0,0,0,0,0,0,0,0
732828,Mohamed Al-Taay,2023,WMQ1,3560,True,10,4,0,117,0,0,0,0,0
732828,Mohamed Al-Taay,2023,FFAC,8445,False,1,1,0,90,0,0,0,0,1
732828,Mohamed Al-Taay,2023,AUSF,8445,False,2,2,0,10,0,0,0,0,0
732828,Mohamed Al-Taay,2023,AUS1,8445,False,27,25,1,1279,0,1,11,5,1
732828,Mohamed Al-Taay,2022,FFAC,8445,False,2,1,0,58,0,0,0,0,0
732828,Mohamed Al-Taay,2022,AUS1,5551,False,26,17,0,623,0,0,1,0,4
732828,Mohamed Al-Taay,2021,FFAC,5551,False,1,0,0,0,0,0,0,0,0
732828,Mohamed Al-Taay,2021,AUS1,5551,False,26,11,0,248,0,0,1,0,2
732828,Mohamed Al-Taay,2020,AUS1,36100,False,26,0,0,0,0,0,0,0,0
732828,Mohamed Al-Taay,2019,AUS1,36100,False,15,0,0,0,0,0,0,0,0
732828,Mohamed Al-Taay,2019,A2SW,38638,False,1,1,0,90,0,0,0,0,1
576346,Dylan Scicluna,2025,FFAC,36100,False,2,2,0,207,0,0,4,1,1
576346,Dylan Scicluna,2025,AUS1,36100,False,26,24,1,1354,0,3,9,0,5
576346,Dylan Scicluna,2024,FFAC,36100,False,2,0,0,0,0,0,0,0,0
576346,Dylan Scicluna,2024,AUSF,36100,False,1,0,1,0,0,0,0,0,0
576346,Dylan Scicluna,2024,AUS1,36100,False,26,9,17,684,1,1,7,2,1
576346,Dylan Scicluna,2023,U21Q,24963,True,3,3,0,247,0,0,0,0,0
576346,Dylan Scicluna,2023,GB21,24226,False,4,0,0,0,0,0,0,0,0
576346,Dylan Scicluna,2023,FS,24963,True,3,1,0,90,0,0,0,0,1
576346,Dylan Scicluna,2023,FFAC,36100,False,3,2,0,48,0,0,0,0,0
576346,Dylan Scicluna,2023,AUS1,36100,False,27,16,0,388,0,1,1,0,2
576346,Dylan Scicluna,2023,A2SW,38638,False,17,11,0,878,0,2,0,0,3
576346,Dylan Scicluna,2022,PLIC,24226,False,4,4,0,350,0,0,0,0,0
576346,Dylan Scicluna,2022,GBFL,24226,False,4,2,0,140,0,0,1,0,1
576346,Dylan Scicluna,2022,GB21,24226,False,26,12,0,689,0,0,13,5,2
576346,Dylan Scicluna,2022,GB18,12801,False,3,2,0,63,0,0,0,0,0
576346,Dylan Scicluna,2022,FS,22976,True,3,2,0,128,0,0,2,2,0
576346,Dylan Scicluna,2022,FFAC,36100,False,1,0,0,0,0,0,0,0,0
576346,Dylan Scicluna,2022,21PL,24226,False,7,0,0,0,0,0,0,0,0
576346,Dylan Scicluna,2022,19EU,26100,True,2,2,0,146,0,0,4,0,0
576346,Dylan Scicluna,2021,GB18,12801,False,26,0,0,0,0,0,0,0,0
576346,Dylan Scicluna,2021,FAYC,12801,False,5,0,0,0,0,0,0,0,0
576346,Dylan Scicluna,2020,GB18,12801,False,24,7,0,498,0,0,0,0,1
576346,Dylan Scicluna,2020,FAYC,12801,False,1,1,0,45,0,0,0,0,0
576346,Dylan Scicluna,2017,GB18,12801,False,2,1,0,14,0,0,0,0,0
262971,Steven Ugarkovic,2025,FFAC,36100,False,2,1,0,3,0,0,0,0,0
262971,Steven Ugarkovic,2025,AUS1,36100,False,26,24,0,1494,1,0,31,5,2
262971,Steven Ugarkovic,2024,FFAC,36100,False,2,2,0,117,0,0,1,1,0
262971,Steven Ugarkovic,2024,AUSF,25580,False,3,3,0,184,0,0,3,1,1
262971,Steven Ugarkovic,2024,AUS1,25580,False,26,21,3,1670,3,1,35,11,6
262971,Steven Ugarkovic,2023,FFAC,25580,False,1,0,1,0,0,0,0,0,0
262971,Steven Ugarkovic,2023,AUSF,25580,False,1,1,0,120,0,0,1,0,0
262971,Steven Ugarkovic,2023,AUS1,25580,False,27,26,0,1978,3,4,25,8,3
262971,Steven Ugarkovic,2023,AFCL,25580,False,6,6,0,537,0,1,6,0,2
262971,Steven Ugarkovic,2022,FFAC,25580,False,4,4,0,357,0,1,4,0,1
262971,Steven Ugarkovic,2022,AUSF,8445,False,1,1,0,86,0,0,0,0,0
262971,Steven Ugarkovic,2022,AUS1,8445,False,26,26,0,2002,1,2,21,7,3
262971,Steven Ugarkovic,2021,FFAC,8445,False,3,0,0,0,0,0,0,0,0
262971,Steven Ugarkovic,2021,AUS1,36100,False,26,26,0,2097,3,1,42,11,3
262971,Steven Ugarkovic,2020,FFAC,36100,False,2,0,0,0,0,0,0,0,0
262971,Steven Ugarkovic,2020,AUS1,5551,False,20,17,0,1485,2,1,19,5,2
262971,Steven Ugarkovic,2020,AUS1,36100,False,6,6,0,461,0,1,7,2,0
262971,Steven Ugarkovic,2019,AUS1,5551,False,26,26,0,2318,4,1,34,13,3
262971,Steven Ugarkovic,2018,FFAC,5551,False,3,2,0,210,0,0,0,0,0
262971,Steven Ugarkovic,2018,AUS1,5551,False,27,27,0,2154,0,1,22,2,2
262971,Steven Ugarkovic,2018,ACLQ,5551,False,2,2,0,193,0,0,0,0,0
262971,Steven Ugarkovic,2017,FFAC,5551,False,2,2,0,180,0,0,0,0,0
262971,Steven Ugarkovic,2017,AUSF,5551,False,2,2,0,180,0,0,0,0,1
262971,Steven Ugarkovic,2017,AUS1,5551,False,27,27,0,2371,1,4,0,0,2
262971,Steven Ugarkovic,2016,AUS1,5551,False,27,25,0,2109,1,0,0,0,6
262971,Steven Ugarkovic,2015,KRC,327,False,3,1,0,18,0,0,0,0,0
262971,Steven Ugarkovic,2015,KR1,327,False,21,11,0,544,0,0,0,0,2
262971,Steven Ugarkovic,2015,FS,32270,True,4,3,0,179,0,0,0,0,1
262971,Steven Ugarkovic,2015,AUS1,5551,False,14,11,0,925,1,0,0,0,1
262971,Steven Ugarkovic,2015,A23Q,32270,True,3,0,0,0,0,0,0,0,0
262971,Steven Ugarkovic,2014,KRC,327,False,2,2,0,58,0,0,0,0,0
262971,Steven Ugarkovic,2014,KR2,24575,False,14,8,0,338,0,0,0,0,0
262971,Steven Ugarkovic,2014,KR1,327,False,20,8,0,227,0,0,0,0,0
262971,Steven Ugarkovic,2013,KRC,327,False,4,3,0,254,1,0,0,0,0
262971,Steven Ugarkovic,2013,KR1,327,False,36,23,0,1312,1,1,0,0,4
262971,Steven Ugarkovic,2012,FS,17379,True,2,2,0,43,0,0,0,0,0
171307,Joshua Brillante,2025,AUS1,36100,False,26,23,0,1430,0,0,10,0,0
171307,Joshua Brillante,2024,FFAC,36100,False,2,2,0,153,0,0,1,0,0
171307,Joshua Brillante,2024,AUSF,36100,False,1,1,0,73,0,0,0,0,0
171307,Joshua Brillante,2024,AUS1,36100,False,26,23,1,1891,0,3,10,4,0
171307,Joshua Brillante,2023,FFAC,36100,False,3,2,0,180,0,0,0,0,0
171307,Joshua Brillante,2023,AUS1,36100,False,27,18,3,1579,1,1,9,4,1
171307,Joshua Brillante,2022,FFAC,36100,False,3,3,0,270,0,2,2,0,0
171307,Joshua Brillante,2022,AUS1,7006,False,26,24,1,1804,3,2,23,10,3
171307,Joshua Brillante,2021,FFAC,7006,False,1,1,0,65,0,0,3,0,0
171307,Joshua Brillante,2021,AUSF,7006,False,2,2,0,174,0,0,3,1,0
171307,Joshua Brillante,2021,AUS1,7006,False,26,24,0,2047,2,1,22,7,3
171307,Joshua Brillante,2021,ACLQ,7006,False,1,1,0,106,0,0,0,0,0
171307,Joshua Brillante,2020,S2PA,128,False,5,3,0,270,0,0,0,0,0
171307,Joshua Brillante,2020,RLGR,128,False,2,0,0,0,0,0,0,0,0
171307,Joshua Brillante,2020,GRS2,128,False,22,15,1,1159,1,1,0,0,0
171307,Joshua Brillante,2020,FFAC,7006,False,5,1,0,90,0,0,2,0,0
171307,Joshua Brillante,2019,AUSF,25580,False,2,2,0,210,0,0,2,1,1
171307,Joshua Brillante,2019,AUS1,25580,False,26,26,0,2234,1,3,23,7,2
171307,Joshua Brillante,2018,FS,3433,True,5,0,0,0,0,0,0,0,0
171307,Joshua Brillante,2018,FFAC,25580,False,5,3,0,270,0,1,0,0,1
171307,Joshua Brillante,2018,AUSF,8054,False,2,2,0,210,0,1,0,0,0
171307,Joshua Brillante,2018,AUS1,8054,False,27,25,0,2180,0,2,15,5,5
171307,Joshua Brillante,2018,AFCL,8054,False,6,4,0,360,0,0,4,1,0
171307,Joshua Brillante,2018,AFAC,3433,True,5,0,0,0,0,0,0,0,0
171307,Joshua Brillante,2017,POWM,3433,True,2,0,0,0,0,0,0,0,0
171307,Joshua Brillante,2017,FS,3433,True,4,0,0,0,0,0,0,0,0
171307,Joshua Brillante,2017,FIWC,3433,True,3,0,0,0,0,0,0,0,0
171307,Joshua Brillante,2017,FFAC,8054,False,5,5,0,439,0,1,0,0,1
171307,Joshua Brillante,2017,AUSF,8054,False,1,1,0,77,0,0,0,0,0
171307,Joshua Brillante,2017,AUS1,8054,False,27,25,0,2249,1,1,0,0,4
171307,Joshua Brillante,2017,AFCL,8054,False,6,6,0,507,0,0,4,1,1
171307,Joshua Brillante,2016,WMQ1,3433,True,12,0,0,0,0,0,0,0,0
171307,Joshua Brillante,2016,FS,3433,True,1,0,0,0,0,0,0,0,0
171307,Joshua Brillante,2016,FFAC,8054,False,4,2,0,210,0,0,0,0,0
171307,Joshua Brillante,2016,CONC,3433,True,3,0,0,0,0,0,0,0,0
171307,Joshua Brillante,2016,AUSF,8054,False,2,2,0,210,1,0,0,0,1
171307,Joshua Brillante,2016,AUS1,8054,False,27,24,0,2079,1,1,0,0,8
171307,Joshua Brillante,2015,IT2,1047,False,42,21,0,861,0,1,0,0,3
171307,Joshua Brillante,2015,IT1,749,False,1,0,0,0,0,0,0,0,0
171307,Joshua Brillante,2015,FS,3433,True,3,0,0,0,0,0,0,0,0
171307,Joshua Brillante,2015,FS,32270,True,1,1,0,73,0,1,0,0,1
171307,Joshua Brillante,2015,FFAC,8054,False,3,1,0,90,0,0,0,0,0
171307,Joshua Brillante,2015,CIT,749,False,1,0,0,0,0,0,0,0,0
171307,Joshua Brillante,2014,WMQ1,3433,True,8,0,0,0,0,0,0,0,0
171307,Joshua Brillante,2014,IT1,749,False,19,1,0,4,0,0,0,0,0
171307,Joshua Brillante,2014,IT1,430,False,19,2,0,39,0,0,0,0,0
171307,Joshua Brillante,2014,FS,3433,True,7,4,0,270,0,1,0,0,1
171307,Joshua Brillante,2014,EL,430,False,6,0,0,0,0,0,0,0,0
171307,Joshua Brillante,2014,CIT,430,False,1,0,0,0,0,0,0,0,0
171307,Joshua Brillante,2014,AFAC,3433,True,6,0,0,0,0,0,0,0,0
171307,Joshua Brillante,2013,FS,3433,True,7,0,0,0,0,0,0,0,0
171307,Joshua Brillante,2013,FIWC,3433,True,3,0,0,0,0,0,0,0,0
171307,Joshua Brillante,2013,AUS1,5551,False,27,24,0,1947,0,3,0,0,3
171307,Joshua Brillante,2012,FS,22976,True,4,4,0,360,1,0,0,0,0
171307,Joshua Brillante,2012,EAFC,3433,True,3,1,0,90,0,0,0,0,0
171307,Joshua Brillante,2012,AUS1,5551,False,27,22,0,1565,0,2,0,0,0
171307,Joshua Brillante,2012,A192,39276,True,5,4,0,360,0,0,0,0,0
171307,Joshua Brillante,2012,23AF,77740,True,1,1,0,90,0,0,0,0,0
171307,Joshua Brillante,2012,20WC,22976,True,3,3,0,270,1,0,0,0,0
171307,Joshua Brillante,2011,AUS1,15889,False,27,12,0,780,0,1,0,0,0
171307,Joshua Brillante,2010,AUS1,15889,False,2,2,0,142,0,0,0,0,1
1419331,Oscar Morrison,2025,FFAC,36100,False,2,0,0,0,0,0,0,0,0
1419331,Oscar Morrison,2025,AUS1,36100,False,2,0,0,0,0,0,0,0,0
1419331,Oscar Morrison,2025,A2SW,38638,False,26,24,0,2160,3,0,0,0,1
1419331,Oscar Morrison,2024,A2SW,38638,False,14,6,0,107,0,0,0,0,1
293592,Brandon Borrello,2025,FFAC,36100,False,2,2,0,207,1,1,8,3,1
293592,Brandon Borrello,2025,AUS1,36100,False,26,22,4,1549,4,2,61,17,2
293592,Brandon Borrello,2024,FFAC,36100,False,2,0,0,0,0,0,0,0,0
293592,Brandon Borrello,2024,AUSF,36100,False,1,1,0,90,0,1,1,0,0
293592,Brandon Borrello,2024,AUS1,36100,False,26,25,0,2060,6,10,85,26,4
293592,Brandon Borrello,2023,WMQ1,3433,True,16,7,2,320,1,0,9,5,0
293592,Brandon Borrello,2023,FS,3433,True,4,2,1,41,0,0,1,0,0
293592,Brandon Borrello,2023,FFAC,36100,False,3,3,0,227,0,0,8,2,0
293592,Brandon Borrello,2023,AUS1,36100,False,27,15,12,1046,1,4,21,8,2
293592,Brandon Borrello,2022,FS,3433,True,5,3,0,124,1,0,4,1,0
293592,Brandon Borrello,2022,FFAC,36100,False,3,3,0,264,3,0,15,8,0
293592,Brandon Borrello,2022,AUSF,36100,False,1,1,0,90,0,0,1,0,1
293592,Brandon Borrello,2022,AUS1,36100,False,26,26,0,2292,13,5,85,38,5
293592,Brandon Borrello,2022,AFAC,3433,True,5,0,5,0,0,0,0,0,0
293592,Brandon Borrello,2021,POWM,3433,True,1,0,0,0,0,0,0,0,0
293592,Brandon Borrello,2021,L2PO,129,False,2,1,0,22,0,0,1,0,0
293592,Brandon Borrello,2021,L2,129,False,34,16,12,762,0,0,18,1,3
293592,Brandon Borrello,2021,FS,3433,True,1,0,0,0,0,0,0,0,0
293592,Brandon Borrello,2021,FIWC,3433,True,4,0,0,0,0,0,0,0,0
293592,Brandon Borrello,2021,DFB,129,False,2,1,1,90,0,0,4,2,0
293592,Brandon Borrello,2020,L2,38,False,34,22,0,681,1,1,11,4,2
293592,Brandon Borrello,2020,DFB,38,False,2,1,0,78,0,0,1,0,0
293592,Brandon Borrello,2019,WMQ1,3433,True,19,3,6,222,0,1,5,0,1
293592,Brandon Borrello,2019,L1,60,False,34,7,0,298,0,0,7,1,0
293592,Brandon Borrello,2019,DFB,60,False,2,1,0,111,0,1,0,0,1
293592,Brandon Borrello,2018,RLSW,245,False,14,9,0,763,0,4,0,0,1
293592,Brandon Borrello,2018,L1,60,False,34,0,19,0,0,0,0,0,0
293592,Brandon Borrello,2018,FS,3433,True,1,1,0,20,0,0,0,0,0
293592,Brandon Borrello,2018,DFB,60,False,2,0,2,0,0,0,0,0,0
293592,Brandon Borrello,2017,OLRP,151,False,9,2,0,169,0,0,0,0,0
293592,Brandon Borrello,2017,L2,2,False,34,19,6,1384,3,7,0,0,6
293592,Brandon Borrello,2017,DFB,2,False,2,1,0,16,0,1,0,0,0
293592,Brandon Borrello,2016,AUSF,7831,False,2,2,0,180,0,1,0,0,1
293592,Brandon Borrello,2016,AUS1,7831,False,27,23,0,1407,4,2,0,0,5
293592,Brandon Borrello,2016,AFCL,7831,False,6,5,0,377,0,3,0,0,1
293592,Brandon Borrello,2016,ACLQ,7831,False,2,2,0,180,5,1,0,0,0
293592,Brandon Borrello,2015,FS,32270,True,1,1,0,73,0,0,0,0,0
293592,Brandon Borrello,2015,AUSF,7831,False,2,1,0,73,0,0,0,0,0
293592,Brandon Borrello,2015,AUS1,7831,False,27,21,0,1473,5,1,0,0,2
293592,Brandon Borrello,2014,AUSF,7831,False,1,1,0,90,0,0,0,0,0
293592,Brandon Borrello,2014,AUS1,7831,False,27,21,0,1386,4,1,0,0,3
293592,Brandon Borrello,2014,AFCL,7831,False,6,6,0,527,2,1,0,0,1
293592,Brandon Borrello,2013,AUSF,7831,False,2,0,0,0,0,0,0,0,0
293592,Brandon Borrello,2013,AUS1,7831,False,22,6,0,78,0,0,0,0,0
146795,Ryan Fraser,2025,GB2,180,False,28,16,0,879,0,2,4,3,0
146795,Ryan Fraser,2025,FAC,180,False,1,0,0,0,0,0,0,0,0
146795,Ryan Fraser,2025,CGB,180,False,3,2,0,82,1,0,1,1,0
146795,Ryan Fraser,2025,AUS1,36100,False,13,12,1,866,4,3,29,10,0
146795,Ryan Fraser,2024,GB1,762,False,2,0,0,0,0,0,0,0,0
146795,Ryan Fraser,2024,GB1,180,False,36,8,13,306,0,0,1,1,0
146795,Ryan Fraser,2024,FAC,180,False,2,0,1,0,0,0,0,0,0
146795,Ryan Fraser,2024,CGB,762,False,1,0,0,0,0,0,0,0,0
146795,Ryan Fraser,2024,CGB,180,False,3,2,0,100,0,0,3,1,0
146795,Ryan Fraser,2023,POCC,180,False,3,3,0,154,0,0,0,0,1
146795,Ryan Fraser,2023,GB2,180,False,43,39,2,1620,6,2,43,18,5
146795,Ryan Fraser,2023,GB1,762,False,2,0,0,0,0,0,0,0,0
146795,Ryan Fraser,2023,FAC,180,False,4,2,1,117,2,1,4,3,0
146795,Ryan Fraser,2022,UNLB,3380,True,6,3,0,117,0,2,4,1,0
146795,Ryan Fraser,2022,GB21,9253,False,1,1,0,90,1,1,4,2,0
146795,Ryan Fraser,2022,GB1,762,False,38,8,1,311,0,0,6,1,1
146795,Ryan Fraser,2022,FS,3380,True,1,1,0,45,0,0,0,0,0
146795,Ryan Fraser,2022,FAC,762,False,1,0,0,0,0,0,0,0,0
146795,Ryan Fraser,2022,CGB,762,False,7,0,1,0,0,0,0,0,0
146795,Ryan Fraser,2021,POWM,3380,True,1,0,0,0,0,0,0,0,0
146795,Ryan Fraser,2021,GB1,762,False,38,27,5,1472,2,3,24,8,3
146795,Ryan Fraser,2021,FS,3380,True,2,0,0,0,0,0,0,0,0
146795,Ryan Fraser,2021,FAC,762,False,1,1,0,90,0,0,1,0,0
146795,Ryan Fraser,2021,CGB,762,False,1,1,0,83,0,0,0,0,0
146795,Ryan Fraser,2020,WMQ6,3380,True,10,4,0,338,2,0,4,4,0
146795,Ryan Fraser,2020,UNLB,3380,True,6,2,2,155,1,0,4,1,0
146795,Ryan Fraser,2020,GB1,762,False,38,18,17,927,0,3,13,6,1
146795,Ryan Fraser,2020,FS,3380,True,2,2,0,54,0,0,0,0,0
146795,Ryan Fraser,2020,FAC,762,False,1,0,1,0,0,0,0,0,0
146795,Ryan Fraser,2020,EURO,3380,True,3,2,0,43,0,0,3,0,0
146795,Ryan Fraser,2020,CGB,762,False,4,4,0,258,1,0,8,4,0
146795,Ryan Fraser,2019,POEM,3380,True,2,1,1,36,0,0,0,0,1
146795,Ryan Fraser,2019,GB1,989,False,31,28,1,2063,1,4,27,12,2
146795,Ryan Fraser,2019,FAC,989,False,2,2,0,170,0,0,3,0,0
146795,Ryan Fraser,2019,CGB,989,False,2,2,0,119,0,0,1,1,0
146795,Ryan Fraser,2018,UNLC,3380,True,4,2,2,163,1,2,0,0,0
146795,Ryan Fraser,2018,GB1,989,False,38,38,0,3173,7,14,51,25,2
146795,Ryan Fraser,2018,FS,3380,True,2,1,1,90,0,0,0,0,0
146795,Ryan Fraser,2018,FAC,989,False,1,1,0,90,0,0,1,0,0
146795,Ryan Fraser,2018,EMQ,3380,True,10,5,2,396,0,3,0,0,0
146795,Ryan Fraser,2018,CGB,989,False,4,3,0,121,1,1,6,2,0
146795,Ryan Fraser,2017,GB1,989,False,38,26,0,2010,5,3,0,0,0
146795,Ryan Fraser,2017,FS,3380,True,5,2,0,101,0,1,0,0,0
146795,Ryan Fraser,2017,FAC,989,False,2,2,0,168,0,0,0,0,0
146795,Ryan Fraser,2017,CGB,989,False,4,4,0,366,1,1,0,0,0
146795,Ryan Fraser,2016,WMQ6,3380,True,5,1,0,23,0,0,0,0,0
146795,Ryan Fraser,2016,GB1,989,False,38,28,0,1767,3,5,0,0,3
146795,Ryan Fraser,2016,FAC,989,False,1,0,0,0,0,0,0,0,0
146795,Ryan Fraser,2016,CGB,989,False,2,1,0,89,0,0,0,0,0
146795,Ryan Fraser,2015,U21Q,16868,True,7,2,5,172,1,0,0,0,0
146795,Ryan Fraser,2015,GB2,677,False,46,18,25,1244,4,5,0,0,3
146795,Ryan Fraser,2015,FAC,677,False,2,1,0,32,1,0,0,0,0
146795,Ryan Fraser,2015,CGB,677,False,3,2,0,66,1,1,0,0,0
146795,Ryan Fraser,2014,GB2,989,False,46,21,0,697,1,0,0,0,3
146795,Ryan Fraser,2014,FS,16868,True,2,2,0,164,0,0,0,0,0
146795,Ryan Fraser,2014,FAC,989,False,2,2,0,178,1,0,0,0,0
146795,Ryan Fraser,2014,CGB,989,False,5,4,0,278,0,0,0,0,0
146795,Ryan Fraser,2013,U21Q,16868,True,8,5,0,354,1,2,0,0,1
146795,Ryan Fraser,2013,GB2,989,False,46,37,0,1978,3,2,0,0,2
146795,Ryan Fraser,2013,FS,16868,True,2,1,0,76,1,0,0,0,0
146795,Ryan Fraser,2013,FAC,989,False,2,2,0,52,1,0,0,0,0
146795,Ryan Fraser,2013,CGB,989,False,2,2,0,178,0,0,0,0,0
146795,Ryan Fraser,2012,U19Q,17622,True,6,3,0,270,1,0,0,0,1
146795,Ryan Fraser,2012,SFA,370,False,2,0,2,0,0,0,0,0,0
146795,Ryan Fraser,2012,SCP,370,False,3,2,0,97,0,0,0,0,0
146795,Ryan Fraser,2012,SC1,370,False,22,16,6,1034,0,6,0,0,0
146795,Ryan Fraser,2012,GB3,989,False,20,5,0,96,0,0,0,0,0
146795,Ryan Fraser,2012,FS,17622,True,7,3,0,182,1,0,0,0,1
146795,Ryan Fraser,2012,FS,16868,True,1,1,0,29,0,0,0,0,0
146795,Ryan Fraser,2011,SFA,370,False,5,0,0,0,0,0,0,0,0
146795,Ryan Fraser,2011,SCP,370,False,2,0,0,0,0,0,0,0,0
146795,Ryan Fraser,2011,SC1,370,False,37,3,0,33,0,0,0,0,0
146795,Ryan Fraser,2010,SFA,370,False,5,0,0,0,0,0,0,0,0
146795,Ryan Fraser,2010,SCP,370,False,2,0,0,0,0,0,0,0,0
146795,Ryan Fraser,2010,SC1,370,False,31,2,0,13,0,0,0,0,1
1109206,Miguel Di Pizio,2025,FFAC,36100,False,2,2,0,146,1,0,6,3,1
1109206,Miguel Di Pizio,2025,AUS1,6954,False,26,19,7,1391,3,4,29,6,1
1109206,Miguel Di Pizio,2024,FFAC,6954,False,1,1,0,25,0,0,3,1,0
1109206,Miguel Di Pizio,2024,AUS1,6954,False,26,10,16,427,0,0,7,1,0
1109206,Miguel Di Pizio,2024,AU2C,22976,True,4,3,0,141,0,0,0,0,0
1109206,Miguel Di Pizio,2024,ACLE,6954,False,8,2,5,108,0,0,0,0,0
1109206,Miguel Di Pizio,2023,FFAC,6954,False,1,1,0,79,0,0,1,0,0
1109206,Miguel Di Pizio,2023,AUSF,6954,False,3,2,0,95,1,0,2,1,0
1109206,Miguel Di Pizio,2023,AUS1,6954,False,27,19,0,629,1,0,16,8,0
1109206,Miguel Di Pizio,2023,AFCC,6954,False,13,10,0,432,3,1,16,7,0
1109206,Miguel Di Pizio,2022,FS,32269,True,3,0,0,0,0,0,0,0,0
1109206,Miguel Di Pizio,2022,FFAC,6954,False,1,0,0,0,0,0,0,0,0
1109206,Miguel Di Pizio,2022,AUSF,6954,False,3,0,0,0,0,0,0,0,0
1109206,Miguel Di Pizio,2022,AUS1,6954,False,3,1,0,5,0,0,0,0,0
1109206,Miguel Di Pizio,2022,A2SW,26206,False,17,12,0,902,1,2,21,7,1
1109206,Miguel Di Pizio,2022,A169,32269,True,3,3,0,270,4,0,0,0,0
1109206,Miguel Di Pizio,2022,A168,32269,True,4,4,0,360,0,1,6,1,0
1109206,Miguel Di Pizio,2021,AF16,66880,True,3,3,0,225,1,0,0,0,0
1121750,Aydan Hammond,2025,FFAC,36100,False,2,2,0,162,0,0,7,3,0
1121750,Aydan Hammond,2025,AUS1,36100,False,26,19,3,824,1,0,24,8,3
1121750,Aydan Hammond,2025,A23Q,32270,True,3,2,0,124,2,0,0,0,0
1121750,Aydan Hammond,2025,23AF,32270,True,4,3,0,155,0,0,4,2,0
1121750,Aydan Hammond,2024,FS,32270,True,3,2,0,117,0,0,2,0,1
1121750,Aydan Hammond,2024,FFAC,36100,False,2,2,0,156,0,0,5,1,0
1121750,Aydan Hammond,2024,AUSF,36100,False,1,1,0,1,0,0,1,0,0
1121750,Aydan Hammond,2024,AUS1,36100,False,26,23,0,670,4,0,24,9,2
1121750,Aydan Hammond,2024,A2SW,38638,False,2,2,0,180,1,0,0,0,0
1121750,Aydan Hammond,2023,FFAC,36100,False,3,2,0,58,0,0,3,2,0
1121750,Aydan Hammond,2023,AUS1,36100,False,15,3,0,69,1,0,2,1,0
1121750,Aydan Hammond,2023,A2SW,38638,False,16,13,0,983,6,4,0,0,4
1121750,Aydan Hammond,2022,FFAC,6954,False,1,1,0,11,0,0,1,1,0
1121750,Aydan Hammond,2022,A2SW,26206,False,24,20,0,1350,8,2,41,22,4
748070,Alou Kuol,2025,AUS1,36100,False,26,14,4,708,1,0,17,5,2
748070,Alou Kuol,2025,A2SW,11375,False,8,4,0,333,1,1,0,0,1
748070,Alou Kuol,2024,FFAC,6954,False,1,1,0,59,1,0,2,1,0
748070,Alou Kuol,2024,FFAC,36100,False,2,2,0,135,0,0,4,0,0
748070,Alou Kuol,2024,AUS1,6954,False,26,25,0,1684,4,0,33,8,3
748070,Alou Kuol,2024,ACLE,6954,False,8,8,0,566,1,1,13,3,1
748070,Alou Kuol,2023,W23C,32270,True,3,2,0,152,3,0,0,0,0
748070,Alou Kuol,2023,FS,32270,True,2,0,0,0,0,0,0,0,0
748070,Alou Kuol,2023,FFAC,6954,False,1,1,0,120,0,0,3,2,1
748070,Alou Kuol,2023,AUSF,6954,False,3,3,0,180,0,0,2,0,1
748070,Alou Kuol,2023,AUS1,6954,False,27,25,2,1283,5,0,41,16,5
748070,Alou Kuol,2023,AFCC,6954,False,13,9,0,378,3,1,11,6,1
748070,Alou Kuol,2023,A23Q,32270,True,2,1,0,1,0,0,0,0,0
748070,Alou Kuol,2023,23AF,32270,True,3,3,0,126,0,0,2,1,0
748070,Alou Kuol,2022,RLSW,102,False,16,14,0,787,0,0,0,0,1
748070,Alou Kuol,2022,L1PO,79,False,2,0,0,0,0,0,0,0,0
748070,Alou Kuol,2022,L1,79,False,34,1,0,4,0,0,0,0,0
748070,Alou Kuol,2022,FS,32270,True,5,4,0,160,0,2,0,0,1
748070,Alou Kuol,2022,FFAC,6954,False,1,1,0,91,1,0,2,1,0
748070,Alou Kuol,2022,DFB,79,False,5,0,0,0,0,0,0,0,0
748070,Alou Kuol,2021,RLSW,102,False,22,18,2,1199,7,0,0,0,5
748070,Alou Kuol,2021,L2,254,False,15,1,2,11,0,0,0,0,0
748070,Alou Kuol,2021,23AF,32270,True,6,6,0,402,1,1,5,3,1
748070,Alou Kuol,2020,AUSF,6954,False,1,1,0,31,0,0,1,0,0
748070,Alou Kuol,2020,AUS1,6954,False,26,25,0,898,7,2,35,19,5
748070,Alou Kuol,2019,AUS1,6954,False,8,4,0,142,0,0,1,1,0
50200,Kosta Barbarouses,2025,FS,9171,True,10,7,0,256,1,0,2,2,0
50200,Kosta Barbarouses,2025,FIWC,9171,True,3,0,0,0,0,0,0,0,0
50200,Kosta Barbarouses,2025,AUS1,36100,False,26,22,3,1334,4,1,34,12,1
50200,Kosta Barbarouses,2024,WMQ5,9171,True,5,4,0,95,2,1,0,0,0
50200,Kosta Barbarouses,2024,FS,9171,True,5,5,0,214,0,1,0,0,0
50200,Kosta Barbarouses,2024,FFAC,8445,False,1,1,0,90,1,0,2,2,1
50200,Kosta Barbarouses,2024,FFAC,36100,False,2,2,0,153,1,0,6,3,0
50200,Kosta Barbarouses,2024,AUS1,8445,False,26,26,0,2317,10,1,56,20,2
50200,Kosta Barbarouses,2023,OFCN,9171,True,4,4,0,353,3,1,0,0,0
50200,Kosta Barbarouses,2023,FS,9171,True,6,2,0,98,0,0,0,0,0
50200,Kosta Barbarouses,2023,FFAC,8445,False,1,1,0,23,0,0,2,0,0
50200,Kosta Barbarouses,2023,AUSF,8445,False,2,2,0,210,0,1,3,1,0
50200,Kosta Barbarouses,2023,AUS1,8445,False,27,26,1,2247,13,4,58,39,4
50200,Kosta Barbarouses,2022,FS,9171,True,6,2,0,80,0,0,1,0,0
50200,Kosta Barbarouses,2022,FFAC,8445,False,2,2,0,205,0,0,2,0,1
50200,Kosta Barbarouses,2022,AUSF,8445,False,1,1,0,45,0,0,0,0,0
50200,Kosta Barbarouses,2022,AUS1,8445,False,26,23,3,1381,2,1,38,16,0
50200,Kosta Barbarouses,2021,WMQ5,9171,True,5,2,0,180,0,0,0,0,0
50200,Kosta Barbarouses,2021,POWM,9171,True,1,1,0,9,0,0,0,0,0
50200,Kosta Barbarouses,2021,FS,9171,True,6,2,4,82,0,0,0,0,0
50200,Kosta Barbarouses,2021,FFAC,8445,False,3,3,0,269,1,1,6,2,0
50200,Kosta Barbarouses,2021,AUS1,8054,False,26,11,13,541,1,1,7,1,1
50200,Kosta Barbarouses,2021,AFCL,8054,False,6,2,3,148,0,0,1,0,1
50200,Kosta Barbarouses,2021,ACLQ,8054,False,1,1,0,61,0,0,4,3,0
50200,Kosta Barbarouses,2020,FFAC,8054,False,4,1,3,90,0,0,0,0,0
50200,Kosta Barbarouses,2020,AUSF,8054,False,2,2,0,180,1,0,3,2,0
50200,Kosta Barbarouses,2020,AUS1,8054,False,26,25,0,2023,9,3,80,36,4
50200,Kosta Barbarouses,2019,FS,9171,True,2,0,0,0,0,0,0,0,0
50200,Kosta Barbarouses,2019,AUSF,8054,False,2,2,0,176,0,0,3,3,0
50200,Kosta Barbarouses,2019,AUS1,8054,False,26,26,0,2077,8,6,49,22,1
50200,Kosta Barbarouses,2019,AFCL,8054,False,6,6,0,356,0,2,7,1,0
50200,Kosta Barbarouses,2018,FFAC,8054,False,1,1,0,90,0,0,0,0,0
50200,Kosta Barbarouses,2018,AUSF,7006,False,2,2,0,180,1,0,6,1,1
50200,Kosta Barbarouses,2018,AUS1,7006,False,27,27,0,2334,14,4,70,33,3
50200,Kosta Barbarouses,2018,AFCL,7006,False,6,4,0,360,0,1,11,3,2
50200,Kosta Barbarouses,2017,TRIN,9171,True,3,0,0,0,0,0,0,0,0
50200,Kosta Barbarouses,2017,POWM,9171,True,2,2,0,180,0,0,0,0,0
50200,Kosta Barbarouses,2017,FS,9171,True,2,1,0,71,0,0,0,0,0
50200,Kosta Barbarouses,2017,FFAC,7006,False,2,2,0,180,1,1,5,3,0
50200,Kosta Barbarouses,2017,AUSF,7006,False,3,3,0,300,2,2,0,0,0
50200,Kosta Barbarouses,2017,AUS1,7006,False,27,22,0,1897,8,2,0,0,1
50200,Kosta Barbarouses,2017,AFCL,7006,False,6,5,0,427,2,1,8,4,1
50200,Kosta Barbarouses,2016,FS,9171,True,4,4,0,127,0,0,0,0,0
50200,Kosta Barbarouses,2016,FFAC,7006,False,1,0,0,0,0,0,0,0,0
50200,Kosta Barbarouses,2016,CONC,9171,True,3,3,0,102,0,0,0,0,0
50200,Kosta Barbarouses,2016,AUS1,8445,False,27,25,0,2207,6,6,0,0,1
50200,Kosta Barbarouses,2015,WMQ5,9171,True,11,8,0,476,2,2,0,0,0
50200,Kosta Barbarouses,2015,FS,9171,True,2,1,0,72,0,0,0,0,0
50200,Kosta Barbarouses,2015,AUSF,7006,False,1,1,0,90,0,1,0,0,1
50200,Kosta Barbarouses,2015,AUS1,7006,False,27,23,0,1965,6,2,0,0,5
50200,Kosta Barbarouses,2015,AFCL,7006,False,8,8,0,720,1,2,0,0,1
50200,Kosta Barbarouses,2014,FS,9171,True,4,3,0,204,0,0,0,0,0
50200,Kosta Barbarouses,2014,FFAC,7006,False,3,1,0,90,0,0,0,0,0
50200,Kosta Barbarouses,2014,AUSF,7006,False,2,2,0,180,2,0,0,0,0
50200,Kosta Barbarouses,2014,AUS1,7006,False,27,23,0,1768,4,4,0,0,4
50200,Kosta Barbarouses,2013,RU2,2703,False,5,0,0,0,0,0,0,0,0
50200,Kosta Barbarouses,2013,POWM,9171,True,2,2,0,180,0,1,0,0,1
50200,Kosta Barbarouses,2013,FS,9171,True,5,4,0,339,0,1,0,0,0
50200,Kosta Barbarouses,2013,FFAC,7006,False,1,0,0,0,0,0,0,0,0
50200,Kosta Barbarouses,2013,AUSF,7006,False,2,2,0,180,0,0,0,0,0
50200,Kosta Barbarouses,2013,AUS1,7006,False,27,22,0,1655,4,5,0,0,2
50200,Kosta Barbarouses,2013,AFCL,7006,False,6,5,0,407,2,0,0,0,2
50200,Kosta Barbarouses,2013,ACLQ,7006,False,1,1,0,65,0,0,0,0,0
50200,Kosta Barbarouses,2012,GRP,265,False,4,4,0,245,0,0,0,0,0
50200,Kosta Barbarouses,2012,GR1,265,False,30,10,0,429,0,0,0,0,0
50200,Kosta Barbarouses,2012,FS,9171,True,1,1,0,90,0,0,0,0,0
50200,Kosta Barbarouses,2012,EL,265,False,6,0,0,0,0,0,0,0,0
50200,Kosta Barbarouses,2012,CLQ,265,False,4,0,2,0,0,0,0,0,0
50200,Kosta Barbarouses,2011,WMQ5,9171,True,11,11,0,691,1,3,0,0,0
50200,Kosta Barbarouses,2011,OLYM,53827,True,3,3,0,225,0,0,0,0,1
50200,Kosta Barbarouses,2011,FS,9171,True,3,3,0,244,1,1,0,0,0
50200,Kosta Barbarouses,2011,ELQ,2703,False,4,1,0,37,0,0,0,0,0
50200,Kosta Barbarouses,2010,RU2,2703,False,33,13,0,544,2,0,0,0,1
50200,Kosta Barbarouses,2010,FS,9171,True,5,3,0,225,0,0,0,0,0
50200,Kosta Barbarouses,2010,AUSF,7831,False,3,3,0,251,1,0,0,0,0
50200,Kosta Barbarouses,2010,AUS1,7831,False,30,30,0,2402,11,0,0,0,2
50200,Kosta Barbarouses,2009,POWM,9171,True,2,0,0,0,0,0,0,0,0
50200,Kosta Barbarouses,2009,FS,9171,True,5,0,0,0,0,0,0,0,0
50200,Kosta Barbarouses,2009,FIWC,9171,True,3,0,0,0,0,0,0,0,0
50200,Kosta Barbarouses,2009,AUSF,8445,False,3,0,0,0,0,0,0,0,0
50200,Kosta Barbarouses,2009,AUS1,8445,False,27,13,0,475,1,2,0,0,0
50200,Kosta Barbarouses,2008,WMQ5,9171,True,1,1,0,69,0,0,0,0,0
50200,Kosta Barbarouses,2008,FS,9171,True,4,0,0,0,0,0,0,0,0
50200,Kosta Barbarouses,2008,CONC,9171,True,3,0,0,0,0,0,0,0,0
50200,Kosta Barbarouses,2008,AUS1,8445,False,21,5,0,202,1,0,0,0,0
50200,Kosta Barbarouses,2007,AUS1,8445,False,3,0,0,0,0,0,0,0,0
50200,Kosta Barbarouses,2006,NZL1,18385,False,21,14,0,1217,3,0,0,0,1
50200,Kosta Barbarouses,2006,17WC,25510,True,3,3,0,197,0,0,0,0,0
1226709,Jai Rose,2025,FS,22976,True,2,1,0,90,0,0,1,1,0
1226709,Jai Rose,2025,FS,100451,True,2,2,0,160,0,0,0,0,0
1226709,Jai Rose,2025,FFAC,36100,False,2,1,0,3,0,0,0,0,0
1226709,Jai Rose,2025,AUS1,36100,False,16,9,0,333,0,0,8,2,2
1226709,Jai Rose,2025,AF19,39276,True,4,3,0,214,0,0,0,0,0
1226709,Jai Rose,2025,A2SW,38638,False,15,8,0,597,2,0,0,0,2
1226709,Jai Rose,2024,A2SW,26206,False,30,30,0,2418,4,3,0,0,2
1226709,Jai Rose,2023,A2SW,26206,False,8,8,0,140,0,0,0,0,2
1226709,Jai Rose,2023,A2SW,19820,False,10,5,0,118,0,0,0,0,0
98074,Hiroshi Ibusuki,2025,INSC,14099,False,5,5,0,273,1,0,0,0,0
98074,Hiroshi Ibusuki,2025,FFAC,36100,False,2,0,0,0,0,0,0,0,0
98074,Hiroshi Ibusuki,2025,AUS1,36100,False,14,8,3,139,1,0,6,4,0
98074,Hiroshi Ibusuki,2024,FFAC,71084,False,1,0,0,0,0,0,0,0,0
98074,Hiroshi Ibusuki,2024,AUSF,71084,False,3,3,0,123,0,0,4,2,1
98074,Hiroshi Ibusuki,2024,AUS1,71084,False,26,24,2,1976,10,1,72,32,0
98074,Hiroshi Ibusuki,2023,FFAC,71084,False,1,1,0,30,0,0,2,1,0
98074,Hiroshi Ibusuki,2023,AUS1,875,False,27,25,1,1544,15,3,72,33,2
98074,Hiroshi Ibusuki,2022,FFAC,875,False,2,0,0,0,0,0,0,0,0
98074,Hiroshi Ibusuki,2022,AUSF,875,False,3,2,0,80,0,0,1,0,0
98074,Hiroshi Ibusuki,2022,AUS1,875,False,26,22,0,1499,7,0,51,21,1
98074,Hiroshi Ibusuki,2021,FFAC,875,False,3,3,0,267,2,0,13,4,0
98074,Hiroshi Ibusuki,2021,AUSF,875,False,3,3,0,164,0,0,2,0,0
98074,Hiroshi Ibusuki,2021,AUS1,875,False,19,18,0,1275,6,1,41,20,4
98074,Hiroshi Ibusuki,2020,JEMP,1062,False,3,3,0,192,1,1,0,0,0
98074,Hiroshi Ibusuki,2020,JAPC,1062,False,8,5,0,138,1,0,0,0,0
98074,Hiroshi Ibusuki,2020,JAP1,1062,False,38,14,0,169,0,0,13,1,2
98074,Hiroshi Ibusuki,2019,JAPC,8457,False,3,1,0,72,0,0,0,0,0
98074,Hiroshi Ibusuki,2019,JAP1,8457,False,34,20,0,629,2,1,25,10,1
98074,Hiroshi Ibusuki,2018,SURU,8457,False,1,1,0,54,0,0,0,0,0
98074,Hiroshi Ibusuki,2018,JEMP,8457,False,1,1,0,62,0,0,0,0,0
98074,Hiroshi Ibusuki,2018,JAPC,8457,False,6,2,0,149,1,0,0,0,0
98074,Hiroshi Ibusuki,2018,JAP1,8457,False,34,14,0,516,1,0,12,7,2
98074,Hiroshi Ibusuki,2018,J1PO,8457,False,1,0,0,0,0,0,0,0,0
98074,Hiroshi Ibusuki,2017,JEMP,672,False,2,2,0,82,2,0,0,0,0
98074,Hiroshi Ibusuki,2017,JAP2,672,False,42,33,0,1876,9,7,0,0,1
98074,Hiroshi Ibusuki,2016,JEMP,672,False,2,2,0,42,0,0,0,0,0
98074,Hiroshi Ibusuki,2016,JAP2,672,False,40,28,0,1104,3,4,0,0,0
98074,Hiroshi Ibusuki,2016,JAP1,8344,False,2,0,0,0,0,0,0,0,0
98074,Hiroshi Ibusuki,2016,J1PO,672,False,1,1,0,23,0,0,0,0,0
98074,Hiroshi Ibusuki,2015,JL12,8344,False,17,11,0,564,0,0,1,0,2
98074,Hiroshi Ibusuki,2015,JL11,8344,False,17,10,0,724,1,2,3,0,3
98074,Hiroshi Ibusuki,2015,JEMP,8344,False,3,0,0,0,0,0,0,0,0
98074,Hiroshi Ibusuki,2015,JAPC,8344,False,6,1,0,90,1,0,0,0,0
98074,Hiroshi Ibusuki,2014,JL12,8344,False,17,16,0,1438,7,1,5,2,1
98074,Hiroshi Ibusuki,2014,JL11,8344,False,17,15,0,622,1,1,0,0,1
98074,Hiroshi Ibusuki,2014,JEMP,8344,False,2,0,0,0,0,0,0,0,0
98074,Hiroshi Ibusuki,2014,JAPC,8344,False,10,9,0,678,4,1,0,0,1
98074,Hiroshi Ibusuki,2013,JEMP,8344,False,1,0,0,0,0,0,0,0,0
98074,Hiroshi Ibusuki,2013,JAP1,8344,False,20,15,0,1188,3,3,0,0,3
98074,Hiroshi Ibusuki,2013,ES3P,6182,False,2,2,0,175,0,0,0,0,0
98074,Hiroshi Ibusuki,2013,ES3C,6182,False,38,33,0,1883,6,0,0,0,4
98074,Hiroshi Ibusuki,2012,CCB,1245,False,1,0,0,0,0,0,0,0,0
98074,Hiroshi Ibusuki,2012,BE2,1245,False,34,26,0,1817,11,0,0,0,2
98074,Hiroshi Ibusuki,2011,FS,28642,True,1,1,0,23,0,0,0,0,0
98074,Hiroshi Ibusuki,2011,ES3D,8519,False,38,32,0,2576,20,0,0,0,5
98074,Hiroshi Ibusuki,2011,ES1,368,False,28,1,0,7,0,0,0,0,0
98074,Hiroshi Ibusuki,2011,CDR,368,False,4,0,0,0,0,0,0,0,0
98074,Hiroshi Ibusuki,2010,FS,28642,True,1,1,0,72,0,0,0,0,0
98074,Hiroshi Ibusuki,2010,ES3C,11422,False,38,33,0,2289,10,0,0,0,7
98074,Hiroshi Ibusuki,2010,ES2P,11422,False,4,2,0,180,0,0,0,0,0
98074,Hiroshi Ibusuki,2008,ES2,12321,False,25,6,0,223,0,0,0,0,0
1179908,Awan Lual,2025,FFAC,36100,False,2,2,0,23,0,0,0,0,0
1179908,Awan Lual,2025,AUS1,36100,False,19,12,0,93,1,0,7,2,0
1179908,Awan Lual,2025,A2SW,38638,False,26,22,0,1909,19,4,0,0,2
1179908,Awan Lual,2024,A2SW,38638,False,30,24,0,1569,6,1,0,0,2
1179908,Awan Lual,2023,FFAC,36100,False,2,2,0,15,0,0,1,0,0
1179908,Awan Lual,2023,A2SW,38638,False,30,20,0,1141,3,2,0,0,1
1179908,Awan Lual,2022,A2SW,38638,False,1,1,0,45,0,0,0,0,0
1361979,Atiya Waraga,2025,FFAC,36100,False,2,2,0,71,0,1,0,0,0
1361979,Atiya Waraga,2025,AUS1,36100,False,9,3,0,111,0,0,0,0,0
1361979,Atiya Waraga,2025,A2SW,38638,False,21,7,0,445,2,0,0,0,0
1361979,Atiya Waraga,2022,FFAC,8932,False,1,1,0,54,0,0,0,0,0
1373100,Alaat Abdul-Rahman,2025,FS,100451,True,2,2,0,141,0,0,0,0,1
1373100,Alaat Abdul-Rahman,2025,FFAC,36100,False,2,0,0,0,0,0,0,0,0
1373100,Alaat Abdul-Rahman,2025,AUS1,36100,False,26,2,1,6,0,0,0,0,0
1373100,Alaat Abdul-Rahman,2025,A2SW,38638,False,26,23,0,1646,5,1,0,0,1
1373100,Alaat Abdul-Rahman,2024,FFAC,36100,False,2,0,0,0,0,0,0,0,0
1373100,Alaat Abdul-Rahman,2024,AUS1,36100,False,1,1,0,1,0,0,0,0,1
1373100,Alaat Abdul-Rahman,2024,A2SW,38638,False,30,26,0,2042,3,2,0,0,3
1413326,Georgio Hassarati,2025,FS,32269,True,5,2,0,77,0,0,0,0,0
1413326,Georgio Hassarati,2025,FFAC,36100,False,2,0,0,0,0,0,0,0,0
1413326,Georgio Hassarati,2025,AF16,32269,True,5,4,0,242,11,0,0,0,0
1413326,Georgio Hassarati,2025,A2SW,38638,False,21,11,0,250,1,0,0,0,1
1413326,Georgio Hassarati,2025,A169,32269,True,4,2,0,180,4,0,0,0,0
1413326,Georgio Hassarati,2025,A168,32269,True,4,4,0,190,1,0,6,4,0
1413326,Georgio Hassarati,2024,FS,66880,True,3,3,0,177,1,0,0,0,0
1413350,Marcus Savic,2026,FS,32269,True,3,2,0,180,1,1,0,0,2
1413350,Marcus Savic,2025,FS,32269,True,8,3,0,180,0,0,0,0,1
1413350,Marcus Savic,2025,FFAC,36100,False,2,0,0,0,0,0,0,0,0
1413350,Marcus Savic,2025,AF16,32269,True,5,4,0,274,0,1,0,0,0
1413350,Marcus Savic,2025,A2SW,38638,False,25,4,0,115,0,0,0,0,0
1413350,Marcus Savic,2025,A169,32269,True,4,2,0,132,0,0,0,0,0
1413350,Marcus Savic,2025,A168,32269,True,4,4,0,119,0,0,1,0,0
1413350,Marcus Savic,2024,FS,66880,True,3,2,0,135,0,0,0,0,0
1387679,Joshua Cetinic,2025,FS,32269,True,2,2,0,165,0,0,0,0,0
1387679,Joshua Cetinic,2025,FFAC,36100,False,2,0,0,0,0,0,0,0,0
1387679,Joshua Cetinic,2025,A2SW,38638,False,23,16,0,1031,1,0,0,0,1
1387679,Joshua Cetinic,2024,A2SW,38638,False,1,0,0,0,0,0,0,0,0
1484876,Emile Katrib,2025,FS,32269,True,8,4,0,256,0,0,0,0,0
1484876,Emile Katrib,2025,FFAC,36100,False,2,0,0,0,0,0,0,0,0
1484876,Emile Katrib,2025,AF16,32269,True,5,5,0,301,1,5,0,0,0
1484876,Emile Katrib,2025,A2SW,38638,False,18,8,0,451,0,2,0,0,0
1484876,Emile Katrib,2025,A169,32269,True,4,1,0,90,0,0,0,0,0
1484876,Emile Katrib,2025,A168,32269,True,4,4,0,348,0,0,0,0,0
794777,Nicolas Milanovic,2026,SCP,370,False,3,0,0,0,0,0,0,0,0
794777,Nicolas Milanovic,2025,UCOL,370,False,6,3,0,60,0,0,3,0,1
794777,Nicolas Milanovic,2025,SFA,370,False,3,3,0,152,0,0,0,0,1
794777,Nicolas Milanovic,2025,SCPA,370,False,5,1,0,7,0,0,1,0,0
794777,Nicolas Milanovic,2025,SCP,370,False,2,1,0,60,0,1,0,0,0
794777,Nicolas Milanovic,2025,SC1,370,False,33,13,0,499,0,0,13,4,1
794777,Nicolas Milanovic,2025,FS,3433,True,2,2,0,20,0,0,0,0,0
794777,Nicolas Milanovic,2025,FFAC,36100,False,1,1,0,64,1,0,1,1,0
794777,Nicolas Milanovic,2025,ELQ,370,False,2,2,0,83,0,0,1,0,2
794777,Nicolas Milanovic,2024,AUSF,36100,False,1,1,0,89,0,0,4,2,0
794777,Nicolas Milanovic,2024,AUS1,36100,False,26,25,1,1972,12,6,83,33,6
794777,Nicolas Milanovic,2023,W23C,32270,True,3,3,0,167,0,0,0,0,0
794777,Nicolas Milanovic,2023,FFAC,36100,False,3,3,0,300,2,0,14,7,1
794777,Nicolas Milanovic,2023,AUS1,36100,False,27,25,2,1880,9,5,66,25,5
794777,Nicolas Milanovic,2023,23AF,32270,True,3,3,0,174,0,0,7,2,0
794777,Nicolas Milanovic,2022,FFAC,36100,False,3,2,0,52,0,0,2,1,0
794777,Nicolas Milanovic,2022,AUSF,36100,False,1,1,0,14,0,0,0,0,0
794777,Nicolas Milanovic,2022,AUS1,71084,False,15,15,0,441,4,0,14,9,3
794777,Nicolas Milanovic,2022,AUS1,36100,False,11,11,0,140,1,2,3,1,1
794777,Nicolas Milanovic,2022,A2SW,38638,False,9,5,0,309,4,1,15,6,0
794777,Nicolas Milanovic,2021,FFAC,71084,False,2,2,0,118,0,0,3,1,0
794777,Nicolas Milanovic,2021,AUSF,71084,False,4,1,0,6,0,0,1,1,1
794777,Nicolas Milanovic,2021,AUS1,71084,False,26,10,0,108,1,0,3,2,1
794777,Nicolas Milanovic,2020,FFAC,71084,False,1,1,0,90,0,0,2,2,0
794777,Nicolas Milanovic,2020,AUS1,71084,False,26,10,0,102,0,0,3,2,1
877280,Alby Kelly-Heald,2025,AUS1,8445,False,26,5,1,320,0,0,0,0,0
877280,Alby Kelly-Heald,2024,NZNL,30746,False,5,5,0,450,0,0,0,0,0
877280,Alby Kelly-Heald,2024,FFAC,8445,False,4,0,4,0,0,0,0,0,0
877280,Alby Kelly-Heald,2024,AUS1,8445,False,26,8,7,720,0,0,0,0,1
877280,Alby Kelly-Heald,2023,OO23,32207,True,3,0,0,0,0,0,0,0,0
877280,Alby Kelly-Heald,2023,OF19,27263,True,5,4,0,360,0,0,0,0,0
877280,Alby Kelly-Heald,2023,NZNL,30746,False,2,2,0,180,0,0,0,0,0
877280,Alby Kelly-Heald,2023,NCL1,30746,False,12,12,0,1080,0,0,0,0,0
877280,Alby Kelly-Heald,2023,FFAC,8445,False,1,1,0,90,0,0,0,0,0
877280,Alby Kelly-Heald,2023,AUSF,8445,False,2,0,0,0,0,0,0,0,0
877280,Alby Kelly-Heald,2023,AUS1,8445,False,25,0,0,0,0,0,0,0,0
877280,Alby Kelly-Heald,2022,NZNL,30746,False,9,9,0,810,0,0,0,0,1
877280,Alby Kelly-Heald,2022,NCL1,30746,False,18,11,0,990,0,0,0,0,0
877280,Alby Kelly-Heald,2022,FS,27263,True,3,1,0,90,0,0,0,0,0
877280,Alby Kelly-Heald,2022,20WC,27263,True,4,0,0,0,0,0,0,0,0
877280,Alby Kelly-Heald,2021,NZNL,30746,False,9,5,0,450,0,0,0,0,0
877280,Alby Kelly-Heald,2021,NCL1,30746,False,18,11,0,990,0,0,0,0,0
877280,Alby Kelly-Heald,2020,NZP1,30766,False,3,0,0,0,0,0,0,0,0
877280,Alby Kelly-Heald,2020,NZNL,30746,False,5,2,0,180,0,0,0,0,0
877280,Alby Kelly-Heald,2020,NCL1,30766,False,17,0,0,0,0,0,0,0,0
1079362,Eamonn McCarron,2025,NCL1,30746,False,11,11,0,990,0,0,0,0,0
1079362,Eamonn McCarron,2025,AUS1,8445,False,26,6,0,529,0,0,0,0,0
1079362,Eamonn McCarron,2024,NZP1,30746,False,1,0,0,0,0,0,0,0,0
1079362,Eamonn McCarron,2024,NZNL,30746,False,10,4,0,360,0,0,0,0,0
1079362,Eamonn McCarron,2024,NCL1,30746,False,18,10,0,900,0,0,0,0,1
1079362,Eamonn McCarron,2024,FFAC,8445,False,4,1,0,90,0,0,0,0,0
1079362,Eamonn McCarron,2024,AUS1,8445,False,1,0,0,0,0,0,0,0,0
1079362,Eamonn McCarron,2023,OF19,27263,True,5,0,0,0,0,0,0,0,0
1079362,Eamonn McCarron,2023,NCL1,30746,False,3,3,0,270,0,0,0,0,0
1079362,Eamonn McCarron,2022,OC24,25510,True,5,1,0,45,0,1,0,0,0
1079362,Eamonn McCarron,2022,17WC,25510,True,3,0,0,0,0,0,0,0,0
1079362,Eamonn McCarron,2021,NZNL,30746,False,1,0,0,0,0,0,0,0,0
877945,Henry Gray,2025,NLC,6340,False,1,1,0,90,0,0,0,0,0
877945,Henry Gray,2025,GBFL,12020,False,1,1,0,90,0,0,0,0,0
877945,Henry Gray,2025,GB4,12020,False,21,18,0,1524,0,0,0,0,2
877945,Henry Gray,2025,GB21,26117,False,10,3,0,270,0,0,0,0,2
877945,Henry Gray,2025,FS,9171,True,2,0,0,0,0,0,0,0,0
877945,Henry Gray,2025,21PL,26117,False,5,0,0,0,0,0,0,0,0
877945,Henry Gray,2024,NLC,6340,False,3,2,0,180,0,0,0,0,0
877945,Henry Gray,2024,CNAT,6340,False,21,20,0,1800,0,0,0,0,3
877945,Henry Gray,2024,21PL,26117,False,5,5,0,450,0,0,1,1,0
877945,Henry Gray,2024,20WC,27263,True,3,3,0,270,0,0,0,0,1
877945,Henry Gray,2023,OF19,27263,True,5,0,0,0,0,0,0,0,0
877945,Henry Gray,2023,NLS6,3698,False,23,22,0,1980,0,0,0,0,2
877945,Henry Gray,2023,FS,9171,True,1,0,0,0,0,0,0,0,0
877945,Henry Gray,2023,21PL,26117,False,3,0,0,0,0,0,0,0,0
877945,Henry Gray,2022,OF19,27263,True,6,4,0,360,0,0,0,0,0
877945,Henry Gray,2022,NZP1,28231,False,3,0,0,0,0,0,0,0,0
877945,Henry Gray,2022,NCL1,28231,False,11,4,0,351,0,0,0,0,0
877945,Henry Gray,2022,FS,27263,True,4,1,0,90,0,0,0,0,0
877945,Henry Gray,2022,20WC,27263,True,4,0,0,0,0,0,0,0,0
877945,Henry Gray,2021,NCL1,30746,False,4,1,0,90,0,0,0,0,0
877945,Henry Gray,2021,NCL1,28231,False,8,5,0,441,0,0,0,0,1
877945,Henry Gray,2021,AUSF,8445,False,1,0,0,0,0,0,0,0,0
877945,Henry Gray,2021,AUS1,8445,False,21,0,0,0,0,0,0,0,0
877945,Henry Gray,2020,NZP1,30766,False,2,0,0,0,0,0,0,0,0
877945,Henry Gray,2020,NZP1,28231,False,2,0,0,0,0,0,0,0,0
877945,Henry Gray,2020,NZNL,30746,False,5,3,0,270,0,0,0,0,0
877945,Henry Gray,2020,NCL1,30766,False,8,8,0,720,0,0,0,0,0
877945,Henry Gray,2020,NCL1,28231,False,10,3,0,270,0,0,0,0,0
877945,Henry Gray,2020,FFAC,8445,False,2,0,0,0,0,0,0,0,0
953953,Isaac Hughes,2025,AUS1,8445,False,26,23,3,2006,2,1,13,4,4
953953,Isaac Hughes,2024,FFAC,8445,False,4,3,1,300,0,0,0,0,0
953953,Isaac Hughes,2024,AUS1,8445,False,26,24,1,2124,2,1,8,4,1
953953,Isaac Hughes,2023,OO23,32207,True,4,1,0,90,0,0,0,0,0
953953,Isaac Hughes,2023,OLYM,53827,True,1,0,0,0,0,0,0,0,0
953953,Isaac Hughes,2023,NCL1,30746,False,1,1,0,21,0,0,0,0,0
953953,Isaac Hughes,2023,FFAC,8445,False,1,1,0,90,0,0,0,0,0
953953,Isaac Hughes,2023,AUSF,8445,False,2,1,0,9,0,0,0,0,0
953953,Isaac Hughes,2023,AUS1,8445,False,27,10,4,398,0,0,0,0,1
953953,Isaac Hughes,2022,OF19,27263,True,6,5,0,261,1,0,0,0,0
953953,Isaac Hughes,2022,NZNL,30746,False,4,4,0,360,0,0,0,0,2
953953,Isaac Hughes,2022,NCL1,30746,False,18,13,0,1102,0,0,0,0,3
953953,Isaac Hughes,2022,FS,32207,True,2,1,0,90,0,0,0,0,0
953953,Isaac Hughes,2022,FS,27263,True,4,1,0,90,0,0,0,0,0
953953,Isaac Hughes,2022,FFAC,8445,False,2,1,0,1,0,0,0,0,0
953953,Isaac Hughes,2022,AUSF,8445,False,1,0,0,0,0,0,0,0,0
953953,Isaac Hughes,2022,AUS1,8445,False,12,0,0,0,0,0,0,0,0
953953,Isaac Hughes,2022,20WC,27263,True,4,3,0,270,0,0,0,0,1
953953,Isaac Hughes,2021,NZNL,30746,False,9,8,0,704,0,1,0,0,2
953953,Isaac Hughes,2021,NCL1,30746,False,18,16,0,1430,0,0,0,0,3
953953,Isaac Hughes,2020,NZNL,30746,False,5,4,0,332,0,0,0,0,2
877290,Lukas Kelly-Heald,2025,FS,9171,True,4,2,0,11,0,0,0,0,0
877290,Lukas Kelly-Heald,2025,AUS1,8445,False,26,22,0,1279,0,0,11,2,2
877290,Lukas Kelly-Heald,2024,WMQ5,9171,True,5,0,2,0,0,0,0,0,0
877290,Lukas Kelly-Heald,2024,NCL1,30746,False,1,1,0,90,0,0,0,0,0
877290,Lukas Kelly-Heald,2024,FS,9171,True,5,0,1,0,0,0,0,0,0
877290,Lukas Kelly-Heald,2024,FFAC,8445,False,4,4,0,325,1,0,2,1,0
877290,Lukas Kelly-Heald,2024,AUS1,8445,False,26,16,6,941,0,0,1,0,1
877290,Lukas Kelly-Heald,2024,20WC,27263,True,3,3,0,270,0,0,0,0,0
877290,Lukas Kelly-Heald,2023,OO23,32207,True,4,2,0,154,0,1,0,0,0
877290,Lukas Kelly-Heald,2023,OLYM,53827,True,3,3,0,110,0,0,0,0,1
877290,Lukas Kelly-Heald,2023,OFCN,9171,True,4,3,0,32,0,0,0,0,0
877290,Lukas Kelly-Heald,2023,OF19,27263,True,5,0,0,0,0,0,0,0,0
877290,Lukas Kelly-Heald,2023,FS,9171,True,2,0,0,0,0,0,0,0,0
877290,Lukas Kelly-Heald,2023,FFAC,8445,False,1,1,0,90,0,0,0,0,0
877290,Lukas Kelly-Heald,2023,AUSF,8445,False,2,1,0,9,0,0,0,0,0
877290,Lukas Kelly-Heald,2023,AUS1,8445,False,27,22,0,1451,0,3,2,1,1
877290,Lukas Kelly-Heald,2022,OF19,27263,True,6,4,0,360,0,2,0,0,0
877290,Lukas Kelly-Heald,2022,NCL1,30746,False,12,7,0,577,0,0,0,0,0
877290,Lukas Kelly-Heald,2022,FS,32207,True,2,1,0,45,0,0,0,0,0
877290,Lukas Kelly-Heald,2022,FS,27263,True,4,1,0,90,0,0,0,0,0
877290,Lukas Kelly-Heald,2022,FFAC,8445,False,2,2,0,148,0,0,1,1,0
877290,Lukas Kelly-Heald,2022,20WC,27263,True,4,3,0,270,0,0,2,0,1
877290,Lukas Kelly-Heald,2021,NZNL,30746,False,9,8,0,632,0,1,0,0,0
877290,Lukas Kelly-Heald,2021,NCL1,30746,False,18,18,0,1017,0,0,0,0,0
877290,Lukas Kelly-Heald,2020,NZP1,30766,False,3,0,0,0,0,0,0,0,0
877290,Lukas Kelly-Heald,2020,NZNL,30746,False,5,3,0,208,0,0,0,0,1
877290,Lukas Kelly-Heald,2020,NCL1,30766,False,18,1,0,90,0,0,0,0,0
877294,Matthew Sheridan,2025,AUS1,8445,False,26,26,0,1833,0,0,7,3,1
877294,Matthew Sheridan,2024,FFAC,8445,False,4,4,0,390,0,0,0,0,0
877294,Matthew Sheridan,2024,AUS1,8445,False,26,25,1,1876,0,0,6,2,2
877294,Matthew Sheridan,2023,OO23,32207,True,3,2,0,53,0,0,0,0,0
877294,Matthew Sheridan,2023,OLYM,53827,True,3,2,0,26,0,0,0,0,0
877294,Matthew Sheridan,2023,NCL1,30746,False,1,1,0,30,0,0,0,0,0
877294,Matthew Sheridan,2023,FFAC,8445,False,1,1,0,77,0,0,0,0,0
877294,Matthew Sheridan,2023,AUSF,8445,False,2,0,0,0,0,0,0,0,0
877294,Matthew Sheridan,2023,AUS1,8445,False,23,4,0,123,0,0,1,0,0
877294,Matthew Sheridan,2022,NZNL,30746,False,9,4,0,274,0,0,0,0,0
877294,Matthew Sheridan,2022,NCL1,30746,False,18,14,0,1221,2,0,0,0,1
877294,Matthew Sheridan,2021,NZNL,30746,False,9,9,0,782,1,1,0,0,0
877294,Matthew Sheridan,2021,NCL1,30746,False,18,17,0,1366,0,0,0,0,0
877294,Matthew Sheridan,2020,NCL1,30766,False,1,1,0,9,0,0,0,0,0
345343,James McGarry,2025,FS,9171,True,8,6,0,113,0,0,3,1,0
345343,James McGarry,2025,AUS1,7831,False,26,24,1,2064,1,3,31,10,5
345343,James McGarry,2024,WMQ5,9171,True,5,0,2,0,0,0,0,0,0
345343,James McGarry,2024,SFA,370,False,1,0,0,0,0,0,0,0,0
345343,James McGarry,2024,SCP,370,False,7,4,0,77,1,1,1,1,1
345343,James McGarry,2024,SC1,370,False,24,7,0,378,0,0,3,0,1
345343,James McGarry,2024,S1PO,3062,False,10,5,3,313,0,0,7,2,0
345343,James McGarry,2024,GR1,3062,False,6,3,3,160,0,0,0,0,1
345343,James McGarry,2024,FS,9171,True,5,0,0,0,0,0,0,0,0
345343,James McGarry,2023,UCOL,370,False,6,1,0,79,0,0,0,0,0
345343,James McGarry,2023,SFA,370,False,4,0,0,0,0,0,0,0,0
345343,James McGarry,2023,SCPA,370,False,5,2,0,103,0,0,1,0,0
345343,James McGarry,2023,SCP,370,False,4,1,0,24,0,0,1,0,0
345343,James McGarry,2023,SC1,370,False,32,11,0,475,0,0,11,6,1
345343,James McGarry,2023,OFCN,9171,True,4,0,0,0,0,0,0,0,0
345343,James McGarry,2023,FS,9171,True,6,0,0,0,0,0,0,0,0
345343,James McGarry,2023,ELQ,370,False,2,2,0,93,0,0,2,1,0
345343,James McGarry,2022,FS,9171,True,6,0,0,0,0,0,0,0,0
345343,James McGarry,2022,AUSF,6954,False,3,3,0,180,1,0,3,1,0
345343,James McGarry,2022,AUS1,6954,False,11,11,0,747,2,1,17,6,3
345343,James McGarry,2022,AUS1,5551,False,15,10,0,506,1,0,12,2,1
345343,James McGarry,2021,WMQ5,9171,True,5,0,0,0,0,0,0,0,0
345343,James McGarry,2021,POWM,9171,True,1,0,0,0,0,0,0,0,0
345343,James McGarry,2021,FS,9171,True,6,0,0,0,0,0,0,0,0
345343,James McGarry,2021,FFAC,5551,False,1,1,0,21,0,0,1,0,0
345343,James McGarry,2021,AUSF,8445,False,1,1,0,21,0,0,1,1,0
345343,James McGarry,2021,AUS1,8445,False,26,15,0,856,0,1,19,5,1
345343,James McGarry,2020,FFAC,8445,False,4,1,0,36,0,0,1,0,0
345343,James McGarry,2020,AUS1,8445,False,26,22,0,1427,0,3,12,2,4
345343,James McGarry,2020,A2VI,651,False,1,1,0,90,0,0,0,0,0
345343,James McGarry,2019,NLP,403,False,3,0,0,0,0,0,0,0,0
345343,James McGarry,2019,NLBV,9005,False,10,10,0,872,2,0,0,0,0
345343,James McGarry,2019,NLBE,9005,False,7,4,0,355,0,0,0,0,0
345343,James McGarry,2019,NL1,403,False,26,1,0,6,0,0,0,0,0
345343,James McGarry,2019,FS,9171,True,2,1,0,63,0,0,0,0,0
345343,James McGarry,2018,NLP,403,False,6,0,0,0,0,0,0,0,0
345343,James McGarry,2018,NLBV,9005,False,8,6,0,469,0,0,0,0,0
345343,James McGarry,2018,NLBE,9005,False,7,6,0,497,0,0,0,0,0
345343,James McGarry,2018,NL1,403,False,34,5,0,172,0,0,3,1,0
345343,James McGarry,2017,NZL1,30746,False,13,13,0,1153,4,1,0,0,1
345343,James McGarry,2017,AUS1,8445,False,27,0,0,0,0,0,0,0,0
345343,James McGarry,2016,NZL1,30746,False,14,14,0,1127,2,2,0,0,2
345343,James McGarry,2016,AUS1,8445,False,27,1,0,1,0,0,0,0,1
345343,James McGarry,2016,20WC,27263,True,4,4,0,256,0,0,0,0,1
345343,James McGarry,2015,NZL1,30746,False,12,12,0,931,5,1,0,0,1
345343,James McGarry,2015,AUS1,8445,False,27,1,0,14,0,0,0,0,0
345343,James McGarry,2014,OC24,25510,True,7,5,0,343,3,1,0,0,0
345343,James McGarry,2014,NZL1,30746,False,16,13,0,980,0,0,0,0,0
345343,James McGarry,2014,17WC,25510,True,4,4,0,359,1,0,0,0,1
881221,Tze-Xuan Loke,2025,NCL1,30746,False,8,8,0,626,0,0,0,0,0
881221,Tze-Xuan Loke,2025,AUS1,8445,False,26,6,0,325,0,0,5,1,0
881221,Tze-Xuan Loke,2024,NZNL,30746,False,1,1,0,80,0,0,0,0,0
881221,Tze-Xuan Loke,2024,NCL1,30746,False,8,8,0,720,1,0,0,0,1
881221,Tze-Xuan Loke,2024,FFAC,8445,False,4,3,0,300,0,0,1,0,2
881221,Tze-Xuan Loke,2024,AUS1,8445,False,26,0,0,0,0,0,0,0,0
881221,Tze-Xuan Loke,2024,20WC,27263,True,3,3,0,270,1,0,1,1,1
881221,Tze-Xuan Loke,2023,OF19,27263,True,5,3,0,219,0,0,0,0,0
881221,Tze-Xuan Loke,2023,NZP1,30746,False,1,0,0,0,0,0,0,0,0
881221,Tze-Xuan Loke,2023,NZNL,30746,False,9,5,0,308,0,1,0,0,0
881221,Tze-Xuan Loke,2023,NCL1,30746,False,18,16,0,1332,4,0,0,0,4
881221,Tze-Xuan Loke,2023,FFAC,8445,False,1,1,0,13,0,0,0,0,0
881221,Tze-Xuan Loke,2022,NZNL,30746,False,9,8,0,593,0,0,0,0,1
881221,Tze-Xuan Loke,2022,NCL1,30746,False,18,4,0,360,0,0,0,0,0
881221,Tze-Xuan Loke,2021,NZP1,30766,False,1,0,0,0,0,0,0,0,0
881221,Tze-Xuan Loke,2020,NZP1,3474,False,5,0,0,0,0,0,0,0,0
881221,Tze-Xuan Loke,2020,NZNL,3474,False,5,1,0,90,0,0,0,0,0
881221,Tze-Xuan Loke,2020,NCL1,3474,False,17,2,0,74,0,0,0,0,0
172333,Bill Tuiloma,2025,FS,9171,True,8,4,0,118,0,0,1,0,0
172333,Bill Tuiloma,2025,AUS1,8445,False,14,14,0,1073,1,0,15,4,0
172333,Bill Tuiloma,2024,WMQ5,9171,True,5,0,0,0,0,0,0,0,0
172333,Bill Tuiloma,2024,USMX,78435,False,3,3,0,171,1,0,2,1,0
172333,Bill Tuiloma,2024,POUS,78435,False,3,0,0,0,0,0,0,0,0
172333,Bill Tuiloma,2024,MLSP,78435,False,2,2,0,205,1,0,1,1,1
172333,Bill Tuiloma,2024,MLS1,78435,False,34,8,0,431,1,0,4,1,0
172333,Bill Tuiloma,2024,FS,9171,True,5,3,0,111,0,0,1,0,0
172333,Bill Tuiloma,2023,USMX,78435,False,2,1,0,1,0,0,0,0,0
172333,Bill Tuiloma,2023,POUS,78435,False,3,0,0,0,0,0,0,0,0
172333,Bill Tuiloma,2023,OFCN,9171,True,4,0,0,0,0,0,0,0,0
172333,Bill Tuiloma,2023,MNP3,101282,False,15,7,0,531,2,1,0,0,3
172333,Bill Tuiloma,2023,MLS1,78435,False,34,4,0,198,0,0,2,1,0
172333,Bill Tuiloma,2023,FS,9171,True,6,2,0,101,0,0,2,0,0
172333,Bill Tuiloma,2022,USMX,78435,False,5,0,0,0,0,0,0,0,0
172333,Bill Tuiloma,2022,POUS,78435,False,1,0,0,0,0,0,0,0,0
172333,Bill Tuiloma,2022,MLSP,78435,False,3,2,1,57,0,0,0,0,0
172333,Bill Tuiloma,2022,MLS1,78435,False,34,17,4,1352,0,0,6,2,2
172333,Bill Tuiloma,2022,FS,9171,True,6,4,2,228,0,0,3,0,0
172333,Bill Tuiloma,2021,WMQ5,9171,True,5,3,0,199,3,0,0,0,0
172333,Bill Tuiloma,2021,POWM,9171,True,1,1,0,90,0,0,3,0,0
172333,Bill Tuiloma,2021,MLSP,4291,False,1,1,0,90,0,0,2,0,0
172333,Bill Tuiloma,2021,MLS1,4291,False,34,30,0,2253,6,2,47,12,5
172333,Bill Tuiloma,2021,FS,9171,True,6,4,0,291,1,0,0,0,1
172333,Bill Tuiloma,2020,POUS,4291,False,4,0,0,0,0,0,0,0,0
172333,Bill Tuiloma,2020,MLS1,4291,False,34,27,0,1802,1,1,22,6,4
172333,Bill Tuiloma,2020,CCL,4291,False,4,2,0,92,0,0,0,0,1
172333,Bill Tuiloma,2019,USSP,4291,False,7,5,0,194,0,1,3,1,0
172333,Bill Tuiloma,2019,POUS,4291,False,1,0,0,0,0,0,0,0,0
172333,Bill Tuiloma,2019,MLS1,4291,False,20,9,2,632,1,0,10,2,0
172333,Bill Tuiloma,2019,FS,9171,True,2,2,0,135,0,0,1,0,0
172333,Bill Tuiloma,2018,USL,46719,False,34,3,0,212,0,0,2,1,1
172333,Bill Tuiloma,2018,POUS,4291,False,1,1,0,90,0,0,2,1,0
172333,Bill Tuiloma,2018,MLSP,4291,False,4,0,0,0,0,0,0,0,0
172333,Bill Tuiloma,2018,MLS1,4291,False,32,25,0,1919,1,0,28,6,1
172333,Bill Tuiloma,2017,USLP,46719,False,1,0,0,0,0,0,0,0,0
172333,Bill Tuiloma,2017,USL,46719,False,26,6,0,540,1,0,7,2,2
172333,Bill Tuiloma,2017,TRIN,9171,True,3,0,0,0,0,0,0,0,0
172333,Bill Tuiloma,2017,POWM,9171,True,2,2,0,57,0,0,0,0,0
172333,Bill Tuiloma,2017,POUS,4291,False,6,4,0,281,0,0,1,1,0
172333,Bill Tuiloma,2017,MLSP,4291,False,3,3,0,260,0,0,3,2,0
172333,Bill Tuiloma,2017,MLS1,4291,False,29,13,0,713,1,0,11,4,0
172333,Bill Tuiloma,2017,FS,9171,True,2,1,0,8,0,0,0,0,0
172333,Bill Tuiloma,2016,USL,46719,False,12,11,0,986,3,0,0,0,3
172333,Bill Tuiloma,2016,POUS,4291,False,1,0,0,0,0,0,0,0,0
172333,Bill Tuiloma,2016,MLS1,4291,False,1,0,0,0,0,0,0,0,0
172333,Bill Tuiloma,2016,FS,9171,True,4,2,0,84,0,0,0,0,0
172333,Bill Tuiloma,2016,FRL,244,False,2,0,0,0,0,0,0,0,0
172333,Bill Tuiloma,2016,FRC,244,False,3,0,0,0,0,0,0,0,0
172333,Bill Tuiloma,2016,FR4D,8524,False,22,22,0,1972,1,0,0,0,8
172333,Bill Tuiloma,2016,FR1,244,False,38,0,0,0,0,0,0,0,0
172333,Bill Tuiloma,2016,CONC,9171,True,3,3,0,114,0,0,0,0,0
172333,Bill Tuiloma,2015,WMQ5,9171,True,11,7,0,470,0,1,0,0,2
172333,Bill Tuiloma,2015,FS,9171,True,2,1,0,56,0,0,0,0,0
172333,Bill Tuiloma,2015,FRC,667,False,3,2,0,206,0,0,0,0,0
172333,Bill Tuiloma,2015,FR5F,7968,False,13,7,0,630,1,0,0,0,1
172333,Bill Tuiloma,2015,FR4C,8524,False,2,2,0,180,0,0,0,0,1
172333,Bill Tuiloma,2015,FR3,667,False,30,9,0,171,0,0,0,0,0
172333,Bill Tuiloma,2015,FR1,244,False,4,0,0,0,0,0,0,0,0
172333,Bill Tuiloma,2015,23OF,32207,True,4,3,0,270,1,0,0,0,1
172333,Bill Tuiloma,2014,FS,9171,True,4,4,0,313,0,0,0,0,1
172333,Bill Tuiloma,2014,FS,27263,True,1,1,0,90,0,0,0,0,0
172333,Bill Tuiloma,2014,FRL,244,False,1,0,0,0,0,0,0,0,0
172333,Bill Tuiloma,2014,FRC,244,False,1,0,0,0,0,0,0,0,0
172333,Bill Tuiloma,2014,FR5G,8524,False,26,16,0,1414,1,0,0,0,3
172333,Bill Tuiloma,2014,FR1,244,False,34,2,0,17,0,0,0,0,0
172333,Bill Tuiloma,2014,20WC,27263,True,4,4,0,351,0,0,0,0,0
172333,Bill Tuiloma,2013,POWM,9171,True,2,1,0,50,0,0,0,0,0
172333,Bill Tuiloma,2013,FS,9171,True,3,3,0,173,0,0,0,0,0
172333,Bill Tuiloma,2013,FS,27263,True,3,0,0,0,0,0,0,0,0
172333,Bill Tuiloma,2013,FRL,244,False,2,0,0,0,0,0,0,0,0
172333,Bill Tuiloma,2013,FRC,244,False,2,0,0,0,0,0,0,0,0
172333,Bill Tuiloma,2013,FR5E,8524,False,26,6,0,395,1,0,0,0,1
172333,Bill Tuiloma,2013,FR1,244,False,21,0,0,0,0,0,0,0,0
172333,Bill Tuiloma,2013,19YL,41595,False,6,5,0,450,0,1,0,0,1
172333,Bill Tuiloma,2012,OF19,27263,True,4,4,0,225,0,1,0,0,0
172333,Bill Tuiloma,2012,FS,27263,True,1,1,0,45,0,0,0,0,0
172333,Bill Tuiloma,2012,20WC,27263,True,3,2,0,143,0,0,0,0,0
172333,Bill Tuiloma,2011,OCL,11396,False,3,0,0,0,0,0,0,0,0
172333,Bill Tuiloma,2011,NZPO,11396,False,1,1,0,15,0,0,0,0,0
172333,Bill Tuiloma,2011,NZL1,11396,False,6,1,0,7,0,0,0,0,0
172333,Bill Tuiloma,2010,OC24,25510,True,5,2,0,164,1,1,0,0,0
172333,Bill Tuiloma,2010,17WC,25510,True,4,4,0,347,0,0,0,0,0
1183555,Jayden Smith,2025,NCL1,30746,False,5,5,0,405,0,0,0,0,2
1183555,Jayden Smith,2025,AUS1,8445,False,26,1,2,90,0,0,0,0,0
1183555,Jayden Smith,2024,NZNL,30746,False,5,5,0,413,1,0,0,0,1
1183555,Jayden Smith,2024,NCL1,30746,False,4,4,0,326,0,0,0,0,0
1183555,Jayden Smith,2024,FFAC,8445,False,4,1,0,120,0,0,1,0,0
1183555,Jayden Smith,2024,AUS1,8445,False,26,1,0,3,0,0,0,0,0
1183555,Jayden Smith,2024,20WC,27263,True,3,3,0,88,0,0,0,0,0
1183555,Jayden Smith,2023,NZP1,30746,False,1,0,0,0,0,0,0,0,0
1183555,Jayden Smith,2023,NZNL,30746,False,4,2,0,175,1,0,0,0,0
1183555,Jayden Smith,2023,NCL1,30746,False,18,15,0,1047,0,0,0,0,1
1183555,Jayden Smith,2022,NZNL,30746,False,3,3,0,116,0,0,0,0,0
1183555,Jayden Smith,2022,NCL1,30746,False,3,3,0,270,0,0,0,0,1
857968,Fin Roa Conchie,2025,AUS1,8445,False,26,14,0,536,0,1,3,1,0
857968,Fin Roa Conchie,2024,FFAC,8445,False,4,4,0,246,0,0,1,0,0
857968,Fin Roa Conchie,2024,AUS1,8445,False,26,9,6,335,0,0,1,0,0
857968,Fin Roa Conchie,2023,OLYM,53827,True,3,1,0,5,0,0,0,0,0
857968,Fin Roa Conchie,2023,OFCN,9171,True,4,1,0,8,0,0,0,0,0
857968,Fin Roa Conchie,2023,NZNL,30746,False,2,2,0,180,0,0,0,0,0
857968,Fin Roa Conchie,2023,NCL1,30746,False,3,3,0,225,0,0,0,0,1
857968,Fin Roa Conchie,2023,FFAC,8445,False,1,1,0,67,0,0,0,0,0
857968,Fin Roa Conchie,2023,AUSF,8445,False,2,0,0,0,0,0,0,0,0
857968,Fin Roa Conchie,2023,AUS1,8445,False,27,11,2,265,0,0,1,0,0
857968,Fin Roa Conchie,2022,OF19,27263,True,6,6,0,385,1,1,0,0,0
857968,Fin Roa Conchie,2022,NZNL,30746,False,1,1,0,32,0,0,0,0,0
857968,Fin Roa Conchie,2022,NCL1,30746,False,14,11,2,928,0,0,0,0,3
857968,Fin Roa Conchie,2022,FS,32207,True,2,2,0,118,0,0,0,0,0
857968,Fin Roa Conchie,2022,FS,27263,True,4,2,0,180,0,0,0,0,0
857968,Fin Roa Conchie,2022,FFAC,8445,False,2,0,2,0,0,0,0,0,0
857968,Fin Roa Conchie,2022,20WC,27263,True,4,4,0,360,0,3,3,1,0
857968,Fin Roa Conchie,2021,NZNL,30746,False,9,7,0,461,0,1,0,0,0
857968,Fin Roa Conchie,2021,NCL1,30746,False,18,18,0,1538,0,0,0,0,5
857968,Fin Roa Conchie,2020,NZP1,30766,False,3,0,0,0,0,0,0,0,0
857968,Fin Roa Conchie,2020,NZNL,30746,False,5,5,0,322,0,1,0,0,1
857968,Fin Roa Conchie,2020,NZL1,30746,False,8,0,0,0,0,0,0,0,0
857968,Fin Roa Conchie,2020,NCL1,30766,False,18,11,0,465,0,0,0,0,4
1092674,Anaru Cassidy,2025,NCL1,30746,False,4,4,0,285,0,0,0,0,1
1092674,Anaru Cassidy,2025,AUS1,8445,False,25,2,0,64,0,0,1,1,0
1092674,Anaru Cassidy,2024,NZP1,30746,False,1,0,0,0,0,0,0,0,0
1092674,Anaru Cassidy,2024,NZNL,30746,False,7,3,0,205,0,0,0,0,1
1092674,Anaru Cassidy,2024,NCL1,30746,False,18,16,0,1418,4,1,0,0,2
1092674,Anaru Cassidy,2023,NZP1,30746,False,1,0,0,0,0,0,0,0,0
1092674,Anaru Cassidy,2023,NZNL,30746,False,9,5,0,307,0,0,0,0,1
1092674,Anaru Cassidy,2023,NCL1,30746,False,18,17,0,965,1,0,0,0,5
1092674,Anaru Cassidy,2022,OC24,25510,True,5,3,0,270,0,0,0,0,0
1092674,Anaru Cassidy,2022,NZNL,30746,False,9,4,0,229,0,0,0,0,0
1092674,Anaru Cassidy,2022,NCL1,30746,False,5,5,0,378,1,0,0,0,0
1092674,Anaru Cassidy,2022,17WC,25510,True,3,2,0,82,0,0,1,0,1
263685,Kazuki Nagasawa,2025,AUS1,8445,False,26,26,0,2205,3,4,24,7,2
263685,Kazuki Nagasawa,2024,FFAC,8445,False,4,4,0,301,0,0,3,1,1
263685,Kazuki Nagasawa,2024,AUS1,8445,False,26,24,0,1403,2,3,16,5,3
263685,Kazuki Nagasawa,2023,JEMP,6395,False,1,0,0,0,0,0,0,0,0
263685,Kazuki Nagasawa,2023,JAPC,6395,False,1,0,0,0,0,0,0,0,0
263685,Kazuki Nagasawa,2023,JAP2,6395,False,28,27,1,2012,1,3,9,2,4
263685,Kazuki Nagasawa,2022,JEMP,1066,False,3,2,0,94,0,0,0,0,0
263685,Kazuki Nagasawa,2022,JAPC,1066,False,6,4,0,321,0,0,0,0,0
263685,Kazuki Nagasawa,2022,JAP2,6395,False,14,13,0,887,0,0,2,0,2
263685,Kazuki Nagasawa,2022,JAP1,1066,False,21,10,1,185,0,0,0,0,1
263685,Kazuki Nagasawa,2021,JEMP,1066,False,3,0,3,0,0,0,0,0,0
263685,Kazuki Nagasawa,2021,JAPC,1066,False,10,4,6,223,0,0,0,0,1
263685,Kazuki Nagasawa,2021,JAP1,1066,False,34,4,25,86,0,0,3,1,0
263685,Kazuki Nagasawa,2020,JEMP,1066,False,4,3,0,169,1,1,0,0,0
263685,Kazuki Nagasawa,2020,JAPC,1066,False,5,5,0,230,0,0,0,0,0
263685,Kazuki Nagasawa,2020,JAP1,1066,False,38,32,1,1420,0,1,12,1,4
263685,Kazuki Nagasawa,2020,AFCL,1066,False,8,6,0,296,0,1,1,1,1
263685,Kazuki Nagasawa,2019,JAPC,828,False,2,1,0,76,0,0,0,0,0
263685,Kazuki Nagasawa,2019,JAP1,828,False,34,27,0,1716,1,1,16,6,2
263685,Kazuki Nagasawa,2018,JEMP,828,False,3,0,0,0,0,0,0,0,0
263685,Kazuki Nagasawa,2018,JASP,828,False,1,1,0,66,0,0,1,0,0
263685,Kazuki Nagasawa,2018,JAPC,828,False,2,1,0,90,0,0,0,0,0
263685,Kazuki Nagasawa,2018,JAP1,828,False,34,30,0,1962,3,2,19,5,1
263685,Kazuki Nagasawa,2018,AFCL,828,False,14,12,0,887,1,2,9,4,3
263685,Kazuki Nagasawa,2017,KLUB,828,False,2,1,0,90,0,0,0,0,0
263685,Kazuki Nagasawa,2017,JEMP,828,False,6,5,1,292,0,0,0,0,1
263685,Kazuki Nagasawa,2017,JAPC,828,False,8,7,1,395,0,2,0,0,1
263685,Kazuki Nagasawa,2017,JAP1,828,False,34,27,5,1876,2,3,26,11,2
263685,Kazuki Nagasawa,2017,FS,3435,True,2,1,0,62,0,0,0,0,0
263685,Kazuki Nagasawa,2016,SURU,828,False,1,1,0,1,0,0,0,0,0
263685,Kazuki Nagasawa,2016,JEMP,828,False,3,3,0,270,0,1,0,0,0
263685,Kazuki Nagasawa,2016,JASP,828,False,1,1,0,26,0,0,0,0,0
263685,Kazuki Nagasawa,2016,JAPC,828,False,2,1,0,90,0,0,0,0,0
263685,Kazuki Nagasawa,2016,JAP1,828,False,34,8,0,445,1,1,4,2,1
263685,Kazuki Nagasawa,2016,AFCL,828,False,14,5,0,362,0,0,0,0,1
263685,Kazuki Nagasawa,2015,RLW3,438,False,1,1,0,90,0,0,0,0,0
263685,Kazuki Nagasawa,2015,L1,3,False,17,1,0,45,0,0,0,0,0
263685,Kazuki Nagasawa,2015,JEMP,672,False,3,3,0,300,1,0,0,0,0
263685,Kazuki Nagasawa,2015,JAP2,672,False,42,41,1,3283,4,4,0,0,5
263685,Kazuki Nagasawa,2015,DFB,3,False,2,1,0,90,0,0,0,0,0
263685,Kazuki Nagasawa,2014,RLW3,438,False,2,2,0,157,0,0,0,0,0
263685,Kazuki Nagasawa,2014,L1,3,False,34,10,10,387,0,1,0,0,0
263685,Kazuki Nagasawa,2014,JEMP,828,False,1,0,0,0,0,0,0,0,0
263685,Kazuki Nagasawa,2014,DFB,3,False,3,2,1,68,0,0,0,0,0
263685,Kazuki Nagasawa,2013,L2,3,False,15,10,0,671,0,1,0,0,2
263685,Kazuki Nagasawa,2012,JEMP,3828,False,3,0,0,0,0,0,0,0,0
263685,Kazuki Nagasawa,2012,JAPC,3828,False,9,1,0,14,0,0,0,0,0
263685,Kazuki Nagasawa,2012,JAP1,3828,False,29,0,0,0,0,0,0,0,0
256019,Alex Rufer,2025,FS,9171,True,10,5,0,247,0,0,2,0,1
256019,Alex Rufer,2025,FIWC,9171,True,3,0,0,0,0,0,0,0,0
256019,Alex Rufer,2025,AUS1,8445,False,26,23,3,2044,2,1,25,4,8
256019,Alex Rufer,2024,WMQ5,9171,True,5,3,0,200,0,3,0,0,0
256019,Alex Rufer,2024,FS,9171,True,5,5,0,225,0,0,0,0,1
256019,Alex Rufer,2024,FFAC,8445,False,4,2,2,109,0,0,2,1,1
256019,Alex Rufer,2024,AUS1,8445,False,26,19,7,1544,0,1,17,0,6
256019,Alex Rufer,2023,OFCN,9171,True,4,4,0,360,0,0,0,0,1
256019,Alex Rufer,2023,FS,9171,True,6,1,0,90,0,0,1,0,0
256019,Alex Rufer,2023,FFAC,8445,False,1,0,0,0,0,0,0,0,0
256019,Alex Rufer,2023,AUSF,8445,False,2,2,0,210,0,0,3,1,1
256019,Alex Rufer,2023,AUS1,8445,False,27,24,3,2100,3,1,21,6,7
256019,Alex Rufer,2022,FS,9171,True,6,1,2,90,0,0,0,0,0
256019,Alex Rufer,2022,FFAC,8445,False,2,2,0,210,0,0,1,0,1
256019,Alex Rufer,2022,AUSF,8445,False,1,1,0,68,0,0,1,0,0
256019,Alex Rufer,2022,AUS1,8445,False,26,18,6,1111,2,0,10,3,4
256019,Alex Rufer,2021,WMQ5,9171,True,5,0,5,0,0,0,0,0,0
256019,Alex Rufer,2021,POWM,9171,True,1,0,1,0,0,0,0,0,0
256019,Alex Rufer,2021,NZNL,30746,False,1,1,0,32,0,0,0,0,0
256019,Alex Rufer,2021,FS,9171,True,6,0,2,0,0,0,0,0,0
256019,Alex Rufer,2021,FFAC,8445,False,3,0,3,0,0,0,0,0,0
256019,Alex Rufer,2021,AUSF,8445,False,1,0,1,0,0,0,0,0,0
256019,Alex Rufer,2021,AUS1,8445,False,26,14,12,1102,0,1,11,1,3
256019,Alex Rufer,2020,FFAC,8445,False,4,2,0,210,0,1,2,0,0
256019,Alex Rufer,2020,AUS1,8445,False,26,21,0,1365,0,3,12,1,4
256019,Alex Rufer,2019,NZL1,30746,False,1,1,0,62,0,0,0,0,1
256019,Alex Rufer,2019,FS,9171,True,2,1,0,45,0,0,0,0,0
256019,Alex Rufer,2019,AUSF,8445,False,1,1,0,4,0,0,1,0,0
256019,Alex Rufer,2019,AUS1,8445,False,26,19,0,1052,0,2,14,3,4
256019,Alex Rufer,2018,FFAC,8445,False,1,1,0,120,0,0,0,0,0
256019,Alex Rufer,2018,AUSF,8445,False,1,1,0,90,0,0,1,0,1
256019,Alex Rufer,2018,AUS1,8445,False,27,24,0,2032,0,1,22,4,10
256019,Alex Rufer,2017,TRIN,9171,True,3,1,0,45,0,1,0,0,0
256019,Alex Rufer,2017,POWM,9171,True,2,0,0,0,0,0,0,0,0
256019,Alex Rufer,2017,NZL1,30746,False,12,4,0,355,1,0,0,0,1
256019,Alex Rufer,2017,FS,9171,True,2,1,0,38,0,0,0,0,0
256019,Alex Rufer,2017,FFAC,8445,False,1,1,0,7,0,0,0,0,0
256019,Alex Rufer,2017,AUS1,8445,False,27,11,0,447,0,0,0,0,2
256019,Alex Rufer,2016,NZL1,30746,False,7,7,0,628,1,0,0,0,1
256019,Alex Rufer,2016,FS,9171,True,4,0,0,0,0,0,0,0,0
256019,Alex Rufer,2016,CONC,9171,True,3,0,0,0,0,0,0,0,0
256019,Alex Rufer,2016,AUS1,8445,False,27,3,0,50,0,0,0,0,1
256019,Alex Rufer,2015,WMQ5,9171,True,11,2,0,38,0,0,0,0,0
256019,Alex Rufer,2015,NZL1,30746,False,3,2,0,126,0,0,0,0,1
256019,Alex Rufer,2015,FS,9171,True,2,2,0,66,0,0,0,0,0
256019,Alex Rufer,2015,AUS1,8445,False,27,4,0,136,0,0,0,0,0
256019,Alex Rufer,2015,23OF,32207,True,4,4,0,265,1,0,0,0,0
256019,Alex Rufer,2014,NZL1,30746,False,15,13,0,1141,1,2,0,0,0
256019,Alex Rufer,2014,FS,27263,True,1,1,0,90,0,0,0,0,0
256019,Alex Rufer,2014,AUSF,8445,False,1,0,0,0,0,0,0,0,0
256019,Alex Rufer,2014,AUS1,8445,False,27,3,0,26,0,0,0,0,0
256019,Alex Rufer,2014,20WC,27263,True,4,3,0,216,0,0,0,0,0
256019,Alex Rufer,2013,FS,27263,True,3,2,0,137,0,0,0,0,0
256019,Alex Rufer,2013,AUS1,8445,False,27,1,0,5,0,0,0,0,0
256019,Alex Rufer,2012,OC24,25510,True,5,4,0,293,3,1,0,0,0
256019,Alex Rufer,2012,NZL1,16021,False,7,5,0,325,0,0,0,0,1
256019,Alex Rufer,2012,17WC,25510,True,3,3,0,265,0,0,0,0,2
888602,Corban Piper,2025,AUS1,8445,False,26,26,0,1590,4,4,36,18,2
888602,Corban Piper,2024,NZNL,30746,False,1,1,0,61,0,0,0,0,1
888602,Corban Piper,2024,FFAC,8445,False,4,0,4,0,0,0,0,0,0
888602,Corban Piper,2024,AUS1,8445,False,26,22,0,1419,3,0,17,7,3
888602,Corban Piper,2023,NZP1,18003,False,5,2,0,210,0,0,0,0,0
888602,Corban Piper,2023,NZNL,30746,False,6,3,0,270,0,0,0,0,0
888602,Corban Piper,2023,NNL1,18003,False,22,20,0,1546,7,0,0,0,3
888602,Corban Piper,2022,IRPO,26765,False,3,3,0,237,0,0,0,0,0
888602,Corban Piper,2022,IRLC,26765,False,1,1,0,36,0,0,0,0,1
888602,Corban Piper,2022,IR2,26765,False,35,30,0,2289,0,1,0,0,3
888602,Corban Piper,2022,IR12,26765,False,2,1,0,45,0,0,0,0,0
888602,Corban Piper,2021,NZP1,18003,False,3,0,1,0,0,0,0,0,0
888602,Corban Piper,2021,NZNL,18003,False,9,8,0,605,0,1,0,0,2
888602,Corban Piper,2021,NNL1,18003,False,22,15,5,979,3,0,0,0,5
888602,Corban Piper,2020,NZP1,18003,False,3,0,0,0,0,0,0,0,0
888602,Corban Piper,2020,NNL1,18003,False,22,8,0,338,0,0,0,0,0
552958,Rafael Durán,2025,MEXB,6709,False,5,0,0,0,0,0,0,0,0
552958,Rafael Durán,2025,AUS1,71085,False,26,19,0,1006,4,2,25,12,0
552958,Rafael Durán,2025,ACL2,71085,False,8,5,0,170,0,0,2,0,0
552958,Rafael Durán,2024,MXBC,6709,False,2,2,0,146,0,0,0,0,1
552958,Rafael Durán,2024,MEXA,5662,False,17,8,0,148,1,0,6,3,0
552958,Rafael Durán,2024,MEX2,6709,False,13,13,0,784,4,1,0,0,1
552958,Rafael Durán,2024,MEX1,5662,False,1,0,0,0,0,0,0,0,0
552958,Rafael Durán,2024,M23A,110450,False,1,1,0,45,1,0,0,0,0
552958,Rafael Durán,2023,USMX,5662,False,2,1,0,15,0,0,0,0,0
552958,Rafael Durán,2023,MXBF,6709,False,2,2,0,153,0,0,0,0,0
552958,Rafael Durán,2023,MXBC,6709,False,6,6,0,472,7,0,0,0,0
552958,Rafael Durán,2023,MXBA,6709,False,6,6,0,402,3,0,0,0,1
552958,Rafael Durán,2023,MEXB,6709,False,14,9,0,192,1,0,0,0,2
552958,Rafael Durán,2023,MEX2,6709,False,14,13,0,565,1,0,0,0,1
552958,Rafael Durán,2022,MEXB,28190,False,17,13,0,611,1,0,0,0,2
552958,Rafael Durán,2022,MEX2,28190,False,17,16,0,637,4,0,0,0,0
552958,Rafael Durán,2021,MEXB,44772,False,16,16,0,837,3,1,0,0,1
552958,Rafael Durán,2021,MEX2,28190,False,16,14,0,1069,5,1,0,0,0
552958,Rafael Durán,2020,MXBC,18662,False,1,1,0,90,1,0,0,0,0
552958,Rafael Durán,2020,MXBA,18662,False,1,1,0,31,0,0,0,0,0
552958,Rafael Durán,2020,MEXB,18662,False,15,10,0,614,3,1,0,0,0
552958,Rafael Durán,2020,MEX2,18662,False,15,15,0,958,1,0,0,0,0
552958,Rafael Durán,2019,MXBA,23505,False,2,2,0,33,0,0,0,0,0
552958,Rafael Durán,2019,MEXB,23505,False,13,8,0,316,1,0,0,0,0
552958,Rafael Durán,2019,MEX2,23505,False,8,0,0,0,0,0,0,0,0
552958,Rafael Durán,2019,CPMX,23505,False,4,3,0,83,0,0,0,0,0
552958,Rafael Durán,2018,POMX,7055,False,2,0,0,0,0,0,0,0,0
552958,Rafael Durán,2018,MXCC,13357,False,4,4,0,348,0,0,0,0,1
552958,Rafael Durán,2018,MXCA,7055,False,6,1,0,18,0,0,0,0,0
552958,Rafael Durán,2018,MEXA,7055,False,17,5,0,161,1,1,4,2,0
552958,Rafael Durán,2018,MEX1,13357,False,17,6,0,75,0,0,1,0,0
552958,Rafael Durán,2018,M20A,23019,False,5,5,0,404,2,0,0,0,0
552958,Rafael Durán,2018,FS,45997,True,4,3,0,102,2,0,0,0,0
552958,Rafael Durán,2017,POMX,7055,False,6,0,0,0,0,0,0,0,0
552958,Rafael Durán,2017,POME,7055,False,2,0,0,0,0,0,0,0,0
552958,Rafael Durán,2017,MXSC,7055,False,1,0,0,0,0,0,0,0,0
552958,Rafael Durán,2017,MXCA,7055,False,4,2,0,75,0,1,0,0,0
552958,Rafael Durán,2017,MEXA,7055,False,17,0,0,0,0,0,0,0,0
552958,Rafael Durán,2017,MEX1,7055,False,17,0,0,0,0,0,0,0,0
552958,Rafael Durán,2017,M2L2,23019,False,6,5,0,397,3,0,0,0,0
552958,Rafael Durán,2017,M20C,23019,False,17,17,0,1448,17,0,0,0,0
552958,Rafael Durán,2017,M20A,23019,False,17,17,0,1479,8,0,0,0,0
552958,Rafael Durán,2017,CCL,7055,False,4,0,0,0,0,0,0,0,0
552958,Rafael Durán,2017,CAMC,7055,False,1,0,0,0,0,0,0,0,0
552958,Rafael Durán,2017,CACG,45997,True,2,1,0,51,0,0,0,0,0
552958,Rafael Durán,2016,MXSC,7055,False,1,0,0,0,0,0,0,0,0
552958,Rafael Durán,2016,M2L2,23019,False,4,4,0,342,1,0,0,0,1
552958,Rafael Durán,2016,M2L1,23019,False,2,2,0,146,0,0,0,0,0
552958,Rafael Durán,2016,M20C,23019,False,17,16,0,1202,8,0,0,0,0
552958,Rafael Durán,2016,M20A,23019,False,17,11,0,198,4,0,0,0,0
552958,Rafael Durán,2015,M2L2,23019,False,2,2,0,180,0,0,0,0,0
552958,Rafael Durán,2015,M2L1,23019,False,2,1,0,12,0,0,0,0,0
552958,Rafael Durán,2015,M20C,23019,False,17,12,0,616,3,0,0,0,1
552958,Rafael Durán,2015,M20A,23019,False,17,14,0,299,3,0,0,0,0
1200303,Nathan Walker,2025,NCL1,30746,False,9,9,0,531,3,0,0,0,0
1200303,Nathan Walker,2025,AUS1,8445,False,26,0,21,0,0,0,0,0,0
1200303,Nathan Walker,2024,NZNL,30746,False,2,2,0,137,0,0,0,0,0
1200303,Nathan Walker,2024,NCL1,30746,False,1,1,0,45,0,0,0,0,0
1200303,Nathan Walker,2024,FFAC,8445,False,4,1,3,36,0,0,0,0,0
1200303,Nathan Walker,2024,AUS1,8445,False,26,23,0,759,1,0,10,5,0
1200303,Nathan Walker,2024,20WC,27263,True,3,3,0,103,1,0,2,2,1
1200303,Nathan Walker,2023,OF19,27263,True,5,4,0,189,1,0,0,0,1
1200303,Nathan Walker,2023,NZP1,30746,False,1,0,0,0,0,0,0,0,0
1200303,Nathan Walker,2023,NZNL,30746,False,5,2,0,158,1,0,0,0,0
1200303,Nathan Walker,2023,NCL1,30746,False,18,16,0,1060,4,0,0,0,1
1200303,Nathan Walker,2023,FFAC,8445,False,1,1,0,90,0,0,0,0,0
1200303,Nathan Walker,2022,17WC,25510,True,3,3,0,138,0,1,0,0,0
1110729,Alex Robinson,2025,FS,22976,True,1,0,0,0,0,0,0,0,0
1110729,Alex Robinson,2025,FFAC,71085,False,2,2,0,210,0,0,0,0,0
1110729,Alex Robinson,2025,AUS1,71085,False,26,8,1,707,0,0,0,0,0
1110729,Alex Robinson,2025,ACL2,71085,False,8,1,0,90,0,0,0,0,1
1110729,Alex Robinson,2025,A23Q,32270,True,3,0,0,0,0,0,0,0,0
1110729,Alex Robinson,2024,FS,77740,True,1,0,0,0,0,0,0,0,0
1110729,Alex Robinson,2024,FS,22976,True,4,2,0,135,0,0,0,0,0
1110729,Alex Robinson,2024,FFAC,71085,False,3,0,0,0,0,0,0,0,0
1110729,Alex Robinson,2024,AUS1,71085,False,26,1,3,90,0,0,0,0,0
1110729,Alex Robinson,2024,AU2C,22976,True,4,2,0,180,0,0,0,0,0
1110729,Alex Robinson,2024,A920,22976,True,6,1,0,90,0,0,0,0,0
1110729,Alex Robinson,2024,20WC,22976,True,3,0,0,0,0,0,0,0,0
1110729,Alex Robinson,2023,FFAC,71085,False,5,0,0,0,0,0,0,0,0
1110729,Alex Robinson,2023,AUSF,71085,False,1,0,0,0,0,0,0,0,0
1110729,Alex Robinson,2023,AUS1,71085,False,27,0,0,0,0,0,0,0,0
1110729,Alex Robinson,2023,AFCC,71085,False,8,0,0,0,0,0,0,0,0
1110729,Alex Robinson,2022,FS,100451,True,3,1,0,90,0,0,0,0,0
1110729,Alex Robinson,2022,FFAC,71085,False,2,1,0,90,0,0,0,0,0
1110729,Alex Robinson,2022,AUS1,71085,False,26,0,0,0,0,0,0,0,0
1110729,Alex Robinson,2022,A920,22976,True,4,0,0,0,0,0,0,0,0
1110729,Alex Robinson,2022,A2SW,86096,False,30,25,0,2250,0,0,1,0,0
1110729,Alex Robinson,2021,FFAC,71085,False,1,0,0,0,0,0,0,0,0
1110729,Alex Robinson,2021,A2SW,11375,False,12,2,0,180,0,0,0,0,0
1109823,Nathan Paull,2025,FFAC,71085,False,2,1,0,120,0,0,0,0,0
1109823,Nathan Paull,2025,AUS1,6954,False,26,17,5,1148,0,0,3,1,3
1109823,Nathan Paull,2025,A23Q,32270,True,3,3,0,196,2,0,0,0,0
1109823,Nathan Paull,2025,23AF,32270,True,4,4,0,360,0,0,2,0,0
1109823,Nathan Paull,2024,FS,77740,True,1,1,0,90,0,0,0,0,0
1109823,Nathan Paull,2024,FS,32270,True,3,1,0,90,0,0,1,1,1
1109823,Nathan Paull,2024,FFAC,6954,False,1,1,0,120,0,0,1,0,0
1109823,Nathan Paull,2024,AUS1,6954,False,26,23,1,1980,2,1,19,6,3
1109823,Nathan Paull,2024,ACLE,6954,False,8,5,0,450,0,0,6,1,0
1109823,Nathan Paull,2023,FFAC,6954,False,1,1,0,91,0,0,0,0,0
1109823,Nathan Paull,2023,AUSF,6954,False,3,0,0,0,0,0,0,0,0
1109823,Nathan Paull,2023,AUS1,6954,False,27,12,0,598,0,0,3,1,0
1109823,Nathan Paull,2023,AFCC,6954,False,13,6,0,466,0,1,6,0,1
1109823,Nathan Paull,2022,FFAC,6954,False,1,1,0,120,0,0,0,0,0
1109823,Nathan Paull,2022,A2SW,26206,False,10,3,0,200,0,0,0,0,0
1109823,Nathan Paull,2022,A2SW,19820,False,19,19,0,1710,3,0,23,11,1
1118085,Harry Politidis,2025,FFAC,71085,False,2,2,0,138,0,1,1,0,0
1118085,Harry Politidis,2025,AUS1,71085,False,26,11,14,731,0,2,6,1,1
1118085,Harry Politidis,2025,ACL2,71085,False,8,5,2,450,0,0,2,1,1
1118085,Harry Politidis,2024,FFAC,71085,False,3,3,0,256,0,1,1,1,0
1118085,Harry Politidis,2024,AUSF,25580,False,3,0,0,0,0,0,0,0,0
1118085,Harry Politidis,2024,AUS1,25580,False,26,22,0,1101,2,0,25,6,1
1118085,Harry Politidis,2023,FFAC,25580,False,1,1,0,73,1,2,1,1,1
1118085,Harry Politidis,2023,AUSF,25580,False,1,0,0,0,0,0,0,0,0
1118085,Harry Politidis,2023,AUS1,25580,False,27,12,1,307,0,0,3,3,0
1118085,Harry Politidis,2023,AFCL,25580,False,6,3,0,62,0,0,0,0,0
1118085,Harry Politidis,2022,FFAC,25580,False,2,1,0,12,0,0,1,0,0
843401,Callum Talbot,2025,FFAC,71085,False,2,2,0,203,0,0,0,0,1
843401,Callum Talbot,2025,AUS1,71085,False,26,25,0,2213,1,6,29,6,4
843401,Callum Talbot,2025,ACL2,71085,False,8,7,0,503,0,1,7,1,2
843401,Callum Talbot,2024,FFAC,71085,False,3,3,0,245,0,0,0,0,0
843401,Callum Talbot,2024,AUSF,25580,False,3,3,0,121,0,0,1,0,0
843401,Callum Talbot,2024,AUS1,25580,False,26,20,0,1190,0,0,14,6,3
843401,Callum Talbot,2023,W23C,32270,True,3,0,0,0,0,0,0,0,0
843401,Callum Talbot,2023,FS,32270,True,2,2,0,93,0,0,0,0,0
843401,Callum Talbot,2023,FFAC,25580,False,1,1,0,120,0,0,0,0,0
843401,Callum Talbot,2023,AUSF,25580,False,1,1,0,45,0,0,1,1,0
843401,Callum Talbot,2023,AUS1,25580,False,27,22,4,1777,0,0,10,3,5
843401,Callum Talbot,2023,AFCL,25580,False,6,5,0,381,1,0,3,1,0
843401,Callum Talbot,2023,A23Q,32270,True,2,2,0,180,0,0,0,0,0
843401,Callum Talbot,2023,23AF,32270,True,3,1,0,90,0,0,1,0,0
843401,Callum Talbot,2022,FS,32270,True,5,2,0,180,0,0,1,0,0
843401,Callum Talbot,2022,FFAC,25580,False,4,3,0,213,0,0,4,0,0
843401,Callum Talbot,2022,AUSF,25580,False,3,3,0,121,0,0,0,0,0
843401,Callum Talbot,2022,AUS1,25580,False,26,25,0,1814,0,1,9,4,6
843401,Callum Talbot,2021,FFAC,25580,False,2,2,0,119,0,1,3,0,0
843401,Callum Talbot,2021,AUS1,8054,False,26,17,0,1191,0,2,9,3,2
843401,Callum Talbot,2021,AFCL,8054,False,6,5,0,359,0,0,2,0,2
843401,Callum Talbot,2021,ACLQ,8054,False,1,0,0,0,0,0,0,0,0
843401,Callum Talbot,2021,A23Q,32270,True,2,2,0,82,0,0,0,0,0
843401,Callum Talbot,2021,23AF,32270,True,6,0,0,0,0,0,0,0,0
843401,Callum Talbot,2020,FFAC,8054,False,4,1,0,10,0,0,0,0,0
843401,Callum Talbot,2020,AUSF,8054,False,2,0,0,0,0,0,0,0,0
843401,Callum Talbot,2020,AUS1,8054,False,26,1,0,3,0,0,1,0,0
843401,Callum Talbot,2020,A2SW,19820,False,14,11,0,990,2,1,11,4,0
843401,Callum Talbot,2019,AU2C,39276,True,3,3,0,146,0,0,0,0,0
843401,Callum Talbot,2019,AFCL,8054,False,2,0,0,0,0,0,0,0,0
843401,Callum Talbot,2019,A2SW,19820,False,1,1,0,90,0,0,2,0,0
363689,Jonathan Aspropotamitis,2025,FFAC,71085,False,2,1,0,90,0,0,0,0,0
363689,Jonathan Aspropotamitis,2025,ACL2,311,False,6,3,0,270,0,0,2,1,2
363689,Jonathan Aspropotamitis,2024,RSK1,311,False,38,5,0,298,0,0,1,1,0
363689,Jonathan Aspropotamitis,2024,RKPO,311,False,1,1,0,90,0,0,0,0,1
363689,Jonathan Aspropotamitis,2024,ACLE,311,False,8,5,0,330,0,0,0,0,1
363689,Jonathan Aspropotamitis,2023,RSK1,311,False,38,8,2,617,0,0,2,0,0
363689,Jonathan Aspropotamitis,2023,RKPO,311,False,5,2,0,169,0,0,0,0,0
363689,Jonathan Aspropotamitis,2023,AUS1,71085,False,9,9,0,780,0,0,0,0,4
363689,Jonathan Aspropotamitis,2023,AFCL,311,False,2,2,0,180,0,0,1,0,0
363689,Jonathan Aspropotamitis,2023,AFCC,71085,False,2,2,0,180,0,0,1,0,0
363689,Jonathan Aspropotamitis,2022,FFAC,71085,False,2,2,0,109,0,0,0,0,0
363689,Jonathan Aspropotamitis,2022,AUS1,71085,False,26,22,1,1707,1,1,10,3,5
363689,Jonathan Aspropotamitis,2021,FFAC,71085,False,5,5,0,450,1,0,2,0,0
363689,Jonathan Aspropotamitis,2021,AUS1,970,False,26,13,0,1112,0,0,5,0,2
363689,Jonathan Aspropotamitis,2020,AUS1,970,False,26,18,0,1470,0,1,2,0,6
363689,Jonathan Aspropotamitis,2019,AUSF,71084,False,2,0,0,0,0,0,0,0,0
363689,Jonathan Aspropotamitis,2019,AUS1,71084,False,26,9,0,436,0,0,2,0,0
363689,Jonathan Aspropotamitis,2019,AFCL,970,False,5,4,0,336,1,0,1,1,1
363689,Jonathan Aspropotamitis,2018,AUS1,6954,False,27,13,0,1170,0,0,8,0,2
363689,Jonathan Aspropotamitis,2017,FFAC,6954,False,1,0,1,0,0,0,0,0,0
363689,Jonathan Aspropotamitis,2017,AUS1,36100,False,27,6,10,473,0,0,0,0,1
363689,Jonathan Aspropotamitis,2017,23AF,32270,True,3,0,0,0,0,0,0,0,0
363689,Jonathan Aspropotamitis,2016,FFAC,36100,False,3,0,0,0,0,0,0,0,0
363689,Jonathan Aspropotamitis,2016,AUSF,36100,False,1,1,0,90,0,0,0,0,0
363689,Jonathan Aspropotamitis,2016,AUS1,36100,False,27,23,0,2070,0,0,0,0,3
363689,Jonathan Aspropotamitis,2016,AFCL,36100,False,6,4,0,360,0,0,0,0,0
363689,Jonathan Aspropotamitis,2015,FFAC,36100,False,1,0,0,0,0,0,0,0,0
363689,Jonathan Aspropotamitis,2015,AUSF,36100,False,2,0,0,0,0,0,0,0,0
363689,Jonathan Aspropotamitis,2015,AUS1,36100,False,27,5,0,390,0,0,0,0,0
363689,Jonathan Aspropotamitis,2014,FFAC,36100,False,1,0,0,0,0,0,0,0,0
363689,Jonathan Aspropotamitis,2014,AUS1,36100,False,8,8,0,720,0,0,0,0,3
363689,Jonathan Aspropotamitis,2014,AFCL,36100,False,3,1,0,90,0,0,0,0,0
1169747,Will McKay,2025,FFAC,71085,False,2,0,0,0,0,0,0,0,0
1169747,Will McKay,2025,AUS1,71085,False,26,11,0,315,0,0,0,0,0
1169747,Will McKay,2025,ACL2,71085,False,8,2,0,180,0,0,0,0,0
1169747,Will McKay,2024,FFAC,71085,False,3,1,0,19,0,0,0,0,0
1169747,Will McKay,2022,A2SW,86096,False,4,2,0,8,0,0,0,0,0
1150897,Harry Menham,2025,FFAC,71085,False,2,2,0,79,0,0,0,0,0
1150897,Harry Menham,2023,A2SW,26206,False,30,26,2,2209,1,2,0,0,2
1150897,Harry Menham,2022,A2SW,26206,False,7,1,0,30,0,0,0,0,0
1179903,Sebastian Krslovic,2025,FFAC,71085,False,2,2,0,204,0,0,1,0,1
1179903,Sebastian Krslovic,2025,AUS1,71085,False,26,0,10,0,0,0,0,0,0
1179903,Sebastian Krslovic,2025,ACL2,71085,False,8,0,5,0,0,0,0,0,0
1179903,Sebastian Krslovic,2024,FFAC,71085,False,3,3,0,270,0,0,0,0,1
1179903,Sebastian Krslovic,2022,A2SW,86096,False,9,1,0,6,0,0,0,0,0
329834,Liam Rose,2025,FFAC,71085,False,2,1,0,90,0,0,0,0,0
329834,Liam Rose,2025,AUS1,71085,False,26,24,0,1850,1,1,17,3,5
329834,Liam Rose,2025,ACL2,71085,False,8,8,0,422,0,0,4,0,1
329834,Liam Rose,2024,FFAC,71085,False,3,3,0,211,0,1,3,1,0
329834,Liam Rose,2024,AUS1,71085,False,26,19,3,944,0,0,2,1,4
329834,Liam Rose,2023,USL,67375,False,17,15,0,1314,0,0,4,0,9
329834,Liam Rose,2023,MLSP,67375,False,1,1,0,61,0,0,0,0,1
329834,Liam Rose,2023,FFAC,71085,False,5,3,0,253,0,0,1,0,1
329834,Liam Rose,2022,USLP,67375,False,1,1,0,90,0,0,1,0,1
329834,Liam Rose,2022,USL,67375,False,34,33,0,2790,1,1,9,3,7
329834,Liam Rose,2022,MLSP,67375,False,1,1,0,68,0,0,0,0,0
329834,Liam Rose,2021,USL,67375,False,15,12,0,702,0,1,3,0,3
329834,Liam Rose,2021,AUS1,71085,False,26,17,0,568,0,0,2,1,4
329834,Liam Rose,2020,FFAC,71085,False,2,1,0,90,0,0,1,0,0
329834,Liam Rose,2020,AUSF,71085,False,2,1,0,29,0,0,0,0,0
329834,Liam Rose,2020,AUS1,71085,False,26,14,0,643,0,0,2,0,2
329834,Liam Rose,2020,A2SW,86096,False,6,3,0,270,0,2,0,0,0
329834,Liam Rose,2019,A2SW,6045,False,11,1,0,90,0,0,0,0,0
329834,Liam Rose,2018,FFAC,6045,False,2,0,0,0,0,0,0,0,0
329834,Liam Rose,2018,ARPO,53453,False,4,2,0,180,0,1,0,0,0
329834,Liam Rose,2018,ARM1,53453,False,17,6,0,267,0,0,0,0,1
329834,Liam Rose,2017,AUS1,6954,False,27,18,0,868,0,0,0,0,3
329834,Liam Rose,2016,AUS1,6954,False,27,22,0,1567,0,0,0,0,2
329834,Liam Rose,2015,AUS1,6954,False,27,24,0,1498,0,0,0,0,4
329834,Liam Rose,2014,AUS1,6954,False,27,7,0,282,0,0,0,0,0
329834,Liam Rose,2014,ACLQ,6954,False,1,0,0,0,0,0,0,0,0
329834,Liam Rose,2013,FFAC,6954,False,2,0,0,0,0,0,0,0,0
329834,Liam Rose,2011,A168,66880,True,1,1,0,51,0,0,0,0,0
1110867,Oliver Randazzo,2025,FFAC,71085,False,2,2,0,210,0,1,1,0,0
1110867,Oliver Randazzo,2025,AUS1,71085,False,26,13,0,438,0,0,2,0,0
1110867,Oliver Randazzo,2025,ACL2,71085,False,8,7,0,332,0,1,0,0,1
1110867,Oliver Randazzo,2024,FS,22976,True,4,1,0,45,0,0,0,0,0
1110867,Oliver Randazzo,2024,FFAC,71085,False,3,2,0,29,0,0,0,0,0
1110867,Oliver Randazzo,2024,AUS1,71085,False,26,4,3,82,0,0,2,2,1
1110867,Oliver Randazzo,2024,AU2C,22976,True,4,3,0,156,0,0,0,0,0
1110867,Oliver Randazzo,2024,A920,22976,True,6,2,0,75,0,0,0,0,0
1110867,Oliver Randazzo,2023,FFAC,71085,False,5,2,0,118,0,0,1,0,0
1110867,Oliver Randazzo,2023,AUSF,71085,False,1,0,0,0,0,0,0,0,0
1110867,Oliver Randazzo,2023,AUS1,71085,False,6,0,0,0,0,0,0,0,0
1110867,Oliver Randazzo,2023,AF19,39276,True,5,5,0,292,0,0,0,0,1
1110867,Oliver Randazzo,2022,A2SW,11429,False,30,18,0,678,1,1,7,2,1
1385157,Michael Pratezina,2025,FFAC,71085,False,2,2,0,155,1,0,1,0,1
1385157,Michael Pratezina,2025,AUS1,71085,False,11,0,0,0,0,0,0,0,0
1385157,Michael Pratezina,2025,ACL2,71085,False,2,0,0,0,0,0,0,0,0
1385157,Michael Pratezina,2024,NPWF,6045,False,1,0,0,0,0,0,0,0,0
1385157,Michael Pratezina,2024,FFAC,6045,False,2,2,0,26,0,0,0,0,0
1385157,Michael Pratezina,2024,AU3C,6045,False,6,3,0,137,0,0,0,0,0
1385157,Michael Pratezina,2024,A2SW,6045,False,24,11,0,458,1,0,0,0,1
257682,Connor Pain,2025,SAKC,68748,False,1,1,0,90,0,0,0,0,0
257682,Connor Pain,2025,SA2L,68748,False,34,33,1,2837,1,3,14,4,5
257682,Connor Pain,2025,FFAC,71085,False,2,2,0,81,1,0,0,0,0
257682,Connor Pain,2024,SAKC,68748,False,1,1,0,81,0,0,0,0,0
257682,Connor Pain,2024,SA2P,68748,False,1,1,0,90,0,0,0,0,0
257682,Connor Pain,2024,SA2L,68748,False,34,32,2,2774,1,7,0,0,4
257682,Connor Pain,2023,SAKC,39536,False,1,1,0,17,0,0,0,0,0
257682,Connor Pain,2023,SA2L,39536,False,34,33,1,2928,4,10,0,0,4
257682,Connor Pain,2022,AUS1,71084,False,26,26,0,1985,3,8,33,12,3
257682,Connor Pain,2021,FFAC,71084,False,2,2,0,180,1,0,3,3,0
257682,Connor Pain,2021,AUSF,71084,False,4,4,0,352,0,3,9,3,2
257682,Connor Pain,2021,AUS1,71084,False,26,22,0,1687,3,4,39,15,1
257682,Connor Pain,2020,FFAC,71084,False,1,0,0,0,0,0,0,0,0
257682,Connor Pain,2020,AUS1,71084,False,26,26,0,2186,1,2,21,7,2
257682,Connor Pain,2019,AUSF,71084,False,2,2,0,158,0,0,0,0,0
257682,Connor Pain,2019,AUS1,71084,False,26,25,0,2164,2,7,20,7,6
257682,Connor Pain,2018,AUS1,6954,False,27,24,0,1827,5,1,37,16,3
257682,Connor Pain,2017,FFAC,6954,False,1,1,0,90,0,0,0,0,0
257682,Connor Pain,2017,AUS1,6954,False,27,22,0,1714,4,3,0,0,1
257682,Connor Pain,2016,AUS1,6954,False,27,27,0,2133,1,2,0,0,3
257682,Connor Pain,2015,FS,32270,True,4,3,0,116,0,0,0,0,0
257682,Connor Pain,2015,AUSF,7006,False,1,0,0,0,0,0,0,0,0
257682,Connor Pain,2015,AUS1,7006,False,27,12,0,254,0,1,0,0,3
257682,Connor Pain,2015,AFCL,7006,False,8,3,0,16,0,0,0,0,0
257682,Connor Pain,2014,FFAC,7006,False,3,1,0,1,0,0,0,0,0
257682,Connor Pain,2014,AUSF,7006,False,2,0,0,0,0,0,0,0,0
257682,Connor Pain,2014,AUS1,7006,False,27,13,0,163,2,0,0,0,0
257682,Connor Pain,2013,FFAC,7006,False,1,0,0,0,0,0,0,0,0
257682,Connor Pain,2013,AUSF,7006,False,2,0,0,0,0,0,0,0,0
257682,Connor Pain,2013,AUS1,7006,False,27,17,0,753,0,2,0,0,1
257682,Connor Pain,2013,AFCL,7006,False,6,5,0,288,0,0,0,0,0
257682,Connor Pain,2013,ACLQ,7006,False,1,0,0,0,0,0,0,0,0
257682,Connor Pain,2012,FS,22976,True,2,2,0,135,0,0,0,0,0
257682,Connor Pain,2012,EAFC,3433,True,3,1,0,24,0,0,0,0,0
257682,Connor Pain,2012,AUSF,7006,False,2,2,0,113,0,0,0,0,0
257682,Connor Pain,2012,AUS1,7006,False,9,9,0,625,1,0,0,0,0
257682,Connor Pain,2012,23AF,77740,True,1,1,0,90,0,0,0,0,0
257682,Connor Pain,2012,20WC,22976,True,3,3,0,177,0,1,0,0,0
257682,Connor Pain,2009,AA17,23260,True,1,1,0,6,0,0,0,0,0
1234443,Luke Vickery,2025,FFAC,71085,False,2,1,0,38,0,0,1,0,0
1234443,Luke Vickery,2025,AUS1,71085,False,26,24,0,1358,5,1,40,14,2
1234443,Luke Vickery,2025,ACL2,71085,False,7,6,0,292,2,2,6,4,0
1234443,Luke Vickery,2024,FFAC,71084,False,1,1,0,14,0,0,0,0,0
1234443,Luke Vickery,2024,AUSF,71084,False,3,0,0,0,0,0,0,0,0
1234443,Luke Vickery,2024,AUS1,71084,False,26,11,0,291,0,1,0,0,0
1234443,Luke Vickery,2023,FFAC,71084,False,1,0,0,0,0,0,0,0,0
1234443,Luke Vickery,2023,AUS1,71084,False,6,4,0,39,0,0,0,0,0
1234443,Luke Vickery,2023,AF19,39276,True,4,4,0,207,1,0,0,0,0
883217,Bernardo Oliveira,2025,FFAC,71085,False,2,0,0,0,0,0,0,0,0
883217,Bernardo Oliveira,2025,AUS1,71085,False,26,14,12,568,2,1,10,3,2
883217,Bernardo Oliveira,2025,ACL2,71085,False,8,2,4,63,0,0,2,1,0
883217,Bernardo Oliveira,2024,FFAC,71085,False,3,2,0,130,2,0,0,0,0
883217,Bernardo Oliveira,2024,AUS1,71085,False,26,9,9,238,1,0,13,8,0
883217,Bernardo Oliveira,2023,FFAC,71085,False,5,0,5,0,0,0,0,0,0
883217,Bernardo Oliveira,2023,AUSF,71085,False,1,0,1,0,0,0,0,0,0
883217,Bernardo Oliveira,2023,AUS1,875,False,13,8,0,171,2,2,14,7,0
883217,Bernardo Oliveira,2023,AUS1,71085,False,14,8,6,359,3,0,5,3,1
883217,Bernardo Oliveira,2023,AFCC,71085,False,2,2,0,84,0,1,1,1,0
883217,Bernardo Oliveira,2022,FFAC,875,False,2,2,0,134,0,0,3,2,0
883217,Bernardo Oliveira,2022,AUSF,875,False,3,0,0,0,0,0,0,0,0
883217,Bernardo Oliveira,2022,AUS1,875,False,26,0,17,0,0,0,0,0,0
883217,Bernardo Oliveira,2022,A920,22976,True,4,4,0,198,2,1,4,3,0
883217,Bernardo Oliveira,2021,FFAC,875,False,3,3,0,124,0,1,1,0,1
883217,Bernardo Oliveira,2021,AUSF,875,False,3,3,0,72,1,0,3,2,1
883217,Bernardo Oliveira,2021,AUS1,875,False,26,20,0,987,2,2,21,7,1
883217,Bernardo Oliveira,2021,23AF,32270,True,6,3,0,80,0,0,1,0,0
883217,Bernardo Oliveira,2020,FFAC,875,False,3,0,0,0,0,0,0,0,0
883217,Bernardo Oliveira,2020,AUSF,875,False,2,0,0,0,0,0,0,0,0
883217,Bernardo Oliveira,2020,AUS1,875,False,11,0,0,0,0,0,0,0,0
883217,Bernardo Oliveira,2019,A169,66880,True,4,4,0,285,1,0,0,0,0
1144775,Dean Bosnjak,2025,FFAC,71085,False,2,0,0,0,0,0,0,0,0
1144775,Dean Bosnjak,2025,AUS1,71085,False,26,23,3,1144,3,1,27,11,4
1144775,Dean Bosnjak,2025,ACL2,71085,False,8,7,1,275,0,0,2,0,1
1144775,Dean Bosnjak,2024,FS,22976,True,4,2,0,135,1,0,0,0,0
1144775,Dean Bosnjak,2024,FFAC,71085,False,3,1,0,29,0,1,0,0,0
1144775,Dean Bosnjak,2024,AUS1,71085,False,26,15,3,349,1,0,8,3,1
1144775,Dean Bosnjak,2024,A920,22976,True,6,3,0,87,1,0,3,2,1
1144775,Dean Bosnjak,2023,FFAC,71085,False,4,2,0,34,0,0,0,0,0
1144775,Dean Bosnjak,2022,A2SW,86096,False,13,4,0,179,0,0,1,0,0
1144775,Dean Bosnjak,2021,AF16,66880,True,3,2,0,94,0,0,0,0,0
567150,Kai Kennedy,2026,SCP,3001,False,4,0,0,0,0,0,0,0,0
567150,Kai Kennedy,2026,SC3,3001,False,1,0,0,0,0,0,0,0,0
567150,Kai Kennedy,2025,SSC,3001,False,8,6,0,316,0,1,3,2,1
567150,Kai Kennedy,2025,SFA,3001,False,1,1,0,90,0,0,0,0,0
567150,Kai Kennedy,2025,SCP,3001,False,4,4,0,346,0,0,9,2,0
567150,Kai Kennedy,2025,SC3,3001,False,36,35,0,2988,8,11,50,26,10
567150,Kai Kennedy,2025,POFD,3001,False,2,2,0,210,0,1,4,2,1
567150,Kai Kennedy,2025,FFAC,71085,False,1,0,0,0,0,0,0,0,0
567150,Kai Kennedy,2024,SSC,3001,False,1,1,0,22,0,0,0,0,0
567150,Kai Kennedy,2024,SFA,3001,False,2,0,0,0,0,0,0,0,0
567150,Kai Kennedy,2024,SCP,3001,False,4,3,0,99,0,0,1,1,0
567150,Kai Kennedy,2024,SC3,3001,False,36,24,0,1692,2,5,22,14,3
567150,Kai Kennedy,2024,POFD,3001,False,2,2,0,180,1,0,2,2,0
567150,Kai Kennedy,2023,FAC,1252,False,3,2,0,74,0,0,0,0,0
567150,Kai Kennedy,2023,CNAT,1252,False,42,14,0,705,0,2,0,0,3
567150,Kai Kennedy,2022,SSC,1191,False,2,2,0,99,0,0,2,0,0
567150,Kai Kennedy,2022,SFA,1191,False,5,5,0,374,1,4,9,4,1
567150,Kai Kennedy,2022,SCP,1191,False,3,0,0,0,0,0,0,0,0
567150,Kai Kennedy,2022,SC3,1191,False,36,29,0,1640,9,6,39,22,3
567150,Kai Kennedy,2022,POFD,1191,False,2,2,0,180,1,0,4,3,0
567150,Kai Kennedy,2021,U21Q,16868,True,4,1,0,63,0,0,0,0,0
567150,Kai Kennedy,2021,SSC,1270,False,1,0,0,0,0,0,0,0,0
567150,Kai Kennedy,2021,SFA,1270,False,1,0,0,0,0,0,0,0,0
567150,Kai Kennedy,2021,SCP,1270,False,2,1,0,45,0,0,1,0,0
567150,Kai Kennedy,2021,SC2,2999,False,15,7,0,489,1,1,4,2,0
567150,Kai Kennedy,2021,SC2,1270,False,19,14,0,807,1,2,7,5,1
567150,Kai Kennedy,2020,SFA,2795,False,2,2,0,171,0,0,1,0,0
567150,Kai Kennedy,2020,SCP,2451,False,4,2,2,168,0,1,3,0,0
567150,Kai Kennedy,2020,SC2,2795,False,18,16,0,1197,1,4,11,7,2
567150,Kai Kennedy,2020,SC2,2451,False,9,8,1,520,1,0,1,0,0
567150,Kai Kennedy,2020,SC1P,2795,False,4,1,0,90,0,0,2,0,0
567150,Kai Kennedy,2019,U19Q,17622,True,3,3,0,205,0,2,0,0,0
567150,Kai Kennedy,2019,SSC,12573,False,6,6,0,528,0,2,8,3,0
567150,Kai Kennedy,2019,SFA,124,False,3,1,0,9,0,0,0,0,0
567150,Kai Kennedy,2019,SC1,124,False,10,0,0,0,0,0,0,0,0
567150,Kai Kennedy,2019,FS,17622,True,2,1,0,90,1,0,0,0,0
567150,Kai Kennedy,2019,EL,124,False,3,0,0,0,0,0,0,0,0
567150,Kai Kennedy,2019,19YL,76795,False,5,5,0,450,0,3,0,0,2
567150,Kai Kennedy,2018,U17Q,25791,True,6,6,0,530,0,0,0,0,0
567150,Kai Kennedy,2018,SSC,12573,False,1,1,0,19,0,0,1,1,0
567150,Kai Kennedy,2018,FS,25791,True,4,2,0,107,1,0,0,0,0
567150,Kai Kennedy,2017,FS,30136,True,3,2,0,160,0,0,0,0,0
1329718,Henrique Oliveira,2025,FS,32269,True,8,2,3,113,0,0,0,0,0
1329718,Henrique Oliveira,2025,FFAC,71085,False,2,2,0,146,0,0,2,1,0
1329718,Henrique Oliveira,2025,AUS1,71085,False,26,4,7,59,0,1,1,1,0
1329718,Henrique Oliveira,2025,AF16,32269,True,5,0,0,0,0,0,0,0,0
1329718,Henrique Oliveira,2025,ACL2,71085,False,8,0,3,0,0,0,0,0,0
1329718,Henrique Oliveira,2025,A169,32269,True,4,2,1,135,1,0,0,0,0
1329718,Henrique Oliveira,2025,A168,32269,True,4,3,0,257,1,1,7,1,0
1329718,Henrique Oliveira,2024,FS,66880,True,3,3,0,94,1,0,0,0,0
1329718,Henrique Oliveira,2024,FS,32269,True,3,1,0,30,0,0,0,0,0
1329718,Henrique Oliveira,2024,FFAC,71085,False,3,0,0,0,0,0,0,0,0
1329718,Henrique Oliveira,2024,AUS1,71085,False,15,0,0,0,0,0,0,0,0
1329718,Henrique Oliveira,2024,A168,32269,True,3,0,0,0,0,0,0,0,0
1173591,Zane Helweh,2025,FFAC,71085,False,2,2,0,83,1,0,2,1,0
1173591,Zane Helweh,2025,AUS1,71085,False,26,6,0,60,0,0,4,1,0
1173591,Zane Helweh,2025,ACL2,71085,False,8,4,0,73,0,0,7,1,0
1173591,Zane Helweh,2024,FFAC,71085,False,3,3,0,70,0,0,0,0,0
1173591,Zane Helweh,2023,AF19,39276,True,5,5,0,217,1,0,0,0,0
1173591,Zane Helweh,2022,A2SW,86096,False,9,1,0,9,0,0,0,0,0
433164,Joshua Oluwayemi,2025,AUS1,8445,False,26,18,8,1496,0,0,0,0,2
433164,Joshua Oluwayemi,2024,FFAC,8445,False,4,3,1,300,0,0,0,0,0
433164,Joshua Oluwayemi,2024,AUS1,8445,False,26,18,1,1620,0,0,0,0,0
433164,Joshua Oluwayemi,2023,NLS6,3698,False,24,19,0,1710,0,0,0,0,1
433164,Joshua Oluwayemi,2023,GBFL,1020,False,1,0,0,0,0,0,0,0,0
433164,Joshua Oluwayemi,2023,GB3,1020,False,2,0,0,0,0,0,0,0,0
433164,Joshua Oluwayemi,2023,FIS,2925,False,3,0,0,0,0,0,0,0,0
433164,Joshua Oluwayemi,2023,FIL,2925,False,6,1,0,90,0,0,0,0,0
433164,Joshua Oluwayemi,2023,FI1,2925,False,19,13,0,1170,0,0,0,0,1
433164,Joshua Oluwayemi,2022,GBFL,1020,False,6,5,0,480,0,0,0,0,1
433164,Joshua Oluwayemi,2022,GB3,1020,False,46,4,0,334,0,0,0,0,0
433164,Joshua Oluwayemi,2022,FAC,1020,False,3,0,0,0,0,0,0,0,0
433164,Joshua Oluwayemi,2022,CGB,1020,False,2,0,0,0,0,0,0,0,0
433164,Joshua Oluwayemi,2021,GBFL,9254,False,3,2,0,180,0,0,0,0,1
433164,Joshua Oluwayemi,2021,GB21,9254,False,26,16,0,1440,0,0,0,0,0
433164,Joshua Oluwayemi,2021,FS,3444,True,1,0,0,0,0,0,0,0,0
433164,Joshua Oluwayemi,2020,GB21,9254,False,17,12,0,981,0,0,0,0,0
433164,Joshua Oluwayemi,2020,CNAT,7123,False,10,1,0,45,0,0,0,0,0
433164,Joshua Oluwayemi,2019,GBFL,9254,False,3,0,0,0,0,0,0,0,0
433164,Joshua Oluwayemi,2019,GB21,9254,False,18,5,0,450,0,0,0,0,0
433164,Joshua Oluwayemi,2019,GB18,6928,False,2,2,0,180,0,0,0,0,0
433164,Joshua Oluwayemi,2019,19YL,55834,False,6,4,0,360,0,0,0,0,0
433164,Joshua Oluwayemi,2018,GB18,6928,False,22,17,0,1463,0,0,0,0,1
433164,Joshua Oluwayemi,2018,FAYC,6928,False,2,2,0,240,0,0,0,0,0
433164,Joshua Oluwayemi,2018,19YL,55834,False,5,0,0,0,0,0,0,0,0
433164,Joshua Oluwayemi,2017,GB18,6928,False,22,2,0,135,0,0,0,0,0
433164,Joshua Oluwayemi,2017,FAYC,6928,False,3,0,0,0,0,0,0,0,0
433164,Joshua Oluwayemi,2016,GB18,6928,False,1,0,0,0,0,0,0,0,0
433164,Joshua Oluwayemi,2015,FS,53638,True,5,1,0,70,0,0,0,0,0
1277093,Joseph Chalabi,2025,NZP1,30746,False,1,0,0,0,0,0,0,0,0
1277093,Joseph Chalabi,2025,NCL1,30746,False,17,2,0,180,0,0,0,0,0
1277093,Joseph Chalabi,2025,AUS1,8445,False,15,0,0,0,0,0,0,0,0
1277093,Joseph Chalabi,2024,OC24,25510,True,5,4,0,360,0,0,0,0,0
1277093,Joseph Chalabi,2024,NZP1,30746,False,1,0,0,0,0,0,0,0,0
1277093,Joseph Chalabi,2024,NZNL,30746,False,10,0,0,0,0,0,0,0,0
1277093,Joseph Chalabi,2024,NCL1,30746,False,18,1,0,90,0,0,0,0,0
1277093,Joseph Chalabi,2024,FYS1,25510,True,3,0,0,0,0,0,0,0,0
1277093,Joseph Chalabi,2024,17WC,25510,True,3,0,0,0,0,0,0,0,0
1277093,Joseph Chalabi,2023,OC24,25510,True,5,3,0,270,0,0,0,0,0
1277093,Joseph Chalabi,2023,NZP1,28545,False,1,0,0,0,0,0,0,0,0
1277093,Joseph Chalabi,2023,NSL1,28545,False,10,0,0,0,0,0,0,0,0
222686,Manjrekar James,2025,CSC2,6478,False,1,0,0,0,0,0,0,0,0
222686,Manjrekar James,2025,CRPD,6478,False,4,0,0,0,0,0,0,0,0
222686,Manjrekar James,2025,CCAC,6478,False,2,0,0,0,0,0,0,0,0
222686,Manjrekar James,2025,AUS1,8445,False,26,20,4,1465,2,0,10,5,1
222686,Manjrekar James,2024,PDV1,6478,False,4,0,4,0,0,0,0,0,0
222686,Manjrekar James,2024,PDV1,20541,False,17,3,4,204,0,0,0,0,1
222686,Manjrekar James,2024,CSC2,6478,False,1,1,0,90,0,0,0,0,0
222686,Manjrekar James,2024,CRPV,6478,False,2,0,2,0,0,0,0,0,0
222686,Manjrekar James,2024,CRPO,6478,False,2,1,0,62,0,0,0,0,0
222686,Manjrekar James,2024,CRPD,6478,False,22,17,3,1293,0,0,0,0,4
222686,Manjrekar James,2024,CIF,6478,False,2,2,0,180,0,0,0,0,1
222686,Manjrekar James,2024,CCAC,6478,False,10,8,0,648,0,0,0,0,1
222686,Manjrekar James,2023,PDV2,6478,False,4,4,0,382,0,0,0,0,2
222686,Manjrekar James,2023,PDV1,6478,False,22,15,7,1214,1,0,0,0,2
222686,Manjrekar James,2023,CCL,6478,False,2,2,0,180,0,0,0,0,1
222686,Manjrekar James,2022,UKR1,6992,False,16,13,2,1125,1,0,0,0,4
222686,Manjrekar James,2022,CDN1,68029,False,28,26,0,2340,0,2,17,8,6
222686,Manjrekar James,2022,CAPL,68029,False,2,2,0,174,0,0,2,1,2
222686,Manjrekar James,2022,CAN,68029,False,3,3,0,270,0,0,0,0,1
222686,Manjrekar James,2021,DKP,443,False,5,3,0,255,0,0,0,0,1
222686,Manjrekar James,2021,DK1,443,False,17,13,1,1043,0,0,3,1,4
222686,Manjrekar James,2020,S1PO,3999,False,7,1,0,12,0,0,0,0,0
222686,Manjrekar James,2020,GRP,3999,False,2,2,0,91,1,0,0,0,0
222686,Manjrekar James,2020,GR1,3999,False,10,6,2,165,0,0,0,0,0
222686,Manjrekar James,2020,DKP,865,False,2,1,0,90,0,0,0,0,1
222686,Manjrekar James,2020,DK1,865,False,13,4,0,360,0,0,1,0,1
222686,Manjrekar James,2020,CLQ,865,False,4,0,0,0,0,0,0,0,0
222686,Manjrekar James,2020,CL,865,False,6,1,0,90,0,0,0,0,0
222686,Manjrekar James,2019,FS,3510,True,3,1,0,90,0,0,0,0,0
222686,Manjrekar James,2019,ELQ,865,False,2,0,0,0,0,0,0,0,0
222686,Manjrekar James,2019,DKRQ,62685,False,1,1,0,90,0,0,0,0,0
222686,Manjrekar James,2019,DKRE,62685,False,6,5,0,336,0,0,0,0,0
222686,Manjrekar James,2019,DKP,865,False,1,1,0,90,0,0,0,0,1
222686,Manjrekar James,2019,DKMR,865,False,10,3,0,95,0,0,1,0,0
222686,Manjrekar James,2019,DK1,865,False,26,2,0,180,0,0,0,0,1
222686,Manjrekar James,2019,CNLA,3510,True,4,0,0,0,0,0,0,0,0
222686,Manjrekar James,2018,GOCU,3510,True,4,0,0,0,0,0,0,0,0
222686,Manjrekar James,2018,DKRQ,62685,False,7,5,0,450,1,0,0,0,0
222686,Manjrekar James,2018,DKP,865,False,3,1,0,90,0,0,0,0,0
222686,Manjrekar James,2018,DKP,5776,False,3,3,0,283,0,0,0,0,1
222686,Manjrekar James,2018,DKMR,865,False,10,4,0,360,0,0,5,1,1
222686,Manjrekar James,2018,DK2,5776,False,19,17,0,1530,1,1,0,0,4
222686,Manjrekar James,2018,DK1,865,False,6,1,0,90,0,0,2,1,0
222686,Manjrekar James,2018,CNLQ,3510,True,4,1,0,90,0,0,0,0,0
222686,Manjrekar James,2017,UNGP,5378,False,2,2,0,102,0,0,0,0,0
222686,Manjrekar James,2017,UNG1,5378,False,33,28,0,2261,2,3,0,0,8
222686,Manjrekar James,2017,FS,3510,True,3,2,0,180,0,0,0,0,0
222686,Manjrekar James,2017,ELQ,5378,False,2,0,0,0,0,0,0,0,0
222686,Manjrekar James,2016,WMQ3,3510,True,10,4,0,334,1,0,0,0,1
222686,Manjrekar James,2016,UNGP,5378,False,10,6,0,409,2,0,0,0,2
222686,Manjrekar James,2016,UNG1,5378,False,33,11,0,527,0,0,0,0,6
222686,Manjrekar James,2016,GOCU,3510,True,4,2,0,124,0,0,0,0,0
222686,Manjrekar James,2016,FS,3510,True,6,4,0,300,1,0,0,0,1
222686,Manjrekar James,2015,UNGP,9241,False,2,0,0,0,0,0,0,0,0
222686,Manjrekar James,2015,UNG1,9241,False,27,17,0,928,0,1,0,0,5
222686,Manjrekar James,2015,FS,3510,True,4,1,0,14,0,0,0,0,0
222686,Manjrekar James,2014,UNGP,3233,False,6,3,0,63,0,0,0,0,1
222686,Manjrekar James,2014,UNG1,3233,False,30,16,2,1193,1,0,0,0,4
222686,Manjrekar James,2014,GOCU,3510,True,3,0,0,0,0,0,0,0,0
222686,Manjrekar James,2014,FS,3510,True,4,2,0,158,0,0,0,0,2
222686,Manjrekar James,2013,FS,3510,True,2,0,0,0,0,0,0,0,0
222686,Manjrekar James,2012,C220,27261,True,3,1,0,57,0,0,0,0,0
480874,Dan Edwards,2025,AUS1,8445,False,26,9,7,458,0,0,1,1,0
480874,Dan Edwards,2024,NPVF,32385,False,1,1,0,5,0,0,0,0,0
480874,Dan Edwards,2024,FFAC,32385,False,4,1,0,90,0,0,1,0,0
480874,Dan Edwards,2024,A2VI,32385,False,26,24,0,2008,3,1,0,0,2
480874,Dan Edwards,2023,A2VI,5142,False,20,18,0,1522,0,3,0,0,0
480874,Dan Edwards,2023,A2VI,32385,False,6,6,0,526,0,0,0,0,0
480874,Dan Edwards,2022,NPVF,5142,False,1,0,0,0,0,0,0,0,0
480874,Dan Edwards,2022,A2VI,5142,False,26,14,0,1253,1,1,5,2,1
480874,Dan Edwards,2021,A2VI,5142,False,26,4,0,360,0,0,3,2,0
480874,Dan Edwards,2020,NZLP,31306,False,1,1,0,90,0,0,0,0,0
480874,Dan Edwards,2020,NZL1,31306,False,14,13,0,1114,1,2,0,0,3
480874,Dan Edwards,2020,NNL1,31306,False,5,4,0,360,0,0,0,0,0
480874,Dan Edwards,2020,FFAC,5142,False,1,0,0,0,0,0,0,0,0
480874,Dan Edwards,2020,A2VI,5142,False,15,0,0,0,0,0,0,0,0
480874,Dan Edwards,2018,NCD1,38901,False,2,0,0,0,0,0,0,0,0
480874,Dan Edwards,2016,NZL1,31806,False,10,1,0,8,0,0,0,0,0
149901,Tim Payne,2025,PR1C,629,False,6,2,0,111,1,0,1,1,0
149901,Tim Payne,2025,FS,9171,True,10,8,2,536,0,1,4,1,0
149901,Tim Payne,2025,FIWC,9171,True,3,3,0,227,0,1,1,0,0
149901,Tim Payne,2025,CS,629,False,2,0,0,0,0,0,0,0,0
149901,Tim Payne,2025,AUS1,8445,False,26,14,12,868,0,5,4,2,0
149901,Tim Payne,2024,WMQ5,9171,True,5,3,2,252,1,4,0,0,0
149901,Tim Payne,2024,FS,9171,True,5,3,0,159,0,0,0,0,0
149901,Tim Payne,2024,FFAC,8445,False,4,2,1,135,0,0,0,0,1
149901,Tim Payne,2024,AUS1,8445,False,26,20,5,1698,1,4,10,4,2
149901,Tim Payne,2023,OFCN,9171,True,4,3,0,191,0,1,0,0,0
149901,Tim Payne,2023,FS,9171,True,6,2,2,179,0,0,0,0,0
149901,Tim Payne,2023,FFAC,8445,False,1,0,0,0,0,0,0,0,0
149901,Tim Payne,2023,AUSF,8445,False,2,2,0,201,0,0,0,0,0
149901,Tim Payne,2023,AUS1,8445,False,27,23,4,1867,3,4,14,4,2
149901,Tim Payne,2022,FS,9171,True,6,5,0,393,0,0,1,1,0
149901,Tim Payne,2022,FFAC,8445,False,2,2,0,210,0,0,2,0,0
149901,Tim Payne,2022,AUSF,8445,False,1,1,0,90,0,0,0,0,0
149901,Tim Payne,2022,AUS1,8445,False,26,23,1,1929,0,2,1,0,3
149901,Tim Payne,2021,WMQ5,9171,True,5,3,0,176,0,1,0,0,0
149901,Tim Payne,2021,POWM,9171,True,1,1,0,11,0,0,0,0,0
149901,Tim Payne,2021,FS,9171,True,6,3,0,141,0,0,0,0,0
149901,Tim Payne,2021,FFAC,8445,False,3,2,0,126,0,0,0,0,1
149901,Tim Payne,2021,AUSF,8445,False,1,1,0,90,0,0,0,0,0
149901,Tim Payne,2021,AUS1,8445,False,26,23,0,2017,0,0,8,2,2
149901,Tim Payne,2020,FFAC,8445,False,4,1,0,90,0,0,0,0,0
149901,Tim Payne,2020,AUS1,8445,False,26,26,0,2302,0,1,13,3,3
149901,Tim Payne,2019,FS,9171,True,2,2,0,91,0,0,0,0,0
149901,Tim Payne,2019,AUSF,8445,False,1,0,0,0,0,0,0,0,0
149901,Tim Payne,2019,AUS1,8445,False,26,16,0,1344,0,3,1,0,2
149901,Tim Payne,2018,NZLP,31306,False,2,2,0,180,0,0,0,0,0
149901,Tim Payne,2018,NZL1,31306,False,18,17,0,1489,0,0,0,0,2
149901,Tim Payne,2018,FFAC,8445,False,1,1,0,120,0,0,0,0,0
149901,Tim Payne,2017,TRIN,9171,True,3,3,0,133,0,0,0,0,0
149901,Tim Payne,2017,POWM,9171,True,2,0,0,0,0,0,0,0,0
149901,Tim Payne,2017,NZLP,31306,False,1,0,0,0,0,0,0,0,0
149901,Tim Payne,2017,NZL1,31306,False,18,16,0,1440,1,2,0,0,7
149901,Tim Payne,2017,FS,9171,True,2,1,0,90,0,0,0,0,0
149901,Tim Payne,2016,NZL1,31306,False,18,16,0,1399,1,1,0,0,5
149901,Tim Payne,2016,FS,9171,True,4,0,0,0,0,0,0,0,0
149901,Tim Payne,2016,CONC,9171,True,3,0,0,0,0,0,0,0,0
149901,Tim Payne,2015,WMQ5,9171,True,11,0,0,0,0,0,0,0,0
149901,Tim Payne,2015,USL,46719,False,16,0,0,0,0,0,0,0,0
149901,Tim Payne,2015,FS,9171,True,2,1,0,13,0,0,0,0,0
149901,Tim Payne,2014,USL,46719,False,28,21,0,1535,0,0,0,0,4
149901,Tim Payne,2014,OFCP,11391,False,3,1,0,90,0,1,0,0,1
149901,Tim Payne,2014,NZPO,11391,False,1,1,0,90,1,0,0,0,1
149901,Tim Payne,2014,NZLP,11391,False,1,0,0,0,0,0,0,0,0
149901,Tim Payne,2014,NZL1,11391,False,16,10,0,897,1,3,0,0,1
149901,Tim Payne,2014,MLSP,46719,False,2,2,0,210,0,0,0,0,0
149901,Tim Payne,2014,KLUB,11391,False,4,4,0,420,0,1,0,0,0
149901,Tim Payne,2014,FS,9171,True,4,3,0,117,0,0,0,0,0
149901,Tim Payne,2013,POWM,9171,True,2,0,2,0,0,0,0,0,0
149901,Tim Payne,2013,GB21,9258,False,10,10,0,770,0,0,0,0,0
149901,Tim Payne,2013,GB2,164,False,46,0,12,0,0,0,0,0,0
149901,Tim Payne,2013,FS,9171,True,5,2,3,180,0,0,0,0,1
149901,Tim Payne,2013,FAC,164,False,2,0,0,0,0,0,0,0,0
149901,Tim Payne,2013,CGB,164,False,1,0,0,0,0,0,0,0,0
149901,Tim Payne,2012,OF19,27263,True,4,0,0,0,0,0,0,0,0
149901,Tim Payne,2012,GBQ1,9258,False,12,10,0,659,0,0,0,0,0
149901,Tim Payne,2012,GB21,9258,False,14,7,0,477,2,1,0,0,0
149901,Tim Payne,2012,FS,9171,True,1,1,0,90,0,0,0,0,0
149901,Tim Payne,2012,FS,27263,True,1,0,0,0,0,0,0,0,0
149901,Tim Payne,2012,20WC,27263,True,3,3,0,270,0,0,0,0,0
149901,Tim Payne,2011,WMQ5,9171,True,11,7,0,396,2,1,0,0,2
149901,Tim Payne,2011,OLYM,53827,True,3,3,0,270,0,0,0,0,0
149901,Tim Payne,2011,OCL,11396,False,3,0,0,0,0,0,0,0,0
149901,Tim Payne,2011,NZPO,11396,False,1,0,0,0,0,0,0,0,0
149901,Tim Payne,2011,NZL1,11396,False,6,0,0,0,0,0,0,0,0
149901,Tim Payne,2011,GBR,9258,False,5,2,0,95,0,0,0,0,0
149901,Tim Payne,2011,FS,9171,True,2,1,0,15,0,0,0,0,0
149901,Tim Payne,2011,FAYC,6949,False,2,2,0,78,1,0,0,0,0
149901,Tim Payne,2010,OCL,11396,False,6,1,0,15,0,0,0,0,0
149901,Tim Payne,2010,OC24,25510,True,5,5,0,318,4,0,0,0,0
149901,Tim Payne,2010,NZLP,11396,False,3,2,0,118,0,0,0,0,0
149901,Tim Payne,2010,NZL1,11396,False,14,6,2,160,0,1,0,0,0
149901,Tim Payne,2010,20WC,27263,True,3,1,0,42,0,0,0,0,0
149901,Tim Payne,2010,17WC,25510,True,4,4,0,360,0,0,0,0,0
149901,Tim Payne,2009,OCL,11391,False,3,0,0,0,0,0,0,0,0
149901,Tim Payne,2009,NZLP,11391,False,2,0,0,0,0,0,0,0,0
149901,Tim Payne,2009,NZL1,11391,False,10,1,0,90,1,0,0,0,0
998447,Ryan Lee,2025,NZP1,30746,False,1,0,0,0,0,0,0,0,0
998447,Ryan Lee,2025,NCL1,30746,False,17,11,0,640,0,0,0,0,2
998447,Ryan Lee,2025,AUS1,8445,False,26,1,0,1,0,0,0,0,0
998447,Ryan Lee,2024,NZP1,30746,False,1,0,0,0,0,0,0,0,0
998447,Ryan Lee,2024,NZNL,30746,False,10,9,0,772,0,0,0,0,0
998447,Ryan Lee,2024,NCL1,30746,False,18,14,0,1206,2,0,0,0,2
998447,Ryan Lee,2024,FFAC,8445,False,3,0,0,0,0,0,0,0,0
998447,Ryan Lee,2023,NZP1,30746,False,1,0,0,0,0,0,0,0,0
998447,Ryan Lee,2023,NZNL,30746,False,9,0,0,0,0,0,0,0,0
998447,Ryan Lee,2023,NCL1,30746,False,18,5,0,283,1,0,0,0,0
998447,Ryan Lee,2022,OC24,25510,True,5,4,0,262,0,1,0,0,0
998447,Ryan Lee,2022,NZP1,62549,False,2,0,0,0,0,0,0,0,0
998447,Ryan Lee,2022,NCL1,62549,False,18,18,0,1433,1,0,0,0,2
998447,Ryan Lee,2022,17WC,25510,True,3,2,0,49,0,0,1,0,0
998447,Ryan Lee,2021,NZP1,62549,False,3,0,0,0,0,0,0,0,0
998447,Ryan Lee,2021,NCL1,62549,False,18,12,0,502,0,0,0,0,1
1415065,Mac Munro,2025,NZP1,30746,False,1,0,0,0,0,0,0,0,0
1415065,Mac Munro,2025,NCL1,30746,False,17,13,0,989,1,0,0,0,1
1415065,Mac Munro,2025,AUS1,8445,False,26,0,0,0,0,0,0,0,0
1415065,Mac Munro,2024,NZP1,30746,False,1,0,0,0,0,0,0,0,0
1415065,Mac Munro,2024,NZNL,30746,False,10,9,0,632,0,0,0,0,3
1415065,Mac Munro,2024,NCL1,30746,False,18,8,0,608,1,0,0,0,0
1415065,Mac Munro,2024,FFAC,8445,False,3,0,0,0,0,0,0,0,0
350357,Sarpreet Singh,2026,PO2,4294,False,2,1,0,1,0,1,0,0,0
350357,Sarpreet Singh,2025,SERP,3137,False,1,1,0,90,0,0,0,0,0
350357,Sarpreet Singh,2025,SER1,3137,False,21,15,0,887,2,1,25,7,3
350357,Sarpreet Singh,2025,FS,9171,True,10,8,2,643,0,1,8,1,1
350357,Sarpreet Singh,2025,FIWC,9171,True,3,3,0,211,0,0,4,2,1
350357,Sarpreet Singh,2025,AUS1,8445,False,11,2,8,74,0,0,2,1,0
350357,Sarpreet Singh,2024,WMQ5,9171,True,5,4,0,234,2,3,0,0,0
350357,Sarpreet Singh,2024,POPO,2639,False,3,1,0,28,0,0,0,0,0
350357,Sarpreet Singh,2024,PO2,2639,False,31,19,5,1055,4,3,25,11,3
350357,Sarpreet Singh,2024,L3,30,False,3,0,0,0,0,0,0,0,0
350357,Sarpreet Singh,2024,FS,9171,True,5,2,0,135,0,0,0,0,0
350357,Sarpreet Singh,2024,DFB,30,False,1,0,0,0,0,0,0,0,0
350357,Sarpreet Singh,2023,RLN4,402,False,1,1,0,63,0,2,0,0,0
350357,Sarpreet Singh,2023,OLYM,53827,True,3,3,0,270,0,0,5,1,0
350357,Sarpreet Singh,2023,OFCN,9171,True,4,0,0,0,0,0,0,0,0
350357,Sarpreet Singh,2023,L2,30,False,34,15,4,420,1,0,10,3,1
350357,Sarpreet Singh,2023,FS,9171,True,6,5,0,394,0,0,7,3,0
350357,Sarpreet Singh,2023,DFB,30,False,2,1,0,46,0,0,2,1,0
350357,Sarpreet Singh,2022,RLB3,28,False,2,0,2,0,0,0,0,0,0
350357,Sarpreet Singh,2022,L2,109,False,32,14,15,1030,1,1,21,6,3
350357,Sarpreet Singh,2022,FS,9171,True,6,0,2,0,0,0,0,0,0
350357,Sarpreet Singh,2022,DFB,109,False,2,0,1,0,0,0,0,0,0
350357,Sarpreet Singh,2021,WMQ5,9171,True,5,0,1,0,0,0,0,0,0
350357,Sarpreet Singh,2021,POWM,9171,True,1,0,1,0,0,0,0,0,0
350357,Sarpreet Singh,2021,L2,109,False,34,25,9,1936,5,8,34,12,5
350357,Sarpreet Singh,2021,FS,9171,True,6,3,2,236,0,1,0,0,0
350357,Sarpreet Singh,2021,DFB,109,False,2,2,0,142,1,1,4,1,0
350357,Sarpreet Singh,2020,L3,28,False,19,16,3,1123,3,0,32,10,2
350357,Sarpreet Singh,2020,L2,4,False,18,11,2,456,0,0,8,4,0
350357,Sarpreet Singh,2020,DFB,4,False,1,1,0,63,0,0,0,0,0
350357,Sarpreet Singh,2019,L3,28,False,38,22,5,1649,7,7,36,18,5
350357,Sarpreet Singh,2019,L1,27,False,34,2,3,72,0,0,1,0,0
350357,Sarpreet Singh,2019,FS,9171,True,2,2,0,135,0,0,0,0,1
350357,Sarpreet Singh,2019,DFL,27,False,1,0,0,0,0,0,0,0,0
350357,Sarpreet Singh,2019,DFB,27,False,5,0,0,0,0,0,0,0,0
350357,Sarpreet Singh,2019,CL,27,False,7,0,0,0,0,0,0,0,0
350357,Sarpreet Singh,2018,OF19,27263,True,5,0,0,0,0,0,0,0,0
350357,Sarpreet Singh,2018,NZL1,30746,False,1,1,0,90,0,0,0,0,0
350357,Sarpreet Singh,2018,FS,27263,True,1,1,0,90,0,0,0,0,0
350357,Sarpreet Singh,2018,AUSF,8445,False,1,1,0,33,0,1,2,0,0
350357,Sarpreet Singh,2018,AUS1,8445,False,27,25,0,1999,5,7,54,18,5
350357,Sarpreet Singh,2018,20WC,27263,True,4,4,0,313,1,0,13,4,0
350357,Sarpreet Singh,2017,TRIN,9171,True,3,3,0,258,1,2,0,0,0
350357,Sarpreet Singh,2017,NZL1,30746,False,18,8,0,693,4,2,0,0,3
350357,Sarpreet Singh,2017,FS,9171,True,1,1,0,24,0,0,0,0,0
350357,Sarpreet Singh,2017,FFAC,8445,False,1,1,0,90,0,0,1,1,0
350357,Sarpreet Singh,2017,AUS1,8445,False,27,11,0,564,4,0,0,0,2
350357,Sarpreet Singh,2016,OF19,27263,True,5,5,0,168,0,4,0,0,0
350357,Sarpreet Singh,2016,NZL1,30746,False,18,14,0,1098,3,3,0,0,3
350357,Sarpreet Singh,2016,AUS1,8445,False,19,2,0,47,0,0,0,0,1
350357,Sarpreet Singh,2016,20WC,27263,True,4,2,0,115,0,0,0,0,0
350357,Sarpreet Singh,2015,NZL1,30746,False,14,12,0,1080,1,6,0,0,4
350357,Sarpreet Singh,2015,AUS1,8445,False,10,0,0,0,0,0,0,0,0
350357,Sarpreet Singh,2014,OC24,25510,True,7,5,0,430,0,5,0,0,1
350357,Sarpreet Singh,2014,17WC,25510,True,4,4,0,102,0,1,0,0,0
437852,Sander Kartum,2026,SCP,43,False,1,0,0,0,0,0,0,0,0
437852,Sander Kartum,2026,SC1,43,False,2,0,0,0,0,0,0,0,0
437852,Sander Kartum,2026,ELQ,43,False,2,0,0,0,0,0,0,0,0
437852,Sander Kartum,2026,ECLQ,43,False,1,0,0,0,0,0,0,0,0
437852,Sander Kartum,2026,CLQ,43,False,2,0,0,0,0,0,0,0,0
437852,Sander Kartum,2025,SCP,43,False,5,2,0,56,0,1,0,0,0
437852,Sander Kartum,2025,SC1,43,False,22,0,0,0,0,0,0,0,0
437852,Sander Kartum,2025,AUS1,8445,False,14,12,1,303,2,0,9,5,1
437852,Sander Kartum,2024,SFA,43,False,3,3,0,177,2,0,3,2,0
437852,Sander Kartum,2024,SCPA,43,False,5,4,0,104,0,0,3,1,0
437852,Sander Kartum,2024,SC1,43,False,10,8,0,328,0,0,5,1,1
437852,Sander Kartum,2024,ECLQ,1100,False,6,6,0,402,0,0,0,0,0
437852,Sander Kartum,2023,NOPO,1100,False,3,3,0,248,0,0,0,0,1
437852,Sander Kartum,2023,NO31,35018,False,1,1,0,75,1,0,0,0,0
437852,Sander Kartum,2023,NO1,1100,False,30,28,0,1322,4,1,44,14,3
437852,Sander Kartum,2023,ECLQ,1100,False,4,4,0,264,0,1,1,1,0
437852,Sander Kartum,2022,NOPO,21101,False,3,2,0,174,1,1,0,0,1
437852,Sander Kartum,2022,NO2,21101,False,15,14,1,1238,3,6,0,0,5
437852,Sander Kartum,2022,NO1,1100,False,13,12,0,724,3,2,19,6,1
437852,Sander Kartum,2021,NOPO,21101,False,3,3,0,254,0,2,0,0,1
437852,Sander Kartum,2021,NO1,21101,False,30,28,1,2086,2,7,49,16,4
437852,Sander Kartum,2020,NOPO,21101,False,3,3,0,244,0,1,0,0,1
437852,Sander Kartum,2020,NO1,21101,False,30,25,0,1225,4,1,32,12,4
437852,Sander Kartum,2019,NO2R,36249,False,2,2,0,178,0,1,0,0,1
437852,Sander Kartum,2019,NO2,36249,False,30,28,2,2514,6,9,0,0,7
437852,Sander Kartum,2018,NOPO,36249,False,2,2,0,180,0,1,0,0,0
437852,Sander Kartum,2018,NO31,36249,False,26,24,2,2104,9,0,0,0,6
437852,Sander Kartum,2017,NOPO,36249,False,2,1,0,90,1,0,0,0,0
437852,Sander Kartum,2017,NO32,36249,False,26,25,1,2238,4,0,0,0,4
437852,Sander Kartum,2016,NOPO,36249,False,2,2,0,180,0,0,0,0,1
437852,Sander Kartum,2016,NO45,36249,False,26,5,0,418,1,0,0,0,0
437852,Sander Kartum,2015,NOPO,36249,False,4,2,0,210,0,0,0,0,0
437852,Sander Kartum,2014,NOPO,36249,False,2,0,0,0,0,0,0,0,0
437852,Sander Kartum,2012,NOPO,36249,False,1,0,0,0,0,0,0,0,0
437852,Sander Kartum,2011,NOPO,36249,False,2,0,0,0,0,0,0,0,0
257685,Paulo Retre,2025,FFAC,6981,False,2,2,0,188,0,1,1,0,1
257685,Paulo Retre,2025,AUS1,8445,False,26,17,8,1046,1,0,5,1,2
257685,Paulo Retre,2025,A2VI,6981,False,7,3,0,104,0,0,0,0,0
257685,Paulo Retre,2024,FFAC,8445,False,4,4,0,206,0,0,4,0,1
257685,Paulo Retre,2024,AUS1,8445,False,26,20,4,1276,2,0,8,2,5
257685,Paulo Retre,2023,INSC,45321,False,3,3,0,256,0,0,0,0,0
257685,Paulo Retre,2023,INDP,45321,False,3,1,0,11,0,0,0,0,0
257685,Paulo Retre,2023,INDC,45321,False,5,2,0,40,0,0,0,0,0
257685,Paulo Retre,2023,IND1,45321,False,22,17,0,388,0,0,5,1,1
257685,Paulo Retre,2023,FFAC,8445,False,1,0,0,0,0,0,0,0,0
257685,Paulo Retre,2022,AUSF,8054,False,3,3,0,229,0,0,1,0,0
257685,Paulo Retre,2022,AUS1,8054,False,26,23,2,1157,1,2,11,3,5
257685,Paulo Retre,2021,FFAC,8054,False,3,2,0,194,0,0,1,0,1
257685,Paulo Retre,2021,AUS1,8054,False,26,23,0,1737,0,2,9,2,8
257685,Paulo Retre,2021,AFCL,8054,False,6,6,0,294,0,0,0,0,0
257685,Paulo Retre,2021,ACLQ,8054,False,1,1,0,61,0,0,0,0,0
257685,Paulo Retre,2020,FFAC,8054,False,4,4,0,308,0,0,3,1,0
257685,Paulo Retre,2020,AUSF,8054,False,2,2,0,180,0,0,0,0,0
257685,Paulo Retre,2020,AUS1,8054,False,26,23,0,1571,0,1,17,3,5
257685,Paulo Retre,2019,AUSF,8054,False,2,2,0,210,0,0,1,0,1
257685,Paulo Retre,2019,AUS1,8054,False,26,24,0,1917,2,1,9,0,7
257685,Paulo Retre,2019,AFCL,8054,False,6,4,0,337,0,0,2,0,0
257685,Paulo Retre,2018,FFAC,8054,False,1,0,0,0,0,0,0,0,0
257685,Paulo Retre,2018,AUSF,8054,False,2,1,0,19,0,0,0,0,0
257685,Paulo Retre,2018,AUS1,8054,False,27,20,0,1251,1,1,8,2,3
257685,Paulo Retre,2018,AFCL,8054,False,6,5,0,370,0,0,5,1,2
257685,Paulo Retre,2017,FFAC,8054,False,5,5,0,286,0,0,3,0,1
257685,Paulo Retre,2017,AUSF,8054,False,1,0,0,0,0,0,0,0,0
257685,Paulo Retre,2017,AUS1,8054,False,27,18,0,663,0,1,0,0,1
257685,Paulo Retre,2017,AFCL,8054,False,6,5,0,278,0,0,2,0,0
257685,Paulo Retre,2016,FFAC,8054,False,4,0,0,0,0,0,0,0,0
257685,Paulo Retre,2016,AUSF,25580,False,1,0,0,0,0,0,0,0,0
257685,Paulo Retre,2016,AUS1,25580,False,27,10,0,317,0,0,0,0,3
257685,Paulo Retre,2015,FFAC,25580,False,3,0,0,0,0,0,0,0,0
257685,Paulo Retre,2015,AUSF,25580,False,2,2,0,143,0,0,0,0,1
257685,Paulo Retre,2015,AUS1,25580,False,27,22,0,1315,1,1,0,0,5
257685,Paulo Retre,2014,FFAC,25580,False,2,0,0,0,0,0,0,0,0
257685,Paulo Retre,2014,AUSF,25580,False,2,2,0,121,0,0,0,0,0
257685,Paulo Retre,2014,AUS1,25580,False,27,13,0,517,0,0,0,0,2
257685,Paulo Retre,2013,AUS1,25580,False,27,4,0,166,0,0,0,0,0
257685,Paulo Retre,2012,AUS1,25580,False,9,0,0,0,0,0,0,0,0
165783,Hideki Ishige,2025,AUS1,8445,False,12,3,9,110,0,0,1,0,0
165783,Hideki Ishige,2024,FFAC,8445,False,4,4,0,371,1,0,3,0,0
165783,Hideki Ishige,2024,AUS1,8445,False,26,26,0,1838,2,7,30,10,1
165783,Hideki Ishige,2023,JEMP,596,False,3,0,0,0,0,0,0,0,0
165783,Hideki Ishige,2023,JAPC,596,False,1,1,0,79,0,0,0,0,0
165783,Hideki Ishige,2023,JAP1,596,False,28,4,0,42,0,0,1,0,0
165783,Hideki Ishige,2022,JEMP,596,False,1,1,0,45,0,0,0,0,1
165783,Hideki Ishige,2022,JAPC,596,False,8,6,0,313,1,0,0,0,0
165783,Hideki Ishige,2022,JAP1,596,False,34,22,0,915,3,3,26,5,1
165783,Hideki Ishige,2021,JEMP,596,False,3,2,0,90,0,1,0,0,0
165783,Hideki Ishige,2021,JAPC,596,False,6,5,0,222,0,0,0,0,0
165783,Hideki Ishige,2021,JAP1,596,False,34,20,0,925,0,2,12,2,0
165783,Hideki Ishige,2020,JEMP,22171,False,1,1,0,29,0,0,0,0,0
165783,Hideki Ishige,2020,JEMP,1062,False,2,0,0,0,0,0,0,0,0
165783,Hideki Ishige,2020,JAPC,1062,False,8,1,0,34,0,0,0,0,0
165783,Hideki Ishige,2020,JAP2,22171,False,19,14,5,1092,6,3,0,0,0
165783,Hideki Ishige,2020,JAP1,1062,False,22,0,0,0,0,0,0,0,0
165783,Hideki Ishige,2019,JAPC,1062,False,3,1,2,90,1,0,0,0,0
165783,Hideki Ishige,2019,JAP1,1062,False,34,2,32,119,0,0,1,0,0
165783,Hideki Ishige,2018,JEMP,1062,False,5,0,5,0,0,0,0,0,0
165783,Hideki Ishige,2018,JAPC,1062,False,6,3,3,267,0,0,0,0,0
165783,Hideki Ishige,2018,JAP1,1062,False,34,6,27,252,0,1,7,3,0
165783,Hideki Ishige,2017,JEMP,1062,False,2,2,0,122,0,0,0,0,0
165783,Hideki Ishige,2017,JAPC,1062,False,6,0,0,0,0,0,0,0,0
165783,Hideki Ishige,2017,JAP1,1062,False,34,29,0,1854,2,6,35,13,0
165783,Hideki Ishige,2016,JEMP,22171,False,2,0,0,0,0,0,0,0,0
165783,Hideki Ishige,2016,JAP2,22171,False,42,31,0,1838,2,3,0,0,0
165783,Hideki Ishige,2015,JEMP,1062,False,4,3,0,251,0,0,0,0,0
165783,Hideki Ishige,2015,JAP2,1062,False,42,23,0,1150,1,1,0,0,0
165783,Hideki Ishige,2014,JL12,1062,False,17,4,0,186,0,0,0,0,1
165783,Hideki Ishige,2014,JL11,1062,False,17,7,0,374,3,1,0,0,1
165783,Hideki Ishige,2014,JEMP,1062,False,1,1,0,72,1,0,0,0,0
165783,Hideki Ishige,2014,JAPC,1062,False,6,3,0,133,0,1,0,0,0
165783,Hideki Ishige,2014,JAP3,42631,False,30,6,0,498,1,0,0,0,0
165783,Hideki Ishige,2013,JEMP,1062,False,5,5,0,427,0,0,0,0,0
165783,Hideki Ishige,2013,JAPC,1062,False,6,2,0,125,0,0,0,0,0
165783,Hideki Ishige,2013,JAP3,42631,False,2,2,0,80,1,0,0,0,0
165783,Hideki Ishige,2013,JAP1,1062,False,34,22,0,1187,2,2,0,0,0
165783,Hideki Ishige,2012,JEMP,1062,False,3,3,0,270,0,0,0,0,0
165783,Hideki Ishige,2012,JAPC,1062,False,6,6,0,408,2,0,0,0,1
165783,Hideki Ishige,2012,JAP1,1062,False,34,32,0,2132,2,2,0,0,1
165783,Hideki Ishige,2012,23AF,77815,True,1,1,0,60,0,0,0,0,0
165783,Hideki Ishige,2011,JEMP,1062,False,3,3,0,212,0,1,0,0,0
165783,Hideki Ishige,2011,JAPC,1062,False,11,9,0,569,1,2,0,0,0
165783,Hideki Ishige,2011,JAP1,1062,False,31,16,0,921,0,1,0,0,1
165783,Hideki Ishige,2010,17WC,25507,True,5,4,0,360,3,1,0,0,0
741045,Ifeanyi Eze,2026,IRQ1,13595,False,2,2,0,154,0,0,0,0,1
741045,Ifeanyi Eze,2025,AUS1,8445,False,26,25,1,2125,10,1,58,25,5
741045,Ifeanyi Eze,2024,IRQC,31272,False,1,1,0,120,1,0,0,0,0
741045,Ifeanyi Eze,2024,IRQ1,31272,False,38,37,0,3186,15,5,0,0,7
741045,Ifeanyi Eze,2024,FFAC,8445,False,3,2,0,55,0,0,2,0,0
741045,Ifeanyi Eze,2024,CAFC,31527,False,2,0,0,0,0,0,0,0,0
741045,Ifeanyi Eze,2023,CAFC,31527,False,10,7,0,383,2,0,2,0,0
741045,Ifeanyi Eze,2021,NPFL,6799,False,38,30,0,2407,6,0,0,0,2
741045,Ifeanyi Eze,2020,NPFL,6799,False,19,4,0,275,0,0,0,0,0
741045,Ifeanyi Eze,2020,NPFL,16953,False,19,1,0,29,0,0,0,0,0
741045,Ifeanyi Eze,2019,NPFL,16953,False,10,4,0,266,0,0,0,0,0
623962,Carlo Armiento,2025,AUS1,8445,False,26,22,1,1573,5,2,46,22,3
623962,Carlo Armiento,2024,FFAC,8445,False,3,2,0,65,0,1,1,0,0
623962,Carlo Armiento,2024,CILP,4096,False,1,0,0,0,0,0,0,0,0
623962,Carlo Armiento,2023,AUS1,7831,False,27,12,10,387,0,0,21,7,2
623962,Carlo Armiento,2022,FFAC,7831,False,5,4,0,267,1,2,7,4,1
623962,Carlo Armiento,2022,AUS1,7831,False,26,24,0,1210,3,5,37,10,2
623962,Carlo Armiento,2021,AUS1,970,False,26,0,26,0,0,0,0,0,0
623962,Carlo Armiento,2020,AUS1,970,False,26,22,0,962,3,4,30,13,4
623962,Carlo Armiento,2019,AUSF,970,False,2,0,0,0,0,0,0,0,0
623962,Carlo Armiento,2019,AUS1,970,False,11,4,0,65,0,0,3,1,0
623962,Carlo Armiento,2019,AUS1,875,False,10,0,0,0,0,0,0,0,0
623962,Carlo Armiento,2019,AFCL,970,False,6,5,0,285,1,0,6,3,0
623962,Carlo Armiento,2018,FFAC,875,False,5,0,0,0,0,0,0,0,0
623962,Carlo Armiento,2018,AUSF,875,False,2,0,0,0,0,0,0,0,0
623962,Carlo Armiento,2018,AUS1,875,False,24,5,0,25,0,1,0,0,0
623962,Carlo Armiento,2017,FFAC,875,False,1,0,0,0,0,0,0,0,0
448337,Ramy Najjarine,2026,EGY1,24297,False,1,0,0,0,0,0,0,0,0
448337,Ramy Najjarine,2025,FS,3586,True,1,1,0,65,0,0,0,0,0
448337,Ramy Najjarine,2025,AUS1,8445,False,26,24,2,1753,2,3,37,11,1
448337,Ramy Najjarine,2024,AUSF,71084,False,3,3,0,43,0,0,0,0,1
448337,Ramy Najjarine,2024,AUS1,71084,False,26,15,4,199,1,2,7,1,0
448337,Ramy Najjarine,2023,FFAC,71084,False,1,0,1,0,0,0,0,0,0
448337,Ramy Najjarine,2023,AUS1,71084,False,27,13,13,395,0,1,6,0,0
448337,Ramy Najjarine,2022,FFAC,71084,False,3,1,0,26,0,0,1,1,0
448337,Ramy Najjarine,2022,AUS1,71084,False,11,1,0,9,0,0,1,0,0
448337,Ramy Najjarine,2022,AUS1,36100,False,15,11,0,466,1,1,8,6,1
448337,Ramy Najjarine,2021,FS,32270,True,1,0,0,0,0,0,0,0,0
448337,Ramy Najjarine,2021,AUS1,36100,False,26,22,0,1192,2,2,38,13,2
448337,Ramy Najjarine,2021,A23Q,32270,True,2,0,0,0,0,0,0,0,0
448337,Ramy Najjarine,2021,23AF,32270,True,6,6,0,482,1,0,14,4,0
448337,Ramy Najjarine,2020,FS,32270,True,3,2,0,113,1,0,0,0,0
448337,Ramy Najjarine,2020,FFAC,36100,False,2,0,0,0,0,0,0,0,0
448337,Ramy Najjarine,2020,AUS1,5551,False,26,15,0,1012,0,3,24,6,1
448337,Ramy Najjarine,2019,AUSF,25580,False,2,1,0,34,0,0,0,0,0
448337,Ramy Najjarine,2019,AUS1,25580,False,26,8,0,199,0,0,2,1,0
448337,Ramy Najjarine,2019,23AF,32270,True,6,4,0,220,1,0,4,3,0
448337,Ramy Najjarine,2018,FS,100451,True,1,1,0,80,0,0,0,0,0
448337,Ramy Najjarine,2018,FFAC,25580,False,5,2,0,87,0,0,1,0,0
448337,Ramy Najjarine,2018,AUSF,25580,False,1,0,0,0,0,0,0,0,0
448337,Ramy Najjarine,2018,AUS1,25580,False,27,13,0,198,1,0,4,1,2
448337,Ramy Najjarine,2017,FFAC,25580,False,3,0,0,0,0,0,0,0,0
448337,Ramy Najjarine,2017,AUSF,25580,False,2,0,0,0,0,0,0,0,0
448337,Ramy Najjarine,2017,AUS1,25580,False,27,0,0,0,0,0,0,0,0
448337,Ramy Najjarine,2017,A198,39276,True,4,3,0,103,1,0,0,0,0
448337,Ramy Najjarine,2016,FFAC,25580,False,2,0,0,0,0,0,0,0,0
285775,Nikola Mileusnic,2025,AUS1,8445,False,26,7,11,86,0,0,6,2,0
285775,Nikola Mileusnic,2024,FFAC,970,False,1,1,0,91,0,2,0,0,0
285775,Nikola Mileusnic,2024,FFAC,8445,False,1,0,0,0,0,0,0,0,0
285775,Nikola Mileusnic,2024,AUS1,970,False,26,14,12,675,0,1,15,4,1
285775,Nikola Mileusnic,2023,FFAC,970,False,3,0,0,0,0,0,0,0,0
285775,Nikola Mileusnic,2023,AUS1,7831,False,27,27,0,2039,5,5,75,30,1
285775,Nikola Mileusnic,2022,FFAC,7831,False,5,5,0,355,1,1,9,1,0
285775,Nikola Mileusnic,2022,AUS1,7831,False,26,20,0,1077,2,1,39,16,1
285775,Nikola Mileusnic,2021,FFAC,7831,False,4,4,0,233,1,1,5,4,0
285775,Nikola Mileusnic,2021,AUS1,7831,False,26,15,0,912,5,1,37,13,0
285775,Nikola Mileusnic,2020,FFAC,7831,False,3,3,0,200,0,0,8,2,0
285775,Nikola Mileusnic,2020,DKP,5724,False,8,5,1,145,1,0,0,0,1
285775,Nikola Mileusnic,2020,DKMR,5724,False,10,9,0,306,0,0,8,3,0
285775,Nikola Mileusnic,2020,DK1,5724,False,18,7,1,224,0,1,7,5,0
285775,Nikola Mileusnic,2019,AUS1,875,False,22,22,0,1671,5,2,3,0,0
285775,Nikola Mileusnic,2018,FFAC,875,False,5,3,0,186,1,1,2,0,0
285775,Nikola Mileusnic,2018,AUSF,875,False,2,2,0,121,0,0,0,0,0
285775,Nikola Mileusnic,2018,AUS1,875,False,27,19,0,1065,5,3,26,9,0
285775,Nikola Mileusnic,2017,FFAC,875,False,5,1,0,1,0,0,0,0,0
285775,Nikola Mileusnic,2017,AUSF,875,False,1,1,0,72,1,0,0,0,0
285775,Nikola Mileusnic,2017,AUS1,875,False,27,25,0,2084,2,5,0,0,0
285775,Nikola Mileusnic,2016,FFAC,875,False,4,1,0,120,1,0,0,0,0
285775,Nikola Mileusnic,2016,AUS1,875,False,27,17,0,760,1,0,0,0,0
285775,Nikola Mileusnic,2016,AFCL,875,False,6,6,0,466,0,0,0,0,1
1092678,Gabriel Sloane-Rodrigues,2025,NCL1,30746,False,3,3,0,245,0,0,0,0,0
1092678,Gabriel Sloane-Rodrigues,2025,AUS1,8445,False,26,3,0,8,0,0,1,0,0
1092678,Gabriel Sloane-Rodrigues,2024,NZNL,30746,False,6,6,0,444,1,0,0,0,0
1092678,Gabriel Sloane-Rodrigues,2024,NCL1,30746,False,3,3,0,224,2,0,0,0,0
1092678,Gabriel Sloane-Rodrigues,2024,FFAC,8445,False,4,4,0,298,0,1,3,1,0
1092678,Gabriel Sloane-Rodrigues,2024,AUS1,8445,False,26,1,9,26,0,0,0,0,0
1092678,Gabriel Sloane-Rodrigues,2024,20WC,27263,True,3,3,0,45,0,0,2,0,0
1092678,Gabriel Sloane-Rodrigues,2023,OF19,27263,True,5,4,0,150,2,0,0,0,0
1092678,Gabriel Sloane-Rodrigues,2023,NZNL,30746,False,6,6,0,432,3,0,0,0,0
1092678,Gabriel Sloane-Rodrigues,2023,NCL1,30746,False,5,5,0,328,1,0,0,0,1
1092678,Gabriel Sloane-Rodrigues,2023,FFAC,8445,False,1,1,0,67,0,0,1,0,0
1092678,Gabriel Sloane-Rodrigues,2023,AUSF,8445,False,2,0,0,0,0,0,0,0,0
1092678,Gabriel Sloane-Rodrigues,2023,AUS1,8445,False,9,1,0,1,0,0,0,0,0
1092678,Gabriel Sloane-Rodrigues,2022,OC24,25510,True,5,4,0,153,2,0,0,0,0
1092678,Gabriel Sloane-Rodrigues,2022,NZNL,30746,False,9,5,0,302,0,0,0,0,0
1092678,Gabriel Sloane-Rodrigues,2022,NCL1,30746,False,4,2,0,135,0,0,0,0,0
1092678,Gabriel Sloane-Rodrigues,2022,17WC,25510,True,3,3,0,76,0,0,1,1,0
1092670,Luke Supyk,2026,NLC,3456,False,1,0,0,0,0,0,0,0,0
1092670,Luke Supyk,2026,CNAT,3456,False,3,2,0,135,0,0,0,0,0
1092670,Luke Supyk,2025,NCL1,30746,False,3,3,0,179,2,0,0,0,0
1092670,Luke Supyk,2025,AUS1,8445,False,26,1,8,1,0,0,0,0,0
1092670,Luke Supyk,2024,NZNL,30746,False,5,5,0,414,2,0,0,0,0
1092670,Luke Supyk,2024,NCL1,30746,False,6,6,0,471,6,0,0,0,1
1092670,Luke Supyk,2024,FFAC,8445,False,4,3,0,133,0,0,4,2,0
1092670,Luke Supyk,2024,AUS1,8445,False,26,6,0,89,0,0,1,0,0
1092670,Luke Supyk,2024,20WC,27263,True,3,2,0,22,0,0,0,0,1
1092670,Luke Supyk,2023,OF19,27263,True,5,5,0,237,2,0,0,0,0
1092670,Luke Supyk,2023,NZNL,30746,False,7,7,0,598,1,0,0,0,1
1092670,Luke Supyk,2023,NCL1,30746,False,7,7,0,499,5,0,0,0,1
1092670,Luke Supyk,2023,FFAC,8445,False,1,1,0,67,0,0,1,0,0
1092670,Luke Supyk,2023,AUSF,8445,False,2,0,0,0,0,0,0,0,0
1092670,Luke Supyk,2023,AUS1,8445,False,27,4,5,19,0,0,0,0,0
1092670,Luke Supyk,2022,OC24,25510,True,5,5,0,370,6,0,0,0,1
1092670,Luke Supyk,2022,NZNL,30746,False,2,1,0,90,2,0,0,0,0
1092670,Luke Supyk,2022,NCL1,30746,False,18,11,0,567,4,0,0,0,0
1092670,Luke Supyk,2022,FFAC,8445,False,1,1,0,5,0,0,1,1,0
1092670,Luke Supyk,2022,17WC,25510,True,3,3,0,229,0,0,8,3,0
50104,Dean Bouzanis,2025,FFAC,7831,False,2,2,0,180,0,0,0,0,0
50104,Dean Bouzanis,2025,AUS1,7831,False,26,26,0,2295,0,1,0,0,3
50104,Dean Bouzanis,2024,POG3,358,False,3,0,0,0,0,0,0,0,0
50104,Dean Bouzanis,2024,GBFL,3684,False,4,1,0,90,0,0,0,0,0
50104,Dean Bouzanis,2024,GB3,3684,False,20,0,0,0,0,0,0,0,0
50104,Dean Bouzanis,2024,GB3,358,False,9,0,0,0,0,0,0,0,0
50104,Dean Bouzanis,2024,GB3,1032,False,7,0,0,0,0,0,0,0,0
50104,Dean Bouzanis,2024,FAC,3684,False,2,0,0,0,0,0,0,0,0
50104,Dean Bouzanis,2024,FAC,1032,False,1,0,0,0,0,0,0,0,0
50104,Dean Bouzanis,2024,CGB,3684,False,1,0,0,0,0,0,0,0,0
50104,Dean Bouzanis,2023,GBFL,3052,False,3,0,0,0,0,0,0,0,0
50104,Dean Bouzanis,2023,GB4,3052,False,41,25,0,2137,0,0,1,0,2
50104,Dean Bouzanis,2023,GB3,1032,False,5,1,0,90,0,0,0,0,0
50104,Dean Bouzanis,2023,GB21,36123,False,1,1,0,45,0,0,0,0,0
50104,Dean Bouzanis,2023,FAC,3052,False,3,3,0,270,0,0,0,0,0
50104,Dean Bouzanis,2023,CGB,3052,False,1,0,0,0,0,0,0,0,0
50104,Dean Bouzanis,2023,CGB,1032,False,2,0,0,0,0,0,0,0,0
50104,Dean Bouzanis,2022,GB2,1032,False,46,5,0,418,0,0,0,0,1
50104,Dean Bouzanis,2022,FAC,1032,False,2,2,0,105,0,0,0,0,0
50104,Dean Bouzanis,2022,CGB,1032,False,1,1,0,90,0,0,0,0,0
50104,Dean Bouzanis,2021,GBFL,3052,False,8,6,0,500,0,0,1,0,0
50104,Dean Bouzanis,2021,GB4,3052,False,46,44,0,3960,0,1,0,0,5
50104,Dean Bouzanis,2021,FAC,3052,False,2,2,0,180,0,0,0,0,0
50104,Dean Bouzanis,2021,CGB,3052,False,1,1,0,90,0,0,0,0,0
50104,Dean Bouzanis,2020,CNAT,3052,False,42,42,0,3780,0,0,0,0,0
50104,Dean Bouzanis,2019,AUS1,25580,False,23,13,0,1170,0,0,0,0,2
50104,Dean Bouzanis,2018,NLP,1269,False,3,0,0,0,0,0,0,0,0
50104,Dean Bouzanis,2018,NLBV,20300,False,6,3,0,270,0,0,0,0,0
50104,Dean Bouzanis,2018,NLBE,20300,False,6,5,0,450,0,0,0,0,0
50104,Dean Bouzanis,2018,NL1,1269,False,31,0,0,0,0,0,0,0,0
50104,Dean Bouzanis,2018,FFAC,25580,False,5,3,0,270,0,0,0,0,0
50104,Dean Bouzanis,2017,FFAC,25580,False,2,0,0,0,0,0,0,0,0
50104,Dean Bouzanis,2017,AUSF,25580,False,2,2,0,180,0,0,0,0,0
50104,Dean Bouzanis,2017,AUS1,25580,False,27,19,0,1710,0,0,0,0,1
50104,Dean Bouzanis,2016,FFAC,25580,False,2,0,0,0,0,0,0,0,0
50104,Dean Bouzanis,2016,AUSF,25580,False,1,1,0,90,0,0,0,0,0
50104,Dean Bouzanis,2016,AUS1,25580,False,27,21,0,1783,0,0,0,0,3
50104,Dean Bouzanis,2015,FFAC,25580,False,3,1,0,90,0,0,0,0,0
50104,Dean Bouzanis,2015,AUSF,25580,False,2,0,0,0,0,0,0,0,0
50104,Dean Bouzanis,2015,AUS1,36100,False,13,0,0,0,0,0,0,0,0
50104,Dean Bouzanis,2015,AUS1,25580,False,14,1,0,45,0,0,0,0,0
50104,Dean Bouzanis,2014,KLUB,36100,False,2,1,0,90,0,0,0,0,0
50104,Dean Bouzanis,2014,FFAC,36100,False,1,0,0,0,0,0,0,0,0
50104,Dean Bouzanis,2014,AUS1,36100,False,27,6,0,540,0,0,0,0,0
50104,Dean Bouzanis,2014,AFCL,36100,False,6,1,0,90,0,0,0,0,0
50104,Dean Bouzanis,2013,GRP,605,False,2,1,0,90,0,0,0,0,0
50104,Dean Bouzanis,2013,GR1,605,False,21,1,0,90,0,0,0,0,0
50104,Dean Bouzanis,2013,GB3,1220,False,17,0,0,0,0,0,0,0,0
50104,Dean Bouzanis,2013,AFCL,36100,False,6,0,0,0,0,0,0,0,0
50104,Dean Bouzanis,2012,GBFL,1078,False,1,1,0,90,0,0,0,0,0
50104,Dean Bouzanis,2012,GB3,1078,False,43,36,0,3240,0,0,0,0,1
50104,Dean Bouzanis,2012,FAC,1078,False,5,5,0,450,0,0,0,0,0
50104,Dean Bouzanis,2012,CGB,1078,False,1,0,0,0,0,0,0,0,0
50104,Dean Bouzanis,2011,GBFL,1078,False,3,0,0,0,0,0,0,0,0
50104,Dean Bouzanis,2011,GB3,1078,False,28,9,0,765,0,0,0,0,0
50104,Dean Bouzanis,2011,FAC,1078,False,3,0,0,0,0,0,0,0,0
50104,Dean Bouzanis,2010,GBR,9252,False,19,1,0,90,0,0,0,0,0
50104,Dean Bouzanis,2010,FS,32270,True,1,1,0,45,0,0,0,0,0
50104,Dean Bouzanis,2009,GBRN,9252,False,8,0,0,0,0,0,0,0,0
50104,Dean Bouzanis,2009,GBFL,3688,False,1,1,0,90,0,0,0,0,0
50104,Dean Bouzanis,2009,GB4,3688,False,29,14,0,1163,0,0,0,0,1
50104,Dean Bouzanis,2009,FAC,3688,False,4,4,0,317,0,0,0,0,1
50104,Dean Bouzanis,2008,FAYC,6922,False,4,4,0,360,0,0,0,0,0
50104,Dean Bouzanis,2008,20WC,22976,True,3,2,0,180,0,0,0,0,0
50104,Dean Bouzanis,2007,AUS1,8054,False,3,0,0,0,0,0,0,0,0
50104,Dean Bouzanis,2007,19EU,22246,True,3,0,0,0,0,0,0,0,0
50104,Dean Bouzanis,2006,FAYC,6922,False,2,0,0,0,0,0,0,0,0
50104,Dean Bouzanis,2006,AFCL,8054,False,4,0,0,0,0,0,0,0,0
1240369,Oscar Page,2025,FFAC,7831,False,2,0,0,0,0,0,0,0,0
1240369,Oscar Page,2025,AUS1,7831,False,26,0,0,0,0,0,0,0,0
1240369,Oscar Page,2024,AUS1,875,False,2,0,0,0,0,0,0,0,0
1279984,Lucas Herrington,2026,GB1,3008,False,1,1,0,26,0,0,0,0,0
1279984,Lucas Herrington,2025,MLSP,1247,False,3,2,0,210,0,0,0,0,0
1279984,Lucas Herrington,2025,MLS1,1247,False,18,18,0,1531,1,1,3,1,4
1279984,Lucas Herrington,2025,FS,3433,True,4,4,0,270,0,0,0,0,0
1279984,Lucas Herrington,2025,FS,22976,True,1,1,0,90,0,0,0,0,0
1279984,Lucas Herrington,2025,FIWC,3433,True,4,2,0,210,0,0,0,0,0
1279984,Lucas Herrington,2025,AUS1,7831,False,15,11,4,930,1,0,6,3,2
1279984,Lucas Herrington,2024,FS,22976,True,4,3,0,163,0,0,0,0,0
1279984,Lucas Herrington,2024,FS,100451,True,4,4,0,360,0,0,1,0,0
1279984,Lucas Herrington,2024,FFAC,7831,False,1,1,0,90,0,0,0,0,0
1279984,Lucas Herrington,2024,AUS1,7831,False,26,17,3,1375,1,0,8,3,2
1279984,Lucas Herrington,2024,A920,22976,True,6,2,0,112,0,0,0,0,0
1279984,Lucas Herrington,2024,20WC,22976,True,3,1,0,90,0,0,1,0,0
1279984,Lucas Herrington,2023,AF19,39276,True,5,4,0,297,0,0,0,0,1
1279984,Lucas Herrington,2022,A169,32269,True,3,0,0,0,0,0,0,0,0
710470,Hosine Bility,2025,FFAC,7831,False,2,2,0,180,0,0,2,1,0
710470,Hosine Bility,2025,AUS1,7831,False,26,7,5,475,0,0,0,0,1
710470,Hosine Bility,2024,FFAC,7831,False,1,1,0,90,0,0,0,0,1
710470,Hosine Bility,2024,AUS1,7831,False,26,23,1,1889,0,0,6,2,6
710470,Hosine Bility,2023,W23C,32270,True,3,2,0,161,0,0,0,0,0
710470,Hosine Bility,2023,PT23,100335,False,14,8,0,597,0,0,0,0,2
710470,Hosine Bility,2023,POPO,7056,False,3,0,0,0,0,0,0,0,0
710470,Hosine Bility,2023,POCP,7056,False,1,0,0,0,0,0,0,0,0
710470,Hosine Bility,2023,PO2,7056,False,34,0,0,0,0,0,0,0,0
710470,Hosine Bility,2023,P23Q,100335,False,14,6,0,490,0,0,0,0,0
710470,Hosine Bility,2023,FS,32270,True,2,0,0,0,0,0,0,0,0
710470,Hosine Bility,2023,FFAC,7831,False,1,0,0,0,0,0,0,0,0
710470,Hosine Bility,2023,A23Q,32270,True,2,1,0,90,0,0,0,0,0
710470,Hosine Bility,2022,PT23,100335,False,12,5,0,450,0,0,0,0,0
710470,Hosine Bility,2022,POPO,7056,False,3,0,0,0,0,0,0,0,0
710470,Hosine Bility,2022,POCP,7056,False,3,1,0,8,0,0,0,0,0
710470,Hosine Bility,2022,PO2,7056,False,27,0,0,0,0,0,0,0,0
710470,Hosine Bility,2022,P23Q,100335,False,14,6,0,388,0,0,0,0,1
710470,Hosine Bility,2022,P23F,100335,False,1,0,0,0,0,0,0,0,0
710470,Hosine Bility,2022,FS,32270,True,5,1,0,66,0,0,0,0,0
710470,Hosine Bility,2022,DK1,865,False,6,0,0,0,0,0,0,0,0
710470,Hosine Bility,2022,CLQ,865,False,4,0,0,0,0,0,0,0,0
710470,Hosine Bility,2021,UCOL,865,False,2,0,0,0,0,0,0,0,0
710470,Hosine Bility,2021,ISP,3832,False,2,1,0,39,0,0,0,0,1
710470,Hosine Bility,2021,IS1,3832,False,10,4,0,92,0,0,0,0,2
710470,Hosine Bility,2021,EL,865,False,6,0,0,0,0,0,0,0,0
710470,Hosine Bility,2021,DKRE,62685,False,1,1,0,45,0,0,0,0,0
710470,Hosine Bility,2021,DKP,865,False,4,0,0,0,0,0,0,0,0
710470,Hosine Bility,2021,DKMR,865,False,2,0,0,0,0,0,0,0,0
710470,Hosine Bility,2021,DK1,865,False,22,0,0,0,0,0,0,0,0
710470,Hosine Bility,2021,CLQ,865,False,4,0,0,0,0,0,0,0,0
710470,Hosine Bility,2021,23AF,32270,True,6,3,0,270,0,0,0,0,1
710470,Hosine Bility,2020,DKRE,62685,False,1,1,0,78,0,0,0,0,0
710470,Hosine Bility,2020,DKP,865,False,6,0,0,0,0,0,0,0,0
710470,Hosine Bility,2020,DKMR,865,False,10,0,0,0,0,0,0,0,0
710470,Hosine Bility,2020,DKDL,9054,False,26,11,0,677,0,0,0,0,1
710470,Hosine Bility,2020,DK1,865,False,14,0,0,0,0,0,0,0,0
710470,Hosine Bility,2020,CL,865,False,3,0,0,0,0,0,0,0,0
710470,Hosine Bility,2019,DKDL,9054,False,15,5,0,300,0,0,0,0,0
710470,Hosine Bility,2019,19YL,50935,False,3,1,0,32,0,0,0,0,0
1056224,Dimitri Valkanis,2025,FFAC,7831,False,2,2,0,163,0,0,2,0,0
1056224,Dimitri Valkanis,2025,ECLQ,2441,False,3,0,0,0,0,0,0,0,0
1056224,Dimitri Valkanis,2025,AUS1,7831,False,26,23,3,2027,2,0,15,4,5
1056224,Dimitri Valkanis,2024,S2PO,91870,False,8,7,0,630,0,0,0,0,2
1056224,Dimitri Valkanis,2024,GRS2,91870,False,18,12,1,860,0,0,0,0,3
1056224,Dimitri Valkanis,2024,GR20,7632,False,4,4,0,360,0,0,0,0,2
1056224,Dimitri Valkanis,2024,FS,22976,True,3,2,0,180,1,0,0,0,0
1056224,Dimitri Valkanis,2023,GR20,7632,False,26,12,0,960,1,0,0,0,2
1056224,Dimitri Valkanis,2022,GR20,7632,False,26,23,1,1938,0,0,0,0,5
1056224,Dimitri Valkanis,2022,FS,100451,True,1,0,0,0,0,0,0,0,0
285225,Ben Warland,2025,AUS1,7831,False,26,1,0,3,0,0,0,0,0
285225,Ben Warland,2024,FFAC,7831,False,1,0,1,0,0,0,0,0,0
285225,Ben Warland,2024,AUS1,7831,False,26,8,18,664,0,0,3,2,2
285225,Ben Warland,2023,FFAC,7831,False,1,1,0,90,0,0,0,0,0
285225,Ben Warland,2023,AUS1,875,False,27,14,2,979,0,0,8,2,2
285225,Ben Warland,2022,FFAC,875,False,2,2,0,180,0,0,1,0,0
285225,Ben Warland,2022,AUSF,875,False,3,3,0,270,0,0,0,0,0
285225,Ben Warland,2022,AUS1,875,False,26,16,2,1367,3,2,15,5,2
285225,Ben Warland,2021,FFAC,875,False,3,1,0,17,0,0,0,0,0
285225,Ben Warland,2021,AUS1,8054,False,26,16,0,976,0,0,5,1,3
285225,Ben Warland,2021,AFCL,8054,False,6,5,0,303,0,0,0,0,0
285225,Ben Warland,2021,ACLQ,8054,False,1,1,0,90,0,0,1,0,0
285225,Ben Warland,2020,FFAC,8054,False,4,1,0,90,0,0,0,0,0
285225,Ben Warland,2020,AUSF,8054,False,2,2,0,180,0,0,0,0,0
285225,Ben Warland,2020,AUS1,8054,False,26,10,0,488,0,0,1,0,2
285225,Ben Warland,2019,AUSF,8054,False,2,0,0,0,0,0,0,0,0
285225,Ben Warland,2019,AUS1,8054,False,26,0,0,0,0,0,0,0,0
285225,Ben Warland,2019,AFCL,8054,False,6,3,0,263,0,0,4,1,0
285225,Ben Warland,2018,FFAC,8054,False,1,0,0,0,0,0,0,0,0
285225,Ben Warland,2018,AUSF,8054,False,2,0,0,0,0,0,0,0,0
285225,Ben Warland,2018,AUS1,8054,False,27,9,0,737,0,0,2,0,1
285225,Ben Warland,2018,AFCL,8054,False,6,2,0,180,0,0,0,0,0
285225,Ben Warland,2017,FFAC,8054,False,5,1,0,90,1,0,1,1,0
285225,Ben Warland,2017,AUSF,8054,False,1,1,0,63,0,0,0,0,0
285225,Ben Warland,2017,AUS1,875,False,18,6,0,414,0,0,0,0,0
285225,Ben Warland,2017,AUS1,8054,False,9,4,0,147,0,0,0,0,0
285225,Ben Warland,2017,AFCL,8054,False,6,3,0,188,0,0,0,0,1
285225,Ben Warland,2016,FFAC,875,False,4,1,0,42,0,0,0,0,0
285225,Ben Warland,2016,AUS1,875,False,27,1,0,90,0,0,0,0,0
285225,Ben Warland,2016,AFCL,875,False,6,2,0,94,0,0,0,0,1
285225,Ben Warland,2015,AUSF,875,False,2,0,0,0,0,0,0,0,0
285225,Ben Warland,2015,AUS1,875,False,27,1,0,1,0,0,0,0,0
285225,Ben Warland,2015,ACLQ,875,False,1,0,0,0,0,0,0,0,0
285225,Ben Warland,2014,FFAC,875,False,1,0,0,0,0,0,0,0,0
285225,Ben Warland,2014,AUSF,875,False,2,0,0,0,0,0,0,0,0
285225,Ben Warland,2014,AUS1,875,False,27,1,0,21,0,0,0,0,0
285225,Ben Warland,2013,FFAC,875,False,3,0,0,0,0,0,0,0,0
223197,Marius Lode,2025,UCOL,1109,False,6,4,0,185,0,0,0,0,0
223197,Marius Lode,2025,SEC,1109,False,1,1,0,66,1,0,0,0,0
223197,Marius Lode,2025,SE1,1109,False,2,0,0,0,0,0,0,0,0
223197,Marius Lode,2025,NO1,10217,False,5,5,0,293,0,0,0,0,0
223197,Marius Lode,2025,ELQ,1109,False,6,6,0,570,0,0,0,0,1
223197,Marius Lode,2025,ECLQ,1109,False,2,2,0,180,0,0,0,0,0
223197,Marius Lode,2025,AUS1,7831,False,9,9,0,792,0,0,2,1,0
223197,Marius Lode,2024,SEC,1109,False,7,4,0,338,0,0,0,0,1
223197,Marius Lode,2024,SE1,1109,False,30,25,2,2025,0,1,7,1,4
223197,Marius Lode,2024,ECLQ,1109,False,6,6,0,519,0,0,0,0,0
223197,Marius Lode,2023,UCOL,501,False,8,1,0,90,0,0,0,0,0
223197,Marius Lode,2023,SE1,1109,False,30,28,0,2353,0,0,3,0,1
223197,Marius Lode,2023,ECLQ,501,False,6,4,0,70,0,0,0,0,0
223197,Marius Lode,2022,UNLB,3440,True,6,0,0,0,0,0,0,0,0
223197,Marius Lode,2022,UCOL,501,False,2,2,0,180,0,0,1,0,0
223197,Marius Lode,2022,NOPO,501,False,7,5,0,364,0,0,0,0,0
223197,Marius Lode,2022,NO45,45445,False,1,1,0,45,0,0,0,0,0
223197,Marius Lode,2022,NO1,501,False,30,20,1,1426,0,0,0,0,1
223197,Marius Lode,2022,L1,33,False,4,0,0,0,0,0,0,0,0
223197,Marius Lode,2022,FS,3440,True,2,0,0,0,0,0,0,0,0
223197,Marius Lode,2022,EL,501,False,6,6,0,423,0,0,0,0,1
223197,Marius Lode,2022,DFB,33,False,1,0,0,0,0,0,0,0,0
223197,Marius Lode,2021,UCOL,501,False,6,6,0,531,0,0,0,0,1
223197,Marius Lode,2021,NOPO,501,False,3,3,0,270,0,0,0,0,1
223197,Marius Lode,2021,NO1,501,False,10,10,0,626,0,0,2,0,1
223197,Marius Lode,2021,L2,33,False,16,6,2,206,0,2,0,0,0
223197,Marius Lode,2021,FS,3440,True,2,0,0,0,0,0,0,0,0
223197,Marius Lode,2021,ECLQ,501,False,6,6,0,514,0,0,0,0,1
223197,Marius Lode,2021,CLQ,501,False,2,2,0,178,0,0,0,0,0
223197,Marius Lode,2020,WMQ6,3440,True,10,2,0,180,0,0,0,0,0
223197,Marius Lode,2020,NOPO,501,False,3,0,0,0,0,0,0,0,0
223197,Marius Lode,2020,NO1,501,False,30,21,0,1656,0,0,2,1,3
223197,Marius Lode,2020,FS,3440,True,2,0,0,0,0,0,0,0,0
223197,Marius Lode,2020,ELQ,501,False,3,3,0,239,0,0,0,0,1
223197,Marius Lode,2019,NO1,501,False,30,26,2,2009,1,0,4,1,3
223197,Marius Lode,2018,NOPO,501,False,2,1,0,120,0,0,0,0,0
223197,Marius Lode,2018,NO1,501,False,30,26,0,2265,0,1,3,1,2
223197,Marius Lode,2017,NOPO,501,False,5,3,0,254,0,0,0,0,0
223197,Marius Lode,2017,NO1,501,False,30,16,0,1384,0,0,1,1,0
223197,Marius Lode,2016,NOPO,501,False,3,3,0,211,0,0,0,0,1
223197,Marius Lode,2016,NO2,501,False,30,29,0,2519,0,3,0,0,2
223197,Marius Lode,2015,NOPO,1057,False,2,0,0,0,0,0,0,0,0
223197,Marius Lode,2015,NO2,1057,False,30,11,0,990,0,1,0,0,2
223197,Marius Lode,2014,NOPO,1057,False,3,3,0,112,0,0,0,0,0
223197,Marius Lode,2014,NO2,1057,False,30,28,0,2520,0,1,0,0,2
223197,Marius Lode,2013,NOPO,1057,False,2,2,0,185,0,0,0,0,0
223197,Marius Lode,2013,NO2,1057,False,30,23,2,1816,0,0,0,0,4
223197,Marius Lode,2012,NOPO,1057,False,4,3,0,271,0,0,0,0,0
223197,Marius Lode,2012,NO2,1057,False,30,27,3,2356,0,1,0,0,9
223197,Marius Lode,2012,FS,16854,True,2,1,0,20,0,0,0,0,0
223197,Marius Lode,2012,21EU,16854,True,2,0,0,0,0,0,0,0,0
223197,Marius Lode,2011,NOPO,1057,False,2,2,0,180,0,0,0,0,0
223197,Marius Lode,2011,NO2,1057,False,30,28,0,2320,0,0,0,0,4
1183452,Austin Ludwik,2025,AUS1,7831,False,26,9,3,791,0,0,6,1,1
1183452,Austin Ludwik,2024,FFAC,7831,False,1,0,0,0,0,0,0,0,0
1183452,Austin Ludwik,2024,AUS1,7831,False,12,6,0,216,0,0,0,0,1
1183452,Austin Ludwik,2022,FFAC,68423,False,2,2,0,180,1,0,4,1,1
1183452,Austin Ludwik,2020,FFAC,68423,False,2,2,0,180,0,0,2,0,0
1234224,Mikael Evagorou-Alao,2025,FFAC,7831,False,2,0,0,0,0,0,0,0,0
1234224,Mikael Evagorou-Alao,2025,AUS1,7831,False,18,1,0,14,0,0,0,0,1
1234224,Mikael Evagorou-Alao,2025,AF19,39276,True,4,1,0,90,0,0,0,0,0
1234224,Mikael Evagorou-Alao,2023,TDV,34133,False,3,1,0,45,0,0,0,0,0
583641,Antonee Burke-Gilroy,2025,FFAC,12991,False,2,0,0,0,0,0,0,0,0
583641,Antonee Burke-Gilroy,2025,AUS1,7831,False,26,1,4,24,0,0,0,0,0
583641,Antonee Burke-Gilroy,2025,A2VI,12991,False,9,0,0,0,0,0,0,0,0
583641,Antonee Burke-Gilroy,2024,FFAC,7831,False,1,1,0,90,0,0,2,1,0
583641,Antonee Burke-Gilroy,2024,AUS1,7831,False,26,25,0,1873,0,1,8,0,1
583641,Antonee Burke-Gilroy,2023,FFAC,7831,False,1,1,0,63,0,0,1,0,0
583641,Antonee Burke-Gilroy,2023,AUS1,7831,False,24,17,7,1068,0,2,4,2,2
583641,Antonee Burke-Gilroy,2022,AUS1,970,False,26,9,0,406,0,0,0,0,3
583641,Antonee Burke-Gilroy,2021,AUS1,970,False,26,25,0,1951,1,3,22,7,4
583641,Antonee Burke-Gilroy,2020,AUSF,7831,False,1,0,0,0,0,0,0,0,0
583641,Antonee Burke-Gilroy,2020,AUS1,7831,False,7,2,0,42,0,0,1,0,0
583641,Antonee Burke-Gilroy,2020,A2VI,8156,False,12,1,0,90,0,0,0,0,0
583641,Antonee Burke-Gilroy,2019,USL,46720,False,16,14,0,1028,0,2,3,0,1
583641,Antonee Burke-Gilroy,2018,USL,46720,False,34,22,0,1561,0,0,11,4,3
583641,Antonee Burke-Gilroy,2017,USL,46720,False,27,19,0,1322,3,2,13,4,3
583641,Antonee Burke-Gilroy,2016,POPO,2990,False,1,0,0,0,0,0,0,0,0
583641,Antonee Burke-Gilroy,2016,PO2,2990,False,22,0,0,0,0,0,0,0,0
1475753,Jackson O'Reilly,2025,AUS1,7831,False,2,0,0,0,0,0,0,0,0
1475753,Jackson O'Reilly,2024,17WC,25510,True,3,2,0,40,0,0,1,0,0
976123,Sam Klein,2026,L2,35,False,2,1,0,5,0,0,1,0,0
976123,Sam Klein,2026,DFB,35,False,1,0,0,0,0,0,0,0,0
976123,Sam Klein,2025,AUS1,7831,False,26,25,1,2183,4,1,66,22,7
976123,Sam Klein,2024,FS,77740,True,1,1,0,8,0,0,0,0,0
976123,Sam Klein,2024,FFAC,7831,False,1,1,0,90,0,0,6,1,1
976123,Sam Klein,2024,AUS1,7831,False,26,19,0,1425,5,0,37,15,2
976123,Sam Klein,2022,FS,22976,True,3,2,0,135,0,0,0,0,0
976123,Sam Klein,2022,AUS1,7831,False,26,0,0,0,0,0,0,0,0
976123,Sam Klein,2021,FFAC,7831,False,4,0,0,0,0,0,0,0,0
976123,Sam Klein,2021,AUS1,7831,False,20,1,0,3,0,0,0,0,0
976123,Sam Klein,2020,FFAC,7831,False,1,0,0,0,0,0,0,0,0
499341,Milorad Stajic,2025,FFAC,7831,False,2,2,0,121,0,0,1,0,1
499341,Milorad Stajic,2025,AUS1,7831,False,26,6,20,530,0,0,4,1,2
499341,Milorad Stajic,2024,SR1R,7567,False,7,2,0,57,0,0,0,0,0
499341,Milorad Stajic,2024,SERP,7567,False,3,3,0,170,0,0,0,0,1
499341,Milorad Stajic,2024,SER1,7567,False,30,19,0,932,0,1,7,1,2
499341,Milorad Stajic,2024,RSER,7567,False,2,0,0,0,0,0,0,0,0
499341,Milorad Stajic,2023,U21Q,11941,True,2,2,0,125,0,0,0,0,0
499341,Milorad Stajic,2023,SR1R,7567,False,7,3,3,125,0,0,1,1,0
499341,Milorad Stajic,2023,SERP,7567,False,2,2,0,117,0,0,0,0,0
499341,Milorad Stajic,2023,SER1,7567,False,30,24,2,1763,0,0,15,3,9
499341,Milorad Stajic,2022,SERP,4655,False,1,0,1,0,0,0,0,0,0
499341,Milorad Stajic,2022,SER2,4655,False,30,16,12,1011,2,1,0,0,4
499341,Milorad Stajic,2022,RSER,4655,False,2,2,0,100,0,0,0,0,0
499341,Milorad Stajic,2022,PVCR,4655,False,7,7,0,382,0,0,0,0,1
499341,Milorad Stajic,2021,SER2,4655,False,9,9,0,747,0,0,0,0,3
499341,Milorad Stajic,2021,SB19,71683,False,1,1,0,90,1,0,0,0,0
499341,Milorad Stajic,2021,PVRR,4655,False,7,7,0,248,0,0,0,0,1
499341,Milorad Stajic,2021,CHPR,5299,False,18,8,0,203,0,0,0,0,1
499341,Milorad Stajic,2020,CHPR,5299,False,15,9,0,523,0,0,0,0,1
499341,Milorad Stajic,2020,C3P1,5299,False,7,4,0,159,0,0,0,0,2
499341,Milorad Stajic,2019,CHUC,14322,False,2,1,0,65,0,0,0,0,1
499341,Milorad Stajic,2019,CH18,14322,False,14,12,2,785,0,0,0,0,4
499341,Milorad Stajic,2018,CHUC,32337,False,2,2,0,118,1,0,0,0,1
499341,Milorad Stajic,2018,CHUC,14322,False,1,1,0,90,0,0,0,0,1
499341,Milorad Stajic,2018,CH18,14322,False,6,4,0,246,0,0,0,0,0
499341,Milorad Stajic,2018,CH17,32337,False,23,15,0,1287,4,0,0,0,4
499341,Milorad Stajic,2018,C18E,14322,False,2,0,0,0,0,0,0,0,0
499341,Milorad Stajic,2017,CH17,32337,False,1,0,0,0,0,0,0,0,0
322958,Youstin Salas,2026,CRPD,54649,False,5,4,0,107,0,0,0,0,1
322958,Youstin Salas,2025,CRPO,54649,False,2,1,0,90,0,0,0,0,0
322958,Youstin Salas,2025,CRPD,54649,False,8,5,3,438,0,0,0,0,3
322958,Youstin Salas,2025,AUS1,7831,False,26,26,0,2338,1,0,9,2,5
322958,Youstin Salas,2024,SCCR,4720,False,1,0,0,0,0,0,0,0,0
322958,Youstin Salas,2024,PDV1,54649,False,22,16,0,1190,0,2,0,0,5
322958,Youstin Salas,2024,CSC2,4720,False,1,1,0,36,0,0,0,0,1
322958,Youstin Salas,2024,CRPV,4720,False,4,0,0,0,0,0,0,0,0
322958,Youstin Salas,2024,CRPO,4720,False,1,0,1,0,0,0,0,0,0
322958,Youstin Salas,2024,CRPD,4720,False,22,11,7,448,0,1,0,0,0
322958,Youstin Salas,2024,CCAC,4720,False,8,4,3,155,0,0,0,0,1
322958,Youstin Salas,2023,SCCR,4720,False,1,1,0,57,0,0,0,0,0
322958,Youstin Salas,2023,PDV1,4720,False,5,1,2,45,0,0,0,0,0
322958,Youstin Salas,2023,FS,8497,True,2,1,0,45,0,0,0,0,0
322958,Youstin Salas,2023,CSC2,4720,False,1,1,0,65,0,0,0,0,1
322958,Youstin Salas,2023,CRPV,4720,False,4,3,0,57,0,0,0,0,0
322958,Youstin Salas,2023,CRPO,4720,False,3,1,1,90,0,1,0,0,0
322958,Youstin Salas,2023,CRPD,4720,False,22,18,1,906,1,2,0,0,3
322958,Youstin Salas,2023,CCAC,4720,False,8,6,0,376,0,0,0,0,0
322958,Youstin Salas,2023,AUSF,8445,False,2,2,0,48,0,0,4,0,1
322958,Youstin Salas,2023,AUS1,8445,False,13,10,2,569,0,1,6,2,4
322958,Youstin Salas,2022,PDV2,4720,False,4,4,0,322,0,1,0,0,2
322958,Youstin Salas,2022,PDV1,4720,False,22,19,0,1375,0,2,0,0,3
322958,Youstin Salas,2022,GOCU,8497,True,4,0,4,0,0,0,0,0,0
322958,Youstin Salas,2022,FS,8497,True,5,1,2,12,0,0,0,0,0
322958,Youstin Salas,2022,CVF,4720,False,2,1,1,90,0,0,0,0,1
322958,Youstin Salas,2022,CRPV,4720,False,4,4,0,326,0,0,0,0,2
322958,Youstin Salas,2022,CRPO,4720,False,6,0,0,0,0,0,0,0,0
322958,Youstin Salas,2022,CRPD,4720,False,16,15,0,1232,0,4,0,0,5
322958,Youstin Salas,2022,CNLA,8497,True,4,0,0,0,0,0,0,0,0
322958,Youstin Salas,2022,CIF,4720,False,2,2,0,171,0,0,0,0,0
322958,Youstin Salas,2021,POWM,8497,True,1,0,0,0,0,0,0,0,0
322958,Youstin Salas,2021,PDV1,35556,False,22,18,0,1620,3,3,0,0,8
322958,Youstin Salas,2021,FIWC,8497,True,3,2,0,46,0,0,0,0,0
322958,Youstin Salas,2021,CRPD,35556,False,22,20,0,1745,2,1,0,0,7
322958,Youstin Salas,2020,WMQ3,8497,True,11,3,0,169,0,0,1,0,0
322958,Youstin Salas,2020,PDV1,35556,False,22,19,1,1421,0,1,0,0,7
322958,Youstin Salas,2020,PDRL,35556,False,2,2,0,180,0,0,0,0,1
322958,Youstin Salas,2020,CRPD,35556,False,16,13,2,1035,1,0,0,0,10
322958,Youstin Salas,2019,PDV1,35556,False,22,16,1,1130,1,0,0,0,7
322958,Youstin Salas,2019,CRPD,23609,False,22,11,1,805,0,0,0,0,5
322958,Youstin Salas,2018,PDV2,2677,False,2,0,0,0,0,0,0,0,0
322958,Youstin Salas,2018,PDV1,2677,False,22,5,0,220,0,0,0,0,0
322958,Youstin Salas,2018,CRPV,2677,False,4,0,0,0,0,0,0,0,0
322958,Youstin Salas,2018,CRPD,2677,False,22,1,12,24,0,0,0,0,0
322958,Youstin Salas,2018,COLE,2677,False,8,1,6,2,0,0,0,0,0
322958,Youstin Salas,2018,CIF,2677,False,2,0,0,0,0,0,0,0,0
322958,Youstin Salas,2018,CCL,2677,False,2,0,0,0,0,0,0,0,0
322958,Youstin Salas,2017,PDV1,20541,False,22,0,0,0,0,0,0,0,0
322958,Youstin Salas,2017,CVSP,20541,False,6,3,0,133,0,0,0,0,1
322958,Youstin Salas,2017,CRPD,20541,False,22,14,0,1054,2,1,0,0,5
322958,Youstin Salas,2017,COLE,20541,False,8,6,0,190,1,0,0,0,0
322958,Youstin Salas,2017,CISP,20541,False,6,1,0,90,0,0,0,0,0
322958,Youstin Salas,2016,PDV1,20541,False,22,0,0,0,0,0,0,0,0
322958,Youstin Salas,2016,CVSP,20541,False,6,0,0,0,0,0,0,0,0
322958,Youstin Salas,2016,CRPD,20541,False,22,6,0,503,0,0,0,0,2
322958,Youstin Salas,2016,CISP,20541,False,6,2,0,180,0,0,0,0,0
322958,Youstin Salas,2015,PDV1,20541,False,22,4,0,172,0,0,0,0,3
322958,Youstin Salas,2015,CRPO,20541,False,4,0,0,0,0,0,0,0,0
322958,Youstin Salas,2015,CRPD,20541,False,22,9,0,721,0,0,0,0,3
322958,Youstin Salas,2014,PDV2,20541,False,2,0,0,0,0,0,0,0,0
322958,Youstin Salas,2014,PDV1,20541,False,22,1,0,9,0,0,0,0,0
322958,Youstin Salas,2014,CRPO,20541,False,3,0,0,0,0,0,0,0,0
322958,Youstin Salas,2014,CRPD,20541,False,22,0,0,0,0,0,0,0,0
322958,Youstin Salas,2013,PDV1,20541,False,22,1,0,60,0,0,0,0,0
1326936,Noah Maieroni,2025,FFAC,7831,False,2,2,0,176,0,1,2,0,1
1326936,Noah Maieroni,2025,AUS1,7831,False,26,20,2,1100,0,1,11,3,8
1326936,Noah Maieroni,2023,FFAC,18004,False,1,1,0,90,1,0,0,0,0
1099425,Jordan Lauton,2025,FFAC,7831,False,2,2,0,151,1,0,4,1,0
1099425,Jordan Lauton,2025,AUS1,7831,False,26,19,0,567,1,0,4,1,1
1099425,Jordan Lauton,2024,FFAC,71084,False,1,1,0,14,0,0,0,0,0
1099425,Jordan Lauton,2024,AUSF,71084,False,3,1,0,8,0,0,0,0,0
1099425,Jordan Lauton,2024,AUS1,71084,False,26,16,1,308,1,2,0,0,3
1099425,Jordan Lauton,2023,FFAC,71084,False,1,1,0,15,0,0,0,0,0
1099425,Jordan Lauton,2023,AUS1,71084,False,14,1,0,27,0,0,0,0,0
1099425,Jordan Lauton,2022,AUS1,71084,False,10,0,0,0,0,0,0,0,0
1099425,Jordan Lauton,2021,FFAC,71084,False,2,0,0,0,0,0,0,0,0
481692,Georgios Vrakas,2026,GRP,2672,False,1,1,0,19,0,0,0,0,0
481692,Georgios Vrakas,2026,GR1,2672,False,1,0,0,0,0,0,0,0,0
481692,Georgios Vrakas,2025,AUS1,7831,False,26,24,0,1416,1,1,30,8,3
481692,Georgios Vrakas,2024,S1PO,3062,False,10,5,0,260,0,0,4,3,1
481692,Georgios Vrakas,2024,GRP,3060,False,2,2,0,106,0,0,0,0,0
481692,Georgios Vrakas,2024,GR1,3062,False,10,6,1,301,0,0,4,1,2
481692,Georgios Vrakas,2024,GR1,3060,False,16,7,0,127,0,0,2,0,3
481692,Georgios Vrakas,2023,UCOL,1091,False,6,0,0,0,0,0,0,0,0
481692,Georgios Vrakas,2023,S1PO,3060,False,7,6,0,311,0,0,6,1,1
481692,Georgios Vrakas,2023,GRS2,91869,False,10,4,0,279,1,1,0,0,1
481692,Georgios Vrakas,2023,GRP,3060,False,3,3,0,198,0,0,0,0,0
481692,Georgios Vrakas,2023,GRP,1091,False,1,0,0,0,0,0,0,0,0
481692,Georgios Vrakas,2023,GR1,3060,False,10,4,0,36,0,0,1,1,1
481692,Georgios Vrakas,2023,GR1,1091,False,16,0,0,0,0,0,0,0,0
481692,Georgios Vrakas,2023,ECLQ,1091,False,6,1,0,8,0,0,0,0,0
481692,Georgios Vrakas,2022,S1PO,2672,False,7,5,0,204,1,2,9,4,0
481692,Georgios Vrakas,2022,GRP,2672,False,3,2,0,101,0,0,0,0,0
481692,Georgios Vrakas,2022,GR1,2672,False,26,22,1,1704,0,0,23,9,5
481692,Georgios Vrakas,2021,S2PA,2672,False,2,2,0,53,0,0,0,0,1
481692,Georgios Vrakas,2021,GRS2,2672,False,32,27,0,1083,4,1,0,0,3
481692,Georgios Vrakas,2021,GRP,2672,False,5,5,0,365,1,0,0,0,0
481692,Georgios Vrakas,2021,ECLQ,1091,False,3,0,0,0,0,0,0,0,0
481692,Georgios Vrakas,2020,POGR,1091,False,10,0,0,0,0,0,0,0,0
481692,Georgios Vrakas,2020,GRP,1091,False,7,1,0,11,0,0,0,0,0
481692,Georgios Vrakas,2020,GR20,8511,False,4,3,0,192,0,0,0,0,1
481692,Georgios Vrakas,2020,GR1,1091,False,26,2,0,60,0,0,0,0,0
481692,Georgios Vrakas,2020,EL,1091,False,6,0,0,0,0,0,0,0,0
481692,Georgios Vrakas,2020,CLQ,1091,False,4,0,0,0,0,0,0,0,0
481692,Georgios Vrakas,2019,U19Q,22246,True,3,3,0,226,1,0,0,0,1
481692,Georgios Vrakas,2019,IJ1,12819,False,21,13,0,453,2,1,0,0,0
481692,Georgios Vrakas,2019,FS,22246,True,1,1,0,90,1,0,1,1,0
481692,Georgios Vrakas,2019,CITP,12819,False,3,1,0,65,1,0,0,0,0
481692,Georgios Vrakas,2019,19YL,41577,False,6,6,0,375,0,2,0,0,0
481692,Georgios Vrakas,2018,U19Q,22246,True,6,0,0,0,0,0,0,0,0
481692,Georgios Vrakas,2018,IJ1,12819,False,30,12,0,297,0,0,0,0,0
481692,Georgios Vrakas,2018,FS,22246,True,2,2,0,88,0,0,0,0,0
481692,Georgios Vrakas,2018,CITP,12819,False,2,2,0,184,0,1,0,0,0
481692,Georgios Vrakas,2018,19YL,41577,False,3,3,0,235,0,0,0,0,0
481692,Georgios Vrakas,2017,U17Q,26469,True,6,5,0,320,2,2,0,0,1
481692,Georgios Vrakas,2017,GRP,1091,False,1,1,0,64,0,0,0,0,0
481692,Georgios Vrakas,2017,GR20,8511,False,12,5,0,153,1,0,0,0,0
481692,Georgios Vrakas,2017,FS,26469,True,4,2,0,115,1,0,0,0,0
481692,Georgios Vrakas,2016,U17Q,26469,True,3,1,0,13,0,0,0,0,0
481692,Georgios Vrakas,2016,FS,39435,True,4,4,0,190,1,0,0,0,0
481692,Georgios Vrakas,2016,FS,26469,True,2,2,0,63,0,0,0,0,0
68327,Jay O'Shea,2025,AUS1,7831,False,26,21,5,1690,2,2,36,6,3
68327,Jay O'Shea,2024,FFAC,7831,False,1,1,0,90,0,0,5,1,1
68327,Jay O'Shea,2024,AUS1,7831,False,26,26,0,2340,3,6,51,14,4
68327,Jay O'Shea,2023,FFAC,7831,False,1,1,0,90,0,1,5,1,0
68327,Jay O'Shea,2023,AUS1,7831,False,27,26,1,2193,7,4,36,14,3
68327,Jay O'Shea,2022,FFAC,7831,False,5,5,0,480,1,0,8,3,1
68327,Jay O'Shea,2022,AUS1,7831,False,26,24,1,2085,9,2,50,18,4
68327,Jay O'Shea,2021,FFAC,7831,False,4,3,0,300,1,1,5,2,0
68327,Jay O'Shea,2021,AUS1,7831,False,26,26,0,2340,3,8,53,14,5
68327,Jay O'Shea,2020,FFAC,7831,False,3,2,0,117,0,1,5,2,0
68327,Jay O'Shea,2020,AUSF,7831,False,1,1,0,90,0,0,3,0,0
68327,Jay O'Shea,2020,AUS1,7831,False,26,26,0,2295,4,3,47,15,5
68327,Jay O'Shea,2019,AUSF,7831,False,1,1,0,90,0,0,2,2,0
68327,Jay O'Shea,2019,AUS1,7831,False,26,26,0,2340,1,8,45,12,3
68327,Jay O'Shea,2018,GBFL,2413,False,7,3,0,270,0,0,2,1,0
68327,Jay O'Shea,2018,GB4,2413,False,46,44,0,3704,15,6,100,34,4
68327,Jay O'Shea,2018,FFAC,7831,False,2,2,0,210,0,0,0,0,0
68327,Jay O'Shea,2018,FAC,2413,False,2,2,0,180,1,0,4,1,0
68327,Jay O'Shea,2018,CGB,2413,False,1,1,0,90,0,1,2,0,0
68327,Jay O'Shea,2017,GBFL,2413,False,5,1,0,90,0,0,0,0,0
68327,Jay O'Shea,2017,GB3,2413,False,46,27,0,1762,4,2,0,0,0
68327,Jay O'Shea,2017,FAC,2413,False,2,2,0,180,0,0,0,0,0
68327,Jay O'Shea,2017,CGB,2413,False,1,0,0,0,0,0,0,0,0
68327,Jay O'Shea,2016,GBFL,1219,False,5,3,0,218,1,1,0,0,0
68327,Jay O'Shea,2016,GB3,350,False,18,10,0,383,3,0,0,0,0
68327,Jay O'Shea,2016,GB3,1219,False,28,27,0,2052,6,6,0,0,1
68327,Jay O'Shea,2016,FAC,1219,False,2,2,0,180,1,0,0,0,0
68327,Jay O'Shea,2016,CGB,1219,False,1,1,0,71,0,1,0,0,0
68327,Jay O'Shea,2015,GBFL,1219,False,1,1,0,45,0,0,0,0,0
68327,Jay O'Shea,2015,GB3,1219,False,46,46,0,3615,9,9,0,0,1
68327,Jay O'Shea,2015,FAC,1219,False,3,3,0,275,0,1,0,0,1
68327,Jay O'Shea,2015,CGB,1219,False,1,1,0,120,0,0,0,0,0
68327,Jay O'Shea,2014,POG3,1219,False,2,2,0,178,0,0,0,0,0
68327,Jay O'Shea,2014,GBFL,1219,False,1,0,0,0,0,0,0,0,0
68327,Jay O'Shea,2014,GB3,1219,False,46,41,0,2525,7,3,0,0,4
68327,Jay O'Shea,2014,FAC,1219,False,6,4,0,240,2,0,0,0,1
68327,Jay O'Shea,2014,CGB,1219,False,1,0,0,0,0,0,0,0,0
68327,Jay O'Shea,2013,GBFL,1219,False,6,4,0,326,0,0,0,0,0
68327,Jay O'Shea,2013,GB4,1219,False,46,40,0,2380,9,4,0,0,5
68327,Jay O'Shea,2013,FAC,1219,False,2,2,0,102,0,1,0,0,0
68327,Jay O'Shea,2013,CGB,1219,False,1,1,0,26,0,0,0,0,0
68327,Jay O'Shea,2012,GBFL,991,False,1,1,0,21,0,0,0,0,0
68327,Jay O'Shea,2012,GB4,1219,False,28,26,0,2079,7,4,0,0,4
68327,Jay O'Shea,2012,GB3,991,False,18,11,0,432,1,2,0,0,1
68327,Jay O'Shea,2012,FAC,991,False,3,2,0,154,1,0,0,0,0
68327,Jay O'Shea,2012,FAC,1219,False,1,0,0,0,0,0,0,0,0
68327,Jay O'Shea,2012,CGB,991,False,3,3,0,87,0,0,0,0,0
68327,Jay O'Shea,2011,POG3,991,False,2,2,0,120,0,0,0,0,0
68327,Jay O'Shea,2011,GBFL,991,False,1,1,0,62,0,1,0,0,0
68327,Jay O'Shea,2011,GB3,991,False,46,28,0,1189,5,7,0,0,2
68327,Jay O'Shea,2011,FAC,991,False,4,2,0,30,1,0,0,0,0
68327,Jay O'Shea,2011,CGB,991,False,3,2,0,37,0,0,0,0,0
68327,Jay O'Shea,2010,GB4,3684,False,12,5,0,375,0,0,0,0,0
68327,Jay O'Shea,2010,GB4,1211,False,11,5,0,367,1,0,0,0,0
68327,Jay O'Shea,2010,GB1,337,False,25,0,0,0,0,0,0,0,0
68327,Jay O'Shea,2010,FAC,3684,False,3,2,0,166,0,0,0,0,0
68327,Jay O'Shea,2010,FAC,337,False,2,0,0,0,0,0,0,0,0
68327,Jay O'Shea,2010,FAC,1211,False,1,0,0,0,0,0,0,0,0
68327,Jay O'Shea,2010,CGB,337,False,4,0,0,0,0,0,0,0,0
68327,Jay O'Shea,2009,U21Q,21103,True,6,5,0,306,0,1,0,0,0
68327,Jay O'Shea,2009,GBRS,24212,False,13,11,0,987,1,0,0,0,0
68327,Jay O'Shea,2009,GB2,641,False,11,2,0,95,0,0,0,0,0
68327,Jay O'Shea,2009,GB1,337,False,29,1,0,9,0,0,0,0,0
68327,Jay O'Shea,2009,FAC,337,False,4,0,0,0,0,0,0,0,0
68327,Jay O'Shea,2009,CGB,337,False,2,2,0,108,0,0,0,0,0
68327,Jay O'Shea,2008,IRPO,42394,False,1,1,0,63,1,0,0,0,0
68327,Jay O'Shea,2008,IR1,42394,False,20,19,0,1710,4,2,0,0,5
68327,Jay O'Shea,2008,ILIP,42394,False,3,3,0,300,0,0,0,0,0
68327,Jay O'Shea,2008,FS,21103,True,3,2,0,180,1,0,0,0,0
68327,Jay O'Shea,2007,IRPO,42394,False,5,4,0,351,2,1,0,0,0
68327,Jay O'Shea,2007,IR1,42394,False,33,29,0,2414,7,1,0,0,5
68327,Jay O'Shea,2007,ILIP,42394,False,4,4,0,390,1,0,0,0,0
68327,Jay O'Shea,2006,IRPO,3930,False,2,2,0,180,0,0,0,0,0
68327,Jay O'Shea,2006,IR1,3930,False,30,25,0,1508,2,0,0,0,0
68327,Jay O'Shea,2005,IR1,3930,False,9,9,0,517,0,0,0,0,0
1336426,James Durrington,2025,FFAC,7831,False,2,0,0,0,0,0,0,0,0
1336426,James Durrington,2025,AUS1,7831,False,10,2,0,151,0,0,0,0,0
1336426,James Durrington,2024,AUS1,7831,False,2,1,0,1,0,0,0,0,0
1484878,Emmett Shaw,2025,FS,32269,True,2,2,0,148,0,0,0,0,0
1484878,Emmett Shaw,2025,FFAC,7831,False,2,0,2,0,0,0,0,0,0
1484878,Emmett Shaw,2025,AUS1,7831,False,7,7,0,89,0,0,1,0,0
1484878,Emmett Shaw,2025,A169,32269,True,3,1,0,90,0,0,0,0,0
399165,Nick D'Agostino,2025,NOPO,239,False,1,0,0,0,0,0,0,0,0
399165,Nick D'Agostino,2025,NO1,239,False,7,0,7,0,0,0,0,0,0
399165,Nick D'Agostino,2025,FS,3433,True,4,1,0,60,0,0,1,0,0
399165,Nick D'Agostino,2025,ECLQ,239,False,4,2,2,22,0,0,0,0,0
399165,Nick D'Agostino,2025,AUS1,7831,False,12,6,6,311,2,0,11,6,2
399165,Nick D'Agostino,2024,NOPO,239,False,6,0,6,0,0,0,0,0,0
399165,Nick D'Agostino,2024,NO45,10913,False,1,1,0,45,0,0,0,0,0
399165,Nick D'Agostino,2024,NO1,239,False,30,10,15,274,3,1,12,3,1
399165,Nick D'Agostino,2023,WMQ1,3433,True,16,0,8,0,0,0,0,0,0
399165,Nick D'Agostino,2023,NOPO,239,False,4,1,1,45,1,0,0,0,0
399165,Nick D'Agostino,2023,NO1,239,False,30,17,12,741,4,1,28,8,4
399165,Nick D'Agostino,2023,FS,3433,True,4,1,2,22,0,0,0,0,0
399165,Nick D'Agostino,2022,NOPO,239,False,4,4,0,220,1,0,0,0,0
399165,Nick D'Agostino,2022,NO1,239,False,30,21,9,889,3,6,49,17,3
399165,Nick D'Agostino,2022,FS,3433,True,5,0,0,0,0,0,0,0,0
399165,Nick D'Agostino,2022,AUS1,7006,False,15,11,0,812,3,0,25,11,3
399165,Nick D'Agostino,2022,AFAC,3433,True,5,0,0,0,0,0,0,0,0
399165,Nick D'Agostino,2021,POWM,3433,True,1,0,0,0,0,0,0,0,0
399165,Nick D'Agostino,2021,NOPO,239,False,2,2,0,75,0,0,0,0,0
399165,Nick D'Agostino,2021,FS,3433,True,1,1,0,73,0,1,3,0,0
399165,Nick D'Agostino,2021,FS,32270,True,1,0,0,0,0,0,0,0,0
399165,Nick D'Agostino,2021,FIWC,3433,True,4,0,0,0,0,0,0,0,0
399165,Nick D'Agostino,2021,FFAC,7006,False,1,0,0,0,0,0,0,0,0
399165,Nick D'Agostino,2021,AUSF,7006,False,2,2,0,180,0,0,6,2,0
399165,Nick D'Agostino,2021,AUS1,7006,False,26,24,0,1258,10,1,42,17,3
399165,Nick D'Agostino,2021,ACLQ,7006,False,1,1,0,103,2,0,5,4,0
399165,Nick D'Agostino,2020,OLYM,53845,True,3,3,0,108,0,0,1,0,0
399165,Nick D'Agostino,2020,FS,32270,True,3,1,0,27,0,0,0,0,0
399165,Nick D'Agostino,2020,FFAC,7006,False,5,1,0,75,0,0,1,0,0
399165,Nick D'Agostino,2020,AUS1,970,False,26,16,0,681,5,1,21,8,1
399165,Nick D'Agostino,2019,WMQ1,3433,True,2,1,0,45,0,0,0,0,0
399165,Nick D'Agostino,2019,FS,32270,True,1,0,0,0,0,0,0,0,0
399165,Nick D'Agostino,2019,AUSF,970,False,2,0,0,0,0,0,0,0,0
399165,Nick D'Agostino,2019,AUS1,970,False,26,12,0,530,3,2,20,6,1
399165,Nick D'Agostino,2019,AFCL,970,False,6,2,0,94,0,0,0,0,0
399165,Nick D'Agostino,2019,A23Q,32270,True,3,2,0,153,2,0,0,0,0
399165,Nick D'Agostino,2019,23AF,32270,True,6,4,0,330,3,0,8,4,1
399165,Nick D'Agostino,2018,FFAC,970,False,1,1,0,67,0,0,0,0,0
399165,Nick D'Agostino,2018,AUS1,7831,False,27,17,0,682,1,2,18,7,2
399165,Nick D'Agostino,2017,FFAC,7831,False,1,0,0,0,0,0,0,0,0
399165,Nick D'Agostino,2017,AUSF,7831,False,1,0,0,0,0,0,0,0,0
399165,Nick D'Agostino,2017,AUS1,7831,False,27,9,0,490,0,1,0,0,2
399165,Nick D'Agostino,2017,ACLQ,7831,False,1,0,0,0,0,0,0,0,0
399165,Nick D'Agostino,2016,AUSF,7831,False,2,1,0,1,0,0,0,0,0
399165,Nick D'Agostino,2016,AUS1,7831,False,27,7,0,62,2,0,0,0,0
399165,Nick D'Agostino,2016,AFCL,7831,False,6,4,0,199,0,0,0,0,0
399165,Nick D'Agostino,2016,ACLQ,7831,False,2,2,0,56,0,1,0,0,0
399165,Nick D'Agostino,2015,AUS1,7831,False,1,1,0,58,0,0,0,0,0
1116294,Justin Vidic,2025,FFAC,7831,False,2,2,0,169,1,0,8,2,0
1116294,Justin Vidic,2025,AUS1,7831,False,26,23,2,1287,4,2,38,12,6
1116294,Justin Vidic,2024,AUS1,5551,False,26,7,0,116,0,0,0,0,0
1116294,Justin Vidic,2023,FFAC,5551,False,3,2,0,80,2,0,3,2,0
1116294,Justin Vidic,2023,AUS1,5551,False,27,5,0,100,1,0,4,2,0
1116294,Justin Vidic,2022,A2SW,860,False,27,21,0,365,3,1,17,6,2
703624,Michael Ruhs,2025,AUS1,7831,False,26,25,0,1406,1,2,26,8,5
703624,Michael Ruhs,2024,AUSF,71084,False,3,3,0,182,0,0,9,6,1
703624,Michael Ruhs,2024,AUS1,71084,False,26,15,0,425,3,1,11,5,7
703624,Michael Ruhs,2023,FFAC,71084,False,1,0,0,0,0,0,0,0,0
703624,Michael Ruhs,2023,AUS1,71084,False,27,24,0,1394,4,2,36,12,4
703624,Michael Ruhs,2022,FFAC,71084,False,3,3,0,244,1,1,5,3,1
703624,Michael Ruhs,2022,AUS1,71084,False,11,6,0,69,0,0,0,0,0
703624,Michael Ruhs,2022,AUS1,6954,False,15,15,0,463,2,0,14,9,2
703624,Michael Ruhs,2021,FFAC,6954,False,1,1,0,98,1,0,3,1,0
703624,Michael Ruhs,2021,AUS1,71085,False,26,13,0,230,1,1,9,5,2
703624,Michael Ruhs,2020,FFAC,71085,False,2,1,0,90,0,0,3,0,0
703624,Michael Ruhs,2020,AUSF,71085,False,2,2,0,61,1,0,1,1,1
703624,Michael Ruhs,2020,AUS1,71085,False,26,13,0,402,1,1,16,3,3
703624,Michael Ruhs,2020,A2SW,86096,False,10,6,0,540,2,0,13,6,0
703624,Michael Ruhs,2019,FS,32269,True,2,2,0,100,0,0,0,0,0
703624,Michael Ruhs,2019,A2SW,6045,False,1,0,0,0,0,0,0,0,0
703624,Michael Ruhs,2018,17WC,32269,True,4,0,0,0,0,0,0,0,0
1145209,Nathan Amanatidis,2025,FFAC,7831,False,2,2,0,59,0,0,1,0,0
1145209,Nathan Amanatidis,2025,AUS1,7831,False,26,0,20,0,0,0,0,0,0
1145209,Nathan Amanatidis,2024,FS,22976,True,3,3,0,132,1,0,0,0,0
1145209,Nathan Amanatidis,2024,FFAC,7831,False,1,0,0,0,0,0,0,0,0
1145209,Nathan Amanatidis,2024,AUS1,8054,False,14,2,0,27,0,0,1,0,0
1145209,Nathan Amanatidis,2024,AUS1,7831,False,13,10,0,351,0,0,7,5,0
1145209,Nathan Amanatidis,2024,ACL2,8054,False,6,3,0,77,1,0,3,2,0
1145209,Nathan Amanatidis,2023,FFAC,8054,False,1,1,0,86,0,0,4,3,0
1145209,Nathan Amanatidis,2023,AUSF,8054,False,3,0,3,0,0,0,0,0,0
1145209,Nathan Amanatidis,2023,AUS1,8054,False,27,12,5,143,0,0,6,1,1
1145209,Nathan Amanatidis,2023,A2SW,19820,False,9,6,0,405,1,1,0,0,0
1145209,Nathan Amanatidis,2022,FFAC,8054,False,5,1,0,6,0,0,0,0,0
1145209,Nathan Amanatidis,2022,A168,32269,True,4,4,0,128,2,1,7,2,1
1326934,Niall Thom,2025,FFAC,7831,False,2,2,0,15,0,0,1,0,0
1326934,Niall Thom,2025,AUS1,7831,False,16,6,0,206,1,0,1,0,0
1326934,Niall Thom,2024,FFAC,18004,False,2,1,0,12,0,0,0,0,0
1326934,Niall Thom,2023,FFAC,18004,False,1,1,0,87,0,0,0,0,0
183298,Chris Long,2025,AUS1,7831,False,26,17,9,1039,4,1,24,11,4
183298,Chris Long,2024,GBFL,1042,False,4,2,0,90,2,0,5,3,0
183298,Chris Long,2024,GB4,1042,False,46,25,0,929,6,0,33,14,1
183298,Chris Long,2024,FAC,1042,False,1,1,0,9,0,0,1,0,0
183298,Chris Long,2024,CGB,1042,False,1,0,0,0,0,0,0,0,0
183298,Chris Long,2023,POG2,1042,False,3,3,0,154,0,0,3,1,0
183298,Chris Long,2023,GBFL,1042,False,3,0,0,0,0,0,0,0,0
183298,Chris Long,2023,GB4,1042,False,46,27,0,1779,9,2,59,20,5
183298,Chris Long,2023,FAC,1042,False,3,0,0,0,0,0,0,0,0
183298,Chris Long,2023,CGB,1042,False,2,2,0,61,0,0,1,0,0
183298,Chris Long,2022,GBFL,1042,False,3,0,0,0,0,0,0,0,0
183298,Chris Long,2022,GB4,1042,False,46,10,0,570,3,2,20,7,2
183298,Chris Long,2022,FAC,1042,False,2,0,0,0,0,0,0,0,0
183298,Chris Long,2022,CGB,1042,False,1,0,0,0,0,0,0,0,0
183298,Chris Long,2021,GBFL,1042,False,5,1,0,22,0,0,0,0,0
183298,Chris Long,2021,GB3,1042,False,46,32,0,2519,10,1,66,24,3
183298,Chris Long,2021,FAC,1042,False,1,0,0,0,0,0,0,0,0
183298,Chris Long,2021,CGB,1042,False,2,1,0,15,0,0,0,0,0
183298,Chris Long,2020,SFA,987,False,3,3,0,330,1,1,12,5,0
183298,Chris Long,2020,SCPA,987,False,5,5,0,405,1,2,0,0,3
183298,Chris Long,2020,SCP,987,False,1,0,0,0,0,0,0,0,0
183298,Chris Long,2020,SC1,987,False,33,24,0,1234,3,1,27,6,3
183298,Chris Long,2020,ELQ,987,False,3,3,0,191,1,1,0,0,0
183298,Chris Long,2019,SFA,987,False,3,2,1,180,3,0,10,6,1
183298,Chris Long,2019,SCP,987,False,5,4,0,159,1,2,2,2,0
183298,Chris Long,2019,SC1,987,False,30,25,3,1656,7,2,50,18,5
183298,Chris Long,2018,GBFL,11177,False,3,3,0,214,1,1,4,2,1
183298,Chris Long,2018,GB3,1181,False,21,17,0,738,2,0,11,4,3
183298,Chris Long,2018,GB3,11177,False,26,8,0,215,0,0,4,0,1
183298,Chris Long,2018,FAC,11177,False,3,0,0,0,0,0,0,0,0
183298,Chris Long,2018,CGB,11177,False,2,2,0,68,0,0,0,0,0
183298,Chris Long,2017,GBFL,1302,False,4,3,0,152,0,1,0,0,0
183298,Chris Long,2017,GB3,1302,False,46,38,0,2591,9,1,0,0,4
183298,Chris Long,2017,FAC,1302,False,2,1,0,85,0,0,0,0,0
183298,Chris Long,2017,CGB,1302,False,1,1,0,70,0,0,0,0,0
183298,Chris Long,2016,GBFL,11177,False,3,0,0,0,0,0,0,0,0
183298,Chris Long,2016,GB3,355,False,19,10,0,427,1,0,0,0,1
183298,Chris Long,2016,GB3,11177,False,28,18,0,1170,4,1,0,0,1
183298,Chris Long,2016,FAC,11177,False,6,5,0,310,0,2,0,0,0
183298,Chris Long,2015,GB2,1132,False,46,10,0,146,0,0,0,0,1
183298,Chris Long,2015,FAC,1132,False,2,1,0,1,0,0,0,0,0
183298,Chris Long,2015,CGB,1132,False,1,0,0,0,0,0,0,0,0
183298,Chris Long,2014,POCC,1148,False,2,1,0,19,0,0,0,0,0
183298,Chris Long,2014,PLIC,9261,False,2,2,0,132,1,0,0,0,0
183298,Chris Long,2014,GB21,9261,False,11,10,0,712,6,0,0,0,0
183298,Chris Long,2014,GB2,1148,False,20,10,0,297,4,0,0,0,0
183298,Chris Long,2014,GB1,29,False,7,0,0,0,0,0,0,0,0
183298,Chris Long,2014,FS,22907,True,4,1,0,90,1,0,0,0,0
183298,Chris Long,2014,FAC,29,False,2,0,0,0,0,0,0,0,0
183298,Chris Long,2014,EL,29,False,1,1,0,10,0,0,0,0,0
183298,Chris Long,2014,21PL,9261,False,1,0,0,0,0,0,0,0,0
183298,Chris Long,2013,GB3,991,False,5,4,0,290,1,0,0,0,0
183298,Chris Long,2013,GB21,9261,False,19,15,0,1214,4,2,0,0,0
183298,Chris Long,2013,FS,22907,True,1,0,0,0,0,0,0,0,0
183298,Chris Long,2013,FS,21340,True,1,1,0,27,0,0,0,0,0
183298,Chris Long,2013,FAC,991,False,1,0,0,0,0,0,0,0,0
183298,Chris Long,2013,21PL,9261,False,1,0,0,0,0,0,0,0,0
183298,Chris Long,2012,GBQ1,9261,False,8,5,0,237,0,0,0,0,0
183298,Chris Long,2012,GBKN,9261,False,2,2,0,196,1,0,0,0,0
183298,Chris Long,2012,GB21,9261,False,7,5,0,162,0,0,0,0,0
183298,Chris Long,2012,FS,31269,True,2,2,0,180,1,0,0,0,0
183298,Chris Long,2012,20WC,22907,True,3,2,0,37,0,0,0,0,0
183298,Chris Long,2011,GBR,9261,False,7,7,0,184,1,0,0,0,0
183298,Chris Long,2010,FS,30322,True,1,1,0,28,0,0,0,0,1
160740,Ben Halloran,2025,AUS1,7831,False,26,5,5,67,0,0,2,0,0
160740,Ben Halloran,2024,FFAC,7831,False,1,1,0,32,0,0,2,2,0
160740,Ben Halloran,2024,AUS1,7831,False,26,23,1,1460,2,2,23,7,4
160740,Ben Halloran,2023,FFAC,7831,False,1,1,0,79,0,0,1,1,0
160740,Ben Halloran,2023,AUS1,875,False,27,22,1,1303,4,6,37,15,2
160740,Ben Halloran,2022,FFAC,875,False,2,2,0,153,0,0,1,1,0
160740,Ben Halloran,2022,AUSF,875,False,3,3,0,260,0,0,8,3,1
160740,Ben Halloran,2022,AUS1,875,False,26,24,2,2044,3,4,42,15,6
160740,Ben Halloran,2021,RSK1,6500,False,24,2,0,59,0,0,2,0,0
160740,Ben Halloran,2021,RKPO,6500,False,3,0,0,0,0,0,0,0,0
160740,Ben Halloran,2021,FFAC,875,False,2,2,0,152,0,0,2,0,0
160740,Ben Halloran,2021,AUS1,875,False,7,5,0,444,1,1,11,3,2
160740,Ben Halloran,2020,FFAC,875,False,3,0,0,0,0,0,0,0,0
160740,Ben Halloran,2020,AUSF,875,False,2,2,0,180,0,0,2,0,0
160740,Ben Halloran,2020,AUS1,875,False,26,26,0,2269,4,5,52,15,7
160740,Ben Halloran,2019,AUS1,875,False,26,21,0,1837,9,4,15,4,4
160740,Ben Halloran,2018,FFAC,875,False,5,4,0,360,1,1,2,1,1
160740,Ben Halloran,2018,AUSF,875,False,2,2,0,240,1,0,4,3,1
160740,Ben Halloran,2018,AUS1,875,False,27,21,0,1845,2,0,43,13,1
160740,Ben Halloran,2017,L2,2036,False,18,9,0,434,1,0,0,0,1
160740,Ben Halloran,2017,JEMP,23581,False,2,0,0,0,0,0,0,0,0
160740,Ben Halloran,2017,JAPC,23581,False,6,5,0,290,0,0,0,0,0
160740,Ben Halloran,2017,JAP1,23581,False,21,5,0,81,0,0,1,1,0
160740,Ben Halloran,2017,FFAC,875,False,4,4,0,266,1,1,6,4,1
160740,Ben Halloran,2017,DFB,2036,False,3,1,0,67,0,0,0,0,0
160740,Ben Halloran,2016,L2,2036,False,34,19,9,977,2,0,0,0,5
160740,Ben Halloran,2016,DFB,2036,False,2,1,0,60,0,0,0,0,0
160740,Ben Halloran,2015,L2,2036,False,34,22,3,1051,2,1,0,0,4
160740,Ben Halloran,2015,DFB,2036,False,4,4,0,249,1,2,0,0,1
160740,Ben Halloran,2014,WMQ1,3433,True,3,0,0,0,0,0,0,0,0
160740,Ben Halloran,2014,L2,38,False,34,19,0,1002,2,4,0,0,2
160740,Ben Halloran,2014,FS,3433,True,7,1,0,30,0,0,0,0,0
160740,Ben Halloran,2014,DFB,38,False,1,0,0,0,0,0,0,0,0
160740,Ben Halloran,2014,AFAC,3433,True,6,0,0,0,0,0,0,0,0
160740,Ben Halloran,2013,RLW3,4690,False,14,6,0,505,1,1,0,0,2
160740,Ben Halloran,2013,L2,38,False,34,18,2,1405,6,1,0,0,3
160740,Ben Halloran,2013,FS,3433,True,2,2,0,63,0,0,0,0,0
160740,Ben Halloran,2013,FIWC,3433,True,3,3,0,87,0,0,0,0,0
160740,Ben Halloran,2013,DFB,38,False,1,0,0,0,0,0,0,0,0
160740,Ben Halloran,2012,AUSF,7831,False,2,1,0,82,0,0,0,0,0
160740,Ben Halloran,2012,AUS1,7831,False,27,26,0,1688,4,1,0,0,4
160740,Ben Halloran,2012,ACLQ,7831,False,1,1,0,116,0,0,0,0,0
160740,Ben Halloran,2011,AUS1,15889,False,27,21,0,1739,4,2,0,0,4
160740,Ben Halloran,2010,AUSF,15889,False,3,0,0,0,0,0,0,0,0
160740,Ben Halloran,2010,AUS1,15889,False,28,5,0,203,0,0,0,0,0
1176143,Joshua Lakkis,2025,AUS1,71085,False,26,0,0,0,0,0,0,0,0
1176143,Joshua Lakkis,2025,ACL2,71085,False,7,0,0,0,0,0,0,0,0
1176143,Joshua Lakkis,2022,A2SW,6045,False,1,0,0,0,0,0,0,0,0
104376,Filip Kurto,2025,FFAC,3747,False,1,1,0,90,0,0,0,0,0
104376,Filip Kurto,2025,AUS1,71085,False,26,19,0,1631,0,0,0,0,1
104376,Filip Kurto,2025,ACL2,71085,False,8,7,0,630,0,0,0,0,0
104376,Filip Kurto,2025,A2SW,3747,False,8,5,0,450,0,0,0,0,0
104376,Filip Kurto,2024,FFAC,71085,False,3,3,0,270,0,0,0,0,0
104376,Filip Kurto,2024,AUS1,71085,False,26,25,1,2250,0,0,0,0,1
104376,Filip Kurto,2023,FFAC,71085,False,5,5,0,450,0,0,0,0,0
104376,Filip Kurto,2023,AUSF,71085,False,1,1,0,90,0,0,0,0,0
104376,Filip Kurto,2023,AUS1,71085,False,27,27,0,2430,0,0,0,0,1
104376,Filip Kurto,2023,AFCC,71085,False,8,5,0,480,0,0,0,0,0
104376,Filip Kurto,2022,FFAC,71085,False,2,1,0,90,0,0,0,0,0
104376,Filip Kurto,2022,AUS1,71085,False,26,24,0,2146,0,0,0,0,1
104376,Filip Kurto,2021,FFAC,71085,False,5,3,0,270,0,0,0,0,0
104376,Filip Kurto,2021,AUS1,71085,False,26,24,0,2088,0,0,0,0,1
104376,Filip Kurto,2020,FFAC,71085,False,2,1,0,90,0,0,0,0,0
104376,Filip Kurto,2020,AUS1,71084,False,26,8,0,665,0,0,0,0,0
104376,Filip Kurto,2019,AUSF,71084,False,2,2,0,180,0,0,0,0,0
104376,Filip Kurto,2019,AUS1,71084,False,26,26,0,2262,0,0,0,0,1
104376,Filip Kurto,2018,AUSF,8445,False,1,1,0,90,0,0,0,0,0
104376,Filip Kurto,2018,AUS1,8445,False,27,24,0,2089,0,0,0,0,0
104376,Filip Kurto,2017,PON2,192,False,2,0,0,0,0,0,0,0,0
104376,Filip Kurto,2017,NLP,192,False,4,0,0,0,0,0,0,0,0
104376,Filip Kurto,2017,NLBP,20302,False,4,0,0,0,0,0,0,0,0
104376,Filip Kurto,2017,NLBB,20302,False,8,5,0,450,0,0,0,0,0
104376,Filip Kurto,2017,NL1,192,False,34,0,2,0,0,0,0,0,0
104376,Filip Kurto,2017,FFAC,8445,False,1,1,0,90,0,0,0,0,0
104376,Filip Kurto,2016,NLP,798,False,2,2,0,180,0,0,0,0,0
104376,Filip Kurto,2016,NLBE,18333,False,8,4,0,360,0,0,0,0,0
104376,Filip Kurto,2016,NL1,798,False,34,0,14,0,0,0,0,0,0
104376,Filip Kurto,2015,NLP,798,False,2,0,0,0,0,0,0,0,0
104376,Filip Kurto,2015,NLBE,18333,False,1,1,0,90,0,0,0,0,0
104376,Filip Kurto,2015,NL1,798,False,34,11,12,899,0,0,0,0,0
104376,Filip Kurto,2014,NLP,1455,False,2,2,0,180,0,0,0,0,0
104376,Filip Kurto,2014,NL1,1455,False,34,32,2,2841,0,1,0,0,3
104376,Filip Kurto,2013,NLP,192,False,4,4,0,360,0,0,0,0,0
104376,Filip Kurto,2013,NL1,192,False,34,34,0,3060,0,0,0,0,1
104376,Filip Kurto,2012,PON2,192,False,4,4,0,360,0,0,0,0,0
104376,Filip Kurto,2012,NLP,192,False,1,1,0,120,0,0,0,0,0
104376,Filip Kurto,2012,NL1,192,False,34,31,3,2756,0,0,0,0,3
104376,Filip Kurto,2011,U21Q,9324,True,6,4,0,315,0,0,0,0,0
104376,Filip Kurto,2011,POPU,422,False,6,0,0,0,0,0,0,0,0
104376,Filip Kurto,2011,PL1,422,False,30,0,0,0,0,0,0,0,0
104376,Filip Kurto,2011,EL,422,False,8,0,0,0,0,0,0,0,0
104376,Filip Kurto,2011,CLQ,422,False,6,0,0,0,0,0,0,0,0
104376,Filip Kurto,2010,POPU,422,False,4,0,0,0,0,0,0,0,0
104376,Filip Kurto,2010,PL1,422,False,30,2,0,104,0,0,0,0,0
104376,Filip Kurto,2010,FS,9324,True,1,1,0,90,0,0,0,0,0
104376,Filip Kurto,2010,FS,16299,True,1,1,0,90,0,0,0,0,0
104376,Filip Kurto,2010,ELQ,422,False,4,0,0,0,0,0,0,0,0
104376,Filip Kurto,2009,U19Q,16298,True,3,2,0,180,0,0,0,0,0
104376,Filip Kurto,2009,POPU,422,False,4,0,0,0,0,0,0,0,0
104376,Filip Kurto,2009,PLSC,422,False,1,0,0,0,0,0,0,0,0
104376,Filip Kurto,2009,PL1,422,False,30,0,0,0,0,0,0,0,0
104376,Filip Kurto,2009,FS,16298,True,2,2,0,135,0,0,0,0,0
104376,Filip Kurto,2009,CLQ,422,False,2,0,0,0,0,0,0,0,0
104376,Filip Kurto,2008,POPU,9107,False,1,1,0,90,0,0,0,0,0
104376,Filip Kurto,2008,POPU,422,False,2,0,0,0,0,0,0,0,0
104376,Filip Kurto,2008,PL1,422,False,12,0,0,0,0,0,0,0,0
104376,Filip Kurto,2008,FS,16297,True,2,1,0,90,0,0,0,0,0
560827,Walter Scott,2025,AUS1,71085,False,26,18,0,1181,0,2,2,0,4
560827,Walter Scott,2025,ACL2,71085,False,8,4,0,271,1,0,1,1,1
560827,Walter Scott,2024,FFAC,71085,False,3,3,0,69,0,0,1,0,0
560827,Walter Scott,2024,AUS1,71085,False,26,22,3,1067,0,0,6,3,2
560827,Walter Scott,2023,FFAC,71085,False,5,5,0,204,0,0,2,0,0
560827,Walter Scott,2023,AUSF,71085,False,1,1,0,45,0,0,1,1,0
560827,Walter Scott,2023,AUS1,71085,False,12,3,0,133,0,0,0,0,0
560827,Walter Scott,2023,AFCC,71085,False,2,1,0,8,0,0,0,0,0
560827,Walter Scott,2022,A2SW,2931,False,30,27,0,2361,0,7,7,4,8
560827,Walter Scott,2021,A2SW,11419,False,22,1,0,90,0,0,0,0,0
560827,Walter Scott,2020,FFAC,11419,False,3,1,0,90,0,1,0,0,0
560827,Walter Scott,2020,AUSF,71085,False,2,0,0,0,0,0,0,0,0
560827,Walter Scott,2020,AUS1,71085,False,26,1,0,20,0,0,0,0,0
560827,Walter Scott,2020,A2SW,86096,False,14,11,0,945,0,2,3,0,0
560827,Walter Scott,2019,NZL1,30746,False,6,4,0,360,0,2,0,0,3
560827,Walter Scott,2019,AUSF,8445,False,1,0,0,0,0,0,0,0,0
560827,Walter Scott,2019,AUS1,8445,False,26,3,0,189,0,0,0,0,0
560827,Walter Scott,2018,FFAC,8445,False,1,1,0,30,0,0,0,0,0
560827,Walter Scott,2018,AUS1,970,False,1,0,0,0,0,0,0,0,0
560827,Walter Scott,2017,AUS1,970,False,7,2,0,135,0,1,0,0,0
560827,Walter Scott,2017,A198,39276,True,4,3,0,270,0,0,0,0,0
1232655,Joshua Damevski,2025,AUS1,71085,False,26,0,0,0,0,0,0,0,0
1232655,Joshua Damevski,2025,ACL2,71085,False,8,1,0,45,0,0,0,0,0
1232655,Joshua Damevski,2024,FFAC,71085,False,3,0,0,0,0,0,0,0,0
1232655,Joshua Damevski,2024,AUS1,71085,False,26,4,0,122,0,0,1,0,0
1232655,Joshua Damevski,2023,TDV,34133,False,3,3,0,270,0,0,0,0,0
1232655,Joshua Damevski,2023,FFAC,71085,False,5,3,0,120,0,0,0,0,0
409114,Tomislav Uskok,2025,AUS1,71085,False,26,22,3,1705,2,0,9,3,6
409114,Tomislav Uskok,2025,ACL2,71085,False,8,8,0,691,2,0,6,3,2
409114,Tomislav Uskok,2024,FFAC,71085,False,3,3,0,270,0,0,1,0,0
409114,Tomislav Uskok,2024,AUS1,71085,False,26,21,1,1754,3,0,10,5,4
409114,Tomislav Uskok,2023,FFAC,71085,False,5,5,0,450,0,0,0,0,1
409114,Tomislav Uskok,2023,AUSF,71085,False,1,1,0,90,0,0,0,0,0
409114,Tomislav Uskok,2023,AUS1,71085,False,27,25,0,2238,1,1,18,5,3
409114,Tomislav Uskok,2023,AFCC,71085,False,8,6,0,570,2,0,2,2,1
409114,Tomislav Uskok,2022,FFAC,71085,False,2,2,0,161,0,0,3,2,0
409114,Tomislav Uskok,2022,AUS1,71085,False,26,24,1,2160,1,0,10,2,6
409114,Tomislav Uskok,2021,FFAC,71085,False,5,4,0,360,0,0,5,0,1
409114,Tomislav Uskok,2021,AUS1,71085,False,26,21,0,1813,3,0,18,6,8
409114,Tomislav Uskok,2020,FFAC,71085,False,2,1,0,90,0,0,2,0,0
409114,Tomislav Uskok,2020,AUS1,71084,False,26,23,0,1971,1,0,20,6,9
409114,Tomislav Uskok,2019,AUSF,71084,False,2,2,0,180,0,0,1,0,1
409114,Tomislav Uskok,2019,AUS1,71084,False,12,8,0,684,2,0,1,1,2
409114,Tomislav Uskok,2018,FFAC,6045,False,2,0,0,0,0,0,0,0,0
409114,Tomislav Uskok,2016,FFAC,6045,False,1,0,0,0,0,0,0,0,0
409114,Tomislav Uskok,2015,AUS1,6954,False,20,6,0,329,0,0,0,0,2
68499,Matthew Jurman,2025,AUS1,71085,False,26,11,0,699,1,0,4,2,1
68499,Matthew Jurman,2025,ACL2,71085,False,8,4,0,213,0,0,1,0,0
68499,Matthew Jurman,2025,A2SW,11429,False,8,4,0,252,0,0,0,0,1
68499,Matthew Jurman,2024,FFAC,71085,False,3,1,0,6,0,0,0,0,0
68499,Matthew Jurman,2024,AUS1,71085,False,26,14,0,937,0,0,10,0,1
68499,Matthew Jurman,2023,FFAC,71085,False,5,5,0,450,0,0,4,0,1
68499,Matthew Jurman,2023,AUSF,71085,False,1,0,0,0,0,0,0,0,0
68499,Matthew Jurman,2023,AUS1,71085,False,27,16,0,1366,0,0,12,3,5
68499,Matthew Jurman,2023,AFCC,71085,False,8,7,0,618,0,0,2,1,0
68499,Matthew Jurman,2022,FFAC,71085,False,2,0,0,0,0,0,0,0,0
68499,Matthew Jurman,2022,AUS1,5551,False,26,20,0,1686,1,0,11,3,5
68499,Matthew Jurman,2021,FFAC,5551,False,1,1,0,83,0,0,0,0,0
68499,Matthew Jurman,2021,AUS1,5551,False,26,22,0,1787,0,1,5,0,5
68499,Matthew Jurman,2020,S2PA,128,False,5,4,0,299,0,0,0,0,0
68499,Matthew Jurman,2020,RLGR,128,False,2,2,0,180,0,0,0,0,0
68499,Matthew Jurman,2020,GRS2,128,False,22,19,0,1313,0,0,0,0,1
68499,Matthew Jurman,2019,SA1,8023,False,1,0,0,0,0,0,0,0,0
68499,Matthew Jurman,2019,AUS1,36100,False,26,24,0,2116,0,0,15,2,5
68499,Matthew Jurman,2018,SASS,8023,False,1,1,0,90,0,0,0,0,0
68499,Matthew Jurman,2018,SAKC,8023,False,6,0,0,0,0,0,0,0,0
68499,Matthew Jurman,2018,SA1,8023,False,30,11,0,984,0,0,3,0,3
68499,Matthew Jurman,2018,FS,3433,True,5,3,0,89,0,0,0,0,0
68499,Matthew Jurman,2018,FFAC,36100,False,1,0,0,0,0,0,0,0,0
68499,Matthew Jurman,2018,AFCL,8023,False,9,6,0,460,0,0,1,0,1
68499,Matthew Jurman,2018,AFAC,3433,True,5,1,0,1,0,0,0,0,0
68499,Matthew Jurman,2017,RSK1,3301,False,15,4,0,360,0,1,6,1,1
68499,Matthew Jurman,2017,POWM,3433,True,2,2,0,180,0,0,0,0,2
68499,Matthew Jurman,2017,FS,3433,True,4,0,0,0,0,0,0,0,0
68499,Matthew Jurman,2017,FIWC,3433,True,3,0,0,0,0,0,0,0,0
68499,Matthew Jurman,2017,AFCL,3301,False,8,1,0,90,0,0,0,0,0
68499,Matthew Jurman,2017,ACLQ,3301,False,1,0,0,0,0,0,0,0,0
68499,Matthew Jurman,2016,WMQ1,3433,True,2,2,0,210,0,0,0,0,1
68499,Matthew Jurman,2016,RSKM,3301,False,5,0,0,0,0,0,0,0,0
68499,Matthew Jurman,2016,RSK1,3301,False,33,25,0,2174,2,1,0,0,8
68499,Matthew Jurman,2016,RKPO,3301,False,4,4,0,383,0,0,0,0,1
68499,Matthew Jurman,2016,AUS1,8054,False,13,11,0,901,0,0,0,0,2
68499,Matthew Jurman,2016,AFCL,3301,False,6,3,0,223,0,0,0,0,1
68499,Matthew Jurman,2015,FFAC,8054,False,3,1,0,90,0,0,0,0,0
68499,Matthew Jurman,2015,AUS1,8054,False,27,25,0,2250,0,0,0,0,3
68499,Matthew Jurman,2015,AFCL,8054,False,8,7,0,630,0,0,0,0,1
68499,Matthew Jurman,2014,AUSF,8054,False,2,2,0,180,0,0,0,0,0
68499,Matthew Jurman,2014,AUS1,8054,False,27,15,0,1084,1,0,0,0,2
68499,Matthew Jurman,2013,FFAC,8054,False,1,0,0,0,0,0,0,0,0
68499,Matthew Jurman,2013,AUSF,8054,False,1,1,0,90,0,0,0,0,0
68499,Matthew Jurman,2013,AUS1,8054,False,27,20,0,1596,1,0,0,0,4
68499,Matthew Jurman,2012,AUSF,7831,False,2,0,0,0,0,0,0,0,0
68499,Matthew Jurman,2012,AUS1,7831,False,27,15,0,1044,0,0,0,0,5
68499,Matthew Jurman,2012,ACLQ,7831,False,1,0,0,0,0,0,0,0,0
68499,Matthew Jurman,2011,AUSF,7831,False,3,1,0,7,0,0,0,0,0
68499,Matthew Jurman,2011,AUS1,7831,False,27,18,0,1285,0,0,0,0,3
68499,Matthew Jurman,2011,AFCL,7831,False,6,3,0,158,0,0,0,0,0
68499,Matthew Jurman,2010,FS,32270,True,1,1,0,90,0,0,0,0,0
68499,Matthew Jurman,2010,AUS1,8054,False,30,8,0,720,0,0,0,0,1
68499,Matthew Jurman,2010,AFCL,8054,False,6,6,0,540,1,0,0,0,2
68499,Matthew Jurman,2009,AUSF,8054,False,4,0,0,0,0,0,0,0,0
68499,Matthew Jurman,2009,AUS1,8054,False,27,7,0,24,0,0,0,0,0
68499,Matthew Jurman,2008,AUS1,8054,False,18,3,0,108,0,0,0,0,0
68499,Matthew Jurman,2008,20WC,22976,True,3,2,0,180,0,0,0,0,1
57370,Damien Da Silva,2025,FR2,3524,False,2,0,0,0,0,0,0,0,0
57370,Damien Da Silva,2025,AUS1,71085,False,26,21,2,1771,0,0,13,0,0
57370,Damien Da Silva,2025,ACL2,71085,False,8,5,2,417,0,0,3,0,0
57370,Damien Da Silva,2024,FRR2,3524,False,2,0,2,0,0,0,0,0,0
57370,Damien Da Silva,2024,FRC,3524,False,3,3,0,199,0,0,3,3,1
57370,Damien Da Silva,2024,FR2,3524,False,34,25,8,2189,1,1,9,2,2
57370,Damien Da Silva,2024,FFAC,71085,False,1,0,0,0,0,0,0,0,0
57370,Damien Da Silva,2023,AUSF,7006,False,4,4,0,450,0,0,5,1,1
57370,Damien Da Silva,2023,AUS1,7006,False,27,26,0,2340,3,0,25,7,4
57370,Damien Da Silva,2022,FRC,1041,False,2,1,0,72,0,0,2,0,0
57370,Damien Da Silva,2022,FR1,1041,False,22,7,0,335,0,0,2,0,2
57370,Damien Da Silva,2022,FFAC,7006,False,1,0,0,0,0,0,0,0,0
57370,Damien Da Silva,2022,AUS1,7006,False,12,12,0,1080,2,2,11,2,2
57370,Damien Da Silva,2021,FR4C,12764,False,1,1,0,90,0,0,0,0,0
57370,Damien Da Silva,2021,FR1,1041,False,38,17,3,1126,0,0,12,1,4
57370,Damien Da Silva,2021,EL,1041,False,10,4,0,360,0,0,5,0,1
57370,Damien Da Silva,2020,FRC,273,False,1,1,0,90,0,0,0,0,0
57370,Damien Da Silva,2020,FR1,273,False,38,30,5,2665,4,0,23,11,7
57370,Damien Da Silva,2020,CL,273,False,6,6,0,520,0,0,2,1,2
57370,Damien Da Silva,2019,FRL,273,False,1,0,0,0,0,0,0,0,0
57370,Damien Da Silva,2019,FRCH,273,False,1,1,0,90,0,0,0,0,0
57370,Damien Da Silva,2019,FRC,273,False,5,3,0,330,0,0,0,0,2
57370,Damien Da Silva,2019,FR1,273,False,28,25,1,2245,1,2,5,2,3
57370,Damien Da Silva,2019,EL,273,False,6,3,0,270,0,0,0,0,0
57370,Damien Da Silva,2018,FRL,273,False,2,2,0,180,1,0,1,1,0
57370,Damien Da Silva,2018,FRC,273,False,6,4,1,420,0,0,0,0,0
57370,Damien Da Silva,2018,FR1,273,False,38,33,4,2875,2,1,14,3,4
57370,Damien Da Silva,2018,EL,273,False,10,10,0,900,0,0,2,1,2
57370,Damien Da Silva,2017,FRL,1162,False,2,1,0,58,0,0,0,0,0
57370,Damien Da Silva,2017,FRC,1162,False,5,3,1,300,0,0,0,0,0
57370,Damien Da Silva,2017,FR1,1162,False,38,32,5,2838,4,0,18,10,7
57370,Damien Da Silva,2016,FRL,1162,False,1,0,0,0,0,0,0,0,0
57370,Damien Da Silva,2016,FRC,1162,False,2,0,0,0,0,0,0,0,0
57370,Damien Da Silva,2016,FR1,1162,False,38,36,1,3169,0,1,16,2,4
57370,Damien Da Silva,2015,FRL,1162,False,1,1,0,90,0,0,0,0,0
57370,Damien Da Silva,2015,FRC,1162,False,1,0,0,0,0,0,0,0,0
57370,Damien Da Silva,2015,FR1,1162,False,38,28,9,2483,2,0,16,1,4
57370,Damien Da Silva,2014,FRL,1162,False,2,0,0,0,0,0,0,0,0
57370,Damien Da Silva,2014,FRC,1162,False,1,1,0,90,0,0,0,0,1
57370,Damien Da Silva,2014,FR1,1162,False,38,35,1,3077,1,1,6,0,5
57370,Damien Da Silva,2013,FRL,3524,False,1,1,0,90,0,0,0,0,0
57370,Damien Da Silva,2013,FRC,3524,False,1,1,0,90,0,0,0,0,1
57370,Damien Da Silva,2013,FR2,3524,False,35,33,0,2970,0,2,0,0,7
57370,Damien Da Silva,2012,FRC,1564,False,6,6,0,565,0,0,0,0,1
57370,Damien Da Silva,2012,FR3,1564,False,38,35,0,3150,0,0,0,0,9
57370,Damien Da Silva,2011,FRC,1564,False,3,2,0,180,0,0,0,0,1
57370,Damien Da Silva,2011,FR3,1564,False,38,29,0,2412,0,0,0,0,6
57370,Damien Da Silva,2010,FRL,1175,False,1,0,0,0,0,0,0,0,0
57370,Damien Da Silva,2010,FRC,1564,False,1,0,0,0,0,0,0,0,0
57370,Damien Da Silva,2010,FRC,1175,False,2,0,0,0,0,0,0,0,0
57370,Damien Da Silva,2010,FR3,1564,False,22,21,0,1800,0,0,0,0,4
57370,Damien Da Silva,2010,FR2,1175,False,18,0,0,0,0,0,0,0,0
57370,Damien Da Silva,2009,FRL,1175,False,1,0,0,0,0,0,0,0,0
57370,Damien Da Silva,2009,FRC,1175,False,1,0,0,0,0,0,0,0,0
57370,Damien Da Silva,2009,FR2,1175,False,38,8,0,573,1,0,0,0,1
57370,Damien Da Silva,2008,FRL,1161,False,1,1,0,90,0,0,0,0,1
57370,Damien Da Silva,2008,FRC,1161,False,5,3,0,327,0,0,0,0,0
57370,Damien Da Silva,2008,FR3,1161,False,38,22,0,1881,1,0,0,0,7
57370,Damien Da Silva,2007,FRL,1161,False,4,0,0,0,0,0,0,0,0
57370,Damien Da Silva,2007,FRC,1161,False,4,3,0,158,0,0,0,0,0
57370,Damien Da Silva,2007,FR2,1161,False,38,14,0,1219,0,0,0,0,1
57370,Damien Da Silva,2006,U19Q,23101,True,3,1,0,90,1,0,0,0,0
57370,Damien Da Silva,2006,FRL,1161,False,1,0,0,0,0,0,0,0,0
57370,Damien Da Silva,2006,FRC,1161,False,4,3,0,275,0,0,0,0,1
57370,Damien Da Silva,2006,FR2,1161,False,38,3,0,262,0,0,0,0,0
226739,Anthony Cáceres,2025,AUS1,71085,False,26,23,2,1973,2,1,33,8,4
226739,Anthony Cáceres,2025,ACL2,71085,False,8,8,0,662,1,1,5,3,2
226739,Anthony Cáceres,2024,FFAC,71085,False,3,3,0,270,1,1,1,0,0
226739,Anthony Cáceres,2024,AUS1,8054,False,26,25,1,2223,3,3,40,15,3
226739,Anthony Cáceres,2024,ACL2,8054,False,12,11,0,1020,0,2,17,6,1
226739,Anthony Cáceres,2023,WMQ1,3433,True,6,4,0,115,0,0,0,0,1
226739,Anthony Cáceres,2023,FFAC,8054,False,1,0,1,0,0,0,0,0,0
226739,Anthony Cáceres,2023,AUSF,8054,False,3,3,0,270,0,2,2,1,1
226739,Anthony Cáceres,2023,AUS1,8054,False,27,25,2,2117,3,8,48,21,2
226739,Anthony Cáceres,2022,FFAC,8054,False,5,5,0,480,2,0,5,4,1
226739,Anthony Cáceres,2022,AUSF,8054,False,3,3,0,270,0,1,2,1,0
226739,Anthony Cáceres,2022,AUS1,8054,False,26,26,0,2243,2,3,37,10,2
226739,Anthony Cáceres,2021,FFAC,8054,False,3,3,0,300,1,1,8,1,1
226739,Anthony Cáceres,2021,AUS1,8054,False,26,24,0,2027,5,5,38,7,3
226739,Anthony Cáceres,2021,AFCL,8054,False,6,6,0,457,0,1,4,1,1
226739,Anthony Cáceres,2021,ACLQ,8054,False,1,0,0,0,0,0,0,0,0
226739,Anthony Cáceres,2020,FFAC,8054,False,4,3,0,270,0,0,5,1,0
226739,Anthony Cáceres,2020,AUSF,8054,False,2,2,0,176,0,0,1,0,0
226739,Anthony Cáceres,2020,AUS1,8054,False,26,26,0,1900,0,2,40,9,2
226739,Anthony Cáceres,2019,AUSF,8054,False,2,2,0,177,0,0,2,1,0
226739,Anthony Cáceres,2019,AUS1,8054,False,26,25,0,1408,2,1,18,8,2
226739,Anthony Cáceres,2019,AFCL,8054,False,6,5,0,310,0,1,2,1,0
226739,Anthony Cáceres,2018,FFAC,8054,False,1,1,0,90,0,0,0,0,0
226739,Anthony Cáceres,2018,AUSF,8054,False,2,2,0,66,0,0,0,0,0
226739,Anthony Cáceres,2018,AUS1,8054,False,17,13,0,768,0,2,14,2,0
226739,Anthony Cáceres,2018,AUS1,25580,False,9,5,0,135,0,0,2,1,0
226739,Anthony Cáceres,2018,AFCL,8054,False,6,5,0,409,0,1,7,4,0
226739,Anthony Cáceres,2017,UALC,16214,False,1,1,0,90,0,0,0,0,1
226739,Anthony Cáceres,2017,UAE1,16214,False,22,21,0,1362,1,2,0,0,2
226739,Anthony Cáceres,2017,FFAC,25580,False,3,2,0,53,0,0,0,0,1
226739,Anthony Cáceres,2017,AFCL,16214,False,6,6,0,488,0,0,2,1,0
226739,Anthony Cáceres,2016,AUSF,25580,False,1,1,0,19,0,0,0,0,0
226739,Anthony Cáceres,2016,AUS1,25580,False,27,26,0,1453,2,3,0,0,4
226739,Anthony Cáceres,2015,GB1,281,False,1,0,0,0,0,0,0,0,0
226739,Anthony Cáceres,2015,FFAC,25580,False,3,1,0,29,0,0,0,0,0
226739,Anthony Cáceres,2015,AUSF,25580,False,2,2,0,158,0,0,0,0,1
226739,Anthony Cáceres,2015,AUS1,6954,False,14,12,0,984,0,0,0,0,1
226739,Anthony Cáceres,2015,AUS1,25580,False,12,9,0,572,1,0,0,0,1
226739,Anthony Cáceres,2014,AUS1,6954,False,27,26,0,2167,1,1,0,0,0
226739,Anthony Cáceres,2014,ACLQ,6954,False,1,1,0,90,0,0,0,0,0
226739,Anthony Cáceres,2013,FFAC,6954,False,2,0,0,0,0,0,0,0,0
226739,Anthony Cáceres,2013,AUSF,6954,False,2,2,0,169,0,0,0,0,0
226739,Anthony Cáceres,2013,AUS1,6954,False,27,18,0,1175,2,0,0,0,3
226739,Anthony Cáceres,2013,AFCL,6954,False,6,3,0,185,0,0,0,0,0
226739,Anthony Cáceres,2012,AUSF,6954,False,2,0,0,0,0,0,0,0,0
226739,Anthony Cáceres,2012,AUS1,6954,False,27,3,0,153,0,0,0,0,1
226739,Anthony Cáceres,2012,AFCL,6954,False,8,2,0,164,0,0,0,0,0
114365,Luke Brattan,2025,AUS1,71085,False,26,23,3,1858,2,2,27,7,8
114365,Luke Brattan,2025,ACL2,71085,False,8,7,0,630,0,3,11,2,1
114365,Luke Brattan,2024,FFAC,71085,False,3,3,0,270,0,0,1,0,1
114365,Luke Brattan,2024,AUS1,71085,False,26,26,0,2319,2,2,23,7,7
114365,Luke Brattan,2023,WMQ1,3433,True,2,1,0,45,0,0,0,0,0
114365,Luke Brattan,2023,FFAC,71085,False,5,5,0,450,1,0,1,1,0
114365,Luke Brattan,2023,AUSF,8054,False,3,3,0,265,0,0,2,0,0
114365,Luke Brattan,2023,AUS1,8054,False,27,26,1,2241,1,2,29,5,7
114365,Luke Brattan,2022,FFAC,8054,False,5,5,0,480,0,2,9,1,1
114365,Luke Brattan,2022,AUSF,8054,False,3,3,0,270,0,0,2,0,2
114365,Luke Brattan,2022,AUS1,8054,False,26,24,1,2058,0,2,16,1,7
114365,Luke Brattan,2021,FFAC,8054,False,3,0,0,0,0,0,0,0,0
114365,Luke Brattan,2021,AUS1,8054,False,26,0,25,0,0,0,0,0,0
114365,Luke Brattan,2021,AFCL,8054,False,6,0,6,0,0,0,0,0,0
114365,Luke Brattan,2021,ACLQ,8054,False,1,0,1,0,0,0,0,0,0
114365,Luke Brattan,2020,FFAC,8054,False,4,1,3,45,0,0,0,0,0
114365,Luke Brattan,2020,AUSF,8054,False,2,2,0,125,0,0,0,0,1
114365,Luke Brattan,2020,AUS1,8054,False,26,24,0,1911,1,3,28,10,5
114365,Luke Brattan,2019,AUSF,8054,False,2,2,0,210,0,1,1,0,0
114365,Luke Brattan,2019,AUS1,8054,False,26,24,0,2104,0,2,27,8,8
114365,Luke Brattan,2019,AFCL,8054,False,6,4,0,270,1,0,5,2,1
114365,Luke Brattan,2018,FFAC,8054,False,1,0,0,0,0,0,0,0,0
114365,Luke Brattan,2018,AUSF,25580,False,1,1,0,103,0,0,2,1,1
114365,Luke Brattan,2018,AUS1,25580,False,27,25,0,1953,4,4,31,3,4
114365,Luke Brattan,2017,FFAC,25580,False,3,3,0,216,0,0,0,0,1
114365,Luke Brattan,2017,AUSF,25580,False,2,2,0,180,0,0,0,0,1
114365,Luke Brattan,2017,AUS1,25580,False,27,25,0,2073,1,5,0,0,5
114365,Luke Brattan,2016,WMQ1,3433,True,1,0,0,0,0,0,0,0,0
114365,Luke Brattan,2016,FFAC,25580,False,2,0,0,0,0,0,0,0,0
114365,Luke Brattan,2016,AUSF,25580,False,1,1,0,45,0,0,0,0,0
114365,Luke Brattan,2016,AUS1,25580,False,27,25,0,2123,1,3,0,0,6
114365,Luke Brattan,2015,GB21,9265,False,4,0,0,0,0,0,0,0,0
114365,Luke Brattan,2015,GB2,355,False,9,0,0,0,0,0,0,0,0
114365,Luke Brattan,2015,GB1,281,False,22,0,0,0,0,0,0,0,0
114365,Luke Brattan,2015,FFAC,25580,False,3,1,0,90,0,0,0,0,0
114365,Luke Brattan,2015,FAC,281,False,3,0,0,0,0,0,0,0,0
114365,Luke Brattan,2015,CL,281,False,6,0,0,0,0,0,0,0,0
114365,Luke Brattan,2015,CGB,281,False,3,0,0,0,0,0,0,0,0
114365,Luke Brattan,2015,AUS1,7831,False,3,0,0,0,0,0,0,0,0
114365,Luke Brattan,2014,WMQ1,3433,True,3,0,0,0,0,0,0,0,0
114365,Luke Brattan,2014,AUSF,7831,False,1,1,0,90,0,0,0,0,0
114365,Luke Brattan,2014,AUS1,7831,False,27,23,0,2042,0,0,0,0,6
114365,Luke Brattan,2014,AFCL,7831,False,6,6,0,527,0,0,0,0,0
114365,Luke Brattan,2013,AUSF,7831,False,2,2,0,180,0,0,0,0,0
114365,Luke Brattan,2013,AUS1,7831,False,27,26,0,2209,3,2,0,0,5
114365,Luke Brattan,2012,AUSF,7831,False,2,2,0,177,1,0,0,0,2
114365,Luke Brattan,2012,AUS1,7831,False,27,15,0,929,0,1,0,0,3
114365,Luke Brattan,2012,ACLQ,7831,False,1,1,0,120,0,0,0,0,0
114365,Luke Brattan,2011,AUSF,7831,False,3,3,0,83,0,0,0,0,1
114365,Luke Brattan,2011,AUS1,7831,False,27,12,0,480,0,1,0,0,1
114365,Luke Brattan,2011,AFCL,7831,False,6,5,0,152,0,0,0,0,0
114365,Luke Brattan,2010,AUSF,7831,False,3,0,0,0,0,0,0,0,0
114365,Luke Brattan,2010,AUS1,7831,False,30,6,0,130,0,0,0,0,0
114365,Luke Brattan,2009,AUS1,7831,False,1,1,0,11,0,0,0,0,0
1109957,Frans Deli,2025,FFAC,11419,False,3,1,0,120,0,0,2,0,0
1109957,Frans Deli,2025,AUS1,71085,False,26,7,2,147,0,0,0,0,2
1109957,Frans Deli,2025,ACL2,71085,False,8,1,2,20,0,0,0,0,0
1109957,Frans Deli,2025,A2SW,11419,False,8,4,0,193,0,1,0,0,2
1109957,Frans Deli,2024,FS,22976,True,4,1,0,45,0,0,0,0,0
1109957,Frans Deli,2024,FFAC,71085,False,3,1,0,6,0,0,0,0,0
1109957,Frans Deli,2024,AUS1,71085,False,26,11,4,455,0,0,1,0,2
1109957,Frans Deli,2024,AU2C,22976,True,4,4,0,212,0,0,0,0,0
1109957,Frans Deli,2024,A920,22976,True,6,6,0,286,0,0,2,1,1
1109957,Frans Deli,2023,FS,22976,True,6,1,0,57,0,0,0,0,0
1109957,Frans Deli,2023,FFAC,71085,False,5,3,0,166,0,1,1,0,0
1109957,Frans Deli,2023,AUSF,71085,False,1,0,0,0,0,0,0,0,0
1109957,Frans Deli,2023,AUS1,71085,False,6,0,0,0,0,0,0,0,0
1109957,Frans Deli,2022,FS,100451,True,3,3,0,125,0,0,0,0,0
1109957,Frans Deli,2022,A2SW,86096,False,10,10,0,634,0,0,2,0,1
1109957,Frans Deli,2022,A2SW,38638,False,16,12,0,899,0,1,3,1,4
659622,Kristian Popovic,2025,FFAC,6954,False,1,0,1,0,0,0,0,0,0
659622,Kristian Popovic,2025,AUS1,71085,False,26,6,5,291,0,0,2,1,0
659622,Kristian Popovic,2025,ACL2,71085,False,8,1,0,90,1,0,1,1,1
659622,Kristian Popovic,2024,FFAC,71085,False,3,0,0,0,0,0,0,0,0
659622,Kristian Popovic,2024,AUS1,71085,False,26,0,26,0,0,0,0,0,0
659622,Kristian Popovic,2023,FFAC,71085,False,5,0,5,0,0,0,0,0,0
659622,Kristian Popovic,2023,AUSF,71085,False,1,0,0,0,0,0,0,0,0
659622,Kristian Popovic,2023,AUS1,71085,False,27,10,2,179,0,0,1,0,0
659622,Kristian Popovic,2023,AFCC,71085,False,8,2,0,38,0,0,0,0,0
659622,Kristian Popovic,2022,KRC,6087,False,1,1,0,90,0,0,0,0,0
659622,Kristian Popovic,2022,FFAC,71085,False,2,0,0,0,0,0,0,0,0
659622,Kristian Popovic,2021,KRC,22562,False,1,1,0,90,0,0,0,0,0
659622,Kristian Popovic,2021,KR2,11083,False,16,5,0,165,0,0,0,0,0
659622,Kristian Popovic,2020,GRS2,128,False,10,2,0,62,0,0,0,0,0
659622,Kristian Popovic,2020,FS,32270,True,3,1,0,90,0,0,0,0,0
659622,Kristian Popovic,2019,AUSF,970,False,1,1,0,80,0,0,1,0,0
659622,Kristian Popovic,2019,AUS1,970,False,26,16,0,612,2,0,6,2,2
659622,Kristian Popovic,2019,AU2C,39276,True,3,1,0,90,0,0,0,0,0
659622,Kristian Popovic,2019,AFCL,970,False,1,1,0,75,0,0,0,0,0
659622,Kristian Popovic,2018,AUS1,970,False,6,2,0,22,0,0,1,1,0
177775,Mitchell Duke,2026,JAP1,23568,False,3,3,0,174,1,2,7,2,0
177775,Mitchell Duke,2025,FS,3433,True,4,2,0,18,0,0,0,0,0
177775,Mitchell Duke,2025,AUS1,71085,False,13,13,0,864,5,3,31,9,2
177775,Mitchell Duke,2025,ACLE,23568,False,6,5,0,163,0,0,5,4,0
177775,Mitchell Duke,2025,ACL2,71085,False,2,2,0,121,0,1,4,0,0
177775,Mitchell Duke,2024,JEMP,23568,False,6,5,0,200,0,1,0,0,0
177775,Mitchell Duke,2024,JAPC,23568,False,2,2,0,130,0,0,0,0,0
177775,Mitchell Duke,2024,JAP1,23568,False,38,25,0,789,3,1,22,7,2
177775,Mitchell Duke,2023,WMQ1,3433,True,16,13,0,740,3,1,13,4,1
177775,Mitchell Duke,2023,JEMP,23568,False,1,1,0,120,0,0,0,0,1
177775,Mitchell Duke,2023,JAPC,23568,False,6,3,0,145,2,1,0,0,0
177775,Mitchell Duke,2023,JAP1,23568,False,38,33,3,816,4,0,36,12,2
177775,Mitchell Duke,2023,FS,3433,True,4,4,0,270,1,1,8,1,1
177775,Mitchell Duke,2022,JEMP,23568,False,3,2,0,151,1,0,0,0,1
177775,Mitchell Duke,2022,JAP2,23568,False,42,34,5,2326,10,6,61,27,5
177775,Mitchell Duke,2022,FS,3433,True,5,3,0,188,1,1,5,3,0
177775,Mitchell Duke,2022,AFAC,3433,True,5,4,0,271,0,0,6,1,0
177775,Mitchell Duke,2021,POWM,3433,True,1,1,0,69,0,0,2,0,0
177775,Mitchell Duke,2021,JEMP,22171,False,1,0,0,0,0,0,0,0,0
177775,Mitchell Duke,2021,JAP2,22171,False,42,36,0,2649,8,3,63,22,3
177775,Mitchell Duke,2021,J1PO,22171,False,1,1,0,90,0,0,2,1,1
177775,Mitchell Duke,2021,FS,3433,True,1,0,0,0,0,0,0,0,0
177775,Mitchell Duke,2021,FS,32270,True,1,1,0,90,0,0,0,0,0
177775,Mitchell Duke,2021,FIWC,3433,True,4,4,0,274,1,0,7,4,1
177775,Mitchell Duke,2020,SAKC,28844,False,1,1,0,90,0,0,0,0,1
177775,Mitchell Duke,2020,SA1,28844,False,16,12,0,782,0,0,14,5,1
177775,Mitchell Duke,2020,OLYM,53845,True,2,2,0,180,0,2,4,1,2
177775,Mitchell Duke,2020,JAP2,22171,False,19,14,1,1127,3,0,0,0,3
177775,Mitchell Duke,2020,AUS1,36100,False,21,17,0,1176,6,2,46,16,1
177775,Mitchell Duke,2019,WMQ1,3433,True,19,14,0,506,5,1,15,7,0
177775,Mitchell Duke,2019,SA1,28844,False,2,0,0,0,0,0,0,0,0
177775,Mitchell Duke,2019,AUS1,36100,False,26,26,0,2312,14,2,77,26,2
177775,Mitchell Duke,2019,AFCL,28844,False,5,5,0,443,1,0,9,4,0
177775,Mitchell Duke,2018,FS,3433,True,5,1,0,62,0,0,0,0,0
177775,Mitchell Duke,2018,FFAC,36100,False,3,0,0,0,0,0,0,0,0
177775,Mitchell Duke,2018,AUS1,36100,False,12,11,0,657,4,0,0,0,0
177775,Mitchell Duke,2018,AFAC,3433,True,5,0,0,0,0,0,0,0,0
177775,Mitchell Duke,2017,POWM,3433,True,2,0,0,0,0,0,0,0,0
177775,Mitchell Duke,2017,JEMP,1062,False,2,1,0,36,0,0,0,0,0
177775,Mitchell Duke,2017,JAPC,1062,False,6,4,0,321,1,1,0,0,0
177775,Mitchell Duke,2017,JAP1,1062,False,34,22,0,843,0,2,20,6,1
177775,Mitchell Duke,2017,FS,3433,True,4,0,0,0,0,0,0,0,0
177775,Mitchell Duke,2017,FIWC,3433,True,3,0,0,0,0,0,0,0,0
177775,Mitchell Duke,2016,WMQ1,3433,True,12,0,0,0,0,0,0,0,0
177775,Mitchell Duke,2016,JEMP,1062,False,3,3,0,179,1,1,0,0,0
177775,Mitchell Duke,2016,JAPC,1062,False,6,6,0,469,0,0,0,0,1
177775,Mitchell Duke,2016,JAP1,1062,False,34,31,0,1948,1,3,43,9,1
177775,Mitchell Duke,2016,FS,3433,True,1,0,0,0,0,0,0,0,0
177775,Mitchell Duke,2016,CONC,3433,True,3,0,0,0,0,0,0,0,0
177775,Mitchell Duke,2015,JEMP,1062,False,4,0,0,0,0,0,0,0,0
177775,Mitchell Duke,2015,JAP2,1062,False,42,7,0,283,1,0,0,0,1
177775,Mitchell Duke,2015,FS,3433,True,3,0,0,0,0,0,0,0,0
177775,Mitchell Duke,2014,WMQ1,3433,True,8,0,0,0,0,0,0,0,0
177775,Mitchell Duke,2014,JL12,1062,False,17,13,0,1027,0,3,0,0,3
177775,Mitchell Duke,2014,JL11,1062,False,17,16,0,986,1,0,0,0,3
177775,Mitchell Duke,2014,JEMP,1062,False,1,0,0,0,0,0,0,0,0
177775,Mitchell Duke,2014,JAPC,1062,False,6,3,0,224,0,0,0,0,0
177775,Mitchell Duke,2014,FS,3433,True,7,0,0,0,0,0,0,0,0
177775,Mitchell Duke,2014,AUS1,6954,False,17,15,0,1076,3,0,0,0,1
177775,Mitchell Duke,2014,AFAC,3433,True,6,0,0,0,0,0,0,0,0
177775,Mitchell Duke,2014,ACLQ,6954,False,1,0,0,0,0,0,0,0,0
177775,Mitchell Duke,2013,FS,3433,True,7,1,0,12,0,0,0,0,0
177775,Mitchell Duke,2013,FIWC,3433,True,3,0,0,0,0,0,0,0,0
177775,Mitchell Duke,2013,FFAC,6954,False,2,0,0,0,0,0,0,0,0
177775,Mitchell Duke,2013,AUSF,6954,False,2,2,0,166,0,0,0,0,0
177775,Mitchell Duke,2013,AUS1,6954,False,27,27,0,1681,3,1,0,0,0
177775,Mitchell Duke,2013,AFCL,6954,False,6,6,0,189,0,0,0,0,0
177775,Mitchell Duke,2012,EAFC,3433,True,3,3,0,269,2,0,0,0,0
177775,Mitchell Duke,2012,AUSF,6954,False,2,2,0,45,0,0,0,0,0
177775,Mitchell Duke,2012,AUS1,6954,False,27,19,0,693,6,1,0,0,1
177775,Mitchell Duke,2012,AFCL,6954,False,8,7,0,468,2,0,0,0,1
177775,Mitchell Duke,2011,AFCL,6954,False,1,1,0,12,0,0,0,0,0
177775,Mitchell Duke,2010,AUS1,6954,False,1,1,0,32,1,0,0,0,0
248483,Chris Ikonomidis,2026,INDC,14099,False,5,2,0,79,0,2,0,0,0
248483,Chris Ikonomidis,2026,AC2Q,14099,False,1,1,0,43,0,0,0,0,0
248483,Chris Ikonomidis,2025,AUS1,71085,False,14,14,0,556,1,2,11,3,1
248483,Chris Ikonomidis,2025,ACL2,71085,False,5,5,0,358,1,1,6,3,0
248483,Chris Ikonomidis,2024,FFAC,71085,False,3,3,0,270,2,1,2,1,0
248483,Chris Ikonomidis,2024,AUS1,71085,False,26,13,13,666,2,0,15,4,0
248483,Chris Ikonomidis,2023,FFAC,71085,False,5,0,0,0,0,0,0,0,0
248483,Chris Ikonomidis,2023,AUSF,7006,False,4,4,0,111,1,0,6,2,0
248483,Chris Ikonomidis,2023,AUS1,7006,False,27,25,0,714,1,0,23,6,3
248483,Chris Ikonomidis,2022,FFAC,7006,False,1,0,0,0,0,0,0,0,0
248483,Chris Ikonomidis,2022,AUS1,7006,False,26,23,1,1453,2,3,27,10,3
248483,Chris Ikonomidis,2021,FFAC,7006,False,1,1,0,85,0,0,3,1,0
248483,Chris Ikonomidis,2021,AUSF,7006,False,2,2,0,38,0,0,2,0,1
248483,Chris Ikonomidis,2021,AUS1,7006,False,26,21,0,990,0,2,22,8,1
248483,Chris Ikonomidis,2021,ACLQ,7006,False,1,1,0,60,0,0,1,0,0
248483,Chris Ikonomidis,2020,FFAC,7006,False,5,1,0,16,1,0,1,1,0
248483,Chris Ikonomidis,2020,AUS1,970,False,26,9,0,621,4,1,22,7,1
248483,Chris Ikonomidis,2019,WMQ1,3433,True,12,4,0,48,0,0,4,2,0
248483,Chris Ikonomidis,2019,AUSF,970,False,2,0,0,0,0,0,0,0,0
248483,Chris Ikonomidis,2019,AUS1,970,False,26,12,0,786,3,0,19,5,1
248483,Chris Ikonomidis,2019,AFCL,970,False,6,0,0,0,0,0,0,0,0
248483,Chris Ikonomidis,2018,IT1,398,False,3,0,0,0,0,0,0,0,0
248483,Chris Ikonomidis,2018,FS,3433,True,5,1,0,90,1,0,0,0,0
248483,Chris Ikonomidis,2018,FFAC,970,False,1,0,0,0,0,0,0,0,0
248483,Chris Ikonomidis,2018,AUSF,970,False,2,2,0,226,0,2,3,0,0
248483,Chris Ikonomidis,2018,AUS1,970,False,27,18,0,1455,9,3,51,22,2
248483,Chris Ikonomidis,2018,AFAC,3433,True,5,5,0,401,1,4,12,7,0
248483,Chris Ikonomidis,2017,SCI,398,False,1,0,1,0,0,0,0,0,0
248483,Chris Ikonomidis,2017,POWM,3433,True,2,0,2,0,0,0,0,0,0
248483,Chris Ikonomidis,2017,IT1,398,False,22,0,22,0,0,0,0,0,0
248483,Chris Ikonomidis,2017,FS,3433,True,4,0,0,0,0,0,0,0,0
248483,Chris Ikonomidis,2017,FIWC,3433,True,3,0,0,0,0,0,0,0,0
248483,Chris Ikonomidis,2017,EL,398,False,6,0,6,0,0,0,0,0,0
248483,Chris Ikonomidis,2017,CIT,398,False,2,0,2,0,0,0,0,0,0
248483,Chris Ikonomidis,2017,AUS1,36100,False,10,10,0,798,3,0,0,0,0
248483,Chris Ikonomidis,2016,WMQ1,3433,True,12,0,4,0,0,0,0,0,0
248483,Chris Ikonomidis,2016,IT1,398,False,2,0,0,0,0,0,0,0,0
248483,Chris Ikonomidis,2016,FS,3433,True,1,0,0,0,0,0,0,0,0
248483,Chris Ikonomidis,2016,DKPL,678,False,4,0,0,0,0,0,0,0,0
248483,Chris Ikonomidis,2016,DKP,678,False,4,2,0,119,1,0,0,0,0
248483,Chris Ikonomidis,2016,DKAR,678,False,6,2,0,24,0,0,0,0,1
248483,Chris Ikonomidis,2016,DK1,678,False,19,16,0,956,1,1,0,0,3
248483,Chris Ikonomidis,2016,CONC,3433,True,3,0,0,0,0,0,0,0,0
248483,Chris Ikonomidis,2015,SCI,398,False,1,0,0,0,0,0,0,0,0
248483,Chris Ikonomidis,2015,PUSB,380,False,2,0,0,0,0,0,0,0,0
248483,Chris Ikonomidis,2015,ITJ3,12816,False,1,1,0,90,0,0,0,0,0
248483,Chris Ikonomidis,2015,IT2,380,False,21,14,0,939,1,1,0,0,4
248483,Chris Ikonomidis,2015,IT1,398,False,19,0,0,0,0,0,0,0,0
248483,Chris Ikonomidis,2015,FS,3433,True,3,3,0,63,0,0,0,0,0
248483,Chris Ikonomidis,2015,FS,32270,True,2,2,0,81,0,0,0,0,0
248483,Chris Ikonomidis,2015,EL,398,False,6,1,0,84,0,0,0,0,0
248483,Chris Ikonomidis,2015,CLQ,398,False,2,0,0,0,0,0,0,0,0
248483,Chris Ikonomidis,2015,CIT,398,False,1,0,0,0,0,0,0,0,0
248483,Chris Ikonomidis,2014,WMQ1,3433,True,8,2,0,54,0,1,0,0,0
248483,Chris Ikonomidis,2014,SCIJ,12816,False,1,1,0,90,1,0,0,0,0
248483,Chris Ikonomidis,2014,ITJE,12816,False,5,1,0,120,1,0,0,0,0
248483,Chris Ikonomidis,2014,ITJ3,12816,False,26,18,0,1474,13,0,0,0,1
248483,Chris Ikonomidis,2014,IT1,398,False,20,0,0,0,0,0,0,0,0
248483,Chris Ikonomidis,2014,FS,3433,True,2,1,0,8,0,0,0,0,0
248483,Chris Ikonomidis,2014,CITP,12816,False,6,5,0,462,3,0,0,0,1
248483,Chris Ikonomidis,2014,CIT,398,False,5,0,0,0,0,0,0,0,0
248483,Chris Ikonomidis,2013,TDV,12816,False,3,2,0,123,0,0,0,0,0
248483,Chris Ikonomidis,2013,SCIJ,12816,False,1,1,0,45,0,0,0,0,0
248483,Chris Ikonomidis,2013,ITJE,12816,False,2,1,0,107,2,0,0,0,0
248483,Chris Ikonomidis,2013,ITJ3,12816,False,26,19,0,1270,3,0,0,0,2
248483,Chris Ikonomidis,2013,CITP,12816,False,6,4,0,168,0,0,0,0,2
248483,Chris Ikonomidis,2012,TDV,11998,False,3,2,0,17,0,0,0,0,0
248483,Chris Ikonomidis,2012,ITJE,11998,False,3,0,0,0,0,0,0,0,0
248483,Chris Ikonomidis,2012,ITJ2,11998,False,26,10,0,170,0,0,0,0,1
248483,Chris Ikonomidis,2012,CITP,11998,False,2,0,0,0,0,0,0,0,0
248483,Chris Ikonomidis,2012,23AF,77740,True,1,0,0,0,0,0,0,0,0
186647,Sime Grzan,2026,SAKC,75312,False,1,1,0,67,0,0,0,0,0
186647,Sime Grzan,2026,SA2L,75312,False,1,1,0,70,0,0,0,0,0
186647,Sime Grzan,2025,AUS1,71085,False,26,17,2,1155,0,0,22,4,1
186647,Sime Grzan,2025,ACL2,71085,False,8,6,0,365,2,0,5,3,0
186647,Sime Grzan,2024,KRC,223,False,1,1,0,45,0,0,0,0,0
186647,Sime Grzan,2024,KR1,223,False,29,27,1,2116,3,2,19,5,3
186647,Sime Grzan,2024,FFAC,71085,False,3,1,0,30,0,0,1,0,0
186647,Sime Grzan,2023,KRC,327,False,3,3,0,180,0,0,0,0,1
186647,Sime Grzan,2023,KR1,327,False,36,30,0,1696,0,3,15,3,3
186647,Sime Grzan,2023,ECLQ,327,False,4,4,0,351,2,2,5,2,1
186647,Sime Grzan,2022,KRC,327,False,3,0,0,0,0,0,0,0,0
186647,Sime Grzan,2022,KR1,327,False,36,25,0,1553,1,2,7,2,1
186647,Sime Grzan,2022,ECLQ,327,False,2,0,0,0,0,0,0,0,0
186647,Sime Grzan,2021,UNG1,1391,False,16,7,0,349,0,2,0,0,1
186647,Sime Grzan,2021,KRC,327,False,3,0,0,0,0,0,0,0,0
186647,Sime Grzan,2021,KR1,327,False,20,13,0,540,0,0,7,2,0
186647,Sime Grzan,2021,ECLQ,327,False,4,1,0,8,0,0,0,0,0
186647,Sime Grzan,2020,KRC,999,False,5,5,0,252,2,0,0,0,1
186647,Sime Grzan,2020,KR1,999,False,36,33,0,2831,5,3,40,15,4
186647,Sime Grzan,2019,REKR,999,False,2,2,0,180,2,0,0,0,0
186647,Sime Grzan,2019,KRC,999,False,2,2,0,118,0,1,0,0,0
186647,Sime Grzan,2019,KR1,999,False,36,33,0,2708,4,5,0,0,4
186647,Sime Grzan,2018,ELQ,6808,False,4,0,0,0,0,0,0,0,0
186647,Sime Grzan,2018,CLQ,6808,False,2,0,0,0,0,0,0,0,0
186647,Sime Grzan,2018,BOS1,9544,False,14,12,0,1074,1,2,0,0,3
186647,Sime Grzan,2018,BOS1,6808,False,19,1,0,90,0,0,0,0,1
186647,Sime Grzan,2018,BIHP,6808,False,2,2,0,180,0,0,0,0,0
186647,Sime Grzan,2017,KRC,999,False,3,0,0,0,0,0,0,0,0
186647,Sime Grzan,2017,KR1,999,False,20,2,0,172,0,0,0,0,0
186647,Sime Grzan,2017,BOS1,6808,False,14,8,0,370,0,0,0,0,1
186647,Sime Grzan,2016,KRC,999,False,2,1,0,55,0,0,0,0,0
186647,Sime Grzan,2016,KR1,999,False,36,32,0,2221,5,2,0,0,4
186647,Sime Grzan,2015,REKR,999,False,2,2,0,161,0,0,0,0,0
186647,Sime Grzan,2015,KRC,11194,False,3,1,0,90,0,0,0,0,0
186647,Sime Grzan,2015,KR1,999,False,15,12,0,866,2,0,0,0,3
186647,Sime Grzan,2015,KR1,11194,False,21,6,0,137,0,0,0,0,0
186647,Sime Grzan,2015,ELQ,11194,False,4,2,0,35,0,0,0,0,0
186647,Sime Grzan,2014,KRC,11194,False,4,1,0,90,0,0,0,0,1
186647,Sime Grzan,2014,KR1,11194,False,36,22,0,1174,3,1,0,0,2
186647,Sime Grzan,2013,KRC,2566,False,5,5,0,346,0,0,0,0,1
186647,Sime Grzan,2013,KR1,2566,False,20,11,0,703,0,2,0,0,1
186647,Sime Grzan,2013,KR1,11194,False,16,0,0,0,0,0,0,0,0
186647,Sime Grzan,2012,U19Q,17379,True,3,2,0,48,0,0,0,0,0
186647,Sime Grzan,2012,KR1,2566,False,33,21,0,967,1,0,0,0,0
186647,Sime Grzan,2012,FS,17379,True,4,3,0,225,0,0,0,0,1
186647,Sime Grzan,2011,KR1,2566,False,30,16,0,789,0,1,0,0,0
186647,Sime Grzan,2010,KR1,2566,False,12,1,0,8,0,0,0,0,0
164265,Dong-won Ji,2025,AUS1,71085,False,26,9,17,337,1,0,8,3,4
164265,Dong-won Ji,2025,ACL2,71085,False,8,4,2,205,0,0,3,0,0
164265,Dong-won Ji,2024,RSK1,31622,False,24,11,0,450,0,1,6,1,0
164265,Dong-won Ji,2024,RKPO,31622,False,2,0,0,0,0,0,0,0,0
164265,Dong-won Ji,2024,FFAC,71085,False,2,1,0,30,0,0,0,0,0
164265,Dong-won Ji,2023,RSK1,31622,False,38,36,0,1890,6,3,46,14,1
164265,Dong-won Ji,2023,RKPO,31622,False,1,0,0,0,0,0,0,0,0
164265,Dong-won Ji,2022,RSKA,6500,False,5,4,0,209,1,1,6,3,0
164265,Dong-won Ji,2022,RSK1,6500,False,33,6,26,175,0,0,6,3,1
164265,Dong-won Ji,2022,RKPO,6500,False,1,0,1,0,0,0,0,0,0
164265,Dong-won Ji,2021,RSKA,6500,False,5,0,5,0,0,0,0,0,0
164265,Dong-won Ji,2021,RSK1,6500,False,33,3,28,68,0,0,1,0,0
164265,Dong-won Ji,2021,RKPO,6500,False,6,1,4,15,0,0,0,0,0
164265,Dong-won Ji,2020,RSKA,6500,False,5,3,1,22,0,1,1,0,1
164265,Dong-won Ji,2020,RSK1,6500,False,16,9,7,456,1,0,6,1,1
164265,Dong-won Ji,2020,L2,23,False,16,12,2,741,1,1,12,2,1
164265,Dong-won Ji,2020,L1,39,False,18,6,3,56,0,0,0,0,1
164265,Dong-won Ji,2020,DFB,39,False,2,1,1,38,0,0,0,0,1
164265,Dong-won Ji,2019,L1,39,False,34,4,16,100,0,0,0,0,1
164265,Dong-won Ji,2019,DFB,39,False,1,0,1,0,0,0,0,0,0
164265,Dong-won Ji,2018,L1,167,False,34,14,11,892,4,1,22,7,2
164265,Dong-won Ji,2018,FS,3589,True,8,4,4,192,0,0,0,0,0
164265,Dong-won Ji,2018,DFB,167,False,4,2,1,91,0,0,0,0,1
164265,Dong-won Ji,2018,AFAC,3589,True,5,4,0,76,0,0,1,0,0
164265,Dong-won Ji,2017,L2,105,False,16,16,0,1417,2,4,0,0,2
164265,Dong-won Ji,2017,L1,167,False,19,3,5,17,0,0,0,0,0
164265,Dong-won Ji,2017,FS,3589,True,12,1,0,26,1,0,0,0,0
164265,Dong-won Ji,2017,FIWC,3589,True,3,0,0,0,0,0,0,0,0
164265,Dong-won Ji,2017,DFB,167,False,1,0,1,0,0,0,0,0,0
164265,Dong-won Ji,2016,WMQ1,3589,True,10,7,0,567,1,2,0,0,2
164265,Dong-won Ji,2016,L1,167,False,34,34,0,2293,3,3,0,0,4
164265,Dong-won Ji,2016,FS,3589,True,3,3,0,154,0,0,0,0,0
164265,Dong-won Ji,2016,EAFC,3589,True,3,0,0,0,0,0,0,0,0
164265,Dong-won Ji,2016,DFB,167,False,2,2,0,111,1,0,0,0,0
164265,Dong-won Ji,2015,L1,167,False,34,21,7,783,0,1,0,0,2
164265,Dong-won Ji,2015,FS,3589,True,3,2,1,180,0,0,0,0,1
164265,Dong-won Ji,2015,EL,167,False,8,6,0,460,1,2,0,0,0
164265,Dong-won Ji,2015,DFB,167,False,3,2,0,180,1,0,0,0,0
164265,Dong-won Ji,2014,WMQ1,3589,True,8,2,3,104,0,0,0,0,0
164265,Dong-won Ji,2014,L3,17,False,5,5,0,363,0,1,0,0,0
164265,Dong-won Ji,2014,L1,167,False,17,12,1,584,0,0,0,0,1
164265,Dong-won Ji,2014,L1,16,False,17,0,12,0,0,0,0,0,0
164265,Dong-won Ji,2014,FS,3589,True,10,2,5,157,1,1,0,0,1
164265,Dong-won Ji,2014,EAFC,3589,True,3,0,0,0,0,0,0,0,0
164265,Dong-won Ji,2014,DFL,16,False,1,0,0,0,0,0,0,0,0
164265,Dong-won Ji,2014,DFB,16,False,2,0,0,0,0,0,0,0,0
164265,Dong-won Ji,2014,CL,16,False,6,0,4,0,0,0,0,0,0
164265,Dong-won Ji,2014,AFAC,3589,True,6,0,0,0,0,0,0,0,0
164265,Dong-won Ji,2013,L1,167,False,17,12,3,328,1,0,0,0,0
164265,Dong-won Ji,2013,GB1,289,False,21,5,0,201,0,0,0,0,0
164265,Dong-won Ji,2013,FS,3589,True,13,5,0,140,0,0,0,0,0
164265,Dong-won Ji,2013,FIWC,3589,True,3,2,0,29,0,0,0,0,0
164265,Dong-won Ji,2013,FAC,289,False,1,1,0,63,0,0,0,0,0
164265,Dong-won Ji,2013,CGB,289,False,5,1,0,49,0,0,0,0,0
164265,Dong-won Ji,2012,L1,167,False,17,17,0,1495,5,0,0,0,2
164265,Dong-won Ji,2012,GB21,9264,False,9,4,0,351,1,2,0,0,0
164265,Dong-won Ji,2012,GB1,289,False,20,0,0,0,0,0,0,0,0
164265,Dong-won Ji,2012,FS,3589,True,3,1,0,45,0,0,0,0,0
164265,Dong-won Ji,2012,EAFC,3589,True,3,0,0,0,0,0,0,0,0
164265,Dong-won Ji,2012,CGB,289,False,3,0,0,0,0,0,0,0,0
164265,Dong-won Ji,2011,WMQ1,3589,True,14,11,0,486,2,0,0,0,0
164265,Dong-won Ji,2011,OQAF,34950,True,2,2,0,180,0,0,0,0,0
164265,Dong-won Ji,2011,OLYM,53812,True,6,6,0,300,1,0,0,0,1
164265,Dong-won Ji,2011,GBR,9264,False,1,1,0,68,0,0,0,0,0
164265,Dong-won Ji,2011,GB1,289,False,38,19,0,437,2,2,0,0,1
164265,Dong-won Ji,2011,FS,3589,True,4,2,0,149,0,0,0,0,0
164265,Dong-won Ji,2011,FAC,289,False,6,1,0,13,0,0,0,0,0
164265,Dong-won Ji,2011,CGB,289,False,1,1,0,37,0,0,0,0,0
164265,Dong-won Ji,2010,RSK1,6503,False,15,11,0,921,3,1,0,0,1
164265,Dong-won Ji,2010,RKPO,6503,False,2,2,0,124,0,0,0,0,0
164265,Dong-won Ji,2010,KLCP,6503,False,5,2,0,45,0,0,0,0,0
164265,Dong-won Ji,2010,FS,3589,True,5,4,0,233,2,2,0,0,0
164265,Dong-won Ji,2010,AFAC,3589,True,6,6,0,501,4,2,0,0,0
164265,Dong-won Ji,2009,RSK1,6503,False,28,22,0,1845,7,3,0,0,2
164265,Dong-won Ji,2009,RKPO,6503,False,4,4,0,420,5,3,0,0,2
164265,Dong-won Ji,2009,KLCP,6503,False,4,4,0,360,1,1,0,0,1
164265,Dong-won Ji,2009,AG18,53812,True,1,1,0,57,2,0,0,0,0
164265,Dong-won Ji,2009,A920,28208,True,3,2,0,178,1,0,0,0,0
95076,Tom Aldred,2025,INSC,83266,False,3,3,0,225,0,0,0,0,0
95076,Tom Aldred,2025,INDC,83266,False,4,3,0,205,0,0,0,0,0
95076,Tom Aldred,2025,IND1,83266,False,13,12,0,767,1,0,6,1,1
95076,Tom Aldred,2025,FFAC,7831,False,1,0,0,0,0,0,0,0,0
95076,Tom Aldred,2025,ACL2,83266,False,1,1,0,90,0,0,0,0,1
95076,Tom Aldred,2024,INDP,83266,False,3,3,0,300,0,0,3,1,1
95076,Tom Aldred,2024,INDC,83266,False,5,5,0,369,1,0,0,0,1
95076,Tom Aldred,2024,IND1,83266,False,24,23,0,1966,2,1,21,7,5
95076,Tom Aldred,2024,ACL2,83266,False,1,1,0,90,0,0,0,0,0
95076,Tom Aldred,2023,AUS1,7831,False,27,25,2,2250,1,1,31,10,7
95076,Tom Aldred,2022,FFAC,7831,False,5,5,0,450,0,0,3,0,0
95076,Tom Aldred,2022,AUS1,7831,False,26,24,0,2160,1,0,24,7,5
95076,Tom Aldred,2021,FFAC,7831,False,4,2,0,210,0,0,1,0,1
95076,Tom Aldred,2021,AUS1,7831,False,26,12,0,998,0,0,5,1,4
95076,Tom Aldred,2020,FFAC,7831,False,3,2,0,170,0,0,2,1,0
95076,Tom Aldred,2020,AUSF,7831,False,1,1,0,79,0,0,1,0,1
95076,Tom Aldred,2020,AUS1,7831,False,26,16,0,1318,0,1,16,3,2
95076,Tom Aldred,2019,AUSF,7831,False,1,1,0,90,0,0,0,0,1
95076,Tom Aldred,2019,AUS1,7831,False,26,25,0,2199,1,0,8,1,7
95076,Tom Aldred,2018,SFA,987,False,1,1,0,90,0,0,1,1,0
95076,Tom Aldred,2018,SCPA,987,False,5,5,0,450,0,1,0,0,1
95076,Tom Aldred,2018,SCP,987,False,2,2,0,180,0,0,0,0,0
95076,Tom Aldred,2018,SC1,987,False,32,32,0,2813,3,0,15,6,8
95076,Tom Aldred,2018,GB4,2413,False,1,0,0,0,0,0,0,0,0
95076,Tom Aldred,2018,FFAC,7831,False,2,2,0,210,0,0,0,0,0
95076,Tom Aldred,2017,SFA,987,False,5,5,0,397,0,0,0,0,1
95076,Tom Aldred,2017,SCPA,987,False,5,5,0,450,1,0,0,0,0
95076,Tom Aldred,2017,SC1,987,False,12,12,0,1080,0,0,0,0,0
95076,Tom Aldred,2017,GBFL,2413,False,5,1,0,90,0,0,0,0,0
95076,Tom Aldred,2017,GB3,2413,False,27,19,0,1578,1,0,0,0,3
95076,Tom Aldred,2017,FAC,2413,False,2,2,0,180,0,0,0,0,1
95076,Tom Aldred,2017,CGB,2413,False,1,1,0,90,0,0,0,0,0
95076,Tom Aldred,2016,POG2,1181,False,3,3,0,211,0,1,0,0,0
95076,Tom Aldred,2016,GBFL,1181,False,5,0,0,0,0,0,0,0,0
95076,Tom Aldred,2016,GB4,1181,False,46,44,0,3907,2,0,0,0,10
95076,Tom Aldred,2016,FAC,1181,False,5,4,0,390,0,0,0,0,1
95076,Tom Aldred,2016,CGB,1181,False,2,1,0,90,0,0,0,0,0
95076,Tom Aldred,2015,GBFL,1181,False,2,1,0,90,0,0,0,0,0
95076,Tom Aldred,2015,GB3,1181,False,46,42,0,3771,5,1,0,0,10
95076,Tom Aldred,2015,FAC,1181,False,1,1,0,90,0,0,0,0,1
95076,Tom Aldred,2015,CGB,1181,False,1,1,0,90,0,0,0,0,0
95076,Tom Aldred,2014,GBFL,3688,False,1,1,0,90,0,0,0,0,0
95076,Tom Aldred,2014,GB4,3688,False,26,25,0,2250,1,0,0,0,4
95076,Tom Aldred,2014,GB2,1181,False,19,6,1,462,0,0,0,0,1
95076,Tom Aldred,2014,FAC,3688,False,4,4,0,360,1,0,0,0,3
95076,Tom Aldred,2014,CGB,3688,False,1,1,0,90,0,0,0,0,0
95076,Tom Aldred,2013,GBFL,3688,False,1,1,0,90,0,0,0,0,0
95076,Tom Aldred,2013,GB4,3688,False,46,46,0,4140,2,1,0,0,6
95076,Tom Aldred,2013,FAC,3688,False,1,1,0,90,0,0,0,0,0
95076,Tom Aldred,2013,CGB,3688,False,2,2,0,180,0,0,0,0,0
95076,Tom Aldred,2012,GB4,3688,False,17,13,0,1160,0,0,0,0,2
95076,Tom Aldred,2012,GB3,1060,False,11,0,0,0,0,0,0,0,0
95076,Tom Aldred,2012,FAC,6168,False,1,1,0,90,0,0,0,0,0
95076,Tom Aldred,2012,CNAT,6168,False,12,11,0,942,0,0,0,0,1
95076,Tom Aldred,2012,CGB,1060,False,1,0,0,0,0,0,0,0,0
95076,Tom Aldred,2011,SCP,2451,False,1,0,0,0,0,0,0,0,0
95076,Tom Aldred,2011,SC1,2451,False,6,4,0,239,0,0,0,0,0
95076,Tom Aldred,2011,GB4,1218,False,6,0,0,0,0,0,0,0,0
95076,Tom Aldred,2011,GB3,1060,False,36,0,0,0,0,0,0,0,0
95076,Tom Aldred,2011,FAC,1218,False,1,0,0,0,0,0,0,0,0
95076,Tom Aldred,2011,FAC,1060,False,1,0,0,0,0,0,0,0,0
95076,Tom Aldred,2010,GB4,1098,False,8,7,0,630,0,0,0,0,1
95076,Tom Aldred,2010,GB2,1010,False,38,0,0,0,0,0,0,0,0
95076,Tom Aldred,2010,FAC,1098,False,1,0,0,0,0,0,0,0,0
95076,Tom Aldred,2010,FAC,1010,False,2,0,0,0,0,0,0,0,0
95076,Tom Aldred,2010,CGB,1010,False,2,0,0,0,0,0,0,0,0
95076,Tom Aldred,2009,GBFL,1220,False,4,1,0,1,0,0,0,0,0
95076,Tom Aldred,2009,GB3,1220,False,28,5,0,335,0,0,0,0,0
95076,Tom Aldred,2009,FAC,1220,False,1,0,0,0,0,0,0,0,0
95076,Tom Aldred,2008,GBFL,1220,False,1,0,0,0,0,0,0,0,0
95076,Tom Aldred,2008,GB3,1220,False,46,0,0,0,0,0,0,0,0
95076,Tom Aldred,2008,FAC,1220,False,3,0,0,0,0,0,0,0,0
95076,Tom Aldred,2008,CGB,1220,False,2,0,0,0,0,0,0,0,0
1121271,Jacob Nasso,2025,FFAC,7831,False,2,2,0,178,1,0,8,3,1
1121271,Jacob Nasso,2025,AUS1,6954,False,16,8,0,301,0,0,7,3,0
1121271,Jacob Nasso,2022,A2VI,24300,False,6,1,0,19,0,0,0,0,0
1121271,Jacob Nasso,2021,FFAC,24300,False,1,0,0,0,0,0,0,0,0
589458,Tate Russell,2025,FFAC,7831,False,2,0,0,0,0,0,0,0,0
589458,Tate Russell,2025,A2SW,2931,False,21,12,0,1080,1,0,0,0,2
589458,Tate Russell,2024,FFAC,71084,False,1,1,0,90,0,0,0,0,0
589458,Tate Russell,2024,AUSF,71084,False,3,3,0,211,0,0,3,0,0
589458,Tate Russell,2024,AUS1,71084,False,26,23,2,1933,1,1,14,3,0
589458,Tate Russell,2024,AU3C,2931,False,6,6,0,540,1,0,0,0,1
589458,Tate Russell,2023,FFAC,71084,False,1,1,0,90,0,0,0,0,0
589458,Tate Russell,2023,AUS1,36100,False,27,16,1,739,1,0,9,4,1
589458,Tate Russell,2022,FFAC,36100,False,3,0,0,0,0,0,0,0,0
589458,Tate Russell,2022,AUSF,36100,False,1,0,1,0,0,0,0,0,0
589458,Tate Russell,2022,AUS1,36100,False,26,0,26,0,0,0,0,0,0
589458,Tate Russell,2021,AUS1,36100,False,26,20,0,1202,2,2,16,3,1
589458,Tate Russell,2020,FFAC,36100,False,2,0,0,0,0,0,0,0,0
589458,Tate Russell,2020,AUS1,36100,False,26,22,0,1628,1,1,23,10,2
589458,Tate Russell,2019,FS,32270,True,1,0,0,0,0,0,0,0,0
589458,Tate Russell,2019,AUS1,36100,False,26,15,0,969,1,1,7,2,0
589458,Tate Russell,2018,FFAC,36100,False,3,1,0,45,0,0,0,0,0
589458,Tate Russell,2018,AUS1,36100,False,27,12,0,933,0,1,0,0,2
589458,Tate Russell,2017,FFAC,36100,False,4,0,0,0,0,0,0,0,0
589458,Tate Russell,2017,A198,39276,True,4,4,0,360,0,0,0,0,0
1336427,George Plusnin,2025,FFAC,7831,False,2,0,0,0,0,0,0,0,0
1336427,George Plusnin,2025,AF19,39276,True,4,3,0,270,0,0,0,0,0
1378246,Archie Mitchell,2025,FFAC,7831,False,2,1,0,90,0,0,0,0,0
1378246,Archie Mitchell,2025,AF16,32269,True,5,3,0,223,0,1,0,0,0
1378246,Archie Mitchell,2025,A168,32269,True,4,3,0,247,0,1,2,0,1
118451,Tae-hee Nam,2025,RSK1,19684,False,19,16,0,1104,1,0,0,0,1
118451,Tae-hee Nam,2025,FFAC,7831,False,2,1,0,90,0,0,2,1,0
118451,Tae-hee Nam,2024,RSK1,19684,False,38,37,1,2961,6,4,43,20,6
118451,Tae-hee Nam,2024,RKPO,19684,False,1,0,0,0,0,0,0,0,0
118451,Tae-hee Nam,2024,KREG,19684,False,2,2,0,180,0,0,0,0,0
118451,Tae-hee Nam,2023,RSK1,19684,False,14,8,0,457,0,3,8,2,0
118451,Tae-hee Nam,2023,RKPO,19684,False,2,2,0,106,0,1,0,0,0
118451,Tae-hee Nam,2023,JEMP,3828,False,2,1,0,63,0,0,0,0,0
118451,Tae-hee Nam,2023,JAP1,3828,False,24,11,0,595,2,1,11,5,0
118451,Tae-hee Nam,2023,AFCL,3828,False,14,11,0,496,0,3,16,3,0
118451,Tae-hee Nam,2022,QUC1,26091,False,2,2,0,180,1,0,6,3,0
118451,Tae-hee Nam,2022,QSL,26091,False,22,18,0,1533,6,4,35,11,0
118451,Tae-hee Nam,2022,QSCP,26091,False,7,7,0,587,1,2,6,4,0
118451,Tae-hee Nam,2022,QEC1,26091,False,2,1,0,72,1,0,3,1,0
118451,Tae-hee Nam,2022,JAPC,3828,False,4,3,0,155,1,0,0,0,0
118451,Tae-hee Nam,2022,JAP1,3828,False,13,9,0,417,0,0,5,3,0
118451,Tae-hee Nam,2021,QSL,26091,False,22,16,5,1211,5,1,17,10,0
118451,Tae-hee Nam,2021,QEC1,26091,False,4,4,0,333,2,0,8,5,0
118451,Tae-hee Nam,2021,FS,3589,True,2,0,0,0,0,0,0,0,0
118451,Tae-hee Nam,2021,AFCL,26091,False,9,9,0,746,0,3,13,3,0
118451,Tae-hee Nam,2020,QUC1,656,False,2,2,0,126,0,0,1,0,0
118451,Tae-hee Nam,2020,QSL,656,False,22,18,0,1338,7,4,42,21,1
118451,Tae-hee Nam,2020,QSCP,656,False,6,3,0,176,2,0,2,1,0
118451,Tae-hee Nam,2020,QEC1,656,False,3,2,0,173,2,1,3,2,0
118451,Tae-hee Nam,2020,FS,3589,True,3,3,0,186,0,0,0,0,1
118451,Tae-hee Nam,2020,AFCL,656,False,6,6,0,525,1,0,9,2,0
118451,Tae-hee Nam,2019,WMQ1,3589,True,17,6,3,348,1,2,5,2,0
118451,Tae-hee Nam,2019,QUC1,656,False,2,1,0,90,1,0,0,0,0
118451,Tae-hee Nam,2019,QSL,656,False,22,19,0,1482,3,2,0,0,2
118451,Tae-hee Nam,2019,QSCP,656,False,8,3,0,240,1,0,0,0,0
118451,Tae-hee Nam,2019,QEC1,656,False,4,1,0,45,0,0,0,0,0
118451,Tae-hee Nam,2019,KLUB,656,False,3,2,0,195,0,0,0,0,0
118451,Tae-hee Nam,2019,FS,3589,True,2,0,0,0,0,0,0,0,0
118451,Tae-hee Nam,2019,AFCL,656,False,7,6,0,501,0,3,6,2,0
118451,Tae-hee Nam,2018,QSL,26091,False,22,11,11,979,7,2,0,0,1
118451,Tae-hee Nam,2018,QSJ1,656,False,1,1,0,29,0,0,0,0,0
118451,Tae-hee Nam,2018,QSCP,26091,False,7,0,4,0,0,0,0,0,0
118451,Tae-hee Nam,2018,QEC1,26091,False,3,0,3,0,0,0,0,0,0
118451,Tae-hee Nam,2018,FS,3589,True,11,6,3,466,2,0,1,1,0
118451,Tae-hee Nam,2018,EAFC,3589,True,3,0,0,0,0,0,0,0,0
118451,Tae-hee Nam,2018,AFCL,656,False,6,5,0,409,1,3,11,2,0
118451,Tae-hee Nam,2018,AFCL,26091,False,6,0,5,0,0,0,0,0,0
118451,Tae-hee Nam,2018,AFAC,3589,True,5,0,5,0,0,0,0,0,0
118451,Tae-hee Nam,2017,QUC1,26091,False,2,1,0,90,0,0,0,0,0
118451,Tae-hee Nam,2017,QSL,26091,False,22,21,0,1687,12,4,0,0,3
118451,Tae-hee Nam,2017,QSJ1,26091,False,1,0,0,0,0,0,0,0,0
118451,Tae-hee Nam,2017,QEC1,26091,False,3,0,0,0,0,0,0,0,0
118451,Tae-hee Nam,2017,FS,3589,True,12,1,0,11,0,0,0,0,0
118451,Tae-hee Nam,2017,FIWC,3589,True,3,0,0,0,0,0,0,0,0
118451,Tae-hee Nam,2017,AFCL,26091,False,10,9,0,795,1,2,20,4,1
118451,Tae-hee Nam,2016,WMQ1,3589,True,10,4,0,275,1,0,0,0,0
118451,Tae-hee Nam,2016,QSL,26091,False,26,25,0,2143,14,9,0,0,1
118451,Tae-hee Nam,2016,QSJ1,26091,False,1,1,0,90,1,0,0,0,0
118451,Tae-hee Nam,2016,FS,3589,True,3,3,0,139,0,0,0,0,0
118451,Tae-hee Nam,2016,EAFC,3589,True,3,0,0,0,0,0,0,0,0
118451,Tae-hee Nam,2016,AFCL,26091,False,8,8,0,693,4,3,0,0,0
118451,Tae-hee Nam,2015,QSL,26091,False,26,25,0,2117,10,10,0,0,3
118451,Tae-hee Nam,2015,QSJ1,26091,False,1,1,0,84,0,0,0,0,0
118451,Tae-hee Nam,2015,FS,3589,True,3,2,0,180,0,0,0,0,0
118451,Tae-hee Nam,2015,AFCL,26091,False,8,7,0,617,2,0,0,0,0
118451,Tae-hee Nam,2014,WMQ1,3589,True,8,4,0,163,1,0,0,0,0
118451,Tae-hee Nam,2014,QSL,26091,False,26,25,0,1922,7,11,0,0,4
118451,Tae-hee Nam,2014,QSJ1,26091,False,1,1,0,90,1,0,0,0,0
118451,Tae-hee Nam,2014,FS,3589,True,10,8,0,391,1,0,0,0,0
118451,Tae-hee Nam,2014,EAFC,3589,True,3,0,0,0,0,0,0,0,0
118451,Tae-hee Nam,2014,AFCL,26091,False,10,10,0,900,3,5,0,0,1
118451,Tae-hee Nam,2014,AFAC,3589,True,6,4,0,350,1,0,0,0,1
118451,Tae-hee Nam,2013,QSL,26091,False,26,24,0,2128,12,10,0,0,1
118451,Tae-hee Nam,2013,QSJ1,26091,False,1,0,0,0,0,0,0,0,0
118451,Tae-hee Nam,2013,FS,3589,True,13,2,0,58,0,0,0,0,0
118451,Tae-hee Nam,2013,FIWC,3589,True,3,0,0,0,0,0,0,0,0
118451,Tae-hee Nam,2013,AFCL,26091,False,6,5,0,450,1,0,0,0,1
118451,Tae-hee Nam,2013,ACLQ,26091,False,2,2,0,180,1,0,0,0,0
118451,Tae-hee Nam,2012,QSL,26091,False,22,19,0,1640,6,5,0,0,0
118451,Tae-hee Nam,2012,FS,3589,True,3,0,0,0,0,0,0,0,0
118451,Tae-hee Nam,2012,EAFC,3589,True,3,0,0,0,0,0,0,0,0
118451,Tae-hee Nam,2012,AFCL,26091,False,10,9,0,686,0,2,0,0,1
118451,Tae-hee Nam,2011,WMQ1,3589,True,14,5,0,229,0,2,0,0,0
118451,Tae-hee Nam,2011,QSL,26091,False,13,10,0,824,5,0,0,0,2
118451,Tae-hee Nam,2011,OQAF,34950,True,1,1,0,65,1,0,0,0,1
118451,Tae-hee Nam,2011,OLYM,53812,True,6,6,0,422,0,0,0,0,0
118451,Tae-hee Nam,2011,FS,3589,True,4,3,0,128,0,0,0,0,0
118451,Tae-hee Nam,2011,FRL,1423,False,1,0,0,0,0,0,0,0,0
118451,Tae-hee Nam,2011,FR1,1423,False,19,13,0,279,0,1,0,0,1
118451,Tae-hee Nam,2011,AFCL,26091,False,6,6,0,470,1,1,0,0,1
118451,Tae-hee Nam,2010,FS,3589,True,4,2,0,77,0,0,0,0,0
118451,Tae-hee Nam,2010,FRL,1423,False,3,2,0,130,0,0,0,0,0
118451,Tae-hee Nam,2010,FRC,1423,False,1,1,0,120,0,0,0,0,0
118451,Tae-hee Nam,2010,FR1,1423,False,38,18,0,938,0,3,0,0,0
118451,Tae-hee Nam,2009,FRL,1423,False,1,0,0,0,0,0,0,0,0
118451,Tae-hee Nam,2009,FRC,1423,False,1,1,0,9,0,0,0,0,0
118451,Tae-hee Nam,2009,FR1,1423,False,38,6,0,89,0,0,0,0,0
1107973,Sabit Ngor,2025,FFAC,7831,False,2,2,0,180,1,1,4,1,1
1107973,Sabit Ngor,2025,AUS1,6954,False,26,25,0,1381,6,1,29,15,2
1107973,Sabit Ngor,2024,NPVF,3080,False,2,2,0,180,0,0,0,0,0
1107973,Sabit Ngor,2024,FFAC,3080,False,4,4,0,239,0,0,5,2,0
1107973,Sabit Ngor,2024,AUS1,6954,False,16,9,0,262,1,0,2,1,1
1107973,Sabit Ngor,2024,ACLE,6954,False,6,6,0,151,1,0,2,2,1
1107973,Sabit Ngor,2024,A2VI,3080,False,26,25,0,1901,6,3,0,0,6
1107973,Sabit Ngor,2023,FFAC,3080,False,2,2,0,158,0,0,3,1,0
1107973,Sabit Ngor,2023,A2VI,3080,False,7,5,0,191,3,2,0,0,0
1107973,Sabit Ngor,2022,FIS,3189,False,7,7,0,498,2,1,0,0,0
1107973,Sabit Ngor,2022,FIL,3189,False,2,2,0,139,1,0,0,0,0
1107973,Sabit Ngor,2022,FI1,3189,False,20,17,0,968,2,3,22,5,3
1107973,Sabit Ngor,2022,F1CC,3189,False,5,3,0,141,0,0,1,0,0
1107973,Sabit Ngor,2022,A2VI,3080,False,9,0,0,0,0,0,0,0,0
1107973,Sabit Ngor,2021,AUS1,71084,False,3,0,0,0,0,0,0,0,0
1107973,Sabit Ngor,2020,FFAC,71084,False,1,1,0,32,0,0,0,0,0
1110879,Dylan Peraić-Cullen,2025,FFAC,6954,False,1,0,0,0,0,0,0,0,0
1110879,Dylan Peraić-Cullen,2025,AUS1,6954,False,26,0,4,0,0,0,0,0,0
1110879,Dylan Peraić-Cullen,2025,A23Q,32270,True,3,0,0,0,0,0,0,0,0
1110879,Dylan Peraić-Cullen,2025,23AF,32270,True,4,0,0,0,0,0,0,0,0
1110879,Dylan Peraić-Cullen,2024,FS,32270,True,2,0,0,0,0,0,0,0,0
1110879,Dylan Peraić-Cullen,2024,FFAC,6954,False,1,1,0,120,0,0,0,0,0
1110879,Dylan Peraić-Cullen,2024,AUS1,6954,False,26,25,0,2250,0,0,0,0,1
1110879,Dylan Peraić-Cullen,2024,ACLE,6954,False,8,5,0,405,0,0,0,0,0
1110879,Dylan Peraić-Cullen,2023,FFAC,6954,False,1,0,0,0,0,0,0,0,0
1110879,Dylan Peraić-Cullen,2023,AUSF,6954,False,3,0,0,0,0,0,0,0,0
1110879,Dylan Peraić-Cullen,2023,AUS1,6954,False,27,0,0,0,0,0,0,0,0
1110879,Dylan Peraić-Cullen,2023,AFCC,6954,False,13,0,0,0,0,0,0,0,0
1110879,Dylan Peraić-Cullen,2023,AF19,39276,True,5,3,0,270,0,0,0,0,0
1110879,Dylan Peraić-Cullen,2023,A2SW,26206,False,23,15,0,1350,0,0,0,0,1
1110879,Dylan Peraić-Cullen,2022,FFAC,6954,False,1,0,0,0,0,0,0,0,0
1110879,Dylan Peraić-Cullen,2022,A2SW,26206,False,29,3,0,270,0,0,0,0,0
595096,Marko Ilic,2025,NP34,476,False,3,3,0,182,2,0,0,0,0
595096,Marko Ilic,2025,L3,476,False,38,38,0,2439,6,5,0,0,1
595096,Marko Ilic,2025,FFAC,7831,False,2,2,0,180,0,1,5,2,0
595096,Marko Ilic,2024,RLN3,476,False,34,28,5,2106,16,16,0,0,2
595096,Marko Ilic,2024,NP34,476,False,1,1,0,80,3,0,0,0,0
595096,Marko Ilic,2024,AR3L,476,False,2,2,0,210,2,1,0,0,0
595096,Marko Ilic,2023,RLN3,476,False,34,27,0,1183,2,2,0,0,5
595096,Marko Ilic,2023,NP34,476,False,1,1,0,7,0,0,0,0,1
595096,Marko Ilic,2022,RLN3,476,False,36,23,0,457,1,1,0,0,1
595096,Marko Ilic,2022,NP34,476,False,1,0,0,0,0,0,0,0,0
595096,Marko Ilic,2021,RNME,3925,False,12,7,0,362,0,0,0,0,0
595096,Marko Ilic,2021,RLN3,3925,False,18,15,0,1090,0,2,0,0,2
595096,Marko Ilic,2021,NP34,3925,False,1,1,0,90,0,0,0,0,0
595096,Marko Ilic,2020,OBLN,10381,False,8,8,0,647,1,0,0,0,0
595096,Marko Ilic,2020,NPAM,10381,False,1,1,0,80,0,0,0,0,0
595096,Marko Ilic,2019,OBLN,10381,False,22,19,1,1549,2,0,0,0,6
595096,Marko Ilic,2019,NPAM,10381,False,1,1,0,90,0,0,0,0,0
595096,Marko Ilic,2018,RLN3,10381,False,34,19,0,810,0,2,0,0,1
595096,Marko Ilic,2018,NP34,10381,False,1,1,0,33,1,0,0,0,0
51975,Andrew Redmayne,2025,FFAC,6954,False,1,1,0,120,0,0,0,0,0
51975,Andrew Redmayne,2025,AUS1,6954,False,26,26,0,2340,0,0,0,0,1
51975,Andrew Redmayne,2024,AUS1,8054,False,26,8,1,623,0,0,0,0,1
51975,Andrew Redmayne,2024,ACL2,8054,False,12,3,1,270,0,0,0,0,0
51975,Andrew Redmayne,2023,FS,3433,True,3,0,0,0,0,0,0,0,0
51975,Andrew Redmayne,2023,FFAC,8054,False,1,1,0,90,0,0,0,0,0
51975,Andrew Redmayne,2023,AUSF,8054,False,3,3,0,270,0,0,0,0,0
51975,Andrew Redmayne,2023,AUS1,8054,False,27,26,1,2265,0,0,0,0,2
51975,Andrew Redmayne,2022,FS,3433,True,5,1,0,90,0,0,0,0,0
51975,Andrew Redmayne,2022,FFAC,8054,False,5,5,0,480,0,0,0,0,0
51975,Andrew Redmayne,2022,AUSF,8054,False,3,3,0,270,0,0,0,0,0
51975,Andrew Redmayne,2022,AUS1,8054,False,26,26,0,2340,0,0,0,0,0
51975,Andrew Redmayne,2021,POWM,3433,True,1,1,0,1,0,0,0,0,0
51975,Andrew Redmayne,2021,FS,3433,True,1,0,0,0,0,0,0,0,0
51975,Andrew Redmayne,2021,FIWC,3433,True,4,0,0,0,0,0,0,0,0
51975,Andrew Redmayne,2021,FFAC,8054,False,3,3,0,300,0,0,0,0,1
51975,Andrew Redmayne,2021,AUS1,8054,False,26,16,0,1440,0,0,0,0,0
51975,Andrew Redmayne,2021,AFCL,8054,False,6,5,0,450,0,0,0,0,0
51975,Andrew Redmayne,2021,ACLQ,8054,False,1,1,0,90,0,0,0,0,0
51975,Andrew Redmayne,2020,FFAC,8054,False,4,4,0,360,0,0,0,0,0
51975,Andrew Redmayne,2020,AUSF,8054,False,2,0,0,0,0,0,0,0,0
51975,Andrew Redmayne,2020,AUS1,8054,False,26,25,0,2250,0,0,0,0,0
51975,Andrew Redmayne,2019,WMQ1,3433,True,19,1,0,83,0,0,0,0,0
51975,Andrew Redmayne,2019,AUSF,8054,False,2,2,0,210,0,0,0,0,0
51975,Andrew Redmayne,2019,AUS1,8054,False,26,25,0,2250,0,0,0,0,0
51975,Andrew Redmayne,2019,AFCL,8054,False,6,2,0,180,0,0,0,0,0
51975,Andrew Redmayne,2018,FS,3433,True,1,1,0,90,0,0,0,0,0
51975,Andrew Redmayne,2018,FFAC,8054,False,1,1,0,90,0,0,0,0,0
51975,Andrew Redmayne,2018,AUSF,8054,False,2,2,0,210,0,0,0,0,0
51975,Andrew Redmayne,2018,AUS1,8054,False,27,27,0,2430,0,0,0,0,0
51975,Andrew Redmayne,2018,AFCL,8054,False,6,5,0,450,0,0,0,0,0
51975,Andrew Redmayne,2017,FFAC,8054,False,5,5,0,447,0,0,0,0,0
51975,Andrew Redmayne,2017,AUSF,8054,False,1,1,0,120,0,0,0,0,0
51975,Andrew Redmayne,2017,AUS1,8054,False,27,27,0,2430,0,0,0,0,0
51975,Andrew Redmayne,2017,AFCL,8054,False,6,6,0,540,0,0,0,0,0
51975,Andrew Redmayne,2016,FFAC,8054,False,4,2,0,210,0,0,0,0,0
51975,Andrew Redmayne,2016,AUSF,8054,False,2,0,0,0,0,0,0,0,0
51975,Andrew Redmayne,2016,AUS1,8054,False,14,1,0,90,0,0,0,0,0
51975,Andrew Redmayne,2016,AUS1,36100,False,13,8,0,658,0,0,0,0,1
51975,Andrew Redmayne,2015,FFAC,36100,False,1,0,0,0,0,0,0,0,0
51975,Andrew Redmayne,2015,AUSF,36100,False,2,2,0,210,0,0,0,0,0
51975,Andrew Redmayne,2015,AUS1,36100,False,27,21,0,1890,0,0,0,0,0
51975,Andrew Redmayne,2014,FFAC,36100,False,1,1,0,120,0,0,0,0,0
51975,Andrew Redmayne,2014,AUSF,25580,False,2,0,0,0,0,0,0,0,0
51975,Andrew Redmayne,2014,AUS1,25580,False,27,11,0,930,0,0,0,0,1
51975,Andrew Redmayne,2013,AUS1,25580,False,27,24,0,2160,0,0,0,0,2
51975,Andrew Redmayne,2012,AUS1,25580,False,27,13,0,1170,0,0,0,0,3
51975,Andrew Redmayne,2011,AUSF,7831,False,3,0,0,0,0,0,0,0,0
51975,Andrew Redmayne,2011,AUS1,7831,False,27,1,0,90,0,0,0,0,0
51975,Andrew Redmayne,2011,AFCL,7831,False,6,0,0,0,0,0,0,0,0
51975,Andrew Redmayne,2010,FS,32270,True,1,1,0,45,0,0,0,0,0
51975,Andrew Redmayne,2010,AUSF,7831,False,3,0,0,0,0,0,0,0,0
51975,Andrew Redmayne,2010,AUS1,7831,False,30,1,0,10,0,0,0,0,0
51975,Andrew Redmayne,2009,AUS1,6954,False,27,1,0,90,0,0,0,0,0
51975,Andrew Redmayne,2008,AUSF,6954,False,2,0,0,0,0,0,0,0,0
51975,Andrew Redmayne,2008,AUS1,6954,False,21,0,0,0,0,0,0,0,0
51975,Andrew Redmayne,2008,AFCL,6954,False,6,0,0,0,0,0,0,0,0
51975,Andrew Redmayne,2008,20WC,22976,True,3,1,0,90,0,0,0,0,0
51975,Andrew Redmayne,2007,AUSF,6954,False,3,0,0,0,0,0,0,0,0
51975,Andrew Redmayne,2007,AUS1,6954,False,3,0,0,0,0,0,0,0,0
1254339,Jai Ajanovic,2025,FS,32269,True,2,1,0,90,0,0,0,0,0
1254339,Jai Ajanovic,2025,FS,22976,True,2,1,0,90,0,0,0,0,0
1254339,Jai Ajanovic,2025,FS,100451,True,2,1,0,80,0,0,0,0,0
1254339,Jai Ajanovic,2025,FFAC,6954,False,1,0,0,0,0,0,0,0,0
1254339,Jai Ajanovic,2025,AUS1,6954,False,26,0,1,0,0,0,0,0,0
1254339,Jai Ajanovic,2024,FS,32269,True,3,1,0,90,0,0,0,0,0
1254339,Jai Ajanovic,2024,FS,100451,True,4,2,0,180,0,0,0,0,0
1254339,Jai Ajanovic,2024,FFAC,6954,False,1,0,0,0,0,0,0,0,0
1254339,Jai Ajanovic,2024,AUS1,6954,False,26,0,0,0,0,0,0,0,0
1254339,Jai Ajanovic,2024,ACLE,6954,False,8,0,0,0,0,0,0,0,0
1254339,Jai Ajanovic,2024,A2SW,26206,False,13,0,0,0,0,0,0,0,0
1254339,Jai Ajanovic,2024,A169,32269,True,1,1,0,90,0,0,0,0,0
1254339,Jai Ajanovic,2024,A168,32269,True,3,3,0,270,0,0,0,0,0
1254339,Jai Ajanovic,2023,FS,66880,True,1,1,0,45,0,0,0,0,0
1254339,Jai Ajanovic,2023,AF16,66880,True,5,5,0,450,0,0,0,0,0
1254339,Jai Ajanovic,2023,A2SW,26206,False,30,0,0,0,0,0,0,0,0
795253,Lucas Mauragis,2025,FFAC,6954,False,1,1,0,120,0,0,1,1,0
795253,Lucas Mauragis,2025,AUS1,6954,False,26,26,0,2313,2,3,21,8,3
795253,Lucas Mauragis,2024,FFAC,6954,False,1,1,0,120,0,0,0,0,0
795253,Lucas Mauragis,2024,AUS1,6954,False,26,18,7,1518,0,1,13,4,2
795253,Lucas Mauragis,2024,ACLE,6954,False,8,8,0,675,1,0,4,3,1
795253,Lucas Mauragis,2023,W23C,32270,True,3,2,0,120,0,0,0,0,0
795253,Lucas Mauragis,2023,FS,32270,True,2,1,0,74,0,0,0,0,0
795253,Lucas Mauragis,2023,FFAC,6954,False,1,1,0,106,0,0,0,0,0
795253,Lucas Mauragis,2023,AUS1,5551,False,27,22,2,1844,2,3,29,5,4
795253,Lucas Mauragis,2023,A23Q,32270,True,2,2,0,180,0,0,0,0,0
795253,Lucas Mauragis,2023,23AF,32270,True,3,1,0,90,0,0,1,0,0
795253,Lucas Mauragis,2022,FS,32270,True,5,5,0,310,0,0,1,1,0
795253,Lucas Mauragis,2022,FFAC,5551,False,2,2,0,201,0,0,4,1,0
795253,Lucas Mauragis,2022,AUSF,8445,False,1,1,0,90,0,0,0,0,0
795253,Lucas Mauragis,2022,AUS1,8445,False,26,19,0,1363,0,2,7,1,2
795253,Lucas Mauragis,2021,NZNL,30746,False,5,5,0,421,0,3,0,0,0
795253,Lucas Mauragis,2021,FFAC,8445,False,3,0,0,0,0,0,0,0,0
795253,Lucas Mauragis,2021,AUS1,5551,False,26,10,0,493,1,1,10,4,2
795253,Lucas Mauragis,2021,A23Q,32270,True,2,1,0,90,0,0,0,0,0
795253,Lucas Mauragis,2021,23AF,32270,True,6,0,0,0,0,0,0,0,0
795253,Lucas Mauragis,2020,AUS1,5551,False,26,13,0,660,1,2,6,1,3
795253,Lucas Mauragis,2019,AUS1,5551,False,3,1,0,4,0,0,0,0,0
175699,Storm Roux,2025,FS,9171,True,6,2,0,73,0,0,0,0,0
175699,Storm Roux,2025,FFAC,6954,False,1,1,0,120,0,0,0,0,1
175699,Storm Roux,2025,AUS1,6954,False,26,25,1,2024,1,1,10,3,3
175699,Storm Roux,2024,WMQ5,9171,True,5,3,0,172,0,0,0,0,0
175699,Storm Roux,2024,FS,9171,True,5,1,2,62,0,0,0,0,1
175699,Storm Roux,2024,FFAC,6954,False,1,0,1,0,0,0,0,0,0
175699,Storm Roux,2024,AUS1,6954,False,26,22,2,1395,0,2,4,0,1
175699,Storm Roux,2024,ACLE,6954,False,8,7,0,439,0,0,2,0,0
175699,Storm Roux,2023,OFCN,9171,True,4,0,0,0,0,0,0,0,0
175699,Storm Roux,2023,FS,9171,True,6,0,0,0,0,0,0,0,0
175699,Storm Roux,2023,FFAC,6954,False,1,1,0,96,0,0,0,0,0
175699,Storm Roux,2023,AUSF,6954,False,3,3,0,250,0,0,0,0,0
175699,Storm Roux,2023,AUS1,6954,False,27,22,3,1663,1,3,4,2,4
175699,Storm Roux,2023,AFCC,6954,False,13,12,0,613,1,1,4,2,1
175699,Storm Roux,2022,FS,9171,True,6,1,0,16,0,0,0,0,0
175699,Storm Roux,2022,FFAC,6954,False,1,1,0,75,0,0,1,0,0
175699,Storm Roux,2022,AUSF,6954,False,3,3,0,249,0,0,1,1,0
175699,Storm Roux,2022,AUS1,6954,False,26,23,0,1682,0,4,11,3,3
175699,Storm Roux,2021,WMQ5,9171,True,5,0,0,0,0,0,0,0,0
175699,Storm Roux,2021,POWM,9171,True,1,0,0,0,0,0,0,0,0
175699,Storm Roux,2021,FS,9171,True,6,0,0,0,0,0,0,0,0
175699,Storm Roux,2021,FFAC,6954,False,1,1,0,66,0,0,0,0,0
175699,Storm Roux,2021,AUSF,6954,False,1,1,0,22,1,0,1,1,0
175699,Storm Roux,2021,AUS1,6954,False,26,17,0,772,0,4,7,1,3
175699,Storm Roux,2020,FFAC,6954,False,5,2,0,99,0,0,0,0,0
175699,Storm Roux,2020,AUS1,7006,False,26,24,0,2062,1,2,8,2,6
175699,Storm Roux,2019,FS,9171,True,2,1,0,90,0,0,1,0,0
175699,Storm Roux,2019,AUS1,7006,False,26,21,0,1488,2,1,13,3,3
175699,Storm Roux,2019,AFCL,7006,False,7,6,0,492,0,0,2,1,0
175699,Storm Roux,2019,ACLQ,7006,False,2,2,0,180,0,0,1,0,1
175699,Storm Roux,2018,FFAC,7006,False,1,0,0,0,0,0,0,0,0
175699,Storm Roux,2018,AUSF,7006,False,2,2,0,18,0,0,0,0,0
175699,Storm Roux,2018,AUS1,7006,False,27,25,0,1937,2,1,6,2,2
175699,Storm Roux,2018,AFCL,7006,False,6,6,0,540,0,1,3,1,1
175699,Storm Roux,2017,TRIN,9171,True,3,0,0,0,0,0,0,0,0
175699,Storm Roux,2017,POWM,9171,True,2,0,0,0,0,0,0,0,0
175699,Storm Roux,2017,FS,9171,True,2,0,0,0,0,0,0,0,0
175699,Storm Roux,2017,FFAC,7006,False,2,2,0,180,0,0,1,0,0
175699,Storm Roux,2017,AUS1,6954,False,27,19,0,1225,0,0,0,0,0
175699,Storm Roux,2016,FS,9171,True,4,0,0,0,0,0,0,0,0
175699,Storm Roux,2016,CONC,9171,True,3,0,0,0,0,0,0,0,0
175699,Storm Roux,2016,AUS1,6954,False,27,24,0,2091,0,2,0,0,2
175699,Storm Roux,2015,WMQ5,9171,True,11,2,0,180,0,0,0,0,0
175699,Storm Roux,2015,FS,9171,True,2,0,0,0,0,0,0,0,0
175699,Storm Roux,2015,AUS1,6954,False,27,20,0,1776,1,0,0,0,1
175699,Storm Roux,2015,23OF,32207,True,4,3,0,270,0,0,0,0,0
175699,Storm Roux,2014,FS,9171,True,4,4,0,352,0,0,0,0,0
175699,Storm Roux,2014,AUS1,6954,False,27,17,0,1376,0,0,0,0,5
175699,Storm Roux,2014,ACLQ,6954,False,1,1,0,90,0,0,0,0,0
175699,Storm Roux,2013,POWM,9171,True,2,1,0,90,0,0,0,0,0
175699,Storm Roux,2013,FS,9171,True,2,2,0,159,0,0,0,0,0
175699,Storm Roux,2013,FFAC,6954,False,2,0,0,0,0,0,0,0,0
175699,Storm Roux,2013,AUSF,6954,False,2,2,0,180,0,0,0,0,0
175699,Storm Roux,2013,AUS1,6954,False,27,23,0,2026,1,2,0,0,1
175699,Storm Roux,2013,AFCL,6954,False,6,6,0,449,0,0,0,0,0
175699,Storm Roux,2012,OF19,27263,True,4,4,0,285,0,1,0,0,0
175699,Storm Roux,2012,FS,27263,True,1,1,0,90,0,0,0,0,0
175699,Storm Roux,2012,AUSF,970,False,1,0,0,0,0,0,0,0,0
175699,Storm Roux,2012,AUS1,970,False,10,1,0,24,0,0,0,0,0
175699,Storm Roux,2012,20WC,27263,True,3,3,0,245,0,0,0,0,0
145840,Trent Sainsbury,2025,FFAC,6954,False,1,0,0,0,0,0,0,0,0
145840,Trent Sainsbury,2025,AUS1,6954,False,26,0,16,0,0,0,0,0,0
145840,Trent Sainsbury,2024,FFAC,6954,False,1,0,1,0,0,0,0,0,0
145840,Trent Sainsbury,2024,AUS1,6954,False,26,16,9,1246,1,1,3,2,7
145840,Trent Sainsbury,2024,ACLE,6954,False,8,2,5,131,0,0,1,0,0
145840,Trent Sainsbury,2023,QUC1,13509,False,2,2,0,180,0,0,2,0,1
145840,Trent Sainsbury,2023,QSL,13509,False,22,19,0,1595,0,2,10,5,4
145840,Trent Sainsbury,2023,QSCP,13509,False,5,5,0,376,1,1,0,0,2
145840,Trent Sainsbury,2023,QEC1,13509,False,2,2,0,210,0,0,0,0,0
145840,Trent Sainsbury,2023,ACLQ,13509,False,1,1,0,120,0,0,0,0,0
145840,Trent Sainsbury,2022,QUC1,13509,False,1,1,0,90,0,0,2,0,0
145840,Trent Sainsbury,2022,QSL,13509,False,22,20,0,1800,2,0,10,5,6
145840,Trent Sainsbury,2022,QSCP,13509,False,5,2,0,180,0,0,0,0,0
145840,Trent Sainsbury,2022,QEC1,13509,False,1,1,0,23,0,0,0,0,0
145840,Trent Sainsbury,2022,FS,3433,True,1,1,0,90,0,0,1,0,0
145840,Trent Sainsbury,2021,POWM,3433,True,1,0,0,0,0,0,0,0,0
145840,Trent Sainsbury,2021,FS,3433,True,1,0,0,0,0,0,0,0,0
145840,Trent Sainsbury,2021,CCB,601,False,3,3,0,300,0,0,0,0,0
145840,Trent Sainsbury,2021,BE1,601,False,34,28,1,2475,4,0,15,5,7
145840,Trent Sainsbury,2020,CCB,601,False,2,2,0,131,0,0,0,0,0
145840,Trent Sainsbury,2020,BE1,601,False,32,17,1,1325,2,0,14,5,5
145840,Trent Sainsbury,2019,WMQ1,3433,True,19,14,2,1255,1,0,11,2,0
145840,Trent Sainsbury,2019,NLSC,383,False,1,0,0,0,0,0,0,0,0
145840,Trent Sainsbury,2019,NL1,383,False,3,1,0,90,0,0,1,0,0
145840,Trent Sainsbury,2019,ISRF,1064,False,10,10,0,775,0,0,0,0,2
145840,Trent Sainsbury,2019,ISR1,1064,False,25,21,2,1820,2,0,0,0,3
145840,Trent Sainsbury,2019,ISPO,1064,False,3,2,0,210,0,0,0,0,0
145840,Trent Sainsbury,2019,ELQ,383,False,3,0,0,0,0,0,0,0,0
145840,Trent Sainsbury,2019,CLQ,383,False,2,0,0,0,0,0,0,0,0
145840,Trent Sainsbury,2018,NLP,383,False,2,2,0,190,1,0,2,1,0
145840,Trent Sainsbury,2018,NL1,383,False,34,5,0,226,0,0,2,1,1
145840,Trent Sainsbury,2018,FS,3433,True,5,4,0,348,0,0,0,0,2
145840,Trent Sainsbury,2018,CLQ,383,False,2,0,0,0,0,0,0,0,0
145840,Trent Sainsbury,2018,CL,383,False,6,2,0,99,0,0,0,0,0
145840,Trent Sainsbury,2018,AFAC,3433,True,5,4,0,390,0,0,3,0,2
145840,Trent Sainsbury,2017,SCC,504,False,1,0,1,0,0,0,0,0,0
145840,Trent Sainsbury,2017,POWM,3433,True,2,2,0,180,0,0,0,0,2
145840,Trent Sainsbury,2017,FS,3433,True,4,2,1,180,0,0,0,0,0
145840,Trent Sainsbury,2017,FIWC,3433,True,3,3,0,270,0,0,1,0,0
145840,Trent Sainsbury,2017,CSL,22219,False,5,0,0,0,0,0,0,0,0
145840,Trent Sainsbury,2017,CHFA,22219,False,2,0,0,0,0,0,0,0,0
145840,Trent Sainsbury,2017,C1,504,False,15,9,6,704,0,0,0,0,4
145840,Trent Sainsbury,2016,WMQ1,3433,True,12,11,0,1020,1,0,0,0,0
145840,Trent Sainsbury,2016,IT1,46,False,16,1,0,19,0,0,0,0,1
145840,Trent Sainsbury,2016,FS,3433,True,1,1,0,57,0,0,0,0,0
145840,Trent Sainsbury,2016,CSL,22219,False,16,5,2,450,0,1,0,0,0
145840,Trent Sainsbury,2016,CONC,3433,True,3,3,0,252,0,0,0,0,1
145840,Trent Sainsbury,2016,CIT,46,False,1,0,0,0,0,0,0,0,0
145840,Trent Sainsbury,2016,CHFA,22219,False,2,0,0,0,0,0,0,0,0
145840,Trent Sainsbury,2015,NLP,1269,False,1,0,0,0,0,0,0,0,0
145840,Trent Sainsbury,2015,NLBE,20300,False,2,2,0,135,0,0,0,0,0
145840,Trent Sainsbury,2015,NL1,1269,False,19,9,2,666,1,0,0,0,5
145840,Trent Sainsbury,2015,FS,3433,True,3,2,0,180,1,0,0,0,0
145840,Trent Sainsbury,2015,CSL,22219,False,30,29,0,2302,2,1,0,0,6
145840,Trent Sainsbury,2015,CHSC,22219,False,1,1,0,90,0,0,0,0,0
145840,Trent Sainsbury,2015,CHFA,22219,False,8,5,0,367,0,0,0,0,2
145840,Trent Sainsbury,2015,AFCL,22219,False,6,6,0,540,0,0,0,0,0
145840,Trent Sainsbury,2014,WMQ1,3433,True,8,3,0,270,0,0,0,0,1
145840,Trent Sainsbury,2014,PONL,1269,False,2,1,0,90,0,0,0,0,0
145840,Trent Sainsbury,2014,NLSC,1269,False,1,1,0,90,0,0,0,0,0
145840,Trent Sainsbury,2014,NLP,1269,False,6,3,1,159,0,0,0,0,0
145840,Trent Sainsbury,2014,NLBV,20300,False,1,1,0,90,0,0,0,0,0
145840,Trent Sainsbury,2014,NL1,1269,False,34,17,6,1133,0,1,0,0,0
145840,Trent Sainsbury,2014,FS,3433,True,7,5,1,399,0,0,0,0,0
145840,Trent Sainsbury,2014,ELQ,1269,False,2,2,0,180,0,0,0,0,1
145840,Trent Sainsbury,2014,AFAC,3433,True,6,6,0,570,1,2,0,0,0
145840,Trent Sainsbury,2013,NLP,1269,False,2,0,2,0,0,0,0,0,0
145840,Trent Sainsbury,2013,NLBE,20300,False,1,1,0,45,0,0,0,0,0
145840,Trent Sainsbury,2013,NL1,1269,False,14,1,12,72,0,0,0,0,0
145840,Trent Sainsbury,2013,AUS1,6954,False,16,16,0,1415,1,0,0,0,2
145840,Trent Sainsbury,2012,EAFC,3433,True,3,0,0,0,0,0,0,0,0
145840,Trent Sainsbury,2012,AUSF,6954,False,2,2,0,180,0,0,0,0,0
145840,Trent Sainsbury,2012,AUS1,6954,False,27,24,0,2155,0,2,0,0,6
145840,Trent Sainsbury,2012,AFCL,6954,False,8,7,0,630,1,0,0,0,1
145840,Trent Sainsbury,2011,AUSF,6954,False,3,1,0,17,0,0,0,0,1
145840,Trent Sainsbury,2011,AUS1,6954,False,27,8,0,268,0,0,0,0,2
145840,Trent Sainsbury,2011,AFCL,6954,False,6,2,0,135,0,0,0,0,0
145840,Trent Sainsbury,2010,AUSF,6954,False,4,1,0,90,0,0,0,0,0
145840,Trent Sainsbury,2010,AUS1,6954,False,30,8,0,480,0,0,0,0,0
145840,Trent Sainsbury,2010,20WC,22976,True,3,3,0,225,0,0,0,0,1
1089414,Noah McCann,2025,NLS6,8665,False,7,1,0,90,0,0,0,0,0
1089414,Noah McCann,2025,NLS6,14672,False,17,15,0,1287,2,0,0,0,1
1089414,Noah McCann,2025,GB2,1039,False,1,0,0,0,0,0,0,0,0
1089414,Noah McCann,2025,FFAC,6954,False,1,1,0,120,0,0,1,0,1
1089414,Noah McCann,2025,CGB,1039,False,1,0,0,0,0,0,0,0,0
1089414,Noah McCann,2025,21PL,33727,False,3,0,0,0,0,0,0,0,0
1089414,Noah McCann,2024,FS,27269,True,1,1,0,16,0,0,0,0,0
1089414,Noah McCann,2024,21PL,33727,False,10,4,0,271,0,0,0,0,0
1089414,Noah McCann,2023,FAYC,12805,False,2,0,0,0,0,0,0,0,0
1089414,Noah McCann,2022,FS,31230,True,2,1,0,90,0,0,0,0,0
1089414,Noah McCann,2022,FAYC,12805,False,2,2,0,210,0,0,0,0,0
1043709,Diesel Herrington,2025,FFAC,6954,False,1,0,0,0,0,0,0,0,0
1043709,Diesel Herrington,2025,AUS1,6954,False,26,6,3,238,0,0,1,0,1
1043709,Diesel Herrington,2024,FFAC,6954,False,1,1,0,22,0,0,1,0,0
1043709,Diesel Herrington,2024,AUS1,6954,False,26,10,0,353,0,0,0,0,3
1043709,Diesel Herrington,2024,ACLE,6954,False,8,3,0,211,0,0,1,1,0
1043709,Diesel Herrington,2023,FFAC,6954,False,1,1,0,29,0,0,0,0,0
1043709,Diesel Herrington,2023,DKRE,62687,False,1,1,0,45,0,0,0,0,0
1043709,Diesel Herrington,2023,DKP,678,False,1,0,0,0,0,0,0,0,0
1043709,Diesel Herrington,2023,DKMR,678,False,8,0,0,0,0,0,0,0,0
1043709,Diesel Herrington,2023,DKDL,9066,False,26,6,0,466,1,0,0,0,0
1043709,Diesel Herrington,2022,DKRE,62687,False,4,4,0,360,0,0,0,0,1
1043709,Diesel Herrington,2022,DKP,678,False,1,0,0,0,0,0,0,0,0
1043709,Diesel Herrington,2022,DKMR,678,False,10,0,0,0,0,0,0,0,0
1043709,Diesel Herrington,2022,DKDL,9066,False,26,7,0,586,0,0,0,0,1
1043709,Diesel Herrington,2022,DK1,678,False,10,0,0,0,0,0,0,0,0
1533960,Stevan Rujak,2025,AF16,32269,True,5,4,0,227,0,0,0,0,0
1533960,Stevan Rujak,2025,A168,32269,True,4,2,0,100,0,0,0,0,0
1407158,Callum McCaskey,2025,FFAC,6954,False,1,1,0,29,0,0,0,0,0
1407158,Callum McCaskey,2024,A2SW,26206,False,1,1,0,5,0,0,0,0,0
1385159,Shumba Mutokoyi,2025,FFAC,6954,False,1,1,0,91,0,0,0,0,0
1385159,Shumba Mutokoyi,2025,AUS1,6954,False,6,0,0,0,0,0,0,0,0
1385159,Shumba Mutokoyi,2024,A2SW,26206,False,24,20,0,1161,0,0,0,0,1
703638,Ali Auglah,2025,FFAC,6954,False,1,1,0,120,0,0,3,0,0
703638,Ali Auglah,2025,AUS1,6954,False,14,14,0,1096,5,0,16,7,2
703638,Ali Auglah,2024,NPWF,3746,False,3,3,0,300,0,0,0,0,2
703638,Ali Auglah,2024,AU3C,3747,False,6,6,0,540,6,1,0,0,0
703638,Ali Auglah,2024,A2SW,3746,False,30,23,0,1536,12,2,0,0,3
703638,Ali Auglah,2023,FFAC,71085,False,1,0,0,0,0,0,0,0,0
703638,Ali Auglah,2023,AUSF,71085,False,1,0,0,0,0,0,0,0,0
703638,Ali Auglah,2023,AUS1,71085,False,27,14,0,311,1,0,8,5,3
703638,Ali Auglah,2023,AFCC,71085,False,8,6,0,219,2,1,10,7,2
703638,Ali Auglah,2022,FFAC,71085,False,2,2,0,55,0,0,1,0,0
703638,Ali Auglah,2022,AUS1,71085,False,26,11,0,350,0,1,7,4,0
703638,Ali Auglah,2022,A2SW,86096,False,18,10,0,767,5,2,30,11,3
703638,Ali Auglah,2021,FFAC,71085,False,4,0,0,0,0,0,0,0,0
703638,Ali Auglah,2020,AUS1,36100,False,14,0,0,0,0,0,0,0,0
703638,Ali Auglah,2019,FS,32269,True,1,1,0,90,0,0,0,0,0
703638,Ali Auglah,2019,AUS1,36100,False,6,1,0,6,0,0,0,0,0
703638,Ali Auglah,2019,A2SW,38638,False,1,1,0,75,2,0,5,3,0
703638,Ali Auglah,2018,17WC,32269,True,4,2,0,102,0,0,1,0,1
959614,Harrison Steele,2025,FFAC,6954,False,1,1,0,64,0,0,0,0,0
959614,Harrison Steele,2025,AUS1,6954,False,26,20,0,1014,0,0,2,0,3
959614,Harrison Steele,2024,FFAC,6954,False,1,1,0,61,0,0,1,1,0
959614,Harrison Steele,2024,AUS1,6954,False,26,25,0,2003,2,1,8,3,4
959614,Harrison Steele,2024,ACLE,6954,False,8,7,0,539,0,0,1,0,0
959614,Harrison Steele,2023,FFAC,6954,False,1,0,0,0,0,0,0,0,0
959614,Harrison Steele,2023,AUSF,6954,False,3,2,0,64,0,0,0,0,0
959614,Harrison Steele,2023,AUS1,6954,False,27,14,11,386,1,0,1,1,0
959614,Harrison Steele,2023,AFCC,6954,False,13,8,2,281,0,0,0,0,0
959614,Harrison Steele,2022,FFAC,6954,False,1,1,0,29,1,0,1,1,0
959614,Harrison Steele,2022,AUSF,6954,False,3,3,0,34,0,0,0,0,0
959614,Harrison Steele,2022,AUS1,6954,False,26,21,0,936,1,0,7,2,4
959614,Harrison Steele,2021,FFAC,6954,False,1,1,0,69,0,0,0,0,0
959614,Harrison Steele,2021,AUSF,6954,False,1,1,0,68,0,0,0,0,1
959614,Harrison Steele,2021,AUS1,6954,False,23,22,0,833,0,0,5,0,2
959614,Harrison Steele,2020,FFAC,6954,False,3,3,0,187,0,0,0,0,1
1271537,Haine Eames,2025,FS,22976,True,2,2,0,119,0,0,1,0,0
1271537,Haine Eames,2025,FFAC,6954,False,1,0,0,0,0,0,0,0,0
1271537,Haine Eames,2025,AUS1,6954,False,26,16,6,882,0,1,12,1,1
1271537,Haine Eames,2025,AF19,39276,True,4,3,0,257,0,0,0,0,0
1271537,Haine Eames,2024,FS,100451,True,4,4,0,237,0,0,0,0,0
1271537,Haine Eames,2024,FFAC,6954,False,1,1,0,59,0,0,1,0,0
1271537,Haine Eames,2024,AUS1,6954,False,26,20,3,1094,2,2,13,6,1
1271537,Haine Eames,2024,ACLE,6954,False,8,5,0,254,0,0,1,0,0
1271537,Haine Eames,2024,A168,32269,True,3,3,0,191,0,0,3,0,0
1271537,Haine Eames,2023,FFAC,6954,False,1,0,0,0,0,0,0,0,0
1271537,Haine Eames,2023,AF16,66880,True,5,3,0,146,0,0,0,0,0
1271537,Haine Eames,2023,A2SW,26206,False,21,7,0,125,0,0,0,0,0
961642,Chris Donnell,2025,FFAC,6954,False,1,1,0,120,0,0,0,0,0
961642,Chris Donnell,2025,AUS1,6954,False,14,14,0,1105,0,1,2,0,1
961642,Chris Donnell,2024,PLIC,9262,False,6,6,0,473,1,0,0,0,0
961642,Chris Donnell,2024,NLC,9262,False,4,4,0,315,0,3,0,0,2
961642,Chris Donnell,2024,GBFL,9262,False,3,3,0,270,0,1,1,1,0
961642,Chris Donnell,2024,GB21,9262,False,20,19,0,1529,2,3,16,6,1
961642,Chris Donnell,2024,E21P,9262,False,2,0,0,0,0,0,0,0,0
961642,Chris Donnell,2024,AU3C,3747,False,6,5,0,405,0,0,0,0,0
961642,Chris Donnell,2023,SSC,2802,False,2,2,0,65,0,0,0,0,0
961642,Chris Donnell,2023,SFA,2802,False,1,1,0,13,0,0,0,0,0
961642,Chris Donnell,2023,SC2,2802,False,15,12,0,441,0,0,4,1,0
961642,Chris Donnell,2023,SC1P,2802,False,2,1,0,15,0,0,0,0,0
961642,Chris Donnell,2023,PLIC,9262,False,4,4,0,360,0,1,0,0,2
961642,Chris Donnell,2023,GBFL,9262,False,4,4,0,360,1,1,4,2,0
961642,Chris Donnell,2023,GB21,9262,False,12,11,0,665,2,1,22,7,0
961642,Chris Donnell,2023,A23Q,32270,True,2,0,0,0,0,0,0,0,0
961642,Chris Donnell,2023,21PL,9262,False,5,3,0,142,3,0,0,0,0
961642,Chris Donnell,2022,FS,22976,True,3,2,0,180,0,0,1,0,0
961642,Chris Donnell,2022,AUS1,970,False,3,1,0,14,0,0,0,0,0
961642,Chris Donnell,2022,AU2C,22976,True,3,2,0,173,0,0,0,0,0
961642,Chris Donnell,2022,A920,22976,True,4,4,0,353,1,0,4,2,0
961642,Chris Donnell,2021,AUS1,970,False,23,3,0,122,0,0,1,0,0
1373017,Jesse Mantell,2025,FS,26181,True,2,2,0,90,0,0,0,0,0
1373017,Jesse Mantell,2025,FS,100451,True,2,2,0,47,0,0,0,0,0
1373017,Jesse Mantell,2025,FFAC,6954,False,1,1,0,41,0,0,0,0,1
1373017,Jesse Mantell,2025,AUS1,6954,False,4,4,0,237,1,0,3,2,0
1373017,Jesse Mantell,2024,A2SW,26206,False,23,21,0,830,0,0,0,0,1
1273794,Alex Bolton,2025,FS,22976,True,2,1,0,90,0,0,1,1,0
1273794,Alex Bolton,2025,FFAC,6954,False,1,0,0,0,0,0,0,0,0
1273794,Alex Bolton,2025,AF19,39276,True,4,4,0,282,0,1,0,0,1
1273794,Alex Bolton,2024,FS,32269,True,3,0,0,0,0,0,0,0,0
1273794,Alex Bolton,2024,A168,32269,True,3,0,0,0,0,0,0,0,0
1273794,Alex Bolton,2023,FS,66880,True,1,1,0,75,0,0,0,0,0
1273794,Alex Bolton,2023,AF16,66880,True,5,4,0,285,0,0,0,0,1
1373016,Laurence Taylor,2025,FFAC,6954,False,1,0,0,0,0,0,0,0,0
1373016,Laurence Taylor,2025,AUS1,6954,False,16,1,0,1,0,0,0,0,0
1373016,Laurence Taylor,2024,A2SW,26206,False,30,26,0,1497,2,1,0,0,6
1413345,Oliver O'Carroll,2025,FFAC,6954,False,1,1,0,56,0,0,0,0,0
1413345,Oliver O'Carroll,2025,AF16,32269,True,5,3,0,270,1,3,0,0,0
1413345,Oliver O'Carroll,2025,A2VI,135665,False,12,5,0,185,0,1,0,0,0
1413345,Oliver O'Carroll,2025,A168,32269,True,4,4,0,351,1,2,5,3,1
1413345,Oliver O'Carroll,2024,FS,66880,True,3,3,0,165,0,0,0,0,0
1110715,Bailey Brandtman,2025,FFAC,6954,False,1,1,0,79,0,1,1,1,0
1110715,Bailey Brandtman,2025,AUS1,6954,False,26,23,0,1119,4,2,23,5,4
1110715,Bailey Brandtman,2024,FFAC,6954,False,1,1,0,91,0,0,2,0,0
1110715,Bailey Brandtman,2024,AUS1,6954,False,26,12,5,514,0,1,14,4,0
1110715,Bailey Brandtman,2024,ACLE,6954,False,8,7,0,255,2,0,5,2,0
1110715,Bailey Brandtman,2024,A2SW,26206,False,7,4,0,178,2,0,0,0,0
1110715,Bailey Brandtman,2023,FS,22976,True,3,1,0,62,1,0,0,0,0
1110715,Bailey Brandtman,2023,FFAC,6954,False,1,1,0,41,0,0,2,1,0
1110715,Bailey Brandtman,2023,AUSF,6954,False,3,1,0,6,0,0,0,0,0
1110715,Bailey Brandtman,2023,AUS1,6954,False,25,4,0,76,0,0,1,0,0
1110715,Bailey Brandtman,2023,AFCC,6954,False,12,3,0,74,0,1,3,1,0
1110715,Bailey Brandtman,2023,A2SW,26206,False,28,17,1,1310,2,5,0,0,9
1110715,Bailey Brandtman,2022,A2SW,26206,False,30,19,0,951,2,5,20,6,2
1238281,Arthur De Lima,2025,FS,22976,True,2,1,0,71,0,0,2,0,0
1238281,Arthur De Lima,2025,FFAC,6954,False,1,1,0,79,0,0,0,0,0
1238281,Arthur De Lima,2025,AUS1,6954,False,26,13,2,365,0,0,6,1,1
1238281,Arthur De Lima,2024,FS,100451,True,4,4,0,223,0,0,4,0,1
1238281,Arthur De Lima,2024,FFAC,6954,False,1,1,0,74,0,0,1,0,0
1238281,Arthur De Lima,2024,AUS1,6954,False,26,9,0,481,3,0,12,7,0
1238281,Arthur De Lima,2024,ACLE,6954,False,8,3,0,35,0,0,0,0,0
1238281,Arthur De Lima,2024,A2SW,26206,False,7,7,0,561,2,0,0,0,0
1238281,Arthur De Lima,2023,A2SW,26206,False,30,14,0,1083,8,1,0,0,0
1176547,Oliver Lavale,2025,FFAC,6954,False,1,1,0,120,1,0,3,2,0
1176547,Oliver Lavale,2025,AUS1,6954,False,14,14,0,971,2,0,4,2,2
1176547,Oliver Lavale,2024,FFAC,71084,False,1,1,0,76,0,0,0,0,0
1176547,Oliver Lavale,2024,AUSF,71084,False,3,2,0,49,0,0,0,0,0
1176547,Oliver Lavale,2024,AUS1,71084,False,26,6,0,263,1,0,0,0,0
1176547,Oliver Lavale,2024,AU3C,6981,False,9,6,0,483,3,0,0,0,0
1176547,Oliver Lavale,2023,FFAC,71084,False,1,1,0,60,0,0,0,0,0
1176547,Oliver Lavale,2023,AUS1,71084,False,27,4,7,56,1,0,0,0,0
1176547,Oliver Lavale,2022,FFAC,71084,False,2,2,0,149,0,0,0,0,0
1329719,Max Naylor,2025,FFAC,6954,False,1,0,0,0,0,0,0,0,0
1329719,Max Naylor,2024,A169,32269,True,1,1,0,23,0,0,0,0,0
1413330,Luke Becvinovski,2025,FS,32269,True,8,4,0,238,1,0,0,0,0
1413330,Luke Becvinovski,2025,FFAC,6954,False,1,1,0,41,0,0,0,0,0
1413330,Luke Becvinovski,2025,AF16,32269,True,5,3,0,225,2,0,0,0,1
1413330,Luke Becvinovski,2025,ACLE,25580,False,1,0,0,0,0,0,0,0,0
1413330,Luke Becvinovski,2025,A2VI,135665,False,16,9,0,290,0,0,0,0,0
1413330,Luke Becvinovski,2025,A169,32269,True,4,2,0,115,1,0,0,0,0
1413330,Luke Becvinovski,2025,A168,32269,True,4,4,0,170,1,0,5,2,0
1413330,Luke Becvinovski,2024,FS,66880,True,3,3,0,149,0,0,0,0,0
1001354,Brad Tapp,2026,MYS1,15817,False,1,1,0,90,0,0,0,0,0
1001354,Brad Tapp,2025,AUS1,6954,False,26,26,0,2237,1,0,6,1,3
1001354,Brad Tapp,2024,FFAC,6954,False,1,0,1,0,0,0,0,0,0
1001354,Brad Tapp,2024,AUS1,6954,False,26,3,23,217,0,0,3,0,0
1001354,Brad Tapp,2024,ACLE,6954,False,8,3,5,261,0,2,1,1,0
1001354,Brad Tapp,2023,FFAC,6954,False,1,1,0,120,0,0,1,0,0
1001354,Brad Tapp,2023,AUSF,6954,False,3,3,0,230,0,0,1,1,0
1001354,Brad Tapp,2023,AUS1,6954,False,27,15,5,922,0,0,5,2,1
1001354,Brad Tapp,2023,AFCC,6954,False,12,9,1,485,0,1,4,0,2
1001354,Brad Tapp,2022,AUS1,6954,False,10,0,10,0,0,0,0,0,0
1001354,Brad Tapp,2022,A2SW,26206,False,30,0,21,0,0,0,0,0,0
1001354,Brad Tapp,2021,FFAC,6954,False,1,1,0,51,0,0,0,0,0
1001354,Brad Tapp,2021,AUSF,6954,False,1,0,0,0,0,0,0,0,0
1001354,Brad Tapp,2021,AUS1,6954,False,9,0,0,0,0,0,0,0,0
1238274,Michael Paragalli,2025,AUS1,6954,False,10,0,0,0,0,0,0,0,0
1238274,Michael Paragalli,2024,FFAC,6954,False,1,0,0,0,0,0,0,0,0
1238274,Michael Paragalli,2024,AUS1,6954,False,13,0,0,0,0,0,0,0,0
1238274,Michael Paragalli,2024,ACLE,6954,False,2,0,0,0,0,0,0,0,0
1238274,Michael Paragalli,2024,A2SW,26206,False,30,27,0,2403,3,1,0,0,3
1238274,Michael Paragalli,2023,A2SW,26206,False,30,25,0,1836,0,0,0,0,4
221713,James Donachie,2025,AUS1,6954,False,26,21,0,1791,1,0,7,4,5
221713,James Donachie,2024,AUSF,71084,False,3,2,1,104,0,0,0,0,0
221713,James Donachie,2024,AUS1,71084,False,26,7,18,399,0,0,1,0,1
221713,James Donachie,2024,A2SW,3747,False,9,6,0,540,0,0,0,0,0
221713,James Donachie,2023,FFAC,71084,False,1,1,0,90,0,0,0,0,0
221713,James Donachie,2023,AUS1,71084,False,27,10,14,891,1,0,3,1,3
221713,James Donachie,2022,FFAC,71084,False,3,3,0,225,0,0,0,0,1
221713,James Donachie,2022,AUSF,8054,False,3,1,0,1,0,0,0,0,0
221713,James Donachie,2022,AUS1,8054,False,26,20,1,1728,1,0,9,3,7
221713,James Donachie,2021,FFAC,8054,False,3,1,0,120,0,0,2,0,0
221713,James Donachie,2021,AUS1,8054,False,26,17,0,1420,0,0,10,0,3
221713,James Donachie,2021,AFCL,8054,False,6,5,0,450,0,0,3,0,2
221713,James Donachie,2021,ACLQ,8054,False,1,0,0,0,0,0,0,0,0
221713,James Donachie,2020,INDP,45321,False,2,2,0,210,0,0,0,0,0
221713,James Donachie,2020,IND1,45321,False,20,16,0,1297,0,1,0,0,2
221713,James Donachie,2020,FFAC,8054,False,4,2,1,172,0,0,2,1,1
221713,James Donachie,2020,AUS1,5551,False,3,0,0,0,0,0,0,0,0
221713,James Donachie,2020,AFCL,45321,False,6,5,0,450,0,0,0,0,0
221713,James Donachie,2019,AUS1,7006,False,26,25,0,2250,0,0,12,3,6
221713,James Donachie,2019,AFCL,7006,False,2,2,0,173,0,0,0,0,2
221713,James Donachie,2019,ACLQ,7006,False,2,2,0,180,0,0,0,0,0
221713,James Donachie,2018,RSK2,6503,False,7,0,0,0,0,0,0,0,0
221713,James Donachie,2018,AUSF,7006,False,2,2,0,180,0,0,0,0,0
221713,James Donachie,2018,AUS1,7006,False,12,8,0,648,0,0,0,0,2
221713,James Donachie,2018,AFCL,7006,False,6,5,0,450,0,0,1,0,2
221713,James Donachie,2017,RSKA,6503,False,5,2,0,180,0,0,1,1,0
221713,James Donachie,2017,RSK1,6503,False,19,9,0,723,0,0,7,2,3
221713,James Donachie,2017,RKPO,6503,False,4,4,0,305,0,0,0,0,0
221713,James Donachie,2017,AUSF,7006,False,3,3,0,300,0,1,0,0,1
221713,James Donachie,2017,AUS1,7006,False,12,12,0,939,0,0,0,0,2
221713,James Donachie,2017,AFCL,7006,False,6,6,0,540,0,0,5,0,0
221713,James Donachie,2016,AUSF,7006,False,2,2,0,210,0,0,0,0,0
221713,James Donachie,2016,AUS1,7006,False,27,21,0,1432,1,0,0,0,2
221713,James Donachie,2015,FS,32270,True,1,1,0,90,0,0,0,0,0
221713,James Donachie,2015,FFAC,7006,False,2,0,0,0,0,0,0,0,0
221713,James Donachie,2015,AUSF,7831,False,2,2,0,210,0,0,0,0,0
221713,James Donachie,2015,AUS1,7831,False,27,8,0,642,0,1,0,0,1
221713,James Donachie,2014,AUSF,7831,False,1,1,0,90,0,0,0,0,0
221713,James Donachie,2014,AUS1,7831,False,27,17,0,1468,2,0,0,0,4
221713,James Donachie,2014,AFCL,7831,False,6,4,0,342,0,0,0,0,1
221713,James Donachie,2013,AUSF,7831,False,2,1,0,30,0,1,0,0,0
221713,James Donachie,2013,AUS1,7831,False,27,14,0,925,0,1,0,0,0
221713,James Donachie,2012,FS,22976,True,2,2,0,119,0,0,0,0,0
221713,James Donachie,2012,AUSF,7831,False,2,2,0,180,0,0,0,0,1
221713,James Donachie,2012,AUS1,7831,False,27,16,0,1367,0,0,0,0,2
221713,James Donachie,2012,ACLQ,7831,False,1,1,0,120,0,0,0,0,1
221713,James Donachie,2012,20WC,22976,True,3,1,0,90,0,0,0,0,0
221713,James Donachie,2011,AUS1,7831,False,1,1,0,90,0,0,0,0,0
221713,James Donachie,2011,AFCL,7831,False,2,0,0,0,0,0,0,0,0
539836,Seth Clark,2025,FFAC,3747,False,1,1,0,90,0,0,0,0,0
539836,Seth Clark,2025,AUS1,6954,False,12,0,10,0,0,0,0,0,0
539836,Seth Clark,2025,A2SW,3747,False,9,6,0,540,0,0,0,0,0
539836,Seth Clark,2024,AU3C,3747,False,6,5,0,405,0,0,0,0,1
539836,Seth Clark,2024,A2SW,3747,False,30,30,0,2513,5,2,0,0,1
539836,Seth Clark,2023,FFAC,41145,False,1,1,0,90,0,0,0,0,0
539836,Seth Clark,2020,NZL1,16183,False,6,6,0,360,0,0,0,0,0
539836,Seth Clark,2019,FS,32207,True,5,5,0,344,1,0,0,0,0
539836,Seth Clark,2018,NZLP,16183,False,1,1,0,77,0,0,0,0,0
539836,Seth Clark,2018,NZL1,16183,False,18,15,0,926,2,1,0,0,1
539836,Seth Clark,2017,NZLP,16183,False,1,0,0,0,0,0,0,0,0
539836,Seth Clark,2017,NZL1,16183,False,18,8,0,205,0,1,0,0,2
471368,Alfie McCalmont,2025,AUS1,6954,False,26,19,5,1623,4,1,23,8,3
471368,Alfie McCalmont,2024,FFAC,6954,False,1,1,0,120,0,0,0,0,0
471368,Alfie McCalmont,2024,AUS1,6954,False,26,21,4,1704,1,1,24,3,5
471368,Alfie McCalmont,2024,ACLE,6954,False,8,7,1,493,0,1,6,1,0
471368,Alfie McCalmont,2023,GBFL,1220,False,3,3,0,194,0,0,4,3,0
471368,Alfie McCalmont,2023,GB3,1220,False,46,31,0,1607,2,0,25,5,3
471368,Alfie McCalmont,2023,FFAC,6954,False,1,1,0,120,0,0,1,1,0
471368,Alfie McCalmont,2023,FAC,1220,False,1,0,0,0,0,0,0,0,0
471368,Alfie McCalmont,2023,CGB,1220,False,1,1,0,90,0,0,3,1,0
471368,Alfie McCalmont,2022,UNLC,5674,True,4,0,0,0,0,0,0,0,0
471368,Alfie McCalmont,2022,POG2,1220,False,3,3,0,221,0,0,2,1,0
471368,Alfie McCalmont,2022,GBFL,20116,False,3,2,0,93,0,0,0,0,0
471368,Alfie McCalmont,2022,GB4,1220,False,22,16,0,955,2,0,13,3,2
471368,Alfie McCalmont,2022,GB21,20116,False,10,6,0,374,1,2,5,1,0
471368,Alfie McCalmont,2022,GB1,399,False,4,0,0,0,0,0,0,0,0
471368,Alfie McCalmont,2022,FAC,399,False,1,0,0,0,0,0,0,0,0
471368,Alfie McCalmont,2022,CGB,399,False,1,0,0,0,0,0,0,0,0
471368,Alfie McCalmont,2021,U21Q,17621,True,7,4,0,360,2,0,0,0,1
471368,Alfie McCalmont,2021,GBFL,3697,False,3,1,0,90,0,0,1,1,1
471368,Alfie McCalmont,2021,GB3,3697,False,46,26,0,1608,1,1,25,4,0
471368,Alfie McCalmont,2021,FS,5674,True,3,1,0,90,0,0,0,0,0
471368,Alfie McCalmont,2021,FS,17621,True,1,1,0,90,0,0,0,0,0
471368,Alfie McCalmont,2021,FAC,3697,False,3,3,0,248,0,1,5,4,0
471368,Alfie McCalmont,2021,CGB,3697,False,2,1,0,90,0,0,1,0,0
471368,Alfie McCalmont,2020,WMQ6,5674,True,8,1,0,7,0,0,0,0,0
471368,Alfie McCalmont,2020,UNLB,5674,True,6,0,0,0,0,0,0,0,0
471368,Alfie McCalmont,2020,GBFL,20116,False,1,0,0,0,0,0,0,0,0
471368,Alfie McCalmont,2020,GBFL,1078,False,3,1,0,90,2,0,2,2,0
471368,Alfie McCalmont,2020,GB4,1078,False,44,35,0,2669,8,5,42,14,3
471368,Alfie McCalmont,2020,GB21,20116,False,2,2,0,180,0,0,0,0,1
471368,Alfie McCalmont,2020,GB1,399,False,1,0,0,0,0,0,0,0,0
471368,Alfie McCalmont,2020,FS,5674,True,3,1,0,5,0,0,0,0,0
471368,Alfie McCalmont,2020,FS,17621,True,2,0,0,0,0,0,0,0,0
471368,Alfie McCalmont,2020,FAC,1078,False,3,3,0,270,0,0,4,2,0
471368,Alfie McCalmont,2020,CGB,399,False,1,0,0,0,0,0,0,0,0
471368,Alfie McCalmont,2019,U21Q,17621,True,10,9,0,754,0,0,1,0,4
471368,Alfie McCalmont,2019,POEM,5674,True,2,0,0,0,0,0,0,0,0
471368,Alfie McCalmont,2019,GB2,399,False,38,0,0,0,0,0,0,0,0
471368,Alfie McCalmont,2019,FS,5674,True,2,1,0,31,0,0,0,0,0
471368,Alfie McCalmont,2019,FS,17621,True,1,1,0,90,1,0,0,0,0
471368,Alfie McCalmont,2019,FAC,399,False,1,0,0,0,0,0,0,0,0
471368,Alfie McCalmont,2019,CGB,399,False,2,2,0,65,0,0,0,0,1
471368,Alfie McCalmont,2019,21PL,20116,False,6,0,0,0,0,0,0,0,0
471368,Alfie McCalmont,2018,U19Q,28031,True,3,3,0,211,1,0,0,0,0
471368,Alfie McCalmont,2018,FS,28031,True,2,1,0,78,0,0,0,0,0
471368,Alfie McCalmont,2018,EMQ,5674,True,4,0,0,0,0,0,0,0,0
471368,Alfie McCalmont,2018,21PL,20116,False,9,0,0,0,0,0,0,0,0
471368,Alfie McCalmont,2017,U19Q,28031,True,3,2,0,28,0,0,0,0,0
471368,Alfie McCalmont,2017,FAYC,10161,False,1,1,0,90,0,0,0,0,0
471368,Alfie McCalmont,2016,U17Q,25790,True,3,2,0,120,0,0,0,0,0
1273789,Alexi Houridis,2025,AUS1,6954,False,13,0,0,0,0,0,0,0,0
1273789,Alexi Houridis,2024,A2VI,19718,False,25,10,0,369,1,0,0,0,0
1273789,Alexi Houridis,2023,FS,66880,True,1,1,0,75,0,0,0,0,0
1273789,Alexi Houridis,2023,AF16,66880,True,5,2,0,69,0,0,0,0,1
505466,Kaito Taniguchi,2026,JAP1,21975,False,3,3,0,180,0,1,8,0,0
505466,Kaito Taniguchi,2025,AUS1,6954,False,12,7,0,295,0,0,10,3,0
505466,Kaito Taniguchi,2024,JEMP,8344,False,2,0,0,0,0,0,0,0,0
505466,Kaito Taniguchi,2024,JAPC,8344,False,3,2,0,178,0,0,0,0,0
505466,Kaito Taniguchi,2024,JAP1,8344,False,38,28,0,1615,2,1,41,12,0
505466,Kaito Taniguchi,2023,JEMP,8344,False,2,1,0,46,1,1,0,0,0
505466,Kaito Taniguchi,2023,JAPC,8344,False,9,8,0,375,3,1,0,0,0
505466,Kaito Taniguchi,2023,JAP1,8344,False,38,34,0,2023,10,2,62,18,0
505466,Kaito Taniguchi,2022,JEMP,8344,False,4,2,0,91,1,0,0,0,0
505466,Kaito Taniguchi,2022,JAPC,8344,False,6,4,0,237,1,1,0,0,0
505466,Kaito Taniguchi,2022,JAP1,8344,False,34,21,0,895,3,1,41,15,0
505466,Kaito Taniguchi,2021,JEMP,8344,False,1,1,0,20,0,0,0,0,0
505466,Kaito Taniguchi,2021,JAP2,8344,False,42,36,0,2467,9,4,88,34,0
505466,Kaito Taniguchi,2020,JEMP,8344,False,2,1,0,45,0,0,0,0,0
505466,Kaito Taniguchi,2020,JAP2,8344,False,42,42,0,2297,13,1,0,0,0
505466,Kaito Taniguchi,2019,JAP3,22175,False,34,34,0,3060,18,6,0,0,1
505466,Kaito Taniguchi,2018,JEMP,16005,False,2,2,0,160,1,0,0,0,0
505466,Kaito Taniguchi,2018,JAP3,16005,False,34,32,0,1980,9,2,0,0,0
505466,Kaito Taniguchi,2017,JEMP,16005,False,1,1,0,16,0,0,0,0,0
505466,Kaito Taniguchi,2017,JAP3,16005,False,32,23,0,1567,15,0,0,0,0
505466,Kaito Taniguchi,2016,JEMP,59557,False,1,1,0,90,1,0,0,0,0
505466,Kaito Taniguchi,2013,JEMP,59557,False,1,0,0,0,0,0,0,0,0
559806,Ryan Edmondson,2025,IRPO,1189,False,2,2,0,146,0,1,0,0,0
559806,Ryan Edmondson,2025,IRLC,1189,False,4,0,0,0,0,0,0,0,0
559806,Ryan Edmondson,2025,IR1,1189,False,28,28,0,2029,9,1,77,36,4
559806,Ryan Edmondson,2025,AUS1,6954,False,14,9,0,448,0,0,5,1,0
559806,Ryan Edmondson,2024,FFAC,6954,False,1,0,1,0,0,0,0,0,0
559806,Ryan Edmondson,2024,AUS1,6954,False,26,11,14,539,2,0,10,4,1
559806,Ryan Edmondson,2024,ACLE,6954,False,8,7,1,389,0,0,4,2,1
559806,Ryan Edmondson,2023,GBFL,1220,False,3,2,0,82,0,0,4,1,0
559806,Ryan Edmondson,2023,GB3,1220,False,28,18,0,619,1,0,7,4,1
559806,Ryan Edmondson,2023,FFAC,6954,False,1,1,0,74,0,0,3,0,0
559806,Ryan Edmondson,2023,FAC,1220,False,1,1,0,6,0,0,0,0,0
559806,Ryan Edmondson,2023,CGB,1220,False,1,1,0,45,0,0,2,1,0
559806,Ryan Edmondson,2023,AUSF,6954,False,3,3,0,120,2,0,3,2,0
559806,Ryan Edmondson,2023,AUS1,6954,False,14,12,0,614,2,0,12,5,0
559806,Ryan Edmondson,2023,AFCC,6954,False,7,7,0,358,3,1,10,6,1
559806,Ryan Edmondson,2022,POG2,1220,False,3,3,0,146,0,0,3,0,0
559806,Ryan Edmondson,2022,GBFL,1220,False,3,2,0,81,0,0,0,0,1
559806,Ryan Edmondson,2022,GB4,1220,False,46,23,0,1103,4,1,22,7,2
559806,Ryan Edmondson,2022,FAC,1220,False,2,1,0,82,1,0,1,1,0
559806,Ryan Edmondson,2022,CGB,1220,False,1,1,0,36,1,0,1,1,0
559806,Ryan Edmondson,2021,POG2,1211,False,3,2,0,109,0,0,1,1,0
559806,Ryan Edmondson,2021,GBFL,11177,False,4,4,0,328,2,1,5,3,0
559806,Ryan Edmondson,2021,GB4,1211,False,25,19,0,834,3,1,15,7,1
559806,Ryan Edmondson,2021,GB3,11177,False,23,11,0,286,0,0,1,1,1
559806,Ryan Edmondson,2021,FAC,1211,False,1,0,0,0,0,0,0,0,0
559806,Ryan Edmondson,2021,FAC,11177,False,1,1,0,2,0,0,0,0,0
559806,Ryan Edmondson,2021,CGB,11177,False,1,1,0,70,0,0,0,0,0
559806,Ryan Edmondson,2020,SCP,370,False,1,1,0,1,0,0,0,0,0
559806,Ryan Edmondson,2020,SC1,370,False,21,14,4,360,2,2,7,3,0
559806,Ryan Edmondson,2020,GB3,1302,False,25,21,0,1202,1,1,18,10,3
559806,Ryan Edmondson,2020,GB21,20116,False,1,0,0,0,0,0,0,0,0
559806,Ryan Edmondson,2020,ELQ,370,False,3,1,2,9,0,0,0,0,0
559806,Ryan Edmondson,2019,SFA,370,False,1,0,0,0,0,0,0,0,0
559806,Ryan Edmondson,2019,FS,21340,True,4,3,0,130,1,1,2,1,0
559806,Ryan Edmondson,2019,21PL,20116,False,6,0,0,0,0,0,0,0,0
559806,Ryan Edmondson,2018,POCC,399,False,2,0,0,0,0,0,0,0,0
559806,Ryan Edmondson,2018,GB2,399,False,40,1,0,19,0,0,0,0,0
559806,Ryan Edmondson,2018,FAC,399,False,1,0,0,0,0,0,0,0,0
559806,Ryan Edmondson,2018,21PL,20116,False,9,0,0,0,0,0,0,0,0
559806,Ryan Edmondson,2017,NLN6,1252,False,2,1,0,18,0,0,0,0,0
559806,Ryan Edmondson,2017,GB2,399,False,1,1,0,16,0,0,0,0,1
559806,Ryan Edmondson,2017,FAYC,10161,False,1,0,0,0,0,0,0,0,0
1110942,Abdul Faisal,2026,IRQ1,122002,False,2,2,0,74,0,0,0,0,0
1110942,Abdul Faisal,2025,IRQ1,103329,False,28,15,0,522,1,1,0,0,1
1110942,Abdul Faisal,2025,FS,40739,True,2,2,0,135,0,0,0,0,0
1110942,Abdul Faisal,2025,AUS1,6954,False,11,4,0,52,0,0,3,1,0
1110942,Abdul Faisal,2024,FS,22976,True,3,2,0,131,1,0,0,0,0
1110942,Abdul Faisal,2024,FFAC,6954,False,1,1,0,73,0,0,0,0,0
1110942,Abdul Faisal,2024,AUS1,970,False,14,10,0,439,0,0,7,1,2
1110942,Abdul Faisal,2024,AUS1,6954,False,13,11,0,347,1,0,7,1,0
1110942,Abdul Faisal,2024,ACLE,6954,False,2,2,0,135,0,0,1,0,0
1110942,Abdul Faisal,2023,FFAC,970,False,3,3,0,204,3,0,10,7,1
1110942,Abdul Faisal,2022,FFAC,65339,False,2,1,0,26,0,0,0,0,1
1110942,Abdul Faisal,2022,A2SW,65339,False,30,18,0,376,1,0,3,1,0
1110710,Nicholas Duarte,2025,FFAC,3080,False,2,1,0,45,1,0,5,2,0
1110710,Nicholas Duarte,2025,AUS1,6954,False,16,11,0,331,1,1,11,2,1
1110710,Nicholas Duarte,2025,A2VI,3080,False,25,19,0,1352,4,1,0,0,4
1110710,Nicholas Duarte,2024,FFAC,6954,False,1,1,0,61,0,0,0,0,0
1110710,Nicholas Duarte,2024,AUS1,6954,False,26,10,10,264,1,0,6,2,1
1110710,Nicholas Duarte,2024,ACLE,6954,False,8,2,1,22,1,0,1,1,0
1110710,Nicholas Duarte,2023,FFAC,6954,False,1,0,0,0,0,0,0,0,0
1110710,Nicholas Duarte,2023,AUSF,6954,False,3,0,0,0,0,0,0,0,0
1110710,Nicholas Duarte,2023,AUS1,6954,False,27,0,0,0,0,0,0,0,0
1110710,Nicholas Duarte,2023,AFCC,6954,False,13,1,0,17,0,0,1,0,0
1110710,Nicholas Duarte,2023,A2SW,26206,False,17,17,0,921,3,1,0,0,6
1110710,Nicholas Duarte,2022,FFAC,6954,False,1,0,0,0,0,0,0,0,0
1110710,Nicholas Duarte,2022,AUSF,6954,False,3,0,0,0,0,0,0,0,0
1110710,Nicholas Duarte,2022,AUS1,6954,False,8,2,0,34,0,0,2,0,0
1110710,Nicholas Duarte,2022,A2SW,26206,False,30,15,0,868,0,2,15,1,5
1110710,Nicholas Duarte,2021,A2SW,2931,False,1,1,0,14,0,0,0,0,0
1110710,Nicholas Duarte,2020,FFAC,2931,False,1,1,0,19,0,0,0,0,0
485792,Christian Theoharous,2025,FFAC,3080,False,2,1,0,63,0,1,1,0,0
485792,Christian Theoharous,2025,AUS1,6954,False,26,16,7,340,0,1,6,1,1
485792,Christian Theoharous,2025,A2VI,3080,False,8,6,0,129,0,0,0,0,1
485792,Christian Theoharous,2024,FFAC,6954,False,1,1,0,46,0,0,1,0,0
485792,Christian Theoharous,2024,AUS1,6954,False,26,20,4,1057,1,1,23,5,4
485792,Christian Theoharous,2024,ACLE,6954,False,8,5,2,234,0,0,2,0,1
485792,Christian Theoharous,2023,FFAC,6954,False,1,0,0,0,0,0,0,0,0
485792,Christian Theoharous,2023,AUSF,6954,False,3,3,0,183,0,0,3,1,1
485792,Christian Theoharous,2023,AUS1,6954,False,27,23,1,1049,3,0,22,13,7
485792,Christian Theoharous,2023,AFCC,6954,False,13,13,0,486,2,1,12,9,2
485792,Christian Theoharous,2022,FFAC,6954,False,1,1,0,64,0,1,1,0,1
485792,Christian Theoharous,2022,AUSF,6954,False,3,3,0,35,0,0,2,1,1
485792,Christian Theoharous,2022,AUS1,71084,False,12,0,0,0,0,0,0,0,0
485792,Christian Theoharous,2022,AUS1,6954,False,14,14,0,381,0,3,17,8,1
485792,Christian Theoharous,2021,FFAC,71084,False,2,0,0,0,0,0,0,0,0
485792,Christian Theoharous,2021,AUSF,71084,False,4,0,0,0,0,0,0,0,0
485792,Christian Theoharous,2021,AUS1,71084,False,26,4,0,67,0,1,2,2,1
485792,Christian Theoharous,2020,RLW3,1006,False,40,6,8,98,1,1,0,0,2
485792,Christian Theoharous,2020,FFAC,71084,False,1,1,0,90,0,0,3,1,0
485792,Christian Theoharous,2019,RLW3,1006,False,25,14,1,368,3,1,0,0,5
485792,Christian Theoharous,2018,RLW3,1006,False,34,6,0,127,0,0,0,0,1
485792,Christian Theoharous,2017,AUSF,7006,False,3,2,0,31,0,0,0,0,0
485792,Christian Theoharous,2017,AUS1,7006,False,27,16,0,314,1,0,0,0,1
485792,Christian Theoharous,2017,AFCL,7006,False,6,6,0,142,0,1,1,0,0
485792,Christian Theoharous,2017,A198,39276,True,4,2,0,30,0,0,0,0,0
485792,Christian Theoharous,2016,FFAC,7006,False,1,0,0,0,0,0,0,0,0
485792,Christian Theoharous,2016,AUSF,7006,False,2,0,0,0,0,0,0,0,0
485792,Christian Theoharous,2016,AUS1,7006,False,6,1,0,7,0,0,0,0,0
