player_id,player_name,game_date_utc,season,competition_id,competition_type_id,is_national_team,game_id,game_day,club_id,venue,opponent_club_id,club_goals,opponent_goals,participation_state,shirt_number,position_id,is_captain,played_minutes,goals,assists,shots_total,shots_on_goal,shots_off_goal,shots_blocked,yellow_card_minute,substituted_in_minute,substituted_out_minute,injury_id,absence_id
997501,Valentino Quintero,2026-05-22T15:00:00+00:00,2025,BU1,1,False,4866451,37,6764,away,26462,0,3,in squad,99,,False,0,0,0,0,0,0,0,,,,0,0
997501,Valentino Quintero,2026-05-18T16:30:00+00:00,2025,BU1,1,False,4866447,36,6764,home,40416,0,1,in squad,99,,False,0,0,0,0,0,0,0,,,,0,0
997501,Valentino Quintero,2026-05-14T17:15:00+00:00,2025,BU1,1,False,4866444,35,6764,away,730,1,1,in squad,99,,False,0,0,0,0,0,0,0,,,,0,0
997501,Valentino Quintero,2026-05-10T16:15:00+00:00,2025,BU1,1,False,4866440,34,6764,away,4362,1,0,in squad,99,,False,0,0,0,0,0,0,0,,,,0,0
997501,Valentino Quintero,2026-05-05T14:30:00+00:00,2025,BU1,1,False,4866435,33,6764,home,24078,2,2,in squad,99,,False,0,0,0,0,0,0,0,,,,0,0
997501,Valentino Quintero,2026-05-02T11:00:00+00:00,2025,BU1,1,False,4866431,32,6764,home,675,3,0,in squad,99,,False,0,0,0,0,0,0,0,,,,0,0
997501,Valentino Quintero,2026-04-24T16:30:00+00:00,2025,BU1,1,False,4866428,31,6764,away,9599,2,1,in squad,99,,False,0,0,0,0,0,0,0,,,,0,0
997501,Valentino Quintero,2026-04-13T16:00:00+00:00,2025,BU1,1,False,4718172,30,6764,home,2259,0,0,in squad,99,,False,0,0,0,0,0,0,0,,,,0,0
997501,Valentino Quintero,2026-04-09T12:30:00+00:00,2025,BU1,1,False,4718201,29,6764,away,730,1,2,in squad,99,,False,0,0,0,0,0,0,0,,,,0,0
997501,Valentino Quintero,2026-04-04T16:30:00+00:00,2025,BU1,1,False,4718146,28,6764,home,208,0,3,in squad,99,,False,0,0,0,0,0,0,0,,,,0,0
1286255,Stelian Georgiev,2026-05-22T15:00:00+00:00,2025,BU1,1,False,4866451,37,6764,away,26462,0,3,not in squad,,,False,0,0,0,0,0,0,0,,,,0,0
1286255,Stelian Georgiev,2026-05-18T16:30:00+00:00,2025,BU1,1,False,4866447,36,6764,home,40416,0,1,not in squad,,,False,0,0,0,0,0,0,0,,,,0,0
1286255,Stelian Georgiev,2026-05-14T17:15:00+00:00,2025,BU1,1,False,4866444,35,6764,away,730,1,1,not in squad,,,False,0,0,0,0,0,0,0,,,,0,0
1286255,Stelian Georgiev,2026-05-10T16:15:00+00:00,2025,BU1,1,False,4866440,34,6764,away,4362,1,0,not in squad,,,False,0,0,0,0,0,0,0,,,,0,0
1286255,Stelian Georgiev,2026-05-05T14:30:00+00:00,2025,BU1,1,False,4866435,33,6764,home,24078,2,2,not in squad,,,False,0,0,0,0,0,0,0,,,,0,0
1286255,Stelian Georgiev,2026-05-02T11:00:00+00:00,2025,BU1,1,False,4866431,32,6764,home,675,3,0,not in squad,,,False,0,0,0,0,0,0,0,,,,0,0
1286255,Stelian Georgiev,2026-04-24T16:30:00+00:00,2025,BU1,1,False,4866428,31,6764,away,9599,2,1,not in squad,,,False,0,0,0,0,0,0,0,,,,0,0
1286255,Stelian Georgiev,2026-04-13T16:00:00+00:00,2025,BU1,1,False,4718172,30,6764,home,2259,0,0,not in squad,,,False,0,0,0,0,0,0,0,,,,0,0
1286255,Stelian Georgiev,2026-04-09T12:30:00+00:00,2025,BU1,1,False,4718201,29,6764,away,730,1,2,not in squad,,,False,0,0,0,0,0,0,0,,,,0,0
1286255,Stelian Georgiev,2026-04-04T16:30:00+00:00,2025,BU1,1,False,4718146,28,6764,home,208,0,3,not in squad,,,False,0,0,0,0,0,0,0,,,,0,0
1105636,Juan Salomoni,2026-07-27T23:00:00+00:00,2025,CLPD,1,False,4805243,16,20514,home,7020,0,0,not in squad,,,False,0,0,0,0,0,0,0,,,,0,0
1105636,Juan Salomoni,2026-05-22T15:00:00+00:00,2025,BU1,1,False,4866451,37,6764,away,26462,0,3,played,3,3,False,90,0,0,0,0,0,0,,,,0,0
1105636,Juan Salomoni,2026-05-18T16:30:00+00:00,2025,BU1,1,False,4866447,36,6764,home,40416,0,1,played,3,3,False,90,0,0,0,0,0,0,,,,0,0
1105636,Juan Salomoni,2026-05-14T17:15:00+00:00,2025,BU1,1,False,4866444,35,6764,away,730,1,1,played,3,3,False,90,0,0,0,0,0,0,,,,0,0
1105636,Juan Salomoni,2026-05-10T16:15:00+00:00,2025,BU1,1,False,4866440,34,6764,away,4362,1,0,played,3,3,False,90,0,0,0,0,0,0,,,,0,0
1105636,Juan Salomoni,2026-05-05T14:30:00+00:00,2025,BU1,1,False,4866435,33,6764,home,24078,2,2,played,3,3,False,90,0,0,0,0,0,0,,,,0,0
1105636,Juan Salomoni,2026-05-02T11:00:00+00:00,2025,BU1,1,False,4866431,32,6764,home,675,3,0,played,3,3,False,90,0,0,0,0,0,0,,,,0,0
1105636,Juan Salomoni,2026-04-24T16:30:00+00:00,2025,BU1,1,False,4866428,31,6764,away,9599,2,1,played,3,3,False,90,0,0,0,0,0,0,,,,0,0
1105636,Juan Salomoni,2026-04-13T16:00:00+00:00,2025,BU1,1,False,4718172,30,6764,home,2259,0,0,played,3,3,False,90,0,0,0,0,0,0,,,,0,0
1105636,Juan Salomoni,2026-04-09T12:30:00+00:00,2025,BU1,1,False,4718201,29,6764,away,730,1,2,played,3,3,False,90,0,0,0,0,0,0,,,,0,0
1001686,Arthur,2026-07-24T15:45:00+00:00,2026,BU2,2,False,4909823,1,6764,home,26563,2,1,not in squad,,,False,0,0,0,0,0,0,0,,,,0,0
1001686,Arthur,2026-05-22T15:00:00+00:00,2025,BU1,1,False,4866451,37,6764,away,26462,0,3,played,1,1,False,90,0,0,0,0,0,0,,,,0,0
1001686,Arthur,2026-05-18T16:30:00+00:00,2025,BU1,1,False,4866447,36,6764,home,40416,0,1,played,1,1,False,90,0,0,0,0,0,0,,,,0,0
1001686,Arthur,2026-05-14T17:15:00+00:00,2025,BU1,1,False,4866444,35,6764,away,730,1,1,played,1,1,False,90,0,0,0,0,0,0,,,,0,0
1001686,Arthur,2026-05-10T16:15:00+00:00,2025,BU1,1,False,4866440,34,6764,away,4362,1,0,played,1,1,False,90,0,0,0,0,0,0,,,,0,0
1001686,Arthur,2026-05-05T14:30:00+00:00,2025,BU1,1,False,4866435,33,6764,home,24078,2,2,played,1,1,False,90,0,0,0,0,0,0,,,,0,0
1001686,Arthur,2026-05-02T11:00:00+00:00,2025,BU1,1,False,4866431,32,6764,home,675,3,0,played,1,1,False,90,0,0,0,0,0,0,,,,0,0
1001686,Arthur,2026-04-24T16:30:00+00:00,2025,BU1,1,False,4866428,31,6764,away,9599,2,1,played,1,1,False,90,0,0,0,0,0,0,,,,0,0
1001686,Arthur,2026-04-13T16:00:00+00:00,2025,BU1,1,False,4718172,30,6764,home,2259,0,0,played,1,1,False,90,0,0,0,0,0,0,,,,0,0
1001686,Arthur,2026-04-09T12:30:00+00:00,2025,BU1,1,False,4718201,29,6764,away,730,1,2,played,1,1,False,90,0,0,0,0,0,0,,,,0,0
296704,Jaume Valens,2026-05-22T15:00:00+00:00,2025,BU1,1,False,4866451,37,6764,away,26462,0,3,not in squad,,,False,0,0,0,0,0,0,0,,,,0,0
296704,Jaume Valens,2026-05-18T16:30:00+00:00,2025,BU1,1,False,4866447,36,6764,home,40416,0,1,not in squad,,,False,0,0,0,0,0,0,0,,,,0,0
296704,Jaume Valens,2026-05-14T17:15:00+00:00,2025,BU1,1,False,4866444,35,6764,away,730,1,1,not in squad,,,False,0,0,0,0,0,0,0,,,,0,0
296704,Jaume Valens,2026-05-10T16:15:00+00:00,2025,BU1,1,False,4866440,34,6764,away,4362,1,0,not in squad,,,False,0,0,0,0,0,0,0,,,,0,0
296704,Jaume Valens,2026-05-05T14:30:00+00:00,2025,BU1,1,False,4866435,33,6764,home,24078,2,2,not in squad,,,False,0,0,0,0,0,0,0,,,,0,0
296704,Jaume Valens,2026-05-02T11:00:00+00:00,2025,BU1,1,False,4866431,32,6764,home,675,3,0,not in squad,,,False,0,0,0,0,0,0,0,,,,0,0
296704,Jaume Valens,2026-04-24T16:30:00+00:00,2025,BU1,1,False,4866428,31,6764,away,9599,2,1,not in squad,,,False,0,0,0,0,0,0,0,,,,0,0
296704,Jaume Valens,2026-04-13T16:00:00+00:00,2025,BU1,1,False,4718172,30,6764,home,2259,0,0,not in squad,,,False,0,0,0,0,0,0,0,,,,0,0
296704,Jaume Valens,2026-04-09T12:30:00+00:00,2025,BU1,1,False,4718201,29,6764,away,730,1,2,not in squad,,,False,0,0,0,0,0,0,0,,,,0,0
296704,Jaume Valens,2026-04-04T16:30:00+00:00,2025,BU1,1,False,4718146,28,6764,home,208,0,3,not in squad,,,False,0,0,0,0,0,0,0,,,,0,0
1153574,Viktorio Valkov,2026-07-24T15:45:00+00:00,2026,BU2,2,False,4909823,1,6764,home,26563,2,1,not in squad,,,False,0,0,0,0,0,0,0,,,,0,0
1153574,Viktorio Valkov,2026-05-22T15:00:00+00:00,2025,BU1,1,False,4866451,37,6764,away,26462,0,3,in squad,14,,False,0,0,0,0,0,0,0,,,,0,0
1153574,Viktorio Valkov,2026-05-18T16:30:00+00:00,2025,BU1,1,False,4866447,36,6764,home,40416,0,1,in squad,14,,False,0,0,0,0,0,0,0,,,,0,0
1153574,Viktorio Valkov,2026-05-14T17:15:00+00:00,2025,BU1,1,False,4866444,35,6764,away,730,1,1,injured,,,False,0,0,0,0,0,0,0,,,,258,0
1153574,Viktorio Valkov,2026-05-10T16:15:00+00:00,2025,BU1,1,False,4866440,34,6764,away,4362,1,0,injured,,,False,0,0,0,0,0,0,0,,,,258,0
1153574,Viktorio Valkov,2026-05-05T14:30:00+00:00,2025,BU1,1,False,4866435,33,6764,home,24078,2,2,injured,,,False,0,0,0,0,0,0,0,,,,258,0
1153574,Viktorio Valkov,2026-05-02T11:00:00+00:00,2025,BU1,1,False,4866431,32,6764,home,675,3,0,injured,,,False,0,0,0,0,0,0,0,,,,258,0
1153574,Viktorio Valkov,2026-04-24T16:30:00+00:00,2025,BU1,1,False,4866428,31,6764,away,9599,2,1,injured,,,False,0,0,0,0,0,0,0,,,,258,0
1153574,Viktorio Valkov,2026-04-13T16:00:00+00:00,2025,BU1,1,False,4718172,30,6764,home,2259,0,0,injured,,,False,0,0,0,0,0,0,0,,,,258,0
1153574,Viktorio Valkov,2026-04-09T12:30:00+00:00,2025,BU1,1,False,4718201,29,6764,away,730,1,2,injured,,,False,0,0,0,0,0,0,0,,,,258,0
1226103,Tijan Sonha,2026-07-25T18:00:00+00:00,2026,SER1,1,False,4937754,2,33328,away,53,0,0,played,2,4,False,90,0,0,0,0,0,0,,,,0,0
1226103,Tijan Sonha,2026-07-19T17:00:00+00:00,2026,SER1,1,False,4936434,1,33328,home,6622,1,1,played,2,4,False,45,0,0,0,0,0,0,53,46,,0,0
1226103,Tijan Sonha,2026-05-29T15:30:00+00:00,2025,FS,11,True,4882356,17,6186,away,3582,1,3,played,6,4,False,85,0,0,0,0,0,0,,,85,0,0
1226103,Tijan Sonha,2026-05-22T15:00:00+00:00,2025,BU1,1,False,4866451,37,6764,away,26462,0,3,played,23,9,False,90,0,0,0,0,0,0,,,,0,0
1226103,Tijan Sonha,2026-05-18T16:30:00+00:00,2025,BU1,1,False,4866447,36,6764,home,40416,0,1,played,23,9,False,90,0,0,0,0,0,0,,,,0,0
1226103,Tijan Sonha,2026-05-14T17:15:00+00:00,2025,BU1,1,False,4866444,35,6764,away,730,1,1,played,23,9,False,90,0,0,0,0,0,0,,,,0,0
1226103,Tijan Sonha,2026-05-10T16:15:00+00:00,2025,BU1,1,False,4866440,34,6764,away,4362,1,0,played,23,0,False,33,0,0,0,0,0,0,,57,,0,0
1226103,Tijan Sonha,2026-05-05T14:30:00+00:00,2025,BU1,1,False,4866435,33,6764,home,24078,2,2,played,23,9,False,31,0,0,0,0,0,0,,,31,0,0
1226103,Tijan Sonha,2026-05-02T11:00:00+00:00,2025,BU1,1,False,4866431,32,6764,home,675,3,0,played,23,9,False,90,0,1,0,0,0,0,,,,0,0
1226103,Tijan Sonha,2026-04-24T16:30:00+00:00,2025,BU1,1,False,4866428,31,6764,away,9599,2,1,played,23,9,False,90,0,0,0,0,0,0,,,,0,0
549021,João Sérgio,2026-07-24T15:45:00+00:00,2026,BU2,2,False,4909823,1,6764,home,26563,2,1,absent,,,False,0,0,0,0,0,0,0,,,,0,1
549021,João Sérgio,2026-05-22T15:00:00+00:00,2025,BU1,1,False,4866451,37,6764,away,26462,0,3,played,25,0,False,8,0,0,0,0,0,0,87,82,,0,0
549021,João Sérgio,2026-05-18T16:30:00+00:00,2025,BU1,1,False,4866447,36,6764,home,40416,0,1,in squad,25,,False,0,0,0,0,0,0,0,,,,0,0
549021,João Sérgio,2026-05-14T17:15:00+00:00,2025,BU1,1,False,4866444,35,6764,away,730,1,1,in squad,25,,False,0,0,0,0,0,0,0,,,,0,0
549021,João Sérgio,2026-05-10T16:15:00+00:00,2025,BU1,1,False,4866440,34,6764,away,4362,1,0,in squad,25,,False,0,0,0,0,0,0,0,,,,0,0
549021,João Sérgio,2026-05-05T14:30:00+00:00,2025,BU1,1,False,4866435,33,6764,home,24078,2,2,in squad,25,,False,0,0,0,0,0,0,0,,,,0,0
549021,João Sérgio,2026-05-02T11:00:00+00:00,2025,BU1,1,False,4866431,32,6764,home,675,3,0,in squad,25,,False,0,0,0,0,0,0,0,,,,0,0
549021,João Sérgio,2026-04-24T16:30:00+00:00,2025,BU1,1,False,4866428,31,6764,away,9599,2,1,in squad,25,,False,0,0,0,0,0,0,0,,,,0,0
549021,João Sérgio,2026-04-13T16:00:00+00:00,2025,BU1,1,False,4718172,30,6764,home,2259,0,0,in squad,25,,False,0,0,0,0,0,0,0,,,,0,0
549021,João Sérgio,2026-04-09T12:30:00+00:00,2025,BU1,1,False,4718201,29,6764,away,730,1,2,played,25,0,False,22,0,0,0,0,0,0,,68,,0,0
1043471,Augusto Dabó,2026-05-22T15:00:00+00:00,2025,BU1,1,False,4866451,37,6764,away,26462,0,3,not in squad,,,False,0,0,0,0,0,0,0,,,,0,0
1043471,Augusto Dabó,2026-05-18T16:30:00+00:00,2025,BU1,1,False,4866447,36,6764,home,40416,0,1,not in squad,,,False,0,0,0,0,0,0,0,,,,0,0
1043471,Augusto Dabó,2026-05-14T17:15:00+00:00,2025,BU1,1,False,4866444,35,6764,away,730,1,1,not in squad,,,False,0,0,0,0,0,0,0,,,,0,0
1043471,Augusto Dabó,2026-05-10T16:15:00+00:00,2025,BU1,1,False,4866440,34,6764,away,4362,1,0,not in squad,,,False,0,0,0,0,0,0,0,,,,0,0
1043471,Augusto Dabó,2026-05-05T14:30:00+00:00,2025,BU1,1,False,4866435,33,6764,home,24078,2,2,not in squad,,,False,0,0,0,0,0,0,0,,,,0,0
1043471,Augusto Dabó,2026-05-02T11:00:00+00:00,2025,BU1,1,False,4866431,32,6764,home,675,3,0,not in squad,,,False,0,0,0,0,0,0,0,,,,0,0
1043471,Augusto Dabó,2026-04-24T16:30:00+00:00,2025,BU1,1,False,4866428,31,6764,away,9599,2,1,in squad,27,,False,0,0,0,0,0,0,0,,,,0,0
1043471,Augusto Dabó,2026-04-13T16:00:00+00:00,2025,BU1,1,False,4718172,30,6764,home,2259,0,0,in squad,27,,False,0,0,0,0,0,0,0,,,,0,0
1043471,Augusto Dabó,2026-04-09T12:30:00+00:00,2025,BU1,1,False,4718201,29,6764,away,730,1,2,in squad,27,,False,0,0,0,0,0,0,0,,,,0,0
1043471,Augusto Dabó,2026-04-04T16:30:00+00:00,2025,BU1,1,False,4718146,28,6764,home,208,0,3,in squad,27,,False,0,0,0,0,0,0,0,,,,0,0
908929,Facundo Costantini,2026-05-22T15:00:00+00:00,2025,BU1,1,False,4866451,37,6764,away,26462,0,3,played,4,3,True,90,0,0,0,0,0,0,52,,,0,0
908929,Facundo Costantini,2026-05-18T16:30:00+00:00,2025,BU1,1,False,4866447,36,6764,home,40416,0,1,played,4,3,True,90,0,0,0,0,0,0,,,,0,0
908929,Facundo Costantini,2026-05-14T17:15:00+00:00,2025,BU1,1,False,4866444,35,6764,away,730,1,1,played,4,6,True,90,0,0,0,0,0,0,27,,,0,0
908929,Facundo Costantini,2026-05-10T16:15:00+00:00,2025,BU1,1,False,4866440,34,6764,away,4362,1,0,played,4,3,True,90,0,0,0,0,0,0,,,,0,0
908929,Facundo Costantini,2026-05-05T14:30:00+00:00,2025,BU1,1,False,4866435,33,6764,home,24078,2,2,played,4,3,True,90,0,0,0,0,0,0,,,,0,0
908929,Facundo Costantini,2026-05-02T11:00:00+00:00,2025,BU1,1,False,4866431,32,6764,home,675,3,0,played,4,3,True,90,1,0,0,0,0,0,,,,0,0
908929,Facundo Costantini,2026-04-24T16:30:00+00:00,2025,BU1,1,False,4866428,31,6764,away,9599,2,1,played,4,3,True,90,0,0,0,0,0,0,,,,0,0
908929,Facundo Costantini,2026-04-13T16:00:00+00:00,2025,BU1,1,False,4718172,30,6764,home,2259,0,0,played,4,3,True,90,0,0,0,0,0,0,49,,,0,0
908929,Facundo Costantini,2026-04-09T12:30:00+00:00,2025,BU1,1,False,4718201,29,6764,away,730,1,2,played,4,3,True,90,0,0,0,0,0,0,,,,0,0
908929,Facundo Costantini,2026-04-04T16:30:00+00:00,2025,BU1,1,False,4718146,28,6764,home,208,0,3,played,4,3,True,90,0,0,0,0,0,0,,,,0,0
632505,David Valverde,2026-07-26T16:00:00+00:00,2026,BU1,1,False,4909869,2,9599,away,967,3,0,played,76,0,False,17,0,1,0,0,0,0,,73,,0,0
632505,David Valverde,2026-07-17T16:00:00+00:00,2026,BU1,1,False,4909854,1,9599,home,61955,2,2,played,76,0,False,20,0,0,0,0,0,0,,70,,0,0
632505,David Valverde,2026-05-22T15:00:00+00:00,2025,BU1,1,False,4866451,37,6764,away,26462,0,3,played,12,8,False,82,0,0,0,0,0,0,,,82,0,0
632505,David Valverde,2026-05-18T16:30:00+00:00,2025,BU1,1,False,4866447,36,6764,home,40416,0,1,played,12,8,False,90,0,0,0,0,0,0,,,,0,0
632505,David Valverde,2026-05-14T17:15:00+00:00,2025,BU1,1,False,4866444,35,6764,away,730,1,1,played,12,8,False,90,0,0,0,0,0,0,,,,0,0
632505,David Valverde,2026-05-10T16:15:00+00:00,2025,BU1,1,False,4866440,34,6764,away,4362,1,0,played,12,5,False,90,0,0,0,0,0,0,,,,0,0
632505,David Valverde,2026-05-05T14:30:00+00:00,2025,BU1,1,False,4866435,33,6764,home,24078,2,2,played,12,8,False,90,0,0,0,0,0,0,,,,0,0
632505,David Valverde,2026-05-02T11:00:00+00:00,2025,BU1,1,False,4866431,32,6764,home,675,3,0,played,12,8,False,90,0,0,0,0,0,0,,,,0,0
632505,David Valverde,2026-04-24T16:30:00+00:00,2025,BU1,1,False,4866428,31,6764,away,9599,2,1,played,12,8,False,90,0,0,0,0,0,0,,,,0,0
632505,David Valverde,2026-04-13T16:00:00+00:00,2025,BU1,1,False,4718172,30,6764,home,2259,0,0,played,12,8,False,90,0,0,0,0,0,0,,,,0,0
1121945,Martin Georgiev,2026-05-23T15:00:00+00:00,2025,BU2,2,False,4718044,34,521,away,109262,0,3,played,25,0,False,73,0,0,0,0,0,0,,,73,0,0
1121945,Martin Georgiev,2026-05-15T15:00:00+00:00,2025,BU2,2,False,4718033,33,521,home,1851,4,1,played,25,0,False,77,0,0,0,0,0,0,,,77,0,0
1121945,Martin Georgiev,2026-05-11T15:00:00+00:00,2025,BU2,2,False,4718027,32,521,away,19784,0,2,played,25,0,False,65,0,0,0,0,0,0,,,65,0,0
1121945,Martin Georgiev,2026-05-02T15:00:00+00:00,2025,BU2,2,False,4718014,31,521,home,5284,0,0,played,25,0,False,59,0,0,0,0,0,0,27,,59,0,0
1121945,Martin Georgiev,2026-04-25T14:00:00+00:00,2025,BU2,2,False,4718010,30,521,away,712,2,3,played,25,0,False,19,0,0,0,0,0,0,,71,,0,0
1121945,Martin Georgiev,2026-04-16T15:00:00+00:00,2025,BU2,2,False,4717995,29,521,home,26563,2,2,played,25,0,False,23,0,0,0,0,0,0,,67,,0,0
1121945,Martin Georgiev,2026-04-09T14:00:00+00:00,2025,BU2,2,False,4717993,28,521,away,4494,0,2,played,25,0,False,90,0,0,0,0,0,0,,,,0,0
1121945,Martin Georgiev,2026-04-04T14:00:00+00:00,2025,BU2,2,False,4717976,27,521,home,40678,0,0,played,25,0,False,45,0,0,0,0,0,0,,46,,0,0
1121945,Martin Georgiev,2026-03-29T15:30:00+00:00,2025,BU2,2,False,4717975,26,521,home,2190,1,0,in squad,25,,False,0,0,0,0,0,0,0,,,,0,0
1121945,Martin Georgiev,2026-03-21T13:30:00+00:00,2025,BU2,2,False,4717959,25,521,away,19780,0,0,in squad,25,,False,0,0,0,0,0,0,0,,,,0,0
1036695,Ivaylo Mitev,2026-07-24T15:45:00+00:00,2026,BU2,2,False,4909823,1,6764,home,26563,2,1,not in squad,,,False,0,0,0,0,0,0,0,,,,0,0
1036695,Ivaylo Mitev,2026-05-22T15:00:00+00:00,2025,BU1,1,False,4866451,37,6764,away,26462,0,3,in squad,6,,False,0,0,0,0,0,0,0,,,,0,0
1036695,Ivaylo Mitev,2026-05-18T16:30:00+00:00,2025,BU1,1,False,4866447,36,6764,home,40416,0,1,in squad,6,,False,0,0,0,0,0,0,0,,,,0,0
1036695,Ivaylo Mitev,2026-05-14T17:15:00+00:00,2025,BU1,1,False,4866444,35,6764,away,730,1,1,not in squad,,,False,0,0,0,0,0,0,0,,,,0,0
1036695,Ivaylo Mitev,2026-05-10T16:15:00+00:00,2025,BU1,1,False,4866440,34,6764,away,4362,1,0,not in squad,,,False,0,0,0,0,0,0,0,,,,0,0
1036695,Ivaylo Mitev,2026-05-05T14:30:00+00:00,2025,BU1,1,False,4866435,33,6764,home,24078,2,2,not in squad,,,False,0,0,0,0,0,0,0,,,,0,0
1036695,Ivaylo Mitev,2026-05-02T11:00:00+00:00,2025,BU1,1,False,4866431,32,6764,home,675,3,0,in squad,6,,False,0,0,0,0,0,0,0,,,,0,0
1036695,Ivaylo Mitev,2026-04-24T16:30:00+00:00,2025,BU1,1,False,4866428,31,6764,away,9599,2,1,in squad,6,,False,0,0,0,0,0,0,0,,,,0,0
1036695,Ivaylo Mitev,2026-04-13T16:00:00+00:00,2025,BU1,1,False,4718172,30,6764,home,2259,0,0,not in squad,,,False,0,0,0,0,0,0,0,,,,0,0
1036695,Ivaylo Mitev,2026-04-09T12:30:00+00:00,2025,BU1,1,False,4718201,29,6764,away,730,1,2,not in squad,,,False,0,0,0,0,0,0,0,,,,0,0
1254223,Stanislav Yovkov,2026-07-27T16:00:00+00:00,2026,BU1,1,False,4909870,2,19780,home,31614,0,2,not in squad,,,False,0,0,0,0,0,0,0,,,,0,0
1254223,Stanislav Yovkov,2026-07-17T18:15:00+00:00,2026,BU1,1,False,4909855,1,19780,away,156,1,2,in squad,6,,False,0,0,0,0,0,0,0,,,,0,0
1254223,Stanislav Yovkov,2026-05-22T15:00:00+00:00,2025,BU1,1,False,4866451,37,6764,away,26462,0,3,not in squad,,,False,0,0,0,0,0,0,0,,,,0,0
1254223,Stanislav Yovkov,2026-05-18T16:30:00+00:00,2025,BU1,1,False,4866447,36,6764,home,40416,0,1,not in squad,,,False,0,0,0,0,0,0,0,,,,0,0
1254223,Stanislav Yovkov,2026-05-14T17:15:00+00:00,2025,BU1,1,False,4866444,35,6764,away,730,1,1,played,16,3,False,35,0,0,0,0,0,0,,,35,0,0
1254223,Stanislav Yovkov,2026-05-10T16:15:00+00:00,2025,BU1,1,False,4866440,34,6764,away,4362,1,0,played,16,4,False,57,0,0,0,0,0,0,,,57,0,0
1254223,Stanislav Yovkov,2026-05-05T14:30:00+00:00,2025,BU1,1,False,4866435,33,6764,home,24078,2,2,played,16,3,False,90,0,0,0,0,0,0,59,,,0,0
1254223,Stanislav Yovkov,2026-05-02T11:00:00+00:00,2025,BU1,1,False,4866431,32,6764,home,675,3,0,played,16,3,False,90,0,0,0,0,0,0,,,,0,0
1254223,Stanislav Yovkov,2026-04-24T16:30:00+00:00,2025,BU1,1,False,4866428,31,6764,away,9599,2,1,played,16,3,False,45,0,0,0,0,0,0,,,46,0,0
1254223,Stanislav Yovkov,2026-04-13T16:00:00+00:00,2025,BU1,1,False,4718172,30,6764,home,2259,0,0,played,16,3,False,90,0,0,0,0,0,0,,,,0,0
452977,Santiago Brunelli,2026-05-22T15:00:00+00:00,2025,BU1,1,False,4866451,37,6764,away,26462,0,3,played,30,3,False,82,0,0,0,0,0,0,,,82,0,0
452977,Santiago Brunelli,2026-05-18T16:30:00+00:00,2025,BU1,1,False,4866447,36,6764,home,40416,0,1,played,30,3,False,79,0,0,0,0,0,0,,,79,0,0
452977,Santiago Brunelli,2026-05-14T17:15:00+00:00,2025,BU1,1,False,4866444,35,6764,away,730,1,1,played,30,3,False,90,0,0,0,0,0,0,,,,0,0
452977,Santiago Brunelli,2026-05-10T16:15:00+00:00,2025,BU1,1,False,4866440,34,6764,away,4362,1,0,played,30,3,False,90,0,0,0,0,0,0,,,,0,0
452977,Santiago Brunelli,2026-05-05T14:30:00+00:00,2025,BU1,1,False,4866435,33,6764,home,24078,2,2,played,30,3,False,23,0,0,0,0,0,0,,67,,0,0
452977,Santiago Brunelli,2026-05-02T11:00:00+00:00,2025,BU1,1,False,4866431,32,6764,home,675,3,0,played,30,0,False,21,0,0,0,0,0,0,,69,,0,0
452977,Santiago Brunelli,2026-04-24T16:30:00+00:00,2025,BU1,1,False,4866428,31,6764,away,9599,2,1,not in squad,,,False,0,0,0,0,0,0,0,,,,0,0
452977,Santiago Brunelli,2026-04-13T16:00:00+00:00,2025,BU1,1,False,4718172,30,6764,home,2259,0,0,not in squad,,,False,0,0,0,0,0,0,0,,,,0,0
452977,Santiago Brunelli,2026-04-09T12:30:00+00:00,2025,BU1,1,False,4718201,29,6764,away,730,1,2,played,30,3,False,87,0,0,0,0,0,0,,,87,0,0
452977,Santiago Brunelli,2026-04-04T16:30:00+00:00,2025,BU1,1,False,4718146,28,6764,home,208,0,3,absent,,,False,0,0,0,0,0,0,0,,,,0,2
1438651,Vicente Longinotti,2025-12-19T15:30:00+00:00,2025,BU1,1,False,4648267,6,6764,home,31614,0,4,in squad,2,,False,0,0,0,0,0,0,0,,,,0,0
1438651,Vicente Longinotti,2025-12-07T12:30:00+00:00,2025,BU1,1,False,4718117,19,6764,home,40416,0,0,not in squad,,,False,0,0,0,0,0,0,0,,,,0,0
1438651,Vicente Longinotti,2025-12-03T13:30:00+00:00,2025,BU1,1,False,4718159,18,6764,home,967,1,2,in squad,2,,False,0,0,0,0,0,0,0,,,,0,0
1438651,Vicente Longinotti,2025-11-29T10:30:00+00:00,2025,BU1,1,False,4718177,17,6764,away,61955,1,2,in squad,2,,False,0,0,0,0,0,0,0,,,,0,0
1438651,Vicente Longinotti,2025-11-21T15:45:00+00:00,2025,BU1,1,False,4718162,16,6764,home,9599,0,0,in squad,2,,False,0,0,0,0,0,0,0,,,,0,0
1438651,Vicente Longinotti,2025-11-08T16:00:00+00:00,2025,BU1,1,False,4718076,15,6764,away,2259,0,1,in squad,2,,False,0,0,0,0,0,0,0,,,,0,0
1438651,Vicente Longinotti,2025-11-03T14:00:00+00:00,2025,BU1,1,False,4718065,14,6764,home,730,1,3,not in squad,,,False,0,0,0,0,0,0,0,,,,0,0
1438651,Vicente Longinotti,2025-10-29T11:30:00+00:00,2025,BULP,8,False,4748182,1,6764,away,36677,3,4,played,2,0,False,120,0,0,0,0,0,0,,,,0,0
1438651,Vicente Longinotti,2025-10-26T15:15:00+00:00,2025,BU1,1,False,4718098,13,6764,away,208,1,5,in squad,2,,False,0,0,0,0,0,0,0,,,,0,0
1438651,Vicente Longinotti,2025-10-20T17:00:00+00:00,2025,BU1,1,False,4718105,12,6764,home,24078,1,1,in squad,2,,False,0,0,0,0,0,0,0,,,,0,0
1429004,Daniel Ganev,2026-07-24T15:45:00+00:00,2026,BU2,2,False,4909823,1,6764,home,26563,2,1,not in squad,,,False,0,0,0,0,0,0,0,,,,0,0
1429004,Daniel Ganev,2025-07-21T18:15:00+00:00,2025,BU1,1,False,4648229,1,6764,away,9599,0,0,in squad,26,,False,0,0,0,0,0,0,0,,,,0,0
537764,Carlos Algarra,2026-07-27T18:15:00+00:00,2026,BU1,1,False,4909868,2,2531,away,208,2,3,not in squad,,,False,0,0,0,0,0,0,0,,,,0,0
537764,Carlos Algarra,2026-07-21T18:30:00+00:00,2026,BU1,1,False,4909852,1,2531,home,730,1,1,played,14,6,False,78,0,0,0,0,0,0,,,78,0,0
537764,Carlos Algarra,2026-05-25T14:45:00+00:00,2025,BU1,1,False,4866426,36,2531,away,2259,1,2,played,14,7,False,90,0,0,0,0,0,0,,,,0,0
537764,Carlos Algarra,2026-05-16T16:00:00+00:00,2025,BU1,1,False,4866422,35,2531,home,967,5,0,absent,,,False,0,0,0,0,0,0,0,,,,0,1
537764,Carlos Algarra,2026-05-12T17:15:00+00:00,2025,BU1,1,False,4866417,34,2531,home,40604,1,2,played,14,7,False,90,0,0,0,0,0,0,54,,,0,0
537764,Carlos Algarra,2026-05-09T13:15:00+00:00,2025,BU1,1,False,4866403,33,2531,away,967,0,2,played,14,7,False,90,0,0,0,0,0,0,,,,0,0
537764,Carlos Algarra,2026-05-03T13:15:00+00:00,2025,BU1,1,False,4866385,32,2531,home,2259,0,2,played,14,7,False,90,0,0,0,0,0,0,,,,0,0
537764,Carlos Algarra,2026-04-26T16:00:00+00:00,2025,BU1,1,False,4866375,31,2531,away,40604,2,0,played,14,7,False,90,0,0,0,0,0,0,13,,,0,0
537764,Carlos Algarra,2026-04-14T17:30:00+00:00,2025,BU1,1,False,4718168,30,2531,away,4362,3,0,played,14,0,False,25,0,0,0,0,0,0,,65,,0,0
537764,Carlos Algarra,2026-04-08T17:30:00+00:00,2025,BU1,1,False,4718206,29,2531,home,2259,1,1,played,14,0,False,25,0,0,0,0,0,0,,65,,0,0
465844,Stefan Gavrilov,2026-07-27T16:00:00+00:00,2026,BU1,1,False,4909870,2,19780,home,31614,0,2,not in squad,,,False,0,0,0,0,0,0,0,,,,0,0
465844,Stefan Gavrilov,2026-07-17T18:15:00+00:00,2026,BU1,1,False,4909855,1,19780,away,156,1,2,played,24,6,False,74,0,0,0,0,0,0,,,74,0,0
465844,Stefan Gavrilov,2026-05-22T15:00:00+00:00,2025,BU1,1,False,4866451,37,6764,away,26462,0,3,played,24,6,False,45,0,0,0,0,0,0,,,46,0,0
465844,Stefan Gavrilov,2026-05-18T16:30:00+00:00,2025,BU1,1,False,4866447,36,6764,home,40416,0,1,played,24,6,False,67,0,0,0,0,0,0,,,67,0,0
465844,Stefan Gavrilov,2026-05-14T17:15:00+00:00,2025,BU1,1,False,4866444,35,6764,away,730,1,1,played,24,0,False,17,0,0,0,0,0,0,,73,,0,0
465844,Stefan Gavrilov,2026-05-10T16:15:00+00:00,2025,BU1,1,False,4866440,34,6764,away,4362,1,0,played,24,6,False,71,0,0,0,0,0,0,,,71,0,0
465844,Stefan Gavrilov,2026-05-05T14:30:00+00:00,2025,BU1,1,False,4866435,33,6764,home,24078,2,2,played,24,0,False,45,0,0,0,0,0,0,,46,,0,0
465844,Stefan Gavrilov,2026-05-02T11:00:00+00:00,2025,BU1,1,False,4866431,32,6764,home,675,3,0,played,24,6,False,69,0,0,0,0,0,0,,,69,0,0
465844,Stefan Gavrilov,2026-04-24T16:30:00+00:00,2025,BU1,1,False,4866428,31,6764,away,9599,2,1,played,24,6,False,65,0,0,0,0,0,0,,,65,0,0
465844,Stefan Gavrilov,2026-04-13T16:00:00+00:00,2025,BU1,1,False,4718172,30,6764,home,2259,0,0,played,24,6,False,73,0,0,0,0,0,0,,,73,0,0
695506,Francisco Varela,2026-05-22T15:00:00+00:00,2025,BU1,1,False,4866451,37,6764,away,26462,0,3,in squad,32,,False,0,0,0,0,0,0,0,,,,0,0
695506,Francisco Varela,2026-05-18T16:30:00+00:00,2025,BU1,1,False,4866447,36,6764,home,40416,0,1,played,32,10,False,45,0,0,0,0,0,0,30,,46,0,0
695506,Francisco Varela,2026-05-14T17:15:00+00:00,2025,BU1,1,False,4866444,35,6764,away,730,1,1,played,32,0,False,55,0,0,0,0,0,0,,35,,0,0
695506,Francisco Varela,2026-05-10T16:15:00+00:00,2025,BU1,1,False,4866440,34,6764,away,4362,1,0,played,32,0,False,19,0,0,0,0,0,0,,71,,0,0
695506,Francisco Varela,2026-05-05T14:30:00+00:00,2025,BU1,1,False,4866435,33,6764,home,24078,2,2,played,32,6,False,67,0,0,0,0,0,0,55,,67,0,0
695506,Francisco Varela,2026-05-02T11:00:00+00:00,2025,BU1,1,False,4866431,32,6764,home,675,3,0,absent,,,False,0,0,0,0,0,0,0,,,,0,1
695506,Francisco Varela,2026-04-24T16:30:00+00:00,2025,BU1,1,False,4866428,31,6764,away,9599,2,1,played,32,10,False,80,0,0,0,0,0,0,27,,80,0,0
695506,Francisco Varela,2026-04-13T16:00:00+00:00,2025,BU1,1,False,4718172,30,6764,home,2259,0,0,played,32,10,False,90,0,0,0,0,0,0,,,,0,0
695506,Francisco Varela,2026-04-09T12:30:00+00:00,2025,BU1,1,False,4718201,29,6764,away,730,1,2,played,32,6,False,90,0,0,0,0,0,0,90,,,0,0
695506,Francisco Varela,2026-04-04T16:30:00+00:00,2025,BU1,1,False,4718146,28,6764,home,208,0,3,played,32,7,False,90,0,0,0,0,0,0,50,,,0,0
458171,Marco Borgnino,2026-05-22T15:00:00+00:00,2025,BU1,1,False,4866451,37,6764,away,26462,0,3,played,8,6,False,90,0,0,0,0,0,0,90,,,0,0
458171,Marco Borgnino,2026-05-18T16:30:00+00:00,2025,BU1,1,False,4866447,36,6764,home,40416,0,1,played,8,10,False,90,0,0,0,0,0,0,57,,,0,0
458171,Marco Borgnino,2026-05-14T17:15:00+00:00,2025,BU1,1,False,4866444,35,6764,away,730,1,1,played,8,10,False,85,0,0,0,0,0,0,,,85,0,0
458171,Marco Borgnino,2026-05-10T16:15:00+00:00,2025,BU1,1,False,4866440,34,6764,away,4362,1,0,played,8,10,False,82,0,1,0,0,0,0,15,,82,0,0
458171,Marco Borgnino,2026-05-05T14:30:00+00:00,2025,BU1,1,False,4866435,33,6764,home,24078,2,2,played,8,10,False,87,0,0,0,0,0,0,75,,87,0,0
458171,Marco Borgnino,2026-05-02T11:00:00+00:00,2025,BU1,1,False,4866431,32,6764,home,675,3,0,played,8,10,False,87,0,0,0,0,0,0,82,,87,0,0
458171,Marco Borgnino,2026-04-24T16:30:00+00:00,2025,BU1,1,False,4866428,31,6764,away,9599,2,1,played,8,10,False,90,0,0,0,0,0,0,,,90,0,0
458171,Marco Borgnino,2026-04-13T16:00:00+00:00,2025,BU1,1,False,4718172,30,6764,home,2259,0,0,played,8,10,False,90,0,0,0,0,0,0,,,,0,0
458171,Marco Borgnino,2026-04-09T12:30:00+00:00,2025,BU1,1,False,4718201,29,6764,away,730,1,2,played,8,10,False,90,0,0,0,0,0,0,,,90,0,0
458171,Marco Borgnino,2026-04-04T16:30:00+00:00,2025,BU1,1,False,4718146,28,6764,home,208,0,3,played,8,7,False,87,0,0,0,0,0,0,,,87,0,0
536827,Álex Masogo,2026-03-25T14:00:00+00:00,2025,FS,11,True,4843264,1,13485,away,3956,1,0,played,6,7,False,90,0,0,0,0,0,0,,,,0,0
536827,Álex Masogo,2025-12-31T16:00:00+00:00,2024,AFCN,11,True,4680827,3,13485,away,3614,1,3,in squad,28,,False,0,0,0,0,0,0,0,,,,0,0
536827,Álex Masogo,2025-12-28T15:00:00+00:00,2024,AFCN,11,True,4680826,2,13485,away,13313,0,1,in squad,28,,False,0,0,0,0,0,0,0,,,,0,0
536827,Álex Masogo,2025-12-24T12:30:00+00:00,2024,AFCN,11,True,4680824,1,13485,away,5872,1,2,in squad,28,,False,0,0,0,0,0,0,0,,,,0,0
536827,Álex Masogo,2025-12-19T15:30:00+00:00,2025,BU1,1,False,4648267,6,6764,home,31614,0,4,not in squad,,,False,0,0,0,0,0,0,0,,,,0,0
536827,Álex Masogo,2025-12-07T12:30:00+00:00,2025,BU1,1,False,4718117,19,6764,home,40416,0,0,played,8,6,False,45,0,0,0,0,0,0,,,46,0,0
536827,Álex Masogo,2025-12-03T13:30:00+00:00,2025,BU1,1,False,4718159,18,6764,home,967,1,2,played,8,6,False,87,0,0,0,0,0,0,24,,87,0,0
536827,Álex Masogo,2025-11-29T10:30:00+00:00,2025,BU1,1,False,4718177,17,6764,away,61955,1,2,played,8,0,False,12,0,0,0,0,0,0,,78,,0,0
536827,Álex Masogo,2025-11-21T15:45:00+00:00,2025,BU1,1,False,4718162,16,6764,home,9599,0,0,played,8,0,False,4,0,0,0,0,0,0,,86,,0,0
536827,Álex Masogo,2025-11-17T14:00:00+00:00,2025,FS,11,True,4769368,11,13485,away,14635,0,2,not in squad,,,False,0,0,0,0,0,0,0,,,,0,0
938153,Wesley Dual,2026-07-24T15:45:00+00:00,2026,BU2,2,False,4909823,1,6764,home,26563,2,1,not in squad,,,False,0,0,0,0,0,0,0,,,,0,0
938153,Wesley Dual,2026-05-22T15:00:00+00:00,2025,BU1,1,False,4866451,37,6764,away,26462,0,3,played,17,0,False,25,0,0,0,0,0,0,,65,,0,0
938153,Wesley Dual,2026-05-18T16:30:00+00:00,2025,BU1,1,False,4866447,36,6764,home,40416,0,1,played,17,0,False,23,0,0,0,0,0,0,,67,,0,0
938153,Wesley Dual,2026-05-14T17:15:00+00:00,2025,BU1,1,False,4866444,35,6764,away,730,1,1,in squad,17,,False,0,0,0,0,0,0,0,,,,0,0
938153,Wesley Dual,2026-05-10T16:15:00+00:00,2025,BU1,1,False,4866440,34,6764,away,4362,1,0,in squad,17,,False,0,0,0,0,0,0,0,,,,0,0
938153,Wesley Dual,2026-05-05T14:30:00+00:00,2025,BU1,1,False,4866435,33,6764,home,24078,2,2,played,17,0,False,3,0,0,0,0,0,0,,87,,0,0
938153,Wesley Dual,2026-05-02T11:00:00+00:00,2025,BU1,1,False,4866431,32,6764,home,675,3,0,played,17,0,False,3,0,0,0,0,0,0,,87,,0,0
938153,Wesley Dual,2026-04-24T16:30:00+00:00,2025,BU1,1,False,4866428,31,6764,away,9599,2,1,played,17,0,False,1,0,0,0,0,0,0,,90,,0,0
938153,Wesley Dual,2026-04-13T16:00:00+00:00,2025,BU1,1,False,4718172,30,6764,home,2259,0,0,played,17,0,False,23,0,0,0,0,0,0,,67,,0,0
938153,Wesley Dual,2026-04-09T12:30:00+00:00,2025,BU1,1,False,4718201,29,6764,away,730,1,2,played,17,0,False,1,0,0,0,0,0,0,,90,,0,0
468314,Caio Lopes,2026-07-24T15:45:00+00:00,2026,BU2,2,False,4909823,1,6764,home,26563,2,1,not in squad,,,False,0,0,0,0,0,0,0,,,,0,0
468314,Caio Lopes,2026-05-22T15:00:00+00:00,2025,BU1,1,False,4866451,37,6764,away,26462,0,3,not in squad,,,False,0,0,0,0,0,0,0,,,,0,0
468314,Caio Lopes,2026-05-18T16:30:00+00:00,2025,BU1,1,False,4866447,36,6764,home,40416,0,1,not in squad,,,False,0,0,0,0,0,0,0,,,,0,0
468314,Caio Lopes,2026-05-14T17:15:00+00:00,2025,BU1,1,False,4866444,35,6764,away,730,1,1,in squad,5,,False,0,0,0,0,0,0,0,,,,0,0
468314,Caio Lopes,2026-05-10T16:15:00+00:00,2025,BU1,1,False,4866440,34,6764,away,4362,1,0,played,5,0,False,8,0,0,0,0,0,0,90,82,,0,0
468314,Caio Lopes,2026-05-05T14:30:00+00:00,2025,BU1,1,False,4866435,33,6764,home,24078,2,2,played,5,10,False,45,0,0,0,0,0,0,,,46,0,0
468314,Caio Lopes,2026-05-02T11:00:00+00:00,2025,BU1,1,False,4866431,32,6764,home,675,3,0,played,5,14,False,69,0,0,0,0,0,0,,,69,0,0
468314,Caio Lopes,2026-04-24T16:30:00+00:00,2025,BU1,1,False,4866428,31,6764,away,9599,2,1,played,5,0,False,25,0,0,0,0,0,0,,65,,0,0
468314,Caio Lopes,2026-04-13T16:00:00+00:00,2025,BU1,1,False,4718172,30,6764,home,2259,0,0,in squad,5,,False,0,0,0,0,0,0,0,,,,0,0
468314,Caio Lopes,2026-04-09T12:30:00+00:00,2025,BU1,1,False,4718201,29,6764,away,730,1,2,not in squad,,,False,0,0,0,0,0,0,0,,,,0,0
1196125,Stilyan Rusenov,2026-07-24T15:45:00+00:00,2026,BU2,2,False,4909823,1,6764,home,26563,2,1,not in squad,,,False,0,0,0,0,0,0,0,,,,0,0
1196125,Stilyan Rusenov,2026-05-22T15:00:00+00:00,2025,BU1,1,False,4866451,37,6764,away,26462,0,3,in squad,18,,False,0,0,0,0,0,0,0,,,,0,0
1196125,Stilyan Rusenov,2026-05-18T16:30:00+00:00,2025,BU1,1,False,4866447,36,6764,home,40416,0,1,in squad,18,,False,0,0,0,0,0,0,0,,,,0,0
1196125,Stilyan Rusenov,2026-05-14T17:15:00+00:00,2025,BU1,1,False,4866444,35,6764,away,730,1,1,in squad,18,,False,0,0,0,0,0,0,0,,,,0,0
1196125,Stilyan Rusenov,2026-05-10T16:15:00+00:00,2025,BU1,1,False,4866440,34,6764,away,4362,1,0,in squad,18,,False,0,0,0,0,0,0,0,,,,0,0
1196125,Stilyan Rusenov,2026-05-05T14:30:00+00:00,2025,BU1,1,False,4866435,33,6764,home,24078,2,2,in squad,18,,False,0,0,0,0,0,0,0,,,,0,0
1196125,Stilyan Rusenov,2026-05-02T11:00:00+00:00,2025,BU1,1,False,4866431,32,6764,home,675,3,0,played,18,0,False,3,0,0,0,0,0,0,,87,,0,0
1196125,Stilyan Rusenov,2026-04-24T16:30:00+00:00,2025,BU1,1,False,4866428,31,6764,away,9599,2,1,in squad,18,,False,0,0,0,0,0,0,0,,,,0,0
1196125,Stilyan Rusenov,2026-04-13T16:00:00+00:00,2025,BU1,1,False,4718172,30,6764,home,2259,0,0,in squad,18,,False,0,0,0,0,0,0,0,,,,0,0
1196125,Stilyan Rusenov,2026-04-09T12:30:00+00:00,2025,BU1,1,False,4718201,29,6764,away,730,1,2,in squad,18,,False,0,0,0,0,0,0,0,,,,0,0
818088,Leandro Godoy,2026-07-27T18:15:00+00:00,2026,BU1,1,False,4909868,2,208,home,2531,3,2,not in squad,,,False,0,0,0,0,0,0,0,,,,0,0
818088,Leandro Godoy,2026-07-23T16:00:00+00:00,2026,ELQ,10,False,4897945,3,208,away,10625,0,0,played,9,14,False,73,0,0,0,0,0,0,35,,73,0,0
818088,Leandro Godoy,2026-07-20T16:15:00+00:00,2026,BU1,1,False,4909858,1,208,away,675,0,0,played,9,0,False,14,0,0,0,0,0,0,,76,,0,0
818088,Leandro Godoy,2026-07-16T17:30:00+00:00,2026,ELQ,10,False,4897222,2,208,away,920,2,1,played,9,14,False,72,0,0,0,0,0,0,,,72,0,0
818088,Leandro Godoy,2026-07-09T18:00:00+00:00,2026,ELQ,10,False,4897216,1,208,home,920,3,2,played,9,14,False,72,0,1,0,0,0,0,,,72,0,0
818088,Leandro Godoy,2026-05-25T17:30:00+00:00,2025,BU1,1,False,4866424,36,208,away,31614,0,1,played,9,14,False,90,0,0,0,0,0,0,,,,0,0
818088,Leandro Godoy,2026-05-20T16:00:00+00:00,2025,BULP,8,False,4882692,5,208,neutral,2259,5,4,played,9,14,False,120,1,0,0,0,0,0,,,,0,0
818088,Leandro Godoy,2026-05-16T13:00:00+00:00,2025,BU1,1,False,4866420,35,208,away,156,0,2,played,9,14,False,90,0,0,0,0,0,0,,,,0,0
818088,Leandro Godoy,2026-05-13T14:45:00+00:00,2025,BU1,1,False,4866415,34,208,home,61955,1,1,absent,,,False,0,0,0,0,0,0,0,,,,0,1
818088,Leandro Godoy,2026-05-08T17:00:00+00:00,2025,BU1,1,False,4866401,33,208,away,61955,1,0,played,9,14,False,84,0,0,0,0,0,0,81,,84,0,0
818088,Leandro Godoy,2026-05-03T16:00:00+00:00,2025,BU1,1,False,4866382,32,208,home,31614,1,0,in squad,9,,False,0,0,0,0,0,0,0,,,,0,0
818088,Leandro Godoy,2026-04-29T16:00:00+00:00,2025,BULP,8,False,4827500,4,208,home,31614,0,0,played,9,14,False,90,0,0,0,0,0,0,,,,0,0
461625,Alberto Salido,2026-07-27T16:00:00+00:00,2026,BU1,1,False,4909870,2,31614,away,19780,2,0,not in squad,,,False,0,0,0,0,0,0,0,,,,0,0
461625,Alberto Salido,2026-07-23T18:30:00+00:00,2026,ECLQ,10,False,4897987,3,31614,neutral,1017,0,2,played,7,12,False,63,0,0,0,0,0,0,,,63,0,0
461625,Alberto Salido,2026-07-18T18:15:00+00:00,2026,BU1,1,False,4909856,1,31614,home,2259,1,0,played,7,12,False,79,0,0,0,0,0,0,,,79,0,0
461625,Alberto Salido,2026-05-29T16:00:00+00:00,2025,BUEL,12,False,4890402,1,31614,home,2259,3,1,played,7,0,False,22,0,0,0,0,0,0,,98,,0,0
461625,Alberto Salido,2026-05-25T17:30:00+00:00,2025,BU1,1,False,4866424,36,31614,home,208,1,0,in squad,7,,False,0,0,0,0,0,0,0,,,,0,0
461625,Alberto Salido,2026-05-16T13:00:00+00:00,2025,BU1,1,False,4866419,35,31614,away,61955,0,1,played,7,0,False,3,0,0,0,0,0,0,,87,,0,0
461625,Alberto Salido,2026-05-13T17:15:00+00:00,2025,BU1,1,False,4866416,34,31614,home,156,1,1,played,7,0,False,24,0,0,0,0,0,0,,66,,0,0
461625,Alberto Salido,2026-05-09T15:45:00+00:00,2025,BU1,1,False,4866402,33,31614,away,156,1,0,played,7,0,False,27,0,0,0,0,0,0,,63,,0,0
461625,Alberto Salido,2026-05-03T16:00:00+00:00,2025,BU1,1,False,4866382,32,31614,away,208,0,1,played,7,0,False,20,0,0,0,0,0,0,,70,,0,0
461625,Alberto Salido,2026-04-29T16:00:00+00:00,2025,BULP,8,False,4827500,4,31614,away,208,0,0,in squad,7,,False,0,0,0,0,0,0,0,,,,0,0
881542,Nene,2026-05-22T15:00:00+00:00,2025,BU1,1,False,4866451,37,6764,away,26462,0,3,not in squad,,,False,0,0,0,0,0,0,0,,,,0,0
881542,Nene,2026-05-18T16:30:00+00:00,2025,BU1,1,False,4866447,36,6764,home,40416,0,1,not in squad,,,False,0,0,0,0,0,0,0,,,,0,0
881542,Nene,2026-05-14T17:15:00+00:00,2025,BU1,1,False,4866444,35,6764,away,730,1,1,not in squad,,,False,0,0,0,0,0,0,0,,,,0,0
881542,Nene,2026-05-10T16:15:00+00:00,2025,BU1,1,False,4866440,34,6764,away,4362,1,0,not in squad,,,False,0,0,0,0,0,0,0,,,,0,0
881542,Nene,2026-05-05T14:30:00+00:00,2025,BU1,1,False,4866435,33,6764,home,24078,2,2,not in squad,,,False,0,0,0,0,0,0,0,,,,0,0
881542,Nene,2026-05-02T11:00:00+00:00,2025,BU1,1,False,4866431,32,6764,home,675,3,0,not in squad,,,False,0,0,0,0,0,0,0,,,,0,0
881542,Nene,2026-04-24T16:30:00+00:00,2025,BU1,1,False,4866428,31,6764,away,9599,2,1,not in squad,,,False,0,0,0,0,0,0,0,,,,0,0
881542,Nene,2026-04-13T16:00:00+00:00,2025,BU1,1,False,4718172,30,6764,home,2259,0,0,not in squad,,,False,0,0,0,0,0,0,0,,,,0,0
881542,Nene,2026-04-09T12:30:00+00:00,2025,BU1,1,False,4718201,29,6764,away,730,1,2,not in squad,,,False,0,0,0,0,0,0,0,,,,0,0
881542,Nene,2026-04-04T16:30:00+00:00,2025,BU1,1,False,4718146,28,6764,home,208,0,3,not in squad,,,False,0,0,0,0,0,0,0,,,,0,0
606222,Juanca Pineda,2026-07-26T17:00:00+00:00,2026,MO1N,1,False,4946612,5,2481,home,30686,0,0,not in squad,,,False,0,0,0,0,0,0,0,,,,0,0
606222,Juanca Pineda,2026-07-23T17:00:00+00:00,2026,ELQ,10,False,4897943,3,2481,home,119,0,5,not in squad,,,False,0,0,0,0,0,0,0,,,,0,0
606222,Juanca Pineda,2026-07-19T17:00:00+00:00,2026,MO1N,1,False,4936490,4,2481,away,46643,3,2,played,77,0,False,57,0,0,0,0,0,0,,,57,0,0
606222,Juanca Pineda,2026-07-16T18:00:00+00:00,2026,ELQ,10,False,4897223,2,2481,away,11033,1,0,in squad,77,,False,0,0,0,0,0,0,0,,,,0,0
606222,Juanca Pineda,2026-07-12T17:00:00+00:00,2026,MO1N,1,False,4923341,3,2481,home,2714,4,2,not in squad,,,False,0,0,0,0,0,0,0,,,,0,0
606222,Juanca Pineda,2026-07-09T17:00:00+00:00,2026,ELQ,10,False,4897217,1,2481,home,11033,0,0,not in squad,,,False,0,0,0,0,0,0,0,,,,0,0
606222,Juanca Pineda,2026-07-04T15:00:00+00:00,2026,MO1N,1,False,4904959,2,2481,away,90107,0,0,played,77,0,False,45,0,0,0,0,0,0,,,46,0,0
606222,Juanca Pineda,2026-06-28T15:00:00+00:00,2026,MO1N,1,False,4902441,1,2481,home,128633,3,0,played,77,0,False,45,0,1,0,0,0,0,,46,,0,0
606222,Juanca Pineda,2026-06-04T01:00:00+00:00,2025,FS,11,True,4868266,52,15232,away,3577,2,4,played,16,8,False,76,0,1,0,0,0,0,,,76,0,0
606222,Juanca Pineda,2026-05-22T15:00:00+00:00,2025,BU1,1,False,4866451,37,6764,away,26462,0,3,played,7,10,False,90,0,0,0,0,0,0,63,,,0,0
606222,Juanca Pineda,2026-05-18T16:30:00+00:00,2025,BU1,1,False,4866447,36,6764,home,40416,0,1,played,7,14,False,90,0,0,0,0,0,0,,,,0,0
606222,Juanca Pineda,2026-05-14T17:15:00+00:00,2025,BU1,1,False,4866444,35,6764,away,730,1,1,played,7,14,False,90,0,1,0,0,0,0,64,,,0,0
606222,Juanca Pineda,2026-05-10T16:15:00+00:00,2025,BU1,1,False,4866440,34,6764,away,4362,1,0,played,7,9,False,90,0,0,0,0,0,0,,,,0,0
606222,Juanca Pineda,2026-05-05T14:30:00+00:00,2025,BU1,1,False,4866435,33,6764,home,24078,2,2,played,7,14,False,90,0,1,0,0,0,0,,,,0,0
606222,Juanca Pineda,2026-05-02T11:00:00+00:00,2025,BU1,1,False,4866431,32,6764,home,675,3,0,played,7,14,False,90,1,0,0,0,0,0,,,,0,0
867185,Ismael Ferrer,2026-07-24T15:45:00+00:00,2026,BU2,2,False,4909823,1,6764,home,26563,2,1,not in squad,,,False,0,0,0,0,0,0,0,,,,0,0
867185,Ismael Ferrer,2026-05-22T15:00:00+00:00,2025,BU1,1,False,4866451,37,6764,away,26462,0,3,played,11,10,False,90,0,0,0,0,0,0,,,,0,0
867185,Ismael Ferrer,2026-05-18T16:30:00+00:00,2025,BU1,1,False,4866447,36,6764,home,40416,0,1,played,11,14,False,90,0,0,0,0,0,0,,,,0,0
867185,Ismael Ferrer,2026-05-14T17:15:00+00:00,2025,BU1,1,False,4866444,35,6764,away,730,1,1,played,11,10,False,90,0,0,0,0,0,0,90,,,0,0
867185,Ismael Ferrer,2026-05-10T16:15:00+00:00,2025,BU1,1,False,4866440,34,6764,away,4362,1,0,played,11,8,False,90,0,0,0,0,0,0,,,,0,0
867185,Ismael Ferrer,2026-05-05T14:30:00+00:00,2025,BU1,1,False,4866435,33,6764,home,24078,2,2,played,11,14,False,90,1,0,0,0,0,0,,,,0,0
867185,Ismael Ferrer,2026-05-02T11:00:00+00:00,2025,BU1,1,False,4866431,32,6764,home,675,3,0,played,11,10,False,87,1,0,0,0,0,0,,,87,0,0
867185,Ismael Ferrer,2026-04-24T16:30:00+00:00,2025,BU1,1,False,4866428,31,6764,away,9599,2,1,played,11,14,False,90,1,0,0,0,0,0,,,,0,0
867185,Ismael Ferrer,2026-04-13T16:00:00+00:00,2025,BU1,1,False,4718172,30,6764,home,2259,0,0,not in squad,,,False,0,0,0,0,0,0,0,,,,0,0
867185,Ismael Ferrer,2026-04-09T12:30:00+00:00,2025,BU1,1,False,4718201,29,6764,away,730,1,2,played,11,10,False,90,0,0,0,0,0,0,85,,,0,0
696822,Emir Kuhinja,2026-05-22T15:00:00+00:00,2025,BU1,1,False,4866451,37,6764,away,26462,0,3,played,19,0,False,8,0,0,0,0,0,0,,82,,0,0
696822,Emir Kuhinja,2026-05-18T16:30:00+00:00,2025,BU1,1,False,4866447,36,6764,home,40416,0,1,not in squad,,,False,0,0,0,0,0,0,0,,,,0,0
696822,Emir Kuhinja,2026-05-14T17:15:00+00:00,2025,BU1,1,False,4866444,35,6764,away,730,1,1,not in squad,,,False,0,0,0,0,0,0,0,,,,0,0
696822,Emir Kuhinja,2026-05-10T16:15:00+00:00,2025,BU1,1,False,4866440,34,6764,away,4362,1,0,not in squad,,,False,0,0,0,0,0,0,0,,,,0,0
696822,Emir Kuhinja,2026-05-05T14:30:00+00:00,2025,BU1,1,False,4866435,33,6764,home,24078,2,2,not in squad,,,False,0,0,0,0,0,0,0,,,,0,0
696822,Emir Kuhinja,2026-05-02T11:00:00+00:00,2025,BU1,1,False,4866431,32,6764,home,675,3,0,in squad,19,,False,0,0,0,0,0,0,0,,,,0,0
696822,Emir Kuhinja,2026-04-24T16:30:00+00:00,2025,BU1,1,False,4866428,31,6764,away,9599,2,1,not in squad,,,False,0,0,0,0,0,0,0,,,,0,0
696822,Emir Kuhinja,2026-04-13T16:00:00+00:00,2025,BU1,1,False,4718172,30,6764,home,2259,0,0,played,19,0,False,26,0,0,0,0,0,0,,64,,0,0
696822,Emir Kuhinja,2026-04-09T12:30:00+00:00,2025,BU1,1,False,4718201,29,6764,away,730,1,2,not in squad,,,False,0,0,0,0,0,0,0,,,,0,0
696822,Emir Kuhinja,2026-04-04T16:30:00+00:00,2025,BU1,1,False,4718146,28,6764,home,208,0,3,not in squad,,,False,0,0,0,0,0,0,0,,,,0,0
1434914,Yesid Valbuena,2026-05-22T15:00:00+00:00,2025,BU1,1,False,4866451,37,6764,away,26462,0,3,played,9,0,False,45,0,0,0,0,0,0,,46,,0,0
1434914,Yesid Valbuena,2026-05-18T16:30:00+00:00,2025,BU1,1,False,4866447,36,6764,home,40416,0,1,played,9,0,False,11,0,0,0,0,0,0,,79,,0,0
1434914,Yesid Valbuena,2026-05-14T17:15:00+00:00,2025,BU1,1,False,4866444,35,6764,away,730,1,1,played,9,0,False,5,0,0,0,0,0,0,,85,,0,0
1434914,Yesid Valbuena,2026-05-10T16:15:00+00:00,2025,BU1,1,False,4866440,34,6764,away,4362,1,0,played,9,0,False,33,1,0,0,0,0,0,,57,,0,0
1434914,Yesid Valbuena,2026-05-05T14:30:00+00:00,2025,BU1,1,False,4866435,33,6764,home,24078,2,2,in squad,9,,False,0,0,0,0,0,0,0,,,,0,0
1434914,Yesid Valbuena,2026-05-02T11:00:00+00:00,2025,BU1,1,False,4866431,32,6764,home,675,3,0,in squad,9,,False,0,0,0,0,0,0,0,,,,0,0
1434914,Yesid Valbuena,2026-04-24T16:30:00+00:00,2025,BU1,1,False,4866428,31,6764,away,9599,2,1,not in squad,,,False,0,0,0,0,0,0,0,,,,0,0
1434914,Yesid Valbuena,2026-04-13T16:00:00+00:00,2025,BU1,1,False,4718172,30,6764,home,2259,0,0,played,9,14,False,67,0,0,0,0,0,0,,,67,0,0
1434914,Yesid Valbuena,2026-04-09T12:30:00+00:00,2025,BU1,1,False,4718201,29,6764,away,730,1,2,played,9,14,False,90,0,0,0,0,0,0,,,,0,0
1434914,Yesid Valbuena,2026-04-04T16:30:00+00:00,2025,BU1,1,False,4718146,28,6764,home,208,0,3,played,9,0,False,29,0,0,0,0,0,0,,61,,0,0
1229922,Facundo Alarcón,2026-05-22T15:00:00+00:00,2025,BU1,1,False,4866451,37,6764,away,26462,0,3,played,15,14,False,65,0,0,0,0,0,0,,,65,0,0
1229922,Facundo Alarcón,2026-05-18T16:30:00+00:00,2025,BU1,1,False,4866447,36,6764,home,40416,0,1,played,15,0,False,45,0,0,0,0,0,0,,46,,0,0
1229922,Facundo Alarcón,2026-05-14T17:15:00+00:00,2025,BU1,1,False,4866444,35,6764,away,730,1,1,played,15,14,False,73,1,0,0,0,0,0,43,,73,0,0
1229922,Facundo Alarcón,2026-05-10T16:15:00+00:00,2025,BU1,1,False,4866440,34,6764,away,4362,1,0,played,15,14,False,57,0,0,0,0,0,0,,,57,0,0
1229922,Facundo Alarcón,2026-05-05T14:30:00+00:00,2025,BU1,1,False,4866435,33,6764,home,24078,2,2,played,15,0,False,59,1,0,0,0,0,0,,31,,0,0
1229922,Facundo Alarcón,2026-05-02T11:00:00+00:00,2025,BU1,1,False,4866431,32,6764,home,675,3,0,absent,,,False,0,0,0,0,0,0,0,,,,0,1
1229922,Facundo Alarcón,2026-04-24T16:30:00+00:00,2025,BU1,1,False,4866428,31,6764,away,9599,2,1,played,15,0,False,45,1,0,0,0,0,0,57,46,,0,0
1229922,Facundo Alarcón,2026-04-13T16:00:00+00:00,2025,BU1,1,False,4718172,30,6764,home,2259,0,0,played,15,0,False,17,0,0,0,0,0,0,,73,,0,0
1229922,Facundo Alarcón,2026-04-09T12:30:00+00:00,2025,BU1,1,False,4718201,29,6764,away,730,1,2,played,15,0,False,3,0,0,0,0,0,0,,87,,0,0
1229922,Facundo Alarcón,2026-04-04T16:30:00+00:00,2025,BU1,1,False,4718146,28,6764,home,208,0,3,played,15,14,False,61,0,0,0,0,0,0,,,61,0,0
1268443,Miroslav Georgiev,2026-07-24T15:45:00+00:00,2026,BU2,2,False,4909823,1,6764,home,26563,2,1,not in squad,,,False,0,0,0,0,0,0,0,,,,0,0
1268443,Miroslav Georgiev,2026-05-22T15:00:00+00:00,2025,BU1,1,False,4866451,37,6764,away,26462,0,3,not in squad,,,False,0,0,0,0,0,0,0,,,,0,0
1268443,Miroslav Georgiev,2026-05-18T16:30:00+00:00,2025,BU1,1,False,4866447,36,6764,home,40416,0,1,in squad,22,,False,0,0,0,0,0,0,0,,,,0,0
1268443,Miroslav Georgiev,2026-05-14T17:15:00+00:00,2025,BU1,1,False,4866444,35,6764,away,730,1,1,in squad,22,,False,0,0,0,0,0,0,0,,,,0,0
1268443,Miroslav Georgiev,2026-05-10T16:15:00+00:00,2025,BU1,1,False,4866440,34,6764,away,4362,1,0,in squad,22,,False,0,0,0,0,0,0,0,,,,0,0
1268443,Miroslav Georgiev,2026-05-05T14:30:00+00:00,2025,BU1,1,False,4866435,33,6764,home,24078,2,2,in squad,22,,False,0,0,0,0,0,0,0,,,,0,0
1268443,Miroslav Georgiev,2026-05-02T11:00:00+00:00,2025,BU1,1,False,4866431,32,6764,home,675,3,0,played,22,0,False,21,0,0,0,0,0,0,,69,,0,0
1268443,Miroslav Georgiev,2026-04-24T16:30:00+00:00,2025,BU1,1,False,4866428,31,6764,away,9599,2,1,played,22,0,False,10,0,0,0,0,0,0,,80,,0,0
1268443,Miroslav Georgiev,2026-04-13T16:00:00+00:00,2025,BU1,1,False,4718172,30,6764,home,2259,0,0,in squad,22,,False,0,0,0,0,0,0,0,,,,0,0
1268443,Miroslav Georgiev,2026-04-09T12:30:00+00:00,2025,BU1,1,False,4718201,29,6764,away,730,1,2,in squad,22,,False,0,0,0,0,0,0,0,,,,0,0
981957,Gianluca Colla,2025-12-19T15:30:00+00:00,2025,BU1,1,False,4648267,6,6764,home,31614,0,4,not in squad,,,False,0,0,0,0,0,0,0,,,,0,0
981957,Gianluca Colla,2025-12-07T12:30:00+00:00,2025,BU1,1,False,4718117,19,6764,home,40416,0,0,not in squad,,,False,0,0,0,0,0,0,0,,,,0,0
981957,Gianluca Colla,2025-12-03T13:30:00+00:00,2025,BU1,1,False,4718159,18,6764,home,967,1,2,not in squad,,,False,0,0,0,0,0,0,0,,,,0,0
981957,Gianluca Colla,2025-11-29T10:30:00+00:00,2025,BU1,1,False,4718177,17,6764,away,61955,1,2,not in squad,,,False,0,0,0,0,0,0,0,,,,0,0
981957,Gianluca Colla,2025-11-21T15:45:00+00:00,2025,BU1,1,False,4718162,16,6764,home,9599,0,0,not in squad,,,False,0,0,0,0,0,0,0,,,,0,0
981957,Gianluca Colla,2025-11-08T16:00:00+00:00,2025,BU1,1,False,4718076,15,6764,away,2259,0,1,not in squad,,,False,0,0,0,0,0,0,0,,,,0,0
981957,Gianluca Colla,2025-11-03T14:00:00+00:00,2025,BU1,1,False,4718065,14,6764,home,730,1,3,not in squad,,,False,0,0,0,0,0,0,0,,,,0,0
981957,Gianluca Colla,2025-10-29T11:30:00+00:00,2025,BULP,8,False,4748182,1,6764,away,36677,3,4,played,20,0,False,46,0,0,0,0,0,0,,,46,0,0
981957,Gianluca Colla,2025-10-26T15:15:00+00:00,2025,BU1,1,False,4718098,13,6764,away,208,1,5,not in squad,,,False,0,0,0,0,0,0,0,,,,0,0
981957,Gianluca Colla,2025-10-20T17:00:00+00:00,2025,BU1,1,False,4718105,12,6764,home,24078,1,1,not in squad,,,False,0,0,0,0,0,0,0,,,,0,0
1428957,Vladimir Sapundzhiev,2026-07-24T15:45:00+00:00,2026,BU2,2,False,4909823,1,6764,home,26563,2,1,not in squad,,,False,0,0,0,0,0,0,0,,,,0,0
1428957,Vladimir Sapundzhiev,2025-07-21T18:15:00+00:00,2025,BU1,1,False,4648229,1,6764,away,9599,0,0,in squad,30,,False,0,0,0,0,0,0,0,,,,0,0
1100518,Zhivodar Zhekov,2026-07-24T15:45:00+00:00,2026,BU2,2,False,4909823,1,6764,home,26563,2,1,not in squad,,,False,0,0,0,0,0,0,0,,,,0,0
1100518,Zhivodar Zhekov,2026-05-22T15:00:00+00:00,2025,BU1,1,False,4866451,37,6764,away,26462,0,3,not in squad,,,False,0,0,0,0,0,0,0,,,,0,0
1100518,Zhivodar Zhekov,2026-05-18T16:30:00+00:00,2025,BU1,1,False,4866447,36,6764,home,40416,0,1,not in squad,,,False,0,0,0,0,0,0,0,,,,0,0
1100518,Zhivodar Zhekov,2026-05-14T17:15:00+00:00,2025,BU1,1,False,4866444,35,6764,away,730,1,1,not in squad,,,False,0,0,0,0,0,0,0,,,,0,0
1100518,Zhivodar Zhekov,2026-05-10T16:15:00+00:00,2025,BU1,1,False,4866440,34,6764,away,4362,1,0,not in squad,,,False,0,0,0,0,0,0,0,,,,0,0
1100518,Zhivodar Zhekov,2026-05-05T14:30:00+00:00,2025,BU1,1,False,4866435,33,6764,home,24078,2,2,not in squad,,,False,0,0,0,0,0,0,0,,,,0,0
1100518,Zhivodar Zhekov,2026-05-02T11:00:00+00:00,2025,BU1,1,False,4866431,32,6764,home,675,3,0,not in squad,,,False,0,0,0,0,0,0,0,,,,0,0
1100518,Zhivodar Zhekov,2026-04-24T16:30:00+00:00,2025,BU1,1,False,4866428,31,6764,away,9599,2,1,not in squad,,,False,0,0,0,0,0,0,0,,,,0,0
1100518,Zhivodar Zhekov,2026-04-13T16:00:00+00:00,2025,BU1,1,False,4718172,30,6764,home,2259,0,0,not in squad,,,False,0,0,0,0,0,0,0,,,,0,0
1100518,Zhivodar Zhekov,2026-04-09T12:30:00+00:00,2025,BU1,1,False,4718201,29,6764,away,730,1,2,not in squad,,,False,0,0,0,0,0,0,0,,,,0,0
941940,Galin Grigorov,2026-05-22T15:00:00+00:00,2025,BU1,1,False,4866453,37,4362,away,40416,1,1,played,13,1,False,90,0,0,0,0,0,0,83,,,0,0
941940,Galin Grigorov,2026-05-18T16:30:00+00:00,2025,BU1,1,False,4866448,36,4362,home,26462,1,2,played,13,1,False,90,0,0,0,0,0,0,,,,0,0
941940,Galin Grigorov,2026-05-13T12:15:00+00:00,2025,BU1,1,False,4866446,35,4362,away,675,2,0,played,13,1,False,90,0,0,0,0,0,0,,,,0,0
941940,Galin Grigorov,2026-05-10T16:15:00+00:00,2025,BU1,1,False,4866440,34,4362,home,6764,0,1,played,13,1,False,90,0,0,0,0,0,0,,,,0,0
941940,Galin Grigorov,2026-05-06T17:00:00+00:00,2025,BU1,1,False,4866436,33,4362,away,9599,1,1,played,13,1,False,90,0,0,0,0,0,0,,,,0,0
941940,Galin Grigorov,2026-05-01T17:00:00+00:00,2025,BU1,1,False,4866433,32,4362,home,730,0,3,played,13,1,False,90,0,0,0,0,0,0,,,,0,0
941940,Galin Grigorov,2026-04-27T14:30:00+00:00,2025,BU1,1,False,4866427,31,4362,away,24078,0,1,played,13,1,False,90,0,0,0,0,0,0,,,,0,0
941940,Galin Grigorov,2026-04-14T17:30:00+00:00,2025,BU1,1,False,4718168,30,4362,home,2531,0,3,not in squad,,,False,0,0,0,0,0,0,0,,,,0,0
941940,Galin Grigorov,2026-04-10T10:00:00+00:00,2025,BU1,1,False,4718205,29,4362,away,9599,0,1,played,13,1,False,90,0,0,0,0,0,0,,,,0,0
941940,Galin Grigorov,2026-04-05T14:00:00+00:00,2025,BU1,1,False,4718149,28,4362,home,156,2,2,injured,,,False,0,0,0,0,0,0,0,,,,101,0
213797,Georgi Argilashki,2026-07-25T17:00:00+00:00,2026,BU2,2,False,4909822,1,4494,away,36821,1,1,not in squad,,,False,0,0,0,0,0,0,0,,,,0,0
213797,Georgi Argilashki,2026-05-22T15:00:00+00:00,2025,BU1,1,False,4866453,37,4362,away,40416,1,1,not in squad,,,False,0,0,0,0,0,0,0,,,,0,0
213797,Georgi Argilashki,2026-05-18T16:30:00+00:00,2025,BU1,1,False,4866448,36,4362,home,26462,1,2,not in squad,,,False,0,0,0,0,0,0,0,,,,0,0
213797,Georgi Argilashki,2026-05-13T12:15:00+00:00,2025,BU1,1,False,4866446,35,4362,away,675,2,0,not in squad,,,False,0,0,0,0,0,0,0,,,,0,0
213797,Georgi Argilashki,2026-05-10T16:15:00+00:00,2025,BU1,1,False,4866440,34,4362,home,6764,0,1,not in squad,,,False,0,0,0,0,0,0,0,,,,0,0
213797,Georgi Argilashki,2026-05-06T17:00:00+00:00,2025,BU1,1,False,4866436,33,4362,away,9599,1,1,not in squad,,,False,0,0,0,0,0,0,0,,,,0,0
213797,Georgi Argilashki,2026-05-01T17:00:00+00:00,2025,BU1,1,False,4866433,32,4362,home,730,0,3,not in squad,,,False,0,0,0,0,0,0,0,,,,0,0
213797,Georgi Argilashki,2026-04-27T14:30:00+00:00,2025,BU1,1,False,4866427,31,4362,away,24078,0,1,not in squad,,,False,0,0,0,0,0,0,0,,,,0,0
213797,Georgi Argilashki,2026-04-14T17:30:00+00:00,2025,BU1,1,False,4718168,30,4362,home,2531,0,3,in squad,1,,False,0,0,0,0,0,0,0,,,,0,0
213797,Georgi Argilashki,2026-04-10T10:00:00+00:00,2025,BU1,1,False,4718205,29,4362,away,9599,0,1,not in squad,,,False,0,0,0,0,0,0,0,,,,0,0
892038,Plamen Pepelyashev,2026-07-27T16:00:00+00:00,2026,BU1,1,False,4909870,2,19780,home,31614,0,2,not in squad,,,False,0,0,0,0,0,0,0,,,,0,0
892038,Plamen Pepelyashev,2026-07-17T18:15:00+00:00,2026,BU1,1,False,4909855,1,19780,away,156,1,2,played,69,0,False,15,0,0,0,0,0,0,,75,,0,0
892038,Plamen Pepelyashev,2026-05-22T15:00:00+00:00,2025,BU1,1,False,4866453,37,4362,away,40416,1,1,in squad,69,,False,0,0,0,0,0,0,0,,,,0,0
892038,Plamen Pepelyashev,2026-05-18T16:30:00+00:00,2025,BU1,1,False,4866448,36,4362,home,26462,1,2,in squad,69,,False,0,0,0,0,0,0,0,,,,0,0
892038,Plamen Pepelyashev,2026-05-13T12:15:00+00:00,2025,BU1,1,False,4866446,35,4362,away,675,2,0,in squad,69,,False,0,0,0,0,0,0,0,,,,0,0
892038,Plamen Pepelyashev,2026-05-10T16:15:00+00:00,2025,BU1,1,False,4866440,34,4362,home,6764,0,1,in squad,69,,False,0,0,0,0,0,0,0,,,,0,0
892038,Plamen Pepelyashev,2026-05-06T17:00:00+00:00,2025,BU1,1,False,4866436,33,4362,away,9599,1,1,in squad,69,,False,0,0,0,0,0,0,0,,,,0,0
892038,Plamen Pepelyashev,2026-05-01T17:00:00+00:00,2025,BU1,1,False,4866433,32,4362,home,730,0,3,in squad,69,,False,0,0,0,0,0,0,0,,,,0,0
892038,Plamen Pepelyashev,2026-04-27T14:30:00+00:00,2025,BU1,1,False,4866427,31,4362,away,24078,0,1,in squad,69,,False,0,0,0,0,0,0,0,,,,0,0
892038,Plamen Pepelyashev,2026-04-14T17:30:00+00:00,2025,BU1,1,False,4718168,30,4362,home,2531,0,3,played,69,1,False,90,0,0,0,0,0,0,,,,0,0
628046,Bogdan Kostov,2026-07-27T18:15:00+00:00,2026,BU1,1,False,4909868,2,2531,away,208,2,3,not in squad,,,False,0,0,0,0,0,0,0,,,,0,0
628046,Bogdan Kostov,2026-07-21T18:30:00+00:00,2026,BU1,1,False,4909852,1,2531,home,730,1,1,in squad,15,,False,0,0,0,0,0,0,0,,,,0,0
628046,Bogdan Kostov,2026-05-22T15:00:00+00:00,2025,BU1,1,False,4866453,37,4362,away,40416,1,1,not in squad,,,False,0,0,0,0,0,0,0,,,,0,0
628046,Bogdan Kostov,2026-05-18T16:30:00+00:00,2025,BU1,1,False,4866448,36,4362,home,26462,1,2,not in squad,,,False,0,0,0,0,0,0,0,,,,0,0
628046,Bogdan Kostov,2026-05-13T12:15:00+00:00,2025,BU1,1,False,4866446,35,4362,away,675,2,0,played,15,5,False,90,0,0,0,0,0,0,,,,0,0
628046,Bogdan Kostov,2026-05-10T16:15:00+00:00,2025,BU1,1,False,4866440,34,4362,home,6764,0,1,played,15,5,False,90,0,0,0,0,0,0,,,,0,0
628046,Bogdan Kostov,2026-05-06T17:00:00+00:00,2025,BU1,1,False,4866436,33,4362,away,9599,1,1,played,15,5,False,85,0,0,0,0,0,0,,,85,0,0
628046,Bogdan Kostov,2026-05-01T17:00:00+00:00,2025,BU1,1,False,4866433,32,4362,home,730,0,3,played,15,0,False,22,0,0,0,0,0,0,,68,,0,0
628046,Bogdan Kostov,2026-04-27T14:30:00+00:00,2025,BU1,1,False,4866427,31,4362,away,24078,0,1,played,15,5,False,90,0,0,0,0,0,0,,,,0,0
628046,Bogdan Kostov,2026-04-14T17:30:00+00:00,2025,BU1,1,False,4718168,30,4362,home,2531,0,3,played,15,5,False,90,0,0,0,0,0,0,,,,0,0
522226,Kolyo Stanev,2026-07-25T17:00:00+00:00,2026,BU2,2,False,4909819,1,29268,home,4503,0,2,not in squad,,,False,0,0,0,0,0,0,0,,,,0,0
522226,Kolyo Stanev,2026-05-22T15:00:00+00:00,2025,BU1,1,False,4866453,37,4362,away,40416,1,1,in squad,70,,False,0,0,0,0,0,0,0,,,,0,0
522226,Kolyo Stanev,2026-05-18T16:30:00+00:00,2025,BU1,1,False,4866448,36,4362,home,26462,1,2,played,70,5,False,45,0,0,0,0,0,0,,,46,0,0
522226,Kolyo Stanev,2026-05-13T12:15:00+00:00,2025,BU1,1,False,4866446,35,4362,away,675,2,0,played,70,0,False,10,0,1,0,0,0,0,,80,,0,0
522226,Kolyo Stanev,2026-05-10T16:15:00+00:00,2025,BU1,1,False,4866440,34,4362,home,6764,0,1,in squad,70,,False,0,0,0,0,0,0,0,,,,0,0
522226,Kolyo Stanev,2026-05-06T17:00:00+00:00,2025,BU1,1,False,4866436,33,4362,away,9599,1,1,in squad,70,,False,0,0,0,0,0,0,0,,,,0,0
522226,Kolyo Stanev,2026-05-01T17:00:00+00:00,2025,BU1,1,False,4866433,32,4362,home,730,0,3,played,70,5,False,68,0,0,0,0,0,0,,,68,0,0
522226,Kolyo Stanev,2026-04-27T14:30:00+00:00,2025,BU1,1,False,4866427,31,4362,away,24078,0,1,in squad,70,,False,0,0,0,0,0,0,0,,,,0,0
522226,Kolyo Stanev,2026-04-14T17:30:00+00:00,2025,BU1,1,False,4718168,30,4362,home,2531,0,3,not in squad,,,False,0,0,0,0,0,0,0,,,,0,0
522226,Kolyo Stanev,2026-04-10T10:00:00+00:00,2025,BU1,1,False,4718205,29,4362,away,9599,0,1,not in squad,,,False,0,0,0,0,0,0,0,,,,0,0
293604,Ventsislav Kerchev,2026-07-26T16:00:00+00:00,2026,BU1,1,False,4909869,2,967,home,9599,0,3,played,37,4,False,83,0,0,0,0,0,0,,,83,0,0
293604,Ventsislav Kerchev,2026-07-19T16:30:00+00:00,2026,BU1,1,False,4909853,1,967,away,26462,1,1,played,37,4,False,90,0,0,0,0,0,0,,,,0,0
293604,Ventsislav Kerchev,2026-05-22T15:00:00+00:00,2025,BU1,1,False,4866453,37,4362,away,40416,1,1,played,37,3,True,90,0,0,0,0,0,0,,,,0,0
293604,Ventsislav Kerchev,2026-05-18T16:30:00+00:00,2025,BU1,1,False,4866448,36,4362,home,26462,1,2,played,37,4,True,90,0,0,0,0,0,0,78,,,0,0
293604,Ventsislav Kerchev,2026-05-13T12:15:00+00:00,2025,BU1,1,False,4866446,35,4362,away,675,2,0,played,37,4,True,90,0,0,0,0,0,0,,,,0,0
293604,Ventsislav Kerchev,2026-05-10T16:15:00+00:00,2025,BU1,1,False,4866440,34,4362,home,6764,0,1,played,37,4,True,90,0,0,0,0,0,0,,,,0,0
293604,Ventsislav Kerchev,2026-05-06T17:00:00+00:00,2025,BU1,1,False,4866436,33,4362,away,9599,1,1,played,37,4,True,90,0,1,0,0,0,0,,,,0,0
293604,Ventsislav Kerchev,2026-05-01T17:00:00+00:00,2025,BU1,1,False,4866433,32,4362,home,730,0,3,played,37,4,True,90,0,0,0,0,0,0,,,,0,0
293604,Ventsislav Kerchev,2026-04-27T14:30:00+00:00,2025,BU1,1,False,4866427,31,4362,away,24078,0,1,played,37,4,True,90,0,0,0,0,0,0,,,,0,0
293604,Ventsislav Kerchev,2026-04-14T17:30:00+00:00,2025,BU1,1,False,4718168,30,4362,home,2531,0,3,played,37,3,True,90,0,0,0,0,0,0,,,,0,0
1306494,Jhonatan Cuero,2026-07-26T16:00:00+00:00,2026,BU1,1,False,4909869,2,9599,away,967,3,0,absent,,,False,0,0,0,0,0,0,0,,,,0,1
1306494,Jhonatan Cuero,2026-07-17T16:00:00+00:00,2026,BU1,1,False,4909854,1,9599,home,61955,2,2,absent,,,False,0,0,0,0,0,0,0,,,,0,1
1306494,Jhonatan Cuero,2026-05-22T15:00:00+00:00,2025,BU1,1,False,4866453,37,4362,away,40416,1,1,played,22,3,False,90,0,0,0,0,0,0,31,,,0,0
1306494,Jhonatan Cuero,2026-05-18T16:30:00+00:00,2025,BU1,1,False,4866448,36,4362,home,26462,1,2,played,22,3,False,90,0,0,0,0,0,0,,,,0,0
1306494,Jhonatan Cuero,2026-05-13T12:15:00+00:00,2025,BU1,1,False,4866446,35,4362,away,675,2,0,played,22,3,False,90,0,0,0,0,0,0,82,,,0,0
1306494,Jhonatan Cuero,2026-05-10T16:15:00+00:00,2025,BU1,1,False,4866440,34,4362,home,6764,0,1,played,22,3,False,90,0,0,0,0,0,0,,,,0,0
1306494,Jhonatan Cuero,2026-05-06T17:00:00+00:00,2025,BU1,1,False,4866436,33,4362,away,9599,1,1,played,22,3,False,90,0,0,0,0,0,0,75,,,0,0
1306494,Jhonatan Cuero,2026-05-01T17:00:00+00:00,2025,BU1,1,False,4866433,32,4362,home,730,0,3,played,22,3,False,90,0,0,0,0,0,0,,,,0,0
1306494,Jhonatan Cuero,2026-04-27T14:30:00+00:00,2025,BU1,1,False,4866427,31,4362,away,24078,0,1,played,22,3,False,90,0,0,0,0,0,0,,,,0,0
1306494,Jhonatan Cuero,2026-04-14T17:30:00+00:00,2025,BU1,1,False,4718168,30,4362,home,2531,0,3,not in squad,,,False,0,0,0,0,0,0,0,,,,0,0
1052423,Zdravko Serafimov,2026-05-22T15:00:00+00:00,2025,BU1,1,False,4866453,37,4362,away,40416,1,1,injured,,,False,0,0,0,0,0,0,0,,,,211,0
1052423,Zdravko Serafimov,2026-05-18T16:30:00+00:00,2025,BU1,1,False,4866448,36,4362,home,26462,1,2,injured,,,False,0,0,0,0,0,0,0,,,,211,0
1052423,Zdravko Serafimov,2026-05-13T12:15:00+00:00,2025,BU1,1,False,4866446,35,4362,away,675,2,0,injured,,,False,0,0,0,0,0,0,0,,,,211,0
1052423,Zdravko Serafimov,2026-05-10T16:15:00+00:00,2025,BU1,1,False,4866440,34,4362,home,6764,0,1,injured,,,False,0,0,0,0,0,0,0,,,,211,0
1052423,Zdravko Serafimov,2026-05-06T17:00:00+00:00,2025,BU1,1,False,4866436,33,4362,away,9599,1,1,injured,,,False,0,0,0,0,0,0,0,,,,211,0
1052423,Zdravko Serafimov,2026-05-01T17:00:00+00:00,2025,BU1,1,False,4866433,32,4362,home,730,0,3,injured,,,False,0,0,0,0,0,0,0,,,,211,0
1052423,Zdravko Serafimov,2026-04-27T14:30:00+00:00,2025,BU1,1,False,4866427,31,4362,away,24078,0,1,injured,,,False,0,0,0,0,0,0,0,,,,211,0
1052423,Zdravko Serafimov,2026-04-14T17:30:00+00:00,2025,BU1,1,False,4718168,30,4362,home,2531,0,3,injured,,,False,0,0,0,0,0,0,0,,,,211,0
1052423,Zdravko Serafimov,2026-04-10T10:00:00+00:00,2025,BU1,1,False,4718205,29,4362,away,9599,0,1,injured,,,False,0,0,0,0,0,0,0,,,,211,0
1052423,Zdravko Serafimov,2026-04-05T14:00:00+00:00,2025,BU1,1,False,4718149,28,4362,home,156,2,2,injured,,,False,0,0,0,0,0,0,0,,,,211,0
766579,Ángel Puerto,2026-07-27T15:45:00+00:00,2025,LI1,1,False,4891538,24,69752,home,602,2,3,in squad,5,,False,0,0,0,0,0,0,0,,,,0,0
766579,Ángel Puerto,2026-07-24T16:00:00+00:00,2025,LI1,1,False,4884027,13,69752,away,42310,2,0,in squad,5,,False,0,0,0,0,0,0,0,,,,0,0
766579,Ángel Puerto,2026-07-20T15:45:00+00:00,2025,LI1,1,False,4891584,23,69752,away,8047,1,5,played,5,3,False,55,0,0,0,0,0,0,,,55,0,0
766579,Ángel Puerto,2026-07-16T16:00:00+00:00,2026,ECLQ,10,False,4897262,2,69752,away,23371,0,3,in squad,5,,False,0,0,0,0,0,0,0,,,,0,0
766579,Ángel Puerto,2026-07-09T16:00:00+00:00,2026,ECLQ,10,False,4897236,1,69752,home,23371,1,1,not in squad,,,False,0,0,0,0,0,0,0,,,,0,0
766579,Ángel Puerto,2026-07-04T13:00:00+00:00,2025,LI1,1,False,4891576,21,69752,away,49149,1,1,not in squad,,,False,0,0,0,0,0,0,0,,,,0,0
766579,Ángel Puerto,2026-06-28T15:00:00+00:00,2025,LI1,1,False,4891600,19,69752,away,23559,0,2,not in squad,,,False,0,0,0,0,0,0,0,,,,0,0
766579,Ángel Puerto,2026-06-17T15:30:00+00:00,2025,LI1,1,False,4891588,20,69752,home,28740,1,1,not in squad,,,False,0,0,0,0,0,0,0,,,,0,0
766579,Ángel Puerto,2026-06-14T11:15:00+00:00,2025,LI1,1,False,4825997,17,69752,home,40090,1,1,in squad,5,,False,0,0,0,0,0,0,0,,,,0,0
766579,Ángel Puerto,2026-05-29T16:00:00+00:00,2025,LI1,1,False,4825988,16,69752,away,98841,1,2,not in squad,,,False,0,0,0,0,0,0,0,,,,0,0
766579,Ángel Puerto,2026-05-24T11:15:00+00:00,2025,LI1,1,False,4825984,15,69752,away,602,3,1,not in squad,,,False,0,0,0,0,0,0,0,,,,0,0
766579,Ángel Puerto,2026-05-20T16:00:00+00:00,2025,LTVP,8,False,4872898,4,69752,away,98841,0,2,played,5,0,False,36,0,0,0,0,0,0,,,36,0,0
766579,Ángel Puerto,2026-05-16T14:00:00+00:00,2025,LI1,1,False,4825979,14,69752,home,8047,2,2,played,5,3,False,90,0,1,0,0,0,0,,,,0,0
766579,Ángel Puerto,2026-05-09T11:15:00+00:00,2025,LI1,1,False,4884028,22,69752,home,42310,1,1,played,5,5,False,90,0,0,0,0,0,0,,,,0,0
766579,Ángel Puerto,2026-05-06T15:30:00+00:00,2025,LI1,1,False,4825970,12,69752,home,49149,3,2,played,5,3,False,90,0,0,0,0,0,0,,,,0,0
766579,Ángel Puerto,2026-05-01T15:00:00+00:00,2025,LI1,1,False,4825965,11,69752,away,28740,0,3,played,5,3,False,90,0,0,0,0,0,0,61,,,0,0
445434,Vasco Oliveira,2026-07-26T16:00:00+00:00,2026,BU1,1,False,4909869,2,9599,away,967,3,0,played,72,0,False,17,0,0,0,0,0,0,,73,,0,0
445434,Vasco Oliveira,2026-07-17T16:00:00+00:00,2026,BU1,1,False,4909854,1,9599,home,61955,2,2,absent,,,False,0,0,0,0,0,0,0,,,,0,3
445434,Vasco Oliveira,2026-05-22T15:00:00+00:00,2025,BU1,1,False,4866453,37,4362,away,40416,1,1,played,72,3,False,90,0,0,0,0,0,0,,,,0,0
445434,Vasco Oliveira,2026-05-18T16:30:00+00:00,2025,BU1,1,False,4866448,36,4362,home,26462,1,2,played,72,3,False,90,0,0,0,0,0,0,,,,0,0
445434,Vasco Oliveira,2026-05-13T12:15:00+00:00,2025,BU1,1,False,4866446,35,4362,away,675,2,0,played,72,3,False,90,1,0,0,0,0,0,,,,0,0
445434,Vasco Oliveira,2026-05-10T16:15:00+00:00,2025,BU1,1,False,4866440,34,4362,home,6764,0,1,played,72,3,False,90,0,0,0,0,0,0,,,,0,0
445434,Vasco Oliveira,2026-05-06T17:00:00+00:00,2025,BU1,1,False,4866436,33,4362,away,9599,1,1,played,72,3,False,90,0,0,0,0,0,0,,,,0,0
445434,Vasco Oliveira,2026-05-01T17:00:00+00:00,2025,BU1,1,False,4866433,32,4362,home,730,0,3,played,72,3,False,90,0,0,0,0,0,0,53,,,0,0
445434,Vasco Oliveira,2026-04-27T14:30:00+00:00,2025,BU1,1,False,4866427,31,4362,away,24078,0,1,played,72,3,False,90,0,0,0,0,0,0,,,,0,0
445434,Vasco Oliveira,2026-04-14T17:30:00+00:00,2025,BU1,1,False,4718168,30,4362,home,2531,0,3,played,72,3,False,90,0,0,0,0,0,0,,,,0,0
913597,Dzhan Hasan,2026-07-25T15:30:00+00:00,2026,BU2,2,False,4909817,1,24078,away,19784,2,2,injured,,,False,0,0,0,0,0,0,0,,,,141,0
913597,Dzhan Hasan,2026-05-22T15:00:00+00:00,2025,BU1,1,False,4866453,37,4362,away,40416,1,1,played,45,0,False,1,0,0,0,0,0,0,,90,,0,0
913597,Dzhan Hasan,2026-05-18T16:30:00+00:00,2025,BU1,1,False,4866448,36,4362,home,26462,1,2,in squad,45,,False,0,0,0,0,0,0,0,,,,0,0
913597,Dzhan Hasan,2026-05-13T12:15:00+00:00,2025,BU1,1,False,4866446,35,4362,away,675,2,0,in squad,45,,False,0,0,0,0,0,0,0,,,,0,0
913597,Dzhan Hasan,2026-05-10T16:15:00+00:00,2025,BU1,1,False,4866440,34,4362,home,6764,0,1,in squad,45,,False,0,0,0,0,0,0,0,,,,0,0
913597,Dzhan Hasan,2026-05-06T17:00:00+00:00,2025,BU1,1,False,4866436,33,4362,away,9599,1,1,in squad,45,,False,0,0,0,0,0,0,0,,,,0,0
913597,Dzhan Hasan,2026-05-01T17:00:00+00:00,2025,BU1,1,False,4866433,32,4362,home,730,0,3,not in squad,,,False,0,0,0,0,0,0,0,,,,0,0
913597,Dzhan Hasan,2026-04-27T14:30:00+00:00,2025,BU1,1,False,4866427,31,4362,away,24078,0,1,not in squad,,,False,0,0,0,0,0,0,0,,,,0,0
913597,Dzhan Hasan,2026-04-14T17:30:00+00:00,2025,BU1,1,False,4718168,30,4362,home,2531,0,3,in squad,45,,False,0,0,0,0,0,0,0,,,,0,0
913597,Dzhan Hasan,2026-04-10T10:00:00+00:00,2025,BU1,1,False,4718205,29,4362,away,9599,0,1,in squad,45,,False,0,0,0,0,0,0,0,,,,0,0
231174,Matheus Leoni,2026-07-25T16:00:00+00:00,2026,SLO1,1,False,4971547,1,32314,away,7918,1,1,played,20,4,False,56,0,0,0,0,0,0,,,56,0,0
231174,Matheus Leoni,2026-05-22T15:00:00+00:00,2025,BU1,1,False,4866453,37,4362,away,40416,1,1,played,77,9,False,45,0,0,0,0,0,0,,,46,0,0
231174,Matheus Leoni,2026-05-18T16:30:00+00:00,2025,BU1,1,False,4866448,36,4362,home,26462,1,2,in squad,77,,False,0,0,0,0,0,0,0,,,,0,0
231174,Matheus Leoni,2026-05-13T12:15:00+00:00,2025,BU1,1,False,4866446,35,4362,away,675,2,0,played,77,0,False,21,0,0,0,0,0,0,,69,,0,0
231174,Matheus Leoni,2026-05-10T16:15:00+00:00,2025,BU1,1,False,4866440,34,4362,home,6764,0,1,played,77,0,False,28,0,0,0,0,0,0,,62,,0,0
231174,Matheus Leoni,2026-05-06T17:00:00+00:00,2025,BU1,1,False,4866436,33,4362,away,9599,1,1,played,77,11,False,66,0,0,0,0,0,0,,,66,0,0
231174,Matheus Leoni,2026-05-01T17:00:00+00:00,2025,BU1,1,False,4866433,32,4362,home,730,0,3,in squad,77,,False,0,0,0,0,0,0,0,,,,0,0
231174,Matheus Leoni,2026-04-27T14:30:00+00:00,2025,BU1,1,False,4866427,31,4362,away,24078,0,1,in squad,77,,False,0,0,0,0,0,0,0,,,,0,0
231174,Matheus Leoni,2026-04-14T17:30:00+00:00,2025,BU1,1,False,4718168,30,4362,home,2531,0,3,played,77,4,False,64,0,0,0,0,0,0,,,64,0,0
231174,Matheus Leoni,2026-04-10T10:00:00+00:00,2025,BU1,1,False,4718205,29,4362,away,9599,0,1,played,77,0,False,29,0,0,0,0,0,0,,61,,0,0
216390,Dimitar Pirgov,2026-05-22T15:00:00+00:00,2025,BU1,1,False,4866453,37,4362,away,40416,1,1,played,3,0,False,19,0,0,0,0,0,0,,71,,0,0
216390,Dimitar Pirgov,2026-05-18T16:30:00+00:00,2025,BU1,1,False,4866448,36,4362,home,26462,1,2,played,3,0,False,1,0,0,0,0,0,0,,89,,0,0
216390,Dimitar Pirgov,2026-05-13T12:15:00+00:00,2025,BU1,1,False,4866446,35,4362,away,675,2,0,played,3,0,False,1,0,0,0,0,0,0,,90,,0,0
216390,Dimitar Pirgov,2026-05-10T16:15:00+00:00,2025,BU1,1,False,4866440,34,4362,home,6764,0,1,in squad,3,,False,0,0,0,0,0,0,0,,,,0,0
216390,Dimitar Pirgov,2026-05-06T17:00:00+00:00,2025,BU1,1,False,4866436,33,4362,away,9599,1,1,in squad,3,,False,0,0,0,0,0,0,0,,,,0,0
216390,Dimitar Pirgov,2026-05-01T17:00:00+00:00,2025,BU1,1,False,4866433,32,4362,home,730,0,3,in squad,3,,False,0,0,0,0,0,0,0,,,,0,0
216390,Dimitar Pirgov,2026-04-27T14:30:00+00:00,2025,BU1,1,False,4866427,31,4362,away,24078,0,1,in squad,3,,False,0,0,0,0,0,0,0,,,,0,0
216390,Dimitar Pirgov,2026-04-14T17:30:00+00:00,2025,BU1,1,False,4718168,30,4362,home,2531,0,3,in squad,3,,False,0,0,0,0,0,0,0,,,,0,0
216390,Dimitar Pirgov,2026-04-10T10:00:00+00:00,2025,BU1,1,False,4718205,29,4362,away,9599,0,1,in squad,3,,False,0,0,0,0,0,0,0,,,,0,0
216390,Dimitar Pirgov,2026-04-05T14:00:00+00:00,2025,BU1,1,False,4718149,28,4362,home,156,2,2,played,3,0,False,3,0,0,0,0,0,0,,87,,0,0
958123,Lucas Cardoso,2026-05-23T09:00:00+00:00,2025,IN1L,1,False,4675309,34,97916,away,50276,1,7,absent,,,False,0,0,0,0,0,0,0,,,,0,1
958123,Lucas Cardoso,2026-05-16T12:00:00+00:00,2025,IN1L,1,False,4675220,33,97916,home,14112,1,1,played,8,7,False,63,0,0,0,0,0,0,17,,63,0,0
958123,Lucas Cardoso,2026-05-10T12:00:00+00:00,2025,IN1L,1,False,4675357,32,97916,away,70596,0,2,in squad,8,,False,0,0,0,0,0,0,0,,,,0,0
958123,Lucas Cardoso,2026-05-02T12:00:00+00:00,2025,IN1L,1,False,4675226,31,97916,home,31450,5,2,in squad,8,,False,0,0,0,0,0,0,0,,,,0,0
958123,Lucas Cardoso,2026-04-28T12:00:00+00:00,2025,IN1L,1,False,4675282,30,97916,away,72715,7,0,in squad,8,,False,0,0,0,0,0,0,0,,,,0,0
958123,Lucas Cardoso,2026-04-23T12:00:00+00:00,2025,IN1L,1,False,4675211,29,97916,home,31444,0,2,played,8,0,False,28,0,0,0,0,0,0,,62,,0,0
958123,Lucas Cardoso,2026-04-19T12:00:00+00:00,2025,IN1L,1,False,4675294,28,97916,away,49425,1,4,played,8,7,False,68,0,0,0,0,0,0,,,68,0,0
958123,Lucas Cardoso,2026-04-12T12:00:00+00:00,2025,IN1L,1,False,4675304,27,97916,home,72710,1,2,played,8,0,False,45,0,0,0,0,0,0,,46,,0,0
958123,Lucas Cardoso,2026-04-03T08:30:00+00:00,2025,IN1L,1,False,4675252,26,97916,away,12971,1,1,played,8,0,False,45,0,0,0,0,0,0,50,46,,0,0
958123,Lucas Cardoso,2026-03-07T12:00:00+00:00,2025,IN1L,1,False,4675234,25,97916,home,14104,3,3,played,8,6,False,76,0,0,0,0,0,0,,,76,0,0
181671,Rumen Rumenov,2026-07-25T17:00:00+00:00,2026,BU2,2,False,4909820,1,109262,home,5284,0,1,not in squad,,,False,0,0,0,0,0,0,0,,,,0,0
181671,Rumen Rumenov,2026-05-23T15:00:00+00:00,2025,BU2,2,False,4718044,34,109262,home,521,3,0,not in squad,,,False,0,0,0,0,0,0,0,,,,0,0
181671,Rumen Rumenov,2026-05-15T15:00:00+00:00,2025,BU2,2,False,4718034,33,109262,away,2190,3,0,not in squad,,,False,0,0,0,0,0,0,0,,,,0,0
181671,Rumen Rumenov,2026-05-11T17:15:00+00:00,2025,BU2,2,False,4718025,32,109262,home,19780,2,2,played,8,7,False,66,0,0,0,0,0,0,,,66,0,0
181671,Rumen Rumenov,2026-05-04T14:45:00+00:00,2025,BU2,2,False,4718017,31,109262,away,11255,1,2,played,8,7,False,90,0,0,0,0,0,0,40,,,0,0
181671,Rumen Rumenov,2026-04-26T14:00:00+00:00,2025,BU2,2,False,4718006,30,109262,home,9524,2,2,played,8,7,False,90,0,0,0,0,0,0,,,,0,0
181671,Rumen Rumenov,2026-04-16T14:00:00+00:00,2025,BU2,2,False,4718000,29,109262,away,4503,1,1,played,8,7,False,90,0,0,0,0,0,0,,,,0,0
181671,Rumen Rumenov,2026-04-09T16:30:00+00:00,2025,BU2,2,False,4717987,28,109262,home,36821,3,0,played,8,7,False,90,0,0,0,0,0,0,,,,0,0
181671,Rumen Rumenov,2026-03-28T13:30:00+00:00,2025,BU2,2,False,4717968,26,109262,home,19215,3,1,played,8,7,False,90,1,0,0,0,0,0,,,,0,0
181671,Rumen Rumenov,2026-03-23T16:00:00+00:00,2025,BU2,2,False,4717966,25,109262,away,29268,1,1,played,8,7,False,90,0,0,0,0,0,0,,,,0,0
437333,Ivaylo Klimentov,2026-05-15T15:00:00+00:00,2025,BU2,2,False,4718036,33,11255,home,19215,3,0,played,14,0,False,69,0,0,0,0,0,0,56,,69,0,0
437333,Ivaylo Klimentov,2026-05-11T14:45:00+00:00,2025,BU2,2,False,4718024,32,11255,away,29268,0,0,played,14,0,False,84,0,0,0,0,0,0,,,84,0,0
437333,Ivaylo Klimentov,2026-05-04T14:45:00+00:00,2025,BU2,2,False,4718017,31,11255,home,109262,2,1,played,14,6,False,81,0,1,0,0,0,0,,,81,0,0
437333,Ivaylo Klimentov,2026-04-25T14:00:00+00:00,2025,BU2,2,False,4718007,30,11255,away,1851,4,0,played,14,0,False,90,0,0,0,0,0,0,,,,0,0
437333,Ivaylo Klimentov,2026-04-16T14:00:00+00:00,2025,BU2,2,False,4717998,29,11255,home,19784,4,1,played,14,0,False,32,0,0,0,0,0,0,,58,,0,0
437333,Ivaylo Klimentov,2026-04-10T14:00:00+00:00,2025,BU2,2,False,4717990,28,11255,away,5284,0,1,not in squad,,,False,0,0,0,0,0,0,0,,,,0,0
437333,Ivaylo Klimentov,2026-04-04T14:00:00+00:00,2025,BU2,2,False,4717979,27,11255,home,712,2,2,not in squad,,,False,0,0,0,0,0,0,0,,,,0,0
437333,Ivaylo Klimentov,2026-03-28T13:30:00+00:00,2025,BU2,2,False,4717973,26,11255,away,26563,0,1,not in squad,,,False,0,0,0,0,0,0,0,,,,0,0
437333,Ivaylo Klimentov,2026-03-21T13:30:00+00:00,2025,BU2,2,False,4717960,25,11255,home,4494,0,2,not in squad,,,False,0,0,0,0,0,0,0,,,,0,0
437333,Ivaylo Klimentov,2026-03-15T10:00:00+00:00,2025,BU2,2,False,4717956,24,11255,away,521,1,0,played,14,0,False,45,0,0,0,0,0,0,,,46,0,0
1029191,Malick Fall,2026-05-22T15:00:00+00:00,2025,BU1,1,False,4866453,37,4362,away,40416,1,1,not in squad,,,False,0,0,0,0,0,0,0,,,,0,0
1029191,Malick Fall,2026-05-18T16:30:00+00:00,2025,BU1,1,False,4866448,36,4362,home,26462,1,2,not in squad,,,False,0,0,0,0,0,0,0,,,,0,0
1029191,Malick Fall,2026-05-13T12:15:00+00:00,2025,BU1,1,False,4866446,35,4362,away,675,2,0,not in squad,,,False,0,0,0,0,0,0,0,,,,0,0
1029191,Malick Fall,2026-05-10T16:15:00+00:00,2025,BU1,1,False,4866440,34,4362,home,6764,0,1,not in squad,,,False,0,0,0,0,0,0,0,,,,0,0
1029191,Malick Fall,2026-05-06T17:00:00+00:00,2025,BU1,1,False,4866436,33,4362,away,9599,1,1,not in squad,,,False,0,0,0,0,0,0,0,,,,0,0
1029191,Malick Fall,2026-05-01T17:00:00+00:00,2025,BU1,1,False,4866433,32,4362,home,730,0,3,not in squad,,,False,0,0,0,0,0,0,0,,,,0,0
1029191,Malick Fall,2026-04-27T14:30:00+00:00,2025,BU1,1,False,4866427,31,4362,away,24078,0,1,not in squad,,,False,0,0,0,0,0,0,0,,,,0,0
1029191,Malick Fall,2026-04-14T17:30:00+00:00,2025,BU1,1,False,4718168,30,4362,home,2531,0,3,not in squad,,,False,0,0,0,0,0,0,0,,,,0,0
1029191,Malick Fall,2026-04-10T10:00:00+00:00,2025,BU1,1,False,4718205,29,4362,away,9599,0,1,not in squad,,,False,0,0,0,0,0,0,0,,,,0,0
1029191,Malick Fall,2026-04-05T14:00:00+00:00,2025,BU1,1,False,4718149,28,4362,home,156,2,2,in squad,23,,False,0,0,0,0,0,0,0,,,,0,0
469689,Almin Kurtovic,2026-07-25T12:00:00+00:00,2025,UZ2L,2,False,4914120,11,129525,neutral,139723,2,1,not in squad,,,False,0,0,0,0,0,0,0,,,,0,0
469689,Almin Kurtovic,2026-06-09T12:00:00+00:00,2025,UZ2L,2,False,4873000,10,129525,away,129524,0,2,played,30,0,False,90,0,0,0,0,0,0,,,,0,0
469689,Almin Kurtovic,2026-06-04T12:00:00+00:00,2025,UZ2L,2,False,4872986,9,129525,home,127145,3,0,played,30,0,False,50,0,0,0,0,0,0,,,50,0,0
469689,Almin Kurtovic,2026-05-31T12:00:00+00:00,2025,UZ2L,2,False,4872978,8,129525,away,20117,1,1,played,30,0,False,90,0,0,0,0,0,0,,,,0,0
469689,Almin Kurtovic,2026-05-27T12:00:00+00:00,2025,KOBU,8,False,4886031,3,129525,away,3718,0,3,played,30,0,False,45,0,0,0,0,0,0,,46,,0,0
469689,Almin Kurtovic,2026-05-18T12:00:00+00:00,2025,KOBU,8,False,4886010,2,129525,away,139723,0,1,played,30,0,False,23,0,0,0,0,0,0,,67,,0,0
469689,Almin Kurtovic,2026-05-13T14:00:00+00:00,2025,KOBU,8,False,4882927,1,129525,home,65036,3,2,played,30,12,False,18,0,0,0,0,0,0,,72,,0,0
469689,Almin Kurtovic,2026-05-04T12:00:00+00:00,2025,UZ2L,2,False,4872967,7,129525,away,109927,0,0,played,30,0,False,90,0,0,0,0,0,0,,,,0,0
469689,Almin Kurtovic,2026-04-30T12:00:00+00:00,2025,UZ2L,2,False,4861711,6,129525,home,139989,1,0,played,30,0,False,90,0,0,0,0,0,0,,,,0,0
469689,Almin Kurtovic,2026-04-26T12:00:00+00:00,2025,UZ2L,2,False,4861706,5,129525,away,139979,1,0,played,30,0,False,13,0,0,0,0,0,0,,77,,0,0
416828,Aykut Ramadan,2026-07-24T15:45:00+00:00,2026,BU2,2,False,4909823,1,6764,home,26563,2,1,not in squad,,,False,0,0,0,0,0,0,0,,,,0,0
416828,Aykut Ramadan,2026-05-22T15:00:00+00:00,2025,BU1,1,False,4866453,37,4362,away,40416,1,1,played,20,0,False,29,0,0,0,0,0,0,,61,,0,0
416828,Aykut Ramadan,2026-05-18T16:30:00+00:00,2025,BU1,1,False,4866448,36,4362,home,26462,1,2,played,20,10,False,81,0,0,0,0,0,0,,,81,0,0
416828,Aykut Ramadan,2026-05-13T12:15:00+00:00,2025,BU1,1,False,4866446,35,4362,away,675,2,0,played,20,10,False,90,0,0,0,0,0,0,,,90,0,0
416828,Aykut Ramadan,2026-05-10T16:15:00+00:00,2025,BU1,1,False,4866440,34,4362,home,6764,0,1,played,20,7,False,81,0,0,0,0,0,0,37,,81,0,0
416828,Aykut Ramadan,2026-05-06T17:00:00+00:00,2025,BU1,1,False,4866436,33,4362,away,9599,1,1,played,20,0,False,45,1,0,0,0,0,0,,46,,0,0
416828,Aykut Ramadan,2026-05-01T17:00:00+00:00,2025,BU1,1,False,4866433,32,4362,home,730,0,3,played,20,11,False,60,0,0,0,0,0,0,,,60,0,0
416828,Aykut Ramadan,2026-04-27T14:30:00+00:00,2025,BU1,1,False,4866427,31,4362,away,24078,0,1,played,20,7,False,90,0,0,0,0,0,0,,,,0,0
416828,Aykut Ramadan,2026-04-14T17:30:00+00:00,2025,BU1,1,False,4718168,30,4362,home,2531,0,3,played,20,0,False,10,0,0,0,0,0,0,,80,,0,0
416828,Aykut Ramadan,2026-04-10T10:00:00+00:00,2025,BU1,1,False,4718205,29,4362,away,9599,0,1,played,20,0,False,13,0,0,0,0,0,0,,77,,0,0
371017,Di Mateo Lovric,2026-05-22T15:00:00+00:00,2025,BU1,1,False,4866453,37,4362,away,40416,1,1,played,35,6,False,90,0,0,0,0,0,0,,,,0,0
371017,Di Mateo Lovric,2026-05-18T16:30:00+00:00,2025,BU1,1,False,4866448,36,4362,home,26462,1,2,played,35,6,False,90,0,0,0,0,0,0,,,,0,0
371017,Di Mateo Lovric,2026-05-13T12:15:00+00:00,2025,BU1,1,False,4866446,35,4362,away,675,2,0,played,35,6,False,90,0,0,0,0,0,0,47,,,0,0
371017,Di Mateo Lovric,2026-05-10T16:15:00+00:00,2025,BU1,1,False,4866440,34,4362,home,6764,0,1,played,35,6,False,90,0,0,0,0,0,0,,,,0,0
371017,Di Mateo Lovric,2026-05-06T17:00:00+00:00,2025,BU1,1,False,4866436,33,4362,away,9599,1,1,played,35,6,False,66,0,0,0,0,0,0,16,,66,0,0
371017,Di Mateo Lovric,2026-05-01T17:00:00+00:00,2025,BU1,1,False,4866433,32,4362,home,730,0,3,played,35,7,False,90,0,0,0,0,0,0,,,,0,0
371017,Di Mateo Lovric,2026-04-27T14:30:00+00:00,2025,BU1,1,False,4866427,31,4362,away,24078,0,1,played,35,6,False,90,0,0,0,0,0,0,,,,0,0
371017,Di Mateo Lovric,2026-04-14T17:30:00+00:00,2025,BU1,1,False,4718168,30,4362,home,2531,0,3,played,35,6,False,64,0,0,0,0,0,0,,,64,0,0
371017,Di Mateo Lovric,2026-04-10T10:00:00+00:00,2025,BU1,1,False,4718205,29,4362,away,9599,0,1,played,35,6,False,90,0,0,0,0,0,0,,,,0,0
371017,Di Mateo Lovric,2026-04-05T14:00:00+00:00,2025,BU1,1,False,4718149,28,4362,home,156,2,2,played,35,6,False,90,0,0,0,0,0,0,,,,0,0
841500,Montassar Triki,2026-05-22T15:00:00+00:00,2025,BU1,1,False,4866453,37,4362,away,40416,1,1,not in squad,,,False,0,0,0,0,0,0,0,,,,0,0
841500,Montassar Triki,2026-05-18T16:30:00+00:00,2025,BU1,1,False,4866448,36,4362,home,26462,1,2,not in squad,,,False,0,0,0,0,0,0,0,,,,0,0
841500,Montassar Triki,2026-05-13T12:15:00+00:00,2025,BU1,1,False,4866446,35,4362,away,675,2,0,not in squad,,,False,0,0,0,0,0,0,0,,,,0,0
841500,Montassar Triki,2026-05-10T16:15:00+00:00,2025,BU1,1,False,4866440,34,4362,home,6764,0,1,not in squad,,,False,0,0,0,0,0,0,0,,,,0,0
841500,Montassar Triki,2026-05-06T17:00:00+00:00,2025,BU1,1,False,4866436,33,4362,away,9599,1,1,not in squad,,,False,0,0,0,0,0,0,0,,,,0,0
841500,Montassar Triki,2026-05-01T17:00:00+00:00,2025,BU1,1,False,4866433,32,4362,home,730,0,3,not in squad,,,False,0,0,0,0,0,0,0,,,,0,0
841500,Montassar Triki,2026-04-27T14:30:00+00:00,2025,BU1,1,False,4866427,31,4362,away,24078,0,1,played,27,7,False,84,0,0,0,0,0,0,,,84,0,0
841500,Montassar Triki,2026-04-14T17:30:00+00:00,2025,BU1,1,False,4718168,30,4362,home,2531,0,3,played,27,6,False,90,0,0,0,0,0,0,,,,0,0
841500,Montassar Triki,2026-04-10T10:00:00+00:00,2025,BU1,1,False,4718205,29,4362,away,9599,0,1,played,27,0,False,45,0,0,0,0,0,0,72,46,,0,0
841500,Montassar Triki,2026-04-05T14:00:00+00:00,2025,BU1,1,False,4718149,28,4362,home,156,2,2,not in squad,,,False,0,0,0,0,0,0,0,,,,0,0
882652,Krasian Kolev,2026-07-25T17:00:00+00:00,2026,BU2,2,False,4909822,1,4494,away,36821,1,1,not in squad,,,False,0,0,0,0,0,0,0,,,,0,0
882652,Krasian Kolev,2026-05-22T15:00:00+00:00,2025,BU1,1,False,4866453,37,40416,home,4362,1,1,in squad,8,,False,0,0,0,0,0,0,0,,,,0,0
882652,Krasian Kolev,2026-05-18T16:30:00+00:00,2025,BU1,1,False,4866447,36,40416,away,6764,1,0,in squad,8,,False,0,0,0,0,0,0,0,,,,0,0
882652,Krasian Kolev,2026-05-14T12:15:00+00:00,2025,BU1,1,False,4866445,35,40416,home,9599,1,0,played,8,0,False,12,0,0,0,0,0,0,,78,,0,0
882652,Krasian Kolev,2026-05-10T13:45:00+00:00,2025,BU1,1,False,4866439,34,40416,away,26462,1,1,in squad,8,,False,0,0,0,0,0,0,0,,,,0,0
882652,Krasian Kolev,2026-05-06T14:30:00+00:00,2025,BU1,1,False,4866438,33,40416,away,675,1,2,not in squad,,,False,0,0,0,0,0,0,0,,,,0,0
882652,Krasian Kolev,2026-05-01T14:30:00+00:00,2025,BU1,1,False,4866434,32,40416,home,24078,1,1,in squad,8,,False,0,0,0,0,0,0,0,,,,0,0
882652,Krasian Kolev,2026-04-27T17:00:00+00:00,2025,BU1,1,False,4866429,31,40416,away,730,1,1,not in squad,,,False,0,0,0,0,0,0,0,,,,0,0
882652,Krasian Kolev,2026-04-16T14:00:00+00:00,2025,BU1,1,False,4718170,30,40416,home,9599,0,0,in squad,8,,False,0,0,0,0,0,0,0,,,,0,0
882652,Krasian Kolev,2026-04-10T15:00:00+00:00,2025,BU1,1,False,4718207,29,40416,away,675,2,1,in squad,8,,False,0,0,0,0,0,0,0,,,,0,0
639382,Diogo Ressurreição,2026-05-22T15:00:00+00:00,2025,BU1,1,False,4866453,37,4362,away,40416,1,1,played,82,10,False,61,0,0,0,0,0,0,,,61,0,0
639382,Diogo Ressurreição,2026-05-18T16:30:00+00:00,2025,BU1,1,False,4866448,36,4362,home,26462,1,2,played,82,0,False,9,0,0,0,0,0,0,,81,,0,0
639382,Diogo Ressurreição,2026-05-13T12:15:00+00:00,2025,BU1,1,False,4866446,35,4362,away,675,2,0,played,82,0,False,1,0,0,0,0,0,0,,90,,0,0
639382,Diogo Ressurreição,2026-05-10T16:15:00+00:00,2025,BU1,1,False,4866440,34,4362,home,6764,0,1,played,82,0,False,14,0,0,0,0,0,0,,76,,0,0
639382,Diogo Ressurreição,2026-05-06T17:00:00+00:00,2025,BU1,1,False,4866436,33,4362,away,9599,1,1,played,82,7,False,45,0,0,0,0,0,0,40,,46,0,0
639382,Diogo Ressurreição,2026-05-01T17:00:00+00:00,2025,BU1,1,False,4866433,32,4362,home,730,0,3,played,82,0,False,22,0,0,0,0,0,0,,68,,0,0
639382,Diogo Ressurreição,2026-04-27T14:30:00+00:00,2025,BU1,1,False,4866427,31,4362,away,24078,0,1,played,82,0,False,6,0,0,0,0,0,0,,84,,0,0
639382,Diogo Ressurreição,2026-04-14T17:30:00+00:00,2025,BU1,1,False,4718168,30,4362,home,2531,0,3,in squad,82,,False,0,0,0,0,0,0,0,,,,0,0
639382,Diogo Ressurreição,2026-04-10T10:00:00+00:00,2025,BU1,1,False,4718205,29,4362,away,9599,0,1,played,82,0,False,29,0,0,0,0,0,0,,61,,0,0
639382,Diogo Ressurreição,2026-04-05T14:00:00+00:00,2025,BU1,1,False,4718149,28,4362,home,156,2,2,in squad,82,,False,0,0,0,0,0,0,0,,,,0,0
1511953,Ivaylo Dinev,2026-05-22T15:00:00+00:00,2025,BU1,1,False,4866453,37,4362,away,40416,1,1,played,30,0,False,1,0,0,0,0,0,0,,90,,0,0
1511953,Ivaylo Dinev,2026-05-18T16:30:00+00:00,2025,BU1,1,False,4866448,36,4362,home,26462,1,2,in squad,30,,False,0,0,0,0,0,0,0,,,,0,0
1511953,Ivaylo Dinev,2026-05-13T12:15:00+00:00,2025,BU1,1,False,4866446,35,4362,away,675,2,0,not in squad,,,False,0,0,0,0,0,0,0,,,,0,0
1511953,Ivaylo Dinev,2026-05-10T16:15:00+00:00,2025,BU1,1,False,4866440,34,4362,home,6764,0,1,not in squad,,,False,0,0,0,0,0,0,0,,,,0,0
1511953,Ivaylo Dinev,2026-05-06T17:00:00+00:00,2025,BU1,1,False,4866436,33,4362,away,9599,1,1,not in squad,,,False,0,0,0,0,0,0,0,,,,0,0
1511953,Ivaylo Dinev,2026-05-01T17:00:00+00:00,2025,BU1,1,False,4866433,32,4362,home,730,0,3,not in squad,,,False,0,0,0,0,0,0,0,,,,0,0
1511953,Ivaylo Dinev,2026-04-27T14:30:00+00:00,2025,BU1,1,False,4866427,31,4362,away,24078,0,1,in squad,30,,False,0,0,0,0,0,0,0,,,,0,0
1511953,Ivaylo Dinev,2026-04-14T17:30:00+00:00,2025,BU1,1,False,4718168,30,4362,home,2531,0,3,not in squad,,,False,0,0,0,0,0,0,0,,,,0,0
1511953,Ivaylo Dinev,2026-04-10T10:00:00+00:00,2025,BU1,1,False,4718205,29,4362,away,9599,0,1,not in squad,,,False,0,0,0,0,0,0,0,,,,0,0
1511953,Ivaylo Dinev,2026-04-05T14:00:00+00:00,2025,BU1,1,False,4718149,28,4362,home,156,2,2,not in squad,,,False,0,0,0,0,0,0,0,,,,0,0
1043835,Diogo Madaleno,2026-05-22T15:00:00+00:00,2025,BU1,1,False,4866453,37,4362,away,40416,1,1,in squad,88,,False,0,0,0,0,0,0,0,,,,0,0
1043835,Diogo Madaleno,2026-05-18T16:30:00+00:00,2025,BU1,1,False,4866448,36,4362,home,26462,1,2,in squad,88,,False,0,0,0,0,0,0,0,,,,0,0
1043835,Diogo Madaleno,2026-05-13T12:15:00+00:00,2025,BU1,1,False,4866446,35,4362,away,675,2,0,in squad,88,,False,0,0,0,0,0,0,0,,,,0,0
1043835,Diogo Madaleno,2026-05-10T16:15:00+00:00,2025,BU1,1,False,4866440,34,4362,home,6764,0,1,played,88,7,False,76,0,0,0,0,0,0,72,,76,0,0
1043835,Diogo Madaleno,2026-05-06T17:00:00+00:00,2025,BU1,1,False,4866436,33,4362,away,9599,1,1,played,88,0,False,24,0,0,0,0,0,0,81,66,,0,0
1043835,Diogo Madaleno,2026-05-01T17:00:00+00:00,2025,BU1,1,False,4866433,32,4362,home,730,0,3,played,88,7,False,68,0,0,0,0,0,0,,,68,0,0
1043835,Diogo Madaleno,2026-04-27T14:30:00+00:00,2025,BU1,1,False,4866427,31,4362,away,24078,0,1,played,88,0,False,6,0,0,0,0,0,0,,84,,0,0
1043835,Diogo Madaleno,2026-04-14T17:30:00+00:00,2025,BU1,1,False,4718168,30,4362,home,2531,0,3,played,88,0,False,26,0,0,0,0,0,0,,64,,0,0
1043835,Diogo Madaleno,2026-04-10T10:00:00+00:00,2025,BU1,1,False,4718205,29,4362,away,9599,0,1,played,88,7,False,45,0,0,0,0,0,0,,,46,0,0
1043835,Diogo Madaleno,2026-04-05T14:00:00+00:00,2025,BU1,1,False,4718149,28,4362,home,156,2,2,played,88,6,False,87,0,0,0,0,0,0,45,,87,0,0
937537,Anton Ivanov,2026-07-26T16:00:00+00:00,2026,BU1,1,False,4909869,2,9599,away,967,3,0,played,77,0,False,33,0,0,0,0,0,0,,57,,0,0
937537,Anton Ivanov,2026-07-17T16:00:00+00:00,2026,BU1,1,False,4909854,1,9599,home,61955,2,2,absent,,,False,0,0,0,0,0,0,0,,,,0,2
937537,Anton Ivanov,2026-05-22T15:00:00+00:00,2025,BU1,1,False,4866453,37,4362,away,40416,1,1,played,7,8,False,90,0,0,0,0,0,0,20,,,0,0
937537,Anton Ivanov,2026-05-18T16:30:00+00:00,2025,BU1,1,False,4866448,36,4362,home,26462,1,2,played,7,12,False,90,0,1,0,0,0,0,,,,0,0
937537,Anton Ivanov,2026-05-13T12:15:00+00:00,2025,BU1,1,False,4866446,35,4362,away,675,2,0,played,7,11,False,69,0,0,0,0,0,0,,,69,0,0
937537,Anton Ivanov,2026-05-10T16:15:00+00:00,2025,BU1,1,False,4866440,34,4362,home,6764,0,1,played,7,11,False,62,0,0,0,0,0,0,,,62,0,0
937537,Anton Ivanov,2026-05-06T17:00:00+00:00,2025,BU1,1,False,4866436,33,4362,away,9599,1,1,played,7,0,False,24,0,0,0,0,0,0,,66,,0,0
937537,Anton Ivanov,2026-05-01T17:00:00+00:00,2025,BU1,1,False,4866433,32,4362,home,730,0,3,in squad,7,,False,0,0,0,0,0,0,0,,,,0,0
937537,Anton Ivanov,2026-04-27T14:30:00+00:00,2025,BU1,1,False,4866427,31,4362,away,24078,0,1,not in squad,,,False,0,0,0,0,0,0,0,,,,0,0
937537,Anton Ivanov,2026-04-14T17:30:00+00:00,2025,BU1,1,False,4718168,30,4362,home,2531,0,3,played,7,8,False,65,0,0,0,0,0,0,,,65,0,0
461939,Tomás Silva,2026-07-26T16:00:00+00:00,2026,BU1,1,False,4909869,2,9599,away,967,3,0,played,82,10,False,73,0,0,0,0,0,0,,,73,0,0
461939,Tomás Silva,2026-07-17T16:00:00+00:00,2026,BU1,1,False,4909854,1,9599,home,61955,2,2,played,82,10,False,70,0,0,0,0,0,0,,,70,0,0
461939,Tomás Silva,2026-05-22T15:00:00+00:00,2025,BU1,1,False,4866453,37,4362,away,40416,1,1,played,10,10,False,90,0,1,0,0,0,0,,,90,0,0
461939,Tomás Silva,2026-05-18T16:30:00+00:00,2025,BU1,1,False,4866448,36,4362,home,26462,1,2,played,10,10,False,89,0,0,0,0,0,0,,,89,0,0
461939,Tomás Silva,2026-05-13T12:15:00+00:00,2025,BU1,1,False,4866446,35,4362,away,675,2,0,played,10,10,False,90,1,0,0,0,0,0,,,90,0,0
461939,Tomás Silva,2026-05-10T16:15:00+00:00,2025,BU1,1,False,4866440,34,4362,home,6764,0,1,not in squad,,,False,0,0,0,0,0,0,0,,,,0,0
461939,Tomás Silva,2026-05-06T17:00:00+00:00,2025,BU1,1,False,4866436,33,4362,away,9599,1,1,played,10,7,False,90,0,0,0,0,0,0,77,,,0,0
461939,Tomás Silva,2026-05-01T17:00:00+00:00,2025,BU1,1,False,4866433,32,4362,home,730,0,3,played,10,0,False,30,0,0,0,0,0,0,,60,,0,0
461939,Tomás Silva,2026-04-27T14:30:00+00:00,2025,BU1,1,False,4866427,31,4362,away,24078,0,1,played,10,11,False,84,0,0,0,0,0,0,,,84,0,0
461939,Tomás Silva,2026-04-14T17:30:00+00:00,2025,BU1,1,False,4718168,30,4362,home,2531,0,3,played,10,9,False,80,0,0,0,0,0,0,,,80,0,0
462063,Andrian Dimitrov,2026-05-23T15:00:00+00:00,2025,BU2,2,False,4718045,34,1851,home,4494,3,2,played,31,0,False,90,2,0,0,0,0,0,90,,,0,0
462063,Andrian Dimitrov,2026-05-15T15:00:00+00:00,2025,BU2,2,False,4718033,33,1851,away,521,1,4,played,31,0,False,45,0,0,0,0,0,0,,46,,0,0
462063,Andrian Dimitrov,2026-05-11T15:00:00+00:00,2025,BU2,2,False,4718026,32,1851,home,2190,2,1,in squad,31,,False,0,0,0,0,0,0,0,,,,0,0
462063,Andrian Dimitrov,2026-05-02T16:00:00+00:00,2025,BU2,2,False,4718016,31,1851,away,19780,0,2,played,31,0,False,90,0,0,0,0,0,0,,,,0,0
462063,Andrian Dimitrov,2026-04-25T14:00:00+00:00,2025,BU2,2,False,4718007,30,1851,home,11255,0,4,played,31,0,False,90,0,0,0,0,0,0,,,,0,0
462063,Andrian Dimitrov,2026-04-17T14:00:00+00:00,2025,BU2,2,False,4717999,29,1851,away,9524,1,6,played,31,0,False,88,0,1,0,0,0,0,28,,88,0,0
462063,Andrian Dimitrov,2026-04-09T14:00:00+00:00,2025,BU2,2,False,4717988,28,1851,home,4503,0,2,played,31,0,False,90,0,0,0,0,0,0,,,,0,0
462063,Andrian Dimitrov,2026-04-04T14:00:00+00:00,2025,BU2,2,False,4717982,27,1851,away,36821,1,2,played,31,0,False,90,0,1,0,0,0,0,,,,0,0
462063,Andrian Dimitrov,2026-03-25T13:30:00+00:00,2025,BU2,2,False,4717930,21,1851,home,19784,0,1,absent,,,False,0,0,0,0,0,0,0,,,,0,1
462063,Andrian Dimitrov,2026-03-21T13:30:00+00:00,2025,BU2,2,False,4717965,25,1851,away,19215,2,0,absent,,,False,0,0,0,0,0,0,0,,,,0,1
552466,Ivaylo Mihaylov,2026-07-24T15:45:00+00:00,2026,BU2,2,False,4909823,1,26563,away,6764,1,2,not in squad,,,False,0,0,0,0,0,0,0,,,,0,0
552466,Ivaylo Mihaylov,2026-05-22T15:00:00+00:00,2025,BU1,1,False,4866453,37,4362,away,40416,1,1,played,98,14,False,71,0,0,0,0,0,0,,,71,0,0
552466,Ivaylo Mihaylov,2026-05-18T16:30:00+00:00,2025,BU1,1,False,4866448,36,4362,home,26462,1,2,played,98,14,False,81,0,0,0,0,0,0,,,81,0,0
552466,Ivaylo Mihaylov,2026-05-13T12:15:00+00:00,2025,BU1,1,False,4866446,35,4362,away,675,2,0,played,98,14,False,80,0,0,0,0,0,0,,,80,0,0
552466,Ivaylo Mihaylov,2026-05-10T16:15:00+00:00,2025,BU1,1,False,4866440,34,4362,home,6764,0,1,played,98,0,False,28,0,0,0,0,0,0,,62,,0,0
552466,Ivaylo Mihaylov,2026-05-06T17:00:00+00:00,2025,BU1,1,False,4866436,33,4362,away,9599,1,1,played,98,14,False,66,0,0,0,0,0,0,,,66,0,0
552466,Ivaylo Mihaylov,2026-05-01T17:00:00+00:00,2025,BU1,1,False,4866433,32,4362,home,730,0,3,played,98,14,False,90,0,0,0,0,0,0,73,,,0,0
552466,Ivaylo Mihaylov,2026-04-27T14:30:00+00:00,2025,BU1,1,False,4866427,31,4362,away,24078,0,1,played,98,14,False,65,0,0,0,0,0,0,,,65,0,0
552466,Ivaylo Mihaylov,2026-04-14T17:30:00+00:00,2025,BU1,1,False,4718168,30,4362,home,2531,0,3,played,98,3,False,90,0,0,0,0,0,0,43,,,0,0
552466,Ivaylo Mihaylov,2026-04-10T10:00:00+00:00,2025,BU1,1,False,4718205,29,4362,away,9599,0,1,played,98,3,False,80,0,0,0,0,0,0,,,80,0,0
221527,Milcho Angelov,2026-07-25T17:00:00+00:00,2026,BU2,2,False,4909819,1,29268,home,4503,0,2,not in squad,,,False,0,0,0,0,0,0,0,,,,0,0
221527,Milcho Angelov,2026-05-23T15:00:00+00:00,2025,BU2,2,False,4718043,34,29268,home,2190,3,1,played,10,0,False,82,2,0,0,0,0,0,,,82,0,0
221527,Milcho Angelov,2026-05-15T15:00:00+00:00,2025,BU2,2,False,4718035,33,29268,away,19780,1,0,played,10,0,False,71,1,0,0,0,0,0,,,71,0,0
221527,Milcho Angelov,2026-05-11T14:45:00+00:00,2025,BU2,2,False,4718024,32,29268,home,11255,0,0,played,10,0,False,22,0,0,0,0,0,0,,68,,0,0
221527,Milcho Angelov,2026-05-04T12:30:00+00:00,2025,BU2,2,False,4718018,31,29268,away,9524,1,0,played,10,0,False,26,0,0,0,0,0,0,,64,,0,0
221527,Milcho Angelov,2026-04-24T14:00:00+00:00,2025,BU2,2,False,4718005,30,29268,home,4503,2,1,played,10,0,False,75,0,0,0,0,0,0,,,75,0,0
221527,Milcho Angelov,2026-04-17T15:00:00+00:00,2025,BU2,2,False,4718001,29,29268,away,36821,2,2,played,10,0,False,90,1,1,0,0,0,0,64,,,0,0
221527,Milcho Angelov,2026-04-03T14:00:00+00:00,2025,BU2,2,False,4717984,27,29268,away,19215,1,0,played,10,0,False,80,0,0,0,0,0,0,71,,80,0,0
221527,Milcho Angelov,2026-03-28T13:30:00+00:00,2025,BU2,2,False,4717967,26,29268,away,40678,3,1,played,10,0,False,84,1,0,0,0,0,0,84,,84,0,0
221527,Milcho Angelov,2026-03-23T16:00:00+00:00,2025,BU2,2,False,4717966,25,29268,home,109262,1,1,played,10,11,False,68,0,0,0,0,0,0,,,68,0,0
628510,Oktay Hamdiev,2026-07-25T17:00:00+00:00,2026,BU2,2,False,4909822,1,4494,away,36821,1,1,not in squad,,,False,0,0,0,0,0,0,0,,,,0,0
628510,Oktay Hamdiev,2026-05-23T15:00:00+00:00,2025,BU2,2,False,4718045,34,4494,away,1851,2,3,played,77,0,False,21,0,0,0,0,0,0,,69,,0,0
628510,Oktay Hamdiev,2026-05-15T15:00:00+00:00,2025,BU2,2,False,4718032,33,4494,home,19784,1,0,in squad,77,,False,0,0,0,0,0,0,0,,,,0,0
628510,Oktay Hamdiev,2026-05-11T15:00:00+00:00,2025,BU2,2,False,4718028,32,4494,away,5284,0,3,played,77,0,False,90,0,0,0,0,0,0,,,,0,0
628510,Oktay Hamdiev,2026-05-03T15:00:00+00:00,2025,BU2,2,False,4718013,31,4494,home,712,1,1,in squad,77,,False,0,0,0,0,0,0,0,,,,0,0
628510,Oktay Hamdiev,2026-04-27T15:30:00+00:00,2025,BU2,2,False,4718011,30,4494,away,26563,3,1,in squad,77,,False,0,0,0,0,0,0,0,,,,0,0
628510,Oktay Hamdiev,2026-04-16T14:00:00+00:00,2025,BU2,2,False,4717994,29,4494,home,40678,0,0,played,77,0,False,90,0,0,0,0,0,0,,,,0,0
628510,Oktay Hamdiev,2026-04-09T14:00:00+00:00,2025,BU2,2,False,4717993,28,4494,home,521,2,0,played,77,0,False,6,0,0,0,0,0,0,,84,,0,0
628510,Oktay Hamdiev,2026-04-04T14:00:00+00:00,2025,BU2,2,False,4717977,27,4494,away,2190,0,1,played,77,0,False,90,0,0,0,0,0,0,,,,0,0
628510,Oktay Hamdiev,2026-03-29T13:30:00+00:00,2025,BU2,2,False,4717974,26,4494,home,19780,1,1,in squad,77,,False,0,0,0,0,0,0,0,,,,0,0
707663,Aaron Appiah,2026-07-19T15:45:00+00:00,2025,LI1,1,False,4891582,23,23559,away,28740,0,1,not in squad,,,False,0,0,0,0,0,0,0,,,,0,0
707663,Aaron Appiah,2026-07-12T15:45:00+00:00,2025,LI1,1,False,4891606,22,23559,away,98841,3,1,not in squad,,,False,0,0,0,0,0,0,0,,,,0,0
707663,Aaron Appiah,2026-06-28T15:00:00+00:00,2025,LI1,1,False,4891600,19,23559,home,69752,2,0,not in squad,,,False,0,0,0,0,0,0,0,,,,0,0
707663,Aaron Appiah,2026-06-20T15:30:00+00:00,2025,LI1,1,False,4826001,18,23559,home,602,3,0,not in squad,,,False,0,0,0,0,0,0,0,,,,0,0
707663,Aaron Appiah,2026-06-17T16:00:00+00:00,2025,LI1,1,False,4891589,20,23559,away,40090,1,0,played,9,14,False,83,0,0,0,0,0,0,,,83,0,0
707663,Aaron Appiah,2026-06-13T11:15:00+00:00,2025,LI1,1,False,4825995,17,23559,away,8047,0,0,played,9,0,False,13,0,0,0,0,0,0,,77,,0,0
707663,Aaron Appiah,2026-05-30T12:30:00+00:00,2025,LI1,1,False,4825991,16,23559,home,42310,1,1,played,9,0,False,20,0,0,0,0,0,0,,70,,0,0
707663,Aaron Appiah,2026-05-24T14:00:00+00:00,2025,LI1,1,False,4825985,15,23559,away,49149,0,1,played,9,14,False,75,0,0,0,0,0,0,,,75,0,0
707663,Aaron Appiah,2026-05-20T15:00:00+00:00,2025,LTVP,8,False,4872892,4,23559,away,28740,3,4,played,9,0,False,35,0,0,0,0,0,0,,85,,0,0
707663,Aaron Appiah,2026-05-16T15:30:00+00:00,2025,LI1,1,False,4825981,14,23559,away,28740,1,0,played,9,0,False,8,0,0,0,0,0,0,90,82,,0,0
707663,Aaron Appiah,2026-05-10T14:00:00+00:00,2025,LI1,1,False,4825976,13,23559,home,98841,2,2,played,9,0,False,20,1,0,0,0,0,0,,70,,0,0
707663,Aaron Appiah,2026-05-05T17:00:00+00:00,2025,LI1,1,False,4825968,12,23559,away,32832,0,0,not in squad,,,False,0,0,0,0,0,0,0,,,,0,0
707663,Aaron Appiah,2026-05-01T14:00:00+00:00,2025,LI1,1,False,4825964,11,23559,home,40090,2,2,played,9,0,False,45,0,0,0,0,0,0,,46,,0,0
293598,Angel Angelov,2026-05-22T15:00:00+00:00,2025,BU1,1,False,4866453,37,4362,away,40416,1,1,not in squad,,,False,0,0,0,0,0,0,0,,,,0,0
293598,Angel Angelov,2026-05-18T16:30:00+00:00,2025,BU1,1,False,4866448,36,4362,home,26462,1,2,not in squad,,,False,0,0,0,0,0,0,0,,,,0,0
293598,Angel Angelov,2026-05-13T12:15:00+00:00,2025,BU1,1,False,4866446,35,4362,away,675,2,0,not in squad,,,False,0,0,0,0,0,0,0,,,,0,0
293598,Angel Angelov,2026-05-10T16:15:00+00:00,2025,BU1,1,False,4866440,34,4362,home,6764,0,1,not in squad,,,False,0,0,0,0,0,0,0,,,,0,0
293598,Angel Angelov,2026-05-06T17:00:00+00:00,2025,BU1,1,False,4866436,33,4362,away,9599,1,1,not in squad,,,False,0,0,0,0,0,0,0,,,,0,0
293598,Angel Angelov,2026-05-01T17:00:00+00:00,2025,BU1,1,False,4866433,32,4362,home,730,0,3,played,8,12,False,28,0,0,0,0,0,0,,,28,0,0
293598,Angel Angelov,2026-04-27T14:30:00+00:00,2025,BU1,1,False,4866427,31,4362,away,24078,0,1,played,8,12,False,73,0,0,0,0,0,0,,,73,0,0
293598,Angel Angelov,2026-04-14T17:30:00+00:00,2025,BU1,1,False,4718168,30,4362,home,2531,0,3,played,8,0,False,26,0,0,0,0,0,0,,64,,0,0
293598,Angel Angelov,2026-04-10T10:00:00+00:00,2025,BU1,1,False,4718205,29,4362,away,9599,0,1,played,8,11,False,61,0,0,0,0,0,0,,,61,0,0
293598,Angel Angelov,2026-04-05T14:00:00+00:00,2025,BU1,1,False,4718149,28,4362,home,156,2,2,played,8,4,False,87,0,1,0,0,0,0,,,87,0,0
851831,Simeon Veshev,2026-07-24T15:45:00+00:00,2026,BU2,2,False,4909823,1,6764,home,26563,2,1,not in squad,,,False,0,0,0,0,0,0,0,,,,0,0
851831,Simeon Veshev,2026-05-23T15:00:00+00:00,2025,BU2,2,False,4718047,34,5284,home,712,1,0,played,77,0,False,90,0,0,0,0,0,0,,,,0,0
851831,Simeon Veshev,2026-05-15T15:00:00+00:00,2025,BU2,2,False,4718031,33,5284,away,26563,1,1,played,77,0,False,60,1,0,0,0,0,0,,,60,0,0
851831,Simeon Veshev,2026-05-11T15:00:00+00:00,2025,BU2,2,False,4718028,32,5284,home,4494,3,0,played,77,0,False,59,0,0,0,0,0,0,44,,59,0,0
851831,Simeon Veshev,2026-05-02T15:00:00+00:00,2025,BU2,2,False,4718014,31,5284,away,521,0,0,played,77,0,False,90,0,0,0,0,0,0,,,,0,0
851831,Simeon Veshev,2026-04-25T14:00:00+00:00,2025,BU2,2,False,4718009,30,5284,home,2190,2,1,played,77,0,False,90,0,1,0,0,0,0,,,90,0,0
851831,Simeon Veshev,2026-04-17T16:30:00+00:00,2025,BU2,2,False,4717997,29,5284,away,19780,0,0,played,77,0,False,90,0,0,0,0,0,0,,,,0,0
851831,Simeon Veshev,2026-04-10T14:00:00+00:00,2025,BU2,2,False,4717990,28,5284,home,11255,1,0,played,77,0,False,86,0,0,0,0,0,0,,,86,0,0
851831,Simeon Veshev,2026-04-05T14:00:00+00:00,2025,BU2,2,False,4717980,27,5284,away,9524,1,0,played,77,0,False,90,0,0,0,0,0,0,,,,0,0
851831,Simeon Veshev,2026-03-29T13:30:00+00:00,2025,BU2,2,False,4717971,26,5284,home,4503,0,0,played,77,0,False,90,0,0,0,0,0,0,,,,0,0
522412,Boubacar Hanne,2026-07-26T16:00:00+00:00,2026,BU1,1,False,4909869,2,9599,away,967,3,0,in squad,11,,False,0,0,0,0,0,0,0,,,,0,0
522412,Boubacar Hanne,2026-07-17T16:00:00+00:00,2026,BU1,1,False,4909854,1,9599,home,61955,2,2,played,11,0,False,11,0,0,0,0,0,0,,79,,0,0
522412,Boubacar Hanne,2026-05-22T15:00:00+00:00,2025,BU1,1,False,4866453,37,4362,away,40416,1,1,played,11,14,False,90,0,0,0,0,0,0,90,,90,0,0
522412,Boubacar Hanne,2026-05-18T16:30:00+00:00,2025,BU1,1,False,4866448,36,4362,home,26462,1,2,played,11,11,False,90,0,0,0,0,0,0,,,,0,0
522412,Boubacar Hanne,2026-05-13T12:15:00+00:00,2025,BU1,1,False,4866446,35,4362,away,675,2,0,played,11,12,False,80,0,1,0,0,0,0,,,80,0,0
522412,Boubacar Hanne,2026-05-10T16:15:00+00:00,2025,BU1,1,False,4866440,34,4362,home,6764,0,1,played,11,12,False,90,0,0,0,0,0,0,,,,0,0
522412,Boubacar Hanne,2026-05-06T17:00:00+00:00,2025,BU1,1,False,4866436,33,4362,away,9599,1,1,played,11,12,False,90,0,0,0,0,0,0,,,,0,0
522412,Boubacar Hanne,2026-05-01T17:00:00+00:00,2025,BU1,1,False,4866433,32,4362,home,730,0,3,played,11,0,False,62,0,0,0,0,0,0,,28,,0,0
522412,Boubacar Hanne,2026-04-27T14:30:00+00:00,2025,BU1,1,False,4866427,31,4362,away,24078,0,1,not in squad,,,False,0,0,0,0,0,0,0,,,,0,0
522412,Boubacar Hanne,2026-04-14T17:30:00+00:00,2025,BU1,1,False,4718168,30,4362,home,2531,0,3,not in squad,,,False,0,0,0,0,0,0,0,,,,0,0
306143,Valdu Té,2026-05-22T15:00:00+00:00,2025,BU1,1,False,4866453,37,4362,away,40416,1,1,not in squad,,,False,0,0,0,0,0,0,0,,,,0,0
306143,Valdu Té,2026-05-18T16:30:00+00:00,2025,BU1,1,False,4866448,36,4362,home,26462,1,2,played,9,0,False,9,0,0,0,0,0,0,,81,,0,0
306143,Valdu Té,2026-05-13T12:15:00+00:00,2025,BU1,1,False,4866446,35,4362,away,675,2,0,in squad,9,,False,0,0,0,0,0,0,0,,,,0,0
306143,Valdu Té,2026-05-10T16:15:00+00:00,2025,BU1,1,False,4866440,34,4362,home,6764,0,1,played,9,14,False,62,0,0,0,0,0,0,,,62,0,0
306143,Valdu Té,2026-05-06T17:00:00+00:00,2025,BU1,1,False,4866436,33,4362,away,9599,1,1,played,9,0,False,24,0,0,0,0,0,0,,66,,0,0
306143,Valdu Té,2026-05-01T17:00:00+00:00,2025,BU1,1,False,4866433,32,4362,home,730,0,3,played,9,0,False,30,0,0,0,0,0,0,,60,,0,0
306143,Valdu Té,2026-04-27T14:30:00+00:00,2025,BU1,1,False,4866427,31,4362,away,24078,0,1,played,9,0,False,25,0,0,0,0,0,0,,65,,0,0
306143,Valdu Té,2026-04-14T17:30:00+00:00,2025,BU1,1,False,4718168,30,4362,home,2531,0,3,played,9,0,False,45,0,0,0,0,0,0,,46,,0,0
306143,Valdu Té,2026-04-10T10:00:00+00:00,2025,BU1,1,False,4718205,29,4362,away,9599,0,1,played,9,14,False,90,0,0,0,0,0,0,,,,0,0
306143,Valdu Té,2026-04-05T14:00:00+00:00,2025,BU1,1,False,4718149,28,4362,home,156,2,2,played,9,14,False,74,0,0,0,0,0,0,,,74,0,0
532125,Georgi Trifonov,2026-07-26T16:00:00+00:00,2026,BU1,1,False,4909869,2,9599,away,967,3,0,played,99,14,False,57,0,0,0,0,0,0,13,,57,0,0
532125,Georgi Trifonov,2026-07-17T16:00:00+00:00,2026,BU1,1,False,4909854,1,9599,home,61955,2,2,played,99,0,False,1,0,0,0,0,0,0,,90,,0,0
532125,Georgi Trifonov,2026-05-22T15:00:00+00:00,2025,BU1,1,False,4866453,37,4362,away,40416,1,1,played,99,0,False,45,1,0,0,0,0,0,60,46,,0,0
532125,Georgi Trifonov,2026-05-18T16:30:00+00:00,2025,BU1,1,False,4866448,36,4362,home,26462,1,2,played,99,0,False,45,1,0,0,0,0,0,,46,,0,0
532125,Georgi Trifonov,2026-05-13T12:15:00+00:00,2025,BU1,1,False,4866446,35,4362,away,675,2,0,played,99,0,False,10,0,0,0,0,0,0,,80,,0,0
532125,Georgi Trifonov,2026-05-10T16:15:00+00:00,2025,BU1,1,False,4866440,34,4362,home,6764,0,1,played,99,0,False,9,0,0,0,0,0,0,,81,,0,0
532125,Georgi Trifonov,2026-05-06T17:00:00+00:00,2025,BU1,1,False,4866436,33,4362,away,9599,1,1,played,99,0,False,5,0,0,0,0,0,0,,85,,0,0
532125,Georgi Trifonov,2026-05-01T17:00:00+00:00,2025,BU1,1,False,4866433,32,4362,home,730,0,3,played,99,14,False,60,0,0,0,0,0,0,,,60,0,0
532125,Georgi Trifonov,2026-04-27T14:30:00+00:00,2025,BU1,1,False,4866427,31,4362,away,24078,0,1,played,99,0,False,17,0,0,0,0,0,0,,73,,0,0
532125,Georgi Trifonov,2026-04-14T17:30:00+00:00,2025,BU1,1,False,4718168,30,4362,home,2531,0,3,played,99,14,False,45,0,0,0,0,0,0,,,46,0,0
986382,Gabriel Carvalho,2026-05-22T15:00:00+00:00,2025,BU1,1,False,4866453,37,4362,away,40416,1,1,not in squad,,,False,0,0,0,0,0,0,0,,,,0,0
986382,Gabriel Carvalho,2026-05-18T16:30:00+00:00,2025,BU1,1,False,4866448,36,4362,home,26462,1,2,not in squad,,,False,0,0,0,0,0,0,0,,,,0,0
986382,Gabriel Carvalho,2026-05-13T12:15:00+00:00,2025,BU1,1,False,4866446,35,4362,away,675,2,0,not in squad,,,False,0,0,0,0,0,0,0,,,,0,0
986382,Gabriel Carvalho,2026-05-10T16:15:00+00:00,2025,BU1,1,False,4866440,34,4362,home,6764,0,1,in squad,30,,False,0,0,0,0,0,0,0,,,,0,0
986382,Gabriel Carvalho,2026-05-06T17:00:00+00:00,2025,BU1,1,False,4866436,33,4362,away,9599,1,1,not in squad,,,False,0,0,0,0,0,0,0,,,,0,0
986382,Gabriel Carvalho,2026-05-01T17:00:00+00:00,2025,BU1,1,False,4866433,32,4362,home,730,0,3,not in squad,,,False,0,0,0,0,0,0,0,,,,0,0
986382,Gabriel Carvalho,2026-04-27T14:30:00+00:00,2025,BU1,1,False,4866427,31,4362,away,24078,0,1,not in squad,,,False,0,0,0,0,0,0,0,,,,0,0
986382,Gabriel Carvalho,2026-04-14T17:30:00+00:00,2025,BU1,1,False,4718168,30,4362,home,2531,0,3,played,30,0,False,25,0,0,0,0,0,0,,65,,0,0
986382,Gabriel Carvalho,2026-04-10T10:00:00+00:00,2025,BU1,1,False,4718205,29,4362,away,9599,0,1,in squad,30,,False,0,0,0,0,0,0,0,,,,0,0
986382,Gabriel Carvalho,2026-04-05T14:00:00+00:00,2025,BU1,1,False,4718149,28,4362,home,156,2,2,in squad,30,,False,0,0,0,0,0,0,0,,,,0,0
339770,Vasil Simeonov,2026-07-25T15:30:00+00:00,2026,BU2,2,False,4909817,1,24078,away,19784,2,2,not in squad,,,False,0,0,0,0,0,0,0,,,,0,0
339770,Vasil Simeonov,2026-05-22T12:30:00+00:00,2025,BU1,1,False,4866454,37,24078,away,675,0,2,played,30,1,True,90,0,0,0,0,0,0,,,,0,0
339770,Vasil Simeonov,2026-05-18T16:30:00+00:00,2025,BU1,1,False,4866449,36,24078,home,9599,0,2,played,30,1,True,90,0,0,0,0,0,0,,,,0,0
339770,Vasil Simeonov,2026-05-14T14:45:00+00:00,2025,BU1,1,False,4866443,35,24078,away,26462,0,1,played,30,1,True,90,0,0,0,0,0,0,,,,0,0
339770,Vasil Simeonov,2026-05-09T10:45:00+00:00,2025,BU1,1,False,4866441,34,24078,home,730,2,2,in squad,30,,False,0,0,0,0,0,0,0,,,,0,0
339770,Vasil Simeonov,2026-05-05T14:30:00+00:00,2025,BU1,1,False,4866435,33,24078,away,6764,2,2,in squad,30,,False,0,0,0,0,0,0,0,,,,0,0
339770,Vasil Simeonov,2026-05-01T14:30:00+00:00,2025,BU1,1,False,4866434,32,24078,away,40416,1,1,in squad,30,,False,0,0,0,0,0,0,0,,,,0,0
339770,Vasil Simeonov,2026-04-27T14:30:00+00:00,2025,BU1,1,False,4866427,31,24078,home,4362,1,0,in squad,30,,False,0,0,0,0,0,0,0,,,,0,0
339770,Vasil Simeonov,2026-04-16T16:30:00+00:00,2025,BU1,1,False,4718175,30,24078,home,675,0,0,in squad,30,,False,0,0,0,0,0,0,0,,,,0,0
339770,Vasil Simeonov,2026-04-08T15:00:00+00:00,2025,BU1,1,False,4718203,29,24078,home,208,0,1,in squad,30,,False,0,0,0,0,0,0,0,,,,0,0
398048,Márcio Rosa,2026-07-25T15:30:00+00:00,2026,BU2,2,False,4909817,1,24078,away,19784,2,2,not in squad,,,False,0,0,0,0,0,0,0,,,,0,0
398048,Márcio Rosa,2026-07-03T22:00:00+00:00,2025,FIWC,11,True,4776692,4,4311,away,3437,2,3,in squad,12,,False,0,0,0,0,0,0,0,,,,0,0
398048,Márcio Rosa,2026-06-27T00:00:00+00:00,2025,FIWC,11,True,4776662,3,4311,away,3807,0,0,in squad,12,,False,0,0,0,0,0,0,0,,,,0,0
398048,Márcio Rosa,2026-06-21T22:00:00+00:00,2025,FIWC,11,True,4776638,2,4311,away,3449,2,2,in squad,12,,False,0,0,0,0,0,0,0,,,,0,0
398048,Márcio Rosa,2026-06-15T16:00:00+00:00,2025,FIWC,11,True,4776613,1,4311,away,3375,0,0,in squad,12,,False,0,0,0,0,0,0,0,,,,0,0
398048,Márcio Rosa,2026-06-06T20:00:00+00:00,2025,FS,11,True,4894113,35,4311,home,15735,3,0,played,12,0,False,90,0,0,0,0,0,0,,,,0,0
398048,Márcio Rosa,2026-05-31T15:00:00+00:00,2025,FS,11,True,4884489,5,4311,home,3438,3,0,in squad,12,,False,0,0,0,0,0,0,0,,,,0,0
398048,Márcio Rosa,2026-05-22T12:30:00+00:00,2025,BU1,1,False,4866454,37,24078,away,675,0,2,not in squad,,,False,0,0,0,0,0,0,0,,,,0,0
398048,Márcio Rosa,2026-05-18T16:30:00+00:00,2025,BU1,1,False,4866449,36,24078,home,9599,0,2,not in squad,,,False,0,0,0,0,0,0,0,,,,0,0
398048,Márcio Rosa,2026-05-14T14:45:00+00:00,2025,BU1,1,False,4866443,35,24078,away,26462,0,1,in squad,1,,False,0,0,0,0,0,0,0,,,,0,0
398048,Márcio Rosa,2026-05-09T10:45:00+00:00,2025,BU1,1,False,4866441,34,24078,home,730,2,2,played,1,1,False,90,0,0,0,0,0,0,90,,,0,0
398048,Márcio Rosa,2026-05-05T14:30:00+00:00,2025,BU1,1,False,4866435,33,24078,away,6764,2,2,played,1,1,False,90,0,0,0,0,0,0,,,,0,0
398048,Márcio Rosa,2026-05-01T14:30:00+00:00,2025,BU1,1,False,4866434,32,24078,away,40416,1,1,played,1,1,False,90,0,0,0,0,0,0,,,,0,0
832528,Yuliyan Veskov,2026-07-25T15:30:00+00:00,2026,BU2,2,False,4909817,1,24078,away,19784,2,2,not in squad,,,False,0,0,0,0,0,0,0,,,,0,0
832528,Yuliyan Veskov,2026-05-23T15:00:00+00:00,2025,BU2,2,False,4718046,34,19784,home,26563,1,0,in squad,33,,False,0,0,0,0,0,0,0,,,,0,0
832528,Yuliyan Veskov,2026-05-15T15:00:00+00:00,2025,BU2,2,False,4718032,33,19784,away,4494,0,1,in squad,33,,False,0,0,0,0,0,0,0,,,,0,0
832528,Yuliyan Veskov,2026-05-11T15:00:00+00:00,2025,BU2,2,False,4718027,32,19784,home,521,2,0,in squad,33,,False,0,0,0,0,0,0,0,,,,0,0
832528,Yuliyan Veskov,2026-05-02T15:00:00+00:00,2025,BU2,2,False,4718015,31,19784,away,2190,0,3,in squad,33,,False,0,0,0,0,0,0,0,,,,0,0
832528,Yuliyan Veskov,2026-04-26T12:00:00+00:00,2025,BU2,2,False,4718008,30,19784,home,19780,3,2,in squad,33,,False,0,0,0,0,0,0,0,,,,0,0
832528,Yuliyan Veskov,2026-04-16T14:00:00+00:00,2025,BU2,2,False,4717998,29,19784,away,11255,1,4,in squad,33,,False,0,0,0,0,0,0,0,,,,0,0
832528,Yuliyan Veskov,2026-04-10T14:00:00+00:00,2025,BU2,2,False,4717989,28,19784,home,9524,0,1,in squad,33,,False,0,0,0,0,0,0,0,,,,0,0
832528,Yuliyan Veskov,2026-04-04T14:00:00+00:00,2025,BU2,2,False,4717981,27,19784,away,4503,0,0,in squad,33,,False,0,0,0,0,0,0,0,,,,0,0
832528,Yuliyan Veskov,2026-03-29T13:30:00+00:00,2025,BU2,2,False,4717970,26,19784,home,36821,0,1,in squad,33,,False,0,0,0,0,0,0,0,,,,0,0
283073,David Malembana,2026-07-24T18:15:00+00:00,2026,BU1,1,False,4909866,2,675,away,40604,0,1,played,5,3,False,90,0,0,0,0,0,0,,,,0,0
283073,David Malembana,2026-07-20T16:15:00+00:00,2026,BU1,1,False,4909858,1,675,home,208,0,0,played,5,3,False,90,0,0,0,0,0,0,,,,0,0
283073,David Malembana,2026-05-22T12:30:00+00:00,2025,BU1,1,False,4866454,37,675,home,24078,2,0,not in squad,,,False,0,0,0,0,0,0,0,,,,0,0
283073,David Malembana,2026-05-18T16:30:00+00:00,2025,BU1,1,False,4866450,36,675,away,730,0,2,played,15,3,False,90,0,0,0,0,0,0,,,,0,0
283073,David Malembana,2026-05-13T12:15:00+00:00,2025,BU1,1,False,4866446,35,675,home,4362,0,2,played,15,3,False,90,0,0,0,0,0,0,,,,0,0
283073,David Malembana,2026-05-10T11:15:00+00:00,2025,BU1,1,False,4866442,34,675,away,9599,1,2,played,15,3,False,90,0,0,0,0,0,0,,,,0,0
283073,David Malembana,2026-05-06T14:30:00+00:00,2025,BU1,1,False,4866438,33,675,home,40416,2,1,played,15,3,False,90,0,0,0,0,0,0,,,,0,0
283073,David Malembana,2026-05-02T11:00:00+00:00,2025,BU1,1,False,4866431,32,675,away,6764,0,3,played,15,3,False,90,0,0,0,0,0,0,,,,0,0
283073,David Malembana,2026-04-26T11:00:00+00:00,2025,BU1,1,False,4866430,31,675,home,26462,1,1,played,15,3,False,70,1,0,0,0,0,0,34,,70,0,0
283073,David Malembana,2026-04-16T16:30:00+00:00,2025,BU1,1,False,4718175,30,675,away,24078,0,0,played,15,3,False,90,0,0,0,0,0,0,,,,0,0
465849,Martin Mihaylov,2026-07-24T15:45:00+00:00,2026,BU2,2,False,4909823,1,26563,away,6764,1,2,not in squad,,,False,0,0,0,0,0,0,0,,,,0,0
465849,Martin Mihaylov,2026-05-23T15:00:00+00:00,2025,BU2,2,False,4718046,34,26563,away,19784,0,1,not in squad,,,False,0,0,0,0,0,0,0,,,,0,0
465849,Martin Mihaylov,2026-05-15T15:00:00+00:00,2025,BU2,2,False,4718031,33,26563,home,5284,1,1,not in squad,,,False,0,0,0,0,0,0,0,,,,0,0
465849,Martin Mihaylov,2026-05-10T15:30:00+00:00,2025,BU2,2,False,4718029,32,26563,away,712,1,0,not in squad,,,False,0,0,0,0,0,0,0,,,,0,0
465849,Martin Mihaylov,2026-05-04T15:30:00+00:00,2025,BU2,2,False,4718012,31,26563,home,40678,1,2,not in squad,,,False,0,0,0,0,0,0,0,,,,0,0
465849,Martin Mihaylov,2026-04-27T15:30:00+00:00,2025,BU2,2,False,4718011,30,26563,home,4494,1,3,played,55,0,False,90,0,0,0,0,0,0,43,,,0,0
465849,Martin Mihaylov,2026-04-22T14:00:00+00:00,2025,BU2,2,False,4717961,25,26563,away,9524,0,2,played,55,0,False,90,0,0,0,0,0,0,,,,0,0
465849,Martin Mihaylov,2026-04-16T15:00:00+00:00,2025,BU2,2,False,4717995,29,26563,away,521,2,2,played,55,0,False,90,0,0,0,0,0,0,,,,0,0
465849,Martin Mihaylov,2026-04-09T15:30:00+00:00,2025,BU2,2,False,4717992,28,26563,home,2190,4,3,played,55,0,False,90,2,1,0,0,0,0,,,,0,0
465849,Martin Mihaylov,2026-04-04T14:00:00+00:00,2025,BU2,2,False,4717978,27,26563,away,19780,0,0,played,55,0,False,90,0,0,0,0,0,0,,,,0,0
415517,Borislav Vakadinov,2026-07-24T15:45:00+00:00,2026,BU2,2,False,4909823,1,6764,home,26563,2,1,not in squad,,,False,0,0,0,0,0,0,0,,,,0,0
415517,Borislav Vakadinov,2026-05-23T15:00:00+00:00,2025,BU2,2,False,4718047,34,5284,home,712,1,0,not in squad,,,False,0,0,0,0,0,0,0,,,,0,0
415517,Borislav Vakadinov,2026-05-15T15:00:00+00:00,2025,BU2,2,False,4718031,33,5284,away,26563,1,1,played,99,0,False,45,0,0,0,0,0,0,,46,,0,0
415517,Borislav Vakadinov,2026-05-11T15:00:00+00:00,2025,BU2,2,False,4718028,32,5284,home,4494,3,0,not in squad,,,False,0,0,0,0,0,0,0,,,,0,0
415517,Borislav Vakadinov,2026-05-02T15:00:00+00:00,2025,BU2,2,False,4718014,31,5284,away,521,0,0,played,99,0,False,51,0,0,0,0,0,0,,,51,0,0
415517,Borislav Vakadinov,2026-04-25T14:00:00+00:00,2025,BU2,2,False,4718009,30,5284,home,2190,2,1,played,99,0,False,90,0,1,0,0,0,0,,,,0,0
415517,Borislav Vakadinov,2026-04-17T16:30:00+00:00,2025,BU2,2,False,4717997,29,5284,away,19780,0,0,played,99,0,False,90,0,0,0,0,0,0,,,,0,0
415517,Borislav Vakadinov,2026-04-10T14:00:00+00:00,2025,BU2,2,False,4717990,28,5284,home,11255,1,0,played,99,0,False,90,0,0,0,0,0,0,57,,,0,0
415517,Borislav Vakadinov,2026-04-05T14:00:00+00:00,2025,BU2,2,False,4717980,27,5284,away,9524,1,0,played,99,0,False,90,0,0,0,0,0,0,,,,0,0
415517,Borislav Vakadinov,2026-03-29T13:30:00+00:00,2025,BU2,2,False,4717971,26,5284,home,4503,0,0,played,99,0,False,90,0,0,0,0,0,0,,,,0,0
851822,Nikola Borisov,2026-07-25T15:30:00+00:00,2026,BU2,2,False,4909818,1,712,away,8321,5,1,not in squad,,,False,0,0,0,0,0,0,0,,,,0,0
851822,Nikola Borisov,2026-05-23T15:00:00+00:00,2025,BU2,2,False,4718047,34,712,away,5284,0,1,played,15,0,False,90,0,0,0,0,0,0,,,,0,0
851822,Nikola Borisov,2026-05-15T15:00:00+00:00,2025,BU2,2,False,4718030,33,712,home,40678,1,0,in squad,15,,False,0,0,0,0,0,0,0,,,,0,0
851822,Nikola Borisov,2026-05-10T15:30:00+00:00,2025,BU2,2,False,4718029,32,712,home,26563,0,1,played,15,0,False,90,0,0,0,0,0,0,,,,0,0
851822,Nikola Borisov,2026-05-03T15:00:00+00:00,2025,BU2,2,False,4718013,31,712,away,4494,1,1,played,15,0,False,90,0,0,0,0,0,0,84,,,0,0
851822,Nikola Borisov,2026-04-25T14:00:00+00:00,2025,BU2,2,False,4718010,30,712,home,521,3,2,played,15,0,False,90,2,0,0,0,0,0,,,,0,0
851822,Nikola Borisov,2026-04-17T14:00:00+00:00,2025,BU2,2,False,4717996,29,712,away,2190,4,2,played,15,0,False,90,0,0,0,0,0,0,,,,0,0
851822,Nikola Borisov,2026-04-13T09:45:00+00:00,2025,BU2,2,False,4717991,28,712,home,19780,0,0,played,15,3,False,90,0,0,0,0,0,0,,,,0,0
851822,Nikola Borisov,2026-04-04T14:00:00+00:00,2025,BU2,2,False,4717979,27,712,away,11255,2,2,played,15,0,False,90,0,0,0,0,0,0,,,,0,0
851822,Nikola Borisov,2026-03-29T13:30:00+00:00,2025,BU2,2,False,4717972,26,712,home,9524,3,1,played,15,0,False,90,0,0,0,0,0,0,,,,0,0
351798,Dimitar Burov,2026-07-24T18:15:00+00:00,2026,BU1,1,False,4909866,2,675,away,40604,0,1,played,26,4,False,90,0,0,0,0,0,0,,,,0,0
351798,Dimitar Burov,2026-07-20T16:15:00+00:00,2026,BU1,1,False,4909858,1,675,home,208,0,0,played,26,4,False,90,0,0,0,0,0,0,,,,0,0
351798,Dimitar Burov,2026-05-22T12:30:00+00:00,2025,BU1,1,False,4866454,37,24078,away,675,0,2,played,14,9,False,90,0,0,0,0,0,0,,,,0,0
351798,Dimitar Burov,2026-05-18T16:30:00+00:00,2025,BU1,1,False,4866449,36,24078,home,9599,0,2,played,14,4,False,90,0,0,0,0,0,0,,,,0,0
351798,Dimitar Burov,2026-05-14T14:45:00+00:00,2025,BU1,1,False,4866443,35,24078,away,26462,0,1,played,14,9,False,90,0,0,0,0,0,0,,,,0,0
351798,Dimitar Burov,2026-05-09T10:45:00+00:00,2025,BU1,1,False,4866441,34,24078,home,730,2,2,played,14,4,True,90,0,1,0,0,0,0,,,,0,0
351798,Dimitar Burov,2026-05-05T14:30:00+00:00,2025,BU1,1,False,4866435,33,24078,away,6764,2,2,played,14,4,True,90,0,0,0,0,0,0,,,,0,0
351798,Dimitar Burov,2026-05-01T14:30:00+00:00,2025,BU1,1,False,4866434,32,24078,away,40416,1,1,played,14,4,True,90,0,0,0,0,0,0,,,,0,0
351798,Dimitar Burov,2026-04-27T14:30:00+00:00,2025,BU1,1,False,4866427,31,24078,home,4362,1,0,played,14,4,True,90,0,0,0,0,0,0,73,,,0,0
351798,Dimitar Burov,2026-04-16T16:30:00+00:00,2025,BU1,1,False,4718175,30,24078,home,675,0,0,played,14,4,True,90,0,0,0,0,0,0,,,,0,0
797950,Kostadin Iliev,2026-07-25T16:00:00+00:00,2026,BU1,1,False,4909867,2,61955,home,26462,2,1,played,70,3,False,90,0,0,0,0,0,0,,,,0,0
797950,Kostadin Iliev,2026-07-22T18:30:00+00:00,2026,ECLQ,10,False,4897990,3,61955,away,365,0,0,not in squad,,,False,0,0,0,0,0,0,0,,,,0,0
797950,Kostadin Iliev,2026-07-17T16:00:00+00:00,2026,BU1,1,False,4909854,1,61955,away,9599,2,2,in squad,70,,False,0,0,0,0,0,0,0,,,,0,0
797950,Kostadin Iliev,2026-05-22T12:30:00+00:00,2025,BU1,1,False,4866454,37,24078,away,675,0,2,not in squad,,,False,0,0,0,0,0,0,0,,,,0,0
797950,Kostadin Iliev,2026-05-18T16:30:00+00:00,2025,BU1,1,False,4866449,36,24078,home,9599,0,2,not in squad,,,False,0,0,0,0,0,0,0,,,,0,0
797950,Kostadin Iliev,2026-05-14T14:45:00+00:00,2025,BU1,1,False,4866443,35,24078,away,26462,0,1,played,18,3,False,40,0,0,0,0,0,0,,,40,0,0
797950,Kostadin Iliev,2026-05-09T10:45:00+00:00,2025,BU1,1,False,4866441,34,24078,home,730,2,2,played,18,3,False,90,0,0,0,0,0,0,,,,0,0
797950,Kostadin Iliev,2026-05-05T14:30:00+00:00,2025,BU1,1,False,4866435,33,24078,away,6764,2,2,played,18,3,False,90,0,0,0,0,0,0,75,,,0,0
797950,Kostadin Iliev,2026-05-01T14:30:00+00:00,2025,BU1,1,False,4866434,32,24078,away,40416,1,1,played,18,3,False,90,0,0,0,0,0,0,,,,0,0
797950,Kostadin Iliev,2026-04-27T14:30:00+00:00,2025,BU1,1,False,4866427,31,24078,home,4362,1,0,played,18,3,False,90,0,0,0,0,0,0,,,,0,0
251846,David Carmona,2026-07-25T13:00:00+00:00,2025,KAS1,1,False,4835055,19,107095,home,10540,1,2,played,2,5,False,85,0,0,0,0,0,0,,,85,0,0
251846,David Carmona,2026-07-18T13:00:00+00:00,2025,KAS1,1,False,4835048,18,107095,away,12019,1,1,played,2,5,False,90,0,0,0,0,0,0,,,,0,0
251846,David Carmona,2026-07-12T13:00:00+00:00,2025,KAS1,1,False,4835040,17,107095,home,19294,1,0,played,2,5,False,90,0,0,0,0,0,0,9,,,0,0
251846,David Carmona,2026-07-05T15:00:00+00:00,2025,KAS1,1,False,4835032,16,107095,away,16779,0,1,in squad,2,,False,0,0,0,0,0,0,0,,,,0,0
251846,David Carmona,2026-06-28T13:00:00+00:00,2025,KAS1,1,False,4835026,15,107095,home,16779,0,1,played,2,5,False,15,0,0,0,0,0,0,,75,,0,0
251846,David Carmona,2026-05-22T12:30:00+00:00,2025,BU1,1,False,4866454,37,24078,away,675,0,2,played,16,8,False,90,0,0,0,0,0,0,,,,0,0
251846,David Carmona,2026-05-18T16:30:00+00:00,2025,BU1,1,False,4866449,36,24078,home,9599,0,2,in squad,16,,False,0,0,0,0,0,0,0,,,,0,0
251846,David Carmona,2026-05-14T14:45:00+00:00,2025,BU1,1,False,4866443,35,24078,away,26462,0,1,played,16,8,False,90,0,0,0,0,0,0,,,,0,0
251846,David Carmona,2026-05-09T10:45:00+00:00,2025,BU1,1,False,4866441,34,24078,home,730,2,2,played,16,5,False,90,0,0,0,0,0,0,,,,0,0
251846,David Carmona,2026-05-05T14:30:00+00:00,2025,BU1,1,False,4866435,33,24078,away,6764,2,2,played,16,5,False,90,0,1,0,0,0,0,,,,0,0
251846,David Carmona,2026-05-01T14:30:00+00:00,2025,BU1,1,False,4866434,32,24078,away,40416,1,1,played,16,5,False,90,0,0,0,0,0,0,,,,0,0
909270,Denis Dinev,2026-07-24T15:45:00+00:00,2026,BU2,2,False,4909823,1,6764,home,26563,2,1,not in squad,,,False,0,0,0,0,0,0,0,,,,0,0
909270,Denis Dinev,2026-05-23T15:00:00+00:00,2025,BU2,2,False,4718040,34,9524,away,36821,3,0,played,93,0,False,90,0,0,0,0,0,0,,,,0,0
909270,Denis Dinev,2026-05-11T15:00:00+00:00,2025,BU2,2,False,4718023,32,9524,away,19215,2,1,played,93,0,False,90,0,0,0,0,0,0,,,,0,0
909270,Denis Dinev,2026-05-04T12:30:00+00:00,2025,BU2,2,False,4718018,31,9524,home,29268,0,1,played,93,0,False,90,0,0,0,0,0,0,,,,0,0
909270,Denis Dinev,2026-04-26T14:00:00+00:00,2025,BU2,2,False,4718006,30,9524,away,109262,2,2,played,93,0,False,37,0,0,0,0,0,0,76,53,,0,0
909270,Denis Dinev,2026-04-22T14:00:00+00:00,2025,BU2,2,False,4717961,25,9524,home,26563,2,0,played,93,0,False,90,0,0,0,0,0,0,,,,0,0
909270,Denis Dinev,2026-04-17T14:00:00+00:00,2025,BU2,2,False,4717999,29,9524,home,1851,6,1,played,93,0,False,21,0,0,0,0,0,0,,69,,0,0
909270,Denis Dinev,2026-04-10T14:00:00+00:00,2025,BU2,2,False,4717989,28,9524,away,19784,1,0,played,93,0,False,90,0,0,0,0,0,0,,,,0,0
909270,Denis Dinev,2026-04-05T14:00:00+00:00,2025,BU2,2,False,4717980,27,9524,home,5284,0,1,in squad,93,,False,0,0,0,0,0,0,0,,,,0,0
909270,Denis Dinev,2026-03-29T13:30:00+00:00,2025,BU2,2,False,4717972,26,9524,away,712,1,3,played,93,0,False,90,0,0,0,0,0,0,,,,0,0
575889,Christopher Acheampong,2026-07-25T16:00:00+00:00,2026,BU1,1,False,4909867,2,61955,home,26462,2,1,not in squad,,,False,0,0,0,0,0,0,0,,,,0,0
575889,Christopher Acheampong,2026-07-22T18:30:00+00:00,2026,ECLQ,10,False,4897990,3,61955,away,365,0,0,not in squad,,,False,0,0,0,0,0,0,0,,,,0,0
575889,Christopher Acheampong,2026-07-17T16:00:00+00:00,2026,BU1,1,False,4909854,1,61955,away,9599,2,2,not in squad,,,False,0,0,0,0,0,0,0,,,,0,0
575889,Christopher Acheampong,2026-05-22T12:30:00+00:00,2025,BU1,1,False,4866454,37,24078,away,675,0,2,not in squad,,,False,0,0,0,0,0,0,0,,,,0,0
575889,Christopher Acheampong,2026-05-18T16:30:00+00:00,2025,BU1,1,False,4866449,36,24078,home,9599,0,2,played,15,5,False,90,0,0,0,0,0,0,,,,0,0
575889,Christopher Acheampong,2026-05-14T14:45:00+00:00,2025,BU1,1,False,4866443,35,24078,away,26462,0,1,in squad,15,,False,0,0,0,0,0,0,0,,,,0,0
575889,Christopher Acheampong,2026-05-09T10:45:00+00:00,2025,BU1,1,False,4866441,34,24078,home,730,2,2,in squad,15,,False,0,0,0,0,0,0,0,,,,0,0
575889,Christopher Acheampong,2026-05-05T14:30:00+00:00,2025,BU1,1,False,4866435,33,24078,away,6764,2,2,in squad,15,,False,0,0,0,0,0,0,0,,,,0,0
575889,Christopher Acheampong,2026-05-01T14:30:00+00:00,2025,BU1,1,False,4866434,32,24078,away,40416,1,1,not in squad,,,False,0,0,0,0,0,0,0,,,,0,0
575889,Christopher Acheampong,2026-04-27T14:30:00+00:00,2025,BU1,1,False,4866427,31,24078,home,4362,1,0,not in squad,,,False,0,0,0,0,0,0,0,,,,0,0
471477,Arian Mrsulja,2026-05-22T12:30:00+00:00,2025,BU1,1,False,4866454,37,24078,away,675,0,2,not in squad,,,False,0,0,0,0,0,0,0,,,,0,0
471477,Arian Mrsulja,2026-05-18T16:30:00+00:00,2025,BU1,1,False,4866449,36,24078,home,9599,0,2,not in squad,,,False,0,0,0,0,0,0,0,,,,0,0
471477,Arian Mrsulja,2026-05-14T14:45:00+00:00,2025,BU1,1,False,4866443,35,24078,away,26462,0,1,not in squad,,,False,0,0,0,0,0,0,0,,,,0,0
471477,Arian Mrsulja,2026-05-09T10:45:00+00:00,2025,BU1,1,False,4866441,34,24078,home,730,2,2,not in squad,,,False,0,0,0,0,0,0,0,,,,0,0
471477,Arian Mrsulja,2026-05-05T14:30:00+00:00,2025,BU1,1,False,4866435,33,24078,away,6764,2,2,not in squad,,,False,0,0,0,0,0,0,0,,,,0,0
471477,Arian Mrsulja,2026-05-01T14:30:00+00:00,2025,BU1,1,False,4866434,32,24078,away,40416,1,1,not in squad,,,False,0,0,0,0,0,0,0,,,,0,0
471477,Arian Mrsulja,2026-04-27T14:30:00+00:00,2025,BU1,1,False,4866427,31,24078,home,4362,1,0,not in squad,,,False,0,0,0,0,0,0,0,,,,0,0
471477,Arian Mrsulja,2026-04-16T16:30:00+00:00,2025,BU1,1,False,4718175,30,24078,home,675,0,0,not in squad,,,False,0,0,0,0,0,0,0,,,,0,0
471477,Arian Mrsulja,2026-04-08T15:00:00+00:00,2025,BU1,1,False,4718203,29,24078,home,208,0,1,not in squad,,,False,0,0,0,0,0,0,0,,,,0,0
471477,Arian Mrsulja,2026-04-04T11:30:00+00:00,2025,BU1,1,False,4718147,28,24078,away,40604,1,2,not in squad,,,False,0,0,0,0,0,0,0,,,,0,0
520102,Jorginho Soares,2026-05-22T12:30:00+00:00,2025,BU1,1,False,4866454,37,24078,away,675,0,2,played,13,3,False,90,0,0,0,0,0,0,,,,0,0
520102,Jorginho Soares,2026-05-18T16:30:00+00:00,2025,BU1,1,False,4866449,36,24078,home,9599,0,2,played,13,3,False,90,0,0,0,0,0,0,,,,0,0
520102,Jorginho Soares,2026-05-14T14:45:00+00:00,2025,BU1,1,False,4866443,35,24078,away,26462,0,1,played,13,3,False,90,0,0,0,0,0,0,66,,,0,0
520102,Jorginho Soares,2026-05-09T10:45:00+00:00,2025,BU1,1,False,4866441,34,24078,home,730,2,2,played,13,3,False,90,0,0,0,0,0,0,,,,0,0
520102,Jorginho Soares,2026-05-05T14:30:00+00:00,2025,BU1,1,False,4866435,33,24078,away,6764,2,2,played,13,3,False,90,0,0,0,0,0,0,,,,0,0
520102,Jorginho Soares,2026-05-01T14:30:00+00:00,2025,BU1,1,False,4866434,32,24078,away,40416,1,1,played,13,3,False,90,0,0,0,0,0,0,,,,0,0
520102,Jorginho Soares,2026-04-27T14:30:00+00:00,2025,BU1,1,False,4866427,31,24078,home,4362,1,0,played,13,3,False,90,0,0,0,0,0,0,33,,,0,0
520102,Jorginho Soares,2026-04-16T16:30:00+00:00,2025,BU1,1,False,4718175,30,24078,home,675,0,0,played,13,3,False,90,0,0,0,0,0,0,,,,0,0
520102,Jorginho Soares,2026-04-08T15:00:00+00:00,2025,BU1,1,False,4718203,29,24078,home,208,0,1,played,13,3,False,90,0,0,0,0,0,0,,,,0,0
520102,Jorginho Soares,2026-04-04T11:30:00+00:00,2025,BU1,1,False,4718147,28,24078,away,40604,1,2,played,13,3,False,90,1,0,0,0,0,0,,,,0,0
1072965,Solomon James,2026-07-24T14:00:00+00:00,2025,LTU2,2,False,4906389,17,23562,home,77078,4,2,played,25,0,False,90,0,0,0,0,0,0,,,,0,0
1072965,Solomon James,2026-07-19T11:00:00+00:00,2025,LTU2,2,False,4906382,16,23562,home,97478,3,1,played,25,0,False,90,0,0,0,0,0,0,,,,0,0
1072965,Solomon James,2026-07-01T15:00:00+00:00,2025,LTU2,2,False,4836621,1,23562,away,97478,3,1,played,25,4,False,90,0,0,0,0,0,0,,,,0,0
1072965,Solomon James,2026-06-27T13:00:00+00:00,2025,LTU2,2,False,4838336,15,23562,away,119181,1,0,played,25,0,False,25,0,0,0,0,0,0,,65,,0,0
1072965,Solomon James,2026-05-22T12:30:00+00:00,2025,BU1,1,False,4866454,37,24078,away,675,0,2,not in squad,,,False,0,0,0,0,0,0,0,,,,0,0
1072965,Solomon James,2026-05-18T16:30:00+00:00,2025,BU1,1,False,4866449,36,24078,home,9599,0,2,not in squad,,,False,0,0,0,0,0,0,0,,,,0,0
1072965,Solomon James,2026-05-14T14:45:00+00:00,2025,BU1,1,False,4866443,35,24078,away,26462,0,1,not in squad,,,False,0,0,0,0,0,0,0,,,,0,0
1072965,Solomon James,2026-05-09T10:45:00+00:00,2025,BU1,1,False,4866441,34,24078,home,730,2,2,not in squad,,,False,0,0,0,0,0,0,0,,,,0,0
1072965,Solomon James,2026-05-05T14:30:00+00:00,2025,BU1,1,False,4866435,33,24078,away,6764,2,2,not in squad,,,False,0,0,0,0,0,0,0,,,,0,0
1072965,Solomon James,2026-05-01T14:30:00+00:00,2025,BU1,1,False,4866434,32,24078,away,40416,1,1,in squad,25,,False,0,0,0,0,0,0,0,,,,0,0
293611,Ivaylo Markov,2026-05-22T12:30:00+00:00,2025,BU1,1,False,4866454,37,24078,away,675,0,2,played,5,3,False,90,0,0,0,0,0,0,,,,0,0
293611,Ivaylo Markov,2026-05-18T16:30:00+00:00,2025,BU1,1,False,4866449,36,24078,home,9599,0,2,played,5,3,False,90,0,0,0,0,0,0,,,,0,0
293611,Ivaylo Markov,2026-05-14T14:45:00+00:00,2025,BU1,1,False,4866443,35,24078,away,26462,0,1,played,5,3,False,90,0,0,0,0,0,0,61,,,0,0
293611,Ivaylo Markov,2026-05-09T10:45:00+00:00,2025,BU1,1,False,4866441,34,24078,home,730,2,2,played,5,3,False,90,0,0,0,0,0,0,90,,,0,0
293611,Ivaylo Markov,2026-05-05T14:30:00+00:00,2025,BU1,1,False,4866435,33,24078,away,6764,2,2,played,5,3,False,90,0,0,0,0,0,0,,,,0,0
293611,Ivaylo Markov,2026-05-01T14:30:00+00:00,2025,BU1,1,False,4866434,32,24078,away,40416,1,1,played,5,3,False,90,0,0,0,0,0,0,57,,,0,0
293611,Ivaylo Markov,2026-04-27T14:30:00+00:00,2025,BU1,1,False,4866427,31,24078,home,4362,1,0,played,5,3,False,90,0,0,0,0,0,0,,,,0,0
293611,Ivaylo Markov,2026-04-16T16:30:00+00:00,2025,BU1,1,False,4718175,30,24078,home,675,0,0,played,5,3,False,66,0,0,0,0,0,0,,,66,0,0
293611,Ivaylo Markov,2026-04-08T15:00:00+00:00,2025,BU1,1,False,4718203,29,24078,home,208,0,1,played,5,3,False,90,0,0,0,0,0,0,,,,0,0
293611,Ivaylo Markov,2026-04-04T11:30:00+00:00,2025,BU1,1,False,4718147,28,24078,away,40604,1,2,played,5,3,False,90,0,0,0,0,0,0,,,,0,0
441894,Albin Linnér,2026-05-22T12:30:00+00:00,2025,BU1,1,False,4866454,37,24078,away,675,0,2,not in squad,,,False,0,0,0,0,0,0,0,,,,0,0
441894,Albin Linnér,2026-05-18T16:30:00+00:00,2025,BU1,1,False,4866449,36,24078,home,9599,0,2,not in squad,,,False,0,0,0,0,0,0,0,,,,0,0
441894,Albin Linnér,2026-05-14T14:45:00+00:00,2025,BU1,1,False,4866443,35,24078,away,26462,0,1,not in squad,,,False,0,0,0,0,0,0,0,,,,0,0
441894,Albin Linnér,2026-05-09T10:45:00+00:00,2025,BU1,1,False,4866441,34,24078,home,730,2,2,not in squad,,,False,0,0,0,0,0,0,0,,,,0,0
441894,Albin Linnér,2026-05-05T14:30:00+00:00,2025,BU1,1,False,4866435,33,24078,away,6764,2,2,not in squad,,,False,0,0,0,0,0,0,0,,,,0,0
441894,Albin Linnér,2026-05-01T14:30:00+00:00,2025,BU1,1,False,4866434,32,24078,away,40416,1,1,not in squad,,,False,0,0,0,0,0,0,0,,,,0,0
441894,Albin Linnér,2026-04-27T14:30:00+00:00,2025,BU1,1,False,4866427,31,24078,home,4362,1,0,not in squad,,,False,0,0,0,0,0,0,0,,,,0,0
441894,Albin Linnér,2026-04-16T16:30:00+00:00,2025,BU1,1,False,4718175,30,24078,home,675,0,0,not in squad,,,False,0,0,0,0,0,0,0,,,,0,0
441894,Albin Linnér,2026-04-08T15:00:00+00:00,2025,BU1,1,False,4718203,29,24078,home,208,0,1,in squad,3,,False,0,0,0,0,0,0,0,,,,0,0
441894,Albin Linnér,2026-04-04T11:30:00+00:00,2025,BU1,1,False,4718147,28,24078,away,40604,1,2,not in squad,,,False,0,0,0,0,0,0,0,,,,0,0
628951,Aleksandar Todorov,2026-07-26T16:00:00+00:00,2026,BU1,1,False,4909869,2,967,home,9599,0,3,played,14,0,False,18,0,0,0,0,0,0,,72,,0,0
628951,Aleksandar Todorov,2026-07-19T16:30:00+00:00,2026,BU1,1,False,4909853,1,967,away,26462,1,1,in squad,14,,False,0,0,0,0,0,0,0,,,,0,0
628951,Aleksandar Todorov,2026-05-22T12:30:00+00:00,2025,BU1,1,False,4866454,37,24078,away,675,0,2,played,10,10,False,45,0,0,0,0,0,0,,,46,0,0
628951,Aleksandar Todorov,2026-05-18T16:30:00+00:00,2025,BU1,1,False,4866449,36,24078,home,9599,0,2,played,10,0,False,49,0,0,0,0,0,0,,41,,0,0
628951,Aleksandar Todorov,2026-05-14T14:45:00+00:00,2025,BU1,1,False,4866443,35,24078,away,26462,0,1,played,10,6,False,77,0,0,0,0,0,0,,,77,0,0
628951,Aleksandar Todorov,2026-05-09T10:45:00+00:00,2025,BU1,1,False,4866441,34,24078,home,730,2,2,played,10,9,False,74,0,0,0,0,0,0,,,74,0,0
628951,Aleksandar Todorov,2026-05-05T14:30:00+00:00,2025,BU1,1,False,4866435,33,24078,away,6764,2,2,played,10,9,False,76,1,0,0,0,0,0,,,76,0,0
628951,Aleksandar Todorov,2026-05-01T14:30:00+00:00,2025,BU1,1,False,4866434,32,24078,away,40416,1,1,played,10,9,False,81,0,0,0,0,0,0,,,81,0,0
628951,Aleksandar Todorov,2026-04-27T14:30:00+00:00,2025,BU1,1,False,4866427,31,24078,home,4362,1,0,played,10,9,False,64,0,0,0,0,0,0,,,64,0,0
628951,Aleksandar Todorov,2026-04-16T16:30:00+00:00,2025,BU1,1,False,4718175,30,24078,home,675,0,0,played,10,9,False,90,0,0,0,0,0,0,,,,0,0
481122,Anton Tungarov,2026-05-22T12:30:00+00:00,2025,BU1,1,False,4866454,37,24078,away,675,0,2,played,23,3,False,86,0,0,0,0,0,0,,,86,0,0
481122,Anton Tungarov,2026-05-18T16:30:00+00:00,2025,BU1,1,False,4866449,36,24078,home,9599,0,2,played,23,7,False,90,0,0,0,0,0,0,,,,0,0
481122,Anton Tungarov,2026-05-14T14:45:00+00:00,2025,BU1,1,False,4866443,35,24078,away,26462,0,1,played,23,0,False,50,0,0,0,0,0,0,,40,,0,0
481122,Anton Tungarov,2026-05-09T10:45:00+00:00,2025,BU1,1,False,4866441,34,24078,home,730,2,2,played,23,0,False,16,0,0,0,0,0,0,,74,,0,0
481122,Anton Tungarov,2026-05-05T14:30:00+00:00,2025,BU1,1,False,4866435,33,24078,away,6764,2,2,played,23,0,False,39,0,0,0,0,0,0,,51,,0,0
481122,Anton Tungarov,2026-05-01T14:30:00+00:00,2025,BU1,1,False,4866434,32,24078,away,40416,1,1,in squad,23,,False,0,0,0,0,0,0,0,,,,0,0
481122,Anton Tungarov,2026-04-27T14:30:00+00:00,2025,BU1,1,False,4866427,31,24078,home,4362,1,0,played,23,0,False,26,0,0,0,0,0,0,,64,,0,0
481122,Anton Tungarov,2026-04-16T16:30:00+00:00,2025,BU1,1,False,4718175,30,24078,home,675,0,0,played,23,0,False,24,0,0,0,0,0,0,,66,,0,0
481122,Anton Tungarov,2026-04-08T15:00:00+00:00,2025,BU1,1,False,4718203,29,24078,home,208,0,1,played,23,8,True,71,0,0,0,0,0,0,,,71,0,0
481122,Anton Tungarov,2026-04-04T11:30:00+00:00,2025,BU1,1,False,4718147,28,24078,away,40604,1,2,in squad,23,,False,0,0,0,0,0,0,0,,,,0,0
609647,Angelos Tsingaras,2026-05-22T12:30:00+00:00,2025,BU1,1,False,4866454,37,24078,away,675,0,2,played,24,6,False,90,0,0,0,0,0,0,,,,0,0
609647,Angelos Tsingaras,2026-05-18T16:30:00+00:00,2025,BU1,1,False,4866449,36,24078,home,9599,0,2,played,24,0,False,31,0,0,0,0,0,0,,59,,0,0
609647,Angelos Tsingaras,2026-05-14T14:45:00+00:00,2025,BU1,1,False,4866443,35,24078,away,26462,0,1,played,24,6,False,90,0,0,0,0,0,0,,,,0,0
609647,Angelos Tsingaras,2026-05-09T10:45:00+00:00,2025,BU1,1,False,4866441,34,24078,home,730,2,2,played,24,6,False,90,0,0,0,0,0,0,,,,0,0
609647,Angelos Tsingaras,2026-05-05T14:30:00+00:00,2025,BU1,1,False,4866435,33,24078,away,6764,2,2,played,24,6,False,90,0,0,0,0,0,0,,,,0,0
609647,Angelos Tsingaras,2026-05-01T14:30:00+00:00,2025,BU1,1,False,4866434,32,24078,away,40416,1,1,played,24,6,False,90,0,0,0,0,0,0,,,,0,0
609647,Angelos Tsingaras,2026-04-27T14:30:00+00:00,2025,BU1,1,False,4866427,31,24078,home,4362,1,0,played,24,6,False,90,0,0,0,0,0,0,,,,0,0
609647,Angelos Tsingaras,2026-04-16T16:30:00+00:00,2025,BU1,1,False,4718175,30,24078,home,675,0,0,played,24,6,False,90,0,0,0,0,0,0,,,,0,0
609647,Angelos Tsingaras,2026-04-08T15:00:00+00:00,2025,BU1,1,False,4718203,29,24078,home,208,0,1,played,24,7,False,90,0,0,0,0,0,0,,,,0,0
609647,Angelos Tsingaras,2026-04-04T11:30:00+00:00,2025,BU1,1,False,4718147,28,24078,away,40604,1,2,played,24,6,False,90,0,0,0,0,0,0,,,,0,0
937559,Viktor Dobrev,2026-07-25T15:30:00+00:00,2026,BU2,2,False,4909817,1,19784,home,24078,2,2,not in squad,,,False,0,0,0,0,0,0,0,,,,0,0
937559,Viktor Dobrev,2026-05-23T15:00:00+00:00,2025,BU2,2,False,4718044,34,521,away,109262,0,3,not in squad,,,False,0,0,0,0,0,0,0,,,,0,0
937559,Viktor Dobrev,2026-05-15T15:00:00+00:00,2025,BU2,2,False,4718033,33,521,home,1851,4,1,in squad,77,,False,0,0,0,0,0,0,0,,,,0,0
937559,Viktor Dobrev,2026-05-11T15:00:00+00:00,2025,BU2,2,False,4718027,32,521,away,19784,0,2,played,77,0,False,25,0,0,0,0,0,0,,65,,0,0
937559,Viktor Dobrev,2026-05-02T15:00:00+00:00,2025,BU2,2,False,4718014,31,521,home,5284,0,0,played,77,0,False,15,0,0,0,0,0,0,,75,,0,0
937559,Viktor Dobrev,2026-04-25T14:00:00+00:00,2025,BU2,2,False,4718010,30,521,away,712,2,3,played,77,0,False,19,0,0,0,0,0,0,,71,,0,0
937559,Viktor Dobrev,2026-04-16T15:00:00+00:00,2025,BU2,2,False,4717995,29,521,home,26563,2,2,played,77,0,False,72,0,0,0,0,0,0,,,72,0,0
937559,Viktor Dobrev,2026-04-09T14:00:00+00:00,2025,BU2,2,False,4717993,28,521,away,4494,0,2,played,77,0,False,68,0,0,0,0,0,0,,,68,0,0
937559,Viktor Dobrev,2026-04-04T14:00:00+00:00,2025,BU2,2,False,4717976,27,521,home,40678,0,0,played,77,0,False,41,0,0,0,0,0,0,,,41,0,0
937559,Viktor Dobrev,2026-03-29T15:30:00+00:00,2025,BU2,2,False,4717975,26,521,home,2190,1,0,played,77,0,False,26,0,0,0,0,0,0,,64,,0,0
565832,Ilias Iliadis,2025-12-14T14:00:00+00:00,2025,BULP,8,False,4763169,2,24078,away,2259,0,4,played,21,7,False,90,0,0,0,0,0,0,,,,0,0
565832,Ilias Iliadis,2025-12-09T15:30:00+00:00,2025,BU1,1,False,4718116,19,24078,away,26462,0,0,played,21,7,False,90,0,0,0,0,0,0,,,,0,0
565832,Ilias Iliadis,2025-12-02T13:30:00+00:00,2025,BU1,1,False,4718156,18,24078,home,730,1,2,played,21,0,False,9,0,0,0,0,0,0,,81,,0,0
565832,Ilias Iliadis,2025-11-28T15:30:00+00:00,2025,BU1,1,False,4718181,17,24078,away,2259,0,0,played,21,10,False,90,0,0,0,0,0,0,,,,0,0
565832,Ilias Iliadis,2025-11-23T15:00:00+00:00,2025,BU1,1,False,4718163,16,24078,home,156,1,5,played,21,0,False,15,0,0,0,0,0,0,,75,,0,0
565832,Ilias Iliadis,2025-11-09T10:30:00+00:00,2025,BU1,1,False,4718079,15,24078,away,675,1,2,played,21,0,False,11,0,0,0,0,0,0,,79,,0,0
565832,Ilias Iliadis,2025-11-02T10:45:00+00:00,2025,BU1,1,False,4718067,14,24078,away,208,1,3,played,21,7,False,56,0,0,0,0,0,0,,,56,0,0
565832,Ilias Iliadis,2025-10-29T11:30:00+00:00,2025,BULP,8,False,4748177,1,24078,away,5284,4,1,played,21,0,False,90,0,0,0,0,0,0,,,,0,0
565832,Ilias Iliadis,2025-10-24T12:00:00+00:00,2025,BU1,1,False,4718099,13,24078,home,40604,1,1,played,3,11,False,90,0,0,0,0,0,0,,,,0,0
565832,Ilias Iliadis,2025-10-20T17:00:00+00:00,2025,BU1,1,False,4718105,12,24078,away,6764,1,1,played,3,0,False,28,0,0,0,0,0,0,,62,,0,0
817579,Stefan Kаmenov,2026-07-25T15:30:00+00:00,2026,BU2,2,False,4909817,1,24078,away,19784,2,2,not in squad,,,False,0,0,0,0,0,0,0,,,,0,0
817579,Stefan Kаmenov,2026-05-23T15:00:00+00:00,2025,BU2,2,False,4718046,34,26563,away,19784,0,1,played,2,0,False,8,0,0,0,0,0,0,,82,,0,0
817579,Stefan Kаmenov,2026-05-15T15:00:00+00:00,2025,BU2,2,False,4718031,33,26563,home,5284,1,1,played,2,0,False,45,0,0,0,0,0,0,,,46,0,0
817579,Stefan Kаmenov,2026-05-10T15:30:00+00:00,2025,BU2,2,False,4718029,32,26563,away,712,1,0,played,2,0,False,28,1,0,0,0,0,0,90,62,,0,0
817579,Stefan Kаmenov,2026-05-04T15:30:00+00:00,2025,BU2,2,False,4718012,31,26563,home,40678,1,2,played,2,0,False,33,0,0,0,0,0,0,85,57,,0,0
817579,Stefan Kаmenov,2026-04-27T15:30:00+00:00,2025,BU2,2,False,4718011,30,26563,home,4494,1,3,played,2,0,False,13,0,0,0,0,0,0,,77,,0,0
817579,Stefan Kаmenov,2026-04-22T14:00:00+00:00,2025,BU2,2,False,4717961,25,26563,away,9524,0,2,played,2,0,False,31,0,0,0,0,0,0,,59,,0,0
817579,Stefan Kаmenov,2026-04-16T15:00:00+00:00,2025,BU2,2,False,4717995,29,26563,away,521,2,2,played,2,0,False,18,0,0,0,0,0,0,,72,,0,0
817579,Stefan Kаmenov,2026-04-09T15:30:00+00:00,2025,BU2,2,False,4717992,28,26563,home,2190,4,3,played,2,0,False,17,0,0,0,0,0,0,,73,,0,0
817579,Stefan Kаmenov,2026-04-04T14:00:00+00:00,2025,BU2,2,False,4717978,27,26563,away,19780,0,0,played,2,0,False,13,0,0,0,0,0,0,,77,,0,0
555704,Azi,2026-05-22T12:30:00+00:00,2025,BU1,1,False,4866454,37,24078,away,675,0,2,played,27,10,False,90,0,0,0,0,0,0,,,,0,0
555704,Azi,2026-05-18T16:30:00+00:00,2025,BU1,1,False,4866449,36,24078,home,9599,0,2,played,27,0,False,45,0,0,0,0,0,0,,46,,0,0
555704,Azi,2026-05-14T14:45:00+00:00,2025,BU1,1,False,4866443,35,24078,away,26462,0,1,played,27,0,False,35,0,0,0,0,0,0,,55,,0,0
555704,Azi,2026-05-09T10:45:00+00:00,2025,BU1,1,False,4866441,34,24078,home,730,2,2,not in squad,,,False,0,0,0,0,0,0,0,,,,0,0
555704,Azi,2026-05-05T14:30:00+00:00,2025,BU1,1,False,4866435,33,24078,away,6764,2,2,played,27,10,False,60,0,0,0,0,0,0,,,60,0,0
555704,Azi,2026-05-01T14:30:00+00:00,2025,BU1,1,False,4866434,32,24078,away,40416,1,1,played,27,10,False,66,0,0,0,0,0,0,,,66,0,0
555704,Azi,2026-04-27T14:30:00+00:00,2025,BU1,1,False,4866427,31,24078,home,4362,1,0,played,27,10,False,56,0,0,0,0,0,0,,,56,0,0
555704,Azi,2026-04-16T16:30:00+00:00,2025,BU1,1,False,4718175,30,24078,home,675,0,0,played,27,10,False,86,0,0,0,0,0,0,,,86,0,0
555704,Azi,2026-04-08T15:00:00+00:00,2025,BU1,1,False,4718203,29,24078,home,208,0,1,absent,,,False,0,0,0,0,0,0,0,,,,0,1
555704,Azi,2026-04-04T11:30:00+00:00,2025,BU1,1,False,4718147,28,24078,away,40604,1,2,played,27,10,False,72,0,0,0,0,0,0,53,,72,0,0
979469,Buá,2026-07-26T16:00:00+00:00,2026,BU1,1,False,4909869,2,9599,away,967,3,0,absent,,,False,0,0,0,0,0,0,0,,,,0,13
979469,Buá,2026-07-17T16:00:00+00:00,2026,BU1,1,False,4909854,1,9599,home,61955,2,2,absent,,,False,0,0,0,0,0,0,0,,,,0,13
979469,Buá,2026-05-23T15:00:00+00:00,2025,BU2,2,False,4718046,34,19784,home,26563,1,0,played,23,0,False,90,0,0,0,0,0,0,,,,0,0
979469,Buá,2026-05-15T15:00:00+00:00,2025,BU2,2,False,4718032,33,19784,away,4494,0,1,played,23,0,False,90,0,0,0,0,0,0,,,,0,0
979469,Buá,2026-05-11T15:00:00+00:00,2025,BU2,2,False,4718027,32,19784,home,521,2,0,played,23,0,False,90,0,0,0,0,0,0,,,90,0,0
979469,Buá,2026-05-02T15:00:00+00:00,2025,BU2,2,False,4718015,31,19784,away,2190,0,3,played,23,0,False,90,0,0,0,0,0,0,51,,,0,0
979469,Buá,2026-04-26T12:00:00+00:00,2025,BU2,2,False,4718008,30,19784,home,19780,3,2,played,23,0,False,90,0,0,0,0,0,0,,,,0,0
979469,Buá,2026-04-16T14:00:00+00:00,2025,BU2,2,False,4717998,29,19784,away,11255,1,4,played,23,0,True,90,0,0,0,0,0,0,,,,0,0
979469,Buá,2026-04-10T14:00:00+00:00,2025,BU2,2,False,4717989,28,19784,home,9524,0,1,absent,,,False,0,0,0,0,0,0,0,,,,0,1
979469,Buá,2026-04-04T14:00:00+00:00,2025,BU2,2,False,4717981,27,19784,away,4503,0,0,played,23,0,False,53,0,0,0,0,0,0,36,,53,0,0
179838,Vajebah Sakor,2026-05-22T12:30:00+00:00,2025,BU1,1,False,4866454,37,24078,away,675,0,2,not in squad,,,False,0,0,0,0,0,0,0,,,,0,0
179838,Vajebah Sakor,2026-05-18T16:30:00+00:00,2025,BU1,1,False,4866449,36,24078,home,9599,0,2,not in squad,,,False,0,0,0,0,0,0,0,,,,0,0
179838,Vajebah Sakor,2026-05-14T14:45:00+00:00,2025,BU1,1,False,4866443,35,24078,away,26462,0,1,not in squad,,,False,0,0,0,0,0,0,0,,,,0,0
179838,Vajebah Sakor,2026-05-09T10:45:00+00:00,2025,BU1,1,False,4866441,34,24078,home,730,2,2,not in squad,,,False,0,0,0,0,0,0,0,,,,0,0
179838,Vajebah Sakor,2026-05-05T14:30:00+00:00,2025,BU1,1,False,4866435,33,24078,away,6764,2,2,not in squad,,,False,0,0,0,0,0,0,0,,,,0,0
179838,Vajebah Sakor,2026-05-01T14:30:00+00:00,2025,BU1,1,False,4866434,32,24078,away,40416,1,1,not in squad,,,False,0,0,0,0,0,0,0,,,,0,0
179838,Vajebah Sakor,2026-04-27T14:30:00+00:00,2025,BU1,1,False,4866427,31,24078,home,4362,1,0,not in squad,,,False,0,0,0,0,0,0,0,,,,0,0
179838,Vajebah Sakor,2026-04-16T16:30:00+00:00,2025,BU1,1,False,4718175,30,24078,home,675,0,0,not in squad,,,False,0,0,0,0,0,0,0,,,,0,0
179838,Vajebah Sakor,2026-04-08T15:00:00+00:00,2025,BU1,1,False,4718203,29,24078,home,208,0,1,played,6,0,False,1,0,0,0,0,0,0,,89,,0,0
179838,Vajebah Sakor,2026-04-04T11:30:00+00:00,2025,BU1,1,False,4718147,28,24078,away,40604,1,2,played,6,0,False,1,0,0,0,0,0,0,,89,,0,0
1118671,Petar Atanasov,2026-07-25T15:30:00+00:00,2026,BU2,2,False,4909817,1,24078,away,19784,2,2,not in squad,,,False,0,0,0,0,0,0,0,,,,0,0
1118671,Petar Atanasov,2026-05-22T12:30:00+00:00,2025,BU1,1,False,4866454,37,24078,away,675,0,2,played,8,0,False,33,0,0,0,0,0,0,,57,,0,0
1118671,Petar Atanasov,2026-05-18T16:30:00+00:00,2025,BU1,1,False,4866449,36,24078,home,9599,0,2,played,8,9,False,45,0,0,0,0,0,0,,,46,0,0
1118671,Petar Atanasov,2026-05-14T14:45:00+00:00,2025,BU1,1,False,4866443,35,24078,away,26462,0,1,in squad,8,,False,0,0,0,0,0,0,0,,,,0,0
1118671,Petar Atanasov,2026-05-09T10:45:00+00:00,2025,BU1,1,False,4866441,34,24078,home,730,2,2,in squad,8,,False,0,0,0,0,0,0,0,,,,0,0
1118671,Petar Atanasov,2026-05-05T14:30:00+00:00,2025,BU1,1,False,4866435,33,24078,away,6764,2,2,in squad,8,,False,0,0,0,0,0,0,0,,,,0,0
1118671,Petar Atanasov,2026-05-01T14:30:00+00:00,2025,BU1,1,False,4866434,32,24078,away,40416,1,1,in squad,8,,False,0,0,0,0,0,0,0,,,,0,0
1118671,Petar Atanasov,2026-04-27T14:30:00+00:00,2025,BU1,1,False,4866427,31,24078,home,4362,1,0,in squad,8,,False,0,0,0,0,0,0,0,,,,0,0
1118671,Petar Atanasov,2026-04-16T16:30:00+00:00,2025,BU1,1,False,4718175,30,24078,home,675,0,0,in squad,8,,False,0,0,0,0,0,0,0,,,,0,0
1118671,Petar Atanasov,2026-04-08T15:00:00+00:00,2025,BU1,1,False,4718203,29,24078,home,208,0,1,in squad,8,,False,0,0,0,0,0,0,0,,,,0,0
745956,Joel Berhane,2025-12-14T14:00:00+00:00,2025,BULP,8,False,4763169,2,24078,away,2259,0,4,not in squad,,,False,0,0,0,0,0,0,0,,,,0,0
745956,Joel Berhane,2025-12-09T15:30:00+00:00,2025,BU1,1,False,4718116,19,24078,away,26462,0,0,not in squad,,,False,0,0,0,0,0,0,0,,,,0,0
745956,Joel Berhane,2025-12-02T13:30:00+00:00,2025,BU1,1,False,4718156,18,24078,home,730,1,2,not in squad,,,False,0,0,0,0,0,0,0,,,,0,0
745956,Joel Berhane,2025-11-28T15:30:00+00:00,2025,BU1,1,False,4718181,17,24078,away,2259,0,0,in squad,22,,False,0,0,0,0,0,0,0,,,,0,0
745956,Joel Berhane,2025-11-23T15:00:00+00:00,2025,BU1,1,False,4718163,16,24078,home,156,1,5,in squad,22,,False,0,0,0,0,0,0,0,,,,0,0
745956,Joel Berhane,2025-11-09T10:30:00+00:00,2025,BU1,1,False,4718079,15,24078,away,675,1,2,played,22,0,False,10,0,0,0,0,0,0,,80,,0,0
745956,Joel Berhane,2025-11-02T10:45:00+00:00,2025,BU1,1,False,4718067,14,24078,away,208,1,3,not in squad,,,False,0,0,0,0,0,0,0,,,,0,0
745956,Joel Berhane,2025-10-29T11:30:00+00:00,2025,BULP,8,False,4748177,1,24078,away,5284,4,1,not in squad,,,False,0,0,0,0,0,0,0,,,,0,0
745956,Joel Berhane,2025-10-24T12:00:00+00:00,2025,BU1,1,False,4718099,13,24078,home,40604,1,1,played,22,0,False,30,0,0,0,0,0,0,67,60,,0,0
745956,Joel Berhane,2025-10-20T17:00:00+00:00,2025,BU1,1,False,4718105,12,24078,away,6764,1,1,played,22,0,False,7,0,0,0,0,0,0,,83,,0,0
1129899,Emmanuel Ekele,2025-12-14T14:00:00+00:00,2025,BULP,8,False,4763169,2,24078,away,2259,0,4,not in squad,,,False,0,0,0,0,0,0,0,,,,0,0
1129899,Emmanuel Ekele,2025-12-09T15:30:00+00:00,2025,BU1,1,False,4718116,19,24078,away,26462,0,0,not in squad,,,False,0,0,0,0,0,0,0,,,,0,0
1129899,Emmanuel Ekele,2025-12-02T13:30:00+00:00,2025,BU1,1,False,4718156,18,24078,home,730,1,2,in squad,13,,False,0,0,0,0,0,0,0,,,,0,0
1129899,Emmanuel Ekele,2025-11-28T15:30:00+00:00,2025,BU1,1,False,4718181,17,24078,away,2259,0,0,not in squad,,,False,0,0,0,0,0,0,0,,,,0,0
1129899,Emmanuel Ekele,2025-11-23T15:00:00+00:00,2025,BU1,1,False,4718163,16,24078,home,156,1,5,not in squad,,,False,0,0,0,0,0,0,0,,,,0,0
1129899,Emmanuel Ekele,2025-11-09T10:30:00+00:00,2025,BU1,1,False,4718079,15,24078,away,675,1,2,not in squad,,,False,0,0,0,0,0,0,0,,,,0,0
1129899,Emmanuel Ekele,2025-11-02T10:45:00+00:00,2025,BU1,1,False,4718067,14,24078,away,208,1,3,not in squad,,,False,0,0,0,0,0,0,0,,,,0,0
1129899,Emmanuel Ekele,2025-10-29T11:30:00+00:00,2025,BULP,8,False,4748177,1,24078,away,5284,4,1,played,13,0,False,5,0,0,0,0,0,0,,85,,0,0
1129899,Emmanuel Ekele,2025-10-24T12:00:00+00:00,2025,BU1,1,False,4718099,13,24078,home,40604,1,1,not in squad,,,False,0,0,0,0,0,0,0,,,,0,0
1129899,Emmanuel Ekele,2025-10-20T17:00:00+00:00,2025,BU1,1,False,4718105,12,24078,away,6764,1,1,not in squad,,,False,0,0,0,0,0,0,0,,,,0,0
832536,Vladislav Tsekov,2026-07-25T15:30:00+00:00,2026,BU2,2,False,4909817,1,24078,away,19784,2,2,not in squad,,,False,0,0,0,0,0,0,0,,,,0,0
832536,Vladislav Tsekov,2026-05-22T12:30:00+00:00,2025,BU1,1,False,4866454,37,24078,away,675,0,2,played,19,0,False,19,0,0,0,0,0,0,,71,,0,0
832536,Vladislav Tsekov,2026-05-18T16:30:00+00:00,2025,BU1,1,False,4866449,36,24078,home,9599,0,2,played,19,14,False,59,0,0,0,0,0,0,,,59,0,0
832536,Vladislav Tsekov,2026-05-14T14:45:00+00:00,2025,BU1,1,False,4866443,35,24078,away,26462,0,1,in squad,19,,False,0,0,0,0,0,0,0,,,,0,0
832536,Vladislav Tsekov,2026-05-09T10:45:00+00:00,2025,BU1,1,False,4866441,34,24078,home,730,2,2,in squad,19,,False,0,0,0,0,0,0,0,,,,0,0
832536,Vladislav Tsekov,2026-05-05T14:30:00+00:00,2025,BU1,1,False,4866435,33,24078,away,6764,2,2,in squad,19,,False,0,0,0,0,0,0,0,,,,0,0
832536,Vladislav Tsekov,2026-05-01T14:30:00+00:00,2025,BU1,1,False,4866434,32,24078,away,40416,1,1,not in squad,,,False,0,0,0,0,0,0,0,,,,0,0
832536,Vladislav Tsekov,2026-04-27T14:30:00+00:00,2025,BU1,1,False,4866427,31,24078,home,4362,1,0,not in squad,,,False,0,0,0,0,0,0,0,,,,0,0
832536,Vladislav Tsekov,2026-04-16T16:30:00+00:00,2025,BU1,1,False,4718175,30,24078,home,675,0,0,in squad,19,,False,0,0,0,0,0,0,0,,,,0,0
832536,Vladislav Tsekov,2026-04-08T15:00:00+00:00,2025,BU1,1,False,4718203,29,24078,home,208,0,1,not in squad,,,False,0,0,0,0,0,0,0,,,,0,0
802993,Vitinho,2026-05-22T12:30:00+00:00,2025,BU1,1,False,4866454,37,24078,away,675,0,2,in squad,11,,False,0,0,0,0,0,0,0,,,,0,0
802993,Vitinho,2026-05-18T16:30:00+00:00,2025,BU1,1,False,4866449,36,24078,home,9599,0,2,in squad,11,,False,0,0,0,0,0,0,0,,,,0,0
802993,Vitinho,2026-05-14T14:45:00+00:00,2025,BU1,1,False,4866443,35,24078,away,26462,0,1,in squad,11,,False,0,0,0,0,0,0,0,,,,0,0
802993,Vitinho,2026-05-09T10:45:00+00:00,2025,BU1,1,False,4866441,34,24078,home,730,2,2,in squad,11,,False,0,0,0,0,0,0,0,,,,0,0
802993,Vitinho,2026-05-05T14:30:00+00:00,2025,BU1,1,False,4866435,33,24078,away,6764,2,2,played,11,0,False,30,0,0,0,0,0,0,,60,,0,0
802993,Vitinho,2026-05-01T14:30:00+00:00,2025,BU1,1,False,4866434,32,24078,away,40416,1,1,played,11,0,False,9,0,0,0,0,0,0,,81,,0,0
802993,Vitinho,2026-04-27T14:30:00+00:00,2025,BU1,1,False,4866427,31,24078,home,4362,1,0,in squad,11,,False,0,0,0,0,0,0,0,,,,0,0
802993,Vitinho,2026-04-16T16:30:00+00:00,2025,BU1,1,False,4718175,30,24078,home,675,0,0,not in squad,,,False,0,0,0,0,0,0,0,,,,0,0
802993,Vitinho,2026-04-08T15:00:00+00:00,2025,BU1,1,False,4718203,29,24078,home,208,0,1,not in squad,,,False,0,0,0,0,0,0,0,,,,0,0
802993,Vitinho,2026-04-04T11:30:00+00:00,2025,BU1,1,False,4718147,28,24078,away,40604,1,2,not in squad,,,False,0,0,0,0,0,0,0,,,,0,0
717561,Boris Dimitrov,2026-07-25T16:00:00+00:00,2026,BU1,1,False,4909867,2,61955,home,26462,2,1,in squad,18,,False,0,0,0,0,0,0,0,,,,0,0
717561,Boris Dimitrov,2026-07-22T18:30:00+00:00,2026,ECLQ,10,False,4897990,3,61955,away,365,0,0,not in squad,,,False,0,0,0,0,0,0,0,,,,0,0
717561,Boris Dimitrov,2026-07-17T16:00:00+00:00,2026,BU1,1,False,4909854,1,61955,away,9599,2,2,played,18,0,False,5,0,0,0,0,0,0,,85,,0,0
717561,Boris Dimitrov,2026-05-30T14:00:00+00:00,2025,FS,11,True,4893732,51,21361,home,16844,1,0,played,17,0,False,45,0,0,0,0,0,0,,,46,0,0
717561,Boris Dimitrov,2026-05-22T12:30:00+00:00,2025,BU1,1,False,4866454,37,24078,away,675,0,2,played,7,14,False,71,0,0,0,0,0,0,,,71,0,0
717561,Boris Dimitrov,2026-05-18T16:30:00+00:00,2025,BU1,1,False,4866449,36,24078,home,9599,0,2,played,7,0,False,31,0,0,0,0,0,0,,59,,0,0
717561,Boris Dimitrov,2026-05-14T14:45:00+00:00,2025,BU1,1,False,4866443,35,24078,away,26462,0,1,played,7,14,False,90,0,0,0,0,0,0,,,,0,0
717561,Boris Dimitrov,2026-05-09T10:45:00+00:00,2025,BU1,1,False,4866441,34,24078,home,730,2,2,played,7,14,False,79,0,1,0,0,0,0,,,79,0,0
717561,Boris Dimitrov,2026-05-05T14:30:00+00:00,2025,BU1,1,False,4866435,33,24078,away,6764,2,2,played,7,14,False,90,1,0,0,0,0,0,,,,0,0
717561,Boris Dimitrov,2026-05-01T14:30:00+00:00,2025,BU1,1,False,4866434,32,24078,away,40416,1,1,played,7,14,False,90,1,0,0,0,0,0,,,,0,0
1079120,Philip Ejike,2026-07-23T15:00:00+00:00,2026,ECLQ,10,False,4897988,3,37914,home,7769,1,1,played,19,14,False,13,0,0,0,0,0,0,,77,,0,0
1079120,Philip Ejike,2026-07-16T15:00:00+00:00,2026,ECLQ,10,False,4897261,2,37914,away,31007,8,7,played,19,14,False,45,0,0,0,0,0,0,,75,,0,0
1079120,Philip Ejike,2026-07-09T16:00:00+00:00,2026,ECLQ,10,False,4897235,1,37914,home,31007,1,1,played,19,14,False,13,0,0,0,0,0,0,,77,,0,0
1079120,Philip Ejike,2026-05-22T12:30:00+00:00,2025,BU1,1,False,4866454,37,24078,away,675,0,2,not in squad,,,False,0,0,0,0,0,0,0,,,,0,0
1079120,Philip Ejike,2026-05-18T16:30:00+00:00,2025,BU1,1,False,4866449,36,24078,home,9599,0,2,not in squad,,,False,0,0,0,0,0,0,0,,,,0,0
1079120,Philip Ejike,2026-05-14T14:45:00+00:00,2025,BU1,1,False,4866443,35,24078,away,26462,0,1,not in squad,,,False,0,0,0,0,0,0,0,,,,0,0
1079120,Philip Ejike,2026-05-09T10:45:00+00:00,2025,BU1,1,False,4866441,34,24078,home,730,2,2,played,9,0,False,11,0,0,0,0,0,0,,79,,0,0
1079120,Philip Ejike,2026-05-05T14:30:00+00:00,2025,BU1,1,False,4866435,33,24078,away,6764,2,2,not in squad,,,False,0,0,0,0,0,0,0,,,,0,0
1079120,Philip Ejike,2026-05-01T14:30:00+00:00,2025,BU1,1,False,4866434,32,24078,away,40416,1,1,in squad,9,,False,0,0,0,0,0,0,0,,,,0,0
1079120,Philip Ejike,2026-04-27T14:30:00+00:00,2025,BU1,1,False,4866427,31,24078,home,4362,1,0,played,9,0,False,34,0,0,0,0,0,0,,56,,0,0
1113218,Petar Andreev,2026-07-26T16:00:00+00:00,2026,BU1,1,False,4909869,2,967,home,9599,0,3,played,18,0,False,8,0,0,0,0,0,0,,82,,0,0
1113218,Petar Andreev,2026-07-19T16:30:00+00:00,2026,BU1,1,False,4909853,1,967,away,26462,1,1,played,18,0,False,1,0,0,0,0,0,0,,89,,0,0
1113218,Petar Andreev,2026-05-22T12:30:00+00:00,2025,BU1,1,False,4866454,37,24078,away,675,0,2,not in squad,,,False,0,0,0,0,0,0,0,,,,0,0
1113218,Petar Andreev,2026-05-18T16:30:00+00:00,2025,BU1,1,False,4866449,36,24078,home,9599,0,2,in squad,21,,False,0,0,0,0,0,0,0,,,,0,0
1113218,Petar Andreev,2026-05-14T14:45:00+00:00,2025,BU1,1,False,4866443,35,24078,away,26462,0,1,not in squad,,,False,0,0,0,0,0,0,0,,,,0,0
1113218,Petar Andreev,2026-05-09T10:45:00+00:00,2025,BU1,1,False,4866441,34,24078,home,730,2,2,not in squad,,,False,0,0,0,0,0,0,0,,,,0,0
1113218,Petar Andreev,2026-05-05T14:30:00+00:00,2025,BU1,1,False,4866435,33,24078,away,6764,2,2,not in squad,,,False,0,0,0,0,0,0,0,,,,0,0
1113218,Petar Andreev,2026-05-01T14:30:00+00:00,2025,BU1,1,False,4866434,32,24078,away,40416,1,1,not in squad,,,False,0,0,0,0,0,0,0,,,,0,0
1113218,Petar Andreev,2026-04-27T14:30:00+00:00,2025,BU1,1,False,4866427,31,24078,home,4362,1,0,not in squad,,,False,0,0,0,0,0,0,0,,,,0,0
1113218,Petar Andreev,2026-04-16T16:30:00+00:00,2025,BU1,1,False,4718175,30,24078,home,675,0,0,not in squad,,,False,0,0,0,0,0,0,0,,,,0,0
1042238,Kaloyan Strinski,2026-07-25T16:00:00+00:00,2026,BU1,1,False,4909867,2,61955,home,26462,2,1,in squad,14,,False,0,0,0,0,0,0,0,,,,0,0
1042238,Kaloyan Strinski,2026-07-22T18:30:00+00:00,2026,ECLQ,10,False,4897990,3,61955,away,365,0,0,in squad,14,,False,0,0,0,0,0,0,0,,,,0,0
1042238,Kaloyan Strinski,2026-07-17T16:00:00+00:00,2026,BU1,1,False,4909854,1,61955,away,9599,2,2,in squad,14,,False,0,0,0,0,0,0,0,,,,0,0
1042238,Kaloyan Strinski,2026-05-25T17:30:00+00:00,2025,BU1,1,False,4866423,36,61955,home,156,0,0,in squad,14,,False,0,0,0,0,0,0,0,,,,0,0
1042238,Kaloyan Strinski,2026-05-16T13:00:00+00:00,2025,BU1,1,False,4866419,35,61955,home,31614,1,0,in squad,14,,False,0,0,0,0,0,0,0,,,,0,0
1042238,Kaloyan Strinski,2026-05-13T14:45:00+00:00,2025,BU1,1,False,4866415,34,61955,away,208,1,1,in squad,14,,False,0,0,0,0,0,0,0,,,,0,0
1042238,Kaloyan Strinski,2026-05-08T17:00:00+00:00,2025,BU1,1,False,4866401,33,61955,home,208,0,1,in squad,14,,False,0,0,0,0,0,0,0,,,,0,0
1042238,Kaloyan Strinski,2026-05-02T16:00:00+00:00,2025,BU1,1,False,4866383,32,61955,away,156,0,1,in squad,14,,False,0,0,0,0,0,0,0,,,,0,0
1042238,Kaloyan Strinski,2026-04-25T10:15:00+00:00,2025,BU1,1,False,4866374,31,61955,away,31614,2,1,in squad,14,,False,0,0,0,0,0,0,0,,,,0,0
1042238,Kaloyan Strinski,2026-04-15T15:00:00+00:00,2025,BU1,1,False,4718169,30,61955,away,967,4,0,in squad,14,,False,0,0,0,0,0,0,0,,,,0,0
851812,Nikolay Ganchev,2026-07-25T17:00:00+00:00,2026,BU2,2,False,4909820,1,5284,away,109262,1,0,not in squad,,,False,0,0,0,0,0,0,0,,,,0,0
851812,Nikolay Ganchev,2025-12-12T12:00:00+00:00,2025,BU2,2,False,4717859,14,26563,away,40678,1,2,not in squad,,,False,0,0,0,0,0,0,0,,,,0,0
851812,Nikolay Ganchev,2025-12-05T13:00:00+00:00,2025,BU2,2,False,4717910,19,26563,away,109262,2,3,not in squad,,,False,0,0,0,0,0,0,0,,,,0,0
851812,Nikolay Ganchev,2025-11-28T15:00:00+00:00,2025,BU2,2,False,4717897,18,26563,home,1851,0,2,not in squad,,,False,0,0,0,0,0,0,0,,,,0,0
851812,Nikolay Ganchev,2025-11-22T12:30:00+00:00,2025,BU2,2,False,4717893,17,26563,home,19784,0,3,not in squad,,,False,0,0,0,0,0,0,0,,,,0,0
851812,Nikolay Ganchev,2025-11-16T12:30:00+00:00,2025,BU2,2,False,4717878,16,26563,away,5284,0,2,played,8,0,False,45,0,0,0,0,0,0,,,46,0,0
851812,Nikolay Ganchev,2025-11-08T12:30:00+00:00,2025,BU2,2,False,4717876,15,26563,home,712,2,0,played,8,0,False,13,0,0,0,0,0,0,,77,,0,0
851812,Nikolay Ganchev,2025-10-29T14:30:00+00:00,2025,BULP,8,False,4748176,1,26563,home,156,0,3,played,8,11,False,64,0,0,0,0,0,0,,,64,0,0
851812,Nikolay Ganchev,2025-10-24T22:00:00+00:00,2025,BU2,2,False,4717858,13,26563,away,4494,1,1,played,8,0,False,79,0,0,0,0,0,0,,,79,0,0
851812,Nikolay Ganchev,2025-10-18T13:00:00+00:00,2025,BU2,2,False,4717842,12,26563,home,521,4,2,played,8,0,False,68,1,0,0,0,0,0,51,,68,0,0
147241,Ivan Kokonov,2026-07-25T17:00:00+00:00,2026,BU2,2,False,4909819,1,29268,home,4503,0,2,not in squad,,,False,0,0,0,0,0,0,0,,,,0,0
147241,Ivan Kokonov,2026-05-22T12:30:00+00:00,2025,BU1,1,False,4866454,37,24078,away,675,0,2,played,17,14,False,57,0,0,0,0,0,0,,,57,0,0
147241,Ivan Kokonov,2026-05-18T16:30:00+00:00,2025,BU1,1,False,4866449,36,24078,home,9599,0,2,played,17,7,False,59,0,0,0,0,0,0,,,59,0,0
147241,Ivan Kokonov,2026-05-14T14:45:00+00:00,2025,BU1,1,False,4866443,35,24078,away,26462,0,1,played,17,14,False,55,0,0,0,0,0,0,,,55,0,0
147241,Ivan Kokonov,2026-05-09T10:45:00+00:00,2025,BU1,1,False,4866441,34,24078,home,730,2,2,played,17,10,False,74,1,0,0,0,0,0,26,,74,0,0
147241,Ivan Kokonov,2026-05-05T14:30:00+00:00,2025,BU1,1,False,4866435,33,24078,away,6764,2,2,in squad,17,,False,0,0,0,0,0,0,0,,,,0,0
147241,Ivan Kokonov,2026-05-01T14:30:00+00:00,2025,BU1,1,False,4866434,32,24078,away,40416,1,1,in squad,17,,False,0,0,0,0,0,0,0,,,,0,0
147241,Ivan Kokonov,2026-04-27T14:30:00+00:00,2025,BU1,1,False,4866427,31,24078,home,4362,1,0,played,17,0,False,34,0,0,0,0,0,0,82,56,,0,0
147241,Ivan Kokonov,2026-04-16T16:30:00+00:00,2025,BU1,1,False,4718175,30,24078,home,675,0,0,played,17,0,False,4,0,0,0,0,0,0,,86,,0,0
147241,Ivan Kokonov,2026-04-08T15:00:00+00:00,2025,BU1,1,False,4718203,29,24078,home,208,0,1,played,17,0,False,19,0,0,0,0,0,0,,71,,0,0
438562,Borislav Damyanov,2026-07-25T15:30:00+00:00,2026,BU2,2,False,4909817,1,24078,away,19784,2,2,injured,,,False,0,0,0,0,0,0,0,,,,101,0
438562,Borislav Damyanov,2026-05-22T12:30:00+00:00,2025,BU1,1,False,4866454,37,24078,away,675,0,2,injured,,,False,0,0,0,0,0,0,0,,,,101,0
438562,Borislav Damyanov,2026-05-18T16:30:00+00:00,2025,BU1,1,False,4866449,36,24078,home,9599,0,2,injured,,,False,0,0,0,0,0,0,0,,,,101,0
438562,Borislav Damyanov,2026-05-14T14:45:00+00:00,2025,BU1,1,False,4866443,35,24078,away,26462,0,1,injured,,,False,0,0,0,0,0,0,0,,,,101,0
438562,Borislav Damyanov,2026-05-09T10:45:00+00:00,2025,BU1,1,False,4866441,34,24078,home,730,2,2,injured,,,False,0,0,0,0,0,0,0,,,,101,0
438562,Borislav Damyanov,2026-05-05T14:30:00+00:00,2025,BU1,1,False,4866435,33,24078,away,6764,2,2,injured,,,False,0,0,0,0,0,0,0,,,,101,0
438562,Borislav Damyanov,2026-05-01T14:30:00+00:00,2025,BU1,1,False,4866434,32,24078,away,40416,1,1,injured,,,False,0,0,0,0,0,0,0,,,,101,0
438562,Borislav Damyanov,2026-04-27T14:30:00+00:00,2025,BU1,1,False,4866427,31,24078,home,4362,1,0,injured,,,False,0,0,0,0,0,0,0,,,,101,0
438562,Borislav Damyanov,2026-04-16T16:30:00+00:00,2025,BU1,1,False,4718175,30,24078,home,675,0,0,injured,,,False,0,0,0,0,0,0,0,,,,101,0
438562,Borislav Damyanov,2026-04-08T15:00:00+00:00,2025,BU1,1,False,4718203,29,24078,home,208,0,1,injured,,,False,0,0,0,0,0,0,0,,,,101,0
363843,Umaro Baldé,2026-07-24T18:15:00+00:00,2026,BU1,1,False,4909866,2,675,away,40604,0,1,played,27,11,False,90,0,0,0,0,0,0,,,90,0,0
363843,Umaro Baldé,2026-07-20T16:15:00+00:00,2026,BU1,1,False,4909858,1,675,home,208,0,0,played,27,11,False,90,0,0,0,0,0,0,,,,0,0
363843,Umaro Baldé,2026-05-22T12:30:00+00:00,2025,BU1,1,False,4866454,37,24078,away,675,0,2,absent,,,False,0,0,0,0,0,0,0,,,,0,3
363843,Umaro Baldé,2026-05-18T16:30:00+00:00,2025,BU1,1,False,4866449,36,24078,home,9599,0,2,played,20,8,False,31,0,0,0,0,0,0,,,,0,0
363843,Umaro Baldé,2026-05-14T14:45:00+00:00,2025,BU1,1,False,4866443,35,24078,away,26462,0,1,played,20,10,False,90,0,0,0,0,0,0,90,,,0,0
363843,Umaro Baldé,2026-05-09T10:45:00+00:00,2025,BU1,1,False,4866441,34,24078,home,730,2,2,played,20,8,False,90,1,0,0,0,0,0,90,,,0,0
363843,Umaro Baldé,2026-05-05T14:30:00+00:00,2025,BU1,1,False,4866435,33,24078,away,6764,2,2,played,20,8,False,51,0,0,0,0,0,0,28,,51,0,0
363843,Umaro Baldé,2026-05-01T14:30:00+00:00,2025,BU1,1,False,4866434,32,24078,away,40416,1,1,played,20,8,False,90,0,0,0,0,0,0,,,,0,0
363843,Umaro Baldé,2026-04-27T14:30:00+00:00,2025,BU1,1,False,4866427,31,24078,home,4362,1,0,played,20,8,False,64,0,0,0,0,0,0,,,64,0,0
363843,Umaro Baldé,2026-04-16T16:30:00+00:00,2025,BU1,1,False,4718175,30,24078,home,675,0,0,played,20,8,False,86,0,0,0,0,0,0,,,86,0,0
1015611,Ibrahim Muhammad,2026-07-25T15:30:00+00:00,2026,BU2,2,False,4909817,1,24078,away,19784,2,2,not in squad,,,False,0,0,0,0,0,0,0,,,,0,0
1015611,Ibrahim Muhammad,2026-05-22T12:30:00+00:00,2025,BU1,1,False,4866454,37,24078,away,675,0,2,played,22,0,False,45,0,0,0,0,0,0,,46,,0,0
1015611,Ibrahim Muhammad,2026-05-18T16:30:00+00:00,2025,BU1,1,False,4866449,36,24078,home,9599,0,2,in squad,22,,False,0,0,0,0,0,0,0,,,,0,0
1015611,Ibrahim Muhammad,2026-05-14T14:45:00+00:00,2025,BU1,1,False,4866443,35,24078,away,26462,0,1,played,22,0,False,13,0,0,0,0,0,0,,77,,0,0
1015611,Ibrahim Muhammad,2026-05-09T10:45:00+00:00,2025,BU1,1,False,4866441,34,24078,home,730,2,2,played,22,0,False,16,0,0,0,0,0,0,,74,,0,0
1015611,Ibrahim Muhammad,2026-05-05T14:30:00+00:00,2025,BU1,1,False,4866435,33,24078,away,6764,2,2,played,22,0,False,14,0,0,0,0,0,0,,76,,0,0
1015611,Ibrahim Muhammad,2026-05-01T14:30:00+00:00,2025,BU1,1,False,4866434,32,24078,away,40416,1,1,played,22,0,False,24,0,0,0,0,0,0,,66,,0,0
1015611,Ibrahim Muhammad,2026-04-27T14:30:00+00:00,2025,BU1,1,False,4866427,31,24078,home,4362,1,0,played,2,0,False,26,0,0,0,0,0,0,,64,,0,0
1015611,Ibrahim Muhammad,2026-04-16T16:30:00+00:00,2025,BU1,1,False,4718175,30,24078,home,675,0,0,played,22,0,False,4,0,0,0,0,0,0,,86,,0,0
1015611,Ibrahim Muhammad,2026-04-08T15:00:00+00:00,2025,BU1,1,False,4718203,29,24078,home,208,0,1,played,22,0,False,27,0,0,0,0,0,0,,63,,0,0
807730,Bertrand Fourrier,2026-07-26T18:15:00+00:00,2026,BU1,1,False,4909871,2,40416,away,2259,1,2,not in squad,,,False,0,0,0,0,0,0,0,,,,0,0
807730,Bertrand Fourrier,2026-07-18T16:00:00+00:00,2026,BU1,1,False,4909857,1,40416,home,40604,1,1,not in squad,,,False,0,0,0,0,0,0,0,,,,0,0
807730,Bertrand Fourrier,2026-05-22T15:00:00+00:00,2025,BU1,1,False,4866453,37,40416,home,4362,1,1,played,9,14,False,90,0,0,0,0,0,0,,,,0,0
807730,Bertrand Fourrier,2026-05-18T16:30:00+00:00,2025,BU1,1,False,4866447,36,40416,away,6764,1,0,played,9,14,False,90,0,0,0,0,0,0,86,,,0,0
807730,Bertrand Fourrier,2026-05-14T12:15:00+00:00,2025,BU1,1,False,4866445,35,40416,home,9599,1,0,played,9,14,False,90,1,0,0,0,0,0,,,,0,0
807730,Bertrand Fourrier,2026-05-10T13:45:00+00:00,2025,BU1,1,False,4866439,34,40416,away,26462,1,1,played,9,14,False,90,0,0,0,0,0,0,45,,,0,0
807730,Bertrand Fourrier,2026-05-06T14:30:00+00:00,2025,BU1,1,False,4866438,33,40416,away,675,1,2,played,9,14,False,90,0,0,0,0,0,0,,,,0,0
807730,Bertrand Fourrier,2026-05-01T14:30:00+00:00,2025,BU1,1,False,4866434,32,40416,home,24078,1,1,absent,,,False,0,0,0,0,0,0,0,,,,0,1
807730,Bertrand Fourrier,2026-04-27T17:00:00+00:00,2025,BU1,1,False,4866429,31,40416,away,730,1,1,played,9,14,False,90,0,0,0,0,0,0,76,,,0,0
807730,Bertrand Fourrier,2026-04-16T14:00:00+00:00,2025,BU1,1,False,4718170,30,40416,home,9599,0,0,played,9,14,False,90,0,0,0,0,0,0,,,,0,0
1149825,Francisco Politino,2026-07-18T18:15:00+00:00,2026,BU1,1,False,4909856,1,2259,away,31614,0,1,not in squad,,,False,0,0,0,0,0,0,0,,,,0,0
1149825,Francisco Politino,2026-06-09T14:30:00+00:00,2025,FS,11,True,4887532,3,17758,away,3956,0,0,played,18,11,False,30,0,0,0,0,0,0,,60,,0,0
1149825,Francisco Politino,2026-06-06T12:30:00+00:00,2025,FS,11,True,4887531,2,17758,away,3956,0,0,played,18,11,False,18,0,0,0,0,0,0,,72,,0,0
1149825,Francisco Politino,2026-05-29T16:00:00+00:00,2025,BUEL,12,False,4890402,1,2259,away,31614,1,3,not in squad,,,False,0,0,0,0,0,0,0,,,,0,0
1149825,Francisco Politino,2026-05-25T14:45:00+00:00,2025,BU1,1,False,4866426,36,2259,home,2531,2,1,not in squad,,,False,0,0,0,0,0,0,0,,,,0,0
1149825,Francisco Politino,2026-05-20T16:00:00+00:00,2025,BULP,8,False,4882692,5,2259,neutral,208,4,5,in squad,10,,False,0,0,0,0,0,0,0,,,,0,0
1149825,Francisco Politino,2026-05-16T16:00:00+00:00,2025,BU1,1,False,4866421,35,2259,away,40604,0,4,played,10,11,False,57,0,0,0,0,0,0,,,57,0,0
1149825,Francisco Politino,2026-05-12T14:45:00+00:00,2025,BU1,1,False,4866418,34,2259,away,967,0,2,played,10,0,False,28,0,0,0,0,0,0,,62,,0,0
1149825,Francisco Politino,2026-05-08T14:30:00+00:00,2025,BU1,1,False,4866404,33,2259,home,40604,2,0,in squad,10,,False,0,0,0,0,0,0,0,,,,0,0
1149825,Francisco Politino,2026-05-03T13:15:00+00:00,2025,BU1,1,False,4866385,32,2259,away,2531,2,0,played,10,0,False,1,0,0,0,0,0,0,,90,,0,0
1149825,Francisco Politino,2026-04-30T16:00:00+00:00,2025,BULP,8,False,4827499,4,2259,home,40604,1,1,played,10,0,False,21,0,0,0,0,0,0,0,69,,0,0
1284928,Radoslav Slavchev,2026-07-25T15:30:00+00:00,2026,BU2,2,False,4909817,1,24078,away,19784,2,2,not in squad,,,False,0,0,0,0,0,0,0,,,,0,0
1284928,Radoslav Slavchev,2026-05-22T12:30:00+00:00,2025,BU1,1,False,4866454,37,24078,away,675,0,2,played,26,0,False,4,0,0,0,0,0,0,,86,,0,0
1284928,Radoslav Slavchev,2026-05-18T16:30:00+00:00,2025,BU1,1,False,4866449,36,24078,home,9599,0,2,played,26,14,False,41,0,0,0,0,0,0,,,41,0,0
1284928,Radoslav Slavchev,2026-05-14T14:45:00+00:00,2025,BU1,1,False,4866443,35,24078,away,26462,0,1,in squad,26,,False,0,0,0,0,0,0,0,,,,0,0
1284928,Radoslav Slavchev,2026-05-09T10:45:00+00:00,2025,BU1,1,False,4866441,34,24078,home,730,2,2,in squad,26,,False,0,0,0,0,0,0,0,,,,0,0
1284928,Radoslav Slavchev,2026-05-05T14:30:00+00:00,2025,BU1,1,False,4866435,33,24078,away,6764,2,2,in squad,26,,False,0,0,0,0,0,0,0,,,,0,0
1284928,Radoslav Slavchev,2026-05-01T14:30:00+00:00,2025,BU1,1,False,4866434,32,24078,away,40416,1,1,in squad,26,,False,0,0,0,0,0,0,0,,,,0,0
1284928,Radoslav Slavchev,2026-04-27T14:30:00+00:00,2025,BU1,1,False,4866427,31,24078,home,4362,1,0,in squad,26,,False,0,0,0,0,0,0,0,,,,0,0
1284928,Radoslav Slavchev,2026-04-16T16:30:00+00:00,2025,BU1,1,False,4718175,30,24078,home,675,0,0,in squad,26,,False,0,0,0,0,0,0,0,,,,0,0
1284928,Radoslav Slavchev,2026-04-08T15:00:00+00:00,2025,BU1,1,False,4718203,29,24078,home,208,0,1,in squad,26,,False,0,0,0,0,0,0,0,,,,0,0
898127,Fedor Lapoukhov,2026-07-27T18:15:00+00:00,2026,BU1,1,False,4909868,2,208,home,2531,3,2,not in squad,,,False,0,0,0,0,0,0,0,,,,0,0
898127,Fedor Lapoukhov,2026-07-23T16:00:00+00:00,2026,ELQ,10,False,4897945,3,208,away,10625,0,0,played,21,1,False,90,0,0,0,0,0,0,,,,0,0
898127,Fedor Lapoukhov,2026-07-20T16:15:00+00:00,2026,BU1,1,False,4909858,1,208,away,675,0,0,played,21,1,False,90,0,0,0,0,0,0,,,,0,0
898127,Fedor Lapoukhov,2026-07-16T17:30:00+00:00,2026,ELQ,10,False,4897222,2,208,away,920,2,1,not in squad,,,False,0,0,0,0,0,0,0,,,,0,0
898127,Fedor Lapoukhov,2026-07-09T18:00:00+00:00,2026,ELQ,10,False,4897216,1,208,home,920,3,2,played,21,1,False,90,0,0,0,0,0,0,,,,0,0
898127,Fedor Lapoukhov,2026-06-09T16:30:00+00:00,2025,FS,11,True,4888751,17,3450,home,5872,2,2,in squad,16,,False,0,0,0,0,0,0,0,,,,0,0
898127,Fedor Lapoukhov,2026-06-05T16:00:00+00:00,2025,FS,11,True,4872541,10,3450,home,13674,4,1,played,16,1,False,90,0,0,0,0,0,0,,,,0,0
898127,Fedor Lapoukhov,2026-05-25T17:30:00+00:00,2025,BU1,1,False,4866424,36,208,away,31614,0,1,played,21,1,False,90,0,0,0,0,0,0,,,,0,0
898127,Fedor Lapoukhov,2026-05-20T16:00:00+00:00,2025,BULP,8,False,4882692,5,208,neutral,2259,5,4,played,21,1,False,120,0,0,0,0,0,0,,,,0,0
898127,Fedor Lapoukhov,2026-05-16T13:00:00+00:00,2025,BU1,1,False,4866420,35,208,away,156,0,2,played,21,1,False,90,0,0,0,0,0,0,,,,0,0
898127,Fedor Lapoukhov,2026-05-13T14:45:00+00:00,2025,BU1,1,False,4866415,34,208,home,61955,1,1,played,21,1,False,90,0,0,0,0,0,0,,,,0,0
898127,Fedor Lapoukhov,2026-05-08T17:00:00+00:00,2025,BU1,1,False,4866401,33,208,away,61955,1,0,played,21,1,False,90,0,0,0,0,0,0,,,,0,0
898127,Fedor Lapoukhov,2026-05-03T16:00:00+00:00,2025,BU1,1,False,4866382,32,208,home,31614,1,0,played,21,1,False,90,0,0,0,0,0,0,,,,0,0
898127,Fedor Lapoukhov,2026-04-29T16:00:00+00:00,2025,BULP,8,False,4827500,4,208,home,31614,0,0,played,21,1,False,90,0,0,0,0,0,0,90,,,0,0
198418,Dimitar Evtimov,2026-07-27T18:15:00+00:00,2026,BU1,1,False,4909868,2,208,home,2531,3,2,not in squad,,,False,0,0,0,0,0,0,0,,,,0,0
198418,Dimitar Evtimov,2026-07-23T16:00:00+00:00,2026,ELQ,10,False,4897945,3,208,away,10625,0,0,in squad,25,,False,0,0,0,0,0,0,0,,,,0,0
198418,Dimitar Evtimov,2026-07-20T16:15:00+00:00,2026,BU1,1,False,4909858,1,208,away,675,0,0,in squad,25,,False,0,0,0,0,0,0,0,,,,0,0
198418,Dimitar Evtimov,2026-07-16T17:30:00+00:00,2026,ELQ,10,False,4897222,2,208,away,920,2,1,played,25,1,False,90,0,1,0,0,0,0,,,,0,0
198418,Dimitar Evtimov,2026-07-09T18:00:00+00:00,2026,ELQ,10,False,4897216,1,208,home,920,3,2,in squad,25,,False,0,0,0,0,0,0,0,,,,0,0
198418,Dimitar Evtimov,2026-05-25T17:30:00+00:00,2025,BU1,1,False,4866424,36,208,away,31614,0,1,in squad,25,,False,0,0,0,0,0,0,0,,,,0,0
198418,Dimitar Evtimov,2026-05-20T16:00:00+00:00,2025,BULP,8,False,4882692,5,208,neutral,2259,5,4,in squad,25,,False,0,0,0,0,0,0,0,,,,0,0
198418,Dimitar Evtimov,2026-05-16T13:00:00+00:00,2025,BU1,1,False,4866420,35,208,away,156,0,2,in squad,25,,False,0,0,0,0,0,0,0,,,,0,0
198418,Dimitar Evtimov,2026-05-13T14:45:00+00:00,2025,BU1,1,False,4866415,34,208,home,61955,1,1,in squad,25,,False,0,0,0,0,0,0,0,,,,0,0
198418,Dimitar Evtimov,2026-05-08T17:00:00+00:00,2025,BU1,1,False,4866401,33,208,away,61955,1,0,in squad,25,,False,0,0,0,0,0,0,0,,,,0,0
198418,Dimitar Evtimov,2026-05-03T16:00:00+00:00,2025,BU1,1,False,4866382,32,208,home,31614,1,0,in squad,25,,False,0,0,0,0,0,0,0,,,,0,0
198418,Dimitar Evtimov,2026-04-29T16:00:00+00:00,2025,BULP,8,False,4827500,4,208,home,31614,0,0,in squad,25,,False,0,0,0,0,0,0,0,,,,0,0
471641,Ángelo Martino,2026-07-27T18:15:00+00:00,2026,BU1,1,False,4909868,2,208,home,2531,3,2,not in squad,,,False,0,0,0,0,0,0,0,,,,0,0
471641,Ángelo Martino,2026-07-23T16:00:00+00:00,2026,ELQ,10,False,4897945,3,208,away,10625,0,0,played,17,9,False,84,0,0,0,0,0,0,,,84,0,0
471641,Ángelo Martino,2026-07-20T16:15:00+00:00,2026,BU1,1,False,4909858,1,208,away,675,0,0,played,17,4,False,90,0,0,0,0,0,0,,,,0,0
471641,Ángelo Martino,2026-07-16T17:30:00+00:00,2026,ELQ,10,False,4897222,2,208,away,920,2,1,played,17,4,False,90,0,0,0,0,0,0,46,,,0,0
471641,Ángelo Martino,2026-07-09T18:00:00+00:00,2026,ELQ,10,False,4897216,1,208,home,920,3,2,played,17,4,False,90,0,0,0,0,0,0,,,,0,0
471641,Ángelo Martino,2026-05-25T17:30:00+00:00,2025,BU1,1,False,4866424,36,208,away,31614,0,1,played,17,4,False,58,0,0,0,0,0,0,,,58,0,0
471641,Ángelo Martino,2026-05-20T16:00:00+00:00,2025,BULP,8,False,4882692,5,208,neutral,2259,5,4,played,17,4,False,120,0,0,0,0,0,0,,,,0,0
471641,Ángelo Martino,2026-05-16T13:00:00+00:00,2025,BU1,1,False,4866420,35,208,away,156,0,2,played,17,4,False,90,0,0,0,0,0,0,,,,0,0
471641,Ángelo Martino,2026-05-13T14:45:00+00:00,2025,BU1,1,False,4866415,34,208,home,61955,1,1,absent,,,False,0,0,0,0,0,0,0,,,,0,1
471641,Ángelo Martino,2026-05-08T17:00:00+00:00,2025,BU1,1,False,4866401,33,208,away,61955,1,0,absent,,,False,0,0,0,0,0,0,0,,,,0,1
471641,Ángelo Martino,2026-05-03T16:00:00+00:00,2025,BU1,1,False,4866382,32,208,home,31614,1,0,played,17,4,False,90,0,0,0,0,0,0,76,,90,0,0
471641,Ángelo Martino,2026-04-29T16:00:00+00:00,2025,BULP,8,False,4827500,4,208,home,31614,0,0,played,17,4,False,90,0,0,0,0,0,0,90,,,0,0
740498,Pastor,2026-07-27T18:15:00+00:00,2026,BU1,1,False,4909868,2,208,home,2531,3,2,not in squad,,,False,0,0,0,0,0,0,0,,,,0,0
740498,Pastor,2026-07-23T16:00:00+00:00,2026,ELQ,10,False,4897945,3,208,away,10625,0,0,played,2,8,False,90,0,0,0,0,0,0,,,90,0,0
740498,Pastor,2026-07-20T16:15:00+00:00,2026,BU1,1,False,4909858,1,208,away,675,0,0,played,2,5,False,45,0,0,0,0,0,0,,,46,0,0
740498,Pastor,2026-07-16T17:30:00+00:00,2026,ELQ,10,False,4897222,2,208,away,920,2,1,played,2,5,False,90,0,0,0,0,0,0,,,,0,0
740498,Pastor,2026-07-09T18:00:00+00:00,2026,ELQ,10,False,4897216,1,208,home,920,3,2,played,2,5,False,90,0,1,0,0,0,0,,,,0,0
740498,Pastor,2026-05-25T17:30:00+00:00,2025,BU1,1,False,4866424,36,208,away,31614,0,1,played,2,5,False,90,0,0,0,0,0,0,,,,0,0
740498,Pastor,2026-05-20T16:00:00+00:00,2025,BULP,8,False,4882692,5,208,neutral,2259,5,4,played,2,5,False,120,0,0,0,0,0,0,,,,0,0
740498,Pastor,2026-05-16T13:00:00+00:00,2025,BU1,1,False,4866420,35,208,away,156,0,2,played,2,5,False,90,0,0,0,0,0,0,,,,0,0
740498,Pastor,2026-05-13T14:45:00+00:00,2025,BU1,1,False,4866415,34,208,home,61955,1,1,played,2,5,False,90,0,1,0,0,0,0,,,,0,0
740498,Pastor,2026-05-08T17:00:00+00:00,2025,BU1,1,False,4866401,33,208,away,61955,1,0,played,2,5,False,90,0,0,0,0,0,0,,,,0,0
740498,Pastor,2026-05-03T16:00:00+00:00,2025,BU1,1,False,4866382,32,208,home,31614,1,0,played,2,5,False,65,0,0,0,0,0,0,,,65,0,0
740498,Pastor,2026-04-29T16:00:00+00:00,2025,BULP,8,False,4827500,4,208,home,31614,0,0,played,2,5,False,90,0,0,0,0,0,0,,,,0,0
182894,Jean-Philippe Gbamin,2026-07-27T18:15:00+00:00,2026,BU1,1,False,4909868,2,208,home,2531,3,2,not in squad,,,False,0,0,0,0,0,0,0,,,,0,0
182894,Jean-Philippe Gbamin,2026-07-23T16:00:00+00:00,2026,ELQ,10,False,4897945,3,208,away,10625,0,0,played,5,3,False,90,0,0,0,0,0,0,,,,0,0
182894,Jean-Philippe Gbamin,2026-07-20T16:15:00+00:00,2026,BU1,1,False,4909858,1,208,away,675,0,0,played,5,3,False,90,0,0,0,0,0,0,,,,0,0
182894,Jean-Philippe Gbamin,2026-07-16T17:30:00+00:00,2026,ELQ,10,False,4897222,2,208,away,920,2,1,played,5,0,False,10,0,0,0,0,0,0,,80,,0,0
182894,Jean-Philippe Gbamin,2026-07-09T18:00:00+00:00,2026,ELQ,10,False,4897216,1,208,home,920,3,2,in squad,5,,False,0,0,0,0,0,0,0,,,,0,0
182894,Jean-Philippe Gbamin,2026-05-17T19:00:00+00:00,2025,FR1,1,False,4635307,34,347,away,417,0,0,played,5,0,False,25,0,0,0,0,0,0,,65,,0,0
182894,Jean-Philippe Gbamin,2026-05-10T19:00:00+00:00,2025,FR1,1,False,4635300,33,347,home,1158,0,4,played,5,6,False,76,0,0,0,0,0,0,,,76,0,0
182894,Jean-Philippe Gbamin,2026-05-02T17:00:00+00:00,2025,FR1,1,False,4635287,32,347,home,162,1,2,played,5,6,False,90,0,0,0,0,0,0,,,,0,0
182894,Jean-Philippe Gbamin,2026-04-26T15:15:00+00:00,2025,FR1,1,False,4635278,31,347,away,738,4,4,played,5,6,False,18,0,0,0,0,0,0,,,18,0,0
182894,Jean-Philippe Gbamin,2026-04-19T15:15:00+00:00,2025,FR1,1,False,4635269,30,347,home,10004,1,3,played,5,6,False,90,0,0,1,0,0,1,,,,0,0
927269,Teodor Ivanov,2026-07-27T18:15:00+00:00,2026,BU1,1,False,4909868,2,208,home,2531,3,2,not in squad,,,False,0,0,0,0,0,0,0,,,,0,0
927269,Teodor Ivanov,2026-07-23T16:00:00+00:00,2026,ELQ,10,False,4897945,3,208,away,10625,0,0,played,14,3,False,90,0,0,0,0,0,0,,,,0,0
927269,Teodor Ivanov,2026-07-20T16:15:00+00:00,2026,BU1,1,False,4909858,1,208,away,675,0,0,played,14,3,True,90,0,0,0,0,0,0,,,,0,0
927269,Teodor Ivanov,2026-07-16T17:30:00+00:00,2026,ELQ,10,False,4897222,2,208,away,920,2,1,played,14,3,False,90,0,0,0,0,0,0,77,,,0,0
927269,Teodor Ivanov,2026-07-09T18:00:00+00:00,2026,ELQ,10,False,4897216,1,208,home,920,3,2,played,14,3,False,90,0,0,0,0,0,0,,,,0,0
927269,Teodor Ivanov,2026-06-05T17:00:00+00:00,2025,FS,11,True,4864913,52,3394,away,6090,2,2,in squad,14,,False,0,0,0,0,0,0,0,,,,0,0
927269,Teodor Ivanov,2026-06-01T16:00:00+00:00,2025,FS,11,True,4864912,52,3394,home,11953,0,1,played,14,3,False,90,0,0,0,0,0,0,,,,0,0
927269,Teodor Ivanov,2026-05-25T17:30:00+00:00,2025,BU1,1,False,4866424,36,208,away,31614,0,1,played,14,3,False,90,0,0,0,0,0,0,,,,0,0
927269,Teodor Ivanov,2026-05-20T16:00:00+00:00,2025,BULP,8,False,4882692,5,208,neutral,2259,5,4,played,14,3,False,120,0,0,0,0,0,0,90,,,0,0
927269,Teodor Ivanov,2026-05-16T13:00:00+00:00,2025,BU1,1,False,4866420,35,208,away,156,0,2,played,14,3,False,90,0,0,0,0,0,0,,,,0,0
927269,Teodor Ivanov,2026-05-13T14:45:00+00:00,2025,BU1,1,False,4866415,34,208,home,61955,1,1,played,14,3,True,90,0,0,0,0,0,0,,,,0,0
927269,Teodor Ivanov,2026-05-08T17:00:00+00:00,2025,BU1,1,False,4866401,33,208,away,61955,1,0,played,14,3,True,90,0,0,0,0,0,0,72,,,0,0
927269,Teodor Ivanov,2026-05-03T16:00:00+00:00,2025,BU1,1,False,4866382,32,208,home,31614,1,0,played,14,3,False,90,0,0,0,0,0,0,,,,0,0
927269,Teodor Ivanov,2026-04-29T16:00:00+00:00,2025,BULP,8,False,4827500,4,208,home,31614,0,0,played,14,3,False,90,0,0,0,0,0,0,,,,0,0
663491,Facundo Rodríguez,2026-07-27T18:15:00+00:00,2026,BU1,1,False,4909868,2,208,home,2531,3,2,not in squad,,,False,0,0,0,0,0,0,0,,,,0,0
663491,Facundo Rodríguez,2026-07-23T16:00:00+00:00,2026,ELQ,10,False,4897945,3,208,away,10625,0,0,played,32,3,False,90,0,0,0,0,0,0,77,,,0,0
663491,Facundo Rodríguez,2026-07-20T16:15:00+00:00,2026,BU1,1,False,4909858,1,208,away,675,0,0,not in squad,,,False,0,0,0,0,0,0,0,,,,0,0
663491,Facundo Rodríguez,2026-07-16T17:30:00+00:00,2026,ELQ,10,False,4897222,2,208,away,920,2,1,played,32,3,False,90,0,0,0,0,0,0,90,,,0,0
663491,Facundo Rodríguez,2026-07-09T18:00:00+00:00,2026,ELQ,10,False,4897216,1,208,home,920,3,2,played,32,3,False,90,0,0,0,0,0,0,,,,0,0
663491,Facundo Rodríguez,2026-05-25T17:30:00+00:00,2025,BU1,1,False,4866424,36,208,away,31614,0,1,played,32,0,False,45,0,0,0,0,0,0,72,46,,0,0
663491,Facundo Rodríguez,2026-05-20T16:00:00+00:00,2025,BULP,8,False,4882692,5,208,neutral,2259,5,4,played,32,3,False,120,0,0,0,0,0,0,,,,0,0
663491,Facundo Rodríguez,2026-05-16T13:00:00+00:00,2025,BU1,1,False,4866420,35,208,away,156,0,2,in squad,32,,False,0,0,0,0,0,0,0,,,,0,0
663491,Facundo Rodríguez,2026-05-13T14:45:00+00:00,2025,BU1,1,False,4866415,34,208,home,61955,1,1,played,32,3,False,90,0,0,0,0,0,0,,,,0,0
663491,Facundo Rodríguez,2026-05-08T17:00:00+00:00,2025,BU1,1,False,4866401,33,208,away,61955,1,0,played,32,3,False,90,0,0,0,0,0,0,,,,0,0
663491,Facundo Rodríguez,2026-05-03T16:00:00+00:00,2025,BU1,1,False,4866382,32,208,home,31614,1,0,played,32,3,False,90,0,0,0,0,0,0,86,,,0,0
663491,Facundo Rodríguez,2026-04-29T16:00:00+00:00,2025,BULP,8,False,4827500,4,208,home,31614,0,0,played,32,3,False,90,0,0,0,0,0,0,85,,,0,0
289267,Adrián Lapeña,2026-07-27T18:15:00+00:00,2026,BU1,1,False,4909868,2,208,home,2531,3,2,not in squad,,,False,0,0,0,0,0,0,0,,,,0,0
289267,Adrián Lapeña,2026-07-23T16:00:00+00:00,2026,ELQ,10,False,4897945,3,208,away,10625,0,0,not in squad,,,False,0,0,0,0,0,0,0,,,,0,0
289267,Adrián Lapeña,2026-07-20T16:15:00+00:00,2026,BU1,1,False,4909858,1,208,away,675,0,0,not in squad,,,False,0,0,0,0,0,0,0,,,,0,0
289267,Adrián Lapeña,2026-07-16T17:30:00+00:00,2026,ELQ,10,False,4897222,2,208,away,920,2,1,not in squad,,,False,0,0,0,0,0,0,0,,,,0,0
289267,Adrián Lapeña,2026-07-09T18:00:00+00:00,2026,ELQ,10,False,4897216,1,208,home,920,3,2,not in squad,,,False,0,0,0,0,0,0,0,,,,0,0
289267,Adrián Lapeña,2026-05-25T17:30:00+00:00,2025,BU1,1,False,4866424,36,208,away,31614,0,1,played,4,0,False,1,0,0,0,0,0,0,,89,,0,0
289267,Adrián Lapeña,2026-05-20T16:00:00+00:00,2025,BULP,8,False,4882692,5,208,neutral,2259,5,4,in squad,4,,False,0,0,0,0,0,0,0,,,,0,0
289267,Adrián Lapeña,2026-05-16T13:00:00+00:00,2025,BU1,1,False,4866420,35,208,away,156,0,2,played,4,0,False,5,0,0,0,0,0,0,,85,,0,0
289267,Adrián Lapeña,2026-05-13T14:45:00+00:00,2025,BU1,1,False,4866415,34,208,home,61955,1,1,in squad,4,,False,0,0,0,0,0,0,0,,,,0,0
289267,Adrián Lapeña,2026-05-08T17:00:00+00:00,2025,BU1,1,False,4866401,33,208,away,61955,1,0,in squad,4,,False,0,0,0,0,0,0,0,,,,0,0
289267,Adrián Lapeña,2026-05-03T16:00:00+00:00,2025,BU1,1,False,4866382,32,208,home,31614,1,0,in squad,4,,False,0,0,0,0,0,0,0,,,,0,0
289267,Adrián Lapeña,2026-04-29T16:00:00+00:00,2025,BULP,8,False,4827500,4,208,home,31614,0,0,played,4,0,False,1,0,0,0,0,0,0,,90,,0,0
1046660,Tamimou Ouorou,2026-07-27T18:15:00+00:00,2026,BU1,1,False,4909868,2,208,home,2531,3,2,not in squad,,,False,0,0,0,0,0,0,0,,,,0,0
1046660,Tamimou Ouorou,2026-07-23T16:00:00+00:00,2026,ELQ,10,False,4897945,3,208,away,10625,0,0,played,3,0,False,6,0,0,0,0,0,0,,84,,0,0
1046660,Tamimou Ouorou,2026-07-20T16:15:00+00:00,2026,BU1,1,False,4909858,1,208,away,675,0,0,in squad,3,,False,0,0,0,0,0,0,0,,,,0,0
1046660,Tamimou Ouorou,2026-07-16T17:30:00+00:00,2026,ELQ,10,False,4897222,2,208,away,920,2,1,in squad,3,,False,0,0,0,0,0,0,0,,,,0,0
1046660,Tamimou Ouorou,2026-07-09T18:00:00+00:00,2026,ELQ,10,False,4897216,1,208,home,920,3,2,in squad,3,,False,0,0,0,0,0,0,0,,,,0,0
1046660,Tamimou Ouorou,2026-06-09T18:00:00+00:00,2025,FS,11,True,4891316,20,3955,away,3815,1,5,played,13,0,False,27,0,0,0,0,0,0,,63,,0,0
1046660,Tamimou Ouorou,2026-06-05T18:00:00+00:00,2025,FS,11,True,4893733,35,3955,away,14163,1,1,in squad,13,,False,0,0,0,0,0,0,0,,,,0,0
1046660,Tamimou Ouorou,2026-05-22T15:00:00+00:00,2025,BU1,1,False,4866451,37,26462,home,6764,3,0,not in squad,,,False,0,0,0,0,0,0,0,,,,0,0
1046660,Tamimou Ouorou,2026-05-18T16:30:00+00:00,2025,BU1,1,False,4866448,36,26462,away,4362,2,1,not in squad,,,False,0,0,0,0,0,0,0,,,,0,0
1046660,Tamimou Ouorou,2026-05-14T14:45:00+00:00,2025,BU1,1,False,4866443,35,26462,home,24078,1,0,played,6,5,False,90,0,0,0,0,0,0,,,,0,0
1046660,Tamimou Ouorou,2026-05-10T13:45:00+00:00,2025,BU1,1,False,4866439,34,26462,home,40416,1,1,played,6,5,False,90,0,0,0,0,0,0,,,,0,0
1046660,Tamimou Ouorou,2026-05-05T17:00:00+00:00,2025,BU1,1,False,4866437,33,26462,away,730,2,2,played,6,5,False,90,0,0,0,0,0,0,,,,0,0
1046660,Tamimou Ouorou,2026-05-02T13:30:00+00:00,2025,BU1,1,False,4866432,32,26462,home,9599,2,1,played,6,5,False,90,1,0,0,0,0,0,,,,0,0
1431119,Aleks Tunchev,2026-07-23T16:00:00+00:00,2026,ELQ,10,False,4897945,3,208,away,10625,0,0,in squad,91,,False,0,0,0,0,0,0,0,,,,0,0
1431119,Aleks Tunchev,2026-07-20T16:15:00+00:00,2026,BU1,1,False,4909858,1,208,away,675,0,0,in squad,15,,False,0,0,0,0,0,0,0,,,,0,0
1431119,Aleks Tunchev,2026-07-16T17:30:00+00:00,2026,ELQ,10,False,4897222,2,208,away,920,2,1,in squad,91,,False,0,0,0,0,0,0,0,,,,0,0
1431119,Aleks Tunchev,2026-07-09T18:00:00+00:00,2026,ELQ,10,False,4897216,1,208,home,920,3,2,in squad,91,,False,0,0,0,0,0,0,0,,,,0,0
1431119,Aleks Tunchev,2026-06-07T08:30:00+00:00,2025,FS,11,True,4889234,41,27256,home,26099,3,0,played,6,3,False,69,0,0,0,0,0,0,,,69,0,0
1431119,Aleks Tunchev,2026-06-04T15:00:00+00:00,2025,FS,11,True,4889233,36,27256,home,26099,1,0,played,6,3,False,90,0,0,0,0,0,0,,,,0,0
1431119,Aleks Tunchev,2026-05-25T17:30:00+00:00,2025,BU1,1,False,4866424,36,208,away,31614,0,1,not in squad,,,False,0,0,0,0,0,0,0,,,,0,0
1431119,Aleks Tunchev,2026-05-23T15:00:00+00:00,2025,BU2,2,False,4718040,34,9524,away,36821,3,0,played,15,0,False,45,0,0,0,0,0,0,,,46,0,0
1431119,Aleks Tunchev,2026-05-20T16:00:00+00:00,2025,BULP,8,False,4882692,5,208,neutral,2259,5,4,not in squad,,,False,0,0,0,0,0,0,0,,,,0,0
1431119,Aleks Tunchev,2026-05-16T13:00:00+00:00,2025,BU1,1,False,4866420,35,208,away,156,0,2,not in squad,,,False,0,0,0,0,0,0,0,,,,0,0
1431119,Aleks Tunchev,2026-05-13T14:45:00+00:00,2025,BU1,1,False,4866415,34,208,home,61955,1,1,not in squad,,,False,0,0,0,0,0,0,0,,,,0,0
1431119,Aleks Tunchev,2026-05-11T15:00:00+00:00,2025,BU2,2,False,4718023,32,9524,away,19215,2,1,played,15,0,False,90,0,0,0,0,0,0,81,,,0,0
1431119,Aleks Tunchev,2026-05-08T17:00:00+00:00,2025,BU1,1,False,4866401,33,208,away,61955,1,0,not in squad,,,False,0,0,0,0,0,0,0,,,,0,0
1431119,Aleks Tunchev,2026-05-04T12:30:00+00:00,2025,BU2,2,False,4718018,31,9524,home,29268,0,1,in squad,15,,False,0,0,0,0,0,0,0,,,,0,0
1431119,Aleks Tunchev,2026-05-03T16:00:00+00:00,2025,BU1,1,False,4866382,32,208,home,31614,1,0,not in squad,,,False,0,0,0,0,0,0,0,,,,0,0
1431119,Aleks Tunchev,2026-04-29T16:00:00+00:00,2025,BULP,8,False,4827500,4,208,home,31614,0,0,not in squad,,,False,0,0,0,0,0,0,0,,,,0,0
417238,Andrey Yordanov,2026-07-27T18:15:00+00:00,2026,BU1,1,False,4909868,2,208,home,2531,3,2,not in squad,,,False,0,0,0,0,0,0,0,,,,0,0
417238,Andrey Yordanov,2026-07-23T16:00:00+00:00,2026,ELQ,10,False,4897945,3,208,away,10625,0,0,in squad,19,,False,0,0,0,0,0,0,0,,,,0,0
417238,Andrey Yordanov,2026-07-20T16:15:00+00:00,2026,BU1,1,False,4909858,1,208,away,675,0,0,in squad,19,,False,0,0,0,0,0,0,0,,,,0,0
417238,Andrey Yordanov,2026-07-16T17:30:00+00:00,2026,ELQ,10,False,4897222,2,208,away,920,2,1,in squad,19,,False,0,0,0,0,0,0,0,,,,0,0
417238,Andrey Yordanov,2026-07-09T18:00:00+00:00,2026,ELQ,10,False,4897216,1,208,home,920,3,2,in squad,19,,False,0,0,0,0,0,0,0,,,,0,0
417238,Andrey Yordanov,2026-05-25T17:30:00+00:00,2025,BU1,1,False,4866424,36,208,away,31614,0,1,played,3,0,False,32,0,0,0,0,0,0,,58,,0,0
417238,Andrey Yordanov,2026-05-20T16:00:00+00:00,2025,BULP,8,False,4882692,5,208,neutral,2259,5,4,in squad,3,,False,0,0,0,0,0,0,0,119,,,0,0
417238,Andrey Yordanov,2026-05-16T13:00:00+00:00,2025,BU1,1,False,4866420,35,208,away,156,0,2,played,3,0,False,6,0,0,0,0,0,0,,84,,0,0
417238,Andrey Yordanov,2026-05-13T14:45:00+00:00,2025,BU1,1,False,4866415,34,208,home,61955,1,1,played,3,0,False,27,0,0,0,0,0,0,,63,,0,0
417238,Andrey Yordanov,2026-05-08T17:00:00+00:00,2025,BU1,1,False,4866401,33,208,away,61955,1,0,played,3,0,False,6,0,0,0,0,0,0,,84,,0,0
417238,Andrey Yordanov,2026-05-03T16:00:00+00:00,2025,BU1,1,False,4866382,32,208,home,31614,1,0,played,3,0,False,1,0,0,0,0,0,0,,90,,0,0
417238,Andrey Yordanov,2026-04-29T16:00:00+00:00,2025,BULP,8,False,4827500,4,208,home,31614,0,0,in squad,3,,False,0,0,0,0,0,0,0,,,,0,0
789018,James Eto'o,2026-07-27T18:15:00+00:00,2026,BU1,1,False,4909868,2,208,home,2531,3,2,not in squad,,,False,0,0,0,0,0,0,0,,,,0,0
789018,James Eto'o,2026-07-23T16:00:00+00:00,2026,ELQ,10,False,4897945,3,208,away,10625,0,0,not in squad,,,False,0,0,0,0,0,0,0,,,,0,0
789018,James Eto'o,2026-07-20T16:15:00+00:00,2026,BU1,1,False,4909858,1,208,away,675,0,0,played,99,7,False,45,0,0,0,0,0,0,,,46,0,0
789018,James Eto'o,2026-07-16T17:30:00+00:00,2026,ELQ,10,False,4897222,2,208,away,920,2,1,played,99,0,False,18,0,0,0,0,0,0,,72,,0,0
789018,James Eto'o,2026-07-09T18:00:00+00:00,2026,ELQ,10,False,4897216,1,208,home,920,3,2,in squad,99,,False,0,0,0,0,0,0,0,,,,0,0
789018,James Eto'o,2026-05-25T17:30:00+00:00,2025,BU1,1,False,4866424,36,208,away,31614,0,1,not in squad,,,False,0,0,0,0,0,0,0,,,,0,0
789018,James Eto'o,2026-05-20T16:00:00+00:00,2025,BULP,8,False,4882692,5,208,neutral,2259,5,4,played,99,7,False,120,0,0,0,0,0,0,,,,0,0
789018,James Eto'o,2026-05-16T13:00:00+00:00,2025,BU1,1,False,4866420,35,208,away,156,0,2,absent,,,False,0,0,0,0,0,0,0,,,,0,1
789018,James Eto'o,2026-05-13T14:45:00+00:00,2025,BU1,1,False,4866415,34,208,home,61955,1,1,absent,,,False,0,0,0,0,0,0,0,,,,0,1
789018,James Eto'o,2026-05-08T17:00:00+00:00,2025,BU1,1,False,4866401,33,208,away,61955,1,0,played,99,7,False,88,0,1,0,0,0,0,81,,88,0,0
789018,James Eto'o,2026-05-03T16:00:00+00:00,2025,BU1,1,False,4866382,32,208,home,31614,1,0,played,99,7,False,73,0,0,0,0,0,0,,,73,0,0
789018,James Eto'o,2026-04-29T16:00:00+00:00,2025,BULP,8,False,4827500,4,208,home,31614,0,0,played,99,7,False,84,0,0,0,0,0,0,58,,84,0,0
533783,Maks Ebong,2026-07-27T18:15:00+00:00,2026,BU1,1,False,4909868,2,208,home,2531,3,2,not in squad,,,False,0,0,0,0,0,0,0,,,,0,0
533783,Maks Ebong,2026-07-23T16:00:00+00:00,2026,ELQ,10,False,4897945,3,208,away,10625,0,0,played,7,10,False,73,0,0,0,0,0,0,,,73,0,0
533783,Maks Ebong,2026-07-20T16:15:00+00:00,2026,BU1,1,False,4909858,1,208,away,675,0,0,played,7,6,False,90,0,0,0,0,0,0,85,,,0,0
533783,Maks Ebong,2026-07-16T17:30:00+00:00,2026,ELQ,10,False,4897222,2,208,away,920,2,1,not in squad,,,False,0,0,0,0,0,0,0,,,,0,0
533783,Maks Ebong,2026-07-09T18:00:00+00:00,2026,ELQ,10,False,4897216,1,208,home,920,3,2,not in squad,,,False,0,0,0,0,0,0,0,,,,0,0
533783,Maks Ebong,2026-06-09T16:30:00+00:00,2025,FS,11,True,4888751,17,3450,home,5872,2,2,played,9,10,False,80,0,0,0,0,0,0,,,80,0,0
533783,Maks Ebong,2026-06-05T16:00:00+00:00,2025,FS,11,True,4872541,10,3450,home,13674,4,1,played,9,7,False,66,0,0,0,0,0,0,,,66,0,0
533783,Maks Ebong,2026-05-25T17:30:00+00:00,2025,BU1,1,False,4866424,36,208,away,31614,0,1,played,10,7,False,90,0,0,0,0,0,0,,,,0,0
533783,Maks Ebong,2026-05-20T16:00:00+00:00,2025,BULP,8,False,4882692,5,208,neutral,2259,5,4,played,10,7,False,120,0,0,0,0,0,0,,,,0,0
533783,Maks Ebong,2026-05-16T13:00:00+00:00,2025,BU1,1,False,4866420,35,208,away,156,0,2,played,10,7,False,58,0,0,0,0,0,0,53,,58,0,0
533783,Maks Ebong,2026-05-13T14:45:00+00:00,2025,BU1,1,False,4866415,34,208,home,61955,1,1,played,10,6,False,90,1,0,0,0,0,0,,,,0,0
533783,Maks Ebong,2026-05-08T17:00:00+00:00,2025,BU1,1,False,4866401,33,208,away,61955,1,0,played,10,6,False,90,0,0,0,0,0,0,90,,,0,0
533783,Maks Ebong,2026-05-03T16:00:00+00:00,2025,BU1,1,False,4866382,32,208,home,31614,1,0,played,10,7,False,90,0,0,0,0,0,0,,,,0,0
533783,Maks Ebong,2026-04-29T16:00:00+00:00,2025,BULP,8,False,4827500,4,208,home,31614,0,0,played,10,7,False,90,0,0,0,0,0,0,,,90,0,0
1268640,Petko Panayotov,2026-07-27T18:15:00+00:00,2026,BU1,1,False,4909868,2,208,home,2531,3,2,not in squad,,,False,0,0,0,0,0,0,0,,,,0,0
1268640,Petko Panayotov,2026-07-23T16:00:00+00:00,2026,ELQ,10,False,4897945,3,208,away,10625,0,0,played,30,0,False,1,0,0,0,0,0,0,,90,,0,0
1268640,Petko Panayotov,2026-07-20T16:15:00+00:00,2026,BU1,1,False,4909858,1,208,away,675,0,0,in squad,30,,False,0,0,0,0,0,0,0,,,,0,0
1268640,Petko Panayotov,2026-07-16T17:30:00+00:00,2026,ELQ,10,False,4897222,2,208,away,920,2,1,played,30,8,False,72,0,0,0,0,0,0,,,72,0,0
1268640,Petko Panayotov,2026-07-09T18:00:00+00:00,2026,ELQ,10,False,4897216,1,208,home,920,3,2,played,30,9,False,90,0,0,0,0,0,0,,,,0,0
1268640,Petko Panayotov,2026-06-05T17:00:00+00:00,2025,FS,11,True,4864913,52,3394,away,6090,2,2,played,24,6,False,88,0,0,0,0,0,0,,,88,0,0
1268640,Petko Panayotov,2026-06-01T16:00:00+00:00,2025,FS,11,True,4864912,52,3394,home,11953,0,1,played,24,6,False,80,0,0,0,0,0,0,,,80,0,0
1268640,Petko Panayotov,2026-05-25T17:30:00+00:00,2025,BU1,1,False,4866424,36,208,away,31614,0,1,played,30,7,False,90,0,0,0,0,0,0,,,,0,0
1268640,Petko Panayotov,2026-05-20T16:00:00+00:00,2025,BULP,8,False,4882692,5,208,neutral,2259,5,4,in squad,30,,False,0,0,0,0,0,0,0,,,,0,0
1268640,Petko Panayotov,2026-05-16T13:00:00+00:00,2025,BU1,1,False,4866420,35,208,away,156,0,2,played,30,7,False,90,0,0,0,0,0,0,90,,,0,0
1268640,Petko Panayotov,2026-05-13T14:45:00+00:00,2025,BU1,1,False,4866415,34,208,home,61955,1,1,played,30,7,False,90,0,0,0,0,0,0,,,,0,0
1268640,Petko Panayotov,2026-05-08T17:00:00+00:00,2025,BU1,1,False,4866401,33,208,away,61955,1,0,played,30,7,False,90,0,0,0,0,0,0,,,,0,0
1268640,Petko Panayotov,2026-05-03T16:00:00+00:00,2025,BU1,1,False,4866382,32,208,home,31614,1,0,played,30,0,False,17,0,0,0,0,0,0,,73,,0,0
1268640,Petko Panayotov,2026-04-29T16:00:00+00:00,2025,BULP,8,False,4827500,4,208,home,31614,0,0,in squad,30,,False,0,0,0,0,0,0,0,,,,0,0
415646,Bruno Jordão,2026-07-27T18:15:00+00:00,2026,BU1,1,False,4909868,2,208,home,2531,3,2,not in squad,,,False,0,0,0,0,0,0,0,,,,0,0
415646,Bruno Jordão,2026-07-23T16:00:00+00:00,2026,ELQ,10,False,4897945,3,208,away,10625,0,0,played,6,6,True,90,0,0,0,0,0,0,,,,0,0
415646,Bruno Jordão,2026-07-20T16:15:00+00:00,2026,BU1,1,False,4909858,1,208,away,675,0,0,played,6,0,False,29,0,0,0,0,0,0,87,61,,0,0
415646,Bruno Jordão,2026-07-16T17:30:00+00:00,2026,ELQ,10,False,4897222,2,208,away,920,2,1,played,6,6,True,90,0,0,0,0,0,0,,,,0,0
415646,Bruno Jordão,2026-07-09T18:00:00+00:00,2026,ELQ,10,False,4897216,1,208,home,920,3,2,played,6,6,True,90,1,0,0,0,0,0,,,,0,0
415646,Bruno Jordão,2026-05-25T17:30:00+00:00,2025,BU1,1,False,4866424,36,208,away,31614,0,1,played,6,6,True,89,0,0,0,0,0,0,,,89,0,0
415646,Bruno Jordão,2026-05-20T16:00:00+00:00,2025,BULP,8,False,4882692,5,208,neutral,2259,5,4,played,6,6,True,120,0,0,0,0,0,0,,,,0,0
415646,Bruno Jordão,2026-05-16T13:00:00+00:00,2025,BU1,1,False,4866420,35,208,away,156,0,2,played,6,6,True,85,0,0,0,0,0,0,,,85,0,0
415646,Bruno Jordão,2026-05-13T14:45:00+00:00,2025,BU1,1,False,4866415,34,208,home,61955,1,1,absent,,,False,0,0,0,0,0,0,0,,,,0,1
415646,Bruno Jordão,2026-05-08T17:00:00+00:00,2025,BU1,1,False,4866401,33,208,away,61955,1,0,absent,,,False,0,0,0,0,0,0,0,,,,0,1
415646,Bruno Jordão,2026-05-03T16:00:00+00:00,2025,BU1,1,False,4866382,32,208,home,31614,1,0,played,6,6,True,90,0,1,0,0,0,0,56,,,0,0
415646,Bruno Jordão,2026-04-29T16:00:00+00:00,2025,BULP,8,False,4827500,4,208,home,31614,0,0,played,6,6,True,90,0,0,0,0,0,0,,,,0,0
569373,Isaac Solet,2026-07-27T18:15:00+00:00,2026,BU1,1,False,4909868,2,208,home,2531,3,2,not in squad,,,False,0,0,0,0,0,0,0,,,,0,0
569373,Isaac Solet,2026-07-23T16:00:00+00:00,2026,ELQ,10,False,4897945,3,208,away,10625,0,0,played,94,0,False,17,0,0,0,0,0,0,,73,,0,0
569373,Isaac Solet,2026-07-20T16:15:00+00:00,2026,BU1,1,False,4909858,1,208,away,675,0,0,played,94,7,False,61,0,0,0,0,0,0,,,61,0,0
569373,Isaac Solet,2026-07-16T17:30:00+00:00,2026,ELQ,10,False,4897222,2,208,away,920,2,1,played,94,10,False,80,0,0,0,0,0,0,,,80,0,0
569373,Isaac Solet,2026-07-09T18:00:00+00:00,2026,ELQ,10,False,4897216,1,208,home,920,3,2,played,94,10,False,72,0,0,0,0,0,0,,,72,0,0
569373,Isaac Solet,2026-06-09T19:00:00+00:00,2025,FS,11,True,4891315,16,12933,away,3585,0,3,not in squad,,,False,0,0,0,0,0,0,0,,,,0,0
569373,Isaac Solet,2026-06-05T18:00:00+00:00,2025,FS,11,True,4891314,15,12933,away,3815,1,1,not in squad,,,False,0,0,0,0,0,0,0,,,,0,0
569373,Isaac Solet,2026-05-25T17:30:00+00:00,2025,BU1,1,False,4866424,36,208,away,31614,0,1,in squad,94,,False,0,0,0,0,0,0,0,,,,0,0
569373,Isaac Solet,2026-05-20T16:00:00+00:00,2025,BULP,8,False,4882692,5,208,neutral,2259,5,4,not in squad,,,False,0,0,0,0,0,0,0,,,,0,0
569373,Isaac Solet,2026-05-16T13:00:00+00:00,2025,BU1,1,False,4866420,35,208,away,156,0,2,played,94,0,False,32,0,0,0,0,0,0,,58,,0,0
569373,Isaac Solet,2026-05-13T14:45:00+00:00,2025,BU1,1,False,4866415,34,208,home,61955,1,1,played,94,7,False,63,0,0,0,0,0,0,,,63,0,0
569373,Isaac Solet,2026-05-08T17:00:00+00:00,2025,BU1,1,False,4866401,33,208,away,61955,1,0,played,94,0,False,2,0,0,0,0,0,0,,88,,0,0
569373,Isaac Solet,2026-05-03T16:00:00+00:00,2025,BU1,1,False,4866382,32,208,home,31614,1,0,in squad,94,,False,0,0,0,0,0,0,0,,,,0,0
569373,Isaac Solet,2026-04-29T16:00:00+00:00,2025,BULP,8,False,4827500,4,208,home,31614,0,0,in squad,94,,False,0,0,0,0,0,0,0,,,,0,0
216179,Stefano Sensi,2026-07-27T18:15:00+00:00,2026,BU1,1,False,4909868,2,208,home,2531,3,2,not in squad,,,False,0,0,0,0,0,0,0,,,,0,0
216179,Stefano Sensi,2026-07-23T16:00:00+00:00,2026,ELQ,10,False,4897945,3,208,away,10625,0,0,played,8,10,False,90,0,0,0,0,0,0,,,90,0,0
216179,Stefano Sensi,2026-07-20T16:15:00+00:00,2026,BU1,1,False,4909858,1,208,away,675,0,0,played,8,0,False,45,0,0,0,0,0,0,,46,,0,0
216179,Stefano Sensi,2026-07-16T17:30:00+00:00,2026,ELQ,10,False,4897222,2,208,away,920,2,1,played,8,9,False,90,0,0,0,0,0,0,90,,,0,0
216179,Stefano Sensi,2026-07-09T18:00:00+00:00,2026,ELQ,10,False,4897216,1,208,home,920,3,2,played,8,8,False,85,0,1,0,0,0,0,,,85,0,0
216179,Stefano Sensi,2026-05-15T16:00:00+00:00,2025,ZYP1,1,False,4884020,35,3899,away,1402,0,1,in squad,6,,False,0,0,0,0,0,0,0,,,,0,0
216179,Stefano Sensi,2026-05-08T16:00:00+00:00,2025,ZYP1,1,False,4882228,34,3899,home,57870,5,2,played,6,10,False,90,1,0,0,0,0,0,,,,0,0
216179,Stefano Sensi,2026-05-02T16:00:00+00:00,2025,ZYP1,1,False,4868308,32,3899,home,840,2,0,played,6,7,False,76,0,0,0,0,0,0,,,76,0,0
216179,Stefano Sensi,2026-04-27T16:00:00+00:00,2025,ZYP1,1,False,4851964,31,3899,away,786,1,0,played,6,6,False,90,0,0,0,0,0,0,90,,,0,0
216179,Stefano Sensi,2026-04-19T14:00:00+00:00,2025,ZYP1,1,False,4851953,30,3899,home,16024,1,1,played,6,7,False,90,0,0,0,0,0,0,,,,0,0
1100752,Vasil Kaymakanov,2026-07-27T18:15:00+00:00,2026,BU1,1,False,4909868,2,208,home,2531,3,2,not in squad,,,False,0,0,0,0,0,0,0,,,,0,0
1100752,Vasil Kaymakanov,2026-07-23T16:00:00+00:00,2026,ELQ,10,False,4897945,3,208,away,10625,0,0,in squad,34,,False,0,0,0,0,0,0,0,,,,0,0
1100752,Vasil Kaymakanov,2026-07-20T16:15:00+00:00,2026,BU1,1,False,4909858,1,208,away,675,0,0,in squad,34,,False,0,0,0,0,0,0,0,,,,0,0
1100752,Vasil Kaymakanov,2026-07-16T17:30:00+00:00,2026,ELQ,10,False,4897222,2,208,away,920,2,1,in squad,34,,False,0,0,0,0,0,0,0,,,,0,0
1100752,Vasil Kaymakanov,2026-07-09T18:00:00+00:00,2026,ELQ,10,False,4897216,1,208,home,920,3,2,in squad,34,,False,0,0,0,0,0,0,0,,,,0,0
1100752,Vasil Kaymakanov,2026-05-30T14:00:00+00:00,2025,FS,11,True,4893732,51,21361,home,16844,1,0,played,19,0,False,45,0,0,0,0,0,0,,46,,0,0
1100752,Vasil Kaymakanov,2026-05-25T17:30:00+00:00,2025,BU1,1,False,4866424,36,208,away,31614,0,1,played,34,0,False,5,0,0,0,0,0,0,,85,,0,0
1100752,Vasil Kaymakanov,2026-05-23T15:00:00+00:00,2025,BU2,2,False,4718040,34,9524,away,36821,3,0,played,11,0,False,90,0,1,0,0,0,0,,,,0,0
1100752,Vasil Kaymakanov,2026-05-20T16:00:00+00:00,2025,BULP,8,False,4882692,5,208,neutral,2259,5,4,not in squad,,,False,0,0,0,0,0,0,0,,,,0,0
1100752,Vasil Kaymakanov,2026-05-16T13:00:00+00:00,2025,BU1,1,False,4866420,35,208,away,156,0,2,not in squad,,,False,0,0,0,0,0,0,0,,,,0,0
1100752,Vasil Kaymakanov,2026-05-13T14:45:00+00:00,2025,BU1,1,False,4866415,34,208,home,61955,1,1,in squad,34,,False,0,0,0,0,0,0,0,,,,0,0
1100752,Vasil Kaymakanov,2026-05-11T15:00:00+00:00,2025,BU2,2,False,4718023,32,9524,away,19215,2,1,played,11,0,False,60,0,0,0,0,0,0,,,60,0,0
1100752,Vasil Kaymakanov,2026-05-04T12:30:00+00:00,2025,BU2,2,False,4718018,31,9524,home,29268,0,1,played,11,0,False,90,0,0,0,0,0,0,,,,0,0
726472,Léo Pereira,2026-07-27T18:15:00+00:00,2026,BU1,1,False,4909868,2,208,home,2531,3,2,not in squad,,,False,0,0,0,0,0,0,0,,,,0,0
726472,Léo Pereira,2026-07-23T16:00:00+00:00,2026,ELQ,10,False,4897945,3,208,away,10625,0,0,in squad,38,,False,0,0,0,0,0,0,0,,,,0,0
726472,Léo Pereira,2026-07-20T16:15:00+00:00,2026,BU1,1,False,4909858,1,208,away,675,0,0,played,38,11,False,76,0,0,0,0,0,0,,,76,0,0
726472,Léo Pereira,2026-07-16T17:30:00+00:00,2026,ELQ,10,False,4897222,2,208,away,920,2,1,in squad,38,,False,0,0,0,0,0,0,0,,,,0,0
726472,Léo Pereira,2026-07-09T18:00:00+00:00,2026,ELQ,10,False,4897216,1,208,home,920,3,2,in squad,38,,False,0,0,0,0,0,0,0,,,,0,0
726472,Léo Pereira,2026-05-25T17:30:00+00:00,2025,BU1,1,False,4866424,36,208,away,31614,0,1,played,38,11,False,85,0,0,0,0,0,0,,,85,0,0
726472,Léo Pereira,2026-05-20T16:00:00+00:00,2025,BULP,8,False,4882692,5,208,neutral,2259,5,4,played,38,0,False,30,0,0,0,0,0,0,,90,,0,0
726472,Léo Pereira,2026-05-16T13:00:00+00:00,2025,BU1,1,False,4866420,35,208,away,156,0,2,played,38,12,False,84,0,0,0,0,0,0,,,84,0,0
726472,Léo Pereira,2026-05-13T14:45:00+00:00,2025,BU1,1,False,4866415,34,208,home,61955,1,1,absent,,,False,0,0,0,0,0,0,0,,,,0,1
726472,Léo Pereira,2026-05-08T17:00:00+00:00,2025,BU1,1,False,4866401,33,208,away,61955,1,0,played,38,11,False,84,0,0,0,0,0,0,84,,84,0,0
726472,Léo Pereira,2026-05-03T16:00:00+00:00,2025,BU1,1,False,4866382,32,208,home,31614,1,0,played,38,0,False,17,0,0,0,0,0,0,,73,,0,0
726472,Léo Pereira,2026-04-29T16:00:00+00:00,2025,BULP,8,False,4827500,4,208,home,31614,0,0,played,38,11,False,68,0,0,0,0,0,0,,,68,0,0
978808,Georgi Chorbadzhiyski,2026-07-27T18:15:00+00:00,2026,BU1,1,False,4909868,2,208,home,2531,3,2,not in squad,,,False,0,0,0,0,0,0,0,,,,0,0
978808,Georgi Chorbadzhiyski,2026-07-23T16:00:00+00:00,2026,ELQ,10,False,4897945,3,208,away,10625,0,0,in squad,80,,False,0,0,0,0,0,0,0,,,,0,0
978808,Georgi Chorbadzhiyski,2026-07-20T16:15:00+00:00,2026,BU1,1,False,4909858,1,208,away,675,0,0,not in squad,,,False,0,0,0,0,0,0,0,,,,0,0
978808,Georgi Chorbadzhiyski,2026-07-16T17:30:00+00:00,2026,ELQ,10,False,4897222,2,208,away,920,2,1,in squad,80,,False,0,0,0,0,0,0,0,,,,0,0
978808,Georgi Chorbadzhiyski,2026-07-09T18:00:00+00:00,2026,ELQ,10,False,4897216,1,208,home,920,3,2,in squad,80,,False,0,0,0,0,0,0,0,,,,0,0
978808,Georgi Chorbadzhiyski,2026-05-29T16:00:00+00:00,2025,BUEL,12,False,4890402,1,2259,away,31614,1,3,played,29,0,False,47,0,0,0,0,0,0,,73,,0,0
978808,Georgi Chorbadzhiyski,2026-05-25T14:45:00+00:00,2025,BU1,1,False,4866426,36,2259,home,2531,2,1,played,29,10,False,88,0,0,0,0,0,0,,,88,0,0
978808,Georgi Chorbadzhiyski,2026-05-20T16:00:00+00:00,2025,BULP,8,False,4882692,5,2259,neutral,208,4,5,not in squad,,,False,0,0,0,0,0,0,0,,,,0,0
978808,Georgi Chorbadzhiyski,2026-05-16T16:00:00+00:00,2025,BU1,1,False,4866421,35,2259,away,40604,0,4,played,29,0,False,33,0,0,0,0,0,0,,57,,0,0
978808,Georgi Chorbadzhiyski,2026-05-12T14:45:00+00:00,2025,BU1,1,False,4866418,34,2259,away,967,0,2,played,29,10,False,62,0,0,0,0,0,0,,,62,0,0
978808,Georgi Chorbadzhiyski,2026-05-08T14:30:00+00:00,2025,BU1,1,False,4866404,33,2259,home,40604,2,0,played,29,10,False,68,0,0,0,0,0,0,,,68,0,0
978808,Georgi Chorbadzhiyski,2026-05-03T13:15:00+00:00,2025,BU1,1,False,4866385,32,2259,away,2531,2,0,played,29,10,False,73,0,0,0,0,0,0,71,,73,0,0
978808,Georgi Chorbadzhiyski,2026-04-30T16:00:00+00:00,2025,BULP,8,False,4827499,4,2259,home,40604,1,1,played,29,10,False,90,0,0,0,0,0,0,,,,0,0
820381,Mohamed Brahimi,2026-07-27T18:15:00+00:00,2026,BU1,1,False,4909868,2,208,home,2531,3,2,not in squad,,,False,0,0,0,0,0,0,0,,,,0,0
820381,Mohamed Brahimi,2026-07-23T16:00:00+00:00,2026,ELQ,10,False,4897945,3,208,away,10625,0,0,played,11,0,False,1,0,0,0,0,0,0,,90,,0,0
820381,Mohamed Brahimi,2026-07-20T16:15:00+00:00,2026,BU1,1,False,4909858,1,208,away,675,0,0,played,11,12,False,90,0,0,0,0,0,0,,,,0,0
820381,Mohamed Brahimi,2026-07-16T17:30:00+00:00,2026,ELQ,10,False,4897222,2,208,away,920,2,1,played,11,0,False,1,0,1,0,0,0,0,,90,,0,0
820381,Mohamed Brahimi,2026-07-09T18:00:00+00:00,2026,ELQ,10,False,4897216,1,208,home,920,3,2,played,11,0,False,18,0,0,0,0,0,0,,72,,0,0
820381,Mohamed Brahimi,2026-05-25T17:30:00+00:00,2025,BU1,1,False,4866424,36,208,away,31614,0,1,not in squad,,,False,0,0,0,0,0,0,0,,,,0,0
820381,Mohamed Brahimi,2026-05-20T16:00:00+00:00,2025,BULP,8,False,4882692,5,208,neutral,2259,5,4,played,11,12,False,90,0,0,0,0,0,0,63,,90,0,0
820381,Mohamed Brahimi,2026-05-16T13:00:00+00:00,2025,BU1,1,False,4866420,35,208,away,156,0,2,in squad,11,,False,0,0,0,0,0,0,0,,,,0,0
820381,Mohamed Brahimi,2026-05-13T14:45:00+00:00,2025,BU1,1,False,4866415,34,208,home,61955,1,1,played,11,12,False,54,0,0,0,0,0,0,,,54,0,0
820381,Mohamed Brahimi,2026-05-08T17:00:00+00:00,2025,BU1,1,False,4866401,33,208,away,61955,1,0,played,11,12,False,67,1,0,0,0,0,0,,,67,0,0
820381,Mohamed Brahimi,2026-05-03T16:00:00+00:00,2025,BU1,1,False,4866382,32,208,home,31614,1,0,played,11,12,False,90,1,0,0,0,0,0,,,90,0,0
820381,Mohamed Brahimi,2026-04-29T16:00:00+00:00,2025,BULP,8,False,4827500,4,208,home,31614,0,0,played,11,12,False,90,0,0,0,0,0,0,,,,0,0
427693,Matthias Phaëton,2026-07-27T18:15:00+00:00,2026,BU1,1,False,4909868,2,208,home,2531,3,2,not in squad,,,False,0,0,0,0,0,0,0,,,,0,0
427693,Matthias Phaëton,2026-07-23T16:00:00+00:00,2026,ELQ,10,False,4897945,3,208,away,10625,0,0,not in squad,,,False,0,0,0,0,0,0,0,,,,0,0
427693,Matthias Phaëton,2026-07-20T16:15:00+00:00,2026,BU1,1,False,4909858,1,208,away,675,0,0,not in squad,,,False,0,0,0,0,0,0,0,,,,0,0
427693,Matthias Phaëton,2026-07-16T17:30:00+00:00,2026,ELQ,10,False,4897222,2,208,away,920,2,1,not in squad,,,False,0,0,0,0,0,0,0,,,,0,0
427693,Matthias Phaëton,2026-07-09T18:00:00+00:00,2026,ELQ,10,False,4897216,1,208,home,920,3,2,not in squad,,,False,0,0,0,0,0,0,0,,,,0,0
427693,Matthias Phaëton,2026-05-16T16:00:00+00:00,2025,C1,1,False,4856822,38,260,home,61,0,2,in squad,10,,False,0,0,0,0,0,0,0,,,,0,0
427693,Matthias Phaëton,2026-05-12T18:30:00+00:00,2025,C1,1,False,4856815,37,260,away,434,0,1,in squad,10,,False,0,0,0,0,0,0,0,,,,0,0
427693,Matthias Phaëton,2026-05-09T16:00:00+00:00,2025,C1,1,False,4856839,36,260,home,504,2,1,played,10,0,False,17,0,0,0,0,0,0,,73,,0,0
427693,Matthias Phaëton,2026-05-02T16:00:00+00:00,2025,C1,1,False,4856833,35,260,away,242,2,2,not in squad,,,False,0,0,0,0,0,0,0,,,,0,0
427693,Matthias Phaëton,2026-04-25T16:00:00+00:00,2025,C1,1,False,4856827,34,260,away,527,0,3,played,10,9,False,45,0,0,0,0,0,0,45,,46,0,0
1165233,Kevin Dodaj,2026-07-27T18:15:00+00:00,2026,BU1,1,False,4909868,2,208,home,2531,3,2,not in squad,,,False,0,0,0,0,0,0,0,,,,0,0
1165233,Kevin Dodaj,2026-07-23T16:00:00+00:00,2026,ELQ,10,False,4897945,3,208,away,10625,0,0,not in squad,,,False,0,0,0,0,0,0,0,,,,0,0
1165233,Kevin Dodaj,2026-07-20T16:15:00+00:00,2026,BU1,1,False,4909858,1,208,away,675,0,0,not in squad,,,False,0,0,0,0,0,0,0,,,,0,0
1165233,Kevin Dodaj,2026-07-16T17:30:00+00:00,2026,ELQ,10,False,4897222,2,208,away,920,2,1,not in squad,,,False,0,0,0,0,0,0,0,,,,0,0
1165233,Kevin Dodaj,2026-07-09T18:00:00+00:00,2026,ELQ,10,False,4897216,1,208,home,920,3,2,not in squad,,,False,0,0,0,0,0,0,0,,,,0,0
1165233,Kevin Dodaj,2026-06-08T16:15:00+00:00,2025,FS,11,True,4879216,52,11952,away,11947,0,1,played,22,14,False,68,0,0,2,0,1,1,,,68,0,0
1165233,Kevin Dodaj,2026-06-05T18:15:00+00:00,2025,FS,11,True,4885305,52,11952,away,16272,1,1,played,22,14,False,50,0,0,0,0,0,0,,,50,0,0
1165233,Kevin Dodaj,2026-05-31T17:00:00+00:00,2025,ALP3,12,False,4883699,3,8671,home,98106,1,2,played,22,11,False,68,0,0,0,0,0,0,,,68,0,0
1165233,Kevin Dodaj,2026-05-23T17:00:00+00:00,2025,ALP3,12,False,4883696,2,8671,home,27114,1,2,played,22,14,False,74,0,0,0,0,0,0,,,74,0,0
1165233,Kevin Dodaj,2026-05-16T17:00:00+00:00,2025,ALP3,12,False,4883694,1,8671,home,588,0,2,played,22,11,False,30,0,0,0,0,0,0,,60,,0,0
1165233,Kevin Dodaj,2026-05-10T14:00:00+00:00,2025,ALB1,1,False,4680270,36,8671,home,12460,2,0,not in squad,,,False,0,0,0,0,0,0,0,,,,0,0
1165233,Kevin Dodaj,2026-05-06T14:00:00+00:00,2025,ALB1,1,False,4680285,35,8671,away,2049,0,1,played,22,0,False,23,0,0,0,0,0,0,71,67,,0,0
1165233,Kevin Dodaj,2026-05-02T14:00:00+00:00,2025,ALB1,1,False,4680244,34,8671,home,21234,0,2,played,22,11,False,90,0,0,0,0,0,0,,,,0,0
380191,Ioannis Pittas,2026-07-27T18:15:00+00:00,2026,BU1,1,False,4909868,2,208,home,2531,3,2,not in squad,,,False,0,0,0,0,0,0,0,,,,0,0
380191,Ioannis Pittas,2026-07-23T16:00:00+00:00,2026,ELQ,10,False,4897945,3,208,away,10625,0,0,played,28,14,False,90,0,0,0,0,0,0,,,,0,0
380191,Ioannis Pittas,2026-07-20T16:15:00+00:00,2026,BU1,1,False,4909858,1,208,away,675,0,0,played,28,0,False,45,0,0,0,0,0,0,,46,,0,0
380191,Ioannis Pittas,2026-07-16T17:30:00+00:00,2026,ELQ,10,False,4897222,2,208,away,920,2,1,played,28,14,False,90,1,0,0,0,0,0,,,90,0,0
380191,Ioannis Pittas,2026-07-09T18:00:00+00:00,2026,ELQ,10,False,4897216,1,208,home,920,3,2,played,28,14,False,90,2,0,0,0,0,0,,,,0,0
380191,Ioannis Pittas,2026-06-07T13:00:00+00:00,2025,FS,11,True,4877599,52,3668,away,5673,2,0,played,9,0,False,45,0,0,0,0,0,0,,46,,0,0
380191,Ioannis Pittas,2026-06-04T16:00:00+00:00,2025,FS,11,True,4884494,6,3668,away,3588,1,1,played,9,14,False,72,0,0,0,0,0,0,,,72,0,0
380191,Ioannis Pittas,2026-05-25T17:30:00+00:00,2025,BU1,1,False,4866424,36,208,away,31614,0,1,played,28,0,False,32,0,0,0,0,0,0,,58,,0,0
380191,Ioannis Pittas,2026-05-20T16:00:00+00:00,2025,BULP,8,False,4882692,5,208,neutral,2259,5,4,played,28,11,False,103,0,0,0,0,0,0,,,103,0,0
380191,Ioannis Pittas,2026-05-16T13:00:00+00:00,2025,BU1,1,False,4866420,35,208,away,156,0,2,played,28,0,False,31,0,0,0,0,0,0,63,59,,0,0
380191,Ioannis Pittas,2026-05-13T14:45:00+00:00,2025,BU1,1,False,4866415,34,208,home,61955,1,1,played,28,14,False,90,0,0,0,0,0,0,,,,0,0
380191,Ioannis Pittas,2026-05-08T17:00:00+00:00,2025,BU1,1,False,4866401,33,208,away,61955,1,0,played,28,0,False,23,0,0,0,0,0,0,,67,,0,0
380191,Ioannis Pittas,2026-05-03T16:00:00+00:00,2025,BU1,1,False,4866382,32,208,home,31614,1,0,played,28,14,False,90,0,0,0,0,0,0,,,,0,0
380191,Ioannis Pittas,2026-04-29T16:00:00+00:00,2025,BULP,8,False,4827500,4,208,home,31614,0,0,played,28,0,False,22,0,0,0,0,0,0,,68,,0,0
628038,Svetoslav Vutsov,2026-07-25T18:15:00+00:00,2026,BU1,1,False,4909872,2,156,away,730,2,1,played,92,1,False,90,0,0,0,0,0,0,,,,0,0
628038,Svetoslav Vutsov,2026-07-22T17:30:00+00:00,2026,CLQ,10,False,4942869,3,156,home,40812,1,0,played,92,1,False,90,0,0,0,0,0,0,,,,0,0
628038,Svetoslav Vutsov,2026-07-17T18:15:00+00:00,2026,BU1,1,False,4909855,1,156,home,19780,2,1,in squad,92,,False,0,0,0,0,0,0,0,,,,0,0
628038,Svetoslav Vutsov,2026-07-14T17:30:00+00:00,2026,CLQ,10,False,4897209,2,156,home,3900,4,0,played,92,1,False,90,0,0,0,0,0,0,,,,0,0
628038,Svetoslav Vutsov,2026-07-07T18:30:00+00:00,2026,CLQ,10,False,4897195,1,156,away,3900,1,1,played,92,1,False,90,0,0,0,0,0,0,,,,0,0
628038,Svetoslav Vutsov,2026-05-25T17:30:00+00:00,2025,BU1,1,False,4866423,36,156,away,61955,0,0,in squad,92,,False,0,0,0,0,0,0,0,,,,0,0
628038,Svetoslav Vutsov,2026-05-16T13:00:00+00:00,2025,BU1,1,False,4866420,35,156,home,208,2,0,played,92,1,False,90,0,0,0,0,0,0,,,,0,0
628038,Svetoslav Vutsov,2026-05-13T17:15:00+00:00,2025,BU1,1,False,4866416,34,156,away,31614,1,1,in squad,92,,False,0,0,0,0,0,0,0,,,,0,0
628038,Svetoslav Vutsov,2026-05-09T15:45:00+00:00,2025,BU1,1,False,4866402,33,156,home,31614,0,1,played,92,1,False,90,0,0,0,0,0,0,,,,0,0
628038,Svetoslav Vutsov,2026-05-02T16:00:00+00:00,2025,BU1,1,False,4866383,32,156,home,61955,1,0,played,92,1,False,90,0,0,0,0,0,0,,,,0,0
853948,Alejandro Piedrahita,2026-07-27T18:15:00+00:00,2026,BU1,1,False,4909868,2,208,home,2531,3,2,not in squad,,,False,0,0,0,0,0,0,0,,,,0,0
853948,Alejandro Piedrahita,2026-07-23T16:00:00+00:00,2026,ELQ,10,False,4897945,3,208,away,10625,0,0,in squad,77,,False,0,0,0,0,0,0,0,,,,0,0
853948,Alejandro Piedrahita,2026-07-20T16:15:00+00:00,2026,BU1,1,False,4909858,1,208,away,675,0,0,played,77,0,False,14,0,0,0,0,0,0,,76,,0,0
853948,Alejandro Piedrahita,2026-07-16T17:30:00+00:00,2026,ELQ,10,False,4897222,2,208,away,920,2,1,in squad,77,,False,0,0,0,0,0,0,0,,,,0,0
853948,Alejandro Piedrahita,2026-07-09T18:00:00+00:00,2026,ELQ,10,False,4897216,1,208,home,920,3,2,played,77,0,False,5,0,0,0,0,0,0,,85,,0,0
853948,Alejandro Piedrahita,2026-05-25T17:30:00+00:00,2025,BU1,1,False,4866424,36,208,away,31614,0,1,played,77,12,False,58,0,0,0,0,0,0,,,58,0,0
853948,Alejandro Piedrahita,2026-05-20T16:00:00+00:00,2025,BULP,8,False,4882692,5,208,neutral,2259,5,4,played,77,0,False,17,0,0,0,0,0,0,,103,,0,0
853948,Alejandro Piedrahita,2026-05-16T13:00:00+00:00,2025,BU1,1,False,4866420,35,208,away,156,0,2,played,77,11,False,59,0,0,0,0,0,0,,,59,0,0
853948,Alejandro Piedrahita,2026-05-13T14:45:00+00:00,2025,BU1,1,False,4866415,34,208,home,61955,1,1,played,77,11,False,90,0,0,0,0,0,0,,,,0,0
853948,Alejandro Piedrahita,2026-05-08T17:00:00+00:00,2025,BU1,1,False,4866401,33,208,away,61955,1,0,played,77,0,False,6,0,0,0,0,0,0,,84,,0,0
853948,Alejandro Piedrahita,2026-05-03T16:00:00+00:00,2025,BU1,1,False,4866382,32,208,home,31614,1,0,played,77,11,False,73,0,0,0,0,0,0,66,,73,0,0
853948,Alejandro Piedrahita,2026-04-29T16:00:00+00:00,2025,BULP,8,False,4827500,4,208,home,31614,0,0,in squad,77,,False,0,0,0,0,0,0,0,,,,0,0
463667,Christian Makoun,2026-07-25T18:15:00+00:00,2026,BU1,1,False,4909872,2,156,away,730,2,1,played,4,3,True,90,0,0,0,0,0,0,,,,0,0
463667,Christian Makoun,2026-07-22T17:30:00+00:00,2026,CLQ,10,False,4942869,3,156,home,40812,1,0,in squad,4,,False,0,0,0,0,0,0,0,,,,0,0
463667,Christian Makoun,2026-07-17T18:15:00+00:00,2026,BU1,1,False,4909855,1,156,home,19780,2,1,played,4,3,False,90,0,0,0,0,0,0,,,,0,0
463667,Christian Makoun,2026-07-14T17:30:00+00:00,2026,CLQ,10,False,4897209,2,156,home,3900,4,0,in squad,4,,False,0,0,0,0,0,0,0,,,,0,0
463667,Christian Makoun,2026-07-07T18:30:00+00:00,2026,CLQ,10,False,4897195,1,156,away,3900,1,1,played,4,0,False,7,0,0,0,0,0,0,,83,,0,0
463667,Christian Makoun,2026-06-10T00:00:00+00:00,2025,FS,11,True,4894001,52,3504,away,3560,2,0,injured,,,False,0,0,0,0,0,0,0,,,,303,0
463667,Christian Makoun,2026-06-06T22:00:00+00:00,2025,FS,11,True,4890560,10,3504,neutral,3381,1,2,played,24,3,False,90,0,0,0,0,0,0,,,,0,0
463667,Christian Makoun,2026-05-25T17:30:00+00:00,2025,BU1,1,False,4866423,36,156,away,61955,0,0,played,4,3,False,90,0,0,0,0,0,0,,,,0,0
463667,Christian Makoun,2026-05-16T13:00:00+00:00,2025,BU1,1,False,4866420,35,156,home,208,2,0,played,4,3,False,90,0,0,0,0,0,0,,,,0,0
463667,Christian Makoun,2026-05-13T17:15:00+00:00,2025,BU1,1,False,4866416,34,156,away,31614,1,1,in squad,4,,False,0,0,0,0,0,0,0,,,,0,0
463667,Christian Makoun,2026-05-09T15:45:00+00:00,2025,BU1,1,False,4866402,33,156,home,31614,0,1,played,4,3,False,90,0,0,0,0,0,0,,,,0,0
463667,Christian Makoun,2026-05-02T16:00:00+00:00,2025,BU1,1,False,4866383,32,156,home,61955,1,0,played,4,3,False,90,0,0,0,0,0,0,,,,0,0
1144096,Ognyan Vladimirov,2026-07-25T18:15:00+00:00,2026,BU1,1,False,4909872,2,156,away,730,2,1,in squad,1,,False,0,0,0,0,0,0,0,,,,0,0
1144096,Ognyan Vladimirov,2026-07-22T17:30:00+00:00,2026,CLQ,10,False,4942869,3,156,home,40812,1,0,in squad,1,,False,0,0,0,0,0,0,0,,,,0,0
1144096,Ognyan Vladimirov,2026-07-17T18:15:00+00:00,2026,BU1,1,False,4909855,1,156,home,19780,2,1,played,1,1,False,90,0,0,0,0,0,0,,,,0,0
1144096,Ognyan Vladimirov,2026-07-14T17:30:00+00:00,2026,CLQ,10,False,4897209,2,156,home,3900,4,0,in squad,1,,False,0,0,0,0,0,0,0,,,,0,0
1144096,Ognyan Vladimirov,2026-07-07T18:30:00+00:00,2026,CLQ,10,False,4897195,1,156,away,3900,1,1,in squad,1,,False,0,0,0,0,0,0,0,,,,0,0
1144096,Ognyan Vladimirov,2026-06-07T08:30:00+00:00,2025,FS,11,True,4889234,41,27256,home,26099,3,0,in squad,1,,False,0,0,0,0,0,0,0,,,,0,0
1144096,Ognyan Vladimirov,2026-06-04T15:00:00+00:00,2025,FS,11,True,4889233,36,27256,home,26099,1,0,played,1,1,False,90,0,0,0,0,0,0,,,,0,0
1144096,Ognyan Vladimirov,2026-05-25T17:30:00+00:00,2025,BU1,1,False,4866423,36,156,away,61955,0,0,played,1,1,False,90,0,0,0,0,0,0,,,,0,0
1144096,Ognyan Vladimirov,2026-05-16T13:00:00+00:00,2025,BU1,1,False,4866420,35,156,home,208,2,0,not in squad,,,False,0,0,0,0,0,0,0,,,,0,0
1144096,Ognyan Vladimirov,2026-05-13T17:15:00+00:00,2025,BU1,1,False,4866416,34,156,away,31614,1,1,not in squad,,,False,0,0,0,0,0,0,0,,,,0,0
1144096,Ognyan Vladimirov,2026-05-09T15:45:00+00:00,2025,BU1,1,False,4866402,33,156,home,31614,0,1,not in squad,,,False,0,0,0,0,0,0,0,,,,0,0
1144096,Ognyan Vladimirov,2026-05-02T16:00:00+00:00,2025,BU1,1,False,4866383,32,156,home,61955,1,0,not in squad,,,False,0,0,0,0,0,0,0,,,,0,0
979385,Maicon,2026-07-25T18:15:00+00:00,2026,BU1,1,False,4909872,2,156,away,730,2,1,played,3,0,False,30,0,0,0,0,0,0,,60,,0,0
979385,Maicon,2026-07-22T17:30:00+00:00,2026,CLQ,10,False,4942869,3,156,home,40812,1,0,played,3,4,False,90,0,0,0,0,0,0,90,,,0,0
979385,Maicon,2026-07-17T18:15:00+00:00,2026,BU1,1,False,4909855,1,156,home,19780,2,1,played,3,4,False,90,0,0,0,0,0,0,,,,0,0
979385,Maicon,2026-07-14T17:30:00+00:00,2026,CLQ,10,False,4897209,2,156,home,3900,4,0,played,3,4,False,90,0,0,0,0,0,0,,,,0,0
979385,Maicon,2026-07-07T18:30:00+00:00,2026,CLQ,10,False,4897195,1,156,away,3900,1,1,played,3,4,False,90,0,0,0,0,0,0,,,,0,0
979385,Maicon,2026-05-25T17:30:00+00:00,2025,BU1,1,False,4866423,36,156,away,61955,0,0,played,3,4,False,90,0,0,0,0,0,0,69,,,0,0
979385,Maicon,2026-05-16T13:00:00+00:00,2025,BU1,1,False,4866420,35,156,home,208,2,0,played,3,4,False,90,0,0,0,0,0,0,90,,,0,0
979385,Maicon,2026-05-13T17:15:00+00:00,2025,BU1,1,False,4866416,34,156,away,31614,1,1,played,3,4,False,90,0,0,0,0,0,0,71,,,0,0
979385,Maicon,2026-05-09T15:45:00+00:00,2025,BU1,1,False,4866402,33,156,home,31614,0,1,played,3,4,False,90,0,0,0,0,0,0,,,,0,0
979385,Maicon,2026-05-02T16:00:00+00:00,2025,BU1,1,False,4866383,32,156,home,61955,1,0,played,3,4,False,90,0,0,0,0,0,0,,,,0,0
457940,Joël Zwarts,2026-07-27T18:15:00+00:00,2026,BU1,1,False,4909868,2,208,home,2531,3,2,not in squad,,,False,0,0,0,0,0,0,0,,,,0,0
457940,Joël Zwarts,2026-07-23T16:00:00+00:00,2026,ELQ,10,False,4897945,3,208,away,10625,0,0,played,10,0,False,17,0,0,0,0,0,0,,73,,0,0
457940,Joël Zwarts,2026-07-20T16:15:00+00:00,2026,BU1,1,False,4909858,1,208,away,675,0,0,played,10,14,False,76,0,0,0,0,0,0,,,76,0,0
457940,Joël Zwarts,2026-07-16T17:30:00+00:00,2026,ELQ,10,False,4897222,2,208,away,920,2,1,played,10,0,False,18,0,0,0,0,0,0,,72,,0,0
457940,Joël Zwarts,2026-07-09T18:00:00+00:00,2026,ELQ,10,False,4897216,1,208,home,920,3,2,played,10,0,False,18,0,0,0,0,0,0,,72,,0,0
457940,Joël Zwarts,2026-05-29T16:00:00+00:00,2025,BUEL,12,False,4890402,1,2259,away,31614,1,3,played,77,14,False,120,0,0,0,0,0,0,,,,0,0
457940,Joël Zwarts,2026-05-25T14:45:00+00:00,2025,BU1,1,False,4866426,36,2259,home,2531,2,1,played,77,14,False,90,2,0,0,0,0,0,,,,0,0
457940,Joël Zwarts,2026-05-20T16:00:00+00:00,2025,BULP,8,False,4882692,5,2259,neutral,208,4,5,played,77,14,False,120,0,0,0,0,0,0,,,,0,0
457940,Joël Zwarts,2026-05-16T16:00:00+00:00,2025,BU1,1,False,4866421,35,2259,away,40604,0,4,not in squad,,,False,0,0,0,0,0,0,0,,,,0,0
457940,Joël Zwarts,2026-05-12T14:45:00+00:00,2025,BU1,1,False,4866418,34,2259,away,967,0,2,played,77,14,False,90,0,0,0,0,0,0,,,,0,0
457940,Joël Zwarts,2026-05-08T14:30:00+00:00,2025,BU1,1,False,4866404,33,2259,home,40604,2,0,played,77,14,False,90,1,1,0,0,0,0,,,,0,0
457940,Joël Zwarts,2026-05-03T13:15:00+00:00,2025,BU1,1,False,4866385,32,2259,away,2531,2,0,played,77,14,False,90,2,0,0,0,0,0,,,90,0,0
457940,Joël Zwarts,2026-04-30T16:00:00+00:00,2025,BULP,8,False,4827499,4,2259,home,40604,1,1,played,77,14,False,69,0,0,0,0,0,0,,,69,0,0
283342,Martin Lukov,2026-07-25T18:15:00+00:00,2026,BU1,1,False,4909872,2,156,away,730,2,1,in squad,78,,False,0,0,0,0,0,0,0,,,,0,0
283342,Martin Lukov,2026-07-22T17:30:00+00:00,2026,CLQ,10,False,4942869,3,156,home,40812,1,0,in squad,78,,False,0,0,0,0,0,0,0,,,,0,0
283342,Martin Lukov,2026-07-17T18:15:00+00:00,2026,BU1,1,False,4909855,1,156,home,19780,2,1,in squad,78,,False,0,0,0,0,0,0,0,,,,0,0
283342,Martin Lukov,2026-07-14T17:30:00+00:00,2026,CLQ,10,False,4897209,2,156,home,3900,4,0,in squad,78,,False,0,0,0,0,0,0,0,,,,0,0
283342,Martin Lukov,2026-07-07T18:30:00+00:00,2026,CLQ,10,False,4897195,1,156,away,3900,1,1,in squad,78,,False,0,0,0,0,0,0,0,,,,0,0
283342,Martin Lukov,2026-05-25T17:30:00+00:00,2025,BU1,1,False,4866423,36,156,away,61955,0,0,not in squad,,,False,0,0,0,0,0,0,0,,,,0,0
283342,Martin Lukov,2026-05-16T13:00:00+00:00,2025,BU1,1,False,4866420,35,156,home,208,2,0,in squad,78,,False,0,0,0,0,0,0,0,,,,0,0
283342,Martin Lukov,2026-05-13T17:15:00+00:00,2025,BU1,1,False,4866416,34,156,away,31614,1,1,played,78,1,False,90,0,0,0,0,0,0,,,,0,0
283342,Martin Lukov,2026-05-09T15:45:00+00:00,2025,BU1,1,False,4866402,33,156,home,31614,0,1,in squad,78,,False,0,0,0,0,0,0,0,90,,,0,0
283342,Martin Lukov,2026-05-02T16:00:00+00:00,2025,BU1,1,False,4866383,32,156,home,61955,1,0,in squad,78,,False,0,0,0,0,0,0,0,,,,0,0
969154,Oliver Kamdem,2026-07-25T18:15:00+00:00,2026,BU1,1,False,4909872,2,156,away,730,2,1,injured,,,False,0,0,0,0,0,0,0,,,,47,0
969154,Oliver Kamdem,2026-07-22T17:30:00+00:00,2026,CLQ,10,False,4942869,3,156,home,40812,1,0,injured,,,False,0,0,0,0,0,0,0,,,,47,0
969154,Oliver Kamdem,2026-07-17T18:15:00+00:00,2026,BU1,1,False,4909855,1,156,home,19780,2,1,injured,,,False,0,0,0,0,0,0,0,,,,47,0
969154,Oliver Kamdem,2026-07-14T17:30:00+00:00,2026,CLQ,10,False,4897209,2,156,home,3900,4,0,played,71,5,False,90,0,0,0,0,0,0,,,,0,0
969154,Oliver Kamdem,2026-07-07T18:30:00+00:00,2026,CLQ,10,False,4897195,1,156,away,3900,1,1,played,71,5,False,90,0,0,0,0,0,0,,,,0,0
969154,Oliver Kamdem,2026-05-25T17:30:00+00:00,2025,BU1,1,False,4866423,36,156,away,61955,0,0,in squad,71,,False,0,0,0,0,0,0,0,,,,0,0
969154,Oliver Kamdem,2026-05-16T13:00:00+00:00,2025,BU1,1,False,4866420,35,156,home,208,2,0,played,71,5,False,90,0,0,0,0,0,0,,,,0,0
969154,Oliver Kamdem,2026-05-13T17:15:00+00:00,2025,BU1,1,False,4866416,34,156,away,31614,1,1,in squad,71,,False,0,0,0,0,0,0,0,,,,0,0
969154,Oliver Kamdem,2026-05-09T15:45:00+00:00,2025,BU1,1,False,4866402,33,156,home,31614,0,1,played,71,5,False,90,0,0,0,0,0,0,90,,,0,0
969154,Oliver Kamdem,2026-05-02T16:00:00+00:00,2025,BU1,1,False,4866383,32,156,home,61955,1,0,played,71,5,False,90,0,0,0,0,0,0,,,,0,0
351800,Kristian Dimitrov,2026-07-25T18:15:00+00:00,2026,BU1,1,False,4909872,2,156,away,730,2,1,in squad,50,,False,0,0,0,0,0,0,0,,,,0,0
351800,Kristian Dimitrov,2026-07-22T17:30:00+00:00,2026,CLQ,10,False,4942869,3,156,home,40812,1,0,played,50,3,True,90,1,0,0,0,0,0,,,,0,0
351800,Kristian Dimitrov,2026-07-17T18:15:00+00:00,2026,BU1,1,False,4909855,1,156,home,19780,2,1,played,50,3,True,90,1,0,0,0,0,0,,,,0,0
351800,Kristian Dimitrov,2026-07-14T17:30:00+00:00,2026,CLQ,10,False,4897209,2,156,home,3900,4,0,played,50,3,True,90,0,0,0,0,0,0,,,,0,0
351800,Kristian Dimitrov,2026-07-07T18:30:00+00:00,2026,CLQ,10,False,4897195,1,156,away,3900,1,1,played,50,3,True,90,0,0,0,0,0,0,,,,0,0
351800,Kristian Dimitrov,2026-06-05T17:00:00+00:00,2025,FS,11,True,4864913,52,3394,away,6090,2,2,in squad,5,,False,0,0,0,0,0,0,0,,,,0,0
351800,Kristian Dimitrov,2026-06-01T16:00:00+00:00,2025,FS,11,True,4864912,52,3394,home,11953,0,1,played,5,3,True,90,0,0,0,0,0,0,,,,0,0
351800,Kristian Dimitrov,2026-05-25T17:30:00+00:00,2025,BU1,1,False,4866423,36,156,away,61955,0,0,in squad,50,,False,0,0,0,0,0,0,0,,,,0,0
351800,Kristian Dimitrov,2026-05-16T13:00:00+00:00,2025,BU1,1,False,4866420,35,156,home,208,2,0,played,50,3,False,90,0,0,0,0,0,0,,,,0,0
351800,Kristian Dimitrov,2026-05-13T17:15:00+00:00,2025,BU1,1,False,4866416,34,156,away,31614,1,1,played,50,3,True,90,0,0,0,0,0,0,,,,0,0
351800,Kristian Dimitrov,2026-05-09T15:45:00+00:00,2025,BU1,1,False,4866402,33,156,home,31614,0,1,played,50,3,False,90,0,0,0,0,0,0,44,,,0,0
351800,Kristian Dimitrov,2026-05-02T16:00:00+00:00,2025,BU1,1,False,4866383,32,156,home,61955,1,0,played,50,3,True,90,0,0,0,0,0,0,,,,0,0
588072,Aldair,2026-07-25T18:15:00+00:00,2026,BU1,1,False,4909872,2,156,away,730,2,1,played,21,0,False,30,0,0,0,0,0,0,,60,,0,0
588072,Aldair,2026-07-22T17:30:00+00:00,2026,CLQ,10,False,4942869,3,156,home,40812,1,0,played,21,5,False,90,0,0,0,0,0,0,41,,,0,0
588072,Aldair,2026-07-17T18:15:00+00:00,2026,BU1,1,False,4909855,1,156,home,19780,2,1,played,21,5,False,90,0,0,0,0,0,0,,,,0,0
588072,Aldair,2026-07-14T17:30:00+00:00,2026,CLQ,10,False,4897209,2,156,home,3900,4,0,played,21,0,False,14,0,0,0,0,0,0,,76,,0,0
588072,Aldair,2026-07-07T18:30:00+00:00,2026,CLQ,10,False,4897195,1,156,away,3900,1,1,in squad,21,,False,0,0,0,0,0,0,0,,,,0,0
588072,Aldair,2026-05-25T17:30:00+00:00,2025,BU1,1,False,4866423,36,156,away,61955,0,0,played,21,5,False,90,0,0,0,0,0,0,,,,0,0
588072,Aldair,2026-05-16T13:00:00+00:00,2025,BU1,1,False,4866420,35,156,home,208,2,0,in squad,21,,False,0,0,0,0,0,0,0,,,,0,0
588072,Aldair,2026-05-13T17:15:00+00:00,2025,BU1,1,False,4866416,34,156,away,31614,1,1,played,21,5,False,90,0,0,0,0,0,0,70,,,0,0
588072,Aldair,2026-05-09T15:45:00+00:00,2025,BU1,1,False,4866402,33,156,home,31614,0,1,in squad,21,,False,0,0,0,0,0,0,0,,,,0,0
588072,Aldair,2026-05-02T16:00:00+00:00,2025,BU1,1,False,4866383,32,156,home,61955,1,0,played,21,0,False,15,0,0,0,0,0,0,,75,,0,0
539465,Nikola Serafimov,2026-07-25T18:15:00+00:00,2026,BU1,1,False,4909872,2,156,away,730,2,1,played,31,5,False,90,0,0,0,0,0,0,,,,0,0
539465,Nikola Serafimov,2026-07-22T17:30:00+00:00,2026,CLQ,10,False,4942869,3,156,home,40812,1,0,played,31,3,False,90,0,0,0,0,0,0,,,,0,0
539465,Nikola Serafimov,2026-07-17T18:15:00+00:00,2026,BU1,1,False,4909855,1,156,home,19780,2,1,in squad,31,,False,0,0,0,0,0,0,0,,,,0,0
539465,Nikola Serafimov,2026-07-14T17:30:00+00:00,2026,CLQ,10,False,4897209,2,156,home,3900,4,0,played,31,3,False,90,0,0,0,0,0,0,,,,0,0
539465,Nikola Serafimov,2026-07-07T18:30:00+00:00,2026,CLQ,10,False,4897195,1,156,away,3900,1,1,played,31,3,False,57,0,0,0,0,0,0,7,,57,0,0
539465,Nikola Serafimov,2026-06-01T17:30:00+00:00,2025,FS,11,True,4874599,52,5148,away,3381,0,4,played,4,0,False,45,0,0,0,0,0,0,,46,,0,0
539465,Nikola Serafimov,2026-05-29T18:30:00+00:00,2025,FS,11,True,4862440,12,5148,away,3446,0,0,played,4,0,False,31,0,0,0,0,0,0,,59,,0,0
539465,Nikola Serafimov,2026-05-25T17:30:00+00:00,2025,BU1,1,False,4866423,36,156,away,61955,0,0,played,31,3,False,90,0,0,0,0,0,0,68,,,0,0
539465,Nikola Serafimov,2026-05-16T13:00:00+00:00,2025,BU1,1,False,4866420,35,156,home,208,2,0,in squad,31,,False,0,0,0,0,0,0,0,,,,0,0
539465,Nikola Serafimov,2026-05-13T17:15:00+00:00,2025,BU1,1,False,4866416,34,156,away,31614,1,1,played,31,3,False,90,0,0,0,0,0,0,,,,0,0
539465,Nikola Serafimov,2026-05-09T15:45:00+00:00,2025,BU1,1,False,4866402,33,156,home,31614,0,1,played,31,0,False,9,0,0,0,0,0,0,,81,,0,0
539465,Nikola Serafimov,2026-05-02T16:00:00+00:00,2025,BU1,1,False,4866383,32,156,home,61955,1,0,in squad,31,,False,0,0,0,0,0,0,0,,,,0,0
664743,Stipe Vulikic,2026-07-25T18:15:00+00:00,2026,BU1,1,False,4909872,2,156,away,730,2,1,injured,,,False,0,0,0,0,0,0,0,,,,40,0
664743,Stipe Vulikic,2026-07-22T17:30:00+00:00,2026,CLQ,10,False,4942869,3,156,home,40812,1,0,injured,,,False,0,0,0,0,0,0,0,,,,40,0
664743,Stipe Vulikic,2026-07-17T18:15:00+00:00,2026,BU1,1,False,4909855,1,156,home,19780,2,1,injured,,,False,0,0,0,0,0,0,0,,,,40,0
664743,Stipe Vulikic,2026-07-14T17:30:00+00:00,2026,CLQ,10,False,4897209,2,156,home,3900,4,0,injured,,,False,0,0,0,0,0,0,0,,,,40,0
664743,Stipe Vulikic,2026-07-07T18:30:00+00:00,2026,CLQ,10,False,4897195,1,156,away,3900,1,1,injured,,,False,0,0,0,0,0,0,0,,,,40,0
664743,Stipe Vulikic,2026-05-25T17:30:00+00:00,2025,BU1,1,False,4866423,36,156,away,61955,0,0,injured,,,False,0,0,0,0,0,0,0,,,,40,0
664743,Stipe Vulikic,2026-05-16T13:00:00+00:00,2025,BU1,1,False,4866420,35,156,home,208,2,0,injured,,,False,0,0,0,0,0,0,0,,,,40,0
664743,Stipe Vulikic,2026-05-13T17:15:00+00:00,2025,BU1,1,False,4866416,34,156,away,31614,1,1,injured,,,False,0,0,0,0,0,0,0,,,,40,0
664743,Stipe Vulikic,2026-05-09T15:45:00+00:00,2025,BU1,1,False,4866402,33,156,home,31614,0,1,injured,,,False,0,0,0,0,0,0,0,,,,40,0
664743,Stipe Vulikic,2026-05-02T16:00:00+00:00,2025,BU1,1,False,4866383,32,156,home,61955,1,0,injured,,,False,0,0,0,0,0,0,0,,,,40,0
423443,Álex Centelles,2026-07-25T18:15:00+00:00,2026,BU1,1,False,4909872,2,156,away,730,2,1,played,20,4,False,90,0,1,0,0,0,0,,,,0,0
423443,Álex Centelles,2026-07-22T17:30:00+00:00,2026,CLQ,10,False,4942869,3,156,home,40812,1,0,played,20,0,False,26,0,0,0,0,0,0,,64,,0,0
423443,Álex Centelles,2026-07-17T18:15:00+00:00,2026,BU1,1,False,4909855,1,156,home,19780,2,1,played,20,0,False,29,0,0,0,0,0,0,,61,,0,0
423443,Álex Centelles,2026-07-14T17:30:00+00:00,2026,CLQ,10,False,4897209,2,156,home,3900,4,0,played,20,11,False,69,0,1,0,0,0,0,,,69,0,0
423443,Álex Centelles,2026-07-07T18:30:00+00:00,2026,CLQ,10,False,4897195,1,156,away,3900,1,1,played,20,0,False,7,0,0,0,0,0,0,,83,,0,0
423443,Álex Centelles,2026-06-20T19:00:00+00:00,2025,ES1P,12,False,4894875,4,3302,home,1084,1,2,in squad,20,,False,0,0,0,0,0,0,0,,,,0,0
423443,Álex Centelles,2026-06-14T19:00:00+00:00,2025,ES1P,12,False,4894874,3,3302,away,1084,0,0,in squad,20,,False,0,0,0,0,0,0,0,,,,0,0
423443,Álex Centelles,2026-06-09T19:00:00+00:00,2025,ES1P,12,False,4891688,2,3302,home,2502,3,2,in squad,20,,False,0,0,0,0,0,0,0,,,,0,0
423443,Álex Centelles,2026-06-06T19:00:00+00:00,2025,ES1P,12,False,4891686,1,3302,away,2502,1,1,in squad,20,,False,0,0,0,0,0,0,0,,,,0,0
423443,Álex Centelles,2026-05-31T16:30:00+00:00,2025,ES2,2,False,4647768,42,3302,home,366,1,0,in squad,20,,False,0,0,0,0,0,0,0,,,,0,0
423443,Álex Centelles,2026-05-24T16:30:00+00:00,2025,ES2,2,False,4647761,41,3302,away,2448,1,3,played,20,0,False,45,0,0,0,0,0,0,,46,,0,0
423443,Álex Centelles,2026-05-16T16:30:00+00:00,2025,ES2,2,False,4647784,40,3302,home,472,1,2,in squad,20,,False,0,0,0,0,0,0,0,,,,0,0
423443,Álex Centelles,2026-05-09T14:15:00+00:00,2025,ES2,2,False,4647737,39,3302,away,1536,0,0,in squad,20,,False,0,0,0,0,0,0,0,,,,0,0
423443,Álex Centelles,2026-05-04T18:30:00+00:00,2025,ES2,2,False,4647742,38,3302,home,13222,4,2,in squad,20,,False,0,0,0,0,0,0,0,,,,0,0
836547,Serginho,2026-07-25T18:15:00+00:00,2026,BU1,1,False,4909872,2,156,away,730,2,1,played,35,7,False,86,1,0,0,0,0,0,,,86,0,0
836547,Serginho,2026-07-22T17:30:00+00:00,2026,CLQ,10,False,4942869,3,156,home,40812,1,0,played,35,10,False,89,0,1,0,0,0,0,,,89,0,0
836547,Serginho,2026-07-17T18:15:00+00:00,2026,BU1,1,False,4909855,1,156,home,19780,2,1,played,35,0,False,28,0,0,0,0,0,0,,62,,0,0
836547,Serginho,2026-07-14T17:30:00+00:00,2026,CLQ,10,False,4897209,2,156,home,3900,4,0,played,35,7,False,89,0,0,0,0,0,0,,,89,0,0
836547,Serginho,2026-07-07T18:30:00+00:00,2026,CLQ,10,False,4897195,1,156,away,3900,1,1,played,35,10,False,83,0,1,0,0,0,0,,,83,0,0
836547,Serginho,2026-05-16T14:30:00+00:00,2025,PO1,1,False,4648937,34,2423,away,720,0,1,played,35,7,False,90,0,0,1,0,1,0,,,,0,0
836547,Serginho,2026-05-11T19:15:00+00:00,2025,PO1,1,False,4648932,33,2423,home,982,2,0,not in squad,,,False,0,0,0,0,0,0,0,,,,0,0
836547,Serginho,2026-05-02T14:30:00+00:00,2025,PO1,1,False,4648923,32,2423,away,8024,2,2,played,35,7,False,90,0,1,0,0,0,0,30,,,0,0
836547,Serginho,2026-04-26T17:00:00+00:00,2025,PO1,1,False,4648909,31,2423,home,1075,2,1,played,35,10,False,90,0,0,0,0,0,0,,,,0,0
836547,Serginho,2026-04-18T17:00:00+00:00,2025,PO1,1,False,4648892,30,2423,away,3268,0,0,played,35,7,False,90,0,0,0,0,0,0,,,,0,0
504298,Mazire Soula,2026-07-25T18:15:00+00:00,2026,BU1,1,False,4909872,2,156,away,730,2,1,played,22,10,False,60,0,0,0,0,0,0,,,60,0,0
504298,Mazire Soula,2026-07-22T17:30:00+00:00,2026,CLQ,10,False,4942869,3,156,home,40812,1,0,played,22,0,False,1,0,0,0,0,0,0,,89,,0,0
504298,Mazire Soula,2026-07-17T18:15:00+00:00,2026,BU1,1,False,4909855,1,156,home,19780,2,1,played,22,0,False,11,0,0,0,0,0,0,,79,,0,0
504298,Mazire Soula,2026-07-14T17:30:00+00:00,2026,CLQ,10,False,4897209,2,156,home,3900,4,0,injured,,,False,0,0,0,0,0,0,0,,,,105,0
504298,Mazire Soula,2026-07-07T18:30:00+00:00,2026,CLQ,10,False,4897195,1,156,away,3900,1,1,injured,,,False,0,0,0,0,0,0,0,,,,105,0
504298,Mazire Soula,2026-05-25T17:30:00+00:00,2025,BU1,1,False,4866423,36,156,away,61955,0,0,played,22,12,False,76,0,0,0,0,0,0,,,76,0,0
504298,Mazire Soula,2026-05-16T13:00:00+00:00,2025,BU1,1,False,4866420,35,156,home,208,2,0,played,22,0,False,10,0,0,0,0,0,0,,80,,0,0
504298,Mazire Soula,2026-05-13T17:15:00+00:00,2025,BU1,1,False,4866416,34,156,away,31614,1,1,played,22,12,False,77,0,0,0,0,0,0,65,,77,0,0
504298,Mazire Soula,2026-05-09T15:45:00+00:00,2025,BU1,1,False,4866402,33,156,home,31614,0,1,played,22,0,False,24,0,0,0,0,0,0,,66,,0,0
504298,Mazire Soula,2026-05-02T16:00:00+00:00,2025,BU1,1,False,4866383,32,156,home,61955,1,0,played,22,10,False,90,0,0,0,0,0,0,,,90,0,0
863191,Akram Bouras,2026-07-25T18:15:00+00:00,2026,BU1,1,False,4909872,2,156,away,730,2,1,played,47,7,False,90,0,0,0,0,0,0,,,,0,0
863191,Akram Bouras,2026-07-22T17:30:00+00:00,2026,CLQ,10,False,4942869,3,156,home,40812,1,0,played,47,7,False,90,0,0,0,0,0,0,,,,0,0
863191,Akram Bouras,2026-07-17T18:15:00+00:00,2026,BU1,1,False,4909855,1,156,home,19780,2,1,played,47,7,False,79,1,0,0,0,0,0,,,79,0,0
863191,Akram Bouras,2026-07-14T17:30:00+00:00,2026,CLQ,10,False,4897209,2,156,home,3900,4,0,in squad,47,,False,0,0,0,0,0,0,0,,,,0,0
863191,Akram Bouras,2026-07-07T18:30:00+00:00,2026,CLQ,10,False,4897195,1,156,away,3900,1,1,played,47,7,False,90,0,0,0,0,0,0,,,,0,0
863191,Akram Bouras,2026-05-25T17:30:00+00:00,2025,BU1,1,False,4866423,36,156,away,61955,0,0,played,47,0,False,14,0,0,0,0,0,0,,76,,0,0
863191,Akram Bouras,2026-05-16T13:00:00+00:00,2025,BU1,1,False,4866420,35,156,home,208,2,0,played,47,7,False,90,0,0,0,0,0,0,,,,0,0
863191,Akram Bouras,2026-05-13T17:15:00+00:00,2025,BU1,1,False,4866416,34,156,away,31614,1,1,played,47,7,False,90,0,0,0,0,0,0,,,,0,0
863191,Akram Bouras,2026-05-09T15:45:00+00:00,2025,BU1,1,False,4866402,33,156,home,31614,0,1,played,47,7,False,90,0,0,0,0,0,0,49,,,0,0
863191,Akram Bouras,2026-05-02T16:00:00+00:00,2025,BU1,1,False,4866383,32,156,home,61955,1,0,played,47,7,False,90,0,0,0,0,0,0,,,,0,0
521370,Gasper Trdin,2026-07-25T18:15:00+00:00,2026,BU1,1,False,4909872,2,156,away,730,2,1,played,18,3,False,90,0,0,0,0,0,0,,,,0,0
521370,Gasper Trdin,2026-07-22T17:30:00+00:00,2026,CLQ,10,False,4942869,3,156,home,40812,1,0,played,18,0,False,45,0,0,0,0,0,0,,46,,0,0
521370,Gasper Trdin,2026-07-17T18:15:00+00:00,2026,BU1,1,False,4909855,1,156,home,19780,2,1,in squad,18,,False,0,0,0,0,0,0,0,,,,0,0
521370,Gasper Trdin,2026-07-14T17:30:00+00:00,2026,CLQ,10,False,4897209,2,156,home,3900,4,0,played,18,7,False,90,0,0,0,0,0,0,,,,0,0
521370,Gasper Trdin,2026-07-07T18:30:00+00:00,2026,CLQ,10,False,4897195,1,156,away,3900,1,1,played,18,6,False,90,0,0,0,0,0,0,,,,0,0
521370,Gasper Trdin,2026-05-25T17:30:00+00:00,2025,BU1,1,False,4866423,36,156,away,61955,0,0,played,18,6,False,76,0,0,0,0,0,0,,,76,0,0
521370,Gasper Trdin,2026-05-16T13:00:00+00:00,2025,BU1,1,False,4866420,35,156,home,208,2,0,absent,,,False,0,0,0,0,0,0,0,,,,0,1
521370,Gasper Trdin,2026-05-13T17:15:00+00:00,2025,BU1,1,False,4866416,34,156,away,31614,1,1,played,18,6,False,83,0,0,0,0,0,0,29,,83,0,0
521370,Gasper Trdin,2026-05-09T15:45:00+00:00,2025,BU1,1,False,4866402,33,156,home,31614,0,1,played,18,0,False,9,0,0,0,0,0,0,,81,,0,0
521370,Gasper Trdin,2026-05-02T16:00:00+00:00,2025,BU1,1,False,4866383,32,156,home,61955,1,0,played,18,6,False,75,0,0,0,0,0,0,,,75,0,0
1563698,Anton Manov,2026-07-25T18:15:00+00:00,2026,BU1,1,False,4909872,2,156,away,730,2,1,in squad,39,,False,0,0,0,0,0,0,0,,,,0,0
859713,Asen Mitkov,2026-07-25T18:15:00+00:00,2026,BU1,1,False,4909872,2,156,away,730,2,1,injured,,,False,0,0,0,0,0,0,0,,,,101,0
859713,Asen Mitkov,2026-07-22T17:30:00+00:00,2026,CLQ,10,False,4942869,3,156,home,40812,1,0,injured,,,False,0,0,0,0,0,0,0,,,,101,0
859713,Asen Mitkov,2026-07-17T18:15:00+00:00,2026,BU1,1,False,4909855,1,156,home,19780,2,1,injured,,,False,0,0,0,0,0,0,0,,,,101,0
859713,Asen Mitkov,2026-07-14T17:30:00+00:00,2026,CLQ,10,False,4897209,2,156,home,3900,4,0,injured,,,False,0,0,0,0,0,0,0,,,,101,0
859713,Asen Mitkov,2026-07-07T18:30:00+00:00,2026,CLQ,10,False,4897195,1,156,away,3900,1,1,injured,,,False,0,0,0,0,0,0,0,,,,101,0
859713,Asen Mitkov,2026-05-30T14:00:00+00:00,2025,FS,11,True,4893732,51,21361,home,16844,1,0,played,22,0,True,45,0,0,0,0,0,0,,,46,0,0
859713,Asen Mitkov,2026-05-25T17:30:00+00:00,2025,BU1,1,False,4866423,36,156,away,61955,0,0,played,10,0,False,31,0,0,0,0,0,0,,59,,0,0
859713,Asen Mitkov,2026-05-16T13:00:00+00:00,2025,BU1,1,False,4866420,35,156,home,208,2,0,in squad,10,,False,0,0,0,0,0,0,0,,,,0,0
859713,Asen Mitkov,2026-05-13T17:15:00+00:00,2025,BU1,1,False,4866416,34,156,away,31614,1,1,played,10,10,False,60,0,0,0,0,0,0,38,,60,0,0
859713,Asen Mitkov,2026-05-09T15:45:00+00:00,2025,BU1,1,False,4866402,33,156,home,31614,0,1,in squad,10,,False,0,0,0,0,0,0,0,,,,0,0
859713,Asen Mitkov,2026-05-02T16:00:00+00:00,2025,BU1,1,False,4866383,32,156,home,61955,1,0,in squad,10,,False,0,0,0,0,0,0,0,,,,0,0
593432,Mehdi Moubarik,2026-07-25T18:15:00+00:00,2026,BU1,1,False,4909872,2,156,away,730,2,1,injured,,,False,0,0,0,0,0,0,0,,,,302,0
593432,Mehdi Moubarik,2026-07-22T17:30:00+00:00,2026,CLQ,10,False,4942869,3,156,home,40812,1,0,played,19,6,False,45,0,0,0,0,0,0,,,46,0,0
593432,Mehdi Moubarik,2026-07-17T18:15:00+00:00,2026,BU1,1,False,4909855,1,156,home,19780,2,1,played,19,7,False,90,0,0,0,0,0,0,,,,0,0
593432,Mehdi Moubarik,2026-07-14T17:30:00+00:00,2026,CLQ,10,False,4897209,2,156,home,3900,4,0,played,19,0,False,21,0,0,0,0,0,0,,69,,0,0
593432,Mehdi Moubarik,2026-07-07T18:30:00+00:00,2026,CLQ,10,False,4897195,1,156,away,3900,1,1,played,19,0,False,33,0,0,0,0,0,0,,57,,0,0
593432,Mehdi Moubarik,2026-05-23T13:00:00+00:00,2025,RUSR,12,False,4886549,2,75231,home,11127,2,0,played,6,6,False,90,0,1,1,1,0,0,,,,0,0
593432,Mehdi Moubarik,2026-05-20T14:30:00+00:00,2025,RUSR,12,False,4886547,1,75231,away,11127,1,0,played,6,6,False,90,0,1,0,0,0,0,,,,0,0
593432,Mehdi Moubarik,2026-05-17T15:00:00+00:00,2025,RU1,1,False,4649385,30,75231,home,232,0,0,played,6,6,False,89,0,0,2,0,1,1,,,89,0,0
593432,Mehdi Moubarik,2026-05-10T14:15:00+00:00,2025,RU1,1,False,4649399,29,75231,away,3725,1,1,played,6,6,False,87,0,0,1,0,1,0,,,87,0,0
593432,Mehdi Moubarik,2026-05-02T11:00:00+00:00,2025,RU1,1,False,4649392,28,75231,home,1083,1,2,played,6,6,False,90,0,0,1,0,0,1,,,90,0,0
697803,Everton Bala,2026-07-25T18:15:00+00:00,2026,BU1,1,False,4909872,2,156,away,730,2,1,played,17,11,False,73,0,0,0,0,0,0,,,73,0,0
697803,Everton Bala,2026-07-22T17:30:00+00:00,2026,CLQ,10,False,4942869,3,156,home,40812,1,0,played,17,11,False,79,0,0,0,0,0,0,50,,79,0,0
697803,Everton Bala,2026-07-17T18:15:00+00:00,2026,BU1,1,False,4909855,1,156,home,19780,2,1,played,17,10,False,87,0,1,0,0,0,0,,,87,0,0
697803,Everton Bala,2026-07-14T17:30:00+00:00,2026,CLQ,10,False,4897209,2,156,home,3900,4,0,played,17,10,False,76,0,1,0,0,0,0,,,76,0,0
697803,Everton Bala,2026-07-07T18:30:00+00:00,2026,CLQ,10,False,4897195,1,156,away,3900,1,1,played,17,14,False,83,0,0,0,0,0,0,,,83,0,0
697803,Everton Bala,2026-05-25T17:30:00+00:00,2025,BU1,1,False,4866423,36,156,away,61955,0,0,played,17,10,False,90,0,0,0,0,0,0,,,,0,0
697803,Everton Bala,2026-05-16T13:00:00+00:00,2025,BU1,1,False,4866420,35,156,home,208,2,0,played,17,11,False,80,1,0,0,0,0,0,,,80,0,0
697803,Everton Bala,2026-05-13T17:15:00+00:00,2025,BU1,1,False,4866416,34,156,away,31614,1,1,played,17,0,False,30,0,1,0,0,0,0,,60,,0,0
697803,Everton Bala,2026-05-09T15:45:00+00:00,2025,BU1,1,False,4866402,33,156,home,31614,0,1,played,17,10,False,90,0,0,0,0,0,0,,,90,0,0
697803,Everton Bala,2026-05-02T16:00:00+00:00,2025,BU1,1,False,4866383,32,156,home,61955,1,0,played,17,14,False,90,0,0,0,0,0,0,,,90,0,0
968290,Juan Perea,2026-07-25T18:15:00+00:00,2026,BU1,1,False,4909872,2,156,away,730,2,1,injured,,,False,0,0,0,0,0,0,0,,,,47,0
968290,Juan Perea,2026-07-22T17:30:00+00:00,2026,CLQ,10,False,4942869,3,156,home,40812,1,0,injured,,,False,0,0,0,0,0,0,0,,,,47,0
968290,Juan Perea,2026-07-17T18:15:00+00:00,2026,BU1,1,False,4909855,1,156,home,19780,2,1,played,9,14,False,61,0,0,0,0,0,0,,,61,0,0
968290,Juan Perea,2026-07-14T17:30:00+00:00,2026,CLQ,10,False,4897209,2,156,home,3900,4,0,played,9,0,False,21,1,0,0,0,0,0,,69,,0,0
968290,Juan Perea,2026-07-07T18:30:00+00:00,2026,CLQ,10,False,4897195,1,156,away,3900,1,1,played,9,0,False,23,0,0,0,0,0,0,,67,,0,0
968290,Juan Perea,2026-05-25T17:30:00+00:00,2025,BU1,1,False,4866423,36,156,away,61955,0,0,played,9,14,False,60,0,0,0,0,0,0,,,60,0,0
968290,Juan Perea,2026-05-16T13:00:00+00:00,2025,BU1,1,False,4866420,35,156,home,208,2,0,played,9,14,False,45,1,0,0,0,0,0,,,46,0,0
968290,Juan Perea,2026-05-13T17:15:00+00:00,2025,BU1,1,False,4866416,34,156,away,31614,1,1,played,9,0,False,45,1,0,0,0,0,0,,46,,0,0
968290,Juan Perea,2026-05-09T15:45:00+00:00,2025,BU1,1,False,4866402,33,156,home,31614,0,1,not in squad,,,False,0,0,0,0,0,0,0,,,,0,0
968290,Juan Perea,2026-05-02T16:00:00+00:00,2025,BU1,1,False,4866383,32,156,home,61955,1,0,injured,,,False,0,0,0,0,0,0,0,,,,99,0
832051,Mustapha Sangaré,2026-07-25T18:15:00+00:00,2026,BU1,1,False,4909872,2,156,away,730,2,1,played,12,0,False,4,0,0,0,0,0,0,,86,,0,0
832051,Mustapha Sangaré,2026-07-22T17:30:00+00:00,2026,CLQ,10,False,4942869,3,156,home,40812,1,0,injured,,,False,0,0,0,0,0,0,0,,,,303,0
832051,Mustapha Sangaré,2026-07-17T18:15:00+00:00,2026,BU1,1,False,4909855,1,156,home,19780,2,1,injured,,,False,0,0,0,0,0,0,0,,,,303,0
832051,Mustapha Sangaré,2026-07-14T17:30:00+00:00,2026,CLQ,10,False,4897209,2,156,home,3900,4,0,injured,,,False,0,0,0,0,0,0,0,,,,303,0
832051,Mustapha Sangaré,2026-07-07T18:30:00+00:00,2026,CLQ,10,False,4897195,1,156,away,3900,1,1,injured,,,False,0,0,0,0,0,0,0,,,,303,0
832051,Mustapha Sangaré,2026-05-25T17:30:00+00:00,2025,BU1,1,False,4866423,36,156,away,61955,0,0,injured,,,False,0,0,0,0,0,0,0,,,,303,0
832051,Mustapha Sangaré,2026-05-16T13:00:00+00:00,2025,BU1,1,False,4866420,35,156,home,208,2,0,played,12,0,False,15,0,0,0,0,0,0,53,46,61,0,0
832051,Mustapha Sangaré,2026-05-13T17:15:00+00:00,2025,BU1,1,False,4866416,34,156,away,31614,1,1,played,12,14,False,45,0,0,0,0,0,0,,,46,0,0
832051,Mustapha Sangaré,2026-05-09T15:45:00+00:00,2025,BU1,1,False,4866402,33,156,home,31614,0,1,played,12,0,False,24,0,0,0,0,0,0,,66,,0,0
832051,Mustapha Sangaré,2026-05-02T16:00:00+00:00,2025,BU1,1,False,4866383,32,156,home,61955,1,0,in squad,12,,False,0,0,0,0,0,0,0,,,,0,0
531461,Armstrong Oko-Flex,2026-07-25T18:15:00+00:00,2026,BU1,1,False,4909872,2,156,away,730,2,1,played,11,0,False,17,0,0,0,0,0,0,90,73,,0,0
531461,Armstrong Oko-Flex,2026-07-22T17:30:00+00:00,2026,CLQ,10,False,4942869,3,156,home,40812,1,0,played,11,12,False,64,0,0,0,0,0,0,,,64,0,0
531461,Armstrong Oko-Flex,2026-07-17T18:15:00+00:00,2026,BU1,1,False,4909855,1,156,home,19780,2,1,played,11,11,False,61,0,0,0,0,0,0,,,61,0,0
531461,Armstrong Oko-Flex,2026-07-14T17:30:00+00:00,2026,CLQ,10,False,4897209,2,156,home,3900,4,0,played,11,12,False,69,1,0,0,0,0,0,,,69,0,0
531461,Armstrong Oko-Flex,2026-07-07T18:30:00+00:00,2026,CLQ,10,False,4897195,1,156,away,3900,1,1,played,11,0,False,45,1,0,0,0,0,0,,46,,0,0
531461,Armstrong Oko-Flex,2026-05-25T17:30:00+00:00,2025,BU1,1,False,4866423,36,156,away,61955,0,0,played,11,11,False,32,0,0,0,0,0,0,,,32,0,0
531461,Armstrong Oko-Flex,2026-05-16T13:00:00+00:00,2025,BU1,1,False,4866420,35,156,home,208,2,0,played,11,0,False,29,0,0,0,0,0,0,,61,,0,0
531461,Armstrong Oko-Flex,2026-05-13T17:15:00+00:00,2025,BU1,1,False,4866416,34,156,away,31614,1,1,played,11,0,False,13,0,0,0,0,0,0,,77,,0,0
531461,Armstrong Oko-Flex,2026-05-09T15:45:00+00:00,2025,BU1,1,False,4866402,33,156,home,31614,0,1,played,11,11,False,66,0,0,0,0,0,0,,,66,0,0
531461,Armstrong Oko-Flex,2026-05-02T16:00:00+00:00,2025,BU1,1,False,4866383,32,156,home,61955,1,0,played,11,11,False,61,0,0,0,0,0,0,,,61,0,0
646256,Reinaldo,2026-07-25T18:15:00+00:00,2026,BU1,1,False,4909872,2,156,away,730,2,1,played,7,0,False,45,1,1,0,0,0,0,,46,,0,0
646256,Reinaldo,2026-07-22T17:30:00+00:00,2026,CLQ,10,False,4942869,3,156,home,40812,1,0,played,7,14,False,89,0,0,0,0,0,0,,,89,0,0
646256,Reinaldo,2026-07-17T18:15:00+00:00,2026,BU1,1,False,4909855,1,156,home,19780,2,1,played,7,0,False,29,0,0,0,0,0,0,64,61,,0,0
646256,Reinaldo,2026-07-14T17:30:00+00:00,2026,CLQ,10,False,4897209,2,156,home,3900,4,0,played,7,14,False,76,2,1,0,0,0,0,,,76,0,0
646256,Reinaldo,2026-07-07T18:30:00+00:00,2026,CLQ,10,False,4897195,1,156,away,3900,1,1,played,7,11,False,67,0,0,0,0,0,0,,,67,0,0
646256,Reinaldo,2026-05-15T18:00:00+00:00,2025,PO2,2,False,4653801,34,3325,away,1301,3,1,played,77,11,False,90,1,1,0,0,0,0,,,,0,0
646256,Reinaldo,2026-05-09T14:30:00+00:00,2025,PO2,2,False,4653777,33,3325,home,3345,1,2,played,77,11,False,90,0,0,0,0,0,0,,,,0,0
646256,Reinaldo,2026-05-03T10:00:00+00:00,2025,PO2,2,False,4653792,32,3325,away,7378,2,3,played,77,11,False,88,0,0,0,0,0,0,,,88,0,0
646256,Reinaldo,2026-04-27T17:00:00+00:00,2025,PO2,2,False,4653785,31,3325,home,8827,2,1,played,77,11,False,84,0,0,6,3,2,1,,,84,0,0
646256,Reinaldo,2026-04-18T10:00:00+00:00,2025,PO2,2,False,4653753,30,3325,away,2995,3,4,played,77,11,False,90,0,1,0,0,0,0,90,,,0,0
1298195,David Kusso,2026-07-25T18:15:00+00:00,2026,BU1,1,False,4909872,2,156,away,730,2,1,played,27,12,False,45,0,0,0,0,0,0,,,46,0,0
1298195,David Kusso,2026-07-22T17:30:00+00:00,2026,CLQ,10,False,4942869,3,156,home,40812,1,0,played,27,0,False,11,0,0,0,0,0,0,,79,,0,0
1298195,David Kusso,2026-07-17T18:15:00+00:00,2026,BU1,1,False,4909855,1,156,home,19780,2,1,played,27,12,False,62,0,1,0,0,0,0,,,62,0,0
1298195,David Kusso,2026-07-14T17:30:00+00:00,2026,CLQ,10,False,4897209,2,156,home,3900,4,0,played,27,0,False,14,0,0,0,0,0,0,,76,,0,0
1298195,David Kusso,2026-07-07T18:30:00+00:00,2026,CLQ,10,False,4897195,1,156,away,3900,1,1,played,27,12,False,45,0,0,0,0,0,0,,,46,0,0
1298195,David Kusso,2026-05-15T18:00:00+00:00,2025,PO2,2,False,4653801,34,3325,away,1301,3,1,played,30,12,False,84,2,1,0,0,0,0,,,84,0,0
1298195,David Kusso,2026-05-09T14:30:00+00:00,2025,PO2,2,False,4653777,33,3325,home,3345,1,2,played,30,12,False,90,0,0,0,0,0,0,,,,0,0
1298195,David Kusso,2026-05-03T10:00:00+00:00,2025,PO2,2,False,4653792,32,3325,away,7378,2,3,played,30,12,False,68,1,0,0,0,0,0,,,68,0,0
1298195,David Kusso,2026-04-27T17:00:00+00:00,2025,PO2,2,False,4653785,31,3325,home,8827,2,1,played,30,12,False,71,1,0,2,1,0,1,,,71,0,0
1298195,David Kusso,2026-04-18T10:00:00+00:00,2025,PO2,2,False,4653753,30,3325,away,2995,3,4,played,30,10,False,12,0,0,0,0,0,0,,78,,0,0
955606,Adrian Raychev,2026-07-25T18:15:00+00:00,2026,BU1,1,False,4909872,2,156,away,730,2,1,in squad,77,,False,0,0,0,0,0,0,0,,,,0,0
955606,Adrian Raychev,2026-07-22T17:30:00+00:00,2026,CLQ,10,False,4942869,3,156,home,40812,1,0,in squad,77,,False,0,0,0,0,0,0,0,,,,0,0
955606,Adrian Raychev,2026-07-17T18:15:00+00:00,2026,BU1,1,False,4909855,1,156,home,19780,2,1,in squad,77,,False,0,0,0,0,0,0,0,,,,0,0
955606,Adrian Raychev,2026-07-14T17:30:00+00:00,2026,CLQ,10,False,4897209,2,156,home,3900,4,0,in squad,77,,False,0,0,0,0,0,0,0,,,,0,0
955606,Adrian Raychev,2026-07-07T18:30:00+00:00,2026,CLQ,10,False,4897195,1,156,away,3900,1,1,in squad,77,,False,0,0,0,0,0,0,0,,,,0,0
955606,Adrian Raychev,2026-04-26T12:30:00+00:00,2025,IT3B,3,False,4689635,38,14888,home,1210,0,2,played,28,11,False,45,0,0,0,0,0,0,,,46,0,0
955606,Adrian Raychev,2026-04-18T18:30:00+00:00,2025,IT3B,3,False,4689628,37,14888,away,4330,1,2,played,28,11,False,45,0,0,0,0,0,0,,,46,0,0
955606,Adrian Raychev,2026-04-12T15:30:00+00:00,2025,IT3B,3,False,4689619,36,14888,home,1105,0,1,played,28,11,False,79,0,0,0,0,0,0,,,79,0,0
955606,Adrian Raychev,2026-04-03T18:30:00+00:00,2025,IT3B,3,False,4689608,35,14888,away,4102,0,2,played,28,9,False,83,0,0,0,0,0,0,,,83,0,0
955606,Adrian Raychev,2026-03-29T12:30:00+00:00,2025,IT3B,3,False,4689593,34,14888,home,38322,0,0,played,28,11,False,74,0,0,0,0,0,0,,,74,0,0
1231105,Steven Stoyanchov,2026-07-25T18:15:00+00:00,2026,BU1,1,False,4909872,2,156,away,730,2,1,played,28,14,False,60,0,0,0,0,0,0,,,60,0,0
1231105,Steven Stoyanchov,2026-07-22T17:30:00+00:00,2026,CLQ,10,False,4942869,3,156,home,40812,1,0,played,28,0,False,1,0,0,0,0,0,0,,89,,0,0
1231105,Steven Stoyanchov,2026-07-17T18:15:00+00:00,2026,BU1,1,False,4909855,1,156,home,19780,2,1,played,28,0,False,3,0,0,0,0,0,0,,87,,0,0
1231105,Steven Stoyanchov,2026-07-14T17:30:00+00:00,2026,CLQ,10,False,4897209,2,156,home,3900,4,0,played,28,0,False,1,0,0,0,0,0,0,,89,,0,0
1231105,Steven Stoyanchov,2026-07-07T18:30:00+00:00,2026,CLQ,10,False,4897195,1,156,away,3900,1,1,in squad,28,,False,0,0,0,0,0,0,0,,,,0,0
1231105,Steven Stoyanchov,2026-05-30T14:00:00+00:00,2025,FS,11,True,4893732,51,21361,home,16844,1,0,played,9,0,False,45,1,0,0,0,0,0,,46,,0,0
1231105,Steven Stoyanchov,2026-05-23T15:00:00+00:00,2025,BU2,2,False,4718047,34,712,away,5284,0,1,not in squad,,,False,0,0,0,0,0,0,0,,,,0,0
1231105,Steven Stoyanchov,2026-05-15T15:00:00+00:00,2025,BU2,2,False,4718030,33,712,home,40678,1,0,played,27,0,False,90,0,0,0,0,0,0,,,,0,0
1231105,Steven Stoyanchov,2026-05-10T15:30:00+00:00,2025,BU2,2,False,4718029,32,712,home,26563,0,1,played,27,0,False,90,0,0,0,0,0,0,,,,0,0
1231105,Steven Stoyanchov,2026-05-03T15:00:00+00:00,2025,BU2,2,False,4718013,31,712,away,4494,1,1,played,27,0,False,90,0,0,0,0,0,0,,,90,0,0
140109,Radoslav Kirilov,2026-07-25T18:15:00+00:00,2026,BU1,1,False,4909872,2,156,away,730,2,1,injured,,,False,0,0,0,0,0,0,0,,,,181,0
140109,Radoslav Kirilov,2026-07-22T17:30:00+00:00,2026,CLQ,10,False,4942869,3,156,home,40812,1,0,injured,,,False,0,0,0,0,0,0,0,,,,181,0
140109,Radoslav Kirilov,2026-07-17T18:15:00+00:00,2026,BU1,1,False,4909855,1,156,home,19780,2,1,injured,,,False,0,0,0,0,0,0,0,,,,181,0
140109,Radoslav Kirilov,2026-07-14T17:30:00+00:00,2026,CLQ,10,False,4897209,2,156,home,3900,4,0,injured,,,False,0,0,0,0,0,0,0,,,,181,0
140109,Radoslav Kirilov,2026-07-07T18:30:00+00:00,2026,CLQ,10,False,4897195,1,156,away,3900,1,1,injured,,,False,0,0,0,0,0,0,0,,,,181,0
140109,Radoslav Kirilov,2026-05-25T17:30:00+00:00,2025,BU1,1,False,4866423,36,156,away,61955,0,0,played,99,0,False,58,0,0,0,0,0,0,,32,,0,0
140109,Radoslav Kirilov,2026-05-16T13:00:00+00:00,2025,BU1,1,False,4866420,35,156,home,208,2,0,played,99,12,False,85,0,0,0,0,0,0,,,85,0,0
140109,Radoslav Kirilov,2026-05-13T17:15:00+00:00,2025,BU1,1,False,4866416,34,156,away,31614,1,1,played,99,0,False,30,0,0,0,0,0,0,,60,,0,0
140109,Radoslav Kirilov,2026-05-09T15:45:00+00:00,2025,BU1,1,False,4866402,33,156,home,31614,0,1,played,99,12,False,81,0,0,0,0,0,0,,,81,0,0
140109,Radoslav Kirilov,2026-05-02T16:00:00+00:00,2025,BU1,1,False,4866383,32,156,home,61955,1,0,played,99,12,False,75,0,0,0,0,0,0,,,75,0,0
104220,Hendrik Bonmann,2026-07-27T16:00:00+00:00,2026,BU1,1,False,4909870,2,31614,away,19780,2,0,not in squad,,,False,0,0,0,0,0,0,0,,,,0,0
104220,Hendrik Bonmann,2026-07-23T18:30:00+00:00,2026,ECLQ,10,False,4897987,3,31614,neutral,1017,0,2,played,39,1,False,90,0,0,0,0,0,0,,,,0,0
104220,Hendrik Bonmann,2026-07-18T18:15:00+00:00,2026,BU1,1,False,4909856,1,31614,home,2259,1,0,played,39,1,False,90,0,0,0,0,0,0,,,,0,0
104220,Hendrik Bonmann,2026-05-29T16:00:00+00:00,2025,BUEL,12,False,4890402,1,31614,home,2259,3,1,played,39,1,False,120,0,0,0,0,0,0,,,,0,0
104220,Hendrik Bonmann,2026-05-25T17:30:00+00:00,2025,BU1,1,False,4866424,36,31614,home,208,1,0,played,39,1,False,90,0,0,0,0,0,0,,,,0,0
104220,Hendrik Bonmann,2026-05-16T13:00:00+00:00,2025,BU1,1,False,4866419,35,31614,away,61955,0,1,played,39,1,False,90,0,0,0,0,0,0,,,,0,0
104220,Hendrik Bonmann,2026-05-13T17:15:00+00:00,2025,BU1,1,False,4866416,34,31614,home,156,1,1,played,39,1,False,90,0,0,0,0,0,0,,,,0,0
104220,Hendrik Bonmann,2026-05-09T15:45:00+00:00,2025,BU1,1,False,4866402,33,31614,away,156,1,0,played,39,1,False,90,0,0,0,0,0,0,,,,0,0
104220,Hendrik Bonmann,2026-05-03T16:00:00+00:00,2025,BU1,1,False,4866382,32,31614,away,208,0,1,played,39,1,False,90,0,0,0,0,0,0,79,,,0,0
104220,Hendrik Bonmann,2026-04-29T16:00:00+00:00,2025,BULP,8,False,4827500,4,31614,away,208,0,0,played,39,1,False,90,0,0,0,0,0,0,,,,0,0
817632,Damyan Hristov,2026-07-26T16:00:00+00:00,2026,BU1,1,False,4909869,2,967,home,9599,0,3,not in squad,,,False,0,0,0,0,0,0,0,,,,0,0
817632,Damyan Hristov,2026-05-29T16:00:00+00:00,2025,BUEL,12,False,4890402,1,31614,home,2259,3,1,not in squad,,,False,0,0,0,0,0,0,0,,,,0,0
817632,Damyan Hristov,2026-05-25T17:30:00+00:00,2025,BU1,1,False,4866424,36,31614,home,208,1,0,not in squad,,,False,0,0,0,0,0,0,0,,,,0,0
817632,Damyan Hristov,2026-05-23T15:00:00+00:00,2025,BU2,2,False,4718039,34,40678,home,4503,3,1,played,67,0,False,90,0,0,0,0,0,0,50,,,0,0
817632,Damyan Hristov,2026-05-16T13:00:00+00:00,2025,BU1,1,False,4866419,35,31614,away,61955,0,1,not in squad,,,False,0,0,0,0,0,0,0,,,,0,0
817632,Damyan Hristov,2026-05-15T15:00:00+00:00,2025,BU2,2,False,4718030,33,40678,away,712,0,1,in squad,67,,False,0,0,0,0,0,0,0,,,,0,0
817632,Damyan Hristov,2026-05-13T17:15:00+00:00,2025,BU1,1,False,4866416,34,31614,home,156,1,1,not in squad,,,False,0,0,0,0,0,0,0,,,,0,0
817632,Damyan Hristov,2026-05-11T15:00:00+00:00,2025,BU2,2,False,4718021,32,40678,home,36821,3,1,in squad,67,,False,0,0,0,0,0,0,0,,,,0,0
817632,Damyan Hristov,2026-05-09T15:45:00+00:00,2025,BU1,1,False,4866402,33,31614,away,156,1,0,not in squad,,,False,0,0,0,0,0,0,0,,,,0,0
817632,Damyan Hristov,2026-05-04T15:30:00+00:00,2025,BU2,2,False,4718012,31,40678,away,26563,2,1,in squad,67,,False,0,0,0,0,0,0,0,,,,0,0
817632,Damyan Hristov,2026-05-03T16:00:00+00:00,2025,BU1,1,False,4866382,32,31614,away,208,0,1,not in squad,,,False,0,0,0,0,0,0,0,,,,0,0
817632,Damyan Hristov,2026-04-29T16:00:00+00:00,2025,BULP,8,False,4827500,4,31614,away,208,0,0,not in squad,,,False,0,0,0,0,0,0,0,,,,0,0
1110258,Vinícius Nogueira,2026-07-27T16:00:00+00:00,2026,BU1,1,False,4909870,2,31614,away,19780,2,0,not in squad,,,False,0,0,0,0,0,0,0,,,,0,0
1110258,Vinícius Nogueira,2026-07-23T18:30:00+00:00,2026,ECLQ,10,False,4897987,3,31614,neutral,1017,0,2,played,27,4,False,90,0,0,0,0,0,0,,,,0,0
1110258,Vinícius Nogueira,2026-07-18T18:15:00+00:00,2026,BU1,1,False,4909856,1,31614,home,2259,1,0,played,27,0,False,11,0,0,0,0,0,0,,79,,0,0
1110258,Vinícius Nogueira,2026-05-29T16:00:00+00:00,2025,BUEL,12,False,4890402,1,31614,home,2259,3,1,played,27,4,False,120,0,0,0,0,0,0,63,,,0,0
1110258,Vinícius Nogueira,2026-05-25T17:30:00+00:00,2025,BU1,1,False,4866424,36,31614,home,208,1,0,played,27,4,False,90,0,0,0,0,0,0,,,,0,0
1110258,Vinícius Nogueira,2026-05-16T13:00:00+00:00,2025,BU1,1,False,4866419,35,31614,away,61955,0,1,played,27,4,False,90,0,0,0,0,0,0,,,,0,0
1110258,Vinícius Nogueira,2026-05-13T17:15:00+00:00,2025,BU1,1,False,4866416,34,31614,home,156,1,1,played,27,4,False,90,0,0,0,0,0,0,,,,0,0
1110258,Vinícius Nogueira,2026-05-09T15:45:00+00:00,2025,BU1,1,False,4866402,33,31614,away,156,1,0,played,27,4,False,90,0,0,0,0,0,0,,,,0,0
1110258,Vinícius Nogueira,2026-05-03T16:00:00+00:00,2025,BU1,1,False,4866382,32,31614,away,208,0,1,played,27,4,False,90,0,0,0,0,0,0,,,,0,0
1110258,Vinícius Nogueira,2026-04-29T16:00:00+00:00,2025,BULP,8,False,4827500,4,31614,away,208,0,0,played,27,0,False,28,0,0,0,0,0,0,,62,,0,0
555058,Edvin Kurtulus,2026-07-27T16:00:00+00:00,2026,BU1,1,False,4909870,2,31614,away,19780,2,0,not in squad,,,False,0,0,0,0,0,0,0,,,,0,0
555058,Edvin Kurtulus,2026-07-23T18:30:00+00:00,2026,ECLQ,10,False,4897987,3,31614,neutral,1017,0,2,played,15,3,False,76,0,0,0,0,0,0,,,76,0,0
555058,Edvin Kurtulus,2026-07-18T18:15:00+00:00,2026,BU1,1,False,4909856,1,31614,home,2259,1,0,played,15,3,False,90,0,0,0,0,0,0,,,,0,0
555058,Edvin Kurtulus,2026-05-29T16:00:00+00:00,2025,BUEL,12,False,4890402,1,31614,home,2259,3,1,played,15,3,False,106,0,0,0,0,0,0,,,106,0,0
555058,Edvin Kurtulus,2026-05-25T17:30:00+00:00,2025,BU1,1,False,4866424,36,31614,home,208,1,0,played,15,3,False,88,0,0,0,0,0,0,,,88,0,0
555058,Edvin Kurtulus,2026-05-16T13:00:00+00:00,2025,BU1,1,False,4866419,35,31614,away,61955,0,1,in squad,15,,False,0,0,0,0,0,0,0,,,,0,0
555058,Edvin Kurtulus,2026-05-13T17:15:00+00:00,2025,BU1,1,False,4866416,34,31614,home,156,1,1,injured,,,False,0,0,0,0,0,0,0,,,,198,0
555058,Edvin Kurtulus,2026-05-09T15:45:00+00:00,2025,BU1,1,False,4866402,33,31614,away,156,1,0,injured,,,False,0,0,0,0,0,0,0,,,,198,0
555058,Edvin Kurtulus,2026-05-03T16:00:00+00:00,2025,BU1,1,False,4866382,32,31614,away,208,0,1,injured,,,False,0,0,0,0,0,0,0,,,,198,0
555058,Edvin Kurtulus,2026-04-29T16:00:00+00:00,2025,BULP,8,False,4827500,4,31614,away,208,0,0,injured,,,False,0,0,0,0,0,0,0,,,,198,0
79573,Sergio Padt,2026-07-27T16:00:00+00:00,2026,BU1,1,False,4909870,2,31614,away,19780,2,0,not in squad,,,False,0,0,0,0,0,0,0,,,,0,0
79573,Sergio Padt,2026-07-23T18:30:00+00:00,2026,ECLQ,10,False,4897987,3,31614,neutral,1017,0,2,in squad,1,,False,0,0,0,0,0,0,0,,,,0,0
79573,Sergio Padt,2026-07-18T18:15:00+00:00,2026,BU1,1,False,4909856,1,31614,home,2259,1,0,in squad,1,,False,0,0,0,0,0,0,0,,,,0,0
79573,Sergio Padt,2026-05-29T16:00:00+00:00,2025,BUEL,12,False,4890402,1,31614,home,2259,3,1,in squad,1,,False,0,0,0,0,0,0,0,,,,0,0
79573,Sergio Padt,2026-05-25T17:30:00+00:00,2025,BU1,1,False,4866424,36,31614,home,208,1,0,in squad,1,,False,0,0,0,0,0,0,0,,,,0,0
79573,Sergio Padt,2026-05-16T13:00:00+00:00,2025,BU1,1,False,4866419,35,31614,away,61955,0,1,in squad,1,,False,0,0,0,0,0,0,0,,,,0,0
79573,Sergio Padt,2026-05-13T17:15:00+00:00,2025,BU1,1,False,4866416,34,31614,home,156,1,1,in squad,1,,False,0,0,0,0,0,0,0,,,,0,0
79573,Sergio Padt,2026-05-09T15:45:00+00:00,2025,BU1,1,False,4866402,33,31614,away,156,1,0,in squad,1,,False,0,0,0,0,0,0,0,,,,0,0
79573,Sergio Padt,2026-05-03T16:00:00+00:00,2025,BU1,1,False,4866382,32,31614,away,208,0,1,in squad,1,,False,0,0,0,0,0,0,0,,,,0,0
79573,Sergio Padt,2026-04-29T16:00:00+00:00,2025,BULP,8,False,4827500,4,31614,away,208,0,0,in squad,1,,False,0,0,0,0,0,0,0,,,,0,0
218441,Anton Nedyalkov,2026-07-27T16:00:00+00:00,2026,BU1,1,False,4909870,2,31614,away,19780,2,0,not in squad,,,False,0,0,0,0,0,0,0,,,,0,0
218441,Anton Nedyalkov,2026-07-23T18:30:00+00:00,2026,ECLQ,10,False,4897987,3,31614,neutral,1017,0,2,played,3,3,True,90,0,0,0,0,0,0,,,,0,0
218441,Anton Nedyalkov,2026-07-18T18:15:00+00:00,2026,BU1,1,False,4909856,1,31614,home,2259,1,0,in squad,3,,False,0,0,0,0,0,0,0,,,,0,0
218441,Anton Nedyalkov,2026-05-29T16:00:00+00:00,2025,BUEL,12,False,4890402,1,31614,home,2259,3,1,played,3,3,True,120,0,0,0,0,0,0,,,,0,0
218441,Anton Nedyalkov,2026-05-25T17:30:00+00:00,2025,BU1,1,False,4866424,36,31614,home,208,1,0,played,3,3,True,90,0,0,0,0,0,0,,,,0,0
218441,Anton Nedyalkov,2026-05-16T13:00:00+00:00,2025,BU1,1,False,4866419,35,31614,away,61955,0,1,played,3,3,True,90,0,0,0,0,0,0,3,,,0,0
218441,Anton Nedyalkov,2026-05-13T17:15:00+00:00,2025,BU1,1,False,4866416,34,31614,home,156,1,1,played,3,3,True,90,0,0,0,0,0,0,,,,0,0
218441,Anton Nedyalkov,2026-05-09T15:45:00+00:00,2025,BU1,1,False,4866402,33,31614,away,156,1,0,played,3,3,True,90,0,0,0,0,0,0,,,,0,0
218441,Anton Nedyalkov,2026-05-03T16:00:00+00:00,2025,BU1,1,False,4866382,32,31614,away,208,0,1,played,3,3,True,90,0,0,0,0,0,0,90,,,0,0
218441,Anton Nedyalkov,2026-04-29T16:00:00+00:00,2025,BULP,8,False,4827500,4,31614,away,208,0,0,played,3,4,True,62,0,0,0,0,0,0,,,62,0,0
504125,Olivier Verdon,2026-07-27T16:00:00+00:00,2026,BU1,1,False,4909870,2,31614,away,19780,2,0,not in squad,,,False,0,0,0,0,0,0,0,,,,0,0
504125,Olivier Verdon,2026-07-23T18:30:00+00:00,2026,ECLQ,10,False,4897987,3,31614,neutral,1017,0,2,in squad,24,,False,0,0,0,0,0,0,0,,,,0,0
504125,Olivier Verdon,2026-07-18T18:15:00+00:00,2026,BU1,1,False,4909856,1,31614,home,2259,1,0,in squad,24,,False,0,0,0,0,0,0,0,,,,0,0
504125,Olivier Verdon,2026-06-09T18:00:00+00:00,2025,FS,11,True,4891316,20,3955,away,3815,1,5,played,2,3,True,90,0,0,0,0,0,0,,,,0,0
504125,Olivier Verdon,2026-06-05T18:00:00+00:00,2025,FS,11,True,4893733,35,3955,away,14163,1,1,in squad,16,,False,0,0,0,0,0,0,0,,,,0,0
504125,Olivier Verdon,2026-05-29T16:00:00+00:00,2025,BUEL,12,False,4890402,1,31614,home,2259,3,1,not in squad,,,False,0,0,0,0,0,0,0,,,,0,0
504125,Olivier Verdon,2026-05-25T17:30:00+00:00,2025,BU1,1,False,4866424,36,31614,home,208,1,0,not in squad,,,False,0,0,0,0,0,0,0,,,,0,0
504125,Olivier Verdon,2026-05-23T15:00:00+00:00,2025,BU2,2,False,4718039,34,40678,home,4503,3,1,played,24,0,False,62,1,0,0,0,0,0,,,62,0,0
504125,Olivier Verdon,2026-05-16T13:00:00+00:00,2025,BU1,1,False,4866419,35,31614,away,61955,0,1,not in squad,,,False,0,0,0,0,0,0,0,,,,0,0
504125,Olivier Verdon,2026-05-15T15:00:00+00:00,2025,BU2,2,False,4718030,33,40678,away,712,0,1,not in squad,,,False,0,0,0,0,0,0,0,,,,0,0
504125,Olivier Verdon,2026-05-13T17:15:00+00:00,2025,BU1,1,False,4866416,34,31614,home,156,1,1,not in squad,,,False,0,0,0,0,0,0,0,,,,0,0
504125,Olivier Verdon,2026-05-11T15:00:00+00:00,2025,BU2,2,False,4718021,32,40678,home,36821,3,1,played,24,0,False,78,0,0,0,0,0,0,,,78,0,0
504125,Olivier Verdon,2026-05-09T15:45:00+00:00,2025,BU1,1,False,4866402,33,31614,away,156,1,0,not in squad,,,False,0,0,0,0,0,0,0,,,,0,0
504125,Olivier Verdon,2026-05-03T16:00:00+00:00,2025,BU1,1,False,4866382,32,31614,away,208,0,1,played,24,0,False,10,0,0,0,0,0,0,,80,,0,0
504125,Olivier Verdon,2026-04-29T16:00:00+00:00,2025,BULP,8,False,4827500,4,31614,away,208,0,0,played,24,3,False,90,0,0,0,0,0,0,,,,0,0
349856,Son,2026-07-27T16:00:00+00:00,2026,BU1,1,False,4909870,2,31614,away,19780,2,0,not in squad,,,False,0,0,0,0,0,0,0,,,,0,0
349856,Son,2026-07-23T18:30:00+00:00,2026,ECLQ,10,False,4897987,3,31614,neutral,1017,0,2,played,17,5,False,90,0,0,0,0,0,0,,,,0,0
349856,Son,2026-07-18T18:15:00+00:00,2026,BU1,1,False,4909856,1,31614,home,2259,1,0,played,17,5,False,90,0,0,0,0,0,0,,,,0,0
349856,Son,2026-05-29T16:00:00+00:00,2025,BUEL,12,False,4890402,1,31614,home,2259,3,1,played,17,5,False,120,0,0,0,0,0,0,,,,0,0
349856,Son,2026-05-25T17:30:00+00:00,2025,BU1,1,False,4866424,36,31614,home,208,1,0,absent,,,False,0,0,0,0,0,0,0,,,,0,2
349856,Son,2026-05-16T13:00:00+00:00,2025,BU1,1,False,4866419,35,31614,away,61955,0,1,played,17,5,False,90,0,0,0,0,0,0,79,,,0,0
349856,Son,2026-05-13T17:15:00+00:00,2025,BU1,1,False,4866416,34,31614,home,156,1,1,played,17,5,False,90,0,0,0,0,0,0,,,,0,0
349856,Son,2026-05-09T15:45:00+00:00,2025,BU1,1,False,4866402,33,31614,away,156,1,0,played,17,5,False,90,0,0,0,0,0,0,,,,0,0
349856,Son,2026-05-03T16:00:00+00:00,2025,BU1,1,False,4866382,32,31614,away,208,0,1,played,17,5,False,90,0,0,0,0,0,0,,,,0,0
349856,Son,2026-04-29T16:00:00+00:00,2025,BULP,8,False,4827500,4,31614,away,208,0,0,played,17,5,False,90,0,0,0,0,0,0,,,,0,0
255469,Joel Andersson,2026-07-27T16:00:00+00:00,2026,BU1,1,False,4909870,2,31614,away,19780,2,0,not in squad,,,False,0,0,0,0,0,0,0,,,,0,0
255469,Joel Andersson,2026-07-23T18:30:00+00:00,2026,ECLQ,10,False,4897987,3,31614,neutral,1017,0,2,played,2,0,False,7,0,0,0,0,0,0,,83,,0,0
255469,Joel Andersson,2026-07-18T18:15:00+00:00,2026,BU1,1,False,4909856,1,31614,home,2259,1,0,played,2,0,False,11,0,0,0,0,0,0,82,79,,0,0
255469,Joel Andersson,2026-05-29T16:00:00+00:00,2025,BUEL,12,False,4890402,1,31614,home,2259,3,1,not in squad,,,False,0,0,0,0,0,0,0,,,,0,0
255469,Joel Andersson,2026-05-25T17:30:00+00:00,2025,BU1,1,False,4866424,36,31614,home,208,1,0,not in squad,,,False,0,0,0,0,0,0,0,,,,0,0
255469,Joel Andersson,2026-05-16T13:00:00+00:00,2025,BU1,1,False,4866419,35,31614,away,61955,0,1,not in squad,,,False,0,0,0,0,0,0,0,,,,0,0
255469,Joel Andersson,2026-05-13T17:15:00+00:00,2025,BU1,1,False,4866416,34,31614,home,156,1,1,not in squad,,,False,0,0,0,0,0,0,0,,,,0,0
255469,Joel Andersson,2026-05-09T15:45:00+00:00,2025,BU1,1,False,4866402,33,31614,away,156,1,0,not in squad,,,False,0,0,0,0,0,0,0,,,,0,0
255469,Joel Andersson,2026-05-03T16:00:00+00:00,2025,BU1,1,False,4866382,32,31614,away,208,0,1,not in squad,,,False,0,0,0,0,0,0,0,,,,0,0
255469,Joel Andersson,2026-04-29T16:00:00+00:00,2025,BULP,8,False,4827500,4,31614,away,208,0,0,not in squad,,,False,0,0,0,0,0,0,0,,,,0,0
329519,Dinis Almeida,2026-05-29T16:00:00+00:00,2025,BUEL,12,False,4890402,1,31614,home,2259,3,1,not in squad,,,False,0,0,0,0,0,0,0,,,,0,0
329519,Dinis Almeida,2026-05-25T17:30:00+00:00,2025,BU1,1,False,4866424,36,31614,home,208,1,0,not in squad,,,False,0,0,0,0,0,0,0,,,,0,0
329519,Dinis Almeida,2026-05-16T13:00:00+00:00,2025,BU1,1,False,4866419,35,31614,away,61955,0,1,not in squad,,,False,0,0,0,0,0,0,0,,,,0,0
329519,Dinis Almeida,2026-05-13T17:15:00+00:00,2025,BU1,1,False,4866416,34,31614,home,156,1,1,not in squad,,,False,0,0,0,0,0,0,0,,,,0,0
329519,Dinis Almeida,2026-05-09T15:45:00+00:00,2025,BU1,1,False,4866402,33,31614,away,156,1,0,not in squad,,,False,0,0,0,0,0,0,0,,,,0,0
329519,Dinis Almeida,2026-05-03T16:00:00+00:00,2025,BU1,1,False,4866382,32,31614,away,208,0,1,not in squad,,,False,0,0,0,0,0,0,0,,,,0,0
329519,Dinis Almeida,2026-04-29T16:00:00+00:00,2025,BULP,8,False,4827500,4,31614,away,208,0,0,played,4,3,False,90,0,0,0,0,0,0,,,,0,0
329519,Dinis Almeida,2026-04-25T10:15:00+00:00,2025,BU1,1,False,4866374,31,31614,home,61955,1,2,played,4,3,False,90,0,0,0,0,0,0,,,,0,0
329519,Dinis Almeida,2026-04-21T16:00:00+00:00,2025,BULP,8,False,4827498,4,31614,home,208,1,2,played,4,3,False,90,0,0,0,0,0,0,,,,0,0
329519,Dinis Almeida,2026-04-15T17:30:00+00:00,2025,BU1,1,False,4718174,30,31614,away,40604,0,1,in squad,4,,False,0,0,0,0,0,0,0,,,,0,0
976611,Nikolay Nikolov,2026-05-29T16:00:00+00:00,2025,BUEL,12,False,4890402,1,31614,home,2259,3,1,not in squad,,,False,0,0,0,0,0,0,0,,,,0,0
976611,Nikolay Nikolov,2026-05-25T17:30:00+00:00,2025,BU1,1,False,4866424,36,31614,home,208,1,0,in squad,34,,False,0,0,0,0,0,0,0,,,,0,0
976611,Nikolay Nikolov,2026-05-23T15:00:00+00:00,2025,BU2,2,False,4718039,34,40678,home,4503,3,1,played,34,0,False,90,0,0,0,0,0,0,,,,0,0
976611,Nikolay Nikolov,2026-05-15T15:00:00+00:00,2025,BU2,2,False,4718030,33,40678,away,712,0,1,played,34,0,False,90,0,0,0,0,0,0,,,,0,0
976611,Nikolay Nikolov,2026-05-11T15:00:00+00:00,2025,BU2,2,False,4718021,32,40678,home,36821,3,1,played,34,0,False,90,0,0,0,0,0,0,,,,0,0
976611,Nikolay Nikolov,2026-05-04T15:30:00+00:00,2025,BU2,2,False,4718012,31,40678,away,26563,2,1,played,34,0,False,90,0,0,0,0,0,0,,,,0,0
976611,Nikolay Nikolov,2026-04-16T14:00:00+00:00,2025,BU2,2,False,4717994,29,40678,away,4494,0,0,played,34,0,False,90,0,0,0,0,0,0,,,,0,0
976611,Nikolay Nikolov,2026-04-10T14:00:00+00:00,2025,BU2,2,False,4717985,28,40678,home,19215,4,2,played,34,0,False,90,0,0,0,0,0,0,,,,0,0
976611,Nikolay Nikolov,2026-04-04T14:00:00+00:00,2025,BU2,2,False,4717976,27,40678,away,521,0,0,played,34,0,False,78,0,0,0,0,0,0,53,,78,0,0
976611,Nikolay Nikolov,2026-03-28T13:30:00+00:00,2025,BU2,2,False,4717967,26,40678,home,29268,1,3,played,34,0,False,67,0,0,0,0,0,0,,,67,0,0
408422,Idan Nachmias,2026-07-27T16:00:00+00:00,2026,BU1,1,False,4909870,2,31614,away,19780,2,0,not in squad,,,False,0,0,0,0,0,0,0,,,,0,0
408422,Idan Nachmias,2026-07-23T18:30:00+00:00,2026,ECLQ,10,False,4897987,3,31614,neutral,1017,0,2,played,55,0,False,14,0,0,0,0,0,0,,76,,0,0
408422,Idan Nachmias,2026-07-18T18:15:00+00:00,2026,BU1,1,False,4909856,1,31614,home,2259,1,0,played,55,3,False,90,0,0,0,0,0,0,,,,0,0
408422,Idan Nachmias,2026-06-03T18:00:00+00:00,2025,FS,11,True,4873414,42,5547,away,3561,1,0,played,5,0,False,2,0,0,0,0,0,0,,88,,0,0
408422,Idan Nachmias,2026-05-29T16:00:00+00:00,2025,BUEL,12,False,4890402,1,31614,home,2259,3,1,played,55,0,False,14,0,0,0,0,0,0,,106,,0,0
408422,Idan Nachmias,2026-05-25T17:30:00+00:00,2025,BU1,1,False,4866424,36,31614,home,208,1,0,played,55,5,False,90,0,0,0,0,0,0,,,,0,0
408422,Idan Nachmias,2026-05-16T13:00:00+00:00,2025,BU1,1,False,4866419,35,31614,away,61955,0,1,played,55,3,False,90,0,0,0,0,0,0,,,,0,0
408422,Idan Nachmias,2026-05-13T17:15:00+00:00,2025,BU1,1,False,4866416,34,31614,home,156,1,1,played,55,3,False,90,0,0,0,0,0,0,37,,,0,0
408422,Idan Nachmias,2026-05-09T15:45:00+00:00,2025,BU1,1,False,4866402,33,31614,away,156,1,0,played,55,3,False,90,0,0,0,0,0,0,,,,0,0
408422,Idan Nachmias,2026-05-03T16:00:00+00:00,2025,BU1,1,False,4866382,32,31614,away,208,0,1,played,55,3,False,90,0,0,0,0,0,0,,,,0,0
408422,Idan Nachmias,2026-04-29T16:00:00+00:00,2025,BULP,8,False,4827500,4,31614,away,208,0,0,in squad,55,,False,0,0,0,0,0,0,0,,,,0,0
1052273,Simeon Shishkov,2026-07-27T16:00:00+00:00,2026,BU1,1,False,4909870,2,31614,away,19780,2,0,not in squad,,,False,0,0,0,0,0,0,0,,,,0,0
1052273,Simeon Shishkov,2026-07-23T18:30:00+00:00,2026,ECLQ,10,False,4897987,3,31614,neutral,1017,0,2,in squad,42,,False,0,0,0,0,0,0,0,,,,0,0
1052273,Simeon Shishkov,2026-07-18T18:15:00+00:00,2026,BU1,1,False,4909856,1,31614,home,2259,1,0,played,42,4,False,79,0,1,0,0,0,0,,,79,0,0
1052273,Simeon Shishkov,2026-05-29T16:00:00+00:00,2025,BUEL,12,False,4890402,1,31614,home,2259,3,1,in squad,42,,False,0,0,0,0,0,0,0,,,,0,0
1052273,Simeon Shishkov,2026-05-25T17:30:00+00:00,2025,BU1,1,False,4866424,36,31614,home,208,1,0,in squad,42,,False,0,0,0,0,0,0,0,,,,0,0
1052273,Simeon Shishkov,2026-05-23T15:00:00+00:00,2025,BU2,2,False,4718039,34,40678,home,4503,3,1,played,42,0,True,45,0,0,0,0,0,0,,,46,0,0
1052273,Simeon Shishkov,2026-05-16T13:00:00+00:00,2025,BU1,1,False,4866419,35,31614,away,61955,0,1,not in squad,,,False,0,0,0,0,0,0,0,,,,0,0
1052273,Simeon Shishkov,2026-05-15T15:00:00+00:00,2025,BU2,2,False,4718030,33,40678,away,712,0,1,played,42,0,True,90,0,0,0,0,0,0,,,,0,0
1052273,Simeon Shishkov,2026-05-13T17:15:00+00:00,2025,BU1,1,False,4866416,34,31614,home,156,1,1,in squad,42,,False,0,0,0,0,0,0,0,,,,0,0
1052273,Simeon Shishkov,2026-05-11T15:00:00+00:00,2025,BU2,2,False,4718021,32,40678,home,36821,3,1,played,42,0,True,90,0,0,0,0,0,0,,,,0,0
1052273,Simeon Shishkov,2026-05-09T15:45:00+00:00,2025,BU1,1,False,4866402,33,31614,away,156,1,0,in squad,42,,False,0,0,0,0,0,0,0,,,,0,0
1052273,Simeon Shishkov,2026-05-04T15:30:00+00:00,2025,BU2,2,False,4718012,31,40678,away,26563,2,1,played,42,0,False,90,0,0,0,0,0,0,,,,0,0
1052273,Simeon Shishkov,2026-05-03T16:00:00+00:00,2025,BU1,1,False,4866382,32,31614,away,208,0,1,in squad,42,,False,0,0,0,0,0,0,0,,,,0,0
1052273,Simeon Shishkov,2026-04-29T16:00:00+00:00,2025,BULP,8,False,4827500,4,31614,away,208,0,0,not in squad,,,False,0,0,0,0,0,0,0,,,,0,0
766306,Petar Stanic,2026-07-27T16:00:00+00:00,2026,BU1,1,False,4909870,2,31614,away,19780,2,0,not in squad,,,False,0,0,0,0,0,0,0,,,,0,0
766306,Petar Stanic,2026-07-23T18:30:00+00:00,2026,ECLQ,10,False,4897987,3,31614,neutral,1017,0,2,played,14,10,False,90,0,0,0,0,0,0,67,,,0,0
766306,Petar Stanic,2026-07-18T18:15:00+00:00,2026,BU1,1,False,4909856,1,31614,home,2259,1,0,played,14,0,False,25,0,0,0,0,0,0,,65,,0,0
766306,Petar Stanic,2026-06-05T02:00:00+00:00,2025,FS,11,True,4884497,6,3438,away,6303,1,5,played,24,10,False,45,1,0,1,1,0,0,,,46,0,0
766306,Petar Stanic,2026-05-31T15:00:00+00:00,2025,FS,11,True,4884489,5,3438,away,4311,0,3,not in squad,,,False,0,0,0,0,0,0,0,,,,0,0
766306,Petar Stanic,2026-05-29T16:00:00+00:00,2025,BUEL,12,False,4890402,1,31614,home,2259,3,1,played,14,10,False,98,0,0,0,0,0,0,,,98,0,0
766306,Petar Stanic,2026-05-25T17:30:00+00:00,2025,BU1,1,False,4866424,36,31614,home,208,1,0,played,14,10,False,90,0,0,0,0,0,0,83,,,0,0
766306,Petar Stanic,2026-05-16T13:00:00+00:00,2025,BU1,1,False,4866419,35,31614,away,61955,0,1,played,14,10,False,87,0,0,0,0,0,0,,,87,0,0
766306,Petar Stanic,2026-05-13T17:15:00+00:00,2025,BU1,1,False,4866416,34,31614,home,156,1,1,played,14,10,False,90,0,1,0,0,0,0,,,,0,0
766306,Petar Stanic,2026-05-09T15:45:00+00:00,2025,BU1,1,False,4866402,33,31614,away,156,1,0,played,14,14,False,90,1,0,0,0,0,0,,,,0,0
766306,Petar Stanic,2026-05-03T16:00:00+00:00,2025,BU1,1,False,4866382,32,31614,away,208,0,1,played,14,10,False,90,0,0,0,0,0,0,,,,0,0
766306,Petar Stanic,2026-04-29T16:00:00+00:00,2025,BULP,8,False,4827500,4,31614,away,208,0,0,played,14,10,False,90,0,0,0,0,0,0,,,,0,0
95790,Georgi Terziev,2026-05-29T16:00:00+00:00,2025,BUEL,12,False,4890402,1,31614,home,2259,3,1,in squad,5,,False,0,0,0,0,0,0,0,,,,0,0
95790,Georgi Terziev,2026-05-25T17:30:00+00:00,2025,BU1,1,False,4866424,36,31614,home,208,1,0,played,5,0,False,2,0,0,0,0,0,0,,88,,0,0
95790,Georgi Terziev,2026-05-16T13:00:00+00:00,2025,BU1,1,False,4866419,35,31614,away,61955,0,1,in squad,5,,False,0,0,0,0,0,0,0,,,,0,0
95790,Georgi Terziev,2026-05-13T17:15:00+00:00,2025,BU1,1,False,4866416,34,31614,home,156,1,1,in squad,5,,False,0,0,0,0,0,0,0,,,,0,0
95790,Georgi Terziev,2026-05-09T15:45:00+00:00,2025,BU1,1,False,4866402,33,31614,away,156,1,0,played,5,0,False,1,0,0,0,0,0,0,,90,,0,0
95790,Georgi Terziev,2026-05-04T15:30:00+00:00,2025,BU2,2,False,4718012,31,40678,away,26563,2,1,played,5,0,True,90,0,0,0,0,0,0,,,,0,0
95790,Georgi Terziev,2026-05-03T16:00:00+00:00,2025,BU1,1,False,4866382,32,31614,away,208,0,1,in squad,5,,False,0,0,0,0,0,0,0,,,,0,0
95790,Georgi Terziev,2026-04-29T16:00:00+00:00,2025,BULP,8,False,4827500,4,31614,away,208,0,0,in squad,5,,False,0,0,0,0,0,0,0,,,,0,0
95790,Georgi Terziev,2026-04-25T10:15:00+00:00,2025,BU1,1,False,4866374,31,31614,home,61955,1,2,in squad,5,,False,0,0,0,0,0,0,0,,,,0,0
95790,Georgi Terziev,2026-04-21T16:00:00+00:00,2025,BULP,8,False,4827498,4,31614,home,208,1,2,not in squad,,,False,0,0,0,0,0,0,0,,,,0,0
543529,Aguibou Camara,2026-07-27T16:00:00+00:00,2026,BU1,1,False,4909870,2,31614,away,19780,2,0,not in squad,,,False,0,0,0,0,0,0,0,,,,0,0
543529,Aguibou Camara,2026-07-23T18:30:00+00:00,2026,ECLQ,10,False,4897987,3,31614,neutral,1017,0,2,played,20,10,False,90,0,0,0,0,0,0,,,,0,0
543529,Aguibou Camara,2026-07-18T18:15:00+00:00,2026,BU1,1,False,4909856,1,31614,home,2259,1,0,played,20,7,False,90,0,0,0,0,0,0,81,,,0,0
543529,Aguibou Camara,2026-05-29T16:00:00+00:00,2025,BUEL,12,False,4890402,1,31614,home,2259,3,1,not in squad,,,False,0,0,0,0,0,0,0,,,,0,0
543529,Aguibou Camara,2026-05-25T17:30:00+00:00,2025,BU1,1,False,4866424,36,31614,home,208,1,0,not in squad,,,False,0,0,0,0,0,0,0,,,,0,0
543529,Aguibou Camara,2026-05-23T15:00:00+00:00,2025,BU2,2,False,4718039,34,40678,home,4503,3,1,played,20,0,False,65,0,0,0,0,0,0,,,65,0,0
543529,Aguibou Camara,2026-05-16T13:00:00+00:00,2025,BU1,1,False,4866419,35,31614,away,61955,0,1,not in squad,,,False,0,0,0,0,0,0,0,,,,0,0
543529,Aguibou Camara,2026-05-15T15:00:00+00:00,2025,BU2,2,False,4718030,33,40678,away,712,0,1,not in squad,,,False,0,0,0,0,0,0,0,,,,0,0
543529,Aguibou Camara,2026-05-13T17:15:00+00:00,2025,BU1,1,False,4866416,34,31614,home,156,1,1,not in squad,,,False,0,0,0,0,0,0,0,,,,0,0
543529,Aguibou Camara,2026-05-11T15:00:00+00:00,2025,BU2,2,False,4718021,32,40678,home,36821,3,1,played,20,0,False,32,1,0,0,0,0,0,,58,,0,0
543529,Aguibou Camara,2026-05-09T15:45:00+00:00,2025,BU1,1,False,4866402,33,31614,away,156,1,0,not in squad,,,False,0,0,0,0,0,0,0,,,,0,0
543529,Aguibou Camara,2026-05-03T16:00:00+00:00,2025,BU1,1,False,4866382,32,31614,away,208,0,1,not in squad,,,False,0,0,0,0,0,0,0,,,,0,0
543529,Aguibou Camara,2026-04-29T16:00:00+00:00,2025,BULP,8,False,4827500,4,31614,away,208,0,0,not in squad,,,False,0,0,0,0,0,0,0,,,,0,0
432852,Deroy Duarte,2026-07-27T16:00:00+00:00,2026,BU1,1,False,4909870,2,31614,away,19780,2,0,not in squad,,,False,0,0,0,0,0,0,0,,,,0,0
432852,Deroy Duarte,2026-07-23T18:30:00+00:00,2026,ECLQ,10,False,4897987,3,31614,neutral,1017,0,2,not in squad,,,False,0,0,0,0,0,0,0,,,,0,0
432852,Deroy Duarte,2026-07-18T18:15:00+00:00,2026,BU1,1,False,4909856,1,31614,home,2259,1,0,not in squad,,,False,0,0,0,0,0,0,0,,,,0,0
432852,Deroy Duarte,2026-07-03T22:00:00+00:00,2025,FIWC,11,True,4776692,4,4311,away,3437,2,3,played,14,7,False,100,1,0,2,2,0,0,,,100,0,0
432852,Deroy Duarte,2026-06-27T00:00:00+00:00,2025,FIWC,11,True,4776662,3,4311,away,3807,0,0,played,14,7,False,90,0,0,1,0,1,0,,,,0,0
432852,Deroy Duarte,2026-06-21T22:00:00+00:00,2025,FIWC,11,True,4776638,2,4311,away,3449,2,2,played,14,7,False,45,0,0,0,0,0,0,,46,,0,0
432852,Deroy Duarte,2026-06-15T16:00:00+00:00,2025,FIWC,11,True,4776613,1,4311,away,3375,0,0,played,14,7,False,29,0,0,0,0,0,0,,61,,0,0
432852,Deroy Duarte,2026-06-06T20:00:00+00:00,2025,FS,11,True,4894113,35,4311,home,15735,3,0,played,14,0,False,90,0,0,0,0,0,0,,,,0,0
432852,Deroy Duarte,2026-05-31T15:00:00+00:00,2025,FS,11,True,4884489,5,4311,home,3438,3,0,not in squad,,,False,0,0,0,0,0,0,0,,,,0,0
432852,Deroy Duarte,2026-05-29T16:00:00+00:00,2025,BUEL,12,False,4890402,1,31614,home,2259,3,1,played,23,7,False,98,0,0,0,0,0,0,,,98,0,0
432852,Deroy Duarte,2026-05-25T17:30:00+00:00,2025,BU1,1,False,4866424,36,31614,home,208,1,0,played,23,7,False,64,0,0,0,0,0,0,,,64,0,0
432852,Deroy Duarte,2026-05-16T13:00:00+00:00,2025,BU1,1,False,4866419,35,31614,away,61955,0,1,in squad,23,,False,0,0,0,0,0,0,0,,,,0,0
432852,Deroy Duarte,2026-05-13T17:15:00+00:00,2025,BU1,1,False,4866416,34,31614,home,156,1,1,played,23,7,False,90,1,0,0,0,0,0,,,,0,0
432852,Deroy Duarte,2026-05-09T15:45:00+00:00,2025,BU1,1,False,4866402,33,31614,away,156,1,0,played,23,7,False,90,0,0,0,0,0,0,,,,0,0
432852,Deroy Duarte,2026-05-03T16:00:00+00:00,2025,BU1,1,False,4866382,32,31614,away,208,0,1,played,23,7,False,70,0,0,0,0,0,0,,,70,0,0
432852,Deroy Duarte,2026-04-29T16:00:00+00:00,2025,BULP,8,False,4827500,4,31614,away,208,0,0,played,23,7,False,90,0,0,0,0,0,0,,,,0,0
377243,Jakub Piotrowski,2026-06-03T18:45:00+00:00,2025,FS,11,True,4855128,52,3442,home,3444,2,2,in squad,16,,False,0,0,0,0,0,0,0,,,,0,0
377243,Jakub Piotrowski,2026-05-31T15:30:00+00:00,2025,FS,11,True,4873292,2,3442,home,3699,0,2,played,16,6,False,87,0,0,0,0,0,0,,,87,0,0
377243,Jakub Piotrowski,2026-05-24T16:00:00+00:00,2025,IT1,1,False,4621094,38,410,away,6195,0,1,played,24,10,False,54,0,0,0,0,0,0,,,54,0,0
377243,Jakub Piotrowski,2026-05-17T18:45:00+00:00,2025,IT1,1,False,4621087,37,410,home,2239,0,1,in squad,24,,False,0,0,0,0,0,0,0,,,,0,0
377243,Jakub Piotrowski,2026-05-09T13:00:00+00:00,2025,IT1,1,False,4621068,36,410,away,1390,2,0,played,24,7,False,54,0,0,2,1,0,1,,,54,0,0
377243,Jakub Piotrowski,2026-05-02T13:00:00+00:00,2025,IT1,1,False,4621067,35,410,home,416,2,0,played,24,6,False,14,0,0,0,0,0,0,,76,,0,0
377243,Jakub Piotrowski,2026-04-27T18:45:00+00:00,2025,IT1,1,False,4621049,34,410,away,398,3,3,played,24,6,False,65,0,0,2,2,0,0,,,65,0,0
377243,Jakub Piotrowski,2026-04-18T13:00:00+00:00,2025,IT1,1,False,4621043,33,410,home,130,0,1,played,24,7,False,64,0,0,1,0,0,1,,,64,0,0
377243,Jakub Piotrowski,2026-04-11T16:00:00+00:00,2025,IT1,1,False,4621031,32,410,away,5,3,0,played,24,7,False,24,0,0,0,0,0,0,,66,,0,0
377243,Jakub Piotrowski,2026-04-06T10:30:00+00:00,2025,IT1,1,False,4621023,31,410,home,1047,0,0,played,24,7,False,65,0,0,5,0,1,4,,,65,0,0
252767,Ivaylo Chochev,2026-07-27T16:00:00+00:00,2026,BU1,1,False,4909870,2,31614,away,19780,2,0,not in squad,,,False,0,0,0,0,0,0,0,,,,0,0
252767,Ivaylo Chochev,2026-07-23T18:30:00+00:00,2026,ECLQ,10,False,4897987,3,31614,neutral,1017,0,2,played,18,0,False,27,0,0,0,0,0,0,83,63,,0,0
252767,Ivaylo Chochev,2026-07-18T18:15:00+00:00,2026,BU1,1,False,4909856,1,31614,home,2259,1,0,played,18,7,True,65,1,0,0,0,0,0,,,65,0,0
252767,Ivaylo Chochev,2026-05-29T16:00:00+00:00,2025,BUEL,12,False,4890402,1,31614,home,2259,3,1,played,18,7,False,86,0,0,0,0,0,0,,,86,0,0
252767,Ivaylo Chochev,2026-05-25T17:30:00+00:00,2025,BU1,1,False,4866424,36,31614,home,208,1,0,played,18,0,False,26,1,0,0,0,0,0,,64,,0,0
252767,Ivaylo Chochev,2026-05-16T13:00:00+00:00,2025,BU1,1,False,4866419,35,31614,away,61955,0,1,played,18,10,False,90,0,0,0,0,0,0,90,,,0,0
252767,Ivaylo Chochev,2026-05-13T17:15:00+00:00,2025,BU1,1,False,4866416,34,31614,home,156,1,1,played,18,11,False,90,0,0,0,0,0,0,,,,0,0
252767,Ivaylo Chochev,2026-05-09T15:45:00+00:00,2025,BU1,1,False,4866402,33,31614,away,156,1,0,played,18,14,False,90,0,0,0,0,0,0,47,,,0,0
252767,Ivaylo Chochev,2026-05-03T16:00:00+00:00,2025,BU1,1,False,4866382,32,31614,away,208,0,1,played,18,14,False,90,0,0,0,0,0,0,,,,0,0
252767,Ivaylo Chochev,2026-04-29T16:00:00+00:00,2025,BULP,8,False,4827500,4,31614,away,208,0,0,played,18,11,False,61,0,0,0,0,0,0,37,,61,0,0
396230,Filip Kaloc,2026-07-27T16:00:00+00:00,2026,BU1,1,False,4909870,2,31614,away,19780,2,0,not in squad,,,False,0,0,0,0,0,0,0,,,,0,0
396230,Filip Kaloc,2026-07-23T18:30:00+00:00,2026,ECLQ,10,False,4897987,3,31614,neutral,1017,0,2,played,26,6,False,63,0,0,0,0,0,0,37,,63,0,0
396230,Filip Kaloc,2026-07-18T18:15:00+00:00,2026,BU1,1,False,4909856,1,31614,home,2259,1,0,played,26,6,False,90,0,0,0,0,0,0,,,,0,0
396230,Filip Kaloc,2026-05-29T16:00:00+00:00,2025,BUEL,12,False,4890402,1,31614,home,2259,3,1,played,26,0,False,34,0,0,0,0,0,0,,86,,0,0
396230,Filip Kaloc,2026-05-25T17:30:00+00:00,2025,BU1,1,False,4866424,36,31614,home,208,1,0,played,26,6,False,64,0,0,0,0,0,0,,,64,0,0
396230,Filip Kaloc,2026-05-16T13:00:00+00:00,2025,BU1,1,False,4866419,35,31614,away,61955,0,1,played,26,6,False,56,0,0,0,0,0,0,55,,56,0,0
396230,Filip Kaloc,2026-05-13T17:15:00+00:00,2025,BU1,1,False,4866416,34,31614,home,156,1,1,played,26,6,False,77,0,0,0,0,0,0,,,77,0,0
396230,Filip Kaloc,2026-05-09T15:45:00+00:00,2025,BU1,1,False,4866402,33,31614,away,156,1,0,played,26,7,False,63,0,0,0,0,0,0,,,63,0,0
396230,Filip Kaloc,2026-05-03T16:00:00+00:00,2025,BU1,1,False,4866382,32,31614,away,208,0,1,played,26,6,False,90,0,0,0,0,0,0,,,,0,0
396230,Filip Kaloc,2026-04-29T16:00:00+00:00,2025,BULP,8,False,4827500,4,31614,away,208,0,0,played,26,0,False,21,0,0,0,0,0,0,,69,,0,0
541288,Ivan Yordanov,2026-07-27T16:00:00+00:00,2026,BU1,1,False,4909870,2,31614,away,19780,2,0,not in squad,,,False,0,0,0,0,0,0,0,,,,0,0
541288,Ivan Yordanov,2026-07-23T18:30:00+00:00,2026,ECLQ,10,False,4897987,3,31614,neutral,1017,0,2,not in squad,,,False,0,0,0,0,0,0,0,,,,0,0
541288,Ivan Yordanov,2026-07-18T18:15:00+00:00,2026,BU1,1,False,4909856,1,31614,home,2259,1,0,not in squad,,,False,0,0,0,0,0,0,0,,,,0,0
541288,Ivan Yordanov,2026-05-29T16:00:00+00:00,2025,BUEL,12,False,4890402,1,31614,home,2259,3,1,played,82,0,False,47,0,0,0,0,0,0,,73,,0,0
541288,Ivan Yordanov,2026-05-25T17:30:00+00:00,2025,BU1,1,False,4866424,36,31614,home,208,1,0,played,82,0,False,26,0,0,0,0,0,0,,64,,0,0
541288,Ivan Yordanov,2026-05-16T13:00:00+00:00,2025,BU1,1,False,4866419,35,31614,away,61955,0,1,played,82,0,False,14,0,0,0,0,0,0,,76,,0,0
541288,Ivan Yordanov,2026-05-13T17:15:00+00:00,2025,BU1,1,False,4866416,34,31614,home,156,1,1,played,82,0,False,13,0,0,0,0,0,0,,77,,0,0
541288,Ivan Yordanov,2026-05-09T15:45:00+00:00,2025,BU1,1,False,4866402,33,31614,away,156,1,0,in squad,82,,False,0,0,0,0,0,0,0,,,,0,0
541288,Ivan Yordanov,2026-05-03T16:00:00+00:00,2025,BU1,1,False,4866382,32,31614,away,208,0,1,not in squad,,,False,0,0,0,0,0,0,0,,,,0,0
541288,Ivan Yordanov,2026-04-29T16:00:00+00:00,2025,BULP,8,False,4827500,4,31614,away,208,0,0,in squad,82,,False,0,0,0,0,0,0,0,,,,0,0
646679,Pedro Naressi,2026-07-25T16:00:00+00:00,2026,C1,1,False,4897288,1,61,home,26,0,1,played,6,7,False,90,0,0,2,0,1,1,,,,0,0
646679,Pedro Naressi,2026-05-29T16:00:00+00:00,2025,BUEL,12,False,4890402,1,31614,home,2259,3,1,not in squad,,,False,0,0,0,0,0,0,0,,,,0,0
646679,Pedro Naressi,2026-05-25T17:30:00+00:00,2025,BU1,1,False,4866424,36,31614,home,208,1,0,not in squad,,,False,0,0,0,0,0,0,0,,,,0,0
646679,Pedro Naressi,2026-05-16T13:00:00+00:00,2025,BU1,1,False,4866419,35,31614,away,61955,0,1,played,30,0,False,34,0,0,0,0,0,0,90,56,,0,0
646679,Pedro Naressi,2026-05-13T17:15:00+00:00,2025,BU1,1,False,4866416,34,31614,home,156,1,1,played,30,0,False,1,0,0,0,0,0,0,,90,,0,0
646679,Pedro Naressi,2026-05-09T15:45:00+00:00,2025,BU1,1,False,4866402,33,31614,away,156,1,0,not in squad,,,False,0,0,0,0,0,0,0,,,,0,0
646679,Pedro Naressi,2026-05-03T16:00:00+00:00,2025,BU1,1,False,4866382,32,31614,away,208,0,1,not in squad,,,False,0,0,0,0,0,0,0,,,,0,0
646679,Pedro Naressi,2026-04-29T16:00:00+00:00,2025,BULP,8,False,4827500,4,31614,away,208,0,0,played,30,6,False,69,0,0,0,0,0,0,,,69,0,0
646679,Pedro Naressi,2026-04-25T10:15:00+00:00,2025,BU1,1,False,4866374,31,31614,home,61955,1,2,played,30,6,False,90,0,0,0,0,0,0,,,,0,0
646679,Pedro Naressi,2026-04-21T16:00:00+00:00,2025,BULP,8,False,4827498,4,31614,home,208,1,2,played,30,6,False,90,0,0,0,0,0,0,,,,0,0
475428,Metodiy Stefanov,2026-05-29T16:00:00+00:00,2025,BUEL,12,False,4890402,1,31614,home,2259,3,1,not in squad,,,False,0,0,0,0,0,0,0,,,,0,0
475428,Metodiy Stefanov,2026-05-25T17:30:00+00:00,2025,BU1,1,False,4866424,36,31614,home,208,1,0,not in squad,,,False,0,0,0,0,0,0,0,,,,0,0
475428,Metodiy Stefanov,2026-05-23T15:00:00+00:00,2025,BU2,2,False,4718039,34,40678,home,4503,3,1,played,80,0,False,45,0,0,0,0,0,0,,46,,0,0
475428,Metodiy Stefanov,2026-05-16T13:00:00+00:00,2025,BU1,1,False,4866419,35,31614,away,61955,0,1,not in squad,,,False,0,0,0,0,0,0,0,,,,0,0
475428,Metodiy Stefanov,2026-05-15T15:00:00+00:00,2025,BU2,2,False,4718030,33,40678,away,712,0,1,played,80,0,False,33,0,0,0,0,0,0,,57,,0,0
475428,Metodiy Stefanov,2026-05-13T17:15:00+00:00,2025,BU1,1,False,4866416,34,31614,home,156,1,1,not in squad,,,False,0,0,0,0,0,0,0,,,,0,0
475428,Metodiy Stefanov,2026-05-11T15:00:00+00:00,2025,BU2,2,False,4718021,32,40678,home,36821,3,1,played,80,0,False,7,0,0,0,0,0,0,,83,,0,0
475428,Metodiy Stefanov,2026-05-09T15:45:00+00:00,2025,BU1,1,False,4866402,33,31614,away,156,1,0,not in squad,,,False,0,0,0,0,0,0,0,,,,0,0
475428,Metodiy Stefanov,2026-05-04T15:30:00+00:00,2025,BU2,2,False,4718012,31,40678,away,26563,2,1,played,80,0,False,19,0,0,0,0,0,0,,71,,0,0
475428,Metodiy Stefanov,2026-05-03T16:00:00+00:00,2025,BU1,1,False,4866382,32,31614,away,208,0,1,not in squad,,,False,0,0,0,0,0,0,0,,,,0,0
475428,Metodiy Stefanov,2026-04-29T16:00:00+00:00,2025,BULP,8,False,4827500,4,31614,away,208,0,0,not in squad,,,False,0,0,0,0,0,0,0,,,,0,0
1268608,Elisey Syrov,2026-05-29T16:00:00+00:00,2025,BUEL,12,False,4890402,1,31614,home,2259,3,1,not in squad,,,False,0,0,0,0,0,0,0,,,,0,0
1268608,Elisey Syrov,2026-05-25T17:30:00+00:00,2025,BU1,1,False,4866424,36,31614,home,208,1,0,in squad,75,,False,0,0,0,0,0,0,0,,,,0,0
1268608,Elisey Syrov,2026-05-23T15:00:00+00:00,2025,BU2,2,False,4718039,34,40678,home,4503,3,1,played,75,0,False,45,0,0,0,0,0,0,,,46,0,0
1268608,Elisey Syrov,2026-05-16T13:00:00+00:00,2025,BU1,1,False,4866419,35,31614,away,61955,0,1,in squad,75,,False,0,0,0,0,0,0,0,,,,0,0
1268608,Elisey Syrov,2026-05-15T15:00:00+00:00,2025,BU2,2,False,4718030,33,40678,away,712,0,1,not in squad,,,False,0,0,0,0,0,0,0,,,,0,0
1268608,Elisey Syrov,2026-05-13T17:15:00+00:00,2025,BU1,1,False,4866416,34,31614,home,156,1,1,in squad,75,,False,0,0,0,0,0,0,0,,,,0,0
1268608,Elisey Syrov,2026-05-11T15:00:00+00:00,2025,BU2,2,False,4718021,32,40678,home,36821,3,1,played,75,0,False,58,1,0,0,0,0,0,,,58,0,0
1268608,Elisey Syrov,2026-05-09T15:45:00+00:00,2025,BU1,1,False,4866402,33,31614,away,156,1,0,in squad,75,,False,0,0,0,0,0,0,0,,,,0,0
1268608,Elisey Syrov,2026-05-04T15:30:00+00:00,2025,BU2,2,False,4718012,31,40678,away,26563,2,1,played,75,0,False,71,0,0,0,0,0,0,,,71,0,0
1268608,Elisey Syrov,2026-05-03T16:00:00+00:00,2025,BU1,1,False,4866382,32,31614,away,208,0,1,in squad,75,,False,0,0,0,0,0,0,0,,,,0,0
1268608,Elisey Syrov,2026-04-29T16:00:00+00:00,2025,BULP,8,False,4827500,4,31614,away,208,0,0,not in squad,,,False,0,0,0,0,0,0,0,,,,0,0
1110824,Rayan Ivanov,2026-05-29T16:00:00+00:00,2025,BUEL,12,False,4890402,1,31614,home,2259,3,1,not in squad,,,False,0,0,0,0,0,0,0,,,,0,0
1110824,Rayan Ivanov,2026-05-25T17:30:00+00:00,2025,BU1,1,False,4866424,36,31614,home,208,1,0,not in squad,,,False,0,0,0,0,0,0,0,,,,0,0
1110824,Rayan Ivanov,2026-05-23T15:00:00+00:00,2025,BU2,2,False,4718039,34,40678,home,4503,3,1,played,83,0,False,34,0,0,0,0,0,0,,56,,0,0
1110824,Rayan Ivanov,2026-05-16T13:00:00+00:00,2025,BU1,1,False,4866419,35,31614,away,61955,0,1,not in squad,,,False,0,0,0,0,0,0,0,,,,0,0
1110824,Rayan Ivanov,2026-05-15T15:00:00+00:00,2025,BU2,2,False,4718030,33,40678,away,712,0,1,played,83,0,False,57,0,0,0,0,0,0,,,57,0,0
1110824,Rayan Ivanov,2026-05-13T17:15:00+00:00,2025,BU1,1,False,4866416,34,31614,home,156,1,1,not in squad,,,False,0,0,0,0,0,0,0,,,,0,0
1110824,Rayan Ivanov,2026-05-11T15:00:00+00:00,2025,BU2,2,False,4718021,32,40678,home,36821,3,1,played,83,0,False,78,0,0,0,0,0,0,,,78,0,0
1110824,Rayan Ivanov,2026-05-09T15:45:00+00:00,2025,BU1,1,False,4866402,33,31614,away,156,1,0,not in squad,,,False,0,0,0,0,0,0,0,,,,0,0
1110824,Rayan Ivanov,2026-05-04T15:30:00+00:00,2025,BU2,2,False,4718012,31,40678,away,26563,2,1,played,83,0,False,86,0,0,0,0,0,0,86,,86,0,0
1110824,Rayan Ivanov,2026-05-03T16:00:00+00:00,2025,BU1,1,False,4866382,32,31614,away,208,0,1,not in squad,,,False,0,0,0,0,0,0,0,,,,0,0
1110824,Rayan Ivanov,2026-04-29T16:00:00+00:00,2025,BULP,8,False,4827500,4,31614,away,208,0,0,not in squad,,,False,0,0,0,0,0,0,0,,,,0,0
834481,Erick Marcus,2026-07-27T16:00:00+00:00,2026,BU1,1,False,4909870,2,31614,away,19780,2,0,injured,,,False,0,0,0,0,0,0,0,,,,101,0
834481,Erick Marcus,2026-07-23T18:30:00+00:00,2026,ECLQ,10,False,4897987,3,31614,neutral,1017,0,2,injured,,,False,0,0,0,0,0,0,0,,,,101,0
834481,Erick Marcus,2026-07-18T18:15:00+00:00,2026,BU1,1,False,4909856,1,31614,home,2259,1,0,injured,,,False,0,0,0,0,0,0,0,,,,101,0
834481,Erick Marcus,2026-05-29T16:00:00+00:00,2025,BUEL,12,False,4890402,1,31614,home,2259,3,1,played,77,12,False,120,0,0,0,0,0,0,,,,0,0
834481,Erick Marcus,2026-05-25T17:30:00+00:00,2025,BU1,1,False,4866424,36,31614,home,208,1,0,played,77,12,False,90,0,0,0,0,0,0,90,,,0,0
834481,Erick Marcus,2026-05-16T13:00:00+00:00,2025,BU1,1,False,4866419,35,31614,away,61955,0,1,played,77,12,False,90,0,0,0,0,0,0,69,,,0,0
834481,Erick Marcus,2026-05-13T17:15:00+00:00,2025,BU1,1,False,4866416,34,31614,home,156,1,1,played,77,12,False,90,0,0,0,0,0,0,,,90,0,0
834481,Erick Marcus,2026-05-09T15:45:00+00:00,2025,BU1,1,False,4866402,33,31614,away,156,1,0,played,77,12,False,90,0,1,0,0,0,0,,,90,0,0
834481,Erick Marcus,2026-05-03T16:00:00+00:00,2025,BU1,1,False,4866382,32,31614,away,208,0,1,played,77,12,False,80,0,0,0,0,0,0,61,,80,0,0
834481,Erick Marcus,2026-04-29T16:00:00+00:00,2025,BULP,8,False,4827500,4,31614,away,208,0,0,played,77,12,False,78,0,0,0,0,0,0,,,78,0,0
1376511,Georgi Penev,2026-07-23T18:30:00+00:00,2026,ECLQ,10,False,4897987,3,31614,neutral,1017,0,2,not in squad,,,False,0,0,0,0,0,0,0,,,,0,0
1376511,Georgi Penev,2026-07-18T18:15:00+00:00,2026,BU1,1,False,4909856,1,31614,home,2259,1,0,in squad,81,,False,0,0,0,0,0,0,0,,,,0,0
1376511,Georgi Penev,2026-05-29T16:00:00+00:00,2025,BUEL,12,False,4890402,1,31614,home,2259,3,1,not in squad,,,False,0,0,0,0,0,0,0,,,,0,0
1376511,Georgi Penev,2026-05-25T17:30:00+00:00,2025,BU1,1,False,4866424,36,31614,home,208,1,0,not in squad,,,False,0,0,0,0,0,0,0,,,,0,0
1376511,Georgi Penev,2026-05-23T15:00:00+00:00,2025,BU2,2,False,4718039,34,40678,home,4503,3,1,played,81,0,False,90,0,0,0,0,0,0,,,,0,0
1376511,Georgi Penev,2026-05-16T13:00:00+00:00,2025,BU1,1,False,4866419,35,31614,away,61955,0,1,not in squad,,,False,0,0,0,0,0,0,0,,,,0,0
1376511,Georgi Penev,2026-05-15T15:00:00+00:00,2025,BU2,2,False,4718030,33,40678,away,712,0,1,played,81,0,False,90,0,0,0,0,0,0,71,,,0,0
1376511,Georgi Penev,2026-05-13T17:15:00+00:00,2025,BU1,1,False,4866416,34,31614,home,156,1,1,in squad,81,,False,0,0,0,0,0,0,0,,,,0,0
1376511,Georgi Penev,2026-05-11T15:00:00+00:00,2025,BU2,2,False,4718021,32,40678,home,36821,3,1,played,81,0,False,90,0,0,0,0,0,0,,,,0,0
1376511,Georgi Penev,2026-05-09T15:45:00+00:00,2025,BU1,1,False,4866402,33,31614,away,156,1,0,in squad,81,,False,0,0,0,0,0,0,0,,,,0,0
1376511,Georgi Penev,2026-05-04T15:30:00+00:00,2025,BU2,2,False,4718012,31,40678,away,26563,2,1,played,81,0,False,90,0,0,0,0,0,0,85,,,0,0
1376511,Georgi Penev,2026-05-03T16:00:00+00:00,2025,BU1,1,False,4866382,32,31614,away,208,0,1,in squad,81,,False,0,0,0,0,0,0,0,,,,0,0
1376511,Georgi Penev,2026-04-29T16:00:00+00:00,2025,BULP,8,False,4827500,4,31614,away,208,0,0,not in squad,,,False,0,0,0,0,0,0,0,,,,0,0
815686,Caio Vidal,2026-07-27T16:00:00+00:00,2026,BU1,1,False,4909870,2,31614,away,19780,2,0,injured,,,False,0,0,0,0,0,0,0,,,,165,0
815686,Caio Vidal,2026-07-23T18:30:00+00:00,2026,ECLQ,10,False,4897987,3,31614,neutral,1017,0,2,injured,,,False,0,0,0,0,0,0,0,,,,165,0
815686,Caio Vidal,2026-07-18T18:15:00+00:00,2026,BU1,1,False,4909856,1,31614,home,2259,1,0,injured,,,False,0,0,0,0,0,0,0,,,,165,0
815686,Caio Vidal,2026-05-29T16:00:00+00:00,2025,BUEL,12,False,4890402,1,31614,home,2259,3,1,injured,,,False,0,0,0,0,0,0,0,,,,165,0
815686,Caio Vidal,2026-05-25T17:30:00+00:00,2025,BU1,1,False,4866424,36,31614,home,208,1,0,injured,,,False,0,0,0,0,0,0,0,,,,165,0
815686,Caio Vidal,2026-05-16T13:00:00+00:00,2025,BU1,1,False,4866419,35,31614,away,61955,0,1,injured,,,False,0,0,0,0,0,0,0,,,,165,0
815686,Caio Vidal,2026-05-13T17:15:00+00:00,2025,BU1,1,False,4866416,34,31614,home,156,1,1,injured,,,False,0,0,0,0,0,0,0,,,,165,0
815686,Caio Vidal,2026-05-09T15:45:00+00:00,2025,BU1,1,False,4866402,33,31614,away,156,1,0,injured,,,False,0,0,0,0,0,0,0,,,,165,0
815686,Caio Vidal,2026-05-03T16:00:00+00:00,2025,BU1,1,False,4866382,32,31614,away,208,0,1,injured,,,False,0,0,0,0,0,0,0,,,,165,0
815686,Caio Vidal,2026-04-29T16:00:00+00:00,2025,BULP,8,False,4827500,4,31614,away,208,0,0,injured,,,False,0,0,0,0,0,0,0,,,,165,0
973569,Rwan Cruz,2026-07-27T16:00:00+00:00,2026,BU1,1,False,4909870,2,31614,away,19780,2,0,not in squad,,,False,0,0,0,0,0,0,0,,,,0,0
973569,Rwan Cruz,2026-07-23T18:30:00+00:00,2026,ECLQ,10,False,4897987,3,31614,neutral,1017,0,2,played,12,14,False,63,0,0,0,0,0,0,,,63,0,0
973569,Rwan Cruz,2026-07-18T18:15:00+00:00,2026,BU1,1,False,4909856,1,31614,home,2259,1,0,played,12,0,False,25,0,0,0,0,0,0,,65,,0,0
973569,Rwan Cruz,2026-05-29T16:00:00+00:00,2025,BUEL,12,False,4890402,1,31614,home,2259,3,1,played,12,0,False,22,0,0,0,0,0,0,,98,,0,0
973569,Rwan Cruz,2026-05-25T17:30:00+00:00,2025,BU1,1,False,4866424,36,31614,home,208,1,0,injured,,,False,0,0,0,0,0,0,0,,,,101,0
973569,Rwan Cruz,2026-05-16T13:00:00+00:00,2025,BU1,1,False,4866419,35,31614,away,61955,0,1,injured,,,False,0,0,0,0,0,0,0,,,,101,0
973569,Rwan Cruz,2026-05-13T17:15:00+00:00,2025,BU1,1,False,4866416,34,31614,home,156,1,1,injured,,,False,0,0,0,0,0,0,0,,,,101,0
973569,Rwan Cruz,2026-05-09T15:45:00+00:00,2025,BU1,1,False,4866402,33,31614,away,156,1,0,injured,,,False,0,0,0,0,0,0,0,,,,101,0
973569,Rwan Cruz,2026-05-03T16:00:00+00:00,2025,BU1,1,False,4866382,32,31614,away,208,0,1,injured,,,False,0,0,0,0,0,0,0,,,,101,0
973569,Rwan Cruz,2026-04-29T16:00:00+00:00,2025,BULP,8,False,4827500,4,31614,away,208,0,0,played,12,0,False,29,0,0,0,0,0,0,,61,,0,0
715140,Emerson Rodríguez,2026-07-27T16:00:00+00:00,2026,BU1,1,False,4909870,2,31614,away,19780,2,0,not in squad,,,False,0,0,0,0,0,0,0,,,,0,0
715140,Emerson Rodríguez,2026-07-23T18:30:00+00:00,2026,ECLQ,10,False,4897987,3,31614,neutral,1017,0,2,in squad,25,,False,0,0,0,0,0,0,0,,,,0,0
715140,Emerson Rodríguez,2026-07-18T18:15:00+00:00,2026,BU1,1,False,4909856,1,31614,home,2259,1,0,in squad,25,,False,0,0,0,0,0,0,0,,,,0,0
715140,Emerson Rodríguez,2026-05-25T14:45:00+00:00,2025,BU1,1,False,4866426,36,2531,away,2259,1,2,not in squad,,,False,0,0,0,0,0,0,0,,,,0,0
715140,Emerson Rodríguez,2026-05-16T16:00:00+00:00,2025,BU1,1,False,4866422,35,2531,home,967,5,0,not in squad,,,False,0,0,0,0,0,0,0,,,,0,0
715140,Emerson Rodríguez,2026-05-12T17:15:00+00:00,2025,BU1,1,False,4866417,34,2531,home,40604,1,2,not in squad,,,False,0,0,0,0,0,0,0,,,,0,0
715140,Emerson Rodríguez,2026-05-09T13:15:00+00:00,2025,BU1,1,False,4866403,33,2531,away,967,0,2,absent,,,False,0,0,0,0,0,0,0,,,,0,3
715140,Emerson Rodríguez,2026-05-03T13:15:00+00:00,2025,BU1,1,False,4866385,32,2531,home,2259,0,2,played,10,12,False,15,0,0,0,0,0,0,,,,0,0
715140,Emerson Rodríguez,2026-04-26T16:00:00+00:00,2025,BU1,1,False,4866375,31,2531,away,40604,2,0,not in squad,,,False,0,0,0,0,0,0,0,,,,0,0
715140,Emerson Rodríguez,2026-04-14T17:30:00+00:00,2025,BU1,1,False,4718168,30,2531,away,4362,3,0,played,10,11,False,65,0,0,0,0,0,0,,,65,0,0
254955,Kwadwo Duah,2026-07-27T16:00:00+00:00,2026,BU1,1,False,4909870,2,31614,away,19780,2,0,not in squad,,,False,0,0,0,0,0,0,0,,,,0,0
254955,Kwadwo Duah,2026-07-23T18:30:00+00:00,2026,ECLQ,10,False,4897987,3,31614,neutral,1017,0,2,played,9,0,False,27,0,0,0,0,0,0,,63,,0,0
254955,Kwadwo Duah,2026-07-18T18:15:00+00:00,2026,BU1,1,False,4909856,1,31614,home,2259,1,0,played,9,14,False,65,0,0,0,0,0,0,,,65,0,0
254955,Kwadwo Duah,2026-05-29T16:00:00+00:00,2025,BUEL,12,False,4890402,1,31614,home,2259,3,1,played,9,0,False,57,0,0,0,0,0,0,,63,,0,0
254955,Kwadwo Duah,2026-05-25T17:30:00+00:00,2025,BU1,1,False,4866424,36,31614,home,208,1,0,played,9,14,False,77,0,0,0,0,0,0,,,77,0,0
254955,Kwadwo Duah,2026-05-16T13:00:00+00:00,2025,BU1,1,False,4866419,35,31614,away,61955,0,1,played,9,14,False,56,0,0,0,0,0,0,,,56,0,0
254955,Kwadwo Duah,2026-05-13T17:15:00+00:00,2025,BU1,1,False,4866416,34,31614,home,156,1,1,in squad,9,,False,0,0,0,0,0,0,0,,,,0,0
254955,Kwadwo Duah,2026-05-09T15:45:00+00:00,2025,BU1,1,False,4866402,33,31614,away,156,1,0,not in squad,,,False,0,0,0,0,0,0,0,,,,0,0
254955,Kwadwo Duah,2026-05-03T16:00:00+00:00,2025,BU1,1,False,4866382,32,31614,away,208,0,1,not in squad,,,False,0,0,0,0,0,0,0,,,,0,0
254955,Kwadwo Duah,2026-04-29T16:00:00+00:00,2025,BULP,8,False,4827500,4,31614,away,208,0,0,played,9,14,False,90,0,0,0,0,0,0,42,,,0,0
422380,Bernard Tekpetey,2026-07-27T16:00:00+00:00,2026,BU1,1,False,4909870,2,31614,away,19780,2,0,not in squad,,,False,0,0,0,0,0,0,0,,,,0,0
422380,Bernard Tekpetey,2026-07-23T18:30:00+00:00,2026,ECLQ,10,False,4897987,3,31614,neutral,1017,0,2,played,37,0,False,27,0,0,0,0,0,0,,63,,0,0
422380,Bernard Tekpetey,2026-07-18T18:15:00+00:00,2026,BU1,1,False,4909856,1,31614,home,2259,1,0,played,37,11,False,73,0,0,0,0,0,0,,,73,0,0
422380,Bernard Tekpetey,2026-05-29T16:00:00+00:00,2025,BUEL,12,False,4890402,1,31614,home,2259,3,1,played,37,11,False,73,0,0,0,0,0,0,,,73,0,0
422380,Bernard Tekpetey,2026-05-25T17:30:00+00:00,2025,BU1,1,False,4866424,36,31614,home,208,1,0,played,37,11,False,90,0,0,0,0,0,0,,,,0,0
422380,Bernard Tekpetey,2026-05-16T13:00:00+00:00,2025,BU1,1,False,4866419,35,31614,away,61955,0,1,played,37,11,False,76,0,0,0,0,0,0,,,76,0,0
422380,Bernard Tekpetey,2026-05-13T17:15:00+00:00,2025,BU1,1,False,4866416,34,31614,home,156,1,1,absent,,,False,0,0,0,0,0,0,0,,,,0,1
422380,Bernard Tekpetey,2026-05-09T15:45:00+00:00,2025,BU1,1,False,4866402,33,31614,away,156,1,0,played,37,11,False,57,0,0,0,0,0,0,28,,57,0,0
422380,Bernard Tekpetey,2026-05-03T16:00:00+00:00,2025,BU1,1,False,4866382,32,31614,away,208,0,1,played,37,11,False,90,0,0,0,0,0,0,23,,,0,0
422380,Bernard Tekpetey,2026-04-29T16:00:00+00:00,2025,BULP,8,False,4827500,4,31614,away,208,0,0,played,37,0,False,12,0,0,0,0,0,0,,78,,0,0
412537,Stanislav Ivanov,2026-07-27T16:00:00+00:00,2026,BU1,1,False,4909870,2,31614,away,19780,2,0,not in squad,,,False,0,0,0,0,0,0,0,,,,0,0
412537,Stanislav Ivanov,2026-07-23T18:30:00+00:00,2026,ECLQ,10,False,4897987,3,31614,neutral,1017,0,2,in squad,99,,False,0,0,0,0,0,0,0,,,,0,0
412537,Stanislav Ivanov,2026-07-18T18:15:00+00:00,2026,BU1,1,False,4909856,1,31614,home,2259,1,0,played,99,0,False,17,0,0,0,0,0,0,,73,,0,0
412537,Stanislav Ivanov,2026-05-29T16:00:00+00:00,2025,BUEL,12,False,4890402,1,31614,home,2259,3,1,injured,,,False,0,0,0,0,0,0,0,,,,13,0
412537,Stanislav Ivanov,2026-05-25T17:30:00+00:00,2025,BU1,1,False,4866424,36,31614,home,208,1,0,injured,,,False,0,0,0,0,0,0,0,,,,13,0
412537,Stanislav Ivanov,2026-05-16T13:00:00+00:00,2025,BU1,1,False,4866419,35,31614,away,61955,0,1,injured,,,False,0,0,0,0,0,0,0,,,,13,0
412537,Stanislav Ivanov,2026-05-13T17:15:00+00:00,2025,BU1,1,False,4866416,34,31614,home,156,1,1,injured,,,False,0,0,0,0,0,0,0,,,,13,0
412537,Stanislav Ivanov,2026-05-09T15:45:00+00:00,2025,BU1,1,False,4866402,33,31614,away,156,1,0,injured,,,False,0,0,0,0,0,0,0,,,,13,0
412537,Stanislav Ivanov,2026-05-03T16:00:00+00:00,2025,BU1,1,False,4866382,32,31614,away,208,0,1,injured,,,False,0,0,0,0,0,0,0,,,,13,0
412537,Stanislav Ivanov,2026-04-29T16:00:00+00:00,2025,BULP,8,False,4827500,4,31614,away,208,0,0,injured,,,False,0,0,0,0,0,0,0,,,,13,0
355641,Mounir Chouiar,2026-07-05T17:00:00+00:00,2025,MAR1,1,False,4922912,30,37176,away,14462,3,1,played,23,0,False,90,0,0,0,0,0,0,,,,0,0
355641,Mounir Chouiar,2026-07-02T17:00:00+00:00,2025,MAR1,1,False,4919628,29,37176,home,6603,2,0,played,23,10,False,90,0,1,0,0,0,0,,,90,0,0
355641,Mounir Chouiar,2026-06-28T17:00:00+00:00,2025,MAR1,1,False,4905259,28,37176,away,6371,1,2,played,23,0,False,90,1,0,0,0,0,0,,,,0,0
355641,Mounir Chouiar,2026-06-25T17:00:00+00:00,2025,MAR1,1,False,4905243,27,37176,home,9099,2,2,played,23,0,False,90,0,0,0,0,0,0,,,,0,0
355641,Mounir Chouiar,2026-06-21T14:00:00+00:00,2025,MAR1,1,False,4901052,26,37176,away,3282,2,1,played,23,10,False,90,0,1,0,0,0,0,,,90,0,0
355641,Mounir Chouiar,2026-06-18T14:00:00+00:00,2025,MAR1,1,False,4896972,25,37176,home,22944,0,0,played,23,12,False,90,0,0,0,0,0,0,,,,0,0
355641,Mounir Chouiar,2026-06-14T15:00:00+00:00,2025,MAR1,1,False,4894536,24,37176,away,22935,0,1,played,23,0,False,90,0,0,0,0,0,0,,,,0,0
355641,Mounir Chouiar,2026-06-08T18:00:00+00:00,2025,MAR1,1,False,4894500,23,37176,home,12721,1,0,played,23,0,False,90,0,0,0,0,0,0,,,90,0,0
355641,Mounir Chouiar,2026-06-03T20:00:00+00:00,2025,MAR1,1,False,4888854,22,37176,away,2068,1,0,played,23,10,False,90,0,0,0,0,0,0,,,,0,0
355641,Mounir Chouiar,2026-05-24T17:00:00+00:00,2025,MAR1,1,False,4888847,21,37176,home,74953,1,0,not in squad,,,False,0,0,0,0,0,0,0,,,,0,0
355641,Mounir Chouiar,2026-05-16T18:00:00+00:00,2025,MARP,8,False,4877699,2,37176,home,28210,3,1,played,23,0,False,90,0,0,0,0,0,0,,,,0,0
355641,Mounir Chouiar,2026-05-10T18:00:00+00:00,2025,MAR1,1,False,4873491,20,37176,away,30625,1,0,played,23,10,False,90,0,1,0,0,0,0,56,,90,0,0
355641,Mounir Chouiar,2026-05-07T18:00:00+00:00,2025,MAR1,1,False,4873485,19,37176,home,79389,4,3,played,23,10,False,90,0,2,0,0,0,0,,,,0,0
355641,Mounir Chouiar,2026-05-04T18:00:00+00:00,2025,MAR1,1,False,4873479,18,37176,away,103954,1,1,played,23,10,False,90,0,1,0,0,0,0,39,,,0,0
355641,Mounir Chouiar,2026-04-30T19:00:00+00:00,2025,MAR1,1,False,4867585,17,37176,home,4697,0,1,played,23,10,False,90,0,0,0,0,0,0,,,,0,0
1068236,Filip Gigov,2026-05-29T16:00:00+00:00,2025,BUEL,12,False,4890402,1,31614,home,2259,3,1,not in squad,,,False,0,0,0,0,0,0,0,,,,0,0
1068236,Filip Gigov,2026-05-25T17:30:00+00:00,2025,BU1,1,False,4866424,36,31614,home,208,1,0,not in squad,,,False,0,0,0,0,0,0,0,,,,0,0
1068236,Filip Gigov,2026-05-23T15:00:00+00:00,2025,BU2,2,False,4718039,34,40678,home,4503,3,1,not in squad,,,False,0,0,0,0,0,0,0,,,,0,0
1068236,Filip Gigov,2026-05-16T13:00:00+00:00,2025,BU1,1,False,4866419,35,31614,away,61955,0,1,not in squad,,,False,0,0,0,0,0,0,0,,,,0,0
1068236,Filip Gigov,2026-05-15T15:00:00+00:00,2025,BU2,2,False,4718030,33,40678,away,712,0,1,in squad,73,,False,0,0,0,0,0,0,0,,,,0,0
1068236,Filip Gigov,2026-05-13T17:15:00+00:00,2025,BU1,1,False,4866416,34,31614,home,156,1,1,not in squad,,,False,0,0,0,0,0,0,0,,,,0,0
1068236,Filip Gigov,2026-05-11T15:00:00+00:00,2025,BU2,2,False,4718021,32,40678,home,36821,3,1,not in squad,,,False,0,0,0,0,0,0,0,,,,0,0
1068236,Filip Gigov,2026-05-09T15:45:00+00:00,2025,BU1,1,False,4866402,33,31614,away,156,1,0,not in squad,,,False,0,0,0,0,0,0,0,,,,0,0
1068236,Filip Gigov,2026-05-04T15:30:00+00:00,2025,BU2,2,False,4718012,31,40678,away,26563,2,1,not in squad,,,False,0,0,0,0,0,0,0,,,,0,0
1068236,Filip Gigov,2026-05-03T16:00:00+00:00,2025,BU1,1,False,4866382,32,31614,away,208,0,1,not in squad,,,False,0,0,0,0,0,0,0,,,,0,0
1068236,Filip Gigov,2026-04-29T16:00:00+00:00,2025,BULP,8,False,4827500,4,31614,away,208,0,0,not in squad,,,False,0,0,0,0,0,0,0,,,,0,0
1099718,Matheus Machado,2026-05-29T16:00:00+00:00,2025,BUEL,12,False,4890402,1,31614,home,2259,3,1,not in squad,,,False,0,0,0,0,0,0,0,,,,0,0
1099718,Matheus Machado,2026-05-25T17:30:00+00:00,2025,BU1,1,False,4866424,36,31614,home,208,1,0,not in squad,,,False,0,0,0,0,0,0,0,,,,0,0
1099718,Matheus Machado,2026-05-16T13:00:00+00:00,2025,BU1,1,False,4866419,35,31614,away,61955,0,1,not in squad,,,False,0,0,0,0,0,0,0,,,,0,0
1099718,Matheus Machado,2026-05-13T17:15:00+00:00,2025,BU1,1,False,4866416,34,31614,home,156,1,1,not in squad,,,False,0,0,0,0,0,0,0,,,,0,0
1099718,Matheus Machado,2026-05-09T15:45:00+00:00,2025,BU1,1,False,4866402,33,31614,away,156,1,0,not in squad,,,False,0,0,0,0,0,0,0,,,,0,0
1099718,Matheus Machado,2026-05-03T16:00:00+00:00,2025,BU1,1,False,4866382,32,31614,away,208,0,1,not in squad,,,False,0,0,0,0,0,0,0,,,,0,0
1099718,Matheus Machado,2026-04-29T16:00:00+00:00,2025,BULP,8,False,4827500,4,31614,away,208,0,0,not in squad,,,False,0,0,0,0,0,0,0,,,,0,0
1099718,Matheus Machado,2026-04-25T10:15:00+00:00,2025,BU1,1,False,4866374,31,31614,home,61955,1,2,not in squad,,,False,0,0,0,0,0,0,0,,,,0,0
1099718,Matheus Machado,2026-04-21T16:00:00+00:00,2025,BULP,8,False,4827498,4,31614,home,208,1,2,not in squad,,,False,0,0,0,0,0,0,0,,,,0,0
1099718,Matheus Machado,2026-04-15T17:30:00+00:00,2025,BU1,1,False,4718174,30,31614,away,40604,0,1,not in squad,,,False,0,0,0,0,0,0,0,,,,0,0
1096637,Yves Erick Bile,2026-07-27T16:00:00+00:00,2026,BU1,1,False,4909870,2,31614,away,19780,2,0,not in squad,,,False,0,0,0,0,0,0,0,,,,0,0
1096637,Yves Erick Bile,2026-07-23T18:30:00+00:00,2026,ECLQ,10,False,4897987,3,31614,neutral,1017,0,2,played,29,11,False,83,0,0,0,0,0,0,,,83,0,0
1096637,Yves Erick Bile,2026-07-18T18:15:00+00:00,2026,BU1,1,False,4909856,1,31614,home,2259,1,0,in squad,29,,False,0,0,0,0,0,0,0,,,,0,0
1096637,Yves Erick Bile,2026-05-29T16:00:00+00:00,2025,BUEL,12,False,4890402,1,31614,home,2259,3,1,played,29,14,False,63,0,0,0,0,0,0,,,63,0,0
1096637,Yves Erick Bile,2026-05-25T17:30:00+00:00,2025,BU1,1,False,4866424,36,31614,home,208,1,0,played,29,0,False,13,0,1,0,0,0,0,,77,,0,0
1096637,Yves Erick Bile,2026-05-16T13:00:00+00:00,2025,BU1,1,False,4866419,35,31614,away,61955,0,1,played,29,0,False,34,0,0,0,0,0,0,,56,,0,0
1096637,Yves Erick Bile,2026-05-13T17:15:00+00:00,2025,BU1,1,False,4866416,34,31614,home,156,1,1,played,29,14,False,66,0,0,0,0,0,0,,,66,0,0
1096637,Yves Erick Bile,2026-05-09T15:45:00+00:00,2025,BU1,1,False,4866402,33,31614,away,156,1,0,played,29,0,False,33,0,0,0,0,0,0,,57,,0,0
1096637,Yves Erick Bile,2026-05-04T15:30:00+00:00,2025,BU2,2,False,4718012,31,40678,away,26563,2,1,played,29,0,False,61,2,0,0,0,0,0,,,61,0,0
1096637,Yves Erick Bile,2026-05-03T16:00:00+00:00,2025,BU1,1,False,4866382,32,31614,away,208,0,1,in squad,29,,False,0,0,0,0,0,0,0,,,,0,0
1096637,Yves Erick Bile,2026-04-29T16:00:00+00:00,2025,BULP,8,False,4827500,4,31614,away,208,0,0,not in squad,,,False,0,0,0,0,0,0,0,,,,0,0
136574,Gustavo Busatto,2026-07-26T21:30:00+00:00,2025,BRA3,3,False,4935476,15,9141,home,17964,1,2,played,0,0,False,90,0,0,0,0,0,0,,,,0,0
136574,Gustavo Busatto,2026-07-11T14:00:00+00:00,2025,BRA3,3,False,4924465,14,9141,home,65477,0,0,played,0,0,False,90,0,0,0,0,0,0,,,,0,0
136574,Gustavo Busatto,2026-07-04T23:30:00+00:00,2025,BRA3,3,False,4904234,13,9141,away,15882,1,0,played,0,0,False,90,0,0,0,0,0,0,,,,0,0
136574,Gustavo Busatto,2026-06-30T22:30:00+00:00,2025,BRA3,3,False,4902237,12,9141,home,17568,1,1,played,0,0,False,90,0,0,0,0,0,0,,,,0,0
136574,Gustavo Busatto,2026-06-21T14:00:00+00:00,2025,BRA3,3,False,4897282,11,9141,home,33003,1,1,played,0,0,False,90,0,0,0,0,0,0,,,,0,0
136574,Gustavo Busatto,2026-06-13T14:00:00+00:00,2025,BRA3,3,False,4892474,10,9141,away,1755,1,2,played,0,0,False,90,0,0,0,0,0,0,70,,,0,0
136574,Gustavo Busatto,2026-05-30T22:30:00+00:00,2025,BRA3,3,False,4890433,9,9141,home,4773,2,1,played,0,0,False,90,0,0,0,0,0,0,,,,0,0
136574,Gustavo Busatto,2026-05-23T22:30:00+00:00,2025,BRA3,3,False,4887835,8,9141,away,34293,0,0,played,0,0,False,90,0,0,0,0,0,0,,,,0,0
136574,Gustavo Busatto,2026-05-17T19:00:00+00:00,2025,BRA3,3,False,4883175,7,9141,home,6347,2,0,played,0,0,False,90,0,0,0,0,0,0,,,,0,0
136574,Gustavo Busatto,2026-05-10T20:00:00+00:00,2025,BRA3,3,False,4873814,6,9141,away,52519,0,0,played,0,0,False,90,0,0,0,0,0,0,,,,0,0
136574,Gustavo Busatto,2026-05-07T00:30:00+00:00,2025,CSUS,21,False,4872051,6,9141,away,16439,1,1,played,0,0,False,90,0,0,0,0,0,0,,,,0,0
136574,Gustavo Busatto,2026-05-03T20:00:00+00:00,2025,BRA3,3,False,4872532,5,9141,away,87727,1,1,played,0,0,False,90,0,0,0,0,0,0,65,,,0,0
136574,Gustavo Busatto,2026-05-01T00:15:00+00:00,2025,CSUS,21,False,4872048,5,9141,home,4176,2,0,played,0,0,False,90,0,0,0,0,0,0,,,,0,0
1052275,Konstantin Dimitrov,2026-05-29T16:00:00+00:00,2025,BUEL,12,False,4890402,1,31614,home,2259,3,1,not in squad,,,False,0,0,0,0,0,0,0,,,,0,0
1052275,Konstantin Dimitrov,2026-05-25T17:30:00+00:00,2025,BU1,1,False,4866424,36,31614,home,208,1,0,not in squad,,,False,0,0,0,0,0,0,0,,,,0,0
1052275,Konstantin Dimitrov,2026-05-23T15:00:00+00:00,2025,BU2,2,False,4718039,34,40678,home,4503,3,1,played,76,0,False,90,0,0,0,0,0,0,,,,0,0
1052275,Konstantin Dimitrov,2026-05-16T13:00:00+00:00,2025,BU1,1,False,4866419,35,31614,away,61955,0,1,not in squad,,,False,0,0,0,0,0,0,0,,,,0,0
1052275,Konstantin Dimitrov,2026-05-15T15:00:00+00:00,2025,BU2,2,False,4718030,33,40678,away,712,0,1,played,76,0,False,90,0,0,0,0,0,0,,,,0,0
1052275,Konstantin Dimitrov,2026-05-13T17:15:00+00:00,2025,BU1,1,False,4866416,34,31614,home,156,1,1,not in squad,,,False,0,0,0,0,0,0,0,,,,0,0
1052275,Konstantin Dimitrov,2026-05-11T15:00:00+00:00,2025,BU2,2,False,4718021,32,40678,home,36821,3,1,played,76,0,False,32,0,0,0,0,0,0,,58,,0,0
1052275,Konstantin Dimitrov,2026-05-09T15:45:00+00:00,2025,BU1,1,False,4866402,33,31614,away,156,1,0,in squad,76,,False,0,0,0,0,0,0,0,,,,0,0
1052275,Konstantin Dimitrov,2026-05-04T15:30:00+00:00,2025,BU2,2,False,4718012,31,40678,away,26563,2,1,played,76,0,False,61,0,2,0,0,0,0,,,61,0,0
1052275,Konstantin Dimitrov,2026-05-03T16:00:00+00:00,2025,BU1,1,False,4866382,32,31614,away,208,0,1,in squad,76,,False,0,0,0,0,0,0,0,,,,0,0
1052275,Konstantin Dimitrov,2026-04-29T16:00:00+00:00,2025,BULP,8,False,4827500,4,31614,away,208,0,0,not in squad,,,False,0,0,0,0,0,0,0,,,,0,0
550466,Ivan Turitsov,2026-07-25T15:00:00+00:00,2025,GEP1,8,False,4972220,4,11344,away,98664,4,1,played,29,0,False,27,0,0,0,0,0,0,,63,,0,0
550466,Ivan Turitsov,2026-06-23T17:00:00+00:00,2025,GE1N,1,False,4818423,19,11344,away,663,1,2,played,29,5,False,34,0,0,0,0,0,0,,56,,0,0
550466,Ivan Turitsov,2026-06-05T17:00:00+00:00,2025,FS,11,True,4864913,52,3394,away,6090,2,2,played,19,5,True,56,0,0,0,0,0,0,,,56,0,0
550466,Ivan Turitsov,2026-06-01T16:00:00+00:00,2025,FS,11,True,4864912,52,3394,home,11953,0,1,played,19,0,False,17,0,0,0,0,0,0,,73,,0,0
550466,Ivan Turitsov,2026-05-25T17:30:00+00:00,2025,BU1,1,False,4866424,36,208,away,31614,0,1,in squad,19,,False,0,0,0,0,0,0,0,,,,0,0
550466,Ivan Turitsov,2026-05-20T16:00:00+00:00,2025,BULP,8,False,4882692,5,208,neutral,2259,5,4,in squad,19,,False,0,0,0,0,0,0,0,,,,0,0
550466,Ivan Turitsov,2026-05-16T13:00:00+00:00,2025,BU1,1,False,4866420,35,208,away,156,0,2,in squad,19,,False,0,0,0,0,0,0,0,,,,0,0
550466,Ivan Turitsov,2026-05-13T14:45:00+00:00,2025,BU1,1,False,4866415,34,208,home,61955,1,1,played,19,0,False,7,0,0,0,0,0,0,,83,,0,0
550466,Ivan Turitsov,2026-05-08T17:00:00+00:00,2025,BU1,1,False,4866401,33,208,away,61955,1,0,in squad,19,,False,0,0,0,0,0,0,0,,,,0,0
550466,Ivan Turitsov,2026-05-03T16:00:00+00:00,2025,BU1,1,False,4866382,32,208,home,31614,1,0,played,19,0,False,1,0,0,0,0,0,0,,90,,0,0
550466,Ivan Turitsov,2026-04-29T16:00:00+00:00,2025,BULP,8,False,4827500,4,208,home,31614,0,0,in squad,19,,False,0,0,0,0,0,0,0,,,,0,0
177866,Mica Pinto,2026-06-06T18:00:00+00:00,2025,FS,11,True,4868923,41,3580,away,3561,1,0,played,17,4,False,45,0,0,0,0,0,0,,,46,0,0
177866,Mica Pinto,2026-06-03T18:45:00+00:00,2025,FS,11,True,4862439,1,3580,home,3376,0,1,played,17,4,False,67,0,0,0,0,0,0,,,67,0,0
177866,Mica Pinto,2026-04-24T18:00:00+00:00,2025,NL2,2,False,4642823,38,1455,home,403,1,2,played,5,9,False,65,0,0,0,0,0,0,,,65,0,0
177866,Mica Pinto,2026-04-17T18:00:00+00:00,2025,NL2,2,False,4642815,37,1455,away,723,1,4,played,5,9,False,90,0,0,0,0,0,0,,,,0,0
177866,Mica Pinto,2026-04-12T10:15:00+00:00,2025,NL2,2,False,4642807,36,1455,home,1268,1,0,played,5,9,False,90,0,0,0,0,0,0,,,,0,0
177866,Mica Pinto,2026-04-06T14:45:00+00:00,2025,NL2,2,False,4642798,35,1455,away,133,1,1,played,5,9,False,27,0,0,0,0,0,0,,63,,0,0
177866,Mica Pinto,2026-04-03T18:00:00+00:00,2025,NL2,2,False,4642785,34,1455,home,192,0,3,played,5,9,False,67,0,0,0,0,0,0,,,67,0,0
177866,Mica Pinto,2026-03-31T16:00:00+00:00,2025,UNPO,19,True,4498086,2,3580,home,3587,3,0,in squad,17,,False,0,0,0,0,0,0,0,,,,0,0
177866,Mica Pinto,2026-03-26T17:00:00+00:00,2025,UNPO,19,True,4498084,1,3580,away,3587,2,0,in squad,17,,False,0,0,0,0,0,0,0,,,,0,0
177866,Mica Pinto,2026-03-20T19:00:00+00:00,2025,NL2,2,False,4642774,33,1455,away,17596,1,3,played,5,9,False,45,0,0,0,0,0,0,,46,,0,0
585356,Brayan Córdoba,2026-07-26T19:00:00+00:00,2025,COL1,1,False,4962875,1,2352,away,17425,2,0,in squad,44,,False,0,0,0,0,0,0,0,,,,0,0
585356,Brayan Córdoba,2026-07-22T00:30:00+00:00,2025,COPO,8,False,4949132,6,2352,home,13046,2,1,in squad,,,False,0,0,0,0,0,0,0,,,,0,0
585356,Brayan Córdoba,2026-06-02T21:00:00+00:00,2025,COPO,8,False,4890635,4,13379,away,10093,1,2,not in squad,,,False,0,0,0,0,0,0,0,,,,0,0
585356,Brayan Córdoba,2026-05-29T21:00:00+00:00,2025,COPO,8,False,4890642,5,13379,home,32041,0,0,not in squad,,,False,0,0,0,0,0,0,0,,,,0,0
585356,Brayan Córdoba,2026-05-16T20:30:00+00:00,2025,COPO,8,False,4886174,3,13379,home,10136,0,0,played,0,0,False,90,0,0,0,0,0,0,27,,,0,0
585356,Brayan Córdoba,2026-05-09T22:00:00+00:00,2025,COPO,8,False,4881982,1,13379,away,52845,1,1,played,0,0,False,90,0,0,0,0,0,0,90,,,0,0
585356,Brayan Córdoba,2026-05-02T21:00:00+00:00,2025,COLP,1,False,4817664,19,13379,away,39252,0,2,played,44,3,False,90,0,0,0,0,0,0,,,,0,0
585356,Brayan Córdoba,2026-04-24T21:00:00+00:00,2025,COLP,1,False,4817655,18,13379,home,11854,1,1,played,44,3,False,90,0,0,0,0,0,0,,,,0,0
585356,Brayan Córdoba,2026-04-19T19:00:00+00:00,2025,COLP,1,False,4817648,17,13379,away,11648,0,5,played,44,3,False,90,0,0,0,0,0,0,,,,0,0
585356,Brayan Córdoba,2026-04-05T21:00:00+00:00,2025,COLP,1,False,4817634,16,13379,home,2352,2,0,played,44,3,False,90,0,0,0,0,0,0,,,,0,0
1111839,Sainey Sanyang,2026-07-25T16:00:00+00:00,2026,BU1,1,False,4909867,2,26462,away,61955,1,2,played,3,4,False,90,0,0,0,0,0,0,,,,0,0
1111839,Sainey Sanyang,2026-07-19T16:30:00+00:00,2026,BU1,1,False,4909853,1,26462,home,967,1,1,played,3,4,False,90,0,0,0,0,0,0,,,,0,0
1111839,Sainey Sanyang,2026-05-29T15:30:00+00:00,2025,FS,11,True,4882356,17,6186,away,3582,1,3,played,3,3,False,90,0,0,0,0,0,0,,,,0,0
1111839,Sainey Sanyang,2026-05-22T15:00:00+00:00,2025,BU1,1,False,4866451,37,26462,home,6764,3,0,played,3,9,False,90,0,0,0,0,0,0,,,,0,0
1111839,Sainey Sanyang,2026-05-18T16:30:00+00:00,2025,BU1,1,False,4866448,36,26462,away,4362,2,1,played,3,10,False,85,0,1,0,0,0,0,,,85,0,0
1111839,Sainey Sanyang,2026-05-14T14:45:00+00:00,2025,BU1,1,False,4866443,35,26462,home,24078,1,0,played,3,4,False,90,0,0,0,0,0,0,,,,0,0
1111839,Sainey Sanyang,2026-05-10T13:45:00+00:00,2025,BU1,1,False,4866439,34,26462,home,40416,1,1,played,3,4,False,90,0,0,0,0,0,0,37,,,0,0
1111839,Sainey Sanyang,2026-05-05T17:00:00+00:00,2025,BU1,1,False,4866437,33,26462,away,730,2,2,played,3,4,False,90,0,0,0,0,0,0,,,,0,0
1111839,Sainey Sanyang,2026-05-02T13:30:00+00:00,2025,BU1,1,False,4866432,32,26462,home,9599,2,1,played,3,4,False,90,0,0,0,0,0,0,,,,0,0
1111839,Sainey Sanyang,2026-04-26T11:00:00+00:00,2025,BU1,1,False,4866430,31,26462,away,675,1,1,played,3,0,False,45,0,0,0,0,0,0,90,46,,0,0
542469,Lumbardh Dellova,2026-07-09T18:00:00+00:00,2026,ELQ,10,False,4897216,1,208,home,920,3,2,not in squad,,,False,0,0,0,0,0,0,0,,,,0,0
542469,Lumbardh Dellova,2026-05-25T17:30:00+00:00,2025,BU1,1,False,4866424,36,208,away,31614,0,1,played,5,3,False,45,0,0,0,0,0,0,,,46,0,0
542469,Lumbardh Dellova,2026-05-20T16:00:00+00:00,2025,BULP,8,False,4882692,5,208,neutral,2259,5,4,in squad,5,,False,0,0,0,0,0,0,0,,,,0,0
542469,Lumbardh Dellova,2026-05-16T13:00:00+00:00,2025,BU1,1,False,4866420,35,208,away,156,0,2,played,5,3,False,90,0,0,0,0,0,0,,,,0,0
542469,Lumbardh Dellova,2026-05-13T14:45:00+00:00,2025,BU1,1,False,4866415,34,208,home,61955,1,1,played,5,4,False,83,0,0,0,0,0,0,80,,83,0,0
542469,Lumbardh Dellova,2026-05-08T17:00:00+00:00,2025,BU1,1,False,4866401,33,208,away,61955,1,0,played,5,4,False,90,0,0,0,0,0,0,,,,0,0
542469,Lumbardh Dellova,2026-05-03T16:00:00+00:00,2025,BU1,1,False,4866382,32,208,home,31614,1,0,played,5,0,False,25,0,0,0,0,0,0,,65,,0,0
542469,Lumbardh Dellova,2026-04-29T16:00:00+00:00,2025,BULP,8,False,4827500,4,208,home,31614,0,0,played,5,0,False,6,0,0,0,0,0,0,,84,,0,0
542469,Lumbardh Dellova,2026-04-25T13:00:00+00:00,2025,BU1,1,False,4866373,31,208,neutral,156,1,3,played,5,3,False,90,0,0,0,0,0,0,,,,0,0
542469,Lumbardh Dellova,2026-04-21T16:00:00+00:00,2025,BULP,8,False,4827498,4,208,away,31614,2,1,injured,,,False,0,0,0,0,0,0,0,,,,101,0
863207,Martin Stoychev,2026-05-22T15:00:00+00:00,2025,BU1,1,False,4866451,37,26462,home,6764,3,0,not in squad,,,False,0,0,0,0,0,0,0,,,,0,0
863207,Martin Stoychev,2026-05-18T16:30:00+00:00,2025,BU1,1,False,4866448,36,26462,away,4362,2,1,not in squad,,,False,0,0,0,0,0,0,0,,,,0,0
863207,Martin Stoychev,2026-05-14T14:45:00+00:00,2025,BU1,1,False,4866443,35,26462,home,24078,1,0,not in squad,,,False,0,0,0,0,0,0,0,,,,0,0
863207,Martin Stoychev,2026-05-10T13:45:00+00:00,2025,BU1,1,False,4866439,34,26462,home,40416,1,1,in squad,22,,False,0,0,0,0,0,0,0,,,,0,0
863207,Martin Stoychev,2026-05-05T17:00:00+00:00,2025,BU1,1,False,4866437,33,26462,away,730,2,2,not in squad,,,False,0,0,0,0,0,0,0,,,,0,0
863207,Martin Stoychev,2026-05-02T13:30:00+00:00,2025,BU1,1,False,4866432,32,26462,home,9599,2,1,not in squad,,,False,0,0,0,0,0,0,0,,,,0,0
863207,Martin Stoychev,2026-04-26T11:00:00+00:00,2025,BU1,1,False,4866430,31,26462,away,675,1,1,not in squad,,,False,0,0,0,0,0,0,0,,,,0,0
863207,Martin Stoychev,2026-04-14T15:00:00+00:00,2025,BU1,1,False,4718173,30,26462,home,730,3,2,played,22,5,False,45,0,0,0,0,0,0,,,46,0,0
863207,Martin Stoychev,2026-04-10T12:30:00+00:00,2025,BU1,1,False,4718202,29,26462,away,61955,0,1,in squad,22,,False,0,0,0,0,0,0,0,,,,0,0
863207,Martin Stoychev,2026-04-06T14:00:00+00:00,2025,BU1,1,False,4718144,28,26462,away,40416,0,0,played,22,5,False,90,0,0,0,0,0,0,,,,0,0
460800,Ilian Iliev,2026-05-25T17:30:00+00:00,2025,BU1,1,False,4866424,36,208,away,31614,0,1,in squad,73,,False,0,0,0,0,0,0,0,,,,0,0
460800,Ilian Iliev,2026-05-20T16:00:00+00:00,2025,BULP,8,False,4882692,5,208,neutral,2259,5,4,in squad,73,,False,0,0,0,0,0,0,0,,,,0,0
460800,Ilian Iliev,2026-05-16T13:00:00+00:00,2025,BU1,1,False,4866420,35,208,away,156,0,2,in squad,73,,False,0,0,0,0,0,0,0,,,,0,0
460800,Ilian Iliev,2026-05-13T14:45:00+00:00,2025,BU1,1,False,4866415,34,208,home,61955,1,1,played,73,0,False,36,0,0,0,0,0,0,,54,,0,0
460800,Ilian Iliev,2026-05-08T17:00:00+00:00,2025,BU1,1,False,4866401,33,208,away,61955,1,0,in squad,73,,False,0,0,0,0,0,0,0,,,,0,0
460800,Ilian Iliev,2026-05-03T16:00:00+00:00,2025,BU1,1,False,4866382,32,208,home,31614,1,0,not in squad,,,False,0,0,0,0,0,0,0,,,,0,0
460800,Ilian Iliev,2026-04-29T16:00:00+00:00,2025,BULP,8,False,4827500,4,208,home,31614,0,0,not in squad,,,False,0,0,0,0,0,0,0,,,,0,0
460800,Ilian Iliev,2026-04-25T13:00:00+00:00,2025,BU1,1,False,4866373,31,208,neutral,156,1,3,played,73,7,False,90,0,0,0,0,0,0,,,,0,0
460800,Ilian Iliev,2026-04-21T16:00:00+00:00,2025,BULP,8,False,4827498,4,208,away,31614,2,1,in squad,73,,False,0,0,0,0,0,0,0,,,,0,0
460800,Ilian Iliev,2026-04-13T13:00:00+00:00,2025,BU1,1,False,4718171,30,208,neutral,156,1,1,in squad,73,,False,0,0,0,0,0,0,0,,,,0,0
188501,Thibaut Vion,2026-05-23T14:00:00+00:00,2025,LUX1,1,False,4645747,30,12346,home,853,2,4,not in squad,,,False,0,0,0,0,0,0,0,,,,0,0
188501,Thibaut Vion,2026-05-17T16:30:00+00:00,2025,LUX1,1,False,4645740,29,12346,away,1257,1,2,played,15,0,False,45,1,0,0,0,0,0,,,45,0,0
188501,Thibaut Vion,2026-05-13T18:00:00+00:00,2025,LUXP,8,False,4884464,5,12346,home,2660,3,6,played,15,0,False,80,0,0,0,0,0,0,,,80,0,0
188501,Thibaut Vion,2026-05-08T18:00:00+00:00,2025,LUX1,1,False,4645756,28,12346,home,11914,2,3,played,15,0,False,26,0,0,0,0,0,0,,64,,0,0
188501,Thibaut Vion,2026-05-03T14:00:00+00:00,2025,LUX1,1,False,4645733,27,12346,away,21465,0,1,not in squad,,,False,0,0,0,0,0,0,0,,,,0,0
188501,Thibaut Vion,2026-04-26T16:30:00+00:00,2025,LUX1,1,False,4645716,26,12346,home,21803,1,0,not in squad,,,False,0,0,0,0,0,0,0,,,,0,0
188501,Thibaut Vion,2026-04-22T18:00:00+00:00,2025,LUXP,8,False,4844879,4,12346,away,21640,2,1,not in squad,,,False,0,0,0,0,0,0,0,,,,0,0
188501,Thibaut Vion,2026-04-18T16:00:00+00:00,2025,LUX1,1,False,4645705,25,12346,away,13467,2,2,played,15,0,False,37,0,1,0,0,0,0,,,37,0,0
188501,Thibaut Vion,2026-04-12T16:30:00+00:00,2025,LUX1,1,False,4645693,24,12346,home,21454,1,1,played,15,0,False,90,0,0,0,0,0,0,,,,0,0
188501,Thibaut Vion,2026-04-04T16:00:00+00:00,2025,LUX1,1,False,4645696,23,12346,away,21640,0,2,played,15,0,False,90,0,0,0,0,0,0,,,,0,0
75067,Liam Cooper,2026-05-02T11:30:00+00:00,2025,GB2,2,False,4639487,46,1035,home,984,2,1,injured,,,False,0,0,0,0,0,0,0,,,,305,0
75067,Liam Cooper,2026-04-25T14:00:00+00:00,2025,GB2,2,False,4639497,45,1035,away,988,1,4,injured,,,False,0,0,0,0,0,0,0,,,,305,0
75067,Liam Cooper,2026-04-22T18:45:00+00:00,2025,GB2,2,False,4639386,44,1035,away,641,0,1,injured,,,False,0,0,0,0,0,0,0,,,,305,0
75067,Liam Cooper,2026-04-18T14:00:00+00:00,2025,GB2,2,False,4639527,43,1035,home,358,1,1,injured,,,False,0,0,0,0,0,0,0,,,,305,0
75067,Liam Cooper,2026-04-11T11:30:00+00:00,2025,GB2,2,False,4639387,42,1035,away,990,0,0,injured,,,False,0,0,0,0,0,0,0,,,,305,0
75067,Liam Cooper,2026-04-06T14:00:00+00:00,2025,GB2,2,False,4639473,41,1035,home,1003,1,1,injured,,,False,0,0,0,0,0,0,0,,,,305,0
75067,Liam Cooper,2026-04-03T14:00:00+00:00,2025,GB2,2,False,4639508,40,1035,away,512,0,2,injured,,,False,0,0,0,0,0,0,0,,,,305,0
75067,Liam Cooper,2026-03-21T15:00:00+00:00,2025,GB2,2,False,4639420,39,1035,away,3008,1,3,injured,,,False,0,0,0,0,0,0,0,,,,305,0
75067,Liam Cooper,2026-03-14T15:00:00+00:00,2025,GB2,2,False,4639489,38,1035,home,677,0,2,injured,,,False,0,0,0,0,0,0,0,,,,305,0
75067,Liam Cooper,2026-03-10T19:45:00+00:00,2025,GB2,2,False,4639455,37,1035,home,1010,1,1,injured,,,False,0,0,0,0,0,0,0,,,,305,0
665582,David Seger,2026-07-27T17:00:00+00:00,2025,SE1,1,False,4802757,14,1109,home,272,0,0,in squad,19,,False,0,0,0,0,0,0,0,,,,0,0
665582,David Seger,2026-07-19T14:30:00+00:00,2025,SE1,1,False,4802755,13,1109,away,1011,2,0,played,19,0,False,4,0,0,0,0,0,0,,86,,0,0
665582,David Seger,2026-07-11T15:30:00+00:00,2025,SE1,1,False,4802743,12,1109,away,1118,3,4,played,19,0,False,7,0,0,2,1,1,0,,83,,0,0
665582,David Seger,2026-07-06T17:00:00+00:00,2025,SE1,1,False,4802733,11,1109,home,1044,2,4,played,19,0,False,26,0,0,0,0,0,0,,64,,0,0
665582,David Seger,2026-05-31T12:00:00+00:00,2025,SE1,1,False,4802727,10,1109,home,1059,3,2,not in squad,,,False,0,0,0,0,0,0,0,,,,0,0
665582,David Seger,2026-05-25T17:00:00+00:00,2025,SE1,1,False,4802720,9,1109,away,1101,1,1,not in squad,,,False,0,0,0,0,0,0,0,,,,0,0
665582,David Seger,2026-05-17T14:30:00+00:00,2025,SE1,1,False,4802712,8,1109,away,2719,1,0,not in squad,,,False,0,0,0,0,0,0,0,,,,0,0
665582,David Seger,2026-05-10T14:30:00+00:00,2025,SE1,1,False,4802702,7,1109,home,496,3,2,not in squad,,,False,0,0,0,0,0,0,0,,,,0,0
665582,David Seger,2026-05-02T13:00:00+00:00,2025,SE1,1,False,4802697,6,1109,away,3641,1,1,not in squad,,,False,0,0,0,0,0,0,0,,,,0,0
665582,David Seger,2026-04-27T17:00:00+00:00,2025,SE1,1,False,4802688,5,1109,home,7945,2,2,not in squad,,,False,0,0,0,0,0,0,0,,,,0,0
1281876,Yulian Iliev,2026-05-25T17:30:00+00:00,2025,BU1,1,False,4866424,36,208,away,31614,0,1,not in squad,,,False,0,0,0,0,0,0,0,,,,0,0
1281876,Yulian Iliev,2026-05-23T15:00:00+00:00,2025,BU2,2,False,4718040,34,9524,away,36821,3,0,played,8,0,False,90,0,0,0,0,0,0,,,,0,0
1281876,Yulian Iliev,2026-05-20T16:00:00+00:00,2025,BULP,8,False,4882692,5,208,neutral,2259,5,4,not in squad,,,False,0,0,0,0,0,0,0,,,,0,0
1281876,Yulian Iliev,2026-05-16T13:00:00+00:00,2025,BU1,1,False,4866420,35,208,away,156,0,2,not in squad,,,False,0,0,0,0,0,0,0,,,,0,0
1281876,Yulian Iliev,2026-05-13T14:45:00+00:00,2025,BU1,1,False,4866415,34,208,home,61955,1,1,in squad,24,,False,0,0,0,0,0,0,0,,,,0,0
1281876,Yulian Iliev,2026-05-11T15:00:00+00:00,2025,BU2,2,False,4718023,32,9524,away,19215,2,1,played,8,0,False,60,0,0,0,0,0,0,,,60,0,0
1281876,Yulian Iliev,2026-05-08T17:00:00+00:00,2025,BU1,1,False,4866401,33,208,away,61955,1,0,not in squad,,,False,0,0,0,0,0,0,0,,,,0,0
1281876,Yulian Iliev,2026-05-04T12:30:00+00:00,2025,BU2,2,False,4718018,31,9524,home,29268,0,1,played,8,0,False,90,0,0,0,0,0,0,90,,,0,0
1281876,Yulian Iliev,2026-05-03T16:00:00+00:00,2025,BU1,1,False,4866382,32,208,home,31614,1,0,not in squad,,,False,0,0,0,0,0,0,0,,,,0,0
1281876,Yulian Iliev,2026-04-29T16:00:00+00:00,2025,BULP,8,False,4827500,4,208,home,31614,0,0,not in squad,,,False,0,0,0,0,0,0,0,,,,0,0
429287,Olaus Skarsem,2026-07-26T15:00:00+00:00,2025,NO1,1,False,4794782,15,10217,home,4309,1,0,played,77,0,False,22,0,0,0,0,0,0,,68,,0,0
429287,Olaus Skarsem,2026-07-18T14:00:00+00:00,2025,NO1,1,False,4794771,14,10217,away,21101,0,0,played,77,0,False,10,0,0,0,0,0,0,,80,,0,0
429287,Olaus Skarsem,2026-07-09T18:00:00+00:00,2026,ELQ,10,False,4897216,1,208,home,920,3,2,not in squad,,,False,0,0,0,0,0,0,0,,,,0,0
429287,Olaus Skarsem,2026-05-25T17:30:00+00:00,2025,BU1,1,False,4866424,36,208,away,31614,0,1,not in squad,,,False,0,0,0,0,0,0,0,,,,0,0
429287,Olaus Skarsem,2026-05-20T16:00:00+00:00,2025,BULP,8,False,4882692,5,208,neutral,2259,5,4,not in squad,,,False,0,0,0,0,0,0,0,,,,0,0
429287,Olaus Skarsem,2026-05-16T13:00:00+00:00,2025,BU1,1,False,4866420,35,208,away,156,0,2,not in squad,,,False,0,0,0,0,0,0,0,,,,0,0
429287,Olaus Skarsem,2026-05-13T14:45:00+00:00,2025,BU1,1,False,4866415,34,208,home,61955,1,1,in squad,7,,False,0,0,0,0,0,0,0,,,,0,0
429287,Olaus Skarsem,2026-05-08T17:00:00+00:00,2025,BU1,1,False,4866401,33,208,away,61955,1,0,in squad,7,,False,0,0,0,0,0,0,0,,,,0,0
429287,Olaus Skarsem,2026-05-03T16:00:00+00:00,2025,BU1,1,False,4866382,32,208,home,31614,1,0,not in squad,,,False,0,0,0,0,0,0,0,,,,0,0
429287,Olaus Skarsem,2026-04-29T16:00:00+00:00,2025,BULP,8,False,4827500,4,208,home,31614,0,0,not in squad,,,False,0,0,0,0,0,0,0,,,,0,0
325200,Jason Lokilo,2026-07-27T17:00:00+00:00,2026,PL1,1,False,4895603,1,6112,away,168,0,2,played,98,12,False,75,0,0,3,0,3,0,,,75,0,0
325200,Jason Lokilo,2026-05-23T15:30:00+00:00,2025,PL1,1,False,4624934,34,6112,away,88,1,2,played,98,12,False,90,0,1,4,2,1,1,,,,0,0
325200,Jason Lokilo,2026-05-17T10:15:00+00:00,2025,PL1,1,False,4624922,33,6112,home,9644,1,3,played,98,12,False,73,0,0,1,1,0,0,32,,73,0,0
325200,Jason Lokilo,2026-05-10T10:15:00+00:00,2025,PL1,1,False,4624913,32,6112,home,6456,0,0,played,98,12,False,67,0,0,4,1,0,3,,,67,0,0
325200,Jason Lokilo,2026-05-01T15:30:00+00:00,2025,PL1,1,False,4624901,31,6112,away,6110,1,1,played,98,12,False,80,0,0,1,0,0,1,,,80,0,0
325200,Jason Lokilo,2026-04-27T17:00:00+00:00,2025,PL1,1,False,4624895,30,6112,home,6107,4,1,played,98,12,False,68,0,0,1,0,1,0,,,68,0,0
325200,Jason Lokilo,2026-04-20T17:00:00+00:00,2025,PL1,1,False,4624885,29,6112,away,4000,1,1,played,98,12,False,45,0,0,1,0,0,1,,,46,0,0
325200,Jason Lokilo,2026-04-13T17:00:00+00:00,2025,PL1,1,False,4624877,28,6112,home,324,0,2,played,98,12,False,61,0,0,2,0,0,2,,,61,0,0
325200,Jason Lokilo,2026-04-06T10:15:00+00:00,2025,PL1,1,False,4624864,27,6112,away,15906,2,3,absent,,,False,0,0,0,0,0,0,0,,,,0,1
325200,Jason Lokilo,2026-03-20T17:00:00+00:00,2025,PL1,1,False,4624860,26,6112,home,7154,3,1,played,98,12,False,66,0,1,1,1,0,0,54,,66,0,0
213555,Zymer Bytyqi,2025-08-09T16:00:00+00:00,2025,BU1,1,False,4648245,4,208,home,967,0,0,not in squad,,,False,0,0,0,0,0,0,0,,,,0,0
213555,Zymer Bytyqi,2025-08-02T16:00:00+00:00,2025,BU1,1,False,4648238,3,208,away,2259,0,1,played,11,0,False,30,0,0,0,0,0,0,85,60,,0,0
213555,Zymer Bytyqi,2025-07-26T18:15:00+00:00,2025,BU1,1,False,4648222,2,208,home,9599,1,1,not in squad,,,False,0,0,0,0,0,0,0,,,,0,0
213555,Zymer Bytyqi,2025-07-19T19:00:00+00:00,2025,BU1,1,False,4648227,1,208,away,2531,1,1,not in squad,,,False,0,0,0,0,0,0,0,,,,0,0
213555,Zymer Bytyqi,2025-05-31T15:30:00+00:00,2024,BUEL,12,False,4616120,1,208,away,40604,2,5,played,9,0,False,56,0,0,0,0,0,0,,64,,0,0
213555,Zymer Bytyqi,2025-05-26T17:45:00+00:00,2024,BU1,1,False,4598927,36,208,away,2531,4,0,played,9,11,False,59,0,0,0,0,0,0,,,59,0,0
213555,Zymer Bytyqi,2025-05-22T16:00:00+00:00,2024,BULP,8,False,4608918,5,208,away,31614,0,1,played,9,0,False,19,0,0,0,0,0,0,,71,,0,0
213555,Zymer Bytyqi,2025-05-17T14:30:00+00:00,2024,BU1,1,False,4598922,35,208,home,6764,2,1,played,9,0,False,24,1,0,0,0,0,0,,66,,0,0
213555,Zymer Bytyqi,2025-05-13T17:15:00+00:00,2024,BU1,1,False,4598919,34,208,home,9599,5,0,played,9,0,False,27,1,0,0,0,0,0,,63,,0,0
213555,Zymer Bytyqi,2025-05-09T17:15:00+00:00,2024,BU1,1,False,4598911,33,208,home,2531,3,0,not in squad,,,False,0,0,0,0,0,0,0,,,,0,0
818381,Mark-Emilio Papazov,2026-07-25T18:15:00+00:00,2026,BU1,1,False,4909872,2,730,home,156,1,2,played,17,0,False,1,0,0,0,0,0,0,,89,,0,0
818381,Mark-Emilio Papazov,2026-07-21T18:30:00+00:00,2026,BU1,1,False,4909852,1,730,away,2531,1,1,played,17,12,False,45,0,0,0,0,0,0,,,46,0,0
818381,Mark-Emilio Papazov,2026-05-25T17:30:00+00:00,2025,BU1,1,False,4866424,36,208,away,31614,0,1,not in squad,,,False,0,0,0,0,0,0,0,,,,0,0
818381,Mark-Emilio Papazov,2026-05-23T15:00:00+00:00,2025,BU2,2,False,4718040,34,9524,away,36821,3,0,played,7,0,False,81,2,0,0,0,0,0,,,81,0,0
818381,Mark-Emilio Papazov,2026-05-20T16:00:00+00:00,2025,BULP,8,False,4882692,5,208,neutral,2259,5,4,not in squad,,,False,0,0,0,0,0,0,0,,,,0,0
818381,Mark-Emilio Papazov,2026-05-16T13:00:00+00:00,2025,BU1,1,False,4866420,35,208,away,156,0,2,not in squad,,,False,0,0,0,0,0,0,0,,,,0,0
818381,Mark-Emilio Papazov,2026-05-13T14:45:00+00:00,2025,BU1,1,False,4866415,34,208,home,61955,1,1,in squad,27,,False,0,0,0,0,0,0,0,,,,0,0
818381,Mark-Emilio Papazov,2026-05-11T15:00:00+00:00,2025,BU2,2,False,4718023,32,9524,away,19215,2,1,played,7,0,False,60,1,0,0,0,0,0,,,60,0,0
818381,Mark-Emilio Papazov,2026-05-04T12:30:00+00:00,2025,BU2,2,False,4718018,31,9524,home,29268,0,1,played,7,0,False,90,0,0,0,0,0,0,,,,0,0
818381,Mark-Emilio Papazov,2026-04-26T14:00:00+00:00,2025,BU2,2,False,4718006,30,9524,away,109262,2,2,played,7,0,False,69,1,0,0,0,0,0,,,69,0,0
851725,Ivan Tasev,2026-05-25T17:30:00+00:00,2025,BU1,1,False,4866424,36,208,away,31614,0,1,not in squad,,,False,0,0,0,0,0,0,0,,,,0,0
851725,Ivan Tasev,2026-05-23T15:00:00+00:00,2025,BU2,2,False,4718040,34,9524,away,36821,3,0,played,72,0,False,74,0,0,0,0,0,0,,,74,0,0
851725,Ivan Tasev,2026-05-20T16:00:00+00:00,2025,BULP,8,False,4882692,5,208,neutral,2259,5,4,not in squad,,,False,0,0,0,0,0,0,0,,,,0,0
851725,Ivan Tasev,2026-05-16T13:00:00+00:00,2025,BU1,1,False,4866420,35,208,away,156,0,2,not in squad,,,False,0,0,0,0,0,0,0,,,,0,0
851725,Ivan Tasev,2026-05-13T14:45:00+00:00,2025,BU1,1,False,4866415,34,208,home,61955,1,1,not in squad,,,False,0,0,0,0,0,0,0,,,,0,0
851725,Ivan Tasev,2026-05-11T15:00:00+00:00,2025,BU2,2,False,4718023,32,9524,away,19215,2,1,absent,,,False,0,0,0,0,0,0,0,,,,0,1
851725,Ivan Tasev,2026-05-08T17:00:00+00:00,2025,BU1,1,False,4866401,33,208,away,61955,1,0,not in squad,,,False,0,0,0,0,0,0,0,,,,0,0
851725,Ivan Tasev,2026-05-04T12:30:00+00:00,2025,BU2,2,False,4718018,31,9524,home,29268,0,1,played,72,0,False,84,0,0,0,0,0,0,75,,84,0,0
851725,Ivan Tasev,2026-05-03T16:00:00+00:00,2025,BU1,1,False,4866382,32,208,home,31614,1,0,not in squad,,,False,0,0,0,0,0,0,0,,,,0,0
851725,Ivan Tasev,2026-04-29T16:00:00+00:00,2025,BULP,8,False,4827500,4,208,home,31614,0,0,not in squad,,,False,0,0,0,0,0,0,0,,,,0,0
1081951,Ilian Antonov,2026-07-24T18:15:00+00:00,2026,BU1,1,False,4909866,2,675,away,40604,0,1,in squad,23,,False,0,0,0,0,0,0,0,,,,0,0
1081951,Ilian Antonov,2026-07-20T16:15:00+00:00,2026,BU1,1,False,4909858,1,675,home,208,0,0,in squad,23,,False,0,0,0,0,0,0,0,,,,0,0
1081951,Ilian Antonov,2026-05-25T17:30:00+00:00,2025,BU1,1,False,4866424,36,208,away,31614,0,1,not in squad,,,False,0,0,0,0,0,0,0,,,,0,0
1081951,Ilian Antonov,2026-05-23T15:00:00+00:00,2025,BU2,2,False,4718040,34,9524,away,36821,3,0,played,23,0,False,16,0,0,0,0,0,0,,74,,0,0
1081951,Ilian Antonov,2026-05-20T16:00:00+00:00,2025,BULP,8,False,4882692,5,208,neutral,2259,5,4,not in squad,,,False,0,0,0,0,0,0,0,,,,0,0
1081951,Ilian Antonov,2026-05-16T13:00:00+00:00,2025,BU1,1,False,4866420,35,208,away,156,0,2,not in squad,,,False,0,0,0,0,0,0,0,,,,0,0
1081951,Ilian Antonov,2026-05-13T14:45:00+00:00,2025,BU1,1,False,4866415,34,208,home,61955,1,1,not in squad,,,False,0,0,0,0,0,0,0,,,,0,0
1081951,Ilian Antonov,2026-05-11T15:00:00+00:00,2025,BU2,2,False,4718023,32,9524,away,19215,2,1,played,23,0,False,90,0,0,0,0,0,0,61,,,0,0
1081951,Ilian Antonov,2026-05-08T17:00:00+00:00,2025,BU1,1,False,4866401,33,208,away,61955,1,0,not in squad,,,False,0,0,0,0,0,0,0,,,,0,0
1081951,Ilian Antonov,2026-05-04T12:30:00+00:00,2025,BU2,2,False,4718018,31,9524,home,29268,0,1,absent,,,False,0,0,0,0,0,0,0,,,,0,1
1081951,Ilian Antonov,2026-05-03T16:00:00+00:00,2025,BU1,1,False,4866382,32,208,home,31614,1,0,not in squad,,,False,0,0,0,0,0,0,0,,,,0,0
1081951,Ilian Antonov,2026-04-29T16:00:00+00:00,2025,BULP,8,False,4827500,4,208,home,31614,0,0,not in squad,,,False,0,0,0,0,0,0,0,,,,0,0
717205,Martin Sorakov,2026-05-25T17:30:00+00:00,2025,BU1,1,False,4866424,36,208,away,31614,0,1,not in squad,,,False,0,0,0,0,0,0,0,,,,0,0
717205,Martin Sorakov,2026-05-23T15:00:00+00:00,2025,BU2,2,False,4718040,34,9524,away,36821,3,0,played,19,0,False,26,1,1,0,0,0,0,,64,,0,0
717205,Martin Sorakov,2026-05-20T16:00:00+00:00,2025,BULP,8,False,4882692,5,208,neutral,2259,5,4,not in squad,,,False,0,0,0,0,0,0,0,,,,0,0
717205,Martin Sorakov,2026-05-16T13:00:00+00:00,2025,BU1,1,False,4866420,35,208,away,156,0,2,not in squad,,,False,0,0,0,0,0,0,0,,,,0,0
717205,Martin Sorakov,2026-05-13T14:45:00+00:00,2025,BU1,1,False,4866415,34,208,home,61955,1,1,not in squad,,,False,0,0,0,0,0,0,0,,,,0,0
717205,Martin Sorakov,2026-05-11T15:00:00+00:00,2025,BU2,2,False,4718023,32,9524,away,19215,2,1,played,19,0,False,83,0,1,0,0,0,0,,,83,0,0
717205,Martin Sorakov,2026-05-08T17:00:00+00:00,2025,BU1,1,False,4866401,33,208,away,61955,1,0,not in squad,,,False,0,0,0,0,0,0,0,,,,0,0
717205,Martin Sorakov,2026-05-04T12:30:00+00:00,2025,BU2,2,False,4718018,31,9524,home,29268,0,1,played,19,0,False,30,0,0,0,0,0,0,,60,,0,0
717205,Martin Sorakov,2026-05-03T16:00:00+00:00,2025,BU1,1,False,4866382,32,208,home,31614,1,0,not in squad,,,False,0,0,0,0,0,0,0,,,,0,0
717205,Martin Sorakov,2026-04-29T16:00:00+00:00,2025,BULP,8,False,4827500,4,208,home,31614,0,0,not in squad,,,False,0,0,0,0,0,0,0,,,,0,0
550468,Radoslav Zhivkov,2026-05-25T17:30:00+00:00,2025,BU1,1,False,4866424,36,208,away,31614,0,1,not in squad,,,False,0,0,0,0,0,0,0,,,,0,0
550468,Radoslav Zhivkov,2026-05-23T15:00:00+00:00,2025,BU2,2,False,4718040,34,9524,away,36821,3,0,played,10,0,True,64,0,0,0,0,0,0,,,64,0,0
550468,Radoslav Zhivkov,2026-05-20T16:00:00+00:00,2025,BULP,8,False,4882692,5,208,neutral,2259,5,4,not in squad,,,False,0,0,0,0,0,0,0,,,,0,0
550468,Radoslav Zhivkov,2026-05-16T13:00:00+00:00,2025,BU1,1,False,4866420,35,208,away,156,0,2,not in squad,,,False,0,0,0,0,0,0,0,,,,0,0
550468,Radoslav Zhivkov,2026-05-13T14:45:00+00:00,2025,BU1,1,False,4866415,34,208,home,61955,1,1,not in squad,,,False,0,0,0,0,0,0,0,,,,0,0
550468,Radoslav Zhivkov,2026-05-11T15:00:00+00:00,2025,BU2,2,False,4718023,32,9524,away,19215,2,1,played,10,0,True,90,0,0,0,0,0,0,21,,,0,0
550468,Radoslav Zhivkov,2026-05-08T17:00:00+00:00,2025,BU1,1,False,4866401,33,208,away,61955,1,0,not in squad,,,False,0,0,0,0,0,0,0,,,,0,0
550468,Radoslav Zhivkov,2026-05-04T12:30:00+00:00,2025,BU2,2,False,4718018,31,9524,home,29268,0,1,played,10,0,True,72,0,0,0,0,0,0,,,72,0,0
550468,Radoslav Zhivkov,2026-05-03T16:00:00+00:00,2025,BU1,1,False,4866382,32,208,home,31614,1,0,not in squad,,,False,0,0,0,0,0,0,0,,,,0,0
550468,Radoslav Zhivkov,2026-04-29T16:00:00+00:00,2025,BULP,8,False,4827500,4,208,home,31614,0,0,not in squad,,,False,0,0,0,0,0,0,0,,,,0,0
818906,Yoan Bornosuzov,2026-07-24T18:15:00+00:00,2026,BU1,1,False,4909866,2,675,away,40604,0,1,played,9,0,False,9,0,0,0,0,0,0,,81,,0,0
818906,Yoan Bornosuzov,2026-07-20T16:15:00+00:00,2026,BU1,1,False,4909858,1,675,home,208,0,0,in squad,9,,False,0,0,0,0,0,0,0,,,,0,0
818906,Yoan Bornosuzov,2026-05-22T15:00:00+00:00,2025,BU1,1,False,4866451,37,26462,home,6764,3,0,played,19,0,False,1,0,0,0,0,0,0,,90,,0,0
818906,Yoan Bornosuzov,2026-05-18T16:30:00+00:00,2025,BU1,1,False,4866448,36,26462,away,4362,2,1,played,19,0,False,17,0,0,0,0,0,0,,73,,0,0
818906,Yoan Bornosuzov,2026-05-14T14:45:00+00:00,2025,BU1,1,False,4866443,35,26462,home,24078,1,0,in squad,19,,False,0,0,0,0,0,0,0,,,,0,0
818906,Yoan Bornosuzov,2026-05-10T13:45:00+00:00,2025,BU1,1,False,4866439,34,26462,home,40416,1,1,played,19,14,False,61,0,0,0,0,0,0,,,61,0,0
818906,Yoan Bornosuzov,2026-05-05T17:00:00+00:00,2025,BU1,1,False,4866437,33,26462,away,730,2,2,played,19,0,False,1,0,0,0,0,0,0,,90,,0,0
818906,Yoan Bornosuzov,2026-05-02T13:30:00+00:00,2025,BU1,1,False,4866432,32,26462,home,9599,2,1,played,19,0,False,17,0,0,0,0,0,0,,73,,0,0
818906,Yoan Bornosuzov,2026-04-26T11:00:00+00:00,2025,BU1,1,False,4866430,31,26462,away,675,1,1,played,19,12,False,45,0,0,0,0,0,0,,,46,0,0
818906,Yoan Bornosuzov,2026-04-14T15:00:00+00:00,2025,BU1,1,False,4718173,30,26462,home,730,3,2,played,19,0,False,9,1,0,0,0,0,0,90,81,,0,0
639754,Tsunami,2026-05-02T13:00:00+00:00,2025,TR2,2,False,4656018,38,74664,home,12382,3,3,not in squad,,,False,0,0,0,0,0,0,0,,,,0,0
639754,Tsunami,2026-04-26T13:00:00+00:00,2025,TR2,2,False,4656181,37,74664,away,2381,1,2,in squad,3,,False,0,0,0,0,0,0,0,,,,0,0
639754,Tsunami,2026-04-19T13:00:00+00:00,2025,TR2,2,False,4656169,36,74664,home,3209,1,1,played,3,3,False,45,0,0,0,0,0,0,21,,46,0,0
639754,Tsunami,2026-04-12T13:00:00+00:00,2025,TR2,2,False,4656161,35,74664,away,3840,6,1,played,3,3,False,90,0,0,1,1,0,0,,,,0,0
639754,Tsunami,2026-04-08T14:00:00+00:00,2025,TR2,2,False,4656014,34,74664,home,12388,0,1,in squad,3,,False,0,0,0,0,0,0,0,,,,0,0
639754,Tsunami,2026-04-04T13:00:00+00:00,2025,TR2,2,False,4656151,33,74664,away,39722,1,2,in squad,3,,False,0,0,0,0,0,0,0,,,,0,0
639754,Tsunami,2026-03-22T13:00:00+00:00,2025,TR2,2,False,4656144,32,74664,home,37951,0,2,played,3,3,False,68,0,0,0,0,0,0,,,68,0,0
639754,Tsunami,2026-03-16T10:30:00+00:00,2025,TR2,2,False,4656131,31,74664,away,20760,0,0,played,3,3,False,90,0,0,1,0,1,0,,,,0,0
639754,Tsunami,2026-03-12T10:30:00+00:00,2025,TR2,2,False,4656125,30,74664,home,44006,2,3,played,3,3,False,90,1,0,2,1,0,1,40,,,0,0
639754,Tsunami,2026-03-08T13:00:00+00:00,2025,TR2,2,False,4656002,29,74664,away,3207,0,2,played,3,3,False,90,0,0,1,0,1,0,,,,0,0
1144097,Stoyan Lazarov,2026-05-25T17:30:00+00:00,2025,BU1,1,False,4866423,36,156,away,61955,0,0,not in squad,,,False,0,0,0,0,0,0,0,,,,0,0
1144097,Stoyan Lazarov,2026-05-16T13:00:00+00:00,2025,BU1,1,False,4866420,35,156,home,208,2,0,not in squad,,,False,0,0,0,0,0,0,0,,,,0,0
1144097,Stoyan Lazarov,2026-05-13T17:15:00+00:00,2025,BU1,1,False,4866416,34,156,away,31614,1,1,not in squad,,,False,0,0,0,0,0,0,0,,,,0,0
1144097,Stoyan Lazarov,2026-05-09T15:45:00+00:00,2025,BU1,1,False,4866402,33,156,home,31614,0,1,not in squad,,,False,0,0,0,0,0,0,0,,,,0,0
1144097,Stoyan Lazarov,2026-05-02T16:00:00+00:00,2025,BU1,1,False,4866383,32,156,home,61955,1,0,not in squad,,,False,0,0,0,0,0,0,0,,,,0,0
1144097,Stoyan Lazarov,2026-04-25T13:00:00+00:00,2025,BU1,1,False,4866373,31,156,neutral,208,3,1,not in squad,,,False,0,0,0,0,0,0,0,,,,0,0
1144097,Stoyan Lazarov,2026-04-13T13:00:00+00:00,2025,BU1,1,False,4718171,30,156,neutral,208,1,1,not in squad,,,False,0,0,0,0,0,0,0,,,,0,0
1144097,Stoyan Lazarov,2026-04-09T17:30:00+00:00,2025,BU1,1,False,4718200,29,156,home,40604,1,0,not in squad,,,False,0,0,0,0,0,0,0,,,,0,0
1144097,Stoyan Lazarov,2026-04-05T14:00:00+00:00,2025,BU1,1,False,4718149,28,156,away,4362,2,2,not in squad,,,False,0,0,0,0,0,0,0,,,,0,0
1144097,Stoyan Lazarov,2026-03-21T15:30:00+00:00,2025,BU1,1,False,4718195,27,156,home,967,2,1,not in squad,,,False,0,0,0,0,0,0,0,,,,0,0
800177,Rildo,2026-05-25T17:30:00+00:00,2025,BU1,1,False,4866423,36,156,away,61955,0,0,not in squad,,,False,0,0,0,0,0,0,0,,,,0,0
800177,Rildo,2026-05-16T13:00:00+00:00,2025,BU1,1,False,4866420,35,156,home,208,2,0,played,37,0,False,5,0,0,0,0,0,0,,85,,0,0
800177,Rildo,2026-05-13T17:15:00+00:00,2025,BU1,1,False,4866416,34,156,away,31614,1,1,not in squad,,,False,0,0,0,0,0,0,0,,,,0,0
800177,Rildo,2026-05-09T15:45:00+00:00,2025,BU1,1,False,4866402,33,156,home,31614,0,1,not in squad,,,False,0,0,0,0,0,0,0,,,,0,0
800177,Rildo,2026-05-02T16:00:00+00:00,2025,BU1,1,False,4866383,32,156,home,61955,1,0,not in squad,,,False,0,0,0,0,0,0,0,,,,0,0
800177,Rildo,2026-04-25T13:00:00+00:00,2025,BU1,1,False,4866373,31,156,neutral,208,3,1,in squad,37,,False,0,0,0,0,0,0,0,,,,0,0
800177,Rildo,2026-04-13T13:00:00+00:00,2025,BU1,1,False,4718171,30,156,neutral,208,1,1,in squad,37,,False,0,0,0,0,0,0,0,,,,0,0
800177,Rildo,2026-04-09T17:30:00+00:00,2025,BU1,1,False,4718200,29,156,home,40604,1,0,in squad,37,,False,0,0,0,0,0,0,0,,,,0,0
800177,Rildo,2026-04-05T14:00:00+00:00,2025,BU1,1,False,4718149,28,156,away,4362,2,2,played,37,0,False,24,0,0,0,0,0,0,,66,,0,0
800177,Rildo,2026-03-21T15:30:00+00:00,2025,BU1,1,False,4718195,27,156,home,967,2,1,in squad,37,,False,0,0,0,0,0,0,0,,,,0,0
344323,Patrik Myslovic,2026-05-10T14:00:00+00:00,2025,ALB1,1,False,4680269,36,2049,away,98106,3,1,played,7,6,False,90,1,0,0,0,0,0,,,,0,0
344323,Patrik Myslovic,2026-05-06T14:00:00+00:00,2025,ALB1,1,False,4680285,35,2049,home,8671,1,0,played,7,6,False,90,0,0,0,0,0,0,76,,,0,0
344323,Patrik Myslovic,2026-05-02T14:00:00+00:00,2025,ALB1,1,False,4680245,34,2049,away,3739,1,0,played,7,6,False,90,0,0,0,0,0,0,,,,0,0
344323,Patrik Myslovic,2026-04-25T17:00:00+00:00,2025,ALB1,1,False,4680258,33,2049,home,4040,2,1,played,7,6,False,90,0,0,0,0,0,0,,,,0,0
344323,Patrik Myslovic,2026-04-18T17:00:00+00:00,2025,ALB1,1,False,4680281,32,2049,away,588,1,1,played,7,6,False,90,1,0,0,0,0,0,,,,0,0
344323,Patrik Myslovic,2026-04-12T14:00:00+00:00,2025,ALB1,1,False,4680275,31,2049,home,27114,3,1,played,7,7,False,90,0,0,0,0,0,0,,,,0,0
344323,Patrik Myslovic,2026-04-03T17:00:00+00:00,2025,ALB1,1,False,4680252,30,2049,away,12460,1,1,played,7,6,False,90,0,0,0,0,0,0,,,,0,0
344323,Patrik Myslovic,2026-03-22T14:00:00+00:00,2025,ALB1,1,False,4680267,29,2049,home,45456,3,0,played,7,6,False,90,0,0,0,0,0,0,,,,0,0
344323,Patrik Myslovic,2026-03-14T14:00:00+00:00,2025,ALB1,1,False,4680257,28,2049,home,21234,1,0,played,7,6,False,90,0,0,0,0,0,0,,,,0,0
344323,Patrik Myslovic,2026-03-08T14:00:00+00:00,2025,ALB1,1,False,4680234,27,2049,home,98106,0,1,played,7,7,False,84,0,0,0,0,0,0,,,84,0,0
198816,Georgi Kostadinov,2026-05-25T17:30:00+00:00,2025,BU1,1,False,4866423,36,156,away,61955,0,0,played,70,7,True,59,0,0,0,0,0,0,,,59,0,0
198816,Georgi Kostadinov,2026-05-16T13:00:00+00:00,2025,BU1,1,False,4866420,35,156,home,208,2,0,played,70,7,True,90,0,1,0,0,0,0,,,,0,0
198816,Georgi Kostadinov,2026-05-13T17:15:00+00:00,2025,BU1,1,False,4866416,34,156,away,31614,1,1,played,70,0,False,7,0,0,0,0,0,0,,83,,0,0
198816,Georgi Kostadinov,2026-05-09T15:45:00+00:00,2025,BU1,1,False,4866402,33,156,home,31614,0,1,played,70,6,True,81,0,0,0,0,0,0,,,81,0,0
198816,Georgi Kostadinov,2026-05-02T16:00:00+00:00,2025,BU1,1,False,4866383,32,156,home,61955,1,0,played,70,0,False,1,0,0,0,0,0,0,73,90,,0,0
198816,Georgi Kostadinov,2026-04-25T13:00:00+00:00,2025,BU1,1,False,4866373,31,156,neutral,208,3,1,played,70,10,True,55,0,0,0,0,0,0,,,55,0,0
198816,Georgi Kostadinov,2026-04-13T13:00:00+00:00,2025,BU1,1,False,4718171,30,156,neutral,208,1,1,played,70,6,True,74,0,0,0,0,0,0,,,74,0,0
198816,Georgi Kostadinov,2026-04-09T17:30:00+00:00,2025,BU1,1,False,4718200,29,156,home,40604,1,0,played,70,6,True,45,0,0,0,0,0,0,45,,46,0,0
198816,Georgi Kostadinov,2026-04-05T14:00:00+00:00,2025,BU1,1,False,4718149,28,156,away,4362,2,2,played,70,0,False,45,0,0,0,0,0,0,,46,,0,0
198816,Georgi Kostadinov,2026-03-21T15:30:00+00:00,2025,BU1,1,False,4718195,27,156,home,967,2,1,injured,,,False,0,0,0,0,0,0,0,,,,303,0
239998,Carlos Ohene,2026-05-25T17:30:00+00:00,2025,BU1,1,False,4866423,36,156,away,61955,0,0,in squad,8,,False,0,0,0,0,0,0,0,,,,0,0
239998,Carlos Ohene,2026-05-16T13:00:00+00:00,2025,BU1,1,False,4866420,35,156,home,208,2,0,played,8,10,False,61,0,0,0,0,0,0,,,61,0,0
239998,Carlos Ohene,2026-05-13T17:15:00+00:00,2025,BU1,1,False,4866416,34,156,away,31614,1,1,not in squad,,,False,0,0,0,0,0,0,0,,,,0,0
239998,Carlos Ohene,2026-05-09T15:45:00+00:00,2025,BU1,1,False,4866402,33,156,home,31614,0,1,in squad,8,,False,0,0,0,0,0,0,0,,,,0,0
239998,Carlos Ohene,2026-05-02T16:00:00+00:00,2025,BU1,1,False,4866383,32,156,home,61955,1,0,played,8,0,False,15,0,0,0,0,0,0,,75,,0,0
239998,Carlos Ohene,2026-04-25T13:00:00+00:00,2025,BU1,1,False,4866373,31,156,neutral,208,3,1,played,8,0,False,9,0,0,0,0,0,0,,81,,0,0
239998,Carlos Ohene,2026-04-13T13:00:00+00:00,2025,BU1,1,False,4718171,30,156,neutral,208,1,1,in squad,8,,False,0,0,0,0,0,0,0,,,,0,0
239998,Carlos Ohene,2026-04-09T17:30:00+00:00,2025,BU1,1,False,4718200,29,156,home,40604,1,0,played,8,0,False,45,0,0,0,0,0,0,,46,,0,0
239998,Carlos Ohene,2026-04-05T14:00:00+00:00,2025,BU1,1,False,4718149,28,156,away,4362,2,2,played,8,7,False,66,0,0,0,0,0,0,56,,66,0,0
239998,Carlos Ohene,2026-03-21T15:30:00+00:00,2025,BU1,1,False,4718195,27,156,home,967,2,1,played,8,0,False,7,0,0,0,0,0,0,,83,,0,0
675946,Marin Petkov,2026-06-05T17:00:00+00:00,2025,FS,11,True,4864913,52,3394,away,6090,2,2,played,16,12,False,34,1,0,0,0,0,0,,56,,0,0
675946,Marin Petkov,2026-06-01T16:00:00+00:00,2025,FS,11,True,4864912,52,3394,home,11953,0,1,played,16,12,False,61,0,0,0,0,0,0,,,61,0,0
675946,Marin Petkov,2026-05-21T18:00:00+00:00,2025,SA1,1,False,4750259,34,28844,away,9131,0,2,played,88,4,False,90,0,0,3,1,1,1,,,,0,0
675946,Marin Petkov,2026-05-15T18:00:00+00:00,2025,SA1,1,False,4750223,33,28844,home,31008,1,1,played,88,11,False,90,0,0,3,0,2,1,,,,0,0
675946,Marin Petkov,2026-05-11T18:00:00+00:00,2025,SA1,1,False,4750170,32,28844,home,18487,1,2,played,88,9,False,90,0,0,2,1,0,1,,,,0,0
675946,Marin Petkov,2026-05-03T16:00:00+00:00,2025,SA1,1,False,4750206,31,28844,away,9840,5,1,played,88,11,False,72,0,0,2,0,2,0,,,72,0,0
675946,Marin Petkov,2026-04-29T16:10:00+00:00,2025,SA1,1,False,4750213,30,28844,home,8023,0,2,played,88,4,False,90,0,0,4,0,4,0,,,,0,0
675946,Marin Petkov,2026-04-23T16:10:00+00:00,2025,SA1,1,False,4750231,29,28844,away,32328,2,1,played,88,11,False,75,1,0,3,3,0,0,,,75,0,0
675946,Marin Petkov,2026-04-11T16:00:00+00:00,2025,SA1,1,False,4750242,28,28844,home,91427,1,2,played,88,4,False,90,0,0,5,1,2,2,87,,,0,0
675946,Marin Petkov,2026-04-04T18:00:00+00:00,2025,SA1,1,False,4750200,27,28844,away,1114,2,2,played,88,4,False,90,0,1,0,0,0,0,,,,0,0
1006467,Borislav Rupanov,2026-05-23T15:30:00+00:00,2025,PL1,1,False,4624928,34,428,home,7154,6,2,in squad,77,,False,0,0,0,0,0,0,0,,,,0,0
1006467,Borislav Rupanov,2026-05-16T15:30:00+00:00,2025,PL1,1,False,4624924,33,428,away,2118,1,0,in squad,77,,False,0,0,0,0,0,0,0,,,,0,0
1006467,Borislav Rupanov,2026-05-13T16:00:00+00:00,2025,PL1,1,False,4624899,31,428,away,6107,0,0,in squad,77,,False,0,0,0,0,0,0,0,,,,0,0
1006467,Borislav Rupanov,2026-05-09T18:15:00+00:00,2025,PL1,1,False,4624910,32,428,home,168,0,2,in squad,77,,False,0,0,0,0,0,0,0,,,,0,0
1006467,Borislav Rupanov,2026-05-02T14:00:00+00:00,2025,POPU,8,False,4861994,7,428,home,9644,2,0,not in squad,,,False,0,0,0,0,0,0,0,,,,0,0
1006467,Borislav Rupanov,2026-04-24T18:30:00+00:00,2025,PL1,1,False,4624891,30,428,away,2300,2,1,in squad,77,,False,0,0,0,0,0,0,0,,,,0,0
1006467,Borislav Rupanov,2026-04-18T15:30:00+00:00,2025,PL1,1,False,4624884,29,428,home,6110,1,0,in squad,77,,False,0,0,0,0,0,0,0,,,,0,0
1006467,Borislav Rupanov,2026-04-11T18:15:00+00:00,2025,PL1,1,False,4624875,28,428,away,255,1,1,in squad,77,,False,0,0,0,0,0,0,0,,,,0,0
1006467,Borislav Rupanov,2026-04-08T16:00:00+00:00,2025,POPU,8,False,4838819,6,428,away,7153,1,0,not in squad,,,False,0,0,0,0,0,0,0,,,,0,0
1006467,Borislav Rupanov,2026-04-04T15:30:00+00:00,2025,PL1,1,False,4624866,27,428,home,5689,3,0,in squad,77,,False,0,0,0,0,0,0,0,,,,0,0
225961,Marko Dugandzic,2026-05-25T17:30:00+00:00,2025,BU1,1,False,4866423,36,156,away,61955,0,0,played,45,0,False,30,0,0,0,0,0,0,,60,,0,0
225961,Marko Dugandzic,2026-05-16T13:00:00+00:00,2025,BU1,1,False,4866420,35,156,home,208,2,0,played,45,0,False,29,0,0,0,0,0,0,,61,,0,0
225961,Marko Dugandzic,2026-05-13T17:15:00+00:00,2025,BU1,1,False,4866416,34,156,away,31614,1,1,in squad,45,,False,0,0,0,0,0,0,0,,,,0,0
225961,Marko Dugandzic,2026-05-09T15:45:00+00:00,2025,BU1,1,False,4866402,33,156,home,31614,0,1,played,45,14,False,66,0,0,0,0,0,0,,,66,0,0
225961,Marko Dugandzic,2026-05-02T16:00:00+00:00,2025,BU1,1,False,4866383,32,156,home,61955,1,0,played,45,0,False,29,1,0,0,0,0,0,,61,,0,0
225961,Marko Dugandzic,2026-04-25T13:00:00+00:00,2025,BU1,1,False,4866373,31,156,neutral,208,3,1,in squad,45,,False,0,0,0,0,0,0,0,,,,0,0
225961,Marko Dugandzic,2026-04-13T13:00:00+00:00,2025,BU1,1,False,4718171,30,156,neutral,208,1,1,in squad,45,,False,0,0,0,0,0,0,0,,,,0,0
225961,Marko Dugandzic,2026-04-09T17:30:00+00:00,2025,BU1,1,False,4718200,29,156,home,40604,1,0,injured,,,False,0,0,0,0,0,0,0,,,,375,0
225961,Marko Dugandzic,2026-04-05T14:00:00+00:00,2025,BU1,1,False,4718149,28,156,away,4362,2,2,played,45,0,False,24,0,0,0,0,0,0,,66,,0,0
225961,Marko Dugandzic,2026-03-21T15:30:00+00:00,2025,BU1,1,False,4718195,27,156,home,967,2,1,in squad,45,,False,0,0,0,0,0,0,0,,,,0,0
1413600,Ivo Motev,2026-05-25T17:30:00+00:00,2025,BU1,1,False,4866423,36,156,away,61955,0,0,not in squad,,,False,0,0,0,0,0,0,0,,,,0,0
1413600,Ivo Motev,2026-05-16T13:00:00+00:00,2025,BU1,1,False,4866420,35,156,home,208,2,0,not in squad,,,False,0,0,0,0,0,0,0,,,,0,0
1413600,Ivo Motev,2026-05-13T17:15:00+00:00,2025,BU1,1,False,4866416,34,156,away,31614,1,1,not in squad,,,False,0,0,0,0,0,0,0,,,,0,0
1413600,Ivo Motev,2026-05-09T15:45:00+00:00,2025,BU1,1,False,4866402,33,156,home,31614,0,1,not in squad,,,False,0,0,0,0,0,0,0,,,,0,0
1413600,Ivo Motev,2026-05-02T16:00:00+00:00,2025,BU1,1,False,4866383,32,156,home,61955,1,0,not in squad,,,False,0,0,0,0,0,0,0,,,,0,0
1413600,Ivo Motev,2026-04-25T13:00:00+00:00,2025,BU1,1,False,4866373,31,156,neutral,208,3,1,not in squad,,,False,0,0,0,0,0,0,0,,,,0,0
1413600,Ivo Motev,2026-04-13T13:00:00+00:00,2025,BU1,1,False,4718171,30,156,neutral,208,1,1,not in squad,,,False,0,0,0,0,0,0,0,,,,0,0
1413600,Ivo Motev,2026-04-09T17:30:00+00:00,2025,BU1,1,False,4718200,29,156,home,40604,1,0,in squad,32,,False,0,0,0,0,0,0,0,,,,0,0
1413600,Ivo Motev,2026-04-05T14:00:00+00:00,2025,BU1,1,False,4718149,28,156,away,4362,2,2,not in squad,,,False,0,0,0,0,0,0,0,,,,0,0
1413600,Ivo Motev,2026-03-31T12:45:00+00:00,2026,U19Q,20,True,4825261,3,27256,away,12609,0,2,played,16,11,False,72,0,0,0,0,0,0,,,72,0,0
740425,Karl Fabien,2026-07-07T18:30:00+00:00,2026,CLQ,10,False,4897195,1,156,away,3900,1,1,injured,,,False,0,0,0,0,0,0,0,,,,303,0
740425,Karl Fabien,2026-05-25T17:30:00+00:00,2025,BU1,1,False,4866423,36,156,away,61955,0,0,played,95,0,False,14,0,0,0,0,0,0,,76,,0,0
740425,Karl Fabien,2026-05-16T13:00:00+00:00,2025,BU1,1,False,4866420,35,156,home,208,2,0,not in squad,,,False,0,0,0,0,0,0,0,,,,0,0
740425,Karl Fabien,2026-05-13T17:15:00+00:00,2025,BU1,1,False,4866416,34,156,away,31614,1,1,played,95,11,False,60,0,0,0,0,0,0,,,60,0,0
740425,Karl Fabien,2026-05-09T15:45:00+00:00,2025,BU1,1,False,4866402,33,156,home,31614,0,1,played,95,0,False,1,0,0,0,0,0,0,,90,,0,0
740425,Karl Fabien,2026-05-02T16:00:00+00:00,2025,BU1,1,False,4866383,32,156,home,61955,1,0,played,95,0,False,1,0,0,0,0,0,0,,90,,0,0
740425,Karl Fabien,2026-04-25T13:00:00+00:00,2025,BU1,1,False,4866373,31,156,neutral,208,3,1,in squad,95,,False,0,0,0,0,0,0,0,,,,0,0
740425,Karl Fabien,2026-04-13T13:00:00+00:00,2025,BU1,1,False,4718171,30,156,neutral,208,1,1,injured,,,False,0,0,0,0,0,0,0,,,,303,0
740425,Karl Fabien,2026-04-09T17:30:00+00:00,2025,BU1,1,False,4718200,29,156,home,40604,1,0,injured,,,False,0,0,0,0,0,0,0,,,,303,0
740425,Karl Fabien,2026-04-05T14:00:00+00:00,2025,BU1,1,False,4718149,28,156,away,4362,2,2,injured,,,False,0,0,0,0,0,0,0,,,,303,0
1471768,Luca Marques,2026-05-25T17:30:00+00:00,2025,BU1,1,False,4866423,36,61955,home,156,0,0,not in squad,,,False,0,0,0,0,0,0,0,,,,0,0
1471768,Luca Marques,2026-05-16T13:00:00+00:00,2025,BU1,1,False,4866419,35,61955,home,31614,1,0,not in squad,,,False,0,0,0,0,0,0,0,,,,0,0
1471768,Luca Marques,2026-05-13T14:45:00+00:00,2025,BU1,1,False,4866415,34,61955,away,208,1,1,not in squad,,,False,0,0,0,0,0,0,0,,,,0,0
1471768,Luca Marques,2026-05-08T17:00:00+00:00,2025,BU1,1,False,4866401,33,61955,home,208,0,1,not in squad,,,False,0,0,0,0,0,0,0,,,,0,0
1471768,Luca Marques,2026-05-02T16:00:00+00:00,2025,BU1,1,False,4866383,32,61955,away,156,0,1,not in squad,,,False,0,0,0,0,0,0,0,,,,0,0
1471768,Luca Marques,2026-04-25T10:15:00+00:00,2025,BU1,1,False,4866374,31,61955,away,31614,2,1,not in squad,,,False,0,0,0,0,0,0,0,,,,0,0
1471768,Luca Marques,2026-04-15T15:00:00+00:00,2025,BU1,1,False,4718169,30,61955,away,967,4,0,not in squad,,,False,0,0,0,0,0,0,0,,,,0,0
1471768,Luca Marques,2026-04-10T12:30:00+00:00,2025,BU1,1,False,4718202,29,61955,home,26462,1,0,not in squad,,,False,0,0,0,0,0,0,0,,,,0,0
1471768,Luca Marques,2026-04-05T16:30:00+00:00,2025,BU1,1,False,4718145,28,61955,away,31614,0,3,not in squad,,,False,0,0,0,0,0,0,0,,,,0,0
1471768,Luca Marques,2026-03-21T13:00:00+00:00,2025,BU1,1,False,4718198,27,61955,home,730,3,2,not in squad,,,False,0,0,0,0,0,0,0,,,,0,0
691861,Fábio Lima,2026-07-24T00:30:00+00:00,2025,BRA2,2,False,4842020,19,10492,away,9030,2,4,played,11,8,False,59,0,0,1,0,1,0,,,59,0,0
691861,Fábio Lima,2026-07-17T22:00:00+00:00,2025,BRA2,2,False,4841919,18,10492,home,28022,2,0,played,11,10,False,82,0,0,1,0,1,0,,,82,0,0
691861,Fábio Lima,2026-07-10T22:00:00+00:00,2025,BRA2,2,False,4841839,17,10492,home,5677,1,0,played,11,0,False,20,0,0,2,0,2,0,,70,,0,0
691861,Fábio Lima,2026-07-05T23:30:00+00:00,2025,BRA2,2,False,4841927,16,10492,away,2646,0,0,played,11,10,False,82,0,0,1,0,1,0,,,82,0,0
691861,Fábio Lima,2026-06-28T19:00:00+00:00,2025,BRA2,2,False,4841979,15,10492,home,2029,2,0,played,11,10,False,78,0,0,2,1,0,1,,,78,0,0
691861,Fábio Lima,2026-06-21T20:00:00+00:00,2025,BRA2,2,False,4841811,14,10492,away,16439,1,0,played,11,10,False,90,0,0,2,1,1,0,,,,0,0
691861,Fábio Lima,2026-06-14T14:00:00+00:00,2025,BRA2,2,False,4841999,13,10492,home,1134,3,0,played,11,10,False,90,1,0,4,2,1,1,,,,0,0
691861,Fábio Lima,2026-06-04T23:00:00+00:00,2025,BRA2,2,False,4842013,12,10492,away,27214,1,2,played,11,12,False,86,0,0,1,0,0,1,,,86,0,0
691861,Fábio Lima,2026-05-30T00:00:00+00:00,2025,BRA2,2,False,4842129,11,10492,home,2863,3,0,played,11,12,False,65,0,1,0,0,0,0,,,65,0,0
691861,Fábio Lima,2026-05-23T23:30:00+00:00,2025,BRA2,2,False,4842069,10,10492,home,8718,0,1,played,11,12,False,76,0,0,2,2,0,0,,,76,0,0
691861,Fábio Lima,2026-05-17T19:00:00+00:00,2025,BRA2,2,False,4841872,9,10492,away,64918,1,1,played,11,0,False,23,0,0,3,1,2,0,,67,,0,0
691861,Fábio Lima,2026-05-13T22:00:00+00:00,2025,BRC,8,False,4881375,6,10492,home,585,3,1,played,11,0,False,27,0,0,1,0,1,0,,63,,0,0
691861,Fábio Lima,2026-05-10T00:15:00+00:00,2025,BRA2,2,False,4841959,8,10492,home,7178,0,0,played,11,0,False,14,0,0,0,0,0,0,,76,,0,0
691861,Fábio Lima,2026-05-07T00:30:00+00:00,2025,CSUS,21,False,4872052,6,10492,home,3234,2,1,not in squad,,,False,0,0,0,0,0,0,0,,,,0,0
691861,Fábio Lima,2026-05-03T21:30:00+00:00,2025,BRA2,2,False,4841825,7,10492,away,15172,0,0,played,11,0,False,36,0,0,1,0,1,0,,54,,0,0
691861,Fábio Lima,2026-04-30T23:00:00+00:00,2025,CSUS,21,False,4872047,5,10492,away,16837,2,3,not in squad,,,False,0,0,0,0,0,0,0,,,,0,0
897853,Petar Marinov,2026-07-25T16:00:00+00:00,2026,BU1,1,False,4909867,2,61955,home,26462,2,1,in squad,1,,False,0,0,0,0,0,0,0,,,,0,0
897853,Petar Marinov,2026-07-22T18:30:00+00:00,2026,ECLQ,10,False,4897990,3,61955,away,365,0,0,played,1,1,False,90,0,0,0,0,0,0,,,,0,0
897853,Petar Marinov,2026-07-17T16:00:00+00:00,2026,BU1,1,False,4909854,1,61955,away,9599,2,2,played,1,1,False,90,0,0,0,0,0,0,,,,0,0
897853,Petar Marinov,2026-05-25T17:30:00+00:00,2025,BU1,1,False,4866423,36,61955,home,156,0,0,played,1,1,False,90,0,0,0,0,0,0,90,,,0,0
897853,Petar Marinov,2026-05-16T13:00:00+00:00,2025,BU1,1,False,4866419,35,61955,home,31614,1,0,played,1,1,False,90,0,0,0,0,0,0,,,,0,0
897853,Petar Marinov,2026-05-13T14:45:00+00:00,2025,BU1,1,False,4866415,34,61955,away,208,1,1,played,1,1,False,90,0,0,0,0,0,0,,,,0,0
897853,Petar Marinov,2026-05-08T17:00:00+00:00,2025,BU1,1,False,4866401,33,61955,home,208,0,1,in squad,1,,False,0,0,0,0,0,0,0,,,,0,0
897853,Petar Marinov,2026-05-02T16:00:00+00:00,2025,BU1,1,False,4866383,32,61955,away,156,0,1,in squad,1,,False,0,0,0,0,0,0,0,,,,0,0
897853,Petar Marinov,2026-04-25T10:15:00+00:00,2025,BU1,1,False,4866374,31,61955,away,31614,2,1,in squad,1,,False,0,0,0,0,0,0,0,,,,0,0
897853,Petar Marinov,2026-04-15T15:00:00+00:00,2025,BU1,1,False,4718169,30,61955,away,967,4,0,in squad,1,,False,0,0,0,0,0,0,0,,,,0,0
371345,Dimitar Sheytanov,2026-07-25T16:00:00+00:00,2026,BU1,1,False,4909867,2,61955,home,26462,2,1,played,13,1,False,90,0,0,0,0,0,0,,,,0,0
371345,Dimitar Sheytanov,2026-07-22T18:30:00+00:00,2026,ECLQ,10,False,4897990,3,61955,away,365,0,0,in squad,13,,False,0,0,0,0,0,0,0,,,,0,0
371345,Dimitar Sheytanov,2026-07-17T16:00:00+00:00,2026,BU1,1,False,4909854,1,61955,away,9599,2,2,in squad,13,,False,0,0,0,0,0,0,0,,,,0,0
371345,Dimitar Sheytanov,2026-06-05T17:00:00+00:00,2025,FS,11,True,4864913,52,3394,away,6090,2,2,played,13,1,False,45,0,0,0,0,0,0,,46,,0,0
371345,Dimitar Sheytanov,2026-06-01T16:00:00+00:00,2025,FS,11,True,4864912,52,3394,home,11953,0,1,in squad,13,,False,0,0,0,0,0,0,0,,,,0,0
371345,Dimitar Sheytanov,2026-05-25T17:30:00+00:00,2025,BU1,1,False,4866423,36,61955,home,156,0,0,in squad,13,,False,0,0,0,0,0,0,0,,,,0,0
371345,Dimitar Sheytanov,2026-05-16T13:00:00+00:00,2025,BU1,1,False,4866419,35,61955,home,31614,1,0,in squad,13,,False,0,0,0,0,0,0,0,,,,0,0
371345,Dimitar Sheytanov,2026-05-13T14:45:00+00:00,2025,BU1,1,False,4866415,34,61955,away,208,1,1,in squad,13,,False,0,0,0,0,0,0,0,,,,0,0
371345,Dimitar Sheytanov,2026-05-08T17:00:00+00:00,2025,BU1,1,False,4866401,33,61955,home,208,0,1,played,13,1,False,90,0,0,0,0,0,0,,,,0,0
371345,Dimitar Sheytanov,2026-05-02T16:00:00+00:00,2025,BU1,1,False,4866383,32,61955,away,156,0,1,played,13,1,False,90,0,0,0,0,0,0,,,,0,0
871790,Diego Medina,2026-07-25T16:00:00+00:00,2026,BU1,1,False,4909867,2,61955,home,26462,2,1,not in squad,,,False,0,0,0,0,0,0,0,,,,0,0
871790,Diego Medina,2026-07-22T18:30:00+00:00,2026,ECLQ,10,False,4897990,3,61955,away,365,0,0,played,2,5,False,90,0,0,0,0,0,0,22,,,0,0
871790,Diego Medina,2026-07-17T16:00:00+00:00,2026,BU1,1,False,4909854,1,61955,away,9599,2,2,played,2,5,False,90,0,0,0,0,0,0,,,,0,0
871790,Diego Medina,2026-06-11T00:00:00+00:00,2025,FS,11,True,4895632,17,5233,away,3614,0,4,not in squad,,,False,0,0,0,0,0,0,0,,,,0,0
871790,Diego Medina,2026-06-06T20:00:00+00:00,2025,FS,11,True,4884488,6,5233,home,3380,0,4,not in squad,,,False,0,0,0,0,0,0,0,,,,0,0
871790,Diego Medina,2026-05-25T17:30:00+00:00,2025,BU1,1,False,4866423,36,61955,home,156,0,0,not in squad,,,False,0,0,0,0,0,0,0,,,,0,0
871790,Diego Medina,2026-05-16T13:00:00+00:00,2025,BU1,1,False,4866419,35,61955,home,31614,1,0,not in squad,,,False,0,0,0,0,0,0,0,,,,0,0
871790,Diego Medina,2026-05-13T14:45:00+00:00,2025,BU1,1,False,4866415,34,61955,away,208,1,1,played,2,4,True,13,0,0,0,0,0,0,,,13,0,0
871790,Diego Medina,2026-05-08T17:00:00+00:00,2025,BU1,1,False,4866401,33,61955,home,208,0,1,played,2,5,True,90,0,0,0,0,0,0,,,,0,0
871790,Diego Medina,2026-05-02T16:00:00+00:00,2025,BU1,1,False,4866383,32,61955,away,156,0,1,in squad,2,,False,0,0,0,0,0,0,0,,,,0,0
628049,Emil Tsenov,2026-07-26T16:30:00+00:00,2026,RU1,1,False,4904475,1,14589,home,1083,2,1,not in squad,,,False,0,0,0,0,0,0,0,,,,0,0
628049,Emil Tsenov,2026-06-05T17:00:00+00:00,2025,FS,11,True,4864913,52,3394,away,6090,2,2,played,22,6,False,88,0,0,0,0,0,0,,,88,0,0
628049,Emil Tsenov,2026-06-01T16:00:00+00:00,2025,FS,11,True,4864912,52,3394,home,11953,0,1,played,22,0,False,45,0,0,0,0,0,0,,46,,0,0
628049,Emil Tsenov,2026-05-17T15:00:00+00:00,2025,RU1,1,False,4649380,30,14589,away,16704,0,3,in squad,26,,False,0,0,0,0,0,0,0,,,,0,0
628049,Emil Tsenov,2026-05-10T09:30:00+00:00,2025,RU1,1,False,4649400,29,14589,home,2696,1,0,played,26,3,False,15,0,0,0,0,0,0,,75,,0,0
628049,Emil Tsenov,2026-05-03T11:30:00+00:00,2025,RU1,1,False,4649394,28,14589,away,41231,1,3,in squad,26,,False,0,0,0,0,0,0,0,,,,0,0
628049,Emil Tsenov,2026-04-25T11:30:00+00:00,2025,RU1,1,False,4649316,27,14589,away,1083,1,0,in squad,26,,False,0,0,0,0,0,0,0,,,,0,0
628049,Emil Tsenov,2026-04-22T14:30:00+00:00,2025,RU1,1,False,4649344,26,14589,home,49702,2,1,played,26,4,False,58,0,0,0,0,0,0,,,58,0,0
628049,Emil Tsenov,2026-04-18T09:00:00+00:00,2025,RU1,1,False,4649351,25,14589,home,932,0,1,in squad,26,,False,0,0,0,0,0,0,0,,,,0,0
628049,Emil Tsenov,2026-04-11T13:30:00+00:00,2025,RU1,1,False,4649328,24,14589,away,2698,0,0,in squad,26,,False,0,0,0,0,0,0,0,,,,0,0
222332,Lasha Dvali,2026-07-25T16:00:00+00:00,2026,BU1,1,False,4909867,2,61955,home,26462,2,1,not in squad,,,False,0,0,0,0,0,0,0,,,,0,0
222332,Lasha Dvali,2026-07-22T18:30:00+00:00,2026,ECLQ,10,False,4897990,3,61955,away,365,0,0,played,3,3,True,90,0,0,0,0,0,0,,,,0,0
222332,Lasha Dvali,2026-07-17T16:00:00+00:00,2026,BU1,1,False,4909854,1,61955,away,9599,2,2,played,3,3,True,90,0,0,0,0,0,0,,,,0,0
222332,Lasha Dvali,2026-06-05T16:00:00+00:00,2025,FS,11,True,4866106,52,3669,home,7214,2,0,not in squad,,,False,0,0,0,0,0,0,0,,,,0,0
222332,Lasha Dvali,2026-06-02T17:00:00+00:00,2025,FS,11,True,4846677,2,3669,home,3447,1,1,played,3,3,False,24,0,0,0,0,0,0,,66,,0,0
222332,Lasha Dvali,2026-05-25T17:30:00+00:00,2025,BU1,1,False,4866423,36,61955,home,156,0,0,played,21,3,False,90,0,0,0,0,0,0,,,,0,0
222332,Lasha Dvali,2026-05-16T13:00:00+00:00,2025,BU1,1,False,4866419,35,61955,home,31614,1,0,played,21,3,False,90,1,0,0,0,0,0,,,,0,0
222332,Lasha Dvali,2026-05-13T14:45:00+00:00,2025,BU1,1,False,4866415,34,61955,away,208,1,1,played,21,3,False,90,0,0,0,0,0,0,,,,0,0
222332,Lasha Dvali,2026-05-08T17:00:00+00:00,2025,BU1,1,False,4866401,33,61955,home,208,0,1,played,21,3,False,90,0,0,0,0,0,0,,,,0,0
222332,Lasha Dvali,2026-05-02T16:00:00+00:00,2025,BU1,1,False,4866383,32,61955,away,156,0,1,played,21,3,False,90,0,0,0,0,0,0,,,,0,0
578916,Ognjen Gasevic,2026-07-25T16:00:00+00:00,2026,BU1,1,False,4909867,2,61955,home,26462,2,1,in squad,22,,False,0,0,0,0,0,0,0,,,,0,0
578916,Ognjen Gasevic,2026-07-22T18:30:00+00:00,2026,ECLQ,10,False,4897990,3,61955,away,365,0,0,played,22,4,False,90,0,0,0,0,0,0,,,,0,0
578916,Ognjen Gasevic,2026-07-17T16:00:00+00:00,2026,BU1,1,False,4909854,1,61955,away,9599,2,2,played,22,4,False,90,0,0,0,0,0,0,,,,0,0
578916,Ognjen Gasevic,2026-06-05T16:30:00+00:00,2025,FS,11,True,4884498,6,11953,away,3503,2,2,played,16,0,False,45,0,0,0,0,0,0,,46,,0,0
578916,Ognjen Gasevic,2026-06-01T16:00:00+00:00,2025,FS,11,True,4864912,52,11953,away,3394,1,0,played,16,0,False,45,0,0,0,0,0,0,,46,,0,0
578916,Ognjen Gasevic,2026-05-25T17:30:00+00:00,2025,BU1,1,False,4866423,36,61955,home,156,0,0,played,22,4,True,90,0,0,0,0,0,0,,,,0,0
578916,Ognjen Gasevic,2026-05-16T13:00:00+00:00,2025,BU1,1,False,4866419,35,61955,home,31614,1,0,played,22,4,True,84,0,0,0,0,0,0,,,84,0,0
578916,Ognjen Gasevic,2026-05-13T14:45:00+00:00,2025,BU1,1,False,4866415,34,61955,away,208,1,1,not in squad,,,False,0,0,0,0,0,0,0,,,,0,0
578916,Ognjen Gasevic,2026-05-08T17:00:00+00:00,2025,BU1,1,False,4866401,33,61955,home,208,0,1,played,22,4,False,62,0,0,0,0,0,0,,,62,0,0
578916,Ognjen Gasevic,2026-05-02T16:00:00+00:00,2025,BU1,1,False,4866383,32,61955,away,156,0,1,played,22,4,True,90,0,0,0,0,0,0,,,,0,0
720932,Egor Parkhomenko,2026-07-25T16:00:00+00:00,2026,BU1,1,False,4909867,2,61955,home,26462,2,1,played,6,3,False,90,0,0,0,0,0,0,,,,0,0
720932,Egor Parkhomenko,2026-07-22T18:30:00+00:00,2026,ECLQ,10,False,4897990,3,61955,away,365,0,0,not in squad,,,False,0,0,0,0,0,0,0,,,,0,0
720932,Egor Parkhomenko,2026-07-17T16:00:00+00:00,2026,BU1,1,False,4909854,1,61955,away,9599,2,2,played,6,3,False,45,0,0,0,0,0,0,,,46,0,0
720932,Egor Parkhomenko,2026-06-09T16:30:00+00:00,2025,FS,11,True,4888751,17,3450,home,5872,2,2,played,5,3,False,90,0,0,0,0,0,0,,,,0,0
720932,Egor Parkhomenko,2026-06-05T16:00:00+00:00,2025,FS,11,True,4872541,10,3450,home,13674,4,1,in squad,5,,False,0,0,0,0,0,0,0,,,,0,0
720932,Egor Parkhomenko,2026-05-25T17:30:00+00:00,2025,BU1,1,False,4866423,36,61955,home,156,0,0,played,6,3,False,90,0,0,0,0,0,0,,,,0,0
720932,Egor Parkhomenko,2026-05-16T13:00:00+00:00,2025,BU1,1,False,4866419,35,61955,home,31614,1,0,played,6,3,False,90,0,0,0,0,0,0,,,,0,0
720932,Egor Parkhomenko,2026-05-13T14:45:00+00:00,2025,BU1,1,False,4866415,34,61955,away,208,1,1,not in squad,,,False,0,0,0,0,0,0,0,,,,0,0
720932,Egor Parkhomenko,2026-05-08T17:00:00+00:00,2025,BU1,1,False,4866401,33,61955,home,208,0,1,in squad,6,,False,0,0,0,0,0,0,0,,,,0,0
720932,Egor Parkhomenko,2026-05-02T16:00:00+00:00,2025,BU1,1,False,4866383,32,61955,away,156,0,1,not in squad,,,False,0,0,0,0,0,0,0,,,,0,0
1038785,Kufre Eta,2026-07-26T17:00:00+00:00,2026,SER1,1,False,4937755,2,448,away,159,1,3,not in squad,,,False,0,0,0,0,0,0,0,,,,0,0
1038785,Kufre Eta,2026-07-23T18:00:00+00:00,2026,ECLQ,10,False,4897983,3,448,home,610,1,4,not in squad,,,False,0,0,0,0,0,0,0,,,,0,0
1038785,Kufre Eta,2026-07-19T17:00:00+00:00,2026,SER1,1,False,4936433,1,448,home,53,4,0,not in squad,,,False,0,0,0,0,0,0,0,,,,0,0
1038785,Kufre Eta,2026-07-16T18:15:00+00:00,2026,ELQ,10,False,4897224,2,448,away,279,0,3,not in squad,,,False,0,0,0,0,0,0,0,,,,0,0
1038785,Kufre Eta,2026-07-09T18:00:00+00:00,2026,ELQ,10,False,4897218,1,448,home,279,1,2,not in squad,,,False,0,0,0,0,0,0,0,,,,0,0
1038785,Kufre Eta,2026-05-23T16:00:00+00:00,2025,SR1C,12,False,4865914,7,448,home,4633,3,0,not in squad,,,False,0,0,0,0,0,0,0,,,,0,0
1038785,Kufre Eta,2026-05-17T18:00:00+00:00,2025,SR1C,12,False,4865907,6,448,away,53,2,1,not in squad,,,False,0,0,0,0,0,0,0,,,,0,0
1038785,Kufre Eta,2026-05-13T18:00:00+00:00,2025,SERP,8,False,4882141,6,448,away,159,6,7,not in squad,,,False,0,0,0,0,0,0,0,,,,0,0
1038785,Kufre Eta,2026-05-08T16:00:00+00:00,2025,SR1C,12,False,4865903,5,448,home,6621,1,0,not in squad,,,False,0,0,0,0,0,0,0,,,,0,0
1038785,Kufre Eta,2026-05-04T15:00:00+00:00,2025,SR1C,12,False,4865895,4,448,away,33328,4,1,not in squad,,,False,0,0,0,0,0,0,0,,,,0,0
1038785,Kufre Eta,2026-04-29T16:30:00+00:00,2025,SERP,8,False,4848388,5,448,away,4655,2,1,not in squad,,,False,0,0,0,0,0,0,0,,,,0,0
648509,Fourat Soltani,2026-07-25T16:00:00+00:00,2026,BU1,1,False,4909867,2,61955,home,26462,2,1,played,15,4,False,90,0,0,0,0,0,0,,,,0,0
648509,Fourat Soltani,2026-07-22T18:30:00+00:00,2026,ECLQ,10,False,4897990,3,61955,away,365,0,0,in squad,15,,False,0,0,0,0,0,0,0,,,,0,0
648509,Fourat Soltani,2026-07-17T16:00:00+00:00,2026,BU1,1,False,4909854,1,61955,away,9599,2,2,not in squad,,,False,0,0,0,0,0,0,0,,,,0,0
648509,Fourat Soltani,2026-05-25T17:30:00+00:00,2025,BU1,1,False,4866423,36,61955,home,156,0,0,not in squad,,,False,0,0,0,0,0,0,0,,,,0,0
648509,Fourat Soltani,2026-05-16T13:00:00+00:00,2025,BU1,1,False,4866419,35,61955,home,31614,1,0,not in squad,,,False,0,0,0,0,0,0,0,,,,0,0
648509,Fourat Soltani,2026-05-13T14:45:00+00:00,2025,BU1,1,False,4866415,34,61955,away,208,1,1,not in squad,,,False,0,0,0,0,0,0,0,,,,0,0
648509,Fourat Soltani,2026-05-08T17:00:00+00:00,2025,BU1,1,False,4866401,33,61955,home,208,0,1,played,15,0,False,28,0,0,0,0,0,0,,62,,0,0
648509,Fourat Soltani,2026-05-02T16:00:00+00:00,2025,BU1,1,False,4866383,32,61955,away,156,0,1,not in squad,,,False,0,0,0,0,0,0,0,,,,0,0
648509,Fourat Soltani,2026-04-25T10:15:00+00:00,2025,BU1,1,False,4866374,31,61955,away,31614,2,1,not in squad,,,False,0,0,0,0,0,0,0,,,,0,0
648509,Fourat Soltani,2026-04-15T15:00:00+00:00,2025,BU1,1,False,4718169,30,61955,away,967,4,0,not in squad,,,False,0,0,0,0,0,0,0,,,,0,0
352598,Dragan Grivić,2026-07-25T16:00:00+00:00,2026,BU1,1,False,4909867,2,61955,home,26462,2,1,played,96,5,False,90,0,1,0,0,0,0,,,,0,0
352598,Dragan Grivić,2026-07-22T18:30:00+00:00,2026,ECLQ,10,False,4897990,3,61955,away,365,0,0,in squad,96,,False,0,0,0,0,0,0,0,,,,0,0
352598,Dragan Grivić,2026-07-17T16:00:00+00:00,2026,BU1,1,False,4909854,1,61955,away,9599,2,2,not in squad,,,False,0,0,0,0,0,0,0,,,,0,0
352598,Dragan Grivić,2026-05-25T17:30:00+00:00,2025,BU1,1,False,4866423,36,61955,home,156,0,0,played,96,5,False,90,0,0,0,0,0,0,,,,0,0
352598,Dragan Grivić,2026-05-16T13:00:00+00:00,2025,BU1,1,False,4866419,35,61955,home,31614,1,0,played,96,5,False,90,0,0,0,0,0,0,,,,0,0
352598,Dragan Grivić,2026-05-13T14:45:00+00:00,2025,BU1,1,False,4866415,34,61955,away,208,1,1,played,96,5,False,90,0,0,0,0,0,0,,,,0,0
352598,Dragan Grivić,2026-05-08T17:00:00+00:00,2025,BU1,1,False,4866401,33,61955,home,208,0,1,absent,,,False,0,0,0,0,0,0,0,,,,0,1
352598,Dragan Grivić,2026-05-02T16:00:00+00:00,2025,BU1,1,False,4866383,32,61955,away,156,0,1,played,96,5,False,90,0,0,0,0,0,0,32,,,0,0
352598,Dragan Grivić,2026-04-25T10:15:00+00:00,2025,BU1,1,False,4866374,31,61955,away,31614,2,1,played,96,5,False,90,0,0,0,0,0,0,75,,,0,0
352598,Dragan Grivić,2026-04-15T15:00:00+00:00,2025,BU1,1,False,4718169,30,61955,away,967,4,0,played,96,5,False,90,0,0,0,0,0,0,,,,0,0
910633,Simeon Vasilev,2026-07-24T18:15:00+00:00,2026,BU1,1,False,4909866,2,40604,home,675,1,0,in squad,18,,False,0,0,0,0,0,0,0,,,,0,0
910633,Simeon Vasilev,2026-07-18T16:00:00+00:00,2026,BU1,1,False,4909857,1,40604,away,40416,1,1,played,18,11,False,62,0,0,0,0,0,0,,,62,0,0
910633,Simeon Vasilev,2026-05-22T15:00:00+00:00,2025,BU1,1,False,4866453,37,40416,home,4362,1,1,not in squad,,,False,0,0,0,0,0,0,0,,,,0,0
910633,Simeon Vasilev,2026-05-18T16:30:00+00:00,2025,BU1,1,False,4866447,36,40416,away,6764,1,0,not in squad,,,False,0,0,0,0,0,0,0,,,,0,0
910633,Simeon Vasilev,2026-05-14T12:15:00+00:00,2025,BU1,1,False,4866445,35,40416,home,9599,1,0,not in squad,,,False,0,0,0,0,0,0,0,,,,0,0
910633,Simeon Vasilev,2026-05-10T13:45:00+00:00,2025,BU1,1,False,4866439,34,40416,away,26462,1,1,not in squad,,,False,0,0,0,0,0,0,0,,,,0,0
910633,Simeon Vasilev,2026-05-06T14:30:00+00:00,2025,BU1,1,False,4866438,33,40416,away,675,1,2,not in squad,,,False,0,0,0,0,0,0,0,,,,0,0
910633,Simeon Vasilev,2026-05-01T14:30:00+00:00,2025,BU1,1,False,4866434,32,40416,home,24078,1,1,not in squad,,,False,0,0,0,0,0,0,0,,,,0,0
910633,Simeon Vasilev,2026-04-27T17:00:00+00:00,2025,BU1,1,False,4866429,31,40416,away,730,1,1,not in squad,,,False,0,0,0,0,0,0,0,,,,0,0
910633,Simeon Vasilev,2026-04-16T14:00:00+00:00,2025,BU1,1,False,4718170,30,40416,home,9599,0,0,not in squad,,,False,0,0,0,0,0,0,0,,,,0,0
396108,Juanmi Carrión,2026-07-25T16:00:00+00:00,2026,SLO1,1,False,4971548,1,365,home,35488,1,1,played,3,4,False,90,0,0,1,0,1,0,,,,0,0
396108,Juanmi Carrión,2026-07-22T18:30:00+00:00,2026,ECLQ,10,False,4897990,3,365,home,61955,0,0,played,3,0,False,13,0,0,0,0,0,0,,77,,0,0
396108,Juanmi Carrión,2026-05-25T17:30:00+00:00,2025,BU1,1,False,4866423,36,61955,home,156,0,0,in squad,3,,False,0,0,0,0,0,0,0,,,,0,0
396108,Juanmi Carrión,2026-05-16T13:00:00+00:00,2025,BU1,1,False,4866419,35,61955,home,31614,1,0,played,3,0,False,6,0,0,0,0,0,0,,84,,0,0
396108,Juanmi Carrión,2026-05-13T14:45:00+00:00,2025,BU1,1,False,4866415,34,61955,away,208,1,1,played,3,0,False,77,0,0,0,0,0,0,,13,,0,0
396108,Juanmi Carrión,2026-05-08T17:00:00+00:00,2025,BU1,1,False,4866401,33,61955,home,208,0,1,in squad,3,,False,0,0,0,0,0,0,0,,,,0,0
396108,Juanmi Carrión,2026-05-02T16:00:00+00:00,2025,BU1,1,False,4866383,32,61955,away,156,0,1,in squad,3,,False,0,0,0,0,0,0,0,,,,0,0
396108,Juanmi Carrión,2026-04-25T10:15:00+00:00,2025,BU1,1,False,4866374,31,61955,away,31614,2,1,in squad,3,,False,0,0,0,0,0,0,0,,,,0,0
396108,Juanmi Carrión,2026-04-15T15:00:00+00:00,2025,BU1,1,False,4718169,30,61955,away,967,4,0,in squad,3,,False,0,0,0,0,0,0,0,,,,0,0
396108,Juanmi Carrión,2026-04-10T12:30:00+00:00,2025,BU1,1,False,4718202,29,61955,home,26462,1,0,in squad,3,,False,0,0,0,0,0,0,0,,,,0,0
906060,Adama Ardile Traoré,2026-07-24T18:15:00+00:00,2026,BU1,1,False,4909866,2,40604,home,675,1,0,played,44,3,False,90,0,0,0,0,0,0,,,,0,0
906060,Adama Ardile Traoré,2026-07-18T16:00:00+00:00,2026,BU1,1,False,4909857,1,40604,away,40416,1,1,played,44,3,False,90,0,0,0,0,0,0,,,,0,0
906060,Adama Ardile Traoré,2026-05-25T17:30:00+00:00,2025,BU1,1,False,4866423,36,61955,home,156,0,0,in squad,88,,False,0,0,0,0,0,0,0,,,,0,0
906060,Adama Ardile Traoré,2026-05-16T13:00:00+00:00,2025,BU1,1,False,4866419,35,61955,home,31614,1,0,in squad,88,,False,0,0,0,0,0,0,0,,,,0,0
906060,Adama Ardile Traoré,2026-05-13T14:45:00+00:00,2025,BU1,1,False,4866415,34,61955,away,208,1,1,in squad,88,,False,0,0,0,0,0,0,0,,,,0,0
906060,Adama Ardile Traoré,2026-05-08T17:00:00+00:00,2025,BU1,1,False,4866401,33,61955,home,208,0,1,absent,,,False,0,0,0,0,0,0,0,,,,0,3
906060,Adama Ardile Traoré,2026-05-02T16:00:00+00:00,2025,BU1,1,False,4866383,32,61955,away,156,0,1,played,88,3,False,55,0,0,0,0,0,0,,,,0,0
906060,Adama Ardile Traoré,2026-04-25T10:15:00+00:00,2025,BU1,1,False,4866374,31,61955,away,31614,2,1,played,88,3,False,90,0,0,0,0,0,0,,,,0,0
906060,Adama Ardile Traoré,2026-04-15T15:00:00+00:00,2025,BU1,1,False,4718169,30,61955,away,967,4,0,not in squad,,,False,0,0,0,0,0,0,0,,,,0,0
906060,Adama Ardile Traoré,2026-04-10T12:30:00+00:00,2025,BU1,1,False,4718202,29,61955,home,26462,1,0,not in squad,,,False,0,0,0,0,0,0,0,,,,0,0
85164,Andre Hoffmann,2026-07-25T16:00:00+00:00,2026,BU1,1,False,4909867,2,61955,home,26462,2,1,in squad,4,,False,0,0,0,0,0,0,0,,,,0,0
85164,Andre Hoffmann,2026-07-22T18:30:00+00:00,2026,ECLQ,10,False,4897990,3,61955,away,365,0,0,played,4,3,False,90,0,0,0,0,0,0,,,,0,0
85164,Andre Hoffmann,2026-07-17T16:00:00+00:00,2026,BU1,1,False,4909854,1,61955,away,9599,2,2,played,4,0,False,45,0,0,0,0,0,0,,46,,0,0
85164,Andre Hoffmann,2026-05-25T17:30:00+00:00,2025,BU1,1,False,4866423,36,61955,home,156,0,0,played,4,0,False,1,0,0,0,0,0,0,,90,,0,0
85164,Andre Hoffmann,2026-05-16T13:00:00+00:00,2025,BU1,1,False,4866419,35,61955,home,31614,1,0,played,4,0,False,1,0,0,0,0,0,0,,90,,0,0
85164,Andre Hoffmann,2026-05-13T14:45:00+00:00,2025,BU1,1,False,4866415,34,61955,away,208,1,1,played,4,3,False,90,0,0,0,0,0,0,,,,0,0
85164,Andre Hoffmann,2026-05-08T17:00:00+00:00,2025,BU1,1,False,4866401,33,61955,home,208,0,1,played,4,3,False,90,0,0,0,0,0,0,,,,0,0
85164,Andre Hoffmann,2026-05-02T16:00:00+00:00,2025,BU1,1,False,4866383,32,61955,away,156,0,1,played,4,0,False,31,0,0,0,0,0,0,,59,,0,0
85164,Andre Hoffmann,2026-04-25T10:15:00+00:00,2025,BU1,1,False,4866374,31,61955,away,31614,2,1,played,4,0,False,16,0,0,0,0,0,0,,74,,0,0
85164,Andre Hoffmann,2026-04-15T15:00:00+00:00,2025,BU1,1,False,4718169,30,61955,away,967,4,0,played,4,0,False,18,0,0,0,0,0,0,,72,,0,0
387199,Benaissa Benamar,2026-07-25T16:00:00+00:00,2026,BU1,1,False,4909867,2,61955,home,26462,2,1,not in squad,,,False,0,0,0,0,0,0,0,,,,0,0
387199,Benaissa Benamar,2026-07-22T18:30:00+00:00,2026,ECLQ,10,False,4897990,3,61955,away,365,0,0,not in squad,,,False,0,0,0,0,0,0,0,,,,0,0
387199,Benaissa Benamar,2026-07-17T16:00:00+00:00,2026,BU1,1,False,4909854,1,61955,away,9599,2,2,not in squad,,,False,0,0,0,0,0,0,0,,,,0,0
387199,Benaissa Benamar,2026-05-25T17:30:00+00:00,2025,BU1,1,False,4866423,36,61955,home,156,0,0,not in squad,,,False,0,0,0,0,0,0,0,,,,0,0
387199,Benaissa Benamar,2026-05-16T13:00:00+00:00,2025,BU1,1,False,4866419,35,61955,home,31614,1,0,not in squad,,,False,0,0,0,0,0,0,0,,,,0,0
387199,Benaissa Benamar,2026-05-13T14:45:00+00:00,2025,BU1,1,False,4866415,34,61955,away,208,1,1,not in squad,,,False,0,0,0,0,0,0,0,,,,0,0
387199,Benaissa Benamar,2026-05-08T17:00:00+00:00,2025,BU1,1,False,4866401,33,61955,home,208,0,1,not in squad,,,False,0,0,0,0,0,0,0,,,,0,0
387199,Benaissa Benamar,2026-05-02T16:00:00+00:00,2025,BU1,1,False,4866383,32,61955,away,156,0,1,injured,,,False,0,0,0,0,0,0,0,,,,101,0
387199,Benaissa Benamar,2026-04-25T10:15:00+00:00,2025,BU1,1,False,4866374,31,61955,away,31614,2,1,injured,,,False,0,0,0,0,0,0,0,,,,101,0
387199,Benaissa Benamar,2026-04-15T15:00:00+00:00,2025,BU1,1,False,4718169,30,61955,away,967,4,0,injured,,,False,0,0,0,0,0,0,0,,,,101,0
188477,Borislav Tsonev,2026-07-25T16:00:00+00:00,2026,BU1,1,False,4909867,2,61955,home,26462,2,1,played,10,11,False,72,0,0,0,0,0,0,,,72,0,0
188477,Borislav Tsonev,2026-07-22T18:30:00+00:00,2026,ECLQ,10,False,4897990,3,61955,away,365,0,0,in squad,10,,False,0,0,0,0,0,0,0,,,,0,0
188477,Borislav Tsonev,2026-07-17T16:00:00+00:00,2026,BU1,1,False,4909854,1,61955,away,9599,2,2,played,10,0,False,45,0,0,0,0,0,0,,46,,0,0
188477,Borislav Tsonev,2026-06-05T17:00:00+00:00,2025,FS,11,True,4864913,52,3394,away,6090,2,2,played,7,10,False,75,0,1,0,0,0,0,,,75,0,0
188477,Borislav Tsonev,2026-06-01T16:00:00+00:00,2025,FS,11,True,4864912,52,3394,home,11953,0,1,played,7,0,False,45,0,0,0,0,0,0,90,46,,0,0
188477,Borislav Tsonev,2026-05-25T17:30:00+00:00,2025,BU1,1,False,4866423,36,61955,home,156,0,0,played,10,14,False,90,0,0,0,0,0,0,,,,0,0
188477,Borislav Tsonev,2026-05-16T13:00:00+00:00,2025,BU1,1,False,4866419,35,61955,home,31614,1,0,played,10,11,False,90,0,0,0,0,0,0,56,,,0,0
188477,Borislav Tsonev,2026-05-13T14:45:00+00:00,2025,BU1,1,False,4866415,34,61955,away,208,1,1,played,10,0,False,27,0,0,0,0,0,0,,63,,0,0
188477,Borislav Tsonev,2026-05-08T17:00:00+00:00,2025,BU1,1,False,4866401,33,61955,home,208,0,1,played,10,12,False,90,0,0,0,0,0,0,,,,0,0
188477,Borislav Tsonev,2026-05-02T16:00:00+00:00,2025,BU1,1,False,4866383,32,61955,away,156,0,1,played,10,12,False,90,0,0,0,0,0,0,,,,0,0
594997,Yohann Magnin,2026-05-25T17:30:00+00:00,2025,BU1,1,False,4866423,36,61955,home,156,0,0,not in squad,,,False,0,0,0,0,0,0,0,,,,0,0
594997,Yohann Magnin,2026-05-16T13:00:00+00:00,2025,BU1,1,False,4866419,35,61955,home,31614,1,0,not in squad,,,False,0,0,0,0,0,0,0,,,,0,0
594997,Yohann Magnin,2026-05-13T14:45:00+00:00,2025,BU1,1,False,4866415,34,61955,away,208,1,1,not in squad,,,False,0,0,0,0,0,0,0,,,,0,0
594997,Yohann Magnin,2026-05-08T17:00:00+00:00,2025,BU1,1,False,4866401,33,61955,home,208,0,1,not in squad,,,False,0,0,0,0,0,0,0,,,,0,0
594997,Yohann Magnin,2026-05-02T16:00:00+00:00,2025,BU1,1,False,4866383,32,61955,away,156,0,1,not in squad,,,False,0,0,0,0,0,0,0,,,,0,0
594997,Yohann Magnin,2026-04-25T10:15:00+00:00,2025,BU1,1,False,4866374,31,61955,away,31614,2,1,not in squad,,,False,0,0,0,0,0,0,0,,,,0,0
594997,Yohann Magnin,2026-04-15T15:00:00+00:00,2025,BU1,1,False,4718169,30,61955,away,967,4,0,played,8,7,False,41,0,0,0,0,0,0,,,41,0,0
594997,Yohann Magnin,2026-04-10T12:30:00+00:00,2025,BU1,1,False,4718202,29,61955,home,26462,1,0,played,8,6,False,90,0,0,0,0,0,0,,,90,0,0
594997,Yohann Magnin,2026-04-05T16:30:00+00:00,2025,BU1,1,False,4718145,28,61955,away,31614,0,3,played,8,6,False,90,0,0,0,0,0,0,,,,0,0
594997,Yohann Magnin,2026-03-21T13:00:00+00:00,2025,BU1,1,False,4718198,27,61955,home,730,3,2,played,8,7,False,90,0,0,0,0,0,0,,,,0,0
840966,Brian Sobrero,2026-07-25T16:00:00+00:00,2026,BU1,1,False,4909867,2,61955,home,26462,2,1,played,20,0,False,26,0,0,0,0,0,0,,64,,0,0
840966,Brian Sobrero,2026-07-22T18:30:00+00:00,2026,ECLQ,10,False,4897990,3,61955,away,365,0,0,played,20,11,False,67,0,0,0,0,0,0,,,67,0,0
840966,Brian Sobrero,2026-07-17T16:00:00+00:00,2026,BU1,1,False,4909854,1,61955,away,9599,2,2,not in squad,,,False,0,0,0,0,0,0,0,,,,0,0
840966,Brian Sobrero,2026-05-25T17:30:00+00:00,2025,BU1,1,False,4866423,36,61955,home,156,0,0,played,20,11,False,60,0,0,0,0,0,0,,,60,0,0
840966,Brian Sobrero,2026-05-16T13:00:00+00:00,2025,BU1,1,False,4866419,35,61955,home,31614,1,0,played,20,0,False,45,0,1,0,0,0,0,,46,,0,0
840966,Brian Sobrero,2026-05-13T14:45:00+00:00,2025,BU1,1,False,4866415,34,61955,away,208,1,1,played,20,11,False,90,0,0,0,0,0,0,,,,0,0
840966,Brian Sobrero,2026-05-08T17:00:00+00:00,2025,BU1,1,False,4866401,33,61955,home,208,0,1,played,20,11,False,90,0,0,0,0,0,0,,,,0,0
840966,Brian Sobrero,2026-05-02T16:00:00+00:00,2025,BU1,1,False,4866383,32,61955,away,156,0,1,played,20,11,False,59,0,0,0,0,0,0,,,59,0,0
840966,Brian Sobrero,2026-04-25T10:15:00+00:00,2025,BU1,1,False,4866374,31,61955,away,31614,2,1,played,20,11,False,74,1,0,0,0,0,0,,,74,0,0
840966,Brian Sobrero,2026-04-15T15:00:00+00:00,2025,BU1,1,False,4718169,30,61955,away,967,4,0,played,20,11,False,90,1,0,0,0,0,0,,,,0,0
657446,Bernardo Couto,2026-07-25T16:00:00+00:00,2026,BU1,1,False,4909867,2,61955,home,26462,2,1,injured,,,False,0,0,0,0,0,0,0,,,,192,0
657446,Bernardo Couto,2026-07-22T18:30:00+00:00,2026,ECLQ,10,False,4897990,3,61955,away,365,0,0,injured,,,False,0,0,0,0,0,0,0,,,,192,0
657446,Bernardo Couto,2026-07-17T16:00:00+00:00,2026,BU1,1,False,4909854,1,61955,away,9599,2,2,injured,,,False,0,0,0,0,0,0,0,,,,192,0
657446,Bernardo Couto,2026-05-25T17:30:00+00:00,2025,BU1,1,False,4866423,36,61955,home,156,0,0,injured,,,False,0,0,0,0,0,0,0,,,,192,0
657446,Bernardo Couto,2026-05-16T13:00:00+00:00,2025,BU1,1,False,4866419,35,61955,home,31614,1,0,injured,,,False,0,0,0,0,0,0,0,,,,192,0
657446,Bernardo Couto,2026-05-13T14:45:00+00:00,2025,BU1,1,False,4866415,34,61955,away,208,1,1,injured,,,False,0,0,0,0,0,0,0,,,,192,0
657446,Bernardo Couto,2026-05-08T17:00:00+00:00,2025,BU1,1,False,4866401,33,61955,home,208,0,1,injured,,,False,0,0,0,0,0,0,0,,,,192,0
657446,Bernardo Couto,2026-05-02T16:00:00+00:00,2025,BU1,1,False,4866383,32,61955,away,156,0,1,injured,,,False,0,0,0,0,0,0,0,,,,192,0
657446,Bernardo Couto,2026-04-25T10:15:00+00:00,2025,BU1,1,False,4866374,31,61955,away,31614,2,1,injured,,,False,0,0,0,0,0,0,0,,,,192,0
657446,Bernardo Couto,2026-04-15T15:00:00+00:00,2025,BU1,1,False,4718169,30,61955,away,967,4,0,injured,,,False,0,0,0,0,0,0,0,,,,192,0
335102,Florian Krebs,2026-07-25T16:00:00+00:00,2026,BU1,1,False,4909867,2,61955,home,26462,2,1,played,23,6,False,76,1,0,0,0,0,0,,,76,0,0
335102,Florian Krebs,2026-07-22T18:30:00+00:00,2026,ECLQ,10,False,4897990,3,61955,away,365,0,0,played,23,0,False,14,0,0,0,0,0,0,,76,,0,0
335102,Florian Krebs,2026-07-17T16:00:00+00:00,2026,BU1,1,False,4909854,1,61955,away,9599,2,2,played,23,7,False,45,0,0,0,0,0,0,,,46,0,0
335102,Florian Krebs,2026-05-25T17:30:00+00:00,2025,BU1,1,False,4866423,36,61955,home,156,0,0,played,23,7,False,90,0,0,0,0,0,0,,,,0,0
335102,Florian Krebs,2026-05-16T13:00:00+00:00,2025,BU1,1,False,4866419,35,61955,home,31614,1,0,played,23,7,False,90,0,0,0,0,0,0,,,90,0,0
335102,Florian Krebs,2026-05-13T14:45:00+00:00,2025,BU1,1,False,4866415,34,61955,away,208,1,1,played,23,7,False,63,0,0,0,0,0,0,,,63,0,0
335102,Florian Krebs,2026-05-08T17:00:00+00:00,2025,BU1,1,False,4866401,33,61955,home,208,0,1,played,23,7,False,76,0,0,0,0,0,0,65,,76,0,0
335102,Florian Krebs,2026-05-02T16:00:00+00:00,2025,BU1,1,False,4866383,32,61955,away,156,0,1,played,23,7,False,80,0,0,0,0,0,0,,,80,0,0
335102,Florian Krebs,2026-04-25T10:15:00+00:00,2025,BU1,1,False,4866374,31,61955,away,31614,2,1,played,23,7,False,90,0,0,0,0,0,0,49,,,0,0
335102,Florian Krebs,2026-04-15T15:00:00+00:00,2025,BU1,1,False,4718169,30,61955,away,967,4,0,played,23,12,False,61,0,0,0,0,0,0,,,61,0,0
1084760,Marto Boychev,2026-07-25T16:00:00+00:00,2026,BU1,1,False,4909867,2,61955,home,26462,2,1,in squad,19,,False,0,0,0,0,0,0,0,,,,0,0
1084760,Marto Boychev,2026-07-22T18:30:00+00:00,2026,ECLQ,10,False,4897990,3,61955,away,365,0,0,in squad,19,,False,0,0,0,0,0,0,0,,,,0,0
1084760,Marto Boychev,2026-07-17T16:00:00+00:00,2026,BU1,1,False,4909854,1,61955,away,9599,2,2,played,19,12,False,45,0,0,0,0,0,0,19,,46,0,0
1084760,Marto Boychev,2026-06-07T08:30:00+00:00,2025,FS,11,True,4889234,41,27256,home,26099,3,0,played,10,7,False,64,1,0,0,0,0,0,,,64,0,0
1084760,Marto Boychev,2026-06-04T15:00:00+00:00,2025,FS,11,True,4889233,36,27256,home,26099,1,0,played,10,7,False,65,0,0,0,0,0,0,,,65,0,0
1084760,Marto Boychev,2026-05-25T17:30:00+00:00,2025,BU1,1,False,4866423,36,61955,home,156,0,0,in squad,19,,False,0,0,0,0,0,0,0,,,,0,0
1084760,Marto Boychev,2026-05-16T13:00:00+00:00,2025,BU1,1,False,4866419,35,61955,home,31614,1,0,in squad,19,,False,0,0,0,0,0,0,0,,,,0,0
1084760,Marto Boychev,2026-05-13T14:45:00+00:00,2025,BU1,1,False,4866415,34,61955,away,208,1,1,in squad,19,,False,0,0,0,0,0,0,0,,,,0,0
1084760,Marto Boychev,2026-05-08T17:00:00+00:00,2025,BU1,1,False,4866401,33,61955,home,208,0,1,played,19,0,False,14,0,0,0,0,0,0,,76,,0,0
1084760,Marto Boychev,2026-05-02T16:00:00+00:00,2025,BU1,1,False,4866383,32,61955,away,156,0,1,played,19,0,False,10,0,0,0,0,0,0,,80,,0,0
971285,William Fonkeu,2026-07-26T17:00:00+00:00,2026,MO1N,1,False,4946612,5,30686,away,2481,0,0,played,33,0,False,90,0,0,0,0,0,0,,,,0,0
971285,William Fonkeu,2026-07-19T15:00:00+00:00,2026,MO1N,1,False,4936491,4,30686,home,83016,2,1,played,33,0,False,10,0,0,0,0,0,0,,80,,0,0
971285,William Fonkeu,2026-07-16T17:00:00+00:00,2026,ECLQ,10,False,4897264,2,30686,home,628,0,1,played,33,6,False,90,0,0,0,0,0,0,56,,,0,0
971285,William Fonkeu,2026-07-12T17:00:00+00:00,2026,MO1N,1,False,4923340,3,30686,home,39003,0,1,played,33,0,False,75,0,0,0,0,0,0,,,75,0,0
971285,William Fonkeu,2026-07-09T17:00:00+00:00,2026,ECLQ,10,False,4897238,1,30686,away,628,1,1,played,33,6,False,90,0,0,0,0,0,0,30,,,0,0
971285,William Fonkeu,2026-07-04T17:00:00+00:00,2026,MO1N,1,False,4904960,2,30686,away,46643,0,5,played,33,0,False,70,0,0,0,0,0,0,,,70,0,0
971285,William Fonkeu,2026-06-27T17:00:00+00:00,2026,MO1N,1,False,4902440,1,30686,home,2714,0,0,played,33,0,False,28,0,0,0,0,0,0,,62,,0,0
971285,William Fonkeu,2026-05-17T17:30:00+00:00,2025,MOP2,1,False,4836368,10,30686,home,2481,0,0,in squad,33,,False,0,0,0,0,0,0,0,,,,0,0
971285,William Fonkeu,2026-05-13T18:00:00+00:00,2025,MWP1,8,False,4881756,8,30686,home,2714,0,1,injured,,,False,0,0,0,0,0,0,0,,,,108,0
971285,William Fonkeu,2026-05-09T17:00:00+00:00,2025,MOP2,1,False,4836364,9,30686,away,39003,2,1,injured,,,False,0,0,0,0,0,0,0,,,,108,0
971285,William Fonkeu,2026-05-06T16:00:00+00:00,2025,MWP1,8,False,4881754,7,30686,away,2714,0,2,played,33,0,False,90,0,0,0,0,0,0,,,,0,0
971285,William Fonkeu,2026-05-02T17:00:00+00:00,2025,MOP2,1,False,4836362,8,30686,home,46643,0,3,played,33,0,False,90,0,0,0,0,0,0,,,,0,0
280278,Petar Vitanov,2026-07-25T16:00:00+00:00,2026,BU1,1,False,4909867,2,61955,home,26462,2,1,played,34,6,True,90,0,0,0,0,0,0,,,,0,0
280278,Petar Vitanov,2026-07-22T18:30:00+00:00,2026,ECLQ,10,False,4897990,3,61955,away,365,0,0,in squad,34,,False,0,0,0,0,0,0,0,,,,0,0
280278,Petar Vitanov,2026-07-17T16:00:00+00:00,2026,BU1,1,False,4909854,1,61955,away,9599,2,2,in squad,34,,False,0,0,0,0,0,0,0,,,,0,0
280278,Petar Vitanov,2026-05-25T17:30:00+00:00,2025,BU1,1,False,4866423,36,61955,home,156,0,0,played,34,7,False,90,0,0,0,0,0,0,43,,,0,0
280278,Petar Vitanov,2026-05-16T13:00:00+00:00,2025,BU1,1,False,4866419,35,61955,home,31614,1,0,played,34,7,False,90,0,0,0,0,0,0,72,,,0,0
280278,Petar Vitanov,2026-05-13T14:45:00+00:00,2025,BU1,1,False,4866415,34,61955,away,208,1,1,played,34,7,False,90,0,0,0,0,0,0,72,,,0,0
280278,Petar Vitanov,2026-05-08T17:00:00+00:00,2025,BU1,1,False,4866401,33,61955,home,208,0,1,played,34,7,False,90,0,0,0,0,0,0,,,,0,0
280278,Petar Vitanov,2026-05-02T16:00:00+00:00,2025,BU1,1,False,4866383,32,61955,away,156,0,1,played,34,7,False,90,0,0,0,0,0,0,,,,0,0
280278,Petar Vitanov,2026-04-25T10:15:00+00:00,2025,BU1,1,False,4866374,31,61955,away,31614,2,1,played,34,7,False,74,0,0,0,0,0,0,,,74,0,0
280278,Petar Vitanov,2026-04-15T15:00:00+00:00,2025,BU1,1,False,4718169,30,61955,away,967,4,0,played,34,7,False,72,0,0,0,0,0,0,,,72,0,0
1108075,Sharif Osman,2026-05-01T11:30:00+00:00,2025,TR2,2,False,4656025,38,7775,home,3173,3,1,absent,,,False,0,0,0,0,0,0,0,,,,0,1
1108075,Sharif Osman,2026-04-25T10:30:00+00:00,2025,TR2,2,False,4656177,37,7775,away,50845,2,4,played,48,6,False,90,0,0,0,0,0,0,55,,,0,0
1108075,Sharif Osman,2026-04-18T10:30:00+00:00,2025,TR2,2,False,4656171,36,7775,home,2463,1,1,played,48,7,False,90,0,0,3,1,2,0,,,,0,0
1108075,Sharif Osman,2026-04-11T10:30:00+00:00,2025,TR2,2,False,4656157,35,7775,away,518,0,4,played,48,7,False,84,0,0,0,0,0,0,,,84,0,0
1108075,Sharif Osman,2026-04-07T11:30:00+00:00,2025,TR2,2,False,4656013,34,7775,home,3840,4,0,played,48,7,False,90,0,1,0,0,0,0,,,,0,0
1108075,Sharif Osman,2026-04-03T14:00:00+00:00,2025,TR2,2,False,4656147,33,7775,away,3209,1,4,not in squad,,,False,0,0,0,0,0,0,0,,,,0,0
1108075,Sharif Osman,2026-03-22T10:30:00+00:00,2025,TR2,2,False,4656137,32,7775,home,12382,0,3,played,48,6,False,90,0,0,0,0,0,0,,,,0,0
1108075,Sharif Osman,2026-03-15T10:30:00+00:00,2025,TR2,2,False,4656127,31,7775,away,39722,0,3,played,48,6,False,90,0,0,0,0,0,0,88,,,0,0
1108075,Sharif Osman,2026-03-11T10:30:00+00:00,2025,TR2,2,False,4656118,30,7775,home,2381,1,2,played,48,6,False,90,0,1,1,0,1,0,,,,0,0
1108075,Sharif Osman,2026-03-07T13:00:00+00:00,2025,TR2,2,False,4655998,29,7775,away,37951,1,3,played,48,6,False,79,0,0,0,0,0,0,33,,79,0,0
638270,Wagninho,2026-07-25T22:00:00+00:00,2025,BRA3,3,False,4935473,15,4176,home,17568,1,4,played,17,0,False,90,0,0,0,0,0,0,36,,,0,0
638270,Wagninho,2026-07-13T23:30:00+00:00,2025,BRA3,3,False,4924474,14,4176,away,4064,0,0,played,17,0,False,90,0,0,0,0,0,0,64,,,0,0
638270,Wagninho,2026-07-04T22:00:00+00:00,2025,BRA3,3,False,4904233,13,4176,away,33003,0,4,played,17,0,False,90,0,0,0,0,0,0,,,,0,0
638270,Wagninho,2026-06-30T23:30:00+00:00,2025,BRA3,3,False,4902238,12,4176,home,87727,3,0,played,17,0,False,90,0,0,0,0,0,0,,,,0,0
638270,Wagninho,2026-06-20T20:00:00+00:00,2025,BRA3,3,False,4897278,11,4176,away,17964,0,2,played,17,0,False,90,0,0,0,0,0,0,,,,0,0
638270,Wagninho,2026-06-14T22:30:00+00:00,2025,BRA3,3,False,4892480,10,4176,home,3280,1,0,played,17,0,False,90,0,0,0,0,0,0,4,,,0,0
638270,Wagninho,2026-05-30T20:00:00+00:00,2025,BRA3,3,False,4890430,9,4176,away,8547,1,0,played,17,0,False,45,0,0,0,0,0,0,,46,,0,0
638270,Wagninho,2026-05-27T22:00:00+00:00,2025,CSUS,21,False,4882392,8,4176,away,2035,0,3,played,17,0,False,90,0,0,0,0,0,0,87,,,0,0
638270,Wagninho,2026-05-24T22:00:00+00:00,2025,BRA3,3,False,4887841,8,4176,home,16869,2,1,not in squad,,,False,0,0,0,0,0,0,0,,,,0,0
638270,Wagninho,2026-05-20T22:00:00+00:00,2025,CSUS,21,False,4882390,7,4176,home,2035,2,2,played,17,0,False,90,0,0,0,0,0,0,90,,,0,0
638270,Wagninho,2026-05-16T22:30:00+00:00,2025,BRA3,3,False,4883180,7,4176,away,1785,0,2,played,17,0,False,90,0,0,0,0,0,0,56,,,0,0
638270,Wagninho,2026-05-10T20:00:00+00:00,2025,BRA3,3,False,4873813,6,4176,home,15882,0,0,played,17,0,False,84,0,0,0,0,0,0,,,84,0,0
638270,Wagninho,2026-05-07T00:30:00+00:00,2025,CSUS,21,False,4872050,6,4176,home,37474,1,2,played,17,0,False,90,0,0,0,0,0,0,68,,,0,0
638270,Wagninho,2026-05-03T20:00:00+00:00,2025,BRA3,3,False,4872526,5,4176,home,14390,1,1,played,17,0,False,75,0,0,0,0,0,0,38,,75,0,0
638270,Wagninho,2026-05-01T00:15:00+00:00,2025,CSUS,21,False,4872048,5,4176,away,9141,0,2,not in squad,,,False,0,0,0,0,0,0,0,,,,0,0
1207996,Stoil Yordanov,2026-07-25T17:00:00+00:00,2026,BU2,2,False,4909822,1,36821,home,4494,1,1,not in squad,,,False,0,0,0,0,0,0,0,,,,0,0
1207996,Stoil Yordanov,2026-05-23T15:00:00+00:00,2025,BU2,2,False,4718042,34,19215,home,19780,1,2,in squad,24,,False,0,0,0,0,0,0,0,,,,0,0
1207996,Stoil Yordanov,2026-05-15T15:00:00+00:00,2025,BU2,2,False,4718036,33,19215,away,11255,0,3,not in squad,,,False,0,0,0,0,0,0,0,,,,0,0
1207996,Stoil Yordanov,2026-05-11T15:00:00+00:00,2025,BU2,2,False,4718023,32,19215,home,9524,1,2,in squad,24,,False,0,0,0,0,0,0,0,,,,0,0
1207996,Stoil Yordanov,2026-05-02T15:00:00+00:00,2025,BU2,2,False,4718019,31,19215,away,4503,0,1,in squad,24,,False,0,0,0,0,0,0,0,,,,0,0
1207996,Stoil Yordanov,2026-04-25T14:00:00+00:00,2025,BU2,2,False,4718004,30,19215,home,36821,3,0,in squad,24,,False,0,0,0,0,0,0,0,,,,0,0
1207996,Stoil Yordanov,2026-04-10T14:00:00+00:00,2025,BU2,2,False,4717985,28,19215,away,40678,2,4,not in squad,,,False,0,0,0,0,0,0,0,,,,0,0
1207996,Stoil Yordanov,2026-04-03T14:00:00+00:00,2025,BU2,2,False,4717984,27,19215,home,29268,0,1,not in squad,,,False,0,0,0,0,0,0,0,,,,0,0
1207996,Stoil Yordanov,2026-03-28T13:30:00+00:00,2025,BU2,2,False,4717968,26,19215,away,109262,1,3,not in squad,,,False,0,0,0,0,0,0,0,,,,0,0
1207996,Stoil Yordanov,2026-03-21T13:30:00+00:00,2025,BU2,2,False,4717965,25,19215,home,1851,0,2,in squad,24,,False,0,0,0,0,0,0,0,,,,0,0
1333736,Krasimir Yanakiev,2026-06-08T08:00:00+00:00,2025,FS,11,True,4889334,39,34413,away,44247,0,5,played,17,12,False,61,0,0,0,0,0,0,,,61,0,0
1333736,Krasimir Yanakiev,2026-06-05T15:00:00+00:00,2025,FS,11,True,4889333,38,34413,away,44247,4,1,played,17,0,False,45,0,0,0,0,0,0,,46,,0,0
1333736,Krasimir Yanakiev,2026-05-25T17:30:00+00:00,2025,BU1,1,False,4866423,36,61955,home,156,0,0,not in squad,,,False,0,0,0,0,0,0,0,,,,0,0
1333736,Krasimir Yanakiev,2026-05-16T13:00:00+00:00,2025,BU1,1,False,4866419,35,61955,home,31614,1,0,not in squad,,,False,0,0,0,0,0,0,0,,,,0,0
1333736,Krasimir Yanakiev,2026-05-13T14:45:00+00:00,2025,BU1,1,False,4866415,34,61955,away,208,1,1,not in squad,,,False,0,0,0,0,0,0,0,,,,0,0
1333736,Krasimir Yanakiev,2026-05-08T17:00:00+00:00,2025,BU1,1,False,4866401,33,61955,home,208,0,1,not in squad,,,False,0,0,0,0,0,0,0,,,,0,0
1333736,Krasimir Yanakiev,2026-05-02T16:00:00+00:00,2025,BU1,1,False,4866383,32,61955,away,156,0,1,not in squad,,,False,0,0,0,0,0,0,0,,,,0,0
1333736,Krasimir Yanakiev,2026-04-25T10:15:00+00:00,2025,BU1,1,False,4866374,31,61955,away,31614,2,1,not in squad,,,False,0,0,0,0,0,0,0,,,,0,0
1333736,Krasimir Yanakiev,2026-04-15T15:00:00+00:00,2025,BU1,1,False,4718169,30,61955,away,967,4,0,not in squad,,,False,0,0,0,0,0,0,0,,,,0,0
1333736,Krasimir Yanakiev,2026-04-10T12:30:00+00:00,2025,BU1,1,False,4718202,29,61955,home,26462,1,0,not in squad,,,False,0,0,0,0,0,0,0,,,,0,0
1468750,Martin Danchev,2025-10-04T12:15:00+00:00,2025,BU1,1,False,4718081,11,61955,home,9599,1,1,in squad,70,,False,0,0,0,0,0,0,0,,,,0,0
938662,Elias Franco,2026-07-25T16:00:00+00:00,2026,BU1,1,False,4909867,2,61955,home,26462,2,1,played,77,14,False,64,0,0,0,0,0,0,,,64,0,0
938662,Elias Franco,2026-07-22T18:30:00+00:00,2026,ECLQ,10,False,4897990,3,61955,away,365,0,0,in squad,77,,False,0,0,0,0,0,0,0,,,,0,0
938662,Elias Franco,2026-07-17T16:00:00+00:00,2026,BU1,1,False,4909854,1,61955,away,9599,2,2,in squad,77,,False,0,0,0,0,0,0,0,,,,0,0
938662,Elias Franco,2026-05-25T17:30:00+00:00,2025,BU1,1,False,4866423,36,61955,home,156,0,0,not in squad,,,False,0,0,0,0,0,0,0,,,,0,0
938662,Elias Franco,2026-05-16T13:00:00+00:00,2025,BU1,1,False,4866419,35,61955,home,31614,1,0,played,77,14,False,45,0,0,0,0,0,0,,,46,0,0
938662,Elias Franco,2026-05-13T14:45:00+00:00,2025,BU1,1,False,4866415,34,61955,away,208,1,1,played,77,14,False,74,0,0,0,0,0,0,,,74,0,0
938662,Elias Franco,2026-05-08T17:00:00+00:00,2025,BU1,1,False,4866401,33,61955,home,208,0,1,played,77,14,False,62,0,0,0,0,0,0,,,62,0,0
938662,Elias Franco,2026-05-02T16:00:00+00:00,2025,BU1,1,False,4866383,32,61955,away,156,0,1,played,77,14,False,86,0,0,0,0,0,0,,,86,0,0
938662,Elias Franco,2026-04-25T10:15:00+00:00,2025,BU1,1,False,4866374,31,61955,away,31614,2,1,played,77,14,False,90,0,1,0,0,0,0,,,,0,0
938662,Elias Franco,2026-04-15T15:00:00+00:00,2025,BU1,1,False,4718169,30,61955,away,967,4,0,played,77,14,False,72,1,0,0,0,0,0,,,72,0,0
441220,Mamadou Diallo,2026-07-25T16:00:00+00:00,2026,BU1,1,False,4909867,2,61955,home,26462,2,1,not in squad,,,False,0,0,0,0,0,0,0,,,,0,0
441220,Mamadou Diallo,2026-07-22T18:30:00+00:00,2026,ECLQ,10,False,4897990,3,61955,away,365,0,0,played,93,14,False,56,0,0,0,0,0,0,,,56,0,0
441220,Mamadou Diallo,2026-07-17T16:00:00+00:00,2026,BU1,1,False,4909854,1,61955,away,9599,2,2,played,93,14,False,90,1,1,0,0,0,0,,,,0,0
441220,Mamadou Diallo,2026-06-08T19:00:00+00:00,2025,FS,11,True,4891320,23,14238,away,14163,1,0,played,28,14,False,90,0,0,0,0,0,0,,,,0,0
441220,Mamadou Diallo,2026-06-05T19:00:00+00:00,2025,FS,11,True,4892214,22,14238,away,3585,1,1,in squad,,,False,0,0,0,0,0,0,0,,,,0,0
441220,Mamadou Diallo,2026-05-25T17:30:00+00:00,2025,BU1,1,False,4866423,36,61955,home,156,0,0,played,93,14,False,60,0,0,0,0,0,0,,,60,0,0
441220,Mamadou Diallo,2026-05-16T13:00:00+00:00,2025,BU1,1,False,4866419,35,61955,home,31614,1,0,played,93,14,False,45,0,0,0,0,0,0,,,46,0,0
441220,Mamadou Diallo,2026-05-13T14:45:00+00:00,2025,BU1,1,False,4866415,34,61955,away,208,1,1,played,93,14,False,74,1,0,0,0,0,0,,,74,0,0
441220,Mamadou Diallo,2026-05-08T17:00:00+00:00,2025,BU1,1,False,4866401,33,61955,home,208,0,1,played,93,14,False,80,0,0,0,0,0,0,,,80,0,0
441220,Mamadou Diallo,2026-05-02T16:00:00+00:00,2025,BU1,1,False,4866383,32,61955,away,156,0,1,played,93,14,False,80,0,0,0,0,0,0,,,80,0,0
442425,Georgi Rusev,2026-07-25T16:00:00+00:00,2026,BU1,1,False,4909867,2,61955,home,26462,2,1,in squad,11,,False,0,0,0,0,0,0,0,,,,0,0
442425,Georgi Rusev,2026-07-22T18:30:00+00:00,2026,ECLQ,10,False,4897990,3,61955,away,365,0,0,played,11,12,False,90,0,0,0,0,0,0,68,,,0,0
442425,Georgi Rusev,2026-07-17T16:00:00+00:00,2026,BU1,1,False,4909854,1,61955,away,9599,2,2,played,11,11,False,90,0,0,0,0,0,0,,,,0,0
442425,Georgi Rusev,2026-06-05T17:00:00+00:00,2025,FS,11,True,4864913,52,3394,away,6090,2,2,played,11,12,False,56,1,0,0,0,0,0,,,56,0,0
442425,Georgi Rusev,2026-06-01T16:00:00+00:00,2025,FS,11,True,4864912,52,3394,home,11953,0,1,played,11,0,False,29,0,0,0,0,0,0,79,61,,0,0
442425,Georgi Rusev,2026-05-25T17:30:00+00:00,2025,BU1,1,False,4866423,36,61955,home,156,0,0,played,11,0,False,30,0,0,0,0,0,0,,60,,0,0
442425,Georgi Rusev,2026-05-16T13:00:00+00:00,2025,BU1,1,False,4866419,35,61955,home,31614,1,0,played,11,12,False,45,0,0,0,0,0,0,,,46,0,0
442425,Georgi Rusev,2026-05-13T14:45:00+00:00,2025,BU1,1,False,4866415,34,61955,away,208,1,1,played,11,12,False,74,0,0,0,0,0,0,,,74,0,0
442425,Georgi Rusev,2026-05-08T17:00:00+00:00,2025,BU1,1,False,4866401,33,61955,home,208,0,1,played,11,0,False,28,0,0,0,0,0,0,,62,,0,0
442425,Georgi Rusev,2026-05-02T16:00:00+00:00,2025,BU1,1,False,4866383,32,61955,away,156,0,1,played,11,0,False,4,0,0,0,0,0,0,,86,,0,0
234499,Frédéric Maciel,2026-07-25T16:00:00+00:00,2026,BU1,1,False,4909867,2,61955,home,26462,2,1,played,67,0,False,45,0,0,0,0,0,0,,46,,0,0
234499,Frédéric Maciel,2026-07-22T18:30:00+00:00,2026,ECLQ,10,False,4897990,3,61955,away,365,0,0,played,67,0,False,23,0,0,0,0,0,0,,67,,0,0
234499,Frédéric Maciel,2026-07-17T16:00:00+00:00,2026,BU1,1,False,4909854,1,61955,away,9599,2,2,played,67,0,False,45,1,0,0,0,0,0,,46,,0,0
234499,Frédéric Maciel,2026-05-25T17:30:00+00:00,2025,BU1,1,False,4866423,36,61955,home,156,0,0,played,67,12,False,83,0,0,0,0,0,0,,,83,0,0
234499,Frédéric Maciel,2026-05-16T13:00:00+00:00,2025,BU1,1,False,4866419,35,61955,home,31614,1,0,played,67,0,False,45,0,0,0,0,0,0,,46,,0,0
234499,Frédéric Maciel,2026-05-13T14:45:00+00:00,2025,BU1,1,False,4866415,34,61955,away,208,1,1,played,67,0,False,16,0,0,0,0,0,0,,74,,0,0
234499,Frédéric Maciel,2026-05-08T17:00:00+00:00,2025,BU1,1,False,4866401,33,61955,home,208,0,1,in squad,67,,False,0,0,0,0,0,0,0,,,,0,0
234499,Frédéric Maciel,2026-05-02T16:00:00+00:00,2025,BU1,1,False,4866383,32,61955,away,156,0,1,played,67,0,False,10,0,0,0,0,0,0,,80,,0,0
234499,Frédéric Maciel,2026-04-25T10:15:00+00:00,2025,BU1,1,False,4866374,31,61955,away,31614,2,1,in squad,67,,False,0,0,0,0,0,0,0,,,,0,0
234499,Frédéric Maciel,2026-04-15T15:00:00+00:00,2025,BU1,1,False,4718169,30,61955,away,967,4,0,played,67,0,False,18,0,0,0,0,0,0,,72,,0,0
844296,José Martines,2026-07-25T16:00:00+00:00,2026,BU1,1,False,4909867,2,61955,home,26462,2,1,played,17,0,False,18,0,0,0,0,0,0,,72,,0,0
844296,José Martines,2026-07-22T18:30:00+00:00,2026,ECLQ,10,False,4897990,3,61955,away,365,0,0,played,17,0,False,34,0,0,0,0,0,0,,56,,0,0
844296,José Martines,2026-07-17T16:00:00+00:00,2026,BU1,1,False,4909854,1,61955,away,9599,2,2,played,17,14,False,85,0,1,0,0,0,0,,,85,0,0
844296,José Martines,2026-05-25T17:30:00+00:00,2025,BU1,1,False,4866423,36,61955,home,156,0,0,played,17,0,False,7,0,0,0,0,0,0,,83,,0,0
844296,José Martines,2026-05-16T13:00:00+00:00,2025,BU1,1,False,4866419,35,61955,home,31614,1,0,not in squad,,,False,0,0,0,0,0,0,0,,,,0,0
844296,José Martines,2026-05-13T14:45:00+00:00,2025,BU1,1,False,4866415,34,61955,away,208,1,1,not in squad,,,False,0,0,0,0,0,0,0,,,,0,0
844296,José Martines,2026-05-08T17:00:00+00:00,2025,BU1,1,False,4866401,33,61955,home,208,0,1,not in squad,,,False,0,0,0,0,0,0,0,,,,0,0
844296,José Martines,2026-05-02T16:00:00+00:00,2025,BU1,1,False,4866383,32,61955,away,156,0,1,not in squad,,,False,0,0,0,0,0,0,0,,,,0,0
844296,José Martines,2026-04-25T10:15:00+00:00,2025,BU1,1,False,4866374,31,61955,away,31614,2,1,not in squad,,,False,0,0,0,0,0,0,0,,,,0,0
844296,José Martines,2026-04-15T15:00:00+00:00,2025,BU1,1,False,4718169,30,61955,away,967,4,0,not in squad,,,False,0,0,0,0,0,0,0,,,,0,0
1510644,David Aka,2026-05-25T17:30:00+00:00,2025,BU1,1,False,4866423,36,61955,home,156,0,0,not in squad,,,False,0,0,0,0,0,0,0,,,,0,0
1510644,David Aka,2026-05-16T13:00:00+00:00,2025,BU1,1,False,4866419,35,61955,home,31614,1,0,not in squad,,,False,0,0,0,0,0,0,0,,,,0,0
1510644,David Aka,2026-05-13T14:45:00+00:00,2025,BU1,1,False,4866415,34,61955,away,208,1,1,played,87,0,False,16,0,0,0,0,0,0,,74,,0,0
1510644,David Aka,2026-05-08T17:00:00+00:00,2025,BU1,1,False,4866401,33,61955,home,208,0,1,not in squad,,,False,0,0,0,0,0,0,0,,,,0,0
1510644,David Aka,2026-05-02T16:00:00+00:00,2025,BU1,1,False,4866383,32,61955,away,156,0,1,not in squad,,,False,0,0,0,0,0,0,0,,,,0,0
1510644,David Aka,2026-04-25T10:15:00+00:00,2025,BU1,1,False,4866374,31,61955,away,31614,2,1,in squad,87,,False,0,0,0,0,0,0,0,,,,0,0
1510644,David Aka,2026-04-15T15:00:00+00:00,2025,BU1,1,False,4718169,30,61955,away,967,4,0,played,87,0,False,29,0,0,0,0,0,0,,61,,0,0
1510644,David Aka,2026-04-10T12:30:00+00:00,2025,BU1,1,False,4718202,29,61955,home,26462,1,0,played,87,0,False,45,0,0,0,0,0,0,,46,,0,0
1510644,David Aka,2026-04-05T16:30:00+00:00,2025,BU1,1,False,4718145,28,61955,away,31614,0,3,not in squad,,,False,0,0,0,0,0,0,0,,,,0,0
1510644,David Aka,2026-03-21T13:00:00+00:00,2025,BU1,1,False,4718198,27,61955,home,730,3,2,played,87,0,False,26,0,0,0,0,0,0,,64,,0,0
1010446,Héctor Cuellar,2026-07-25T16:00:00+00:00,2026,BU1,1,False,4909867,2,61955,home,26462,2,1,not in squad,,,False,0,0,0,0,0,0,0,,,,0,0
1010446,Héctor Cuellar,2026-07-22T18:30:00+00:00,2026,ECLQ,10,False,4897990,3,61955,away,365,0,0,played,33,7,False,90,0,0,0,0,0,0,30,,,0,0
1010446,Héctor Cuellar,2026-07-17T16:00:00+00:00,2026,BU1,1,False,4909854,1,61955,away,9599,2,2,played,33,7,False,45,0,0,0,0,0,0,,,46,0,0
1010446,Héctor Cuellar,2026-06-11T00:00:00+00:00,2025,FS,11,True,4895632,17,5233,away,3614,0,4,not in squad,,,False,0,0,0,0,0,0,0,,,,0,0
1010446,Héctor Cuellar,2026-06-06T20:00:00+00:00,2025,FS,11,True,4884488,6,5233,home,3380,0,4,not in squad,,,False,0,0,0,0,0,0,0,,,,0,0
1010446,Héctor Cuellar,2026-05-30T19:00:00+00:00,2025,BO1A,1,False,4871414,10,42208,away,93043,3,1,not in squad,,,False,0,0,0,0,0,0,0,,,,0,0
1010446,Héctor Cuellar,2026-05-25T22:00:00+00:00,2025,CLI,10,False,4878516,12,42208,away,9855,2,3,not in squad,,,False,0,0,0,0,0,0,0,,,,0,0
1010446,Héctor Cuellar,2026-05-20T00:00:00+00:00,2025,CLI,10,False,4878515,11,42208,home,3876,1,2,played,13,6,False,90,0,0,2,0,2,0,73,,,0,0
1010446,Héctor Cuellar,2026-05-14T19:00:00+00:00,2025,BO1A,1,False,4871392,7,42208,home,5570,0,1,not in squad,,,False,0,0,0,0,0,0,0,,,,0,0
1010446,Héctor Cuellar,2026-05-10T19:00:00+00:00,2025,BO1A,1,False,4854361,6,42208,away,30854,0,0,played,13,6,True,45,0,0,2,1,0,1,17,,,0,0
1010446,Héctor Cuellar,2026-05-06T00:30:00+00:00,2025,CLI,10,False,4878512,10,42208,home,333,4,0,played,13,6,True,90,0,1,2,0,2,0,,,,0,0
1010446,Héctor Cuellar,2026-05-02T19:00:00+00:00,2025,BO1A,1,False,4854351,5,42208,home,23171,3,1,played,13,6,True,90,0,0,0,0,0,0,48,,,0,0
1010446,Héctor Cuellar,2026-04-29T22:00:00+00:00,2025,CLI,10,False,4861549,9,42208,away,3876,0,2,played,13,6,False,90,0,0,2,0,1,1,,,,0,0
649722,Zé Vitor,2026-07-25T11:00:00+00:00,2025,CLO,2,False,4838928,16,72879,away,4768,1,2,not in squad,,,False,0,0,0,0,0,0,0,,,,0,0
649722,Zé Vitor,2026-07-18T11:30:00+00:00,2025,CLO,2,False,4838923,15,72879,home,107713,0,1,not in squad,,,False,0,0,0,0,0,0,0,,,,0,0
649722,Zé Vitor,2026-07-11T11:00:00+00:00,2025,CLO,2,False,4838912,14,72879,away,57778,0,2,played,9,14,False,21,0,0,1,1,0,0,,,21,0,0
649722,Zé Vitor,2026-07-05T11:30:00+00:00,2025,CLO,2,False,4838908,13,72879,home,54134,3,1,played,9,9,False,90,0,0,8,1,4,3,,,,0,0
649722,Zé Vitor,2026-06-27T11:30:00+00:00,2025,CLO,2,False,4838899,12,72879,away,85480,1,2,played,9,14,False,90,0,0,3,1,2,0,33,,,0,0
649722,Zé Vitor,2026-06-13T11:30:00+00:00,2025,CLO,2,False,4836489,11,72879,home,41626,1,2,played,9,14,False,90,0,0,3,0,2,1,,,,0,0
649722,Zé Vitor,2026-05-29T07:00:00+00:00,2025,CLO,2,False,4836475,10,72879,away,108084,1,0,played,9,14,False,76,1,0,1,1,0,0,,,76,0,0
649722,Zé Vitor,2026-05-23T11:00:00+00:00,2025,CLO,2,False,4836461,9,72879,away,85923,1,1,played,9,14,False,90,0,0,3,0,3,0,,,,0,0
649722,Zé Vitor,2026-05-15T11:30:00+00:00,2025,CHFA,8,False,4837969,7,72879,away,53326,0,1,not in squad,,,False,0,0,0,0,0,0,0,,,,0,0
649722,Zé Vitor,2026-05-09T11:30:00+00:00,2025,CLO,2,False,4836444,8,72879,home,38929,2,0,played,9,12,False,90,1,0,2,1,1,0,,,,0,0
649722,Zé Vitor,2026-05-03T11:30:00+00:00,2025,CLO,2,False,4836441,7,72879,home,39268,1,0,played,9,14,False,90,1,0,4,2,2,0,,,,0,0
225824,Atanas Iliev,2026-07-25T16:00:00+00:00,2026,BU1,1,False,4909867,2,61955,home,26462,2,1,played,9,14,False,90,1,1,0,0,0,0,,,,0,0
225824,Atanas Iliev,2026-07-22T18:30:00+00:00,2026,ECLQ,10,False,4897990,3,61955,away,365,0,0,played,9,0,False,14,0,0,0,0,0,0,,76,,0,0
225824,Atanas Iliev,2026-07-17T16:00:00+00:00,2026,BU1,1,False,4909854,1,61955,away,9599,2,2,absent,,,False,0,0,0,0,0,0,0,,,,0,1
225824,Atanas Iliev,2026-05-25T17:30:00+00:00,2025,BU1,1,False,4866423,36,61955,home,156,0,0,played,9,0,False,30,0,0,0,0,0,0,90,60,90,0,0
225824,Atanas Iliev,2026-05-16T13:00:00+00:00,2025,BU1,1,False,4866419,35,61955,home,31614,1,0,played,9,0,False,45,0,0,0,0,0,0,81,46,,0,0
225824,Atanas Iliev,2026-05-13T14:45:00+00:00,2025,BU1,1,False,4866415,34,61955,away,208,1,1,played,9,0,False,16,0,0,0,0,0,0,,74,,0,0
225824,Atanas Iliev,2026-05-08T17:00:00+00:00,2025,BU1,1,False,4866401,33,61955,home,208,0,1,played,9,0,False,10,0,0,0,0,0,0,,80,,0,0
225824,Atanas Iliev,2026-05-02T16:00:00+00:00,2025,BU1,1,False,4866383,32,61955,away,156,0,1,in squad,9,,False,0,0,0,0,0,0,0,,,,0,0
225824,Atanas Iliev,2026-04-25T10:15:00+00:00,2025,BU1,1,False,4866374,31,61955,away,31614,2,1,played,9,0,False,12,0,0,0,0,0,0,90,78,,0,0
225824,Atanas Iliev,2026-04-15T15:00:00+00:00,2025,BU1,1,False,4718169,30,61955,away,967,4,0,played,9,0,False,18,1,0,0,0,0,0,,72,,0,0
422893,Moataz Zemzemi,2026-07-25T16:00:00+00:00,2026,BU1,1,False,4909867,2,61955,home,26462,2,1,not in squad,,,False,0,0,0,0,0,0,0,,,,0,0
422893,Moataz Zemzemi,2026-07-22T18:30:00+00:00,2026,ECLQ,10,False,4897990,3,61955,away,365,0,0,played,8,7,False,76,0,0,0,0,0,0,26,,76,0,0
422893,Moataz Zemzemi,2026-07-17T16:00:00+00:00,2026,BU1,1,False,4909854,1,61955,away,9599,2,2,played,8,0,False,45,0,0,0,0,0,0,,46,,0,0
422893,Moataz Zemzemi,2026-05-14T15:00:00+00:00,2025,TUN1,1,False,4870586,30,819,home,8117,1,1,played,11,0,False,12,0,0,0,0,0,0,,78,,0,0
422893,Moataz Zemzemi,2026-05-10T15:00:00+00:00,2025,TUN1,1,False,4870595,29,819,away,3342,1,0,played,11,6,True,90,0,0,0,0,0,0,,,,0,0
422893,Moataz Zemzemi,2026-05-03T15:00:00+00:00,2025,TUN1,1,False,4861767,28,819,home,4812,2,0,played,11,0,True,90,0,0,0,0,0,0,,,,0,0
422893,Moataz Zemzemi,2026-04-29T14:30:00+00:00,2025,TUN1,1,False,4861790,27,819,away,52128,1,1,played,11,0,True,90,0,0,0,0,0,0,,,,0,0
422893,Moataz Zemzemi,2026-04-26T14:30:00+00:00,2025,TUN1,1,False,4861791,26,819,home,17534,2,0,in squad,11,,False,0,0,0,0,0,0,0,,,,0,0
422893,Moataz Zemzemi,2026-04-11T14:00:00+00:00,2025,TUN1,1,False,4861780,25,819,away,9890,0,0,played,11,6,False,90,0,0,0,0,0,0,,,,0,0
422893,Moataz Zemzemi,2026-04-05T13:30:00+00:00,2025,TUN1,1,False,4703424,24,819,home,22812,2,0,played,11,7,True,90,0,0,0,0,0,0,,,,0,0
915193,Jules Meyer,2026-07-25T16:00:00+00:00,2026,BU1,1,False,4909867,2,61955,home,26462,2,1,played,30,0,False,14,0,0,0,0,0,0,,76,,0,0
915193,Jules Meyer,2026-07-22T18:30:00+00:00,2026,ECLQ,10,False,4897990,3,61955,away,365,0,0,played,30,13,False,76,0,0,0,0,0,0,,,76,0,0
915193,Jules Meyer,2026-07-17T16:00:00+00:00,2026,BU1,1,False,4909854,1,61955,away,9599,2,2,not in squad,,,False,0,0,0,0,0,0,0,,,,0,0
915193,Jules Meyer,2026-05-09T17:30:00+00:00,2025,FR3,3,False,4670086,33,2972,home,1423,1,0,played,10,10,False,90,0,0,0,0,0,0,84,,,0,0
915193,Jules Meyer,2026-05-02T17:30:00+00:00,2025,FR3,3,False,4670080,32,2972,home,18633,1,0,played,10,10,False,90,0,0,0,0,0,0,89,,,0,0
915193,Jules Meyer,2026-04-24T17:30:00+00:00,2025,FR3,3,False,4670073,31,2972,away,750,1,2,played,10,10,False,90,1,0,0,0,0,0,,,,0,0
915193,Jules Meyer,2026-04-17T17:30:00+00:00,2025,FR3,3,False,4670062,30,2972,home,1162,0,2,played,10,7,False,90,0,0,0,0,0,0,,,,0,0
915193,Jules Meyer,2026-04-10T17:30:00+00:00,2025,FR3,3,False,4670049,29,2972,away,2969,0,2,not in squad,,,False,0,0,0,0,0,0,0,,,,0,0
915193,Jules Meyer,2026-04-03T17:30:00+00:00,2025,FR3,3,False,4670043,28,2972,home,62382,1,0,played,10,10,False,90,1,0,0,0,0,0,,,,0,0
915193,Jules Meyer,2026-03-27T18:30:00+00:00,2025,FR3,3,False,4670034,27,2972,away,17442,0,3,played,10,7,False,90,0,0,2,1,0,1,,,,0,0
1381336,Danylo Tarasenko,2026-07-25T16:00:00+00:00,2026,BU1,1,False,4909867,2,61955,home,26462,2,1,played,71,12,False,45,0,0,0,0,0,0,,,46,0,0
1381336,Danylo Tarasenko,2026-07-22T18:30:00+00:00,2026,ECLQ,10,False,4897990,3,61955,away,365,0,0,not in squad,,,False,0,0,0,0,0,0,0,,,,0,0
1381336,Danylo Tarasenko,2026-07-17T16:00:00+00:00,2026,BU1,1,False,4909854,1,61955,away,9599,2,2,not in squad,,,False,0,0,0,0,0,0,0,,,,0,0
1381336,Danylo Tarasenko,2026-05-23T15:00:00+00:00,2025,BU2,2,False,4718042,34,19215,home,19780,1,2,played,15,0,False,79,0,1,0,0,0,0,,,79,0,0
1381336,Danylo Tarasenko,2026-05-15T15:00:00+00:00,2025,BU2,2,False,4718036,33,19215,away,11255,0,3,played,15,0,False,90,0,0,0,0,0,0,,,,0,0
1381336,Danylo Tarasenko,2026-05-11T15:00:00+00:00,2025,BU2,2,False,4718023,32,19215,home,9524,1,2,played,15,0,False,90,0,1,0,0,0,0,,,,0,0
1381336,Danylo Tarasenko,2026-05-02T15:00:00+00:00,2025,BU2,2,False,4718019,31,19215,away,4503,0,1,played,15,0,False,59,0,0,0,0,0,0,44,,59,0,0
1381336,Danylo Tarasenko,2026-04-25T14:00:00+00:00,2025,BU2,2,False,4718004,30,19215,home,36821,3,0,played,15,0,False,85,0,0,0,0,0,0,,,85,0,0
1381336,Danylo Tarasenko,2026-04-10T14:00:00+00:00,2025,BU2,2,False,4717985,28,19215,away,40678,2,4,played,15,0,False,90,0,0,0,0,0,0,,,,0,0
1381336,Danylo Tarasenko,2026-04-03T14:00:00+00:00,2025,BU2,2,False,4717984,27,19215,home,29268,0,1,played,15,0,False,90,0,0,0,0,0,0,21,,,0,0
1043508,Mihail Polendakov,2026-07-27T16:00:00+00:00,2026,BU1,1,False,4909870,2,31614,away,19780,2,0,not in squad,,,False,0,0,0,0,0,0,0,,,,0,0
1043508,Mihail Polendakov,2026-07-23T18:30:00+00:00,2026,ECLQ,10,False,4897987,3,31614,neutral,1017,0,2,not in squad,,,False,0,0,0,0,0,0,0,,,,0,0
1043508,Mihail Polendakov,2026-07-18T18:15:00+00:00,2026,BU1,1,False,4909856,1,31614,home,2259,1,0,not in squad,,,False,0,0,0,0,0,0,0,,,,0,0
1043508,Mihail Polendakov,2026-05-02T11:30:00+00:00,2025,GB2,2,False,4639402,46,350,away,22,2,1,not in squad,,,False,0,0,0,0,0,0,0,,,,0,0
1043508,Mihail Polendakov,2026-04-25T14:00:00+00:00,2025,GB2,2,False,4639530,45,350,home,466,2,3,not in squad,,,False,0,0,0,0,0,0,0,,,,0,0
1043508,Mihail Polendakov,2026-04-22T18:45:00+00:00,2025,GB2,2,False,4639550,44,350,home,164,1,3,not in squad,,,False,0,0,0,0,0,0,0,,,,0,0
1043508,Mihail Polendakov,2026-04-18T14:00:00+00:00,2025,GB2,2,False,4639548,43,350,away,1010,2,0,not in squad,,,False,0,0,0,0,0,0,0,,,,0,0
1043508,Mihail Polendakov,2026-04-11T14:00:00+00:00,2025,GB2,2,False,4639540,42,350,home,3008,2,1,not in squad,,,False,0,0,0,0,0,0,0,,,,0,0
1043508,Mihail Polendakov,2026-04-06T14:00:00+00:00,2025,GB2,2,False,4639377,41,350,away,698,0,1,not in squad,,,False,0,0,0,0,0,0,0,,,,0,0
1043508,Mihail Polendakov,2026-04-03T14:00:00+00:00,2025,GB2,2,False,4639485,40,350,home,2288,3,3,not in squad,,,False,0,0,0,0,0,0,0,,,,0,0
737524,Hossam Abdelmaguid,2026-07-27T16:00:00+00:00,2026,BU1,1,False,4909870,2,31614,away,19780,2,0,not in squad,,,False,0,0,0,0,0,0,0,,,,0,0
737524,Hossam Abdelmaguid,2026-07-23T18:30:00+00:00,2026,ECLQ,10,False,4897987,3,31614,neutral,1017,0,2,not in squad,,,False,0,0,0,0,0,0,0,,,,0,0
737524,Hossam Abdelmaguid,2026-07-18T18:15:00+00:00,2026,BU1,1,False,4909856,1,31614,home,2259,1,0,not in squad,,,False,0,0,0,0,0,0,0,,,,0,0
737524,Hossam Abdelmaguid,2026-07-07T16:00:00+00:00,2025,FIWC,11,True,4776701,5,3672,away,3437,2,3,in squad,4,,False,0,0,0,0,0,0,0,,,,0,0
737524,Hossam Abdelmaguid,2026-07-03T18:00:00+00:00,2025,FIWC,11,True,4776694,4,3672,away,3433,5,3,played,4,3,False,53,0,0,0,0,0,0,,67,,0,0
737524,Hossam Abdelmaguid,2026-06-27T03:00:00+00:00,2025,FIWC,11,True,4776660,3,3672,away,3582,1,1,not in squad,,,False,0,0,0,0,0,0,0,,,,0,0
737524,Hossam Abdelmaguid,2026-06-22T01:00:00+00:00,2025,FIWC,11,True,4776636,2,3672,away,9171,3,1,played,4,3,False,5,0,0,0,0,0,0,,85,90,0,0
737524,Hossam Abdelmaguid,2026-06-15T19:00:00+00:00,2025,FIWC,11,True,4776611,1,3672,away,3382,1,1,in squad,4,,False,0,0,0,0,0,0,0,,,,0,0
737524,Hossam Abdelmaguid,2026-06-06T22:00:00+00:00,2025,FS,11,True,4884490,6,3672,away,3439,1,2,in squad,4,,False,0,0,0,0,0,0,0,,,,0,0
737524,Hossam Abdelmaguid,2026-05-28T18:00:00+00:00,2025,FS,11,True,4871534,10,3672,home,3448,1,0,played,4,3,False,5,0,0,1,0,1,0,,85,,0,0
737524,Hossam Abdelmaguid,2026-05-20T17:00:00+00:00,2025,EGCP,12,False,4844687,7,664,home,57439,1,0,played,5,3,False,90,0,0,0,0,0,0,,,,0,0
737524,Hossam Abdelmaguid,2026-05-16T18:00:00+00:00,2025,CAFC,10,False,4829717,16,664,home,6772,7,8,played,5,3,False,90,0,0,0,0,0,0,,,,0,0
737524,Hossam Abdelmaguid,2026-05-09T19:00:00+00:00,2025,CAFC,10,False,4829716,15,664,away,6772,0,1,played,5,3,False,90,0,0,0,0,0,0,90,,,0,0
737524,Hossam Abdelmaguid,2026-05-05T17:00:00+00:00,2025,EGCP,12,False,4844689,6,664,away,23387,1,0,played,5,3,False,90,0,0,0,0,0,0,,,,0,0
737524,Hossam Abdelmaguid,2026-05-01T17:00:00+00:00,2025,EGCP,12,False,4844694,5,664,home,7,0,3,played,5,3,False,90,0,0,1,1,0,0,,,,0,0
1083600,Nathan Fernandes,2026-07-27T16:00:00+00:00,2026,BU1,1,False,4909870,2,31614,away,19780,2,0,not in squad,,,False,0,0,0,0,0,0,0,,,,0,0
1083600,Nathan Fernandes,2026-07-23T18:30:00+00:00,2026,ECLQ,10,False,4897987,3,31614,neutral,1017,0,2,not in squad,,,False,0,0,0,0,0,0,0,,,,0,0
1083600,Nathan Fernandes,2026-07-16T22:30:00+00:00,2025,BRA1,1,False,4810868,19,537,home,221,2,1,not in squad,,,False,0,0,0,0,0,0,0,,,,0,0
1083600,Nathan Fernandes,2026-05-30T20:30:00+00:00,2025,BRA1,1,False,4810879,18,537,away,10010,1,2,injured,,,False,0,0,0,0,0,0,0,,,,274,0
1083600,Nathan Fernandes,2026-05-27T22:00:00+00:00,2025,CS,10,False,4860855,7,537,away,531,3,1,injured,,,False,0,0,0,0,0,0,0,,,,274,0
1083600,Nathan Fernandes,2026-05-23T20:00:00+00:00,2025,BRA1,1,False,4810889,17,537,away,585,1,1,injured,,,False,0,0,0,0,0,0,0,,,,274,0
1083600,Nathan Fernandes,2026-05-21T00:00:00+00:00,2025,CS,10,False,4860853,6,537,away,30854,3,0,injured,,,False,0,0,0,0,0,0,0,,,,274,0
1083600,Nathan Fernandes,2026-05-17T19:00:00+00:00,2025,BRA1,1,False,4810898,16,537,home,199,3,1,injured,,,False,0,0,0,0,0,0,0,,,,274,0
1083600,Nathan Fernandes,2026-05-14T21:00:00+00:00,2025,BRC,8,False,4881368,6,537,away,17776,0,2,injured,,,False,0,0,0,0,0,0,0,,,,274,0
1083600,Nathan Fernandes,2026-05-10T19:00:00+00:00,2025,BRA1,1,False,4811052,15,537,away,330,1,1,injured,,,False,0,0,0,0,0,0,0,,,,274,0
1083600,Nathan Fernandes,2026-05-07T00:30:00+00:00,2025,CS,10,False,4860851,5,537,home,1444,2,1,injured,,,False,0,0,0,0,0,0,0,,,,274,0
1083600,Nathan Fernandes,2026-05-02T19:00:00+00:00,2025,BRA1,1,False,4810908,14,537,home,10997,1,2,injured,,,False,0,0,0,0,0,0,0,,,,274,0
1202719,Nikolay Prandzhev,2026-07-27T18:15:00+00:00,2026,BU1,1,False,4909868,2,2531,away,208,2,3,not in squad,,,False,0,0,0,0,0,0,0,,,,0,0
1202719,Nikolay Prandzhev,2026-07-21T18:30:00+00:00,2026,BU1,1,False,4909852,1,2531,home,730,1,1,not in squad,,,False,0,0,0,0,0,0,0,,,,0,0
1202719,Nikolay Prandzhev,2026-05-25T14:45:00+00:00,2025,BU1,1,False,4866426,36,2531,away,2259,1,2,in squad,21,,False,0,0,0,0,0,0,0,,,,0,0
1202719,Nikolay Prandzhev,2026-05-16T16:00:00+00:00,2025,BU1,1,False,4866422,35,2531,home,967,5,0,in squad,21,,False,0,0,0,0,0,0,0,,,,0,0
1202719,Nikolay Prandzhev,2026-05-12T17:15:00+00:00,2025,BU1,1,False,4866417,34,2531,home,40604,1,2,in squad,21,,False,0,0,0,0,0,0,0,,,,0,0
1202719,Nikolay Prandzhev,2026-05-09T13:15:00+00:00,2025,BU1,1,False,4866403,33,2531,away,967,0,2,not in squad,,,False,0,0,0,0,0,0,0,,,,0,0
1202719,Nikolay Prandzhev,2026-05-03T13:15:00+00:00,2025,BU1,1,False,4866385,32,2531,home,2259,0,2,not in squad,,,False,0,0,0,0,0,0,0,,,,0,0
1202719,Nikolay Prandzhev,2026-04-26T16:00:00+00:00,2025,BU1,1,False,4866375,31,2531,away,40604,2,0,not in squad,,,False,0,0,0,0,0,0,0,,,,0,0
1202719,Nikolay Prandzhev,2026-04-14T17:30:00+00:00,2025,BU1,1,False,4718168,30,2531,away,4362,3,0,not in squad,,,False,0,0,0,0,0,0,0,,,,0,0
1202719,Nikolay Prandzhev,2026-04-08T17:30:00+00:00,2025,BU1,1,False,4718206,29,2531,home,2259,1,1,not in squad,,,False,0,0,0,0,0,0,0,,,,0,0
868327,Hristiyan Slavkov,2026-07-27T18:15:00+00:00,2026,BU1,1,False,4909868,2,2531,away,208,2,3,not in squad,,,False,0,0,0,0,0,0,0,,,,0,0
868327,Hristiyan Slavkov,2026-07-21T18:30:00+00:00,2026,BU1,1,False,4909852,1,2531,home,730,1,1,in squad,1,,False,0,0,0,0,0,0,0,,,,0,0
868327,Hristiyan Slavkov,2026-05-25T14:45:00+00:00,2025,BU1,1,False,4866426,36,2531,away,2259,1,2,not in squad,,,False,0,0,0,0,0,0,0,,,,0,0
868327,Hristiyan Slavkov,2026-05-16T16:00:00+00:00,2025,BU1,1,False,4866422,35,2531,home,967,5,0,not in squad,,,False,0,0,0,0,0,0,0,,,,0,0
868327,Hristiyan Slavkov,2026-05-12T17:15:00+00:00,2025,BU1,1,False,4866417,34,2531,home,40604,1,2,not in squad,,,False,0,0,0,0,0,0,0,,,,0,0
868327,Hristiyan Slavkov,2026-05-09T13:15:00+00:00,2025,BU1,1,False,4866403,33,2531,away,967,0,2,in squad,1,,False,0,0,0,0,0,0,0,,,,0,0
868327,Hristiyan Slavkov,2026-05-03T13:15:00+00:00,2025,BU1,1,False,4866385,32,2531,home,2259,0,2,in squad,1,,False,0,0,0,0,0,0,0,,,,0,0
868327,Hristiyan Slavkov,2026-04-26T16:00:00+00:00,2025,BU1,1,False,4866375,31,2531,away,40604,2,0,in squad,1,,False,0,0,0,0,0,0,0,,,,0,0
868327,Hristiyan Slavkov,2026-04-14T17:30:00+00:00,2025,BU1,1,False,4718168,30,2531,away,4362,3,0,in squad,1,,False,0,0,0,0,0,0,0,,,,0,0
868327,Hristiyan Slavkov,2026-04-08T17:30:00+00:00,2025,BU1,1,False,4718206,29,2531,home,2259,1,1,in squad,1,,False,0,0,0,0,0,0,0,,,,0,0
335733,Daniel Naumov,2026-07-27T18:15:00+00:00,2026,BU1,1,False,4909868,2,2531,away,208,2,3,not in squad,,,False,0,0,0,0,0,0,0,,,,0,0
335733,Daniel Naumov,2026-07-21T18:30:00+00:00,2026,BU1,1,False,4909852,1,2531,home,730,1,1,played,29,1,True,90,0,0,0,0,0,0,,,,0,0
335733,Daniel Naumov,2026-06-05T17:00:00+00:00,2025,FS,11,True,4864913,52,3394,away,6090,2,2,in squad,1,,False,0,0,0,0,0,0,0,,,,0,0
335733,Daniel Naumov,2026-06-01T16:00:00+00:00,2025,FS,11,True,4864912,52,3394,home,11953,0,1,played,1,1,False,90,0,0,0,0,0,0,,,,0,0
335733,Daniel Naumov,2026-05-25T14:45:00+00:00,2025,BU1,1,False,4866426,36,2531,away,2259,1,2,played,29,1,True,90,0,0,0,0,0,0,,,,0,0
335733,Daniel Naumov,2026-05-16T16:00:00+00:00,2025,BU1,1,False,4866422,35,2531,home,967,5,0,played,29,1,True,90,0,0,0,0,0,0,,,,0,0
335733,Daniel Naumov,2026-05-12T17:15:00+00:00,2025,BU1,1,False,4866417,34,2531,home,40604,1,2,played,29,1,False,90,0,0,0,0,0,0,,,,0,0
335733,Daniel Naumov,2026-05-09T13:15:00+00:00,2025,BU1,1,False,4866403,33,2531,away,967,0,2,played,29,1,True,90,0,0,0,0,0,0,,,,0,0
335733,Daniel Naumov,2026-05-03T13:15:00+00:00,2025,BU1,1,False,4866385,32,2531,home,2259,0,2,played,29,1,False,90,0,0,0,0,0,0,,,,0,0
335733,Daniel Naumov,2026-04-26T16:00:00+00:00,2025,BU1,1,False,4866375,31,2531,away,40604,2,0,played,29,1,False,90,0,0,0,0,0,0,,,,0,0
674921,Nikola Soldo,2026-07-27T18:15:00+00:00,2026,BU1,1,False,4909868,2,2531,away,208,2,3,not in squad,,,False,0,0,0,0,0,0,0,,,,0,0
674921,Nikola Soldo,2026-07-21T18:30:00+00:00,2026,BU1,1,False,4909852,1,2531,home,730,1,1,played,4,3,False,90,0,0,0,0,0,0,,,,0,0
674921,Nikola Soldo,2026-05-25T14:45:00+00:00,2025,BU1,1,False,4866426,36,2531,away,2259,1,2,in squad,4,,False,0,0,0,0,0,0,0,,,,0,0
674921,Nikola Soldo,2026-05-16T16:00:00+00:00,2025,BU1,1,False,4866422,35,2531,home,967,5,0,not in squad,,,False,0,0,0,0,0,0,0,,,,0,0
674921,Nikola Soldo,2026-05-12T17:15:00+00:00,2025,BU1,1,False,4866417,34,2531,home,40604,1,2,not in squad,,,False,0,0,0,0,0,0,0,,,,0,0
674921,Nikola Soldo,2026-05-09T13:15:00+00:00,2025,BU1,1,False,4866403,33,2531,away,967,0,2,not in squad,,,False,0,0,0,0,0,0,0,,,,0,0
674921,Nikola Soldo,2026-05-03T13:15:00+00:00,2025,BU1,1,False,4866385,32,2531,home,2259,0,2,played,4,3,False,90,0,0,0,0,0,0,,,,0,0
674921,Nikola Soldo,2026-04-26T16:00:00+00:00,2025,BU1,1,False,4866375,31,2531,away,40604,2,0,played,4,3,False,90,0,0,0,0,0,0,,,,0,0
674921,Nikola Soldo,2026-04-14T17:30:00+00:00,2025,BU1,1,False,4718168,30,2531,away,4362,3,0,played,4,3,False,90,1,0,0,0,0,0,,,,0,0
674921,Nikola Soldo,2026-04-08T17:30:00+00:00,2025,BU1,1,False,4718206,29,2531,home,2259,1,1,played,4,3,False,90,0,0,0,0,0,0,,,,0,0
601058,Simeon Petrov,2026-07-27T18:15:00+00:00,2026,BU1,1,False,4909868,2,2531,away,208,2,3,not in squad,,,False,0,0,0,0,0,0,0,,,,0,0
601058,Simeon Petrov,2026-07-21T18:30:00+00:00,2026,BU1,1,False,4909852,1,2531,home,730,1,1,in squad,87,,False,0,0,0,0,0,0,0,,,,0,0
601058,Simeon Petrov,2026-05-25T14:45:00+00:00,2025,BU1,1,False,4866426,36,2531,away,2259,1,2,played,87,3,False,90,0,0,0,0,0,0,,,,0,0
601058,Simeon Petrov,2026-05-16T16:00:00+00:00,2025,BU1,1,False,4866422,35,2531,home,967,5,0,played,87,3,False,64,1,0,0,0,0,0,,,64,0,0
601058,Simeon Petrov,2026-05-12T17:15:00+00:00,2025,BU1,1,False,4866417,34,2531,home,40604,1,2,played,87,3,False,90,0,0,0,0,0,0,,,,0,0
601058,Simeon Petrov,2026-05-09T13:15:00+00:00,2025,BU1,1,False,4866403,33,2531,away,967,0,2,played,87,3,False,90,0,0,0,0,0,0,,,,0,0
601058,Simeon Petrov,2026-05-03T13:15:00+00:00,2025,BU1,1,False,4866385,32,2531,home,2259,0,2,played,87,3,False,90,0,0,0,0,0,0,,,,0,0
601058,Simeon Petrov,2026-04-26T16:00:00+00:00,2025,BU1,1,False,4866375,31,2531,away,40604,2,0,played,87,3,False,90,0,0,0,0,0,0,,,,0,0
601058,Simeon Petrov,2026-04-14T17:30:00+00:00,2025,BU1,1,False,4718168,30,2531,away,4362,3,0,played,87,3,False,90,0,0,0,0,0,0,32,,,0,0
601058,Simeon Petrov,2026-04-08T17:30:00+00:00,2025,BU1,1,False,4718206,29,2531,home,2259,1,1,not in squad,,,False,0,0,0,0,0,0,0,,,,0,0
1015248,Ivaylo Videv,2026-07-27T18:15:00+00:00,2026,BU1,1,False,4909868,2,2531,away,208,2,3,not in squad,,,False,0,0,0,0,0,0,0,,,,0,0
1015248,Ivaylo Videv,2026-07-21T18:30:00+00:00,2026,BU1,1,False,4909852,1,2531,home,730,1,1,in squad,6,,False,0,0,0,0,0,0,0,,,,0,0
1015248,Ivaylo Videv,2026-05-30T14:00:00+00:00,2025,FS,11,True,4893732,51,21361,home,16844,1,0,played,2,0,False,90,0,0,0,0,0,0,,,,0,0
1015248,Ivaylo Videv,2026-05-25T14:45:00+00:00,2025,BU1,1,False,4866426,36,2531,away,2259,1,2,played,42,5,False,59,0,0,0,0,0,0,,,59,0,0
1015248,Ivaylo Videv,2026-05-16T16:00:00+00:00,2025,BU1,1,False,4866422,35,2531,home,967,5,0,played,42,3,False,90,0,0,0,0,0,0,,,,0,0
1015248,Ivaylo Videv,2026-05-12T17:15:00+00:00,2025,BU1,1,False,4866417,34,2531,home,40604,1,2,played,42,5,False,90,0,0,0,0,0,0,,,90,0,0
1015248,Ivaylo Videv,2026-05-09T13:15:00+00:00,2025,BU1,1,False,4866403,33,2531,away,967,0,2,played,42,0,False,2,0,0,0,0,0,0,,88,,0,0
1015248,Ivaylo Videv,2026-05-03T13:15:00+00:00,2025,BU1,1,False,4866385,32,2531,home,2259,0,2,in squad,42,,False,0,0,0,0,0,0,0,,,,0,0
1015248,Ivaylo Videv,2026-04-26T16:00:00+00:00,2025,BU1,1,False,4866375,31,2531,away,40604,2,0,in squad,42,,False,0,0,0,0,0,0,0,,,,0,0
1015248,Ivaylo Videv,2026-04-14T17:30:00+00:00,2025,BU1,1,False,4718168,30,2531,away,4362,3,0,in squad,42,,False,0,0,0,0,0,0,0,,,,0,0
447797,Marvin Senger,2026-07-27T18:15:00+00:00,2026,BU1,1,False,4909868,2,2531,away,208,2,3,not in squad,,,False,0,0,0,0,0,0,0,,,,0,0
447797,Marvin Senger,2026-07-21T18:30:00+00:00,2026,BU1,1,False,4909852,1,2531,home,730,1,1,not in squad,,,False,0,0,0,0,0,0,0,,,,0,0
447797,Marvin Senger,2026-05-24T14:30:00+00:00,2025,PL2,2,False,4628602,34,22431,home,7976,4,1,in squad,15,,False,0,0,0,0,0,0,0,,,,0,0
447797,Marvin Senger,2026-05-15T16:00:00+00:00,2025,PL2,2,False,4628592,33,22431,away,4896,3,1,in squad,15,,False,0,0,0,0,0,0,0,,,,0,0
447797,Marvin Senger,2026-05-09T17:30:00+00:00,2025,PL2,2,False,4628584,32,22431,home,28893,1,1,in squad,15,,False,0,0,0,0,0,0,0,,,,0,0
447797,Marvin Senger,2026-05-02T17:30:00+00:00,2025,PL2,2,False,4628574,31,22431,away,8936,0,1,in squad,15,,False,0,0,0,0,0,0,0,,,,0,0
447797,Marvin Senger,2026-04-25T17:30:00+00:00,2025,PL2,2,False,4628567,30,22431,home,759,2,3,played,15,3,False,90,0,0,0,0,0,0,,,,0,0
447797,Marvin Senger,2026-04-17T16:00:00+00:00,2025,PL2,2,False,4628537,29,22431,away,8377,1,2,played,15,3,False,90,0,0,0,0,0,0,,,,0,0
447797,Marvin Senger,2026-04-11T17:30:00+00:00,2025,PL2,2,False,4628535,28,22431,home,9510,3,1,played,15,0,False,39,0,0,0,0,0,0,,51,,0,0
447797,Marvin Senger,2026-04-06T17:30:00+00:00,2025,PL2,2,False,4628522,27,22431,away,30998,2,1,in squad,15,,False,0,0,0,0,0,0,0,,,,0,0
480395,Timothy Awany,2026-07-27T18:15:00+00:00,2026,BU1,1,False,4909868,2,2531,away,208,2,3,not in squad,,,False,0,0,0,0,0,0,0,,,,0,0
480395,Timothy Awany,2026-07-21T18:30:00+00:00,2026,BU1,1,False,4909852,1,2531,home,730,1,1,played,20,3,False,90,0,0,0,0,0,0,,,,0,0
480395,Timothy Awany,2026-05-18T17:00:00+00:00,2025,ISRA,12,False,4865134,7,6105,away,6028,3,2,played,4,3,True,45,0,0,0,0,0,0,26,,46,0,0
480395,Timothy Awany,2026-05-13T17:00:00+00:00,2025,ISRA,12,False,4865153,6,6105,home,43119,0,1,played,4,3,True,90,0,0,0,0,0,0,,,,0,0
480395,Timothy Awany,2026-05-10T17:00:00+00:00,2025,ISRA,12,False,4865147,5,6105,away,810,0,1,played,4,3,False,90,0,0,1,0,1,0,,,,0,0
480395,Timothy Awany,2026-05-03T17:00:00+00:00,2025,ISRA,12,False,4865155,4,6105,home,51070,0,3,played,4,3,True,90,0,0,0,0,0,0,,,,0,0
480395,Timothy Awany,2026-04-28T16:00:00+00:00,2025,ISRA,12,False,4865158,3,6105,away,4769,1,1,in squad,4,,False,0,0,0,0,0,0,0,,,,0,0
480395,Timothy Awany,2026-04-25T17:00:00+00:00,2025,ISRA,12,False,4865142,2,6105,home,70178,1,2,played,4,3,True,90,0,0,0,0,0,0,,,,0,0
480395,Timothy Awany,2026-04-18T16:50:00+00:00,2025,ISRA,12,False,4865138,1,6105,away,5223,1,2,not in squad,,,False,0,0,0,0,0,0,0,,,,0,0
480395,Timothy Awany,2026-04-11T17:00:00+00:00,2025,ISR1,1,False,4647085,26,6105,away,51070,0,0,not in squad,,,False,0,0,0,0,0,0,0,,,,0,0
1079271,Vladimir Mendes,2026-07-27T18:15:00+00:00,2026,BU1,1,False,4909868,2,2531,away,208,2,3,not in squad,,,False,0,0,0,0,0,0,0,,,,0,0
1079271,Vladimir Mendes,2026-07-21T18:30:00+00:00,2026,BU1,1,False,4909852,1,2531,home,730,1,1,in squad,82,,False,0,0,0,0,0,0,0,,,,0,0
1079271,Vladimir Mendes,2026-05-20T10:00:00+00:00,2025,PTPR,8,False,4884255,4,68780,home,110983,4,7,in squad,14,,False,0,0,0,0,0,0,0,,,,0,0
1079271,Vladimir Mendes,2026-05-16T15:00:00+00:00,2025,PTPR,8,False,4884253,3,68780,away,110983,0,0,played,14,0,False,23,0,0,0,0,0,0,,67,,0,0
1079271,Vladimir Mendes,2026-05-11T15:00:00+00:00,2025,PTPR,8,False,4873151,2,68780,home,68077,5,4,played,4,0,False,120,0,0,0,0,0,0,,,,0,0
1079271,Vladimir Mendes,2026-04-28T16:30:00+00:00,2025,P23C,12,False,4791072,14,68780,home,75337,1,2,played,18,0,False,45,0,0,0,0,0,0,,46,,0,0
1079271,Vladimir Mendes,2026-04-24T15:00:00+00:00,2025,P23C,12,False,4791065,13,68780,away,67909,1,2,played,5,4,False,90,0,0,0,0,0,0,,,,0,0
1079271,Vladimir Mendes,2026-04-12T10:00:00+00:00,2025,P23C,12,False,4791057,12,68780,home,75123,2,1,played,15,0,False,45,0,0,0,0,0,0,,46,,0,0
1079271,Vladimir Mendes,2026-04-07T12:00:00+00:00,2025,P23C,12,False,4791049,11,68780,away,110983,3,2,played,4,3,False,90,0,0,0,0,0,0,,,,0,0
1079271,Vladimir Mendes,2026-03-21T15:00:00+00:00,2025,P23C,12,False,4791044,10,68780,home,110988,0,1,in squad,15,,False,0,0,0,0,0,0,0,,,,0,0
1034079,Gabriel Zlatanov,2026-07-27T18:15:00+00:00,2026,BU1,1,False,4909868,2,2531,away,208,2,3,not in squad,,,False,0,0,0,0,0,0,0,,,,0,0
1034079,Gabriel Zlatanov,2026-07-21T18:30:00+00:00,2026,BU1,1,False,4909852,1,2531,home,730,1,1,not in squad,,,False,0,0,0,0,0,0,0,,,,0,0
1034079,Gabriel Zlatanov,2026-05-25T14:45:00+00:00,2025,BU1,1,False,4866426,36,2531,away,2259,1,2,not in squad,,,False,0,0,0,0,0,0,0,,,,0,0
1034079,Gabriel Zlatanov,2026-05-16T16:00:00+00:00,2025,BU1,1,False,4866422,35,2531,home,967,5,0,not in squad,,,False,0,0,0,0,0,0,0,,,,0,0
1034079,Gabriel Zlatanov,2026-05-12T17:15:00+00:00,2025,BU1,1,False,4866417,34,2531,home,40604,1,2,in squad,6,,False,0,0,0,0,0,0,0,,,,0,0
1034079,Gabriel Zlatanov,2026-05-09T13:15:00+00:00,2025,BU1,1,False,4866403,33,2531,away,967,0,2,not in squad,,,False,0,0,0,0,0,0,0,,,,0,0
1034079,Gabriel Zlatanov,2026-05-03T13:15:00+00:00,2025,BU1,1,False,4866385,32,2531,home,2259,0,2,not in squad,,,False,0,0,0,0,0,0,0,,,,0,0
1034079,Gabriel Zlatanov,2026-04-26T16:00:00+00:00,2025,BU1,1,False,4866375,31,2531,away,40604,2,0,not in squad,,,False,0,0,0,0,0,0,0,,,,0,0
1034079,Gabriel Zlatanov,2026-04-14T17:30:00+00:00,2025,BU1,1,False,4718168,30,2531,away,4362,3,0,not in squad,,,False,0,0,0,0,0,0,0,,,,0,0
1034079,Gabriel Zlatanov,2026-04-08T17:30:00+00:00,2025,BU1,1,False,4718206,29,2531,home,2259,1,1,not in squad,,,False,0,0,0,0,0,0,0,,,,0,0
521475,Bryan Hein,2026-07-27T18:15:00+00:00,2026,BU1,1,False,4909868,2,2531,away,208,2,3,not in squad,,,False,0,0,0,0,0,0,0,,,,0,0
521475,Bryan Hein,2026-07-21T18:30:00+00:00,2026,BU1,1,False,4909852,1,2531,home,730,1,1,played,27,4,False,90,0,0,0,0,0,0,84,,,0,0
521475,Bryan Hein,2026-05-25T14:45:00+00:00,2025,BU1,1,False,4866426,36,2531,away,2259,1,2,played,27,0,False,5,0,0,0,0,0,0,,85,,0,0
521475,Bryan Hein,2026-05-16T16:00:00+00:00,2025,BU1,1,False,4866422,35,2531,home,967,5,0,in squad,27,,False,0,0,0,0,0,0,0,,,,0,0
521475,Bryan Hein,2026-05-12T17:15:00+00:00,2025,BU1,1,False,4866417,34,2531,home,40604,1,2,played,27,4,False,90,0,0,0,0,0,0,,,,0,0
521475,Bryan Hein,2026-05-09T13:15:00+00:00,2025,BU1,1,False,4866403,33,2531,away,967,0,2,in squad,27,,False,0,0,0,0,0,0,0,,,,0,0
521475,Bryan Hein,2026-05-03T13:15:00+00:00,2025,BU1,1,False,4866385,32,2531,home,2259,0,2,in squad,27,,False,0,0,0,0,0,0,0,,,,0,0
521475,Bryan Hein,2026-04-26T16:00:00+00:00,2025,BU1,1,False,4866375,31,2531,away,40604,2,0,played,27,0,False,13,0,0,0,0,0,0,,77,,0,0
521475,Bryan Hein,2026-04-14T17:30:00+00:00,2025,BU1,1,False,4718168,30,2531,away,4362,3,0,not in squad,,,False,0,0,0,0,0,0,0,,,,0,0
521475,Bryan Hein,2026-04-08T17:30:00+00:00,2025,BU1,1,False,4718206,29,2531,home,2259,1,1,not in squad,,,False,0,0,0,0,0,0,0,,,,0,0
335740,Asen Chandarov,2026-07-27T18:15:00+00:00,2026,BU1,1,False,4909868,2,2531,away,208,2,3,not in squad,,,False,0,0,0,0,0,0,0,,,,0,0
335740,Asen Chandarov,2026-07-21T18:30:00+00:00,2026,BU1,1,False,4909852,1,2531,home,730,1,1,played,10,7,False,67,0,0,0,0,0,0,,,67,0,0
335740,Asen Chandarov,2026-05-25T14:45:00+00:00,2025,BU1,1,False,4866425,36,967,home,40604,2,3,played,10,6,False,90,0,0,0,0,0,0,,,,0,0
335740,Asen Chandarov,2026-05-16T16:00:00+00:00,2025,BU1,1,False,4866422,35,967,away,2531,0,5,played,10,10,False,90,0,0,0,0,0,0,,,,0,0
335740,Asen Chandarov,2026-05-12T14:45:00+00:00,2025,BU1,1,False,4866418,34,967,home,2259,2,0,played,10,10,False,89,1,0,0,0,0,0,42,,89,0,0
335740,Asen Chandarov,2026-05-09T13:15:00+00:00,2025,BU1,1,False,4866403,33,967,home,2531,2,0,played,10,10,False,90,1,0,0,0,0,0,,,,0,0
335740,Asen Chandarov,2026-05-03T10:30:00+00:00,2025,BU1,1,False,4866384,32,967,away,40604,0,0,played,10,6,False,90,0,0,0,0,0,0,,,,0,0
335740,Asen Chandarov,2026-04-26T13:30:00+00:00,2025,BU1,1,False,4866376,31,967,away,2259,1,0,played,10,0,False,18,0,0,0,0,0,0,,72,,0,0
335740,Asen Chandarov,2026-04-15T15:00:00+00:00,2025,BU1,1,False,4718169,30,967,home,61955,0,4,played,10,7,False,45,0,0,0,0,0,0,45,,46,0,0
335740,Asen Chandarov,2026-04-09T15:00:00+00:00,2025,BU1,1,False,4718204,29,967,away,31614,0,0,played,10,6,False,90,0,0,0,0,0,0,,,,0,0
727495,Nikola Iliev,2026-07-27T18:15:00+00:00,2026,BU1,1,False,4909868,2,2531,away,208,2,3,not in squad,,,False,0,0,0,0,0,0,0,,,,0,0
727495,Nikola Iliev,2026-07-21T18:30:00+00:00,2026,BU1,1,False,4909852,1,2531,home,730,1,1,in squad,7,,False,0,0,0,0,0,0,0,,,,0,0
727495,Nikola Iliev,2026-06-01T16:00:00+00:00,2025,FS,11,True,4864912,52,3394,home,11953,0,1,played,15,10,False,45,0,0,0,0,0,0,,,46,0,0
727495,Nikola Iliev,2026-05-25T14:45:00+00:00,2025,BU1,1,False,4866426,36,2531,away,2259,1,2,played,7,10,False,90,1,0,0,0,0,0,,,,0,0
727495,Nikola Iliev,2026-05-16T16:00:00+00:00,2025,BU1,1,False,4866422,35,2531,home,967,5,0,played,7,10,False,90,1,1,0,0,0,0,,,,0,0
727495,Nikola Iliev,2026-05-12T17:15:00+00:00,2025,BU1,1,False,4866417,34,2531,home,40604,1,2,played,7,10,False,63,0,0,0,0,0,0,,,63,0,0
727495,Nikola Iliev,2026-05-09T13:15:00+00:00,2025,BU1,1,False,4866403,33,2531,away,967,0,2,played,7,10,False,90,0,0,0,0,0,0,,,,0,0
727495,Nikola Iliev,2026-05-03T13:15:00+00:00,2025,BU1,1,False,4866385,32,2531,home,2259,0,2,played,7,14,False,24,0,0,0,0,0,0,,,24,0,0
727495,Nikola Iliev,2026-04-26T16:00:00+00:00,2025,BU1,1,False,4866375,31,2531,away,40604,2,0,played,7,14,False,60,0,0,0,0,0,0,,,60,0,0
727495,Nikola Iliev,2026-04-14T17:30:00+00:00,2025,BU1,1,False,4718168,30,2531,away,4362,3,0,played,7,0,False,13,0,1,0,0,0,0,,77,,0,0
717558,Dimitar Tonev,2026-07-27T18:15:00+00:00,2026,BU1,1,False,4909868,2,2531,away,208,2,3,not in squad,,,False,0,0,0,0,0,0,0,,,,0,0
717558,Dimitar Tonev,2026-07-21T18:30:00+00:00,2026,BU1,1,False,4909852,1,2531,home,730,1,1,played,23,12,False,53,0,0,0,0,0,0,,,53,0,0
717558,Dimitar Tonev,2026-05-25T14:45:00+00:00,2025,BU1,1,False,4866425,36,967,home,40604,2,3,not in squad,,,False,0,0,0,0,0,0,0,,,,0,0
717558,Dimitar Tonev,2026-05-16T16:00:00+00:00,2025,BU1,1,False,4866422,35,967,away,2531,0,5,not in squad,,,False,0,0,0,0,0,0,0,,,,0,0
717558,Dimitar Tonev,2026-05-12T14:45:00+00:00,2025,BU1,1,False,4866418,34,967,home,2259,2,0,not in squad,,,False,0,0,0,0,0,0,0,,,,0,0
717558,Dimitar Tonev,2026-05-09T13:15:00+00:00,2025,BU1,1,False,4866403,33,967,home,2531,2,0,not in squad,,,False,0,0,0,0,0,0,0,,,,0,0
717558,Dimitar Tonev,2026-05-03T10:30:00+00:00,2025,BU1,1,False,4866384,32,967,away,40604,0,0,not in squad,,,False,0,0,0,0,0,0,0,,,,0,0
717558,Dimitar Tonev,2026-04-26T13:30:00+00:00,2025,BU1,1,False,4866376,31,967,away,2259,1,0,played,23,14,False,8,0,0,0,0,0,0,,,8,0,0
717558,Dimitar Tonev,2026-04-15T15:00:00+00:00,2025,BU1,1,False,4718169,30,967,home,61955,0,4,played,23,11,False,45,0,0,0,0,0,0,,,46,0,0
717558,Dimitar Tonev,2026-04-09T15:00:00+00:00,2025,BU1,1,False,4718204,29,967,away,31614,0,0,played,23,11,False,90,0,0,0,0,0,0,,,90,0,0
134158,Georgi Milanov,2026-07-27T18:15:00+00:00,2026,BU1,1,False,4909868,2,2531,away,208,2,3,not in squad,,,False,0,0,0,0,0,0,0,,,,0,0
134158,Georgi Milanov,2026-07-21T18:30:00+00:00,2026,BU1,1,False,4909852,1,2531,home,730,1,1,played,17,0,False,37,0,0,0,0,0,0,,53,,0,0
134158,Georgi Milanov,2026-05-29T17:30:00+00:00,2025,ROPC,12,False,4890047,2,312,home,301,1,2,played,17,12,False,57,0,0,1,0,1,0,51,,57,0,0
134158,Georgi Milanov,2026-05-23T17:30:00+00:00,2025,RO1C,12,False,4843506,10,312,away,6429,1,1,played,17,0,False,45,0,0,1,0,0,1,,46,,0,0
134158,Georgi Milanov,2026-05-16T18:00:00+00:00,2025,RO1C,12,False,4843521,9,312,home,7769,0,0,played,17,0,False,28,0,0,1,0,0,1,89,62,,0,0
134158,Georgi Milanov,2026-05-10T16:00:00+00:00,2025,RO1C,12,False,4843525,8,312,home,41278,2,1,played,17,0,False,29,0,0,0,0,0,0,,61,,0,0
134158,Georgi Milanov,2026-05-03T18:00:00+00:00,2025,RO1C,12,False,4843511,7,312,away,40812,1,2,played,17,7,False,73,0,0,0,0,0,0,,,73,0,0
134158,Georgi Milanov,2026-04-26T18:00:00+00:00,2025,RO1C,12,False,4843515,6,312,home,455,3,1,played,17,6,False,45,1,0,2,1,0,1,,,46,0,0
134158,Georgi Milanov,2026-04-23T18:30:00+00:00,2025,ROMP,8,False,4838744,9,312,home,40812,2,5,played,17,0,False,56,0,0,0,0,0,0,,64,,0,0
134158,Georgi Milanov,2026-04-18T18:00:00+00:00,2025,RO1C,12,False,4843527,5,312,home,6429,2,1,in squad,17,,False,0,0,0,0,0,0,0,,,,0,0
217593,Todor Nedelev,2026-07-27T18:15:00+00:00,2026,BU1,1,False,4909868,2,2531,away,208,2,3,injured,,,False,0,0,0,0,0,0,0,,,,252,0
217593,Todor Nedelev,2026-07-21T18:30:00+00:00,2026,BU1,1,False,4909852,1,2531,home,730,1,1,injured,,,False,0,0,0,0,0,0,0,,,,252,0
217593,Todor Nedelev,2026-05-25T14:45:00+00:00,2025,BU1,1,False,4866426,36,2531,away,2259,1,2,injured,,,False,0,0,0,0,0,0,0,,,,252,0
217593,Todor Nedelev,2026-05-16T16:00:00+00:00,2025,BU1,1,False,4866422,35,2531,home,967,5,0,injured,,,False,0,0,0,0,0,0,0,,,,252,0
217593,Todor Nedelev,2026-05-12T17:15:00+00:00,2025,BU1,1,False,4866417,34,2531,home,40604,1,2,injured,,,False,0,0,0,0,0,0,0,,,,252,0
217593,Todor Nedelev,2026-05-09T13:15:00+00:00,2025,BU1,1,False,4866403,33,2531,away,967,0,2,injured,,,False,0,0,0,0,0,0,0,,,,252,0
217593,Todor Nedelev,2026-05-03T13:15:00+00:00,2025,BU1,1,False,4866385,32,2531,home,2259,0,2,played,8,10,True,35,0,0,0,0,0,0,,,35,0,0
217593,Todor Nedelev,2026-04-26T16:00:00+00:00,2025,BU1,1,False,4866375,31,2531,away,40604,2,0,played,8,10,True,77,1,0,0,0,0,0,,,77,0,0
217593,Todor Nedelev,2026-04-14T17:30:00+00:00,2025,BU1,1,False,4718168,30,2531,away,4362,3,0,played,8,10,True,77,0,0,0,0,0,0,,,77,0,0
217593,Todor Nedelev,2026-04-08T17:30:00+00:00,2025,BU1,1,False,4718206,29,2531,home,2259,1,1,played,8,10,True,90,1,0,0,0,0,0,,,,0,0
479636,Henrique Jocú,2026-07-27T18:15:00+00:00,2026,BU1,1,False,4909868,2,2531,away,208,2,3,not in squad,,,False,0,0,0,0,0,0,0,,,,0,0
479636,Henrique Jocú,2026-07-21T18:30:00+00:00,2026,BU1,1,False,4909852,1,2531,home,730,1,1,not in squad,,,False,0,0,0,0,0,0,0,,,,0,0
479636,Henrique Jocú,2026-05-25T14:45:00+00:00,2025,BU1,1,False,4866426,36,2531,away,2259,1,2,in squad,28,,False,0,0,0,0,0,0,0,,,,0,0
479636,Henrique Jocú,2026-05-16T16:00:00+00:00,2025,BU1,1,False,4866422,35,2531,home,967,5,0,played,28,0,False,45,0,0,0,0,0,0,,46,,0,0
479636,Henrique Jocú,2026-05-12T17:15:00+00:00,2025,BU1,1,False,4866417,34,2531,home,40604,1,2,not in squad,,,False,0,0,0,0,0,0,0,,,,0,0
479636,Henrique Jocú,2026-05-09T13:15:00+00:00,2025,BU1,1,False,4866403,33,2531,away,967,0,2,in squad,28,,False,0,0,0,0,0,0,0,,,,0,0
479636,Henrique Jocú,2026-05-03T13:15:00+00:00,2025,BU1,1,False,4866385,32,2531,home,2259,0,2,in squad,28,,False,0,0,0,0,0,0,0,,,,0,0
479636,Henrique Jocú,2026-04-26T16:00:00+00:00,2025,BU1,1,False,4866375,31,2531,away,40604,2,0,played,28,0,False,13,0,0,0,0,0,0,,77,,0,0
479636,Henrique Jocú,2026-04-14T17:30:00+00:00,2025,BU1,1,False,4718168,30,2531,away,4362,3,0,played,28,0,False,1,0,0,0,0,0,0,,89,,0,0
479636,Henrique Jocú,2026-04-08T17:30:00+00:00,2025,BU1,1,False,4718206,29,2531,home,2259,1,1,in squad,28,,False,0,0,0,0,0,0,0,,,,0,0
555018,Lucas Araújo,2026-07-27T18:15:00+00:00,2026,BU1,1,False,4909868,2,2531,away,208,2,3,not in squad,,,False,0,0,0,0,0,0,0,,,,0,0
555018,Lucas Araújo,2026-07-21T18:30:00+00:00,2026,BU1,1,False,4909852,1,2531,home,730,1,1,in squad,77,,False,0,0,0,0,0,0,0,,,,0,0
555018,Lucas Araújo,2026-05-25T14:45:00+00:00,2025,BU1,1,False,4866426,36,2531,away,2259,1,2,played,77,6,False,59,0,1,0,0,0,0,53,,59,0,0
555018,Lucas Araújo,2026-05-16T16:00:00+00:00,2025,BU1,1,False,4866422,35,2531,home,967,5,0,played,77,6,False,90,0,0,0,0,0,0,,,,0,0
555018,Lucas Araújo,2026-05-12T17:15:00+00:00,2025,BU1,1,False,4866417,34,2531,home,40604,1,2,played,77,0,False,45,0,0,0,0,0,0,,46,,0,0
555018,Lucas Araújo,2026-05-09T13:15:00+00:00,2025,BU1,1,False,4866403,33,2531,away,967,0,2,played,77,6,False,45,0,0,0,0,0,0,,,46,0,0
555018,Lucas Araújo,2026-05-03T13:15:00+00:00,2025,BU1,1,False,4866385,32,2531,home,2259,0,2,played,77,6,False,83,0,0,0,0,0,0,65,,83,0,0
555018,Lucas Araújo,2026-04-26T16:00:00+00:00,2025,BU1,1,False,4866375,31,2531,away,40604,2,0,played,77,6,False,90,0,0,0,0,0,0,,,,0,0
555018,Lucas Araújo,2026-04-14T17:30:00+00:00,2025,BU1,1,False,4718168,30,2531,away,4362,3,0,played,77,6,False,90,0,0,0,0,0,0,,,,0,0
555018,Lucas Araújo,2026-04-08T17:30:00+00:00,2025,BU1,1,False,4718206,29,2531,home,2259,1,1,played,77,6,False,86,0,0,0,0,0,0,,,86,0,0
1393317,Samuil Tsonov,2026-07-27T18:15:00+00:00,2026,BU1,1,False,4909868,2,2531,away,208,2,3,not in squad,,,False,0,0,0,0,0,0,0,,,,0,0
1393317,Samuil Tsonov,2026-07-21T18:30:00+00:00,2026,BU1,1,False,4909852,1,2531,home,730,1,1,not in squad,,,False,0,0,0,0,0,0,0,,,,0,0
1393317,Samuil Tsonov,2026-06-07T08:30:00+00:00,2025,FS,11,True,4889234,41,27256,home,26099,3,0,played,9,14,False,64,1,0,0,0,0,0,,,64,0,0
1393317,Samuil Tsonov,2026-06-04T15:00:00+00:00,2025,FS,11,True,4889233,36,27256,home,26099,1,0,played,9,14,False,65,0,0,0,0,0,0,,,65,0,0
1393317,Samuil Tsonov,2026-05-25T14:45:00+00:00,2025,BU1,1,False,4866426,36,2531,away,2259,1,2,in squad,13,,False,0,0,0,0,0,0,0,,,,0,0
1393317,Samuil Tsonov,2026-05-16T16:00:00+00:00,2025,BU1,1,False,4866422,35,2531,home,967,5,0,played,13,0,False,19,1,0,0,0,0,0,,71,,0,0
1393317,Samuil Tsonov,2026-05-12T17:15:00+00:00,2025,BU1,1,False,4866417,34,2531,home,40604,1,2,in squad,13,,False,0,0,0,0,0,0,0,,,,0,0
1393317,Samuil Tsonov,2026-05-09T13:15:00+00:00,2025,BU1,1,False,4866403,33,2531,away,967,0,2,played,13,12,False,45,0,0,0,0,0,0,,,46,0,0
1393317,Samuil Tsonov,2026-05-03T13:15:00+00:00,2025,BU1,1,False,4866385,32,2531,home,2259,0,2,not in squad,,,False,0,0,0,0,0,0,0,,,,0,0
1393317,Samuil Tsonov,2026-04-26T16:00:00+00:00,2025,BU1,1,False,4866375,31,2531,away,40604,2,0,in squad,13,,False,0,0,0,0,0,0,0,,,,0,0
816576,Edson Silva,2026-07-27T18:15:00+00:00,2026,BU1,1,False,4909868,2,2531,away,208,2,3,not in squad,,,False,0,0,0,0,0,0,0,,,,0,0
816576,Edson Silva,2026-07-21T18:30:00+00:00,2026,BU1,1,False,4909852,1,2531,home,730,1,1,played,45,0,False,37,0,0,0,0,0,0,,53,,0,0
816576,Edson Silva,2026-05-25T14:45:00+00:00,2025,BU1,1,False,4866426,36,2531,away,2259,1,2,played,45,0,False,31,0,0,0,0,0,0,85,59,,0,0
816576,Edson Silva,2026-05-16T16:00:00+00:00,2025,BU1,1,False,4866422,35,2531,home,967,5,0,played,45,6,False,45,0,0,0,0,0,0,,,46,0,0
816576,Edson Silva,2026-05-12T17:15:00+00:00,2025,BU1,1,False,4866417,34,2531,home,40604,1,2,played,45,6,False,45,0,0,0,0,0,0,45,,46,0,0
816576,Edson Silva,2026-05-09T13:15:00+00:00,2025,BU1,1,False,4866403,33,2531,away,967,0,2,played,45,0,False,45,0,0,0,0,0,0,90,46,,0,0
816576,Edson Silva,2026-05-03T13:15:00+00:00,2025,BU1,1,False,4866385,32,2531,home,2259,0,2,played,45,0,False,7,0,0,0,0,0,0,,83,,0,0
816576,Edson Silva,2026-04-26T16:00:00+00:00,2025,BU1,1,False,4866375,31,2531,away,40604,2,0,absent,,,False,0,0,0,0,0,0,0,,,,0,1
816576,Edson Silva,2026-04-14T17:30:00+00:00,2025,BU1,1,False,4718168,30,2531,away,4362,3,0,played,45,6,False,65,0,0,0,0,0,0,54,,65,0,0
816576,Edson Silva,2026-04-08T17:30:00+00:00,2025,BU1,1,False,4718206,29,2531,home,2259,1,1,played,45,6,False,65,0,0,0,0,0,0,,,65,0,0
1239795,John Emmanuel,2026-07-27T18:15:00+00:00,2026,BU1,1,False,4909868,2,2531,away,208,2,3,not in squad,,,False,0,0,0,0,0,0,0,,,,0,0
1239795,John Emmanuel,2026-07-21T18:30:00+00:00,2026,BU1,1,False,4909852,1,2531,home,730,1,1,not in squad,,,False,0,0,0,0,0,0,0,,,,0,0
1239795,John Emmanuel,2026-05-22T15:00:00+00:00,2025,BU1,1,False,4866452,37,9599,home,730,3,0,played,6,0,False,17,0,0,0,0,0,0,,73,,0,0
1239795,John Emmanuel,2026-05-18T16:30:00+00:00,2025,BU1,1,False,4866449,36,9599,away,24078,2,0,played,6,0,False,10,0,0,0,0,0,0,,80,,0,0
1239795,John Emmanuel,2026-05-14T12:15:00+00:00,2025,BU1,1,False,4866445,35,9599,away,40416,0,1,played,6,6,False,89,0,0,0,0,0,0,,,89,0,0
1239795,John Emmanuel,2026-05-10T11:15:00+00:00,2025,BU1,1,False,4866442,34,9599,home,675,2,1,played,6,0,False,45,0,0,0,0,0,0,,46,,0,0
1239795,John Emmanuel,2026-05-06T17:00:00+00:00,2025,BU1,1,False,4866436,33,9599,home,4362,1,1,played,6,0,False,17,0,0,0,0,0,0,,73,,0,0
1239795,John Emmanuel,2026-05-02T13:30:00+00:00,2025,BU1,1,False,4866432,32,9599,away,26462,1,2,played,6,6,False,90,0,0,0,0,0,0,,,,0,0
1239795,John Emmanuel,2026-04-24T16:30:00+00:00,2025,BU1,1,False,4866428,31,9599,home,6764,1,2,played,6,0,False,21,0,0,0,0,0,0,,69,,0,0
1239795,John Emmanuel,2026-04-16T14:00:00+00:00,2025,BU1,1,False,4718170,30,9599,away,40416,0,0,played,6,0,False,21,0,0,0,0,0,0,90,69,,0,0
1235067,Veliyan Vidolov,2026-07-27T18:15:00+00:00,2026,BU1,1,False,4909868,2,2531,away,208,2,3,not in squad,,,False,0,0,0,0,0,0,0,,,,0,0
1235067,Veliyan Vidolov,2026-07-21T18:30:00+00:00,2026,BU1,1,False,4909852,1,2531,home,730,1,1,played,16,7,False,53,0,0,0,0,0,0,,,53,0,0
1235067,Veliyan Vidolov,2025-05-19T15:00:00+00:00,2024,BU2,2,False,4376329,37,20485,home,24078,0,0,in squad,22,,False,0,0,0,0,0,0,0,,,,0,0
1235067,Veliyan Vidolov,2025-05-11T15:00:00+00:00,2024,BU2,2,False,4376315,36,20485,away,40678,0,5,not in squad,,,False,0,0,0,0,0,0,0,,,,0,0
1235067,Veliyan Vidolov,2025-05-08T15:00:00+00:00,2024,BU2,2,False,4376308,35,20485,home,8321,0,2,in squad,22,,False,0,0,0,0,0,0,0,,,,0,0
1235067,Veliyan Vidolov,2025-05-05T15:00:00+00:00,2024,BU2,2,False,4376296,34,20485,away,4503,2,0,in squad,22,,False,0,0,0,0,0,0,0,,,,0,0
1235067,Veliyan Vidolov,2025-04-28T14:00:00+00:00,2024,BU2,2,False,4376287,33,20485,home,9524,4,2,in squad,22,,False,0,0,0,0,0,0,0,,,,0,0
1235067,Veliyan Vidolov,2025-04-19T14:00:00+00:00,2024,BU2,2,False,4376277,32,20485,away,109262,1,2,not in squad,,,False,0,0,0,0,0,0,0,,,,0,0
1235067,Veliyan Vidolov,2025-04-13T14:00:00+00:00,2024,BU2,2,False,4376266,31,20485,home,19784,0,1,not in squad,,,False,0,0,0,0,0,0,0,,,,0,0
1235067,Veliyan Vidolov,2025-04-08T14:00:00+00:00,2024,BU2,2,False,4376258,30,20485,away,4362,1,3,in squad,22,,False,0,0,0,0,0,0,0,,,,0,0
424051,Samuel Kalu,2026-07-27T18:15:00+00:00,2026,BU1,1,False,4909868,2,2531,away,208,2,3,not in squad,,,False,0,0,0,0,0,0,0,,,,0,0
424051,Samuel Kalu,2026-07-21T18:30:00+00:00,2026,BU1,1,False,4909852,1,2531,home,730,1,1,played,90,11,False,90,0,1,0,0,0,0,,,,0,0
424051,Samuel Kalu,2026-05-25T14:45:00+00:00,2025,BU1,1,False,4866426,36,2531,away,2259,1,2,played,90,11,False,90,0,0,0,0,0,0,,,,0,0
424051,Samuel Kalu,2026-05-16T16:00:00+00:00,2025,BU1,1,False,4866422,35,2531,home,967,5,0,in squad,90,,False,0,0,0,0,0,0,0,,,,0,0
424051,Samuel Kalu,2026-05-12T17:15:00+00:00,2025,BU1,1,False,4866417,34,2531,home,40604,1,2,played,90,11,False,90,0,0,0,0,0,0,,,,0,0
424051,Samuel Kalu,2026-05-09T13:15:00+00:00,2025,BU1,1,False,4866403,33,2531,away,967,0,2,played,90,11,False,90,0,0,0,0,0,0,90,,,0,0
424051,Samuel Kalu,2026-05-03T13:15:00+00:00,2025,BU1,1,False,4866385,32,2531,home,2259,0,2,played,90,11,False,90,0,0,0,0,0,0,40,,,0,0
424051,Samuel Kalu,2026-04-26T16:00:00+00:00,2025,BU1,1,False,4866375,31,2531,away,40604,2,0,played,90,11,False,77,0,0,0,0,0,0,,,77,0,0
424051,Samuel Kalu,2026-04-14T17:30:00+00:00,2025,BU1,1,False,4718168,30,2531,away,4362,3,0,not in squad,,,False,0,0,0,0,0,0,0,,,,0,0
424051,Samuel Kalu,2026-04-08T17:30:00+00:00,2025,BU1,1,False,4718206,29,2531,home,2259,1,1,played,90,11,False,90,0,1,0,0,0,0,,,,0,0
1053246,Chidera Okoh,2026-07-27T18:15:00+00:00,2026,BU1,1,False,4909868,2,2531,away,208,2,3,not in squad,,,False,0,0,0,0,0,0,0,,,,0,0
1053246,Chidera Okoh,2026-07-21T18:30:00+00:00,2026,BU1,1,False,4909852,1,2531,home,730,1,1,played,9,14,False,90,0,0,0,0,0,0,,,,0,0
1053246,Chidera Okoh,2026-05-21T16:00:00+00:00,2025,S1PO,12,False,4850136,10,6676,away,6418,2,1,in squad,26,,False,0,0,0,0,0,0,0,,,,0,0
1053246,Chidera Okoh,2026-05-16T16:00:00+00:00,2025,S1PO,12,False,4850131,9,6676,home,30120,0,0,played,26,0,False,36,0,0,1,0,0,1,,54,,0,0
1053246,Chidera Okoh,2026-05-12T16:00:00+00:00,2025,S1PO,12,False,4850128,8,6676,home,3385,1,0,in squad,26,,False,0,0,0,0,0,0,0,,,,0,0
1053246,Chidera Okoh,2026-05-09T14:00:00+00:00,2025,S1PO,12,False,4850125,7,6676,away,4603,1,1,played,26,0,False,12,0,0,0,0,0,0,90,78,,0,0
1053246,Chidera Okoh,2026-05-02T16:30:00+00:00,2025,S1PO,12,False,4850122,6,6676,home,3060,4,2,in squad,26,,False,0,0,0,0,0,0,0,,,,0,0
1053246,Chidera Okoh,2026-04-26T15:00:00+00:00,2025,S1PO,12,False,4850120,5,6676,away,3060,1,2,played,26,0,False,12,0,0,1,1,0,0,,78,,0,0
1053246,Chidera Okoh,2026-04-22T17:00:00+00:00,2025,S1PO,12,False,4850116,4,6676,home,6418,2,1,played,26,0,False,9,0,0,0,0,0,0,88,81,,0,0
1053246,Chidera Okoh,2026-04-18T13:00:00+00:00,2025,S1PO,12,False,4850114,3,6676,away,30120,0,0,played,26,14,False,65,0,0,1,0,1,0,,,65,0,0
650069,Mascote,2026-07-27T18:15:00+00:00,2026,BU1,1,False,4909868,2,2531,away,208,2,3,not in squad,,,False,0,0,0,0,0,0,0,,,,0,0
650069,Mascote,2026-07-21T18:30:00+00:00,2026,BU1,1,False,4909852,1,2531,home,730,1,1,played,30,0,False,12,0,0,0,0,0,0,,78,,0,0
650069,Mascote,2026-05-25T14:45:00+00:00,2025,BU1,1,False,4866426,36,2531,away,2259,1,2,played,30,14,False,85,0,0,0,0,0,0,,,85,0,0
650069,Mascote,2026-05-16T16:00:00+00:00,2025,BU1,1,False,4866422,35,2531,home,967,5,0,played,30,14,False,76,1,0,0,0,0,0,,,76,0,0
650069,Mascote,2026-05-12T17:15:00+00:00,2025,BU1,1,False,4866417,34,2531,home,40604,1,2,played,30,14,False,90,0,1,0,0,0,0,,,,0,0
650069,Mascote,2026-05-09T13:15:00+00:00,2025,BU1,1,False,4866403,33,2531,away,967,0,2,played,30,14,False,90,0,0,0,0,0,0,,,90,0,0
650069,Mascote,2026-05-03T13:15:00+00:00,2025,BU1,1,False,4866385,32,2531,home,2259,0,2,played,30,0,False,66,0,0,0,0,0,0,,24,,0,0
650069,Mascote,2026-04-26T16:00:00+00:00,2025,BU1,1,False,4866375,31,2531,away,40604,2,0,played,30,0,False,30,0,0,0,0,0,0,,60,,0,0
650069,Mascote,2026-04-14T17:30:00+00:00,2025,BU1,1,False,4718168,30,2531,away,4362,3,0,played,30,0,False,45,1,0,0,0,0,0,83,46,,0,0
650069,Mascote,2026-04-08T17:30:00+00:00,2025,BU1,1,False,4718206,29,2531,home,2259,1,1,played,30,14,False,90,0,0,0,0,0,0,,,,0,0
1284389,Williams Chimezie,2026-07-27T18:15:00+00:00,2026,BU1,1,False,4909868,2,2531,away,208,2,3,not in squad,,,False,0,0,0,0,0,0,0,,,,0,0
1284389,Williams Chimezie,2026-07-21T18:30:00+00:00,2026,BU1,1,False,4909852,1,2531,home,730,1,1,played,88,5,False,90,0,0,0,0,0,0,,,,0,0
1284389,Williams Chimezie,2026-05-25T14:45:00+00:00,2025,BU1,1,False,4866426,36,2531,away,2259,1,2,played,88,0,False,31,0,0,0,0,0,0,,59,,0,0
1284389,Williams Chimezie,2026-05-16T16:00:00+00:00,2025,BU1,1,False,4866422,35,2531,home,967,5,0,played,88,11,False,64,0,0,0,0,0,0,,,64,0,0
1284389,Williams Chimezie,2026-05-12T17:15:00+00:00,2025,BU1,1,False,4866417,34,2531,home,40604,1,2,played,88,12,False,80,0,0,0,0,0,0,,,80,0,0
1284389,Williams Chimezie,2026-05-09T13:15:00+00:00,2025,BU1,1,False,4866403,33,2531,away,967,0,2,played,88,0,False,45,0,0,0,0,0,0,,46,,0,0
1284389,Williams Chimezie,2026-05-03T13:15:00+00:00,2025,BU1,1,False,4866385,32,2531,home,2259,0,2,played,88,0,False,55,0,0,0,0,0,0,,35,,0,0
1284389,Williams Chimezie,2026-04-26T16:00:00+00:00,2025,BU1,1,False,4866375,31,2531,away,40604,2,0,played,88,0,False,45,0,0,0,0,0,0,,46,,0,0
1284389,Williams Chimezie,2026-04-14T17:30:00+00:00,2025,BU1,1,False,4718168,30,2531,away,4362,3,0,played,88,12,False,89,0,1,0,0,0,0,,,89,0,0
1284389,Williams Chimezie,2026-04-08T17:30:00+00:00,2025,BU1,1,False,4718206,29,2531,home,2259,1,1,played,88,0,False,25,0,0,0,0,0,0,,65,,0,0
514623,Mauro Rodrigues,2026-07-27T18:15:00+00:00,2026,BU1,1,False,4909868,2,2531,away,208,2,3,not in squad,,,False,0,0,0,0,0,0,0,,,,0,0
514623,Mauro Rodrigues,2026-07-21T18:30:00+00:00,2026,BU1,1,False,4909852,1,2531,home,730,1,1,not in squad,,,False,0,0,0,0,0,0,0,,,,0,0
514623,Mauro Rodrigues,2026-06-09T12:30:00+00:00,2025,UARP,12,False,4892052,2,18303,away,86209,0,1,played,67,10,False,90,0,0,0,0,0,0,,,,0,0
514623,Mauro Rodrigues,2026-06-05T12:30:00+00:00,2025,UARP,12,False,4892051,1,18303,home,86209,1,1,played,67,12,False,1,0,0,0,0,0,0,,89,,0,0
514623,Mauro Rodrigues,2026-05-23T10:00:00+00:00,2025,UKR1,1,False,4646266,30,18303,home,3592,1,1,played,67,12,False,27,1,0,0,0,0,0,,63,,0,0
514623,Mauro Rodrigues,2026-05-17T10:00:00+00:00,2025,UKR1,1,False,4646287,29,18303,away,48726,3,1,in squad,67,,False,0,0,0,0,0,0,0,,,,0,0
514623,Mauro Rodrigues,2026-05-12T10:00:00+00:00,2025,UKR1,1,False,4646274,28,18303,home,10690,1,2,played,67,12,False,28,0,0,0,0,0,0,,62,,0,0
514623,Mauro Rodrigues,2026-05-08T15:00:00+00:00,2025,UKR1,1,False,4646281,27,18303,away,53646,1,2,in squad,67,,False,0,0,0,0,0,0,0,,,,0,0
514623,Mauro Rodrigues,2026-05-02T10:00:00+00:00,2025,UKR1,1,False,4646219,26,18303,home,48332,0,3,played,67,5,False,4,0,0,0,0,0,0,,86,,0,0
514623,Mauro Rodrigues,2026-04-27T10:00:00+00:00,2025,UKR1,1,False,4646148,25,18303,away,84122,1,1,played,67,14,False,45,0,0,0,0,0,0,,,46,0,0
171033,Anatoli Gospodinov,2026-07-24T18:15:00+00:00,2026,BU1,1,False,4909866,2,40604,home,675,1,0,played,1,1,True,90,0,0,0,0,0,0,,,,0,0
171033,Anatoli Gospodinov,2026-07-18T16:00:00+00:00,2026,BU1,1,False,4909857,1,40604,away,40416,1,1,played,1,1,True,90,0,0,0,0,0,0,,,,0,0
171033,Anatoli Gospodinov,2026-05-25T14:45:00+00:00,2025,BU1,1,False,4866425,36,40604,away,967,3,2,played,1,1,True,90,0,0,0,0,0,0,,,,0,0
171033,Anatoli Gospodinov,2026-05-16T16:00:00+00:00,2025,BU1,1,False,4866421,35,40604,home,2259,4,0,played,1,1,True,90,0,0,0,0,0,0,,,,0,0
171033,Anatoli Gospodinov,2026-05-12T17:15:00+00:00,2025,BU1,1,False,4866417,34,40604,away,2531,2,1,played,1,1,False,90,0,0,0,0,0,0,,,,0,0
171033,Anatoli Gospodinov,2026-05-08T14:30:00+00:00,2025,BU1,1,False,4866404,33,40604,away,2259,0,2,played,1,1,True,90,0,0,0,0,0,0,,,,0,0
171033,Anatoli Gospodinov,2026-05-03T10:30:00+00:00,2025,BU1,1,False,4866384,32,40604,home,967,0,0,played,1,1,True,90,0,0,0,0,0,0,,,,0,0
171033,Anatoli Gospodinov,2026-04-30T16:00:00+00:00,2025,BULP,8,False,4827499,4,40604,away,2259,1,1,played,1,1,True,90,0,0,0,0,0,0,,,,0,0
171033,Anatoli Gospodinov,2026-04-26T16:00:00+00:00,2025,BU1,1,False,4866375,31,40604,home,2531,0,2,played,1,1,True,90,0,0,0,0,0,0,,,,0,0
171033,Anatoli Gospodinov,2026-04-22T16:00:00+00:00,2025,BULP,8,False,4827497,4,40604,home,2259,0,4,played,1,1,True,90,0,0,0,0,0,0,,,,0,0
910797,Carlos Meotti,2026-07-27T18:15:00+00:00,2026,BU1,1,False,4909868,2,2531,away,208,2,3,not in squad,,,False,0,0,0,0,0,0,0,,,,0,0
910797,Carlos Meotti,2026-07-21T18:30:00+00:00,2026,BU1,1,False,4909852,1,2531,home,730,1,1,played,66,0,False,23,1,0,0,0,0,0,,67,,0,0
910797,Carlos Meotti,2026-05-25T14:45:00+00:00,2025,BU1,1,False,4866426,36,2531,away,2259,1,2,played,44,12,False,59,0,0,0,0,0,0,,,59,0,0
910797,Carlos Meotti,2026-05-16T16:00:00+00:00,2025,BU1,1,False,4866422,35,2531,home,967,5,0,played,44,12,False,71,0,3,0,0,0,0,,,71,0,0
910797,Carlos Meotti,2026-05-12T17:15:00+00:00,2025,BU1,1,False,4866417,34,2531,home,40604,1,2,played,44,0,False,27,1,0,0,0,0,0,,63,,0,0
910797,Carlos Meotti,2026-05-09T13:15:00+00:00,2025,BU1,1,False,4866403,33,2531,away,967,0,2,in squad,44,,False,0,0,0,0,0,0,0,,,,0,0
910797,Carlos Meotti,2026-05-03T13:15:00+00:00,2025,BU1,1,False,4866385,32,2531,home,2259,0,2,in squad,44,,False,0,0,0,0,0,0,0,,,,0,0
910797,Carlos Meotti,2026-04-26T16:00:00+00:00,2025,BU1,1,False,4866375,31,2531,away,40604,2,0,in squad,44,,False,0,0,0,0,0,0,0,,,,0,0
910797,Carlos Meotti,2026-04-14T17:30:00+00:00,2025,BU1,1,False,4718168,30,2531,away,4362,3,0,in squad,44,,False,0,0,0,0,0,0,0,,,,0,0
910797,Carlos Meotti,2026-04-08T17:30:00+00:00,2025,BU1,1,False,4718206,29,2531,home,2259,1,1,in squad,44,,False,0,0,0,0,0,0,0,,,,0,0
980464,Pedro Igor,2026-07-27T18:15:00+00:00,2026,BU1,1,False,4909868,2,2531,away,208,2,3,not in squad,,,False,0,0,0,0,0,0,0,,,,0,0
980464,Pedro Igor,2026-07-21T18:30:00+00:00,2026,BU1,1,False,4909852,1,2531,home,730,1,1,not in squad,,,False,0,0,0,0,0,0,0,,,,0,0
980464,Pedro Igor,2026-05-25T14:45:00+00:00,2025,BU1,1,False,4866426,36,2531,away,2259,1,2,played,11,0,False,31,0,0,0,0,0,0,,59,,0,0
980464,Pedro Igor,2026-05-16T16:00:00+00:00,2025,BU1,1,False,4866422,35,2531,home,967,5,0,played,11,0,False,26,0,0,0,0,0,0,,64,,0,0
980464,Pedro Igor,2026-05-12T17:15:00+00:00,2025,BU1,1,False,4866417,34,2531,home,40604,1,2,not in squad,,,False,0,0,0,0,0,0,0,,,,0,0
980464,Pedro Igor,2026-05-09T13:15:00+00:00,2025,BU1,1,False,4866403,33,2531,away,967,0,2,not in squad,,,False,0,0,0,0,0,0,0,,,,0,0
980464,Pedro Igor,2026-05-03T13:15:00+00:00,2025,BU1,1,False,4866385,32,2531,home,2259,0,2,not in squad,,,False,0,0,0,0,0,0,0,,,,0,0
980464,Pedro Igor,2026-04-26T16:00:00+00:00,2025,BU1,1,False,4866375,31,2531,away,40604,2,0,played,11,12,False,45,0,1,0,0,0,0,,,46,0,0
980464,Pedro Igor,2026-04-14T17:30:00+00:00,2025,BU1,1,False,4718168,30,2531,away,4362,3,0,played,11,0,False,25,1,0,0,0,0,0,,65,,0,0
980464,Pedro Igor,2026-04-08T17:30:00+00:00,2025,BU1,1,False,4718206,29,2531,home,2259,1,1,not in squad,,,False,0,0,0,0,0,0,0,,,,0,0
206771,Yanko Georgiev,2026-07-24T18:15:00+00:00,2026,BU1,1,False,4909866,2,40604,home,675,1,0,in squad,22,,False,0,0,0,0,0,0,0,,,,0,0
206771,Yanko Georgiev,2026-07-18T16:00:00+00:00,2026,BU1,1,False,4909857,1,40604,away,40416,1,1,in squad,22,,False,0,0,0,0,0,0,0,,,,0,0
206771,Yanko Georgiev,2026-05-22T15:00:00+00:00,2025,BU1,1,False,4866453,37,40416,home,4362,1,1,played,21,1,True,90,0,0,0,0,0,0,80,,,0,0
206771,Yanko Georgiev,2026-05-18T16:30:00+00:00,2025,BU1,1,False,4866447,36,40416,away,6764,1,0,played,21,1,True,90,0,0,0,0,0,0,,,,0,0
206771,Yanko Georgiev,2026-05-14T12:15:00+00:00,2025,BU1,1,False,4866445,35,40416,home,9599,1,0,played,21,1,False,90,0,0,0,0,0,0,90,,,0,0
206771,Yanko Georgiev,2026-05-10T13:45:00+00:00,2025,BU1,1,False,4866439,34,40416,away,26462,1,1,played,21,1,True,90,0,0,0,0,0,0,,,,0,0
206771,Yanko Georgiev,2026-05-06T14:30:00+00:00,2025,BU1,1,False,4866438,33,40416,away,675,1,2,played,21,1,False,90,0,0,0,0,0,0,,,,0,0
206771,Yanko Georgiev,2026-05-01T14:30:00+00:00,2025,BU1,1,False,4866434,32,40416,home,24078,1,1,played,21,1,False,90,0,0,0,0,0,0,,,,0,0
206771,Yanko Georgiev,2026-04-27T17:00:00+00:00,2025,BU1,1,False,4866429,31,40416,away,730,1,1,played,21,1,True,90,0,0,0,0,0,0,,,,0,0
206771,Yanko Georgiev,2026-04-16T14:00:00+00:00,2025,BU1,1,False,4718170,30,40416,home,9599,0,0,played,21,1,False,90,0,0,0,0,0,0,,,,0,0
786795,Mesut Yusuf,2026-07-24T18:15:00+00:00,2026,BU1,1,False,4909866,2,40604,home,675,1,0,not in squad,,,False,0,0,0,0,0,0,0,,,,0,0
786795,Mesut Yusuf,2026-07-18T16:00:00+00:00,2026,BU1,1,False,4909857,1,40604,away,40416,1,1,not in squad,,,False,0,0,0,0,0,0,0,,,,0,0
786795,Mesut Yusuf,2026-05-25T14:45:00+00:00,2025,BU1,1,False,4866425,36,40604,away,967,3,2,in squad,92,,False,0,0,0,0,0,0,0,,,,0,0
786795,Mesut Yusuf,2026-05-16T16:00:00+00:00,2025,BU1,1,False,4866421,35,40604,home,2259,4,0,in squad,92,,False,0,0,0,0,0,0,0,,,,0,0
786795,Mesut Yusuf,2026-05-12T17:15:00+00:00,2025,BU1,1,False,4866417,34,40604,away,2531,2,1,not in squad,,,False,0,0,0,0,0,0,0,,,,0,0
786795,Mesut Yusuf,2026-05-08T14:30:00+00:00,2025,BU1,1,False,4866404,33,40604,away,2259,0,2,not in squad,,,False,0,0,0,0,0,0,0,,,,0,0
786795,Mesut Yusuf,2026-05-03T10:30:00+00:00,2025,BU1,1,False,4866384,32,40604,home,967,0,0,not in squad,,,False,0,0,0,0,0,0,0,,,,0,0
786795,Mesut Yusuf,2026-04-30T16:00:00+00:00,2025,BULP,8,False,4827499,4,40604,away,2259,1,1,not in squad,,,False,0,0,0,0,0,0,0,,,,0,0
786795,Mesut Yusuf,2026-04-26T16:00:00+00:00,2025,BU1,1,False,4866375,31,40604,home,2531,0,2,not in squad,,,False,0,0,0,0,0,0,0,,,,0,0
786795,Mesut Yusuf,2026-04-22T16:00:00+00:00,2025,BULP,8,False,4827497,4,40604,home,2259,0,4,not in squad,,,False,0,0,0,0,0,0,0,,,,0,0
323403,Dimitar Velkovski,2026-07-24T18:15:00+00:00,2026,BU1,1,False,4909866,2,40604,home,675,1,0,played,35,4,False,90,0,0,0,0,0,0,,,,0,0
323403,Dimitar Velkovski,2026-07-18T16:00:00+00:00,2026,BU1,1,False,4909857,1,40604,away,40416,1,1,played,35,4,False,87,0,0,0,0,0,0,,,87,0,0
323403,Dimitar Velkovski,2026-06-05T17:00:00+00:00,2025,FS,11,True,4864913,52,3394,away,6090,2,2,played,21,4,False,88,0,0,0,0,0,0,49,,88,0,0
323403,Dimitar Velkovski,2026-06-01T16:00:00+00:00,2025,FS,11,True,4864912,52,3394,home,11953,0,1,played,21,4,False,73,0,0,0,0,0,0,,,73,0,0
323403,Dimitar Velkovski,2026-05-25T14:45:00+00:00,2025,BU1,1,False,4866425,36,40604,away,967,3,2,played,35,4,False,90,0,0,0,0,0,0,,,,0,0
323403,Dimitar Velkovski,2026-05-16T16:00:00+00:00,2025,BU1,1,False,4866421,35,40604,home,2259,4,0,played,35,4,False,45,0,1,0,0,0,0,,,46,0,0
323403,Dimitar Velkovski,2026-05-12T17:15:00+00:00,2025,BU1,1,False,4866417,34,40604,away,2531,2,1,played,35,4,False,90,0,1,0,0,0,0,,,,0,0
323403,Dimitar Velkovski,2026-05-08T14:30:00+00:00,2025,BU1,1,False,4866404,33,40604,away,2259,0,2,played,35,4,False,90,0,0,0,0,0,0,,,,0,0
323403,Dimitar Velkovski,2026-05-03T10:30:00+00:00,2025,BU1,1,False,4866384,32,40604,home,967,0,0,played,35,4,False,90,0,0,0,0,0,0,,,,0,0
323403,Dimitar Velkovski,2026-04-30T16:00:00+00:00,2025,BULP,8,False,4827499,4,40604,away,2259,1,1,played,35,4,False,90,0,1,0,0,0,0,,,,0,0
1110823,Viktor Lyubenov,2026-07-24T18:15:00+00:00,2026,BU1,1,False,4909866,2,40604,home,675,1,0,played,5,3,False,90,0,0,0,0,0,0,,,,0,0
1110823,Viktor Lyubenov,2026-07-18T16:00:00+00:00,2026,BU1,1,False,4909857,1,40604,away,40416,1,1,played,5,3,False,90,0,0,0,0,0,0,90,,,0,0
1110823,Viktor Lyubenov,2026-05-23T15:00:00+00:00,2025,BU2,2,False,4718046,34,26563,away,19784,0,1,played,20,0,False,90,0,0,0,0,0,0,,,,0,0
1110823,Viktor Lyubenov,2026-05-15T15:00:00+00:00,2025,BU2,2,False,4718031,33,26563,home,5284,1,1,not in squad,,,False,0,0,0,0,0,0,0,,,,0,0
1110823,Viktor Lyubenov,2026-05-10T15:30:00+00:00,2025,BU2,2,False,4718029,32,26563,away,712,1,0,played,20,0,False,90,0,0,0,0,0,0,61,,,0,0
1110823,Viktor Lyubenov,2026-05-04T15:30:00+00:00,2025,BU2,2,False,4718012,31,26563,home,40678,1,2,played,20,0,False,90,0,0,0,0,0,0,,,,0,0
1110823,Viktor Lyubenov,2026-04-27T15:30:00+00:00,2025,BU2,2,False,4718011,30,26563,home,4494,1,3,not in squad,,,False,0,0,0,0,0,0,0,,,,0,0
1110823,Viktor Lyubenov,2026-04-22T14:00:00+00:00,2025,BU2,2,False,4717961,25,26563,away,9524,0,2,not in squad,,,False,0,0,0,0,0,0,0,,,,0,0
1110823,Viktor Lyubenov,2026-04-16T15:00:00+00:00,2025,BU2,2,False,4717995,29,26563,away,521,2,2,not in squad,,,False,0,0,0,0,0,0,0,,,,0,0
1110823,Viktor Lyubenov,2026-04-09T15:30:00+00:00,2025,BU2,2,False,4717992,28,26563,home,2190,4,3,played,20,0,False,90,0,0,0,0,0,0,,,,0,0
672802,Vyacheslav Velev,2026-07-24T18:15:00+00:00,2026,BU1,1,False,4909866,2,40604,home,675,1,0,played,21,5,False,90,0,0,0,0,0,0,,,,0,0
672802,Vyacheslav Velev,2026-07-18T16:00:00+00:00,2026,BU1,1,False,4909857,1,40604,away,40416,1,1,played,21,5,False,90,0,0,0,0,0,0,,,,0,0
672802,Vyacheslav Velev,2026-05-25T14:45:00+00:00,2025,BU1,1,False,4866425,36,40604,away,967,3,2,played,21,5,False,90,0,0,0,0,0,0,,,,0,0
672802,Vyacheslav Velev,2026-05-16T16:00:00+00:00,2025,BU1,1,False,4866421,35,40604,home,2259,4,0,played,21,5,False,90,0,0,0,0,0,0,,,,0,0
672802,Vyacheslav Velev,2026-05-12T17:15:00+00:00,2025,BU1,1,False,4866417,34,40604,away,2531,2,1,absent,,,False,0,0,0,0,0,0,0,,,,0,1
672802,Vyacheslav Velev,2026-05-08T14:30:00+00:00,2025,BU1,1,False,4866404,33,40604,away,2259,0,2,played,21,5,False,90,0,0,0,0,0,0,53,,,0,0
672802,Vyacheslav Velev,2026-05-03T10:30:00+00:00,2025,BU1,1,False,4866384,32,40604,home,967,0,0,in squad,21,,False,0,0,0,0,0,0,0,,,,0,0
672802,Vyacheslav Velev,2026-04-30T16:00:00+00:00,2025,BULP,8,False,4827499,4,40604,away,2259,1,1,played,21,5,False,90,0,0,0,0,0,0,,,,0,0
672802,Vyacheslav Velev,2026-04-26T16:00:00+00:00,2025,BU1,1,False,4866375,31,40604,home,2531,0,2,in squad,21,,False,0,0,0,0,0,0,0,,,,0,0
672802,Vyacheslav Velev,2026-04-22T16:00:00+00:00,2025,BULP,8,False,4827497,4,40604,home,2259,0,4,played,21,5,False,90,0,0,0,0,0,0,,,90,0,0
669174,Martin Paskalev,2026-07-24T18:15:00+00:00,2026,BU1,1,False,4909866,2,40604,home,675,1,0,played,24,0,False,1,0,0,0,0,0,0,,90,,0,0
669174,Martin Paskalev,2026-07-18T16:00:00+00:00,2026,BU1,1,False,4909857,1,40604,away,40416,1,1,in squad,24,,False,0,0,0,0,0,0,0,,,,0,0
669174,Martin Paskalev,2026-05-25T14:45:00+00:00,2025,BU1,1,False,4866425,36,40604,away,967,3,2,in squad,24,,False,0,0,0,0,0,0,0,,,,0,0
669174,Martin Paskalev,2026-05-16T16:00:00+00:00,2025,BU1,1,False,4866421,35,40604,home,2259,4,0,played,24,0,False,45,0,0,0,0,0,0,62,46,,0,0
669174,Martin Paskalev,2026-05-12T17:15:00+00:00,2025,BU1,1,False,4866417,34,40604,away,2531,2,1,played,24,0,False,5,0,0,0,0,0,0,,85,,0,0
669174,Martin Paskalev,2026-05-08T14:30:00+00:00,2025,BU1,1,False,4866404,33,40604,away,2259,0,2,in squad,24,,False,0,0,0,0,0,0,0,,,,0,0
669174,Martin Paskalev,2026-05-03T10:30:00+00:00,2025,BU1,1,False,4866384,32,40604,home,967,0,0,in squad,24,,False,0,0,0,0,0,0,0,,,,0,0
669174,Martin Paskalev,2026-04-30T16:00:00+00:00,2025,BULP,8,False,4827499,4,40604,away,2259,1,1,played,24,3,False,90,0,0,0,0,0,0,,,,0,0
669174,Martin Paskalev,2026-04-26T16:00:00+00:00,2025,BU1,1,False,4866375,31,40604,home,2531,0,2,played,24,3,False,90,0,0,0,0,0,0,,,,0,0
669174,Martin Paskalev,2026-04-22T16:00:00+00:00,2025,BULP,8,False,4827497,4,40604,home,2259,0,4,played,24,3,False,90,0,0,0,0,0,0,,,,0,0
634145,Viktor Popov,2026-07-24T18:15:00+00:00,2026,BU1,1,False,4909866,2,40604,home,675,1,0,played,6,0,False,1,0,0,0,0,0,0,,90,,0,0
634145,Viktor Popov,2026-07-18T16:00:00+00:00,2026,BU1,1,False,4909857,1,40604,away,40416,1,1,played,6,0,False,17,0,0,0,0,0,0,,73,,0,0
634145,Viktor Popov,2026-05-23T15:30:00+00:00,2025,PL1,1,False,4624927,34,6110,away,5689,1,1,in squad,26,,False,0,0,0,0,0,0,0,,,,0,0
634145,Viktor Popov,2026-05-15T18:30:00+00:00,2025,PL1,1,False,4624919,33,6110,home,88,1,0,in squad,26,,False,0,0,0,0,0,0,0,,,,0,0
634145,Viktor Popov,2026-05-08T16:00:00+00:00,2025,PL1,1,False,4624914,32,6110,away,9644,0,2,in squad,26,,False,0,0,0,0,0,0,0,,,,0,0
634145,Viktor Popov,2026-05-01T15:30:00+00:00,2025,PL1,1,False,4624901,31,6110,home,6112,1,1,in squad,26,,False,0,0,0,0,0,0,0,,,,0,0
634145,Viktor Popov,2026-04-25T12:45:00+00:00,2025,PL1,1,False,4624892,30,6110,home,6456,1,1,in squad,26,,False,0,0,0,0,0,0,0,,,,0,0
634145,Viktor Popov,2026-04-18T15:30:00+00:00,2025,PL1,1,False,4624884,29,6110,away,428,0,1,not in squad,,,False,0,0,0,0,0,0,0,,,,0,0
634145,Viktor Popov,2026-04-11T17:29:00+00:00,2025,PL34,4,False,4669248,26,10134,away,1986,0,0,played,2,0,False,90,0,0,0,0,0,0,,,,0,0
634145,Viktor Popov,2026-04-10T18:30:00+00:00,2025,PL1,1,False,4624873,28,6110,home,2300,1,1,in squad,26,,False,0,0,0,0,0,0,0,,,,0,0
574764,Derick,2026-07-24T18:15:00+00:00,2026,BU1,1,False,4909866,2,40604,home,675,1,0,not in squad,,,False,0,0,0,0,0,0,0,,,,0,0
574764,Derick,2026-07-18T16:00:00+00:00,2026,BU1,1,False,4909857,1,40604,away,40416,1,1,not in squad,,,False,0,0,0,0,0,0,0,,,,0,0
574764,Derick,2026-05-17T14:00:00+00:00,2025,P3Au,12,False,4813517,14,4297,away,74155,2,2,played,20,3,False,90,1,0,0,0,0,0,72,,,0,0
574764,Derick,2026-05-10T18:30:00+00:00,2025,P3Au,12,False,4813506,13,4297,home,68608,1,2,not in squad,,,False,0,0,0,0,0,0,0,,,,0,0
574764,Derick,2026-05-03T19:00:00+00:00,2025,P3Au,12,False,4813500,12,4297,away,2990,0,1,in squad,20,,False,0,0,0,0,0,0,0,,,,0,0
574764,Derick,2026-04-25T15:30:00+00:00,2025,P3Au,12,False,4813487,11,4297,home,15136,2,2,in squad,20,,False,0,0,0,0,0,0,0,,,,0,0
574764,Derick,2026-04-18T18:00:00+00:00,2025,P3Au,12,False,4813484,10,4297,away,3348,1,0,not in squad,,,False,0,0,0,0,0,0,0,,,,0,0
574764,Derick,2026-04-11T10:00:00+00:00,2025,P3Au,12,False,4813479,9,4297,home,7056,0,2,in squad,20,,False,0,0,0,0,0,0,0,,,,0,0
574764,Derick,2026-04-04T14:00:00+00:00,2025,P3Au,12,False,4813474,8,4297,away,7789,0,1,played,20,3,False,77,0,0,0,0,0,0,74,,77,0,0
574764,Derick,2026-03-21T17:00:00+00:00,2025,P3Au,12,False,4813462,7,4297,home,74155,1,0,played,20,3,False,45,0,0,0,0,0,0,,46,,0,0
568242,Lachezar Kotev,2026-07-24T18:15:00+00:00,2026,BU1,1,False,4909866,2,40604,home,675,1,0,played,80,7,False,90,0,0,0,0,0,0,,,,0,0
568242,Lachezar Kotev,2026-07-18T16:00:00+00:00,2026,BU1,1,False,4909857,1,40604,away,40416,1,1,played,80,7,False,90,0,0,0,0,0,0,,,,0,0
568242,Lachezar Kotev,2026-05-25T14:45:00+00:00,2025,BU1,1,False,4866425,36,40604,away,967,3,2,played,80,7,False,90,0,0,0,0,0,0,,,,0,0
568242,Lachezar Kotev,2026-05-16T16:00:00+00:00,2025,BU1,1,False,4866421,35,40604,home,2259,4,0,played,80,7,False,90,0,0,0,0,0,0,,,,0,0
568242,Lachezar Kotev,2026-05-12T17:15:00+00:00,2025,BU1,1,False,4866417,34,40604,away,2531,2,1,played,80,7,False,90,0,0,0,0,0,0,,,,0,0
568242,Lachezar Kotev,2026-05-08T14:30:00+00:00,2025,BU1,1,False,4866404,33,40604,away,2259,0,2,played,80,7,False,90,0,0,0,0,0,0,,,,0,0
568242,Lachezar Kotev,2026-05-03T10:30:00+00:00,2025,BU1,1,False,4866384,32,40604,home,967,0,0,played,80,7,False,90,0,0,0,0,0,0,,,,0,0
568242,Lachezar Kotev,2026-04-30T16:00:00+00:00,2025,BULP,8,False,4827499,4,40604,away,2259,1,1,played,80,6,False,72,1,0,0,0,0,0,,,72,0,0
568242,Lachezar Kotev,2026-04-26T16:00:00+00:00,2025,BU1,1,False,4866375,31,40604,home,2531,0,2,played,80,7,False,90,0,0,0,0,0,0,,,,0,0
568242,Lachezar Kotev,2026-04-22T16:00:00+00:00,2025,BULP,8,False,4827497,4,40604,home,2259,0,4,played,80,7,False,90,0,0,0,0,0,0,,,,0,0
256023,Serkan Yusein,2026-07-24T18:15:00+00:00,2026,BU1,1,False,4909866,2,40604,home,675,1,0,injured,,,False,0,0,0,0,0,0,0,,,,109,0
256023,Serkan Yusein,2026-07-18T16:00:00+00:00,2026,BU1,1,False,4909857,1,40604,away,40416,1,1,injured,,,False,0,0,0,0,0,0,0,,,,109,0
256023,Serkan Yusein,2026-05-25T14:45:00+00:00,2025,BU1,1,False,4866425,36,40604,away,967,3,2,played,20,0,False,27,1,0,0,0,0,0,,63,,0,0
256023,Serkan Yusein,2026-05-16T16:00:00+00:00,2025,BU1,1,False,4866421,35,40604,home,2259,4,0,in squad,20,,False,0,0,0,0,0,0,0,,,,0,0
256023,Serkan Yusein,2026-05-12T17:15:00+00:00,2025,BU1,1,False,4866417,34,40604,away,2531,2,1,played,20,10,False,85,0,0,0,0,0,0,56,,85,0,0
256023,Serkan Yusein,2026-05-08T14:30:00+00:00,2025,BU1,1,False,4866404,33,40604,away,2259,0,2,played,20,10,False,67,0,0,0,0,0,0,34,,67,0,0
256023,Serkan Yusein,2026-05-03T10:30:00+00:00,2025,BU1,1,False,4866384,32,40604,home,967,0,0,played,20,10,False,72,0,0,0,0,0,0,,,72,0,0
256023,Serkan Yusein,2026-04-30T16:00:00+00:00,2025,BULP,8,False,4827499,4,40604,away,2259,1,1,played,20,7,False,90,0,0,0,0,0,0,,,,0,0
256023,Serkan Yusein,2026-04-26T16:00:00+00:00,2025,BU1,1,False,4866375,31,40604,home,2531,0,2,played,20,0,False,45,0,0,0,0,0,0,,46,,0,0
256023,Serkan Yusein,2026-04-22T16:00:00+00:00,2025,BULP,8,False,4827497,4,40604,home,2259,0,4,played,20,10,False,90,0,0,0,0,0,0,,,,0,0
693413,David Idowu,2026-07-24T18:15:00+00:00,2026,BU1,1,False,4909866,2,40604,home,675,1,0,played,4,6,False,90,0,0,0,0,0,0,,,,0,0
693413,David Idowu,2026-07-18T16:00:00+00:00,2026,BU1,1,False,4909857,1,40604,away,40416,1,1,played,4,6,False,90,0,0,0,0,0,0,40,,,0,0
693413,David Idowu,2026-05-25T14:45:00+00:00,2025,BU1,1,False,4866425,36,40604,away,967,3,2,played,4,0,False,13,0,0,0,0,0,0,,77,,0,0
693413,David Idowu,2026-05-16T16:00:00+00:00,2025,BU1,1,False,4866421,35,40604,home,2259,4,0,played,4,0,False,45,0,0,0,0,0,0,,46,,0,0
693413,David Idowu,2026-05-12T17:15:00+00:00,2025,BU1,1,False,4866417,34,40604,away,2531,2,1,played,4,5,False,90,0,0,0,0,0,0,,,,0,0
693413,David Idowu,2026-05-08T14:30:00+00:00,2025,BU1,1,False,4866404,33,40604,away,2259,0,2,in squad,4,,False,0,0,0,0,0,0,0,,,,0,0
693413,David Idowu,2026-05-03T10:30:00+00:00,2025,BU1,1,False,4866384,32,40604,home,967,0,0,in squad,4,,False,0,0,0,0,0,0,0,,,,0,0
693413,David Idowu,2026-04-30T16:00:00+00:00,2025,BULP,8,False,4827499,4,40604,away,2259,1,1,played,4,0,False,64,0,0,0,0,0,0,74,26,,0,0
693413,David Idowu,2026-04-26T16:00:00+00:00,2025,BU1,1,False,4866375,31,40604,home,2531,0,2,played,4,6,False,45,0,0,0,0,0,0,,,46,0,0
693413,David Idowu,2026-04-22T16:00:00+00:00,2025,BULP,8,False,4827497,4,40604,home,2259,0,4,in squad,4,,False,0,0,0,0,0,0,0,,,,0,0
220686,Antonio Vutov,2026-07-24T18:15:00+00:00,2026,BU1,1,False,4909866,2,40604,home,675,1,0,played,39,10,False,79,0,0,0,0,0,0,28,,79,0,0
220686,Antonio Vutov,2026-07-18T16:00:00+00:00,2026,BU1,1,False,4909857,1,40604,away,40416,1,1,played,39,10,False,73,0,0,0,0,0,0,,,73,0,0
220686,Antonio Vutov,2026-05-25T14:45:00+00:00,2025,BU1,1,False,4866425,36,40604,away,967,3,2,played,39,10,False,77,0,1,0,0,0,0,,,77,0,0
220686,Antonio Vutov,2026-05-16T16:00:00+00:00,2025,BU1,1,False,4866421,35,40604,home,2259,4,0,played,39,10,False,62,3,1,0,0,0,0,,,62,0,0
220686,Antonio Vutov,2026-05-12T17:15:00+00:00,2025,BU1,1,False,4866417,34,40604,away,2531,2,1,played,39,0,False,27,0,0,0,0,0,0,,63,,0,0
220686,Antonio Vutov,2026-05-08T14:30:00+00:00,2025,BU1,1,False,4866404,33,40604,away,2259,0,2,played,39,0,False,15,0,0,0,0,0,0,,75,,0,0
220686,Antonio Vutov,2026-05-03T10:30:00+00:00,2025,BU1,1,False,4866384,32,40604,home,967,0,0,not in squad,,,False,0,0,0,0,0,0,0,,,,0,0
220686,Antonio Vutov,2026-04-30T16:00:00+00:00,2025,BULP,8,False,4827499,4,40604,away,2259,1,1,played,39,10,False,26,0,0,0,0,0,0,,,26,0,0
220686,Antonio Vutov,2026-04-26T16:00:00+00:00,2025,BU1,1,False,4866375,31,40604,home,2531,0,2,played,39,10,False,45,0,0,0,0,0,0,,,46,0,0
220686,Antonio Vutov,2026-04-22T16:00:00+00:00,2025,BULP,8,False,4827497,4,40604,home,2259,0,4,played,39,0,False,24,0,0,0,0,0,0,,66,,0,0
541287,Dominik Yankov,2026-07-24T18:15:00+00:00,2026,BU1,1,False,4909866,2,40604,home,675,1,0,played,8,0,False,23,0,0,0,0,0,0,,67,,0,0
541287,Dominik Yankov,2026-07-18T16:00:00+00:00,2026,BU1,1,False,4909857,1,40604,away,40416,1,1,not in squad,,,False,0,0,0,0,0,0,0,,,,0,0
541287,Dominik Yankov,2026-05-22T15:00:00+00:00,2025,BU1,1,False,4866452,37,730,away,9599,0,3,not in squad,,,False,0,0,0,0,0,0,0,,,,0,0
541287,Dominik Yankov,2026-05-18T16:30:00+00:00,2025,BU1,1,False,4866450,36,730,home,675,2,0,not in squad,,,False,0,0,0,0,0,0,0,,,,0,0
541287,Dominik Yankov,2026-05-14T17:15:00+00:00,2025,BU1,1,False,4866444,35,730,home,6764,1,1,not in squad,,,False,0,0,0,0,0,0,0,,,,0,0
541287,Dominik Yankov,2026-05-09T10:45:00+00:00,2025,BU1,1,False,4866441,34,730,away,24078,2,2,played,64,10,False,5,0,0,0,0,0,0,,,5,0,0
541287,Dominik Yankov,2026-05-05T17:00:00+00:00,2025,BU1,1,False,4866437,33,730,home,26462,2,2,not in squad,,,False,0,0,0,0,0,0,0,,,,0,0
541287,Dominik Yankov,2026-05-01T17:00:00+00:00,2025,BU1,1,False,4866433,32,730,away,4362,3,0,played,64,7,False,55,0,0,0,0,0,0,,,55,0,0
541287,Dominik Yankov,2026-04-27T17:00:00+00:00,2025,BU1,1,False,4866429,31,730,home,40416,1,1,played,64,10,False,90,0,0,0,0,0,0,,,,0,0
541287,Dominik Yankov,2026-04-14T15:00:00+00:00,2025,BU1,1,False,4718173,30,730,away,26462,2,3,played,64,7,False,72,0,1,0,0,0,0,,,72,0,0
1284770,Burak Akandzha,2026-07-24T18:15:00+00:00,2026,BU1,1,False,4909866,2,40604,home,675,1,0,in squad,26,,False,0,0,0,0,0,0,0,,,,0,0
1284770,Burak Akandzha,2026-07-18T16:00:00+00:00,2026,BU1,1,False,4909857,1,40604,away,40416,1,1,played,26,0,False,3,0,0,0,0,0,0,,87,,0,0
1284770,Burak Akandzha,2026-05-25T14:45:00+00:00,2025,BU1,1,False,4866425,36,40604,away,967,3,2,in squad,26,,False,0,0,0,0,0,0,0,,,,0,0
1284770,Burak Akandzha,2026-05-16T16:00:00+00:00,2025,BU1,1,False,4866421,35,40604,home,2259,4,0,played,26,0,False,18,0,0,0,0,0,0,,72,,0,0
1284770,Burak Akandzha,2026-05-12T17:15:00+00:00,2025,BU1,1,False,4866417,34,40604,away,2531,2,1,in squad,26,,False,0,0,0,0,0,0,0,,,,0,0
1284770,Burak Akandzha,2026-05-08T14:30:00+00:00,2025,BU1,1,False,4866404,33,40604,away,2259,0,2,in squad,26,,False,0,0,0,0,0,0,0,,,,0,0
1284770,Burak Akandzha,2026-05-03T10:30:00+00:00,2025,BU1,1,False,4866384,32,40604,home,967,0,0,in squad,26,,False,0,0,0,0,0,0,0,,,,0,0
1284770,Burak Akandzha,2026-04-30T16:00:00+00:00,2025,BULP,8,False,4827499,4,40604,away,2259,1,1,in squad,26,,False,0,0,0,0,0,0,0,,,,0,0
1284770,Burak Akandzha,2026-04-26T16:00:00+00:00,2025,BU1,1,False,4866375,31,40604,home,2531,0,2,in squad,26,,False,0,0,0,0,0,0,0,,,,0,0
1284770,Burak Akandzha,2026-04-22T16:00:00+00:00,2025,BULP,8,False,4827497,4,40604,home,2259,0,4,in squad,26,,False,0,0,0,0,0,0,0,,,,0,0
465082,Georgi Nikolov,2026-07-24T18:15:00+00:00,2026,BU1,1,False,4909866,2,40604,home,675,1,0,injured,,,False,0,0,0,0,0,0,0,,,,109,0
465082,Georgi Nikolov,2026-07-18T16:00:00+00:00,2026,BU1,1,False,4909857,1,40604,away,40416,1,1,injured,,,False,0,0,0,0,0,0,0,,,,109,0
465082,Georgi Nikolov,2026-05-25T14:45:00+00:00,2025,BU1,1,False,4866425,36,40604,away,967,3,2,injured,,,False,0,0,0,0,0,0,0,,,,109,0
465082,Georgi Nikolov,2026-05-16T16:00:00+00:00,2025,BU1,1,False,4866421,35,40604,home,2259,4,0,injured,,,False,0,0,0,0,0,0,0,,,,109,0
465082,Georgi Nikolov,2026-05-12T17:15:00+00:00,2025,BU1,1,False,4866417,34,40604,away,2531,2,1,injured,,,False,0,0,0,0,0,0,0,,,,109,0
465082,Georgi Nikolov,2026-05-08T14:30:00+00:00,2025,BU1,1,False,4866404,33,40604,away,2259,0,2,injured,,,False,0,0,0,0,0,0,0,,,,109,0
465082,Georgi Nikolov,2026-05-03T10:30:00+00:00,2025,BU1,1,False,4866384,32,40604,home,967,0,0,injured,,,False,0,0,0,0,0,0,0,,,,109,0
465082,Georgi Nikolov,2026-04-30T16:00:00+00:00,2025,BULP,8,False,4827499,4,40604,away,2259,1,1,injured,,,False,0,0,0,0,0,0,0,,,,109,0
465082,Georgi Nikolov,2026-04-26T16:00:00+00:00,2025,BU1,1,False,4866375,31,40604,home,2531,0,2,injured,,,False,0,0,0,0,0,0,0,,,,109,0
465082,Georgi Nikolov,2026-04-22T16:00:00+00:00,2025,BULP,8,False,4827497,4,40604,home,2259,0,4,injured,,,False,0,0,0,0,0,0,0,,,,109,0
339780,Svetoslav Kovachev,2026-07-24T18:15:00+00:00,2026,BU1,1,False,4909866,2,40604,home,675,1,0,played,10,12,False,90,0,0,0,0,0,0,,,90,0,0
339780,Svetoslav Kovachev,2026-07-18T16:00:00+00:00,2026,BU1,1,False,4909857,1,40604,away,40416,1,1,played,10,12,False,90,0,0,0,0,0,0,,,,0,0
339780,Svetoslav Kovachev,2026-05-25T14:45:00+00:00,2025,BU1,1,False,4866425,36,40604,away,967,3,2,not in squad,,,False,0,0,0,0,0,0,0,,,,0,0
339780,Svetoslav Kovachev,2026-05-16T16:00:00+00:00,2025,BU1,1,False,4866421,35,40604,home,2259,4,0,played,10,0,False,28,0,0,0,0,0,0,,62,,0,0
339780,Svetoslav Kovachev,2026-05-12T17:15:00+00:00,2025,BU1,1,False,4866417,34,40604,away,2531,2,1,not in squad,,,False,0,0,0,0,0,0,0,,,,0,0
339780,Svetoslav Kovachev,2026-05-08T14:30:00+00:00,2025,BU1,1,False,4866404,33,40604,away,2259,0,2,played,10,0,False,32,0,0,0,0,0,0,,58,,0,0
339780,Svetoslav Kovachev,2026-05-03T10:30:00+00:00,2025,BU1,1,False,4866384,32,40604,home,967,0,0,played,10,12,False,90,0,0,0,0,0,0,86,,,0,0
339780,Svetoslav Kovachev,2026-04-30T16:00:00+00:00,2025,BULP,8,False,4827499,4,40604,away,2259,1,1,played,10,12,False,90,0,0,0,0,0,0,,,,0,0
339780,Svetoslav Kovachev,2026-04-26T16:00:00+00:00,2025,BU1,1,False,4866375,31,40604,home,2531,0,2,played,10,12,False,76,0,0,0,0,0,0,,,76,0,0
339780,Svetoslav Kovachev,2026-04-22T16:00:00+00:00,2025,BULP,8,False,4827497,4,40604,home,2259,0,4,played,10,12,False,90,0,0,0,0,0,0,50,,,0,0
388326,Atanas Kabov,2026-07-24T18:15:00+00:00,2026,BU1,1,False,4909866,2,40604,home,675,1,0,played,11,0,False,11,1,0,0,0,0,0,90,79,,0,0
388326,Atanas Kabov,2026-07-18T16:00:00+00:00,2026,BU1,1,False,4909857,1,40604,away,40416,1,1,played,11,0,False,28,0,0,0,0,0,0,,62,,0,0
388326,Atanas Kabov,2026-05-25T14:45:00+00:00,2025,BU1,1,False,4866425,36,40604,away,967,3,2,not in squad,,,False,0,0,0,0,0,0,0,,,,0,0
388326,Atanas Kabov,2026-05-16T16:00:00+00:00,2025,BU1,1,False,4866421,35,40604,home,2259,4,0,played,8,12,False,35,0,0,0,0,0,0,,,35,0,0
388326,Atanas Kabov,2026-05-12T17:15:00+00:00,2025,BU1,1,False,4866417,34,40604,away,2531,2,1,played,8,12,False,90,0,0,0,0,0,0,,,,0,0
388326,Atanas Kabov,2026-05-08T14:30:00+00:00,2025,BU1,1,False,4866404,33,40604,away,2259,0,2,played,8,0,False,23,0,0,0,0,0,0,,67,,0,0
388326,Atanas Kabov,2026-05-03T10:30:00+00:00,2025,BU1,1,False,4866384,32,40604,home,967,0,0,not in squad,,,False,0,0,0,0,0,0,0,,,,0,0
388326,Atanas Kabov,2026-04-30T16:00:00+00:00,2025,BULP,8,False,4827499,4,40604,away,2259,1,1,played,8,11,False,45,0,0,0,0,0,0,,,46,0,0
388326,Atanas Kabov,2026-04-26T16:00:00+00:00,2025,BU1,1,False,4866375,31,40604,home,2531,0,2,played,8,11,False,67,0,0,0,0,0,0,,,67,0,0
388326,Atanas Kabov,2026-04-22T16:00:00+00:00,2025,BULP,8,False,4827497,4,40604,home,2259,0,4,played,8,0,False,24,0,0,0,0,0,0,,66,,0,0
391831,Preslav Bachev,2026-07-24T18:15:00+00:00,2026,BU1,1,False,4909866,2,40604,home,675,1,0,played,16,14,False,67,0,0,0,0,0,0,,,67,0,0
391831,Preslav Bachev,2026-07-18T16:00:00+00:00,2026,BU1,1,False,4909857,1,40604,away,40416,1,1,injured,,,False,0,0,0,0,0,0,0,,,,375,0
391831,Preslav Bachev,2026-05-23T15:00:00+00:00,2025,BU2,2,False,4718042,34,19780,away,19215,2,1,played,9,0,False,90,0,0,0,0,0,0,,,,0,0
391831,Preslav Bachev,2026-05-15T15:00:00+00:00,2025,BU2,2,False,4718035,33,19780,home,29268,0,1,played,9,0,False,45,0,0,0,0,0,0,,46,,0,0
391831,Preslav Bachev,2026-05-11T17:15:00+00:00,2025,BU2,2,False,4718025,32,19780,away,109262,2,2,played,9,14,False,60,0,0,0,0,0,0,,,60,0,0
391831,Preslav Bachev,2026-05-02T16:00:00+00:00,2025,BU2,2,False,4718016,31,19780,home,1851,2,0,played,9,14,False,90,1,0,0,0,0,0,66,,90,0,0
391831,Preslav Bachev,2026-04-26T12:00:00+00:00,2025,BU2,2,False,4718008,30,19780,away,19784,2,3,played,9,14,False,90,0,1,0,0,0,0,,,,0,0
391831,Preslav Bachev,2026-04-17T16:30:00+00:00,2025,BU2,2,False,4717997,29,19780,home,5284,0,0,played,9,14,False,83,0,0,0,0,0,0,54,,83,0,0
391831,Preslav Bachev,2026-04-13T09:45:00+00:00,2025,BU2,2,False,4717991,28,19780,away,712,0,0,played,9,14,False,62,0,0,0,0,0,0,,,62,0,0
391831,Preslav Bachev,2026-04-04T14:00:00+00:00,2025,BU2,2,False,4717978,27,19780,home,26563,0,0,not in squad,,,False,0,0,0,0,0,0,0,,,,0,0
262097,Birsent Karagaren,2026-07-24T18:15:00+00:00,2026,BU1,1,False,4909866,2,40604,home,675,1,0,played,99,11,False,90,0,1,0,0,0,0,,,90,0,0
262097,Birsent Karagaren,2026-07-18T16:00:00+00:00,2026,BU1,1,False,4909857,1,40604,away,40416,1,1,played,99,14,False,90,1,0,0,0,0,0,73,,,0,0
262097,Birsent Karagaren,2026-05-25T14:45:00+00:00,2025,BU1,1,False,4866425,36,40604,away,967,3,2,played,99,12,False,90,2,0,0,0,0,0,,,90,0,0
262097,Birsent Karagaren,2026-05-16T16:00:00+00:00,2025,BU1,1,False,4866421,35,40604,home,2259,4,0,played,99,0,False,55,0,0,0,0,0,0,,35,,0,0
262097,Birsent Karagaren,2026-05-12T17:15:00+00:00,2025,BU1,1,False,4866417,34,40604,away,2531,2,1,played,99,0,False,20,0,0,0,0,0,0,,70,,0,0
262097,Birsent Karagaren,2026-05-08T14:30:00+00:00,2025,BU1,1,False,4866404,33,40604,away,2259,0,2,played,99,12,False,75,0,0,0,0,0,0,,,75,0,0
262097,Birsent Karagaren,2026-05-03T10:30:00+00:00,2025,BU1,1,False,4866384,32,40604,home,967,0,0,played,99,11,False,90,0,0,0,0,0,0,,,90,0,0
262097,Birsent Karagaren,2026-04-30T16:00:00+00:00,2025,BULP,8,False,4827499,4,40604,away,2259,1,1,played,99,0,False,45,0,0,0,0,0,0,,46,,0,0
262097,Birsent Karagaren,2026-04-26T16:00:00+00:00,2025,BU1,1,False,4866375,31,40604,home,2531,0,2,played,99,0,False,14,0,0,0,0,0,0,,76,,0,0
262097,Birsent Karagaren,2026-04-22T16:00:00+00:00,2025,BULP,8,False,4827497,4,40604,home,2259,0,4,played,99,11,False,66,0,0,0,0,0,0,,,66,0,0
1276321,Ivaylo Nedelchev,2026-05-25T14:45:00+00:00,2025,BU1,1,False,4866425,36,40604,away,967,3,2,not in squad,,,False,0,0,0,0,0,0,0,,,,0,0
1276321,Ivaylo Nedelchev,2026-05-16T16:00:00+00:00,2025,BU1,1,False,4866421,35,40604,home,2259,4,0,not in squad,,,False,0,0,0,0,0,0,0,,,,0,0
1276321,Ivaylo Nedelchev,2026-05-12T17:15:00+00:00,2025,BU1,1,False,4866417,34,40604,away,2531,2,1,in squad,12,,False,0,0,0,0,0,0,0,,,,0,0
1276321,Ivaylo Nedelchev,2026-05-08T14:30:00+00:00,2025,BU1,1,False,4866404,33,40604,away,2259,0,2,in squad,12,,False,0,0,0,0,0,0,0,,,,0,0
1276321,Ivaylo Nedelchev,2026-05-03T10:30:00+00:00,2025,BU1,1,False,4866384,32,40604,home,967,0,0,in squad,12,,False,0,0,0,0,0,0,0,,,,0,0
1276321,Ivaylo Nedelchev,2026-04-30T16:00:00+00:00,2025,BULP,8,False,4827499,4,40604,away,2259,1,1,in squad,12,,False,0,0,0,0,0,0,0,,,,0,0
1276321,Ivaylo Nedelchev,2026-04-26T16:00:00+00:00,2025,BU1,1,False,4866375,31,40604,home,2531,0,2,in squad,12,,False,0,0,0,0,0,0,0,,,,0,0
1276321,Ivaylo Nedelchev,2026-04-22T16:00:00+00:00,2025,BULP,8,False,4827497,4,40604,home,2259,0,4,in squad,12,,False,0,0,0,0,0,0,0,,,,0,0
1276321,Ivaylo Nedelchev,2026-04-15T17:30:00+00:00,2025,BU1,1,False,4718174,30,40604,home,31614,1,0,in squad,12,,False,0,0,0,0,0,0,0,,,,0,0
1276321,Ivaylo Nedelchev,2026-04-09T17:30:00+00:00,2025,BU1,1,False,4718200,29,40604,away,156,0,1,in squad,12,,False,0,0,0,0,0,0,0,,,,0,0
468272,Gustavo Cascardo,2026-07-26T14:30:00+00:00,2026,RO1,1,False,4914513,2,54585,home,6429,1,0,played,2,5,False,66,0,0,0,0,0,0,,,66,0,0
468272,Gustavo Cascardo,2026-07-20T18:30:00+00:00,2026,RO1,1,False,4912998,1,54585,away,455,0,1,played,2,5,False,79,0,0,1,0,1,0,,,79,0,0
468272,Gustavo Cascardo,2026-05-25T14:45:00+00:00,2025,BU1,1,False,4866425,36,40604,away,967,3,2,played,2,0,False,13,0,0,0,0,0,0,,77,,0,0
468272,Gustavo Cascardo,2026-05-16T16:00:00+00:00,2025,BU1,1,False,4866421,35,40604,home,2259,4,0,not in squad,,,False,0,0,0,0,0,0,0,,,,0,0
468272,Gustavo Cascardo,2026-05-12T17:15:00+00:00,2025,BU1,1,False,4866417,34,40604,away,2531,2,1,not in squad,,,False,0,0,0,0,0,0,0,,,,0,0
468272,Gustavo Cascardo,2026-05-08T14:30:00+00:00,2025,BU1,1,False,4866404,33,40604,away,2259,0,2,not in squad,,,False,0,0,0,0,0,0,0,,,,0,0
468272,Gustavo Cascardo,2026-05-03T10:30:00+00:00,2025,BU1,1,False,4866384,32,40604,home,967,0,0,played,2,5,False,90,0,0,0,0,0,0,,,,0,0
468272,Gustavo Cascardo,2026-04-30T16:00:00+00:00,2025,BULP,8,False,4827499,4,40604,away,2259,1,1,in squad,2,,False,0,0,0,0,0,0,0,,,,0,0
468272,Gustavo Cascardo,2026-04-26T16:00:00+00:00,2025,BU1,1,False,4866375,31,40604,home,2531,0,2,played,2,5,False,90,0,0,0,0,0,0,,,,0,0
468272,Gustavo Cascardo,2026-04-22T16:00:00+00:00,2025,BULP,8,False,4827497,4,40604,home,2259,0,4,played,2,0,False,1,0,0,0,0,0,0,,90,,0,0
296359,Félix Eboa Eboa,2026-05-25T14:45:00+00:00,2025,BU1,1,False,4866425,36,40604,away,967,3,2,played,93,3,False,90,0,0,0,0,0,0,,,,0,0
296359,Félix Eboa Eboa,2026-05-16T16:00:00+00:00,2025,BU1,1,False,4866421,35,40604,home,2259,4,0,played,93,3,False,45,0,0,0,0,0,0,,,46,0,0
296359,Félix Eboa Eboa,2026-05-12T17:15:00+00:00,2025,BU1,1,False,4866417,34,40604,away,2531,2,1,played,93,3,False,90,0,0,0,0,0,0,89,,,0,0
296359,Félix Eboa Eboa,2026-05-08T14:30:00+00:00,2025,BU1,1,False,4866404,33,40604,away,2259,0,2,played,93,3,False,90,0,0,0,0,0,0,,,,0,0
296359,Félix Eboa Eboa,2026-05-03T10:30:00+00:00,2025,BU1,1,False,4866384,32,40604,home,967,0,0,played,93,3,False,90,0,0,0,0,0,0,,,,0,0
296359,Félix Eboa Eboa,2026-04-30T16:00:00+00:00,2025,BULP,8,False,4827499,4,40604,away,2259,1,1,in squad,93,,False,0,0,0,0,0,0,0,,,,0,0
296359,Félix Eboa Eboa,2026-04-26T16:00:00+00:00,2025,BU1,1,False,4866375,31,40604,home,2531,0,2,not in squad,,,False,0,0,0,0,0,0,0,,,,0,0
296359,Félix Eboa Eboa,2026-04-22T16:00:00+00:00,2025,BULP,8,False,4827497,4,40604,home,2259,0,4,played,93,3,False,90,0,0,0,0,0,0,,,,0,0
296359,Félix Eboa Eboa,2026-04-15T17:30:00+00:00,2025,BU1,1,False,4718174,30,40604,home,31614,1,0,played,93,3,False,90,0,0,0,0,0,0,,,,0,0
296359,Félix Eboa Eboa,2026-04-09T17:30:00+00:00,2025,BU1,1,False,4718200,29,40604,away,156,0,1,played,93,3,False,90,0,0,0,0,0,0,,,,0,0
275937,Emil Viyachki,2026-05-25T14:45:00+00:00,2025,BU1,1,False,4866425,36,40604,away,967,3,2,played,23,0,False,1,0,0,0,0,0,0,,90,,0,0
275937,Emil Viyachki,2026-05-16T16:00:00+00:00,2025,BU1,1,False,4866421,35,40604,home,2259,4,0,in squad,23,,False,0,0,0,0,0,0,0,,,,0,0
275937,Emil Viyachki,2026-05-12T17:15:00+00:00,2025,BU1,1,False,4866417,34,40604,away,2531,2,1,played,23,0,False,5,0,0,0,0,0,0,,85,,0,0
275937,Emil Viyachki,2026-05-08T14:30:00+00:00,2025,BU1,1,False,4866404,33,40604,away,2259,0,2,played,23,3,False,90,0,0,0,0,0,0,,,,0,0
275937,Emil Viyachki,2026-05-03T10:30:00+00:00,2025,BU1,1,False,4866384,32,40604,home,967,0,0,played,23,3,False,90,0,0,0,0,0,0,,,,0,0
275937,Emil Viyachki,2026-04-30T16:00:00+00:00,2025,BULP,8,False,4827499,4,40604,away,2259,1,1,played,23,3,False,90,0,0,0,0,0,0,,,,0,0
275937,Emil Viyachki,2026-04-26T16:00:00+00:00,2025,BU1,1,False,4866375,31,40604,home,2531,0,2,played,23,3,False,90,0,0,0,0,0,0,,,,0,0
275937,Emil Viyachki,2026-04-22T16:00:00+00:00,2025,BULP,8,False,4827497,4,40604,home,2259,0,4,in squad,23,,False,0,0,0,0,0,0,0,,,,0,0
275937,Emil Viyachki,2026-04-15T17:30:00+00:00,2025,BU1,1,False,4718174,30,40604,home,31614,1,0,played,23,0,False,10,0,0,0,0,0,0,,80,,0,0
275937,Emil Viyachki,2026-04-09T17:30:00+00:00,2025,BU1,1,False,4718200,29,40604,away,156,0,1,played,23,0,False,59,0,0,0,0,0,0,,31,,0,0
159977,Plamen Krachunov,2026-05-25T14:45:00+00:00,2025,BU1,1,False,4866425,36,40604,away,967,3,2,played,6,3,False,90,0,0,0,0,0,0,,,,0,0
159977,Plamen Krachunov,2026-05-16T16:00:00+00:00,2025,BU1,1,False,4866421,35,40604,home,2259,4,0,played,6,3,False,90,0,0,0,0,0,0,,,,0,0
159977,Plamen Krachunov,2026-05-12T17:15:00+00:00,2025,BU1,1,False,4866417,34,40604,away,2531,2,1,played,6,3,False,85,0,0,0,0,0,0,,,85,0,0
159977,Plamen Krachunov,2026-05-08T14:30:00+00:00,2025,BU1,1,False,4866404,33,40604,away,2259,0,2,in squad,6,,False,0,0,0,0,0,0,0,,,,0,0
159977,Plamen Krachunov,2026-05-03T10:30:00+00:00,2025,BU1,1,False,4866384,32,40604,home,967,0,0,played,6,0,False,1,0,0,0,0,0,0,,90,,0,0
159977,Plamen Krachunov,2026-04-30T16:00:00+00:00,2025,BULP,8,False,4827499,4,40604,away,2259,1,1,not in squad,,,False,0,0,0,0,0,0,0,,,,0,0
159977,Plamen Krachunov,2026-04-26T16:00:00+00:00,2025,BU1,1,False,4866375,31,40604,home,2531,0,2,not in squad,,,False,0,0,0,0,0,0,0,,,,0,0
159977,Plamen Krachunov,2026-04-22T16:00:00+00:00,2025,BULP,8,False,4827497,4,40604,home,2259,0,4,in squad,6,,False,0,0,0,0,0,0,0,,,,0,0
159977,Plamen Krachunov,2026-04-15T17:30:00+00:00,2025,BU1,1,False,4718174,30,40604,home,31614,1,0,played,6,3,False,90,0,0,0,0,0,0,,,,0,0
159977,Plamen Krachunov,2026-04-09T17:30:00+00:00,2025,BU1,1,False,4718200,29,40604,away,156,0,1,in squad,6,,False,0,0,0,0,0,0,0,,,,0,0
721526,Calal Hüseynov,2026-07-24T18:30:00+00:00,2026,RO1,1,False,4914518,2,9465,away,41278,0,1,played,18,0,False,45,0,0,1,0,0,1,,46,,0,0
721526,Calal Hüseynov,2026-07-19T16:30:00+00:00,2026,RO1,1,False,4912996,1,9465,home,312,1,0,not in squad,,,False,0,0,0,0,0,0,0,,,,0,0
721526,Calal Hüseynov,2026-06-09T18:00:00+00:00,2025,FS,11,True,4882360,10,8605,away,10521,2,1,played,18,3,False,86,0,0,0,0,0,0,,,86,0,0
721526,Calal Hüseynov,2026-06-05T18:00:00+00:00,2025,FS,11,True,4882359,9,8605,home,3587,0,2,in squad,18,,False,0,0,0,0,0,0,0,,,,0,0
721526,Calal Hüseynov,2026-05-25T14:45:00+00:00,2025,BU1,1,False,4866425,36,40604,away,967,3,2,played,18,6,False,63,0,0,0,0,0,0,,,63,0,0
721526,Calal Hüseynov,2026-05-16T16:00:00+00:00,2025,BU1,1,False,4866421,35,40604,home,2259,4,0,played,18,6,False,90,1,0,0,0,0,0,48,,,0,0
721526,Calal Hüseynov,2026-05-12T17:15:00+00:00,2025,BU1,1,False,4866417,34,40604,away,2531,2,1,played,18,6,False,90,2,0,0,0,0,0,,,,0,0
721526,Calal Hüseynov,2026-05-08T14:30:00+00:00,2025,BU1,1,False,4866404,33,40604,away,2259,0,2,played,18,6,False,90,0,0,0,0,0,0,88,,,0,0
721526,Calal Hüseynov,2026-05-03T10:30:00+00:00,2025,BU1,1,False,4866384,32,40604,home,967,0,0,played,18,6,False,90,0,0,0,0,0,0,,,,0,0
721526,Calal Hüseynov,2026-04-30T16:00:00+00:00,2025,BULP,8,False,4827499,4,40604,away,2259,1,1,played,18,0,False,18,0,0,0,0,0,0,,72,,0,0
1411937,Eray Kyamil,2025-07-27T19:00:00+00:00,2025,BU1,1,False,4648219,2,40604,home,730,1,1,in squad,15,,False,0,0,0,0,0,0,0,,,,0,0
1411937,Eray Kyamil,2025-07-24T16:00:00+00:00,2025,ECLQ,10,False,4626817,3,40604,home,1008,0,0,in squad,15,,False,0,0,0,0,0,0,0,,,,0,0
1411937,Eray Kyamil,2025-07-18T16:00:00+00:00,2025,BU1,1,False,4648228,1,40604,away,61955,0,1,in squad,15,,False,0,0,0,0,0,0,0,,,,0,0
1411937,Eray Kyamil,2025-05-26T14:45:00+00:00,2024,BU1,1,False,4598925,36,40604,away,31614,2,2,in squad,8,,False,0,0,0,0,0,0,0,,,,0,0
1427873,Dimitar Dzhemperliev,2025-11-02T13:15:00+00:00,2025,BU1,1,False,4718064,14,40604,home,156,0,3,in squad,16,,False,0,0,0,0,0,0,0,,,,0,0
1427873,Dimitar Dzhemperliev,2025-10-28T13:45:00+00:00,2025,BULP,8,False,4748175,1,40604,away,109262,2,1,in squad,16,,False,0,0,0,0,0,0,0,,,,0,0
1427873,Dimitar Dzhemperliev,2025-10-24T12:00:00+00:00,2025,BU1,1,False,4718099,13,40604,away,24078,1,1,not in squad,,,False,0,0,0,0,0,0,0,,,,0,0
1427873,Dimitar Dzhemperliev,2025-10-20T14:30:00+00:00,2025,BU1,1,False,4718104,12,40604,home,40416,0,1,not in squad,,,False,0,0,0,0,0,0,0,,,,0,0
1427873,Dimitar Dzhemperliev,2025-10-05T12:00:00+00:00,2025,BU1,1,False,4718082,11,40604,away,4362,2,0,not in squad,,,False,0,0,0,0,0,0,0,,,,0,0
1427873,Dimitar Dzhemperliev,2025-09-28T14:30:00+00:00,2025,BU1,1,False,4718048,10,40604,home,26462,0,2,not in squad,,,False,0,0,0,0,0,0,0,,,,0,0
1427873,Dimitar Dzhemperliev,2025-09-22T15:00:00+00:00,2025,BU1,1,False,4718056,9,40604,home,967,0,1,not in squad,,,False,0,0,0,0,0,0,0,,,,0,0
1427873,Dimitar Dzhemperliev,2025-09-18T14:30:00+00:00,2025,BU1,1,False,4648251,5,40604,home,208,1,0,not in squad,,,False,0,0,0,0,0,0,0,,,,0,0
1427873,Dimitar Dzhemperliev,2025-09-13T14:45:00+00:00,2025,BU1,1,False,4648262,8,40604,away,9599,0,3,not in squad,,,False,0,0,0,0,0,0,0,,,,0,0
1427873,Dimitar Dzhemperliev,2025-08-31T14:00:00+00:00,2025,BU1,1,False,4648275,7,40604,home,6764,2,2,not in squad,,,False,0,0,0,0,0,0,0,,,,0,0
38340,Ivelin Popov,2026-02-22T12:15:00+00:00,2025,BU1,1,False,4718184,22,40604,away,6764,0,0,in squad,71,,False,0,0,0,0,0,0,0,,,,0,0
38340,Ivelin Popov,2026-02-14T15:15:00+00:00,2025,BU1,1,False,4718095,21,40604,home,675,2,1,played,71,10,False,56,0,0,0,0,0,0,,,56,0,0
38340,Ivelin Popov,2026-02-11T13:00:00+00:00,2025,BULP,8,False,4786775,3,40604,away,26462,3,2,in squad,71,,False,0,0,0,0,0,0,0,,,,0,0
38340,Ivelin Popov,2026-02-06T15:45:00+00:00,2025,BU1,1,False,4718136,20,40604,away,208,1,3,played,71,10,False,69,0,0,0,0,0,0,,,69,0,0
38340,Ivelin Popov,2025-12-12T15:30:00+00:00,2025,BULP,8,False,4763165,2,40604,away,967,3,0,in squad,71,,False,0,0,0,0,0,0,0,,,,0,0
38340,Ivelin Popov,2025-12-06T13:00:00+00:00,2025,BU1,1,False,4718112,19,40604,away,2259,2,0,played,71,10,False,58,0,0,0,0,0,0,,,58,0,0
38340,Ivelin Popov,2025-12-02T16:00:00+00:00,2025,BU1,1,False,4718158,18,40604,home,2531,0,0,played,71,10,False,59,0,0,0,0,0,0,,,59,0,0
38340,Ivelin Popov,2025-11-28T13:00:00+00:00,2025,BU1,1,False,4718176,17,40604,away,730,0,0,played,71,10,False,67,0,0,0,0,0,0,,,67,0,0
38340,Ivelin Popov,2025-11-22T10:00:00+00:00,2025,BU1,1,False,4718161,16,40604,home,61955,3,0,played,71,10,False,69,1,0,0,0,0,0,,,69,0,0
38340,Ivelin Popov,2025-11-09T15:30:00+00:00,2025,BU1,1,False,4718078,15,40604,away,31614,3,2,played,71,10,False,36,1,0,0,0,0,0,,,36,0,0
910192,Wilson Samaké,2026-05-25T14:45:00+00:00,2025,BU1,1,False,4866425,36,40604,away,967,3,2,played,30,14,False,63,0,1,0,0,0,0,,,63,0,0
910192,Wilson Samaké,2026-05-16T16:00:00+00:00,2025,BU1,1,False,4866421,35,40604,home,2259,4,0,played,30,14,False,90,0,0,0,0,0,0,,,,0,0
910192,Wilson Samaké,2026-05-12T17:15:00+00:00,2025,BU1,1,False,4866417,34,40604,away,2531,2,1,played,30,14,False,63,0,0,0,0,0,0,,,63,0,0
910192,Wilson Samaké,2026-05-08T14:30:00+00:00,2025,BU1,1,False,4866404,33,40604,away,2259,0,2,played,30,14,False,58,0,0,0,0,0,0,,,58,0,0
910192,Wilson Samaké,2026-05-03T10:30:00+00:00,2025,BU1,1,False,4866384,32,40604,home,967,0,0,played,30,14,False,72,0,0,0,0,0,0,,,72,0,0
910192,Wilson Samaké,2026-04-30T16:00:00+00:00,2025,BULP,8,False,4827499,4,40604,away,2259,1,1,in squad,30,,False,0,0,0,0,0,0,0,,,,0,0
910192,Wilson Samaké,2026-04-26T16:00:00+00:00,2025,BU1,1,False,4866375,31,40604,home,2531,0,2,played,30,0,False,45,0,0,0,0,0,0,,46,,0,0
910192,Wilson Samaké,2026-04-22T16:00:00+00:00,2025,BULP,8,False,4827497,4,40604,home,2259,0,4,played,30,14,False,74,0,0,0,0,0,0,,,74,0,0
910192,Wilson Samaké,2026-04-15T17:30:00+00:00,2025,BU1,1,False,4718174,30,40604,home,31614,1,0,played,30,14,False,79,0,0,0,0,0,0,,,79,0,0
910192,Wilson Samaké,2026-04-09T17:30:00+00:00,2025,BU1,1,False,4718200,29,40604,away,156,0,1,played,30,14,False,73,0,0,0,0,0,0,,,73,0,0
636331,André Shinyashiki,2026-05-25T14:45:00+00:00,2025,BU1,1,False,4866425,36,40604,away,967,3,2,played,11,11,False,77,0,1,0,0,0,0,58,,77,0,0
636331,André Shinyashiki,2026-05-16T16:00:00+00:00,2025,BU1,1,False,4866421,35,40604,home,2259,4,0,played,11,11,False,72,0,2,0,0,0,0,,,72,0,0
636331,André Shinyashiki,2026-05-12T17:15:00+00:00,2025,BU1,1,False,4866417,34,40604,away,2531,2,1,played,11,11,False,70,0,0,0,0,0,0,,,70,0,0
636331,André Shinyashiki,2026-05-08T14:30:00+00:00,2025,BU1,1,False,4866404,33,40604,away,2259,0,2,played,11,11,False,58,0,0,0,0,0,0,,,58,0,0
636331,André Shinyashiki,2026-05-03T10:30:00+00:00,2025,BU1,1,False,4866384,32,40604,home,967,0,0,played,11,0,False,18,0,0,0,0,0,0,,72,,0,0
636331,André Shinyashiki,2026-04-30T16:00:00+00:00,2025,BULP,8,False,4827499,4,40604,away,2259,1,1,in squad,11,,False,0,0,0,0,0,0,0,,,,0,0
636331,André Shinyashiki,2026-04-26T16:00:00+00:00,2025,BU1,1,False,4866375,31,40604,home,2531,0,2,played,11,0,False,23,0,0,0,0,0,0,,67,,0,0
636331,André Shinyashiki,2026-04-22T16:00:00+00:00,2025,BULP,8,False,4827497,4,40604,home,2259,0,4,not in squad,,,False,0,0,0,0,0,0,0,,,,0,0
636331,André Shinyashiki,2026-04-15T17:30:00+00:00,2025,BU1,1,False,4718174,30,40604,home,31614,1,0,in squad,11,,False,0,0,0,0,0,0,0,,,,0,0
636331,André Shinyashiki,2026-04-09T17:30:00+00:00,2025,BU1,1,False,4718200,29,40604,away,156,0,1,not in squad,,,False,0,0,0,0,0,0,0,,,,0,0
532128,Ivo Kazakov,2026-05-23T15:00:00+00:00,2025,BU2,2,False,4718044,34,521,away,109262,0,3,played,18,0,False,82,0,0,0,0,0,0,,,82,0,0
532128,Ivo Kazakov,2026-05-15T15:00:00+00:00,2025,BU2,2,False,4718033,33,521,home,1851,4,1,played,18,0,False,85,1,1,0,0,0,0,,,85,0,0
532128,Ivo Kazakov,2026-05-11T15:00:00+00:00,2025,BU2,2,False,4718027,32,521,away,19784,0,2,played,18,0,False,90,0,0,0,0,0,0,,,,0,0
532128,Ivo Kazakov,2026-05-02T15:00:00+00:00,2025,BU2,2,False,4718014,31,521,home,5284,0,0,played,18,0,False,90,0,0,0,0,0,0,,,90,0,0
532128,Ivo Kazakov,2026-04-25T14:00:00+00:00,2025,BU2,2,False,4718010,30,521,away,712,2,3,played,18,0,False,90,1,0,0,0,0,0,,,,0,0
532128,Ivo Kazakov,2026-04-16T15:00:00+00:00,2025,BU2,2,False,4717995,29,521,home,26563,2,2,played,18,0,False,80,1,1,0,0,0,0,,,80,0,0
532128,Ivo Kazakov,2026-04-09T14:00:00+00:00,2025,BU2,2,False,4717993,28,521,away,4494,0,2,played,18,0,False,90,0,0,0,0,0,0,,,,0,0
532128,Ivo Kazakov,2026-04-04T14:00:00+00:00,2025,BU2,2,False,4717976,27,521,home,40678,0,0,played,18,0,False,82,0,0,0,0,0,0,,,82,0,0
532128,Ivo Kazakov,2026-03-29T15:30:00+00:00,2025,BU2,2,False,4717975,26,521,home,2190,1,0,played,18,0,False,87,0,0,0,0,0,0,,,87,0,0
532128,Ivo Kazakov,2026-03-21T13:30:00+00:00,2025,BU2,2,False,4717959,25,521,away,19780,0,0,played,18,0,False,90,0,0,0,0,0,0,,,,0,0
412536,Ivan Tilev,2026-07-24T15:45:00+00:00,2026,BU2,2,False,4909823,1,26563,away,6764,1,2,not in squad,,,False,0,0,0,0,0,0,0,,,,0,0
412536,Ivan Tilev,2026-05-23T15:00:00+00:00,2025,BU2,2,False,4718046,34,26563,away,19784,0,1,played,33,0,False,90,0,0,0,0,0,0,,,,0,0
412536,Ivan Tilev,2026-05-15T15:00:00+00:00,2025,BU2,2,False,4718031,33,26563,home,5284,1,1,played,33,0,False,90,0,0,0,0,0,0,,,,0,0
412536,Ivan Tilev,2026-05-10T15:30:00+00:00,2025,BU2,2,False,4718029,32,26563,away,712,1,0,played,33,0,False,90,0,0,0,0,0,0,55,,,0,0
412536,Ivan Tilev,2026-05-04T15:30:00+00:00,2025,BU2,2,False,4718012,31,26563,home,40678,1,2,played,33,0,False,90,0,1,0,0,0,0,,,,0,0
412536,Ivan Tilev,2026-04-27T15:30:00+00:00,2025,BU2,2,False,4718011,30,26563,home,4494,1,3,played,33,0,False,90,1,0,0,0,0,0,45,,,0,0
412536,Ivan Tilev,2026-04-22T14:00:00+00:00,2025,BU2,2,False,4717961,25,26563,away,9524,0,2,played,33,0,False,90,0,0,0,0,0,0,,,,0,0
412536,Ivan Tilev,2026-04-16T15:00:00+00:00,2025,BU2,2,False,4717995,29,26563,away,521,2,2,played,33,0,False,90,0,0,0,0,0,0,,,,0,0
412536,Ivan Tilev,2026-04-09T15:30:00+00:00,2025,BU2,2,False,4717992,28,26563,home,2190,4,3,played,33,0,False,90,0,1,0,0,0,0,,,,0,0
412536,Ivan Tilev,2026-04-04T14:00:00+00:00,2025,BU2,2,False,4717978,27,26563,away,19780,0,0,played,33,0,False,90,0,0,0,0,0,0,,,,0,0
880244,Isnaba Mané,2025-12-12T15:30:00+00:00,2025,BULP,8,False,4763165,2,40604,away,967,3,0,not in squad,,,False,0,0,0,0,0,0,0,,,,0,0
880244,Isnaba Mané,2025-12-06T13:00:00+00:00,2025,BU1,1,False,4718112,19,40604,away,2259,2,0,in squad,45,,False,0,0,0,0,0,0,0,,,,0,0
880244,Isnaba Mané,2025-12-02T16:00:00+00:00,2025,BU1,1,False,4718158,18,40604,home,2531,0,0,in squad,45,,False,0,0,0,0,0,0,0,,,,0,0
880244,Isnaba Mané,2025-11-28T13:00:00+00:00,2025,BU1,1,False,4718176,17,40604,away,730,0,0,not in squad,,,False,0,0,0,0,0,0,0,,,,0,0
880244,Isnaba Mané,2025-11-22T10:00:00+00:00,2025,BU1,1,False,4718161,16,40604,home,61955,3,0,in squad,45,,False,0,0,0,0,0,0,0,,,,0,0
880244,Isnaba Mané,2025-11-09T15:30:00+00:00,2025,BU1,1,False,4718078,15,40604,away,31614,3,2,in squad,45,,False,0,0,0,0,0,0,0,,,,0,0
880244,Isnaba Mané,2025-11-02T13:15:00+00:00,2025,BU1,1,False,4718064,14,40604,home,156,0,3,played,45,0,False,6,0,0,0,0,0,0,,84,,0,0
880244,Isnaba Mané,2025-10-28T13:45:00+00:00,2025,BULP,8,False,4748175,1,40604,away,109262,2,1,played,45,11,False,90,0,0,0,0,0,0,,,,0,0
880244,Isnaba Mané,2025-10-24T12:00:00+00:00,2025,BU1,1,False,4718099,13,40604,away,24078,1,1,in squad,45,,False,0,0,0,0,0,0,0,,,,0,0
880244,Isnaba Mané,2025-10-20T14:30:00+00:00,2025,BU1,1,False,4718104,12,40604,home,40416,0,1,in squad,45,,False,0,0,0,0,0,0,0,,,,0,0
518676,Patrick Luan,2026-05-25T14:45:00+00:00,2025,BU1,1,False,4866425,36,40604,away,967,3,2,played,17,0,False,27,0,0,0,0,0,0,,63,,0,0
518676,Patrick Luan,2026-05-16T16:00:00+00:00,2025,BU1,1,False,4866421,35,40604,home,2259,4,0,not in squad,,,False,0,0,0,0,0,0,0,,,,0,0
518676,Patrick Luan,2026-05-12T17:15:00+00:00,2025,BU1,1,False,4866417,34,40604,away,2531,2,1,absent,,,False,0,0,0,0,0,0,0,,,,0,3
518676,Patrick Luan,2026-05-08T14:30:00+00:00,2025,BU1,1,False,4866404,33,40604,away,2259,0,2,played,17,0,False,4,0,0,0,0,0,0,,58,,0,0
518676,Patrick Luan,2026-05-03T10:30:00+00:00,2025,BU1,1,False,4866384,32,40604,home,967,0,0,played,17,0,False,18,0,0,0,0,0,0,,72,,0,0
518676,Patrick Luan,2026-04-30T16:00:00+00:00,2025,BULP,8,False,4827499,4,40604,away,2259,1,1,played,17,14,False,90,0,0,0,0,0,0,,,,0,0
518676,Patrick Luan,2026-04-26T16:00:00+00:00,2025,BU1,1,False,4866375,31,40604,home,2531,0,2,played,17,14,False,45,0,0,0,0,0,0,,,46,0,0
518676,Patrick Luan,2026-04-22T16:00:00+00:00,2025,BULP,8,False,4827497,4,40604,home,2259,0,4,played,17,0,False,16,0,0,0,0,0,0,,74,,0,0
518676,Patrick Luan,2026-04-15T17:30:00+00:00,2025,BU1,1,False,4718174,30,40604,home,31614,1,0,played,17,0,False,11,0,0,0,0,0,0,,79,,0,0
518676,Patrick Luan,2026-04-09T17:30:00+00:00,2025,BU1,1,False,4718200,29,40604,away,156,0,1,played,17,0,False,17,0,0,0,0,0,0,,73,,0,0
1372875,Boris Todev,2025-08-28T18:00:00+00:00,2025,ECLQ,10,False,4707366,8,40604,home,9644,1,2,in squad,27,,False,0,0,0,0,0,0,0,,,,0,0
1372875,Boris Todev,2025-08-25T16:00:00+00:00,2025,BU1,1,False,4648274,6,40604,away,675,0,2,not in squad,,,False,0,0,0,0,0,0,0,,,,0,0
1372875,Boris Todev,2025-08-21T19:00:00+00:00,2025,ECLQ,10,False,4707341,7,40604,away,9644,0,1,not in squad,,,False,0,0,0,0,0,0,0,,,,0,0
1372875,Boris Todev,2025-08-14T17:30:00+00:00,2025,ECLQ,10,False,4694085,6,40604,home,40090,2,0,in squad,27,,False,0,0,0,0,0,0,0,,,,0,0
1372875,Boris Todev,2025-08-11T18:15:00+00:00,2025,BU1,1,False,4648243,4,40604,home,2259,0,0,not in squad,,,False,0,0,0,0,0,0,0,,,,0,0
1372875,Boris Todev,2025-08-07T16:00:00+00:00,2025,ECLQ,10,False,4694031,5,40604,away,40090,1,0,in squad,27,,False,0,0,0,0,0,0,0,,,,0,0
1372875,Boris Todev,2025-08-04T18:15:00+00:00,2025,BU1,1,False,4648241,3,40604,away,2531,5,0,in squad,27,,False,0,0,0,0,0,0,0,,,,0,0
1372875,Boris Todev,2025-07-31T16:00:00+00:00,2025,ECLQ,10,False,4626862,4,40604,away,1008,6,5,in squad,27,,False,0,0,0,0,0,0,0,,,,0,0
1372875,Boris Todev,2025-07-27T19:00:00+00:00,2025,BU1,1,False,4648219,2,40604,home,730,1,1,in squad,27,,False,0,0,0,0,0,0,0,,,,0,0
1372875,Boris Todev,2025-07-24T16:00:00+00:00,2025,ECLQ,10,False,4626817,3,40604,home,1008,0,0,in squad,27,,False,0,0,0,0,0,0,0,,,,0,0
293614,Nikolay Minkov,2026-05-25T14:45:00+00:00,2025,BU1,1,False,4866426,36,2531,away,2259,1,2,not in squad,,,False,0,0,0,0,0,0,0,,,,0,0
293614,Nikolay Minkov,2026-05-16T16:00:00+00:00,2025,BU1,1,False,4866422,35,2531,home,967,5,0,not in squad,,,False,0,0,0,0,0,0,0,,,,0,0
293614,Nikolay Minkov,2026-05-12T17:15:00+00:00,2025,BU1,1,False,4866417,34,2531,home,40604,1,2,not in squad,,,False,0,0,0,0,0,0,0,,,,0,0
293614,Nikolay Minkov,2026-05-09T13:15:00+00:00,2025,BU1,1,False,4866403,33,2531,away,967,0,2,not in squad,,,False,0,0,0,0,0,0,0,,,,0,0
293614,Nikolay Minkov,2026-05-03T13:15:00+00:00,2025,BU1,1,False,4866385,32,2531,home,2259,0,2,not in squad,,,False,0,0,0,0,0,0,0,,,,0,0
293614,Nikolay Minkov,2026-04-26T16:00:00+00:00,2025,BU1,1,False,4866375,31,2531,away,40604,2,0,not in squad,,,False,0,0,0,0,0,0,0,,,,0,0
293614,Nikolay Minkov,2026-04-14T17:30:00+00:00,2025,BU1,1,False,4718168,30,2531,away,4362,3,0,not in squad,,,False,0,0,0,0,0,0,0,,,,0,0
293614,Nikolay Minkov,2026-04-08T17:30:00+00:00,2025,BU1,1,False,4718206,29,2531,home,2259,1,1,played,17,5,False,80,0,0,0,0,0,0,,,80,0,0
293614,Nikolay Minkov,2026-04-04T14:00:00+00:00,2025,BU1,1,False,4718148,28,2531,home,9599,5,0,not in squad,,,False,0,0,0,0,0,0,0,,,,0,0
293614,Nikolay Minkov,2026-03-20T16:00:00+00:00,2025,BU1,1,False,4718194,27,2531,away,675,1,0,played,17,5,False,90,0,0,0,0,0,0,,,,0,0
460625,Konstantinos Balogiannis,2026-07-23T16:00:00+00:00,2026,ECLQ,10,False,4897969,3,429,away,32017,4,0,played,38,4,False,16,0,0,0,0,0,0,,74,,0,0
460625,Konstantinos Balogiannis,2026-05-25T14:45:00+00:00,2025,BU1,1,False,4866426,36,2531,away,2259,1,2,played,38,4,False,90,0,0,0,0,0,0,,,,0,0
460625,Konstantinos Balogiannis,2026-05-16T16:00:00+00:00,2025,BU1,1,False,4866422,35,2531,home,967,5,0,played,38,4,False,90,0,0,0,0,0,0,,,,0,0
460625,Konstantinos Balogiannis,2026-05-12T17:15:00+00:00,2025,BU1,1,False,4866417,34,2531,home,40604,1,2,absent,,,False,0,0,0,0,0,0,0,,,,0,1
460625,Konstantinos Balogiannis,2026-05-09T13:15:00+00:00,2025,BU1,1,False,4866403,33,2531,away,967,0,2,played,38,4,False,90,0,0,0,0,0,0,55,,,0,0
460625,Konstantinos Balogiannis,2026-05-03T13:15:00+00:00,2025,BU1,1,False,4866385,32,2531,home,2259,0,2,played,38,4,False,90,0,0,0,0,0,0,90,,,0,0
460625,Konstantinos Balogiannis,2026-04-26T16:00:00+00:00,2025,BU1,1,False,4866375,31,2531,away,40604,2,0,played,38,4,False,90,0,0,0,0,0,0,,,,0,0
460625,Konstantinos Balogiannis,2026-04-14T17:30:00+00:00,2025,BU1,1,False,4718168,30,2531,away,4362,3,0,played,38,4,False,90,0,1,0,0,0,0,,,,0,0
460625,Konstantinos Balogiannis,2026-04-08T17:30:00+00:00,2025,BU1,1,False,4718206,29,2531,home,2259,1,1,played,38,4,False,90,0,0,0,0,0,0,,,,0,0
460625,Konstantinos Balogiannis,2026-04-04T14:00:00+00:00,2025,BU1,1,False,4718148,28,2531,home,9599,5,0,played,38,4,False,90,0,1,0,0,0,0,,,,0,0
627215,Gabriel Noga,2026-07-24T16:00:00+00:00,2026,DK2,2,False,4919235,1,362,away,443,2,2,played,14,0,False,4,0,0,0,0,0,0,,86,,0,0
627215,Gabriel Noga,2026-07-21T18:30:00+00:00,2026,BU1,1,False,4909852,1,2531,home,730,1,1,not in squad,,,False,0,0,0,0,0,0,0,,,,0,0
627215,Gabriel Noga,2026-05-25T14:45:00+00:00,2025,BU1,1,False,4866426,36,2531,away,2259,1,2,not in squad,,,False,0,0,0,0,0,0,0,,,,0,0
627215,Gabriel Noga,2026-05-16T16:00:00+00:00,2025,BU1,1,False,4866422,35,2531,home,967,5,0,in squad,2,,False,0,0,0,0,0,0,0,,,,0,0
627215,Gabriel Noga,2026-05-12T17:15:00+00:00,2025,BU1,1,False,4866417,34,2531,home,40604,1,2,in squad,2,,False,0,0,0,0,0,0,0,,,,0,0
627215,Gabriel Noga,2026-05-09T13:15:00+00:00,2025,BU1,1,False,4866403,33,2531,away,967,0,2,not in squad,,,False,0,0,0,0,0,0,0,,,,0,0
627215,Gabriel Noga,2026-05-03T13:15:00+00:00,2025,BU1,1,False,4866385,32,2531,home,2259,0,2,not in squad,,,False,0,0,0,0,0,0,0,,,,0,0
627215,Gabriel Noga,2026-04-26T16:00:00+00:00,2025,BU1,1,False,4866375,31,2531,away,40604,2,0,not in squad,,,False,0,0,0,0,0,0,0,,,,0,0
627215,Gabriel Noga,2026-04-14T17:30:00+00:00,2025,BU1,1,False,4718168,30,2531,away,4362,3,0,not in squad,,,False,0,0,0,0,0,0,0,,,,0,0
627215,Gabriel Noga,2026-04-08T17:30:00+00:00,2025,BU1,1,False,4718206,29,2531,home,2259,1,1,not in squad,,,False,0,0,0,0,0,0,0,,,,0,0
181373,Antoine Conte,2026-05-25T14:45:00+00:00,2025,BU1,1,False,4866426,36,2531,away,2259,1,2,played,19,3,False,90,0,0,0,0,0,0,,,,0,0
181373,Antoine Conte,2026-05-16T16:00:00+00:00,2025,BU1,1,False,4866422,35,2531,home,967,5,0,absent,,,False,0,0,0,0,0,0,0,,,,0,1
181373,Antoine Conte,2026-05-12T17:15:00+00:00,2025,BU1,1,False,4866417,34,2531,home,40604,1,2,played,19,3,False,90,0,0,0,0,0,0,90,,,0,0
181373,Antoine Conte,2026-05-09T13:15:00+00:00,2025,BU1,1,False,4866403,33,2531,away,967,0,2,played,19,3,False,88,0,0,0,0,0,0,73,,88,0,0
181373,Antoine Conte,2026-05-03T13:15:00+00:00,2025,BU1,1,False,4866385,32,2531,home,2259,0,2,not in squad,,,False,0,0,0,0,0,0,0,,,,0,0
181373,Antoine Conte,2026-04-26T16:00:00+00:00,2025,BU1,1,False,4866375,31,2531,away,40604,2,0,not in squad,,,False,0,0,0,0,0,0,0,,,,0,0
181373,Antoine Conte,2026-04-14T17:30:00+00:00,2025,BU1,1,False,4718168,30,2531,away,4362,3,0,injured,,,False,0,0,0,0,0,0,0,,,,101,0
181373,Antoine Conte,2026-04-08T17:30:00+00:00,2025,BU1,1,False,4718206,29,2531,home,2259,1,1,injured,,,False,0,0,0,0,0,0,0,,,,101,0
181373,Antoine Conte,2026-04-04T14:00:00+00:00,2025,BU1,1,False,4718148,28,2531,home,9599,5,0,injured,,,False,0,0,0,0,0,0,0,,,,101,0
181373,Antoine Conte,2026-03-20T16:00:00+00:00,2025,BU1,1,False,4718194,27,2531,away,675,1,0,played,19,3,False,90,0,0,0,0,0,0,,,,0,0
288241,Enock Kwateng,2026-05-25T14:45:00+00:00,2025,BU1,1,False,4866426,36,2531,away,2259,1,2,not in squad,,,False,0,0,0,0,0,0,0,,,,0,0
288241,Enock Kwateng,2026-05-16T16:00:00+00:00,2025,BU1,1,False,4866422,35,2531,home,967,5,0,played,22,5,False,90,1,0,0,0,0,0,,,,0,0
288241,Enock Kwateng,2026-05-12T17:15:00+00:00,2025,BU1,1,False,4866417,34,2531,home,40604,1,2,in squad,22,,False,0,0,0,0,0,0,0,,,,0,0
288241,Enock Kwateng,2026-05-09T13:15:00+00:00,2025,BU1,1,False,4866403,33,2531,away,967,0,2,played,22,5,False,89,0,0,0,0,0,0,,,89,0,0
288241,Enock Kwateng,2026-05-03T13:15:00+00:00,2025,BU1,1,False,4866385,32,2531,home,2259,0,2,played,22,5,False,83,0,0,0,0,0,0,61,,83,0,0
288241,Enock Kwateng,2026-04-26T16:00:00+00:00,2025,BU1,1,False,4866375,31,2531,away,40604,2,0,played,22,5,False,45,0,0,0,0,0,0,9,,46,0,0
288241,Enock Kwateng,2026-04-14T17:30:00+00:00,2025,BU1,1,False,4718168,30,2531,away,4362,3,0,played,22,5,False,90,0,0,0,0,0,0,,,,0,0
288241,Enock Kwateng,2026-04-08T17:30:00+00:00,2025,BU1,1,False,4718206,29,2531,home,2259,1,1,played,22,0,False,45,0,0,0,0,0,0,,46,,0,0
288241,Enock Kwateng,2026-04-04T14:00:00+00:00,2025,BU1,1,False,4718148,28,2531,home,9599,5,0,played,22,5,False,90,1,0,0,0,0,0,,,,0,0
288241,Enock Kwateng,2026-03-20T16:00:00+00:00,2025,BU1,1,False,4718194,27,2531,away,675,1,0,in squad,22,,False,0,0,0,0,0,0,0,,,,0,0
1329835,Martin Georgiev,2026-07-24T18:15:00+00:00,2026,BU1,1,False,4909866,2,675,away,40604,0,1,in squad,3,,False,0,0,0,0,0,0,0,,,,0,0
1329835,Martin Georgiev,2026-07-20T16:15:00+00:00,2026,BU1,1,False,4909858,1,675,home,208,0,0,in squad,3,,False,0,0,0,0,0,0,0,,,,0,0
1329835,Martin Georgiev,2026-05-30T14:00:00+00:00,2025,FS,11,True,4893732,51,21361,home,16844,1,0,played,5,0,False,45,0,0,0,0,0,0,,,46,0,0
1329835,Martin Georgiev,2026-05-22T15:00:00+00:00,2025,BU1,1,False,4866452,37,9599,home,730,3,0,played,50,3,False,90,0,0,0,0,0,0,,,,0,0
1329835,Martin Georgiev,2026-05-18T16:30:00+00:00,2025,BU1,1,False,4866449,36,9599,away,24078,2,0,played,50,0,False,46,0,0,0,0,0,0,,44,,0,0
1329835,Martin Georgiev,2026-05-14T12:15:00+00:00,2025,BU1,1,False,4866445,35,9599,away,40416,0,1,in squad,50,,False,0,0,0,0,0,0,0,,,,0,0
1329835,Martin Georgiev,2026-05-10T11:15:00+00:00,2025,BU1,1,False,4866442,34,9599,home,675,2,1,played,50,0,False,1,0,0,0,0,0,0,,90,,0,0
1329835,Martin Georgiev,2026-05-06T17:00:00+00:00,2025,BU1,1,False,4866436,33,9599,home,4362,1,1,played,50,0,False,1,0,0,0,0,0,0,,90,,0,0
1329835,Martin Georgiev,2026-05-02T13:30:00+00:00,2025,BU1,1,False,4866432,32,9599,away,26462,1,2,played,50,5,False,37,0,0,0,0,0,0,,,37,0,0
1329835,Martin Georgiev,2026-04-24T16:30:00+00:00,2025,BU1,1,False,4866428,31,9599,home,6764,1,2,played,50,0,False,45,0,0,0,0,0,0,90,46,,0,0
861475,Dimitar Avramov,2026-07-25T15:30:00+00:00,2026,BU2,2,False,4909817,1,24078,away,19784,2,2,not in squad,,,False,0,0,0,0,0,0,0,,,,0,0
861475,Dimitar Avramov,2026-05-23T15:00:00+00:00,2025,BU2,2,False,4718045,34,4494,away,1851,2,3,played,4,0,False,90,0,0,0,0,0,0,,,,0,0
861475,Dimitar Avramov,2026-05-15T15:00:00+00:00,2025,BU2,2,False,4718032,33,4494,home,19784,1,0,played,4,0,False,90,0,0,0,0,0,0,,,,0,0
861475,Dimitar Avramov,2026-05-11T15:00:00+00:00,2025,BU2,2,False,4718028,32,4494,away,5284,0,3,played,4,0,False,28,0,0,0,0,0,0,,62,,0,0
861475,Dimitar Avramov,2026-05-03T15:00:00+00:00,2025,BU2,2,False,4718013,31,4494,home,712,1,1,played,4,0,False,78,0,0,0,0,0,0,,,78,0,0
861475,Dimitar Avramov,2026-04-27T15:30:00+00:00,2025,BU2,2,False,4718011,30,4494,away,26563,3,1,played,4,0,False,90,0,0,0,0,0,0,,,,0,0
861475,Dimitar Avramov,2026-04-16T14:00:00+00:00,2025,BU2,2,False,4717994,29,4494,home,40678,0,0,played,4,0,False,13,0,0,0,0,0,0,,77,,0,0
861475,Dimitar Avramov,2026-04-09T14:00:00+00:00,2025,BU2,2,False,4717993,28,4494,home,521,2,0,played,4,0,False,90,0,0,0,0,0,0,,,,0,0
861475,Dimitar Avramov,2026-04-04T14:00:00+00:00,2025,BU2,2,False,4717977,27,4494,away,2190,0,1,played,4,0,False,86,0,0,0,0,0,0,,,86,0,0
861475,Dimitar Avramov,2026-03-29T13:30:00+00:00,2025,BU2,2,False,4717974,26,4494,home,19780,1,1,played,4,0,False,90,0,1,0,0,0,0,,,,0,0
1458336,Zakaria Tindano,2026-07-26T16:00:00+00:00,2026,BU1,1,False,4909869,2,9599,away,967,3,0,absent,,,False,0,0,0,0,0,0,0,,,,0,13
1458336,Zakaria Tindano,2026-07-17T16:00:00+00:00,2026,BU1,1,False,4909854,1,9599,home,61955,2,2,absent,,,False,0,0,0,0,0,0,0,,,,0,13
1458336,Zakaria Tindano,2026-05-25T14:45:00+00:00,2025,BU1,1,False,4866426,36,2531,away,2259,1,2,not in squad,,,False,0,0,0,0,0,0,0,,,,0,0
1458336,Zakaria Tindano,2026-05-16T16:00:00+00:00,2025,BU1,1,False,4866422,35,2531,home,967,5,0,played,41,0,False,26,0,0,0,0,0,0,87,64,,0,0
1458336,Zakaria Tindano,2026-05-12T17:15:00+00:00,2025,BU1,1,False,4866417,34,2531,home,40604,1,2,played,41,0,False,1,0,0,0,0,0,0,,90,,0,0
1458336,Zakaria Tindano,2026-05-09T13:15:00+00:00,2025,BU1,1,False,4866403,33,2531,away,967,0,2,played,41,0,False,1,0,0,0,0,0,0,,89,,0,0
1458336,Zakaria Tindano,2026-05-03T13:15:00+00:00,2025,BU1,1,False,4866385,32,2531,home,2259,0,2,played,41,0,False,7,0,0,0,0,0,0,,83,,0,0
1458336,Zakaria Tindano,2026-04-26T16:00:00+00:00,2025,BU1,1,False,4866375,31,2531,away,40604,2,0,played,41,0,False,45,0,0,0,0,0,0,,46,,0,0
1458336,Zakaria Tindano,2026-04-14T17:30:00+00:00,2025,BU1,1,False,4718168,30,2531,away,4362,3,0,in squad,41,,False,0,0,0,0,0,0,0,,,,0,0
1458336,Zakaria Tindano,2026-04-08T17:30:00+00:00,2025,BU1,1,False,4718206,29,2531,home,2259,1,1,played,41,0,False,10,0,0,0,0,0,0,,80,,0,0
1366314,Abraham Ojo,2026-07-26T12:45:00+00:00,2026,PL1,1,False,4895599,1,9644,home,2118,1,2,in squad,22,,False,0,0,0,0,0,0,0,,,,0,0
1366314,Abraham Ojo,2026-07-23T16:30:00+00:00,2026,ECLQ,10,False,4897963,3,9644,home,6335,3,1,in squad,22,,False,0,0,0,0,0,0,0,,,,0,0
1366314,Abraham Ojo,2026-05-23T15:30:00+00:00,2025,PL1,1,False,4624933,34,9644,home,6107,3,0,in squad,22,,False,0,0,0,0,0,0,0,,,,0,0
1366314,Abraham Ojo,2026-05-17T10:15:00+00:00,2025,PL1,1,False,4624922,33,9644,away,6112,3,1,not in squad,,,False,0,0,0,0,0,0,0,,,,0,0
1366314,Abraham Ojo,2026-05-13T18:30:00+00:00,2025,PL1,1,False,4624906,31,9644,home,2300,0,2,not in squad,,,False,0,0,0,0,0,0,0,,,,0,0
1366314,Abraham Ojo,2026-05-08T16:00:00+00:00,2025,PL1,1,False,4624914,32,9644,home,6110,2,0,not in squad,,,False,0,0,0,0,0,0,0,,,,0,0
1366314,Abraham Ojo,2026-05-02T14:00:00+00:00,2025,POPU,8,False,4861994,7,9644,away,428,0,2,not in squad,,,False,0,0,0,0,0,0,0,,,,0,0
1366314,Abraham Ojo,2026-04-25T15:30:00+00:00,2025,PL1,1,False,4624894,30,9644,away,4000,2,1,played,22,0,False,7,0,1,1,0,0,1,,83,,0,0
1366314,Abraham Ojo,2026-04-19T12:45:00+00:00,2025,PL1,1,False,4624889,29,9644,home,5689,4,1,played,22,0,False,8,0,0,0,0,0,0,,82,,0,0
1366314,Abraham Ojo,2026-04-12T12:45:00+00:00,2025,PL1,1,False,4624876,28,9644,away,3527,1,1,in squad,22,,False,0,0,0,0,0,0,0,,,,0,0
1366315,Baba N'Diaye,2026-07-25T14:00:00+00:00,2026,RU2,2,False,4905219,3,23110,home,49702,1,2,played,17,10,False,68,0,0,0,0,0,0,,,68,0,0
1366315,Baba N'Diaye,2026-07-19T14:00:00+00:00,2026,RU2,2,False,4905065,2,23110,away,58065,0,1,played,17,14,False,45,0,0,0,0,0,0,,,46,0,0
1366315,Baba N'Diaye,2026-07-13T14:00:00+00:00,2026,RU2,2,False,4905059,1,23110,home,3690,3,1,played,17,14,False,50,0,0,0,0,0,0,,,50,0,0
1366315,Baba N'Diaye,2026-05-16T10:00:00+00:00,2025,RU2,2,False,4869105,34,23110,home,2374,2,2,played,17,10,False,68,0,0,0,0,0,0,,,68,0,0
1366315,Baba N'Diaye,2026-05-08T17:30:00+00:00,2025,RU2,2,False,4869090,33,23110,away,59024,0,2,played,17,14,False,86,0,0,0,0,0,0,,,86,0,0
1366315,Baba N'Diaye,2026-05-02T12:00:00+00:00,2025,RU2,2,False,4869081,32,23110,home,3733,2,0,played,17,14,False,75,0,1,0,0,0,0,1,,75,0,0
1366315,Baba N'Diaye,2026-04-26T08:30:00+00:00,2025,RU2,2,False,4869073,31,23110,home,11127,1,2,played,17,14,False,45,0,0,0,0,0,0,,46,,0,0
1366315,Baba N'Diaye,2026-04-22T16:00:00+00:00,2025,RU2,2,False,4867777,30,23110,away,3729,0,0,played,17,10,False,45,0,0,0,0,0,0,,46,,0,0
1366315,Baba N'Diaye,2026-04-17T12:00:00+00:00,2025,RU2,2,False,4865737,29,23110,away,3714,0,3,played,17,10,False,58,0,0,0,0,0,0,,,58,0,0
1366315,Baba N'Diaye,2026-04-11T14:00:00+00:00,2025,RU2,2,False,4860443,28,23110,home,3690,2,2,played,17,14,False,45,1,0,0,0,0,0,,46,,0,0
646434,Tailson,2026-05-22T15:00:00+00:00,2025,BU1,1,False,4866452,37,9599,home,730,3,0,played,29,10,False,73,0,0,0,0,0,0,,,73,0,0
646434,Tailson,2026-05-18T16:30:00+00:00,2025,BU1,1,False,4866449,36,9599,away,24078,2,0,played,29,0,False,10,0,0,0,0,0,0,,80,,0,0
646434,Tailson,2026-05-14T12:15:00+00:00,2025,BU1,1,False,4866445,35,9599,away,40416,0,1,played,29,10,False,80,0,0,0,0,0,0,,,80,0,0
646434,Tailson,2026-05-10T11:15:00+00:00,2025,BU1,1,False,4866442,34,9599,home,675,2,1,played,29,0,False,23,0,0,0,0,0,0,,67,,0,0
646434,Tailson,2026-05-06T17:00:00+00:00,2025,BU1,1,False,4866436,33,9599,home,4362,1,1,played,29,0,False,6,0,0,0,0,0,0,,84,,0,0
646434,Tailson,2026-05-02T13:30:00+00:00,2025,BU1,1,False,4866432,32,9599,away,26462,1,2,played,29,10,False,71,0,0,0,0,0,0,45,,71,0,0
646434,Tailson,2026-04-24T16:30:00+00:00,2025,BU1,1,False,4866428,31,9599,home,6764,1,2,played,29,10,False,69,0,0,0,0,0,0,,,69,0,0
646434,Tailson,2026-04-16T14:00:00+00:00,2025,BU1,1,False,4718170,30,9599,away,40416,0,0,played,29,10,False,90,0,0,0,0,0,0,,,,0,0
646434,Tailson,2026-04-10T10:00:00+00:00,2025,BU1,1,False,4718205,29,9599,home,4362,1,0,played,29,10,False,90,0,0,0,0,0,0,,,90,0,0
646434,Tailson,2026-04-04T14:00:00+00:00,2025,BU1,1,False,4718148,28,9599,away,2531,0,5,not in squad,,,False,0,0,0,0,0,0,0,,,,0,0
171047,Emil Martinov,2026-05-23T15:00:00+00:00,2025,BU2,2,False,4718046,34,26563,away,19784,0,1,played,27,0,False,82,0,0,0,0,0,0,68,,82,0,0
171047,Emil Martinov,2026-05-15T15:00:00+00:00,2025,BU2,2,False,4718031,33,26563,home,5284,1,1,played,27,0,False,17,0,0,0,0,0,0,,73,,0,0
171047,Emil Martinov,2026-05-10T15:30:00+00:00,2025,BU2,2,False,4718029,32,26563,away,712,1,0,played,27,0,False,62,0,0,0,0,0,0,,,62,0,0
171047,Emil Martinov,2026-05-04T15:30:00+00:00,2025,BU2,2,False,4718012,31,26563,home,40678,1,2,not in squad,,,False,0,0,0,0,0,0,0,,,,0,0
171047,Emil Martinov,2026-04-27T15:30:00+00:00,2025,BU2,2,False,4718011,30,26563,home,4494,1,3,not in squad,,,False,0,0,0,0,0,0,0,,,,0,0
171047,Emil Martinov,2026-04-22T14:00:00+00:00,2025,BU2,2,False,4717961,25,26563,away,9524,0,2,played,27,0,False,90,0,0,0,0,0,0,45,,,0,0
171047,Emil Martinov,2026-04-16T15:00:00+00:00,2025,BU2,2,False,4717995,29,26563,away,521,2,2,played,27,0,False,45,0,0,0,0,0,0,,,46,0,0
171047,Emil Martinov,2026-04-09T15:30:00+00:00,2025,BU2,2,False,4717992,28,26563,home,2190,4,3,played,27,0,False,67,0,0,0,0,0,0,59,,67,0,0
171047,Emil Martinov,2026-04-04T14:00:00+00:00,2025,BU2,2,False,4717978,27,26563,away,19780,0,0,played,27,0,False,26,0,0,0,0,0,0,,64,,0,0
171047,Emil Martinov,2026-03-28T13:30:00+00:00,2025,BU2,2,False,4717973,26,26563,home,11255,1,0,not in squad,,,False,0,0,0,0,0,0,0,,,,0,0
462067,Dimitar Mitkov,2026-07-19T16:00:00+00:00,2025,KAS1,1,False,4835047,18,16779,home,31007,3,1,not in squad,,,False,0,0,0,0,0,0,0,,,,0,0
462067,Dimitar Mitkov,2026-07-15T12:00:00+00:00,2025,KAZP,8,False,4898513,4,16779,home,118378,3,1,not in squad,,,False,0,0,0,0,0,0,0,,,,0,0
462067,Dimitar Mitkov,2026-07-11T15:00:00+00:00,2025,KAS1,1,False,4835037,17,16779,away,34239,2,3,not in squad,,,False,0,0,0,0,0,0,0,,,,0,0
462067,Dimitar Mitkov,2026-07-05T15:00:00+00:00,2025,KAS1,1,False,4835032,16,16779,home,107095,1,0,not in squad,,,False,0,0,0,0,0,0,0,,,,0,0
462067,Dimitar Mitkov,2026-06-28T13:00:00+00:00,2025,KAS1,1,False,4835026,15,16779,away,107095,1,0,not in squad,,,False,0,0,0,0,0,0,0,,,,0,0
462067,Dimitar Mitkov,2026-06-20T15:00:00+00:00,2025,KAS1,1,False,4835012,14,16779,home,34239,2,0,in squad,45,,False,0,0,0,0,0,0,0,,,,0,0
462067,Dimitar Mitkov,2026-06-14T14:00:00+00:00,2025,KAS1,1,False,4835003,13,16779,away,31007,3,1,in squad,45,,False,0,0,0,0,0,0,0,,,,0,0
462067,Dimitar Mitkov,2026-05-28T15:00:00+00:00,2025,KAS1,1,False,4834997,12,16779,home,10482,2,1,in squad,45,,False,0,0,0,0,0,0,0,,,,0,0
462067,Dimitar Mitkov,2026-05-23T15:00:00+00:00,2025,KAS1,1,False,4834989,11,16779,away,10481,3,0,played,45,14,False,29,0,0,0,0,0,0,,61,,0,0
462067,Dimitar Mitkov,2026-05-17T15:00:00+00:00,2025,KAS1,1,False,4834986,10,16779,home,15299,2,1,played,45,14,False,45,0,0,0,0,0,0,,,46,0,0
462067,Dimitar Mitkov,2026-05-13T15:00:00+00:00,2025,KAZP,8,False,4885170,3,16779,home,15299,1,0,played,45,14,False,71,0,1,0,0,0,0,,,71,0,0
462067,Dimitar Mitkov,2026-05-10T11:00:00+00:00,2025,KAS1,1,False,4834972,9,16779,away,118378,0,0,played,45,14,False,63,0,0,0,0,0,0,34,,63,0,0
462067,Dimitar Mitkov,2026-05-03T15:00:00+00:00,2025,KAS1,1,False,4834970,8,16779,home,10157,2,0,not in squad,,,False,0,0,0,0,0,0,0,,,,0,0
462067,Dimitar Mitkov,2026-04-30T15:00:00+00:00,2025,KAZP,8,False,4871532,2,16779,home,34239,3,0,played,45,14,False,90,3,0,0,0,0,0,,,,0,0
878340,Aleksa Maras,2026-07-26T15:00:00+00:00,2026,SLO1,1,False,4971551,1,51316,away,1443,4,4,played,99,0,False,28,2,0,3,2,0,1,,62,,0,0
878340,Aleksa Maras,2026-05-25T14:45:00+00:00,2025,BU1,1,False,4866426,36,2531,away,2259,1,2,not in squad,,,False,0,0,0,0,0,0,0,,,,0,0
878340,Aleksa Maras,2026-05-16T16:00:00+00:00,2025,BU1,1,False,4866422,35,2531,home,967,5,0,not in squad,,,False,0,0,0,0,0,0,0,,,,0,0
878340,Aleksa Maras,2026-05-12T17:15:00+00:00,2025,BU1,1,False,4866417,34,2531,home,40604,1,2,not in squad,,,False,0,0,0,0,0,0,0,,,,0,0
878340,Aleksa Maras,2026-05-09T13:15:00+00:00,2025,BU1,1,False,4866403,33,2531,away,967,0,2,not in squad,,,False,0,0,0,0,0,0,0,,,,0,0
878340,Aleksa Maras,2026-05-03T13:15:00+00:00,2025,BU1,1,False,4866385,32,2531,home,2259,0,2,not in squad,,,False,0,0,0,0,0,0,0,,,,0,0
878340,Aleksa Maras,2026-04-26T16:00:00+00:00,2025,BU1,1,False,4866375,31,2531,away,40604,2,0,not in squad,,,False,0,0,0,0,0,0,0,,,,0,0
878340,Aleksa Maras,2026-04-14T17:30:00+00:00,2025,BU1,1,False,4718168,30,2531,away,4362,3,0,not in squad,,,False,0,0,0,0,0,0,0,,,,0,0
878340,Aleksa Maras,2026-04-08T17:30:00+00:00,2025,BU1,1,False,4718206,29,2531,home,2259,1,1,not in squad,,,False,0,0,0,0,0,0,0,,,,0,0
878340,Aleksa Maras,2026-04-04T14:00:00+00:00,2025,BU1,1,False,4718148,28,2531,home,9599,5,0,not in squad,,,False,0,0,0,0,0,0,0,,,,0,0
1090954,Ifenna Dorgu,2026-05-25T14:45:00+00:00,2025,BU1,1,False,4866426,36,2531,away,2259,1,2,in squad,23,,False,0,0,0,0,0,0,0,,,,0,0
1090954,Ifenna Dorgu,2026-05-16T16:00:00+00:00,2025,BU1,1,False,4866422,35,2531,home,967,5,0,played,23,0,False,14,0,1,0,0,0,0,,76,,0,0
1090954,Ifenna Dorgu,2026-05-12T17:15:00+00:00,2025,BU1,1,False,4866417,34,2531,home,40604,1,2,played,23,0,False,10,0,0,0,0,0,0,,80,,0,0
1090954,Ifenna Dorgu,2026-05-09T13:15:00+00:00,2025,BU1,1,False,4866403,33,2531,away,967,0,2,played,23,0,False,1,0,0,0,0,0,0,,90,,0,0
1090954,Ifenna Dorgu,2025-11-29T14:00:00+00:00,2025,DK2,2,False,4743167,18,23297,home,5767,1,2,played,27,0,False,12,0,0,0,0,0,0,90,78,,0,0
1090954,Ifenna Dorgu,2025-11-23T13:00:00+00:00,2025,DK2,2,False,4743162,17,23297,away,5784,2,2,played,27,0,False,15,1,0,1,1,0,0,,75,,0,0
1090954,Ifenna Dorgu,2025-11-07T17:30:00+00:00,2025,DK2,2,False,4743157,16,23297,home,49675,1,1,played,27,0,False,1,0,0,0,0,0,0,90,89,,0,0
1090954,Ifenna Dorgu,2025-10-31T18:00:00+00:00,2025,DK2,2,False,4743148,15,23297,away,2414,3,2,played,27,0,False,1,0,1,0,0,0,0,,90,,0,0
1090954,Ifenna Dorgu,2025-10-23T16:30:00+00:00,2025,DK2,2,False,4743143,14,23297,away,1894,1,3,played,27,0,False,5,0,0,0,0,0,0,,85,,0,0
1090954,Ifenna Dorgu,2025-10-17T16:30:00+00:00,2025,DK2,2,False,4743137,13,23297,home,12275,2,1,played,27,0,False,1,0,0,1,0,1,0,,90,,0,0
867905,Tales,2026-05-22T15:00:00+00:00,2025,BU1,1,False,4866452,37,9599,home,730,3,0,not in squad,,,False,0,0,0,0,0,0,0,,,,0,0
867905,Tales,2026-05-18T16:30:00+00:00,2025,BU1,1,False,4866449,36,9599,away,24078,2,0,not in squad,,,False,0,0,0,0,0,0,0,,,,0,0
867905,Tales,2026-05-14T12:15:00+00:00,2025,BU1,1,False,4866445,35,9599,away,40416,0,1,not in squad,,,False,0,0,0,0,0,0,0,,,,0,0
867905,Tales,2026-05-10T11:15:00+00:00,2025,BU1,1,False,4866442,34,9599,home,675,2,1,not in squad,,,False,0,0,0,0,0,0,0,,,,0,0
867905,Tales,2026-05-06T17:00:00+00:00,2025,BU1,1,False,4866436,33,9599,home,4362,1,1,not in squad,,,False,0,0,0,0,0,0,0,,,,0,0
867905,Tales,2026-05-02T13:30:00+00:00,2025,BU1,1,False,4866432,32,9599,away,26462,1,2,in squad,13,,False,0,0,0,0,0,0,0,,,,0,0
867905,Tales,2026-04-24T16:30:00+00:00,2025,BU1,1,False,4866428,31,9599,home,6764,1,2,in squad,13,,False,0,0,0,0,0,0,0,,,,0,0
867905,Tales,2026-04-16T14:00:00+00:00,2025,BU1,1,False,4718170,30,9599,away,40416,0,0,in squad,13,,False,0,0,0,0,0,0,0,,,,0,0
867905,Tales,2026-04-10T10:00:00+00:00,2025,BU1,1,False,4718205,29,9599,home,4362,1,0,in squad,13,,False,0,0,0,0,0,0,0,,,,0,0
867905,Tales,2026-04-04T14:00:00+00:00,2025,BU1,1,False,4718148,28,9599,away,2531,0,5,not in squad,,,False,0,0,0,0,0,0,0,,,,0,0
221580,Steven Petkov,2026-06-20T16:30:00+00:00,2025,ES2P,12,False,4894151,4,4032,away,8733,1,4,not in squad,,,False,0,0,0,0,0,0,0,,,,0,0
221580,Steven Petkov,2026-06-13T16:30:00+00:00,2025,ES2P,12,False,4894145,3,4032,home,8733,0,0,not in squad,,,False,0,0,0,0,0,0,0,,,,0,0
221580,Steven Petkov,2026-06-06T16:30:00+00:00,2025,ES2P,12,False,4889472,2,4032,away,3679,1,0,not in squad,,,False,0,0,0,0,0,0,0,,,,0,0
221580,Steven Petkov,2026-05-30T19:00:00+00:00,2025,ES2P,12,False,4889469,1,4032,home,3679,0,0,not in squad,,,False,0,0,0,0,0,0,0,,,,0,0
221580,Steven Petkov,2026-05-23T16:30:00+00:00,2025,E3G1,3,False,4651092,38,4032,home,6688,1,0,absent,,,False,0,0,0,0,0,0,0,,,,0,9
221580,Steven Petkov,2026-05-17T15:00:00+00:00,2025,E3G1,3,False,4651076,37,4032,away,58946,1,0,absent,,,False,0,0,0,0,0,0,0,,,,0,9
221580,Steven Petkov,2026-05-09T16:30:00+00:00,2025,E3G1,3,False,4651075,36,4032,home,20844,3,1,absent,,,False,0,0,0,0,0,0,0,,,,0,9
221580,Steven Petkov,2026-05-02T16:30:00+00:00,2025,E3G1,3,False,4651063,35,4032,away,10907,0,3,absent,,,False,0,0,0,0,0,0,0,,,,0,9
221580,Steven Petkov,2026-04-25T16:30:00+00:00,2025,E3G1,3,False,4651047,34,4032,home,648,1,1,absent,,,False,0,0,0,0,0,0,0,,,,0,9
221580,Steven Petkov,2026-04-19T14:00:00+00:00,2025,E3G1,3,False,4651042,33,4032,home,3708,1,0,in squad,11,,False,0,0,0,0,0,0,0,,,,0,0
1528230,Simeon Georgiev,2026-05-16T16:00:00+00:00,2025,BU1,1,False,4866421,35,2259,away,40604,0,4,in squad,1,,False,0,0,0,0,0,0,0,,,,0,0
1528230,Simeon Georgiev,2026-05-12T14:45:00+00:00,2025,BU1,1,False,4866418,34,2259,away,967,0,2,not in squad,,,False,0,0,0,0,0,0,0,,,,0,0
1528230,Simeon Georgiev,2026-05-08T14:30:00+00:00,2025,BU1,1,False,4866404,33,2259,home,40604,2,0,not in squad,,,False,0,0,0,0,0,0,0,,,,0,0
1528230,Simeon Georgiev,2026-05-03T13:15:00+00:00,2025,BU1,1,False,4866385,32,2259,away,2531,2,0,not in squad,,,False,0,0,0,0,0,0,0,,,,0,0
1528230,Simeon Georgiev,2026-04-30T16:00:00+00:00,2025,BULP,8,False,4827499,4,2259,home,40604,1,1,not in squad,,,False,0,0,0,0,0,0,0,,,,0,0
1528230,Simeon Georgiev,2026-04-26T13:30:00+00:00,2025,BU1,1,False,4866376,31,2259,home,967,0,1,not in squad,,,False,0,0,0,0,0,0,0,,,,0,0
1528230,Simeon Georgiev,2026-04-22T16:00:00+00:00,2025,BULP,8,False,4827497,4,2259,away,40604,4,0,not in squad,,,False,0,0,0,0,0,0,0,,,,0,0
1528230,Simeon Georgiev,2026-04-13T16:00:00+00:00,2025,BU1,1,False,4718172,30,2259,away,6764,0,0,not in squad,,,False,0,0,0,0,0,0,0,,,,0,0
1528230,Simeon Georgiev,2026-04-08T17:30:00+00:00,2025,BU1,1,False,4718206,29,2259,away,2531,1,1,not in squad,,,False,0,0,0,0,0,0,0,,,,0,0
1528230,Simeon Georgiev,2026-04-03T16:45:00+00:00,2025,BU1,1,False,4718150,28,2259,home,730,1,0,not in squad,,,False,0,0,0,0,0,0,0,,,,0,0
410788,Bojan Milosavljevic,2026-07-26T18:15:00+00:00,2026,BU1,1,False,4909871,2,2259,home,40416,2,1,played,1,1,False,90,0,0,0,0,0,0,,,,0,0
410788,Bojan Milosavljevic,2026-07-18T18:15:00+00:00,2026,BU1,1,False,4909856,1,2259,away,31614,0,1,played,1,1,False,90,0,0,0,0,0,0,,,,0,0
410788,Bojan Milosavljevic,2026-05-29T16:00:00+00:00,2025,BUEL,12,False,4890402,1,2259,away,31614,1,3,played,1,1,False,120,0,0,0,0,0,0,118,,120,0,0
410788,Bojan Milosavljevic,2026-05-25T14:45:00+00:00,2025,BU1,1,False,4866426,36,2259,home,2531,2,1,played,1,1,True,90,0,0,0,0,0,0,,,,0,0
410788,Bojan Milosavljevic,2026-05-20T16:00:00+00:00,2025,BULP,8,False,4882692,5,2259,neutral,208,4,5,played,1,1,False,120,0,0,0,0,0,0,,,,0,0
410788,Bojan Milosavljevic,2026-05-16T16:00:00+00:00,2025,BU1,1,False,4866421,35,2259,away,40604,0,4,not in squad,,,False,0,0,0,0,0,0,0,,,,0,0
410788,Bojan Milosavljevic,2026-05-12T14:45:00+00:00,2025,BU1,1,False,4866418,34,2259,away,967,0,2,played,1,1,True,90,0,0,0,0,0,0,,,,0,0
410788,Bojan Milosavljevic,2026-05-08T14:30:00+00:00,2025,BU1,1,False,4866404,33,2259,home,40604,2,0,played,1,1,True,90,0,0,0,0,0,0,,,,0,0
410788,Bojan Milosavljevic,2026-05-03T13:15:00+00:00,2025,BU1,1,False,4866385,32,2259,away,2531,2,0,played,1,1,True,90,0,0,0,0,0,0,,,,0,0
410788,Bojan Milosavljevic,2026-04-30T16:00:00+00:00,2025,BULP,8,False,4827499,4,2259,home,40604,1,1,played,1,1,True,90,0,0,0,0,0,0,,,,0,0
602299,Petar Zovko,2026-07-26T18:15:00+00:00,2026,BU1,1,False,4909871,2,2259,home,40416,2,1,in squad,40,,False,0,0,0,0,0,0,0,,,,0,0
602299,Petar Zovko,2026-07-18T18:15:00+00:00,2026,BU1,1,False,4909856,1,2259,away,31614,0,1,in squad,40,,False,0,0,0,0,0,0,0,,,,0,0
602299,Petar Zovko,2026-05-29T16:00:00+00:00,2025,BUEL,12,False,4890402,1,2259,away,31614,1,3,played,40,0,False,1,0,0,0,0,0,0,,120,,0,0
602299,Petar Zovko,2026-05-25T14:45:00+00:00,2025,BU1,1,False,4866426,36,2259,home,2531,2,1,in squad,40,,False,0,0,0,0,0,0,0,,,,0,0
602299,Petar Zovko,2026-05-20T16:00:00+00:00,2025,BULP,8,False,4882692,5,2259,neutral,208,4,5,in squad,40,,False,0,0,0,0,0,0,0,,,,0,0
602299,Petar Zovko,2026-05-16T16:00:00+00:00,2025,BU1,1,False,4866421,35,2259,away,40604,0,4,played,40,1,False,90,0,0,0,0,0,0,,,,0,0
602299,Petar Zovko,2026-05-12T14:45:00+00:00,2025,BU1,1,False,4866418,34,2259,away,967,0,2,in squad,40,,False,0,0,0,0,0,0,0,,,,0,0
602299,Petar Zovko,2026-05-08T14:30:00+00:00,2025,BU1,1,False,4866404,33,2259,home,40604,2,0,in squad,40,,False,0,0,0,0,0,0,0,,,,0,0
602299,Petar Zovko,2026-05-03T13:15:00+00:00,2025,BU1,1,False,4866385,32,2259,away,2531,2,0,in squad,40,,False,0,0,0,0,0,0,0,,,,0,0
602299,Petar Zovko,2026-04-30T16:00:00+00:00,2025,BULP,8,False,4827499,4,2259,home,40604,1,1,in squad,40,,False,0,0,0,0,0,0,0,,,,0,0
1010650,Todor Pavlov,2026-07-26T18:15:00+00:00,2026,BU1,1,False,4909871,2,2259,home,40416,2,1,played,5,4,False,90,0,0,0,0,0,0,,,,0,0
1010650,Todor Pavlov,2026-07-18T18:15:00+00:00,2026,BU1,1,False,4909856,1,2259,away,31614,0,1,played,5,4,False,80,0,0,0,0,0,0,,,80,0,0
1010650,Todor Pavlov,2026-05-29T16:00:00+00:00,2025,BUEL,12,False,4890402,1,2259,away,31614,1,3,played,5,4,False,120,0,0,0,0,0,0,60,,,0,0
1010650,Todor Pavlov,2026-05-25T14:45:00+00:00,2025,BU1,1,False,4866426,36,2259,home,2531,2,1,played,5,4,False,75,0,1,0,0,0,0,,,75,0,0
1010650,Todor Pavlov,2026-05-20T16:00:00+00:00,2025,BULP,8,False,4882692,5,2259,neutral,208,4,5,played,5,4,False,108,0,0,0,0,0,0,,,108,0,0
1010650,Todor Pavlov,2026-05-16T16:00:00+00:00,2025,BU1,1,False,4866421,35,2259,away,40604,0,4,absent,,,False,0,0,0,0,0,0,0,,,,0,1
1010650,Todor Pavlov,2026-05-12T14:45:00+00:00,2025,BU1,1,False,4866418,34,2259,away,967,0,2,played,5,4,False,90,0,0,0,0,0,0,85,,,0,0
1010650,Todor Pavlov,2026-05-08T14:30:00+00:00,2025,BU1,1,False,4866404,33,2259,home,40604,2,0,played,5,4,False,90,0,0,0,0,0,0,,,,0,0
1010650,Todor Pavlov,2026-05-03T13:15:00+00:00,2025,BU1,1,False,4866385,32,2259,away,2531,2,0,played,5,4,False,90,0,1,0,0,0,0,,,,0,0
1010650,Todor Pavlov,2026-04-30T16:00:00+00:00,2025,BULP,8,False,4827499,4,2259,home,40604,1,1,played,5,4,False,84,0,0,0,0,0,0,,,84,0,0
982547,Lucas Ryan,2026-07-26T18:15:00+00:00,2026,BU1,1,False,4909871,2,2259,home,40416,2,1,played,13,3,False,71,0,0,0,0,0,0,,,71,0,0
982547,Lucas Ryan,2026-07-18T18:15:00+00:00,2026,BU1,1,False,4909856,1,2259,away,31614,0,1,played,13,3,False,90,0,0,0,0,0,0,67,,,0,0
982547,Lucas Ryan,2026-05-29T16:00:00+00:00,2025,BUEL,12,False,4890402,1,2259,away,31614,1,3,played,13,3,False,120,0,0,0,0,0,0,,,,0,0
982547,Lucas Ryan,2026-05-25T14:45:00+00:00,2025,BU1,1,False,4866426,36,2259,home,2531,2,1,played,13,3,False,90,0,0,0,0,0,0,,,,0,0
982547,Lucas Ryan,2026-05-20T16:00:00+00:00,2025,BULP,8,False,4882692,5,2259,neutral,208,4,5,played,13,3,False,120,1,0,0,0,0,0,90,,,0,0
982547,Lucas Ryan,2026-05-16T16:00:00+00:00,2025,BU1,1,False,4866421,35,2259,away,40604,0,4,not in squad,,,False,0,0,0,0,0,0,0,,,,0,0
982547,Lucas Ryan,2026-05-12T14:45:00+00:00,2025,BU1,1,False,4866418,34,2259,away,967,0,2,played,13,3,False,90,0,0,0,0,0,0,,,,0,0
982547,Lucas Ryan,2026-05-08T14:30:00+00:00,2025,BU1,1,False,4866404,33,2259,home,40604,2,0,played,13,3,False,90,0,0,0,0,0,0,,,,0,0
982547,Lucas Ryan,2026-05-03T13:15:00+00:00,2025,BU1,1,False,4866385,32,2259,away,2531,2,0,played,13,3,False,90,0,0,0,0,0,0,,,,0,0
982547,Lucas Ryan,2026-04-30T16:00:00+00:00,2025,BULP,8,False,4827499,4,2259,home,40604,1,1,played,13,3,False,78,0,0,0,0,0,0,,,78,0,0
1018507,Enzo Espinoza,2026-07-26T18:15:00+00:00,2026,BU1,1,False,4909871,2,2259,home,40416,2,1,injured,,,False,0,0,0,0,0,0,0,,,,150,0
1018507,Enzo Espinoza,2026-07-18T18:15:00+00:00,2026,BU1,1,False,4909856,1,2259,away,31614,0,1,injured,,,False,0,0,0,0,0,0,0,,,,150,0
1018507,Enzo Espinoza,2026-05-29T16:00:00+00:00,2025,BUEL,12,False,4890402,1,2259,away,31614,1,3,injured,,,False,0,0,0,0,0,0,0,,,,150,0
1018507,Enzo Espinoza,2026-05-25T14:45:00+00:00,2025,BU1,1,False,4866426,36,2259,home,2531,2,1,injured,,,False,0,0,0,0,0,0,0,,,,150,0
1018507,Enzo Espinoza,2026-05-20T16:00:00+00:00,2025,BULP,8,False,4882692,5,2259,neutral,208,4,5,injured,,,False,0,0,0,0,0,0,0,,,,150,0
1018507,Enzo Espinoza,2026-05-16T16:00:00+00:00,2025,BU1,1,False,4866421,35,2259,away,40604,0,4,injured,,,False,0,0,0,0,0,0,0,,,,150,0
1018507,Enzo Espinoza,2026-05-12T14:45:00+00:00,2025,BU1,1,False,4866418,34,2259,away,967,0,2,injured,,,False,0,0,0,0,0,0,0,,,,150,0
1018507,Enzo Espinoza,2026-05-08T14:30:00+00:00,2025,BU1,1,False,4866404,33,2259,home,40604,2,0,injured,,,False,0,0,0,0,0,0,0,,,,150,0
1018507,Enzo Espinoza,2026-05-03T13:15:00+00:00,2025,BU1,1,False,4866385,32,2259,away,2531,2,0,injured,,,False,0,0,0,0,0,0,0,,,,150,0
1018507,Enzo Espinoza,2026-04-30T16:00:00+00:00,2025,BULP,8,False,4827499,4,2259,home,40604,1,1,injured,,,False,0,0,0,0,0,0,0,,,,150,0
487880,Martin Ruskov,2026-07-26T18:15:00+00:00,2026,BU1,1,False,4909871,2,2259,home,40416,2,1,injured,,,False,0,0,0,0,0,0,0,,,,258,0
487880,Martin Ruskov,2026-07-18T18:15:00+00:00,2026,BU1,1,False,4909856,1,2259,away,31614,0,1,injured,,,False,0,0,0,0,0,0,0,,,,258,0
487880,Martin Ruskov,2026-05-29T16:00:00+00:00,2025,BUEL,12,False,4890402,1,2259,away,31614,1,3,injured,,,False,0,0,0,0,0,0,0,,,,258,0
487880,Martin Ruskov,2026-05-25T14:45:00+00:00,2025,BU1,1,False,4866426,36,2259,home,2531,2,1,injured,,,False,0,0,0,0,0,0,0,,,,258,0
487880,Martin Ruskov,2026-05-20T16:00:00+00:00,2025,BULP,8,False,4882692,5,2259,neutral,208,4,5,injured,,,False,0,0,0,0,0,0,0,,,,258,0
487880,Martin Ruskov,2026-05-16T16:00:00+00:00,2025,BU1,1,False,4866421,35,2259,away,40604,0,4,injured,,,False,0,0,0,0,0,0,0,,,,258,0
487880,Martin Ruskov,2026-05-12T14:45:00+00:00,2025,BU1,1,False,4866418,34,2259,away,967,0,2,injured,,,False,0,0,0,0,0,0,0,,,,258,0
487880,Martin Ruskov,2026-05-08T14:30:00+00:00,2025,BU1,1,False,4866404,33,2259,home,40604,2,0,injured,,,False,0,0,0,0,0,0,0,,,,258,0
487880,Martin Ruskov,2026-05-03T13:15:00+00:00,2025,BU1,1,False,4866385,32,2259,away,2531,2,0,injured,,,False,0,0,0,0,0,0,0,,,,258,0
487880,Martin Ruskov,2026-04-30T16:00:00+00:00,2025,BULP,8,False,4827499,4,2259,home,40604,1,1,injured,,,False,0,0,0,0,0,0,0,,,,258,0
618804,Adrián Cova,2026-07-26T18:15:00+00:00,2026,BU1,1,False,4909871,2,2259,home,40416,2,1,played,2,5,False,90,0,0,0,0,0,0,,,,0,0
618804,Adrián Cova,2026-07-18T18:15:00+00:00,2026,BU1,1,False,4909856,1,2259,away,31614,0,1,played,2,5,False,90,0,0,0,0,0,0,,,,0,0
618804,Adrián Cova,2026-06-10T00:00:00+00:00,2025,FS,11,True,4894001,52,3504,away,3560,2,0,played,23,0,False,5,0,0,0,0,0,0,,85,,0,0
618804,Adrián Cova,2026-06-06T22:00:00+00:00,2025,FS,11,True,4890560,10,3504,neutral,3381,1,2,in squad,21,,False,0,0,0,0,0,0,0,,,,0,0
618804,Adrián Cova,2026-05-29T16:00:00+00:00,2025,BUEL,12,False,4890402,1,2259,away,31614,1,3,absent,,,False,0,0,0,0,0,0,0,,,,0,1
618804,Adrián Cova,2026-05-25T14:45:00+00:00,2025,BU1,1,False,4866426,36,2259,home,2531,2,1,absent,,,False,0,0,0,0,0,0,0,,,,0,1
618804,Adrián Cova,2026-05-20T16:00:00+00:00,2025,BULP,8,False,4882692,5,2259,neutral,208,4,5,played,2,5,False,120,0,0,0,0,0,0,78,,,0,0
618804,Adrián Cova,2026-05-16T16:00:00+00:00,2025,BU1,1,False,4866421,35,2259,away,40604,0,4,not in squad,,,False,0,0,0,0,0,0,0,,,,0,0
618804,Adrián Cova,2026-05-12T14:45:00+00:00,2025,BU1,1,False,4866418,34,2259,away,967,0,2,not in squad,,,False,0,0,0,0,0,0,0,,,,0,0
618804,Adrián Cova,2026-05-08T14:30:00+00:00,2025,BU1,1,False,4866404,33,2259,home,40604,2,0,played,2,5,False,90,0,0,0,0,0,0,,,,0,0
618804,Adrián Cova,2026-05-03T13:15:00+00:00,2025,BU1,1,False,4866385,32,2259,away,2531,2,0,played,2,5,False,90,0,0,0,0,0,0,,,,0,0
618804,Adrián Cova,2026-04-30T16:00:00+00:00,2025,BULP,8,False,4827499,4,2259,home,40604,1,1,played,2,5,False,90,0,0,0,0,0,0,,,,0,0
435731,Andrei Chindriș,2026-07-26T18:15:00+00:00,2026,BU1,1,False,4909871,2,2259,home,40416,2,1,played,4,3,False,90,0,0,0,0,0,0,,,,0,0
435731,Andrei Chindriș,2026-07-18T18:15:00+00:00,2026,BU1,1,False,4909856,1,2259,away,31614,0,1,played,4,3,False,90,0,0,0,0,0,0,,,,0,0
435731,Andrei Chindriș,2026-05-29T16:00:00+00:00,2025,BUEL,12,False,4890402,1,2259,away,31614,1,3,played,4,5,False,120,0,0,0,0,0,0,75,,,0,0
435731,Andrei Chindriș,2026-05-25T14:45:00+00:00,2025,BU1,1,False,4866426,36,2259,home,2531,2,1,played,4,5,False,90,0,0,0,0,0,0,49,,,0,0
435731,Andrei Chindriș,2026-05-20T16:00:00+00:00,2025,BULP,8,False,4882692,5,2259,neutral,208,4,5,played,4,3,False,120,0,0,0,0,0,0,70,,,0,0
435731,Andrei Chindriș,2026-05-16T16:00:00+00:00,2025,BU1,1,False,4866421,35,2259,away,40604,0,4,absent,,,False,0,0,0,0,0,0,0,,,,0,1
435731,Andrei Chindriș,2026-05-12T14:45:00+00:00,2025,BU1,1,False,4866418,34,2259,away,967,0,2,played,4,3,False,90,0,0,0,0,0,0,90,,,0,0
435731,Andrei Chindriș,2026-05-08T14:30:00+00:00,2025,BU1,1,False,4866404,33,2259,home,40604,2,0,played,4,3,False,85,0,0,0,0,0,0,51,,85,0,0
435731,Andrei Chindriș,2026-05-03T13:15:00+00:00,2025,BU1,1,False,4866385,32,2259,away,2531,2,0,played,4,3,False,90,0,0,0,0,0,0,,,,0,0
435731,Andrei Chindriș,2026-04-30T16:00:00+00:00,2025,BULP,8,False,4827499,4,2259,home,40604,1,1,played,4,3,False,90,0,0,0,0,0,0,,,,0,0
988833,Plamen Petrov,2026-05-29T16:00:00+00:00,2025,BUEL,12,False,4890402,1,2259,away,31614,1,3,not in squad,,,False,0,0,0,0,0,0,0,,,,0,0
988833,Plamen Petrov,2026-05-25T14:45:00+00:00,2025,BU1,1,False,4866426,36,2259,home,2531,2,1,not in squad,,,False,0,0,0,0,0,0,0,,,,0,0
988833,Plamen Petrov,2026-05-20T16:00:00+00:00,2025,BULP,8,False,4882692,5,2259,neutral,208,4,5,not in squad,,,False,0,0,0,0,0,0,0,,,,0,0
988833,Plamen Petrov,2026-05-16T16:00:00+00:00,2025,BU1,1,False,4866421,35,2259,away,40604,0,4,in squad,5,,False,0,0,0,0,0,0,0,,,,0,0
988833,Plamen Petrov,2026-05-12T14:45:00+00:00,2025,BU1,1,False,4866418,34,2259,away,967,0,2,not in squad,,,False,0,0,0,0,0,0,0,,,,0,0
988833,Plamen Petrov,2026-05-08T14:30:00+00:00,2025,BU1,1,False,4866404,33,2259,home,40604,2,0,not in squad,,,False,0,0,0,0,0,0,0,,,,0,0
988833,Plamen Petrov,2026-05-03T13:15:00+00:00,2025,BU1,1,False,4866385,32,2259,away,2531,2,0,not in squad,,,False,0,0,0,0,0,0,0,,,,0,0
988833,Plamen Petrov,2026-04-30T16:00:00+00:00,2025,BULP,8,False,4827499,4,2259,home,40604,1,1,not in squad,,,False,0,0,0,0,0,0,0,,,,0,0
988833,Plamen Petrov,2026-04-26T13:30:00+00:00,2025,BU1,1,False,4866376,31,2259,home,967,0,1,not in squad,,,False,0,0,0,0,0,0,0,,,,0,0
988833,Plamen Petrov,2026-04-22T16:00:00+00:00,2025,BULP,8,False,4827497,4,2259,away,40604,4,0,not in squad,,,False,0,0,0,0,0,0,0,,,,0,0
1496772,Stanislav Vitanov,2026-05-29T16:00:00+00:00,2025,BUEL,12,False,4890402,1,2259,away,31614,1,3,not in squad,,,False,0,0,0,0,0,0,0,,,,0,0
1496772,Stanislav Vitanov,2026-05-25T14:45:00+00:00,2025,BU1,1,False,4866426,36,2259,home,2531,2,1,not in squad,,,False,0,0,0,0,0,0,0,,,,0,0
1496772,Stanislav Vitanov,2026-05-20T16:00:00+00:00,2025,BULP,8,False,4882692,5,2259,neutral,208,4,5,not in squad,,,False,0,0,0,0,0,0,0,,,,0,0
1496772,Stanislav Vitanov,2026-05-16T16:00:00+00:00,2025,BU1,1,False,4866421,35,2259,away,40604,0,4,played,13,0,False,10,0,0,0,0,0,0,,80,,0,0
1496772,Stanislav Vitanov,2024-03-04T13:30:00+00:00,2023,BU2,2,False,4263214,23,40678,away,26640,2,0,in squad,35,,False,0,0,0,0,0,0,0,,,,0,0
715522,Kaloyan Kostov,2026-07-25T18:15:00+00:00,2026,BU1,1,False,4909872,2,730,home,156,1,2,not in squad,,,False,0,0,0,0,0,0,0,,,,0,0
715522,Kaloyan Kostov,2026-07-21T18:30:00+00:00,2026,BU1,1,False,4909852,1,730,away,2531,1,1,played,3,0,False,62,0,0,0,0,0,0,,5,67,0,0
715522,Kaloyan Kostov,2026-05-29T16:00:00+00:00,2025,BUEL,12,False,4890402,1,2259,away,31614,1,3,played,44,3,False,120,0,0,0,0,0,0,66,,,0,0
715522,Kaloyan Kostov,2026-05-25T14:45:00+00:00,2025,BU1,1,False,4866426,36,2259,home,2531,2,1,played,44,3,False,90,0,0,0,0,0,0,,,,0,0
715522,Kaloyan Kostov,2026-05-20T16:00:00+00:00,2025,BULP,8,False,4882692,5,2259,neutral,208,4,5,played,44,0,False,12,0,0,0,0,0,0,,108,,0,0
715522,Kaloyan Kostov,2026-05-16T16:00:00+00:00,2025,BU1,1,False,4866421,35,2259,away,40604,0,4,played,44,3,False,80,0,0,0,0,0,0,,,80,0,0
715522,Kaloyan Kostov,2026-05-12T14:45:00+00:00,2025,BU1,1,False,4866418,34,2259,away,967,0,2,in squad,44,,False,0,0,0,0,0,0,0,,,,0,0
715522,Kaloyan Kostov,2026-05-08T14:30:00+00:00,2025,BU1,1,False,4866404,33,2259,home,40604,2,0,played,44,0,False,5,0,0,0,0,0,0,,85,,0,0
715522,Kaloyan Kostov,2026-05-03T13:15:00+00:00,2025,BU1,1,False,4866385,32,2259,away,2531,2,0,in squad,44,,False,0,0,0,0,0,0,0,,,,0,0
715522,Kaloyan Kostov,2026-04-30T16:00:00+00:00,2025,BULP,8,False,4827499,4,2259,home,40604,1,1,played,44,0,False,12,0,0,0,0,0,0,,78,,0,0
745046,Nikolay Nikolaev,2025-12-14T14:00:00+00:00,2025,BULP,8,False,4763169,2,2259,home,24078,4,0,in squad,44,,False,0,0,0,0,0,0,0,,,,0,0
745046,Nikolay Nikolaev,2025-12-06T13:00:00+00:00,2025,BU1,1,False,4718112,19,2259,home,40604,0,2,in squad,44,,False,0,0,0,0,0,0,0,,,,0,0
745046,Nikolay Nikolaev,2025-12-03T16:00:00+00:00,2025,BU1,1,False,4718155,18,2259,away,208,1,2,in squad,44,,False,0,0,0,0,0,0,0,,,,0,0
745046,Nikolay Nikolaev,2025-11-28T15:30:00+00:00,2025,BU1,1,False,4718181,17,2259,home,24078,0,0,played,44,4,False,81,0,0,0,0,0,0,,,81,0,0
745046,Nikolay Nikolaev,2025-11-23T10:00:00+00:00,2025,BU1,1,False,4718164,16,2259,away,4362,1,1,in squad,44,,False,0,0,0,0,0,0,0,,,,0,0
745046,Nikolay Nikolaev,2025-11-08T16:00:00+00:00,2025,BU1,1,False,4718076,15,2259,home,6764,1,0,in squad,44,,False,0,0,0,0,0,0,0,,,,0,0
745046,Nikolay Nikolaev,2025-11-01T12:45:00+00:00,2025,BU1,1,False,4718070,14,2259,home,2531,0,4,in squad,44,,False,0,0,0,0,0,0,0,,,,0,0
745046,Nikolay Nikolaev,2025-10-28T16:45:00+00:00,2025,BULP,8,False,4748179,1,2259,away,19780,2,1,in squad,44,,False,0,0,0,0,0,0,0,,,,0,0
745046,Nikolay Nikolaev,2025-10-24T17:00:00+00:00,2025,BU1,1,False,4718102,13,2259,away,730,2,2,played,44,5,False,61,0,0,0,0,0,0,,,61,0,0
745046,Nikolay Nikolaev,2025-10-17T17:00:00+00:00,2025,BU1,1,False,4718109,12,2259,home,26462,3,0,played,44,5,False,58,0,0,0,0,0,0,,,58,0,0
1512438,Denis Kirashki,2026-07-26T18:15:00+00:00,2026,BU1,1,False,4909871,2,2259,home,40416,2,1,in squad,26,,False,0,0,0,0,0,0,0,,,,0,0
1512438,Denis Kirashki,2026-07-18T18:15:00+00:00,2026,BU1,1,False,4909856,1,2259,away,31614,0,1,in squad,26,,False,0,0,0,0,0,0,0,,,,0,0
1512438,Denis Kirashki,2026-06-07T08:30:00+00:00,2025,FS,11,True,4889234,41,27256,home,26099,3,0,played,22,0,False,21,0,0,0,0,0,0,,69,,0,0
1512438,Denis Kirashki,2026-06-04T15:00:00+00:00,2025,FS,11,True,4889233,36,27256,home,26099,1,0,played,22,0,False,18,0,0,0,0,0,0,,72,,0,0
1512438,Denis Kirashki,2026-05-29T16:00:00+00:00,2025,BUEL,12,False,4890402,1,2259,away,31614,1,3,not in squad,,,False,0,0,0,0,0,0,0,,,,0,0
1512438,Denis Kirashki,2026-05-25T14:45:00+00:00,2025,BU1,1,False,4866426,36,2259,home,2531,2,1,in squad,16,,False,0,0,0,0,0,0,0,,,,0,0
1512438,Denis Kirashki,2026-05-20T16:00:00+00:00,2025,BULP,8,False,4882692,5,2259,neutral,208,4,5,not in squad,,,False,0,0,0,0,0,0,0,,,,0,0
1512438,Denis Kirashki,2026-05-16T16:00:00+00:00,2025,BU1,1,False,4866421,35,2259,away,40604,0,4,played,16,4,False,90,0,0,0,0,0,0,,,,0,0
1512438,Denis Kirashki,2026-05-12T14:45:00+00:00,2025,BU1,1,False,4866418,34,2259,away,967,0,2,in squad,16,,False,0,0,0,0,0,0,0,,,,0,0
1512438,Denis Kirashki,2026-05-08T14:30:00+00:00,2025,BU1,1,False,4866404,33,2259,home,40604,2,0,not in squad,,,False,0,0,0,0,0,0,0,,,,0,0
1512438,Denis Kirashki,2026-05-03T13:15:00+00:00,2025,BU1,1,False,4866385,32,2259,away,2531,2,0,in squad,16,,False,0,0,0,0,0,0,0,,,,0,0
1512438,Denis Kirashki,2026-04-30T16:00:00+00:00,2025,BULP,8,False,4827499,4,2259,home,40604,1,1,not in squad,,,False,0,0,0,0,0,0,0,,,,0,0
1179055,Mert Salim,2026-05-29T16:00:00+00:00,2025,BUEL,12,False,4890402,1,2259,away,31614,1,3,not in squad,,,False,0,0,0,0,0,0,0,,,,0,0
1179055,Mert Salim,2026-05-25T14:45:00+00:00,2025,BU1,1,False,4866426,36,2259,home,2531,2,1,not in squad,,,False,0,0,0,0,0,0,0,,,,0,0
1179055,Mert Salim,2026-05-20T16:00:00+00:00,2025,BULP,8,False,4882692,5,2259,neutral,208,4,5,not in squad,,,False,0,0,0,0,0,0,0,,,,0,0
1179055,Mert Salim,2026-05-16T16:00:00+00:00,2025,BU1,1,False,4866421,35,2259,away,40604,0,4,not in squad,,,False,0,0,0,0,0,0,0,,,,0,0
1179055,Mert Salim,2026-05-12T14:45:00+00:00,2025,BU1,1,False,4866418,34,2259,away,967,0,2,not in squad,,,False,0,0,0,0,0,0,0,,,,0,0
1179055,Mert Salim,2026-05-08T14:30:00+00:00,2025,BU1,1,False,4866404,33,2259,home,40604,2,0,not in squad,,,False,0,0,0,0,0,0,0,,,,0,0
1179055,Mert Salim,2026-05-03T13:15:00+00:00,2025,BU1,1,False,4866385,32,2259,away,2531,2,0,not in squad,,,False,0,0,0,0,0,0,0,,,,0,0
1179055,Mert Salim,2026-04-30T16:00:00+00:00,2025,BULP,8,False,4827499,4,2259,home,40604,1,1,not in squad,,,False,0,0,0,0,0,0,0,,,,0,0
1179055,Mert Salim,2026-04-26T13:30:00+00:00,2025,BU1,1,False,4866376,31,2259,home,967,0,1,not in squad,,,False,0,0,0,0,0,0,0,,,,0,0
1179055,Mert Salim,2026-04-22T16:00:00+00:00,2025,BULP,8,False,4827497,4,2259,away,40604,4,0,not in squad,,,False,0,0,0,0,0,0,0,,,,0,0
1519180,Radoslav Palazov,2026-07-26T18:15:00+00:00,2026,BU1,1,False,4909871,2,2259,home,40416,2,1,in squad,3,,False,0,0,0,0,0,0,0,,,,0,0
1519180,Radoslav Palazov,2026-07-18T18:15:00+00:00,2026,BU1,1,False,4909856,1,2259,away,31614,0,1,in squad,3,,False,0,0,0,0,0,0,0,,,,0,0
1519180,Radoslav Palazov,2026-06-07T08:30:00+00:00,2025,FS,11,True,4889234,41,27256,home,26099,3,0,played,4,3,False,58,0,0,0,0,0,0,2,,58,0,0
1519180,Radoslav Palazov,2026-06-04T15:00:00+00:00,2025,FS,11,True,4889233,36,27256,home,26099,1,0,played,4,3,False,72,0,0,0,0,0,0,,,72,0,0
1519180,Radoslav Palazov,2026-05-29T16:00:00+00:00,2025,BUEL,12,False,4890402,1,2259,away,31614,1,3,in squad,16,,False,0,0,0,0,0,0,0,,,,0,0
1519180,Radoslav Palazov,2026-05-25T14:45:00+00:00,2025,BU1,1,False,4866426,36,2259,home,2531,2,1,in squad,23,,False,0,0,0,0,0,0,0,,,,0,0
1519180,Radoslav Palazov,2026-05-20T16:00:00+00:00,2025,BULP,8,False,4882692,5,2259,neutral,208,4,5,not in squad,,,False,0,0,0,0,0,0,0,,,,0,0
1519180,Radoslav Palazov,2026-05-16T16:00:00+00:00,2025,BU1,1,False,4866421,35,2259,away,40604,0,4,played,4,3,False,90,0,0,0,0,0,0,,,,0,0
1519180,Radoslav Palazov,2026-03-31T12:45:00+00:00,2026,U19Q,20,True,4825261,3,27256,away,12609,0,2,in squad,4,,False,0,0,0,0,0,0,0,,,,0,0
1519180,Radoslav Palazov,2026-03-28T14:30:00+00:00,2026,U19Q,20,True,4825232,2,27256,away,17379,0,1,in squad,4,,False,0,0,0,0,0,0,0,,,,0,0
921858,Efe Ali,2026-07-26T18:15:00+00:00,2026,BU1,1,False,4909871,2,2259,home,40416,2,1,played,12,6,False,90,0,0,0,0,0,0,,,,0,0
921858,Efe Ali,2026-07-18T18:15:00+00:00,2026,BU1,1,False,4909856,1,2259,away,31614,0,1,played,12,6,False,90,0,0,0,0,0,0,,,,0,0
921858,Efe Ali,2026-06-05T17:00:00+00:00,2025,FS,11,True,4864913,52,3394,away,6090,2,2,played,12,7,False,2,0,0,0,0,0,0,,88,,0,0
921858,Efe Ali,2026-06-01T16:00:00+00:00,2025,FS,11,True,4864912,52,3394,home,11953,0,1,in squad,12,,False,0,0,0,0,0,0,0,,,,0,0
921858,Efe Ali,2026-05-29T16:00:00+00:00,2025,BUEL,12,False,4890402,1,2259,away,31614,1,3,played,12,6,False,120,0,0,0,0,0,0,,,,0,0
921858,Efe Ali,2026-05-25T14:45:00+00:00,2025,BU1,1,False,4866426,36,2259,home,2531,2,1,played,12,6,False,90,0,0,0,0,0,0,68,,,0,0
921858,Efe Ali,2026-05-20T16:00:00+00:00,2025,BULP,8,False,4882692,5,2259,neutral,208,4,5,played,12,6,False,98,0,0,0,0,0,0,48,,98,0,0
921858,Efe Ali,2026-05-16T16:00:00+00:00,2025,BU1,1,False,4866421,35,2259,away,40604,0,4,not in squad,,,False,0,0,0,0,0,0,0,,,,0,0
921858,Efe Ali,2026-05-12T14:45:00+00:00,2025,BU1,1,False,4866418,34,2259,away,967,0,2,played,12,6,False,79,0,0,0,0,0,0,,,79,0,0
921858,Efe Ali,2026-05-08T14:30:00+00:00,2025,BU1,1,False,4866404,33,2259,home,40604,2,0,played,12,6,False,85,0,0,0,0,0,0,,,85,0,0
921858,Efe Ali,2026-05-03T13:15:00+00:00,2025,BU1,1,False,4866385,32,2259,away,2531,2,0,played,12,6,False,90,0,0,0,0,0,0,,,,0,0
921858,Efe Ali,2026-04-30T16:00:00+00:00,2025,BULP,8,False,4827499,4,2259,home,40604,1,1,played,12,6,False,90,0,0,0,0,0,0,,,,0,0
107518,Parvizdzhon Umarbaev,2026-07-26T18:15:00+00:00,2026,BU1,1,False,4909871,2,2259,home,40416,2,1,played,39,10,True,71,0,0,0,0,0,0,15,,71,0,0
107518,Parvizdzhon Umarbaev,2026-07-18T18:15:00+00:00,2026,BU1,1,False,4909856,1,2259,away,31614,0,1,played,39,10,True,56,0,0,0,0,0,0,,,56,0,0
107518,Parvizdzhon Umarbaev,2026-06-09T15:00:00+00:00,2025,FS,11,True,4890814,10,13975,home,13957,1,1,played,7,10,False,90,0,0,0,0,0,0,,,,0,0
107518,Parvizdzhon Umarbaev,2026-06-05T15:00:00+00:00,2025,FS,11,True,4890813,9,13975,home,13957,3,1,played,7,0,False,28,0,0,0,0,0,0,,62,,0,0
107518,Parvizdzhon Umarbaev,2026-05-29T16:00:00+00:00,2025,BUEL,12,False,4890402,1,2259,away,31614,1,3,played,39,10,True,73,0,0,0,0,0,0,,,73,0,0
107518,Parvizdzhon Umarbaev,2026-05-25T14:45:00+00:00,2025,BU1,1,False,4866426,36,2259,home,2531,2,1,in squad,39,,False,0,0,0,0,0,0,0,,,,0,0
107518,Parvizdzhon Umarbaev,2026-05-20T16:00:00+00:00,2025,BULP,8,False,4882692,5,2259,neutral,208,4,5,played,39,10,True,81,0,0,0,0,0,0,,,81,0,0
107518,Parvizdzhon Umarbaev,2026-05-16T16:00:00+00:00,2025,BU1,1,False,4866421,35,2259,away,40604,0,4,not in squad,,,False,0,0,0,0,0,0,0,,,,0,0
107518,Parvizdzhon Umarbaev,2026-05-12T14:45:00+00:00,2025,BU1,1,False,4866418,34,2259,away,967,0,2,not in squad,,,False,0,0,0,0,0,0,0,,,,0,0
107518,Parvizdzhon Umarbaev,2026-05-08T14:30:00+00:00,2025,BU1,1,False,4866404,33,2259,home,40604,2,0,played,39,0,False,22,0,0,0,0,0,0,,68,,0,0
107518,Parvizdzhon Umarbaev,2026-05-03T13:15:00+00:00,2025,BU1,1,False,4866385,32,2259,away,2531,2,0,not in squad,,,False,0,0,0,0,0,0,0,,,,0,0
107518,Parvizdzhon Umarbaev,2026-04-30T16:00:00+00:00,2025,BULP,8,False,4827499,4,2259,home,40604,1,1,not in squad,,,False,0,0,0,0,0,0,0,,,,0,0
832822,Ivaylo Ivanov,2026-07-26T18:15:00+00:00,2026,BU1,1,False,4909871,2,2259,home,40416,2,1,played,22,7,False,90,0,0,0,0,0,0,,,,0,0
832822,Ivaylo Ivanov,2026-07-18T18:15:00+00:00,2026,BU1,1,False,4909856,1,2259,away,31614,0,1,played,22,7,False,90,0,0,0,0,0,0,,,,0,0
832822,Ivaylo Ivanov,2026-05-29T16:00:00+00:00,2025,BUEL,12,False,4890402,1,2259,away,31614,1,3,not in squad,,,False,0,0,0,0,0,0,0,,,,0,0
832822,Ivaylo Ivanov,2026-05-25T14:45:00+00:00,2025,BU1,1,False,4866426,36,2259,home,2531,2,1,not in squad,,,False,0,0,0,0,0,0,0,,,,0,0
832822,Ivaylo Ivanov,2026-05-20T16:00:00+00:00,2025,BULP,8,False,4882692,5,2259,neutral,208,4,5,played,22,7,False,26,0,0,0,0,0,0,,,26,0,0
832822,Ivaylo Ivanov,2026-05-16T16:00:00+00:00,2025,BU1,1,False,4866421,35,2259,away,40604,0,4,absent,,,False,0,0,0,0,0,0,0,,,,0,2
832822,Ivaylo Ivanov,2026-05-12T14:45:00+00:00,2025,BU1,1,False,4866418,34,2259,away,967,0,2,played,22,7,False,84,0,0,0,0,0,0,42,,,0,0
832822,Ivaylo Ivanov,2026-05-08T14:30:00+00:00,2025,BU1,1,False,4866404,33,2259,home,40604,2,0,played,22,7,False,80,0,0,0,0,0,0,,,80,0,0
832822,Ivaylo Ivanov,2026-05-03T13:15:00+00:00,2025,BU1,1,False,4866385,32,2259,away,2531,2,0,played,22,7,False,90,0,0,0,0,0,0,,,90,0,0
832822,Ivaylo Ivanov,2026-04-30T16:00:00+00:00,2025,BULP,8,False,4827499,4,2259,home,40604,1,1,played,22,7,False,90,0,0,0,0,0,0,,,,0,0
628043,Martin Atanasov,2026-07-26T18:15:00+00:00,2026,BU1,1,False,4909871,2,2259,home,40416,2,1,in squad,33,,False,0,0,0,0,0,0,0,,,,0,0
628043,Martin Atanasov,2026-07-18T18:15:00+00:00,2026,BU1,1,False,4909856,1,2259,away,31614,0,1,not in squad,,,False,0,0,0,0,0,0,0,,,,0,0
628043,Martin Atanasov,2026-05-29T16:00:00+00:00,2025,BUEL,12,False,4890402,1,2259,away,31614,1,3,in squad,33,,False,0,0,0,0,0,0,0,,,,0,0
628043,Martin Atanasov,2026-05-25T14:45:00+00:00,2025,BU1,1,False,4866426,36,2259,home,2531,2,1,played,33,0,False,15,0,0,0,0,0,0,,75,,0,0
628043,Martin Atanasov,2026-05-20T16:00:00+00:00,2025,BULP,8,False,4882692,5,2259,neutral,208,4,5,played,33,0,False,22,0,0,0,0,0,0,118,98,,0,0
628043,Martin Atanasov,2026-05-16T16:00:00+00:00,2025,BU1,1,False,4866421,35,2259,away,40604,0,4,absent,,,False,0,0,0,0,0,0,0,,,,0,1
628043,Martin Atanasov,2026-05-12T14:45:00+00:00,2025,BU1,1,False,4866418,34,2259,away,967,0,2,played,33,5,False,62,0,0,0,0,0,0,7,,62,0,0
628043,Martin Atanasov,2026-05-08T14:30:00+00:00,2025,BU1,1,False,4866404,33,2259,home,40604,2,0,in squad,33,,False,0,0,0,0,0,0,0,,,,0,0
628043,Martin Atanasov,2026-05-03T13:15:00+00:00,2025,BU1,1,False,4866385,32,2259,away,2531,2,0,played,33,0,False,1,0,0,0,0,0,0,,90,,0,0
628043,Martin Atanasov,2026-04-30T16:00:00+00:00,2025,BULP,8,False,4827499,4,2259,home,40604,1,1,played,33,0,False,6,0,0,0,0,0,0,,84,,0,0
1548751,Stefan Gochev,2026-05-16T16:00:00+00:00,2025,BU1,1,False,4866421,35,2259,away,40604,0,4,played,21,7,False,90,0,0,0,0,0,0,,,,0,0
1351167,Aleksandar Aleksandrov,2026-07-26T18:15:00+00:00,2026,BU1,1,False,4909871,2,2259,home,40416,2,1,in squad,30,,False,0,0,0,0,0,0,0,,,,0,0
1351167,Aleksandar Aleksandrov,2026-07-18T18:15:00+00:00,2026,BU1,1,False,4909856,1,2259,away,31614,0,1,not in squad,,,False,0,0,0,0,0,0,0,,,,0,0
1351167,Aleksandar Aleksandrov,2026-03-13T14:45:00+00:00,2025,BU1,1,False,4718133,26,2259,home,40416,1,0,played,16,0,False,8,0,0,0,0,0,0,,82,,0,0
1351167,Aleksandar Aleksandrov,2025-12-06T13:00:00+00:00,2025,BU1,1,False,4718112,19,2259,home,40604,0,2,in squad,16,,False,0,0,0,0,0,0,0,,,,0,0
1351167,Aleksandar Aleksandrov,2025-11-28T15:30:00+00:00,2025,BU1,1,False,4718181,17,2259,home,24078,0,0,in squad,16,,False,0,0,0,0,0,0,0,,,,0,0
1351167,Aleksandar Aleksandrov,2025-11-23T10:00:00+00:00,2025,BU1,1,False,4718164,16,2259,away,4362,1,1,in squad,16,,False,0,0,0,0,0,0,0,,,,0,0
1351167,Aleksandar Aleksandrov,2025-11-01T12:45:00+00:00,2025,BU1,1,False,4718070,14,2259,home,2531,0,4,in squad,16,,False,0,0,0,0,0,0,0,,,,0,0
1351167,Aleksandar Aleksandrov,2025-10-28T16:45:00+00:00,2025,BULP,8,False,4748179,1,2259,away,19780,2,1,in squad,16,,False,0,0,0,0,0,0,0,,,,0,0
1351167,Aleksandar Aleksandrov,2025-10-24T17:00:00+00:00,2025,BU1,1,False,4718102,13,2259,away,730,2,2,in squad,16,,False,0,0,0,0,0,0,0,,,,0,0
1351167,Aleksandar Aleksandrov,2025-10-17T17:00:00+00:00,2025,BU1,1,False,4718109,12,2259,home,26462,3,0,played,16,0,False,9,0,0,0,0,0,0,,81,,0,0
984375,Miha Trdan,2026-07-26T18:15:00+00:00,2026,BU1,1,False,4909871,2,2259,home,40416,2,1,played,6,0,False,19,0,0,0,0,0,0,,71,,0,0
984375,Miha Trdan,2026-07-18T18:15:00+00:00,2026,BU1,1,False,4909856,1,2259,away,31614,0,1,played,6,0,False,34,0,0,0,0,0,0,,56,,0,0
984375,Miha Trdan,2026-05-29T16:00:00+00:00,2025,BUEL,12,False,4890402,1,2259,away,31614,1,3,played,3,6,False,120,0,0,0,0,0,0,,,,0,0
984375,Miha Trdan,2026-05-25T14:45:00+00:00,2025,BU1,1,False,4866426,36,2259,home,2531,2,1,played,3,6,False,90,0,0,0,0,0,0,,,,0,0
984375,Miha Trdan,2026-05-20T16:00:00+00:00,2025,BULP,8,False,4882692,5,2259,neutral,208,4,5,played,3,0,False,39,0,0,0,0,0,0,,81,,0,0
984375,Miha Trdan,2026-05-16T16:00:00+00:00,2025,BU1,1,False,4866421,35,2259,away,40604,0,4,played,3,6,False,71,0,0,0,0,0,0,,,71,0,0
984375,Miha Trdan,2026-05-12T14:45:00+00:00,2025,BU1,1,False,4866418,34,2259,away,967,0,2,played,3,0,False,28,0,0,0,0,0,0,,62,,0,0
984375,Miha Trdan,2026-05-08T14:30:00+00:00,2025,BU1,1,False,4866404,33,2259,home,40604,2,0,played,3,0,False,5,0,0,0,0,0,0,,85,,0,0
984375,Miha Trdan,2026-05-03T13:15:00+00:00,2025,BU1,1,False,4866385,32,2259,away,2531,2,0,played,3,0,False,17,0,0,0,0,0,0,,73,,0,0
984375,Miha Trdan,2026-04-30T16:00:00+00:00,2025,BULP,8,False,4827499,4,2259,home,40604,1,1,in squad,3,,False,0,0,0,0,0,0,0,,,,0,0
1125993,Valeri Bozhinov,2026-05-29T16:00:00+00:00,2025,BUEL,12,False,4890402,1,2259,away,31614,1,3,not in squad,,,False,0,0,0,0,0,0,0,,,,0,0
1125993,Valeri Bozhinov,2026-05-25T14:45:00+00:00,2025,BU1,1,False,4866426,36,2259,home,2531,2,1,not in squad,,,False,0,0,0,0,0,0,0,,,,0,0
1125993,Valeri Bozhinov,2026-05-20T16:00:00+00:00,2025,BULP,8,False,4882692,5,2259,neutral,208,4,5,not in squad,,,False,0,0,0,0,0,0,0,,,,0,0
1125993,Valeri Bozhinov,2026-05-16T16:00:00+00:00,2025,BU1,1,False,4866421,35,2259,away,40604,0,4,played,33,0,False,19,0,0,0,0,0,0,,71,,0,0
1125993,Valeri Bozhinov,2026-05-12T14:45:00+00:00,2025,BU1,1,False,4866418,34,2259,away,967,0,2,not in squad,,,False,0,0,0,0,0,0,0,,,,0,0
1125993,Valeri Bozhinov,2026-05-08T14:30:00+00:00,2025,BU1,1,False,4866404,33,2259,home,40604,2,0,not in squad,,,False,0,0,0,0,0,0,0,,,,0,0
1125993,Valeri Bozhinov,2026-05-03T13:15:00+00:00,2025,BU1,1,False,4866385,32,2259,away,2531,2,0,not in squad,,,False,0,0,0,0,0,0,0,,,,0,0
1125993,Valeri Bozhinov,2026-04-30T16:00:00+00:00,2025,BULP,8,False,4827499,4,2259,home,40604,1,1,not in squad,,,False,0,0,0,0,0,0,0,,,,0,0
1125993,Valeri Bozhinov,2026-04-26T13:30:00+00:00,2025,BU1,1,False,4866376,31,2259,home,967,0,1,not in squad,,,False,0,0,0,0,0,0,0,,,,0,0
1125993,Valeri Bozhinov,2026-04-22T16:00:00+00:00,2025,BULP,8,False,4827497,4,2259,away,40604,4,0,not in squad,,,False,0,0,0,0,0,0,0,,,,0,0
464306,Cătălin Itu,2026-07-26T18:15:00+00:00,2026,BU1,1,False,4909871,2,2259,home,40416,2,1,played,94,11,False,90,0,0,0,0,0,0,41,,,0,0
464306,Cătălin Itu,2026-07-18T18:15:00+00:00,2026,BU1,1,False,4909856,1,2259,away,31614,0,1,played,94,11,False,84,0,0,0,0,0,0,,,84,0,0
464306,Cătălin Itu,2026-05-29T16:00:00+00:00,2025,BUEL,12,False,4890402,1,2259,away,31614,1,3,played,94,11,False,72,0,0,0,0,0,0,,,72,0,0
464306,Cătălin Itu,2026-05-25T14:45:00+00:00,2025,BU1,1,False,4866426,36,2259,home,2531,2,1,played,94,11,False,90,0,1,0,0,0,0,90,,,0,0
464306,Cătălin Itu,2026-05-20T16:00:00+00:00,2025,BULP,8,False,4882692,5,2259,neutral,208,4,5,played,94,11,False,98,0,0,0,0,0,0,64,,98,0,0
464306,Cătălin Itu,2026-05-16T16:00:00+00:00,2025,BU1,1,False,4866421,35,2259,away,40604,0,4,absent,,,False,0,0,0,0,0,0,0,,,,0,1
464306,Cătălin Itu,2026-05-12T14:45:00+00:00,2025,BU1,1,False,4866418,34,2259,away,967,0,2,absent,,,False,0,0,0,0,0,0,0,,,,0,1
464306,Cătălin Itu,2026-05-08T14:30:00+00:00,2025,BU1,1,False,4866404,33,2259,home,40604,2,0,played,94,11,False,79,0,0,0,0,0,0,43,,79,0,0
464306,Cătălin Itu,2026-05-03T13:15:00+00:00,2025,BU1,1,False,4866385,32,2259,away,2531,2,0,played,94,11,False,84,0,1,0,0,0,0,,,84,0,0
464306,Cătălin Itu,2026-04-30T16:00:00+00:00,2025,BULP,8,False,4827499,4,2259,home,40604,1,1,played,94,12,False,45,1,0,0,0,0,0,,,46,0,0
652517,Julien Lamy,2026-07-26T18:15:00+00:00,2026,BU1,1,False,4909871,2,2259,home,40416,2,1,played,99,14,False,65,1,0,0,0,0,0,,,65,0,0
652517,Julien Lamy,2026-07-18T18:15:00+00:00,2026,BU1,1,False,4909856,1,2259,away,31614,0,1,played,99,14,False,80,0,0,0,0,0,0,,,80,0,0
652517,Julien Lamy,2026-05-29T16:00:00+00:00,2025,BUEL,12,False,4890402,1,2259,away,31614,1,3,played,99,0,False,48,0,0,0,0,0,0,,72,,0,0
652517,Julien Lamy,2026-05-25T14:45:00+00:00,2025,BU1,1,False,4866426,36,2259,home,2531,2,1,played,99,0,False,2,0,0,0,0,0,0,,88,,0,0
652517,Julien Lamy,2026-05-20T16:00:00+00:00,2025,BULP,8,False,4882692,5,2259,neutral,208,4,5,played,99,0,False,94,0,0,0,0,0,0,,26,,0,0
652517,Julien Lamy,2026-05-16T16:00:00+00:00,2025,BU1,1,False,4866421,35,2259,away,40604,0,4,played,99,12,False,90,0,0,0,0,0,0,,,,0,0
652517,Julien Lamy,2026-05-12T14:45:00+00:00,2025,BU1,1,False,4866418,34,2259,away,967,0,2,played,99,11,False,62,0,0,0,0,0,0,,,62,0,0
652517,Julien Lamy,2026-05-08T14:30:00+00:00,2025,BU1,1,False,4866404,33,2259,home,40604,2,0,played,99,0,False,10,0,0,0,0,0,0,,80,,0,0
652517,Julien Lamy,2026-05-03T13:15:00+00:00,2025,BU1,1,False,4866385,32,2259,away,2531,2,0,played,99,0,False,6,0,0,0,0,0,0,,84,,0,0
652517,Julien Lamy,2026-04-30T16:00:00+00:00,2025,BULP,8,False,4827499,4,2259,home,40604,1,1,played,99,0,False,45,0,0,0,0,0,0,,46,,0,0
1100753,Sevi Idriz,2026-07-26T18:15:00+00:00,2026,BU1,1,False,4909871,2,2259,home,40416,2,1,played,7,12,False,90,0,0,0,0,0,0,,,,0,0
1100753,Sevi Idriz,2026-07-18T18:15:00+00:00,2026,BU1,1,False,4909856,1,2259,away,31614,0,1,played,7,12,False,84,0,0,0,0,0,0,,,84,0,0
1100753,Sevi Idriz,2026-05-29T16:00:00+00:00,2025,BUEL,12,False,4890402,1,2259,away,31614,1,3,played,7,12,False,120,0,0,0,0,0,0,,,,0,0
1100753,Sevi Idriz,2026-05-25T14:45:00+00:00,2025,BU1,1,False,4866426,36,2259,home,2531,2,1,played,7,12,False,87,0,0,0,0,0,0,,,87,0,0
1100753,Sevi Idriz,2026-05-20T16:00:00+00:00,2025,BULP,8,False,4882692,5,2259,neutral,208,4,5,played,7,12,False,98,0,0,0,0,0,0,,,98,0,0
1100753,Sevi Idriz,2026-05-16T16:00:00+00:00,2025,BU1,1,False,4866421,35,2259,away,40604,0,4,not in squad,,,False,0,0,0,0,0,0,0,,,,0,0
1100753,Sevi Idriz,2026-05-12T14:45:00+00:00,2025,BU1,1,False,4866418,34,2259,away,967,0,2,played,7,12,False,76,0,0,0,0,0,0,,,76,0,0
1100753,Sevi Idriz,2026-05-08T14:30:00+00:00,2025,BU1,1,False,4866404,33,2259,home,40604,2,0,played,7,12,False,90,1,0,0,0,0,0,,,,0,0
1100753,Sevi Idriz,2026-05-03T13:15:00+00:00,2025,BU1,1,False,4866385,32,2259,away,2531,2,0,played,7,12,False,73,0,0,0,0,0,0,67,,73,0,0
1100753,Sevi Idriz,2026-04-30T16:00:00+00:00,2025,BULP,8,False,4827499,4,2259,home,40604,1,1,played,7,11,False,69,0,0,0,0,0,0,,,69,0,0
1000645,Ivaylo Markov,2026-07-25T15:30:00+00:00,2026,BU2,2,False,4909818,1,712,away,8321,5,1,not in squad,,,False,0,0,0,0,0,0,0,,,,0,0
1000645,Ivaylo Markov,2026-05-23T15:00:00+00:00,2025,BU2,2,False,4718047,34,712,away,5284,0,1,played,21,0,False,61,0,0,0,0,0,0,,,61,0,0
1000645,Ivaylo Markov,2026-05-15T15:00:00+00:00,2025,BU2,2,False,4718030,33,712,home,40678,1,0,played,21,0,False,76,1,0,0,0,0,0,,,76,0,0
1000645,Ivaylo Markov,2026-05-10T15:30:00+00:00,2025,BU2,2,False,4718029,32,712,home,26563,0,1,played,21,0,False,81,0,0,0,0,0,0,42,,81,0,0
1000645,Ivaylo Markov,2026-05-03T15:00:00+00:00,2025,BU2,2,False,4718013,31,712,away,4494,1,1,played,21,0,False,90,0,0,0,0,0,0,,,,0,0
1000645,Ivaylo Markov,2026-04-25T14:00:00+00:00,2025,BU2,2,False,4718010,30,712,home,521,3,2,played,21,0,False,90,1,1,0,0,0,0,,,90,0,0
1000645,Ivaylo Markov,2026-04-17T14:00:00+00:00,2025,BU2,2,False,4717996,29,712,away,2190,4,2,played,21,0,False,90,0,0,0,0,0,0,,,,0,0
1000645,Ivaylo Markov,2026-04-13T09:45:00+00:00,2025,BU2,2,False,4717991,28,712,home,19780,0,0,played,21,10,False,90,0,0,0,0,0,0,,,,0,0
1000645,Ivaylo Markov,2026-04-04T14:00:00+00:00,2025,BU2,2,False,4717979,27,712,away,11255,2,2,played,21,0,False,88,1,0,0,0,0,0,85,,88,0,0
1000645,Ivaylo Markov,2026-03-29T13:30:00+00:00,2025,BU2,2,False,4717972,26,712,home,9524,3,1,played,21,0,False,90,0,1,0,0,0,0,,,,0,0
654394,Zapro Dinev,2026-07-26T18:15:00+00:00,2026,BU1,1,False,4909871,2,2259,home,40416,2,1,in squad,17,,False,0,0,0,0,0,0,0,,,,0,0
654394,Zapro Dinev,2026-07-18T18:15:00+00:00,2026,BU1,1,False,4909856,1,2259,away,31614,0,1,played,17,0,False,6,0,0,0,0,0,0,,84,,0,0
654394,Zapro Dinev,2026-05-29T16:00:00+00:00,2025,BUEL,12,False,4890402,1,2259,away,31614,1,3,in squad,11,,False,0,0,0,0,0,0,0,,,,0,0
654394,Zapro Dinev,2026-05-25T14:45:00+00:00,2025,BU1,1,False,4866426,36,2259,home,2531,2,1,in squad,11,,False,0,0,0,0,0,0,0,,,,0,0
654394,Zapro Dinev,2026-05-20T16:00:00+00:00,2025,BULP,8,False,4882692,5,2259,neutral,208,4,5,played,11,0,False,22,0,0,0,0,0,0,,98,,0,0
654394,Zapro Dinev,2026-05-16T16:00:00+00:00,2025,BU1,1,False,4866421,35,2259,away,40604,0,4,played,11,5,False,90,0,0,0,0,0,0,,,,0,0
654394,Zapro Dinev,2026-05-12T14:45:00+00:00,2025,BU1,1,False,4866418,34,2259,away,967,0,2,in squad,11,,False,0,0,0,0,0,0,0,,,,0,0
654394,Zapro Dinev,2026-05-08T14:30:00+00:00,2025,BU1,1,False,4866404,33,2259,home,40604,2,0,not in squad,,,False,0,0,0,0,0,0,0,,,,0,0
654394,Zapro Dinev,2026-05-03T13:15:00+00:00,2025,BU1,1,False,4866385,32,2259,away,2531,2,0,played,11,0,False,17,0,0,0,0,0,0,85,73,,0,0
654394,Zapro Dinev,2026-04-30T16:00:00+00:00,2025,BULP,8,False,4827499,4,2259,home,40604,1,1,in squad,11,,False,0,0,0,0,0,0,0,,,,0,0
919837,Mariyan Vangelov,2026-07-26T18:15:00+00:00,2026,BU1,1,False,4909871,2,2259,home,40416,2,1,in squad,19,,False,0,0,0,0,0,0,0,,,,0,0
919837,Mariyan Vangelov,2026-07-18T18:15:00+00:00,2026,BU1,1,False,4909856,1,2259,away,31614,0,1,in squad,19,,False,0,0,0,0,0,0,0,,,,0,0
919837,Mariyan Vangelov,2026-05-29T16:00:00+00:00,2025,BUEL,12,False,4890402,1,2259,away,31614,1,3,in squad,19,,False,0,0,0,0,0,0,0,,,,0,0
919837,Mariyan Vangelov,2026-05-25T14:45:00+00:00,2025,BU1,1,False,4866426,36,2259,home,2531,2,1,in squad,19,,False,0,0,0,0,0,0,0,,,,0,0
919837,Mariyan Vangelov,2026-05-20T16:00:00+00:00,2025,BULP,8,False,4882692,5,2259,neutral,208,4,5,not in squad,,,False,0,0,0,0,0,0,0,,,,0,0
919837,Mariyan Vangelov,2026-05-16T16:00:00+00:00,2025,BU1,1,False,4866421,35,2259,away,40604,0,4,played,19,14,False,71,0,0,0,0,0,0,,,71,0,0
919837,Mariyan Vangelov,2026-05-12T14:45:00+00:00,2025,BU1,1,False,4866418,34,2259,away,967,0,2,not in squad,,,False,0,0,0,0,0,0,0,,,,0,0
919837,Mariyan Vangelov,2026-05-08T14:30:00+00:00,2025,BU1,1,False,4866404,33,2259,home,40604,2,0,not in squad,,,False,0,0,0,0,0,0,0,,,,0,0
919837,Mariyan Vangelov,2026-05-03T13:15:00+00:00,2025,BU1,1,False,4866385,32,2259,away,2531,2,0,not in squad,,,False,0,0,0,0,0,0,0,,,,0,0
919837,Mariyan Vangelov,2026-04-30T16:00:00+00:00,2025,BULP,8,False,4827499,4,2259,home,40604,1,1,in squad,19,,False,0,0,0,0,0,0,0,,,,0,0
1100747,Axel Velev,2026-07-26T18:15:00+00:00,2026,BU1,1,False,4909871,2,2259,home,40416,2,1,in squad,9,,False,0,0,0,0,0,0,0,,,,0,0
1100747,Axel Velev,2026-07-18T18:15:00+00:00,2026,BU1,1,False,4909856,1,2259,away,31614,0,1,played,9,0,False,10,0,0,0,0,0,0,,80,,0,0
1100747,Axel Velev,2026-05-29T16:00:00+00:00,2025,BUEL,12,False,4890402,1,2259,away,31614,1,3,in squad,9,,False,0,0,0,0,0,0,0,,,,0,0
1100747,Axel Velev,2026-05-25T14:45:00+00:00,2025,BU1,1,False,4866426,36,2259,home,2531,2,1,played,9,0,False,3,0,0,0,0,0,0,,87,,0,0
1100747,Axel Velev,2026-05-20T16:00:00+00:00,2025,BULP,8,False,4882692,5,2259,neutral,208,4,5,in squad,9,,False,0,0,0,0,0,0,0,,,,0,0
1100747,Axel Velev,2026-05-16T16:00:00+00:00,2025,BU1,1,False,4866421,35,2259,away,40604,0,4,played,9,0,False,33,0,0,0,0,0,0,,57,,0,0
1100747,Axel Velev,2026-05-12T14:45:00+00:00,2025,BU1,1,False,4866418,34,2259,away,967,0,2,played,9,0,False,11,0,0,0,0,0,0,,79,,0,0
1100747,Axel Velev,2026-05-08T14:30:00+00:00,2025,BU1,1,False,4866404,33,2259,home,40604,2,0,in squad,9,,False,0,0,0,0,0,0,0,,,,0,0
1100747,Axel Velev,2026-05-03T13:15:00+00:00,2025,BU1,1,False,4866385,32,2259,away,2531,2,0,in squad,9,,False,0,0,0,0,0,0,0,,,,0,0
1100747,Axel Velev,2026-04-30T16:00:00+00:00,2025,BULP,8,False,4827499,4,2259,home,40604,1,1,played,9,0,False,21,0,0,0,0,0,0,72,69,,0,0
1457206,Christ Longville,2026-07-26T18:15:00+00:00,2026,BU1,1,False,4909871,2,2259,home,40416,2,1,played,29,0,False,25,0,0,0,0,0,0,,65,,0,0
1457206,Christ Longville,2026-07-18T18:15:00+00:00,2026,BU1,1,False,4909856,1,2259,away,31614,0,1,played,29,0,False,6,0,0,0,0,0,0,,84,,0,0
1457206,Christ Longville,2026-05-29T16:00:00+00:00,2025,BUEL,12,False,4890402,1,2259,away,31614,1,3,not in squad,,,False,0,0,0,0,0,0,0,,,,0,0
1457206,Christ Longville,2026-05-25T14:45:00+00:00,2025,BU1,1,False,4866426,36,2259,home,2531,2,1,not in squad,,,False,0,0,0,0,0,0,0,,,,0,0
1457206,Christ Longville,2026-05-20T16:00:00+00:00,2025,BULP,8,False,4882692,5,2259,neutral,208,4,5,not in squad,,,False,0,0,0,0,0,0,0,,,,0,0
1457206,Christ Longville,2026-05-16T16:00:00+00:00,2025,BU1,1,False,4866421,35,2259,away,40604,0,4,played,19,0,False,19,0,0,0,0,0,0,,71,,0,0
1457206,Christ Longville,2026-05-12T14:45:00+00:00,2025,BU1,1,False,4866418,34,2259,away,967,0,2,played,19,0,False,14,0,0,0,0,0,0,,76,,0,0
1457206,Christ Longville,2026-05-08T14:30:00+00:00,2025,BU1,1,False,4866404,33,2259,home,40604,2,0,injured,,,False,0,0,0,0,0,0,0,,,,103,0
1457206,Christ Longville,2026-05-03T13:15:00+00:00,2025,BU1,1,False,4866385,32,2259,away,2531,2,0,injured,,,False,0,0,0,0,0,0,0,,,,103,0
1457206,Christ Longville,2026-04-30T16:00:00+00:00,2025,BULP,8,False,4827499,4,2259,home,40604,1,1,injured,,,False,0,0,0,0,0,0,0,,,,103,0
1548752,Enes Mishev,2026-06-07T08:30:00+00:00,2025,FS,11,True,4889234,41,27256,home,26099,3,0,played,7,0,False,26,0,0,0,0,0,0,,64,,0,0
1548752,Enes Mishev,2026-06-04T15:00:00+00:00,2025,FS,11,True,4889233,36,27256,home,26099,1,0,played,7,11,False,45,0,0,0,0,0,0,,,46,0,0
1548752,Enes Mishev,2026-05-29T16:00:00+00:00,2025,BUEL,12,False,4890402,1,2259,away,31614,1,3,not in squad,,,False,0,0,0,0,0,0,0,,,,0,0
1548752,Enes Mishev,2026-05-25T14:45:00+00:00,2025,BU1,1,False,4866426,36,2259,home,2531,2,1,not in squad,,,False,0,0,0,0,0,0,0,,,,0,0
1548752,Enes Mishev,2026-05-20T16:00:00+00:00,2025,BULP,8,False,4882692,5,2259,neutral,208,4,5,not in squad,,,False,0,0,0,0,0,0,0,,,,0,0
1548752,Enes Mishev,2026-05-16T16:00:00+00:00,2025,BU1,1,False,4866421,35,2259,away,40604,0,4,in squad,94,,False,0,0,0,0,0,0,0,,,,0,0
34661,Dimitar Iliev,2026-05-29T16:00:00+00:00,2025,BUEL,12,False,4890402,1,2259,away,31614,1,3,in squad,14,,False,0,0,0,0,0,0,0,,,,0,0
34661,Dimitar Iliev,2026-05-25T14:45:00+00:00,2025,BU1,1,False,4866426,36,2259,home,2531,2,1,not in squad,,,False,0,0,0,0,0,0,0,,,,0,0
34661,Dimitar Iliev,2026-05-20T16:00:00+00:00,2025,BULP,8,False,4882692,5,2259,neutral,208,4,5,played,14,0,False,22,0,0,0,0,0,0,,98,,0,0
34661,Dimitar Iliev,2026-05-16T16:00:00+00:00,2025,BU1,1,False,4866421,35,2259,away,40604,0,4,played,14,7,True,57,0,0,0,0,0,0,,,57,0,0
34661,Dimitar Iliev,2026-05-12T14:45:00+00:00,2025,BU1,1,False,4866418,34,2259,away,967,0,2,played,14,0,False,28,0,0,0,0,0,0,,62,,0,0
34661,Dimitar Iliev,2026-05-08T14:30:00+00:00,2025,BU1,1,False,4866404,33,2259,home,40604,2,0,played,14,0,False,11,0,0,0,0,0,0,,79,,0,0
34661,Dimitar Iliev,2026-05-03T13:15:00+00:00,2025,BU1,1,False,4866385,32,2259,away,2531,2,0,not in squad,,,False,0,0,0,0,0,0,0,,,,0,0
34661,Dimitar Iliev,2026-04-30T16:00:00+00:00,2025,BULP,8,False,4827499,4,2259,home,40604,1,1,not in squad,,,False,0,0,0,0,0,0,0,,,,0,0
34661,Dimitar Iliev,2026-04-26T13:30:00+00:00,2025,BU1,1,False,4866376,31,2259,home,967,0,1,not in squad,,,False,0,0,0,0,0,0,0,,,,0,0
34661,Dimitar Iliev,2026-04-22T16:00:00+00:00,2025,BULP,8,False,4827497,4,2259,away,40604,4,0,not in squad,,,False,0,0,0,0,0,0,0,,,,0,0
509510,Levi Ntumba,2026-07-24T18:15:00+00:00,2026,BU1,1,False,4909866,2,675,away,40604,0,1,in squad,63,,False,0,0,0,0,0,0,0,,,,0,0
509510,Levi Ntumba,2026-07-20T16:15:00+00:00,2026,BU1,1,False,4909858,1,675,home,208,0,0,in squad,63,,False,0,0,0,0,0,0,0,,,,0,0
509510,Levi Ntumba,2026-05-22T12:30:00+00:00,2025,BU1,1,False,4866454,37,675,home,24078,2,0,not in squad,,,False,0,0,0,0,0,0,0,,,,0,0
509510,Levi Ntumba,2026-05-18T16:30:00+00:00,2025,BU1,1,False,4866450,36,675,away,730,0,2,played,12,1,False,90,0,0,0,0,0,0,,,,0,0
509510,Levi Ntumba,2026-05-13T12:15:00+00:00,2025,BU1,1,False,4866446,35,675,home,4362,0,2,in squad,12,,False,0,0,0,0,0,0,0,,,,0,0
509510,Levi Ntumba,2026-05-10T11:15:00+00:00,2025,BU1,1,False,4866442,34,675,away,9599,1,2,played,12,1,False,90,0,0,0,0,0,0,,,,0,0
509510,Levi Ntumba,2026-05-06T14:30:00+00:00,2025,BU1,1,False,4866438,33,675,home,40416,2,1,played,12,1,False,90,0,0,0,0,0,0,,,,0,0
509510,Levi Ntumba,2026-05-02T11:00:00+00:00,2025,BU1,1,False,4866431,32,675,away,6764,0,3,played,12,1,False,90,0,0,0,0,0,0,,,,0,0
509510,Levi Ntumba,2026-04-26T11:00:00+00:00,2025,BU1,1,False,4866430,31,675,home,26462,1,1,played,12,1,False,90,0,0,0,0,0,0,,,,0,0
509510,Levi Ntumba,2026-04-16T16:30:00+00:00,2025,BU1,1,False,4718175,30,675,away,24078,0,0,played,12,1,False,90,0,0,0,0,0,0,,,,0,0
717240,Ivan Andonov,2026-07-24T18:15:00+00:00,2026,BU1,1,False,4909866,2,675,away,40604,0,1,played,99,1,False,90,0,0,0,0,0,0,,,,0,0
717240,Ivan Andonov,2026-07-20T16:15:00+00:00,2026,BU1,1,False,4909858,1,675,home,208,0,0,played,99,1,False,90,0,0,0,0,0,0,,,,0,0
717240,Ivan Andonov,2026-05-22T12:30:00+00:00,2025,BU1,1,False,4866454,37,675,home,24078,2,0,played,99,1,False,90,0,0,0,0,0,0,,,,0,0
717240,Ivan Andonov,2026-05-18T16:30:00+00:00,2025,BU1,1,False,4866450,36,675,away,730,0,2,in squad,99,,False,0,0,0,0,0,0,0,,,,0,0
717240,Ivan Andonov,2026-05-13T12:15:00+00:00,2025,BU1,1,False,4866446,35,675,home,4362,0,2,played,99,1,False,90,0,0,0,0,0,0,,,,0,0
717240,Ivan Andonov,2026-05-10T11:15:00+00:00,2025,BU1,1,False,4866442,34,675,away,9599,1,2,in squad,99,,False,0,0,0,0,0,0,0,,,,0,0
717240,Ivan Andonov,2026-05-06T14:30:00+00:00,2025,BU1,1,False,4866438,33,675,home,40416,2,1,in squad,99,,False,0,0,0,0,0,0,0,,,,0,0
717240,Ivan Andonov,2026-05-02T11:00:00+00:00,2025,BU1,1,False,4866431,32,675,away,6764,0,3,in squad,99,,False,0,0,0,0,0,0,0,,,,0,0
717240,Ivan Andonov,2026-04-26T11:00:00+00:00,2025,BU1,1,False,4866430,31,675,home,26462,1,1,in squad,99,,False,0,0,0,0,0,0,0,,,,0,0
717240,Ivan Andonov,2026-04-16T16:30:00+00:00,2025,BU1,1,False,4718175,30,675,away,24078,0,0,in squad,99,,False,0,0,0,0,0,0,0,,,,0,0
774769,Jordan Semedo,2026-07-24T18:15:00+00:00,2026,BU1,1,False,4909866,2,675,away,40604,0,1,played,20,0,False,18,0,0,0,0,0,0,,72,,0,0
774769,Jordan Semedo,2026-07-20T16:15:00+00:00,2026,BU1,1,False,4909858,1,675,home,208,0,0,in squad,20,,False,0,0,0,0,0,0,0,,,,0,0
774769,Jordan Semedo,2026-05-22T12:30:00+00:00,2025,BU1,1,False,4866454,37,675,home,24078,2,0,played,20,0,False,31,0,0,0,0,0,0,,59,,0,0
774769,Jordan Semedo,2026-05-18T16:30:00+00:00,2025,BU1,1,False,4866450,36,675,away,730,0,2,played,20,4,False,67,0,0,0,0,0,0,,,67,0,0
774769,Jordan Semedo,2026-05-13T12:15:00+00:00,2025,BU1,1,False,4866446,35,675,home,4362,0,2,played,20,0,False,30,0,0,0,0,0,0,,60,,0,0
774769,Jordan Semedo,2026-05-10T11:15:00+00:00,2025,BU1,1,False,4866442,34,675,away,9599,1,2,not in squad,,,False,0,0,0,0,0,0,0,,,,0,0
774769,Jordan Semedo,2026-05-06T14:30:00+00:00,2025,BU1,1,False,4866438,33,675,home,40416,2,1,not in squad,,,False,0,0,0,0,0,0,0,,,,0,0
774769,Jordan Semedo,2026-05-02T11:00:00+00:00,2025,BU1,1,False,4866431,32,675,away,6764,0,3,not in squad,,,False,0,0,0,0,0,0,0,,,,0,0
774769,Jordan Semedo,2026-04-26T11:00:00+00:00,2025,BU1,1,False,4866430,31,675,home,26462,1,1,not in squad,,,False,0,0,0,0,0,0,0,,,,0,0
774769,Jordan Semedo,2026-04-16T16:30:00+00:00,2025,BU1,1,False,4718175,30,675,away,24078,0,0,not in squad,,,False,0,0,0,0,0,0,0,,,,0,0
15262,Georgi Petkov,2026-07-24T18:15:00+00:00,2026,BU1,1,False,4909866,2,675,away,40604,0,1,in squad,1,,False,0,0,0,0,0,0,0,,,,0,0
15262,Georgi Petkov,2026-07-20T16:15:00+00:00,2026,BU1,1,False,4909858,1,675,home,208,0,0,in squad,1,,False,0,0,0,0,0,0,0,81,,,0,0
15262,Georgi Petkov,2026-05-22T12:30:00+00:00,2025,BU1,1,False,4866454,37,675,home,24078,2,0,in squad,1,,False,0,0,0,0,0,0,0,,,,0,0
15262,Georgi Petkov,2026-05-18T16:30:00+00:00,2025,BU1,1,False,4866450,36,675,away,730,0,2,not in squad,,,False,0,0,0,0,0,0,0,,,,0,0
15262,Georgi Petkov,2026-05-13T12:15:00+00:00,2025,BU1,1,False,4866446,35,675,home,4362,0,2,not in squad,,,False,0,0,0,0,0,0,0,,,,0,0
15262,Georgi Petkov,2026-05-10T11:15:00+00:00,2025,BU1,1,False,4866442,34,675,away,9599,1,2,not in squad,,,False,0,0,0,0,0,0,0,,,,0,0
15262,Georgi Petkov,2026-05-06T14:30:00+00:00,2025,BU1,1,False,4866438,33,675,home,40416,2,1,not in squad,,,False,0,0,0,0,0,0,0,,,,0,0
15262,Georgi Petkov,2026-05-02T11:00:00+00:00,2025,BU1,1,False,4866431,32,675,away,6764,0,3,not in squad,,,False,0,0,0,0,0,0,0,,,,0,0
15262,Georgi Petkov,2026-04-26T11:00:00+00:00,2025,BU1,1,False,4866430,31,675,home,26462,1,1,not in squad,,,False,0,0,0,0,0,0,0,,,,0,0
15262,Georgi Petkov,2026-04-16T16:30:00+00:00,2025,BU1,1,False,4718175,30,675,away,24078,0,0,not in squad,,,False,0,0,0,0,0,0,0,,,,0,0
618017,Nikola Savic,2026-07-24T18:15:00+00:00,2026,BU1,1,False,4909866,2,675,away,40604,0,1,played,4,3,False,90,0,0,0,0,0,0,,,,0,0
618017,Nikola Savic,2026-07-20T16:15:00+00:00,2026,BU1,1,False,4909858,1,675,home,208,0,0,played,4,3,False,90,0,0,0,0,0,0,,,,0,0
618017,Nikola Savic,2026-05-22T12:30:00+00:00,2025,BU1,1,False,4866454,37,675,home,24078,2,0,played,4,3,False,90,0,0,0,0,0,0,,,,0,0
618017,Nikola Savic,2026-05-18T16:30:00+00:00,2025,BU1,1,False,4866450,36,675,away,730,0,2,played,4,3,False,90,0,0,0,0,0,0,,,,0,0
618017,Nikola Savic,2026-05-13T12:15:00+00:00,2025,BU1,1,False,4866446,35,675,home,4362,0,2,played,4,3,False,90,0,0,0,0,0,0,50,,,0,0
618017,Nikola Savic,2026-05-10T11:15:00+00:00,2025,BU1,1,False,4866442,34,675,away,9599,1,2,played,4,3,False,90,0,0,0,0,0,0,,,,0,0
618017,Nikola Savic,2026-05-06T14:30:00+00:00,2025,BU1,1,False,4866438,33,675,home,40416,2,1,played,4,3,False,90,0,0,0,0,0,0,,,,0,0
618017,Nikola Savic,2026-05-02T11:00:00+00:00,2025,BU1,1,False,4866431,32,675,away,6764,0,3,played,4,3,False,90,0,0,0,0,0,0,,,,0,0
618017,Nikola Savic,2026-04-26T11:00:00+00:00,2025,BU1,1,False,4866430,31,675,home,26462,1,1,played,4,3,False,90,0,0,0,0,0,0,,,,0,0
618017,Nikola Savic,2026-04-16T16:30:00+00:00,2025,BU1,1,False,4718175,30,675,away,24078,0,0,played,4,3,False,90,0,0,0,0,0,0,,,,0,0
120104,Diego Ferraresso,2026-07-24T18:15:00+00:00,2026,BU1,1,False,4909866,2,675,away,40604,0,1,played,87,5,False,90,0,0,0,0,0,0,,,,0,0
120104,Diego Ferraresso,2026-07-20T16:15:00+00:00,2026,BU1,1,False,4909858,1,675,home,208,0,0,played,87,5,False,90,0,0,0,0,0,0,,,,0,0
120104,Diego Ferraresso,2026-05-22T12:30:00+00:00,2025,BU1,1,False,4866454,37,675,home,24078,2,0,played,87,5,False,90,0,0,0,0,0,0,,,,0,0
120104,Diego Ferraresso,2026-05-18T16:30:00+00:00,2025,BU1,1,False,4866450,36,675,away,730,0,2,played,87,5,False,90,0,0,0,0,0,0,,,,0,0
120104,Diego Ferraresso,2026-05-13T12:15:00+00:00,2025,BU1,1,False,4866446,35,675,home,4362,0,2,played,87,8,False,90,0,0,0,0,0,0,,,,0,0
120104,Diego Ferraresso,2026-05-10T11:15:00+00:00,2025,BU1,1,False,4866442,34,675,away,9599,1,2,played,87,5,False,90,0,0,0,0,0,0,,,,0,0
120104,Diego Ferraresso,2026-05-06T14:30:00+00:00,2025,BU1,1,False,4866438,33,675,home,40416,2,1,played,87,5,False,90,0,0,0,0,0,0,90,,,0,0
120104,Diego Ferraresso,2026-05-02T11:00:00+00:00,2025,BU1,1,False,4866431,32,675,away,6764,0,3,played,87,5,False,90,0,0,0,0,0,0,,,,0,0
120104,Diego Ferraresso,2026-04-26T11:00:00+00:00,2025,BU1,1,False,4866430,31,675,home,26462,1,1,played,87,5,False,90,0,0,0,0,0,0,,,,0,0
120104,Diego Ferraresso,2026-04-16T16:30:00+00:00,2025,BU1,1,False,4718175,30,675,away,24078,0,0,played,87,5,False,90,0,0,0,0,0,0,,,,0,0
238844,Lazar Marin,2026-07-24T18:15:00+00:00,2026,BU1,1,False,4909866,2,675,away,40604,0,1,not in squad,,,False,0,0,0,0,0,0,0,,,,0,0
238844,Lazar Marin,2026-07-20T16:15:00+00:00,2026,BU1,1,False,4909858,1,675,home,208,0,0,played,24,0,False,1,0,0,0,0,0,0,,90,,0,0
238844,Lazar Marin,2026-05-22T12:30:00+00:00,2025,BU1,1,False,4866454,37,675,home,24078,2,0,played,24,3,False,90,0,0,0,0,0,0,,,,0,0
238844,Lazar Marin,2026-05-18T16:30:00+00:00,2025,BU1,1,False,4866450,36,675,away,730,0,2,played,24,0,False,23,0,0,0,0,0,0,,67,,0,0
238844,Lazar Marin,2026-05-13T12:15:00+00:00,2025,BU1,1,False,4866446,35,675,home,4362,0,2,played,24,3,False,69,0,0,0,0,0,0,,,69,0,0
238844,Lazar Marin,2026-05-10T11:15:00+00:00,2025,BU1,1,False,4866442,34,675,away,9599,1,2,played,24,4,False,71,0,0,0,0,0,0,,,71,0,0
238844,Lazar Marin,2026-05-06T14:30:00+00:00,2025,BU1,1,False,4866438,33,675,home,40416,2,1,played,24,4,False,90,1,0,0,0,0,0,73,,,0,0
238844,Lazar Marin,2026-05-02T11:00:00+00:00,2025,BU1,1,False,4866431,32,675,away,6764,0,3,played,24,4,False,61,0,0,0,0,0,0,,,61,0,0
238844,Lazar Marin,2026-04-26T11:00:00+00:00,2025,BU1,1,False,4866430,31,675,home,26462,1,1,played,24,4,False,90,0,0,0,0,0,0,,,,0,0
238844,Lazar Marin,2026-04-16T16:30:00+00:00,2025,BU1,1,False,4718175,30,675,away,24078,0,0,played,24,4,False,90,0,0,0,0,0,0,90,,,0,0
1084789,Maksimilian Lazarov,2026-07-24T18:15:00+00:00,2026,BU1,1,False,4909866,2,675,away,40604,0,1,in squad,16,,False,0,0,0,0,0,0,0,,,,0,0
1084789,Maksimilian Lazarov,2026-07-20T16:15:00+00:00,2026,BU1,1,False,4909858,1,675,home,208,0,0,in squad,16,,False,0,0,0,0,0,0,0,,,,0,0
1084789,Maksimilian Lazarov,2026-05-30T14:00:00+00:00,2025,FS,11,True,4893732,51,21361,home,16844,1,0,in squad,,,False,0,0,0,0,0,0,0,,,,0,0
1084789,Maksimilian Lazarov,2026-05-22T12:30:00+00:00,2025,BU1,1,False,4866454,37,675,home,24078,2,0,played,22,4,False,59,0,0,0,0,0,0,,,59,0,0
1084789,Maksimilian Lazarov,2026-05-18T16:30:00+00:00,2025,BU1,1,False,4866450,36,675,away,730,0,2,in squad,22,,False,0,0,0,0,0,0,0,,,,0,0
1084789,Maksimilian Lazarov,2026-05-13T12:15:00+00:00,2025,BU1,1,False,4866446,35,675,home,4362,0,2,played,22,9,False,60,0,0,0,0,0,0,,,60,0,0
1084789,Maksimilian Lazarov,2026-05-10T11:15:00+00:00,2025,BU1,1,False,4866442,34,675,away,9599,1,2,played,22,0,False,19,0,0,0,0,0,0,,71,,0,0
1084789,Maksimilian Lazarov,2026-05-06T14:30:00+00:00,2025,BU1,1,False,4866438,33,675,home,40416,2,1,in squad,22,,False,0,0,0,0,0,0,0,,,,0,0
1084789,Maksimilian Lazarov,2026-05-02T11:00:00+00:00,2025,BU1,1,False,4866431,32,675,away,6764,0,3,played,22,0,False,29,0,0,0,0,0,0,,61,,0,0
1084789,Maksimilian Lazarov,2026-04-26T11:00:00+00:00,2025,BU1,1,False,4866430,31,675,home,26462,1,1,played,22,0,False,9,0,0,0,0,0,0,,81,,0,0
875326,Kristiyan Stoyanov,2026-07-24T18:15:00+00:00,2026,BU1,1,False,4909866,2,675,away,40604,0,1,not in squad,,,False,0,0,0,0,0,0,0,,,,0,0
875326,Kristiyan Stoyanov,2026-07-20T16:15:00+00:00,2026,BU1,1,False,4909858,1,675,home,208,0,0,not in squad,,,False,0,0,0,0,0,0,0,,,,0,0
875326,Kristiyan Stoyanov,2026-05-22T12:30:00+00:00,2025,BU1,1,False,4866454,37,675,home,24078,2,0,not in squad,,,False,0,0,0,0,0,0,0,,,,0,0
875326,Kristiyan Stoyanov,2026-05-18T16:30:00+00:00,2025,BU1,1,False,4866450,36,675,away,730,0,2,not in squad,,,False,0,0,0,0,0,0,0,,,,0,0
875326,Kristiyan Stoyanov,2026-05-13T12:15:00+00:00,2025,BU1,1,False,4866446,35,675,home,4362,0,2,not in squad,,,False,0,0,0,0,0,0,0,,,,0,0
875326,Kristiyan Stoyanov,2026-05-10T11:15:00+00:00,2025,BU1,1,False,4866442,34,675,away,9599,1,2,not in squad,,,False,0,0,0,0,0,0,0,,,,0,0
875326,Kristiyan Stoyanov,2026-05-06T14:30:00+00:00,2025,BU1,1,False,4866438,33,675,home,40416,2,1,not in squad,,,False,0,0,0,0,0,0,0,,,,0,0
875326,Kristiyan Stoyanov,2026-05-02T11:00:00+00:00,2025,BU1,1,False,4866431,32,675,away,6764,0,3,not in squad,,,False,0,0,0,0,0,0,0,,,,0,0
875326,Kristiyan Stoyanov,2026-04-26T11:00:00+00:00,2025,BU1,1,False,4866430,31,675,home,26462,1,1,not in squad,,,False,0,0,0,0,0,0,0,,,,0,0
875326,Kristiyan Stoyanov,2026-04-16T16:30:00+00:00,2025,BU1,1,False,4718175,30,675,away,24078,0,0,not in squad,,,False,0,0,0,0,0,0,0,,,,0,0
940719,Georgi Shopov,2026-07-24T18:15:00+00:00,2026,BU1,1,False,4909866,2,675,away,40604,0,1,not in squad,,,False,0,0,0,0,0,0,0,,,,0,0
940719,Georgi Shopov,2026-07-20T16:15:00+00:00,2026,BU1,1,False,4909858,1,675,home,208,0,0,not in squad,,,False,0,0,0,0,0,0,0,,,,0,0
940719,Georgi Shopov,2026-05-22T12:30:00+00:00,2025,BU1,1,False,4866454,37,675,home,24078,2,0,played,5,0,False,19,0,0,0,0,0,0,,71,,0,0
940719,Georgi Shopov,2026-05-18T16:30:00+00:00,2025,BU1,1,False,4866450,36,675,away,730,0,2,played,5,0,False,18,0,0,0,0,0,0,,72,,0,0
940719,Georgi Shopov,2026-05-13T12:15:00+00:00,2025,BU1,1,False,4866446,35,675,home,4362,0,2,in squad,5,,False,0,0,0,0,0,0,0,,,,0,0
940719,Georgi Shopov,2026-05-10T11:15:00+00:00,2025,BU1,1,False,4866442,34,675,away,9599,1,2,not in squad,,,False,0,0,0,0,0,0,0,,,,0,0
940719,Georgi Shopov,2026-05-06T14:30:00+00:00,2025,BU1,1,False,4866438,33,675,home,40416,2,1,not in squad,,,False,0,0,0,0,0,0,0,,,,0,0
940719,Georgi Shopov,2026-05-02T11:00:00+00:00,2025,BU1,1,False,4866431,32,675,away,6764,0,3,not in squad,,,False,0,0,0,0,0,0,0,,,,0,0
940719,Georgi Shopov,2026-04-26T11:00:00+00:00,2025,BU1,1,False,4866430,31,675,home,26462,1,1,not in squad,,,False,0,0,0,0,0,0,0,,,,0,0
940719,Georgi Shopov,2026-04-16T16:30:00+00:00,2025,BU1,1,False,4718175,30,675,away,24078,0,0,played,5,6,False,75,0,0,0,0,0,0,,,75,0,0
1196336,Boris Todorov,2026-07-24T18:15:00+00:00,2026,BU1,1,False,4909866,2,675,away,40604,0,1,played,6,0,False,9,0,0,0,0,0,0,,81,,0,0
1196336,Boris Todorov,2026-07-20T16:15:00+00:00,2026,BU1,1,False,4909858,1,675,home,208,0,0,played,6,0,False,14,0,0,0,0,0,0,,76,,0,0
1196336,Boris Todorov,2026-05-30T14:00:00+00:00,2025,FS,11,True,4893732,51,21361,home,16844,1,0,played,18,0,False,45,0,0,0,0,0,0,,46,,0,0
1196336,Boris Todorov,2026-05-22T12:30:00+00:00,2025,BU1,1,False,4866454,37,675,home,24078,2,0,played,23,6,False,71,0,1,0,0,0,0,,,71,0,0
1196336,Boris Todorov,2026-05-18T16:30:00+00:00,2025,BU1,1,False,4866450,36,675,away,730,0,2,played,23,6,False,72,0,0,0,0,0,0,,,72,0,0
1196336,Boris Todorov,2026-05-13T12:15:00+00:00,2025,BU1,1,False,4866446,35,675,home,4362,0,2,played,23,6,False,81,0,0,0,0,0,0,41,,81,0,0
1196336,Boris Todorov,2026-05-10T11:15:00+00:00,2025,BU1,1,False,4866442,34,675,away,9599,1,2,played,23,6,False,90,0,0,0,0,0,0,,,,0,0
1196336,Boris Todorov,2026-05-06T14:30:00+00:00,2025,BU1,1,False,4866438,33,675,home,40416,2,1,played,23,6,False,67,1,0,0,0,0,0,44,,67,0,0
1196336,Boris Todorov,2026-05-02T11:00:00+00:00,2025,BU1,1,False,4866431,32,675,away,6764,0,3,played,23,0,False,18,0,0,0,0,0,0,,72,,0,0
1196336,Boris Todorov,2026-04-26T11:00:00+00:00,2025,BU1,1,False,4866430,31,675,home,26462,1,1,in squad,23,,False,0,0,0,0,0,0,0,,,,0,0
796884,Mouhamed Dosso,2026-07-24T18:15:00+00:00,2026,BU1,1,False,4909866,2,675,away,40604,0,1,played,11,6,False,90,0,0,0,0,0,0,,,,0,0
796884,Mouhamed Dosso,2026-07-20T16:15:00+00:00,2026,BU1,1,False,4909858,1,675,home,208,0,0,played,11,6,False,90,0,0,0,0,0,0,,,,0,0
796884,Mouhamed Dosso,2026-05-22T12:30:00+00:00,2025,BU1,1,False,4866454,37,675,home,24078,2,0,played,11,0,False,31,0,0,0,0,0,0,,59,,0,0
796884,Mouhamed Dosso,2026-05-18T16:30:00+00:00,2025,BU1,1,False,4866450,36,675,away,730,0,2,not in squad,,,False,0,0,0,0,0,0,0,,,,0,0
796884,Mouhamed Dosso,2026-05-13T12:15:00+00:00,2025,BU1,1,False,4866446,35,675,home,4362,0,2,not in squad,,,False,0,0,0,0,0,0,0,,,,0,0
796884,Mouhamed Dosso,2026-05-10T11:15:00+00:00,2025,BU1,1,False,4866442,34,675,away,9599,1,2,not in squad,,,False,0,0,0,0,0,0,0,,,,0,0
796884,Mouhamed Dosso,2026-05-06T14:30:00+00:00,2025,BU1,1,False,4866438,33,675,home,40416,2,1,absent,,,False,0,0,0,0,0,0,0,,,,0,1
796884,Mouhamed Dosso,2026-05-02T11:00:00+00:00,2025,BU1,1,False,4866431,32,675,away,6764,0,3,played,11,6,False,72,0,0,0,0,0,0,19,,72,0,0
796884,Mouhamed Dosso,2026-04-26T11:00:00+00:00,2025,BU1,1,False,4866430,31,675,home,26462,1,1,played,11,6,False,90,0,0,0,0,0,0,,,,0,0
796884,Mouhamed Dosso,2026-04-16T16:30:00+00:00,2025,BU1,1,False,4718175,30,675,away,24078,0,0,played,11,6,False,90,0,0,0,0,0,0,,,90,0,0
310144,Iliyan Stefanov,2026-07-24T18:15:00+00:00,2026,BU1,1,False,4909866,2,675,away,40604,0,1,played,13,0,False,45,0,0,0,0,0,0,61,46,,0,0
310144,Iliyan Stefanov,2026-07-20T16:15:00+00:00,2026,BU1,1,False,4909858,1,675,home,208,0,0,not in squad,,,False,0,0,0,0,0,0,0,,,,0,0
310144,Iliyan Stefanov,2026-05-22T12:30:00+00:00,2025,BU1,1,False,4866454,37,675,home,24078,2,0,played,13,7,False,90,0,0,0,0,0,0,,,,0,0
310144,Iliyan Stefanov,2026-05-18T16:30:00+00:00,2025,BU1,1,False,4866450,36,675,away,730,0,2,played,13,10,False,90,0,0,0,0,0,0,,,,0,0
310144,Iliyan Stefanov,2026-05-13T12:15:00+00:00,2025,BU1,1,False,4866446,35,675,home,4362,0,2,played,13,10,False,90,0,0,0,0,0,0,,,,0,0
310144,Iliyan Stefanov,2026-05-10T11:15:00+00:00,2025,BU1,1,False,4866442,34,675,away,9599,1,2,played,13,10,False,70,0,0,0,0,0,0,,,70,0,0
310144,Iliyan Stefanov,2026-05-06T14:30:00+00:00,2025,BU1,1,False,4866438,33,675,home,40416,2,1,played,13,10,False,90,0,0,0,0,0,0,,,,0,0
310144,Iliyan Stefanov,2026-05-02T11:00:00+00:00,2025,BU1,1,False,4866431,32,675,away,6764,0,3,played,13,10,False,90,0,0,0,0,0,0,80,,,0,0
310144,Iliyan Stefanov,2026-04-26T11:00:00+00:00,2025,BU1,1,False,4866430,31,675,home,26462,1,1,played,13,10,False,90,0,0,0,0,0,0,84,,,0,0
310144,Iliyan Stefanov,2026-04-16T16:30:00+00:00,2025,BU1,1,False,4718175,30,675,away,24078,0,0,absent,,,False,0,0,0,0,0,0,0,,,,0,1
821067,Valentin Yotov,2026-07-24T18:15:00+00:00,2026,BU1,1,False,4909866,2,675,away,40604,0,1,not in squad,,,False,0,0,0,0,0,0,0,,,,0,0
821067,Valentin Yotov,2026-07-20T16:15:00+00:00,2026,BU1,1,False,4909858,1,675,home,208,0,0,not in squad,,,False,0,0,0,0,0,0,0,,,,0,0
821067,Valentin Yotov,2026-05-22T12:30:00+00:00,2025,BU1,1,False,4866454,37,675,home,24078,2,0,played,8,10,False,59,0,1,0,0,0,0,,,59,0,0
821067,Valentin Yotov,2026-05-18T16:30:00+00:00,2025,BU1,1,False,4866450,36,675,away,730,0,2,in squad,8,,False,0,0,0,0,0,0,0,,,,0,0
821067,Valentin Yotov,2026-05-13T12:15:00+00:00,2025,BU1,1,False,4866446,35,675,home,4362,0,2,played,8,0,False,21,0,0,0,0,0,0,,69,,0,0
821067,Valentin Yotov,2026-05-10T11:15:00+00:00,2025,BU1,1,False,4866442,34,675,away,9599,1,2,played,8,0,False,11,0,0,0,0,0,0,,79,,0,0
821067,Valentin Yotov,2026-05-06T14:30:00+00:00,2025,BU1,1,False,4866438,33,675,home,40416,2,1,played,8,0,False,23,0,0,0,0,0,0,,67,,0,0
821067,Valentin Yotov,2026-05-02T11:00:00+00:00,2025,BU1,1,False,4866431,32,675,away,6764,0,3,in squad,8,,False,0,0,0,0,0,0,0,,,,0,0
821067,Valentin Yotov,2026-04-26T11:00:00+00:00,2025,BU1,1,False,4866430,31,675,home,26462,1,1,played,8,0,False,20,0,0,0,0,0,0,,70,,0,0
821067,Valentin Yotov,2026-04-16T16:30:00+00:00,2025,BU1,1,False,4718175,30,675,away,24078,0,0,in squad,8,,False,0,0,0,0,0,0,0,,,,0,0
696363,Vladimir Miletic,2026-07-24T18:15:00+00:00,2026,BU1,1,False,4909866,2,675,away,40604,0,1,not in squad,,,False,0,0,0,0,0,0,0,,,,0,0
696363,Vladimir Miletic,2026-07-20T16:15:00+00:00,2026,BU1,1,False,4909858,1,675,home,208,0,0,not in squad,,,False,0,0,0,0,0,0,0,,,,0,0
696363,Vladimir Miletic,2026-05-24T17:30:00+00:00,2025,SR1R,12,False,4865936,7,788,away,6622,0,1,played,95,7,False,83,0,0,1,0,1,0,,,83,0,0
696363,Vladimir Miletic,2026-05-16T18:00:00+00:00,2025,SR1R,12,False,4865943,6,788,home,4645,0,0,played,95,4,False,87,0,0,0,0,0,0,,,87,0,0
696363,Vladimir Miletic,2026-05-10T16:30:00+00:00,2025,SR1R,12,False,4865960,5,788,away,15276,3,0,played,95,4,False,90,0,1,1,0,1,0,,,,0,0
696363,Vladimir Miletic,2026-05-03T17:30:00+00:00,2025,SR1R,12,False,4865940,4,788,home,7567,0,1,played,95,4,False,90,0,0,0,0,0,0,,,,0,0
696363,Vladimir Miletic,2026-04-27T16:00:00+00:00,2025,SR1R,12,False,4865950,3,788,away,8819,0,4,in squad,95,,False,0,0,0,0,0,0,0,,,,0,0
696363,Vladimir Miletic,2026-04-23T16:00:00+00:00,2025,SR1R,12,False,4865953,2,788,home,32113,0,1,played,95,4,False,82,0,0,0,0,0,0,65,,82,0,0
696363,Vladimir Miletic,2026-04-19T14:00:00+00:00,2025,SR1R,12,False,4865947,1,788,away,3137,1,4,played,95,4,False,66,0,0,0,0,0,0,,,66,0,0
696363,Vladimir Miletic,2026-04-08T17:00:00+00:00,2025,SER1,1,False,4640832,30,788,away,6622,0,2,in squad,95,,False,0,0,0,0,0,0,0,,,,0,0
136057,Ivan Minchev,2026-07-24T18:15:00+00:00,2026,BU1,1,False,4909866,2,675,away,40604,0,1,played,73,7,True,81,0,0,0,0,0,0,,,81,0,0
136057,Ivan Minchev,2026-07-20T16:15:00+00:00,2026,BU1,1,False,4909858,1,675,home,208,0,0,played,73,7,True,76,0,0,0,0,0,0,,,76,0,0
136057,Ivan Minchev,2026-05-22T12:30:00+00:00,2025,BU1,1,False,4866454,37,675,home,24078,2,0,not in squad,,,False,0,0,0,0,0,0,0,,,,0,0
136057,Ivan Minchev,2026-05-18T16:30:00+00:00,2025,BU1,1,False,4866450,36,675,away,730,0,2,played,73,7,True,45,0,0,0,0,0,0,,,46,0,0
136057,Ivan Minchev,2026-05-13T12:15:00+00:00,2025,BU1,1,False,4866446,35,675,home,4362,0,2,played,73,10,True,90,0,0,0,0,0,0,,,,0,0
136057,Ivan Minchev,2026-05-10T11:15:00+00:00,2025,BU1,1,False,4866442,34,675,away,9599,1,2,played,73,10,True,79,0,0,0,0,0,0,,,79,0,0
136057,Ivan Minchev,2026-05-06T14:30:00+00:00,2025,BU1,1,False,4866438,33,675,home,40416,2,1,played,73,7,True,80,0,1,0,0,0,0,,,80,0,0
136057,Ivan Minchev,2026-05-02T11:00:00+00:00,2025,BU1,1,False,4866431,32,675,away,6764,0,3,played,73,7,True,90,0,0,0,0,0,0,,,,0,0
136057,Ivan Minchev,2026-04-26T11:00:00+00:00,2025,BU1,1,False,4866430,31,675,home,26462,1,1,played,73,10,True,70,0,1,0,0,0,0,,,70,0,0
136057,Ivan Minchev,2026-04-16T16:30:00+00:00,2025,BU1,1,False,4718175,30,675,away,24078,0,0,played,73,10,True,90,0,0,0,0,0,0,,,,0,0
876034,Yanis Guermouche,2026-07-24T18:15:00+00:00,2026,BU1,1,False,4909866,2,675,away,40604,0,1,played,10,0,False,1,0,0,0,0,0,0,,90,,0,0
876034,Yanis Guermouche,2026-07-20T16:15:00+00:00,2026,BU1,1,False,4909858,1,675,home,208,0,0,played,10,0,False,14,0,0,0,0,0,0,,76,,0,0
876034,Yanis Guermouche,2026-05-22T12:30:00+00:00,2025,BU1,1,False,4866454,37,675,home,24078,2,0,not in squad,,,False,0,0,0,0,0,0,0,,,,0,0
876034,Yanis Guermouche,2026-05-18T16:30:00+00:00,2025,BU1,1,False,4866450,36,675,away,730,0,2,played,10,14,False,72,0,0,0,0,0,0,,,72,0,0
876034,Yanis Guermouche,2026-05-13T12:15:00+00:00,2025,BU1,1,False,4866446,35,675,home,4362,0,2,played,10,14,False,69,0,0,0,0,0,0,,,69,0,0
876034,Yanis Guermouche,2026-05-10T11:15:00+00:00,2025,BU1,1,False,4866442,34,675,away,9599,1,2,not in squad,,,False,0,0,0,0,0,0,0,,,,0,0
876034,Yanis Guermouche,2026-05-06T14:30:00+00:00,2025,BU1,1,False,4866438,33,675,home,40416,2,1,not in squad,,,False,0,0,0,0,0,0,0,,,,0,0
876034,Yanis Guermouche,2026-05-02T11:00:00+00:00,2025,BU1,1,False,4866431,32,675,away,6764,0,3,played,10,14,False,61,0,0,0,0,0,0,,,61,0,0
876034,Yanis Guermouche,2026-04-26T11:00:00+00:00,2025,BU1,1,False,4866430,31,675,home,26462,1,1,played,10,14,False,81,0,0,0,0,0,0,,,81,0,0
876034,Yanis Guermouche,2026-04-16T16:30:00+00:00,2025,BU1,1,False,4718175,30,675,away,24078,0,0,played,10,14,False,86,0,0,0,0,0,0,,,86,0,0
926838,Roberto Raychev,2026-07-24T18:15:00+00:00,2026,BU1,1,False,4909866,2,675,away,40604,0,1,played,7,10,False,72,0,0,0,0,0,0,,,72,0,0
926838,Roberto Raychev,2026-07-20T16:15:00+00:00,2026,BU1,1,False,4909858,1,675,home,208,0,0,played,7,10,False,66,0,0,0,0,0,0,,,66,0,0
926838,Roberto Raychev,2026-05-30T14:00:00+00:00,2025,FS,11,True,4893732,51,21361,home,16844,1,0,played,7,0,False,45,0,0,0,0,0,0,,46,,0,0
926838,Roberto Raychev,2026-05-22T12:30:00+00:00,2025,BU1,1,False,4866454,37,675,home,24078,2,0,played,9,12,False,76,0,0,0,0,0,0,,,76,0,0
926838,Roberto Raychev,2026-05-18T16:30:00+00:00,2025,BU1,1,False,4866450,36,675,away,730,0,2,played,9,0,False,45,0,0,0,0,0,0,,46,,0,0
926838,Roberto Raychev,2026-05-13T12:15:00+00:00,2025,BU1,1,False,4866446,35,675,home,4362,0,2,played,9,14,False,60,0,0,0,0,0,0,,,60,0,0
926838,Roberto Raychev,2026-05-10T11:15:00+00:00,2025,BU1,1,False,4866442,34,675,away,9599,1,2,played,9,14,False,90,1,0,0,0,0,0,12,,,0,0
926838,Roberto Raychev,2026-05-06T14:30:00+00:00,2025,BU1,1,False,4866438,33,675,home,40416,2,1,played,9,14,False,74,0,0,0,0,0,0,42,,74,0,0
926838,Roberto Raychev,2026-05-02T11:00:00+00:00,2025,BU1,1,False,4866431,32,675,away,6764,0,3,played,9,0,False,29,0,0,0,0,0,0,,61,,0,0
926838,Roberto Raychev,2026-04-26T11:00:00+00:00,2025,BU1,1,False,4866430,31,675,home,26462,1,1,not in squad,,,False,0,0,0,0,0,0,0,,,,0,0
227348,Emil Stoev,2026-07-24T18:15:00+00:00,2026,BU1,1,False,4909866,2,675,away,40604,0,1,in squad,77,,False,0,0,0,0,0,0,0,,,,0,0
227348,Emil Stoev,2026-07-20T16:15:00+00:00,2026,BU1,1,False,4909858,1,675,home,208,0,0,played,77,12,False,90,0,0,0,0,0,0,47,,90,0,0
227348,Emil Stoev,2026-05-22T12:30:00+00:00,2025,BU1,1,False,4866454,37,675,home,24078,2,0,played,77,0,False,19,0,0,0,0,0,0,,71,,0,0
227348,Emil Stoev,2026-05-18T16:30:00+00:00,2025,BU1,1,False,4866450,36,675,away,730,0,2,played,77,12,False,72,0,0,0,0,0,0,,,72,0,0
227348,Emil Stoev,2026-05-13T12:15:00+00:00,2025,BU1,1,False,4866446,35,675,home,4362,0,2,not in squad,,,False,0,0,0,0,0,0,0,,,,0,0
227348,Emil Stoev,2026-05-10T11:15:00+00:00,2025,BU1,1,False,4866442,34,675,away,9599,1,2,played,77,12,False,79,0,1,0,0,0,0,,,79,0,0
227348,Emil Stoev,2026-05-06T14:30:00+00:00,2025,BU1,1,False,4866438,33,675,home,40416,2,1,played,77,12,False,80,0,1,0,0,0,0,,,80,0,0
227348,Emil Stoev,2026-05-02T11:00:00+00:00,2025,BU1,1,False,4866431,32,675,away,6764,0,3,played,77,12,False,61,0,0,0,0,0,0,,,61,0,0
227348,Emil Stoev,2026-04-26T11:00:00+00:00,2025,BU1,1,False,4866430,31,675,home,26462,1,1,played,77,12,False,81,0,0,0,0,0,0,,,81,0,0
227348,Emil Stoev,2026-04-16T16:30:00+00:00,2025,BU1,1,False,4718175,30,675,away,24078,0,0,played,77,12,False,86,0,0,0,0,0,0,,,86,0,0
475431,Vladimir Nikolov,2026-07-24T18:15:00+00:00,2026,BU1,1,False,4909866,2,675,away,40604,0,1,played,88,14,False,81,0,0,0,0,0,0,,,81,0,0
475431,Vladimir Nikolov,2026-07-20T16:15:00+00:00,2026,BU1,1,False,4909858,1,675,home,208,0,0,played,88,14,False,76,0,0,0,0,0,0,65,,76,0,0
475431,Vladimir Nikolov,2026-06-05T17:00:00+00:00,2025,FS,11,True,4864913,52,3394,away,6090,2,2,played,9,14,False,15,0,0,0,0,0,0,,75,,0,0
475431,Vladimir Nikolov,2026-06-01T16:00:00+00:00,2025,FS,11,True,4864912,52,3394,home,11953,0,1,played,9,0,False,45,0,0,0,0,0,0,,46,,0,0
475431,Vladimir Nikolov,2026-05-23T15:30:00+00:00,2025,PL1,1,False,4624927,34,6110,away,5689,1,1,played,11,0,False,13,0,0,0,0,0,0,,77,,0,0
475431,Vladimir Nikolov,2026-05-15T18:30:00+00:00,2025,PL1,1,False,4624919,33,6110,home,88,1,0,played,11,0,False,6,0,0,0,0,0,0,90,84,,0,0
475431,Vladimir Nikolov,2026-05-08T16:00:00+00:00,2025,PL1,1,False,4624914,32,6110,away,9644,0,2,played,11,0,False,17,0,0,0,0,0,0,,73,,0,0
475431,Vladimir Nikolov,2026-05-01T15:30:00+00:00,2025,PL1,1,False,4624901,31,6110,home,6112,1,1,played,11,0,False,22,0,0,0,0,0,0,,68,,0,0
475431,Vladimir Nikolov,2026-04-25T12:45:00+00:00,2025,PL1,1,False,4624892,30,6110,home,6456,1,1,played,11,0,False,10,0,0,0,0,0,0,,80,,0,0
475431,Vladimir Nikolov,2026-04-18T15:30:00+00:00,2025,PL1,1,False,4624884,29,6110,away,428,0,1,played,11,0,False,6,0,0,0,0,0,0,,84,,0,0
1399535,Emiliyan Gogev,2026-07-24T18:15:00+00:00,2026,BU1,1,False,4909866,2,675,away,40604,0,1,not in squad,,,False,0,0,0,0,0,0,0,,,,0,0
1399535,Emiliyan Gogev,2026-07-20T16:15:00+00:00,2026,BU1,1,False,4909858,1,675,home,208,0,0,not in squad,,,False,0,0,0,0,0,0,0,,,,0,0
1399535,Emiliyan Gogev,2026-05-22T12:30:00+00:00,2025,BU1,1,False,4866454,37,675,home,24078,2,0,played,7,14,False,90,1,0,0,0,0,0,,,,0,0
1399535,Emiliyan Gogev,2026-05-18T16:30:00+00:00,2025,BU1,1,False,4866450,36,675,away,730,0,2,played,7,0,False,18,0,0,0,0,0,0,,72,,0,0
1399535,Emiliyan Gogev,2026-05-13T12:15:00+00:00,2025,BU1,1,False,4866446,35,675,home,4362,0,2,played,7,0,False,9,0,0,0,0,0,0,,81,,0,0
1399535,Emiliyan Gogev,2026-05-10T11:15:00+00:00,2025,BU1,1,False,4866442,34,675,away,9599,1,2,played,7,0,False,52,0,0,0,0,0,0,,38,,0,0
1399535,Emiliyan Gogev,2026-05-06T14:30:00+00:00,2025,BU1,1,False,4866438,33,675,home,40416,2,1,played,7,0,False,10,0,0,0,0,0,0,84,80,,0,0
1399535,Emiliyan Gogev,2026-05-02T11:00:00+00:00,2025,BU1,1,False,4866431,32,675,away,6764,0,3,played,7,0,False,29,0,0,0,0,0,0,,61,,0,0
1399535,Emiliyan Gogev,2026-04-26T11:00:00+00:00,2025,BU1,1,False,4866430,31,675,home,26462,1,1,played,7,0,False,9,0,0,0,0,0,0,,81,,0,0
1399535,Emiliyan Gogev,2026-04-16T16:30:00+00:00,2025,BU1,1,False,4718175,30,675,away,24078,0,0,played,7,0,False,15,0,0,0,0,0,0,,75,,0,0
993364,Marko Miletic,2026-07-24T18:15:00+00:00,2026,BU1,1,False,4909866,2,675,away,40604,0,1,not in squad,,,False,0,0,0,0,0,0,0,,,,0,0
993364,Marko Miletic,2026-07-20T16:15:00+00:00,2026,BU1,1,False,4909858,1,675,home,208,0,0,not in squad,,,False,0,0,0,0,0,0,0,,,,0,0
993364,Marko Miletic,2026-05-22T12:30:00+00:00,2025,BU1,1,False,4866454,37,675,home,24078,2,0,played,14,0,False,14,0,0,0,0,0,0,,76,,0,0
993364,Marko Miletic,2026-05-18T16:30:00+00:00,2025,BU1,1,False,4866450,36,675,away,730,0,2,played,14,0,False,18,0,0,0,0,0,0,,72,,0,0
993364,Marko Miletic,2026-05-13T12:15:00+00:00,2025,BU1,1,False,4866446,35,675,home,4362,0,2,played,14,0,False,30,0,0,0,0,0,0,,60,,0,0
993364,Marko Miletic,2026-05-10T11:15:00+00:00,2025,BU1,1,False,4866442,34,675,away,9599,1,2,played,14,0,False,20,0,0,0,0,0,0,,70,,0,0
993364,Marko Miletic,2026-05-06T14:30:00+00:00,2025,BU1,1,False,4866438,33,675,home,40416,2,1,played,14,0,False,16,0,0,0,0,0,0,86,74,,0,0
993364,Marko Miletic,2026-05-02T11:00:00+00:00,2025,BU1,1,False,4866431,32,675,away,6764,0,3,played,14,0,False,13,0,0,0,0,0,0,,77,,0,0
993364,Marko Miletic,2026-04-26T11:00:00+00:00,2025,BU1,1,False,4866430,31,675,home,26462,1,1,in squad,14,,False,0,0,0,0,0,0,0,,,,0,0
993364,Marko Miletic,2026-04-16T16:30:00+00:00,2025,BU1,1,False,4718175,30,675,away,24078,0,0,played,14,0,False,4,0,0,0,0,0,0,,86,,0,0
1052276,Vasil Kazaldzhiev,2026-07-24T18:15:00+00:00,2026,BU1,1,False,4909866,2,675,away,40604,0,1,played,17,12,False,45,0,0,0,0,0,0,,,46,0,0
1052276,Vasil Kazaldzhiev,2026-07-20T16:15:00+00:00,2026,BU1,1,False,4909858,1,675,home,208,0,0,played,17,0,False,24,0,0,0,0,0,0,,66,,0,0
1052276,Vasil Kazaldzhiev,2026-05-22T12:30:00+00:00,2025,BU1,1,False,4866454,37,675,home,24078,2,0,not in squad,,,False,0,0,0,0,0,0,0,,,,0,0
1052276,Vasil Kazaldzhiev,2026-05-18T16:30:00+00:00,2025,BU1,1,False,4866450,36,675,away,730,0,2,not in squad,,,False,0,0,0,0,0,0,0,,,,0,0
1052276,Vasil Kazaldzhiev,2026-05-13T12:15:00+00:00,2025,BU1,1,False,4866446,35,675,home,4362,0,2,not in squad,,,False,0,0,0,0,0,0,0,,,,0,0
1052276,Vasil Kazaldzhiev,2026-05-10T11:15:00+00:00,2025,BU1,1,False,4866442,34,675,away,9599,1,2,played,17,11,False,38,0,0,0,0,0,0,,,38,0,0
1052276,Vasil Kazaldzhiev,2026-05-06T14:30:00+00:00,2025,BU1,1,False,4866438,33,675,home,40416,2,1,played,17,11,False,80,0,0,0,0,0,0,,,80,0,0
1052276,Vasil Kazaldzhiev,2026-05-02T11:00:00+00:00,2025,BU1,1,False,4866431,32,675,away,6764,0,3,played,17,11,False,77,0,0,0,0,0,0,,,77,0,0
1052276,Vasil Kazaldzhiev,2026-04-26T11:00:00+00:00,2025,BU1,1,False,4866430,31,675,home,26462,1,1,played,17,11,False,70,0,0,0,0,0,0,,,70,0,0
1052276,Vasil Kazaldzhiev,2026-04-16T16:30:00+00:00,2025,BU1,1,False,4718175,30,675,away,24078,0,0,in squad,17,,False,0,0,0,0,0,0,0,,,,0,0
999292,Matheus Brito,2026-07-26T18:15:00+00:00,2026,BU1,1,False,4909871,2,2259,home,40416,2,1,not in squad,,,False,0,0,0,0,0,0,0,,,,0,0
999292,Matheus Brito,2026-05-03T15:30:00+00:00,2025,P3As,12,False,4813588,10,5222,home,2829,2,2,in squad,6,,False,0,0,0,0,0,0,0,,,,0,0
999292,Matheus Brito,2026-04-26T14:00:00+00:00,2025,P3As,12,False,4813580,9,5222,away,6023,0,1,played,6,3,False,90,0,0,0,0,0,0,,,,0,0
999292,Matheus Brito,2026-04-18T14:00:00+00:00,2025,P3As,12,False,4813571,8,5222,home,15268,0,0,played,6,3,False,90,0,0,0,0,0,0,,,,0,0
999292,Matheus Brito,2026-04-12T14:00:00+00:00,2025,P3As,12,False,4813568,7,5222,home,10789,4,1,played,6,3,False,90,0,0,0,0,0,0,,,,0,0
999292,Matheus Brito,2026-03-22T15:00:00+00:00,2025,P3As,12,False,4813562,6,5222,away,3326,0,1,played,6,3,False,90,0,0,0,0,0,0,77,,,0,0
999292,Matheus Brito,2026-03-15T15:00:00+00:00,2025,P3As,12,False,4813552,5,5222,away,15268,1,3,played,6,3,False,23,0,0,0,0,0,0,,67,,0,0
999292,Matheus Brito,2026-03-08T15:00:00+00:00,2025,P3As,12,False,4813550,4,5222,home,3326,0,0,in squad,6,,False,0,0,0,0,0,0,0,,,,0,0
999292,Matheus Brito,2026-03-01T15:00:00+00:00,2025,P3As,12,False,4813543,3,5222,away,10789,0,1,in squad,6,,False,0,0,0,0,0,0,0,,,,0,0
999292,Matheus Brito,2026-02-22T15:00:00+00:00,2025,P3As,12,False,4813534,2,5222,home,6023,3,1,played,6,3,False,10,0,0,0,0,0,0,,80,,0,0
594702,Milan Petrovic,2026-07-26T18:15:00+00:00,2026,BU1,1,False,4909871,2,2259,home,40416,2,1,played,44,0,False,19,0,0,0,0,0,0,,71,,0,0
594702,Milan Petrovic,2026-07-18T18:15:00+00:00,2026,BU1,1,False,4909856,1,2259,away,31614,0,1,played,44,0,False,10,0,0,0,0,0,0,,80,,0,0
594702,Milan Petrovic,2026-05-23T13:30:00+00:00,2025,WFVP,21,False,4873293,7,71,home,2589,1,4,played,4,3,False,90,0,0,0,0,0,0,,,,0,0
594702,Milan Petrovic,2026-05-16T12:00:00+00:00,2025,RLSW,4,False,4667037,34,71,home,2589,2,0,played,4,3,False,74,0,0,0,0,0,0,45,,74,0,0
594702,Milan Petrovic,2026-05-09T12:00:00+00:00,2025,RLSW,4,False,4667030,33,71,away,1348,1,0,played,4,3,False,25,0,0,0,0,0,0,,65,,0,0
594702,Milan Petrovic,2026-05-03T12:00:00+00:00,2025,RLSW,4,False,4667019,32,71,home,459,2,0,played,4,3,False,23,0,0,0,0,0,0,,67,,0,0
594702,Milan Petrovic,2026-04-29T15:30:00+00:00,2025,WFVP,21,False,4855015,6,71,away,31865,5,1,played,4,0,False,11,0,0,0,0,0,0,,79,,0,0
594702,Milan Petrovic,2026-04-25T12:00:00+00:00,2025,RLSW,4,False,4667014,31,71,away,9695,1,3,played,4,3,False,89,0,0,0,0,0,0,,,89,0,0
594702,Milan Petrovic,2026-04-21T17:00:00+00:00,2025,RLSW,4,False,4667000,30,71,home,834,4,1,played,4,3,False,10,0,0,0,0,0,0,,80,,0,0
594702,Milan Petrovic,2026-04-18T12:00:00+00:00,2025,RLSW,4,False,4666994,29,71,away,1193,1,2,played,4,3,False,90,0,0,0,0,0,0,55,,,0,0
877116,Umut Habil,2026-05-22T15:00:00+00:00,2025,BU1,1,False,4866452,37,730,away,9599,0,3,in squad,68,,False,0,0,0,0,0,0,0,,,,0,0
877116,Umut Habil,2026-05-18T16:30:00+00:00,2025,BU1,1,False,4866450,36,730,home,675,2,0,not in squad,,,False,0,0,0,0,0,0,0,,,,0,0
877116,Umut Habil,2026-05-14T17:15:00+00:00,2025,BU1,1,False,4866444,35,730,home,6764,1,1,not in squad,,,False,0,0,0,0,0,0,0,,,,0,0
877116,Umut Habil,2026-05-09T10:45:00+00:00,2025,BU1,1,False,4866441,34,730,away,24078,2,2,not in squad,,,False,0,0,0,0,0,0,0,,,,0,0
877116,Umut Habil,2026-05-05T17:00:00+00:00,2025,BU1,1,False,4866437,33,730,home,26462,2,2,not in squad,,,False,0,0,0,0,0,0,0,,,,0,0
877116,Umut Habil,2026-05-01T17:00:00+00:00,2025,BU1,1,False,4866433,32,730,away,4362,3,0,not in squad,,,False,0,0,0,0,0,0,0,,,,0,0
877116,Umut Habil,2026-04-27T17:00:00+00:00,2025,BU1,1,False,4866429,31,730,home,40416,1,1,not in squad,,,False,0,0,0,0,0,0,0,,,,0,0
877116,Umut Habil,2026-04-14T15:00:00+00:00,2025,BU1,1,False,4718173,30,730,away,26462,2,3,not in squad,,,False,0,0,0,0,0,0,0,,,,0,0
877116,Umut Habil,2026-04-09T12:30:00+00:00,2025,BU1,1,False,4718201,29,730,home,6764,2,1,not in squad,,,False,0,0,0,0,0,0,0,,,,0,0
877116,Umut Habil,2026-04-03T16:45:00+00:00,2025,BU1,1,False,4718150,28,730,away,2259,0,1,not in squad,,,False,0,0,0,0,0,0,0,,,,0,0
490950,Martin Velichkov,2026-07-25T18:15:00+00:00,2026,BU1,1,False,4909872,2,730,home,156,1,2,played,99,1,False,90,0,0,0,0,0,0,,,,0,0
490950,Martin Velichkov,2026-07-21T18:30:00+00:00,2026,BU1,1,False,4909852,1,730,away,2531,1,1,played,99,1,False,90,0,0,0,0,0,0,,,,0,0
490950,Martin Velichkov,2026-06-05T17:00:00+00:00,2025,FS,11,True,4864913,52,3394,away,6090,2,2,played,23,1,False,45,0,0,0,0,0,0,,,46,0,0
490950,Martin Velichkov,2026-06-01T16:00:00+00:00,2025,FS,11,True,4864912,52,3394,home,11953,0,1,in squad,23,,False,0,0,0,0,0,0,0,,,,0,0
490950,Martin Velichkov,2026-05-22T15:00:00+00:00,2025,BU1,1,False,4866452,37,730,away,9599,0,3,not in squad,,,False,0,0,0,0,0,0,0,,,,0,0
490950,Martin Velichkov,2026-05-18T16:30:00+00:00,2025,BU1,1,False,4866450,36,730,home,675,2,0,played,99,1,False,90,0,0,0,0,0,0,,,,0,0
490950,Martin Velichkov,2026-05-14T17:15:00+00:00,2025,BU1,1,False,4866444,35,730,home,6764,1,1,played,99,1,False,90,0,0,0,0,0,0,,,,0,0
490950,Martin Velichkov,2026-05-09T10:45:00+00:00,2025,BU1,1,False,4866441,34,730,away,24078,2,2,in squad,99,,False,0,0,0,0,0,0,0,,,,0,0
490950,Martin Velichkov,2026-05-05T17:00:00+00:00,2025,BU1,1,False,4866437,33,730,home,26462,2,2,played,99,1,False,90,0,0,0,0,0,0,,,,0,0
490950,Martin Velichkov,2026-05-01T17:00:00+00:00,2025,BU1,1,False,4866433,32,730,away,4362,3,0,played,99,1,False,90,0,0,0,0,0,0,,,,0,0
221560,Aleksandar Lyubenov,2026-07-25T18:15:00+00:00,2026,BU1,1,False,4909872,2,730,home,156,1,2,in squad,24,,False,0,0,0,0,0,0,0,,,,0,0
221560,Aleksandar Lyubenov,2026-07-21T18:30:00+00:00,2026,BU1,1,False,4909852,1,730,away,2531,1,1,in squad,24,,False,0,0,0,0,0,0,0,,,,0,0
221560,Aleksandar Lyubenov,2026-05-22T15:00:00+00:00,2025,BU1,1,False,4866452,37,730,away,9599,0,3,played,24,1,False,90,0,0,0,0,0,0,,,,0,0
221560,Aleksandar Lyubenov,2026-05-18T16:30:00+00:00,2025,BU1,1,False,4866450,36,730,home,675,2,0,in squad,24,,False,0,0,0,0,0,0,0,,,,0,0
221560,Aleksandar Lyubenov,2026-05-14T17:15:00+00:00,2025,BU1,1,False,4866444,35,730,home,6764,1,1,in squad,24,,False,0,0,0,0,0,0,0,,,,0,0
221560,Aleksandar Lyubenov,2026-05-09T10:45:00+00:00,2025,BU1,1,False,4866441,34,730,away,24078,2,2,played,24,1,True,90,0,0,0,0,0,0,,,,0,0
221560,Aleksandar Lyubenov,2026-05-05T17:00:00+00:00,2025,BU1,1,False,4866437,33,730,home,26462,2,2,in squad,24,,False,0,0,0,0,0,0,0,,,,0,0
221560,Aleksandar Lyubenov,2026-05-01T17:00:00+00:00,2025,BU1,1,False,4866433,32,730,away,4362,3,0,in squad,24,,False,0,0,0,0,0,0,0,,,,0,0
221560,Aleksandar Lyubenov,2026-04-27T17:00:00+00:00,2025,BU1,1,False,4866429,31,730,home,40416,1,1,in squad,24,,False,0,0,0,0,0,0,0,,,,0,0
221560,Aleksandar Lyubenov,2026-04-14T15:00:00+00:00,2025,BU1,1,False,4718173,30,730,away,26462,2,3,in squad,24,,False,0,0,0,0,0,0,0,,,,0,0
820370,Patrik-Gabriel Galchev,2026-06-05T17:00:00+00:00,2025,FS,11,True,4864913,52,3394,away,6090,2,2,played,4,5,False,34,0,1,0,0,0,0,,56,,0,0
820370,Patrik-Gabriel Galchev,2026-06-01T16:00:00+00:00,2025,FS,11,True,4864912,52,3394,home,11953,0,1,played,4,5,False,73,0,0,0,0,0,0,,,73,0,0
820370,Patrik-Gabriel Galchev,2026-05-25T18:30:00+00:00,2025,BOS1,1,False,4633187,36,2573,away,282,0,1,not in squad,,,False,0,0,0,0,0,0,0,,,,0,0
820370,Patrik-Gabriel Galchev,2026-05-21T18:30:00+00:00,2025,BOS1,1,False,4633186,35,2573,home,1242,2,2,not in squad,,,False,0,0,0,0,0,0,0,,,,0,0
820370,Patrik-Gabriel Galchev,2026-05-16T16:00:00+00:00,2025,BOS1,1,False,4633178,34,2573,away,3900,0,1,played,26,5,False,90,0,0,0,0,0,0,,,,0,0
820370,Patrik-Gabriel Galchev,2026-05-10T15:30:00+00:00,2025,BOS1,1,False,4633175,33,2573,home,7569,3,0,played,26,5,False,70,0,0,0,0,0,0,,,70,0,0
820370,Patrik-Gabriel Galchev,2026-05-01T18:30:00+00:00,2025,BOS1,1,False,4633169,32,2573,away,6808,0,2,played,26,5,False,90,0,0,0,0,0,0,,,,0,0
820370,Patrik-Gabriel Galchev,2026-04-25T18:45:00+00:00,2025,BOS1,1,False,4633164,31,2573,home,628,0,0,played,26,5,False,90,0,0,0,0,0,0,,,,0,0
820370,Patrik-Gabriel Galchev,2026-04-21T16:00:00+00:00,2025,BOS1,1,False,4633160,30,2573,away,24197,1,0,played,26,5,False,90,0,0,0,0,0,0,,,,0,0
820370,Patrik-Gabriel Galchev,2026-04-17T18:30:00+00:00,2025,BOS1,1,False,4633153,29,2573,home,1014,1,1,played,26,5,False,90,0,0,0,0,0,0,,,,0,0
335737,Angel Lyaskov,2026-07-25T18:15:00+00:00,2026,BU1,1,False,4909872,2,730,home,156,1,2,played,14,4,False,90,0,0,0,0,0,0,,,,0,0
335737,Angel Lyaskov,2026-07-21T18:30:00+00:00,2026,BU1,1,False,4909852,1,730,away,2531,1,1,played,14,4,False,90,0,1,0,0,0,0,,,,0,0
335737,Angel Lyaskov,2026-05-22T15:00:00+00:00,2025,BU1,1,False,4866452,37,730,away,9599,0,3,played,14,4,False,90,0,0,0,0,0,0,,,,0,0
335737,Angel Lyaskov,2026-05-18T16:30:00+00:00,2025,BU1,1,False,4866450,36,730,home,675,2,0,played,14,4,False,90,0,0,0,0,0,0,,,,0,0
335737,Angel Lyaskov,2026-05-14T17:15:00+00:00,2025,BU1,1,False,4866444,35,730,home,6764,1,1,played,14,4,False,90,0,0,0,0,0,0,,,,0,0
335737,Angel Lyaskov,2026-05-09T10:45:00+00:00,2025,BU1,1,False,4866441,34,730,away,24078,2,2,played,14,4,False,90,0,0,0,0,0,0,,,,0,0
335737,Angel Lyaskov,2026-05-05T17:00:00+00:00,2025,BU1,1,False,4866437,33,730,home,26462,2,2,played,14,4,False,90,0,1,0,0,0,0,81,,,0,0
335737,Angel Lyaskov,2026-05-01T17:00:00+00:00,2025,BU1,1,False,4866433,32,730,away,4362,3,0,played,14,4,False,84,0,0,0,0,0,0,,,84,0,0
335737,Angel Lyaskov,2026-04-27T17:00:00+00:00,2025,BU1,1,False,4866429,31,730,home,40416,1,1,played,14,4,False,90,0,0,0,0,0,0,,,,0,0
335737,Angel Lyaskov,2026-04-14T15:00:00+00:00,2025,BU1,1,False,4718173,30,730,away,26462,2,3,not in squad,,,False,0,0,0,0,0,0,0,,,,0,0
272617,Ryan Bidounga,2026-07-25T18:15:00+00:00,2026,BU1,1,False,4909872,2,730,home,156,1,2,played,91,3,False,90,0,0,0,0,0,0,,,,0,0
272617,Ryan Bidounga,2026-07-21T18:30:00+00:00,2026,BU1,1,False,4909852,1,730,away,2531,1,1,played,91,3,False,90,0,0,0,0,0,0,,,,0,0
272617,Ryan Bidounga,2026-05-22T15:00:00+00:00,2025,BU1,1,False,4866452,37,730,away,9599,0,3,not in squad,,,False,0,0,0,0,0,0,0,,,,0,0
272617,Ryan Bidounga,2026-05-18T16:30:00+00:00,2025,BU1,1,False,4866450,36,730,home,675,2,0,not in squad,,,False,0,0,0,0,0,0,0,,,,0,0
272617,Ryan Bidounga,2026-05-14T17:15:00+00:00,2025,BU1,1,False,4866444,35,730,home,6764,1,1,played,91,3,False,90,1,0,0,0,0,0,,,,0,0
272617,Ryan Bidounga,2026-05-09T10:45:00+00:00,2025,BU1,1,False,4866441,34,730,away,24078,2,2,played,91,3,False,90,0,0,0,0,0,0,,,,0,0
272617,Ryan Bidounga,2026-05-05T17:00:00+00:00,2025,BU1,1,False,4866437,33,730,home,26462,2,2,played,91,5,False,90,0,0,0,0,0,0,32,,,0,0
272617,Ryan Bidounga,2026-05-01T17:00:00+00:00,2025,BU1,1,False,4866433,32,730,away,4362,3,0,played,91,3,False,90,0,0,0,0,0,0,,,,0,0
272617,Ryan Bidounga,2026-04-27T17:00:00+00:00,2025,BU1,1,False,4866429,31,730,home,40416,1,1,not in squad,,,False,0,0,0,0,0,0,0,,,,0,0
272617,Ryan Bidounga,2026-04-14T15:00:00+00:00,2025,BU1,1,False,4718173,30,730,away,26462,2,3,not in squad,,,False,0,0,0,0,0,0,0,,,,0,0
866721,Luka Ivanov,2026-05-22T12:30:00+00:00,2025,BU1,1,False,4866454,37,675,home,24078,2,0,in squad,6,,False,0,0,0,0,0,0,0,,,,0,0
866721,Luka Ivanov,2026-05-18T16:30:00+00:00,2025,BU1,1,False,4866450,36,675,away,730,0,2,in squad,6,,False,0,0,0,0,0,0,0,,,,0,0
866721,Luka Ivanov,2026-05-13T12:15:00+00:00,2025,BU1,1,False,4866446,35,675,home,4362,0,2,in squad,6,,False,0,0,0,0,0,0,0,,,,0,0
866721,Luka Ivanov,2026-05-10T11:15:00+00:00,2025,BU1,1,False,4866442,34,675,away,9599,1,2,in squad,6,,False,0,0,0,0,0,0,0,,,,0,0
866721,Luka Ivanov,2026-05-06T14:30:00+00:00,2025,BU1,1,False,4866438,33,675,home,40416,2,1,played,6,0,False,10,0,0,0,0,0,0,,80,,0,0
866721,Luka Ivanov,2026-05-02T11:00:00+00:00,2025,BU1,1,False,4866431,32,675,away,6764,0,3,in squad,6,,False,0,0,0,0,0,0,0,,,,0,0
866721,Luka Ivanov,2026-04-26T11:00:00+00:00,2025,BU1,1,False,4866430,31,675,home,26462,1,1,played,6,0,False,20,0,0,0,0,0,0,,70,,0,0
866721,Luka Ivanov,2026-04-16T16:30:00+00:00,2025,BU1,1,False,4718175,30,675,away,24078,0,0,played,6,0,False,1,0,0,0,0,0,0,,90,,0,0
866721,Luka Ivanov,2026-04-10T15:00:00+00:00,2025,BU1,1,False,4718207,29,675,home,40416,1,2,in squad,6,,False,0,0,0,0,0,0,0,,,,0,0
866721,Luka Ivanov,2026-04-05T11:30:00+00:00,2025,BU1,1,False,4718151,28,675,away,967,3,1,played,6,0,False,14,0,0,0,0,0,0,,76,,0,0
299625,Dzhuneyt Ali,2026-05-22T15:00:00+00:00,2025,BU1,1,False,4866452,37,730,away,9599,0,3,not in squad,,,False,0,0,0,0,0,0,0,,,,0,0
299625,Dzhuneyt Ali,2026-05-18T16:30:00+00:00,2025,BU1,1,False,4866450,36,730,home,675,2,0,played,2,5,False,81,0,0,0,0,0,0,47,,81,0,0
299625,Dzhuneyt Ali,2026-05-14T17:15:00+00:00,2025,BU1,1,False,4866444,35,730,home,6764,1,1,played,2,5,False,86,0,0,0,0,0,0,,,86,0,0
299625,Dzhuneyt Ali,2026-05-09T10:45:00+00:00,2025,BU1,1,False,4866441,34,730,away,24078,2,2,in squad,2,,False,0,0,0,0,0,0,0,,,,0,0
299625,Dzhuneyt Ali,2026-05-05T17:00:00+00:00,2025,BU1,1,False,4866437,33,730,home,26462,2,2,played,2,0,False,45,0,0,0,0,0,0,83,46,,0,0
299625,Dzhuneyt Ali,2026-05-01T17:00:00+00:00,2025,BU1,1,False,4866433,32,730,away,4362,3,0,played,2,0,False,6,0,0,0,0,0,0,,84,,0,0
299625,Dzhuneyt Ali,2026-04-27T17:00:00+00:00,2025,BU1,1,False,4866429,31,730,home,40416,1,1,in squad,2,,False,0,0,0,0,0,0,0,,,,0,0
299625,Dzhuneyt Ali,2026-04-14T15:00:00+00:00,2025,BU1,1,False,4718173,30,730,away,26462,2,3,in squad,2,,False,0,0,0,0,0,0,0,,,,0,0
299625,Dzhuneyt Ali,2026-04-09T12:30:00+00:00,2025,BU1,1,False,4718201,29,730,home,6764,2,1,in squad,2,,False,0,0,0,0,0,0,0,,,,0,0
299625,Dzhuneyt Ali,2026-04-03T16:45:00+00:00,2025,BU1,1,False,4718150,28,730,away,2259,0,1,in squad,2,,False,0,0,0,0,0,0,0,,,,0,0
659514,Sadio Dembélé,2026-05-22T15:00:00+00:00,2025,BU1,1,False,4866452,37,730,away,9599,0,3,played,4,3,False,90,0,0,0,0,0,0,,,,0,0
659514,Sadio Dembélé,2026-05-18T16:30:00+00:00,2025,BU1,1,False,4866450,36,730,home,675,2,0,played,4,3,False,90,0,0,0,0,0,0,,,,0,0
659514,Sadio Dembélé,2026-05-14T17:15:00+00:00,2025,BU1,1,False,4866444,35,730,home,6764,1,1,in squad,4,,False,0,0,0,0,0,0,0,,,,0,0
659514,Sadio Dembélé,2026-05-09T10:45:00+00:00,2025,BU1,1,False,4866441,34,730,away,24078,2,2,in squad,4,,False,0,0,0,0,0,0,0,,,,0,0
659514,Sadio Dembélé,2026-05-05T17:00:00+00:00,2025,BU1,1,False,4866437,33,730,home,26462,2,2,played,4,0,False,4,0,0,0,0,0,0,,86,,0,0
659514,Sadio Dembélé,2026-05-01T17:00:00+00:00,2025,BU1,1,False,4866433,32,730,away,4362,3,0,in squad,4,,False,0,0,0,0,0,0,0,,,,0,0
659514,Sadio Dembélé,2026-04-27T17:00:00+00:00,2025,BU1,1,False,4866429,31,730,home,40416,1,1,in squad,4,,False,0,0,0,0,0,0,0,,,,0,0
659514,Sadio Dembélé,2026-04-14T15:00:00+00:00,2025,BU1,1,False,4718173,30,730,away,26462,2,3,played,4,3,False,90,0,0,0,0,0,0,,,,0,0
659514,Sadio Dembélé,2026-04-09T12:30:00+00:00,2025,BU1,1,False,4718201,29,730,home,6764,2,1,in squad,4,,False,0,0,0,0,0,0,0,,,,0,0
659514,Sadio Dembélé,2026-04-03T16:45:00+00:00,2025,BU1,1,False,4718150,28,730,away,2259,0,1,in squad,4,,False,0,0,0,0,0,0,0,,,,0,0
832821,Hristo Mitev,2026-05-23T15:00:00+00:00,2025,BU2,2,False,4718045,34,4494,away,1851,2,3,not in squad,,,False,0,0,0,0,0,0,0,,,,0,0
832821,Hristo Mitev,2026-05-15T15:00:00+00:00,2025,BU2,2,False,4718032,33,4494,home,19784,1,0,played,27,0,False,90,0,0,0,0,0,0,,,,0,0
832821,Hristo Mitev,2026-05-11T15:00:00+00:00,2025,BU2,2,False,4718028,32,4494,away,5284,0,3,in squad,27,,False,0,0,0,0,0,0,0,,,,0,0
832821,Hristo Mitev,2026-05-03T15:00:00+00:00,2025,BU2,2,False,4718013,31,4494,home,712,1,1,played,27,0,False,68,0,0,0,0,0,0,61,,68,0,0
832821,Hristo Mitev,2026-04-27T15:30:00+00:00,2025,BU2,2,False,4718011,30,4494,away,26563,3,1,in squad,27,,False,0,0,0,0,0,0,0,,,,0,0
832821,Hristo Mitev,2026-04-16T14:00:00+00:00,2025,BU2,2,False,4717994,29,4494,home,40678,0,0,played,27,0,False,77,0,0,0,0,0,0,,,77,0,0
832821,Hristo Mitev,2026-04-09T14:00:00+00:00,2025,BU2,2,False,4717993,28,4494,home,521,2,0,in squad,27,,False,0,0,0,0,0,0,0,,,,0,0
832821,Hristo Mitev,2026-04-04T14:00:00+00:00,2025,BU2,2,False,4717977,27,4494,away,2190,0,1,played,27,0,False,90,0,0,0,0,0,0,,,,0,0
832821,Hristo Mitev,2026-03-29T13:30:00+00:00,2025,BU2,2,False,4717974,26,4494,home,19780,1,1,played,27,0,False,90,0,0,0,0,0,0,,,,0,0
832821,Hristo Mitev,2026-03-21T13:30:00+00:00,2025,BU2,2,False,4717960,25,4494,away,11255,2,0,played,27,0,False,90,0,0,0,0,0,0,36,,,0,0
919901,Nikola Neychev,2026-07-25T18:15:00+00:00,2026,BU1,1,False,4909872,2,730,home,156,1,2,not in squad,,,False,0,0,0,0,0,0,0,,,,0,0
919901,Nikola Neychev,2026-07-21T18:30:00+00:00,2026,BU1,1,False,4909852,1,730,away,2531,1,1,not in squad,,,False,0,0,0,0,0,0,0,,,,0,0
919901,Nikola Neychev,2026-05-30T14:00:00+00:00,2025,FS,11,True,4893732,51,21361,home,16844,1,0,played,4,0,False,90,0,0,0,0,0,0,,,,0,0
919901,Nikola Neychev,2026-05-22T15:00:00+00:00,2025,BU1,1,False,4866452,37,730,away,9599,0,3,played,42,3,False,90,0,0,0,0,0,0,,,,0,0
919901,Nikola Neychev,2026-05-18T16:30:00+00:00,2025,BU1,1,False,4866450,36,730,home,675,2,0,played,42,3,False,90,1,0,0,0,0,0,,,,0,0
919901,Nikola Neychev,2026-05-14T17:15:00+00:00,2025,BU1,1,False,4866444,35,730,home,6764,1,1,played,42,0,False,1,0,0,0,0,0,0,,90,,0,0
919901,Nikola Neychev,2026-05-09T10:45:00+00:00,2025,BU1,1,False,4866441,34,730,away,24078,2,2,in squad,42,,False,0,0,0,0,0,0,0,,,,0,0
919901,Nikola Neychev,2026-05-05T17:00:00+00:00,2025,BU1,1,False,4866437,33,730,home,26462,2,2,played,42,3,False,45,0,0,0,0,0,0,,,46,0,0
919901,Nikola Neychev,2026-05-01T17:00:00+00:00,2025,BU1,1,False,4866433,32,730,away,4362,3,0,played,42,0,False,15,0,0,0,0,0,0,,75,,0,0
919901,Nikola Neychev,2026-04-27T17:00:00+00:00,2025,BU1,1,False,4866429,31,730,home,40416,1,1,played,42,3,False,90,0,0,0,0,0,0,56,,,0,0
1412051,Kristiyan Borisov,2025-08-03T16:00:00+00:00,2025,BU1,1,False,4648239,3,730,home,24078,3,0,in squad,16,,False,0,0,0,0,0,0,0,,,,0,0
1412051,Kristiyan Borisov,2025-07-27T19:00:00+00:00,2025,BU1,1,False,4648219,2,730,away,40604,1,1,in squad,16,,False,0,0,0,0,0,0,0,,,,0,0
1412051,Kristiyan Borisov,2025-07-18T18:15:00+00:00,2025,BU1,1,False,4648232,1,730,home,967,1,1,in squad,16,,False,0,0,0,0,0,0,0,,,,0,0
1412051,Kristiyan Borisov,2025-05-25T17:45:00+00:00,2024,BU1,1,False,4599202,37,730,home,26563,3,0,played,98,0,False,34,0,0,0,0,0,0,,56,,0,0
540940,Ivan Lagundzic,2026-05-22T15:00:00+00:00,2025,BU1,1,False,4866452,37,730,away,9599,0,3,not in squad,,,False,0,0,0,0,0,0,0,,,,0,0
540940,Ivan Lagundzic,2026-05-18T16:30:00+00:00,2025,BU1,1,False,4866450,36,730,home,675,2,0,in squad,27,,False,0,0,0,0,0,0,0,,,,0,0
540940,Ivan Lagundzic,2026-05-14T17:15:00+00:00,2025,BU1,1,False,4866444,35,730,home,6764,1,1,not in squad,,,False,0,0,0,0,0,0,0,,,,0,0
540940,Ivan Lagundzic,2026-05-09T10:45:00+00:00,2025,BU1,1,False,4866441,34,730,away,24078,2,2,not in squad,,,False,0,0,0,0,0,0,0,,,,0,0
540940,Ivan Lagundzic,2026-05-05T17:00:00+00:00,2025,BU1,1,False,4866437,33,730,home,26462,2,2,in squad,27,,False,0,0,0,0,0,0,0,,,,0,0
540940,Ivan Lagundzic,2026-05-01T17:00:00+00:00,2025,BU1,1,False,4866433,32,730,away,4362,3,0,not in squad,,,False,0,0,0,0,0,0,0,,,,0,0
540940,Ivan Lagundzic,2026-04-27T17:00:00+00:00,2025,BU1,1,False,4866429,31,730,home,40416,1,1,in squad,27,,False,0,0,0,0,0,0,0,,,,0,0
540940,Ivan Lagundzic,2026-04-14T15:00:00+00:00,2025,BU1,1,False,4718173,30,730,away,26462,2,3,in squad,27,,False,0,0,0,0,0,0,0,,,,0,0
540940,Ivan Lagundzic,2026-04-09T12:30:00+00:00,2025,BU1,1,False,4718201,29,730,home,6764,2,1,not in squad,,,False,0,0,0,0,0,0,0,,,,0,0
540940,Ivan Lagundzic,2026-04-03T16:45:00+00:00,2025,BU1,1,False,4718150,28,730,away,2259,0,1,not in squad,,,False,0,0,0,0,0,0,0,,,,0,0
593442,Messie Biatoumoussoka,2026-07-16T17:30:00+00:00,2026,ECLQ,10,False,4897254,2,17149,home,11540,1,2,in squad,20,,False,0,0,0,0,0,0,0,90,,,0,0
593442,Messie Biatoumoussoka,2026-07-09T18:45:00+00:00,2026,ECLQ,10,False,4897228,1,17149,away,11540,1,1,played,20,3,False,90,0,0,0,0,0,0,,,,0,0
593442,Messie Biatoumoussoka,2026-05-22T15:00:00+00:00,2025,BU1,1,False,4866452,37,730,away,9599,0,3,in squad,3,,False,0,0,0,0,0,0,0,,,,0,0
593442,Messie Biatoumoussoka,2026-05-18T16:30:00+00:00,2025,BU1,1,False,4866450,36,730,home,675,2,0,in squad,3,,False,0,0,0,0,0,0,0,,,,0,0
593442,Messie Biatoumoussoka,2026-05-14T17:15:00+00:00,2025,BU1,1,False,4866444,35,730,home,6764,1,1,not in squad,,,False,0,0,0,0,0,0,0,,,,0,0
593442,Messie Biatoumoussoka,2026-05-09T10:45:00+00:00,2025,BU1,1,False,4866441,34,730,away,24078,2,2,not in squad,,,False,0,0,0,0,0,0,0,,,,0,0
593442,Messie Biatoumoussoka,2026-05-05T17:00:00+00:00,2025,BU1,1,False,4866437,33,730,home,26462,2,2,not in squad,,,False,0,0,0,0,0,0,0,,,,0,0
593442,Messie Biatoumoussoka,2026-05-01T17:00:00+00:00,2025,BU1,1,False,4866433,32,730,away,4362,3,0,not in squad,,,False,0,0,0,0,0,0,0,,,,0,0
593442,Messie Biatoumoussoka,2026-04-27T17:00:00+00:00,2025,BU1,1,False,4866429,31,730,home,40416,1,1,not in squad,,,False,0,0,0,0,0,0,0,,,,0,0
593442,Messie Biatoumoussoka,2026-04-14T15:00:00+00:00,2025,BU1,1,False,4718173,30,730,away,26462,2,3,not in squad,,,False,0,0,0,0,0,0,0,,,,0,0
1548602,Mihail Zahariev,2026-07-25T18:15:00+00:00,2026,BU1,1,False,4909872,2,730,home,156,1,2,not in squad,,,False,0,0,0,0,0,0,0,,,,0,0
1548602,Mihail Zahariev,2026-07-21T18:30:00+00:00,2026,BU1,1,False,4909852,1,730,away,2531,1,1,not in squad,,,False,0,0,0,0,0,0,0,,,,0,0
1548602,Mihail Zahariev,2026-05-22T15:00:00+00:00,2025,BU1,1,False,4866452,37,730,away,9599,0,3,played,17,5,False,66,0,0,0,0,0,0,,,66,0,0
1548602,Mihail Zahariev,2026-05-18T16:30:00+00:00,2025,BU1,1,False,4866450,36,730,home,675,2,0,in squad,17,,False,0,0,0,0,0,0,0,,,,0,0
1548602,Mihail Zahariev,2026-05-14T17:15:00+00:00,2025,BU1,1,False,4866444,35,730,home,6764,1,1,played,17,0,False,4,0,0,0,0,0,0,,86,,0,0
462038,Erol Dost,2026-07-25T18:15:00+00:00,2026,BU1,1,False,4909872,2,730,home,156,1,2,played,5,6,False,80,0,0,0,0,0,0,,,80,0,0
462038,Erol Dost,2026-07-21T18:30:00+00:00,2026,BU1,1,False,4909852,1,730,away,2531,1,1,played,5,6,False,90,0,0,0,0,0,0,,,,0,0
462038,Erol Dost,2026-05-22T15:00:00+00:00,2025,BU1,1,False,4866452,37,730,away,9599,0,3,played,5,6,False,82,0,0,0,0,0,0,,,82,0,0
462038,Erol Dost,2026-05-18T16:30:00+00:00,2025,BU1,1,False,4866450,36,730,home,675,2,0,played,5,6,False,90,0,0,0,0,0,0,,,,0,0
462038,Erol Dost,2026-05-14T17:15:00+00:00,2025,BU1,1,False,4866444,35,730,home,6764,1,1,played,5,6,False,90,0,0,0,0,0,0,,,,0,0
462038,Erol Dost,2026-05-09T10:45:00+00:00,2025,BU1,1,False,4866441,34,730,away,24078,2,2,played,5,6,False,45,0,0,0,0,0,0,,,46,0,0
462038,Erol Dost,2026-05-05T17:00:00+00:00,2025,BU1,1,False,4866437,33,730,home,26462,2,2,played,5,7,False,71,0,0,0,0,0,0,,,71,0,0
462038,Erol Dost,2026-05-01T17:00:00+00:00,2025,BU1,1,False,4866433,32,730,away,4362,3,0,played,5,7,False,90,0,0,0,0,0,0,,,,0,0
462038,Erol Dost,2026-04-27T17:00:00+00:00,2025,BU1,1,False,4866429,31,730,home,40416,1,1,played,5,0,False,29,0,0,0,0,0,0,,61,,0,0
462038,Erol Dost,2026-04-14T15:00:00+00:00,2025,BU1,1,False,4718173,30,730,away,26462,2,3,played,5,7,False,90,0,0,0,0,0,0,,,,0,0
270920,Reyan Daskalov,2026-07-25T18:15:00+00:00,2026,BU1,1,False,4909872,2,730,home,156,1,2,played,22,3,False,90,0,0,0,0,0,0,,,,0,0
270920,Reyan Daskalov,2026-07-21T18:30:00+00:00,2026,BU1,1,False,4909852,1,730,away,2531,1,1,played,22,5,False,90,0,0,0,0,0,0,,,,0,0
270920,Reyan Daskalov,2026-05-22T15:00:00+00:00,2025,BU1,1,False,4866452,37,730,away,9599,0,3,not in squad,,,False,0,0,0,0,0,0,0,,,,0,0
270920,Reyan Daskalov,2026-05-18T16:30:00+00:00,2025,BU1,1,False,4866450,36,730,home,675,2,0,not in squad,,,False,0,0,0,0,0,0,0,,,,0,0
270920,Reyan Daskalov,2026-05-14T17:15:00+00:00,2025,BU1,1,False,4866444,35,730,home,6764,1,1,played,22,0,False,17,0,0,0,0,0,0,,73,,0,0
270920,Reyan Daskalov,2026-05-09T10:45:00+00:00,2025,BU1,1,False,4866441,34,730,away,24078,2,2,played,22,5,False,61,0,0,0,0,0,0,,,61,0,0
270920,Reyan Daskalov,2026-05-05T17:00:00+00:00,2025,BU1,1,False,4866437,33,730,home,26462,2,2,absent,,,False,0,0,0,0,0,0,0,,,,0,2
270920,Reyan Daskalov,2026-05-01T17:00:00+00:00,2025,BU1,1,False,4866433,32,730,away,4362,3,0,played,22,5,False,88,0,0,0,0,0,0,71,,,0,0
270920,Reyan Daskalov,2026-04-27T17:00:00+00:00,2025,BU1,1,False,4866429,31,730,home,40416,1,1,played,22,5,False,90,0,0,0,0,0,0,37,,,0,0
270920,Reyan Daskalov,2026-04-14T15:00:00+00:00,2025,BU1,1,False,4718173,30,730,away,26462,2,3,played,22,5,False,90,0,0,0,0,0,0,,,,0,0
586892,Bozhidar Katsarov,2026-07-25T18:15:00+00:00,2026,BU1,1,False,4909872,2,730,home,156,1,2,in squad,44,,False,0,0,0,0,0,0,0,,,,0,0
586892,Bozhidar Katsarov,2026-07-21T18:30:00+00:00,2026,BU1,1,False,4909852,1,730,away,2531,1,1,played,44,3,False,5,0,0,0,0,0,0,,,5,0,0
586892,Bozhidar Katsarov,2026-05-22T15:00:00+00:00,2025,BU1,1,False,4866452,37,730,away,9599,0,3,not in squad,,,False,0,0,0,0,0,0,0,,,,0,0
586892,Bozhidar Katsarov,2026-05-18T16:30:00+00:00,2025,BU1,1,False,4866450,36,730,home,675,2,0,absent,,,False,0,0,0,0,0,0,0,,,,0,3
586892,Bozhidar Katsarov,2026-05-14T17:15:00+00:00,2025,BU1,1,False,4866444,35,730,home,6764,1,1,played,44,3,False,90,0,0,0,0,0,0,,,,0,0
586892,Bozhidar Katsarov,2026-05-09T10:45:00+00:00,2025,BU1,1,False,4866441,34,730,away,24078,2,2,played,44,3,False,90,0,0,0,0,0,0,,,,0,0
586892,Bozhidar Katsarov,2026-05-05T17:00:00+00:00,2025,BU1,1,False,4866437,33,730,home,26462,2,2,played,44,3,False,90,0,0,0,0,0,0,74,,,0,0
586892,Bozhidar Katsarov,2026-05-01T17:00:00+00:00,2025,BU1,1,False,4866433,32,730,away,4362,3,0,played,44,3,False,90,1,0,0,0,0,0,,,,0,0
586892,Bozhidar Katsarov,2026-04-27T17:00:00+00:00,2025,BU1,1,False,4866429,31,730,home,40416,1,1,played,44,3,False,90,0,0,0,0,0,0,,,,0,0
586892,Bozhidar Katsarov,2026-04-14T15:00:00+00:00,2025,BU1,1,False,4718173,30,730,away,26462,2,3,played,44,3,True,90,0,0,0,0,0,0,84,,,0,0
271405,Krasimir Stanoev,2026-07-25T18:15:00+00:00,2026,BU1,1,False,4909872,2,730,home,156,1,2,played,31,6,True,90,0,0,0,0,0,0,,,,0,0
271405,Krasimir Stanoev,2026-07-21T18:30:00+00:00,2026,BU1,1,False,4909852,1,730,away,2531,1,1,played,31,6,True,86,0,0,0,0,0,0,,,86,0,0
271405,Krasimir Stanoev,2026-05-22T15:00:00+00:00,2025,BU1,1,False,4866452,37,730,away,9599,0,3,not in squad,,,False,0,0,0,0,0,0,0,,,,0,0
271405,Krasimir Stanoev,2026-05-18T16:30:00+00:00,2025,BU1,1,False,4866450,36,730,home,675,2,0,played,31,6,True,90,0,0,0,0,0,0,,,,0,0
271405,Krasimir Stanoev,2026-05-14T17:15:00+00:00,2025,BU1,1,False,4866444,35,730,home,6764,1,1,played,31,6,True,73,0,0,0,0,0,0,,,73,0,0
271405,Krasimir Stanoev,2026-05-09T10:45:00+00:00,2025,BU1,1,False,4866441,34,730,away,24078,2,2,played,31,6,False,90,0,0,0,0,0,0,,,,0,0
271405,Krasimir Stanoev,2026-05-05T17:00:00+00:00,2025,BU1,1,False,4866437,33,730,home,26462,2,2,played,31,6,True,86,0,0,0,0,0,0,,,86,0,0
271405,Krasimir Stanoev,2026-05-01T17:00:00+00:00,2025,BU1,1,False,4866433,32,730,away,4362,3,0,played,31,6,True,90,0,0,0,0,0,0,,,,0,0
271405,Krasimir Stanoev,2026-04-27T17:00:00+00:00,2025,BU1,1,False,4866429,31,730,home,40416,1,1,played,31,6,True,81,0,0,0,0,0,0,,,81,0,0
271405,Krasimir Stanoev,2026-04-14T15:00:00+00:00,2025,BU1,1,False,4718173,30,730,away,26462,2,3,not in squad,,,False,0,0,0,0,0,0,0,,,,0,0
463617,Adil Taoui,2026-07-25T18:15:00+00:00,2026,BU1,1,False,4909872,2,730,home,156,1,2,played,11,0,False,30,0,0,0,0,0,0,,60,,0,0
463617,Adil Taoui,2026-07-21T18:30:00+00:00,2026,BU1,1,False,4909852,1,730,away,2531,1,1,played,11,0,False,4,0,0,0,0,0,0,,86,,0,0
463617,Adil Taoui,2026-05-22T15:00:00+00:00,2025,BU1,1,False,4866452,37,730,away,9599,0,3,played,11,10,False,82,0,0,0,0,0,0,81,,82,0,0
463617,Adil Taoui,2026-05-18T16:30:00+00:00,2025,BU1,1,False,4866450,36,730,home,675,2,0,played,11,10,False,86,1,1,0,0,0,0,,,86,0,0
463617,Adil Taoui,2026-05-14T17:15:00+00:00,2025,BU1,1,False,4866444,35,730,home,6764,1,1,played,11,10,False,90,0,1,0,0,0,0,63,,90,0,0
463617,Adil Taoui,2026-05-09T10:45:00+00:00,2025,BU1,1,False,4866441,34,730,away,24078,2,2,played,11,12,False,90,1,0,0,0,0,0,,,,0,0
463617,Adil Taoui,2026-05-05T17:00:00+00:00,2025,BU1,1,False,4866437,33,730,home,26462,2,2,played,11,7,False,90,0,0,0,0,0,0,,,90,0,0
463617,Adil Taoui,2026-05-01T17:00:00+00:00,2025,BU1,1,False,4866433,32,730,away,4362,3,0,played,11,0,False,35,1,0,0,0,0,0,,55,,0,0
463617,Adil Taoui,2026-04-27T17:00:00+00:00,2025,BU1,1,False,4866429,31,730,home,40416,1,1,played,11,12,False,61,0,0,0,0,0,0,,,61,0,0
463617,Adil Taoui,2026-04-14T15:00:00+00:00,2025,BU1,1,False,4718173,30,730,away,26462,2,3,played,11,0,False,27,0,0,0,0,0,0,,63,,0,0
979701,Luann,2026-05-22T15:00:00+00:00,2025,BU1,1,False,4866452,37,730,away,9599,0,3,played,8,0,False,24,0,0,0,0,0,0,,66,,0,0
979701,Luann,2026-05-18T16:30:00+00:00,2025,BU1,1,False,4866450,36,730,home,675,2,0,in squad,8,,False,0,0,0,0,0,0,0,,,,0,0
979701,Luann,2026-05-14T17:15:00+00:00,2025,BU1,1,False,4866444,35,730,home,6764,1,1,in squad,8,,False,0,0,0,0,0,0,0,,,,0,0
979701,Luann,2026-05-09T10:45:00+00:00,2025,BU1,1,False,4866441,34,730,away,24078,2,2,not in squad,,,False,0,0,0,0,0,0,0,,,,0,0
979701,Luann,2026-05-05T17:00:00+00:00,2025,BU1,1,False,4866437,33,730,home,26462,2,2,in squad,8,,False,0,0,0,0,0,0,0,,,,0,0
979701,Luann,2026-05-01T17:00:00+00:00,2025,BU1,1,False,4866433,32,730,away,4362,3,0,not in squad,,,False,0,0,0,0,0,0,0,,,,0,0
979701,Luann,2026-04-27T17:00:00+00:00,2025,BU1,1,False,4866429,31,730,home,40416,1,1,not in squad,,,False,0,0,0,0,0,0,0,,,,0,0
979701,Luann,2026-04-14T15:00:00+00:00,2025,BU1,1,False,4718173,30,730,away,26462,2,3,played,8,0,False,45,0,0,0,0,0,0,,46,,0,0
979701,Luann,2026-04-09T12:30:00+00:00,2025,BU1,1,False,4718201,29,730,home,6764,2,1,played,8,12,False,79,0,0,0,0,0,0,,,79,0,0
979701,Luann,2026-04-03T16:45:00+00:00,2025,BU1,1,False,4718150,28,730,away,2259,0,1,played,8,0,False,11,0,0,0,0,0,0,,79,,0,0
587689,Krasimir Miloshev,2026-07-25T18:15:00+00:00,2026,BU1,1,False,4909872,2,730,home,156,1,2,played,26,5,False,90,0,0,0,0,0,0,,,,0,0
587689,Krasimir Miloshev,2026-07-21T18:30:00+00:00,2026,BU1,1,False,4909852,1,730,away,2531,1,1,played,26,0,False,23,0,0,0,0,0,0,,67,,0,0
587689,Krasimir Miloshev,2026-05-22T15:00:00+00:00,2025,BU1,1,False,4866452,37,730,away,9599,0,3,played,26,6,False,90,0,0,0,0,0,0,,,,0,0
587689,Krasimir Miloshev,2026-05-18T16:30:00+00:00,2025,BU1,1,False,4866450,36,730,home,675,2,0,played,26,0,False,9,0,0,0,0,0,0,,81,,0,0
587689,Krasimir Miloshev,2026-05-14T17:15:00+00:00,2025,BU1,1,False,4866444,35,730,home,6764,1,1,in squad,26,,False,0,0,0,0,0,0,0,,,,0,0
587689,Krasimir Miloshev,2026-05-09T10:45:00+00:00,2025,BU1,1,False,4866441,34,730,away,24078,2,2,in squad,26,,False,0,0,0,0,0,0,0,,,,0,0
587689,Krasimir Miloshev,2026-05-05T17:00:00+00:00,2025,BU1,1,False,4866437,33,730,home,26462,2,2,played,26,0,False,45,0,0,0,0,0,0,,46,,0,0
587689,Krasimir Miloshev,2026-05-01T17:00:00+00:00,2025,BU1,1,False,4866433,32,730,away,4362,3,0,in squad,26,,False,0,0,0,0,0,0,0,,,,0,0
587689,Krasimir Miloshev,2026-04-27T17:00:00+00:00,2025,BU1,1,False,4866429,31,730,home,40416,1,1,in squad,26,,False,0,0,0,0,0,0,0,,,,0,0
587689,Krasimir Miloshev,2026-04-14T15:00:00+00:00,2025,BU1,1,False,4718173,30,730,away,26462,2,3,in squad,26,,False,0,0,0,0,0,0,0,,,,0,0
547052,Donaldo Acka,2026-05-22T15:00:00+00:00,2025,BU1,1,False,4866452,37,730,away,9599,0,3,not in squad,,,False,0,0,0,0,0,0,0,,,,0,0
547052,Donaldo Acka,2026-05-18T16:30:00+00:00,2025,BU1,1,False,4866450,36,730,home,675,2,0,not in squad,,,False,0,0,0,0,0,0,0,,,,0,0
547052,Donaldo Acka,2026-05-14T17:15:00+00:00,2025,BU1,1,False,4866444,35,730,home,6764,1,1,not in squad,,,False,0,0,0,0,0,0,0,,,,0,0
547052,Donaldo Acka,2026-05-09T10:45:00+00:00,2025,BU1,1,False,4866441,34,730,away,24078,2,2,played,28,0,False,56,0,0,0,0,0,0,,5,61,0,0
547052,Donaldo Acka,2026-05-05T17:00:00+00:00,2025,BU1,1,False,4866437,33,730,home,26462,2,2,not in squad,,,False,0,0,0,0,0,0,0,,,,0,0
547052,Donaldo Acka,2026-05-01T17:00:00+00:00,2025,BU1,1,False,4866433,32,730,away,4362,3,0,not in squad,,,False,0,0,0,0,0,0,0,,,,0,0
547052,Donaldo Acka,2026-04-27T17:00:00+00:00,2025,BU1,1,False,4866429,31,730,home,40416,1,1,played,28,0,False,9,0,0,0,0,0,0,,81,,0,0
547052,Donaldo Acka,2026-04-14T15:00:00+00:00,2025,BU1,1,False,4718173,30,730,away,26462,2,3,played,28,6,False,45,0,0,0,0,0,0,45,,46,0,0
547052,Donaldo Acka,2026-04-09T12:30:00+00:00,2025,BU1,1,False,4718201,29,730,home,6764,2,1,played,28,0,False,11,0,0,0,0,0,0,,79,,0,0
547052,Donaldo Acka,2026-04-03T16:45:00+00:00,2025,BU1,1,False,4718150,28,730,away,2259,0,1,played,28,0,False,35,0,0,0,0,0,0,85,55,,0,0
1102503,Kristian Chachev,2026-07-25T18:15:00+00:00,2026,BU1,1,False,4909872,2,730,home,156,1,2,in squad,21,,False,0,0,0,0,0,0,0,,,,0,0
1102503,Kristian Chachev,2026-07-21T18:30:00+00:00,2026,BU1,1,False,4909852,1,730,away,2531,1,1,played,21,0,False,4,0,0,0,0,0,0,,86,,0,0
1102503,Kristian Chachev,2026-05-23T15:00:00+00:00,2025,BU2,2,False,4718046,34,19784,home,26563,1,0,played,21,0,False,1,0,0,0,0,0,0,,90,,0,0
1102503,Kristian Chachev,2026-05-15T15:00:00+00:00,2025,BU2,2,False,4718032,33,19784,away,4494,0,1,in squad,21,,False,0,0,0,0,0,0,0,,,,0,0
1102503,Kristian Chachev,2026-05-11T15:00:00+00:00,2025,BU2,2,False,4718027,32,19784,home,521,2,0,played,21,0,False,1,0,0,0,0,0,0,,90,,0,0
1102503,Kristian Chachev,2026-05-02T15:00:00+00:00,2025,BU2,2,False,4718015,31,19784,away,2190,0,3,in squad,21,,False,0,0,0,0,0,0,0,,,,0,0
1102503,Kristian Chachev,2026-04-26T12:00:00+00:00,2025,BU2,2,False,4718008,30,19784,home,19780,3,2,in squad,21,,False,0,0,0,0,0,0,0,,,,0,0
1102503,Kristian Chachev,2026-04-16T14:00:00+00:00,2025,BU2,2,False,4717998,29,19784,away,11255,1,4,played,21,0,False,24,0,0,0,0,0,0,,66,,0,0
1102503,Kristian Chachev,2026-04-10T14:00:00+00:00,2025,BU2,2,False,4717989,28,19784,home,9524,0,1,played,21,0,False,90,0,0,0,0,0,0,27,,,0,0
1102503,Kristian Chachev,2026-04-04T14:00:00+00:00,2025,BU2,2,False,4717981,27,19784,away,4503,0,0,played,21,0,False,90,0,0,0,0,0,0,,,,0,0
1551558,Mihail Yankov,2026-05-22T15:00:00+00:00,2025,BU1,1,False,4866452,37,730,away,9599,0,3,in squad,95,,False,0,0,0,0,0,0,0,,,,0,0
269469,Octávio,2026-06-07T20:00:00+00:00,2025,BRA4,4,False,4893044,10,63296,away,32037,1,3,in squad,,,False,0,0,0,0,0,0,0,,,,0,0
269469,Octávio,2026-05-30T20:00:00+00:00,2025,BRA4,4,False,4890864,9,63296,home,16108,1,0,played,0,0,False,20,0,0,0,0,0,0,,70,,0,0
269469,Octávio,2026-05-23T22:00:00+00:00,2025,BRA4,4,False,4888908,8,63296,away,40120,1,1,in squad,,,False,0,0,0,0,0,0,0,,,,0,0
269469,Octávio,2026-05-16T20:00:00+00:00,2025,BRA4,4,False,4885244,7,63296,home,55335,1,2,not in squad,,,False,0,0,0,0,0,0,0,,,,0,0
269469,Octávio,2026-05-09T20:00:00+00:00,2025,BRA4,4,False,4882023,6,63296,home,15047,0,3,not in squad,,,False,0,0,0,0,0,0,0,,,,0,0
269469,Octávio,2026-05-02T21:00:00+00:00,2025,BRA4,4,False,4873433,5,63296,away,15047,0,1,not in squad,,,False,0,0,0,0,0,0,0,,,,0,0
269469,Octávio,2026-04-25T21:00:00+00:00,2025,BRA4,4,False,4869669,4,63296,away,55335,0,1,played,0,0,False,14,0,0,0,0,0,0,,76,,0,0
269469,Octávio,2026-04-18T20:00:00+00:00,2025,BRA4,4,False,4866494,3,63296,home,40120,2,2,not in squad,,,False,0,0,0,0,0,0,0,,,,0,0
269469,Octávio,2026-04-12T19:00:00+00:00,2025,BRA4,4,False,4853272,2,63296,away,16108,1,0,not in squad,,,False,0,0,0,0,0,0,0,,,,0,0
269469,Octávio,2026-04-04T20:00:00+00:00,2025,BRA4,4,False,4853302,1,63296,home,32037,2,1,not in squad,,,False,0,0,0,0,0,0,0,,,,0,0
221567,Georgi Minchev,2026-07-25T18:15:00+00:00,2026,BU1,1,False,4909872,2,730,home,156,1,2,played,10,14,False,89,0,0,0,0,0,0,69,,89,0,0
221567,Georgi Minchev,2026-07-21T18:30:00+00:00,2026,BU1,1,False,4909852,1,730,away,2531,1,1,played,10,14,False,86,0,0,0,0,0,0,86,,86,0,0
221567,Georgi Minchev,2026-05-22T15:00:00+00:00,2025,BU1,1,False,4866452,37,730,away,9599,0,3,played,10,14,False,90,0,0,0,0,0,0,,,,0,0
221567,Georgi Minchev,2026-05-18T16:30:00+00:00,2025,BU1,1,False,4866450,36,730,home,675,2,0,played,10,14,False,85,0,0,0,0,0,0,,,85,0,0
221567,Georgi Minchev,2026-05-14T17:15:00+00:00,2025,BU1,1,False,4866444,35,730,home,6764,1,1,not in squad,,,False,0,0,0,0,0,0,0,,,,0,0
221567,Georgi Minchev,2026-05-09T10:45:00+00:00,2025,BU1,1,False,4866441,34,730,away,24078,2,2,played,10,14,False,90,1,0,0,0,0,0,,,,0,0
221567,Georgi Minchev,2026-05-05T17:00:00+00:00,2025,BU1,1,False,4866437,33,730,home,26462,2,2,played,10,14,False,90,2,0,0,0,0,0,,,,0,0
221567,Georgi Minchev,2026-05-01T17:00:00+00:00,2025,BU1,1,False,4866433,32,730,away,4362,3,0,played,10,14,False,85,0,0,0,0,0,0,,,85,0,0
221567,Georgi Minchev,2026-04-27T17:00:00+00:00,2025,BU1,1,False,4866429,31,730,home,40416,1,1,played,10,0,False,29,0,0,0,0,0,0,,61,,0,0
221567,Georgi Minchev,2026-04-14T15:00:00+00:00,2025,BU1,1,False,4718173,30,730,away,26462,2,3,played,10,0,False,18,0,0,0,0,0,0,,72,,0,0
340199,Ante Aralica,2026-07-25T18:15:00+00:00,2026,BU1,1,False,4909872,2,730,home,156,1,2,injured,,,False,0,0,0,0,0,0,0,,,,101,0
340199,Ante Aralica,2026-07-21T18:30:00+00:00,2026,BU1,1,False,4909852,1,730,away,2531,1,1,injured,,,False,0,0,0,0,0,0,0,,,,101,0
340199,Ante Aralica,2026-05-22T15:00:00+00:00,2025,BU1,1,False,4866452,37,730,away,9599,0,3,injured,,,False,0,0,0,0,0,0,0,,,,101,0
340199,Ante Aralica,2026-05-18T16:30:00+00:00,2025,BU1,1,False,4866450,36,730,home,675,2,0,injured,,,False,0,0,0,0,0,0,0,,,,101,0
340199,Ante Aralica,2026-05-14T17:15:00+00:00,2025,BU1,1,False,4866444,35,730,home,6764,1,1,injured,,,False,0,0,0,0,0,0,0,,,,101,0
340199,Ante Aralica,2026-05-09T10:45:00+00:00,2025,BU1,1,False,4866441,34,730,away,24078,2,2,injured,,,False,0,0,0,0,0,0,0,,,,101,0
340199,Ante Aralica,2026-05-05T17:00:00+00:00,2025,BU1,1,False,4866437,33,730,home,26462,2,2,injured,,,False,0,0,0,0,0,0,0,,,,101,0
340199,Ante Aralica,2026-05-01T17:00:00+00:00,2025,BU1,1,False,4866433,32,730,away,4362,3,0,injured,,,False,0,0,0,0,0,0,0,,,,101,0
340199,Ante Aralica,2026-04-27T17:00:00+00:00,2025,BU1,1,False,4866429,31,730,home,40416,1,1,injured,,,False,0,0,0,0,0,0,0,,,,101,0
340199,Ante Aralica,2026-04-14T15:00:00+00:00,2025,BU1,1,False,4718173,30,730,away,26462,2,3,injured,,,False,0,0,0,0,0,0,0,,,,101,0
169006,Simeon Slavchev,2026-05-22T15:00:00+00:00,2025,BU1,1,False,4866452,37,730,away,9599,0,3,not in squad,,,False,0,0,0,0,0,0,0,,,,0,0
169006,Simeon Slavchev,2026-05-18T16:30:00+00:00,2025,BU1,1,False,4866450,36,730,home,675,2,0,not in squad,,,False,0,0,0,0,0,0,0,,,,0,0
169006,Simeon Slavchev,2026-05-14T17:15:00+00:00,2025,BU1,1,False,4866444,35,730,home,6764,1,1,not in squad,,,False,0,0,0,0,0,0,0,,,,0,0
169006,Simeon Slavchev,2026-05-09T10:45:00+00:00,2025,BU1,1,False,4866441,34,730,away,24078,2,2,not in squad,,,False,0,0,0,0,0,0,0,,,,0,0
169006,Simeon Slavchev,2026-05-05T17:00:00+00:00,2025,BU1,1,False,4866437,33,730,home,26462,2,2,not in squad,,,False,0,0,0,0,0,0,0,,,,0,0
169006,Simeon Slavchev,2026-05-01T17:00:00+00:00,2025,BU1,1,False,4866433,32,730,away,4362,3,0,not in squad,,,False,0,0,0,0,0,0,0,,,,0,0
169006,Simeon Slavchev,2026-04-27T17:00:00+00:00,2025,BU1,1,False,4866429,31,730,home,40416,1,1,not in squad,,,False,0,0,0,0,0,0,0,,,,0,0
169006,Simeon Slavchev,2026-04-14T15:00:00+00:00,2025,BU1,1,False,4718173,30,730,away,26462,2,3,not in squad,,,False,0,0,0,0,0,0,0,,,,0,0
169006,Simeon Slavchev,2026-04-09T12:30:00+00:00,2025,BU1,1,False,4718201,29,730,home,6764,2,1,not in squad,,,False,0,0,0,0,0,0,0,,,,0,0
169006,Simeon Slavchev,2026-04-03T16:45:00+00:00,2025,BU1,1,False,4718150,28,730,away,2259,0,1,not in squad,,,False,0,0,0,0,0,0,0,,,,0,0
616276,Diego Raposo,2026-05-22T15:00:00+00:00,2025,BU1,1,False,4866452,37,730,away,9599,0,3,not in squad,,,False,0,0,0,0,0,0,0,,,,0,0
616276,Diego Raposo,2026-05-18T16:30:00+00:00,2025,BU1,1,False,4866450,36,730,home,675,2,0,not in squad,,,False,0,0,0,0,0,0,0,,,,0,0
616276,Diego Raposo,2026-05-14T17:15:00+00:00,2025,BU1,1,False,4866444,35,730,home,6764,1,1,not in squad,,,False,0,0,0,0,0,0,0,,,,0,0
616276,Diego Raposo,2026-05-09T10:45:00+00:00,2025,BU1,1,False,4866441,34,730,away,24078,2,2,not in squad,,,False,0,0,0,0,0,0,0,,,,0,0
616276,Diego Raposo,2026-05-05T17:00:00+00:00,2025,BU1,1,False,4866437,33,730,home,26462,2,2,in squad,13,,False,0,0,0,0,0,0,0,,,,0,0
616276,Diego Raposo,2026-05-01T17:00:00+00:00,2025,BU1,1,False,4866433,32,730,away,4362,3,0,in squad,13,,False,0,0,0,0,0,0,0,,,,0,0
616276,Diego Raposo,2026-04-27T17:00:00+00:00,2025,BU1,1,False,4866429,31,730,home,40416,1,1,played,13,10,False,61,0,0,0,0,0,0,,,61,0,0
616276,Diego Raposo,2026-04-14T15:00:00+00:00,2025,BU1,1,False,4718173,30,730,away,26462,2,3,played,13,12,False,63,0,0,0,0,0,0,,,63,0,0
616276,Diego Raposo,2026-04-09T12:30:00+00:00,2025,BU1,1,False,4718201,29,730,home,6764,2,1,played,13,10,False,68,0,0,0,0,0,0,,,68,0,0
616276,Diego Raposo,2026-04-03T16:45:00+00:00,2025,BU1,1,False,4718150,28,730,away,2259,0,1,played,13,0,False,21,0,0,0,0,0,0,,69,,0,0
1270011,Cauê Caruso,2026-07-25T18:15:00+00:00,2026,BU1,1,False,4909872,2,730,home,156,1,2,played,77,0,False,1,0,0,0,0,0,0,,89,,0,0
1270011,Cauê Caruso,2026-07-21T18:30:00+00:00,2026,BU1,1,False,4909852,1,730,away,2531,1,1,in squad,77,,False,0,0,0,0,0,0,0,,,,0,0
1270011,Cauê Caruso,2026-05-22T15:00:00+00:00,2025,BU1,1,False,4866452,37,730,away,9599,0,3,played,77,12,False,60,0,0,0,0,0,0,,,60,0,0
1270011,Cauê Caruso,2026-05-18T16:30:00+00:00,2025,BU1,1,False,4866450,36,730,home,675,2,0,played,77,0,False,30,0,0,0,0,0,0,,60,,0,0
1270011,Cauê Caruso,2026-05-14T17:15:00+00:00,2025,BU1,1,False,4866444,35,730,home,6764,1,1,played,77,12,False,86,0,0,0,0,0,0,58,,86,0,0
1270011,Cauê Caruso,2026-05-09T10:45:00+00:00,2025,BU1,1,False,4866441,34,730,away,24078,2,2,played,77,0,False,29,0,0,0,0,0,0,,61,,0,0
1270011,Cauê Caruso,2026-05-05T17:00:00+00:00,2025,BU1,1,False,4866437,33,730,home,26462,2,2,played,77,12,False,45,0,0,0,0,0,0,,,46,0,0
1270011,Cauê Caruso,2026-05-01T17:00:00+00:00,2025,BU1,1,False,4866433,32,730,away,4362,3,0,played,77,12,False,75,1,0,0,0,0,0,,,75,0,0
1270011,Cauê Caruso,2026-04-27T17:00:00+00:00,2025,BU1,1,False,4866429,31,730,home,40416,1,1,played,77,14,False,72,0,0,0,0,0,0,,,72,0,0
1270011,Cauê Caruso,2026-04-14T15:00:00+00:00,2025,BU1,1,False,4718173,30,730,away,26462,2,3,played,77,14,False,90,1,0,0,0,0,0,,,,0,0
429706,Mitko Mitkov,2026-07-25T18:15:00+00:00,2026,BU1,1,False,4909872,2,730,home,156,1,2,in squad,19,,False,0,0,0,0,0,0,0,,,,0,0
429706,Mitko Mitkov,2026-07-21T18:30:00+00:00,2026,BU1,1,False,4909852,1,730,away,2531,1,1,in squad,19,,False,0,0,0,0,0,0,0,,,,0,0
429706,Mitko Mitkov,2026-05-22T15:00:00+00:00,2025,BU1,1,False,4866452,37,730,away,9599,0,3,not in squad,,,False,0,0,0,0,0,0,0,,,,0,0
429706,Mitko Mitkov,2026-05-18T16:30:00+00:00,2025,BU1,1,False,4866450,36,730,home,675,2,0,not in squad,,,False,0,0,0,0,0,0,0,,,,0,0
429706,Mitko Mitkov,2026-05-14T17:15:00+00:00,2025,BU1,1,False,4866444,35,730,home,6764,1,1,not in squad,,,False,0,0,0,0,0,0,0,,,,0,0
429706,Mitko Mitkov,2026-05-09T10:45:00+00:00,2025,BU1,1,False,4866441,34,730,away,24078,2,2,not in squad,,,False,0,0,0,0,0,0,0,,,,0,0
429706,Mitko Mitkov,2026-05-05T17:00:00+00:00,2025,BU1,1,False,4866437,33,730,home,26462,2,2,not in squad,,,False,0,0,0,0,0,0,0,,,,0,0
429706,Mitko Mitkov,2026-05-01T17:00:00+00:00,2025,BU1,1,False,4866433,32,730,away,4362,3,0,not in squad,,,False,0,0,0,0,0,0,0,,,,0,0
429706,Mitko Mitkov,2026-04-27T17:00:00+00:00,2025,BU1,1,False,4866429,31,730,home,40416,1,1,not in squad,,,False,0,0,0,0,0,0,0,,,,0,0
429706,Mitko Mitkov,2026-04-14T15:00:00+00:00,2025,BU1,1,False,4718173,30,730,away,26462,2,3,not in squad,,,False,0,0,0,0,0,0,0,,,,0,0
1534194,Emil Gerov,2026-07-25T18:15:00+00:00,2026,BU1,1,False,4909872,2,730,home,156,1,2,in squad,45,,False,0,0,0,0,0,0,0,,,,0,0
1534194,Emil Gerov,2026-07-21T18:30:00+00:00,2026,BU1,1,False,4909852,1,730,away,2531,1,1,in squad,45,,False,0,0,0,0,0,0,0,,,,0,0
1534194,Emil Gerov,2026-05-22T15:00:00+00:00,2025,BU1,1,False,4866452,37,730,away,9599,0,3,played,45,0,False,30,0,0,0,0,0,0,,60,,0,0
1534194,Emil Gerov,2026-05-18T16:30:00+00:00,2025,BU1,1,False,4866450,36,730,home,675,2,0,played,45,0,False,4,0,0,0,0,0,0,,86,,0,0
1534194,Emil Gerov,2026-05-14T17:15:00+00:00,2025,BU1,1,False,4866444,35,730,home,6764,1,1,played,45,0,False,18,0,0,0,0,0,0,,72,,0,0
1534194,Emil Gerov,2026-05-09T10:45:00+00:00,2025,BU1,1,False,4866441,34,730,away,24078,2,2,played,45,0,False,29,0,0,0,0,0,0,,61,,0,0
1534194,Emil Gerov,2026-05-05T17:00:00+00:00,2025,BU1,1,False,4866437,33,730,home,26462,2,2,played,45,0,False,1,0,0,0,0,0,0,,90,,0,0
1534194,Emil Gerov,2026-05-01T17:00:00+00:00,2025,BU1,1,False,4866433,32,730,away,4362,3,0,played,45,0,False,5,0,0,0,0,0,0,,85,,0,0
1534194,Emil Gerov,2026-04-27T17:00:00+00:00,2025,BU1,1,False,4866429,31,730,home,40416,1,1,played,45,0,False,18,0,0,0,0,0,0,,72,,0,0
1534194,Emil Gerov,2026-04-14T15:00:00+00:00,2025,BU1,1,False,4718173,30,730,away,26462,2,3,in squad,17,,False,0,0,0,0,0,0,0,,,,0,0
195652,Jordon Ibe,2026-05-22T15:00:00+00:00,2025,BU1,1,False,4866452,37,730,away,9599,0,3,played,33,11,False,60,0,0,0,0,0,0,,,60,0,0
195652,Jordon Ibe,2026-05-18T16:30:00+00:00,2025,BU1,1,False,4866450,36,730,home,675,2,0,played,33,12,False,60,0,0,0,0,0,0,,,60,0,0
195652,Jordon Ibe,2026-05-14T17:15:00+00:00,2025,BU1,1,False,4866444,35,730,home,6764,1,1,played,33,14,False,72,0,0,0,0,0,0,,,72,0,0
195652,Jordon Ibe,2026-05-09T10:45:00+00:00,2025,BU1,1,False,4866441,34,730,away,24078,2,2,played,33,0,False,45,0,0,0,0,0,0,,46,,0,0
195652,Jordon Ibe,2026-05-05T17:00:00+00:00,2025,BU1,1,False,4866437,33,730,home,26462,2,2,played,33,0,False,19,0,1,0,0,0,0,,71,,0,0
195652,Jordon Ibe,2026-05-01T17:00:00+00:00,2025,BU1,1,False,4866433,32,730,away,4362,3,0,played,33,0,False,5,0,0,0,0,0,0,,85,,0,0
195652,Jordon Ibe,2026-04-27T17:00:00+00:00,2025,BU1,1,False,4866429,31,730,home,40416,1,1,not in squad,,,False,0,0,0,0,0,0,0,,,,0,0
195652,Jordon Ibe,2026-04-14T15:00:00+00:00,2025,BU1,1,False,4718173,30,730,away,26462,2,3,in squad,33,,False,0,0,0,0,0,0,0,,,,0,0
195652,Jordon Ibe,2026-04-09T12:30:00+00:00,2025,BU1,1,False,4718201,29,730,home,6764,2,1,not in squad,,,False,0,0,0,0,0,0,0,,,,0,0
195652,Jordon Ibe,2026-04-03T16:45:00+00:00,2025,BU1,1,False,4718150,28,730,away,2259,0,1,not in squad,,,False,0,0,0,0,0,0,0,,,,0,0
1194694,Boycho Velichkov,2026-07-25T17:00:00+00:00,2026,BU2,2,False,4909820,1,5284,away,109262,1,0,not in squad,,,False,0,0,0,0,0,0,0,,,,0,0
1194694,Boycho Velichkov,2026-05-22T15:00:00+00:00,2025,BU1,1,False,4866452,37,730,away,9599,0,3,in squad,9,,False,0,0,0,0,0,0,0,,,,0,0
1194694,Boycho Velichkov,2026-05-18T16:30:00+00:00,2025,BU1,1,False,4866450,36,730,home,675,2,0,not in squad,,,False,0,0,0,0,0,0,0,,,,0,0
1194694,Boycho Velichkov,2026-05-14T17:15:00+00:00,2025,BU1,1,False,4866444,35,730,home,6764,1,1,not in squad,,,False,0,0,0,0,0,0,0,,,,0,0
1194694,Boycho Velichkov,2026-05-09T10:45:00+00:00,2025,BU1,1,False,4866441,34,730,away,24078,2,2,not in squad,,,False,0,0,0,0,0,0,0,,,,0,0
1194694,Boycho Velichkov,2026-05-05T17:00:00+00:00,2025,BU1,1,False,4866437,33,730,home,26462,2,2,not in squad,,,False,0,0,0,0,0,0,0,,,,0,0
1194694,Boycho Velichkov,2026-05-01T17:00:00+00:00,2025,BU1,1,False,4866433,32,730,away,4362,3,0,not in squad,,,False,0,0,0,0,0,0,0,,,,0,0
1194694,Boycho Velichkov,2026-04-27T17:00:00+00:00,2025,BU1,1,False,4866429,31,730,home,40416,1,1,not in squad,,,False,0,0,0,0,0,0,0,,,,0,0
1194694,Boycho Velichkov,2026-04-14T15:00:00+00:00,2025,BU1,1,False,4718173,30,730,away,26462,2,3,not in squad,,,False,0,0,0,0,0,0,0,,,,0,0
1194694,Boycho Velichkov,2026-04-09T12:30:00+00:00,2025,BU1,1,False,4718201,29,730,home,6764,2,1,not in squad,,,False,0,0,0,0,0,0,0,,,,0,0
1412045,Valentin Arhipov,2026-05-22T15:00:00+00:00,2025,BU1,1,False,4866452,37,730,away,9599,0,3,played,20,0,False,30,0,0,0,0,0,0,,60,,0,0
1412045,Valentin Arhipov,2026-05-18T16:30:00+00:00,2025,BU1,1,False,4866450,36,730,home,675,2,0,not in squad,,,False,0,0,0,0,0,0,0,,,,0,0
1412045,Valentin Arhipov,2026-05-14T17:15:00+00:00,2025,BU1,1,False,4866444,35,730,home,6764,1,1,not in squad,,,False,0,0,0,0,0,0,0,,,,0,0
1412045,Valentin Arhipov,2026-05-09T10:45:00+00:00,2025,BU1,1,False,4866441,34,730,away,24078,2,2,not in squad,,,False,0,0,0,0,0,0,0,,,,0,0
1412045,Valentin Arhipov,2026-05-05T17:00:00+00:00,2025,BU1,1,False,4866437,33,730,home,26462,2,2,not in squad,,,False,0,0,0,0,0,0,0,,,,0,0
1412045,Valentin Arhipov,2026-05-01T17:00:00+00:00,2025,BU1,1,False,4866433,32,730,away,4362,3,0,not in squad,,,False,0,0,0,0,0,0,0,,,,0,0
1412045,Valentin Arhipov,2026-04-27T17:00:00+00:00,2025,BU1,1,False,4866429,31,730,home,40416,1,1,not in squad,,,False,0,0,0,0,0,0,0,,,,0,0
1412045,Valentin Arhipov,2026-04-14T15:00:00+00:00,2025,BU1,1,False,4718173,30,730,away,26462,2,3,not in squad,,,False,0,0,0,0,0,0,0,,,,0,0
1412045,Valentin Arhipov,2026-04-09T12:30:00+00:00,2025,BU1,1,False,4718201,29,730,home,6764,2,1,not in squad,,,False,0,0,0,0,0,0,0,,,,0,0
1412045,Valentin Arhipov,2026-04-03T16:45:00+00:00,2025,BU1,1,False,4718150,28,730,away,2259,0,1,not in squad,,,False,0,0,0,0,0,0,0,,,,0,0
124869,Spas Delev,2026-07-25T18:15:00+00:00,2026,BU1,1,False,4909872,2,730,home,156,1,2,played,7,11,False,89,1,0,0,0,0,0,,,89,0,0
124869,Spas Delev,2026-07-21T18:30:00+00:00,2026,BU1,1,False,4909852,1,730,away,2531,1,1,played,7,11,False,90,0,0,0,0,0,0,,,,0,0
124869,Spas Delev,2026-05-22T15:00:00+00:00,2025,BU1,1,False,4866452,37,730,away,9599,0,3,not in squad,,,False,0,0,0,0,0,0,0,,,,0,0
124869,Spas Delev,2026-05-18T16:30:00+00:00,2025,BU1,1,False,4866450,36,730,home,675,2,0,played,7,11,False,90,0,1,0,0,0,0,,,,0,0
124869,Spas Delev,2026-05-14T17:15:00+00:00,2025,BU1,1,False,4866444,35,730,home,6764,1,1,played,7,11,False,90,0,0,0,0,0,0,,,,0,0
124869,Spas Delev,2026-05-09T10:45:00+00:00,2025,BU1,1,False,4866441,34,730,away,24078,2,2,played,7,11,False,90,0,1,0,0,0,0,,,,0,0
124869,Spas Delev,2026-05-05T17:00:00+00:00,2025,BU1,1,False,4866437,33,730,home,26462,2,2,played,7,11,False,90,0,0,0,0,0,0,90,,,0,0
124869,Spas Delev,2026-05-01T17:00:00+00:00,2025,BU1,1,False,4866433,32,730,away,4362,3,0,played,7,11,False,85,0,3,0,0,0,0,,,85,0,0
124869,Spas Delev,2026-04-27T17:00:00+00:00,2025,BU1,1,False,4866429,31,730,home,40416,1,1,played,7,11,False,90,0,0,0,0,0,0,,,,0,0
124869,Spas Delev,2026-04-14T15:00:00+00:00,2025,BU1,1,False,4718173,30,730,away,26462,2,3,played,7,11,False,90,1,1,0,0,0,0,,,,0,0
1551557,Bilgin Sali,2026-05-22T15:00:00+00:00,2025,BU1,1,False,4866452,37,730,away,9599,0,3,played,94,0,False,8,0,0,0,0,0,0,,82,,0,0
1548603,Viktor Velichkov,2026-05-22T15:00:00+00:00,2025,BU1,1,False,4866452,37,730,away,9599,0,3,played,88,0,False,8,0,0,0,0,0,0,,82,,0,0
1548603,Viktor Velichkov,2026-05-18T16:30:00+00:00,2025,BU1,1,False,4866450,36,730,home,675,2,0,played,88,0,False,5,0,0,0,0,0,0,,85,,0,0
1548603,Viktor Velichkov,2026-05-14T17:15:00+00:00,2025,BU1,1,False,4866444,35,730,home,6764,1,1,played,88,0,False,4,0,0,0,0,0,0,,86,,0,0
848192,Kristian Tomov,2026-07-26T16:00:00+00:00,2026,BU1,1,False,4909869,2,967,home,9599,0,3,played,81,1,False,90,0,0,0,0,0,0,,,,0,0
848192,Kristian Tomov,2026-07-19T16:30:00+00:00,2026,BU1,1,False,4909853,1,967,away,26462,1,1,played,81,1,False,90,0,0,0,0,0,0,,,,0,0
848192,Kristian Tomov,2026-05-25T14:45:00+00:00,2025,BU1,1,False,4866425,36,967,home,40604,2,3,played,81,1,False,90,0,0,0,0,0,0,,,,0,0
848192,Kristian Tomov,2026-05-16T16:00:00+00:00,2025,BU1,1,False,4866422,35,967,away,2531,0,5,played,81,1,False,90,0,0,0,0,0,0,,,,0,0
848192,Kristian Tomov,2026-05-12T14:45:00+00:00,2025,BU1,1,False,4866418,34,967,home,2259,2,0,played,81,1,False,90,0,0,0,0,0,0,,,,0,0
848192,Kristian Tomov,2026-05-09T13:15:00+00:00,2025,BU1,1,False,4866403,33,967,home,2531,2,0,played,81,1,False,90,0,0,0,0,0,0,,,,0,0
848192,Kristian Tomov,2026-05-03T10:30:00+00:00,2025,BU1,1,False,4866384,32,967,away,40604,0,0,played,81,1,False,90,0,0,0,0,0,0,,,,0,0
848192,Kristian Tomov,2026-04-26T13:30:00+00:00,2025,BU1,1,False,4866376,31,967,away,2259,1,0,played,81,1,False,90,0,0,0,0,0,0,,,,0,0
848192,Kristian Tomov,2026-04-15T15:00:00+00:00,2025,BU1,1,False,4718169,30,967,home,61955,0,4,played,81,1,False,90,0,0,0,0,0,0,,,,0,0
848192,Kristian Tomov,2026-04-09T15:00:00+00:00,2025,BU1,1,False,4718204,29,967,away,31614,0,0,played,81,1,False,90,0,0,0,0,0,0,90,,,0,0
725085,Asen Donchev,2026-07-26T16:00:00+00:00,2026,BU1,1,False,4909869,2,967,home,9599,0,3,played,8,11,False,72,0,0,0,0,0,0,,,72,0,0
725085,Asen Donchev,2026-07-19T16:30:00+00:00,2026,BU1,1,False,4909853,1,967,away,26462,1,1,not in squad,,,False,0,0,0,0,0,0,0,,,,0,0
725085,Asen Donchev,2026-05-25T14:45:00+00:00,2025,BU1,1,False,4866425,36,967,home,40604,2,3,played,8,12,False,90,1,0,0,0,0,0,59,,,0,0
725085,Asen Donchev,2026-05-16T16:00:00+00:00,2025,BU1,1,False,4866422,35,967,away,2531,0,5,played,8,14,False,90,0,0,0,0,0,0,,,,0,0
725085,Asen Donchev,2026-05-12T14:45:00+00:00,2025,BU1,1,False,4866418,34,967,home,2259,2,0,played,8,14,False,90,1,0,0,0,0,0,,,,0,0
725085,Asen Donchev,2026-05-09T13:15:00+00:00,2025,BU1,1,False,4866403,33,967,home,2531,2,0,played,8,0,False,30,1,0,0,0,0,0,,60,,0,0
725085,Asen Donchev,2026-05-03T10:30:00+00:00,2025,BU1,1,False,4866384,32,967,away,40604,0,0,absent,,,False,0,0,0,0,0,0,0,,,,0,1
725085,Asen Donchev,2026-04-26T13:30:00+00:00,2025,BU1,1,False,4866376,31,967,away,2259,1,0,played,8,14,False,86,0,0,0,0,0,0,57,,86,0,0
725085,Asen Donchev,2026-04-15T15:00:00+00:00,2025,BU1,1,False,4718169,30,967,home,61955,0,4,played,8,0,False,45,0,0,0,0,0,0,,46,,0,0
725085,Asen Donchev,2026-04-09T15:00:00+00:00,2025,BU1,1,False,4718204,29,967,away,31614,0,0,not in squad,,,False,0,0,0,0,0,0,0,,,,0,0
1430090,Antoan Manasiev,2026-07-26T16:00:00+00:00,2026,BU1,1,False,4909869,2,967,home,9599,0,3,in squad,77,,False,0,0,0,0,0,0,0,,,,0,0
1430090,Antoan Manasiev,2026-07-19T16:30:00+00:00,2026,BU1,1,False,4909853,1,967,away,26462,1,1,in squad,70,,False,0,0,0,0,0,0,0,,,,0,0
1430090,Antoan Manasiev,2026-05-25T14:45:00+00:00,2025,BU1,1,False,4866425,36,967,home,40604,2,3,in squad,70,,False,0,0,0,0,0,0,0,,,,0,0
1430090,Antoan Manasiev,2026-05-16T16:00:00+00:00,2025,BU1,1,False,4866422,35,967,away,2531,0,5,in squad,70,,False,0,0,0,0,0,0,0,,,,0,0
1430090,Antoan Manasiev,2026-05-12T14:45:00+00:00,2025,BU1,1,False,4866418,34,967,home,2259,2,0,in squad,70,,False,0,0,0,0,0,0,0,,,,0,0
1430090,Antoan Manasiev,2026-05-09T13:15:00+00:00,2025,BU1,1,False,4866403,33,967,home,2531,2,0,in squad,70,,False,0,0,0,0,0,0,0,,,,0,0
1430090,Antoan Manasiev,2026-05-03T10:30:00+00:00,2025,BU1,1,False,4866384,32,967,away,40604,0,0,in squad,70,,False,0,0,0,0,0,0,0,,,,0,0
1430090,Antoan Manasiev,2026-04-26T13:30:00+00:00,2025,BU1,1,False,4866376,31,967,away,2259,1,0,in squad,70,,False,0,0,0,0,0,0,0,,,,0,0
1430090,Antoan Manasiev,2026-04-15T15:00:00+00:00,2025,BU1,1,False,4718169,30,967,home,61955,0,4,in squad,70,,False,0,0,0,0,0,0,0,,,,0,0
1430090,Antoan Manasiev,2026-04-09T15:00:00+00:00,2025,BU1,1,False,4718204,29,967,away,31614,0,0,in squad,70,,False,0,0,0,0,0,0,0,,,,0,0
511545,Ertan Tombak,2026-07-26T16:00:00+00:00,2026,BU1,1,False,4909869,2,967,home,9599,0,3,played,50,5,False,90,0,0,0,0,0,0,,,,0,0
511545,Ertan Tombak,2026-07-19T16:30:00+00:00,2026,BU1,1,False,4909853,1,967,away,26462,1,1,not in squad,,,False,0,0,0,0,0,0,0,,,,0,0
511545,Ertan Tombak,2026-05-25T14:45:00+00:00,2025,BU1,1,False,4866425,36,967,home,40604,2,3,played,50,5,False,90,0,0,0,0,0,0,,,,0,0
511545,Ertan Tombak,2026-05-16T16:00:00+00:00,2025,BU1,1,False,4866422,35,967,away,2531,0,5,played,50,8,False,90,0,0,0,0,0,0,,,,0,0
511545,Ertan Tombak,2026-05-12T14:45:00+00:00,2025,BU1,1,False,4866418,34,967,home,2259,2,0,played,50,8,False,90,0,1,0,0,0,0,,,,0,0
511545,Ertan Tombak,2026-05-09T13:15:00+00:00,2025,BU1,1,False,4866403,33,967,home,2531,2,0,played,50,8,False,90,0,0,0,0,0,0,,,,0,0
511545,Ertan Tombak,2026-05-03T10:30:00+00:00,2025,BU1,1,False,4866384,32,967,away,40604,0,0,played,50,8,False,90,0,0,0,0,0,0,,,,0,0
511545,Ertan Tombak,2026-04-26T13:30:00+00:00,2025,BU1,1,False,4866376,31,967,away,2259,1,0,played,50,8,False,90,0,0,0,0,0,0,,,,0,0
511545,Ertan Tombak,2026-04-15T15:00:00+00:00,2025,BU1,1,False,4718169,30,967,home,61955,0,4,in squad,50,,False,0,0,0,0,0,0,0,,,,0,0
511545,Ertan Tombak,2026-04-09T15:00:00+00:00,2025,BU1,1,False,4718204,29,967,away,31614,0,0,played,50,0,False,1,0,0,0,0,0,0,,90,,0,0
156566,Plamen Iliev,2026-07-26T16:00:00+00:00,2026,BU1,1,False,4909869,2,9599,away,967,3,0,played,23,1,False,90,0,0,0,0,0,0,,,,0,0
156566,Plamen Iliev,2026-07-17T16:00:00+00:00,2026,BU1,1,False,4909854,1,9599,home,61955,2,2,played,23,1,False,90,0,0,0,0,0,0,,,,0,0
156566,Plamen Iliev,2026-03-15T12:30:00+00:00,2025,BU1,1,False,4718131,26,967,home,24078,1,0,in squad,33,,False,0,0,0,0,0,0,0,,,,0,0
156566,Plamen Iliev,2026-03-07T13:00:00+00:00,2025,BU1,1,False,4718219,25,967,away,40416,3,0,in squad,33,,False,0,0,0,0,0,0,0,,,,0,0
156566,Plamen Iliev,2026-03-04T14:00:00+00:00,2025,BU1,1,False,4718208,24,967,home,40604,0,0,played,33,1,False,90,0,0,0,0,0,0,,,,0,0
156566,Plamen Iliev,2026-02-28T13:00:00+00:00,2025,BU1,1,False,4718124,23,967,away,4362,1,2,played,33,1,False,90,0,0,0,0,0,0,,,,0,0
156566,Plamen Iliev,2026-02-20T15:45:00+00:00,2025,BU1,1,False,4718185,22,967,home,26462,0,0,played,33,1,False,90,0,0,0,0,0,0,,,,0,0
156566,Plamen Iliev,2026-02-15T10:00:00+00:00,2025,BU1,1,False,4718091,21,967,away,2259,1,1,played,33,1,False,90,0,0,0,0,0,0,,,,0,0
156566,Plamen Iliev,2026-02-07T10:30:00+00:00,2025,BU1,1,False,4718143,20,967,home,9599,0,0,played,33,1,False,90,0,0,0,0,0,0,,,,0,0
156566,Plamen Iliev,2025-12-12T15:30:00+00:00,2025,BULP,8,False,4763165,2,967,home,40604,0,3,injured,,,False,0,0,0,0,0,0,0,,,,195,0
537232,Dani Martín,2026-05-25T14:45:00+00:00,2025,BU1,1,False,4866425,36,967,home,40604,2,3,played,15,4,False,90,0,0,0,0,0,0,,,,0,0
537232,Dani Martín,2026-05-16T16:00:00+00:00,2025,BU1,1,False,4866422,35,967,away,2531,0,5,not in squad,,,False,0,0,0,0,0,0,0,,,,0,0
537232,Dani Martín,2026-05-12T14:45:00+00:00,2025,BU1,1,False,4866418,34,967,home,2259,2,0,not in squad,,,False,0,0,0,0,0,0,0,,,,0,0
537232,Dani Martín,2026-05-09T13:15:00+00:00,2025,BU1,1,False,4866403,33,967,home,2531,2,0,not in squad,,,False,0,0,0,0,0,0,0,,,,0,0
537232,Dani Martín,2026-05-03T10:30:00+00:00,2025,BU1,1,False,4866384,32,967,away,40604,0,0,played,15,9,False,90,0,0,0,0,0,0,56,,,0,0
537232,Dani Martín,2026-04-26T13:30:00+00:00,2025,BU1,1,False,4866376,31,967,away,2259,1,0,played,15,9,False,90,0,0,0,0,0,0,,,,0,0
537232,Dani Martín,2026-04-15T15:00:00+00:00,2025,BU1,1,False,4718169,30,967,home,61955,0,4,played,15,4,False,90,0,0,0,0,0,0,53,,,0,0
537232,Dani Martín,2026-04-09T15:00:00+00:00,2025,BU1,1,False,4718204,29,967,away,31614,0,0,played,15,4,False,90,0,0,0,0,0,0,,,,0,0
537232,Dani Martín,2026-04-05T11:30:00+00:00,2025,BU1,1,False,4718151,28,967,home,675,1,3,played,15,4,False,90,0,0,0,0,0,0,,,,0,0
537232,Dani Martín,2026-03-21T15:30:00+00:00,2025,BU1,1,False,4718195,27,967,away,156,1,2,played,15,4,False,90,0,0,0,0,0,0,,,,0,0
911810,Rosen Stefanov,2026-07-25T17:00:00+00:00,2026,BU2,2,False,4909820,1,109262,home,5284,0,1,not in squad,,,False,0,0,0,0,0,0,0,,,,0,0
911810,Rosen Stefanov,2026-05-25T14:45:00+00:00,2025,BU1,1,False,4866425,36,967,home,40604,2,3,played,4,3,False,90,0,0,0,0,0,0,,,,0,0
911810,Rosen Stefanov,2026-05-16T16:00:00+00:00,2025,BU1,1,False,4866422,35,967,away,2531,0,5,played,4,3,False,90,0,0,0,0,0,0,,,,0,0
911810,Rosen Stefanov,2026-05-12T14:45:00+00:00,2025,BU1,1,False,4866418,34,967,home,2259,2,0,played,4,0,False,1,0,0,0,0,0,0,,89,,0,0
911810,Rosen Stefanov,2026-05-09T13:15:00+00:00,2025,BU1,1,False,4866403,33,967,home,2531,2,0,in squad,4,,False,0,0,0,0,0,0,0,,,,0,0
911810,Rosen Stefanov,2026-05-03T10:30:00+00:00,2025,BU1,1,False,4866384,32,967,away,40604,0,0,played,4,0,False,22,0,0,0,0,0,0,,68,,0,0
911810,Rosen Stefanov,2026-04-26T13:30:00+00:00,2025,BU1,1,False,4866376,31,967,away,2259,1,0,played,4,0,False,18,0,0,0,0,0,0,,72,,0,0
911810,Rosen Stefanov,2026-04-15T15:00:00+00:00,2025,BU1,1,False,4718169,30,967,home,61955,0,4,played,4,3,False,90,0,0,0,0,0,0,,,,0,0
911810,Rosen Stefanov,2026-04-09T15:00:00+00:00,2025,BU1,1,False,4718204,29,967,away,31614,0,0,played,4,3,False,90,0,0,0,0,0,0,41,,,0,0
911810,Rosen Stefanov,2026-04-05T11:30:00+00:00,2025,BU1,1,False,4718151,28,967,home,675,1,3,in squad,4,,False,0,0,0,0,0,0,0,,,,0,0
1339576,Emanuil Nyagolov,2026-07-26T16:00:00+00:00,2026,BU1,1,False,4909869,2,967,home,9599,0,3,played,13,0,False,7,0,0,0,0,0,0,,83,,0,0
1339576,Emanuil Nyagolov,2026-07-19T16:30:00+00:00,2026,BU1,1,False,4909853,1,967,away,26462,1,1,played,13,5,False,90,0,0,0,0,0,0,,,,0,0
1339576,Emanuil Nyagolov,2026-06-07T08:30:00+00:00,2025,FS,11,True,4889234,41,27256,home,26099,3,0,in squad,3,,False,0,0,0,0,0,0,0,,,,0,0
1339576,Emanuil Nyagolov,2026-06-04T15:00:00+00:00,2025,FS,11,True,4889233,36,27256,home,26099,1,0,in squad,3,,False,0,0,0,0,0,0,0,,,,0,0
1339576,Emanuil Nyagolov,2026-05-30T14:00:00+00:00,2025,FS,11,True,4893732,51,21361,home,16844,1,0,played,3,0,False,90,0,0,0,0,0,0,,,,0,0
1339576,Emanuil Nyagolov,2026-05-25T14:45:00+00:00,2025,BU1,1,False,4866425,36,967,home,40604,2,3,in squad,13,,False,0,0,0,0,0,0,0,,,,0,0
1339576,Emanuil Nyagolov,2026-05-16T16:00:00+00:00,2025,BU1,1,False,4866422,35,967,away,2531,0,5,played,13,9,False,62,0,0,0,0,0,0,,,62,0,0
1339576,Emanuil Nyagolov,2026-05-12T14:45:00+00:00,2025,BU1,1,False,4866418,34,967,home,2259,2,0,played,13,9,False,76,0,0,0,0,0,0,,,76,0,0
1339576,Emanuil Nyagolov,2026-05-09T13:15:00+00:00,2025,BU1,1,False,4866403,33,967,home,2531,2,0,played,13,9,False,90,0,0,0,0,0,0,,,,0,0
1339576,Emanuil Nyagolov,2026-05-03T10:30:00+00:00,2025,BU1,1,False,4866384,32,967,away,40604,0,0,in squad,13,,False,0,0,0,0,0,0,0,,,,0,0
165468,Vlatko Drobarov,2026-05-25T14:45:00+00:00,2025,BU1,1,False,4866425,36,967,home,40604,2,3,played,28,3,False,90,0,0,0,0,0,0,,,,0,0
165468,Vlatko Drobarov,2026-05-16T16:00:00+00:00,2025,BU1,1,False,4866422,35,967,away,2531,0,5,played,28,3,True,90,0,0,0,0,0,0,,,,0,0
165468,Vlatko Drobarov,2026-05-12T14:45:00+00:00,2025,BU1,1,False,4866418,34,967,home,2259,2,0,played,28,3,False,89,0,0,0,0,0,0,,,89,0,0
165468,Vlatko Drobarov,2026-05-09T13:15:00+00:00,2025,BU1,1,False,4866403,33,967,home,2531,2,0,played,28,3,False,90,0,0,0,0,0,0,,,,0,0
165468,Vlatko Drobarov,2026-05-03T10:30:00+00:00,2025,BU1,1,False,4866384,32,967,away,40604,0,0,played,28,3,False,68,0,0,0,0,0,0,,,68,0,0
165468,Vlatko Drobarov,2026-04-26T13:30:00+00:00,2025,BU1,1,False,4866376,31,967,away,2259,1,0,played,28,3,False,90,0,0,0,0,0,0,73,,,0,0
165468,Vlatko Drobarov,2026-04-15T15:00:00+00:00,2025,BU1,1,False,4718169,30,967,home,61955,0,4,in squad,28,,False,0,0,0,0,0,0,0,,,,0,0
165468,Vlatko Drobarov,2026-04-09T15:00:00+00:00,2025,BU1,1,False,4718204,29,967,away,31614,0,0,absent,,,False,0,0,0,0,0,0,0,,,,0,1
165468,Vlatko Drobarov,2026-04-05T11:30:00+00:00,2025,BU1,1,False,4718151,28,967,home,675,1,3,played,28,3,False,90,0,0,0,0,0,0,42,,,0,0
165468,Vlatko Drobarov,2026-03-21T15:30:00+00:00,2025,BU1,1,False,4718195,27,967,away,156,1,2,played,28,3,False,90,0,0,0,0,0,0,,,,0,0
1084623,Bandaró,2026-07-26T16:00:00+00:00,2026,BU1,1,False,4909869,2,967,home,9599,0,3,in squad,26,,False,0,0,0,0,0,0,0,,,,0,0
1084623,Bandaró,2026-07-19T16:30:00+00:00,2026,BU1,1,False,4909853,1,967,away,26462,1,1,played,26,0,False,1,0,0,0,0,0,0,,90,,0,0
1084623,Bandaró,2026-05-25T14:45:00+00:00,2025,BU1,1,False,4866425,36,967,home,40604,2,3,in squad,26,,False,0,0,0,0,0,0,0,,,,0,0
1084623,Bandaró,2026-05-16T16:00:00+00:00,2025,BU1,1,False,4866422,35,967,away,2531,0,5,played,26,3,False,62,0,0,0,0,0,0,,,62,0,0
1084623,Bandaró,2026-05-12T14:45:00+00:00,2025,BU1,1,False,4866418,34,967,home,2259,2,0,played,26,3,False,90,0,0,0,0,0,0,,,,0,0
1084623,Bandaró,2026-05-09T13:15:00+00:00,2025,BU1,1,False,4866403,33,967,home,2531,2,0,played,26,3,False,90,0,0,0,0,0,0,,,,0,0
1084623,Bandaró,2026-05-03T10:30:00+00:00,2025,BU1,1,False,4866384,32,967,away,40604,0,0,played,26,3,False,90,0,0,0,0,0,0,,,,0,0
1084623,Bandaró,2026-04-26T13:30:00+00:00,2025,BU1,1,False,4866376,31,967,away,2259,1,0,played,26,3,False,72,0,0,0,0,0,0,,,72,0,0
1084623,Bandaró,2026-04-15T15:00:00+00:00,2025,BU1,1,False,4718169,30,967,home,61955,0,4,in squad,26,,False,0,0,0,0,0,0,0,,,,0,0
1084623,Bandaró,2026-04-09T15:00:00+00:00,2025,BU1,1,False,4718204,29,967,away,31614,0,0,played,26,0,False,1,0,0,0,0,0,0,,90,,0,0
1101011,Georgi Ventsislavov,2026-07-26T16:00:00+00:00,2026,BU1,1,False,4909869,2,967,home,9599,0,3,in squad,93,,False,0,0,0,0,0,0,0,,,,0,0
1101011,Georgi Ventsislavov,2026-07-19T16:30:00+00:00,2026,BU1,1,False,4909853,1,967,away,26462,1,1,in squad,93,,False,0,0,0,0,0,0,0,,,,0,0
1101011,Georgi Ventsislavov,2026-05-25T14:45:00+00:00,2025,BU1,1,False,4866425,36,967,home,40604,2,3,in squad,93,,False,0,0,0,0,0,0,0,,,,0,0
1101011,Georgi Ventsislavov,2026-05-16T16:00:00+00:00,2025,BU1,1,False,4866422,35,967,away,2531,0,5,in squad,93,,False,0,0,0,0,0,0,0,,,,0,0
1101011,Georgi Ventsislavov,2026-05-12T14:45:00+00:00,2025,BU1,1,False,4866418,34,967,home,2259,2,0,in squad,93,,False,0,0,0,0,0,0,0,,,,0,0
1101011,Georgi Ventsislavov,2026-05-09T13:15:00+00:00,2025,BU1,1,False,4866403,33,967,home,2531,2,0,in squad,93,,False,0,0,0,0,0,0,0,,,,0,0
1101011,Georgi Ventsislavov,2026-05-03T10:30:00+00:00,2025,BU1,1,False,4866384,32,967,away,40604,0,0,in squad,93,,False,0,0,0,0,0,0,0,,,,0,0
1101011,Georgi Ventsislavov,2026-04-26T13:30:00+00:00,2025,BU1,1,False,4866376,31,967,away,2259,1,0,not in squad,,,False,0,0,0,0,0,0,0,,,,0,0
1101011,Georgi Ventsislavov,2026-04-15T15:00:00+00:00,2025,BU1,1,False,4718169,30,967,home,61955,0,4,not in squad,,,False,0,0,0,0,0,0,0,,,,0,0
1101011,Georgi Ventsislavov,2026-04-09T15:00:00+00:00,2025,BU1,1,False,4718204,29,967,away,31614,0,0,in squad,93,,False,0,0,0,0,0,0,0,,,,0,0
136063,Tsvetomir Panov,2026-05-25T14:45:00+00:00,2025,BU1,1,False,4866425,36,967,home,40604,2,3,not in squad,,,False,0,0,0,0,0,0,0,,,,0,0
136063,Tsvetomir Panov,2026-05-16T16:00:00+00:00,2025,BU1,1,False,4866422,35,967,away,2531,0,5,not in squad,,,False,0,0,0,0,0,0,0,,,,0,0
136063,Tsvetomir Panov,2026-05-12T14:45:00+00:00,2025,BU1,1,False,4866418,34,967,home,2259,2,0,not in squad,,,False,0,0,0,0,0,0,0,,,,0,0
136063,Tsvetomir Panov,2026-05-09T13:15:00+00:00,2025,BU1,1,False,4866403,33,967,home,2531,2,0,not in squad,,,False,0,0,0,0,0,0,0,,,,0,0
136063,Tsvetomir Panov,2026-05-03T10:30:00+00:00,2025,BU1,1,False,4866384,32,967,away,40604,0,0,played,2,0,False,1,0,0,0,0,0,0,,90,,0,0
136063,Tsvetomir Panov,2026-04-26T13:30:00+00:00,2025,BU1,1,False,4866376,31,967,away,2259,1,0,in squad,2,,False,0,0,0,0,0,0,0,,,,0,0
136063,Tsvetomir Panov,2026-04-15T15:00:00+00:00,2025,BU1,1,False,4718169,30,967,home,61955,0,4,played,2,5,False,90,0,0,0,0,0,0,,,,0,0
136063,Tsvetomir Panov,2026-04-09T15:00:00+00:00,2025,BU1,1,False,4718204,29,967,away,31614,0,0,played,2,5,False,90,0,0,0,0,0,0,63,,,0,0
136063,Tsvetomir Panov,2026-04-05T11:30:00+00:00,2025,BU1,1,False,4718151,28,967,home,675,1,3,played,2,0,False,7,0,0,0,0,0,0,,83,,0,0
136063,Tsvetomir Panov,2026-03-21T15:30:00+00:00,2025,BU1,1,False,4718195,27,967,away,156,1,2,played,2,5,False,84,0,0,0,0,0,0,60,,84,0,0
1120173,Berk Beyhan,2026-07-26T16:00:00+00:00,2026,BU1,1,False,4909869,2,967,home,9599,0,3,played,29,6,False,45,0,0,0,0,0,0,22,,46,0,0
1120173,Berk Beyhan,2026-07-19T16:30:00+00:00,2026,BU1,1,False,4909853,1,967,away,26462,1,1,played,29,0,False,13,0,0,0,0,0,0,,77,,0,0
1120173,Berk Beyhan,2026-06-05T17:00:00+00:00,2025,FS,11,True,4864913,52,3394,away,6090,2,2,played,26,6,False,2,0,0,0,0,0,0,,88,,0,0
1120173,Berk Beyhan,2026-06-01T16:00:00+00:00,2025,FS,11,True,4864912,52,3394,home,11953,0,1,in squad,26,,False,0,0,0,0,0,0,0,,,,0,0
1120173,Berk Beyhan,2026-05-25T14:45:00+00:00,2025,BU1,1,False,4866425,36,967,home,40604,2,3,played,29,0,False,22,0,0,0,0,0,0,,68,,0,0
1120173,Berk Beyhan,2026-05-16T16:00:00+00:00,2025,BU1,1,False,4866422,35,967,away,2531,0,5,played,29,6,False,62,0,0,0,0,0,0,,,62,0,0
1120173,Berk Beyhan,2026-05-12T14:45:00+00:00,2025,BU1,1,False,4866418,34,967,home,2259,2,0,played,29,6,False,45,0,0,0,0,0,0,,,46,0,0
1120173,Berk Beyhan,2026-05-09T13:15:00+00:00,2025,BU1,1,False,4866403,33,967,home,2531,2,0,played,29,6,False,90,0,0,0,0,0,0,,,90,0,0
1120173,Berk Beyhan,2026-05-03T10:30:00+00:00,2025,BU1,1,False,4866384,32,967,away,40604,0,0,absent,,,False,0,0,0,0,0,0,0,,,,0,1
1120173,Berk Beyhan,2026-04-26T13:30:00+00:00,2025,BU1,1,False,4866376,31,967,away,2259,1,0,played,29,6,False,72,0,0,0,0,0,0,60,,72,0,0
1519179,Dimitar Kichukov,2026-07-26T16:00:00+00:00,2026,BU1,1,False,4909869,2,967,home,9599,0,3,not in squad,,,False,0,0,0,0,0,0,0,,,,0,0
1519179,Dimitar Kichukov,2026-07-19T16:30:00+00:00,2026,BU1,1,False,4909853,1,967,away,26462,1,1,not in squad,,,False,0,0,0,0,0,0,0,,,,0,0
1519179,Dimitar Kichukov,2026-05-25T14:45:00+00:00,2025,BU1,1,False,4866425,36,967,home,40604,2,3,not in squad,,,False,0,0,0,0,0,0,0,,,,0,0
1519179,Dimitar Kichukov,2026-05-16T16:00:00+00:00,2025,BU1,1,False,4866422,35,967,away,2531,0,5,in squad,43,,False,0,0,0,0,0,0,0,,,,0,0
216080,Zhivko Atanasov,2026-07-26T16:00:00+00:00,2026,BU1,1,False,4909869,2,967,home,9599,0,3,played,3,3,False,90,0,0,0,0,0,0,,,,0,0
216080,Zhivko Atanasov,2026-07-19T16:30:00+00:00,2026,BU1,1,False,4909853,1,967,away,26462,1,1,played,3,3,False,90,0,0,0,0,0,0,,,,0,0
216080,Zhivko Atanasov,2026-05-25T14:45:00+00:00,2025,BU1,1,False,4866425,36,967,home,40604,2,3,not in squad,,,False,0,0,0,0,0,0,0,,,,0,0
216080,Zhivko Atanasov,2026-05-16T16:00:00+00:00,2025,BU1,1,False,4866422,35,967,away,2531,0,5,not in squad,,,False,0,0,0,0,0,0,0,,,,0,0
216080,Zhivko Atanasov,2026-05-12T14:45:00+00:00,2025,BU1,1,False,4866418,34,967,home,2259,2,0,played,3,3,False,90,0,0,0,0,0,0,,,,0,0
216080,Zhivko Atanasov,2026-05-09T13:15:00+00:00,2025,BU1,1,False,4866403,33,967,home,2531,2,0,played,3,3,False,90,0,0,0,0,0,0,90,,,0,0
216080,Zhivko Atanasov,2026-05-03T10:30:00+00:00,2025,BU1,1,False,4866384,32,967,away,40604,0,0,played,3,3,False,90,0,0,0,0,0,0,,,,0,0
216080,Zhivko Atanasov,2026-04-26T13:30:00+00:00,2025,BU1,1,False,4866376,31,967,away,2259,1,0,played,3,3,False,90,0,0,0,0,0,0,,,,0,0
216080,Zhivko Atanasov,2026-04-15T15:00:00+00:00,2025,BU1,1,False,4718169,30,967,home,61955,0,4,played,3,3,False,90,0,0,0,0,0,0,82,,,0,0
216080,Zhivko Atanasov,2026-04-09T15:00:00+00:00,2025,BU1,1,False,4718204,29,967,away,31614,0,0,played,3,3,False,90,0,0,0,0,0,0,,,,0,0
522668,David Teles,2026-07-26T16:00:00+00:00,2026,BU1,1,False,4909869,2,967,home,9599,0,3,played,24,6,False,90,0,0,0,0,0,0,,,,0,0
522668,David Teles,2026-07-19T16:30:00+00:00,2026,BU1,1,False,4909853,1,967,away,26462,1,1,played,24,6,False,90,0,0,0,0,0,0,58,,90,0,0
522668,David Teles,2026-05-25T14:45:00+00:00,2025,BU1,1,False,4866425,36,967,home,40604,2,3,played,24,7,False,68,1,0,0,0,0,0,,,68,0,0
522668,David Teles,2026-05-16T16:00:00+00:00,2025,BU1,1,False,4866422,35,967,away,2531,0,5,played,24,10,False,83,0,0,0,0,0,0,,,83,0,0
522668,David Teles,2026-05-12T14:45:00+00:00,2025,BU1,1,False,4866418,34,967,home,2259,2,0,played,24,0,False,45,0,0,0,0,0,0,,46,,0,0
522668,David Teles,2026-05-09T13:15:00+00:00,2025,BU1,1,False,4866403,33,967,home,2531,2,0,played,24,0,False,1,0,0,0,0,0,0,,90,,0,0
522668,David Teles,2026-05-03T10:30:00+00:00,2025,BU1,1,False,4866384,32,967,away,40604,0,0,played,24,10,False,68,0,0,0,0,0,0,,,68,0,0
522668,David Teles,2026-04-26T13:30:00+00:00,2025,BU1,1,False,4866376,31,967,away,2259,1,0,played,24,10,False,86,0,0,0,0,0,0,64,,86,0,0
522668,David Teles,2026-04-15T15:00:00+00:00,2025,BU1,1,False,4718169,30,967,home,61955,0,4,played,24,6,False,45,0,0,0,0,0,0,,,46,0,0
522668,David Teles,2026-04-09T15:00:00+00:00,2025,BU1,1,False,4718204,29,967,away,31614,0,0,played,24,7,False,90,0,0,0,0,0,0,,,,0,0
1284016,Nikolay Kostadinov,2026-07-26T16:00:00+00:00,2026,BU1,1,False,4909869,2,967,home,9599,0,3,in squad,22,,False,0,0,0,0,0,0,0,,,,0,0
1284016,Nikolay Kostadinov,2026-07-19T16:30:00+00:00,2026,BU1,1,False,4909853,1,967,away,26462,1,1,in squad,22,,False,0,0,0,0,0,0,0,,,,0,0
1284016,Nikolay Kostadinov,2026-05-25T14:45:00+00:00,2025,BU1,1,False,4866425,36,967,home,40604,2,3,in squad,22,,False,0,0,0,0,0,0,0,,,,0,0
1284016,Nikolay Kostadinov,2026-05-16T16:00:00+00:00,2025,BU1,1,False,4866422,35,967,away,2531,0,5,in squad,22,,False,0,0,0,0,0,0,0,,,,0,0
1284016,Nikolay Kostadinov,2026-05-12T14:45:00+00:00,2025,BU1,1,False,4866418,34,967,home,2259,2,0,played,22,0,False,1,0,0,0,0,0,0,,89,,0,0
1284016,Nikolay Kostadinov,2026-05-09T13:15:00+00:00,2025,BU1,1,False,4866403,33,967,home,2531,2,0,played,22,0,False,1,0,0,0,0,0,0,,90,,0,0
1284016,Nikolay Kostadinov,2026-05-03T10:30:00+00:00,2025,BU1,1,False,4866384,32,967,away,40604,0,0,in squad,22,,False,0,0,0,0,0,0,0,,,,0,0
1284016,Nikolay Kostadinov,2026-04-26T13:30:00+00:00,2025,BU1,1,False,4866376,31,967,away,2259,1,0,in squad,22,,False,0,0,0,0,0,0,0,,,,0,0
1284016,Nikolay Kostadinov,2026-04-15T15:00:00+00:00,2025,BU1,1,False,4718169,30,967,home,61955,0,4,played,22,0,False,1,0,0,0,0,0,0,,90,,0,0
1284016,Nikolay Kostadinov,2026-04-09T15:00:00+00:00,2025,BU1,1,False,4718204,29,967,away,31614,0,0,in squad,22,,False,0,0,0,0,0,0,0,,,,0,0
1084791,Kristian Mihaylov,2026-07-26T16:00:00+00:00,2026,BU1,1,False,4909869,2,967,home,9599,0,3,not in squad,,,False,0,0,0,0,0,0,0,,,,0,0
1084791,Kristian Mihaylov,2026-07-19T16:30:00+00:00,2026,BU1,1,False,4909853,1,967,away,26462,1,1,in squad,34,,False,0,0,0,0,0,0,0,,,,0,0
1084791,Kristian Mihaylov,2026-06-07T08:30:00+00:00,2025,FS,11,True,4889234,41,27256,home,26099,3,0,played,11,0,False,20,0,0,0,0,0,0,,70,,0,0
1084791,Kristian Mihaylov,2026-06-04T15:00:00+00:00,2025,FS,11,True,4889233,36,27256,home,26099,1,0,played,11,0,False,25,0,0,0,0,0,0,,65,,0,0
1084791,Kristian Mihaylov,2026-05-25T14:45:00+00:00,2025,BU1,1,False,4866425,36,967,home,40604,2,3,in squad,34,,False,0,0,0,0,0,0,0,,,,0,0
1084791,Kristian Mihaylov,2026-05-16T16:00:00+00:00,2025,BU1,1,False,4866422,35,967,away,2531,0,5,played,34,0,False,12,0,0,0,0,0,0,,78,,0,0
1084791,Kristian Mihaylov,2026-05-12T14:45:00+00:00,2025,BU1,1,False,4866418,34,967,home,2259,2,0,in squad,34,,False,0,0,0,0,0,0,0,,,,0,0
1084791,Kristian Mihaylov,2026-05-09T13:15:00+00:00,2025,BU1,1,False,4866403,33,967,home,2531,2,0,in squad,34,,False,0,0,0,0,0,0,0,,,,0,0
1084791,Kristian Mihaylov,2026-05-03T10:30:00+00:00,2025,BU1,1,False,4866384,32,967,away,40604,0,0,not in squad,,,False,0,0,0,0,0,0,0,,,,0,0
1084791,Kristian Mihaylov,2026-04-26T13:30:00+00:00,2025,BU1,1,False,4866376,31,967,away,2259,1,0,not in squad,,,False,0,0,0,0,0,0,0,,,,0,0
1102560,Petar Marinov,2026-07-26T16:00:00+00:00,2026,BU1,1,False,4909869,2,967,home,9599,0,3,not in squad,,,False,0,0,0,0,0,0,0,,,,0,0
1102560,Petar Marinov,2026-07-19T16:30:00+00:00,2026,BU1,1,False,4909853,1,967,away,26462,1,1,not in squad,,,False,0,0,0,0,0,0,0,,,,0,0
1102560,Petar Marinov,2026-05-25T14:45:00+00:00,2025,BU1,1,False,4866425,36,967,home,40604,2,3,not in squad,,,False,0,0,0,0,0,0,0,,,,0,0
1102560,Petar Marinov,2026-05-16T16:00:00+00:00,2025,BU1,1,False,4866422,35,967,away,2531,0,5,not in squad,,,False,0,0,0,0,0,0,0,,,,0,0
1102560,Petar Marinov,2026-05-12T14:45:00+00:00,2025,BU1,1,False,4866418,34,967,home,2259,2,0,not in squad,,,False,0,0,0,0,0,0,0,,,,0,0
1102560,Petar Marinov,2026-05-09T13:15:00+00:00,2025,BU1,1,False,4866403,33,967,home,2531,2,0,not in squad,,,False,0,0,0,0,0,0,0,,,,0,0
1102560,Petar Marinov,2026-05-03T10:30:00+00:00,2025,BU1,1,False,4866384,32,967,away,40604,0,0,not in squad,,,False,0,0,0,0,0,0,0,,,,0,0
1102560,Petar Marinov,2026-04-26T13:30:00+00:00,2025,BU1,1,False,4866376,31,967,away,2259,1,0,not in squad,,,False,0,0,0,0,0,0,0,,,,0,0
1102560,Petar Marinov,2026-04-15T15:00:00+00:00,2025,BU1,1,False,4718169,30,967,home,61955,0,4,not in squad,,,False,0,0,0,0,0,0,0,,,,0,0
1102560,Petar Marinov,2026-04-09T15:00:00+00:00,2025,BU1,1,False,4718204,29,967,away,31614,0,0,not in squad,,,False,0,0,0,0,0,0,0,,,,0,0
237100,Vasil Panayotov,2026-07-26T16:00:00+00:00,2026,BU1,1,False,4909869,2,967,home,9599,0,3,played,71,10,True,83,0,0,0,0,0,0,,,83,0,0
237100,Vasil Panayotov,2026-07-19T16:30:00+00:00,2026,BU1,1,False,4909853,1,967,away,26462,1,1,played,71,6,True,90,1,0,0,0,0,0,,,,0,0
237100,Vasil Panayotov,2026-05-25T14:45:00+00:00,2025,BU1,1,False,4866425,36,967,home,40604,2,3,played,71,10,True,90,0,1,0,0,0,0,,,,0,0
237100,Vasil Panayotov,2026-05-16T16:00:00+00:00,2025,BU1,1,False,4866422,35,967,away,2531,0,5,not in squad,,,False,0,0,0,0,0,0,0,,,,0,0
237100,Vasil Panayotov,2026-05-12T14:45:00+00:00,2025,BU1,1,False,4866418,34,967,home,2259,2,0,played,71,10,True,54,0,0,0,0,0,0,,,54,0,0
237100,Vasil Panayotov,2026-05-09T13:15:00+00:00,2025,BU1,1,False,4866403,33,967,home,2531,2,0,played,71,10,True,90,0,1,0,0,0,0,,,90,0,0
237100,Vasil Panayotov,2026-05-03T10:30:00+00:00,2025,BU1,1,False,4866384,32,967,away,40604,0,0,played,71,10,True,90,0,0,0,0,0,0,25,,,0,0
237100,Vasil Panayotov,2026-04-26T13:30:00+00:00,2025,BU1,1,False,4866376,31,967,away,2259,1,0,played,71,10,True,90,0,0,0,0,0,0,,,,0,0
237100,Vasil Panayotov,2026-04-15T15:00:00+00:00,2025,BU1,1,False,4718169,30,967,home,61955,0,4,played,71,10,True,90,0,0,0,0,0,0,,,90,0,0
237100,Vasil Panayotov,2026-04-09T15:00:00+00:00,2025,BU1,1,False,4718204,29,967,away,31614,0,0,played,71,10,True,90,0,0,0,0,0,0,,,90,0,0
908863,Georgi Lazarov,2026-07-26T16:00:00+00:00,2026,BU1,1,False,4909869,2,967,home,9599,0,3,played,19,0,False,7,0,0,0,0,0,0,,83,,0,0
908863,Georgi Lazarov,2026-07-19T16:30:00+00:00,2026,BU1,1,False,4909853,1,967,away,26462,1,1,played,19,0,False,37,0,0,0,0,0,0,78,53,,0,0
908863,Georgi Lazarov,2026-05-30T14:00:00+00:00,2025,FS,11,True,4893732,51,21361,home,16844,1,0,played,10,0,False,45,0,0,0,0,0,0,,,46,0,0
908863,Georgi Lazarov,2026-05-25T14:45:00+00:00,2025,BU1,1,False,4866425,36,967,home,40604,2,3,played,19,14,False,68,0,0,0,0,0,0,,,68,0,0
908863,Georgi Lazarov,2026-05-16T16:00:00+00:00,2025,BU1,1,False,4866422,35,967,away,2531,0,5,played,19,0,False,28,0,0,0,0,0,0,,62,,0,0
908863,Georgi Lazarov,2026-05-12T14:45:00+00:00,2025,BU1,1,False,4866418,34,967,home,2259,2,0,played,19,14,False,90,0,0,0,0,0,0,72,,,0,0
908863,Georgi Lazarov,2026-05-09T13:15:00+00:00,2025,BU1,1,False,4866403,33,967,home,2531,2,0,played,19,14,False,90,0,0,0,0,0,0,,,90,0,0
908863,Georgi Lazarov,2026-05-03T10:30:00+00:00,2025,BU1,1,False,4866384,32,967,away,40604,0,0,played,19,0,False,31,0,0,0,0,0,0,,59,,0,0
908863,Georgi Lazarov,2026-04-26T13:30:00+00:00,2025,BU1,1,False,4866376,31,967,away,2259,1,0,played,19,0,False,4,0,0,0,0,0,0,,86,,0,0
908863,Georgi Lazarov,2026-04-15T15:00:00+00:00,2025,BU1,1,False,4718169,30,967,home,61955,0,4,not in squad,,,False,0,0,0,0,0,0,0,,,,0,0
850179,Nikolay Zlatev,2026-07-26T16:00:00+00:00,2026,BU1,1,False,4909869,2,967,home,9599,0,3,in squad,39,,False,0,0,0,0,0,0,0,,,,0,0
850179,Nikolay Zlatev,2026-07-19T16:30:00+00:00,2026,BU1,1,False,4909853,1,967,away,26462,1,1,played,39,11,False,53,0,0,0,0,0,0,49,,53,0,0
850179,Nikolay Zlatev,2026-05-30T14:00:00+00:00,2025,FS,11,True,4893732,51,21361,home,16844,1,0,played,11,0,False,45,0,0,0,0,0,0,,,46,0,0
850179,Nikolay Zlatev,2026-05-25T14:45:00+00:00,2025,BU1,1,False,4866425,36,967,home,40604,2,3,played,39,11,False,77,0,0,0,0,0,0,,,77,0,0
850179,Nikolay Zlatev,2026-05-16T16:00:00+00:00,2025,BU1,1,False,4866422,35,967,away,2531,0,5,played,39,0,False,28,0,0,0,0,0,0,,62,,0,0
850179,Nikolay Zlatev,2026-05-12T14:45:00+00:00,2025,BU1,1,False,4866418,34,967,home,2259,2,0,played,39,0,False,14,0,0,0,0,0,0,,76,,0,0
850179,Nikolay Zlatev,2026-05-09T13:15:00+00:00,2025,BU1,1,False,4866403,33,967,home,2531,2,0,played,39,0,False,1,0,0,0,0,0,0,,90,,0,0
850179,Nikolay Zlatev,2026-05-03T10:30:00+00:00,2025,BU1,1,False,4866384,32,967,away,40604,0,0,played,39,14,False,59,0,0,0,0,0,0,,,59,0,0
850179,Nikolay Zlatev,2026-04-26T13:30:00+00:00,2025,BU1,1,False,4866376,31,967,away,2259,1,0,played,39,0,False,4,0,0,0,0,0,0,,86,,0,0
850179,Nikolay Zlatev,2026-04-15T15:00:00+00:00,2025,BU1,1,False,4718169,30,967,home,61955,0,4,played,39,0,False,45,0,0,0,0,0,0,,46,,0,0
1084622,Phellipe,2026-05-01T14:00:00+00:00,2025,TR2,2,False,4656023,38,924,home,3840,8,1,played,37,14,False,74,0,0,2,1,0,1,,,74,0,0
1084622,Phellipe,2026-04-25T10:30:00+00:00,2025,TR2,2,False,4656179,37,924,away,3173,3,1,played,37,14,False,85,1,1,4,2,1,1,22,,85,0,0
1084622,Phellipe,2026-04-19T13:00:00+00:00,2025,TR2,2,False,4656170,36,924,home,518,3,1,played,37,14,False,87,0,0,2,1,0,1,,,87,0,0
1084622,Phellipe,2026-04-13T13:00:00+00:00,2025,TR2,2,False,4656159,35,924,away,2381,3,1,played,37,14,False,73,0,1,0,0,0,0,,,73,0,0
1084622,Phellipe,2026-04-09T17:00:00+00:00,2025,TR2,2,False,4656007,34,924,home,39722,0,1,played,37,12,False,81,0,0,0,0,0,0,,,81,0,0
1084622,Phellipe,2026-04-04T16:00:00+00:00,2025,TR2,2,False,4656149,33,924,away,2463,2,2,played,37,10,False,23,0,0,0,0,0,0,,67,,0,0
1084622,Phellipe,2026-03-22T13:00:00+00:00,2025,TR2,2,False,4656145,32,924,home,44006,0,1,played,37,11,False,24,0,0,0,0,0,0,,66,,0,0
1084622,Phellipe,2026-03-14T17:00:00+00:00,2025,TR2,2,False,4656129,31,924,away,3209,1,1,not in squad,,,False,0,0,0,0,0,0,0,,,,0,0
1084622,Phellipe,2026-03-11T10:30:00+00:00,2025,TR2,2,False,4656117,30,924,home,12382,0,4,played,37,11,False,75,0,0,1,0,1,0,,,75,0,0
1084622,Phellipe,2026-03-07T13:00:00+00:00,2025,TR2,2,False,4656000,29,924,away,20760,0,1,played,37,10,False,8,0,0,0,0,0,0,,82,,0,0
943636,Celso Sidney,2026-07-26T16:00:00+00:00,2026,BU1,1,False,4909869,2,967,home,9599,0,3,played,10,0,False,45,0,0,0,0,0,0,,46,,0,0
943636,Celso Sidney,2026-07-19T16:30:00+00:00,2026,BU1,1,False,4909853,1,967,away,26462,1,1,injured,,,False,0,0,0,0,0,0,0,,,,101,0
943636,Celso Sidney,2026-05-25T14:45:00+00:00,2025,BU1,1,False,4866425,36,967,home,40604,2,3,played,77,0,False,22,0,0,0,0,0,0,,68,,0,0
943636,Celso Sidney,2026-05-16T16:00:00+00:00,2025,BU1,1,False,4866422,35,967,away,2531,0,5,played,77,14,False,78,0,0,0,0,0,0,,,78,0,0
943636,Celso Sidney,2026-05-12T14:45:00+00:00,2025,BU1,1,False,4866418,34,967,home,2259,2,0,absent,,,False,0,0,0,0,0,0,0,,,,0,1
943636,Celso Sidney,2026-05-09T13:15:00+00:00,2025,BU1,1,False,4866403,33,967,home,2531,2,0,played,77,14,False,60,0,0,0,0,0,0,26,,60,0,0
943636,Celso Sidney,2026-05-03T10:30:00+00:00,2025,BU1,1,False,4866384,32,967,away,40604,0,0,played,77,14,False,90,0,0,0,0,0,0,,,90,0,0
943636,Celso Sidney,2026-04-26T13:30:00+00:00,2025,BU1,1,False,4866376,31,967,away,2259,1,0,played,77,0,False,82,0,0,0,0,0,0,,8,,0,0
943636,Celso Sidney,2026-04-15T15:00:00+00:00,2025,BU1,1,False,4718169,30,967,home,61955,0,4,played,77,14,False,45,0,0,0,0,0,0,,,46,0,0
943636,Celso Sidney,2026-04-09T15:00:00+00:00,2025,BU1,1,False,4718204,29,967,away,31614,0,0,played,77,14,False,90,0,0,0,0,0,0,,,90,0,0
726030,Jorge Padilla,2026-07-26T16:00:00+00:00,2026,BU1,1,False,4909869,2,967,home,9599,0,3,injured,,,False,0,0,0,0,0,0,0,,,,101,0
726030,Jorge Padilla,2026-07-19T16:30:00+00:00,2026,BU1,1,False,4909853,1,967,away,26462,1,1,injured,,,False,0,0,0,0,0,0,0,,,,101,0
726030,Jorge Padilla,2026-05-25T14:45:00+00:00,2025,BU1,1,False,4866425,36,967,home,40604,2,3,injured,,,False,0,0,0,0,0,0,0,,,,101,0
726030,Jorge Padilla,2026-05-16T16:00:00+00:00,2025,BU1,1,False,4866422,35,967,away,2531,0,5,injured,,,False,0,0,0,0,0,0,0,,,,101,0
726030,Jorge Padilla,2026-05-12T14:45:00+00:00,2025,BU1,1,False,4866418,34,967,home,2259,2,0,injured,,,False,0,0,0,0,0,0,0,,,,101,0
726030,Jorge Padilla,2026-05-09T13:15:00+00:00,2025,BU1,1,False,4866403,33,967,home,2531,2,0,injured,,,False,0,0,0,0,0,0,0,,,,101,0
726030,Jorge Padilla,2026-05-03T10:30:00+00:00,2025,BU1,1,False,4866384,32,967,away,40604,0,0,injured,,,False,0,0,0,0,0,0,0,,,,101,0
726030,Jorge Padilla,2026-04-26T13:30:00+00:00,2025,BU1,1,False,4866376,31,967,away,2259,1,0,injured,,,False,0,0,0,0,0,0,0,,,,101,0
726030,Jorge Padilla,2026-04-15T15:00:00+00:00,2025,BU1,1,False,4718169,30,967,home,61955,0,4,played,9,12,False,90,0,0,0,0,0,0,88,,,0,0
726030,Jorge Padilla,2026-04-09T15:00:00+00:00,2025,BU1,1,False,4718204,29,967,away,31614,0,0,played,9,12,False,90,0,0,0,0,0,0,,,90,0,0
690824,Weslen Junior,2026-05-10T11:00:00+00:00,2025,THA1,1,False,4788836,30,48190,home,25445,1,1,played,99,11,False,90,0,0,0,0,0,0,52,,90,0,0
690824,Weslen Junior,2026-05-03T11:30:00+00:00,2025,THA1,1,False,4788787,29,48190,away,35387,1,6,played,99,14,False,66,0,0,1,1,0,0,14,,66,0,0
690824,Weslen Junior,2026-04-29T12:00:00+00:00,2025,THA1,1,False,4788774,23,48190,home,25449,3,0,played,99,12,False,45,0,0,0,0,0,0,,,46,0,0
690824,Weslen Junior,2026-04-26T11:00:00+00:00,2025,THA1,1,False,4788849,28,48190,home,55227,1,1,played,99,0,False,22,0,0,1,0,1,0,,68,,0,0
690824,Weslen Junior,2026-04-18T12:00:00+00:00,2025,THA1,1,False,4788840,20,48190,away,55265,1,4,played,99,0,False,45,0,0,0,0,0,0,,46,,0,0
690824,Weslen Junior,2026-04-05T11:30:00+00:00,2025,THA1,1,False,4788811,27,48190,away,12533,1,4,played,99,0,False,23,0,0,0,0,0,0,,67,,0,0
690824,Weslen Junior,2026-03-21T12:30:00+00:00,2025,THA1,1,False,4788864,26,48190,home,94138,2,1,played,99,0,False,58,0,0,1,0,1,0,,32,90,0,0
690824,Weslen Junior,2026-03-14T12:00:00+00:00,2025,THA1,1,False,4788872,25,48190,home,25444,1,1,played,99,11,False,90,0,0,2,1,1,0,,,,0,0
690824,Weslen Junior,2026-03-07T11:00:00+00:00,2025,THA1,1,False,4788814,24,48190,away,50658,1,2,played,99,12,False,45,0,0,0,0,0,0,16,,,0,0
690824,Weslen Junior,2026-02-25T11:30:00+00:00,2025,THA1,1,False,4788771,16,48190,away,27070,1,2,played,99,0,False,4,0,0,0,0,0,0,,86,,0,0
1095825,Gustavo França,2026-06-27T15:00:00+00:00,2025,KAS1,1,False,4835022,15,34239,home,16198,2,0,not in squad,,,False,0,0,0,0,0,0,0,,,,0,0
1095825,Gustavo França,2026-06-20T15:00:00+00:00,2025,KAS1,1,False,4835012,14,34239,away,16779,0,2,not in squad,,,False,0,0,0,0,0,0,0,,,,0,0
1095825,Gustavo França,2026-06-14T15:00:00+00:00,2025,KAS1,1,False,4835004,13,34239,home,19294,1,2,not in squad,,,False,0,0,0,0,0,0,0,,,,0,0
1095825,Gustavo França,2026-05-28T14:00:00+00:00,2025,KAS1,1,False,4834996,12,34239,away,12019,0,1,played,99,14,False,70,0,0,0,0,0,0,,,70,0,0
1095825,Gustavo França,2026-05-22T14:00:00+00:00,2025,KAS1,1,False,4834993,11,34239,home,10540,2,2,played,99,14,False,75,0,0,0,0,0,0,,,75,0,0
1095825,Gustavo França,2026-05-16T10:00:00+00:00,2025,KAS1,1,False,4834984,10,34239,away,107095,0,1,not in squad,,,False,0,0,0,0,0,0,0,,,,0,0
1095825,Gustavo França,2026-05-09T13:00:00+00:00,2025,KAS1,1,False,4834973,9,34239,away,31007,1,0,not in squad,,,False,0,0,0,0,0,0,0,,,,0,0
1095825,Gustavo França,2026-05-03T14:00:00+00:00,2025,KAS1,1,False,4834966,8,34239,home,22220,1,0,played,99,10,False,29,0,0,0,0,0,0,,61,,0,0
1095825,Gustavo França,2026-04-30T15:00:00+00:00,2025,KAZP,8,False,4871532,2,34239,away,16779,0,3,not in squad,,,False,0,0,0,0,0,0,0,,,,0,0
1095825,Gustavo França,2026-04-26T11:00:00+00:00,2025,KAS1,1,False,4834959,7,34239,away,10481,1,2,in squad,99,,False,0,0,0,0,0,0,0,,,,0,0
849496,Martin Milushev,2026-07-25T15:30:00+00:00,2026,BU2,2,False,4909817,1,24078,away,19784,2,2,not in squad,,,False,0,0,0,0,0,0,0,,,,0,0
849496,Martin Milushev,2026-05-23T15:00:00+00:00,2025,BU2,2,False,4718044,34,521,away,109262,0,3,played,10,0,False,73,0,0,0,0,0,0,,,73,0,0
849496,Martin Milushev,2026-05-15T15:00:00+00:00,2025,BU2,2,False,4718033,33,521,home,1851,4,1,played,10,0,False,90,0,1,0,0,0,0,,,,0,0
849496,Martin Milushev,2026-05-11T15:00:00+00:00,2025,BU2,2,False,4718027,32,521,away,19784,0,2,played,10,0,False,89,0,0,0,0,0,0,,,89,0,0
849496,Martin Milushev,2026-05-02T15:00:00+00:00,2025,BU2,2,False,4718014,31,521,home,5284,0,0,played,10,0,False,90,0,0,0,0,0,0,,,90,0,0
849496,Martin Milushev,2026-04-25T14:00:00+00:00,2025,BU2,2,False,4718010,30,521,away,712,2,3,played,10,0,False,71,0,1,0,0,0,0,,,71,0,0
849496,Martin Milushev,2026-04-16T15:00:00+00:00,2025,BU2,2,False,4717995,29,521,home,26563,2,2,played,10,0,False,67,1,0,0,0,0,0,,,67,0,0
849496,Martin Milushev,2026-04-09T14:00:00+00:00,2025,BU2,2,False,4717993,28,521,away,4494,0,2,played,10,0,False,90,0,0,0,0,0,0,2,,,0,0
849496,Martin Milushev,2026-04-04T14:00:00+00:00,2025,BU2,2,False,4717976,27,521,home,40678,0,0,played,10,0,False,45,0,0,0,0,0,0,,,46,0,0
849496,Martin Milushev,2026-03-29T15:30:00+00:00,2025,BU2,2,False,4717975,26,521,home,2190,1,0,played,10,0,False,90,0,0,0,0,0,0,,,,0,0
244548,Andreias Calcan,2026-05-25T14:45:00+00:00,2025,BU1,1,False,4866425,36,967,home,40604,2,3,played,16,0,False,13,0,0,0,0,0,0,,77,,0,0
244548,Andreias Calcan,2026-05-16T16:00:00+00:00,2025,BU1,1,False,4866422,35,967,away,2531,0,5,played,16,0,False,28,0,0,0,0,0,0,,62,,0,0
244548,Andreias Calcan,2026-05-12T14:45:00+00:00,2025,BU1,1,False,4866418,34,967,home,2259,2,0,played,16,0,False,36,0,0,0,0,0,0,61,54,,0,0
244548,Andreias Calcan,2026-05-09T13:15:00+00:00,2025,BU1,1,False,4866403,33,967,home,2531,2,0,in squad,16,,False,0,0,0,0,0,0,0,,,,0,0
244548,Andreias Calcan,2026-05-03T10:30:00+00:00,2025,BU1,1,False,4866384,32,967,away,40604,0,0,played,16,0,False,22,0,0,0,0,0,0,,68,,0,0
244548,Andreias Calcan,2026-04-26T13:30:00+00:00,2025,BU1,1,False,4866376,31,967,away,2259,1,0,in squad,16,,False,0,0,0,0,0,0,0,,,,0,0
244548,Andreias Calcan,2026-04-15T15:00:00+00:00,2025,BU1,1,False,4718169,30,967,home,61955,0,4,played,16,0,False,45,0,0,0,0,0,0,,46,,0,0
244548,Andreias Calcan,2026-04-09T15:00:00+00:00,2025,BU1,1,False,4718204,29,967,away,31614,0,0,played,16,0,False,1,0,0,0,0,0,0,,90,,0,0
244548,Andreias Calcan,2026-04-05T11:30:00+00:00,2025,BU1,1,False,4718151,28,967,home,675,1,3,played,16,11,False,45,0,0,0,0,0,0,,,46,0,0
244548,Andreias Calcan,2026-03-21T15:30:00+00:00,2025,BU1,1,False,4718195,27,967,away,156,1,2,played,16,0,False,11,0,1,0,0,0,0,,79,,0,0
1535436,Georgi Paskov,2026-07-25T17:00:00+00:00,2026,BU2,2,False,4909820,1,109262,home,5284,0,1,not in squad,,,False,0,0,0,0,0,0,0,,,,0,0
1535436,Georgi Paskov,2026-05-25T14:45:00+00:00,2025,BU1,1,False,4866425,36,967,home,40604,2,3,not in squad,,,False,0,0,0,0,0,0,0,,,,0,0
1535436,Georgi Paskov,2026-05-16T16:00:00+00:00,2025,BU1,1,False,4866422,35,967,away,2531,0,5,played,41,0,False,7,0,0,0,0,0,0,,83,,0,0
1535436,Georgi Paskov,2026-05-12T14:45:00+00:00,2025,BU1,1,False,4866418,34,967,home,2259,2,0,in squad,41,,False,0,0,0,0,0,0,0,,,,0,0
1535436,Georgi Paskov,2026-05-09T13:15:00+00:00,2025,BU1,1,False,4866403,33,967,home,2531,2,0,not in squad,,,False,0,0,0,0,0,0,0,,,,0,0
1535436,Georgi Paskov,2026-05-03T10:30:00+00:00,2025,BU1,1,False,4866384,32,967,away,40604,0,0,in squad,60,,False,0,0,0,0,0,0,0,,,,0,0
1535436,Georgi Paskov,2026-04-26T13:30:00+00:00,2025,BU1,1,False,4866376,31,967,away,2259,1,0,not in squad,,,False,0,0,0,0,0,0,0,,,,0,0
1535436,Georgi Paskov,2026-04-15T15:00:00+00:00,2025,BU1,1,False,4718169,30,967,home,61955,0,4,not in squad,,,False,0,0,0,0,0,0,0,,,,0,0
1535436,Georgi Paskov,2026-04-09T15:00:00+00:00,2025,BU1,1,False,4718204,29,967,away,31614,0,0,in squad,41,,False,0,0,0,0,0,0,0,,,,0,0
428787,João Pedro,2026-07-26T19:00:00+00:00,2025,BRA3,3,False,4935474,15,14390,home,4773,1,0,played,18,0,False,75,1,0,0,0,0,0,,,75,0,0
428787,João Pedro,2026-07-13T22:30:00+00:00,2025,BRA3,3,False,4924473,14,14390,away,8547,0,1,played,18,0,False,79,0,0,0,0,0,0,,,79,0,0
428787,João Pedro,2026-07-06T22:00:00+00:00,2025,BRA3,3,False,4904240,13,14390,home,4064,3,1,played,18,0,False,90,0,0,0,0,0,0,89,,,0,0
428787,João Pedro,2026-06-30T23:30:00+00:00,2025,BRA3,3,False,4902239,12,14390,away,17964,0,2,played,18,0,False,77,0,0,0,0,0,0,27,,77,0,0
428787,João Pedro,2026-06-21T19:00:00+00:00,2025,BRA3,3,False,4897283,11,14390,home,65477,2,1,played,18,0,False,90,1,0,0,0,0,0,,,,0,0
428787,João Pedro,2026-06-14T14:00:00+00:00,2025,BRA3,3,False,4892476,10,14390,home,1785,0,1,played,18,0,False,81,0,0,0,0,0,0,,,81,0,0
428787,João Pedro,2026-06-01T23:00:00+00:00,2025,BRA3,3,False,4890439,9,14390,away,52519,2,2,played,18,0,False,90,0,0,0,0,0,0,,,,0,0
428787,João Pedro,2026-05-24T19:30:00+00:00,2025,BRA3,3,False,4887838,8,14390,home,17568,1,0,played,18,0,False,74,0,0,0,0,0,0,,,74,0,0
428787,João Pedro,2026-05-17T19:00:00+00:00,2025,BRA3,3,False,4883174,7,14390,away,15882,0,1,played,18,0,False,60,0,0,0,0,0,0,,,60,0,0
428787,João Pedro,2026-05-10T22:30:00+00:00,2025,BRA3,3,False,4873817,6,14390,home,16869,3,0,played,18,0,False,73,1,0,0,0,0,0,,,73,0,0
428787,João Pedro,2026-05-03T20:00:00+00:00,2025,BRA3,3,False,4872526,5,14390,away,4176,1,1,in squad,18,,False,0,0,0,0,0,0,0,,,,0,0
1559250,Tsvetan Tsvetkov,2026-07-25T18:15:00+00:00,2026,BU1,1,False,4909872,2,730,home,156,1,2,not in squad,,,False,0,0,0,0,0,0,0,,,,0,0
1559250,Tsvetan Tsvetkov,2026-07-21T18:30:00+00:00,2026,BU1,1,False,4909852,1,730,away,2531,1,1,not in squad,,,False,0,0,0,0,0,0,0,,,,0,0
933713,Eirô,2026-07-25T18:15:00+00:00,2026,BU1,1,False,4909872,2,730,home,156,1,2,in squad,6,,False,0,0,0,0,0,0,0,,,,0,0
933713,Eirô,2026-05-17T10:00:00+00:00,2025,PO2,2,False,4653799,34,1701,away,8827,5,1,played,61,7,False,71,0,0,0,0,0,0,,,71,0,0
933713,Eirô,2026-05-09T14:30:00+00:00,2025,PO2,2,False,4653776,33,1701,home,7378,1,1,in squad,61,,False,0,0,0,0,0,0,0,,,,0,0
933713,Eirô,2026-05-04T17:00:00+00:00,2025,PO2,2,False,4653790,32,1701,away,10331,0,1,in squad,61,,False,0,0,0,0,0,0,0,,,,0,0
933713,Eirô,2026-04-25T17:00:00+00:00,2025,PO2,2,False,4653783,31,1701,home,2639,2,1,played,61,8,False,16,0,1,0,0,0,0,,74,,0,0
933713,Eirô,2026-04-20T17:45:00+00:00,2025,PO2,2,False,4653752,30,1701,away,10949,1,0,in squad,61,,False,0,0,0,0,0,0,0,,,,0,0
933713,Eirô,2026-04-10T17:45:00+00:00,2025,PO2,2,False,4653736,29,1701,home,2995,0,0,played,61,8,False,45,0,0,0,0,0,0,,,46,0,0
933713,Eirô,2026-04-04T17:00:00+00:00,2025,PO2,2,False,4653748,28,1701,away,7788,1,0,played,61,8,False,78,0,0,0,0,0,0,,,78,0,0
933713,Eirô,2026-03-22T11:00:00+00:00,2025,PO2,2,False,4653710,27,1701,home,2432,0,3,not in squad,,,False,0,0,0,0,0,0,0,,,,0,0
933713,Eirô,2026-03-13T18:00:00+00:00,2025,PO2,2,False,4653732,26,1701,away,4294,0,0,not in squad,,,False,0,0,0,0,0,0,0,,,,0,0
412538,Dimitar Kostadinov,2026-07-25T18:15:00+00:00,2026,BU1,1,False,4909872,2,730,home,156,1,2,played,20,10,False,90,0,1,0,0,0,0,69,,,0,0
412538,Dimitar Kostadinov,2026-07-21T18:30:00+00:00,2026,BU1,1,False,4909852,1,730,away,2531,1,1,played,20,10,False,90,1,0,0,0,0,0,43,,,0,0
412538,Dimitar Kostadinov,2026-05-23T15:00:00+00:00,2025,BU2,2,False,4718045,34,4494,away,1851,2,3,played,10,0,True,90,1,0,0,0,0,0,,,,0,0
412538,Dimitar Kostadinov,2026-05-15T15:00:00+00:00,2025,BU2,2,False,4718032,33,4494,home,19784,1,0,played,10,0,False,90,0,0,0,0,0,0,,,,0,0
412538,Dimitar Kostadinov,2026-05-11T15:00:00+00:00,2025,BU2,2,False,4718028,32,4494,away,5284,0,3,absent,,,False,0,0,0,0,0,0,0,,,,0,1
412538,Dimitar Kostadinov,2026-05-03T15:00:00+00:00,2025,BU2,2,False,4718013,31,4494,home,712,1,1,played,10,0,False,90,1,0,0,0,0,0,39,,,0,0
412538,Dimitar Kostadinov,2026-04-27T15:30:00+00:00,2025,BU2,2,False,4718011,30,4494,away,26563,3,1,played,10,0,False,90,0,0,0,0,0,0,90,,90,0,0
412538,Dimitar Kostadinov,2026-04-16T14:00:00+00:00,2025,BU2,2,False,4717994,29,4494,home,40678,0,0,played,10,0,True,90,0,0,0,0,0,0,,,,0,0
412538,Dimitar Kostadinov,2026-04-09T14:00:00+00:00,2025,BU2,2,False,4717993,28,4494,home,521,2,0,played,10,0,False,86,1,0,0,0,0,0,,,86,0,0
412538,Dimitar Kostadinov,2026-04-04T14:00:00+00:00,2025,BU2,2,False,4717977,27,4494,away,2190,0,1,played,10,0,False,17,0,0,0,0,0,0,,73,,0,0
1035504,Nikolas Penev,2026-07-25T18:15:00+00:00,2026,BU1,1,False,4909872,2,730,home,156,1,2,played,71,12,False,60,0,0,0,0,0,0,,,60,0,0
1035504,Nikolas Penev,2026-07-21T18:30:00+00:00,2026,BU1,1,False,4909852,1,730,away,2531,1,1,played,71,0,False,45,0,0,0,0,0,0,89,46,,0,0
1035504,Nikolas Penev,2026-05-23T15:00:00+00:00,2025,BU2,2,False,4718040,34,9524,away,36821,3,0,not in squad,,,False,0,0,0,0,0,0,0,,,,0,0
1035504,Nikolas Penev,2026-05-11T15:00:00+00:00,2025,BU2,2,False,4718023,32,9524,away,19215,2,1,not in squad,,,False,0,0,0,0,0,0,0,,,,0,0
1035504,Nikolas Penev,2026-05-04T12:30:00+00:00,2025,BU2,2,False,4718018,31,9524,home,29268,0,1,not in squad,,,False,0,0,0,0,0,0,0,,,,0,0
1035504,Nikolas Penev,2026-04-26T14:00:00+00:00,2025,BU2,2,False,4718006,30,9524,away,109262,2,2,not in squad,,,False,0,0,0,0,0,0,0,,,,0,0
1035504,Nikolas Penev,2026-04-22T14:00:00+00:00,2025,BU2,2,False,4717961,25,9524,home,26563,2,0,not in squad,,,False,0,0,0,0,0,0,0,,,,0,0
1035504,Nikolas Penev,2026-04-17T14:00:00+00:00,2025,BU2,2,False,4717999,29,9524,home,1851,6,1,not in squad,,,False,0,0,0,0,0,0,0,,,,0,0
1035504,Nikolas Penev,2026-04-10T14:00:00+00:00,2025,BU2,2,False,4717989,28,9524,away,19784,1,0,not in squad,,,False,0,0,0,0,0,0,0,,,,0,0
1035504,Nikolas Penev,2026-04-05T14:00:00+00:00,2025,BU2,2,False,4717980,27,9524,home,5284,0,1,not in squad,,,False,0,0,0,0,0,0,0,,,,0,0
589271,Mohamed Medfai,2026-07-25T18:15:00+00:00,2026,BU1,1,False,4909872,2,730,home,156,1,2,played,16,0,False,10,0,0,0,0,0,0,,80,,0,0
589271,Mohamed Medfai,2026-07-21T18:30:00+00:00,2026,BU1,1,False,4909852,1,730,away,2531,1,1,not in squad,,,False,0,0,0,0,0,0,0,,,,0,0
589271,Mohamed Medfai,2026-04-05T14:00:00+00:00,2025,BE2,2,False,4645260,32,3146,away,3159,1,2,played,13,0,False,30,0,0,3,0,3,0,,60,,0,0
589271,Mohamed Medfai,2026-03-14T19:00:00+00:00,2025,BE2,2,False,4645229,30,3146,away,601,1,3,in squad,13,,False,0,0,0,0,0,0,0,,,,0,0
589271,Mohamed Medfai,2026-03-11T19:00:00+00:00,2025,BE2,2,False,4645241,29,3146,home,2715,2,4,played,13,0,False,11,0,1,1,0,1,0,,79,,0,0
589271,Mohamed Medfai,2026-03-07T19:00:00+00:00,2025,BE2,2,False,4645226,28,3146,home,54189,0,2,played,13,0,False,23,0,0,1,1,0,0,,67,,0,0
589271,Mohamed Medfai,2026-02-24T19:00:00+00:00,2025,BE2,2,False,4645204,25,3146,away,43562,3,1,played,13,8,False,87,1,0,2,2,0,0,,,87,0,0
589271,Mohamed Medfai,2026-02-07T19:00:00+00:00,2025,BE2,2,False,4645192,24,3146,away,7773,1,1,played,13,9,False,69,1,0,2,1,1,0,,,69,0,0
589271,Mohamed Medfai,2026-01-31T15:00:00+00:00,2025,BE2,2,False,4645188,23,3146,home,2974,0,3,played,13,12,False,90,0,0,1,0,1,0,,,,0,0
589271,Mohamed Medfai,2026-01-27T19:00:00+00:00,2025,BE2,2,False,4645178,22,3146,away,3225,0,1,played,13,0,False,29,0,0,0,0,0,0,,61,,0,0
877118,Martin Georgiev,2026-06-05T17:00:00+00:00,2025,FS,11,True,4864913,52,3394,away,6090,2,2,in squad,20,,False,0,0,0,0,0,0,0,,,,0,0
877118,Martin Georgiev,2026-06-01T16:00:00+00:00,2025,FS,11,True,4864912,52,3394,home,11953,0,1,in squad,20,,False,0,0,0,0,0,0,0,,,,0,0
877118,Martin Georgiev,2026-05-17T16:30:00+00:00,2025,POGR,12,False,4850093,6,2441,home,683,1,1,in squad,15,,False,0,0,0,0,0,0,0,,,,0,0
877118,Martin Georgiev,2026-05-13T16:30:00+00:00,2025,POGR,12,False,4850092,5,2441,away,1091,1,1,in squad,15,,False,0,0,0,0,0,0,0,,,,0,0
877118,Martin Georgiev,2026-05-10T16:30:00+00:00,2025,POGR,12,False,4850089,4,2441,home,265,2,1,in squad,15,,False,0,0,0,0,0,0,0,,,,0,0
877118,Martin Georgiev,2026-05-03T18:00:00+00:00,2025,POGR,12,False,4850087,3,2441,away,265,0,0,in squad,15,,False,0,0,0,0,0,0,0,26,,,0,0
877118,Martin Georgiev,2026-04-19T15:00:00+00:00,2025,POGR,12,False,4850085,2,2441,home,1091,3,0,in squad,15,,False,0,0,0,0,0,0,0,,,,0,0
877118,Martin Georgiev,2026-04-16T19:00:00+00:00,2025,UCOL,10,False,4805881,12,2441,home,367,3,1,in squad,15,,False,0,0,0,0,0,0,0,,,,0,0
877118,Martin Georgiev,2026-04-09T16:45:00+00:00,2025,UCOL,10,False,4805877,11,2441,away,367,0,3,in squad,15,,False,0,0,0,0,0,0,0,,,,0,0
877118,Martin Georgiev,2026-04-05T18:00:00+00:00,2025,POGR,12,False,4850083,1,2441,away,683,1,0,in squad,15,,False,0,0,0,0,0,0,0,,,,0,0
817548,Artem Varganov,2026-07-25T17:00:00+00:00,2026,WRPO,8,False,4953858,5,4394,away,7964,2,1,played,5,3,False,36,0,0,0,0,0,0,,54,,0,0
817548,Artem Varganov,2026-06-14T13:00:00+00:00,2025,R3D2,3,False,4878731,18,67241,away,16950,1,2,not in squad,,,False,0,0,0,0,0,0,0,,,,0,0
817548,Artem Varganov,2026-06-06T14:00:00+00:00,2025,R3D2,3,False,4878717,17,67241,home,12054,1,0,in squad,88,,False,0,0,0,0,0,0,0,,,,0,0
817548,Artem Varganov,2026-05-30T13:00:00+00:00,2025,R3D2,3,False,4878552,16,67241,away,4128,2,2,in squad,88,,False,0,0,0,0,0,0,0,,,,0,0
817548,Artem Varganov,2026-05-24T13:00:00+00:00,2025,R3D2,3,False,4878533,15,67241,home,20529,1,1,in squad,88,,False,0,0,0,0,0,0,0,,,,0,0
817548,Artem Varganov,2026-05-20T15:00:00+00:00,2025,R3D2,3,False,4878468,14,67241,away,11121,1,2,played,88,3,False,23,0,0,0,0,0,0,,67,,0,0
817548,Artem Varganov,2026-05-16T13:00:00+00:00,2025,R3D2,3,False,4878458,13,67241,home,12045,1,1,in squad,88,,False,0,0,0,0,0,0,0,,,,0,0
817548,Artem Varganov,2026-05-08T10:00:00+00:00,2025,R3D2,3,False,4871279,12,67241,away,54443,1,0,in squad,88,,False,0,0,0,0,0,0,0,,,,0,0
817548,Artem Varganov,2026-05-02T03:00:00+00:00,2025,R3D2,3,False,4867121,11,67241,away,91328,0,3,not in squad,,,False,0,0,0,0,0,0,0,,,,0,0
817548,Artem Varganov,2026-04-25T11:00:00+00:00,2025,R3D2,3,False,4867111,10,67241,away,75506,2,0,played,88,4,False,12,0,0,0,0,0,0,,78,,0,0
877127,Chung Nguyen Do,2026-06-14T11:00:00+00:00,2025,VPO1,8,False,4894376,5,93137,home,20830,1,2,in squad,8,,False,0,0,0,0,0,0,0,,,,0,0
877127,Chung Nguyen Do,2026-06-11T11:00:00+00:00,2025,VPO1,8,False,4893167,4,93137,home,57443,4,1,in squad,8,,False,0,0,0,0,0,0,0,,,,0,0
877127,Chung Nguyen Do,2026-06-07T11:00:00+00:00,2025,VIE1,1,False,4819000,26,93137,home,77974,3,0,in squad,8,,False,0,0,0,0,0,0,0,,,,0,0
877127,Chung Nguyen Do,2026-05-31T11:00:00+00:00,2025,VIE1,1,False,4818996,25,93137,away,35327,2,0,played,8,7,False,45,0,0,0,0,0,0,,,46,0,0
877127,Chung Nguyen Do,2026-05-23T11:00:00+00:00,2025,VIE1,1,False,4818907,24,93137,home,20830,1,1,played,8,7,False,90,0,0,0,0,0,0,,,,0,0
877127,Chung Nguyen Do,2026-05-16T11:00:00+00:00,2025,VIE1,1,False,4818900,23,93137,away,32018,2,1,played,8,6,False,90,0,0,0,0,0,0,,,,0,0
877127,Chung Nguyen Do,2026-05-09T11:00:00+00:00,2025,VIE1,1,False,4818928,22,93137,home,20903,2,1,played,8,6,False,78,0,0,0,0,0,0,,,78,0,0
877127,Chung Nguyen Do,2026-05-03T12:15:00+00:00,2025,VIE1,1,False,4818968,21,93137,away,57443,1,1,played,8,6,False,69,0,0,0,0,0,0,,,69,0,0
877127,Chung Nguyen Do,2026-04-24T11:00:00+00:00,2025,VIE1,1,False,4818956,20,93137,home,24971,2,3,played,8,7,False,90,0,0,0,0,0,0,,,,0,0
877127,Chung Nguyen Do,2026-04-18T11:00:00+00:00,2025,VIE1,1,False,4818970,19,93137,home,80327,3,0,played,8,7,False,90,1,0,0,0,0,0,,,,0,0
1121338,Thang Chung Chan,2026-05-22T12:30:00+00:00,2025,BU1,1,False,4866454,37,675,home,24078,2,0,in squad,2,,False,0,0,0,0,0,0,0,,,,0,0
1121338,Thang Chung Chan,2026-05-13T12:15:00+00:00,2025,BU1,1,False,4866446,35,675,home,4362,0,2,in squad,2,,False,0,0,0,0,0,0,0,,,,0,0
1121338,Thang Chung Chan,2026-05-10T11:15:00+00:00,2025,BU1,1,False,4866442,34,675,away,9599,1,2,in squad,2,,False,0,0,0,0,0,0,0,,,,0,0
1121338,Thang Chung Chan,2026-05-06T14:30:00+00:00,2025,BU1,1,False,4866438,33,675,home,40416,2,1,in squad,2,,False,0,0,0,0,0,0,0,,,,0,0
1121338,Thang Chung Chan,2026-04-26T11:00:00+00:00,2025,BU1,1,False,4866430,31,675,home,26462,1,1,in squad,2,,False,0,0,0,0,0,0,0,,,,0,0
1121338,Thang Chung Chan,2025-11-30T10:30:00+00:00,2025,BU1,1,False,4718180,17,675,home,4362,3,1,in squad,2,,False,0,0,0,0,0,0,0,,,,0,0
1121338,Thang Chung Chan,2025-11-24T15:30:00+00:00,2025,BU1,1,False,4718167,16,675,away,26462,1,0,in squad,2,,False,0,0,0,0,0,0,0,,,,0,0
1121338,Thang Chung Chan,2025-09-21T17:15:00+00:00,2025,BU1,1,False,4718063,9,675,home,6764,0,0,in squad,2,,False,0,0,0,0,0,0,0,,,,0,0
1121338,Thang Chung Chan,2025-09-09T08:00:00+00:00,2025,FS,11,True,4721980,51,27256,home,25960,1,0,in squad,14,,False,0,0,0,0,0,0,0,,,,0,0
1121338,Thang Chung Chan,2025-09-06T15:00:00+00:00,2025,FS,11,True,4721979,51,27256,home,25960,1,3,in squad,14,,False,0,0,0,0,0,0,0,,,,0,0
1068235,Kristiyan Balov,2026-07-26T17:00:00+00:00,2026,SER1,1,False,4937755,2,159,home,448,3,1,in squad,8,,False,0,0,0,0,0,0,0,,,,0,0
1068235,Kristiyan Balov,2026-07-21T19:00:00+00:00,2026,CLQ,10,False,4897889,3,159,away,3461,4,0,in squad,8,,False,0,0,0,0,0,0,0,,,,0,0
1068235,Kristiyan Balov,2026-07-17T18:00:00+00:00,2026,SER1,1,False,4936429,1,159,home,4657,5,0,in squad,8,,False,0,0,0,0,0,0,0,,,,0,0
1068235,Kristiyan Balov,2026-05-22T12:30:00+00:00,2025,BU1,1,False,4866454,37,675,home,24078,2,0,played,18,11,True,71,1,0,0,0,0,0,,,71,0,0
1068235,Kristiyan Balov,2026-05-18T16:30:00+00:00,2025,BU1,1,False,4866450,36,675,away,730,0,2,played,18,11,False,90,0,0,0,0,0,0,,,,0,0
1068235,Kristiyan Balov,2026-05-13T12:15:00+00:00,2025,BU1,1,False,4866446,35,675,home,4362,0,2,not in squad,,,False,0,0,0,0,0,0,0,,,,0,0
1068235,Kristiyan Balov,2026-05-10T11:15:00+00:00,2025,BU1,1,False,4866442,34,675,away,9599,1,2,not in squad,,,False,0,0,0,0,0,0,0,,,,0,0
1068235,Kristiyan Balov,2026-05-06T14:30:00+00:00,2025,BU1,1,False,4866438,33,675,home,40416,2,1,not in squad,,,False,0,0,0,0,0,0,0,,,,0,0
1068235,Kristiyan Balov,2026-05-02T11:00:00+00:00,2025,BU1,1,False,4866431,32,675,away,6764,0,3,not in squad,,,False,0,0,0,0,0,0,0,,,,0,0
1068235,Kristiyan Balov,2026-04-26T11:00:00+00:00,2025,BU1,1,False,4866430,31,675,home,26462,1,1,not in squad,,,False,0,0,0,0,0,0,0,,,,0,0
447167,Ivaylo Naydenov,2025-12-13T10:00:00+00:00,2025,BULP,8,False,4763168,2,675,home,61955,2,3,not in squad,,,False,0,0,0,0,0,0,0,,,,0,0
447167,Ivaylo Naydenov,2025-12-08T15:30:00+00:00,2025,BU1,1,False,4718118,19,675,away,31614,1,1,not in squad,,,False,0,0,0,0,0,0,0,,,,0,0
447167,Ivaylo Naydenov,2025-12-04T16:00:00+00:00,2025,BU1,1,False,4718154,18,675,home,156,2,0,not in squad,,,False,0,0,0,0,0,0,0,,,,0,0
447167,Ivaylo Naydenov,2025-11-30T10:30:00+00:00,2025,BU1,1,False,4718180,17,675,home,4362,3,1,not in squad,,,False,0,0,0,0,0,0,0,,,,0,0
447167,Ivaylo Naydenov,2025-11-24T15:30:00+00:00,2025,BU1,1,False,4718167,16,675,away,26462,1,0,not in squad,,,False,0,0,0,0,0,0,0,,,,0,0
447167,Ivaylo Naydenov,2025-11-09T10:30:00+00:00,2025,BU1,1,False,4718079,15,675,home,24078,2,1,not in squad,,,False,0,0,0,0,0,0,0,,,,0,0
447167,Ivaylo Naydenov,2025-11-01T15:30:00+00:00,2025,BU1,1,False,4718071,14,675,away,40416,1,0,not in squad,,,False,0,0,0,0,0,0,0,,,,0,0
447167,Ivaylo Naydenov,2025-10-29T11:30:00+00:00,2025,BULP,8,False,4748178,1,675,away,538,2,1,not in squad,,,False,0,0,0,0,0,0,0,,,,0,0
447167,Ivaylo Naydenov,2025-10-25T12:30:00+00:00,2025,BU1,1,False,4718103,13,675,home,967,0,0,not in squad,,,False,0,0,0,0,0,0,0,,,,0,0
447167,Ivaylo Naydenov,2025-10-18T12:00:00+00:00,2025,BU1,1,False,4718106,12,675,away,2531,1,1,not in squad,,,False,0,0,0,0,0,0,0,,,,0,0
345604,Toni Tasev,2026-05-23T15:00:00+00:00,2025,BU2,2,False,4718043,34,2190,away,29268,1,3,not in squad,,,False,0,0,0,0,0,0,0,,,,0,0
345604,Toni Tasev,2026-05-15T15:00:00+00:00,2025,BU2,2,False,4718034,33,2190,home,109262,0,3,played,8,0,False,45,0,0,0,0,0,0,,46,,0,0
345604,Toni Tasev,2026-05-11T15:00:00+00:00,2025,BU2,2,False,4718026,32,2190,away,1851,1,2,played,8,0,False,45,0,0,0,0,0,0,12,,46,0,0
345604,Toni Tasev,2026-05-02T15:00:00+00:00,2025,BU2,2,False,4718015,31,2190,home,19784,3,0,played,8,0,False,58,0,0,0,0,0,0,,,58,0,0
345604,Toni Tasev,2026-04-25T14:00:00+00:00,2025,BU2,2,False,4718009,30,2190,away,5284,1,2,played,8,0,False,72,0,0,0,0,0,0,,,72,0,0
345604,Toni Tasev,2026-04-17T14:00:00+00:00,2025,BU2,2,False,4717996,29,2190,home,712,2,4,played,8,0,False,45,0,0,0,0,0,0,,46,,0,0
345604,Toni Tasev,2026-04-09T15:30:00+00:00,2025,BU2,2,False,4717992,28,2190,away,26563,3,4,played,8,0,False,90,0,0,0,0,0,0,74,,,0,0
345604,Toni Tasev,2026-04-04T14:00:00+00:00,2025,BU2,2,False,4717977,27,2190,home,4494,1,0,played,8,0,False,36,0,0,0,0,0,0,,54,,0,0
345604,Toni Tasev,2026-03-29T15:30:00+00:00,2025,BU2,2,False,4717975,26,2190,away,521,0,1,not in squad,,,False,0,0,0,0,0,0,0,,,,0,0
345604,Toni Tasev,2026-03-25T13:30:00+00:00,2025,BU2,2,False,4717924,21,2190,away,4503,1,2,not in squad,,,False,0,0,0,0,0,0,0,,,,0,0
339777,Denislav Aleksandrov,2026-07-24T15:45:00+00:00,2026,BU2,2,False,4909823,1,26563,away,6764,1,2,not in squad,,,False,0,0,0,0,0,0,0,,,,0,0
339777,Denislav Aleksandrov,2026-05-23T15:00:00+00:00,2025,BU2,2,False,4718046,34,26563,away,19784,0,1,played,11,0,False,45,0,0,0,0,0,0,,,46,0,0
339777,Denislav Aleksandrov,2026-05-15T15:00:00+00:00,2025,BU2,2,False,4718031,33,26563,home,5284,1,1,played,11,0,False,73,0,0,0,0,0,0,,,73,0,0
339777,Denislav Aleksandrov,2026-05-10T15:30:00+00:00,2025,BU2,2,False,4718029,32,26563,away,712,1,0,played,11,0,False,89,0,0,0,0,0,0,,,89,0,0
339777,Denislav Aleksandrov,2026-05-04T15:30:00+00:00,2025,BU2,2,False,4718012,31,26563,home,40678,1,2,played,11,0,False,90,1,0,0,0,0,0,,,,0,0
339777,Denislav Aleksandrov,2026-04-27T15:30:00+00:00,2025,BU2,2,False,4718011,30,26563,home,4494,1,3,played,11,0,False,77,0,0,0,0,0,0,,,77,0,0
339777,Denislav Aleksandrov,2026-04-22T14:00:00+00:00,2025,BU2,2,False,4717961,25,26563,away,9524,0,2,played,11,0,False,69,0,0,0,0,0,0,,,69,0,0
339777,Denislav Aleksandrov,2026-04-16T15:00:00+00:00,2025,BU2,2,False,4717995,29,26563,away,521,2,2,played,11,0,False,72,0,0,0,0,0,0,,,72,0,0
339777,Denislav Aleksandrov,2026-04-09T15:30:00+00:00,2025,BU2,2,False,4717992,28,26563,home,2190,4,3,played,11,0,False,90,1,0,0,0,0,0,,,,0,0
339777,Denislav Aleksandrov,2026-04-04T14:00:00+00:00,2025,BU2,2,False,4717978,27,26563,away,19780,0,0,played,11,0,False,77,0,0,0,0,0,0,,,77,0,0
1017618,Lyubomir Kostov,2026-05-22T12:30:00+00:00,2025,BU1,1,False,4866454,37,675,home,24078,2,0,in squad,3,,False,0,0,0,0,0,0,0,,,,0,0
1017618,Lyubomir Kostov,2026-05-18T16:30:00+00:00,2025,BU1,1,False,4866450,36,675,away,730,0,2,not in squad,,,False,0,0,0,0,0,0,0,,,,0,0
1017618,Lyubomir Kostov,2026-05-13T12:15:00+00:00,2025,BU1,1,False,4866446,35,675,home,4362,0,2,not in squad,,,False,0,0,0,0,0,0,0,,,,0,0
1017618,Lyubomir Kostov,2026-05-10T11:15:00+00:00,2025,BU1,1,False,4866442,34,675,away,9599,1,2,in squad,3,,False,0,0,0,0,0,0,0,,,,0,0
1017618,Lyubomir Kostov,2026-05-06T14:30:00+00:00,2025,BU1,1,False,4866438,33,675,home,40416,2,1,in squad,85,,False,0,0,0,0,0,0,0,,,,0,0
1017618,Lyubomir Kostov,2026-05-02T11:00:00+00:00,2025,BU1,1,False,4866431,32,675,away,6764,0,3,not in squad,,,False,0,0,0,0,0,0,0,,,,0,0
1017618,Lyubomir Kostov,2026-04-26T11:00:00+00:00,2025,BU1,1,False,4866430,31,675,home,26462,1,1,not in squad,,,False,0,0,0,0,0,0,0,,,,0,0
1017618,Lyubomir Kostov,2026-04-16T16:30:00+00:00,2025,BU1,1,False,4718175,30,675,away,24078,0,0,not in squad,,,False,0,0,0,0,0,0,0,,,,0,0
1017618,Lyubomir Kostov,2026-04-10T15:00:00+00:00,2025,BU1,1,False,4718207,29,675,home,40416,1,2,not in squad,,,False,0,0,0,0,0,0,0,,,,0,0
1017618,Lyubomir Kostov,2026-04-05T11:30:00+00:00,2025,BU1,1,False,4718151,28,675,away,967,3,1,not in squad,,,False,0,0,0,0,0,0,0,,,,0,0
525477,Vladimir Medved,2026-05-22T12:30:00+00:00,2025,BU1,1,False,4866454,37,675,home,24078,2,0,not in squad,,,False,0,0,0,0,0,0,0,,,,0,0
525477,Vladimir Medved,2026-05-18T16:30:00+00:00,2025,BU1,1,False,4866450,36,675,away,730,0,2,not in squad,,,False,0,0,0,0,0,0,0,,,,0,0
525477,Vladimir Medved,2026-05-13T12:15:00+00:00,2025,BU1,1,False,4866446,35,675,home,4362,0,2,played,21,0,False,21,0,0,0,0,0,0,,69,,0,0
525477,Vladimir Medved,2026-05-10T11:15:00+00:00,2025,BU1,1,False,4866442,34,675,away,9599,1,2,played,21,0,False,11,0,0,0,0,0,0,,79,,0,0
525477,Vladimir Medved,2026-05-06T14:30:00+00:00,2025,BU1,1,False,4866438,33,675,home,40416,2,1,played,21,0,False,10,0,0,0,0,0,0,90,80,,0,0
525477,Vladimir Medved,2026-05-02T11:00:00+00:00,2025,BU1,1,False,4866431,32,675,away,6764,0,3,in squad,21,,False,0,0,0,0,0,0,0,,,,0,0
525477,Vladimir Medved,2026-04-26T11:00:00+00:00,2025,BU1,1,False,4866430,31,675,home,26462,1,1,played,21,0,False,20,0,0,0,0,0,0,,70,,0,0
525477,Vladimir Medved,2026-04-16T16:30:00+00:00,2025,BU1,1,False,4718175,30,675,away,24078,0,0,played,21,0,False,4,0,0,0,0,0,0,,86,,0,0
525477,Vladimir Medved,2026-04-10T15:00:00+00:00,2025,BU1,1,False,4718207,29,675,home,40416,1,2,played,21,0,False,4,0,0,0,0,0,0,,86,,0,0
525477,Vladimir Medved,2026-04-05T11:30:00+00:00,2025,BU1,1,False,4718151,28,675,away,967,3,1,not in squad,,,False,0,0,0,0,0,0,0,,,,0,0
1073540,Pedro Victor,2026-07-26T16:00:00+00:00,2026,BU1,1,False,4909869,2,9599,away,967,3,0,in squad,1,,False,0,0,0,0,0,0,0,,,,0,0
1073540,Pedro Victor,2026-07-17T16:00:00+00:00,2026,BU1,1,False,4909854,1,9599,home,61955,2,2,in squad,1,,False,0,0,0,0,0,0,0,,,,0,0
1073540,Pedro Victor,2026-05-22T15:00:00+00:00,2025,BU1,1,False,4866452,37,9599,home,730,3,0,played,1,1,False,90,0,0,0,0,0,0,,,,0,0
1073540,Pedro Victor,2026-05-18T16:30:00+00:00,2025,BU1,1,False,4866449,36,9599,away,24078,2,0,played,1,1,False,90,0,0,0,0,0,0,,,,0,0
1073540,Pedro Victor,2026-05-14T12:15:00+00:00,2025,BU1,1,False,4866445,35,9599,away,40416,0,1,played,1,1,False,90,0,0,0,0,0,0,,,,0,0
1073540,Pedro Victor,2026-05-10T11:15:00+00:00,2025,BU1,1,False,4866442,34,9599,home,675,2,1,played,1,1,False,90,0,0,0,0,0,0,,,,0,0
1073540,Pedro Victor,2026-05-06T17:00:00+00:00,2025,BU1,1,False,4866436,33,9599,home,4362,1,1,played,1,1,False,90,0,0,0,0,0,0,87,,,0,0
1073540,Pedro Victor,2026-05-02T13:30:00+00:00,2025,BU1,1,False,4866432,32,9599,away,26462,1,2,played,1,1,False,90,0,0,0,0,0,0,,,,0,0
1073540,Pedro Victor,2026-04-24T16:30:00+00:00,2025,BU1,1,False,4866428,31,9599,home,6764,1,2,played,1,1,False,90,0,0,0,0,0,0,,,,0,0
1073540,Pedro Victor,2026-04-16T14:00:00+00:00,2025,BU1,1,False,4718170,30,9599,away,40416,0,0,played,1,1,False,90,0,0,0,0,0,0,,,,0,0
921531,Mateo Juric-Petrasilo,2026-07-26T16:00:00+00:00,2026,BU1,1,False,4909869,2,9599,away,967,3,0,injured,,,False,0,0,0,0,0,0,0,,,,101,0
921531,Mateo Juric-Petrasilo,2026-07-17T16:00:00+00:00,2026,BU1,1,False,4909854,1,9599,home,61955,2,2,injured,,,False,0,0,0,0,0,0,0,,,,101,0
921531,Mateo Juric-Petrasilo,2026-05-22T15:00:00+00:00,2025,BU1,1,False,4866452,37,9599,home,730,3,0,injured,,,False,0,0,0,0,0,0,0,,,,101,0
921531,Mateo Juric-Petrasilo,2026-05-18T16:30:00+00:00,2025,BU1,1,False,4866449,36,9599,away,24078,2,0,played,3,3,False,44,0,0,0,0,0,0,,,44,0,0
921531,Mateo Juric-Petrasilo,2026-05-14T12:15:00+00:00,2025,BU1,1,False,4866445,35,9599,away,40416,0,1,played,3,0,False,1,0,0,0,0,0,0,,89,,0,0
921531,Mateo Juric-Petrasilo,2026-05-10T11:15:00+00:00,2025,BU1,1,False,4866442,34,9599,home,675,2,1,in squad,3,,False,0,0,0,0,0,0,0,,,,0,0
921531,Mateo Juric-Petrasilo,2026-05-06T17:00:00+00:00,2025,BU1,1,False,4866436,33,9599,home,4362,1,1,played,3,0,False,1,0,0,0,0,0,0,,90,,0,0
921531,Mateo Juric-Petrasilo,2026-05-02T13:30:00+00:00,2025,BU1,1,False,4866432,32,9599,away,26462,1,2,in squad,3,,False,0,0,0,0,0,0,0,,,,0,0
921531,Mateo Juric-Petrasilo,2026-04-24T16:30:00+00:00,2025,BU1,1,False,4866428,31,9599,home,6764,1,2,played,3,0,False,5,0,0,0,0,0,0,,85,,0,0
921531,Mateo Juric-Petrasilo,2026-04-16T14:00:00+00:00,2025,BU1,1,False,4718170,30,9599,away,40416,0,0,played,3,0,False,4,0,0,0,0,0,0,,86,,0,0
1335365,Valentin Dimitrov,2026-07-26T16:00:00+00:00,2026,BU1,1,False,4909869,2,9599,away,967,3,0,not in squad,,,False,0,0,0,0,0,0,0,,,,0,0
1335365,Valentin Dimitrov,2026-07-17T16:00:00+00:00,2026,BU1,1,False,4909854,1,9599,home,61955,2,2,not in squad,,,False,0,0,0,0,0,0,0,,,,0,0
1335365,Valentin Dimitrov,2026-05-22T15:00:00+00:00,2025,BU1,1,False,4866452,37,9599,home,730,3,0,not in squad,,,False,0,0,0,0,0,0,0,,,,0,0
1335365,Valentin Dimitrov,2026-05-18T16:30:00+00:00,2025,BU1,1,False,4866449,36,9599,away,24078,2,0,not in squad,,,False,0,0,0,0,0,0,0,,,,0,0
1335365,Valentin Dimitrov,2026-05-14T12:15:00+00:00,2025,BU1,1,False,4866445,35,9599,away,40416,0,1,not in squad,,,False,0,0,0,0,0,0,0,,,,0,0
1335365,Valentin Dimitrov,2026-05-10T11:15:00+00:00,2025,BU1,1,False,4866442,34,9599,home,675,2,1,not in squad,,,False,0,0,0,0,0,0,0,,,,0,0
1335365,Valentin Dimitrov,2026-05-06T17:00:00+00:00,2025,BU1,1,False,4866436,33,9599,home,4362,1,1,not in squad,,,False,0,0,0,0,0,0,0,,,,0,0
1335365,Valentin Dimitrov,2026-05-02T13:30:00+00:00,2025,BU1,1,False,4866432,32,9599,away,26462,1,2,not in squad,,,False,0,0,0,0,0,0,0,,,,0,0
1335365,Valentin Dimitrov,2026-04-24T16:30:00+00:00,2025,BU1,1,False,4866428,31,9599,home,6764,1,2,not in squad,,,False,0,0,0,0,0,0,0,,,,0,0
1335365,Valentin Dimitrov,2026-04-16T14:00:00+00:00,2025,BU1,1,False,4718170,30,9599,away,40416,0,0,not in squad,,,False,0,0,0,0,0,0,0,,,,0,0
912273,Boris Ivanov,2026-07-26T16:00:00+00:00,2026,BU1,1,False,4909869,2,9599,away,967,3,0,played,4,4,False,90,0,0,0,0,0,0,,,,0,0
912273,Boris Ivanov,2026-07-17T16:00:00+00:00,2026,BU1,1,False,4909854,1,9599,home,61955,2,2,played,4,4,False,90,0,0,0,0,0,0,,,,0,0
912273,Boris Ivanov,2026-05-22T15:00:00+00:00,2025,BU1,1,False,4866452,37,9599,home,730,3,0,played,2,4,False,90,0,1,0,0,0,0,,,,0,0
912273,Boris Ivanov,2026-05-18T16:30:00+00:00,2025,BU1,1,False,4866449,36,9599,away,24078,2,0,played,2,4,False,90,0,0,0,0,0,0,,,,0,0
912273,Boris Ivanov,2026-05-14T12:15:00+00:00,2025,BU1,1,False,4866445,35,9599,away,40416,0,1,played,2,4,False,80,0,0,0,0,0,0,,,80,0,0
912273,Boris Ivanov,2026-05-10T11:15:00+00:00,2025,BU1,1,False,4866442,34,9599,home,675,2,1,played,2,4,False,90,0,0,0,0,0,0,,,,0,0
912273,Boris Ivanov,2026-05-06T17:00:00+00:00,2025,BU1,1,False,4866436,33,9599,home,4362,1,1,played,2,4,False,90,0,0,0,0,0,0,,,,0,0
912273,Boris Ivanov,2026-05-02T13:30:00+00:00,2025,BU1,1,False,4866432,32,9599,away,26462,1,2,absent,,,False,0,0,0,0,0,0,0,,,,0,3
912273,Boris Ivanov,2026-04-24T16:30:00+00:00,2025,BU1,1,False,4866428,31,9599,home,6764,1,2,played,2,4,False,4,0,0,0,0,0,0,,,,0,0
912273,Boris Ivanov,2026-04-16T14:00:00+00:00,2025,BU1,1,False,4718170,30,9599,away,40416,0,0,played,2,4,False,90,0,0,0,0,0,0,,,,0,0
658612,Dimo Krastev,2026-07-26T16:00:00+00:00,2026,BU1,1,False,4909869,2,9599,away,967,3,0,not in squad,,,False,0,0,0,0,0,0,0,,,,0,0
658612,Dimo Krastev,2026-07-17T16:00:00+00:00,2026,BU1,1,False,4909854,1,9599,home,61955,2,2,not in squad,,,False,0,0,0,0,0,0,0,,,,0,0
658612,Dimo Krastev,2026-05-22T15:00:00+00:00,2025,BU1,1,False,4866452,37,9599,home,730,3,0,played,5,3,False,90,0,0,0,0,0,0,,,,0,0
658612,Dimo Krastev,2026-05-18T16:30:00+00:00,2025,BU1,1,False,4866449,36,9599,away,24078,2,0,played,5,3,False,90,0,0,0,0,0,0,,,,0,0
658612,Dimo Krastev,2026-05-14T12:15:00+00:00,2025,BU1,1,False,4866445,35,9599,away,40416,0,1,played,5,3,False,90,0,0,0,0,0,0,62,,,0,0
658612,Dimo Krastev,2026-05-10T11:15:00+00:00,2025,BU1,1,False,4866442,34,9599,home,675,2,1,played,5,3,False,90,1,0,0,0,0,0,,,,0,0
658612,Dimo Krastev,2026-05-06T17:00:00+00:00,2025,BU1,1,False,4866436,33,9599,home,4362,1,1,played,5,3,False,90,0,0,0,0,0,0,,,,0,0
658612,Dimo Krastev,2026-05-02T13:30:00+00:00,2025,BU1,1,False,4866432,32,9599,away,26462,1,2,played,5,3,False,90,0,0,0,0,0,0,,,,0,0
658612,Dimo Krastev,2026-04-24T16:30:00+00:00,2025,BU1,1,False,4866428,31,9599,home,6764,1,2,played,5,3,False,90,0,0,0,0,0,0,,,,0,0
658612,Dimo Krastev,2026-04-16T14:00:00+00:00,2025,BU1,1,False,4718170,30,9599,away,40416,0,0,played,5,3,False,90,0,0,0,0,0,0,,,,0,0
283341,Deyan Lozev,2026-07-26T16:00:00+00:00,2026,BU1,1,False,4909869,2,9599,away,967,3,0,played,20,5,True,90,0,0,0,0,0,0,,,,0,0
283341,Deyan Lozev,2026-07-17T16:00:00+00:00,2026,BU1,1,False,4909854,1,9599,home,61955,2,2,played,20,5,True,90,0,0,0,0,0,0,,,,0,0
283341,Deyan Lozev,2026-05-22T15:00:00+00:00,2025,BU1,1,False,4866452,37,9599,home,730,3,0,played,20,5,True,90,0,0,0,0,0,0,22,,,0,0
283341,Deyan Lozev,2026-05-18T16:30:00+00:00,2025,BU1,1,False,4866449,36,9599,away,24078,2,0,played,20,5,True,90,0,0,0,0,0,0,,,,0,0
283341,Deyan Lozev,2026-05-14T12:15:00+00:00,2025,BU1,1,False,4866445,35,9599,away,40416,0,1,played,20,5,True,90,0,0,0,0,0,0,35,,,0,0
283341,Deyan Lozev,2026-05-10T11:15:00+00:00,2025,BU1,1,False,4866442,34,9599,home,675,2,1,played,20,5,True,90,0,0,0,0,0,0,60,,,0,0
283341,Deyan Lozev,2026-05-06T17:00:00+00:00,2025,BU1,1,False,4866436,33,9599,home,4362,1,1,played,20,5,True,90,0,0,0,0,0,0,,,,0,0
283341,Deyan Lozev,2026-05-02T13:30:00+00:00,2025,BU1,1,False,4866432,32,9599,away,26462,1,2,played,20,4,True,78,0,0,0,0,0,0,,,78,0,0
283341,Deyan Lozev,2026-04-24T16:30:00+00:00,2025,BU1,1,False,4866428,31,9599,home,6764,1,2,played,20,5,True,90,0,0,0,0,0,0,,,,0,0
283341,Deyan Lozev,2026-04-16T14:00:00+00:00,2025,BU1,1,False,4718170,30,9599,away,40416,0,0,absent,,,False,0,0,0,0,0,0,0,,,,0,1
1164719,Joey Tshitoku,2026-07-26T16:00:00+00:00,2026,BU1,1,False,4909869,2,9599,away,967,3,0,played,45,3,False,90,0,0,0,0,0,0,69,,,0,0
1164719,Joey Tshitoku,2026-07-17T16:00:00+00:00,2026,BU1,1,False,4909854,1,9599,home,61955,2,2,played,45,3,False,90,1,0,0,0,0,0,,,,0,0
1164719,Joey Tshitoku,2026-05-10T13:00:00+00:00,2025,B3AB,12,False,4828469,10,3772,home,2385,3,2,in squad,4,,False,0,0,0,0,0,0,0,,,,0,0
1164719,Joey Tshitoku,2026-05-03T13:00:00+00:00,2025,B3AB,12,False,4828467,9,3772,away,11939,2,2,not in squad,,,False,0,0,0,0,0,0,0,,,,0,0
1164719,Joey Tshitoku,2026-04-25T18:00:00+00:00,2025,B3AB,12,False,4828463,8,3772,away,54291,0,0,not in squad,,,False,0,0,0,0,0,0,0,,,,0,0
1164719,Joey Tshitoku,2026-04-18T18:00:00+00:00,2025,B3AB,12,False,4828461,7,3772,home,42891,2,0,not in squad,,,False,0,0,0,0,0,0,0,,,,0,0
1164719,Joey Tshitoku,2026-04-11T18:00:00+00:00,2025,B3AB,12,False,4828457,6,3772,home,1199,2,1,in squad,4,,False,0,0,0,0,0,0,0,,,,0,0
1164719,Joey Tshitoku,2026-03-29T13:00:00+00:00,2025,B3AB,12,False,4828455,5,3772,away,42891,0,2,in squad,4,,False,0,0,0,0,0,0,0,,,,0,0
1164719,Joey Tshitoku,2026-03-21T19:00:00+00:00,2025,B3AB,12,False,4828452,4,3772,away,1199,0,1,not in squad,,,False,0,0,0,0,0,0,0,,,,0,0
1164719,Joey Tshitoku,2026-03-14T19:00:00+00:00,2025,B3AB,12,False,4828448,3,3772,home,54291,2,2,not in squad,,,False,0,0,0,0,0,0,0,,,,0,0
150716,Angel Granchov,2026-07-26T16:00:00+00:00,2026,BU1,1,False,4909869,2,9599,away,967,3,0,played,44,3,False,90,1,0,0,0,0,0,54,,,0,0
150716,Angel Granchov,2026-07-17T16:00:00+00:00,2026,BU1,1,False,4909854,1,9599,home,61955,2,2,played,44,3,False,90,0,0,0,0,0,0,,,,0,0
150716,Angel Granchov,2026-05-22T15:00:00+00:00,2025,BU1,1,False,4866452,37,9599,home,730,3,0,absent,,,False,0,0,0,0,0,0,0,,,,0,1
150716,Angel Granchov,2026-05-18T16:30:00+00:00,2025,BU1,1,False,4866449,36,9599,away,24078,2,0,absent,,,False,0,0,0,0,0,0,0,,,,0,1
150716,Angel Granchov,2026-05-14T12:15:00+00:00,2025,BU1,1,False,4866445,35,9599,away,40416,0,1,played,44,3,False,90,0,0,0,0,0,0,90,,,0,0
150716,Angel Granchov,2026-05-10T11:15:00+00:00,2025,BU1,1,False,4866442,34,9599,home,675,2,1,played,44,3,False,90,0,0,0,0,0,0,,,,0,0
150716,Angel Granchov,2026-05-06T17:00:00+00:00,2025,BU1,1,False,4866436,33,9599,home,4362,1,1,played,44,3,False,90,0,1,0,0,0,0,,,,0,0
150716,Angel Granchov,2026-05-02T13:30:00+00:00,2025,BU1,1,False,4866432,32,9599,away,26462,1,2,played,44,3,False,90,0,0,0,0,0,0,,,,0,0
150716,Angel Granchov,2026-04-24T16:30:00+00:00,2025,BU1,1,False,4866428,31,9599,home,6764,1,2,played,44,3,False,90,0,0,0,0,0,0,,,,0,0
150716,Angel Granchov,2026-04-16T14:00:00+00:00,2025,BU1,1,False,4718170,30,9599,away,40416,0,0,played,44,3,False,90,0,0,0,0,0,0,24,,,0,0
1268213,Tsvetoslav Marinov,2026-07-26T16:00:00+00:00,2026,BU1,1,False,4909869,2,9599,away,967,3,0,played,17,6,False,90,0,0,0,0,0,0,,,,0,0
1268213,Tsvetoslav Marinov,2026-07-17T16:00:00+00:00,2026,BU1,1,False,4909854,1,9599,home,61955,2,2,played,17,6,False,90,0,0,0,0,0,0,52,,,0,0
1268213,Tsvetoslav Marinov,2026-05-22T15:00:00+00:00,2025,BU1,1,False,4866452,37,9599,home,730,3,0,played,17,0,False,17,0,0,0,0,0,0,,73,,0,0
1268213,Tsvetoslav Marinov,2026-05-18T16:30:00+00:00,2025,BU1,1,False,4866449,36,9599,away,24078,2,0,played,17,6,False,90,0,0,0,0,0,0,,,,0,0
1268213,Tsvetoslav Marinov,2026-05-14T12:15:00+00:00,2025,BU1,1,False,4866445,35,9599,away,40416,0,1,absent,,,False,0,0,0,0,0,0,0,,,,0,1
1268213,Tsvetoslav Marinov,2026-05-10T11:15:00+00:00,2025,BU1,1,False,4866442,34,9599,home,675,2,1,played,17,6,False,45,0,0,0,0,0,0,34,,46,0,0
1268213,Tsvetoslav Marinov,2026-05-06T17:00:00+00:00,2025,BU1,1,False,4866436,33,9599,home,4362,1,1,played,17,6,False,84,0,0,0,0,0,0,,,84,0,0
1268213,Tsvetoslav Marinov,2026-05-02T13:30:00+00:00,2025,BU1,1,False,4866432,32,9599,away,26462,1,2,played,17,0,False,19,0,0,0,0,0,0,,71,,0,0
1268213,Tsvetoslav Marinov,2026-04-24T16:30:00+00:00,2025,BU1,1,False,4866428,31,9599,home,6764,1,2,played,17,6,False,85,0,0,0,0,0,0,,,85,0,0
1268213,Tsvetoslav Marinov,2026-04-16T14:00:00+00:00,2025,BU1,1,False,4718170,30,9599,away,40416,0,0,played,17,6,False,69,0,0,0,0,0,0,,,69,0,0
990068,Damyan Yordanov,2026-07-26T16:00:00+00:00,2026,BU1,1,False,4909869,2,9599,away,967,3,0,played,8,11,False,73,0,0,0,0,0,0,,,73,0,0
990068,Damyan Yordanov,2026-07-17T16:00:00+00:00,2026,BU1,1,False,4909854,1,9599,home,61955,2,2,played,8,11,False,79,0,0,0,0,0,0,,,79,0,0
990068,Damyan Yordanov,2026-05-30T14:00:00+00:00,2025,FS,11,True,4893732,51,21361,home,16844,1,0,played,20,0,False,45,0,0,0,0,0,0,,46,,0,0
990068,Damyan Yordanov,2026-05-22T15:00:00+00:00,2025,BU1,1,False,4866452,37,9599,home,730,3,0,played,88,6,False,73,0,0,0,0,0,0,,,73,0,0
990068,Damyan Yordanov,2026-05-18T16:30:00+00:00,2025,BU1,1,False,4866449,36,9599,away,24078,2,0,played,88,7,False,87,0,0,0,0,0,0,77,,87,0,0
990068,Damyan Yordanov,2026-05-14T12:15:00+00:00,2025,BU1,1,False,4866445,35,9599,away,40416,0,1,played,88,7,False,90,0,0,0,0,0,0,,,,0,0
990068,Damyan Yordanov,2026-05-10T11:15:00+00:00,2025,BU1,1,False,4866442,34,9599,home,675,2,1,played,88,7,False,90,0,0,0,0,0,0,,,,0,0
990068,Damyan Yordanov,2026-05-06T17:00:00+00:00,2025,BU1,1,False,4866436,33,9599,home,4362,1,1,played,88,7,False,90,0,0,0,0,0,0,,,90,0,0
990068,Damyan Yordanov,2026-05-02T13:30:00+00:00,2025,BU1,1,False,4866432,32,9599,away,26462,1,2,played,88,7,False,90,0,0,0,0,0,0,11,,,0,0
990068,Damyan Yordanov,2026-04-24T16:30:00+00:00,2025,BU1,1,False,4866428,31,9599,home,6764,1,2,absent,,,False,0,0,0,0,0,0,0,,,,0,1
599978,Ricardo Sousa,2026-07-26T16:00:00+00:00,2026,BU1,1,False,4909869,2,9599,away,967,3,0,played,6,0,False,1,1,0,0,0,0,0,,89,,0,0
599978,Ricardo Sousa,2026-07-17T16:00:00+00:00,2026,BU1,1,False,4909854,1,9599,home,61955,2,2,played,6,0,False,20,0,0,0,0,0,0,,70,,0,0
599978,Ricardo Sousa,2026-05-31T13:00:00+00:00,2025,CPSP,12,False,4867808,6,7211,home,8239,2,0,played,6,6,False,90,0,0,0,0,0,0,,,,0,0
599978,Ricardo Sousa,2026-05-23T16:00:00+00:00,2025,CPSP,12,False,4867805,5,7211,away,7117,0,1,played,6,3,False,90,0,0,0,0,0,0,,,,0,0
599978,Ricardo Sousa,2026-05-17T16:15:00+00:00,2025,CPSP,12,False,4867793,4,7211,home,3267,3,4,played,6,6,False,90,0,0,0,0,0,0,,,,0,0
599978,Ricardo Sousa,2026-05-10T16:00:00+00:00,2025,CPSP,12,False,4867788,3,7211,away,8239,3,0,played,6,6,False,90,0,0,0,0,0,0,,,,0,0
599978,Ricardo Sousa,2026-05-03T15:00:00+00:00,2025,CPSP,12,False,4867785,2,7211,home,7117,1,0,played,6,6,False,90,0,0,0,0,0,0,,,,0,0
599978,Ricardo Sousa,2026-04-26T15:00:00+00:00,2025,CPSP,12,False,4867781,1,7211,away,3267,2,4,played,6,6,False,90,0,1,0,0,0,0,65,,,0,0
599978,Ricardo Sousa,2026-04-18T15:00:00+00:00,2025,CPSA,4,False,4719327,26,7211,home,16222,4,1,in squad,6,,False,0,0,0,0,0,0,0,,,,0,0
599978,Ricardo Sousa,2026-04-12T15:00:00+00:00,2025,CPSA,4,False,4719316,25,7211,away,8720,5,0,in squad,6,,False,0,0,0,0,0,0,0,,,,0,0
501165,Sámuel Major,2026-07-26T16:00:00+00:00,2026,BU1,1,False,4909869,2,9599,away,967,3,0,in squad,19,,False,0,0,0,0,0,0,0,,,,0,0
501165,Sámuel Major,2026-07-17T16:00:00+00:00,2026,BU1,1,False,4909854,1,9599,home,61955,2,2,not in squad,,,False,0,0,0,0,0,0,0,,,,0,0
501165,Sámuel Major,2026-05-09T08:00:00+00:00,2025,R2AO,12,False,4844891,7,93148,away,102149,3,1,in squad,10,,False,0,0,0,0,0,0,0,,,,0,0
501165,Sámuel Major,2026-05-02T08:00:00+00:00,2025,R2AO,12,False,4844933,6,93148,home,8687,4,0,in squad,10,,False,0,0,0,0,0,0,0,,,,0,0
501165,Sámuel Major,2026-04-25T08:00:00+00:00,2025,R2AO,12,False,4844908,5,93148,away,84065,0,0,played,10,0,False,45,0,0,0,0,0,0,,,46,0,0
501165,Sámuel Major,2026-04-18T08:00:00+00:00,2025,R2AO,12,False,4844924,4,93148,home,72860,1,1,played,10,0,False,56,0,0,0,0,0,0,,,56,0,0
501165,Sámuel Major,2026-04-10T08:00:00+00:00,2025,R2AO,12,False,4844885,3,93148,away,33966,1,0,played,10,0,False,45,0,0,0,0,0,0,,46,,0,0
501165,Sámuel Major,2026-04-04T08:00:00+00:00,2025,R2AO,12,False,4844915,2,93148,home,60792,1,4,not in squad,,,False,0,0,0,0,0,0,0,,,,0,0
501165,Sámuel Major,2026-03-21T09:00:00+00:00,2025,R2AO,12,False,4844902,1,93148,home,94872,6,1,not in squad,,,False,0,0,0,0,0,0,0,,,,0,0
501165,Sámuel Major,2026-03-14T10:30:00+00:00,2025,RO2,2,False,4690542,21,93148,away,54585,0,0,not in squad,,,False,0,0,0,0,0,0,0,,,,0,0
670317,Georg Stojanovski,2026-07-26T16:00:00+00:00,2026,BU1,1,False,4909869,2,9599,away,967,3,0,played,90,10,False,89,1,0,0,0,0,0,,,89,0,0
670317,Georg Stojanovski,2026-07-17T16:00:00+00:00,2026,BU1,1,False,4909854,1,9599,home,61955,2,2,played,90,10,False,90,1,1,0,0,0,0,,,90,0,0
670317,Georg Stojanovski,2026-05-22T15:00:00+00:00,2025,BU1,1,False,4866452,37,9599,home,730,3,0,played,90,10,False,90,3,0,0,0,0,0,74,,90,0,0
670317,Georg Stojanovski,2026-05-18T16:30:00+00:00,2025,BU1,1,False,4866449,36,9599,away,24078,2,0,played,90,10,False,90,1,0,0,0,0,0,37,,,0,0
670317,Georg Stojanovski,2026-05-14T12:15:00+00:00,2025,BU1,1,False,4866445,35,9599,away,40416,0,1,absent,,,False,0,0,0,0,0,0,0,,,,0,1
670317,Georg Stojanovski,2026-05-10T11:15:00+00:00,2025,BU1,1,False,4866442,34,9599,home,675,2,1,played,90,10,False,90,0,0,0,0,0,0,90,,90,0,0
670317,Georg Stojanovski,2026-05-06T17:00:00+00:00,2025,BU1,1,False,4866436,33,9599,home,4362,1,1,played,90,10,False,90,0,0,0,0,0,0,,,,0,0
670317,Georg Stojanovski,2026-05-02T13:30:00+00:00,2025,BU1,1,False,4866432,32,9599,away,26462,1,2,played,90,14,False,71,0,1,0,0,0,0,,,71,0,0
670317,Georg Stojanovski,2026-04-24T16:30:00+00:00,2025,BU1,1,False,4866428,31,9599,home,6764,1,2,played,90,10,False,90,0,0,0,0,0,0,,,90,0,0
670317,Georg Stojanovski,2026-04-16T14:00:00+00:00,2025,BU1,1,False,4718170,30,9599,away,40416,0,0,played,90,11,False,90,0,0,0,0,0,0,,,,0,0
345412,Ahmed Ahmedov,2026-07-26T16:00:00+00:00,2026,BU1,1,False,4909869,2,9599,away,967,3,0,not in squad,,,False,0,0,0,0,0,0,0,,,,0,0
345412,Ahmed Ahmedov,2026-07-17T16:00:00+00:00,2026,BU1,1,False,4909854,1,9599,home,61955,2,2,played,70,14,False,79,0,0,0,0,0,0,,,79,0,0
345412,Ahmed Ahmedov,2026-06-06T08:00:00+00:00,2025,J1YV,14,False,4889585,20,1062,away,3828,0,3,not in squad,,,False,0,0,0,0,0,0,0,,,,0,0
345412,Ahmed Ahmedov,2026-05-31T05:00:00+00:00,2025,J1YV,14,False,4889575,19,1062,home,3828,1,1,not in squad,,,False,0,0,0,0,0,0,0,,,,0,0
345412,Ahmed Ahmedov,2026-05-24T08:00:00+00:00,2025,J1YV,14,False,4787186,18,1062,home,596,1,2,not in squad,,,False,0,0,0,0,0,0,0,,,,0,0
345412,Ahmed Ahmedov,2026-05-17T05:00:00+00:00,2025,J1YV,14,False,4787179,17,1062,away,22171,0,2,played,29,0,False,8,0,0,0,0,0,0,,82,,0,0
345412,Ahmed Ahmedov,2026-05-10T05:00:00+00:00,2025,J1YV,14,False,4787167,16,1062,home,9597,5,4,played,29,14,False,56,0,0,1,0,1,0,,,56,0,0
345412,Ahmed Ahmedov,2026-05-06T04:00:00+00:00,2025,J1YV,14,False,4787157,15,1062,home,1022,6,4,played,29,0,False,14,0,0,0,0,0,0,90,76,,0,0
345412,Ahmed Ahmedov,2026-05-02T05:00:00+00:00,2025,J1YV,14,False,4787147,14,1062,away,593,2,1,in squad,29,,False,0,0,0,0,0,0,0,,,,0,0
345412,Ahmed Ahmedov,2026-04-29T04:00:00+00:00,2025,J1YV,14,False,4787137,13,1062,home,23581,1,2,not in squad,,,False,0,0,0,0,0,0,0,,,,0,0
817664,Jota Lopes,2026-07-26T16:00:00+00:00,2026,BU1,1,False,4909869,2,9599,away,967,3,0,played,10,12,False,89,0,0,0,0,0,0,,,89,0,0
817664,Jota Lopes,2026-07-17T16:00:00+00:00,2026,BU1,1,False,4909854,1,9599,home,61955,2,2,played,10,12,False,70,0,0,0,0,0,0,,,70,0,0
817664,Jota Lopes,2026-05-22T15:00:00+00:00,2025,BU1,1,False,4866452,37,9599,home,730,3,0,played,10,12,False,90,0,1,0,0,0,0,,,90,0,0
817664,Jota Lopes,2026-05-18T16:30:00+00:00,2025,BU1,1,False,4866449,36,9599,away,24078,2,0,played,10,12,False,80,0,0,0,0,0,0,,,80,0,0
817664,Jota Lopes,2026-05-14T12:15:00+00:00,2025,BU1,1,False,4866445,35,9599,away,40416,0,1,played,10,12,False,71,0,0,0,0,0,0,,,71,0,0
817664,Jota Lopes,2026-05-10T11:15:00+00:00,2025,BU1,1,False,4866442,34,9599,home,675,2,1,played,10,12,False,90,0,1,0,0,0,0,,,,0,0
817664,Jota Lopes,2026-05-06T17:00:00+00:00,2025,BU1,1,False,4866436,33,9599,home,4362,1,1,played,10,12,False,73,0,0,0,0,0,0,64,,73,0,0
817664,Jota Lopes,2026-05-02T13:30:00+00:00,2025,BU1,1,False,4866432,32,9599,away,26462,1,2,played,10,12,False,71,0,0,0,0,0,0,,,71,0,0
817664,Jota Lopes,2026-04-24T16:30:00+00:00,2025,BU1,1,False,4866428,31,9599,home,6764,1,2,played,10,12,False,90,1,0,0,0,0,0,,,90,0,0
817664,Jota Lopes,2026-04-16T14:00:00+00:00,2025,BU1,1,False,4718170,30,9599,away,40416,0,0,played,10,10,False,86,0,0,0,0,0,0,14,,86,0,0
274666,Tsvetelin Chunchukov,2026-07-26T16:00:00+00:00,2026,BU1,1,False,4909869,2,9599,away,967,3,0,played,9,0,False,1,0,1,0,0,0,0,,89,,0,0
274666,Tsvetelin Chunchukov,2026-07-17T16:00:00+00:00,2026,BU1,1,False,4909854,1,9599,home,61955,2,2,played,9,0,False,11,0,0,0,0,0,0,90,79,,0,0
274666,Tsvetelin Chunchukov,2026-05-22T15:00:00+00:00,2025,BU1,1,False,4866452,37,9599,home,730,3,0,played,9,14,False,85,0,0,0,0,0,0,,,85,0,0
274666,Tsvetelin Chunchukov,2026-05-18T16:30:00+00:00,2025,BU1,1,False,4866449,36,9599,away,24078,2,0,played,9,14,False,87,1,0,0,0,0,0,71,,87,0,0
274666,Tsvetelin Chunchukov,2026-05-14T12:15:00+00:00,2025,BU1,1,False,4866445,35,9599,away,40416,0,1,played,9,14,False,90,0,0,0,0,0,0,,,,0,0
274666,Tsvetelin Chunchukov,2026-05-10T11:15:00+00:00,2025,BU1,1,False,4866442,34,9599,home,675,2,1,played,9,14,False,67,1,0,0,0,0,0,15,,67,0,0
274666,Tsvetelin Chunchukov,2026-05-06T17:00:00+00:00,2025,BU1,1,False,4866436,33,9599,home,4362,1,1,played,9,14,False,84,0,0,0,0,0,0,,,84,0,0
274666,Tsvetelin Chunchukov,2026-05-02T13:30:00+00:00,2025,BU1,1,False,4866432,32,9599,away,26462,1,2,played,9,0,False,53,1,0,0,0,0,0,70,37,,0,0
274666,Tsvetelin Chunchukov,2026-04-24T16:30:00+00:00,2025,BU1,1,False,4866428,31,9599,home,6764,1,2,played,9,14,False,45,0,0,0,0,0,0,,,46,0,0
274666,Tsvetelin Chunchukov,2026-04-16T14:00:00+00:00,2025,BU1,1,False,4718170,30,9599,away,40416,0,0,played,9,14,False,86,0,0,0,0,0,0,,,86,0,0
695968,Ángel Gomes,2026-07-26T16:00:00+00:00,2026,BU1,1,False,4909869,2,9599,away,967,3,0,in squad,80,,False,0,0,0,0,0,0,0,,,,0,0
695968,Ángel Gomes,2026-07-17T16:00:00+00:00,2026,BU1,1,False,4909854,1,9599,home,61955,2,2,in squad,80,,False,0,0,0,0,0,0,0,,,,0,0
695968,Ángel Gomes,2026-05-17T14:00:00+00:00,2025,P3Au,12,False,4813517,14,4297,away,74155,2,2,played,7,12,False,12,0,0,0,0,0,0,,78,,0,0
695968,Ángel Gomes,2026-05-10T18:30:00+00:00,2025,P3Au,12,False,4813506,13,4297,home,68608,1,2,played,7,10,False,21,0,0,0,0,0,0,,69,,0,0
695968,Ángel Gomes,2026-05-03T19:00:00+00:00,2025,P3Au,12,False,4813500,12,4297,away,2990,0,1,played,7,12,False,30,0,0,0,0,0,0,,60,,0,0
695968,Ángel Gomes,2026-04-25T15:30:00+00:00,2025,P3Au,12,False,4813487,11,4297,home,15136,2,2,played,7,10,False,18,0,0,0,0,0,0,,72,,0,0
695968,Ángel Gomes,2026-04-18T18:00:00+00:00,2025,P3Au,12,False,4813484,10,4297,away,3348,1,0,played,7,12,False,8,0,0,0,0,0,0,,82,,0,0
695968,Ángel Gomes,2026-04-11T10:00:00+00:00,2025,P3Au,12,False,4813479,9,4297,home,7056,0,2,played,7,11,False,58,0,0,0,0,0,0,,,58,0,0
695968,Ángel Gomes,2026-04-04T14:00:00+00:00,2025,P3Au,12,False,4813474,8,4297,away,7789,0,1,in squad,7,,False,0,0,0,0,0,0,0,,,,0,0
695968,Ángel Gomes,2026-03-21T17:00:00+00:00,2025,P3Au,12,False,4813462,7,4297,home,74155,1,0,played,7,9,False,29,0,0,0,0,0,0,,61,,0,0
830310,Luciano Squadrone,2026-07-26T16:00:00+00:00,2026,BU1,1,False,4909869,2,967,home,9599,0,3,played,5,3,False,90,0,0,0,0,0,0,,,,0,0
830310,Luciano Squadrone,2026-07-19T16:30:00+00:00,2026,BU1,1,False,4909853,1,967,away,26462,1,1,played,5,3,False,90,0,0,0,0,0,0,88,,,0,0
830310,Luciano Squadrone,2026-05-10T14:00:00+00:00,2025,ALB1,1,False,4680270,36,12460,away,8671,0,2,played,6,3,False,90,0,0,0,0,0,0,,,,0,0
830310,Luciano Squadrone,2026-05-06T14:00:00+00:00,2025,ALB1,1,False,4680284,35,12460,home,3739,1,1,played,6,3,False,90,0,0,0,0,0,0,,,,0,0
830310,Luciano Squadrone,2026-05-02T14:00:00+00:00,2025,ALB1,1,False,4680246,34,12460,away,4040,4,1,played,6,3,False,90,0,0,0,0,0,0,,,,0,0
830310,Luciano Squadrone,2026-04-27T17:00:00+00:00,2025,ALB1,1,False,4680261,33,12460,home,588,3,1,played,6,3,False,90,0,0,0,0,0,0,,,,0,0
830310,Luciano Squadrone,2026-04-18T14:00:00+00:00,2025,ALB1,1,False,4680282,32,12460,away,27114,2,0,played,6,0,False,7,0,0,0,0,0,0,,83,,0,0
830310,Luciano Squadrone,2026-04-11T17:00:00+00:00,2025,ALB1,1,False,4680277,31,12460,home,45456,1,1,absent,,,False,0,0,0,0,0,0,0,,,,0,6
830310,Luciano Squadrone,2026-04-03T17:00:00+00:00,2025,ALB1,1,False,4680252,30,12460,home,2049,1,1,absent,,,False,0,0,0,0,0,0,0,,,,0,6
830310,Luciano Squadrone,2026-03-21T14:00:00+00:00,2025,ALB1,1,False,4680264,29,12460,away,21234,1,2,absent,,,False,0,0,0,0,0,0,0,,,,0,6
855158,Mohamed Achi,2026-07-26T16:00:00+00:00,2026,BU1,1,False,4909869,2,967,home,9599,0,3,not in squad,,,False,0,0,0,0,0,0,0,,,,0,0
855158,Mohamed Achi,2026-07-19T16:30:00+00:00,2026,BU1,1,False,4909853,1,967,away,26462,1,1,played,11,10,False,77,0,0,0,0,0,0,,,77,0,0
855158,Mohamed Achi,2026-05-15T18:30:00+00:00,2025,FRR1,12,False,4884988,2,11273,away,618,6,7,not in squad,,,False,0,0,0,0,0,0,0,,,,0,0
855158,Mohamed Achi,2026-05-12T18:30:00+00:00,2025,FRR1,12,False,4883875,1,11273,away,1154,3,2,not in squad,,,False,0,0,0,0,0,0,0,,,,0,0
855158,Mohamed Achi,2026-05-09T18:00:00+00:00,2025,FR2,2,False,4635609,34,11273,away,30204,2,1,not in squad,,,False,0,0,0,0,0,0,0,,,,0,0
855158,Mohamed Achi,2026-05-02T18:00:00+00:00,2025,FR2,2,False,4635607,33,11273,home,618,2,1,not in squad,,,False,0,0,0,0,0,0,0,,,,0,0
855158,Mohamed Achi,2026-04-24T18:00:00+00:00,2025,FR2,2,False,4635596,32,11273,away,1080,0,0,not in squad,,,False,0,0,0,0,0,0,0,,,,0,0
855158,Mohamed Achi,2026-04-17T18:00:00+00:00,2025,FR2,2,False,4635589,31,11273,home,1416,3,2,not in squad,,,False,0,0,0,0,0,0,0,,,,0,0
855158,Mohamed Achi,2026-04-13T18:45:00+00:00,2025,FR2,2,False,4635580,30,11273,home,1095,2,1,not in squad,,,False,0,0,0,0,0,0,0,,,,0,0
855158,Mohamed Achi,2026-04-03T18:00:00+00:00,2025,FR2,2,False,4635566,29,11273,away,9202,1,1,not in squad,,,False,0,0,0,0,0,0,0,,,,0,0
1289655,Martin Banev,2026-07-26T16:00:00+00:00,2026,BU1,1,False,4909869,2,967,home,9599,0,3,in squad,23,,False,0,0,0,0,0,0,0,,,,0,0
1289655,Martin Banev,2026-07-19T16:30:00+00:00,2026,BU1,1,False,4909853,1,967,away,26462,1,1,in squad,23,,False,0,0,0,0,0,0,0,,,,0,0
1289655,Martin Banev,2026-05-23T15:00:00+00:00,2025,BU2,2,False,4718045,34,1851,home,4494,3,2,played,23,0,False,90,1,0,0,0,0,0,,,,0,0
1289655,Martin Banev,2026-05-15T15:00:00+00:00,2025,BU2,2,False,4718033,33,1851,away,521,1,4,played,23,0,False,45,0,0,0,0,0,0,,46,,0,0
1289655,Martin Banev,2026-05-11T15:00:00+00:00,2025,BU2,2,False,4718026,32,1851,home,2190,2,1,played,23,0,False,20,0,0,0,0,0,0,80,70,,0,0
1289655,Martin Banev,2026-05-02T16:00:00+00:00,2025,BU2,2,False,4718016,31,1851,away,19780,0,2,played,23,0,False,29,0,0,0,0,0,0,,61,,0,0
1289655,Martin Banev,2026-04-25T14:00:00+00:00,2025,BU2,2,False,4718007,30,1851,home,11255,0,4,played,23,0,False,45,0,0,0,0,0,0,,,46,0,0
1289655,Martin Banev,2026-04-17T14:00:00+00:00,2025,BU2,2,False,4717999,29,1851,away,9524,1,6,played,23,0,False,90,0,0,0,0,0,0,58,,,0,0
1289655,Martin Banev,2026-04-09T14:00:00+00:00,2025,BU2,2,False,4717988,28,1851,home,4503,0,2,played,23,0,False,90,0,0,0,0,0,0,,,,0,0
1289655,Martin Banev,2026-04-04T14:00:00+00:00,2025,BU2,2,False,4717982,27,1851,away,36821,1,2,not in squad,,,False,0,0,0,0,0,0,0,,,,0,0
707224,Idris Bounaas,2026-07-26T16:00:00+00:00,2026,BU1,1,False,4909869,2,967,home,9599,0,3,absent,,,False,0,0,0,0,0,0,0,,,,0,13
707224,Idris Bounaas,2026-07-19T16:30:00+00:00,2026,BU1,1,False,4909853,1,967,away,26462,1,1,absent,,,False,0,0,0,0,0,0,0,,,,0,13
707224,Idris Bounaas,2025-08-06T14:30:00+00:00,2025,ROMP,8,False,4694687,2,1007,away,120965,2,3,not in squad,,,False,0,0,0,0,0,0,0,,,,0,0
707224,Idris Bounaas,2025-05-10T08:00:00+00:00,2024,R2AO,12,False,4585028,7,1007,away,72297,0,3,not in squad,,,False,0,0,0,0,0,0,0,,,,0,0
707224,Idris Bounaas,2025-05-02T09:00:00+00:00,2024,R2AO,12,False,4585013,6,1007,home,101331,0,3,not in squad,,,False,0,0,0,0,0,0,0,,,,0,0
707224,Idris Bounaas,2025-04-26T08:00:00+00:00,2024,R2AO,12,False,4585032,5,1007,away,60792,1,2,not in squad,,,False,0,0,0,0,0,0,0,,,,0,0
707224,Idris Bounaas,2025-04-18T08:00:00+00:00,2024,R2AO,12,False,4585006,4,1007,home,86099,2,0,played,6,0,False,8,0,0,0,0,0,0,,82,,0,0
707224,Idris Bounaas,2025-04-05T08:00:00+00:00,2024,R2AO,12,False,4585000,2,1007,away,41061,1,2,played,6,0,False,45,0,0,0,0,0,0,90,46,,0,0
707224,Idris Bounaas,2025-03-29T09:00:00+00:00,2024,R2AO,12,False,4584971,1,1007,home,13812,2,1,played,6,6,False,56,0,0,0,0,0,0,,,56,0,0
707224,Idris Bounaas,2025-03-15T11:30:00+00:00,2024,RO2,2,False,4421291,21,1007,away,37624,2,3,not in squad,,,False,0,0,0,0,0,0,0,,,,0,0
239527,Aleksandar Kolev,2026-07-26T16:00:00+00:00,2026,BU1,1,False,4909869,2,967,home,9599,0,3,played,20,14,False,90,0,0,0,0,0,0,,,,0,0
239527,Aleksandar Kolev,2026-07-19T16:30:00+00:00,2026,BU1,1,False,4909853,1,967,away,26462,1,1,played,20,14,False,90,0,0,0,0,0,0,,,,0,0
239527,Aleksandar Kolev,2026-06-27T11:30:00+00:00,2025,CLO,2,False,4838898,12,46487,home,38929,1,3,played,9,14,False,61,0,0,3,1,0,2,,,61,0,0
239527,Aleksandar Kolev,2026-06-14T11:30:00+00:00,2025,CLO,2,False,4836495,11,46487,home,73135,2,0,not in squad,,,False,0,0,0,0,0,0,0,,,,0,0
239527,Aleksandar Kolev,2026-05-29T11:00:00+00:00,2025,CLO,2,False,4836474,10,46487,away,41626,1,1,played,9,14,False,90,0,0,3,0,3,0,90,,,0,0
239527,Aleksandar Kolev,2026-05-23T11:30:00+00:00,2025,CLO,2,False,4836462,9,46487,away,98029,0,0,played,9,11,True,90,0,0,2,1,1,0,,,,0,0
239527,Aleksandar Kolev,2026-05-15T08:30:00+00:00,2025,CHFA,8,False,4837961,7,46487,away,125947,1,2,not in squad,,,False,0,0,0,0,0,0,0,,,,0,0
239527,Aleksandar Kolev,2026-05-10T11:30:00+00:00,2025,CLO,2,False,4836450,8,46487,home,85923,1,0,played,9,14,True,90,1,0,11,4,6,1,90,,,0,0
239527,Aleksandar Kolev,2026-05-02T11:30:00+00:00,2025,CLO,2,False,4836438,7,46487,away,107713,1,3,played,9,14,True,90,0,1,6,3,2,1,,,,0,0
239527,Aleksandar Kolev,2026-04-26T11:30:00+00:00,2025,CLO,2,False,4836426,6,46487,home,57778,1,0,played,9,14,True,90,0,0,4,1,1,2,,,,0,0
1522699,Vladislav Stoyanov,2026-03-04T16:30:00+00:00,2025,BU1,1,False,4718209,24,26462,away,208,0,1,in squad,25,,False,0,0,0,0,0,0,0,,,,0,0
1008869,Lyuboslav Stoyanov,2026-07-25T16:00:00+00:00,2026,BU1,1,False,4909867,2,26462,away,61955,1,2,in squad,23,,False,0,0,0,0,0,0,0,,,,0,0
1008869,Lyuboslav Stoyanov,2026-07-19T16:30:00+00:00,2026,BU1,1,False,4909853,1,26462,home,967,1,1,in squad,23,,False,0,0,0,0,0,0,0,,,,0,0
1008869,Lyuboslav Stoyanov,2026-05-22T15:00:00+00:00,2025,BU1,1,False,4866451,37,26462,home,6764,3,0,not in squad,,,False,0,0,0,0,0,0,0,,,,0,0
1008869,Lyuboslav Stoyanov,2026-05-18T16:30:00+00:00,2025,BU1,1,False,4866448,36,26462,away,4362,2,1,not in squad,,,False,0,0,0,0,0,0,0,,,,0,0
1008869,Lyuboslav Stoyanov,2026-05-14T14:45:00+00:00,2025,BU1,1,False,4866443,35,26462,home,24078,1,0,not in squad,,,False,0,0,0,0,0,0,0,,,,0,0
1008869,Lyuboslav Stoyanov,2026-05-10T13:45:00+00:00,2025,BU1,1,False,4866439,34,26462,home,40416,1,1,not in squad,,,False,0,0,0,0,0,0,0,,,,0,0
1008869,Lyuboslav Stoyanov,2026-05-05T17:00:00+00:00,2025,BU1,1,False,4866437,33,26462,away,730,2,2,not in squad,,,False,0,0,0,0,0,0,0,,,,0,0
1008869,Lyuboslav Stoyanov,2026-05-02T13:30:00+00:00,2025,BU1,1,False,4866432,32,26462,home,9599,2,1,not in squad,,,False,0,0,0,0,0,0,0,,,,0,0
1008869,Lyuboslav Stoyanov,2026-04-26T11:00:00+00:00,2025,BU1,1,False,4866430,31,26462,away,675,1,1,not in squad,,,False,0,0,0,0,0,0,0,,,,0,0
1008869,Lyuboslav Stoyanov,2026-04-14T15:00:00+00:00,2025,BU1,1,False,4718173,30,26462,home,730,3,2,not in squad,,,False,0,0,0,0,0,0,0,,,,0,0
1100869,Georgi Gerginov,2026-05-23T15:00:00+00:00,2025,BU2,2,False,4718040,34,9524,away,36821,3,0,in squad,99,,False,0,0,0,0,0,0,0,,,,0,0
1100869,Georgi Gerginov,2026-05-11T15:00:00+00:00,2025,BU2,2,False,4718023,32,9524,away,19215,2,1,not in squad,,,False,0,0,0,0,0,0,0,,,,0,0
1100869,Georgi Gerginov,2026-05-04T12:30:00+00:00,2025,BU2,2,False,4718018,31,9524,home,29268,0,1,not in squad,,,False,0,0,0,0,0,0,0,,,,0,0
1100869,Georgi Gerginov,2026-04-26T14:00:00+00:00,2025,BU2,2,False,4718006,30,9524,away,109262,2,2,not in squad,,,False,0,0,0,0,0,0,0,,,,0,0
1100869,Georgi Gerginov,2026-04-22T14:00:00+00:00,2025,BU2,2,False,4717961,25,9524,home,26563,2,0,in squad,99,,False,0,0,0,0,0,0,0,,,,0,0
1100869,Georgi Gerginov,2026-04-17T14:00:00+00:00,2025,BU2,2,False,4717999,29,9524,home,1851,6,1,not in squad,,,False,0,0,0,0,0,0,0,,,,0,0
1100869,Georgi Gerginov,2026-04-10T14:00:00+00:00,2025,BU2,2,False,4717989,28,9524,away,19784,1,0,in squad,99,,False,0,0,0,0,0,0,0,,,,0,0
1100869,Georgi Gerginov,2026-04-05T14:00:00+00:00,2025,BU2,2,False,4717980,27,9524,home,5284,0,1,not in squad,,,False,0,0,0,0,0,0,0,,,,0,0
1100869,Georgi Gerginov,2026-03-29T13:30:00+00:00,2025,BU2,2,False,4717972,26,9524,away,712,1,3,played,99,0,False,90,0,0,0,0,0,0,,,,0,0
1100869,Georgi Gerginov,2026-03-25T13:30:00+00:00,2025,BU2,2,False,4717923,21,9524,home,19780,1,0,played,99,0,False,90,0,0,0,0,0,0,,,,0,0
1062674,Barandas,2026-07-26T16:00:00+00:00,2026,BU1,1,False,4909869,2,967,home,9599,0,3,played,7,12,False,82,0,0,0,0,0,0,,,82,0,0
1062674,Barandas,2026-07-19T16:30:00+00:00,2026,BU1,1,False,4909853,1,967,away,26462,1,1,played,7,12,False,89,0,1,0,0,0,0,76,,89,0,0
1062674,Barandas,2026-05-02T15:00:00+00:00,2025,P3As,12,False,4813589,10,5227,away,3275,1,0,played,7,8,False,86,0,0,0,0,0,0,,,86,0,0
1062674,Barandas,2026-04-25T14:00:00+00:00,2025,P3As,12,False,4813583,9,5227,home,13573,0,1,played,7,8,False,90,0,0,0,0,0,0,,,,0,0
1062674,Barandas,2026-04-18T15:00:00+00:00,2025,P3As,12,False,4813576,8,5227,home,4275,2,0,played,7,8,False,90,0,1,0,0,0,0,,,,0,0
1062674,Barandas,2026-04-12T14:00:00+00:00,2025,P3As,12,False,4813565,7,5227,away,10140,1,2,played,7,8,False,90,1,0,0,0,0,0,47,,,0,0
1062674,Barandas,2026-03-22T15:00:00+00:00,2025,P3As,12,False,4813561,6,5227,home,1414,1,2,played,7,8,False,90,1,0,0,0,0,0,,,,0,0
1062674,Barandas,2026-03-14T15:00:00+00:00,2025,P3As,12,False,4813555,5,5227,away,4275,1,0,played,7,8,False,76,1,0,0,0,0,0,,,76,0,0
1062674,Barandas,2026-03-07T15:00:00+00:00,2025,P3As,12,False,4813549,4,5227,away,1414,1,0,played,7,8,False,90,0,1,0,0,0,0,64,,,0,0
1062674,Barandas,2026-02-28T15:00:00+00:00,2025,P3As,12,False,4813540,3,5227,home,10140,1,2,played,7,8,False,90,0,0,0,0,0,0,,,,0,0
919874,Lyubomir Vasilev,2026-07-25T16:00:00+00:00,2026,BU1,1,False,4909867,2,26462,away,61955,1,2,in squad,98,,False,0,0,0,0,0,0,0,,,,0,0
919874,Lyubomir Vasilev,2026-07-19T16:30:00+00:00,2026,BU1,1,False,4909853,1,26462,home,967,1,1,in squad,98,,False,0,0,0,0,0,0,0,,,,0,0
919874,Lyubomir Vasilev,2026-05-22T15:00:00+00:00,2025,BU1,1,False,4866451,37,26462,home,6764,3,0,in squad,1,,False,0,0,0,0,0,0,0,,,,0,0
919874,Lyubomir Vasilev,2026-05-18T16:30:00+00:00,2025,BU1,1,False,4866448,36,26462,away,4362,2,1,in squad,1,,False,0,0,0,0,0,0,0,,,,0,0
919874,Lyubomir Vasilev,2026-05-14T14:45:00+00:00,2025,BU1,1,False,4866443,35,26462,home,24078,1,0,in squad,1,,False,0,0,0,0,0,0,0,,,,0,0
919874,Lyubomir Vasilev,2026-05-10T13:45:00+00:00,2025,BU1,1,False,4866439,34,26462,home,40416,1,1,played,1,1,False,90,0,0,0,0,0,0,,,,0,0
919874,Lyubomir Vasilev,2026-05-05T17:00:00+00:00,2025,BU1,1,False,4866437,33,26462,away,730,2,2,played,1,1,False,90,0,0,0,0,0,0,,,,0,0
919874,Lyubomir Vasilev,2026-05-02T13:30:00+00:00,2025,BU1,1,False,4866432,32,26462,home,9599,2,1,in squad,1,,False,0,0,0,0,0,0,0,,,,0,0
919874,Lyubomir Vasilev,2026-04-26T11:00:00+00:00,2025,BU1,1,False,4866430,31,26462,away,675,1,1,in squad,1,,False,0,0,0,0,0,0,0,,,,0,0
919874,Lyubomir Vasilev,2026-04-14T15:00:00+00:00,2025,BU1,1,False,4718173,30,26462,home,730,3,2,in squad,1,,False,0,0,0,0,0,0,0,,,,0,0
249580,Marin Orlinov,2026-07-25T16:00:00+00:00,2026,BU1,1,False,4909867,2,26462,away,61955,1,2,played,94,1,False,90,0,0,0,0,0,0,,,,0,0
249580,Marin Orlinov,2026-07-19T16:30:00+00:00,2026,BU1,1,False,4909853,1,26462,home,967,1,1,played,94,1,False,90,0,0,0,0,0,0,,,,0,0
249580,Marin Orlinov,2026-05-22T15:00:00+00:00,2025,BU1,1,False,4866451,37,26462,home,6764,3,0,played,94,1,False,90,0,0,0,0,0,0,,,,0,0
249580,Marin Orlinov,2026-05-18T16:30:00+00:00,2025,BU1,1,False,4866448,36,26462,away,4362,2,1,played,94,1,False,90,0,0,0,0,0,0,,,,0,0
249580,Marin Orlinov,2026-05-14T14:45:00+00:00,2025,BU1,1,False,4866443,35,26462,home,24078,1,0,played,94,1,False,90,0,0,0,0,0,0,,,,0,0
249580,Marin Orlinov,2026-05-10T13:45:00+00:00,2025,BU1,1,False,4866439,34,26462,home,40416,1,1,in squad,94,,False,0,0,0,0,0,0,0,,,,0,0
249580,Marin Orlinov,2026-05-05T17:00:00+00:00,2025,BU1,1,False,4866437,33,26462,away,730,2,2,in squad,94,,False,0,0,0,0,0,0,0,,,,0,0
249580,Marin Orlinov,2026-05-02T13:30:00+00:00,2025,BU1,1,False,4866432,32,26462,home,9599,2,1,played,94,1,False,90,0,0,0,0,0,0,70,,,0,0
249580,Marin Orlinov,2026-04-26T11:00:00+00:00,2025,BU1,1,False,4866430,31,26462,away,675,1,1,played,94,1,False,90,0,0,0,0,0,0,,,,0,0
249580,Marin Orlinov,2026-04-14T15:00:00+00:00,2025,BU1,1,False,4718173,30,26462,home,730,3,2,played,94,1,False,90,0,0,0,0,0,0,,,,0,0
335548,Arian Kabashi,2026-05-16T15:30:00+00:00,2025,RO1R,12,False,4843478,9,37255,home,8818,2,0,played,2,3,False,62,0,0,0,0,0,0,13,,62,0,0
335548,Arian Kabashi,2026-05-08T15:00:00+00:00,2025,RO1R,12,False,4843482,8,37255,away,952,0,1,not in squad,,,False,0,0,0,0,0,0,0,,,,0,0
335548,Arian Kabashi,2026-05-01T17:30:00+00:00,2025,RO1R,12,False,4843496,7,37255,home,301,1,0,not in squad,,,False,0,0,0,0,0,0,0,,,,0,0
335548,Arian Kabashi,2026-04-24T14:30:00+00:00,2025,RO1R,12,False,4843464,6,37255,away,58049,0,0,in squad,2,,False,0,0,0,0,0,0,0,,,,0,0
335548,Arian Kabashi,2026-04-18T11:30:00+00:00,2025,RO1R,12,False,4843470,5,37255,home,29700,3,2,in squad,2,,False,0,0,0,0,0,0,0,,,,0,0
335548,Arian Kabashi,2026-04-13T12:30:00+00:00,2025,RO1R,12,False,4843490,4,37255,away,37624,1,0,in squad,2,,False,0,0,0,0,0,0,0,,,,0,0
335548,Arian Kabashi,2026-04-06T14:30:00+00:00,2025,RO1R,12,False,4843475,3,37255,away,9465,0,2,played,2,3,False,90,0,0,0,0,0,0,,,,0,0
335548,Arian Kabashi,2026-03-21T15:30:00+00:00,2025,RO1R,12,False,4843494,2,37255,home,29831,1,1,in squad,2,,False,0,0,0,0,0,0,0,,,,0,0
335548,Arian Kabashi,2026-03-14T16:15:00+00:00,2025,RO1R,12,False,4841142,1,37255,away,4959,3,2,in squad,2,,False,0,0,0,0,0,0,0,,,,0,0
335548,Arian Kabashi,2026-03-06T17:30:00+00:00,2025,RO1,1,False,4649159,30,37255,home,29831,1,0,not in squad,,,False,0,0,0,0,0,0,0,,,,0,0
591785,Milen Stoev,2026-07-25T16:00:00+00:00,2026,BU1,1,False,4909867,2,26462,away,61955,1,2,played,36,3,False,90,0,0,0,0,0,0,90,,,0,0
591785,Milen Stoev,2026-07-19T16:30:00+00:00,2026,BU1,1,False,4909853,1,26462,home,967,1,1,played,36,3,False,90,0,0,0,0,0,0,90,,,0,0
591785,Milen Stoev,2026-05-22T15:00:00+00:00,2025,BU1,1,False,4866451,37,26462,home,6764,3,0,played,36,3,False,90,0,0,0,0,0,0,,,,0,0
591785,Milen Stoev,2026-05-18T16:30:00+00:00,2025,BU1,1,False,4866448,36,26462,away,4362,2,1,played,36,3,False,90,0,0,0,0,0,0,,,,0,0
591785,Milen Stoev,2026-05-14T14:45:00+00:00,2025,BU1,1,False,4866443,35,26462,home,24078,1,0,played,36,3,False,90,0,0,0,0,0,0,,,,0,0
591785,Milen Stoev,2026-05-10T13:45:00+00:00,2025,BU1,1,False,4866439,34,26462,home,40416,1,1,in squad,36,,False,0,0,0,0,0,0,0,,,,0,0
591785,Milen Stoev,2026-05-05T17:00:00+00:00,2025,BU1,1,False,4866437,33,26462,away,730,2,2,played,36,3,False,90,0,0,0,0,0,0,,,,0,0
591785,Milen Stoev,2026-05-02T13:30:00+00:00,2025,BU1,1,False,4866432,32,26462,home,9599,2,1,played,36,3,False,90,0,0,0,0,0,0,,,,0,0
591785,Milen Stoev,2026-04-26T11:00:00+00:00,2025,BU1,1,False,4866430,31,26462,away,675,1,1,played,36,3,False,90,0,0,0,0,0,0,,,,0,0
591785,Milen Stoev,2026-04-14T15:00:00+00:00,2025,BU1,1,False,4718173,30,26462,home,730,3,2,played,36,3,False,90,0,0,0,0,0,0,,,,0,0
1080514,Martin Bachev,2026-05-15T15:00:00+00:00,2025,BU2,2,False,4718036,33,11255,home,19215,3,0,played,2,0,False,69,0,0,0,0,0,0,,,69,0,0
1080514,Martin Bachev,2026-05-11T14:45:00+00:00,2025,BU2,2,False,4718024,32,11255,away,29268,0,0,played,2,0,False,90,0,0,0,0,0,0,,,90,0,0
1080514,Martin Bachev,2026-05-04T14:45:00+00:00,2025,BU2,2,False,4718017,31,11255,home,109262,2,1,absent,,,False,0,0,0,0,0,0,0,,,,0,1
1080514,Martin Bachev,2026-04-25T14:00:00+00:00,2025,BU2,2,False,4718007,30,11255,away,1851,4,0,played,2,0,False,75,2,0,0,0,0,0,65,,75,0,0
1080514,Martin Bachev,2026-04-16T14:00:00+00:00,2025,BU2,2,False,4717998,29,11255,home,19784,4,1,played,2,0,False,90,1,0,0,0,0,0,,,,0,0
1080514,Martin Bachev,2026-04-10T14:00:00+00:00,2025,BU2,2,False,4717990,28,11255,away,5284,0,1,played,2,0,False,71,0,0,0,0,0,0,27,,71,0,0
1080514,Martin Bachev,2026-04-04T14:00:00+00:00,2025,BU2,2,False,4717979,27,11255,home,712,2,2,played,2,0,False,13,0,0,0,0,0,0,,77,,0,0
1080514,Martin Bachev,2026-03-28T13:30:00+00:00,2025,BU2,2,False,4717973,26,11255,away,26563,0,1,played,2,0,False,18,0,0,0,0,0,0,,72,,0,0
1080514,Martin Bachev,2026-03-21T13:30:00+00:00,2025,BU2,2,False,4717960,25,11255,home,4494,0,2,played,2,0,False,18,0,0,0,0,0,0,,72,,0,0
1080514,Martin Bachev,2026-03-15T10:00:00+00:00,2025,BU2,2,False,4717956,24,11255,away,521,1,0,played,2,0,False,90,0,0,0,0,0,0,,,,0,0
271399,Bozhidar Chorbadzhiyski,2026-06-01T17:30:00+00:00,2025,RORE,12,False,4887420,2,58049,away,40843,0,3,played,2,3,False,90,0,0,0,0,0,0,,,,0,0
271399,Bozhidar Chorbadzhiyski,2026-05-24T13:30:00+00:00,2025,RORE,12,False,4887418,1,58049,home,40843,3,2,played,2,0,False,78,0,0,0,0,0,0,,,78,0,0
271399,Bozhidar Chorbadzhiyski,2026-05-18T17:30:00+00:00,2025,RO1R,12,False,4843476,9,58049,home,301,2,0,played,2,3,False,90,1,0,1,1,0,0,,,,0,0
271399,Bozhidar Chorbadzhiyski,2026-05-11T15:00:00+00:00,2025,RO1R,12,False,4843485,8,58049,away,37624,2,2,played,2,3,False,90,0,0,2,0,2,0,,,,0,0
271399,Bozhidar Chorbadzhiyski,2026-05-04T14:30:00+00:00,2025,RO1R,12,False,4843500,7,58049,away,29700,2,2,played,2,3,False,90,0,0,0,0,0,0,,,,0,0
271399,Bozhidar Chorbadzhiyski,2026-04-24T14:30:00+00:00,2025,RO1R,12,False,4843464,6,58049,home,37255,0,0,injured,,,False,0,0,0,0,0,0,0,,,,101,0
271399,Bozhidar Chorbadzhiyski,2026-04-19T15:15:00+00:00,2025,RO1R,12,False,4843469,5,58049,away,9465,1,1,played,2,3,False,90,0,0,0,0,0,0,,,,0,0
271399,Bozhidar Chorbadzhiyski,2026-04-10T16:00:00+00:00,2025,RO1R,12,False,4843488,4,58049,home,29831,1,0,played,2,3,False,90,0,0,1,0,0,1,,,,0,0
271399,Bozhidar Chorbadzhiyski,2026-04-04T12:00:00+00:00,2025,RO1R,12,False,4843473,3,58049,away,4959,0,2,played,2,3,False,90,0,0,1,0,1,0,43,,,0,0
271399,Bozhidar Chorbadzhiyski,2026-03-22T17:00:00+00:00,2025,RO1R,12,False,4843492,2,58049,home,8818,3,0,played,2,3,False,90,0,0,4,0,2,2,,,,0,0
693342,Martin Achkov,2026-07-25T16:00:00+00:00,2026,BU1,1,False,4909867,2,26462,away,61955,1,2,in squad,11,,False,0,0,0,0,0,0,0,,,,0,0
693342,Martin Achkov,2026-07-19T16:30:00+00:00,2026,BU1,1,False,4909853,1,26462,home,967,1,1,in squad,11,,False,0,0,0,0,0,0,0,,,,0,0
693342,Martin Achkov,2026-05-22T15:00:00+00:00,2025,BU1,1,False,4866451,37,26462,home,6764,3,0,injured,,,False,0,0,0,0,0,0,0,,,,101,0
693342,Martin Achkov,2026-05-18T16:30:00+00:00,2025,BU1,1,False,4866448,36,26462,away,4362,2,1,injured,,,False,0,0,0,0,0,0,0,,,,101,0
693342,Martin Achkov,2026-05-14T14:45:00+00:00,2025,BU1,1,False,4866443,35,26462,home,24078,1,0,injured,,,False,0,0,0,0,0,0,0,,,,101,0
693342,Martin Achkov,2026-05-10T13:45:00+00:00,2025,BU1,1,False,4866439,34,26462,home,40416,1,1,injured,,,False,0,0,0,0,0,0,0,,,,101,0
693342,Martin Achkov,2026-05-05T17:00:00+00:00,2025,BU1,1,False,4866437,33,26462,away,730,2,2,injured,,,False,0,0,0,0,0,0,0,,,,101,0
693342,Martin Achkov,2026-05-02T13:30:00+00:00,2025,BU1,1,False,4866432,32,26462,home,9599,2,1,injured,,,False,0,0,0,0,0,0,0,,,,101,0
693342,Martin Achkov,2026-04-26T11:00:00+00:00,2025,BU1,1,False,4866430,31,26462,away,675,1,1,injured,,,False,0,0,0,0,0,0,0,,,,101,0
693342,Martin Achkov,2026-04-14T15:00:00+00:00,2025,BU1,1,False,4718173,30,26462,home,730,3,2,injured,,,False,0,0,0,0,0,0,0,,,,101,0
599074,Kristiyan Peshov,2026-07-25T17:00:00+00:00,2026,BU2,2,False,4909820,1,109262,home,5284,0,1,not in squad,,,False,0,0,0,0,0,0,0,,,,0,0
599074,Kristiyan Peshov,2026-05-23T15:00:00+00:00,2025,BU2,2,False,4718044,34,109262,home,521,3,0,played,4,5,False,90,0,1,0,0,0,0,,,,0,0
599074,Kristiyan Peshov,2026-05-15T15:00:00+00:00,2025,BU2,2,False,4718034,33,109262,away,2190,3,0,played,4,0,False,90,0,1,0,0,0,0,89,,,0,0
599074,Kristiyan Peshov,2026-05-11T17:15:00+00:00,2025,BU2,2,False,4718025,32,109262,home,19780,2,2,played,4,5,False,78,0,0,0,0,0,0,,,78,0,0
599074,Kristiyan Peshov,2026-05-04T14:45:00+00:00,2025,BU2,2,False,4718017,31,109262,away,11255,1,2,played,4,5,False,90,0,0,0,0,0,0,,,,0,0
599074,Kristiyan Peshov,2026-04-26T14:00:00+00:00,2025,BU2,2,False,4718006,30,109262,home,9524,2,2,played,4,3,False,90,0,0,0,0,0,0,,,,0,0
599074,Kristiyan Peshov,2026-04-16T14:00:00+00:00,2025,BU2,2,False,4718000,29,109262,away,4503,1,1,played,4,5,False,90,0,0,0,0,0,0,,,,0,0
599074,Kristiyan Peshov,2026-04-09T16:30:00+00:00,2025,BU2,2,False,4717987,28,109262,home,36821,3,0,played,4,4,False,90,0,0,0,0,0,0,,,,0,0
599074,Kristiyan Peshov,2026-03-28T13:30:00+00:00,2025,BU2,2,False,4717968,26,109262,home,19215,3,1,played,4,4,False,90,0,0,0,0,0,0,76,,,0,0
599074,Kristiyan Peshov,2026-03-23T16:00:00+00:00,2025,BU2,2,False,4717966,25,109262,away,29268,1,1,played,4,4,False,90,0,0,0,0,0,0,38,,,0,0
501645,Nikola Vlajkovic,2026-07-24T15:00:00+00:00,2026,MAZ1,1,False,4894829,1,8969,home,101280,5,1,not in squad,,,False,0,0,0,0,0,0,0,,,,0,0
501645,Nikola Vlajkovic,2025-12-14T11:00:00+00:00,2025,BULP,8,False,4763166,2,26462,away,4362,4,3,not in squad,,,False,0,0,0,0,0,0,0,,,,0,0
501645,Nikola Vlajkovic,2025-12-09T15:30:00+00:00,2025,BU1,1,False,4718116,19,26462,home,24078,0,0,not in squad,,,False,0,0,0,0,0,0,0,,,,0,0
501645,Nikola Vlajkovic,2025-12-04T13:30:00+00:00,2025,BU1,1,False,4718153,18,26462,home,9599,2,0,in squad,2,,False,0,0,0,0,0,0,0,,,,0,0
501645,Nikola Vlajkovic,2025-11-30T13:00:00+00:00,2025,BU1,1,False,4718178,17,26462,away,31614,0,2,played,2,5,False,90,0,0,0,0,0,0,,,,0,0
501645,Nikola Vlajkovic,2025-11-24T15:30:00+00:00,2025,BU1,1,False,4718167,16,26462,home,675,0,1,in squad,2,,False,0,0,0,0,0,0,0,,,,0,0
501645,Nikola Vlajkovic,2025-11-08T10:00:00+00:00,2025,BU1,1,False,4718077,15,26462,away,730,1,0,in squad,2,,False,0,0,0,0,0,0,0,,,,0,0
501645,Nikola Vlajkovic,2025-11-03T16:15:00+00:00,2025,BU1,1,False,4718066,14,26462,home,61955,0,0,not in squad,,,False,0,0,0,0,0,0,0,,,,0,0
501645,Nikola Vlajkovic,2025-10-29T11:30:00+00:00,2025,BULP,8,False,4748184,1,26462,away,40457,4,1,played,2,0,False,2,0,0,0,0,0,0,,88,,0,0
501645,Nikola Vlajkovic,2025-10-25T10:00:00+00:00,2025,BU1,1,False,4718096,13,26462,home,40416,2,1,not in squad,,,False,0,0,0,0,0,0,0,,,,0,0
618021,Djordje Jovicic,2026-07-25T16:00:00+00:00,2026,BU1,1,False,4909867,2,26462,away,61955,1,2,not in squad,,,False,0,0,0,0,0,0,0,,,,0,0
618021,Djordje Jovicic,2026-07-19T16:30:00+00:00,2026,BU1,1,False,4909853,1,26462,home,967,1,1,not in squad,,,False,0,0,0,0,0,0,0,,,,0,0
618021,Djordje Jovicic,2026-05-22T15:00:00+00:00,2025,BU1,1,False,4866451,37,26462,home,6764,3,0,played,55,0,False,1,0,0,0,0,0,0,,90,,0,0
618021,Djordje Jovicic,2026-05-18T16:30:00+00:00,2025,BU1,1,False,4866448,36,26462,away,4362,2,1,played,55,3,False,90,0,0,0,0,0,0,,,,0,0
618021,Djordje Jovicic,2026-05-14T14:45:00+00:00,2025,BU1,1,False,4866443,35,26462,home,24078,1,0,played,55,0,False,1,0,0,0,0,0,0,,90,,0,0
618021,Djordje Jovicic,2026-05-10T13:45:00+00:00,2025,BU1,1,False,4866439,34,26462,home,40416,1,1,played,55,3,False,90,0,0,0,0,0,0,,,,0,0
618021,Djordje Jovicic,2026-05-05T17:00:00+00:00,2025,BU1,1,False,4866437,33,26462,away,730,2,2,played,55,0,False,19,0,0,0,0,0,0,,71,,0,0
618021,Djordje Jovicic,2026-05-02T13:30:00+00:00,2025,BU1,1,False,4866432,32,26462,home,9599,2,1,in squad,55,,False,0,0,0,0,0,0,0,,,,0,0
618021,Djordje Jovicic,2026-04-26T11:00:00+00:00,2025,BU1,1,False,4866430,31,26462,away,675,1,1,in squad,55,,False,0,0,0,0,0,0,0,,,,0,0
618021,Djordje Jovicic,2026-04-14T15:00:00+00:00,2025,BU1,1,False,4718173,30,26462,home,730,3,2,in squad,55,,False,0,0,0,0,0,0,0,,,,0,0
633467,Martin Dichev,2026-05-23T15:00:00+00:00,2025,BU2,2,False,4718044,34,521,away,109262,0,3,played,12,0,False,82,0,0,0,0,0,0,,,82,0,0
633467,Martin Dichev,2026-05-15T15:00:00+00:00,2025,BU2,2,False,4718033,33,521,home,1851,4,1,played,12,0,False,90,0,0,0,0,0,0,21,,,0,0
633467,Martin Dichev,2026-05-11T15:00:00+00:00,2025,BU2,2,False,4718027,32,521,away,19784,0,2,played,12,0,False,90,0,0,0,0,0,0,,,,0,0
633467,Martin Dichev,2026-05-02T15:00:00+00:00,2025,BU2,2,False,4718014,31,521,home,5284,0,0,played,12,0,False,90,0,0,0,0,0,0,,,,0,0
633467,Martin Dichev,2026-04-25T14:00:00+00:00,2025,BU2,2,False,4718010,30,521,away,712,2,3,played,12,0,False,90,0,0,0,0,0,0,,,,0,0
633467,Martin Dichev,2026-04-16T15:00:00+00:00,2025,BU2,2,False,4717995,29,521,home,26563,2,2,played,12,0,False,90,0,0,0,0,0,0,,,,0,0
633467,Martin Dichev,2026-04-09T14:00:00+00:00,2025,BU2,2,False,4717993,28,521,away,4494,0,2,played,12,0,False,90,0,0,0,0,0,0,,,,0,0
633467,Martin Dichev,2026-04-04T14:00:00+00:00,2025,BU2,2,False,4717976,27,521,home,40678,0,0,played,12,0,False,90,0,0,0,0,0,0,,,,0,0
633467,Martin Dichev,2026-03-29T15:30:00+00:00,2025,BU2,2,False,4717975,26,521,home,2190,1,0,played,12,0,False,90,0,0,0,0,0,0,,,,0,0
633467,Martin Dichev,2026-03-21T13:30:00+00:00,2025,BU2,2,False,4717959,25,521,away,19780,0,0,played,12,0,False,90,0,0,0,0,0,0,37,,,0,0
909756,Lazar Boyanov,2026-07-25T16:00:00+00:00,2026,BU1,1,False,4909867,2,26462,away,61955,1,2,played,88,3,False,90,0,0,0,0,0,0,,,,0,0
909756,Lazar Boyanov,2026-07-19T16:30:00+00:00,2026,BU1,1,False,4909853,1,26462,home,967,1,1,played,88,3,False,90,0,0,0,0,0,0,,,,0,0
909756,Lazar Boyanov,2026-05-22T15:00:00+00:00,2025,BU1,1,False,4866451,37,26462,home,6764,3,0,played,88,3,False,90,0,0,0,0,0,0,,,,0,0
909756,Lazar Boyanov,2026-05-18T16:30:00+00:00,2025,BU1,1,False,4866448,36,26462,away,4362,2,1,played,88,3,False,90,0,0,0,0,0,0,,,,0,0
909756,Lazar Boyanov,2026-05-14T14:45:00+00:00,2025,BU1,1,False,4866443,35,26462,home,24078,1,0,in squad,88,,False,0,0,0,0,0,0,0,,,,0,0
909756,Lazar Boyanov,2026-05-10T13:45:00+00:00,2025,BU1,1,False,4866439,34,26462,home,40416,1,1,played,88,3,False,90,0,0,0,0,0,0,,,,0,0
909756,Lazar Boyanov,2026-05-05T17:00:00+00:00,2025,BU1,1,False,4866437,33,26462,away,730,2,2,in squad,88,,False,0,0,0,0,0,0,0,,,,0,0
909756,Lazar Boyanov,2026-05-02T13:30:00+00:00,2025,BU1,1,False,4866432,32,26462,home,9599,2,1,played,88,0,False,1,0,0,0,0,0,0,,89,,0,0
909756,Lazar Boyanov,2026-04-26T11:00:00+00:00,2025,BU1,1,False,4866430,31,26462,away,675,1,1,played,88,3,False,90,0,0,0,0,0,0,,,,0,0
909756,Lazar Boyanov,2026-04-14T15:00:00+00:00,2025,BU1,1,False,4718173,30,26462,home,730,3,2,played,88,3,False,90,0,0,0,0,0,0,,,,0,0
820406,Dilyan Georgiev,2026-07-25T17:00:00+00:00,2026,BU2,2,False,4909822,1,36821,home,4494,1,1,not in squad,,,False,0,0,0,0,0,0,0,,,,0,0
820406,Dilyan Georgiev,2026-05-23T15:00:00+00:00,2025,BU2,2,False,4718040,34,36821,home,9524,0,3,played,5,0,False,90,0,0,0,0,0,0,,,,0,0
820406,Dilyan Georgiev,2026-05-15T15:00:00+00:00,2025,BU2,2,False,4718038,33,36821,away,4503,2,5,played,5,0,False,90,0,0,0,0,0,0,,,,0,0
820406,Dilyan Georgiev,2026-05-11T15:00:00+00:00,2025,BU2,2,False,4718021,32,36821,away,40678,1,3,played,5,0,False,90,0,0,0,0,0,0,,,,0,0
820406,Dilyan Georgiev,2026-04-25T14:00:00+00:00,2025,BU2,2,False,4718004,30,36821,away,19215,0,3,played,5,0,False,90,0,0,0,0,0,0,,,,0,0
820406,Dilyan Georgiev,2026-04-17T15:00:00+00:00,2025,BU2,2,False,4718001,29,36821,home,29268,2,2,played,5,0,False,90,0,0,0,0,0,0,,,,0,0
820406,Dilyan Georgiev,2026-04-09T16:30:00+00:00,2025,BU2,2,False,4717987,28,36821,away,109262,0,3,played,5,5,False,90,0,0,0,0,0,0,58,,,0,0
820406,Dilyan Georgiev,2026-04-04T14:00:00+00:00,2025,BU2,2,False,4717982,27,36821,home,1851,2,1,played,5,0,False,90,0,0,0,0,0,0,,,,0,0
820406,Dilyan Georgiev,2026-03-29T13:30:00+00:00,2025,BU2,2,False,4717970,26,36821,away,19784,1,0,played,5,0,False,90,0,0,0,0,0,0,,,,0,0
820406,Dilyan Georgiev,2026-03-21T13:30:00+00:00,2025,BU2,2,False,4717963,25,36821,home,5284,0,1,played,5,0,False,90,0,0,0,0,0,0,,,,0,0
877131,Rosen Marinov,2026-07-25T17:00:00+00:00,2026,BU2,2,False,4909819,1,4503,away,29268,2,0,not in squad,,,False,0,0,0,0,0,0,0,,,,0,0
877131,Rosen Marinov,2026-05-23T15:00:00+00:00,2025,BU2,2,False,4718039,34,4503,away,40678,1,3,in squad,8,,False,0,0,0,0,0,0,0,,,,0,0
877131,Rosen Marinov,2026-05-15T15:00:00+00:00,2025,BU2,2,False,4718038,33,4503,home,36821,5,2,played,8,0,False,90,0,0,0,0,0,0,,,,0,0
877131,Rosen Marinov,2026-05-02T15:00:00+00:00,2025,BU2,2,False,4718019,31,4503,home,19215,1,0,played,8,3,False,90,0,0,0,0,0,0,,,,0,0
877131,Rosen Marinov,2026-04-24T14:00:00+00:00,2025,BU2,2,False,4718005,30,4503,away,29268,1,2,played,8,3,False,90,0,0,0,0,0,0,,,,0,0
877131,Rosen Marinov,2026-04-16T14:00:00+00:00,2025,BU2,2,False,4718000,29,4503,home,109262,1,1,played,8,3,False,71,1,0,0,0,0,0,,,71,0,0
877131,Rosen Marinov,2026-04-09T14:00:00+00:00,2025,BU2,2,False,4717988,28,4503,away,1851,2,0,played,8,3,False,90,0,0,0,0,0,0,,,,0,0
877131,Rosen Marinov,2026-04-04T14:00:00+00:00,2025,BU2,2,False,4717981,27,4503,home,19784,0,0,played,8,3,False,90,0,0,0,0,0,0,,,,0,0
877131,Rosen Marinov,2026-03-29T13:30:00+00:00,2025,BU2,2,False,4717971,26,4503,away,5284,0,0,played,8,3,False,90,0,0,0,0,0,0,,,,0,0
877131,Rosen Marinov,2026-03-25T13:30:00+00:00,2025,BU2,2,False,4717924,21,4503,home,2190,2,1,played,8,0,False,90,0,0,0,0,0,0,,,,0,0
1549364,Viktor Pavlov,2026-05-18T16:30:00+00:00,2025,BU1,1,False,4866448,36,26462,away,4362,2,1,in squad,4,,False,0,0,0,0,0,0,0,,,,0,0
183538,Ivan Goranov,2026-07-25T16:00:00+00:00,2026,BU1,1,False,4909867,2,26462,away,61955,1,2,played,4,5,True,90,0,0,0,0,0,0,,,,0,0
183538,Ivan Goranov,2026-07-19T16:30:00+00:00,2026,BU1,1,False,4909853,1,26462,home,967,1,1,played,4,5,False,90,0,0,0,0,0,0,,,,0,0
183538,Ivan Goranov,2026-05-22T15:00:00+00:00,2025,BU1,1,False,4866451,37,26462,home,6764,3,0,played,44,3,True,90,0,1,0,0,0,0,,,,0,0
183538,Ivan Goranov,2026-05-18T16:30:00+00:00,2025,BU1,1,False,4866448,36,26462,away,4362,2,1,played,44,9,False,90,0,0,0,0,0,0,,,,0,0
183538,Ivan Goranov,2026-05-14T14:45:00+00:00,2025,BU1,1,False,4866443,35,26462,home,24078,1,0,played,44,3,True,90,0,0,0,0,0,0,67,,,0,0
183538,Ivan Goranov,2026-05-10T13:45:00+00:00,2025,BU1,1,False,4866439,34,26462,home,40416,1,1,played,44,0,False,16,0,0,0,0,0,0,,74,,0,0
183538,Ivan Goranov,2026-05-05T17:00:00+00:00,2025,BU1,1,False,4866437,33,26462,away,730,2,2,played,44,3,True,90,0,0,0,0,0,0,,,,0,0
183538,Ivan Goranov,2026-05-02T13:30:00+00:00,2025,BU1,1,False,4866432,32,26462,home,9599,2,1,played,44,3,False,90,0,0,0,0,0,0,,,,0,0
183538,Ivan Goranov,2026-04-26T11:00:00+00:00,2025,BU1,1,False,4866430,31,26462,away,675,1,1,played,44,4,False,90,0,0,0,0,0,0,,,,0,0
183538,Ivan Goranov,2026-04-14T15:00:00+00:00,2025,BU1,1,False,4718173,30,26462,home,730,3,2,played,44,4,False,75,0,0,0,0,0,0,,,75,0,0
670144,José Gallegos,2026-07-25T16:00:00+00:00,2026,BU1,1,False,4909867,2,26462,away,61955,1,2,in squad,10,,False,0,0,0,0,0,0,0,,,,0,0
670144,José Gallegos,2026-07-19T16:30:00+00:00,2026,BU1,1,False,4909853,1,26462,home,967,1,1,in squad,10,,False,0,0,0,0,0,0,0,,,,0,0
670144,José Gallegos,2026-05-22T15:00:00+00:00,2025,BU1,1,False,4866451,37,26462,home,6764,3,0,not in squad,,,False,0,0,0,0,0,0,0,,,,0,0
670144,José Gallegos,2026-05-18T16:30:00+00:00,2025,BU1,1,False,4866448,36,26462,away,4362,2,1,not in squad,,,False,0,0,0,0,0,0,0,,,,0,0
670144,José Gallegos,2026-05-14T14:45:00+00:00,2025,BU1,1,False,4866443,35,26462,home,24078,1,0,played,17,12,False,8,0,0,0,0,0,0,,,8,0,0
670144,José Gallegos,2026-05-10T13:45:00+00:00,2025,BU1,1,False,4866439,34,26462,home,40416,1,1,played,17,12,False,74,0,0,0,0,0,0,,,74,0,0
670144,José Gallegos,2026-05-05T17:00:00+00:00,2025,BU1,1,False,4866437,33,26462,away,730,2,2,played,17,11,False,71,0,1,0,0,0,0,,,71,0,0
670144,José Gallegos,2026-05-02T13:30:00+00:00,2025,BU1,1,False,4866432,32,26462,home,9599,2,1,played,17,11,False,73,0,0,0,0,0,0,51,,73,0,0
670144,José Gallegos,2026-04-26T11:00:00+00:00,2025,BU1,1,False,4866430,31,26462,away,675,1,1,played,17,11,False,45,0,0,0,0,0,0,,,46,0,0
670144,José Gallegos,2026-04-14T15:00:00+00:00,2025,BU1,1,False,4718173,30,26462,home,730,3,2,played,17,0,False,45,0,1,0,0,0,0,,46,,0,0
339919,Iliya Yurukov,2026-07-25T16:00:00+00:00,2026,BU1,1,False,4909867,2,26462,away,61955,1,2,played,12,10,False,90,0,0,0,0,0,0,,,,0,0
339919,Iliya Yurukov,2026-07-19T16:30:00+00:00,2026,BU1,1,False,4909853,1,26462,home,967,1,1,played,12,6,False,90,0,0,0,0,0,0,,,,0,0
339919,Iliya Yurukov,2026-05-22T15:00:00+00:00,2025,BU1,1,False,4866451,37,26462,home,6764,3,0,played,12,6,False,90,0,0,0,0,0,0,,,90,0,0
339919,Iliya Yurukov,2026-05-18T16:30:00+00:00,2025,BU1,1,False,4866448,36,26462,away,4362,2,1,played,12,6,False,90,0,0,0,0,0,0,,,,0,0
339919,Iliya Yurukov,2026-05-14T14:45:00+00:00,2025,BU1,1,False,4866443,35,26462,home,24078,1,0,played,12,6,False,69,0,0,0,0,0,0,,,69,0,0
339919,Iliya Yurukov,2026-05-10T13:45:00+00:00,2025,BU1,1,False,4866439,34,26462,home,40416,1,1,played,12,0,False,29,0,0,0,0,0,0,,61,,0,0
339919,Iliya Yurukov,2026-05-05T17:00:00+00:00,2025,BU1,1,False,4866437,33,26462,away,730,2,2,played,12,6,False,90,0,0,0,0,0,0,,,,0,0
339919,Iliya Yurukov,2026-05-02T13:30:00+00:00,2025,BU1,1,False,4866432,32,26462,home,9599,2,1,played,12,6,False,89,0,0,0,0,0,0,,,89,0,0
339919,Iliya Yurukov,2026-04-26T11:00:00+00:00,2025,BU1,1,False,4866430,31,26462,away,675,1,1,played,12,6,False,81,0,0,0,0,0,0,,,81,0,0
339919,Iliya Yurukov,2026-04-14T15:00:00+00:00,2025,BU1,1,False,4718173,30,26462,home,730,3,2,absent,,,False,0,0,0,0,0,0,0,,,,0,2
188478,Radoslav Tsonev,2026-05-22T15:00:00+00:00,2025,BU1,1,False,4866451,37,26462,home,6764,3,0,played,21,6,False,90,0,1,0,0,0,0,,,,0,0
188478,Radoslav Tsonev,2026-05-18T16:30:00+00:00,2025,BU1,1,False,4866448,36,26462,away,4362,2,1,absent,,,False,0,0,0,0,0,0,0,,,,0,1
188478,Radoslav Tsonev,2026-05-14T14:45:00+00:00,2025,BU1,1,False,4866443,35,26462,home,24078,1,0,played,21,10,False,90,0,0,0,0,0,0,90,,,0,0
188478,Radoslav Tsonev,2026-05-10T13:45:00+00:00,2025,BU1,1,False,4866439,34,26462,home,40416,1,1,played,21,7,False,74,0,0,0,0,0,0,,,74,0,0
188478,Radoslav Tsonev,2026-05-05T17:00:00+00:00,2025,BU1,1,False,4866437,33,26462,away,730,2,2,played,21,7,False,90,0,0,0,0,0,0,,,,0,0
188478,Radoslav Tsonev,2026-05-02T13:30:00+00:00,2025,BU1,1,False,4866432,32,26462,home,9599,2,1,absent,,,False,0,0,0,0,0,0,0,,,,0,3
188478,Radoslav Tsonev,2026-04-26T11:00:00+00:00,2025,BU1,1,False,4866430,31,26462,away,675,1,1,played,21,10,False,37,0,0,0,0,0,0,,,,0,0
188478,Radoslav Tsonev,2026-04-14T15:00:00+00:00,2025,BU1,1,False,4718173,30,26462,home,730,3,2,played,21,7,False,90,0,0,0,0,0,0,,,,0,0
188478,Radoslav Tsonev,2026-04-10T12:30:00+00:00,2025,BU1,1,False,4718202,29,26462,away,61955,0,1,played,21,6,False,84,0,0,0,0,0,0,,,84,0,0
188478,Radoslav Tsonev,2026-04-06T14:00:00+00:00,2025,BU1,1,False,4718144,28,26462,away,40416,0,0,played,21,7,False,70,0,0,0,0,0,0,37,,70,0,0
821902,David Suárez,2026-05-23T14:30:00+00:00,2025,HEPO,21,False,4730158,6,108,away,66588,2,1,played,47,6,False,64,0,0,0,0,0,0,,,64,0,0
821902,David Suárez,2026-05-16T11:30:00+00:00,2025,L3,3,False,4644399,38,108,home,983,2,0,played,47,6,False,88,0,0,0,0,0,0,,,88,0,0
821902,David Suárez,2026-05-09T12:00:00+00:00,2025,L3,3,False,4644389,37,108,away,25,1,2,played,47,6,False,80,0,0,0,0,0,0,,,80,0,0
821902,David Suárez,2026-05-03T14:30:00+00:00,2025,L3,3,False,4644379,36,108,home,81,2,3,in squad,47,,False,0,0,0,0,0,0,0,,,,0,0
821902,David Suárez,2026-04-25T12:00:00+00:00,2025,L3,3,False,4644367,35,108,away,94,2,2,in squad,47,,False,0,0,0,0,0,0,0,,,,0,0
821902,David Suárez,2026-04-19T17:30:00+00:00,2025,L3,3,False,4644360,34,108,home,85,3,3,played,47,0,False,17,0,0,0,0,0,0,,73,,0,0
821902,David Suárez,2026-04-11T12:00:00+00:00,2025,L3,3,False,4644346,33,108,away,1622,1,2,played,47,6,False,64,0,0,0,0,0,0,30,,64,0,0
821902,David Suárez,2026-04-08T17:00:00+00:00,2025,L3,3,False,4644340,32,108,home,476,1,4,in squad,47,,False,0,0,0,0,0,0,0,,,,0,0
821902,David Suárez,2026-04-05T17:30:00+00:00,2025,L3,3,False,4644331,31,108,away,8,0,3,in squad,47,,False,0,0,0,0,0,0,0,,,,0,0
821902,David Suárez,2026-03-25T18:00:00+00:00,2025,HEPO,21,False,4730147,5,108,away,1431,4,0,played,47,0,False,8,0,0,0,0,0,0,,82,,0,0
653707,Martin Smolenski,2026-07-25T16:00:00+00:00,2026,BU1,1,False,4909867,2,26462,away,61955,1,2,played,24,0,False,45,0,0,0,0,0,0,,46,,0,0
653707,Martin Smolenski,2026-07-19T16:30:00+00:00,2026,BU1,1,False,4909853,1,26462,home,967,1,1,played,24,11,False,71,0,0,0,0,0,0,,,71,0,0
653707,Martin Smolenski,2026-05-22T15:00:00+00:00,2025,BU1,1,False,4866451,37,26462,home,6764,3,0,played,24,10,False,77,0,0,0,0,0,0,,,77,0,0
653707,Martin Smolenski,2026-05-18T16:30:00+00:00,2025,BU1,1,False,4866448,36,26462,away,4362,2,1,played,24,0,False,5,0,0,0,0,0,0,,85,,0,0
653707,Martin Smolenski,2026-05-14T14:45:00+00:00,2025,BU1,1,False,4866443,35,26462,home,24078,1,0,in squad,24,,False,0,0,0,0,0,0,0,,,,0,0
653707,Martin Smolenski,2026-05-10T13:45:00+00:00,2025,BU1,1,False,4866439,34,26462,home,40416,1,1,not in squad,,,False,0,0,0,0,0,0,0,,,,0,0
653707,Martin Smolenski,2026-05-05T17:00:00+00:00,2025,BU1,1,False,4866437,33,26462,away,730,2,2,played,24,10,False,37,0,1,0,0,0,0,37,,37,0,0
653707,Martin Smolenski,2026-05-02T13:30:00+00:00,2025,BU1,1,False,4866432,32,26462,home,9599,2,1,played,24,0,False,17,0,0,0,0,0,0,,73,,0,0
653707,Martin Smolenski,2026-04-26T11:00:00+00:00,2025,BU1,1,False,4866430,31,26462,away,675,1,1,played,24,10,False,63,0,0,0,0,0,0,,,63,0,0
653707,Martin Smolenski,2026-04-14T15:00:00+00:00,2025,BU1,1,False,4718173,30,26462,home,730,3,2,played,24,11,False,90,0,0,0,0,0,0,,,,0,0
867042,Antoan Stoyanov,2026-07-25T16:00:00+00:00,2026,BU1,1,False,4909867,2,26462,away,61955,1,2,played,8,6,False,79,0,0,0,0,0,0,,,79,0,0
867042,Antoan Stoyanov,2026-07-19T16:30:00+00:00,2026,BU1,1,False,4909853,1,26462,home,967,1,1,absent,,,False,0,0,0,0,0,0,0,,,,0,1
867042,Antoan Stoyanov,2026-05-30T14:00:00+00:00,2025,FS,11,True,4893732,51,21361,home,16844,1,0,played,8,0,False,45,0,0,0,0,0,0,,,46,0,0
867042,Antoan Stoyanov,2026-05-22T15:00:00+00:00,2025,BU1,1,False,4866451,37,26462,home,6764,3,0,played,8,8,False,90,0,0,0,0,0,0,84,,90,0,0
867042,Antoan Stoyanov,2026-05-18T16:30:00+00:00,2025,BU1,1,False,4866448,36,26462,away,4362,2,1,played,8,6,False,90,0,1,0,0,0,0,30,,,0,0
867042,Antoan Stoyanov,2026-05-14T14:45:00+00:00,2025,BU1,1,False,4866443,35,26462,home,24078,1,0,played,8,7,False,90,0,0,0,0,0,0,,,,0,0
867042,Antoan Stoyanov,2026-05-10T13:45:00+00:00,2025,BU1,1,False,4866439,34,26462,home,40416,1,1,played,8,6,False,90,0,0,0,0,0,0,,,,0,0
867042,Antoan Stoyanov,2026-05-05T17:00:00+00:00,2025,BU1,1,False,4866437,33,26462,away,730,2,2,played,8,0,False,18,0,0,0,0,0,0,90,72,,0,0
867042,Antoan Stoyanov,2026-05-02T13:30:00+00:00,2025,BU1,1,False,4866432,32,26462,home,9599,2,1,played,8,7,False,90,0,0,0,0,0,0,,,,0,0
867042,Antoan Stoyanov,2026-04-26T11:00:00+00:00,2025,BU1,1,False,4866430,31,26462,away,675,1,1,played,8,0,False,27,0,0,0,0,0,0,,63,,0,0
282897,Kristiyan Malinov,2026-05-22T15:00:00+00:00,2025,BU1,1,False,4866451,37,26462,home,6764,3,0,not in squad,,,False,0,0,0,0,0,0,0,,,,0,0
282897,Kristiyan Malinov,2026-05-18T16:30:00+00:00,2025,BU1,1,False,4866448,36,26462,away,4362,2,1,not in squad,,,False,0,0,0,0,0,0,0,,,,0,0
282897,Kristiyan Malinov,2026-05-14T14:45:00+00:00,2025,BU1,1,False,4866443,35,26462,home,24078,1,0,not in squad,,,False,0,0,0,0,0,0,0,,,,0,0
282897,Kristiyan Malinov,2026-05-10T13:45:00+00:00,2025,BU1,1,False,4866439,34,26462,home,40416,1,1,not in squad,,,False,0,0,0,0,0,0,0,,,,0,0
282897,Kristiyan Malinov,2026-05-05T17:00:00+00:00,2025,BU1,1,False,4866437,33,26462,away,730,2,2,not in squad,,,False,0,0,0,0,0,0,0,,,,0,0
282897,Kristiyan Malinov,2026-05-02T13:30:00+00:00,2025,BU1,1,False,4866432,32,26462,home,9599,2,1,not in squad,,,False,0,0,0,0,0,0,0,,,,0,0
282897,Kristiyan Malinov,2026-04-26T11:00:00+00:00,2025,BU1,1,False,4866430,31,26462,away,675,1,1,not in squad,,,False,0,0,0,0,0,0,0,,,,0,0
282897,Kristiyan Malinov,2026-04-14T15:00:00+00:00,2025,BU1,1,False,4718173,30,26462,home,730,3,2,not in squad,,,False,0,0,0,0,0,0,0,,,,0,0
282897,Kristiyan Malinov,2026-04-10T12:30:00+00:00,2025,BU1,1,False,4718202,29,26462,away,61955,0,1,not in squad,,,False,0,0,0,0,0,0,0,,,,0,0
282897,Kristiyan Malinov,2026-04-06T14:00:00+00:00,2025,BU1,1,False,4718144,28,26462,away,40416,0,0,played,33,7,False,90,0,0,0,0,0,0,,,,0,0
918149,Kassim Hadji,2026-07-25T16:00:00+00:00,2026,BU1,1,False,4909867,2,26462,away,61955,1,2,played,81,11,False,64,0,1,0,0,0,0,,,64,0,0
918149,Kassim Hadji,2026-07-19T16:30:00+00:00,2026,BU1,1,False,4909853,1,26462,home,967,1,1,played,81,12,False,90,0,0,0,0,0,0,,,,0,0
918149,Kassim Hadji,2026-05-22T15:00:00+00:00,2025,BU1,1,False,4866451,37,26462,home,6764,3,0,played,81,0,False,7,1,0,0,0,0,0,,83,,0,0
918149,Kassim Hadji,2026-05-18T16:30:00+00:00,2025,BU1,1,False,4866448,36,26462,away,4362,2,1,played,81,0,False,29,0,0,0,0,0,0,,61,,0,0
918149,Kassim Hadji,2026-05-14T14:45:00+00:00,2025,BU1,1,False,4866443,35,26462,home,24078,1,0,played,81,0,False,21,0,0,0,0,0,0,,69,,0,0
918149,Kassim Hadji,2026-05-10T13:45:00+00:00,2025,BU1,1,False,4866439,34,26462,home,40416,1,1,in squad,81,,False,0,0,0,0,0,0,0,,,,0,0
918149,Kassim Hadji,2026-05-05T17:00:00+00:00,2025,BU1,1,False,4866437,33,26462,away,730,2,2,in squad,81,,False,0,0,0,0,0,0,0,,,,0,0
918149,Kassim Hadji,2026-05-02T13:30:00+00:00,2025,BU1,1,False,4866432,32,26462,home,9599,2,1,played,81,0,False,29,0,0,0,0,0,0,,61,,0,0
918149,Kassim Hadji,2026-04-26T11:00:00+00:00,2025,BU1,1,False,4866430,31,26462,away,675,1,1,in squad,81,,False,0,0,0,0,0,0,0,,,,0,0
918149,Kassim Hadji,2026-04-14T15:00:00+00:00,2025,BU1,1,False,4718173,30,26462,home,730,3,2,in squad,81,,False,0,0,0,0,0,0,0,,,,0,0
216263,Aymen Souda,2026-06-01T15:00:00+00:00,2025,IRQ1,1,False,4890072,38,77886,away,94968,0,3,not in squad,,,False,0,0,0,0,0,0,0,,,,0,0
216263,Aymen Souda,2026-05-28T17:30:00+00:00,2025,IRQ1,1,False,4890070,37,77886,home,13594,1,2,not in squad,,,False,0,0,0,0,0,0,0,,,,0,0
216263,Aymen Souda,2026-05-19T14:30:00+00:00,2025,IRQ1,1,False,4888858,36,77886,home,48098,2,5,not in squad,,,False,0,0,0,0,0,0,0,,,,0,0
216263,Aymen Souda,2026-05-14T17:00:00+00:00,2025,IRQ1,1,False,4884476,35,77886,away,23806,1,1,not in squad,,,False,0,0,0,0,0,0,0,,,,0,0
216263,Aymen Souda,2026-05-10T14:30:00+00:00,2025,IRQ1,1,False,4881963,34,77886,away,13598,1,2,not in squad,,,False,0,0,0,0,0,0,0,,,,0,0
216263,Aymen Souda,2026-05-06T14:30:00+00:00,2025,IRQ1,1,False,4881957,33,77886,home,28333,3,3,not in squad,,,False,0,0,0,0,0,0,0,,,,0,0
216263,Aymen Souda,2026-05-02T13:00:00+00:00,2025,IRQ1,1,False,4872859,32,77886,away,23804,2,2,not in squad,,,False,0,0,0,0,0,0,0,,,,0,0
216263,Aymen Souda,2026-04-26T11:00:00+00:00,2025,IRQ1,1,False,4871337,31,77886,home,103329,2,2,not in squad,,,False,0,0,0,0,0,0,0,,,,0,0
216263,Aymen Souda,2026-04-22T13:00:00+00:00,2025,IRQ1,1,False,4863071,30,77886,away,13593,1,3,in squad,87,,False,0,0,0,0,0,0,0,,,,0,0
216263,Aymen Souda,2026-04-18T13:00:00+00:00,2025,IRQ1,1,False,4863057,29,77886,away,13595,0,2,not in squad,,,False,0,0,0,0,0,0,0,,,,0,0
832140,Bozhidar Penchev,2026-07-26T18:15:00+00:00,2026,BU1,1,False,4909871,2,40416,away,2259,1,2,played,8,4,False,90,0,0,0,0,0,0,,,,0,0
832140,Bozhidar Penchev,2026-07-18T16:00:00+00:00,2026,BU1,1,False,4909857,1,40416,home,40604,1,1,played,8,4,False,90,0,0,0,0,0,0,,,,0,0
832140,Bozhidar Penchev,2026-05-23T15:00:00+00:00,2025,BU2,2,False,4718043,34,29268,home,2190,3,1,played,21,0,False,28,0,0,0,0,0,0,,62,,0,0
832140,Bozhidar Penchev,2026-05-15T15:00:00+00:00,2025,BU2,2,False,4718035,33,29268,away,19780,1,0,played,21,0,False,14,0,0,0,0,0,0,,76,,0,0
832140,Bozhidar Penchev,2026-05-11T14:45:00+00:00,2025,BU2,2,False,4718024,32,29268,home,11255,0,0,played,21,0,False,90,0,0,0,0,0,0,,,90,0,0
832140,Bozhidar Penchev,2026-05-04T12:30:00+00:00,2025,BU2,2,False,4718018,31,29268,away,9524,1,0,played,21,0,False,26,0,0,0,0,0,0,,64,,0,0
832140,Bozhidar Penchev,2026-04-24T14:00:00+00:00,2025,BU2,2,False,4718005,30,29268,home,4503,2,1,played,21,0,False,87,0,0,0,0,0,0,,,87,0,0
832140,Bozhidar Penchev,2026-04-17T15:00:00+00:00,2025,BU2,2,False,4718001,29,29268,away,36821,2,2,played,21,0,False,90,0,0,0,0,0,0,,,,0,0
832140,Bozhidar Penchev,2026-04-03T14:00:00+00:00,2025,BU2,2,False,4717984,27,29268,away,19215,1,0,played,21,0,False,90,0,0,0,0,0,0,,,90,0,0
832140,Bozhidar Penchev,2026-03-28T13:30:00+00:00,2025,BU2,2,False,4717967,26,29268,away,40678,3,1,played,21,0,False,83,0,0,0,0,0,0,,,83,0,0
842899,Danylo Polonskyi,2026-05-22T15:00:00+00:00,2025,BU1,1,False,4866451,37,26462,home,6764,3,0,not in squad,,,False,0,0,0,0,0,0,0,,,,0,0
842899,Danylo Polonskyi,2026-05-18T16:30:00+00:00,2025,BU1,1,False,4866448,36,26462,away,4362,2,1,in squad,91,,False,0,0,0,0,0,0,0,,,,0,0
842899,Danylo Polonskyi,2026-05-14T14:45:00+00:00,2025,BU1,1,False,4866443,35,26462,home,24078,1,0,played,91,0,False,1,0,0,0,0,0,0,,90,,0,0
842899,Danylo Polonskyi,2026-05-10T13:45:00+00:00,2025,BU1,1,False,4866439,34,26462,home,40416,1,1,played,91,0,False,7,0,0,0,0,0,0,,83,,0,0
842899,Danylo Polonskyi,2026-05-05T17:00:00+00:00,2025,BU1,1,False,4866437,33,26462,away,730,2,2,not in squad,,,False,0,0,0,0,0,0,0,,,,0,0
842899,Danylo Polonskyi,2026-05-02T13:30:00+00:00,2025,BU1,1,False,4866432,32,26462,home,9599,2,1,in squad,91,,False,0,0,0,0,0,0,0,,,,0,0
842899,Danylo Polonskyi,2026-04-26T11:00:00+00:00,2025,BU1,1,False,4866430,31,26462,away,675,1,1,in squad,91,,False,0,0,0,0,0,0,0,,,,0,0
842899,Danylo Polonskyi,2026-04-14T15:00:00+00:00,2025,BU1,1,False,4718173,30,26462,home,730,3,2,in squad,91,,False,0,0,0,0,0,0,0,,,,0,0
842899,Danylo Polonskyi,2026-04-10T12:30:00+00:00,2025,BU1,1,False,4718202,29,26462,away,61955,0,1,not in squad,,,False,0,0,0,0,0,0,0,,,,0,0
842899,Danylo Polonskyi,2026-04-06T14:00:00+00:00,2025,BU1,1,False,4718144,28,26462,away,40416,0,0,not in squad,,,False,0,0,0,0,0,0,0,,,,0,0
534095,Mehdi Boukassi,2026-07-27T16:00:00+00:00,2026,TS2,2,False,4901923,1,479,home,13726,2,0,not in squad,,,False,0,0,0,0,0,0,0,,,,0,0
534095,Mehdi Boukassi,2026-05-23T12:00:00+00:00,2025,TS2,2,False,4636009,30,479,home,2598,0,0,in squad,68,,False,0,0,0,0,0,0,0,,,,0,0
534095,Mehdi Boukassi,2026-05-16T15:00:00+00:00,2025,TS2,2,False,4635996,29,479,away,28596,0,1,in squad,68,,False,0,0,0,0,0,0,0,,,,0,0
534095,Mehdi Boukassi,2026-05-11T15:00:00+00:00,2025,TS2,2,False,4635991,28,479,home,24325,0,2,not in squad,,,False,0,0,0,0,0,0,0,,,,0,0
534095,Mehdi Boukassi,2026-05-06T16:00:00+00:00,2025,TS2,2,False,4635972,27,479,away,6377,1,2,not in squad,,,False,0,0,0,0,0,0,0,,,,0,0
534095,Mehdi Boukassi,2026-05-02T14:00:00+00:00,2025,TS2,2,False,4635965,26,479,home,3795,2,2,not in squad,,,False,0,0,0,0,0,0,0,,,,0,0
534095,Mehdi Boukassi,2026-04-26T08:30:00+00:00,2025,TS2,2,False,4635956,25,479,away,6483,0,0,not in squad,,,False,0,0,0,0,0,0,0,,,,0,0
534095,Mehdi Boukassi,2026-04-19T14:00:00+00:00,2025,TS2,2,False,4635948,24,479,home,6541,1,2,in squad,68,,False,0,0,0,0,0,0,0,,,,0,0
534095,Mehdi Boukassi,2026-04-15T15:00:00+00:00,2025,TS2,2,False,4635932,23,479,away,6201,0,2,in squad,68,,False,0,0,0,0,0,0,0,,,,0,0
534095,Mehdi Boukassi,2026-04-11T14:00:00+00:00,2025,TS2,2,False,4635924,22,479,home,5225,4,0,in squad,68,,False,0,0,0,0,0,0,0,,,,0,0
1035180,Nikolay Stefanov,2025-07-25T17:30:00+00:00,2025,BU1,1,False,4648221,2,26462,home,31614,0,1,in squad,33,,False,0,0,0,0,0,0,0,,,,0,0
1035180,Nikolay Stefanov,2025-07-20T16:00:00+00:00,2025,BU1,1,False,4648234,1,26462,away,675,2,2,in squad,33,,False,0,0,0,0,0,0,0,,,,0,0
1035180,Nikolay Stefanov,2025-05-25T17:45:00+00:00,2024,BU1,1,False,4599205,37,26462,home,675,2,1,in squad,33,,False,0,0,0,0,0,0,0,,,,0,0
1035180,Nikolay Stefanov,2025-05-20T14:45:00+00:00,2024,BU1,1,False,4599197,36,26462,away,26563,0,1,in squad,72,,False,0,0,0,0,0,0,0,,,,0,0
1035180,Nikolay Stefanov,2025-05-15T14:45:00+00:00,2024,BU1,1,False,4599196,35,26462,away,2259,3,1,not in squad,,,False,0,0,0,0,0,0,0,,,,0,0
1035180,Nikolay Stefanov,2025-05-11T15:00:00+00:00,2024,BU1,1,False,4599190,34,26462,home,91158,1,0,not in squad,,,False,0,0,0,0,0,0,0,,,,0,0
1035180,Nikolay Stefanov,2025-05-07T16:30:00+00:00,2024,BU1,1,False,4599183,33,26462,away,730,0,3,not in squad,,,False,0,0,0,0,0,0,0,,,,0,0
1035180,Nikolay Stefanov,2025-05-02T12:00:00+00:00,2024,BU1,1,False,4599179,32,26462,home,40416,3,2,not in squad,,,False,0,0,0,0,0,0,0,,,,0,0
1035180,Nikolay Stefanov,2025-04-28T17:00:00+00:00,2024,BU1,1,False,4599176,31,26462,away,61955,1,0,not in squad,,,False,0,0,0,0,0,0,0,,,,0,0
1035180,Nikolay Stefanov,2025-04-23T16:00:00+00:00,2024,BULP,8,False,4569124,4,26462,away,31614,0,2,not in squad,,,False,0,0,0,0,0,0,0,,,,0,0
1335440,Emil Petrov,2026-05-22T15:00:00+00:00,2025,BU1,1,False,4866451,37,26462,home,6764,3,0,played,2,0,False,1,0,0,0,0,0,0,,90,,0,0
1335440,Emil Petrov,2026-05-18T16:30:00+00:00,2025,BU1,1,False,4866448,36,26462,away,4362,2,1,in squad,2,,False,0,0,0,0,0,0,0,,,,0,0
1335440,Emil Petrov,2026-05-14T14:45:00+00:00,2025,BU1,1,False,4866443,35,26462,home,24078,1,0,not in squad,,,False,0,0,0,0,0,0,0,,,,0,0
1335440,Emil Petrov,2026-05-10T13:45:00+00:00,2025,BU1,1,False,4866439,34,26462,home,40416,1,1,not in squad,,,False,0,0,0,0,0,0,0,,,,0,0
1335440,Emil Petrov,2026-05-05T17:00:00+00:00,2025,BU1,1,False,4866437,33,26462,away,730,2,2,not in squad,,,False,0,0,0,0,0,0,0,,,,0,0
1335440,Emil Petrov,2026-05-02T13:30:00+00:00,2025,BU1,1,False,4866432,32,26462,home,9599,2,1,not in squad,,,False,0,0,0,0,0,0,0,,,,0,0
1335440,Emil Petrov,2026-04-26T11:00:00+00:00,2025,BU1,1,False,4866430,31,26462,away,675,1,1,not in squad,,,False,0,0,0,0,0,0,0,,,,0,0
1335440,Emil Petrov,2026-04-14T15:00:00+00:00,2025,BU1,1,False,4718173,30,26462,home,730,3,2,not in squad,,,False,0,0,0,0,0,0,0,,,,0,0
1335440,Emil Petrov,2026-04-10T12:30:00+00:00,2025,BU1,1,False,4718202,29,26462,away,61955,0,1,not in squad,,,False,0,0,0,0,0,0,0,,,,0,0
1335440,Emil Petrov,2026-04-06T14:00:00+00:00,2025,BU1,1,False,4718144,28,26462,away,40416,0,0,not in squad,,,False,0,0,0,0,0,0,0,,,,0,0
1373165,Paolo Tsenov,2025-08-29T16:45:00+00:00,2025,BU1,1,False,4648276,7,26462,home,967,1,0,not in squad,,,False,0,0,0,0,0,0,0,,,,0,0
1373165,Paolo Tsenov,2025-08-24T14:45:00+00:00,2025,BU1,1,False,4648271,6,26462,away,4362,2,0,not in squad,,,False,0,0,0,0,0,0,0,,,,0,0
1373165,Paolo Tsenov,2025-08-17T18:15:00+00:00,2025,BU1,1,False,4648253,5,26462,home,156,0,0,in squad,5,,False,0,0,0,0,0,0,0,,,,0,0
1373165,Paolo Tsenov,2025-08-08T18:15:00+00:00,2025,BU1,1,False,4648247,4,26462,away,24078,0,0,in squad,5,,False,0,0,0,0,0,0,0,,,,0,0
1373165,Paolo Tsenov,2025-08-01T16:00:00+00:00,2025,BU1,1,False,4648236,3,26462,away,9599,1,1,in squad,5,,False,0,0,0,0,0,0,0,,,,0,0
1373165,Paolo Tsenov,2025-07-25T17:30:00+00:00,2025,BU1,1,False,4648221,2,26462,home,31614,0,1,in squad,5,,False,0,0,0,0,0,0,0,,,,0,0
1373165,Paolo Tsenov,2025-07-20T16:00:00+00:00,2025,BU1,1,False,4648234,1,26462,away,675,2,2,in squad,5,,False,0,0,0,0,0,0,0,,,,0,0
1373165,Paolo Tsenov,2025-05-25T17:45:00+00:00,2024,BU1,1,False,4599205,37,26462,home,675,2,1,in squad,3,,False,0,0,0,0,0,0,0,,,,0,0
1373165,Paolo Tsenov,2025-05-20T14:45:00+00:00,2024,BU1,1,False,4599197,36,26462,away,26563,0,1,in squad,5,,False,0,0,0,0,0,0,0,,,,0,0
1373165,Paolo Tsenov,2025-05-15T14:45:00+00:00,2024,BU1,1,False,4599196,35,26462,away,2259,3,1,in squad,,,False,0,0,0,0,0,0,0,,,,0,0
1522710,Miroslav Tsonev,2026-07-25T16:00:00+00:00,2026,BU1,1,False,4909867,2,26462,away,61955,1,2,in squad,2,,False,0,0,0,0,0,0,0,,,,0,0
1522710,Miroslav Tsonev,2026-07-19T16:30:00+00:00,2026,BU1,1,False,4909853,1,26462,home,967,1,1,in squad,2,,False,0,0,0,0,0,0,0,,,,0,0
1522710,Miroslav Tsonev,2026-05-22T15:00:00+00:00,2025,BU1,1,False,4866451,37,26462,home,6764,3,0,in squad,4,,False,0,0,0,0,0,0,0,,,,0,0
1522710,Miroslav Tsonev,2026-03-04T16:30:00+00:00,2025,BU1,1,False,4718209,24,26462,away,208,0,1,in squad,4,,False,0,0,0,0,0,0,0,,,,0,0
1551546,Aleksandar Zarkov,2026-05-22T15:00:00+00:00,2025,BU1,1,False,4866451,37,26462,home,6764,3,0,in squad,5,,False,0,0,0,0,0,0,0,,,,0,0
628052,Martin Petkov,2026-07-25T16:00:00+00:00,2026,BU1,1,False,4909867,2,26462,away,61955,1,2,played,79,14,False,90,1,0,0,0,0,0,,,,0,0
628052,Martin Petkov,2026-07-19T16:30:00+00:00,2026,BU1,1,False,4909853,1,26462,home,967,1,1,played,79,14,False,90,1,0,0,0,0,0,46,,,0,0
628052,Martin Petkov,2026-05-22T15:00:00+00:00,2025,BU1,1,False,4866451,37,26462,home,6764,3,0,played,79,14,False,90,1,1,0,0,0,0,,,90,0,0
628052,Martin Petkov,2026-05-18T16:30:00+00:00,2025,BU1,1,False,4866448,36,26462,away,4362,2,1,absent,,,False,0,0,0,0,0,0,0,,,,0,1
628052,Martin Petkov,2026-05-14T14:45:00+00:00,2025,BU1,1,False,4866443,35,26462,home,24078,1,0,played,79,11,False,90,0,0,0,0,0,0,45,,90,0,0
628052,Martin Petkov,2026-05-10T13:45:00+00:00,2025,BU1,1,False,4866439,34,26462,home,40416,1,1,played,79,11,False,83,0,0,0,0,0,0,,,83,0,0
628052,Martin Petkov,2026-05-05T17:00:00+00:00,2025,BU1,1,False,4866437,33,26462,away,730,2,2,played,79,12,False,45,0,0,0,0,0,0,,,46,0,0
628052,Martin Petkov,2026-05-02T13:30:00+00:00,2025,BU1,1,False,4866432,32,26462,home,9599,2,1,played,79,12,False,73,0,1,0,0,0,0,,,73,0,0
628052,Martin Petkov,2026-04-26T11:00:00+00:00,2025,BU1,1,False,4866430,31,26462,away,675,1,1,played,79,0,False,45,0,0,0,0,0,0,,46,,0,0
628052,Martin Petkov,2026-04-14T15:00:00+00:00,2025,BU1,1,False,4718173,30,26462,home,730,3,2,played,79,14,False,65,0,0,0,0,0,0,,,65,0,0
653672,Romeesh Ivey,2026-05-31T21:00:00+00:00,2025,VZOA,12,False,4874329,6,14555,away,13297,0,1,played,14,12,False,90,0,0,4,2,1,1,,,,0,0
653672,Romeesh Ivey,2026-05-24T21:00:00+00:00,2025,VZOA,12,False,4874326,5,14555,home,42918,0,1,played,14,12,False,90,0,0,1,0,0,1,,,,0,0
653672,Romeesh Ivey,2026-05-17T21:00:00+00:00,2025,VZOA,12,False,4874324,4,14555,home,14682,0,2,played,14,12,False,90,0,0,1,0,0,1,61,,,0,0
653672,Romeesh Ivey,2026-05-13T23:00:00+00:00,2025,VZOA,12,False,4874323,3,14555,away,14682,0,1,played,14,0,False,32,0,0,3,0,3,0,,58,,0,0
653672,Romeesh Ivey,2026-05-08T23:00:00+00:00,2025,VZOA,12,False,4874321,2,14555,away,42918,0,2,played,14,12,False,90,0,0,2,0,1,1,,,,0,0
653672,Romeesh Ivey,2026-05-02T19:00:00+00:00,2025,VZOA,12,False,4874318,1,14555,home,13297,2,1,played,14,12,False,82,0,0,2,1,0,1,,,82,0,0
653672,Romeesh Ivey,2026-04-26T21:00:00+00:00,2025,VZ1A,1,False,4818106,13,14555,away,42918,0,2,injured,,,False,0,0,0,0,0,0,0,,,,286,0
653672,Romeesh Ivey,2026-04-19T20:00:00+00:00,2025,VZ1A,1,False,4818100,12,14555,home,14596,3,2,played,14,12,False,89,0,1,0,0,0,0,,,89,0,0
653672,Romeesh Ivey,2026-04-12T20:30:00+00:00,2025,VZ1A,1,False,4818082,11,14555,away,17392,2,0,played,14,12,False,88,0,0,0,0,0,0,,,88,0,0
653672,Romeesh Ivey,2026-04-05T20:00:00+00:00,2025,VZ1A,1,False,4818093,10,14555,home,22918,2,1,played,14,12,False,88,0,1,0,0,0,0,,,88,0,0
157611,Spas Georgiev,2026-07-25T17:00:00+00:00,2026,BU2,2,False,4909822,1,36821,home,4494,1,1,not in squad,,,False,0,0,0,0,0,0,0,,,,0,0
157611,Spas Georgiev,2026-05-23T15:00:00+00:00,2025,BU2,2,False,4718046,34,19784,home,26563,1,0,played,16,0,True,90,0,0,0,0,0,0,,,90,0,0
157611,Spas Georgiev,2026-05-15T15:00:00+00:00,2025,BU2,2,False,4718032,33,19784,away,4494,0,1,played,16,0,True,90,0,0,0,0,0,0,,,,0,0
157611,Spas Georgiev,2026-05-11T15:00:00+00:00,2025,BU2,2,False,4718027,32,19784,home,521,2,0,played,16,0,True,90,1,0,0,0,0,0,,,90,0,0
157611,Spas Georgiev,2026-05-02T15:00:00+00:00,2025,BU2,2,False,4718015,31,19784,away,2190,0,3,played,16,0,True,79,0,0,0,0,0,0,,,79,0,0
157611,Spas Georgiev,2026-04-26T12:00:00+00:00,2025,BU2,2,False,4718008,30,19784,home,19780,3,2,played,16,0,True,90,0,0,0,0,0,0,,,,0,0
157611,Spas Georgiev,2026-04-16T14:00:00+00:00,2025,BU2,2,False,4717998,29,19784,away,11255,1,4,played,16,0,False,34,0,0,0,0,0,0,,56,,0,0
157611,Spas Georgiev,2026-04-10T14:00:00+00:00,2025,BU2,2,False,4717989,28,19784,home,9524,0,1,played,16,0,True,82,0,0,0,0,0,0,,,82,0,0
157611,Spas Georgiev,2026-04-04T14:00:00+00:00,2025,BU2,2,False,4717981,27,19784,away,4503,0,0,played,16,0,True,90,0,0,0,0,0,0,,,,0,0
157611,Spas Georgiev,2026-03-29T13:30:00+00:00,2025,BU2,2,False,4717970,26,19784,home,36821,0,1,played,16,0,True,90,0,0,0,0,0,0,89,,,0,0
585868,Vladislav Naydenov,2026-07-25T16:00:00+00:00,2026,BU1,1,False,4909867,2,26462,away,61955,1,2,played,97,12,False,90,0,0,0,0,0,0,,,,0,0
585868,Vladislav Naydenov,2026-07-19T16:30:00+00:00,2026,BU1,1,False,4909853,1,26462,home,967,1,1,absent,,,False,0,0,0,0,0,0,0,,,,0,1
585868,Vladislav Naydenov,2026-05-22T15:00:00+00:00,2025,BU1,1,False,4866451,37,26462,home,6764,3,0,absent,,,False,0,0,0,0,0,0,0,,,,0,1
585868,Vladislav Naydenov,2026-05-18T16:30:00+00:00,2025,BU1,1,False,4866448,36,26462,away,4362,2,1,played,97,8,False,90,0,0,0,0,0,0,58,,,0,0
585868,Vladislav Naydenov,2026-05-14T14:45:00+00:00,2025,BU1,1,False,4866443,35,26462,home,24078,1,0,played,97,0,False,82,0,1,0,0,0,0,,8,90,0,0
585868,Vladislav Naydenov,2026-05-10T13:45:00+00:00,2025,BU1,1,False,4866439,34,26462,home,40416,1,1,played,97,0,False,16,0,1,0,0,0,0,,74,,0,0
585868,Vladislav Naydenov,2026-05-05T17:00:00+00:00,2025,BU1,1,False,4866437,33,26462,away,730,2,2,played,97,0,False,45,0,0,0,0,0,0,,46,,0,0
585868,Vladislav Naydenov,2026-05-02T13:30:00+00:00,2025,BU1,1,False,4866432,32,26462,home,9599,2,1,played,97,0,False,17,0,0,0,0,0,0,,73,,0,0
585868,Vladislav Naydenov,2026-04-26T11:00:00+00:00,2025,BU1,1,False,4866430,31,26462,away,675,1,1,played,97,0,False,45,0,0,0,0,0,0,,46,,0,0
585868,Vladislav Naydenov,2026-04-14T15:00:00+00:00,2025,BU1,1,False,4718173,30,26462,home,730,3,2,played,97,12,False,45,0,0,0,0,0,0,,,46,0,0
706860,Mitchy Ntelo,2026-07-24T18:15:00+00:00,2026,C2,2,False,4897435,1,322,away,242,2,2,not in squad,,,False,0,0,0,0,0,0,0,,,,0,0
706860,Mitchy Ntelo,2026-05-22T15:00:00+00:00,2025,BU1,1,False,4866451,37,26462,home,6764,3,0,played,20,10,False,83,1,0,0,0,0,0,,,83,0,0
706860,Mitchy Ntelo,2026-05-18T16:30:00+00:00,2025,BU1,1,False,4866448,36,26462,away,4362,2,1,played,20,14,False,73,0,0,0,0,0,0,,,73,0,0
706860,Mitchy Ntelo,2026-05-14T14:45:00+00:00,2025,BU1,1,False,4866443,35,26462,home,24078,1,0,played,20,14,False,69,0,0,0,0,0,0,,,69,0,0
706860,Mitchy Ntelo,2026-05-10T13:45:00+00:00,2025,BU1,1,False,4866439,34,26462,home,40416,1,1,played,20,0,False,29,1,0,0,0,0,0,,61,,0,0
706860,Mitchy Ntelo,2026-05-05T17:00:00+00:00,2025,BU1,1,False,4866437,33,26462,away,730,2,2,played,20,14,False,72,2,0,0,0,0,0,,,72,0,0
706860,Mitchy Ntelo,2026-05-02T13:30:00+00:00,2025,BU1,1,False,4866432,32,26462,home,9599,2,1,played,20,14,False,73,1,0,0,0,0,0,,,73,0,0
706860,Mitchy Ntelo,2026-04-26T11:00:00+00:00,2025,BU1,1,False,4866430,31,26462,away,675,1,1,played,20,0,False,9,0,0,0,0,0,0,,81,,0,0
706860,Mitchy Ntelo,2026-04-14T15:00:00+00:00,2025,BU1,1,False,4718173,30,26462,home,730,3,2,played,20,0,False,25,1,0,0,0,0,0,,65,,0,0
706860,Mitchy Ntelo,2026-04-10T12:30:00+00:00,2025,BU1,1,False,4718202,29,26462,away,61955,0,1,in squad,20,,False,0,0,0,0,0,0,0,,,,0,0
84911,Daniel Genov,2026-07-25T16:00:00+00:00,2026,BU1,1,False,4909867,2,26462,away,61955,1,2,played,9,0,False,11,0,0,0,0,0,0,,79,,0,0
84911,Daniel Genov,2026-07-19T16:30:00+00:00,2026,BU1,1,False,4909853,1,26462,home,967,1,1,played,9,10,True,64,0,0,0,0,0,0,,,64,0,0
84911,Daniel Genov,2026-05-22T15:00:00+00:00,2025,BU1,1,False,4866451,37,26462,home,6764,3,0,played,9,0,False,13,0,0,0,0,0,0,,77,,0,0
84911,Daniel Genov,2026-05-18T16:30:00+00:00,2025,BU1,1,False,4866448,36,26462,away,4362,2,1,played,9,10,True,61,2,0,0,0,0,0,,,61,0,0
84911,Daniel Genov,2026-05-14T14:45:00+00:00,2025,BU1,1,False,4866443,35,26462,home,24078,1,0,played,9,0,False,21,1,0,0,0,0,0,,69,,0,0
84911,Daniel Genov,2026-05-10T13:45:00+00:00,2025,BU1,1,False,4866439,34,26462,home,40416,1,1,played,9,10,True,61,0,0,0,0,0,0,,,61,0,0
84911,Daniel Genov,2026-05-05T17:00:00+00:00,2025,BU1,1,False,4866437,33,26462,away,730,2,2,played,9,0,False,53,0,0,0,0,0,0,,37,90,0,0
84911,Daniel Genov,2026-05-02T13:30:00+00:00,2025,BU1,1,False,4866432,32,26462,home,9599,2,1,played,9,10,True,61,0,0,0,0,0,0,,,61,0,0
84911,Daniel Genov,2026-04-26T11:00:00+00:00,2025,BU1,1,False,4866430,31,26462,away,675,1,1,played,9,14,True,45,0,0,0,0,0,0,,,46,0,0
84911,Daniel Genov,2026-04-14T15:00:00+00:00,2025,BU1,1,False,4718173,30,26462,home,730,3,2,played,9,10,True,90,1,1,0,0,0,0,,,,0,0
1250364,Lukas Magdjinski,2025-12-13T13:00:00+00:00,2025,BULP,8,False,4763170,2,9599,home,2531,0,2,not in squad,,,False,0,0,0,0,0,0,0,,,,0,0
1250364,Lukas Magdjinski,2025-12-07T15:00:00+00:00,2025,BU1,1,False,4718119,19,9599,home,156,1,3,not in squad,,,False,0,0,0,0,0,0,0,,,,0,0
1250364,Lukas Magdjinski,2025-12-04T13:30:00+00:00,2025,BU1,1,False,4718153,18,9599,away,26462,0,2,not in squad,,,False,0,0,0,0,0,0,0,,,,0,0
1250364,Lukas Magdjinski,2025-11-29T15:30:00+00:00,2025,BU1,1,False,4718179,17,9599,home,208,0,4,not in squad,,,False,0,0,0,0,0,0,0,,,,0,0
1250364,Lukas Magdjinski,2025-11-21T15:45:00+00:00,2025,BU1,1,False,4718162,16,9599,away,6764,0,0,not in squad,,,False,0,0,0,0,0,0,0,,,,0,0
1250364,Lukas Magdjinski,2025-11-07T13:00:00+00:00,2025,BU1,1,False,4718074,15,9599,home,40416,1,4,not in squad,,,False,0,0,0,0,0,0,0,,,,0,0
1250364,Lukas Magdjinski,2025-11-01T10:00:00+00:00,2025,BU1,1,False,4718069,14,9599,away,4362,0,2,not in squad,,,False,0,0,0,0,0,0,0,,,,0,0
1250364,Lukas Magdjinski,2025-10-28T11:30:00+00:00,2025,BULP,8,False,4748174,1,9599,away,40443,3,1,not in squad,,,False,0,0,0,0,0,0,0,,,,0,0
1250364,Lukas Magdjinski,2025-10-24T14:30:00+00:00,2025,BU1,1,False,4718100,13,9599,home,2531,3,2,not in squad,,,False,0,0,0,0,0,0,0,,,,0,0
1250364,Lukas Magdjinski,2025-10-18T14:30:00+00:00,2025,BU1,1,False,4718111,12,9599,away,31614,1,1,not in squad,,,False,0,0,0,0,0,0,0,,,,0,0
293596,Aleksandar Georgiev,2026-07-25T17:00:00+00:00,2026,BU2,2,False,4909819,1,29268,home,4503,0,2,not in squad,,,False,0,0,0,0,0,0,0,,,,0,0
293596,Aleksandar Georgiev,2026-05-22T15:00:00+00:00,2025,BU1,1,False,4866452,37,9599,home,730,3,0,not in squad,,,False,0,0,0,0,0,0,0,,,,0,0
293596,Aleksandar Georgiev,2026-05-18T16:30:00+00:00,2025,BU1,1,False,4866449,36,9599,away,24078,2,0,not in squad,,,False,0,0,0,0,0,0,0,,,,0,0
293596,Aleksandar Georgiev,2026-05-14T12:15:00+00:00,2025,BU1,1,False,4866445,35,9599,away,40416,0,1,not in squad,,,False,0,0,0,0,0,0,0,,,,0,0
293596,Aleksandar Georgiev,2026-05-10T11:15:00+00:00,2025,BU1,1,False,4866442,34,9599,home,675,2,1,not in squad,,,False,0,0,0,0,0,0,0,,,,0,0
293596,Aleksandar Georgiev,2026-05-06T17:00:00+00:00,2025,BU1,1,False,4866436,33,9599,home,4362,1,1,not in squad,,,False,0,0,0,0,0,0,0,,,,0,0
293596,Aleksandar Georgiev,2026-05-02T13:30:00+00:00,2025,BU1,1,False,4866432,32,9599,away,26462,1,2,not in squad,,,False,0,0,0,0,0,0,0,,,,0,0
293596,Aleksandar Georgiev,2026-04-24T16:30:00+00:00,2025,BU1,1,False,4866428,31,9599,home,6764,1,2,not in squad,,,False,0,0,0,0,0,0,0,,,,0,0
293596,Aleksandar Georgiev,2026-04-16T14:00:00+00:00,2025,BU1,1,False,4718170,30,9599,away,40416,0,0,not in squad,,,False,0,0,0,0,0,0,0,,,,0,0
293596,Aleksandar Georgiev,2026-04-10T10:00:00+00:00,2025,BU1,1,False,4718205,29,9599,home,4362,1,0,not in squad,,,False,0,0,0,0,0,0,0,,,,0,0
745448,Iliya Shalamanov-Trenkov,2026-07-25T07:00:00+00:00,2025,A2VI,2,False,4820611,22,8156,away,22555,2,0,not in squad,,,False,0,0,0,0,0,0,0,,,,0,0
745448,Iliya Shalamanov-Trenkov,2026-07-18T05:15:00+00:00,2025,A2VI,2,False,4820714,21,8156,home,3080,0,0,in squad,21,,False,0,0,0,0,0,0,0,,,,0,0
745448,Iliya Shalamanov-Trenkov,2026-07-10T09:30:00+00:00,2025,A2VI,2,False,4820633,20,8156,away,11342,3,1,not in squad,,,False,0,0,0,0,0,0,0,,,,0,0
745448,Iliya Shalamanov-Trenkov,2026-07-04T05:15:00+00:00,2025,A2VI,2,False,4820644,19,8156,home,135665,0,3,played,21,1,False,90,0,0,0,0,0,0,,,,0,0
745448,Iliya Shalamanov-Trenkov,2026-06-28T05:30:00+00:00,2025,A2VI,2,False,4820688,18,6981,home,11342,1,2,not in squad,,,False,0,0,0,0,0,0,0,,,,0,0
745448,Iliya Shalamanov-Trenkov,2026-06-26T10:30:00+00:00,2025,A2VI,2,False,4820684,18,8156,away,24300,1,0,played,1,1,False,90,0,0,0,0,0,0,,,,0,0
745448,Iliya Shalamanov-Trenkov,2026-06-19T09:30:00+00:00,2025,A2VI,2,False,4820648,17,6981,away,24300,5,1,not in squad,,,False,0,0,0,0,0,0,0,,,,0,0
745448,Iliya Shalamanov-Trenkov,2026-06-07T05:30:00+00:00,2025,A2VI,2,False,4820751,16,6981,home,8156,2,3,not in squad,,,False,0,0,0,0,0,0,0,,,,0,0
745448,Iliya Shalamanov-Trenkov,2026-05-30T04:00:00+00:00,2025,A2VI,2,False,4820655,15,6981,away,15511,1,1,in squad,30,1,False,0,0,0,0,0,0,0,,,,0,0
745448,Iliya Shalamanov-Trenkov,2026-05-25T09:30:00+00:00,2025,A2VI,2,False,4820730,14,6981,home,32385,0,4,not in squad,,,False,0,0,0,0,0,0,0,,,,0,0
745448,Iliya Shalamanov-Trenkov,2026-05-24T12:00:00+00:00,2025,OFPL,10,False,4896273,20,6981,home,118373,1,2,in squad,30,,False,0,0,0,0,0,0,0,,,,0,0
745448,Iliya Shalamanov-Trenkov,2026-05-20T12:00:00+00:00,2025,OFPL,10,False,4896271,19,6981,home,136274,4,0,in squad,30,,False,0,0,0,0,0,0,0,,,,0,0
745448,Iliya Shalamanov-Trenkov,2026-05-18T09:30:00+00:00,2025,A2VI,2,False,4820632,13,6981,home,11428,0,4,not in squad,,,False,0,0,0,0,0,0,0,,,,0,0
745448,Iliya Shalamanov-Trenkov,2026-05-12T12:00:00+00:00,2025,OFPL,10,False,4896266,17,6981,home,136267,4,2,in squad,30,,False,0,0,0,0,0,0,0,,,,0,0
745448,Iliya Shalamanov-Trenkov,2026-05-09T12:00:00+00:00,2025,OFPL,10,False,4896263,16,6981,home,136279,4,2,in squad,30,,False,0,0,0,0,0,0,0,,,,0,0
745448,Iliya Shalamanov-Trenkov,2026-05-08T09:30:00+00:00,2025,A2VI,2,False,4820598,12,6981,away,3080,0,4,not in squad,,,False,0,0,0,0,0,0,0,,,,0,0
745448,Iliya Shalamanov-Trenkov,2026-05-06T12:00:00+00:00,2025,OFPL,10,False,4896259,15,6981,away,118373,2,1,in squad,30,,False,0,0,0,0,0,0,0,,,,0,0
745448,Iliya Shalamanov-Trenkov,2026-05-01T09:30:00+00:00,2025,A2VI,2,False,4820753,11,6981,home,135665,1,2,not in squad,,,False,0,0,0,0,0,0,0,,,,0,0
662976,Maksym Kovalyov,2026-05-22T15:00:00+00:00,2025,BU1,1,False,4866452,37,9599,home,730,3,0,in squad,23,,False,0,0,0,0,0,0,0,,,,0,0
662976,Maksym Kovalyov,2026-05-18T16:30:00+00:00,2025,BU1,1,False,4866449,36,9599,away,24078,2,0,in squad,23,,False,0,0,0,0,0,0,0,,,,0,0
662976,Maksym Kovalyov,2026-05-14T12:15:00+00:00,2025,BU1,1,False,4866445,35,9599,away,40416,0,1,in squad,23,,False,0,0,0,0,0,0,0,,,,0,0
662976,Maksym Kovalyov,2026-05-10T11:15:00+00:00,2025,BU1,1,False,4866442,34,9599,home,675,2,1,in squad,23,,False,0,0,0,0,0,0,0,,,,0,0
662976,Maksym Kovalyov,2026-05-06T17:00:00+00:00,2025,BU1,1,False,4866436,33,9599,home,4362,1,1,in squad,23,,False,0,0,0,0,0,0,0,,,,0,0
662976,Maksym Kovalyov,2026-05-02T13:30:00+00:00,2025,BU1,1,False,4866432,32,9599,away,26462,1,2,in squad,23,,False,0,0,0,0,0,0,0,,,,0,0
662976,Maksym Kovalyov,2026-04-24T16:30:00+00:00,2025,BU1,1,False,4866428,31,9599,home,6764,1,2,in squad,23,,False,0,0,0,0,0,0,0,,,,0,0
662976,Maksym Kovalyov,2026-04-16T14:00:00+00:00,2025,BU1,1,False,4718170,30,9599,away,40416,0,0,in squad,23,,False,0,0,0,0,0,0,0,,,,0,0
662976,Maksym Kovalyov,2026-04-10T10:00:00+00:00,2025,BU1,1,False,4718205,29,9599,home,4362,1,0,absent,,,False,0,0,0,0,0,0,0,,,,0,3
662976,Maksym Kovalyov,2026-04-04T14:00:00+00:00,2025,BU1,1,False,4718148,28,9599,away,2531,0,5,played,23,1,False,45,0,0,0,0,0,0,,,,0,0
462064,Ilker Budinov,2026-07-27T16:00:00+00:00,2026,BU1,1,False,4909870,2,19780,home,31614,0,2,not in squad,,,False,0,0,0,0,0,0,0,,,,0,0
462064,Ilker Budinov,2026-07-17T18:15:00+00:00,2026,BU1,1,False,4909855,1,19780,away,156,1,2,played,51,8,False,79,0,0,0,0,0,0,,,79,0,0
462064,Ilker Budinov,2026-05-22T15:00:00+00:00,2025,BU1,1,False,4866452,37,9599,home,730,3,0,not in squad,,,False,0,0,0,0,0,0,0,,,,0,0
462064,Ilker Budinov,2026-05-18T16:30:00+00:00,2025,BU1,1,False,4866449,36,9599,away,24078,2,0,not in squad,,,False,0,0,0,0,0,0,0,,,,0,0
462064,Ilker Budinov,2026-05-14T12:15:00+00:00,2025,BU1,1,False,4866445,35,9599,away,40416,0,1,not in squad,,,False,0,0,0,0,0,0,0,,,,0,0
462064,Ilker Budinov,2026-05-10T11:15:00+00:00,2025,BU1,1,False,4866442,34,9599,home,675,2,1,not in squad,,,False,0,0,0,0,0,0,0,,,,0,0
462064,Ilker Budinov,2026-05-06T17:00:00+00:00,2025,BU1,1,False,4866436,33,9599,home,4362,1,1,not in squad,,,False,0,0,0,0,0,0,0,,,,0,0
462064,Ilker Budinov,2026-05-02T13:30:00+00:00,2025,BU1,1,False,4866432,32,9599,away,26462,1,2,not in squad,,,False,0,0,0,0,0,0,0,,,,0,0
462064,Ilker Budinov,2026-04-24T16:30:00+00:00,2025,BU1,1,False,4866428,31,9599,home,6764,1,2,not in squad,,,False,0,0,0,0,0,0,0,,,,0,0
462064,Ilker Budinov,2026-04-16T14:00:00+00:00,2025,BU1,1,False,4718170,30,9599,away,40416,0,0,not in squad,,,False,0,0,0,0,0,0,0,,,,0,0
1255873,Kristiyan Kurbanov,2026-05-22T15:00:00+00:00,2025,BU1,1,False,4866452,37,9599,home,730,3,0,in squad,39,,False,0,0,0,0,0,0,0,,,,0,0
1255873,Kristiyan Kurbanov,2026-05-18T16:30:00+00:00,2025,BU1,1,False,4866449,36,9599,away,24078,2,0,in squad,39,,False,0,0,0,0,0,0,0,,,,0,0
1255873,Kristiyan Kurbanov,2026-05-14T12:15:00+00:00,2025,BU1,1,False,4866445,35,9599,away,40416,0,1,in squad,39,,False,0,0,0,0,0,0,0,,,,0,0
1255873,Kristiyan Kurbanov,2026-05-10T11:15:00+00:00,2025,BU1,1,False,4866442,34,9599,home,675,2,1,in squad,39,,False,0,0,0,0,0,0,0,,,,0,0
1255873,Kristiyan Kurbanov,2026-05-06T17:00:00+00:00,2025,BU1,1,False,4866436,33,9599,home,4362,1,1,in squad,39,,False,0,0,0,0,0,0,0,,,,0,0
1255873,Kristiyan Kurbanov,2026-05-02T13:30:00+00:00,2025,BU1,1,False,4866432,32,9599,away,26462,1,2,in squad,39,,False,0,0,0,0,0,0,0,,,,0,0
1255873,Kristiyan Kurbanov,2026-04-24T16:30:00+00:00,2025,BU1,1,False,4866428,31,9599,home,6764,1,2,in squad,39,,False,0,0,0,0,0,0,0,,,,0,0
1255873,Kristiyan Kurbanov,2026-04-16T14:00:00+00:00,2025,BU1,1,False,4718170,30,9599,away,40416,0,0,in squad,39,,False,0,0,0,0,0,0,0,,,,0,0
1255873,Kristiyan Kurbanov,2026-04-10T10:00:00+00:00,2025,BU1,1,False,4718205,29,9599,home,4362,1,0,not in squad,,,False,0,0,0,0,0,0,0,,,,0,0
1255873,Kristiyan Kurbanov,2026-04-04T14:00:00+00:00,2025,BU1,1,False,4718148,28,9599,away,2531,0,5,in squad,39,,False,0,0,0,0,0,0,0,,,,0,0
904703,Thierno Millimono,2026-05-30T12:30:00+00:00,2025,PL2L,3,False,4633769,34,9104,home,22568,0,3,not in squad,,,False,0,0,0,0,0,0,0,,,,0,0
904703,Thierno Millimono,2026-05-23T12:00:00+00:00,2025,PL2L,3,False,4633755,33,9104,away,8641,0,3,not in squad,,,False,0,0,0,0,0,0,0,,,,0,0
904703,Thierno Millimono,2026-05-16T12:00:00+00:00,2025,PL2L,3,False,4633742,32,9104,home,31568,0,3,not in squad,,,False,0,0,0,0,0,0,0,,,,0,0
904703,Thierno Millimono,2026-05-09T12:00:00+00:00,2025,PL2L,3,False,4633734,31,9104,away,6361,0,3,not in squad,,,False,0,0,0,0,0,0,0,,,,0,0
904703,Thierno Millimono,2026-05-02T12:00:00+00:00,2025,PL2L,3,False,4633724,30,9104,home,30753,0,3,not in squad,,,False,0,0,0,0,0,0,0,,,,0,0
904703,Thierno Millimono,2026-04-25T12:00:00+00:00,2025,PL2L,3,False,4633715,29,9104,away,42565,0,3,not in squad,,,False,0,0,0,0,0,0,0,,,,0,0
904703,Thierno Millimono,2026-04-18T12:00:00+00:00,2025,PL2L,3,False,4633706,28,9104,home,6560,0,3,not in squad,,,False,0,0,0,0,0,0,0,,,,0,0
904703,Thierno Millimono,2026-04-11T12:00:00+00:00,2025,PL2L,3,False,4633701,27,9104,away,10704,0,3,not in squad,,,False,0,0,0,0,0,0,0,,,,0,0
904703,Thierno Millimono,2026-04-02T14:30:00+00:00,2025,PL2L,3,False,4633687,26,9104,home,26564,0,3,not in squad,,,False,0,0,0,0,0,0,0,,,,0,0
904703,Thierno Millimono,2026-03-28T16:00:00+00:00,2025,PL2L,3,False,4633678,25,9104,away,28887,0,3,not in squad,,,False,0,0,0,0,0,0,0,,,,0,0
717245,Ivan Aleksiev,2026-05-22T15:00:00+00:00,2025,BU1,1,False,4866452,37,9599,home,730,3,0,not in squad,,,False,0,0,0,0,0,0,0,,,,0,0
717245,Ivan Aleksiev,2026-05-18T16:30:00+00:00,2025,BU1,1,False,4866449,36,9599,away,24078,2,0,not in squad,,,False,0,0,0,0,0,0,0,,,,0,0
717245,Ivan Aleksiev,2026-05-14T12:15:00+00:00,2025,BU1,1,False,4866445,35,9599,away,40416,0,1,not in squad,,,False,0,0,0,0,0,0,0,,,,0,0
717245,Ivan Aleksiev,2026-05-10T11:15:00+00:00,2025,BU1,1,False,4866442,34,9599,home,675,2,1,not in squad,,,False,0,0,0,0,0,0,0,,,,0,0
717245,Ivan Aleksiev,2026-05-06T17:00:00+00:00,2025,BU1,1,False,4866436,33,9599,home,4362,1,1,not in squad,,,False,0,0,0,0,0,0,0,,,,0,0
717245,Ivan Aleksiev,2026-05-02T13:30:00+00:00,2025,BU1,1,False,4866432,32,9599,away,26462,1,2,not in squad,,,False,0,0,0,0,0,0,0,,,,0,0
717245,Ivan Aleksiev,2026-04-24T16:30:00+00:00,2025,BU1,1,False,4866428,31,9599,home,6764,1,2,not in squad,,,False,0,0,0,0,0,0,0,,,,0,0
717245,Ivan Aleksiev,2026-04-16T14:00:00+00:00,2025,BU1,1,False,4718170,30,9599,away,40416,0,0,not in squad,,,False,0,0,0,0,0,0,0,,,,0,0
717245,Ivan Aleksiev,2026-04-10T10:00:00+00:00,2025,BU1,1,False,4718205,29,9599,home,4362,1,0,not in squad,,,False,0,0,0,0,0,0,0,,,,0,0
717245,Ivan Aleksiev,2026-04-04T14:00:00+00:00,2025,BU1,1,False,4718148,28,9599,away,2531,0,5,played,4,0,False,1,0,0,0,0,0,0,,90,,0,0
512938,Emil Yanchev,2026-07-25T17:00:00+00:00,2026,BU2,2,False,4909822,1,4494,away,36821,1,1,not in squad,,,False,0,0,0,0,0,0,0,,,,0,0
512938,Emil Yanchev,2026-05-22T15:00:00+00:00,2025,BU1,1,False,4866452,37,9599,home,730,3,0,not in squad,,,False,0,0,0,0,0,0,0,,,,0,0
512938,Emil Yanchev,2026-05-18T16:30:00+00:00,2025,BU1,1,False,4866449,36,9599,away,24078,2,0,not in squad,,,False,0,0,0,0,0,0,0,,,,0,0
512938,Emil Yanchev,2026-05-14T12:15:00+00:00,2025,BU1,1,False,4866445,35,9599,away,40416,0,1,not in squad,,,False,0,0,0,0,0,0,0,,,,0,0
512938,Emil Yanchev,2026-05-10T11:15:00+00:00,2025,BU1,1,False,4866442,34,9599,home,675,2,1,not in squad,,,False,0,0,0,0,0,0,0,,,,0,0
512938,Emil Yanchev,2026-05-06T17:00:00+00:00,2025,BU1,1,False,4866436,33,9599,home,4362,1,1,not in squad,,,False,0,0,0,0,0,0,0,,,,0,0
512938,Emil Yanchev,2026-05-02T13:30:00+00:00,2025,BU1,1,False,4866432,32,9599,away,26462,1,2,not in squad,,,False,0,0,0,0,0,0,0,,,,0,0
512938,Emil Yanchev,2026-04-24T16:30:00+00:00,2025,BU1,1,False,4866428,31,9599,home,6764,1,2,not in squad,,,False,0,0,0,0,0,0,0,,,,0,0
512938,Emil Yanchev,2026-04-16T14:00:00+00:00,2025,BU1,1,False,4718170,30,9599,away,40416,0,0,not in squad,,,False,0,0,0,0,0,0,0,,,,0,0
512938,Emil Yanchev,2026-04-10T10:00:00+00:00,2025,BU1,1,False,4718205,29,9599,home,4362,1,0,not in squad,,,False,0,0,0,0,0,0,0,,,,0,0
715562,Zhak Pehlivanov,2026-05-23T15:00:00+00:00,2025,BU2,2,False,4718046,34,26563,away,19784,0,1,played,8,0,False,18,0,0,0,0,0,0,,72,,0,0
715562,Zhak Pehlivanov,2026-05-15T15:00:00+00:00,2025,BU2,2,False,4718031,33,26563,home,5284,1,1,played,8,0,False,57,0,0,0,0,0,0,,,57,0,0
715562,Zhak Pehlivanov,2026-05-10T15:30:00+00:00,2025,BU2,2,False,4718029,32,26563,away,712,1,0,played,8,0,False,29,0,0,0,0,0,0,,61,,0,0
715562,Zhak Pehlivanov,2026-05-04T15:30:00+00:00,2025,BU2,2,False,4718012,31,26563,home,40678,1,2,played,8,0,False,57,0,0,0,0,0,0,,,57,0,0
715562,Zhak Pehlivanov,2026-04-27T15:30:00+00:00,2025,BU2,2,False,4718011,30,26563,home,4494,1,3,played,8,0,False,82,0,0,0,0,0,0,2,,82,0,0
715562,Zhak Pehlivanov,2026-04-22T14:00:00+00:00,2025,BU2,2,False,4717961,25,26563,away,9524,0,2,played,8,0,False,45,0,0,0,0,0,0,,,46,0,0
715562,Zhak Pehlivanov,2026-04-16T15:00:00+00:00,2025,BU2,2,False,4717995,29,26563,away,521,2,2,played,8,0,False,72,0,0,0,0,0,0,,,72,0,0
715562,Zhak Pehlivanov,2026-04-09T15:30:00+00:00,2025,BU2,2,False,4717992,28,26563,home,2190,4,3,played,8,0,False,82,0,0,0,0,0,0,,,82,0,0
715562,Zhak Pehlivanov,2026-04-04T14:00:00+00:00,2025,BU2,2,False,4717978,27,26563,away,19780,0,0,played,8,0,False,64,0,0,0,0,0,0,,,64,0,0
715562,Zhak Pehlivanov,2026-03-28T13:30:00+00:00,2025,BU2,2,False,4717973,26,26563,home,11255,1,0,played,8,0,False,19,0,0,0,0,0,0,,71,,0,0
1234069,Saad Moukachar,2026-07-25T05:00:00+00:00,2025,A2VI,2,False,4820610,22,32385,away,135665,3,2,not in squad,,,False,0,0,0,0,0,0,0,,,,0,0
1234069,Saad Moukachar,2026-07-18T05:00:00+00:00,2025,A2VI,2,False,4820713,21,32385,home,31346,1,1,played,8,10,False,57,0,0,0,0,0,0,,,57,0,0
1234069,Saad Moukachar,2026-07-10T10:15:00+00:00,2025,A2VI,2,False,4820635,20,32385,away,11427,0,2,played,8,0,False,13,0,0,0,0,0,0,,77,,0,0
1234069,Saad Moukachar,2026-07-04T05:00:00+00:00,2025,A2VI,2,False,4820643,19,32385,home,12991,2,3,played,8,7,False,70,0,0,0,0,0,0,,,70,0,0
1234069,Saad Moukachar,2026-05-22T15:00:00+00:00,2025,BU1,1,False,4866452,37,9599,home,730,3,0,played,18,0,False,1,0,0,0,0,0,0,,90,,0,0
1234069,Saad Moukachar,2026-05-18T16:30:00+00:00,2025,BU1,1,False,4866449,36,9599,away,24078,2,0,played,18,0,False,3,0,0,0,0,0,0,,87,,0,0
1234069,Saad Moukachar,2026-05-14T12:15:00+00:00,2025,BU1,1,False,4866445,35,9599,away,40416,0,1,played,18,0,False,10,0,0,0,0,0,0,,80,,0,0
1234069,Saad Moukachar,2026-05-10T11:15:00+00:00,2025,BU1,1,False,4866442,34,9599,home,675,2,1,played,18,0,False,1,0,0,0,0,0,0,,90,,0,0
1234069,Saad Moukachar,2026-05-06T17:00:00+00:00,2025,BU1,1,False,4866436,33,9599,home,4362,1,1,played,18,0,False,6,0,0,0,0,0,0,,84,,0,0
1234069,Saad Moukachar,2026-05-02T13:30:00+00:00,2025,BU1,1,False,4866432,32,9599,away,26462,1,2,played,18,0,False,19,0,0,0,0,0,0,,71,,0,0
976588,Xande,2026-07-25T16:00:00+00:00,2026,SL1,1,False,4899680,2,4772,away,4059,0,1,injured,,,False,0,0,0,0,0,0,0,,,,30,0
976588,Xande,2026-07-18T18:15:00+00:00,2026,SL1,1,False,4899238,1,4772,home,26985,0,2,injured,,,False,0,0,0,0,0,0,0,,,,30,0
976588,Xande,2026-05-22T15:00:00+00:00,2025,BU1,1,False,4866452,37,9599,home,730,3,0,played,21,11,False,90,0,1,0,0,0,0,,,,0,0
976588,Xande,2026-05-18T16:30:00+00:00,2025,BU1,1,False,4866449,36,9599,away,24078,2,0,played,21,11,False,80,0,2,0,0,0,0,,,80,0,0
976588,Xande,2026-05-14T12:15:00+00:00,2025,BU1,1,False,4866445,35,9599,away,40416,0,1,played,21,11,False,90,0,0,0,0,0,0,,,,0,0
976588,Xande,2026-05-10T11:15:00+00:00,2025,BU1,1,False,4866442,34,9599,home,675,2,1,played,21,11,False,90,0,1,0,0,0,0,,,90,0,0
976588,Xande,2026-05-06T17:00:00+00:00,2025,BU1,1,False,4866436,33,9599,home,4362,1,1,played,21,11,False,90,1,0,0,0,0,0,,,90,0,0
976588,Xande,2026-05-02T13:30:00+00:00,2025,BU1,1,False,4866432,32,9599,away,26462,1,2,played,21,11,False,90,0,0,0,0,0,0,,,,0,0
976588,Xande,2026-04-24T16:30:00+00:00,2025,BU1,1,False,4866428,31,9599,home,6764,1,2,played,21,11,False,90,0,0,0,0,0,0,,,,0,0
976588,Xande,2026-04-16T14:00:00+00:00,2025,BU1,1,False,4718170,30,9599,away,40416,0,0,played,21,12,False,90,0,0,0,0,0,0,,,90,0,0
1196382,Daniel Halachev,2026-05-23T15:00:00+00:00,2025,BU2,2,False,4718044,34,109262,home,521,3,0,played,25,0,False,59,1,0,0,0,0,0,,31,,0,0
1196382,Daniel Halachev,2026-05-15T15:00:00+00:00,2025,BU2,2,False,4718034,33,109262,away,2190,3,0,played,25,0,False,45,0,0,0,0,0,0,,,46,0,0
1196382,Daniel Halachev,2026-05-11T17:15:00+00:00,2025,BU2,2,False,4718025,32,109262,home,19780,2,2,played,25,0,False,12,0,1,0,0,0,0,,78,,0,0
1196382,Daniel Halachev,2026-05-04T14:45:00+00:00,2025,BU2,2,False,4718017,31,109262,away,11255,1,2,played,25,0,False,30,0,0,0,0,0,0,,60,,0,0
1196382,Daniel Halachev,2026-04-26T14:00:00+00:00,2025,BU2,2,False,4718006,30,109262,home,9524,2,2,played,25,0,False,12,0,0,0,0,0,0,,78,,0,0
1196382,Daniel Halachev,2026-04-16T14:00:00+00:00,2025,BU2,2,False,4718000,29,109262,away,4503,1,1,in squad,25,,False,0,0,0,0,0,0,0,,,,0,0
1196382,Daniel Halachev,2026-04-09T16:30:00+00:00,2025,BU2,2,False,4717987,28,109262,home,36821,3,0,played,25,11,False,45,0,0,0,0,0,0,,,46,0,0
1196382,Daniel Halachev,2026-03-28T13:30:00+00:00,2025,BU2,2,False,4717968,26,109262,home,19215,3,1,in squad,25,,False,0,0,0,0,0,0,0,,,,0,0
1196382,Daniel Halachev,2026-03-23T16:00:00+00:00,2025,BU2,2,False,4717966,25,109262,away,29268,1,1,in squad,25,,False,0,0,0,0,0,0,0,,,,0,0
1196382,Daniel Halachev,2026-03-15T13:30:00+00:00,2025,BU2,2,False,4717949,24,109262,away,40678,1,1,in squad,25,,False,0,0,0,0,0,0,0,,,,0,0
851856,Daniel Ivanov,2026-05-22T15:00:00+00:00,2025,BU1,1,False,4866452,37,9599,home,730,3,0,played,8,0,False,5,0,0,0,0,0,0,,85,,0,0
851856,Daniel Ivanov,2026-05-18T16:30:00+00:00,2025,BU1,1,False,4866449,36,9599,away,24078,2,0,played,8,0,False,3,0,0,0,0,0,0,,87,,0,0
851856,Daniel Ivanov,2026-05-14T12:15:00+00:00,2025,BU1,1,False,4866445,35,9599,away,40416,0,1,played,8,0,False,10,0,0,0,0,0,0,,80,,0,0
851856,Daniel Ivanov,2026-05-10T11:15:00+00:00,2025,BU1,1,False,4866442,34,9599,home,675,2,1,in squad,8,,False,0,0,0,0,0,0,0,,,,0,0
851856,Daniel Ivanov,2026-05-06T17:00:00+00:00,2025,BU1,1,False,4866436,33,9599,home,4362,1,1,in squad,8,,False,0,0,0,0,0,0,0,,,,0,0
851856,Daniel Ivanov,2026-05-02T13:30:00+00:00,2025,BU1,1,False,4866432,32,9599,away,26462,1,2,played,8,0,False,19,0,0,0,0,0,0,,71,,0,0
851856,Daniel Ivanov,2026-04-24T16:30:00+00:00,2025,BU1,1,False,4866428,31,9599,home,6764,1,2,played,8,0,False,1,0,0,0,0,0,0,,90,,0,0
851856,Daniel Ivanov,2026-04-16T14:00:00+00:00,2025,BU1,1,False,4718170,30,9599,away,40416,0,0,in squad,8,,False,0,0,0,0,0,0,0,,,,0,0
851856,Daniel Ivanov,2026-04-10T10:00:00+00:00,2025,BU1,1,False,4718205,29,9599,home,4362,1,0,in squad,8,,False,0,0,0,0,0,0,0,,,,0,0
851856,Daniel Ivanov,2026-04-04T14:00:00+00:00,2025,BU1,1,False,4718148,28,9599,away,2531,0,5,played,8,12,False,45,0,0,0,0,0,0,,,45,0,0
664998,Louis Pahama,2026-05-10T09:00:00+00:00,2025,MT1P,1,False,4883057,1,32130,away,32125,0,1,played,9,0,False,90,0,0,0,0,0,0,,,,0,0
664998,Louis Pahama,2026-05-02T14:00:00+00:00,2025,MT1P,1,False,4878117,5,32130,away,10605,2,3,played,9,0,False,45,0,0,0,0,0,0,,46,,0,0
664998,Louis Pahama,2026-04-26T15:30:00+00:00,2025,MT1P,1,False,4860686,4,32130,away,32768,0,0,played,9,11,False,90,0,0,0,0,0,0,,,,0,0
664998,Louis Pahama,2026-04-19T15:30:00+00:00,2025,MT1P,1,False,4860681,3,32130,away,17149,0,3,played,9,0,False,25,0,0,0,0,0,0,,65,,0,0
664998,Louis Pahama,2026-04-15T16:00:00+00:00,2025,MT1P,1,False,4860669,2,32130,home,6335,1,1,not in squad,,,False,0,0,0,0,0,0,0,,,,0,0
664998,Louis Pahama,2026-04-11T12:30:00+00:00,2025,MT1P,1,False,4860663,1,32130,home,10603,0,1,played,9,14,False,69,0,0,0,0,0,0,,,,0,0
664998,Louis Pahama,2026-04-04T11:45:00+00:00,2025,MALC,8,False,4855973,5,32130,away,32768,1,2,played,9,0,False,97,0,0,0,0,0,0,,,97,0,0
664998,Louis Pahama,2026-03-15T13:00:00+00:00,2025,MT1P,1,False,4807451,11,32130,home,10604,2,1,played,9,14,False,83,1,0,0,0,0,0,,,83,0,0
664998,Louis Pahama,2026-03-08T15:30:00+00:00,2025,MT1P,1,False,4807442,10,32130,away,10605,1,1,played,9,14,False,70,1,0,0,0,0,0,,,70,0,0
664998,Louis Pahama,2026-03-04T19:45:00+00:00,2025,MALC,8,False,4835956,4,32130,away,30102,2,1,played,9,0,False,120,0,0,0,0,0,0,,,,0,0
1476443,Petar Prindzhev,2026-05-22T15:00:00+00:00,2025,BU1,1,False,4866452,37,9599,home,730,3,0,played,7,0,False,1,0,0,0,0,0,0,,90,,0,0
1476443,Petar Prindzhev,2026-05-18T16:30:00+00:00,2025,BU1,1,False,4866449,36,9599,away,24078,2,0,in squad,7,,False,0,0,0,0,0,0,0,,,,0,0
1476443,Petar Prindzhev,2026-05-14T12:15:00+00:00,2025,BU1,1,False,4866445,35,9599,away,40416,0,1,played,7,0,False,19,0,0,0,0,0,0,,71,,0,0
1476443,Petar Prindzhev,2026-05-10T11:15:00+00:00,2025,BU1,1,False,4866442,34,9599,home,675,2,1,in squad,7,,False,0,0,0,0,0,0,0,,,,0,0
1476443,Petar Prindzhev,2026-05-06T17:00:00+00:00,2025,BU1,1,False,4866436,33,9599,home,4362,1,1,in squad,7,,False,0,0,0,0,0,0,0,,,,0,0
1476443,Petar Prindzhev,2026-05-02T13:30:00+00:00,2025,BU1,1,False,4866432,32,9599,away,26462,1,2,played,7,0,False,12,0,0,0,0,0,0,,78,,0,0
1476443,Petar Prindzhev,2026-04-24T16:30:00+00:00,2025,BU1,1,False,4866428,31,9599,home,6764,1,2,played,7,0,False,1,0,0,0,0,0,0,,90,,0,0
1476443,Petar Prindzhev,2026-04-16T14:00:00+00:00,2025,BU1,1,False,4718170,30,9599,away,40416,0,0,played,7,0,False,4,0,0,0,0,0,0,,86,,0,0
1476443,Petar Prindzhev,2026-04-10T10:00:00+00:00,2025,BU1,1,False,4718205,29,9599,home,4362,1,0,played,7,0,False,1,0,0,0,0,0,0,,90,,0,0
1476443,Petar Prindzhev,2026-04-04T14:00:00+00:00,2025,BU1,1,False,4718148,28,9599,away,2531,0,5,played,7,0,False,48,0,0,0,0,0,0,,42,,0,0
1246630,Aleksandar Yanchev,2025-12-13T13:00:00+00:00,2025,BULP,8,False,4763170,2,9599,home,2531,0,2,played,22,0,False,3,0,0,0,0,0,0,,87,,0,0
1246630,Aleksandar Yanchev,2025-12-07T15:00:00+00:00,2025,BU1,1,False,4718119,19,9599,home,156,1,3,in squad,22,,False,0,0,0,0,0,0,0,,,,0,0
1246630,Aleksandar Yanchev,2025-12-04T13:30:00+00:00,2025,BU1,1,False,4718153,18,9599,away,26462,0,2,not in squad,,,False,0,0,0,0,0,0,0,,,,0,0
1246630,Aleksandar Yanchev,2025-11-29T15:30:00+00:00,2025,BU1,1,False,4718179,17,9599,home,208,0,4,not in squad,,,False,0,0,0,0,0,0,0,,,,0,0
1246630,Aleksandar Yanchev,2025-11-21T15:45:00+00:00,2025,BU1,1,False,4718162,16,9599,away,6764,0,0,not in squad,,,False,0,0,0,0,0,0,0,,,,0,0
1246630,Aleksandar Yanchev,2025-11-07T13:00:00+00:00,2025,BU1,1,False,4718074,15,9599,home,40416,1,4,not in squad,,,False,0,0,0,0,0,0,0,,,,0,0
1246630,Aleksandar Yanchev,2025-11-01T10:00:00+00:00,2025,BU1,1,False,4718069,14,9599,away,4362,0,2,not in squad,,,False,0,0,0,0,0,0,0,,,,0,0
1246630,Aleksandar Yanchev,2025-10-28T11:30:00+00:00,2025,BULP,8,False,4748174,1,9599,away,40443,3,1,in squad,22,,False,0,0,0,0,0,0,0,,,,0,0
1246630,Aleksandar Yanchev,2025-10-24T14:30:00+00:00,2025,BU1,1,False,4718100,13,9599,home,2531,3,2,not in squad,,,False,0,0,0,0,0,0,0,,,,0,0
1246630,Aleksandar Yanchev,2025-10-18T14:30:00+00:00,2025,BU1,1,False,4718111,12,9599,away,31614,1,1,in squad,22,,False,0,0,0,0,0,0,0,,,,0,0
1015124,Aleksandar Aleksandrov,2026-05-22T15:00:00+00:00,2025,BU1,1,False,4866452,37,9599,home,730,3,0,in squad,77,,False,0,0,0,0,0,0,0,,,,0,0
1015124,Aleksandar Aleksandrov,2026-05-18T16:30:00+00:00,2025,BU1,1,False,4866449,36,9599,away,24078,2,0,not in squad,,,False,0,0,0,0,0,0,0,,,,0,0
1015124,Aleksandar Aleksandrov,2026-05-14T12:15:00+00:00,2025,BU1,1,False,4866445,35,9599,away,40416,0,1,not in squad,,,False,0,0,0,0,0,0,0,,,,0,0
1015124,Aleksandar Aleksandrov,2026-05-10T11:15:00+00:00,2025,BU1,1,False,4866442,34,9599,home,675,2,1,not in squad,,,False,0,0,0,0,0,0,0,,,,0,0
1015124,Aleksandar Aleksandrov,2026-05-06T17:00:00+00:00,2025,BU1,1,False,4866436,33,9599,home,4362,1,1,not in squad,,,False,0,0,0,0,0,0,0,,,,0,0
1015124,Aleksandar Aleksandrov,2026-05-02T13:30:00+00:00,2025,BU1,1,False,4866432,32,9599,away,26462,1,2,not in squad,,,False,0,0,0,0,0,0,0,,,,0,0
1015124,Aleksandar Aleksandrov,2026-04-24T16:30:00+00:00,2025,BU1,1,False,4866428,31,9599,home,6764,1,2,not in squad,,,False,0,0,0,0,0,0,0,,,,0,0
1015124,Aleksandar Aleksandrov,2026-04-16T14:00:00+00:00,2025,BU1,1,False,4718170,30,9599,away,40416,0,0,not in squad,,,False,0,0,0,0,0,0,0,,,,0,0
1015124,Aleksandar Aleksandrov,2026-04-10T10:00:00+00:00,2025,BU1,1,False,4718205,29,9599,home,4362,1,0,not in squad,,,False,0,0,0,0,0,0,0,,,,0,0
1015124,Aleksandar Aleksandrov,2026-04-04T14:00:00+00:00,2025,BU1,1,False,4718148,28,9599,away,2531,0,5,not in squad,,,False,0,0,0,0,0,0,0,,,,0,0
967572,Kolako Johnson,2026-05-31T14:00:00+00:00,2025,KO1,1,False,4869613,36,19697,away,1918,2,1,in squad,26,,False,0,0,0,0,0,0,0,,,,0,0
967572,Kolako Johnson,2026-05-24T14:00:00+00:00,2025,KO1,1,False,4869608,35,19697,home,29051,3,2,in squad,26,,False,0,0,0,0,0,0,0,,,,0,0
967572,Kolako Johnson,2026-05-17T14:00:00+00:00,2025,KO1,1,False,4869604,34,19697,away,80996,1,4,in squad,26,,False,0,0,0,0,0,0,0,,,,0,0
967572,Kolako Johnson,2026-05-09T14:00:00+00:00,2025,KO1,1,False,4869599,33,19697,home,29053,2,1,in squad,26,,False,0,0,0,0,0,0,0,,,,0,0
967572,Kolako Johnson,2026-05-03T13:00:00+00:00,2025,KO1,1,False,4869596,32,19697,away,46887,1,0,in squad,26,,False,0,0,0,0,0,0,0,,,,0,0
967572,Kolako Johnson,2026-04-30T13:00:00+00:00,2025,KO1,1,False,4869591,31,19697,home,28082,1,2,in squad,26,,False,0,0,0,0,0,0,0,,,,0,0
967572,Kolako Johnson,2026-04-25T13:00:00+00:00,2025,KO1,1,False,4852563,30,19697,away,95597,3,2,not in squad,,,False,0,0,0,0,0,0,0,,,,0,0
967572,Kolako Johnson,2026-04-19T13:00:00+00:00,2025,KO1,1,False,4852562,29,19697,home,33741,1,0,in squad,26,,False,0,0,0,0,0,0,0,,,,0,0
967572,Kolako Johnson,2026-04-12T13:00:00+00:00,2025,KO1,1,False,4852556,28,19697,away,33206,1,0,in squad,26,,False,0,0,0,0,0,0,0,,,,0,0
967572,Kolako Johnson,2026-04-05T13:00:00+00:00,2025,KO1,1,False,4852552,27,19697,home,1918,2,2,in squad,26,,False,0,0,0,0,0,0,0,,,,0,0
1431124,Abdula Kichukov,2026-07-25T16:00:00+00:00,2026,BU1,1,False,4909867,2,26462,away,61955,1,2,played,6,6,False,45,0,0,0,0,0,0,,,46,0,0
1431124,Abdula Kichukov,2026-07-19T16:30:00+00:00,2026,BU1,1,False,4909853,1,26462,home,967,1,1,played,6,6,False,90,0,0,0,0,0,0,,,,0,0
1431124,Abdula Kichukov,2026-05-23T15:00:00+00:00,2025,BU2,2,False,4718040,34,9524,away,36821,3,0,absent,,,False,0,0,0,0,0,0,0,,,,0,1
1431124,Abdula Kichukov,2026-05-11T15:00:00+00:00,2025,BU2,2,False,4718023,32,9524,away,19215,2,1,played,24,0,False,30,0,0,0,0,0,0,76,60,,0,0
1431124,Abdula Kichukov,2026-05-04T12:30:00+00:00,2025,BU2,2,False,4718018,31,9524,home,29268,0,1,played,24,0,False,45,0,0,0,0,0,0,,,46,0,0
1431124,Abdula Kichukov,2026-04-26T14:00:00+00:00,2025,BU2,2,False,4718006,30,9524,away,109262,2,2,played,24,0,False,60,0,0,0,0,0,0,,,60,0,0
1431124,Abdula Kichukov,2026-04-22T14:00:00+00:00,2025,BU2,2,False,4717961,25,9524,home,26563,2,0,played,24,0,False,90,0,0,0,0,0,0,,,,0,0
1431124,Abdula Kichukov,2026-04-17T14:00:00+00:00,2025,BU2,2,False,4717999,29,9524,home,1851,6,1,played,24,0,False,90,0,0,0,0,0,0,,,,0,0
1431124,Abdula Kichukov,2026-04-10T14:00:00+00:00,2025,BU2,2,False,4717989,28,9524,away,19784,1,0,played,24,0,False,90,0,0,0,0,0,0,,,,0,0
1431124,Abdula Kichukov,2026-04-05T14:00:00+00:00,2025,BU2,2,False,4717980,27,9524,home,5284,0,1,absent,,,False,0,0,0,0,0,0,0,,,,0,2
1201256,Samuil Mechev,2026-07-25T16:00:00+00:00,2026,BU1,1,False,4909867,2,26462,away,61955,1,2,in squad,17,,False,0,0,0,0,0,0,0,,,,0,0
1201256,Samuil Mechev,2026-07-19T16:30:00+00:00,2026,BU1,1,False,4909853,1,26462,home,967,1,1,played,17,0,False,19,0,0,0,0,0,0,,71,,0,0
1201256,Samuil Mechev,2026-05-23T15:00:00+00:00,2025,BU2,2,False,4718046,34,26563,away,19784,0,1,not in squad,,,False,0,0,0,0,0,0,0,,,,0,0
1201256,Samuil Mechev,2026-05-15T15:00:00+00:00,2025,BU2,2,False,4718031,33,26563,home,5284,1,1,played,70,0,False,33,0,0,0,0,0,0,,57,,0,0
1201256,Samuil Mechev,2026-05-10T15:30:00+00:00,2025,BU2,2,False,4718029,32,26563,away,712,1,0,not in squad,,,False,0,0,0,0,0,0,0,,,,0,0
1201256,Samuil Mechev,2026-05-04T15:30:00+00:00,2025,BU2,2,False,4718012,31,26563,home,40678,1,2,not in squad,,,False,0,0,0,0,0,0,0,,,,0,0
1201256,Samuil Mechev,2026-04-27T15:30:00+00:00,2025,BU2,2,False,4718011,30,26563,home,4494,1,3,not in squad,,,False,0,0,0,0,0,0,0,,,,0,0
1201256,Samuil Mechev,2026-04-22T14:00:00+00:00,2025,BU2,2,False,4717961,25,26563,away,9524,0,2,not in squad,,,False,0,0,0,0,0,0,0,,,,0,0
1201256,Samuil Mechev,2026-04-16T15:00:00+00:00,2025,BU2,2,False,4717995,29,26563,away,521,2,2,not in squad,,,False,0,0,0,0,0,0,0,,,,0,0
1201256,Samuil Mechev,2026-04-09T15:30:00+00:00,2025,BU2,2,False,4717992,28,26563,home,2190,4,3,not in squad,,,False,0,0,0,0,0,0,0,,,,0,0
465848,Preslav Borukov,2026-07-25T16:00:00+00:00,2026,BU1,1,False,4909867,2,26462,away,61955,1,2,played,99,0,False,26,0,0,0,0,0,0,,64,,0,0
465848,Preslav Borukov,2026-07-19T16:30:00+00:00,2026,BU1,1,False,4909853,1,26462,home,967,1,1,played,99,0,False,26,0,0,0,0,0,0,,64,,0,0
465848,Preslav Borukov,2026-05-15T18:00:00+00:00,2025,PO2,2,False,4653801,34,1301,home,3325,1,3,not in squad,,,False,0,0,0,0,0,0,0,,,,0,0
465848,Preslav Borukov,2026-05-09T14:30:00+00:00,2025,PO2,2,False,4653773,33,1301,away,3327,0,1,in squad,90,,False,0,0,0,0,0,0,0,,,,0,0
465848,Preslav Borukov,2026-05-01T14:30:00+00:00,2025,PO2,2,False,4653793,32,1301,home,3345,3,2,in squad,90,,False,0,0,0,0,0,0,0,,,,0,0
465848,Preslav Borukov,2026-04-26T17:00:00+00:00,2025,PO2,2,False,4653788,31,1301,away,10330,2,1,played,90,14,False,1,0,0,0,0,0,0,,90,,0,0
465848,Preslav Borukov,2026-04-18T17:00:00+00:00,2025,PO2,2,False,4653756,30,1301,away,2432,0,1,not in squad,,,False,0,0,0,0,0,0,0,,,,0,0
465848,Preslav Borukov,2026-04-12T13:00:00+00:00,2025,PO2,2,False,4653740,29,1301,home,7378,1,0,played,90,14,False,1,0,0,0,0,0,0,,90,,0,0
465848,Preslav Borukov,2026-04-04T13:00:00+00:00,2025,PO2,2,False,4653746,28,1301,away,2995,0,0,not in squad,,,False,0,0,0,0,0,0,0,,,,0,0
465848,Preslav Borukov,2026-03-21T15:30:00+00:00,2025,PO2,2,False,4653714,27,1301,home,8827,1,0,played,90,14,False,2,0,0,0,0,0,0,,88,,0,0
1422307,Teodor Kanev,2026-07-27T16:00:00+00:00,2026,BU1,1,False,4909870,2,19780,home,31614,0,2,not in squad,,,False,0,0,0,0,0,0,0,,,,0,0
1422307,Teodor Kanev,2026-07-17T18:15:00+00:00,2026,BU1,1,False,4909855,1,19780,away,156,1,2,not in squad,,,False,0,0,0,0,0,0,0,,,,0,0
1422307,Teodor Kanev,2026-05-23T15:00:00+00:00,2025,BU2,2,False,4718042,34,19780,away,19215,2,1,in squad,12,,False,0,0,0,0,0,0,0,,,,0,0
1422307,Teodor Kanev,2026-05-15T15:00:00+00:00,2025,BU2,2,False,4718035,33,19780,home,29268,0,1,in squad,12,,False,0,0,0,0,0,0,0,,,,0,0
1422307,Teodor Kanev,2026-05-11T17:15:00+00:00,2025,BU2,2,False,4718025,32,19780,away,109262,2,2,not in squad,,,False,0,0,0,0,0,0,0,,,,0,0
1422307,Teodor Kanev,2026-05-02T16:00:00+00:00,2025,BU2,2,False,4718016,31,19780,home,1851,2,0,not in squad,,,False,0,0,0,0,0,0,0,,,,0,0
1422307,Teodor Kanev,2026-04-26T12:00:00+00:00,2025,BU2,2,False,4718008,30,19780,away,19784,2,3,not in squad,,,False,0,0,0,0,0,0,0,,,,0,0
1422307,Teodor Kanev,2026-04-17T16:30:00+00:00,2025,BU2,2,False,4717997,29,19780,home,5284,0,0,not in squad,,,False,0,0,0,0,0,0,0,,,,0,0
1422307,Teodor Kanev,2026-04-13T09:45:00+00:00,2025,BU2,2,False,4717991,28,19780,away,712,0,0,not in squad,,,False,0,0,0,0,0,0,0,,,,0,0
1422307,Teodor Kanev,2026-04-04T14:00:00+00:00,2025,BU2,2,False,4717978,27,19780,home,26563,0,0,not in squad,,,False,0,0,0,0,0,0,0,,,,0,0
221552,Georgi Kitanov,2026-07-27T16:00:00+00:00,2026,BU1,1,False,4909870,2,19780,home,31614,0,2,not in squad,,,False,0,0,0,0,0,0,0,,,,0,0
221552,Georgi Kitanov,2026-07-17T18:15:00+00:00,2026,BU1,1,False,4909855,1,19780,away,156,1,2,played,33,1,False,75,0,0,0,0,0,0,,,75,0,0
221552,Georgi Kitanov,2026-05-23T15:00:00+00:00,2025,BU2,2,False,4718042,34,19780,away,19215,2,1,not in squad,,,False,0,0,0,0,0,0,0,,,,0,0
221552,Georgi Kitanov,2026-05-15T15:00:00+00:00,2025,BU2,2,False,4718035,33,19780,home,29268,0,1,absent,,,False,0,0,0,0,0,0,0,,,,0,1
221552,Georgi Kitanov,2026-05-11T17:15:00+00:00,2025,BU2,2,False,4718025,32,19780,away,109262,2,2,played,33,1,False,90,0,0,0,0,0,0,90,,,0,0
221552,Georgi Kitanov,2026-05-02T16:00:00+00:00,2025,BU2,2,False,4718016,31,19780,home,1851,2,0,played,33,1,False,90,0,0,0,0,0,0,,,,0,0
221552,Georgi Kitanov,2026-04-26T12:00:00+00:00,2025,BU2,2,False,4718008,30,19780,away,19784,2,3,played,33,1,False,90,0,0,0,0,0,0,,,,0,0
221552,Georgi Kitanov,2026-04-17T16:30:00+00:00,2025,BU2,2,False,4717997,29,19780,home,5284,0,0,played,33,1,False,90,0,0,0,0,0,0,,,,0,0
221552,Georgi Kitanov,2026-04-13T09:45:00+00:00,2025,BU2,2,False,4717991,28,19780,away,712,0,0,played,33,1,False,90,0,0,0,0,0,0,,,,0,0
221552,Georgi Kitanov,2026-04-04T14:00:00+00:00,2025,BU2,2,False,4717978,27,19780,home,26563,0,0,played,33,1,False,90,0,0,0,0,0,0,,,,0,0
847825,Mario Dilchovski,2026-07-27T16:00:00+00:00,2026,BU1,1,False,4909870,2,19780,home,31614,0,2,not in squad,,,False,0,0,0,0,0,0,0,,,,0,0
847825,Mario Dilchovski,2026-07-17T18:15:00+00:00,2026,BU1,1,False,4909855,1,19780,away,156,1,2,played,2,5,False,90,0,0,0,0,0,0,,,,0,0
847825,Mario Dilchovski,2026-05-23T15:00:00+00:00,2025,BU2,2,False,4718042,34,19780,away,19215,2,1,played,81,0,False,90,0,0,0,0,0,0,,,,0,0
847825,Mario Dilchovski,2026-05-15T15:00:00+00:00,2025,BU2,2,False,4718035,33,19780,home,29268,0,1,played,81,5,False,70,0,0,0,0,0,0,,,70,0,0
847825,Mario Dilchovski,2026-05-11T17:15:00+00:00,2025,BU2,2,False,4718025,32,19780,away,109262,2,2,played,81,5,False,90,0,0,0,0,0,0,,,,0,0
847825,Mario Dilchovski,2026-05-02T16:00:00+00:00,2025,BU2,2,False,4718016,31,19780,home,1851,2,0,played,81,5,False,90,0,0,0,0,0,0,,,,0,0
847825,Mario Dilchovski,2026-04-26T12:00:00+00:00,2025,BU2,2,False,4718008,30,19780,away,19784,2,3,played,81,5,False,90,0,1,0,0,0,0,,,,0,0
847825,Mario Dilchovski,2026-04-17T16:30:00+00:00,2025,BU2,2,False,4717997,29,19780,home,5284,0,0,played,81,5,False,90,0,0,0,0,0,0,,,,0,0
847825,Mario Dilchovski,2026-04-13T09:45:00+00:00,2025,BU2,2,False,4717991,28,19780,away,712,0,0,played,81,5,False,90,0,0,0,0,0,0,,,,0,0
847825,Mario Dilchovski,2026-04-04T14:00:00+00:00,2025,BU2,2,False,4717978,27,19780,home,26563,0,0,played,81,5,False,88,0,0,0,0,0,0,,,88,0,0
477549,Kyriakos Antoniou,2026-07-27T16:00:00+00:00,2026,BU1,1,False,4909870,2,19780,home,31614,0,2,not in squad,,,False,0,0,0,0,0,0,0,,,,0,0
477549,Kyriakos Antoniou,2026-07-17T18:15:00+00:00,2026,BU1,1,False,4909855,1,19780,away,156,1,2,played,5,3,False,90,0,0,0,0,0,0,,,,0,0
477549,Kyriakos Antoniou,2026-05-15T16:00:00+00:00,2025,ZYP1,1,False,4884021,35,31010,home,786,1,2,played,5,3,False,45,0,0,0,0,0,0,,,46,0,0
477549,Kyriakos Antoniou,2026-05-09T15:00:00+00:00,2025,ZYP1,1,False,4882230,34,31010,away,16024,1,2,played,5,3,False,90,0,0,0,0,0,0,,,,0,0
477549,Kyriakos Antoniou,2026-05-01T16:00:00+00:00,2025,ZYP1,1,False,4868306,32,31010,home,4590,1,0,played,5,3,False,90,0,0,0,0,0,0,,,,0,0
477549,Kyriakos Antoniou,2026-04-25T13:00:00+00:00,2025,ZYP1,1,False,4851961,31,31010,away,840,2,1,played,5,3,False,90,0,0,0,0,0,0,85,,,0,0
477549,Kyriakos Antoniou,2026-04-19T13:00:00+00:00,2025,ZYP1,1,False,4851952,30,31010,away,1402,1,0,played,5,3,False,90,0,0,0,0,0,0,61,,,0,0
477549,Kyriakos Antoniou,2026-04-06T16:00:00+00:00,2025,ZYP1,1,False,4850520,28,31010,home,57870,0,2,played,5,0,False,34,0,0,0,0,0,0,,56,,0,0
477549,Kyriakos Antoniou,2026-03-21T15:00:00+00:00,2025,ZYP1,1,False,4844832,27,31010,away,3899,2,3,played,5,3,False,90,0,0,0,0,0,0,,,,0,0
477549,Kyriakos Antoniou,2026-03-14T16:00:00+00:00,2025,ZYP1,1,False,4676257,26,31010,home,45457,0,4,absent,,,False,0,0,0,0,0,0,0,,,,0,1
996694,Áquila,2026-07-27T16:00:00+00:00,2026,BU1,1,False,4909870,2,19780,home,31614,0,2,injured,,,False,0,0,0,0,0,0,0,,,,154,0
996694,Áquila,2026-07-17T18:15:00+00:00,2026,BU1,1,False,4909855,1,19780,away,156,1,2,injured,,,False,0,0,0,0,0,0,0,,,,154,0
996694,Áquila,2026-05-23T15:00:00+00:00,2025,BU2,2,False,4718042,34,19780,away,19215,2,1,injured,,,False,0,0,0,0,0,0,0,,,,154,0
996694,Áquila,2026-05-15T15:00:00+00:00,2025,BU2,2,False,4718035,33,19780,home,29268,0,1,injured,,,False,0,0,0,0,0,0,0,,,,154,0
996694,Áquila,2026-05-11T17:15:00+00:00,2025,BU2,2,False,4718025,32,19780,away,109262,2,2,injured,,,False,0,0,0,0,0,0,0,,,,154,0
996694,Áquila,2026-05-02T16:00:00+00:00,2025,BU2,2,False,4718016,31,19780,home,1851,2,0,not in squad,,,False,0,0,0,0,0,0,0,,,,0,0
996694,Áquila,2026-04-26T12:00:00+00:00,2025,BU2,2,False,4718008,30,19780,away,19784,2,3,played,13,3,False,43,0,0,0,0,0,0,,,43,0,0
996694,Áquila,2026-04-17T16:30:00+00:00,2025,BU2,2,False,4717997,29,19780,home,5284,0,0,played,13,3,False,90,0,0,0,0,0,0,,,,0,0
996694,Áquila,2026-04-13T09:45:00+00:00,2025,BU2,2,False,4717991,28,19780,away,712,0,0,played,13,3,False,90,0,0,0,0,0,0,,,,0,0
996694,Áquila,2026-04-04T14:00:00+00:00,2025,BU2,2,False,4717978,27,19780,home,26563,0,0,played,13,3,False,90,0,0,0,0,0,0,,,,0,0
906737,José Cabarcas,2026-07-27T16:00:00+00:00,2026,BU1,1,False,4909870,2,19780,home,31614,0,2,not in squad,,,False,0,0,0,0,0,0,0,,,,0,0
906737,José Cabarcas,2026-07-17T18:15:00+00:00,2026,BU1,1,False,4909855,1,19780,away,156,1,2,played,4,3,False,90,0,0,0,0,0,0,,,,0,0
906737,José Cabarcas,2026-05-25T14:30:00+00:00,2025,MAZ1,1,False,4884434,33,8397,home,535,4,2,played,4,3,False,90,0,0,0,0,0,0,,,,0,0
906737,José Cabarcas,2026-05-16T14:00:00+00:00,2025,MAZ1,1,False,4884379,32,8397,away,8334,3,3,played,4,3,False,90,2,0,0,0,0,0,,,,0,0
906737,José Cabarcas,2026-05-10T14:00:00+00:00,2025,MAZ1,1,False,4877724,31,8397,home,8969,1,4,played,4,3,False,90,1,0,0,0,0,0,,,,0,0
906737,José Cabarcas,2026-05-01T14:00:00+00:00,2025,MAZ1,1,False,4850311,30,8397,away,4644,4,0,played,4,3,False,90,0,0,0,0,0,0,,,,0,0
906737,José Cabarcas,2026-04-25T14:00:00+00:00,2025,MAZ1,1,False,4850304,29,8397,home,4641,2,1,played,4,3,False,90,1,0,0,0,0,0,,,,0,0
906737,José Cabarcas,2026-04-18T13:00:00+00:00,2025,MAZ1,1,False,4850301,28,8397,away,534,0,2,played,4,3,False,90,0,0,0,0,0,0,,,,0,0
906737,José Cabarcas,2026-04-14T13:30:00+00:00,2025,MAZ1,1,False,4850296,27,8397,away,45935,1,1,played,4,3,False,90,0,0,0,0,0,0,,,,0,0
906737,José Cabarcas,2026-04-09T13:30:00+00:00,2025,MAZ1,1,False,4850290,26,8397,home,101280,0,1,not in squad,,,False,0,0,0,0,0,0,0,,,,0,0
848351,Dimitar Todorov,2026-07-27T16:00:00+00:00,2026,BU1,1,False,4909870,2,19780,home,31614,0,2,not in squad,,,False,0,0,0,0,0,0,0,,,,0,0
848351,Dimitar Todorov,2026-07-17T18:15:00+00:00,2026,BU1,1,False,4909855,1,19780,away,156,1,2,played,88,4,False,90,0,0,0,0,0,0,,,,0,0
848351,Dimitar Todorov,2026-05-23T15:00:00+00:00,2025,BU2,2,False,4718042,34,19780,away,19215,2,1,played,88,0,False,90,0,0,0,0,0,0,,,,0,0
848351,Dimitar Todorov,2026-05-15T15:00:00+00:00,2025,BU2,2,False,4718035,33,19780,home,29268,0,1,played,88,4,False,45,0,0,0,0,0,0,,,46,0,0
848351,Dimitar Todorov,2026-05-11T17:15:00+00:00,2025,BU2,2,False,4718025,32,19780,away,109262,2,2,played,88,4,False,90,0,0,0,0,0,0,,,,0,0
848351,Dimitar Todorov,2026-05-02T16:00:00+00:00,2025,BU2,2,False,4718016,31,19780,home,1851,2,0,played,88,4,False,90,0,0,0,0,0,0,,,,0,0
848351,Dimitar Todorov,2026-04-26T12:00:00+00:00,2025,BU2,2,False,4718008,30,19780,away,19784,2,3,played,88,0,False,47,0,0,0,0,0,0,,43,,0,0
848351,Dimitar Todorov,2026-04-17T16:30:00+00:00,2025,BU2,2,False,4717997,29,19780,home,5284,0,0,in squad,88,,False,0,0,0,0,0,0,0,,,,0,0
848351,Dimitar Todorov,2026-04-13T09:45:00+00:00,2025,BU2,2,False,4717991,28,19780,away,712,0,0,not in squad,,,False,0,0,0,0,0,0,0,,,,0,0
848351,Dimitar Todorov,2026-04-04T14:00:00+00:00,2025,BU2,2,False,4717978,27,19780,home,26563,0,0,played,88,4,False,90,0,0,0,0,0,0,65,,,0,0
911868,André Alves,2026-07-27T16:00:00+00:00,2026,BU1,1,False,4909870,2,19780,home,31614,0,2,not in squad,,,False,0,0,0,0,0,0,0,,,,0,0
911868,André Alves,2026-07-17T18:15:00+00:00,2026,BU1,1,False,4909855,1,19780,away,156,1,2,played,39,0,False,11,0,0,0,0,0,0,,79,,0,0
911868,André Alves,2026-05-23T12:00:00+00:00,2025,TS2,2,False,4636008,30,1321,away,5225,1,4,not in squad,,,False,0,0,0,0,0,0,0,,,,0,0
911868,André Alves,2026-05-16T15:00:00+00:00,2025,TS2,2,False,4635994,29,1321,home,7805,1,2,played,4,4,False,90,0,0,0,0,0,0,,,,0,0
911868,André Alves,2026-05-09T16:00:00+00:00,2025,TS2,2,False,4635992,28,1321,away,13718,1,1,played,4,6,False,90,0,0,0,0,0,0,,,,0,0
911868,André Alves,2026-05-06T15:00:00+00:00,2025,TS2,2,False,4635974,27,1321,home,7975,3,1,played,4,6,False,90,0,0,0,0,0,0,,,,0,0
911868,André Alves,2026-05-01T15:00:00+00:00,2025,TS2,2,False,4635969,26,1321,away,2598,1,2,played,4,4,False,90,0,0,0,0,0,0,,,,0,0
911868,André Alves,2026-04-25T16:00:00+00:00,2025,TS2,2,False,4635960,25,1321,away,24325,1,2,played,4,4,False,90,0,0,0,0,0,0,,,,0,0
911868,André Alves,2026-04-19T14:00:00+00:00,2025,TS2,2,False,4635952,24,1321,home,3795,1,0,played,4,4,False,90,0,0,0,0,0,0,,,,0,0
911868,André Alves,2026-04-15T16:00:00+00:00,2025,TS2,2,False,4635937,23,1321,away,28596,0,1,played,4,3,False,90,0,0,0,0,0,0,,,,0,0
186286,Stoyan Predev,2026-07-27T16:00:00+00:00,2026,BU1,1,False,4909870,2,19780,home,31614,0,2,not in squad,,,False,0,0,0,0,0,0,0,,,,0,0
186286,Stoyan Predev,2026-07-17T18:15:00+00:00,2026,BU1,1,False,4909855,1,19780,away,156,1,2,in squad,22,,False,0,0,0,0,0,0,0,,,,0,0
186286,Stoyan Predev,2026-05-23T15:00:00+00:00,2025,BU2,2,False,4718042,34,19780,away,19215,2,1,played,22,0,False,90,0,0,0,0,0,0,,,,0,0
186286,Stoyan Predev,2026-05-15T15:00:00+00:00,2025,BU2,2,False,4718035,33,19780,home,29268,0,1,played,22,3,False,90,0,0,0,0,0,0,,,,0,0
186286,Stoyan Predev,2026-05-11T17:15:00+00:00,2025,BU2,2,False,4718025,32,19780,away,109262,2,2,played,22,3,False,90,0,0,0,0,0,0,,,,0,0
186286,Stoyan Predev,2026-05-02T16:00:00+00:00,2025,BU2,2,False,4718016,31,19780,home,1851,2,0,played,22,3,False,90,0,0,0,0,0,0,,,,0,0
186286,Stoyan Predev,2026-04-26T12:00:00+00:00,2025,BU2,2,False,4718008,30,19780,away,19784,2,3,played,22,4,False,90,0,0,0,0,0,0,,,,0,0
186286,Stoyan Predev,2026-04-17T16:30:00+00:00,2025,BU2,2,False,4717997,29,19780,home,5284,0,0,played,22,4,False,90,0,0,0,0,0,0,66,,,0,0
186286,Stoyan Predev,2026-04-13T09:45:00+00:00,2025,BU2,2,False,4717991,28,19780,away,712,0,0,played,22,4,False,90,0,0,0,0,0,0,,,,0,0
186286,Stoyan Predev,2026-04-04T14:00:00+00:00,2025,BU2,2,False,4717978,27,19780,home,26563,0,0,played,22,0,False,2,0,0,0,0,0,0,,88,,0,0
926848,Kristiyan Boytchev,2026-07-27T16:00:00+00:00,2026,BU1,1,False,4909870,2,19780,home,31614,0,2,not in squad,,,False,0,0,0,0,0,0,0,,,,0,0
926848,Kristiyan Boytchev,2026-07-17T18:15:00+00:00,2026,BU1,1,False,4909855,1,19780,away,156,1,2,played,10,7,False,90,0,0,0,0,0,0,,,,0,0
926848,Kristiyan Boytchev,2026-05-30T14:00:00+00:00,2025,FS,11,True,4893732,51,21361,home,16844,1,0,played,16,0,False,45,0,0,0,0,0,0,,46,,0,0
926848,Kristiyan Boytchev,2026-05-23T15:00:00+00:00,2025,BU2,2,False,4718042,34,19780,away,19215,2,1,played,10,0,False,90,1,0,0,0,0,0,,,,0,0
926848,Kristiyan Boytchev,2026-05-15T15:00:00+00:00,2025,BU2,2,False,4718035,33,19780,home,29268,0,1,played,10,10,False,90,0,0,0,0,0,0,,,,0,0
926848,Kristiyan Boytchev,2026-05-11T17:15:00+00:00,2025,BU2,2,False,4718025,32,19780,away,109262,2,2,played,10,7,False,90,1,0,0,0,0,0,38,,,0,0
926848,Kristiyan Boytchev,2026-05-02T16:00:00+00:00,2025,BU2,2,False,4718016,31,19780,home,1851,2,0,played,10,10,False,89,0,1,0,0,0,0,,,89,0,0
926848,Kristiyan Boytchev,2026-04-26T12:00:00+00:00,2025,BU2,2,False,4718008,30,19780,away,19784,2,3,played,10,10,False,90,1,0,0,0,0,0,,,,0,0
926848,Kristiyan Boytchev,2026-04-17T16:30:00+00:00,2025,BU2,2,False,4717997,29,19780,home,5284,0,0,played,10,10,False,62,0,0,0,0,0,0,,,62,0,0
926848,Kristiyan Boytchev,2026-04-13T09:45:00+00:00,2025,BU2,2,False,4717991,28,19780,away,712,0,0,played,10,10,False,45,0,0,0,0,0,0,,,46,0,0
376453,Vladan Vidakovic,2026-07-27T16:00:00+00:00,2026,BU1,1,False,4909870,2,19780,home,31614,0,2,not in squad,,,False,0,0,0,0,0,0,0,,,,0,0
376453,Vladan Vidakovic,2026-07-17T18:15:00+00:00,2026,BU1,1,False,4909855,1,19780,away,156,1,2,played,13,0,False,16,0,0,0,0,0,0,,74,,0,0
376453,Vladan Vidakovic,2026-05-29T15:00:00+00:00,2025,PVRR,12,False,4866619,9,2389,home,111544,2,4,not in squad,,,False,0,0,0,0,0,0,0,,,,0,0
376453,Vladan Vidakovic,2026-05-24T15:00:00+00:00,2025,PVRR,12,False,4866569,8,2389,away,3544,0,1,played,17,0,False,69,0,0,0,0,0,0,,,69,0,0
376453,Vladan Vidakovic,2026-05-17T15:00:00+00:00,2025,PVRR,12,False,4866600,7,2389,home,4655,0,2,played,17,0,False,90,0,0,0,0,0,0,,,,0,0
376453,Vladan Vidakovic,2026-05-12T15:00:00+00:00,2025,PVRR,12,False,4866588,6,2389,away,15552,2,1,played,17,0,False,90,0,0,0,0,0,0,67,,,0,0
376453,Vladan Vidakovic,2026-05-08T15:00:00+00:00,2025,PVRR,12,False,4866586,5,2389,home,57460,3,1,played,17,0,False,90,0,1,0,0,0,0,,,,0,0
376453,Vladan Vidakovic,2026-05-04T14:00:00+00:00,2025,PVRR,12,False,4866577,4,2389,away,57461,4,1,not in squad,,,False,0,0,0,0,0,0,0,,,,0,0
376453,Vladan Vidakovic,2026-04-27T14:00:00+00:00,2025,PVRR,12,False,4866616,3,2389,away,42813,1,1,played,17,0,False,90,0,0,0,0,0,0,73,,,0,0
376453,Vladan Vidakovic,2026-04-22T14:00:00+00:00,2025,PVRR,12,False,4866573,2,2389,home,2209,2,4,played,17,0,False,90,1,0,0,0,0,0,,,,0,0
425810,Radoslav Apostolov,2026-07-27T16:00:00+00:00,2026,BU1,1,False,4909870,2,19780,home,31614,0,2,not in squad,,,False,0,0,0,0,0,0,0,,,,0,0
425810,Radoslav Apostolov,2026-07-17T18:15:00+00:00,2026,BU1,1,False,4909855,1,19780,away,156,1,2,played,14,7,True,90,0,1,0,0,0,0,,,,0,0
425810,Radoslav Apostolov,2026-05-23T15:00:00+00:00,2025,BU2,2,False,4718042,34,19780,away,19215,2,1,absent,,,False,0,0,0,0,0,0,0,,,,0,2
425810,Radoslav Apostolov,2026-05-15T15:00:00+00:00,2025,BU2,2,False,4718035,33,19780,home,29268,0,1,played,14,6,False,90,0,0,0,0,0,0,62,,,0,0
425810,Radoslav Apostolov,2026-05-11T17:15:00+00:00,2025,BU2,2,False,4718025,32,19780,away,109262,2,2,played,14,7,False,90,0,0,0,0,0,0,61,,,0,0
425810,Radoslav Apostolov,2026-05-02T16:00:00+00:00,2025,BU2,2,False,4718016,31,19780,home,1851,2,0,played,14,7,False,90,0,0,0,0,0,0,,,,0,0
425810,Radoslav Apostolov,2026-04-26T12:00:00+00:00,2025,BU2,2,False,4718008,30,19780,away,19784,2,3,played,14,7,False,76,1,0,0,0,0,0,72,,76,0,0
425810,Radoslav Apostolov,2026-04-17T16:30:00+00:00,2025,BU2,2,False,4717997,29,19780,home,5284,0,0,played,14,6,False,90,0,0,0,0,0,0,,,,0,0
425810,Radoslav Apostolov,2026-04-13T09:45:00+00:00,2025,BU2,2,False,4717991,28,19780,away,712,0,0,played,14,7,False,89,0,0,0,0,0,0,,,89,0,0
425810,Radoslav Apostolov,2026-04-04T14:00:00+00:00,2025,BU2,2,False,4717978,27,19780,home,26563,0,0,played,14,6,False,80,0,0,0,0,0,0,,,80,0,0
910552,Krasimir Todorov,2026-07-27T16:00:00+00:00,2026,BU1,1,False,4909870,2,19780,home,31614,0,2,not in squad,,,False,0,0,0,0,0,0,0,,,,0,0
910552,Krasimir Todorov,2026-07-17T18:15:00+00:00,2026,BU1,1,False,4909855,1,19780,away,156,1,2,not in squad,,,False,0,0,0,0,0,0,0,,,,0,0
910552,Krasimir Todorov,2026-05-23T15:00:00+00:00,2025,BU2,2,False,4718042,34,19780,away,19215,2,1,played,16,0,False,29,0,0,0,0,0,0,,61,,0,0
910552,Krasimir Todorov,2026-05-15T15:00:00+00:00,2025,BU2,2,False,4718035,33,19780,home,29268,0,1,played,16,12,False,45,0,0,0,0,0,0,,,46,0,0
910552,Krasimir Todorov,2026-05-11T17:15:00+00:00,2025,BU2,2,False,4718025,32,19780,away,109262,2,2,in squad,16,,False,0,0,0,0,0,0,0,,,,0,0
910552,Krasimir Todorov,2026-05-02T16:00:00+00:00,2025,BU2,2,False,4718016,31,19780,home,1851,2,0,in squad,16,,False,0,0,0,0,0,0,0,,,,0,0
910552,Krasimir Todorov,2026-04-26T12:00:00+00:00,2025,BU2,2,False,4718008,30,19780,away,19784,2,3,played,16,0,False,8,0,0,0,0,0,0,,82,,0,0
910552,Krasimir Todorov,2026-04-17T16:30:00+00:00,2025,BU2,2,False,4717997,29,19780,home,5284,0,0,played,16,0,False,7,0,0,0,0,0,0,,83,,0,0
910552,Krasimir Todorov,2026-04-13T09:45:00+00:00,2025,BU2,2,False,4717991,28,19780,away,712,0,0,played,16,0,False,45,0,0,0,0,0,0,,46,,0,0
910552,Krasimir Todorov,2026-04-04T14:00:00+00:00,2025,BU2,2,False,4717978,27,19780,home,26563,0,0,played,16,0,False,10,0,0,0,0,0,0,,80,,0,0
950970,Elisee Sou,2026-07-27T16:00:00+00:00,2026,BU1,1,False,4909870,2,19780,home,31614,0,2,not in squad,,,False,0,0,0,0,0,0,0,,,,0,0
950970,Elisee Sou,2026-07-17T18:15:00+00:00,2026,BU1,1,False,4909855,1,19780,away,156,1,2,not in squad,,,False,0,0,0,0,0,0,0,,,,0,0
950970,Elisee Sou,2026-05-23T15:00:00+00:00,2025,BU2,2,False,4718042,34,19780,away,19215,2,1,not in squad,,,False,0,0,0,0,0,0,0,,,,0,0
950970,Elisee Sou,2026-05-15T15:00:00+00:00,2025,BU2,2,False,4718035,33,19780,home,29268,0,1,not in squad,,,False,0,0,0,0,0,0,0,,,,0,0
950970,Elisee Sou,2026-05-11T17:15:00+00:00,2025,BU2,2,False,4718025,32,19780,away,109262,2,2,played,78,8,False,74,0,0,0,0,0,0,70,,74,0,0
950970,Elisee Sou,2026-05-02T16:00:00+00:00,2025,BU2,2,False,4718016,31,19780,home,1851,2,0,played,78,8,False,90,0,0,0,0,0,0,,,,0,0
950970,Elisee Sou,2026-04-26T12:00:00+00:00,2025,BU2,2,False,4718008,30,19780,away,19784,2,3,played,78,8,False,90,0,0,0,0,0,0,,,,0,0
950970,Elisee Sou,2026-04-17T16:30:00+00:00,2025,BU2,2,False,4717997,29,19780,home,5284,0,0,not in squad,,,False,0,0,0,0,0,0,0,,,,0,0
950970,Elisee Sou,2026-04-13T09:45:00+00:00,2025,BU2,2,False,4717991,28,19780,away,712,0,0,played,78,6,False,89,0,0,0,0,0,0,73,,89,0,0
950970,Elisee Sou,2026-04-04T14:00:00+00:00,2025,BU2,2,False,4717978,27,19780,home,26563,0,0,played,78,7,False,90,0,0,0,0,0,0,,,,0,0
919832,Kristiyan Gospodinov,2026-07-27T16:00:00+00:00,2026,BU1,1,False,4909870,2,19780,home,31614,0,2,not in squad,,,False,0,0,0,0,0,0,0,,,,0,0
919832,Kristiyan Gospodinov,2026-07-17T18:15:00+00:00,2026,BU1,1,False,4909855,1,19780,away,156,1,2,not in squad,,,False,0,0,0,0,0,0,0,,,,0,0
919832,Kristiyan Gospodinov,2026-05-23T15:00:00+00:00,2025,BU2,2,False,4718042,34,19780,away,19215,2,1,played,15,0,False,61,0,0,0,0,0,0,,,61,0,0
919832,Kristiyan Gospodinov,2026-05-15T15:00:00+00:00,2025,BU2,2,False,4718035,33,19780,home,29268,0,1,played,15,0,False,45,0,0,0,0,0,0,52,46,,0,0
919832,Kristiyan Gospodinov,2026-05-11T17:15:00+00:00,2025,BU2,2,False,4718025,32,19780,away,109262,2,2,played,15,0,False,4,0,0,0,0,0,0,,86,,0,0
919832,Kristiyan Gospodinov,2026-05-02T16:00:00+00:00,2025,BU2,2,False,4718016,31,19780,home,1851,2,0,played,15,0,False,1,0,0,0,0,0,0,,89,,0,0
919832,Kristiyan Gospodinov,2026-04-26T12:00:00+00:00,2025,BU2,2,False,4718008,30,19780,away,19784,2,3,played,15,0,False,45,0,0,0,0,0,0,,46,,0,0
919832,Kristiyan Gospodinov,2026-04-17T16:30:00+00:00,2025,BU2,2,False,4717997,29,19780,home,5284,0,0,played,15,0,False,7,0,0,0,0,0,0,,83,,0,0
919832,Kristiyan Gospodinov,2026-04-13T09:45:00+00:00,2025,BU2,2,False,4717991,28,19780,away,712,0,0,played,15,0,False,1,0,0,0,0,0,0,,89,,0,0
919832,Kristiyan Gospodinov,2026-04-04T14:00:00+00:00,2025,BU2,2,False,4717978,27,19780,home,26563,0,0,in squad,15,,False,0,0,0,0,0,0,0,,,,0,0
1142933,Stefan Stefanov,2026-07-27T16:00:00+00:00,2026,BU1,1,False,4909870,2,19780,home,31614,0,2,not in squad,,,False,0,0,0,0,0,0,0,,,,0,0
1142933,Stefan Stefanov,2026-07-17T18:15:00+00:00,2026,BU1,1,False,4909855,1,19780,away,156,1,2,in squad,19,,False,0,0,0,0,0,0,0,,,,0,0
1142933,Stefan Stefanov,2026-05-23T15:00:00+00:00,2025,BU2,2,False,4718042,34,19780,away,19215,2,1,not in squad,,,False,0,0,0,0,0,0,0,,,,0,0
1142933,Stefan Stefanov,2026-05-15T15:00:00+00:00,2025,BU2,2,False,4718035,33,19780,home,29268,0,1,in squad,19,,False,0,0,0,0,0,0,0,,,,0,0
1142933,Stefan Stefanov,2026-05-11T17:15:00+00:00,2025,BU2,2,False,4718025,32,19780,away,109262,2,2,not in squad,,,False,0,0,0,0,0,0,0,,,,0,0
1142933,Stefan Stefanov,2026-05-02T16:00:00+00:00,2025,BU2,2,False,4718016,31,19780,home,1851,2,0,in squad,19,,False,0,0,0,0,0,0,0,,,,0,0
1142933,Stefan Stefanov,2026-04-26T12:00:00+00:00,2025,BU2,2,False,4718008,30,19780,away,19784,2,3,not in squad,,,False,0,0,0,0,0,0,0,,,,0,0
1142933,Stefan Stefanov,2026-04-17T16:30:00+00:00,2025,BU2,2,False,4717997,29,19780,home,5284,0,0,in squad,19,,False,0,0,0,0,0,0,0,,,,0,0
1142933,Stefan Stefanov,2026-04-13T09:45:00+00:00,2025,BU2,2,False,4717991,28,19780,away,712,0,0,not in squad,,,False,0,0,0,0,0,0,0,,,,0,0
1142933,Stefan Stefanov,2026-04-04T14:00:00+00:00,2025,BU2,2,False,4717978,27,19780,home,26563,0,0,not in squad,,,False,0,0,0,0,0,0,0,,,,0,0
1223740,Bilal El Bakkali Salah,2026-07-27T16:00:00+00:00,2026,BU1,1,False,4909870,2,19780,home,31614,0,2,injured,,,False,0,0,0,0,0,0,0,,,,252,0
1223740,Bilal El Bakkali Salah,2026-07-17T18:15:00+00:00,2026,BU1,1,False,4909855,1,19780,away,156,1,2,injured,,,False,0,0,0,0,0,0,0,,,,252,0
1223740,Bilal El Bakkali Salah,2026-05-23T15:00:00+00:00,2025,BU2,2,False,4718042,34,19780,away,19215,2,1,injured,,,False,0,0,0,0,0,0,0,,,,252,0
1223740,Bilal El Bakkali Salah,2026-05-15T15:00:00+00:00,2025,BU2,2,False,4718035,33,19780,home,29268,0,1,injured,,,False,0,0,0,0,0,0,0,,,,252,0
1223740,Bilal El Bakkali Salah,2026-05-11T17:15:00+00:00,2025,BU2,2,False,4718025,32,19780,away,109262,2,2,injured,,,False,0,0,0,0,0,0,0,,,,252,0
1223740,Bilal El Bakkali Salah,2026-05-02T16:00:00+00:00,2025,BU2,2,False,4718016,31,19780,home,1851,2,0,injured,,,False,0,0,0,0,0,0,0,,,,252,0
1223740,Bilal El Bakkali Salah,2026-04-26T12:00:00+00:00,2025,BU2,2,False,4718008,30,19780,away,19784,2,3,injured,,,False,0,0,0,0,0,0,0,,,,252,0
1223740,Bilal El Bakkali Salah,2026-04-17T16:30:00+00:00,2025,BU2,2,False,4717997,29,19780,home,5284,0,0,injured,,,False,0,0,0,0,0,0,0,,,,252,0
1223740,Bilal El Bakkali Salah,2026-04-13T09:45:00+00:00,2025,BU2,2,False,4717991,28,19780,away,712,0,0,injured,,,False,0,0,0,0,0,0,0,,,,252,0
1223740,Bilal El Bakkali Salah,2026-04-04T14:00:00+00:00,2025,BU2,2,False,4717978,27,19780,home,26563,0,0,injured,,,False,0,0,0,0,0,0,0,,,,252,0
338288,Alex Valiño,2026-07-27T16:00:00+00:00,2026,BU1,1,False,4909870,2,19780,home,31614,0,2,not in squad,,,False,0,0,0,0,0,0,0,,,,0,0
338288,Alex Valiño,2026-07-17T18:15:00+00:00,2026,BU1,1,False,4909855,1,19780,away,156,1,2,played,9,14,False,74,0,0,0,0,0,0,,,74,0,0
338288,Alex Valiño,2026-05-23T16:30:00+00:00,2025,E3G1,3,False,4651087,38,3708,home,8733,1,1,played,9,0,False,12,0,0,0,0,0,0,89,78,,0,0
338288,Alex Valiño,2026-05-17T15:00:00+00:00,2025,E3G1,3,False,4651080,37,3708,away,20844,4,1,played,9,0,False,6,0,0,0,0,0,0,,84,,0,0
338288,Alex Valiño,2026-05-09T12:00:00+00:00,2025,E3G1,3,False,4651067,36,3708,home,46854,2,0,played,9,0,False,11,0,0,0,0,0,0,,79,,0,0
338288,Alex Valiño,2026-05-01T17:00:00+00:00,2025,E3G1,3,False,4651064,35,3708,away,648,0,2,played,9,0,False,30,0,0,0,0,0,0,,60,,0,0
338288,Alex Valiño,2026-04-25T16:30:00+00:00,2025,E3G1,3,False,4651048,34,3708,home,11000,3,0,in squad,9,,False,0,0,0,0,0,0,0,,,,0,0
338288,Alex Valiño,2026-04-19T14:00:00+00:00,2025,E3G1,3,False,4651042,33,3708,away,4032,0,1,played,9,0,False,18,0,0,0,0,0,0,90,72,,0,0
338288,Alex Valiño,2026-04-12T14:00:00+00:00,2025,E3G1,3,False,4651029,32,3708,home,58946,1,1,played,9,0,False,5,0,0,0,0,0,0,,85,,0,0
338288,Alex Valiño,2026-04-04T14:15:00+00:00,2025,E3G1,3,False,4651021,31,3708,away,5650,0,2,played,9,0,False,8,0,0,0,0,0,0,,82,,0,0
1026802,Denislav Minchev,2026-07-27T16:00:00+00:00,2026,BU1,1,False,4909870,2,19780,home,31614,0,2,not in squad,,,False,0,0,0,0,0,0,0,,,,0,0
1026802,Denislav Minchev,2026-07-17T18:15:00+00:00,2026,BU1,1,False,4909855,1,19780,away,156,1,2,played,11,9,False,90,1,0,0,0,0,0,,,,0,0
1026802,Denislav Minchev,2026-05-23T15:00:00+00:00,2025,BU2,2,False,4718042,34,19780,away,19215,2,1,played,11,0,False,90,0,0,0,0,0,0,22,,90,0,0
1026802,Denislav Minchev,2026-05-15T15:00:00+00:00,2025,BU2,2,False,4718035,33,19780,home,29268,0,1,played,11,11,False,80,0,0,0,0,0,0,,,80,0,0
1026802,Denislav Minchev,2026-05-11T17:15:00+00:00,2025,BU2,2,False,4718025,32,19780,away,109262,2,2,played,11,11,False,90,0,0,0,0,0,0,,,,0,0
1026802,Denislav Minchev,2026-05-02T16:00:00+00:00,2025,BU2,2,False,4718016,31,19780,home,1851,2,0,played,11,11,False,90,0,0,0,0,0,0,,,,0,0
1026802,Denislav Minchev,2026-04-26T12:00:00+00:00,2025,BU2,2,False,4718008,30,19780,away,19784,2,3,played,11,11,False,82,0,0,0,0,0,0,,,82,0,0
1026802,Denislav Minchev,2026-04-17T16:30:00+00:00,2025,BU2,2,False,4717997,29,19780,home,5284,0,0,played,11,11,False,90,0,0,0,0,0,0,,,,0,0
1026802,Denislav Minchev,2026-04-13T09:45:00+00:00,2025,BU2,2,False,4717991,28,19780,away,712,0,0,played,11,11,False,90,0,0,0,0,0,0,,,,0,0
1026802,Denislav Minchev,2026-04-04T14:00:00+00:00,2025,BU2,2,False,4717978,27,19780,home,26563,0,0,played,11,11,False,90,0,0,0,0,0,0,,,,0,0
1273536,Charles Yaw Appiah,2026-07-27T16:00:00+00:00,2026,BU1,1,False,4909870,2,19780,home,31614,0,2,absent,,,False,0,0,0,0,0,0,0,,,,0,13
1273536,Charles Yaw Appiah,2026-07-17T18:15:00+00:00,2026,BU1,1,False,4909855,1,19780,away,156,1,2,absent,,,False,0,0,0,0,0,0,0,,,,0,13
1273536,Charles Yaw Appiah,2026-05-22T14:30:00+00:00,2025,ZYP1,1,False,4885264,36,2784,away,45457,0,2,in squad,36,,False,0,0,0,0,0,0,0,,,,0,0
1273536,Charles Yaw Appiah,2026-05-16T15:00:00+00:00,2025,ZYP1,1,False,4882235,35,2784,home,829,0,3,in squad,36,,False,0,0,0,0,0,0,0,,,,0,0
1273536,Charles Yaw Appiah,2026-05-10T15:00:00+00:00,2025,ZYP1,1,False,4882234,34,2784,away,429,0,2,played,36,0,False,7,0,0,0,0,0,0,,83,,0,0
1273536,Charles Yaw Appiah,2026-05-06T16:00:00+00:00,2025,ZYP1,1,False,4868309,33,2784,away,10586,0,1,in squad,36,,False,0,0,0,0,0,0,0,,,,0,0
1273536,Charles Yaw Appiah,2026-05-03T14:00:00+00:00,2025,ZYP1,1,False,4868303,32,2784,home,2156,1,0,in squad,36,,False,0,0,0,0,0,0,0,,,,0,0
1273536,Charles Yaw Appiah,2026-04-29T15:00:00+00:00,2025,CPO1,8,False,4849912,5,2784,home,429,0,0,in squad,36,,False,0,0,0,0,0,0,0,,,,0,0
1273536,Charles Yaw Appiah,2026-04-26T14:00:00+00:00,2025,ZYP1,1,False,4851959,31,2784,home,45457,3,3,in squad,36,,False,0,0,0,0,0,0,0,,,,0,0
1273536,Charles Yaw Appiah,2026-04-22T16:00:00+00:00,2025,CPO1,8,False,4849910,4,2784,away,429,2,4,in squad,36,,False,0,0,0,0,0,0,0,,,,0,0
572336,Jordan Saint-Louis,2026-07-27T16:00:00+00:00,2026,BU1,1,False,4909870,2,19780,home,31614,0,2,absent,,,False,0,0,0,0,0,0,0,,,,0,13
572336,Jordan Saint-Louis,2026-07-17T18:15:00+00:00,2026,BU1,1,False,4909855,1,19780,away,156,1,2,absent,,,False,0,0,0,0,0,0,0,,,,0,13
572336,Jordan Saint-Louis,2026-05-17T14:00:00+00:00,2025,P3Au,12,False,4813514,14,7789,away,15136,3,1,played,23,10,False,77,0,0,0,0,0,0,,,77,0,0
572336,Jordan Saint-Louis,2026-05-10T13:45:00+00:00,2025,P3Au,12,False,4813507,13,7789,home,74155,1,0,played,23,11,False,88,0,1,0,0,0,0,,,88,0,0
572336,Jordan Saint-Louis,2026-05-01T14:00:00+00:00,2025,P3Au,12,False,4813502,12,7789,away,3348,0,0,played,23,14,False,71,0,0,0,0,0,0,,,71,0,0
572336,Jordan Saint-Louis,2026-04-26T15:30:00+00:00,2025,P3Au,12,False,4813489,11,7789,home,68608,2,2,played,23,14,False,90,1,0,0,0,0,0,,,,0,0
572336,Jordan Saint-Louis,2026-04-19T14:00:00+00:00,2025,P3Au,12,False,4813485,10,7789,away,7056,4,1,played,23,14,False,65,0,2,0,0,0,0,,,65,0,0
572336,Jordan Saint-Louis,2026-04-12T18:00:00+00:00,2025,P3Au,12,False,4813477,9,7789,away,2990,1,1,played,23,14,False,79,0,0,0,0,0,0,,,79,0,0
572336,Jordan Saint-Louis,2026-04-04T14:00:00+00:00,2025,P3Au,12,False,4813474,8,7789,home,4297,1,0,not in squad,,,False,0,0,0,0,0,0,0,,,,0,0
572336,Jordan Saint-Louis,2026-03-29T14:00:00+00:00,2025,P3Au,12,False,4813399,2,7789,home,2990,1,1,played,23,14,False,90,1,0,0,0,0,0,,,,0,0
220902,Ibrahim Keita,2026-07-27T16:00:00+00:00,2026,BU1,1,False,4909870,2,19780,home,31614,0,2,not in squad,,,False,0,0,0,0,0,0,0,,,,0,0
220902,Ibrahim Keita,2026-07-17T18:15:00+00:00,2026,BU1,1,False,4909855,1,19780,away,156,1,2,played,18,0,False,16,0,0,0,0,0,0,,74,,0,0
220902,Ibrahim Keita,2026-05-23T15:00:00+00:00,2025,BU2,2,False,4718042,34,19780,away,19215,2,1,played,18,0,False,29,0,0,0,0,0,0,,61,,0,0
220902,Ibrahim Keita,2026-05-15T15:00:00+00:00,2025,BU2,2,False,4718035,33,19780,home,29268,0,1,played,18,14,False,90,0,0,0,0,0,0,,,,0,0
220902,Ibrahim Keita,2026-05-11T17:15:00+00:00,2025,BU2,2,False,4718025,32,19780,away,109262,2,2,played,18,0,False,30,1,0,0,0,0,0,,60,,0,0
220902,Ibrahim Keita,2026-05-02T16:00:00+00:00,2025,BU2,2,False,4718016,31,19780,home,1851,2,0,played,18,0,False,37,1,0,0,0,0,0,,53,,0,0
220902,Ibrahim Keita,2026-04-26T12:00:00+00:00,2025,BU2,2,False,4718008,30,19780,away,19784,2,3,absent,,,False,0,0,0,0,0,0,0,,,,0,3
220902,Ibrahim Keita,2026-04-17T16:30:00+00:00,2025,BU2,2,False,4717997,29,19780,home,5284,0,0,played,18,0,False,7,0,0,0,0,0,0,,62,,0,0
220902,Ibrahim Keita,2026-04-13T09:45:00+00:00,2025,BU2,2,False,4717991,28,19780,away,712,0,0,played,18,0,False,28,0,0,0,0,0,0,,62,,0,0
220902,Ibrahim Keita,2026-04-04T14:00:00+00:00,2025,BU2,2,False,4717978,27,19780,home,26563,0,0,played,18,14,False,90,0,0,0,0,0,0,,,,0,0
1084792,Aleksandar Donev,2026-07-27T16:00:00+00:00,2026,BU1,1,False,4909870,2,19780,home,31614,0,2,not in squad,,,False,0,0,0,0,0,0,0,,,,0,0
1084792,Aleksandar Donev,2026-07-17T18:15:00+00:00,2026,BU1,1,False,4909855,1,19780,away,156,1,2,in squad,45,,False,0,0,0,0,0,0,0,,,,0,0
1084792,Aleksandar Donev,2022-10-06T12:00:00+00:00,2022,FS,11,True,3972244,7,68813,away,34689,4,2,in squad,22,,False,0,0,0,0,0,0,0,,,,0,0
1084792,Aleksandar Donev,2022-10-04T12:00:00+00:00,2022,FS,11,True,3972243,6,68813,away,34689,3,1,played,22,0,False,40,0,0,0,0,0,0,,41,,0,0
1354604,Aleksandar Simeonov,2026-07-17T18:15:00+00:00,2026,BU1,1,False,4909855,1,19780,away,156,1,2,in squad,77,,False,0,0,0,0,0,0,0,,,,0,0
1354604,Aleksandar Simeonov,2026-05-23T15:00:00+00:00,2025,BU2,2,False,4718042,34,19780,away,19215,2,1,played,77,0,False,1,0,0,0,0,0,0,,90,,0,0
1354604,Aleksandar Simeonov,2026-05-15T15:00:00+00:00,2025,BU2,2,False,4718035,33,19780,home,29268,0,1,in squad,77,,False,0,0,0,0,0,0,0,,,,0,0
1354604,Aleksandar Simeonov,2026-05-11T17:15:00+00:00,2025,BU2,2,False,4718025,32,19780,away,109262,2,2,in squad,77,,False,0,0,0,0,0,0,0,,,,0,0
1354604,Aleksandar Simeonov,2026-05-02T16:00:00+00:00,2025,BU2,2,False,4718016,31,19780,home,1851,2,0,not in squad,,,False,0,0,0,0,0,0,0,,,,0,0
1354604,Aleksandar Simeonov,2026-04-26T12:00:00+00:00,2025,BU2,2,False,4718008,30,19780,away,19784,2,3,in squad,77,,False,0,0,0,0,0,0,0,,,,0,0
1354604,Aleksandar Simeonov,2026-04-17T16:30:00+00:00,2025,BU2,2,False,4717997,29,19780,home,5284,0,0,in squad,77,,False,0,0,0,0,0,0,0,,,,0,0
1354604,Aleksandar Simeonov,2026-04-13T09:45:00+00:00,2025,BU2,2,False,4717991,28,19780,away,712,0,0,in squad,77,,False,0,0,0,0,0,0,0,,,,0,0
1354604,Aleksandar Simeonov,2026-04-04T14:00:00+00:00,2025,BU2,2,False,4717978,27,19780,home,26563,0,0,in squad,77,,False,0,0,0,0,0,0,0,,,,0,0
1354604,Aleksandar Simeonov,2026-03-29T13:30:00+00:00,2025,BU2,2,False,4717974,26,19780,away,4494,1,1,in squad,77,,False,0,0,0,0,0,0,0,,,,0,0
719453,Mario Mladenov,2026-07-25T17:00:00+00:00,2026,BU2,2,False,4909820,1,109262,home,5284,0,1,not in squad,,,False,0,0,0,0,0,0,0,,,,0,0
719453,Mario Mladenov,2026-07-17T18:15:00+00:00,2026,BU1,1,False,4909855,1,19780,away,156,1,2,not in squad,,,False,0,0,0,0,0,0,0,,,,0,0
719453,Mario Mladenov,2026-05-23T15:00:00+00:00,2025,BU2,2,False,4718042,34,19780,away,19215,2,1,played,1,0,False,90,0,0,0,0,0,0,,,,0,0
719453,Mario Mladenov,2026-05-15T15:00:00+00:00,2025,BU2,2,False,4718035,33,19780,home,29268,0,1,played,1,1,False,90,0,0,0,0,0,0,,,,0,0
719453,Mario Mladenov,2026-05-11T17:15:00+00:00,2025,BU2,2,False,4718025,32,19780,away,109262,2,2,in squad,1,,False,0,0,0,0,0,0,0,,,,0,0
719453,Mario Mladenov,2026-05-02T16:00:00+00:00,2025,BU2,2,False,4718016,31,19780,home,1851,2,0,in squad,1,,False,0,0,0,0,0,0,0,,,,0,0
719453,Mario Mladenov,2026-04-26T12:00:00+00:00,2025,BU2,2,False,4718008,30,19780,away,19784,2,3,in squad,1,,False,0,0,0,0,0,0,0,,,,0,0
719453,Mario Mladenov,2026-04-17T16:30:00+00:00,2025,BU2,2,False,4717997,29,19780,home,5284,0,0,in squad,1,,False,0,0,0,0,0,0,0,,,,0,0
719453,Mario Mladenov,2026-04-13T09:45:00+00:00,2025,BU2,2,False,4717991,28,19780,away,712,0,0,in squad,1,,False,0,0,0,0,0,0,0,,,,0,0
719453,Mario Mladenov,2026-04-04T14:00:00+00:00,2025,BU2,2,False,4717978,27,19780,home,26563,0,0,in squad,1,,False,0,0,0,0,0,0,0,,,,0,0
1136159,Ivaldo Rufé,2026-05-23T15:00:00+00:00,2025,BU2,2,False,4718042,34,19780,away,19215,2,1,played,84,0,False,90,1,0,0,0,0,0,,,,0,0
1136159,Ivaldo Rufé,2026-05-15T15:00:00+00:00,2025,BU2,2,False,4718035,33,19780,home,29268,0,1,played,84,6,False,90,0,0,0,0,0,0,,,,0,0
1136159,Ivaldo Rufé,2026-05-11T17:15:00+00:00,2025,BU2,2,False,4718025,32,19780,away,109262,2,2,played,84,6,False,86,0,1,0,0,0,0,78,,86,0,0
1136159,Ivaldo Rufé,2026-05-02T16:00:00+00:00,2025,BU2,2,False,4718016,31,19780,home,1851,2,0,played,84,6,False,53,0,0,0,0,0,0,,,53,0,0
1136159,Ivaldo Rufé,2026-04-26T12:00:00+00:00,2025,BU2,2,False,4718008,30,19780,away,19784,2,3,played,84,6,False,45,0,0,0,0,0,0,15,,46,0,0
1136159,Ivaldo Rufé,2026-04-17T16:30:00+00:00,2025,BU2,2,False,4717997,29,19780,home,5284,0,0,played,84,6,False,90,0,0,0,0,0,0,,,,0,0
1136159,Ivaldo Rufé,2026-04-13T09:45:00+00:00,2025,BU2,2,False,4717991,28,19780,away,712,0,0,played,84,0,False,1,0,0,0,0,0,0,,89,,0,0
1136159,Ivaldo Rufé,2026-04-04T14:00:00+00:00,2025,BU2,2,False,4717978,27,19780,home,26563,0,0,in squad,84,,False,0,0,0,0,0,0,0,,,,0,0
1136159,Ivaldo Rufé,2026-03-29T13:30:00+00:00,2025,BU2,2,False,4717974,26,19780,away,4494,1,1,in squad,84,,False,0,0,0,0,0,0,0,,,,0,0
1136159,Ivaldo Rufé,2026-03-25T13:30:00+00:00,2025,BU2,2,False,4717923,21,19780,away,9524,0,1,played,84,0,False,90,0,0,0,0,0,0,,,,0,0
462065,Hyusein Kelyovluev,2026-05-23T15:00:00+00:00,2025,BU2,2,False,4718042,34,19780,away,19215,2,1,played,7,0,False,61,0,0,0,0,0,0,,,61,0,0
462065,Hyusein Kelyovluev,2026-05-15T15:00:00+00:00,2025,BU2,2,False,4718035,33,19780,home,29268,0,1,played,7,0,False,20,0,0,0,0,0,0,,70,,0,0
462065,Hyusein Kelyovluev,2026-05-11T17:15:00+00:00,2025,BU2,2,False,4718025,32,19780,away,109262,2,2,played,7,0,False,16,0,1,0,0,0,0,,74,,0,0
462065,Hyusein Kelyovluev,2026-05-02T16:00:00+00:00,2025,BU2,2,False,4718016,31,19780,home,1851,2,0,played,7,0,False,1,0,0,0,0,0,0,,90,,0,0
462065,Hyusein Kelyovluev,2026-04-26T12:00:00+00:00,2025,BU2,2,False,4718008,30,19780,away,19784,2,3,played,7,0,False,14,0,0,0,0,0,0,,76,,0,0
462065,Hyusein Kelyovluev,2026-04-17T16:30:00+00:00,2025,BU2,2,False,4717997,29,19780,home,5284,0,0,played,7,12,False,62,0,0,0,0,0,0,,,62,0,0
462065,Hyusein Kelyovluev,2026-04-13T09:45:00+00:00,2025,BU2,2,False,4717991,28,19780,away,712,0,0,played,7,12,False,77,0,0,0,0,0,0,,,77,0,0
462065,Hyusein Kelyovluev,2026-04-04T14:00:00+00:00,2025,BU2,2,False,4717978,27,19780,home,26563,0,0,played,7,0,False,28,0,0,0,0,0,0,81,62,,0,0
462065,Hyusein Kelyovluev,2026-03-29T13:30:00+00:00,2025,BU2,2,False,4717974,26,19780,away,4494,1,1,in squad,7,,False,0,0,0,0,0,0,0,,,,0,0
462065,Hyusein Kelyovluev,2026-03-25T13:30:00+00:00,2025,BU2,2,False,4717923,21,19780,away,9524,0,1,in squad,7,,False,0,0,0,0,0,0,0,,,,0,0
926835,Borislav Marinov,2026-05-23T15:00:00+00:00,2025,BU2,2,False,4718042,34,19780,away,19215,2,1,in squad,17,,False,0,0,0,0,0,0,0,,,,0,0
926835,Borislav Marinov,2026-05-15T15:00:00+00:00,2025,BU2,2,False,4718035,33,19780,home,29268,0,1,played,17,0,False,10,0,0,0,0,0,0,,80,,0,0
926835,Borislav Marinov,2026-05-11T17:15:00+00:00,2025,BU2,2,False,4718025,32,19780,away,109262,2,2,in squad,17,,False,0,0,0,0,0,0,0,,,,0,0
926835,Borislav Marinov,2026-05-02T16:00:00+00:00,2025,BU2,2,False,4718016,31,19780,home,1851,2,0,in squad,17,,False,0,0,0,0,0,0,0,,,,0,0
926835,Borislav Marinov,2026-04-26T12:00:00+00:00,2025,BU2,2,False,4718008,30,19780,away,19784,2,3,in squad,17,,False,0,0,0,0,0,0,0,,,,0,0
926835,Borislav Marinov,2026-04-17T16:30:00+00:00,2025,BU2,2,False,4717997,29,19780,home,5284,0,0,played,17,0,False,21,0,0,0,0,0,0,,62,83,0,0
926835,Borislav Marinov,2026-04-13T09:45:00+00:00,2025,BU2,2,False,4717991,28,19780,away,712,0,0,played,17,0,False,13,0,0,0,0,0,0,,77,,0,0
926835,Borislav Marinov,2026-04-04T14:00:00+00:00,2025,BU2,2,False,4717978,27,19780,home,26563,0,0,played,17,12,False,62,0,0,0,0,0,0,,,62,0,0
926835,Borislav Marinov,2026-03-29T13:30:00+00:00,2025,BU2,2,False,4717974,26,19780,away,4494,1,1,played,17,0,False,8,0,0,0,0,0,0,,82,,0,0
926835,Borislav Marinov,2026-03-25T13:30:00+00:00,2025,BU2,2,False,4717923,21,19780,away,9524,0,1,played,17,0,False,28,0,0,0,0,0,0,,62,,0,0
88799,Kamen Hadzhiev,2026-05-23T15:00:00+00:00,2025,BU2,2,False,4718042,34,19780,away,19215,2,1,played,26,0,True,90,0,0,0,0,0,0,,,,0,0
88799,Kamen Hadzhiev,2026-05-15T15:00:00+00:00,2025,BU2,2,False,4718035,33,19780,home,29268,0,1,played,26,3,True,90,0,0,0,0,0,0,,,,0,0
88799,Kamen Hadzhiev,2026-05-11T17:15:00+00:00,2025,BU2,2,False,4718025,32,19780,away,109262,2,2,played,26,3,True,90,0,0,0,0,0,0,,,,0,0
88799,Kamen Hadzhiev,2026-05-02T16:00:00+00:00,2025,BU2,2,False,4718016,31,19780,home,1851,2,0,played,26,3,True,90,0,0,0,0,0,0,,,,0,0
88799,Kamen Hadzhiev,2026-04-26T12:00:00+00:00,2025,BU2,2,False,4718008,30,19780,away,19784,2,3,played,26,3,True,90,0,0,0,0,0,0,,,,0,0
88799,Kamen Hadzhiev,2026-04-17T16:30:00+00:00,2025,BU2,2,False,4717997,29,19780,home,5284,0,0,played,26,3,True,90,0,0,0,0,0,0,,,,0,0
88799,Kamen Hadzhiev,2026-04-13T09:45:00+00:00,2025,BU2,2,False,4717991,28,19780,away,712,0,0,played,26,3,True,90,0,0,0,0,0,0,,,,0,0
88799,Kamen Hadzhiev,2026-04-04T14:00:00+00:00,2025,BU2,2,False,4717978,27,19780,home,26563,0,0,played,26,3,True,90,0,0,0,0,0,0,,,,0,0
88799,Kamen Hadzhiev,2026-03-29T13:30:00+00:00,2025,BU2,2,False,4717974,26,19780,away,4494,1,1,played,26,3,True,90,0,0,0,0,0,0,,,,0,0
88799,Kamen Hadzhiev,2026-03-25T13:30:00+00:00,2025,BU2,2,False,4717923,21,19780,away,9524,0,1,played,26,0,True,90,0,0,0,0,0,0,,,,0,0
963674,Vladimir Ivanov,2026-07-26T18:15:00+00:00,2026,BU1,1,False,4909871,2,40416,away,2259,1,2,played,12,1,False,90,0,0,0,0,0,0,,,,0,0
963674,Vladimir Ivanov,2026-07-18T16:00:00+00:00,2026,BU1,1,False,4909857,1,40416,home,40604,1,1,played,12,1,False,90,0,0,0,0,0,0,,,,0,0
963674,Vladimir Ivanov,2026-05-23T15:00:00+00:00,2025,BU2,2,False,4718043,34,2190,away,29268,1,3,not in squad,,,False,0,0,0,0,0,0,0,,,,0,0
963674,Vladimir Ivanov,2026-05-15T15:00:00+00:00,2025,BU2,2,False,4718034,33,2190,home,109262,0,3,played,1,0,False,90,0,0,0,0,0,0,,,,0,0
963674,Vladimir Ivanov,2026-05-11T15:00:00+00:00,2025,BU2,2,False,4718026,32,2190,away,1851,1,2,played,1,0,False,90,0,0,0,0,0,0,,,,0,0
963674,Vladimir Ivanov,2026-05-02T15:00:00+00:00,2025,BU2,2,False,4718015,31,2190,home,19784,3,0,played,1,0,False,90,0,0,0,0,0,0,86,,,0,0
963674,Vladimir Ivanov,2026-04-25T14:00:00+00:00,2025,BU2,2,False,4718009,30,2190,away,5284,1,2,played,1,0,False,90,0,0,0,0,0,0,59,,,0,0
963674,Vladimir Ivanov,2026-04-17T14:00:00+00:00,2025,BU2,2,False,4717996,29,2190,home,712,2,4,played,1,0,False,90,0,0,0,0,0,0,,,,0,0
963674,Vladimir Ivanov,2026-04-09T15:30:00+00:00,2025,BU2,2,False,4717992,28,2190,away,26563,3,4,not in squad,,,False,0,0,0,0,0,0,0,,,,0,0
963674,Vladimir Ivanov,2026-04-04T14:00:00+00:00,2025,BU2,2,False,4717977,27,2190,home,4494,1,0,played,1,0,False,90,0,0,0,0,0,0,90,,,0,0
227342,Nikolay Krastev,2026-07-26T18:15:00+00:00,2026,BU1,1,False,4909871,2,40416,away,2259,1,2,in squad,21,,False,0,0,0,0,0,0,0,,,,0,0
227342,Nikolay Krastev,2026-07-18T16:00:00+00:00,2026,BU1,1,False,4909857,1,40416,home,40604,1,1,in squad,21,,False,0,0,0,0,0,0,0,,,,0,0
227342,Nikolay Krastev,2026-05-22T15:00:00+00:00,2025,BU1,1,False,4866453,37,40416,home,4362,1,1,in squad,12,,False,0,0,0,0,0,0,0,,,,0,0
227342,Nikolay Krastev,2026-05-18T16:30:00+00:00,2025,BU1,1,False,4866447,36,40416,away,6764,1,0,played,12,0,False,24,0,0,0,0,0,0,,66,,0,0
227342,Nikolay Krastev,2026-05-14T12:15:00+00:00,2025,BU1,1,False,4866445,35,40416,home,9599,1,0,in squad,12,,False,0,0,0,0,0,0,0,,,,0,0
227342,Nikolay Krastev,2026-05-10T13:45:00+00:00,2025,BU1,1,False,4866439,34,40416,away,26462,1,1,in squad,12,,False,0,0,0,0,0,0,0,,,,0,0
227342,Nikolay Krastev,2026-05-06T14:30:00+00:00,2025,BU1,1,False,4866438,33,40416,away,675,1,2,in squad,12,,False,0,0,0,0,0,0,0,,,,0,0
227342,Nikolay Krastev,2026-05-01T14:30:00+00:00,2025,BU1,1,False,4866434,32,40416,home,24078,1,1,in squad,12,,False,0,0,0,0,0,0,0,,,,0,0
227342,Nikolay Krastev,2026-04-27T17:00:00+00:00,2025,BU1,1,False,4866429,31,40416,away,730,1,1,in squad,12,,False,0,0,0,0,0,0,0,,,,0,0
227342,Nikolay Krastev,2026-04-16T14:00:00+00:00,2025,BU1,1,False,4718170,30,40416,home,9599,0,0,in squad,12,,False,0,0,0,0,0,0,0,,,,0,0
832820,Georgi Varbanov,2026-05-22T15:00:00+00:00,2025,BU1,1,False,4866453,37,40416,home,4362,1,1,not in squad,,,False,0,0,0,0,0,0,0,,,,0,0
832820,Georgi Varbanov,2026-05-18T16:30:00+00:00,2025,BU1,1,False,4866447,36,40416,away,6764,1,0,not in squad,,,False,0,0,0,0,0,0,0,,,,0,0
832820,Georgi Varbanov,2026-05-14T12:15:00+00:00,2025,BU1,1,False,4866445,35,40416,home,9599,1,0,in squad,27,,False,0,0,0,0,0,0,0,,,,0,0
832820,Georgi Varbanov,2026-05-10T13:45:00+00:00,2025,BU1,1,False,4866439,34,40416,away,26462,1,1,not in squad,,,False,0,0,0,0,0,0,0,,,,0,0
832820,Georgi Varbanov,2026-05-06T14:30:00+00:00,2025,BU1,1,False,4866438,33,40416,away,675,1,2,in squad,27,,False,0,0,0,0,0,0,0,,,,0,0
832820,Georgi Varbanov,2026-05-01T14:30:00+00:00,2025,BU1,1,False,4866434,32,40416,home,24078,1,1,in squad,27,,False,0,0,0,0,0,0,0,,,,0,0
832820,Georgi Varbanov,2026-04-27T17:00:00+00:00,2025,BU1,1,False,4866429,31,40416,away,730,1,1,in squad,27,,False,0,0,0,0,0,0,0,,,,0,0
832820,Georgi Varbanov,2026-04-16T14:00:00+00:00,2025,BU1,1,False,4718170,30,40416,home,9599,0,0,in squad,27,,False,0,0,0,0,0,0,0,,,,0,0
832820,Georgi Varbanov,2026-04-10T15:00:00+00:00,2025,BU1,1,False,4718207,29,40416,away,675,2,1,played,27,0,False,16,0,0,0,0,0,0,,74,,0,0
832820,Georgi Varbanov,2026-04-06T14:00:00+00:00,2025,BU1,1,False,4718144,28,40416,home,26462,0,0,in squad,27,,False,0,0,0,0,0,0,0,,,,0,0
908457,Martin Hristov,2026-07-26T18:15:00+00:00,2026,BU1,1,False,4909871,2,40416,away,2259,1,2,played,4,3,False,90,0,0,0,0,0,0,,,,0,0
908457,Martin Hristov,2026-07-18T16:00:00+00:00,2026,BU1,1,False,4909857,1,40416,home,40604,1,1,played,4,3,True,90,0,0,0,0,0,0,,,,0,0
908457,Martin Hristov,2026-05-22T15:00:00+00:00,2025,BU1,1,False,4866453,37,40416,home,4362,1,1,played,4,3,False,90,1,0,0,0,0,0,75,,,0,0
908457,Martin Hristov,2026-05-18T16:30:00+00:00,2025,BU1,1,False,4866447,36,40416,away,6764,1,0,played,4,3,False,90,0,0,0,0,0,0,,,,0,0
908457,Martin Hristov,2026-05-14T12:15:00+00:00,2025,BU1,1,False,4866445,35,40416,home,9599,1,0,played,4,3,False,90,0,0,0,0,0,0,,,,0,0
908457,Martin Hristov,2026-05-10T13:45:00+00:00,2025,BU1,1,False,4866439,34,40416,away,26462,1,1,not in squad,,,False,0,0,0,0,0,0,0,,,,0,0
908457,Martin Hristov,2026-05-06T14:30:00+00:00,2025,BU1,1,False,4866438,33,40416,away,675,1,2,played,4,3,False,38,0,0,0,0,0,0,,,,0,0
908457,Martin Hristov,2026-05-01T14:30:00+00:00,2025,BU1,1,False,4866434,32,40416,home,24078,1,1,played,4,3,False,90,0,0,0,0,0,0,,,,0,0
908457,Martin Hristov,2026-04-27T17:00:00+00:00,2025,BU1,1,False,4866429,31,40416,away,730,1,1,played,4,3,False,90,0,0,0,0,0,0,,,,0,0
908457,Martin Hristov,2026-04-16T14:00:00+00:00,2025,BU1,1,False,4718170,30,40416,home,9599,0,0,played,4,3,False,90,0,0,0,0,0,0,,,,0,0
1191842,Vasil Agushev,2026-05-22T15:00:00+00:00,2025,BU1,1,False,4866453,37,40416,home,4362,1,1,not in squad,,,False,0,0,0,0,0,0,0,,,,0,0
1191842,Vasil Agushev,2026-05-18T16:30:00+00:00,2025,BU1,1,False,4866447,36,40416,away,6764,1,0,not in squad,,,False,0,0,0,0,0,0,0,,,,0,0
1191842,Vasil Agushev,2026-05-14T12:15:00+00:00,2025,BU1,1,False,4866445,35,40416,home,9599,1,0,not in squad,,,False,0,0,0,0,0,0,0,,,,0,0
1191842,Vasil Agushev,2026-05-10T13:45:00+00:00,2025,BU1,1,False,4866439,34,40416,away,26462,1,1,not in squad,,,False,0,0,0,0,0,0,0,,,,0,0
1191842,Vasil Agushev,2026-05-06T14:30:00+00:00,2025,BU1,1,False,4866438,33,40416,away,675,1,2,not in squad,,,False,0,0,0,0,0,0,0,,,,0,0
1191842,Vasil Agushev,2026-05-01T14:30:00+00:00,2025,BU1,1,False,4866434,32,40416,home,24078,1,1,not in squad,,,False,0,0,0,0,0,0,0,,,,0,0
1191842,Vasil Agushev,2026-04-27T17:00:00+00:00,2025,BU1,1,False,4866429,31,40416,away,730,1,1,not in squad,,,False,0,0,0,0,0,0,0,,,,0,0
1191842,Vasil Agushev,2026-04-16T14:00:00+00:00,2025,BU1,1,False,4718170,30,40416,home,9599,0,0,not in squad,,,False,0,0,0,0,0,0,0,,,,0,0
1191842,Vasil Agushev,2026-04-10T15:00:00+00:00,2025,BU1,1,False,4718207,29,40416,away,675,2,1,not in squad,,,False,0,0,0,0,0,0,0,,,,0,0
1191842,Vasil Agushev,2026-04-06T14:00:00+00:00,2025,BU1,1,False,4718144,28,40416,home,26462,0,0,not in squad,,,False,0,0,0,0,0,0,0,,,,0,0
372808,Mateo Stamatov,2026-07-26T15:00:00+00:00,2025,GEP1,8,False,4972080,4,253,away,37009,3,1,played,33,0,False,90,0,0,0,0,0,0,52,,90,0,0
372808,Mateo Stamatov,2026-07-16T16:00:00+00:00,2026,ECLQ,10,False,4897273,2,253,home,46710,0,3,played,33,4,False,45,0,0,0,0,0,0,,,46,0,0
372808,Mateo Stamatov,2026-07-08T16:00:00+00:00,2026,ECLQ,10,False,4897247,1,253,away,46710,0,3,played,33,0,False,23,0,0,0,0,0,0,,67,,0,0
372808,Mateo Stamatov,2026-05-22T15:00:00+00:00,2025,BU1,1,False,4866453,37,40416,home,4362,1,1,played,30,9,False,83,0,1,0,0,0,0,,,83,0,0
372808,Mateo Stamatov,2026-05-18T16:30:00+00:00,2025,BU1,1,False,4866447,36,40416,away,6764,1,0,played,30,9,False,90,0,1,0,0,0,0,,,,0,0
372808,Mateo Stamatov,2026-05-14T12:15:00+00:00,2025,BU1,1,False,4866445,35,40416,home,9599,1,0,played,30,4,False,90,0,0,0,0,0,0,82,,,0,0
372808,Mateo Stamatov,2026-05-10T13:45:00+00:00,2025,BU1,1,False,4866439,34,40416,away,26462,1,1,played,30,4,False,81,0,0,0,0,0,0,,,81,0,0
372808,Mateo Stamatov,2026-05-06T14:30:00+00:00,2025,BU1,1,False,4866438,33,40416,away,675,1,2,played,30,9,False,78,0,0,0,0,0,0,,,78,0,0
372808,Mateo Stamatov,2026-05-01T14:30:00+00:00,2025,BU1,1,False,4866434,32,40416,home,24078,1,1,played,30,4,False,76,0,0,0,0,0,0,,,76,0,0
372808,Mateo Stamatov,2026-04-27T17:00:00+00:00,2025,BU1,1,False,4866429,31,40416,away,730,1,1,played,30,9,False,64,0,0,0,0,0,0,,,64,0,0
895475,Bozhidar Tomovski,2026-07-26T18:15:00+00:00,2026,BU1,1,False,4909871,2,40416,away,2259,1,2,in squad,20,,False,0,0,0,0,0,0,0,,,,0,0
895475,Bozhidar Tomovski,2026-07-18T16:00:00+00:00,2026,BU1,1,False,4909857,1,40416,home,40604,1,1,in squad,20,,False,0,0,0,0,0,0,0,,,,0,0
895475,Bozhidar Tomovski,2026-05-22T15:00:00+00:00,2025,BU1,1,False,4866453,37,40416,home,4362,1,1,played,20,0,False,16,0,0,0,0,0,0,89,74,,0,0
895475,Bozhidar Tomovski,2026-05-18T16:30:00+00:00,2025,BU1,1,False,4866447,36,40416,away,6764,1,0,played,20,0,False,16,0,0,0,0,0,0,,74,,0,0
895475,Bozhidar Tomovski,2026-05-14T12:15:00+00:00,2025,BU1,1,False,4866445,35,40416,home,9599,1,0,in squad,20,,False,0,0,0,0,0,0,0,,,,0,0
895475,Bozhidar Tomovski,2026-05-10T13:45:00+00:00,2025,BU1,1,False,4866439,34,40416,away,26462,1,1,in squad,20,,False,0,0,0,0,0,0,0,,,,0,0
895475,Bozhidar Tomovski,2026-05-06T14:30:00+00:00,2025,BU1,1,False,4866438,33,40416,away,675,1,2,not in squad,,,False,0,0,0,0,0,0,0,,,,0,0
895475,Bozhidar Tomovski,2026-05-01T14:30:00+00:00,2025,BU1,1,False,4866434,32,40416,home,24078,1,1,not in squad,,,False,0,0,0,0,0,0,0,,,,0,0
895475,Bozhidar Tomovski,2026-04-27T17:00:00+00:00,2025,BU1,1,False,4866429,31,40416,away,730,1,1,not in squad,,,False,0,0,0,0,0,0,0,,,,0,0
895475,Bozhidar Tomovski,2026-04-16T14:00:00+00:00,2025,BU1,1,False,4718170,30,40416,home,9599,0,0,not in squad,,,False,0,0,0,0,0,0,0,,,,0,0
315156,Robin Schouten,2026-05-22T15:00:00+00:00,2025,BU1,1,False,4866453,37,40416,home,4362,1,1,played,23,8,False,74,0,0,0,0,0,0,,,74,0,0
315156,Robin Schouten,2026-05-18T16:30:00+00:00,2025,BU1,1,False,4866447,36,40416,away,6764,1,0,played,23,8,False,74,0,0,0,0,0,0,,,74,0,0
315156,Robin Schouten,2026-05-14T12:15:00+00:00,2025,BU1,1,False,4866445,35,40416,home,9599,1,0,played,23,5,False,90,0,0,0,0,0,0,,,,0,0
315156,Robin Schouten,2026-05-10T13:45:00+00:00,2025,BU1,1,False,4866439,34,40416,away,26462,1,1,played,23,5,False,90,0,0,0,0,0,0,,,,0,0
315156,Robin Schouten,2026-05-06T14:30:00+00:00,2025,BU1,1,False,4866438,33,40416,away,675,1,2,played,23,0,False,31,0,1,0,0,0,0,,59,,0,0
315156,Robin Schouten,2026-05-01T14:30:00+00:00,2025,BU1,1,False,4866434,32,40416,home,24078,1,1,in squad,23,,False,0,0,0,0,0,0,0,,,,0,0
315156,Robin Schouten,2026-04-27T17:00:00+00:00,2025,BU1,1,False,4866429,31,40416,away,730,1,1,played,23,8,False,58,0,0,0,0,0,0,,,58,0,0
315156,Robin Schouten,2026-04-16T14:00:00+00:00,2025,BU1,1,False,4718170,30,40416,home,9599,0,0,in squad,23,,False,0,0,0,0,0,0,0,,,,0,0
315156,Robin Schouten,2026-04-10T15:00:00+00:00,2025,BU1,1,False,4718207,29,40416,away,675,2,1,in squad,23,,False,0,0,0,0,0,0,0,,,,0,0
315156,Robin Schouten,2026-04-06T14:00:00+00:00,2025,BU1,1,False,4718144,28,40416,home,26462,0,0,not in squad,,,False,0,0,0,0,0,0,0,,,,0,0
647950,Valentine Ozornwafor,2026-07-26T18:15:00+00:00,2026,BU1,1,False,4909871,2,40416,away,2259,1,2,in squad,26,,False,0,0,0,0,0,0,0,,,,0,0
647950,Valentine Ozornwafor,2026-07-18T16:00:00+00:00,2026,BU1,1,False,4909857,1,40416,home,40604,1,1,in squad,26,,False,0,0,0,0,0,0,0,,,,0,0
647950,Valentine Ozornwafor,2026-05-22T15:00:00+00:00,2025,BU1,1,False,4866453,37,40416,home,4362,1,1,played,26,3,False,90,0,0,0,0,0,0,,,,0,0
647950,Valentine Ozornwafor,2026-05-18T16:30:00+00:00,2025,BU1,1,False,4866447,36,40416,away,6764,1,0,played,26,3,False,81,1,0,0,0,0,0,,,81,0,0
647950,Valentine Ozornwafor,2026-05-14T12:15:00+00:00,2025,BU1,1,False,4866445,35,40416,home,9599,1,0,played,26,3,False,90,0,0,0,0,0,0,15,,,0,0
647950,Valentine Ozornwafor,2026-05-10T13:45:00+00:00,2025,BU1,1,False,4866439,34,40416,away,26462,1,1,not in squad,,,False,0,0,0,0,0,0,0,,,,0,0
647950,Valentine Ozornwafor,2026-05-06T14:30:00+00:00,2025,BU1,1,False,4866438,33,40416,away,675,1,2,played,26,3,False,90,0,0,0,0,0,0,90,,,0,0
647950,Valentine Ozornwafor,2026-05-01T14:30:00+00:00,2025,BU1,1,False,4866434,32,40416,home,24078,1,1,played,26,3,False,90,0,0,0,0,0,0,49,,,0,0
647950,Valentine Ozornwafor,2026-04-27T17:00:00+00:00,2025,BU1,1,False,4866429,31,40416,away,730,1,1,played,26,3,False,90,1,0,0,0,0,0,,,,0,0
647950,Valentine Ozornwafor,2026-04-16T14:00:00+00:00,2025,BU1,1,False,4718170,30,40416,home,9599,0,0,played,26,3,False,90,0,0,0,0,0,0,,,,0,0
351785,Dominik Ivkic,2026-05-22T15:00:00+00:00,2025,BU1,1,False,4866453,37,40416,home,4362,1,1,played,19,3,False,90,0,0,0,0,0,0,,,,0,0
351785,Dominik Ivkic,2026-05-18T16:30:00+00:00,2025,BU1,1,False,4866447,36,40416,away,6764,1,0,played,19,3,False,90,0,0,0,0,0,0,,,,0,0
351785,Dominik Ivkic,2026-05-14T12:15:00+00:00,2025,BU1,1,False,4866445,35,40416,home,9599,1,0,played,19,0,False,30,0,0,0,0,0,0,84,60,,0,0
351785,Dominik Ivkic,2026-05-10T13:45:00+00:00,2025,BU1,1,False,4866439,34,40416,away,26462,1,1,played,15,3,False,90,0,0,0,0,0,0,,,,0,0
351785,Dominik Ivkic,2026-05-06T14:30:00+00:00,2025,BU1,1,False,4866438,33,40416,away,675,1,2,played,19,3,False,90,1,0,0,0,0,0,,,,0,0
351785,Dominik Ivkic,2026-05-01T14:30:00+00:00,2025,BU1,1,False,4866434,32,40416,home,24078,1,1,played,19,0,False,10,0,0,0,0,0,0,,80,,0,0
351785,Dominik Ivkic,2026-04-27T17:00:00+00:00,2025,BU1,1,False,4866429,31,40416,away,730,1,1,played,19,3,False,90,0,1,0,0,0,0,,,,0,0
351785,Dominik Ivkic,2026-04-16T14:00:00+00:00,2025,BU1,1,False,4718170,30,40416,home,9599,0,0,played,19,3,False,90,0,0,0,0,0,0,,,,0,0
351785,Dominik Ivkic,2026-04-10T15:00:00+00:00,2025,BU1,1,False,4718207,29,40416,away,675,2,1,played,19,3,False,90,0,0,0,0,0,0,,,,0,0
351785,Dominik Ivkic,2026-04-06T14:00:00+00:00,2025,BU1,1,False,4718144,28,40416,home,26462,0,0,played,19,3,False,90,0,0,0,0,0,0,,,,0,0
945702,Sebas Wade,2026-07-26T18:15:00+00:00,2026,BU1,1,False,4909871,2,40416,away,2259,1,2,played,3,3,False,90,0,0,0,0,0,0,73,,,0,0
945702,Sebas Wade,2026-07-18T16:00:00+00:00,2026,BU1,1,False,4909857,1,40416,home,40604,1,1,played,3,3,False,90,1,0,0,0,0,0,,,,0,0
945702,Sebas Wade,2026-05-22T15:00:00+00:00,2025,BU1,1,False,4866453,37,40416,home,4362,1,1,played,3,0,False,7,0,0,0,0,0,0,90,83,,0,0
945702,Sebas Wade,2026-05-18T16:30:00+00:00,2025,BU1,1,False,4866447,36,40416,away,6764,1,0,played,3,0,False,9,0,0,0,0,0,0,,81,,0,0
945702,Sebas Wade,2026-05-14T12:15:00+00:00,2025,BU1,1,False,4866445,35,40416,home,9599,1,0,played,3,0,False,12,0,0,0,0,0,0,,78,,0,0
945702,Sebas Wade,2026-05-10T13:45:00+00:00,2025,BU1,1,False,4866439,34,40416,away,26462,1,1,played,3,3,False,90,0,0,0,0,0,0,,,,0,0
945702,Sebas Wade,2026-05-06T14:30:00+00:00,2025,BU1,1,False,4866438,33,40416,away,675,1,2,played,3,0,False,12,0,0,0,0,0,0,,78,,0,0
945702,Sebas Wade,2026-05-01T14:30:00+00:00,2025,BU1,1,False,4866434,32,40416,home,24078,1,1,played,3,0,False,14,0,0,0,0,0,0,,76,,0,0
945702,Sebas Wade,2026-04-27T17:00:00+00:00,2025,BU1,1,False,4866429,31,40416,away,730,1,1,played,3,0,False,26,0,0,0,0,0,0,,64,,0,0
945702,Sebas Wade,2026-04-16T14:00:00+00:00,2025,BU1,1,False,4718170,30,40416,home,9599,0,0,played,3,0,False,27,0,0,0,0,0,0,81,63,,0,0
1391951,Borislav Stoichkov,2026-07-26T18:15:00+00:00,2026,BU1,1,False,4909871,2,40416,away,2259,1,2,played,23,0,False,59,0,0,0,0,0,0,,31,,0,0
1391951,Borislav Stoichkov,2026-07-18T16:00:00+00:00,2026,BU1,1,False,4909857,1,40416,home,40604,1,1,in squad,23,,False,0,0,0,0,0,0,0,,,,0,0
1391951,Borislav Stoichkov,2026-06-07T08:30:00+00:00,2025,FS,11,True,4889234,41,27256,home,26099,3,0,played,2,4,False,69,0,0,0,0,0,0,,,69,0,0
1391951,Borislav Stoichkov,2026-06-04T15:00:00+00:00,2025,FS,11,True,4889233,36,27256,home,26099,1,0,played,2,4,False,72,0,0,0,0,0,0,,,72,0,0
1391951,Borislav Stoichkov,2026-05-22T15:00:00+00:00,2025,BU1,1,False,4866453,37,40416,home,4362,1,1,not in squad,,,False,0,0,0,0,0,0,0,,,,0,0
1391951,Borislav Stoichkov,2026-05-18T16:30:00+00:00,2025,BU1,1,False,4866447,36,40416,away,6764,1,0,not in squad,,,False,0,0,0,0,0,0,0,,,,0,0
1391951,Borislav Stoichkov,2026-05-14T12:15:00+00:00,2025,BU1,1,False,4866445,35,40416,home,9599,1,0,not in squad,,,False,0,0,0,0,0,0,0,,,,0,0
1391951,Borislav Stoichkov,2026-05-10T13:45:00+00:00,2025,BU1,1,False,4866439,34,40416,away,26462,1,1,not in squad,,,False,0,0,0,0,0,0,0,,,,0,0
1391951,Borislav Stoichkov,2026-05-06T14:30:00+00:00,2025,BU1,1,False,4866438,33,40416,away,675,1,2,not in squad,,,False,0,0,0,0,0,0,0,,,,0,0
1391951,Borislav Stoichkov,2026-05-01T14:30:00+00:00,2025,BU1,1,False,4866434,32,40416,home,24078,1,1,not in squad,,,False,0,0,0,0,0,0,0,,,,0,0
1052277,Kubrat Onasci,2026-07-26T18:15:00+00:00,2026,BU1,1,False,4909871,2,40416,away,2259,1,2,played,13,5,False,90,0,0,0,0,0,0,,,,0,0
1052277,Kubrat Onasci,2026-07-18T16:00:00+00:00,2026,BU1,1,False,4909857,1,40416,home,40604,1,1,played,13,5,False,90,0,0,0,0,0,0,55,,,0,0
1052277,Kubrat Onasci,2026-05-30T14:00:00+00:00,2025,FS,11,True,4893732,51,21361,home,16844,1,0,played,13,0,False,45,0,0,0,0,0,0,,46,,0,0
1052277,Kubrat Onasci,2026-05-22T15:00:00+00:00,2025,BU1,1,False,4866453,37,40416,home,4362,1,1,played,13,0,False,32,0,0,0,0,0,0,,58,,0,0
1052277,Kubrat Onasci,2026-05-18T16:30:00+00:00,2025,BU1,1,False,4866447,36,40416,away,6764,1,0,in squad,13,,False,0,0,0,0,0,0,0,88,,,0,0
1052277,Kubrat Onasci,2026-05-14T12:15:00+00:00,2025,BU1,1,False,4866445,35,40416,home,9599,1,0,absent,,,False,0,0,0,0,0,0,0,,,,0,1
1052277,Kubrat Onasci,2026-05-10T13:45:00+00:00,2025,BU1,1,False,4866439,34,40416,away,26462,1,1,played,13,3,False,90,0,0,0,0,0,0,64,,,0,0
1052277,Kubrat Onasci,2026-05-06T14:30:00+00:00,2025,BU1,1,False,4866438,33,40416,away,675,1,2,played,13,8,False,59,0,0,0,0,0,0,,,59,0,0
1052277,Kubrat Onasci,2026-05-01T14:30:00+00:00,2025,BU1,1,False,4866434,32,40416,home,24078,1,1,played,13,5,False,90,0,0,0,0,0,0,,,,0,0
1052277,Kubrat Onasci,2026-04-27T17:00:00+00:00,2025,BU1,1,False,4866429,31,40416,away,730,1,1,played,13,0,False,32,0,0,0,0,0,0,,58,,0,0
499449,Yoan Baurenski,2026-07-26T18:15:00+00:00,2026,BU1,1,False,4909871,2,40416,away,2259,1,2,played,5,6,False,85,0,0,0,0,0,0,,,85,0,0
499449,Yoan Baurenski,2026-07-18T16:00:00+00:00,2026,BU1,1,False,4909857,1,40416,home,40604,1,1,played,5,6,False,90,0,0,0,0,0,0,34,,,0,0
499449,Yoan Baurenski,2026-05-22T15:00:00+00:00,2025,BU1,1,False,4866453,37,40416,home,4362,1,1,played,5,6,False,90,0,0,0,0,0,0,,,,0,0
499449,Yoan Baurenski,2026-05-18T16:30:00+00:00,2025,BU1,1,False,4866447,36,40416,away,6764,1,0,played,5,6,False,90,0,0,0,0,0,0,,,,0,0
499449,Yoan Baurenski,2026-05-14T12:15:00+00:00,2025,BU1,1,False,4866445,35,40416,home,9599,1,0,played,5,6,False,90,0,0,0,0,0,0,,,,0,0
499449,Yoan Baurenski,2026-05-10T13:45:00+00:00,2025,BU1,1,False,4866439,34,40416,away,26462,1,1,played,5,6,False,69,0,1,0,0,0,0,,,69,0,0
499449,Yoan Baurenski,2026-05-06T14:30:00+00:00,2025,BU1,1,False,4866438,33,40416,away,675,1,2,played,5,6,False,90,0,0,0,0,0,0,,,,0,0
499449,Yoan Baurenski,2026-05-01T14:30:00+00:00,2025,BU1,1,False,4866434,32,40416,home,24078,1,1,played,5,6,False,90,0,0,0,0,0,0,51,,,0,0
499449,Yoan Baurenski,2026-04-27T17:00:00+00:00,2025,BU1,1,False,4866429,31,40416,away,730,1,1,played,5,6,False,83,0,0,0,0,0,0,,,83,0,0
499449,Yoan Baurenski,2026-04-16T14:00:00+00:00,2025,BU1,1,False,4718170,30,40416,home,9599,0,0,played,5,0,False,32,0,0,0,0,0,0,,58,,0,0
410616,Valon Hamdiu,2026-05-22T15:00:00+00:00,2025,BU1,1,False,4866453,37,40416,home,4362,1,1,not in squad,,,False,0,0,0,0,0,0,0,,,,0,0
410616,Valon Hamdiu,2026-05-18T16:30:00+00:00,2025,BU1,1,False,4866447,36,40416,away,6764,1,0,not in squad,,,False,0,0,0,0,0,0,0,,,,0,0
410616,Valon Hamdiu,2026-05-14T12:15:00+00:00,2025,BU1,1,False,4866445,35,40416,home,9599,1,0,not in squad,,,False,0,0,0,0,0,0,0,,,,0,0
410616,Valon Hamdiu,2026-05-10T13:45:00+00:00,2025,BU1,1,False,4866439,34,40416,away,26462,1,1,not in squad,,,False,0,0,0,0,0,0,0,,,,0,0
410616,Valon Hamdiu,2026-05-06T14:30:00+00:00,2025,BU1,1,False,4866438,33,40416,away,675,1,2,played,25,0,False,31,0,0,0,0,0,0,,59,,0,0
410616,Valon Hamdiu,2026-05-01T14:30:00+00:00,2025,BU1,1,False,4866434,32,40416,home,24078,1,1,not in squad,,,False,0,0,0,0,0,0,0,,,,0,0
410616,Valon Hamdiu,2026-04-27T17:00:00+00:00,2025,BU1,1,False,4866429,31,40416,away,730,1,1,not in squad,,,False,0,0,0,0,0,0,0,,,,0,0
410616,Valon Hamdiu,2026-04-16T14:00:00+00:00,2025,BU1,1,False,4718170,30,40416,home,9599,0,0,played,25,6,False,58,0,0,0,0,0,0,50,,58,0,0
410616,Valon Hamdiu,2026-04-10T15:00:00+00:00,2025,BU1,1,False,4718207,29,40416,away,675,2,1,played,25,6,False,84,0,0,0,0,0,0,,,84,0,0
410616,Valon Hamdiu,2026-04-06T14:00:00+00:00,2025,BU1,1,False,4718144,28,40416,home,26462,0,0,played,25,6,False,62,0,0,0,0,0,0,,,62,0,0
1042202,Victor Ochayi,2026-05-18T17:00:00+00:00,2025,ISRA,12,False,4865134,7,6105,away,6028,3,2,played,6,6,False,90,0,0,0,0,0,0,,,,0,0
1042202,Victor Ochayi,2026-05-13T17:00:00+00:00,2025,ISRA,12,False,4865153,6,6105,home,43119,0,1,played,6,6,False,61,0,0,2,1,0,1,,,61,0,0
1042202,Victor Ochayi,2026-05-10T17:00:00+00:00,2025,ISRA,12,False,4865147,5,6105,away,810,0,1,played,6,6,False,90,0,0,0,0,0,0,,,,0,0
1042202,Victor Ochayi,2026-05-03T17:00:00+00:00,2025,ISRA,12,False,4865155,4,6105,home,51070,0,3,played,6,6,False,75,0,0,0,0,0,0,,,75,0,0
1042202,Victor Ochayi,2026-04-28T16:00:00+00:00,2025,ISRA,12,False,4865158,3,6105,away,4769,1,1,played,6,6,False,83,0,0,0,0,0,0,,,83,0,0
1042202,Victor Ochayi,2026-04-25T17:00:00+00:00,2025,ISRA,12,False,4865142,2,6105,home,70178,1,2,played,6,7,False,83,1,0,1,1,0,0,,,83,0,0
1042202,Victor Ochayi,2026-04-18T16:50:00+00:00,2025,ISRA,12,False,4865138,1,6105,away,5223,1,2,played,6,6,False,90,0,0,0,0,0,0,89,,,0,0
1042202,Victor Ochayi,2026-04-11T17:00:00+00:00,2025,ISR1,1,False,4647085,26,6105,away,51070,0,0,played,6,6,False,90,0,0,1,0,1,0,,,,0,0
1042202,Victor Ochayi,2026-04-05T16:00:00+00:00,2025,ISR1,1,False,4647111,25,6105,home,5223,2,3,played,6,6,False,90,0,0,0,0,0,0,21,,,0,0
1042202,Victor Ochayi,2026-02-21T13:00:00+00:00,2025,ISR1,1,False,4647135,24,6105,away,119,2,3,played,6,6,False,90,0,0,0,0,0,0,,,,0,0
395697,Kléri Serber,2026-07-16T17:30:00+00:00,2026,ECLQ,10,False,4897254,2,17149,home,11540,1,2,played,17,0,False,10,0,0,0,0,0,0,90,80,,0,0
395697,Kléri Serber,2026-07-09T18:45:00+00:00,2026,ECLQ,10,False,4897228,1,17149,away,11540,1,1,in squad,17,,False,0,0,0,0,0,0,0,,,,0,0
395697,Kléri Serber,2026-05-15T17:00:00+00:00,2025,MT1P,1,False,4883055,1,17149,away,6335,2,0,played,17,0,False,62,0,1,0,0,0,0,57,,62,0,0
395697,Kléri Serber,2026-05-09T17:30:00+00:00,2025,MT1F,12,False,4883059,1,17149,away,10605,1,2,played,17,10,False,75,0,0,0,0,0,0,,,75,0,0
395697,Kléri Serber,2026-05-02T14:00:00+00:00,2025,MT1P,1,False,4878118,5,17149,away,6335,1,2,played,17,6,False,90,0,0,0,0,0,0,,,,0,0
395697,Kléri Serber,2026-04-25T14:00:00+00:00,2025,MT1P,1,False,4860688,4,17149,away,10603,4,1,played,17,0,False,27,0,1,0,0,0,0,,63,,0,0
395697,Kléri Serber,2026-04-19T15:30:00+00:00,2025,MT1P,1,False,4860681,3,17149,home,32130,3,0,played,17,0,False,3,0,0,0,0,0,0,,87,,0,0
395697,Kléri Serber,2026-04-15T16:00:00+00:00,2025,MT1P,1,False,4860670,2,17149,home,32768,0,1,not in squad,,,False,0,0,0,0,0,0,0,,,,0,0
395697,Kléri Serber,2026-04-11T15:30:00+00:00,2025,MT1P,1,False,4860664,1,17149,away,10605,2,3,not in squad,,,False,0,0,0,0,0,0,0,,,,0,0
395697,Kléri Serber,2026-03-15T15:00:00+00:00,2025,MT1P,1,False,4807448,11,17149,away,32125,1,2,in squad,17,,False,0,0,1,0,0,0,0,,,,0,0
877121,Zahari Atanasov,2026-07-26T18:15:00+00:00,2026,BU1,1,False,4909871,2,40416,away,2259,1,2,played,24,0,False,5,0,0,0,0,0,0,,85,,0,0
877121,Zahari Atanasov,2026-07-18T16:00:00+00:00,2026,BU1,1,False,4909857,1,40416,home,40604,1,1,played,24,12,False,45,0,0,0,0,0,0,,,46,0,0
877121,Zahari Atanasov,2026-05-23T15:00:00+00:00,2025,BU2,2,False,4718040,34,36821,home,9524,0,3,absent,,,False,0,0,0,0,0,0,0,,,,0,1
877121,Zahari Atanasov,2026-05-15T15:00:00+00:00,2025,BU2,2,False,4718038,33,36821,away,4503,2,5,played,4,0,False,90,0,0,0,0,0,0,58,,,0,0
877121,Zahari Atanasov,2026-05-11T15:00:00+00:00,2025,BU2,2,False,4718021,32,36821,away,40678,1,3,played,4,0,False,90,0,0,0,0,0,0,,,,0,0
877121,Zahari Atanasov,2026-04-25T14:00:00+00:00,2025,BU2,2,False,4718004,30,36821,away,19215,0,3,played,4,0,False,90,0,0,0,0,0,0,20,,,0,0
877121,Zahari Atanasov,2026-04-17T15:00:00+00:00,2025,BU2,2,False,4718001,29,36821,home,29268,2,2,played,4,0,False,90,0,0,0,0,0,0,65,,,0,0
877121,Zahari Atanasov,2026-04-09T16:30:00+00:00,2025,BU2,2,False,4717987,28,36821,away,109262,0,3,played,4,6,False,90,0,0,0,0,0,0,75,,,0,0
877121,Zahari Atanasov,2026-04-04T14:00:00+00:00,2025,BU2,2,False,4717982,27,36821,home,1851,2,1,played,4,0,False,45,0,0,0,0,0,0,,,46,0,0
877121,Zahari Atanasov,2026-03-29T13:30:00+00:00,2025,BU2,2,False,4717970,26,36821,away,19784,1,0,played,4,0,False,90,0,0,0,0,0,0,,,,0,0
717206,Valentin Nikolov,2025-12-20T13:00:00+00:00,2025,GRS2,2,False,4717715,15,21600,home,40445,2,2,not in squad,,,False,0,0,0,0,0,0,0,,,,0,0
717206,Valentin Nikolov,2025-12-14T13:00:00+00:00,2025,GRS2,2,False,4717704,14,21600,away,47,0,3,absent,,,False,0,0,0,0,0,0,0,,,,0,1
717206,Valentin Nikolov,2025-12-07T11:00:00+00:00,2025,GRS2,2,False,4717698,13,21600,home,3391,0,1,played,90,0,False,37,0,0,0,0,0,0,0,53,,0,0
717206,Valentin Nikolov,2025-11-30T12:00:00+00:00,2025,GRS2,2,False,4717688,12,21600,away,120649,0,3,not in squad,,,False,0,0,0,0,0,0,0,,,,0,0
717206,Valentin Nikolov,2025-11-23T13:00:00+00:00,2025,GRS2,2,False,4717676,11,21600,away,2671,0,1,played,90,0,False,8,0,0,0,0,0,0,,82,,0,0
717206,Valentin Nikolov,2025-11-15T12:00:00+00:00,2025,GRS2,2,False,4717667,10,21600,home,4585,0,1,in squad,90,,False,0,0,0,0,0,0,0,,,,0,0
717206,Valentin Nikolov,2025-11-09T13:00:00+00:00,2025,GRS2,2,False,4717655,9,21600,away,5572,0,6,played,90,0,False,45,0,0,0,0,0,0,,46,,0,0
717206,Valentin Nikolov,2025-11-01T13:00:00+00:00,2025,GRS2,2,False,4717648,8,21600,away,91869,0,3,played,90,0,False,31,0,0,0,0,0,0,,59,,0,0
717206,Valentin Nikolov,2025-10-26T13:00:00+00:00,2025,GRS2,2,False,4717636,7,21600,home,35433,0,1,not in squad,,,False,0,0,0,0,0,0,0,,,,0,0
717206,Valentin Nikolov,2025-10-18T13:00:00+00:00,2025,GRS2,2,False,4717627,6,21600,away,40445,0,1,played,90,0,False,45,0,0,0,0,0,0,,46,,0,0
280147,Ayoub Abou,2026-05-22T15:00:00+00:00,2025,BU1,1,False,4866453,37,40416,home,4362,1,1,played,18,6,False,58,0,0,0,0,0,0,,,58,0,0
280147,Ayoub Abou,2026-05-18T16:30:00+00:00,2025,BU1,1,False,4866447,36,40416,away,6764,1,0,played,18,6,False,66,0,0,0,0,0,0,,,66,0,0
280147,Ayoub Abou,2026-05-14T12:15:00+00:00,2025,BU1,1,False,4866445,35,40416,home,9599,1,0,played,18,7,False,78,0,0,0,0,0,0,,,78,0,0
280147,Ayoub Abou,2026-05-10T13:45:00+00:00,2025,BU1,1,False,4866439,34,40416,away,26462,1,1,played,18,7,False,81,0,0,0,0,0,0,,,81,0,0
280147,Ayoub Abou,2026-05-06T14:30:00+00:00,2025,BU1,1,False,4866438,33,40416,away,675,1,2,played,18,6,False,59,0,0,0,0,0,0,,,59,0,0
280147,Ayoub Abou,2026-05-01T14:30:00+00:00,2025,BU1,1,False,4866434,32,40416,home,24078,1,1,played,18,7,False,90,0,0,0,0,0,0,,,,0,0
280147,Ayoub Abou,2026-04-27T17:00:00+00:00,2025,BU1,1,False,4866429,31,40416,away,730,1,1,played,18,6,False,83,0,0,0,0,0,0,,,83,0,0
280147,Ayoub Abou,2026-04-16T14:00:00+00:00,2025,BU1,1,False,4718170,30,40416,home,9599,0,0,played,18,6,False,90,0,0,0,0,0,0,,,,0,0
280147,Ayoub Abou,2026-04-10T15:00:00+00:00,2025,BU1,1,False,4718207,29,40416,away,675,2,1,played,18,6,False,74,0,0,0,0,0,0,,,74,0,0
280147,Ayoub Abou,2026-04-06T14:00:00+00:00,2025,BU1,1,False,4718144,28,40416,home,26462,0,0,played,18,10,False,90,0,0,0,0,0,0,21,,,0,0
1168834,Preslav Georgiev,2026-07-26T18:15:00+00:00,2026,BU1,1,False,4909871,2,40416,away,2259,1,2,not in squad,,,False,0,0,0,0,0,0,0,,,,0,0
1168834,Preslav Georgiev,2026-07-18T16:00:00+00:00,2026,BU1,1,False,4909857,1,40416,home,40604,1,1,played,22,10,False,24,0,0,0,0,0,0,,,24,0,0
1168834,Preslav Georgiev,2026-05-22T15:00:00+00:00,2025,BU1,1,False,4866453,37,40416,home,4362,1,1,not in squad,,,False,0,0,0,0,0,0,0,,,,0,0
1168834,Preslav Georgiev,2026-05-18T16:30:00+00:00,2025,BU1,1,False,4866447,36,40416,away,6764,1,0,not in squad,,,False,0,0,0,0,0,0,0,,,,0,0
1168834,Preslav Georgiev,2026-05-14T12:15:00+00:00,2025,BU1,1,False,4866445,35,40416,home,9599,1,0,not in squad,,,False,0,0,0,0,0,0,0,,,,0,0
1168834,Preslav Georgiev,2026-05-10T13:45:00+00:00,2025,BU1,1,False,4866439,34,40416,away,26462,1,1,played,22,0,False,21,0,0,0,0,0,0,75,69,,0,0
1168834,Preslav Georgiev,2026-05-06T14:30:00+00:00,2025,BU1,1,False,4866438,33,40416,away,675,1,2,in squad,22,,False,0,0,0,0,0,0,0,,,,0,0
1168834,Preslav Georgiev,2026-05-01T14:30:00+00:00,2025,BU1,1,False,4866434,32,40416,home,24078,1,1,in squad,22,,False,0,0,0,0,0,0,0,,,,0,0
1168834,Preslav Georgiev,2026-04-27T17:00:00+00:00,2025,BU1,1,False,4866429,31,40416,away,730,1,1,played,22,0,False,7,0,0,0,0,0,0,,83,,0,0
1168834,Preslav Georgiev,2026-04-16T14:00:00+00:00,2025,BU1,1,False,4718170,30,40416,home,9599,0,0,played,22,0,False,32,0,0,0,0,0,0,,58,,0,0
1084761,Dimitar Chelebiev,2026-05-22T15:00:00+00:00,2025,BU1,1,False,4866453,37,40416,home,4362,1,1,not in squad,,,False,0,0,0,0,0,0,0,,,,0,0
1084761,Dimitar Chelebiev,2026-05-18T16:30:00+00:00,2025,BU1,1,False,4866447,36,40416,away,6764,1,0,not in squad,,,False,0,0,0,0,0,0,0,,,,0,0
1084761,Dimitar Chelebiev,2026-05-14T12:15:00+00:00,2025,BU1,1,False,4866445,35,40416,home,9599,1,0,not in squad,,,False,0,0,0,0,0,0,0,,,,0,0
1084761,Dimitar Chelebiev,2026-05-10T13:45:00+00:00,2025,BU1,1,False,4866439,34,40416,away,26462,1,1,not in squad,,,False,0,0,0,0,0,0,0,,,,0,0
1084761,Dimitar Chelebiev,2026-05-06T14:30:00+00:00,2025,BU1,1,False,4866438,33,40416,away,675,1,2,not in squad,,,False,0,0,0,0,0,0,0,,,,0,0
1084761,Dimitar Chelebiev,2026-05-01T14:30:00+00:00,2025,BU1,1,False,4866434,32,40416,home,24078,1,1,not in squad,,,False,0,0,0,0,0,0,0,,,,0,0
1084761,Dimitar Chelebiev,2026-04-27T17:00:00+00:00,2025,BU1,1,False,4866429,31,40416,away,730,1,1,not in squad,,,False,0,0,0,0,0,0,0,,,,0,0
1084761,Dimitar Chelebiev,2026-04-16T14:00:00+00:00,2025,BU1,1,False,4718170,30,40416,home,9599,0,0,not in squad,,,False,0,0,0,0,0,0,0,,,,0,0
1084761,Dimitar Chelebiev,2026-04-10T15:00:00+00:00,2025,BU1,1,False,4718207,29,40416,away,675,2,1,not in squad,,,False,0,0,0,0,0,0,0,,,,0,0
1084761,Dimitar Chelebiev,2026-04-06T14:00:00+00:00,2025,BU1,1,False,4718144,28,40416,home,26462,0,0,not in squad,,,False,0,0,0,0,0,0,0,,,,0,0
938464,Stoyan Stoichkov,2026-07-26T18:15:00+00:00,2026,BU1,1,False,4909871,2,40416,away,2259,1,2,in squad,28,,False,0,0,0,0,0,0,0,,,,0,0
938464,Stoyan Stoichkov,2026-07-18T16:00:00+00:00,2026,BU1,1,False,4909857,1,40416,home,40604,1,1,played,28,0,False,26,0,0,0,0,0,0,,64,,0,0
938464,Stoyan Stoichkov,2026-05-22T15:00:00+00:00,2025,BU1,1,False,4866453,37,40416,home,4362,1,1,in squad,28,,False,0,0,0,0,0,0,0,,,,0,0
938464,Stoyan Stoichkov,2026-05-18T16:30:00+00:00,2025,BU1,1,False,4866447,36,40416,away,6764,1,0,played,28,0,False,16,0,0,0,0,0,0,,74,,0,0
938464,Stoyan Stoichkov,2026-05-14T12:15:00+00:00,2025,BU1,1,False,4866445,35,40416,home,9599,1,0,played,28,11,False,60,0,0,0,0,0,0,,,60,0,0
938464,Stoyan Stoichkov,2026-05-10T13:45:00+00:00,2025,BU1,1,False,4866439,34,40416,away,26462,1,1,played,28,6,False,90,0,0,0,0,0,0,,,,0,0
938464,Stoyan Stoichkov,2026-05-06T14:30:00+00:00,2025,BU1,1,False,4866438,33,40416,away,675,1,2,in squad,28,,False,0,0,0,0,0,0,0,,,,0,0
938464,Stoyan Stoichkov,2026-05-01T14:30:00+00:00,2025,BU1,1,False,4866434,32,40416,home,24078,1,1,played,28,0,False,26,0,0,0,0,0,0,,64,,0,0
938464,Stoyan Stoichkov,2026-04-27T17:00:00+00:00,2025,BU1,1,False,4866429,31,40416,away,730,1,1,in squad,28,,False,0,0,0,0,0,0,0,,,,0,0
938464,Stoyan Stoichkov,2026-04-16T14:00:00+00:00,2025,BU1,1,False,4718170,30,40416,home,9599,0,0,in squad,28,,False,0,0,0,0,0,0,0,,,,0,0
1144101,Venislav Mihaylov,2026-07-26T18:15:00+00:00,2026,BU1,1,False,4909871,2,40416,away,2259,1,2,in squad,16,,False,0,0,0,0,0,0,0,,,,0,0
1144101,Venislav Mihaylov,2026-07-18T16:00:00+00:00,2026,BU1,1,False,4909857,1,40416,home,40604,1,1,in squad,16,,False,0,0,0,0,0,0,0,,,,0,0
1144101,Venislav Mihaylov,2026-05-22T15:00:00+00:00,2025,BU1,1,False,4866453,37,40416,home,4362,1,1,not in squad,,,False,0,0,0,0,0,0,0,,,,0,0
1144101,Venislav Mihaylov,2026-05-18T16:30:00+00:00,2025,BU1,1,False,4866447,36,40416,away,6764,1,0,not in squad,,,False,0,0,0,0,0,0,0,,,,0,0
1144101,Venislav Mihaylov,2026-05-14T12:15:00+00:00,2025,BU1,1,False,4866445,35,40416,home,9599,1,0,not in squad,,,False,0,0,0,0,0,0,0,,,,0,0
1144101,Venislav Mihaylov,2026-05-10T13:45:00+00:00,2025,BU1,1,False,4866439,34,40416,away,26462,1,1,not in squad,,,False,0,0,0,0,0,0,0,,,,0,0
1144101,Venislav Mihaylov,2026-05-06T14:30:00+00:00,2025,BU1,1,False,4866438,33,40416,away,675,1,2,not in squad,,,False,0,0,0,0,0,0,0,,,,0,0
1144101,Venislav Mihaylov,2026-05-01T14:30:00+00:00,2025,BU1,1,False,4866434,32,40416,home,24078,1,1,not in squad,,,False,0,0,0,0,0,0,0,,,,0,0
1144101,Venislav Mihaylov,2026-04-27T17:00:00+00:00,2025,BU1,1,False,4866429,31,40416,away,730,1,1,not in squad,,,False,0,0,0,0,0,0,0,,,,0,0
1144101,Venislav Mihaylov,2026-04-16T14:00:00+00:00,2025,BU1,1,False,4718170,30,40416,home,9599,0,0,not in squad,,,False,0,0,0,0,0,0,0,,,,0,0
395243,Nicolas Fontaine,2026-07-26T18:15:00+00:00,2026,BU1,1,False,4909871,2,40416,away,2259,1,2,played,17,0,False,12,0,0,0,0,0,0,,78,,0,0
395243,Nicolas Fontaine,2026-07-18T16:00:00+00:00,2026,BU1,1,False,4909857,1,40416,home,40604,1,1,not in squad,,,False,0,0,0,0,0,0,0,,,,0,0
395243,Nicolas Fontaine,2026-06-02T17:00:00+00:00,2025,FS,11,True,4886997,22,14635,away,3575,0,4,not in squad,,,False,0,0,0,0,0,0,0,,,,0,0
395243,Nicolas Fontaine,2026-05-22T15:00:00+00:00,2025,BU1,1,False,4866453,37,40416,home,4362,1,1,played,17,10,False,83,0,0,0,0,0,0,34,,83,0,0
395243,Nicolas Fontaine,2026-05-18T16:30:00+00:00,2025,BU1,1,False,4866447,36,40416,away,6764,1,0,played,17,10,False,74,0,0,0,0,0,0,,,74,0,0
395243,Nicolas Fontaine,2026-05-14T12:15:00+00:00,2025,BU1,1,False,4866445,35,40416,home,9599,1,0,played,17,12,False,78,0,1,0,0,0,0,,,78,0,0
395243,Nicolas Fontaine,2026-05-10T13:45:00+00:00,2025,BU1,1,False,4866439,34,40416,away,26462,1,1,played,17,0,False,9,0,0,0,0,0,0,,81,,0,0
395243,Nicolas Fontaine,2026-05-06T14:30:00+00:00,2025,BU1,1,False,4866438,33,40416,away,675,1,2,not in squad,,,False,0,0,0,0,0,0,0,,,,0,0
395243,Nicolas Fontaine,2026-05-01T14:30:00+00:00,2025,BU1,1,False,4866434,32,40416,home,24078,1,1,played,17,11,False,80,1,0,0,0,0,0,,,80,0,0
395243,Nicolas Fontaine,2026-04-27T17:00:00+00:00,2025,BU1,1,False,4866429,31,40416,away,730,1,1,played,17,10,False,90,0,0,0,0,0,0,,,,0,0
837378,Stefan Stojanovic,2026-05-22T15:00:00+00:00,2025,BU1,1,False,4866453,37,40416,home,4362,1,1,played,10,10,False,74,0,0,0,0,0,0,,,74,0,0
837378,Stefan Stojanovic,2026-05-18T16:30:00+00:00,2025,BU1,1,False,4866447,36,40416,away,6764,1,0,played,10,10,False,66,0,0,0,0,0,0,,,66,0,0
837378,Stefan Stojanovic,2026-05-14T12:15:00+00:00,2025,BU1,1,False,4866445,35,40416,home,9599,1,0,in squad,10,,False,0,0,0,0,0,0,0,,,,0,0
837378,Stefan Stojanovic,2026-05-10T13:45:00+00:00,2025,BU1,1,False,4866439,34,40416,away,26462,1,1,played,10,0,False,11,0,0,0,0,0,0,,79,,0,0
837378,Stefan Stojanovic,2026-05-06T14:30:00+00:00,2025,BU1,1,False,4866438,33,40416,away,675,1,2,played,10,0,False,19,0,0,0,0,0,0,,71,,0,0
837378,Stefan Stojanovic,2026-05-01T14:30:00+00:00,2025,BU1,1,False,4866434,32,40416,home,24078,1,1,played,10,0,False,45,0,0,0,0,0,0,,46,,0,0
837378,Stefan Stojanovic,2026-04-27T17:00:00+00:00,2025,BU1,1,False,4866429,31,40416,away,730,1,1,played,10,0,False,26,0,0,0,0,0,0,,64,,0,0
837378,Stefan Stojanovic,2026-04-16T14:00:00+00:00,2025,BU1,1,False,4718170,30,40416,home,9599,0,0,played,10,14,False,75,0,0,0,0,0,0,,,75,0,0
837378,Stefan Stojanovic,2026-04-10T15:00:00+00:00,2025,BU1,1,False,4718207,29,40416,away,675,2,1,played,10,14,False,90,0,0,0,0,0,0,,,90,0,0
837378,Stefan Stojanovic,2026-04-06T14:00:00+00:00,2025,BU1,1,False,4718144,28,40416,home,26462,0,0,played,10,0,False,52,0,0,0,0,0,0,,38,,0,0
963150,Moi Parra,2026-05-23T16:30:00+00:00,2025,E3G2,3,False,4651389,38,16022,home,43454,3,1,not in squad,,,False,0,0,0,0,0,0,0,,,,0,0
963150,Moi Parra,2026-05-16T19:00:00+00:00,2025,E3G2,3,False,4651403,37,16022,away,11422,1,0,not in squad,,,False,0,0,0,0,0,0,0,,,,0,0
963150,Moi Parra,2026-05-10T16:45:00+00:00,2025,E3G2,3,False,4651380,36,16022,home,19301,1,0,not in squad,,,False,0,0,0,0,0,0,0,,,,0,0
963150,Moi Parra,2026-05-02T16:30:00+00:00,2025,E3G2,3,False,4651375,35,16022,away,2865,0,1,not in squad,,,False,0,0,0,0,0,0,0,,,,0,0
963150,Moi Parra,2026-04-25T16:30:00+00:00,2025,E3G2,3,False,4651342,34,16022,home,12567,2,1,played,17,11,False,18,0,0,0,0,0,0,,,18,0,0
963150,Moi Parra,2026-04-17T19:15:00+00:00,2025,E3G2,3,False,4651364,33,16022,away,171,3,2,played,17,14,False,68,0,1,0,0,0,0,,,68,0,0
963150,Moi Parra,2026-04-11T16:30:00+00:00,2025,E3G2,3,False,4651354,32,16022,away,7077,0,1,played,17,0,False,24,0,0,0,0,0,0,,66,,0,0
963150,Moi Parra,2026-04-04T16:30:00+00:00,2025,E3G2,3,False,4651319,31,16022,home,41403,2,3,played,17,11,False,68,0,1,0,0,0,0,,,68,0,0
963150,Moi Parra,2026-03-29T12:15:00+00:00,2025,E3G2,3,False,4651334,30,16022,away,3679,2,3,played,17,11,False,68,0,1,0,0,0,0,,,68,0,0
963150,Moi Parra,2026-03-21T17:30:00+00:00,2025,E3G2,3,False,4651290,29,16022,home,11972,0,1,played,17,11,False,73,0,0,0,0,0,0,,,73,0,0
730573,Faiz Mattoir,2026-06-09T09:30:00+00:00,2025,FS,11,True,4882358,35,16430,away,13485,1,0,not in squad,,,False,0,0,0,0,0,0,0,,,,0,0
730573,Faiz Mattoir,2026-05-22T15:00:00+00:00,2025,BU1,1,False,4866453,37,40416,home,4362,1,1,not in squad,,,False,0,0,0,0,0,0,0,,,,0,0
730573,Faiz Mattoir,2026-05-18T16:30:00+00:00,2025,BU1,1,False,4866447,36,40416,away,6764,1,0,not in squad,,,False,0,0,0,0,0,0,0,,,,0,0
730573,Faiz Mattoir,2026-05-14T12:15:00+00:00,2025,BU1,1,False,4866445,35,40416,home,9599,1,0,not in squad,,,False,0,0,0,0,0,0,0,,,,0,0
730573,Faiz Mattoir,2026-05-10T13:45:00+00:00,2025,BU1,1,False,4866439,34,40416,away,26462,1,1,in squad,24,,False,0,0,0,0,0,0,0,,,,0,0
730573,Faiz Mattoir,2026-05-06T14:30:00+00:00,2025,BU1,1,False,4866438,33,40416,away,675,1,2,not in squad,,,False,0,0,0,0,0,0,0,,,,0,0
730573,Faiz Mattoir,2026-05-01T14:30:00+00:00,2025,BU1,1,False,4866434,32,40416,home,24078,1,1,not in squad,,,False,0,0,0,0,0,0,0,,,,0,0
730573,Faiz Mattoir,2026-04-27T17:00:00+00:00,2025,BU1,1,False,4866429,31,40416,away,730,1,1,not in squad,,,False,0,0,0,0,0,0,0,,,,0,0
730573,Faiz Mattoir,2026-04-16T14:00:00+00:00,2025,BU1,1,False,4718170,30,40416,home,9599,0,0,not in squad,,,False,0,0,0,0,0,0,0,,,,0,0
730573,Faiz Mattoir,2026-04-10T15:00:00+00:00,2025,BU1,1,False,4718207,29,40416,away,675,2,1,not in squad,,,False,0,0,0,0,0,0,0,,,,0,0
1074383,Marsel Bibishkov,2026-07-26T20:00:00+00:00,2025,C220,17,True,4885552,1,27261,away,29432,3,0,played,7,0,False,19,0,0,1,0,1,0,,71,,0,0
1074383,Marsel Bibishkov,2026-07-25T02:00:00+00:00,2025,CDN1,1,False,4850876,14,94560,home,67000,1,0,not in squad,,,False,0,0,0,0,0,0,0,,,,0,0
1074383,Marsel Bibishkov,2026-07-17T23:00:00+00:00,2025,CDN1,1,False,4850873,13,94560,away,136159,5,1,not in squad,,,False,0,0,0,0,0,0,0,,,,0,0
1074383,Marsel Bibishkov,2026-07-12T23:30:00+00:00,2025,CAN,8,False,4884900,3,94560,away,4078,1,2,not in squad,,,False,0,0,0,0,0,0,0,,,,0,0
1074383,Marsel Bibishkov,2026-07-09T02:00:00+00:00,2025,CAN,8,False,4884896,2,94560,home,4078,1,2,not in squad,,,False,0,0,0,0,0,0,0,,,,0,0
1074383,Marsel Bibishkov,2026-07-04T23:00:00+00:00,2025,CDN1,1,False,4850868,12,94560,home,67002,4,0,not in squad,,,False,0,0,0,0,0,0,0,,,,0,0
1074383,Marsel Bibishkov,2026-07-01T17:00:00+00:00,2025,CDN1,1,False,4850865,11,94560,away,68029,2,3,not in squad,,,False,0,0,0,0,0,0,0,,,,0,0
1074383,Marsel Bibishkov,2026-06-14T22:00:00+00:00,2025,CDN1,1,False,4850862,10,94560,home,68221,2,1,not in squad,,,False,0,0,0,0,0,0,0,,,,0,0
1074383,Marsel Bibishkov,2026-06-11T17:00:00+00:00,2025,FS,11,True,4891474,34,27261,away,16373,1,6,not in squad,,,False,0,0,0,0,0,0,0,,,,0,0
1074383,Marsel Bibishkov,2026-06-08T13:00:00+00:00,2025,FS,11,True,4891473,33,27261,away,34868,1,2,not in squad,,,False,0,0,0,0,0,0,0,,,,0,0
1074383,Marsel Bibishkov,2026-06-06T13:00:00+00:00,2025,FS,11,True,4891471,32,27261,away,28425,0,1,not in squad,,,False,0,0,0,0,0,0,0,,,,0,0
1074383,Marsel Bibishkov,2026-06-06T02:00:00+00:00,2025,CDN1,1,False,4850855,9,94560,home,79097,2,1,not in squad,,,False,0,0,0,0,0,0,0,,,,0,0
1074383,Marsel Bibishkov,2026-06-01T16:30:00+00:00,2025,FS,11,True,4891249,30,27261,away,22991,2,0,not in squad,,,False,0,0,0,0,0,0,0,,,,0,0
1074383,Marsel Bibishkov,2026-05-30T19:00:00+00:00,2025,CDN1,1,False,4850852,8,94560,away,67001,0,1,not in squad,,,False,0,0,0,0,0,0,0,,,,0,0
1074383,Marsel Bibishkov,2026-05-23T22:00:00+00:00,2025,CDN1,1,False,4850832,7,94560,home,136159,1,1,not in squad,,,False,0,0,0,0,0,0,0,,,,0,0
1074383,Marsel Bibishkov,2026-05-18T01:00:00+00:00,2025,CDN1,1,False,4850850,6,94560,home,67000,0,2,not in squad,,,False,0,0,0,0,0,0,0,,,,0,0
1074383,Marsel Bibishkov,2026-05-10T22:00:00+00:00,2025,CAN,8,False,4861224,1,94560,home,141238,2,0,not in squad,,,False,0,0,0,0,0,0,0,,,,0,0
1074383,Marsel Bibishkov,2026-05-03T23:00:00+00:00,2025,CDN1,1,False,4850846,5,94560,away,68221,3,1,not in squad,,,False,0,0,0,0,0,0,0,,,,0,0
1172578,Ali Aruna,2026-07-27T16:00:00+00:00,2025,LET1,1,False,4821448,24,40880,home,107916,2,2,played,13,9,False,90,0,0,2,2,0,0,,,90,0,0
1172578,Ali Aruna,2026-07-20T16:00:00+00:00,2025,LET1,1,False,4821443,23,40880,away,40788,0,2,played,13,0,False,15,0,0,2,1,1,0,,75,,0,0
1172578,Ali Aruna,2026-07-12T14:00:00+00:00,2025,LETP,8,False,4908999,3,40880,away,90862,1,0,in squad,13,,False,0,0,0,0,0,0,0,,,,0,0
1172578,Ali Aruna,2026-07-05T13:00:00+00:00,2025,LET1,1,False,4821437,22,40880,home,28937,3,1,played,13,0,False,10,0,0,0,0,0,0,,80,,0,0
1172578,Ali Aruna,2026-06-29T15:00:00+00:00,2025,LET1,1,False,4821429,21,40880,away,27118,0,2,played,13,14,False,90,0,0,1,0,1,0,,,,0,0
1172578,Ali Aruna,2026-06-25T14:00:00+00:00,2025,LET1,1,False,4821424,20,40880,home,8606,0,0,played,13,14,False,90,0,0,0,0,0,0,,,,0,0
1172578,Ali Aruna,2026-06-20T13:00:00+00:00,2025,LET1,1,False,4821419,19,40880,away,28931,0,1,played,13,14,False,90,0,0,2,1,0,1,,,,0,0
1172578,Ali Aruna,2026-06-16T16:00:00+00:00,2025,LET1,1,False,4818579,18,40880,home,43162,1,0,played,13,14,False,90,1,0,5,3,1,1,,,,0,0
1172578,Ali Aruna,2026-06-13T13:00:00+00:00,2025,LET1,1,False,4818576,17,40880,home,33783,1,3,played,13,0,False,32,0,0,0,0,0,0,,58,,0,0
1172578,Ali Aruna,2026-05-29T15:00:00+00:00,2025,LET1,1,False,4818568,16,40880,away,48325,0,2,played,13,0,False,24,0,0,0,0,0,0,,66,,0,0
1172578,Ali Aruna,2026-05-25T15:00:00+00:00,2025,LET1,1,False,4818564,15,40880,away,107916,1,1,played,13,0,False,25,0,0,1,0,0,1,,65,,0,0
1172578,Ali Aruna,2026-05-20T16:00:00+00:00,2025,LET1,1,False,4818559,14,40880,home,40788,0,2,played,13,0,False,17,0,0,1,1,0,0,,73,,0,0
1172578,Ali Aruna,2026-05-15T15:00:00+00:00,2025,LET1,1,False,4818553,13,40880,home,28937,3,3,in squad,13,,False,0,0,0,0,0,0,0,,,,0,0
1172578,Ali Aruna,2026-05-11T15:00:00+00:00,2025,LET1,1,False,4818548,12,40880,home,27118,0,0,played,13,0,False,18,0,0,0,0,0,0,,72,,0,0
1172578,Ali Aruna,2026-05-07T17:00:00+00:00,2025,LET1,1,False,4818545,11,40880,away,8606,0,7,played,13,0,False,24,0,0,0,0,0,0,,66,,0,0
1172578,Ali Aruna,2026-05-02T12:00:00+00:00,2025,LET1,1,False,4818540,10,40880,home,28931,1,1,played,13,8,False,45,0,0,1,0,0,1,,,46,0,0
879827,Edney Ribeiro,2026-07-26T18:15:00+00:00,2026,BU1,1,False,4909871,2,40416,away,2259,1,2,played,15,14,False,90,0,0,0,0,0,0,,,,0,0
879827,Edney Ribeiro,2026-07-18T16:00:00+00:00,2026,BU1,1,False,4909857,1,40416,home,40604,1,1,played,7,14,False,87,0,0,0,0,0,0,,,87,0,0
879827,Edney Ribeiro,2026-05-22T15:00:00+00:00,2025,BU1,1,False,4866453,37,40416,home,4362,1,1,played,7,0,False,16,0,0,0,0,0,0,80,74,,0,0
879827,Edney Ribeiro,2026-05-18T16:30:00+00:00,2025,BU1,1,False,4866447,36,40416,away,6764,1,0,played,7,0,False,24,0,0,0,0,0,0,,66,,0,0
879827,Edney Ribeiro,2026-05-14T12:15:00+00:00,2025,BU1,1,False,4866445,35,40416,home,9599,1,0,played,7,0,False,34,0,0,0,0,0,0,90,56,,0,0
879827,Edney Ribeiro,2026-05-10T13:45:00+00:00,2025,BU1,1,False,4866439,34,40416,away,26462,1,1,played,7,14,False,79,1,0,0,0,0,0,,,79,0,0
879827,Edney Ribeiro,2026-05-06T14:30:00+00:00,2025,BU1,1,False,4866438,33,40416,away,675,1,2,played,7,14,False,71,0,0,0,0,0,0,,,71,0,0
879827,Edney Ribeiro,2026-05-01T14:30:00+00:00,2025,BU1,1,False,4866434,32,40416,home,24078,1,1,played,7,14,False,90,0,1,0,0,0,0,,,,0,0
879827,Edney Ribeiro,2026-04-27T17:00:00+00:00,2025,BU1,1,False,4866429,31,40416,away,730,1,1,played,7,10,False,64,0,0,0,0,0,0,,,64,0,0
879827,Edney Ribeiro,2026-04-16T14:00:00+00:00,2025,BU1,1,False,4718170,30,40416,home,9599,0,0,not in squad,,,False,0,0,0,0,0,0,0,,,,0,0
1100516,Aleksandar Dzhamov,2026-07-26T18:15:00+00:00,2026,BU1,1,False,4909871,2,40416,away,2259,1,2,played,11,12,False,85,1,0,0,0,0,0,,,85,0,0
1100516,Aleksandar Dzhamov,2026-07-18T16:00:00+00:00,2026,BU1,1,False,4909857,1,40416,home,40604,1,1,played,11,0,False,45,0,0,0,0,0,0,,46,,0,0
1100516,Aleksandar Dzhamov,2026-05-22T15:00:00+00:00,2025,BU1,1,False,4866453,37,40416,home,4362,1,1,not in squad,,,False,0,0,0,0,0,0,0,,,,0,0
1100516,Aleksandar Dzhamov,2026-05-18T16:30:00+00:00,2025,BU1,1,False,4866447,36,40416,away,6764,1,0,not in squad,,,False,0,0,0,0,0,0,0,,,,0,0
1100516,Aleksandar Dzhamov,2026-05-14T12:15:00+00:00,2025,BU1,1,False,4866445,35,40416,home,9599,1,0,not in squad,,,False,0,0,0,0,0,0,0,,,,0,0
1100516,Aleksandar Dzhamov,2026-05-10T13:45:00+00:00,2025,BU1,1,False,4866439,34,40416,away,26462,1,1,not in squad,,,False,0,0,0,0,0,0,0,,,,0,0
1100516,Aleksandar Dzhamov,2026-05-06T14:30:00+00:00,2025,BU1,1,False,4866438,33,40416,away,675,1,2,not in squad,,,False,0,0,0,0,0,0,0,,,,0,0
1100516,Aleksandar Dzhamov,2026-05-01T14:30:00+00:00,2025,BU1,1,False,4866434,32,40416,home,24078,1,1,not in squad,,,False,0,0,0,0,0,0,0,,,,0,0
1100516,Aleksandar Dzhamov,2026-04-27T17:00:00+00:00,2025,BU1,1,False,4866429,31,40416,away,730,1,1,not in squad,,,False,0,0,0,0,0,0,0,,,,0,0
1100516,Aleksandar Dzhamov,2026-04-16T14:00:00+00:00,2025,BU1,1,False,4718170,30,40416,home,9599,0,0,not in squad,,,False,0,0,0,0,0,0,0,,,,0,0
718243,Frantzety Herard,2026-07-26T18:15:00+00:00,2026,BU1,1,False,4909871,2,40416,away,2259,1,2,played,29,11,False,78,0,1,0,0,0,0,,,78,0,0
718243,Frantzety Herard,2026-07-18T16:00:00+00:00,2026,BU1,1,False,4909857,1,40416,home,40604,1,1,played,29,11,False,64,0,0,0,0,0,0,,,64,0,0
718243,Frantzety Herard,2026-05-22T15:00:00+00:00,2025,BU1,1,False,4866453,37,40416,home,4362,1,1,in squad,29,,False,0,0,0,0,0,0,0,,,,0,0
718243,Frantzety Herard,2026-05-18T16:30:00+00:00,2025,BU1,1,False,4866447,36,40416,away,6764,1,0,in squad,29,,False,0,0,0,0,0,0,0,,,,0,0
718243,Frantzety Herard,2026-05-14T12:15:00+00:00,2025,BU1,1,False,4866445,35,40416,home,9599,1,0,in squad,29,,False,0,0,0,0,0,0,0,,,,0,0
718243,Frantzety Herard,2026-05-10T13:45:00+00:00,2025,BU1,1,False,4866439,34,40416,away,26462,1,1,in squad,29,,False,0,0,0,0,0,0,0,,,,0,0
718243,Frantzety Herard,2026-05-06T14:30:00+00:00,2025,BU1,1,False,4866438,33,40416,away,675,1,2,played,29,0,False,12,0,0,0,0,0,0,,78,,0,0
718243,Frantzety Herard,2026-05-01T14:30:00+00:00,2025,BU1,1,False,4866434,32,40416,home,24078,1,1,played,29,12,False,45,0,0,0,0,0,0,,,46,0,0
718243,Frantzety Herard,2026-04-27T17:00:00+00:00,2025,BU1,1,False,4866429,31,40416,away,730,1,1,in squad,29,,False,0,0,0,0,0,0,0,,,,0,0
718243,Frantzety Herard,2026-04-16T14:00:00+00:00,2025,BU1,1,False,4718170,30,40416,home,9599,0,0,played,29,0,False,15,0,0,0,0,0,0,,75,,0,0
1142814,Nikola Genchev,2026-07-26T18:15:00+00:00,2026,BU1,1,False,4909871,2,40416,away,2259,1,2,not in squad,,,False,0,0,0,0,0,0,0,,,,0,0
1142814,Nikola Genchev,2026-07-18T16:00:00+00:00,2026,BU1,1,False,4909857,1,40416,home,40604,1,1,not in squad,,,False,0,0,0,0,0,0,0,,,,0,0
1142814,Nikola Genchev,2026-06-07T08:30:00+00:00,2025,FS,11,True,4889234,41,27256,home,26099,3,0,played,17,12,False,58,0,0,0,0,0,0,,,58,0,0
1142814,Nikola Genchev,2026-06-04T15:00:00+00:00,2025,FS,11,True,4889233,36,27256,home,26099,1,0,played,17,12,False,65,0,0,0,0,0,0,,,65,0,0
1142814,Nikola Genchev,2026-05-22T15:00:00+00:00,2025,BU1,1,False,4866453,37,40416,home,4362,1,1,not in squad,,,False,0,0,0,0,0,0,0,,,,0,0
1142814,Nikola Genchev,2026-05-18T16:30:00+00:00,2025,BU1,1,False,4866447,36,40416,away,6764,1,0,not in squad,,,False,0,0,0,0,0,0,0,,,,0,0
1142814,Nikola Genchev,2026-05-14T12:15:00+00:00,2025,BU1,1,False,4866445,35,40416,home,9599,1,0,not in squad,,,False,0,0,0,0,0,0,0,,,,0,0
1142814,Nikola Genchev,2026-05-10T13:45:00+00:00,2025,BU1,1,False,4866439,34,40416,away,26462,1,1,not in squad,,,False,0,0,0,0,0,0,0,,,,0,0
1142814,Nikola Genchev,2026-05-06T14:30:00+00:00,2025,BU1,1,False,4866438,33,40416,away,675,1,2,not in squad,,,False,0,0,0,0,0,0,0,,,,0,0
1142814,Nikola Genchev,2026-05-01T14:30:00+00:00,2025,BU1,1,False,4866434,32,40416,home,24078,1,1,not in squad,,,False,0,0,0,0,0,0,0,,,,0,0
1302210,Aleksandar Radkov,2024-12-03T10:30:00+00:00,2024,BU1,1,False,4373191,18,40416,away,61955,0,2,in squad,1,,False,0,0,0,0,0,0,0,,,,0,0
1302210,Aleksandar Radkov,2024-11-29T15:00:00+00:00,2024,BU1,1,False,4373190,17,40416,home,967,1,2,not in squad,,,False,0,0,0,0,0,0,0,,,,0,0
1302210,Aleksandar Radkov,2024-11-24T10:15:00+00:00,2024,BU1,1,False,4373176,16,40416,away,6764,0,2,not in squad,,,False,0,0,0,0,0,0,0,,,,0,0
1302210,Aleksandar Radkov,2024-11-09T15:30:00+00:00,2024,BU1,1,False,4373173,15,40416,away,156,3,2,not in squad,,,False,0,0,0,0,0,0,0,,,,0,0
1302210,Aleksandar Radkov,2024-11-04T15:30:00+00:00,2024,BU1,1,False,4373161,14,40416,home,2531,1,0,in squad,1,,False,0,0,0,0,0,0,0,,,,0,0
1302210,Aleksandar Radkov,2024-10-29T11:30:00+00:00,2024,BULP,8,False,4474645,1,40416,away,19214,1,2,in squad,1,,False,0,0,0,0,0,0,0,,,,0,0
1302210,Aleksandar Radkov,2024-10-25T11:00:00+00:00,2024,BU1,1,False,4373156,13,40416,away,40604,1,2,not in squad,,,False,0,0,0,0,0,0,0,,,,0,0
1302210,Aleksandar Radkov,2024-10-20T16:15:00+00:00,2024,BU1,1,False,4373116,8,40416,home,31614,0,2,in squad,12,,False,0,0,0,0,0,0,0,,,,0,0
1302210,Aleksandar Radkov,2024-10-05T14:30:00+00:00,2024,BU1,1,False,4373139,11,40416,away,208,1,0,not in squad,,,False,0,0,0,0,0,0,0,,,,0,0
1302210,Aleksandar Radkov,2024-09-30T17:00:00+00:00,2024,BU1,1,False,4373131,10,40416,home,9599,0,1,not in squad,,,False,0,0,0,0,0,0,0,,,,0,0
25838,Galin Ivanov,2026-07-26T18:15:00+00:00,2026,BU1,1,False,4909871,2,40416,away,2259,1,2,played,33,10,True,31,0,0,0,0,0,0,,,31,0,0
25838,Galin Ivanov,2026-07-18T16:00:00+00:00,2026,BU1,1,False,4909857,1,40416,home,40604,1,1,played,33,0,False,66,0,0,0,0,0,0,,24,,0,0
25838,Galin Ivanov,2026-05-22T15:00:00+00:00,2025,BU1,1,False,4866453,37,40416,home,4362,1,1,played,33,0,False,7,0,0,0,0,0,0,,83,,0,0
25838,Galin Ivanov,2026-05-18T16:30:00+00:00,2025,BU1,1,False,4866447,36,40416,away,6764,1,0,in squad,33,,False,0,0,0,0,0,0,0,,,,0,0
25838,Galin Ivanov,2026-05-14T12:15:00+00:00,2025,BU1,1,False,4866445,35,40416,home,9599,1,0,played,33,10,True,56,0,0,0,0,0,0,,,56,0,0
25838,Galin Ivanov,2026-05-10T13:45:00+00:00,2025,BU1,1,False,4866439,34,40416,away,26462,1,1,played,33,0,False,9,0,0,0,0,0,0,,81,,0,0
25838,Galin Ivanov,2026-05-06T14:30:00+00:00,2025,BU1,1,False,4866438,33,40416,away,675,1,2,played,33,10,True,78,0,0,0,0,0,0,,,78,0,0
25838,Galin Ivanov,2026-05-01T14:30:00+00:00,2025,BU1,1,False,4866434,32,40416,home,24078,1,1,played,33,10,True,64,0,0,0,0,0,0,,,64,0,0
25838,Galin Ivanov,2026-04-27T17:00:00+00:00,2025,BU1,1,False,4866429,31,40416,away,730,1,1,played,33,0,False,7,0,0,0,0,0,0,,83,,0,0
25838,Galin Ivanov,2026-04-16T14:00:00+00:00,2025,BU1,1,False,4718170,30,40416,home,9599,0,0,played,33,10,True,58,0,0,0,0,0,0,,,58,0,0
1182203,Viktor Dobrev,2026-07-26T18:15:00+00:00,2026,BU1,1,False,4909871,2,40416,away,2259,1,2,in squad,30,,False,0,0,0,0,0,0,0,,,,0,0
1182203,Viktor Dobrev,2026-07-18T16:00:00+00:00,2026,BU1,1,False,4909857,1,40416,home,40604,1,1,in squad,30,,False,0,0,0,0,0,0,0,,,,0,0
1182203,Viktor Dobrev,2026-03-30T10:00:00+00:00,2025,U17Q,20,True,4795223,6,35746,home,28030,3,0,in squad,8,,False,0,0,0,0,0,0,0,,,,0,0
1182203,Viktor Dobrev,2026-03-27T13:00:00+00:00,2025,U17Q,20,True,4795221,5,35746,home,36026,1,0,played,8,7,False,66,0,0,0,0,0,0,,,66,0,0
1182203,Viktor Dobrev,2026-03-24T13:00:00+00:00,2025,U17Q,20,True,4795219,4,35746,home,29840,1,1,played,8,0,False,22,0,0,0,0,0,0,,68,,0,0
1182203,Viktor Dobrev,2025-11-03T11:00:00+00:00,2025,U17Q,20,True,4659721,3,35746,away,30568,5,0,played,21,7,False,60,0,0,0,0,0,0,,,60,0,0
1182203,Viktor Dobrev,2025-10-31T12:00:00+00:00,2025,U17Q,20,True,4659714,2,35746,away,23140,1,1,played,21,6,False,71,0,1,0,0,0,0,,,71,0,0
1182203,Viktor Dobrev,2025-10-28T16:00:00+00:00,2025,U17Q,20,True,4659708,1,35746,away,25792,0,1,played,21,0,False,45,0,0,0,0,0,0,64,46,,0,0
1182203,Viktor Dobrev,2025-06-08T08:00:00+00:00,2024,FS,11,True,4623139,7,35746,away,44247,0,0,played,18,0,False,45,0,0,0,0,0,0,,46,,0,0
1182203,Viktor Dobrev,2025-06-05T15:30:00+00:00,2024,FS,11,True,4623138,6,35746,away,44247,2,0,played,18,0,False,62,0,0,0,0,0,0,,,62,0,0
1191843,Aleksandar Vutov,2026-07-26T18:15:00+00:00,2026,BU1,1,False,4909871,2,40416,away,2259,1,2,in squad,14,,False,0,0,0,0,0,0,0,,,,0,0
1191843,Aleksandar Vutov,2026-07-18T16:00:00+00:00,2026,BU1,1,False,4909857,1,40416,home,40604,1,1,in squad,14,,False,0,0,0,0,0,0,0,,,,0,0
1191843,Aleksandar Vutov,2026-03-30T10:00:00+00:00,2025,U17Q,20,True,4795223,6,35746,home,28030,3,0,played,6,6,False,81,0,0,0,0,0,0,,,81,0,0
1191843,Aleksandar Vutov,2026-03-27T13:00:00+00:00,2025,U17Q,20,True,4795221,5,35746,home,36026,1,0,played,6,6,False,59,0,0,0,0,0,0,,,59,0,0
1191843,Aleksandar Vutov,2026-03-24T13:00:00+00:00,2025,U17Q,20,True,4795219,4,35746,home,29840,1,1,played,6,10,False,83,0,0,0,0,0,0,,,83,0,0
1191843,Aleksandar Vutov,2025-11-03T11:00:00+00:00,2025,U17Q,20,True,4659721,3,35746,away,30568,5,0,played,6,7,False,45,0,0,0,0,0,0,,,46,0,0
1191843,Aleksandar Vutov,2025-10-31T12:00:00+00:00,2025,U17Q,20,True,4659714,2,35746,away,23140,1,1,played,6,3,False,90,0,0,0,0,0,0,73,,,0,0
1191843,Aleksandar Vutov,2025-10-28T16:00:00+00:00,2025,U17Q,20,True,4659708,1,35746,away,25792,0,1,played,6,6,False,90,0,0,0,0,0,0,,,,0,0
1191843,Aleksandar Vutov,2025-06-08T08:00:00+00:00,2024,FS,11,True,4623139,7,35746,away,44247,0,0,played,6,0,False,90,0,0,0,0,0,0,,,,0,0
1191843,Aleksandar Vutov,2025-06-05T15:30:00+00:00,2024,FS,11,True,4623138,6,35746,away,44247,2,0,played,6,7,False,90,0,0,0,0,0,0,,,,0,0
689350,Pedro Ferreira,2026-07-26T18:15:00+00:00,2026,BU1,1,False,4909871,2,40416,away,2259,1,2,played,6,6,False,90,0,0,0,0,0,0,7,,,0,0
689350,Pedro Ferreira,2026-07-18T16:00:00+00:00,2026,BU1,1,False,4909857,1,40416,home,40604,1,1,played,6,6,False,90,0,0,0,0,0,0,,,,0,0
689350,Pedro Ferreira,2026-05-03T15:30:00+00:00,2025,P3As,12,False,4813588,10,5222,home,2829,2,2,played,44,6,True,85,0,0,0,0,0,0,,,85,0,0
689350,Pedro Ferreira,2026-04-26T14:00:00+00:00,2025,P3As,12,False,4813580,9,5222,away,6023,0,1,played,44,6,False,45,0,0,0,0,0,0,,,46,0,0
689350,Pedro Ferreira,2026-04-18T14:00:00+00:00,2025,P3As,12,False,4813571,8,5222,home,15268,0,0,played,44,6,True,90,0,0,0,0,0,0,,,,0,0
689350,Pedro Ferreira,2026-04-12T14:00:00+00:00,2025,P3As,12,False,4813568,7,5222,home,10789,4,1,played,44,6,True,87,0,0,0,0,0,0,,,87,0,0
689350,Pedro Ferreira,2026-03-22T15:00:00+00:00,2025,P3As,12,False,4813562,6,5222,away,3326,0,1,played,44,6,True,90,0,0,0,0,0,0,,,,0,0
689350,Pedro Ferreira,2026-03-15T15:00:00+00:00,2025,P3As,12,False,4813552,5,5222,away,15268,1,3,played,44,6,False,90,0,0,0,0,0,0,24,,,0,0
689350,Pedro Ferreira,2026-03-08T15:00:00+00:00,2025,P3As,12,False,4813550,4,5222,home,3326,0,0,played,44,6,False,90,0,0,0,0,0,0,,,,0,0
689350,Pedro Ferreira,2026-03-01T15:00:00+00:00,2025,P3As,12,False,4813543,3,5222,away,10789,0,1,played,44,6,True,90,0,0,0,0,0,0,,,,0,0
700166,André Liberal,2026-07-26T18:15:00+00:00,2026,BU1,1,False,4909871,2,40416,away,2259,1,2,played,27,0,False,5,0,0,0,0,0,0,,85,,0,0
700166,André Liberal,2026-07-18T16:00:00+00:00,2026,BU1,1,False,4909857,1,40416,home,40604,1,1,played,27,0,False,3,0,0,0,0,0,0,,87,,0,0
700166,André Liberal,2026-05-01T14:00:00+00:00,2025,P3As,12,False,4813587,10,10140,home,1414,1,1,played,79,14,False,73,0,0,0,0,0,0,,,73,0,0
700166,André Liberal,2026-04-25T16:00:00+00:00,2025,P3As,12,False,4813579,9,10140,away,4275,1,1,played,79,14,False,74,0,0,0,0,0,0,61,,74,0,0
700166,André Liberal,2026-04-18T16:00:00+00:00,2025,P3As,12,False,4813572,8,10140,away,3275,0,1,played,79,14,False,90,0,0,0,0,0,0,,,,0,0
700166,André Liberal,2026-04-12T14:00:00+00:00,2025,P3As,12,False,4813565,7,10140,home,5227,2,1,played,79,14,False,77,1,0,0,0,0,0,,,77,0,0
700166,André Liberal,2026-03-21T17:00:00+00:00,2025,P3As,12,False,4813559,6,10140,away,13573,2,1,played,79,14,False,78,0,0,0,0,0,0,,,78,0,0
700166,André Liberal,2026-03-14T16:00:00+00:00,2025,P3As,12,False,4813553,5,10140,home,3275,1,3,played,79,14,False,90,0,0,0,0,0,0,,,90,0,0
700166,André Liberal,2026-03-07T15:00:00+00:00,2025,P3As,12,False,4813547,4,10140,home,13573,0,2,played,79,14,False,90,0,0,0,0,0,0,,,,0,0
700166,André Liberal,2026-02-28T15:00:00+00:00,2025,P3As,12,False,4813540,3,10140,away,5227,2,1,played,79,14,False,90,1,0,0,0,0,0,,,,0,0
