player_id,player_name,season,competition_id,club_id,is_national_team,matches_total,matches_played,matches_injured_absent,minutes,goals,assists,shots_total,shots_on_goal,yellow_cards
1003599,Gabriel Oksanen,2025,FIS,23777,False,3,0,0,0,0,0,0,0,0
1003599,Gabriel Oksanen,2025,FIL,23777,False,5,2,0,40,0,0,0,0,0
1003599,Gabriel Oksanen,2025,FI1,23777,False,7,0,0,0,0,0,0,0,0
1003599,Gabriel Oksanen,2025,ECLQ,23777,False,2,0,0,0,0,0,0,0,0
1003599,Gabriel Oksanen,2024,FIS,23777,False,3,2,0,123,0,0,0,0,0
1003599,Gabriel Oksanen,2024,FIL,23777,False,5,3,0,126,0,0,0,0,0
1003599,Gabriel Oksanen,2024,FI2,45310,False,13,13,0,1153,1,3,0,0,2
1003599,Gabriel Oksanen,2024,FI1,23777,False,22,6,0,395,0,0,2,1,2
1003599,Gabriel Oksanen,2024,F1CL,23777,False,10,0,0,0,0,0,0,0,0
1003599,Gabriel Oksanen,2023,YKCP,45310,False,6,4,0,316,0,0,0,0,1
1003599,Gabriel Oksanen,2023,FS,20793,True,7,5,0,246,0,0,0,0,2
1003599,Gabriel Oksanen,2023,FIS,45310,False,4,0,0,0,0,0,0,0,0
1003599,Gabriel Oksanen,2023,FIS,23777,False,5,1,0,11,0,0,0,0,0
1003599,Gabriel Oksanen,2023,FI2,45310,False,27,20,0,1654,0,6,0,0,2
1003599,Gabriel Oksanen,2023,FI1,23777,False,16,0,0,0,0,0,0,0,0
1003599,Gabriel Oksanen,2023,F1CL,23777,False,5,4,0,35,0,0,0,0,1
1003599,Gabriel Oksanen,2023,F1CE,23777,False,2,0,0,0,0,0,0,0,0
1003599,Gabriel Oksanen,2022,U17Q,20792,True,6,2,0,107,0,0,0,0,0
1003599,Gabriel Oksanen,2022,MNP3,45806,False,7,3,0,270,0,0,0,0,0
1003599,Gabriel Oksanen,2022,FS,20792,True,4,2,0,101,0,0,0,0,0
1003599,Gabriel Oksanen,2021,MNP3,45806,False,4,3,0,135,0,0,0,0,1
462698,Brooklyn Lyons-Foster,2026,ECLQ,920,False,2,2,0,137,0,0,0,0,1
462698,Brooklyn Lyons-Foster,2025,IRPO,920,False,1,1,0,45,0,0,0,0,0
462698,Brooklyn Lyons-Foster,2025,IR1,920,False,2,2,0,180,0,0,2,1,1
462698,Brooklyn Lyons-Foster,2025,FIS,1008,False,4,3,0,187,0,0,0,0,0
462698,Brooklyn Lyons-Foster,2025,FIL,1008,False,6,2,0,84,0,0,0,0,0
462698,Brooklyn Lyons-Foster,2025,FI1,1008,False,16,12,0,868,1,0,5,1,1
462698,Brooklyn Lyons-Foster,2025,ECLQ,1008,False,4,4,0,240,0,0,0,0,0
462698,Brooklyn Lyons-Foster,2024,UCOL,1008,False,6,6,0,267,0,0,0,0,2
462698,Brooklyn Lyons-Foster,2024,FIS,1008,False,5,3,0,225,0,0,0,0,1
462698,Brooklyn Lyons-Foster,2024,FIL,1008,False,7,6,0,403,0,0,0,0,0
462698,Brooklyn Lyons-Foster,2024,FI1,1008,False,22,12,0,634,3,0,7,3,2
462698,Brooklyn Lyons-Foster,2024,F1CL,1008,False,10,7,0,616,0,0,7,2,3
462698,Brooklyn Lyons-Foster,2024,ECLQ,1008,False,4,4,0,165,0,0,0,0,2
462698,Brooklyn Lyons-Foster,2024,CLQ,1008,False,2,2,0,67,0,0,0,0,1
462698,Brooklyn Lyons-Foster,2023,GBFL,9254,False,3,3,0,261,0,0,1,0,1
462698,Brooklyn Lyons-Foster,2023,GB21,9254,False,11,11,0,984,0,1,6,2,0
462698,Brooklyn Lyons-Foster,2023,FIS,1008,False,2,0,0,0,0,0,0,0,0
462698,Brooklyn Lyons-Foster,2023,FIL,1008,False,3,1,0,16,0,0,0,0,0
462698,Brooklyn Lyons-Foster,2023,FI1,1008,False,22,13,0,900,1,0,8,2,2
462698,Brooklyn Lyons-Foster,2023,F1CL,1008,False,5,5,0,340,0,0,2,0,2
462698,Brooklyn Lyons-Foster,2023,21PL,9254,False,6,0,0,0,0,0,0,0,0
462698,Brooklyn Lyons-Foster,2022,GBFL,9254,False,3,2,0,57,0,0,0,0,0
462698,Brooklyn Lyons-Foster,2022,GB21,9254,False,26,17,0,1287,0,0,17,2,5
462698,Brooklyn Lyons-Foster,2021,UCOL,148,False,6,0,0,0,0,0,0,0,0
462698,Brooklyn Lyons-Foster,2021,GBFL,9254,False,3,3,0,250,1,0,2,1,1
462698,Brooklyn Lyons-Foster,2021,GB21,9254,False,26,14,0,1070,0,0,19,2,3
462698,Brooklyn Lyons-Foster,2021,GB1,148,False,37,0,0,0,0,0,0,0,0
462698,Brooklyn Lyons-Foster,2021,FAC,148,False,3,0,0,0,0,0,0,0,0
462698,Brooklyn Lyons-Foster,2021,ECLQ,148,False,2,0,0,0,0,0,0,0,0
462698,Brooklyn Lyons-Foster,2021,CGB,148,False,5,0,0,0,0,0,0,0,0
462698,Brooklyn Lyons-Foster,2020,GB21,9254,False,24,21,0,1813,2,2,16,7,4
462698,Brooklyn Lyons-Foster,2019,GBFL,9254,False,3,2,0,169,0,0,0,0,0
462698,Brooklyn Lyons-Foster,2019,GB21,9254,False,18,14,0,965,0,0,5,1,1
462698,Brooklyn Lyons-Foster,2019,19YL,55834,False,6,2,0,175,0,0,0,0,0
462698,Brooklyn Lyons-Foster,2018,PLIC,9254,False,1,1,0,76,0,0,0,0,0
462698,Brooklyn Lyons-Foster,2018,GBFL,9254,False,2,2,0,103,0,0,0,0,0
462698,Brooklyn Lyons-Foster,2018,GB21,9254,False,8,7,0,544,0,0,0,0,1
462698,Brooklyn Lyons-Foster,2018,GB18,6928,False,22,13,0,877,1,0,6,2,1
462698,Brooklyn Lyons-Foster,2018,FAYC,6928,False,2,2,0,183,0,0,0,0,0
462698,Brooklyn Lyons-Foster,2018,19YL,55834,False,8,4,0,360,1,0,4,1,1
462698,Brooklyn Lyons-Foster,2017,PLIC,9254,False,2,2,0,180,0,0,0,0,0
462698,Brooklyn Lyons-Foster,2017,GBFL,9254,False,1,1,0,19,0,0,0,0,0
462698,Brooklyn Lyons-Foster,2017,GB21,9254,False,3,2,0,180,0,0,0,0,0
462698,Brooklyn Lyons-Foster,2017,GB18,6928,False,22,13,0,1150,0,0,0,0,2
462698,Brooklyn Lyons-Foster,2017,FAYC,6928,False,3,3,0,270,0,0,0,0,0
462698,Brooklyn Lyons-Foster,2017,19YL,55834,False,8,4,0,360,0,0,0,0,0
462698,Brooklyn Lyons-Foster,2016,U17Q,23260,True,3,2,0,137,0,0,0,0,0
462698,Brooklyn Lyons-Foster,2016,GB18,6928,False,1,1,0,90,0,0,0,0,0
462698,Brooklyn Lyons-Foster,2016,FS,23260,True,5,4,0,227,1,0,0,0,0
462698,Brooklyn Lyons-Foster,2016,18GB,6928,False,2,1,0,25,0,0,0,0,0
1120423,Tatu Hukkanen,2026,ELQ,6251,False,2,0,0,0,0,0,0,0,0
1120423,Tatu Hukkanen,2026,CLQ,6251,False,4,0,0,0,0,0,0,0,0
1120423,Tatu Hukkanen,2025,UCOL,6251,False,2,0,0,0,0,0,0,0,0
1120423,Tatu Hukkanen,2025,FIYK,95361,False,20,9,0,690,0,0,0,0,2
1120423,Tatu Hukkanen,2025,FIS,95361,False,3,1,0,90,0,0,0,0,0
1120423,Tatu Hukkanen,2025,FIS,6251,False,3,0,0,0,0,0,0,0,0
1120423,Tatu Hukkanen,2025,FIL,6251,False,4,2,0,119,0,0,0,0,2
1120423,Tatu Hukkanen,2025,FI1,6251,False,20,0,0,0,0,0,0,0,0
1120423,Tatu Hukkanen,2025,F18Q,140362,False,6,3,0,245,1,0,0,0,0
1120423,Tatu Hukkanen,2024,FS,20792,True,5,2,0,114,0,0,0,0,0
1120423,Tatu Hukkanen,2024,FIYK,95361,False,22,6,0,463,0,0,0,0,0
1120423,Tatu Hukkanen,2024,FIS,95361,False,3,1,0,90,0,0,0,0,0
1120423,Tatu Hukkanen,2024,FIS,6251,False,3,0,0,0,0,0,0,0,0
1120423,Tatu Hukkanen,2024,FIL,6251,False,6,1,0,4,0,0,0,0,0
1120423,Tatu Hukkanen,2024,FI3P,95361,False,5,0,0,0,0,0,0,0,0
1120423,Tatu Hukkanen,2024,FI1,6251,False,14,0,0,0,0,0,0,0,0
1120423,Tatu Hukkanen,2024,ECLQ,6251,False,4,0,0,0,0,0,0,0,0
1120423,Tatu Hukkanen,2023,FS,20792,True,3,3,0,129,0,0,0,0,0
1120423,Tatu Hukkanen,2023,FS,20791,True,8,7,0,393,0,0,0,0,1
1120423,Tatu Hukkanen,2023,FIYK,95361,False,22,11,0,838,1,0,0,0,2
1120423,Tatu Hukkanen,2023,FIS,6251,False,5,0,0,0,0,0,0,0,0
1120423,Tatu Hukkanen,2023,FIL,6251,False,6,1,0,19,0,0,0,0,0
1120423,Tatu Hukkanen,2023,FI3R,95361,False,5,2,0,180,0,0,0,0,2
1120423,Tatu Hukkanen,2023,FI1,6251,False,22,0,0,0,0,0,0,0,0
1120423,Tatu Hukkanen,2023,F1CL,6251,False,5,0,0,0,0,0,0,0,0
1120423,Tatu Hukkanen,2022,FINJ,19331,False,1,1,0,90,0,0,0,0,0
1120423,Tatu Hukkanen,2022,FI3C,95361,False,4,4,0,323,0,0,0,0,0
1364210,Miguel Yinkfu Chuye,2026,DFBJ,5343,False,1,0,0,0,0,0,0,0,0
1364210,Miguel Yinkfu Chuye,2026,19D9,5343,False,2,0,0,0,0,0,0,0,0
1364210,Miguel Yinkfu Chuye,2025,U17Q,20792,True,6,4,0,354,0,0,0,0,0
1364210,Miguel Yinkfu Chuye,2025,FS,20792,True,5,5,0,342,1,0,0,0,0
1364210,Miguel Yinkfu Chuye,2025,FIS,23564,False,1,1,0,90,0,0,0,0,0
1364210,Miguel Yinkfu Chuye,2025,FIL,23564,False,5,4,0,168,0,0,0,0,0
1364210,Miguel Yinkfu Chuye,2025,FI1,23564,False,13,0,0,0,0,0,0,0,0
1364210,Miguel Yinkfu Chuye,2025,F18Q,140347,False,10,8,0,692,2,0,0,0,2
1364210,Miguel Yinkfu Chuye,2025,AA17,20792,True,3,3,0,190,0,0,0,0,0
1364210,Miguel Yinkfu Chuye,2024,KOG2,46561,False,6,2,0,165,0,0,0,0,0
1364210,Miguel Yinkfu Chuye,2024,FS,20792,True,3,3,0,181,1,0,0,0,0
1364210,Miguel Yinkfu Chuye,2024,FS,20791,True,3,2,0,103,0,0,0,0,0
1364210,Miguel Yinkfu Chuye,2024,FIL,23564,False,2,2,0,54,0,0,0,0,0
1244111,Sayibu Yakubu,2026,TSP,13726,False,1,0,0,0,0,0,0,0,0
1244111,Sayibu Yakubu,2026,TS2,13726,False,4,4,0,358,0,0,0,0,0
1244111,Sayibu Yakubu,2025,YKCP,45310,False,1,1,0,90,0,0,0,0,0
1244111,Sayibu Yakubu,2025,FIS,23777,False,5,4,0,360,2,0,0,0,0
1244111,Sayibu Yakubu,2025,FIL,23777,False,5,3,0,117,0,0,0,0,0
1244111,Sayibu Yakubu,2025,FI2,45310,False,2,2,0,164,0,0,0,0,0
1244111,Sayibu Yakubu,2025,FI1,23777,False,16,9,0,737,1,1,9,2,3
1244111,Sayibu Yakubu,2024,YKCP,45310,False,4,0,0,0,0,0,0,0,0
1244111,Sayibu Yakubu,2024,KP3C,114334,False,5,4,0,224,0,0,0,0,1
1244111,Sayibu Yakubu,2024,FIS,45310,False,2,0,0,0,0,0,0,0,0
1244111,Sayibu Yakubu,2024,FI2,45310,False,27,2,0,180,0,0,0,0,1
1244111,Sayibu Yakubu,2023,YKCP,45310,False,3,2,0,103,0,0,0,0,0
1244111,Sayibu Yakubu,2023,KP3C,114334,False,5,1,0,90,0,0,0,0,0
1244111,Sayibu Yakubu,2023,FIS,45310,False,4,3,0,241,0,0,0,0,0
1244111,Sayibu Yakubu,2023,FIKP,114334,False,2,2,0,210,0,0,0,0,1
1244111,Sayibu Yakubu,2023,FI3C,114334,False,15,4,0,296,0,0,0,0,0
1244111,Sayibu Yakubu,2023,FI2,45310,False,27,18,0,1396,1,0,0,0,6
1063842,Luka Smyth,2026,GB3,1045,False,1,1,0,67,0,0,1,0,0
1063842,Luka Smyth,2026,CGB,1045,False,1,0,0,0,0,0,0,0,0
1063842,Luka Smyth,2025,FIS,1102,False,6,4,0,249,2,2,0,0,0
1063842,Luka Smyth,2025,FIL,1102,False,5,3,0,76,0,1,0,0,1
1063842,Luka Smyth,2025,FI1,1102,False,17,14,0,1056,7,0,52,27,2
1063842,Luka Smyth,2024,KP3C,70794,False,4,3,0,200,4,1,0,0,1
1063842,Luka Smyth,2024,FIS,70794,False,1,0,0,0,0,0,0,0,0
1063842,Luka Smyth,2024,FIS,1102,False,4,1,0,90,1,0,0,0,0
1063842,Luka Smyth,2024,FIL,1102,False,5,2,0,148,1,0,0,0,1
1063842,Luka Smyth,2024,FI3C,70794,False,16,1,0,45,1,1,0,0,0
1063842,Luka Smyth,2024,FI1,1102,False,22,1,0,19,0,0,0,0,0
1063842,Luka Smyth,2024,F1CC,1102,False,5,0,0,0,0,0,0,0,0
1063842,Luka Smyth,2023,FJE,15699,False,3,3,0,232,3,0,0,0,0
1063842,Luka Smyth,2023,FI1,1102,False,4,0,0,0,0,0,0,0,0
1063842,Luka Smyth,2023,F4LA,70794,False,4,4,0,309,11,0,0,0,1
1063842,Luka Smyth,2023,F1CL,1102,False,5,5,0,269,0,1,6,2,1
1063842,Luka Smyth,2023,F1CE,1102,False,1,1,0,45,0,0,2,2,0
1063842,Luka Smyth,2023,A2SW,26206,False,27,23,1,1663,10,0,0,0,6
1063842,Luka Smyth,2022,A2SW,26206,False,9,2,0,104,0,1,0,0,0
1063842,Luka Smyth,2022,A2SW,19820,False,20,14,0,647,3,1,21,9,3
1063842,Luka Smyth,2021,FFAC,8054,False,3,2,0,11,0,0,1,1,0
1063842,Luka Smyth,2021,A2SW,19820,False,5,2,0,154,0,2,2,1,0
741537,Ussumane Djaló,2026,PT3A,7056,False,2,0,0,0,0,0,0,0,0
741537,Ussumane Djaló,2025,PT3A,7056,False,18,2,0,73,0,0,0,0,0
741537,Ussumane Djaló,2025,POPO,7056,False,1,1,0,46,0,0,0,0,0
741537,Ussumane Djaló,2025,FIS,23777,False,5,4,0,282,2,1,0,0,0
741537,Ussumane Djaló,2025,FIL,23777,False,3,3,0,178,0,0,0,0,1
741537,Ussumane Djaló,2025,FI2,45310,False,5,5,0,357,1,0,0,0,1
741537,Ussumane Djaló,2025,FI1,23777,False,17,6,0,134,0,0,3,2,1
741537,Ussumane Djaló,2024,PO2,10331,False,6,0,0,0,0,0,0,0,0
741537,Ussumane Djaló,2024,IJ1,12130,False,32,23,1,1323,1,0,0,0,5
741537,Ussumane Djaló,2024,CITP,12130,False,3,2,0,180,0,0,1,0,0
741537,Ussumane Djaló,2023,U19Q,16372,True,3,2,0,75,0,0,0,0,0
741537,Ussumane Djaló,2023,PO2,10331,False,19,9,0,172,0,0,2,1,1
741537,Ussumane Djaló,2023,GB21,36546,False,8,7,0,413,0,0,2,0,0
741537,Ussumane Djaló,2023,FS,16372,True,8,8,0,311,0,0,0,0,0
741537,Ussumane Djaló,2023,19YL,41588,False,5,5,0,372,1,2,0,0,1
741537,Ussumane Djaló,2022,FS,16371,True,12,11,0,587,0,0,0,0,2
741537,Ussumane Djaló,2022,19YL,41588,False,8,6,0,140,1,0,0,0,2
741537,Ussumane Djaló,2021,U17Q,23137,True,6,3,0,216,1,2,0,0,1
741537,Ussumane Djaló,2021,FS,23137,True,3,2,0,35,0,0,0,0,0
741537,Ussumane Djaló,2021,AA17,23137,True,3,3,0,111,0,0,0,0,0
741537,Ussumane Djaló,2021,17EU,23137,True,5,5,0,326,0,2,3,2,1
741537,Ussumane Djaló,2020,FS,31372,True,4,4,0,156,1,2,0,0,1
741537,Ussumane Djaló,2019,FS,30503,True,3,3,0,113,1,1,0,0,0
693981,Markus Arsalo,2025,FIS,23777,False,5,2,0,56,0,0,0,0,1
693981,Markus Arsalo,2025,FIL,23777,False,5,5,0,288,0,0,0,0,2
693981,Markus Arsalo,2025,FI1,7008,False,3,2,0,180,0,0,1,0,1
693981,Markus Arsalo,2025,FI1,23777,False,17,16,0,1112,0,0,15,1,1
693981,Markus Arsalo,2025,ECLQ,23777,False,2,2,0,180,1,0,0,0,0
693981,Markus Arsalo,2024,FIS,23777,False,3,3,0,225,0,1,0,0,1
693981,Markus Arsalo,2024,FIL,23777,False,5,5,0,318,0,0,0,0,0
693981,Markus Arsalo,2024,FI1,23777,False,22,21,0,1669,1,4,19,6,2
693981,Markus Arsalo,2024,F1CL,23777,False,10,10,0,749,1,1,12,2,1
693981,Markus Arsalo,2023,FIS,23777,False,6,5,0,457,1,0,0,0,1
693981,Markus Arsalo,2023,FIL,23777,False,5,5,0,196,0,0,0,0,0
693981,Markus Arsalo,2023,FI1,23777,False,22,21,0,1417,1,1,15,3,4
693981,Markus Arsalo,2023,F1CL,23777,False,5,5,0,450,0,0,10,1,0
693981,Markus Arsalo,2023,F1CE,23777,False,2,2,0,180,0,0,1,0,0
693981,Markus Arsalo,2022,YKCP,45310,False,2,1,0,90,0,0,0,0,0
693981,Markus Arsalo,2022,YKAU,45310,False,5,5,0,395,0,1,0,0,1
693981,Markus Arsalo,2022,FIS,23777,False,2,0,0,0,0,0,0,0,0
693981,Markus Arsalo,2022,FIL,23777,False,5,2,0,57,0,0,0,0,1
693981,Markus Arsalo,2022,FI2P,45310,False,2,2,0,210,0,1,0,0,1
693981,Markus Arsalo,2022,FI2,45310,False,22,13,0,1031,1,1,0,0,2
693981,Markus Arsalo,2022,FI1,23777,False,22,0,0,0,0,0,0,0,0
693981,Markus Arsalo,2022,F1CL,23777,False,5,0,0,0,0,0,0,0,0
693981,Markus Arsalo,2022,F1CE,23777,False,1,0,0,0,0,0,0,0,0
693981,Markus Arsalo,2022,ECLQ,8042,False,2,2,0,64,0,0,0,0,0
693981,Markus Arsalo,2021,FIS,8042,False,5,3,0,173,3,2,0,0,0
693981,Markus Arsalo,2021,FIL,8042,False,6,3,0,107,0,0,0,0,0
693981,Markus Arsalo,2021,FI1,8042,False,22,13,0,655,0,1,0,0,1
693981,Markus Arsalo,2021,F4LA,23197,False,1,1,0,81,1,0,0,0,1
693981,Markus Arsalo,2021,F1CL,8042,False,5,2,0,172,0,0,0,0,1
693981,Markus Arsalo,2021,F1CE,8042,False,1,1,0,6,0,0,0,0,0
693981,Markus Arsalo,2020,FIS,8042,False,5,0,0,0,0,0,0,0,0
693981,Markus Arsalo,2020,FI3B,23203,False,22,16,0,553,1,0,0,0,2
693981,Markus Arsalo,2020,FI1,8042,False,4,0,0,0,0,0,0,0,0
693981,Markus Arsalo,2019,FJE,20873,False,11,4,0,315,0,0,0,0,2
693981,Markus Arsalo,2019,FINJ,20873,False,9,7,0,607,1,0,0,0,1
693981,Markus Arsalo,2018,FJE,15697,False,7,2,0,25,0,0,0,0,0
530740,Yeboah Amankwah,2026,ECLQ,8042,False,4,3,0,15,0,0,0,0,0
530740,Yeboah Amankwah,2025,FIS,6017,False,4,3,0,270,0,0,0,0,0
530740,Yeboah Amankwah,2025,FIL,6017,False,2,2,0,68,0,0,0,0,0
530740,Yeboah Amankwah,2025,FI1,8042,False,4,2,0,180,0,0,0,0,0
530740,Yeboah Amankwah,2025,FI1,6017,False,16,12,0,1044,0,1,1,0,1
530740,Yeboah Amankwah,2024,CCB,5026,False,1,0,0,0,0,0,0,0,0
530740,Yeboah Amankwah,2024,BE5B,55263,False,2,2,0,180,0,0,0,0,0
530740,Yeboah Amankwah,2024,BE2,5026,False,29,10,3,400,0,0,1,1,2
530740,Yeboah Amankwah,2023,EJPD,5026,False,2,0,2,0,0,0,0,0,0
530740,Yeboah Amankwah,2023,CCB,5026,False,1,0,0,0,0,0,0,0,0
530740,Yeboah Amankwah,2023,BE2E,5026,False,4,0,4,0,0,0,0,0,0
530740,Yeboah Amankwah,2023,BE2,5026,False,30,15,14,1287,0,0,2,1,2
530740,Yeboah Amankwah,2022,GBFL,9265,False,1,0,0,0,0,0,0,0,0
530740,Yeboah Amankwah,2022,GB21,9265,False,5,0,0,0,0,0,0,0,0
530740,Yeboah Amankwah,2022,CCB,5026,False,2,1,0,90,0,0,0,0,0
530740,Yeboah Amankwah,2022,BE2A,5026,False,10,8,0,720,0,0,2,1,0
530740,Yeboah Amankwah,2022,BE2,5026,False,18,13,0,1107,0,0,1,1,0
530740,Yeboah Amankwah,2021,GBFL,9265,False,1,0,0,0,0,0,0,0,0
530740,Yeboah Amankwah,2021,GBFL,3688,False,4,2,0,47,0,0,0,0,0
530740,Yeboah Amankwah,2021,GB3,3688,False,42,24,0,1787,0,0,4,0,2
530740,Yeboah Amankwah,2021,GB21,9265,False,2,0,0,0,0,0,0,0,0
530740,Yeboah Amankwah,2021,FAC,3688,False,1,1,0,78,0,0,0,0,0
530740,Yeboah Amankwah,2020,GBFL,9265,False,2,0,2,0,0,0,0,0,0
530740,Yeboah Amankwah,2020,GBFL,1088,False,2,1,1,72,0,0,0,0,0
530740,Yeboah Amankwah,2020,GB3,1088,False,6,0,5,0,0,0,0,0,0
530740,Yeboah Amankwah,2020,GB21,9265,False,20,0,20,0,0,0,0,0,0
530740,Yeboah Amankwah,2020,CGB,1088,False,1,1,0,90,0,0,0,0,0
530740,Yeboah Amankwah,2019,GBFL,9265,False,5,2,0,180,0,0,0,0,0
530740,Yeboah Amankwah,2019,GB21,9265,False,18,6,0,428,0,0,2,0,0
530740,Yeboah Amankwah,2019,19YL,41593,False,6,2,0,167,0,0,0,0,0
530740,Yeboah Amankwah,2018,GB21,9265,False,1,0,0,0,0,0,0,0,0
530740,Yeboah Amankwah,2018,GB18,6930,False,22,19,0,1601,0,1,1,0,1
530740,Yeboah Amankwah,2018,FAYC,6930,False,6,1,0,11,0,0,0,0,0
530740,Yeboah Amankwah,2017,GB18,6930,False,22,12,0,657,0,1,0,0,1
530740,Yeboah Amankwah,2017,FAYC,6930,False,1,0,0,0,0,0,0,0,0
1373274,Dan Lauri,2025,U17Q,20792,True,6,1,0,90,0,0,0,0,0
1373274,Dan Lauri,2025,FS,20792,True,5,1,0,90,0,0,0,0,0
1373274,Dan Lauri,2025,FIS,2275,False,4,2,0,180,0,0,0,0,0
1373274,Dan Lauri,2025,FIL,2275,False,5,3,0,270,0,0,0,0,0
1373274,Dan Lauri,2025,FI2,17397,False,5,2,0,180,0,0,0,0,0
1373274,Dan Lauri,2025,FI1,2275,False,16,0,0,0,0,0,0,0,0
1373274,Dan Lauri,2025,AA17,20792,True,3,0,0,0,0,0,0,0,0
1373274,Dan Lauri,2024,YKCP,2275,False,6,0,0,0,0,0,0,0,0
1373274,Dan Lauri,2024,POFI,2275,False,2,2,0,180,0,0,0,0,0
1373274,Dan Lauri,2024,FIS,2275,False,3,1,0,90,0,0,0,0,0
1373274,Dan Lauri,2024,FI2,2275,False,27,8,0,720,0,0,0,0,0
918232,Oskari Paavola,2026,ECLQ,3189,False,2,0,0,0,0,0,0,0,0
918232,Oskari Paavola,2025,FIS,3189,False,4,0,0,0,0,0,0,0,0
918232,Oskari Paavola,2025,FIL,3189,False,6,3,0,50,0,0,0,0,0
918232,Oskari Paavola,2025,FI3B,52347,False,5,4,0,116,1,0,0,0,0
918232,Oskari Paavola,2025,FI2,1225,False,4,0,0,0,0,0,0,0,0
918232,Oskari Paavola,2025,FI1,3189,False,16,1,0,1,0,0,0,0,0
918232,Oskari Paavola,2024,KP3B,52347,False,5,5,0,421,5,0,0,0,0
918232,Oskari Paavola,2024,FIS,52347,False,2,2,0,162,0,0,0,0,0
918232,Oskari Paavola,2024,FINJ,46621,False,8,3,0,270,2,0,0,0,0
918232,Oskari Paavola,2024,FIKP,52347,False,4,3,0,206,0,0,0,0,0
918232,Oskari Paavola,2024,FI3B,52347,False,18,18,0,1416,11,1,0,0,2
918232,Oskari Paavola,2024,ECLQ,3189,False,4,0,0,0,0,0,0,0,0
918232,Oskari Paavola,2023,FJE,46621,False,11,1,0,90,2,0,0,0,0
918232,Oskari Paavola,2023,FIS,52347,False,2,2,0,123,0,0,0,0,1
918232,Oskari Paavola,2023,FIS,3189,False,1,0,0,0,0,0,0,0,0
918232,Oskari Paavola,2023,FINJ,46621,False,4,1,0,90,1,0,0,0,0
918232,Oskari Paavola,2023,FI3B,52347,False,20,16,0,1072,8,0,0,0,2
918232,Oskari Paavola,2023,FI1,3189,False,17,0,0,0,0,0,0,0,0
918232,Oskari Paavola,2023,F3KB,52347,False,4,0,0,0,0,0,0,0,0
918232,Oskari Paavola,2023,F1CL,3189,False,5,0,0,0,0,0,0,0,0
918232,Oskari Paavola,2022,FJE,46621,False,11,9,0,600,6,0,0,0,0
918232,Oskari Paavola,2022,FIS,52347,False,1,1,0,90,0,0,0,0,0
918232,Oskari Paavola,2022,FINJ,46621,False,18,8,0,607,7,0,0,0,0
918232,Oskari Paavola,2022,FI3B,52347,False,22,20,0,1040,6,0,0,0,4
918232,Oskari Paavola,2020,FINJ,46621,False,1,1,0,29,0,0,0,0,0
1264298,Elmeri Lappalainen,2026,U19Q,20794,True,3,0,0,0,0,0,0,0,0
1264298,Elmeri Lappalainen,2025,U19Q,20794,True,3,1,0,1,0,0,0,0,0
1264298,Elmeri Lappalainen,2025,FIYK,20957,False,7,7,0,501,1,0,0,0,0
1264298,Elmeri Lappalainen,2025,FIS,23564,False,1,1,0,45,1,0,0,0,0
1264298,Elmeri Lappalainen,2025,FIL,23564,False,5,5,0,182,0,0,0,0,0
1264298,Elmeri Lappalainen,2025,FI2,17397,False,3,2,0,180,0,0,0,0,0
1264298,Elmeri Lappalainen,2025,FI1,23564,False,17,0,0,0,0,0,0,0,0
1264298,Elmeri Lappalainen,2024,FS,20793,True,2,1,0,61,0,0,0,0,0
1264298,Elmeri Lappalainen,2024,FIYK,20957,False,4,4,0,256,0,0,0,0,1
1264298,Elmeri Lappalainen,2024,FIS,23564,False,4,1,0,90,0,1,0,0,0
1264298,Elmeri Lappalainen,2024,FIL,23564,False,5,5,0,264,0,0,0,0,2
1264298,Elmeri Lappalainen,2024,FI2,8807,False,11,9,0,495,0,0,0,0,1
1264298,Elmeri Lappalainen,2024,FI1,23564,False,16,0,0,0,0,0,0,0,0
1264298,Elmeri Lappalainen,2023,FIYK,20957,False,22,8,0,367,3,0,0,0,0
1264298,Elmeri Lappalainen,2023,FIS,20957,False,2,0,0,0,0,0,0,0,0
1264298,Elmeri Lappalainen,2023,FI3R,20957,False,5,4,0,360,5,0,0,0,0
654245,Ramilson Almeida,2025,FIS,23564,False,1,0,0,0,0,0,0,0,0
654245,Ramilson Almeida,2025,FIL,23564,False,1,0,0,0,0,0,0,0,0
654245,Ramilson Almeida,2025,FI1,23564,False,17,3,0,270,0,0,0,0,0
654245,Ramilson Almeida,2024,YKCP,22890,False,4,2,0,180,0,0,0,0,0
654245,Ramilson Almeida,2024,FIS,22890,False,5,3,0,270,0,0,0,0,0
654245,Ramilson Almeida,2024,FI2,22890,False,27,21,0,1890,0,0,0,0,2
654245,Ramilson Almeida,2023,FIS,22890,False,5,4,0,360,0,0,0,0,1
654245,Ramilson Almeida,2023,FIL,22890,False,5,4,0,360,0,0,0,0,1
654245,Ramilson Almeida,2023,FI1,22890,False,22,19,0,1710,0,0,0,0,4
654245,Ramilson Almeida,2023,F1CC,22890,False,5,5,0,450,0,1,0,0,1
654245,Ramilson Almeida,2022,YKCP,22890,False,4,4,0,360,0,0,0,0,0
654245,Ramilson Almeida,2022,YKAU,22890,False,5,5,0,433,0,0,0,0,0
654245,Ramilson Almeida,2022,KOG1,75681,False,1,1,0,90,0,0,0,0,0
654245,Ramilson Almeida,2022,FIS,22890,False,4,1,0,90,0,0,0,0,0
654245,Ramilson Almeida,2022,FI2,22890,False,22,20,0,1800,0,0,0,0,3
654245,Ramilson Almeida,2021,FIS,44037,False,1,0,0,0,0,0,0,0,0
654245,Ramilson Almeida,2021,FIS,20924,False,1,1,0,90,0,0,0,0,0
654245,Ramilson Almeida,2021,FIL,20924,False,3,1,0,45,0,0,0,0,0
654245,Ramilson Almeida,2021,FI3A,44037,False,10,5,0,450,0,0,0,0,0
654245,Ramilson Almeida,2021,FI1,20924,False,10,10,0,900,0,0,0,0,0
654245,Ramilson Almeida,2021,F1CC,20924,False,5,4,0,360,0,0,0,0,0
654245,Ramilson Almeida,2020,FI3A,11149,False,22,0,0,0,0,0,0,0,0
654245,Ramilson Almeida,2019,FJE,20880,False,10,10,0,855,0,0,0,0,1
654245,Ramilson Almeida,2019,FINJ,20880,False,9,8,0,720,0,0,0,0,0
654245,Ramilson Almeida,2019,FI3B,11149,False,17,13,0,1170,0,0,0,0,0
654245,Ramilson Almeida,2018,KOG1,11149,False,22,18,0,1499,0,0,0,0,1
654245,Ramilson Almeida,2018,FJE,20880,False,18,16,0,1408,0,0,0,0,0
654245,Ramilson Almeida,2018,FIP1,11149,False,1,1,0,120,0,0,0,0,0
654245,Ramilson Almeida,2018,FINJ,20880,False,7,5,0,450,0,0,0,0,0
654245,Ramilson Almeida,2017,BRA4,22782,False,1,0,0,0,0,0,0,0,0
208512,Álex Craninx,2025,FIS,23564,False,1,1,0,90,0,0,0,0,0
208512,Álex Craninx,2025,FIL,23564,False,5,3,0,270,0,0,0,0,0
208512,Álex Craninx,2025,FI1,23564,False,17,13,0,1170,0,1,0,0,1
208512,Álex Craninx,2024,FIS,23564,False,4,3,0,270,0,0,0,0,0
208512,Álex Craninx,2024,FIL,23564,False,5,4,0,360,0,0,0,0,0
208512,Álex Craninx,2024,FI1,23564,False,22,20,0,1723,0,0,0,0,2
208512,Álex Craninx,2024,F1CL,23564,False,10,9,0,759,0,0,0,0,2
208512,Álex Craninx,2023,E3G1,16486,False,4,0,0,0,0,0,0,0,0
208512,Álex Craninx,2022,UCOL,687,False,6,0,0,0,0,0,0,0,0
208512,Álex Craninx,2022,ECLQ,687,False,6,0,0,0,0,0,0,0,0
208512,Álex Craninx,2022,E3G1,16486,False,16,16,0,1440,0,0,0,0,1
208512,Álex Craninx,2021,NO1,687,False,19,0,0,0,0,0,0,0,0
208512,Álex Craninx,2021,EJPD,2715,False,2,0,0,0,0,0,0,0,0
208512,Álex Craninx,2021,ECLQ,687,False,2,0,0,0,0,0,0,0,0
208512,Álex Craninx,2021,BE1,2715,False,9,0,0,0,0,0,0,0,0
208512,Álex Craninx,2020,NOPO,687,False,2,1,0,90,0,0,0,0,0
208512,Álex Craninx,2020,NOPO,353,False,1,0,0,0,0,0,0,0,0
208512,Álex Craninx,2020,NO45,35022,False,1,1,0,90,0,0,0,0,0
208512,Álex Craninx,2020,NO1,687,False,16,0,0,0,0,0,0,0,0
208512,Álex Craninx,2020,NO1,353,False,13,2,0,180,0,0,0,0,0
208512,Álex Craninx,2020,EL,687,False,6,0,0,0,0,0,0,0,0
208512,Álex Craninx,2020,CLQ,687,False,5,0,0,0,0,0,0,0,0
208512,Álex Craninx,2019,NO1,687,False,30,3,0,270,0,0,0,0,0
208512,Álex Craninx,2019,ELQ,687,False,8,8,0,750,0,0,0,0,1
208512,Álex Craninx,2018,NOPO,687,False,3,3,0,267,0,0,0,0,0
208512,Álex Craninx,2018,NO41,35022,False,1,1,0,90,0,0,0,0,0
208512,Álex Craninx,2018,NO1,687,False,30,14,0,1260,0,0,0,0,0
208512,Álex Craninx,2018,ELQ,687,False,5,0,0,0,0,0,0,0,0
208512,Álex Craninx,2017,NTD,8621,False,18,10,0,900,0,0,0,0,0
208512,Álex Craninx,2017,NO1,687,False,14,0,0,0,0,0,0,0,0
208512,Álex Craninx,2017,NLP,468,False,1,0,0,0,0,0,0,0,0
208512,Álex Craninx,2017,NL1,468,False,20,0,0,0,0,0,0,0,0
208512,Álex Craninx,2017,ES3D,7077,False,15,0,0,0,0,0,0,0,0
208512,Álex Craninx,2017,ES2P,7077,False,6,0,0,0,0,0,0,0,0
208512,Álex Craninx,2016,ES3B,6767,False,38,3,0,270,0,0,0,0,0
208512,Álex Craninx,2015,ES3B,6767,False,38,1,0,90,0,0,0,0,0
208512,Álex Craninx,2015,ES2P,6767,False,4,0,0,0,0,0,0,0,0
208512,Álex Craninx,2013,U19Q,16338,True,3,1,0,90,0,0,0,0,0
208512,Álex Craninx,2013,FS,16338,True,4,2,0,180,0,0,0,0,0
208512,Álex Craninx,2013,ES3B,2868,False,4,0,0,0,0,0,0,0,0
208512,Álex Craninx,2013,19YL,41596,False,7,2,0,117,0,0,0,0,0
208512,Álex Craninx,2012,FS,16337,True,4,3,0,205,0,0,0,0,0
208512,Álex Craninx,2011,U17Q,23219,True,3,0,0,0,0,0,0,0,0
208512,Álex Craninx,2011,17EU,23219,True,3,0,0,0,0,0,0,0,0
468035,Theodoros Tsirigotis,2026,PL1,428,False,3,0,0,0,0,0,0,0,0
468035,Theodoros Tsirigotis,2026,ELQ,428,False,2,0,0,0,0,0,0,0,0
468035,Theodoros Tsirigotis,2025,POPU,7976,False,3,1,0,74,0,0,0,0,0
468035,Theodoros Tsirigotis,2025,POPU,428,False,1,0,0,0,0,0,0,0,0
468035,Theodoros Tsirigotis,2025,PL33,10891,False,2,2,0,88,0,0,0,0,0
468035,Theodoros Tsirigotis,2025,PL2,7976,False,14,1,0,15,0,0,0,0,0
468035,Theodoros Tsirigotis,2025,PL1,428,False,11,6,0,271,0,1,12,4,0
468035,Theodoros Tsirigotis,2025,FIS,2275,False,4,2,0,87,1,0,0,0,0
468035,Theodoros Tsirigotis,2025,FI1,2275,False,18,8,0,671,3,1,14,6,1
468035,Theodoros Tsirigotis,2024,S2PA,47,False,8,7,0,629,7,1,0,0,1
468035,Theodoros Tsirigotis,2024,GRS2,47,False,18,18,0,1494,14,1,0,0,2
468035,Theodoros Tsirigotis,2024,GRP,47,False,2,2,0,136,1,0,0,0,1
468035,Theodoros Tsirigotis,2023,S2PA,2672,False,8,2,0,92,3,0,0,0,0
468035,Theodoros Tsirigotis,2023,GRS2,2672,False,22,13,0,501,5,0,0,0,1
468035,Theodoros Tsirigotis,2023,GRP,2672,False,5,2,0,154,0,0,0,0,0
468035,Theodoros Tsirigotis,2022,GRS2,4603,False,17,12,1,600,7,2,0,0,2
468035,Theodoros Tsirigotis,2022,GRP,2672,False,3,3,0,116,1,0,0,0,0
468035,Theodoros Tsirigotis,2022,GR1,2672,False,18,12,0,150,0,0,6,2,0
468035,Theodoros Tsirigotis,2021,POGR,265,False,9,0,0,0,0,0,0,0,0
468035,Theodoros Tsirigotis,2021,GRS2,91871,False,32,29,0,2072,5,2,0,0,3
468035,Theodoros Tsirigotis,2021,GRP,265,False,3,0,0,0,0,0,0,0,0
468035,Theodoros Tsirigotis,2020,GR2,33438,False,18,18,0,1449,9,1,0,0,1
468035,Theodoros Tsirigotis,2019,GRP,33438,False,3,3,0,192,1,0,0,0,0
468035,Theodoros Tsirigotis,2018,GRP,35423,False,1,1,0,120,1,0,0,0,0
468035,Theodoros Tsirigotis,2017,GR20,7661,False,29,12,0,278,0,0,0,0,0
468035,Theodoros Tsirigotis,2017,19YL,41594,False,6,4,0,125,0,0,0,0,0
468035,Theodoros Tsirigotis,2016,U17Q,26469,True,3,3,0,135,1,1,0,0,0
468035,Theodoros Tsirigotis,2016,FS,22246,True,2,2,0,46,0,0,0,0,0
1141342,Ludvig Nyman,2025,SE3N,75138,False,3,3,0,213,0,0,0,0,0
1141342,Ludvig Nyman,2025,FIS,3650,False,3,3,0,204,0,0,0,0,0
1141342,Ludvig Nyman,2025,FIL,3650,False,5,5,0,225,0,0,0,0,0
1141342,Ludvig Nyman,2025,FI3C,109034,False,11,7,0,603,2,0,0,0,0
1141342,Ludvig Nyman,2025,FI1,3650,False,17,1,0,19,0,0,1,0,0
1141342,Ludvig Nyman,2024,FIYK,8043,False,14,14,0,798,1,0,0,0,1
1141342,Ludvig Nyman,2024,FIS,8043,False,1,0,0,0,0,0,0,0,0
1141342,Ludvig Nyman,2024,FIS,3650,False,3,2,0,76,0,0,0,0,0
1141342,Ludvig Nyman,2024,FIL,3650,False,5,5,0,303,0,0,0,0,0
1141342,Ludvig Nyman,2024,FI3P,8043,False,5,4,0,148,0,0,0,0,0
1141342,Ludvig Nyman,2024,FI1,3650,False,9,0,0,0,0,0,0,0,0
1141342,Ludvig Nyman,2024,F4LA,109034,False,1,1,0,61,0,0,0,0,0
1141342,Ludvig Nyman,2023,YKCP,3650,False,2,0,0,0,0,0,0,0,0
1141342,Ludvig Nyman,2023,POFI,3650,False,2,0,0,0,0,0,0,0,0
1141342,Ludvig Nyman,2023,KP3C,21041,False,5,5,0,281,0,0,0,0,0
1141342,Ludvig Nyman,2023,FIS,3650,False,2,2,0,180,0,0,0,0,0
1141342,Ludvig Nyman,2023,FIS,21041,False,3,0,0,0,0,0,0,0,0
1141342,Ludvig Nyman,2023,FIKP,21041,False,2,2,0,159,0,0,0,0,1
1141342,Ludvig Nyman,2023,FI3C,21041,False,18,9,0,424,0,0,0,0,1
1141342,Ludvig Nyman,2023,FI2,3650,False,27,0,0,0,0,0,0,0,0
1141342,Ludvig Nyman,2023,F4LA,109034,False,14,6,0,461,1,0,0,0,0
1141342,Ludvig Nyman,2022,FI3C,21041,False,19,4,0,177,0,0,0,0,0
1141342,Ludvig Nyman,2022,FI2,3650,False,6,2,0,6,0,0,0,0,0
1565804,Koble Yao,2025,FIYK,23198,False,2,0,0,0,0,0,0,0,0
1565804,Koble Yao,2025,FI1,23777,False,5,1,0,48,0,0,1,0,0
927638,Joonas Kekarainen,2025,FIS,45310,False,2,0,0,0,0,0,0,0,0
927638,Joonas Kekarainen,2025,FIS,23777,False,5,3,0,212,1,2,0,0,0
927638,Joonas Kekarainen,2025,FIL,23777,False,5,5,0,233,0,0,0,0,0
927638,Joonas Kekarainen,2025,FI2,45310,False,13,7,0,370,0,0,0,0,0
927638,Joonas Kekarainen,2025,FI1,23777,False,17,3,0,122,0,0,0,0,0
927638,Joonas Kekarainen,2024,FIYK,23197,False,5,2,0,176,0,0,0,0,0
927638,Joonas Kekarainen,2024,FIS,8042,False,2,2,0,172,1,0,0,0,0
927638,Joonas Kekarainen,2024,FIL,8042,False,7,6,0,179,2,0,0,0,0
927638,Joonas Kekarainen,2024,FI1,8042,False,22,17,0,286,1,2,6,2,0
927638,Joonas Kekarainen,2024,F1CL,8042,False,10,9,0,304,1,0,5,4,0
927638,Joonas Kekarainen,2023,U19Q,20794,True,3,2,0,148,0,0,0,0,0
927638,Joonas Kekarainen,2023,KP3B,23197,False,4,1,0,90,0,0,0,0,1
927638,Joonas Kekarainen,2023,FS,20794,True,2,1,0,90,0,0,0,0,0
927638,Joonas Kekarainen,2023,FIS,8042,False,6,5,0,286,1,1,0,0,0
927638,Joonas Kekarainen,2023,FIS,23197,False,3,0,0,0,0,0,0,0,0
927638,Joonas Kekarainen,2023,FIL,8042,False,7,6,0,295,0,0,0,0,1
927638,Joonas Kekarainen,2023,FI3B,23197,False,19,6,0,516,3,0,0,0,0
927638,Joonas Kekarainen,2023,FI1,8042,False,22,14,0,142,1,0,1,1,0
927638,Joonas Kekarainen,2023,F1CE,8042,False,1,1,0,40,0,0,0,0,1
927638,Joonas Kekarainen,2023,F1CC,8042,False,5,5,0,194,2,0,2,2,0
927638,Joonas Kekarainen,2022,YKCP,17397,False,4,4,0,360,2,0,0,0,0
927638,Joonas Kekarainen,2022,YKAB,17397,False,5,5,0,432,1,0,0,0,0
927638,Joonas Kekarainen,2022,FS,20793,True,9,9,0,544,0,0,0,0,0
927638,Joonas Kekarainen,2022,FIS,17397,False,3,2,0,85,2,1,0,0,0
927638,Joonas Kekarainen,2022,FI2,17397,False,22,21,0,1697,1,7,0,0,3
927638,Joonas Kekarainen,2022,F4LA,23197,False,1,0,0,0,0,0,0,0,0
927638,Joonas Kekarainen,2021,U17Q,20792,True,6,5,0,245,0,1,0,0,0
927638,Joonas Kekarainen,2021,FS,20793,True,3,2,0,176,0,0,0,0,0
927638,Joonas Kekarainen,2021,FS,20792,True,4,4,0,199,1,0,1,1,0
927638,Joonas Kekarainen,2021,FP3A,17397,False,3,3,0,270,1,0,0,0,1
927638,Joonas Kekarainen,2021,FIS,17397,False,1,0,0,0,0,0,0,0,0
927638,Joonas Kekarainen,2021,FI3A,17397,False,22,22,0,1722,5,0,0,0,1
679829,Henri Salomaa,2026,ECLQ,8042,False,4,1,0,2,0,0,0,0,0
679829,Henri Salomaa,2025,IT1,1005,False,21,0,0,0,0,0,0,0,0
679829,Henri Salomaa,2025,FIYK,23197,False,1,1,0,90,0,0,0,0,1
679829,Henri Salomaa,2025,FIS,8042,False,4,3,0,180,1,0,0,0,0
679829,Henri Salomaa,2025,FIL,8042,False,7,3,0,119,0,1,0,0,0
679829,Henri Salomaa,2025,FI1,8042,False,18,11,0,272,0,0,7,4,0
679829,Henri Salomaa,2025,FI1,1102,False,2,0,0,0,0,0,0,0,0
679829,Henri Salomaa,2025,CIT,1005,False,2,0,0,0,0,0,0,0,0
679829,Henri Salomaa,2024,IT3O,1253,False,2,0,0,0,0,0,0,0,0
679829,Henri Salomaa,2024,IT3C,4106,False,21,8,5,352,0,0,0,0,0
679829,Henri Salomaa,2024,IT3B,1253,False,14,5,0,45,0,0,0,0,0
679829,Henri Salomaa,2024,IT1,1005,False,1,0,0,0,0,0,0,0,0
679829,Henri Salomaa,2024,CIT,1005,False,1,0,0,0,0,0,0,0,0
679829,Henri Salomaa,2023,U21Q,20796,True,11,5,0,128,0,0,0,0,0
679829,Henri Salomaa,2023,SCIJ,5618,False,1,0,0,0,0,0,0,0,0
679829,Henri Salomaa,2023,IT2,5514,False,19,3,0,104,0,0,0,0,0
679829,Henri Salomaa,2023,IJ1,5618,False,15,3,0,270,0,0,0,0,1
679829,Henri Salomaa,2023,FS,20796,True,4,3,0,133,1,0,0,0,1
679829,Henri Salomaa,2023,CITP,5618,False,1,0,0,0,0,0,0,0,0
679829,Henri Salomaa,2022,ITJE,5618,False,2,2,0,209,0,0,0,0,0
679829,Henri Salomaa,2022,IJ1,5618,False,34,30,2,2237,5,7,0,0,2
679829,Henri Salomaa,2022,FS,20796,True,2,2,0,35,0,0,0,0,0
679829,Henri Salomaa,2022,CITP,5618,False,3,3,0,239,0,0,0,0,0
679829,Henri Salomaa,2021,U19Q,20794,True,3,2,0,72,1,0,0,0,0
679829,Henri Salomaa,2021,IJ1,5618,False,34,33,0,2212,4,3,0,0,1
679829,Henri Salomaa,2021,FS,20794,True,2,2,0,91,2,0,2,2,0
679829,Henri Salomaa,2021,CITP,5618,False,2,1,0,25,0,0,0,0,0
679829,Henri Salomaa,2020,FIS,11131,False,3,2,0,24,0,0,0,0,0
679829,Henri Salomaa,2020,FI2,11131,False,9,5,0,173,0,0,0,0,0
679829,Henri Salomaa,2019,U17Q,20792,True,3,2,0,22,0,0,0,0,0
679829,Henri Salomaa,2019,KCUP,11131,False,3,0,0,0,0,0,0,0,0
679829,Henri Salomaa,2019,FS,20792,True,10,9,0,391,2,0,0,0,0
679829,Henri Salomaa,2019,FI3B,11131,False,17,7,0,189,1,0,0,0,0
679829,Henri Salomaa,2018,FS,20791,True,5,5,0,180,0,0,0,0,0
1476009,Moustapha Fanné,2025,SEN1,35070,False,21,18,0,1314,2,5,0,0,2
1476009,Moustapha Fanné,2025,FIS,23777,False,5,0,0,0,0,0,0,0,0
1476009,Moustapha Fanné,2025,FI1,23777,False,17,1,0,16,0,0,2,0,0
1476009,Moustapha Fanné,2024,SEN1,35070,False,30,0,0,0,0,0,0,0,0
1476009,Moustapha Fanné,2023,SEN1,35070,False,26,0,0,0,0,0,0,0,0
442784,Lucas Rangel,2025,FIS,23777,False,5,3,0,115,2,0,0,0,0
442784,Lucas Rangel,2025,FI2,7315,False,2,0,0,0,0,0,0,0,0
442784,Lucas Rangel,2025,FI1,23777,False,17,14,0,482,1,1,14,4,3
442784,Lucas Rangel,2025,BRDF,38023,False,9,4,0,209,0,0,0,0,0
442784,Lucas Rangel,2025,BRC,38023,False,2,0,0,0,0,0,0,0,0
442784,Lucas Rangel,2024,UKRP,48332,False,1,0,0,0,0,0,0,0,0
442784,Lucas Rangel,2024,UKR1,48332,False,3,0,0,0,0,0,0,0,0
442784,Lucas Rangel,2024,POFI,7315,False,2,2,0,152,1,0,5,2,0
442784,Lucas Rangel,2024,FI1,7315,False,11,11,0,795,5,0,22,11,2
442784,Lucas Rangel,2024,F1CC,7315,False,5,4,0,294,2,0,16,5,1
442784,Lucas Rangel,2023,UKRP,48332,False,1,0,0,0,0,0,0,0,0
442784,Lucas Rangel,2023,UKR1,48332,False,29,12,16,633,1,0,0,0,3
442784,Lucas Rangel,2023,FIS,6251,False,1,1,0,80,0,0,0,0,0
442784,Lucas Rangel,2023,FI1,6251,False,1,1,0,12,0,0,1,1,0
442784,Lucas Rangel,2023,F1CL,6251,False,5,5,0,157,1,0,3,1,1
442784,Lucas Rangel,2023,ECLQ,48325,False,2,1,0,7,0,0,0,0,0
442784,Lucas Rangel,2022,LET2,63208,False,1,1,0,90,1,0,0,0,0
442784,Lucas Rangel,2022,LET1,48325,False,22,8,0,126,1,0,6,3,1
442784,Lucas Rangel,2022,ECLQ,48325,False,4,4,0,142,0,0,0,0,1
442784,Lucas Rangel,2021,UKRP,2740,False,2,1,0,90,0,0,0,0,0
442784,Lucas Rangel,2021,UKR1,2740,False,12,12,0,978,4,1,0,0,3
442784,Lucas Rangel,2021,LET1,48325,False,16,14,0,481,4,0,0,0,0
442784,Lucas Rangel,2021,ECLQ,6251,False,8,8,0,341,5,0,2,1,2
442784,Lucas Rangel,2021,AZ1,63993,False,8,8,0,569,2,2,0,0,2
442784,Lucas Rangel,2020,TR2,3840,False,14,7,0,218,1,0,5,1,2
442784,Lucas Rangel,2020,FIS,6251,False,1,0,0,0,0,0,0,0,0
442784,Lucas Rangel,2020,FI1,6251,False,17,12,0,707,2,3,0,0,6
442784,Lucas Rangel,2020,ELQ,6251,False,3,3,0,255,1,0,0,0,0
442784,Lucas Rangel,2020,CLQ,6251,False,1,1,0,74,0,0,0,0,0
442784,Lucas Rangel,2019,FIS,6251,False,7,6,0,409,3,0,0,0,2
442784,Lucas Rangel,2019,FI1,6251,False,22,13,0,870,4,2,0,0,3
442784,Lucas Rangel,2019,ELQ,6251,False,4,4,0,338,1,0,0,0,3
442784,Lucas Rangel,2018,FIS,6251,False,5,4,0,208,1,0,0,0,1
442784,Lucas Rangel,2018,FI1,6251,False,22,14,0,831,8,1,0,0,2
442784,Lucas Rangel,2018,F1CL,6251,False,5,2,0,7,0,0,0,0,0
442784,Lucas Rangel,2018,ELQ,6251,False,2,2,0,73,0,0,0,0,0
442784,Lucas Rangel,2017,ofb,2394,False,1,1,0,34,0,0,0,0,0
442784,Lucas Rangel,2017,FI1,6251,False,14,14,0,1080,5,2,0,0,4
442784,Lucas Rangel,2017,CLQ,27116,False,1,0,0,0,0,0,0,0,0
442784,Lucas Rangel,2017,A2,2394,False,36,30,5,2337,9,3,0,0,11
442784,Lucas Rangel,2016,ELQ,27116,False,4,4,0,283,1,0,0,0,0
442784,Lucas Rangel,2016,ALBS,27116,False,1,0,0,0,0,0,0,0,0
442784,Lucas Rangel,2016,ALBP,27116,False,6,5,0,424,1,0,0,0,0
442784,Lucas Rangel,2016,ALB1,27116,False,36,19,0,280,1,0,0,0,6
442784,Lucas Rangel,2015,BRGO,12421,False,14,11,0,789,2,0,0,0,4
442784,Lucas Rangel,2015,BRA2,1693,False,12,0,0,0,0,0,0,0,0
442784,Lucas Rangel,2014,BRA4,33226,False,2,2,0,89,0,0,0,0,0
1067927,Toivo Mero,2026,U19Q,20794,True,3,0,0,0,0,0,0,0,0
1067927,Toivo Mero,2026,ECLQ,1008,False,4,4,0,330,2,0,0,0,0
1067927,Toivo Mero,2025,U19Q,20794,True,6,6,0,338,0,0,0,0,0
1067927,Toivo Mero,2025,FS,20794,True,4,4,0,197,1,0,0,0,0
1067927,Toivo Mero,2025,FIS,1008,False,4,2,0,180,4,1,0,0,0
1067927,Toivo Mero,2025,FIL,1008,False,6,5,0,263,1,0,0,0,0
1067927,Toivo Mero,2025,FI1,1008,False,19,14,0,579,1,2,8,3,2
1067927,Toivo Mero,2025,ECLQ,1008,False,4,0,0,0,0,0,0,0,0
1067927,Toivo Mero,2025,19YL,50922,False,8,8,0,720,7,1,2,2,1
1067927,Toivo Mero,2024,YKCP,11131,False,4,4,0,353,3,0,0,0,0
1067927,Toivo Mero,2024,FS,20793,True,4,3,0,109,0,0,0,0,0
1067927,Toivo Mero,2024,FIS,11131,False,4,0,0,0,0,0,0,0,0
1067927,Toivo Mero,2024,FIS,1008,False,5,2,0,152,1,0,0,0,0
1067927,Toivo Mero,2024,FIL,1008,False,7,1,0,81,0,0,0,0,0
1067927,Toivo Mero,2024,FI2,11131,False,27,15,0,964,4,2,0,0,1
1067927,Toivo Mero,2024,FI1,1008,False,22,8,0,104,0,0,5,1,0
1067927,Toivo Mero,2024,F1CL,1008,False,10,2,0,32,0,0,0,0,0
1067927,Toivo Mero,2023,U17Q,20792,True,6,5,0,93,1,1,0,0,0
1067927,Toivo Mero,2023,FS,20792,True,9,9,0,449,0,0,0,0,3
1067927,Toivo Mero,2023,FS,20791,True,1,1,0,68,0,0,0,0,0
1067927,Toivo Mero,2023,FIYK,11131,False,22,17,0,922,5,0,0,0,1
1067927,Toivo Mero,2023,FI3P,11131,False,5,5,0,275,3,0,0,0,0
1067927,Toivo Mero,2022,FS,20791,True,7,4,0,182,3,0,0,0,0
481689,Nikolaos Dosis,2025,GRS2,2671,False,16,10,1,496,0,1,0,0,3
481689,Nikolaos Dosis,2025,FIS,6017,False,4,4,0,225,0,0,0,0,2
481689,Nikolaos Dosis,2025,FIL,6017,False,5,5,0,428,0,0,0,0,0
481689,Nikolaos Dosis,2025,FI1,6017,False,19,13,0,738,0,0,9,1,1
481689,Nikolaos Dosis,2024,S1PO,60949,False,10,0,0,0,0,0,0,0,0
481689,Nikolaos Dosis,2024,GRP,60949,False,3,1,0,90,1,0,0,0,0
481689,Nikolaos Dosis,2024,GR1,60949,False,26,3,0,26,0,0,0,0,0
481689,Nikolaos Dosis,2023,SLP,20656,False,1,1,0,78,0,0,0,0,0
481689,Nikolaos Dosis,2023,SL2,20656,False,11,11,0,855,0,2,0,0,1
481689,Nikolaos Dosis,2022,ZYPA,1402,False,14,3,0,109,1,0,0,0,2
481689,Nikolaos Dosis,2022,ZYP1,1402,False,26,16,0,1050,0,1,0,0,3
481689,Nikolaos Dosis,2022,CPO1,1402,False,5,2,0,62,0,0,0,0,1
481689,Nikolaos Dosis,2021,SEC,9614,False,1,1,0,17,0,0,0,0,0
481689,Nikolaos Dosis,2021,SE2,9614,False,20,9,0,456,1,0,0,0,2
481689,Nikolaos Dosis,2020,SEC,9614,False,5,1,0,90,0,0,0,0,0
481689,Nikolaos Dosis,2020,SE1,9614,False,30,25,0,1537,0,0,18,1,3
481689,Nikolaos Dosis,2019,SE1,9614,False,14,8,0,330,0,0,2,0,1
481689,Nikolaos Dosis,2019,JUNO,59439,False,6,0,0,0,0,0,0,0,0
481689,Nikolaos Dosis,2018,JUNO,16574,False,10,3,0,270,0,0,0,0,1
481689,Nikolaos Dosis,2016,FS,41525,True,3,3,0,145,0,0,0,0,1
481689,Nikolaos Dosis,2016,FS,39435,True,4,4,0,138,0,0,0,0,0
978917,Akoon Kuek,2025,FIS,1102,False,6,4,0,195,2,2,0,0,0
978917,Akoon Kuek,2025,FIL,1102,False,5,5,0,223,0,0,0,0,0
978917,Akoon Kuek,2025,FI3C,70794,False,9,9,0,756,9,0,0,0,1
978917,Akoon Kuek,2025,FI2,21520,False,1,1,0,90,0,0,0,0,0
978917,Akoon Kuek,2025,FI1,1102,False,19,4,0,33,1,1,2,1,0
978917,Akoon Kuek,2024,FIYK,21520,False,17,17,0,1499,2,0,0,0,3
978917,Akoon Kuek,2024,FIS,21520,False,2,0,0,0,0,0,0,0,0
978917,Akoon Kuek,2024,FIS,1102,False,2,2,0,117,0,1,0,0,0
978917,Akoon Kuek,2024,FIL,1102,False,5,2,0,114,1,0,0,0,0
978917,Akoon Kuek,2024,FI3P,21520,False,5,5,0,450,1,0,0,0,1
978917,Akoon Kuek,2024,FI3C,70794,False,3,3,0,240,4,1,0,0,0
978917,Akoon Kuek,2024,FI1,1102,False,6,0,0,0,0,0,0,0,0
978917,Akoon Kuek,2024,ECLQ,1102,False,2,0,0,0,0,0,0,0,0
978917,Akoon Kuek,2023,FJE,15699,False,11,6,0,524,3,0,0,0,0
978917,Akoon Kuek,2023,FIS,1102,False,2,1,0,90,0,0,0,0,0
978917,Akoon Kuek,2023,FINJ,15699,False,17,10,0,828,2,0,0,0,1
978917,Akoon Kuek,2023,FIL,1102,False,5,5,0,180,0,0,0,0,0
978917,Akoon Kuek,2023,FI1,1102,False,22,1,0,1,0,0,0,0,0
978917,Akoon Kuek,2023,F4LA,70794,False,17,17,0,1410,12,0,0,0,1
978917,Akoon Kuek,2023,F1CL,1102,False,5,1,0,9,0,0,1,0,0
978917,Akoon Kuek,2023,F1CE,1102,False,1,0,0,0,0,0,0,0,0
978917,Akoon Kuek,2022,FJE,15699,False,8,2,0,147,2,0,0,0,0
978917,Akoon Kuek,2022,FIS,1102,False,4,2,0,155,2,0,0,0,0
978917,Akoon Kuek,2022,FINJ,15699,False,13,10,0,887,3,0,0,0,2
978917,Akoon Kuek,2022,FIL,1102,False,5,5,0,148,0,1,0,0,1
978917,Akoon Kuek,2022,FI1,1102,False,22,3,0,27,0,1,1,0,0
978917,Akoon Kuek,2022,F1CL,1102,False,5,1,0,1,0,0,0,0,0
978917,Akoon Kuek,2022,F1CE,1102,False,2,0,0,0,0,0,0,0,0
978917,Akoon Kuek,2021,FIS,1102,False,4,0,0,0,0,0,0,0,0
978917,Akoon Kuek,2021,FIL,1102,False,3,2,0,20,0,0,0,0,0
978917,Akoon Kuek,2021,FI4P,70794,False,2,0,0,0,0,0,0,0,0
978917,Akoon Kuek,2021,FI1,1102,False,22,0,0,0,0,0,0,0,0
978917,Akoon Kuek,2021,F1CE,1102,False,4,0,0,0,0,0,0,0,0
978917,Akoon Kuek,2021,F1CC,1102,False,5,0,0,0,0,0,0,0,0
369639,Akim Sairinen,2025,FIS,2275,False,4,4,0,360,0,0,0,0,0
369639,Akim Sairinen,2025,FIL,2275,False,5,5,0,289,0,1,0,0,1
369639,Akim Sairinen,2025,FI2,45310,False,1,1,0,90,0,0,0,0,0
369639,Akim Sairinen,2025,FI1,2275,False,19,4,0,118,0,0,0,0,0
369639,Akim Sairinen,2024,YKCP,2275,False,6,6,0,486,0,0,0,0,1
369639,Akim Sairinen,2024,POFI,2275,False,2,2,0,180,0,0,0,0,0
369639,Akim Sairinen,2024,FIS,2275,False,3,3,0,225,1,0,0,0,1
369639,Akim Sairinen,2024,FI2,2275,False,27,27,0,2406,2,1,0,0,3
369639,Akim Sairinen,2023,GIRC,40553,False,1,1,0,90,0,0,0,0,0
369639,Akim Sairinen,2023,GI1,40553,False,10,10,0,835,0,1,0,0,0
369639,Akim Sairinen,2023,FI2,21520,False,7,7,0,630,0,0,0,0,1
369639,Akim Sairinen,2021,FIS,26428,False,1,1,0,90,0,0,0,0,0
369639,Akim Sairinen,2021,FI2,26428,False,15,11,0,925,0,0,0,0,1
369639,Akim Sairinen,2020,LTVP,30739,False,2,0,0,0,0,0,0,0,0
369639,Akim Sairinen,2020,LI1,30739,False,36,35,0,2908,0,0,0,0,1
369639,Akim Sairinen,2019,NO31,36226,False,13,12,0,596,1,0,0,0,1
369639,Akim Sairinen,2019,ESTP,43214,False,4,4,0,271,1,0,0,0,0
369639,Akim Sairinen,2018,ESTP,43214,False,5,4,0,390,0,0,0,0,0
369639,Akim Sairinen,2018,EST1,43214,False,36,36,0,3229,1,1,0,0,2
369639,Akim Sairinen,2017,EST1,43214,False,36,36,0,3240,4,3,0,0,3
369639,Akim Sairinen,2016,NOPO,10940,False,1,1,0,90,0,0,0,0,0
369639,Akim Sairinen,2016,NO42,10940,False,26,0,0,0,0,0,0,0,0
369639,Akim Sairinen,2015,FIS,22890,False,1,1,0,90,0,0,0,0,0
369639,Akim Sairinen,2015,FI2,22890,False,27,27,0,2419,0,0,0,0,3
369639,Akim Sairinen,2014,FI2,21520,False,24,23,0,1806,0,0,0,0,0
369639,Akim Sairinen,2013,FI3,21520,False,6,5,0,188,0,0,0,0,0
369639,Akim Sairinen,2012,FI3,21520,False,24,23,0,1765,4,0,0,0,2
893355,Will Wilson,2025,USL,24260,False,1,1,0,6,0,0,0,0,0
893355,Will Wilson,2025,FS,8987,True,6,6,0,361,0,0,0,0,0
893355,Will Wilson,2025,FIS,1102,False,6,0,0,0,0,0,0,0,0
893355,Will Wilson,2025,FIL,1102,False,5,0,0,0,0,0,0,0,0
893355,Will Wilson,2025,FI1,1102,False,19,0,0,0,0,0,0,0,0
893355,Will Wilson,2024,FS,8987,True,2,2,0,136,0,0,0,0,0
893355,Will Wilson,2024,FI1,1102,False,6,6,0,390,0,0,7,1,1
893355,Will Wilson,2024,FFAC,6954,False,1,0,0,0,0,0,0,0,0
893355,Will Wilson,2024,F1CC,1102,False,5,5,0,307,0,0,5,0,1
893355,Will Wilson,2024,CHAN,8987,True,5,0,0,0,0,0,0,0,0
893355,Will Wilson,2024,AUS1,6954,False,26,5,0,113,0,0,5,1,0
893355,Will Wilson,2024,ACLE,6954,False,8,1,0,5,0,0,0,0,0
893355,Will Wilson,2023,WMQ2,8987,True,6,6,0,434,1,0,0,0,2
893355,Will Wilson,2023,FFAC,6954,False,1,1,0,24,0,0,1,0,0
893355,Will Wilson,2023,AUSF,6954,False,3,0,0,0,0,0,0,0,0
893355,Will Wilson,2023,AUS1,6954,False,27,10,0,342,1,0,8,2,3
893355,Will Wilson,2023,AFCC,6954,False,13,5,0,252,0,0,5,1,1
893355,Will Wilson,2022,FFAC,7006,False,1,1,0,74,1,0,1,1,0
893355,Will Wilson,2022,AUS1,7006,False,26,9,0,187,0,0,7,3,0
893355,Will Wilson,2021,FFAC,7006,False,1,0,0,0,0,0,0,0,0
893355,Will Wilson,2021,AUS1,7006,False,2,1,0,3,0,0,0,0,0
893355,Will Wilson,2020,FFAC,7006,False,2,2,0,25,1,0,2,1,0
893355,Will Wilson,2020,AUS1,7006,False,1,0,0,0,0,0,0,0,0
453985,Aly Coulibaly,2025,FIS,2275,False,4,3,0,251,0,0,0,0,0
453985,Aly Coulibaly,2025,FIL,2275,False,5,5,0,298,0,0,0,0,0
453985,Aly Coulibaly,2025,FI1,2275,False,19,2,0,20,0,0,0,0,0
453985,Aly Coulibaly,2024,POFI,2275,False,2,1,0,18,0,1,0,0,0
453985,Aly Coulibaly,2024,FI2,2275,False,8,7,0,152,0,1,0,0,1
453985,Aly Coulibaly,2024,E3G1,16575,False,38,25,0,978,2,1,0,0,3
453985,Aly Coulibaly,2024,CDR,16575,False,1,1,0,80,0,0,0,0,0
453985,Aly Coulibaly,2023,SEC,5202,False,4,1,0,61,2,0,0,0,0
453985,Aly Coulibaly,2023,SE1,5202,False,19,0,0,0,0,0,0,0,0
453985,Aly Coulibaly,2022,SE2,5202,False,13,8,0,125,0,0,0,0,1
453985,Aly Coulibaly,2022,E3G1,11245,False,38,29,0,962,1,0,0,0,2
453985,Aly Coulibaly,2021,E3G2,12605,False,38,29,0,1801,6,2,0,0,3
453985,Aly Coulibaly,2021,CEF1,12605,False,1,1,0,65,0,0,0,0,0
453985,Aly Coulibaly,2020,ES3D,12605,False,18,18,0,1101,1,0,0,0,1
453985,Aly Coulibaly,2020,E3FI,12605,False,6,6,0,421,2,0,0,0,0
453985,Aly Coulibaly,2020,CDR,12605,False,1,1,0,90,0,0,0,0,0
453985,Aly Coulibaly,2019,SCC,1277,False,1,0,0,0,0,0,0,0,0
453985,Aly Coulibaly,2019,C2,1277,False,24,17,0,827,0,1,0,0,1
453985,Aly Coulibaly,2018,ES3C,6638,False,16,10,0,194,1,0,0,0,2
453985,Aly Coulibaly,2018,ES3B,4030,False,16,2,0,19,0,0,0,0,0
453985,Aly Coulibaly,2018,CDR,6638,False,1,0,0,0,0,0,0,0,0
453985,Aly Coulibaly,2017,ES3C,6638,False,38,15,0,1159,1,0,0,0,3
453985,Aly Coulibaly,2017,CDR,6638,False,1,1,0,120,0,0,0,0,0
453985,Aly Coulibaly,2016,ES3C,6638,False,38,12,19,545,0,0,0,0,2
453985,Aly Coulibaly,2015,ES2,5358,False,9,1,0,6,0,0,0,0,0
453985,Aly Coulibaly,2014,21PL,38967,False,1,0,0,0,0,0,0,0,0
712911,Jasper Samooja,2025,IT1,1005,False,38,0,0,0,0,0,0,0,0
712911,Jasper Samooja,2025,FI1,1008,False,1,0,0,0,0,0,0,0,0
712911,Jasper Samooja,2025,CIT,1005,False,2,0,0,0,0,0,0,0,0
712911,Jasper Samooja,2024,IT1,1005,False,38,0,0,0,0,0,0,0,0
712911,Jasper Samooja,2024,CIT,1005,False,2,0,0,0,0,0,0,0,0
712911,Jasper Samooja,2023,IT1,1005,False,38,0,0,0,0,0,0,0,0
712911,Jasper Samooja,2023,IJ1,5618,False,1,1,0,90,0,0,0,0,0
712911,Jasper Samooja,2023,FS,20796,True,2,1,0,90,0,0,0,0,0
712911,Jasper Samooja,2023,CIT,1005,False,2,0,0,0,0,0,0,0,0
712911,Jasper Samooja,2022,IT1,1005,False,38,0,0,0,0,0,0,0,0
712911,Jasper Samooja,2022,CIT,1005,False,1,0,0,0,0,0,0,0,0
712911,Jasper Samooja,2021,IT2,1005,False,24,0,0,0,0,0,0,0,0
712911,Jasper Samooja,2021,IJ1,5618,False,34,14,0,1260,0,0,0,0,0
712911,Jasper Samooja,2021,CITP,5618,False,2,2,0,180,0,0,0,0,0
712911,Jasper Samooja,2021,CIT,1005,False,2,0,0,0,0,0,0,0,0
712911,Jasper Samooja,2020,FI3B,23075,False,9,4,0,360,0,0,0,0,0
712911,Jasper Samooja,2019,KCUP,23075,False,4,0,0,0,0,0,0,0,0
712911,Jasper Samooja,2019,FJE,20872,False,1,1,0,90,0,0,0,0,0
712911,Jasper Samooja,2019,FI3A,23075,False,17,0,0,0,0,0,0,0,0
712911,Jasper Samooja,2019,19YL,76791,False,2,0,0,0,0,0,0,0,0
712911,Jasper Samooja,2018,F1CL,5411,False,1,0,0,0,0,0,0,0,0
712911,Jasper Samooja,2018,F1CE,5411,False,2,0,0,0,0,0,0,0,0
300340,Matej Markovic,2026,ECLQ,1008,False,4,3,0,270,0,0,0,0,0
300340,Matej Markovic,2025,KR1,456,False,14,1,0,90,0,0,0,0,0
300340,Matej Markovic,2025,FIS,1008,False,4,1,0,90,0,0,0,0,0
300340,Matej Markovic,2025,FIL,1008,False,2,1,0,90,0,0,0,0,0
300340,Matej Markovic,2025,FI1,1008,False,20,16,0,1404,0,0,0,0,1
300340,Matej Markovic,2024,BULP,156,False,3,3,0,300,0,0,0,0,0
300340,Matej Markovic,2024,BU1,156,False,36,20,4,1800,0,0,0,0,2
300340,Matej Markovic,2023,KRC,11083,False,3,1,0,90,0,0,0,0,0
300340,Matej Markovic,2023,KR1,11083,False,32,24,0,2059,0,0,0,0,1
300340,Matej Markovic,2022,S1PO,2672,False,7,0,0,0,0,0,0,0,0
300340,Matej Markovic,2022,GRP,2672,False,3,1,0,90,0,0,0,0,0
300340,Matej Markovic,2022,GR1,2672,False,26,14,0,1260,0,0,0,0,2
300340,Matej Markovic,2021,S2PA,2672,False,2,2,0,180,0,0,0,0,0
300340,Matej Markovic,2021,GRS2,2672,False,20,12,0,1052,0,0,0,0,1
300340,Matej Markovic,2020,SLO1,13744,False,19,19,0,1710,0,0,0,0,1
300340,Matej Markovic,2020,SLMR,13744,False,10,6,0,540,0,0,0,0,2
300340,Matej Markovic,2020,SKC,13744,False,3,0,0,0,0,0,0,0,0
300340,Matej Markovic,2020,CLQ,282,False,1,0,0,0,0,0,0,0,0
300340,Matej Markovic,2020,BOS1,282,False,3,0,0,0,0,0,0,0,0
300340,Matej Markovic,2019,ELQ,282,False,2,0,0,0,0,0,0,0,0
300340,Matej Markovic,2019,CLQ,282,False,1,0,0,0,0,0,0,0,0
300340,Matej Markovic,2019,BOS1,282,False,22,0,0,0,0,0,0,0,0
300340,Matej Markovic,2019,BIHP,282,False,2,0,0,0,0,0,0,0,0
300340,Matej Markovic,2018,BOS1,47286,False,33,19,0,1710,0,0,0,0,2
300340,Matej Markovic,2018,BIHP,47286,False,2,2,0,180,0,0,0,0,1
300340,Matej Markovic,2017,U21Q,11941,True,2,0,0,0,0,0,0,0,0
300340,Matej Markovic,2017,BOS1,765,False,32,17,1,1463,0,0,0,0,3
300340,Matej Markovic,2017,BIHP,765,False,2,2,0,180,0,0,0,0,0
300340,Matej Markovic,2015,KR2,11083,False,33,0,0,0,0,0,0,0,0
300340,Matej Markovic,2013,KR2,5107,False,17,1,0,90,0,0,0,0,0
93456,Jesse Öst,2026,ECLQ,1008,False,4,1,0,90,0,0,0,0,0
93456,Jesse Öst,2025,FIS,1008,False,4,3,0,270,0,0,0,0,0
93456,Jesse Öst,2025,FIL,1008,False,6,4,0,360,0,0,0,0,0
93456,Jesse Öst,2025,FI1,1008,False,20,4,0,306,0,0,0,0,1
93456,Jesse Öst,2025,ECLQ,1008,False,4,0,0,0,0,0,0,0,0
93456,Jesse Öst,2024,UCOL,1008,False,6,0,0,0,0,0,0,0,0
93456,Jesse Öst,2024,FIS,1008,False,5,2,0,125,0,0,0,0,1
93456,Jesse Öst,2024,FIL,1008,False,7,4,0,360,0,0,0,0,0
93456,Jesse Öst,2024,FI1,1008,False,22,1,0,90,0,0,0,0,0
93456,Jesse Öst,2024,F1CL,1008,False,10,0,0,0,0,0,0,0,0
93456,Jesse Öst,2024,ECLQ,1008,False,4,0,0,0,0,0,0,0,0
93456,Jesse Öst,2024,CLQ,1008,False,2,1,0,90,0,0,0,0,0
93456,Jesse Öst,2023,UCOL,1008,False,6,3,0,257,0,0,0,0,0
93456,Jesse Öst,2023,FIS,1008,False,2,0,0,0,0,0,0,0,0
93456,Jesse Öst,2023,FIL,1008,False,5,1,0,90,0,0,0,0,0
93456,Jesse Öst,2023,FI1,1008,False,22,16,0,1384,0,0,0,0,0
93456,Jesse Öst,2023,F1CL,1008,False,5,2,0,180,0,0,0,0,0
93456,Jesse Öst,2023,ELQ,1008,False,2,1,0,90,0,0,0,0,0
93456,Jesse Öst,2023,ECLQ,1008,False,2,0,0,0,0,0,0,0,0
93456,Jesse Öst,2023,CLQ,1008,False,4,4,0,344,0,0,0,0,0
93456,Jesse Öst,2022,FIS,1008,False,1,1,0,90,0,0,0,0,0
93456,Jesse Öst,2022,FIL,1008,False,7,5,0,450,0,0,0,0,0
93456,Jesse Öst,2022,FI1,1008,False,22,11,0,990,0,0,0,0,0
93456,Jesse Öst,2022,F1CL,1008,False,5,4,0,360,0,1,0,0,1
93456,Jesse Öst,2022,ECLQ,23777,False,4,4,0,345,0,0,0,0,0
93456,Jesse Öst,2021,FIS,23777,False,2,1,0,90,0,0,0,0,0
93456,Jesse Öst,2021,FIL,23777,False,5,1,0,90,0,0,0,0,0
93456,Jesse Öst,2021,FI1,23777,False,22,13,0,1102,0,0,0,0,1
93456,Jesse Öst,2021,F1CL,23777,False,5,3,0,270,0,0,0,0,0
93456,Jesse Öst,2021,F1CE,23777,False,1,0,0,0,0,0,0,0,0
93456,Jesse Öst,2020,FIS,23777,False,5,2,0,180,0,0,0,0,0
93456,Jesse Öst,2020,FI1,23777,False,22,22,0,1980,0,1,0,0,2
93456,Jesse Öst,2020,F1CL,23777,False,5,5,0,450,0,0,0,0,0
93456,Jesse Öst,2019,FIS,23777,False,5,4,0,360,0,0,0,0,0
93456,Jesse Öst,2019,FI1,23777,False,22,14,0,1260,0,0,0,0,0
93456,Jesse Öst,2018,FIS,23777,False,5,3,0,270,0,0,0,0,0
93456,Jesse Öst,2018,FI3C,45310,False,1,1,0,90,0,0,0,0,0
93456,Jesse Öst,2018,FI1,23777,False,22,9,0,810,0,0,0,0,0
93456,Jesse Öst,2018,F1CC,23777,False,5,3,0,270,0,0,0,0,0
93456,Jesse Öst,2017,SEC,3641,False,1,0,0,0,0,0,0,0,0
93456,Jesse Öst,2017,FIS,23777,False,6,0,0,0,0,0,0,0,0
93456,Jesse Öst,2017,FI3C,45310,False,2,2,0,180,0,0,0,0,0
93456,Jesse Öst,2017,FI1,23777,False,33,16,0,1395,0,0,0,0,1
93456,Jesse Öst,2016,SEC,3641,False,4,0,0,0,0,0,0,0,0
93456,Jesse Öst,2016,SE2,3641,False,30,24,0,2146,0,0,0,0,1
93456,Jesse Öst,2015,SEC,3641,False,3,3,0,270,1,0,0,0,0
93456,Jesse Öst,2015,SE2,3641,False,30,25,0,2198,0,0,0,0,2
93456,Jesse Öst,2014,FIS,3650,False,1,1,0,90,0,0,0,0,0
93456,Jesse Öst,2014,FIL,3650,False,4,2,0,180,0,0,0,0,0
93456,Jesse Öst,2014,FI3N,21041,False,1,1,0,90,0,0,0,0,0
93456,Jesse Öst,2014,FI1,3650,False,33,28,0,2475,0,0,0,0,0
93456,Jesse Öst,2013,FIS,3650,False,1,0,0,0,0,0,0,0,0
93456,Jesse Öst,2013,FIL,3650,False,4,4,0,360,0,0,0,0,0
93456,Jesse Öst,2013,FI1,3650,False,33,24,6,2160,0,0,0,0,1
93456,Jesse Öst,2012,FIS,3650,False,1,1,0,90,0,0,0,0,0
93456,Jesse Öst,2012,FIL,3650,False,7,5,0,450,0,0,0,0,0
93456,Jesse Öst,2012,FI1,3650,False,33,32,0,2880,0,0,0,0,0
93456,Jesse Öst,2011,U21Q,20796,True,1,0,0,0,0,0,0,0,0
93456,Jesse Öst,2011,FIS,3650,False,2,2,0,136,0,0,0,0,0
93456,Jesse Öst,2011,FIL,3650,False,7,2,0,135,0,0,0,0,0
93456,Jesse Öst,2011,FI1,3650,False,33,8,0,720,0,0,0,0,0
93456,Jesse Öst,2010,FIL,3650,False,2,1,0,45,0,0,0,0,0
93456,Jesse Öst,2010,FI1,3650,False,33,8,0,646,0,0,0,0,0
93456,Jesse Öst,2009,FIS,3650,False,1,0,0,0,0,0,0,0,0
93456,Jesse Öst,2009,FI1,3650,False,26,1,0,36,0,0,0,0,0
93456,Jesse Öst,2008,FIL,3650,False,1,0,0,0,0,0,0,0,0
93456,Jesse Öst,2008,FI1,3650,False,7,0,0,0,0,0,0,0,0
1067923,Mitja Haapanen,2026,U19Q,20794,True,3,0,0,0,0,0,0,0,0
1067923,Mitja Haapanen,2026,ECLQ,1008,False,4,0,0,0,0,0,0,0,0
1067923,Mitja Haapanen,2025,YKCP,11131,False,2,2,0,180,0,0,0,0,0
1067923,Mitja Haapanen,2025,U19Q,20794,True,6,0,0,0,0,0,0,0,0
1067923,Mitja Haapanen,2025,FS,20794,True,4,1,0,45,0,0,0,0,0
1067923,Mitja Haapanen,2025,FIS,1008,False,4,0,0,0,0,0,0,0,0
1067923,Mitja Haapanen,2025,FIL,1008,False,6,0,0,0,0,0,0,0,0
1067923,Mitja Haapanen,2025,FI2,11131,False,14,14,0,1260,0,0,0,0,4
1067923,Mitja Haapanen,2025,FI1,1008,False,20,0,0,0,0,0,0,0,0
1067923,Mitja Haapanen,2025,ECLQ,1008,False,4,0,0,0,0,0,0,0,0
1067923,Mitja Haapanen,2025,19YL,50922,False,8,8,0,720,0,0,0,0,1
1067923,Mitja Haapanen,2024,YKCP,11131,False,4,3,0,270,0,0,0,0,0
1067923,Mitja Haapanen,2024,FS,20793,True,2,0,0,0,0,0,0,0,0
1067923,Mitja Haapanen,2024,FIS,11131,False,5,1,0,90,0,0,0,0,0
1067923,Mitja Haapanen,2024,FIS,1008,False,4,0,0,0,0,0,0,0,0
1067923,Mitja Haapanen,2024,FIL,1008,False,7,0,0,0,0,0,0,0,0
1067923,Mitja Haapanen,2024,FI2,11131,False,27,7,0,570,0,0,0,0,0
1067923,Mitja Haapanen,2024,FI1,1008,False,22,0,0,0,0,0,0,0,0
1067923,Mitja Haapanen,2024,F1CL,1008,False,10,0,0,0,0,0,0,0,0
1067923,Mitja Haapanen,2023,FS,20791,True,1,0,0,0,0,0,0,0,0
1067923,Mitja Haapanen,2023,19YL,50922,False,2,0,0,0,0,0,0,0,0
1067923,Mitja Haapanen,2022,FS,20791,True,7,2,0,135,0,0,0,0,0
482004,Ville Tikkanen,2026,ECLQ,1008,False,4,4,0,338,0,1,0,0,0
482004,Ville Tikkanen,2025,FS,3443,True,1,1,0,90,0,0,0,0,0
482004,Ville Tikkanen,2025,FIS,1008,False,4,3,0,214,0,0,0,0,0
482004,Ville Tikkanen,2025,FIL,1008,False,6,6,0,438,0,0,0,0,1
482004,Ville Tikkanen,2025,FI1,1008,False,20,15,0,1272,1,0,3,1,2
482004,Ville Tikkanen,2025,ECLQ,1008,False,4,4,0,408,0,0,0,0,0
482004,Ville Tikkanen,2024,WMQ6,3443,True,4,0,0,0,0,0,0,0,0
482004,Ville Tikkanen,2024,FIS,1008,False,5,3,0,270,0,0,0,0,0
482004,Ville Tikkanen,2024,FIL,1008,False,7,5,0,360,0,0,0,0,1
482004,Ville Tikkanen,2024,FI1,1008,False,22,20,0,1692,0,1,5,0,2
482004,Ville Tikkanen,2024,F1CL,1008,False,10,10,0,884,0,0,5,2,1
482004,Ville Tikkanen,2023,FIS,23777,False,6,4,0,376,0,1,0,0,0
482004,Ville Tikkanen,2023,FIL,23777,False,5,4,0,333,0,0,0,0,0
482004,Ville Tikkanen,2023,FI1,23777,False,22,21,0,1879,0,0,8,2,4
482004,Ville Tikkanen,2023,F1CL,23777,False,5,4,0,360,0,0,0,0,1
482004,Ville Tikkanen,2023,F1CE,23777,False,2,2,0,180,0,0,1,0,0
482004,Ville Tikkanen,2022,FIS,23777,False,2,0,0,0,0,0,0,0,0
482004,Ville Tikkanen,2022,FIL,23777,False,5,2,0,91,1,0,0,0,0
482004,Ville Tikkanen,2022,FI1,23777,False,22,22,0,1969,0,1,6,1,3
482004,Ville Tikkanen,2022,F1CL,23777,False,5,4,0,341,0,0,6,1,1
482004,Ville Tikkanen,2022,F1CE,23777,False,1,1,0,120,0,0,1,0,0
482004,Ville Tikkanen,2022,ECLQ,23777,False,4,3,0,254,1,0,0,0,0
482004,Ville Tikkanen,2021,FIS,23777,False,2,2,0,180,0,0,0,0,1
482004,Ville Tikkanen,2021,FIL,23777,False,5,3,0,225,0,1,0,0,1
482004,Ville Tikkanen,2021,FI1,23777,False,22,16,0,1283,1,0,0,0,0
482004,Ville Tikkanen,2021,F1CL,23777,False,5,3,0,170,0,0,0,0,0
482004,Ville Tikkanen,2021,F1CE,23777,False,1,1,0,79,0,0,0,0,0
482004,Ville Tikkanen,2020,FIS,23777,False,5,0,0,0,0,0,0,0,0
482004,Ville Tikkanen,2020,FI1,23777,False,22,19,0,1645,1,0,0,0,4
482004,Ville Tikkanen,2020,F1CL,23777,False,5,5,0,450,0,0,0,0,1
482004,Ville Tikkanen,2019,FIS,23777,False,5,2,0,103,0,0,0,0,0
482004,Ville Tikkanen,2019,FI2,45310,False,1,1,0,90,0,0,0,0,0
482004,Ville Tikkanen,2019,FI1,23777,False,22,14,0,1249,0,0,0,0,0
482004,Ville Tikkanen,2018,FS,20796,True,2,0,0,0,0,0,0,0,0
482004,Ville Tikkanen,2018,FS,20794,True,1,1,0,45,0,0,0,0,0
482004,Ville Tikkanen,2018,FIS,23777,False,5,3,0,143,0,0,0,0,0
482004,Ville Tikkanen,2018,FI3C,45310,False,22,10,0,810,0,0,0,0,2
482004,Ville Tikkanen,2018,FI1,23777,False,22,7,0,552,0,0,0,0,0
482004,Ville Tikkanen,2018,F1CC,23777,False,5,0,0,0,0,0,0,0,0
482004,Ville Tikkanen,2017,FS,20794,True,4,3,0,193,0,0,0,0,0
482004,Ville Tikkanen,2017,FIS,23777,False,6,3,0,270,0,0,0,0,0
482004,Ville Tikkanen,2017,FI3C,45310,False,12,5,0,450,0,0,0,0,0
482004,Ville Tikkanen,2017,FI1,23777,False,33,12,0,999,0,0,0,0,2
482004,Ville Tikkanen,2017,ELQ,23777,False,2,0,0,0,0,0,0,0,0
482004,Ville Tikkanen,2017,19EU,20794,True,3,3,0,249,0,0,0,0,0
482004,Ville Tikkanen,2016,FJE,36174,False,17,2,0,180,0,0,0,0,0
482004,Ville Tikkanen,2016,FIS,36174,False,3,0,0,0,0,0,0,0,0
482004,Ville Tikkanen,2016,FIS,23777,False,9,2,0,155,0,0,0,0,0
482004,Ville Tikkanen,2016,FINJ,36174,False,8,2,0,180,0,0,0,0,0
482004,Ville Tikkanen,2016,FI1,23777,False,33,0,0,0,0,0,0,0,0
395228,Till Cissokho,2026,ECLQ,1008,False,4,4,0,247,0,0,0,0,0
395228,Till Cissokho,2025,PO1,2431,False,8,0,0,0,0,0,0,0,0
395228,Till Cissokho,2025,FIS,1008,False,4,1,0,90,0,0,0,0,0
395228,Till Cissokho,2025,FIL,1008,False,5,4,0,270,0,0,0,0,0
395228,Till Cissokho,2025,FI1,1008,False,20,8,0,626,0,0,3,0,0
395228,Till Cissokho,2024,POPO,2431,False,2,0,0,0,0,0,0,0,0
395228,Till Cissokho,2024,PO1,2431,False,15,4,0,360,0,0,2,1,1
395228,Till Cissokho,2024,FR2,11273,False,16,12,1,1076,0,0,7,2,4
395228,Till Cissokho,2023,FRC,7124,False,3,1,0,60,0,0,0,0,0
395228,Till Cissokho,2023,FR2,7124,False,38,37,0,3293,1,0,14,3,2
395228,Till Cissokho,2022,FRC,7124,False,1,1,0,5,0,0,0,0,0
395228,Till Cissokho,2022,FR2,7124,False,38,36,0,3220,1,0,18,6,3
395228,Till Cissokho,2021,FRR2,7124,False,2,2,0,142,0,0,0,0,0
395228,Till Cissokho,2021,FRC,7124,False,4,2,0,135,0,1,0,0,0
395228,Till Cissokho,2021,FR2,7124,False,38,24,0,2039,1,0,7,3,2
395228,Till Cissokho,2020,ofb,541,False,1,1,0,3,0,0,0,0,0
395228,Till Cissokho,2020,A2,541,False,30,26,3,2269,1,1,0,0,6
395228,Till Cissokho,2019,FRL,3524,False,2,1,0,90,0,0,0,0,1
395228,Till Cissokho,2019,FRC,3524,False,1,1,0,90,0,0,0,0,0
395228,Till Cissokho,2019,FR5K,16654,False,17,10,0,837,0,0,0,0,0
395228,Till Cissokho,2019,FR2,3524,False,28,3,0,195,0,0,0,0,0
395228,Till Cissokho,2018,FRYC,10873,False,2,2,0,180,0,0,0,0,0
395228,Till Cissokho,2018,FR4B,10872,False,30,23,0,1892,0,0,0,0,1
395228,Till Cissokho,2018,FR1,40,False,12,1,0,79,0,0,0,0,0
395228,Till Cissokho,2017,FS,25250,True,3,3,0,195,0,0,0,0,0
395228,Till Cissokho,2017,FRYC,10873,False,1,1,0,90,1,0,0,0,0
395228,Till Cissokho,2017,FR5A,10872,False,26,15,0,1278,2,0,0,0,3
395228,Till Cissokho,2017,19YL,62105,False,2,2,0,180,0,0,0,0,1
395228,Till Cissokho,2016,U17Q,10831,True,3,2,0,160,0,0,0,0,0
395228,Till Cissokho,2016,FS,10831,True,1,1,0,41,0,0,0,0,0
395228,Till Cissokho,2016,FR5H,10872,False,3,1,0,90,0,0,0,0,0
395228,Till Cissokho,2015,FS,10844,True,14,10,0,645,0,0,0,0,0
1108049,Amara Nallo,2026,ECLQ,1008,False,3,1,0,90,0,0,0,0,0
1108049,Amara Nallo,2025,GBFL,9252,False,3,1,0,27,0,0,0,0,0
1108049,Amara Nallo,2025,GB21,9252,False,20,11,0,823,2,0,2,1,3
1108049,Amara Nallo,2025,GB1,31,False,29,0,0,0,0,0,0,0,0
1108049,Amara Nallo,2025,FS,22907,True,1,1,0,12,0,0,0,0,0
1108049,Amara Nallo,2025,FI1,1008,False,4,2,0,180,0,0,4,0,0
1108049,Amara Nallo,2025,FAC,31,False,4,0,0,0,0,0,0,0,0
1108049,Amara Nallo,2025,E21P,9252,False,1,1,0,120,0,0,4,0,1
1108049,Amara Nallo,2025,CL,31,False,9,1,0,15,0,0,0,0,0
1108049,Amara Nallo,2025,CGB,31,False,1,1,0,12,0,0,0,0,0
1108049,Amara Nallo,2025,19YL,45333,False,1,1,0,85,0,0,0,0,0
1108049,Amara Nallo,2024,SU20,22907,True,2,0,0,0,0,0,0,0,0
1108049,Amara Nallo,2024,PLIC,9252,False,4,3,0,158,0,0,0,0,0
1108049,Amara Nallo,2024,GBFL,9252,False,3,1,0,75,0,0,0,0,0
1108049,Amara Nallo,2024,GB21,9252,False,20,19,0,1552,1,0,9,2,5
1108049,Amara Nallo,2024,GB1,31,False,25,0,0,0,0,0,0,0,0
1108049,Amara Nallo,2024,FS,21340,True,3,3,0,126,0,0,0,0,0
1108049,Amara Nallo,2024,FAC,31,False,2,0,0,0,0,0,0,0,0
1108049,Amara Nallo,2024,E21P,9252,False,1,1,0,120,0,0,0,0,1
1108049,Amara Nallo,2024,CL,31,False,5,1,1,4,0,0,0,0,0
1108049,Amara Nallo,2024,CGB,31,False,4,0,0,0,0,0,0,0,0
1108049,Amara Nallo,2024,19YL,45333,False,7,7,0,630,1,1,1,0,1
1108049,Amara Nallo,2023,PLIC,9252,False,4,4,0,271,0,0,0,0,0
1108049,Amara Nallo,2023,GBFL,9252,False,3,3,0,270,0,0,0,0,1
1108049,Amara Nallo,2023,GB21,9252,False,13,13,0,1142,1,0,4,1,1
1108049,Amara Nallo,2023,GB18,6922,False,22,2,0,180,0,0,1,0,1
1108049,Amara Nallo,2023,GB1,31,False,12,0,0,0,0,0,0,0,0
1108049,Amara Nallo,2023,FS,31269,True,5,5,0,231,0,0,0,0,1
1108049,Amara Nallo,2023,FAYC,6922,False,4,3,0,270,0,0,0,0,0
1108049,Amara Nallo,2023,FAC,31,False,2,0,0,0,0,0,0,0,0
1108049,Amara Nallo,2023,EL,31,False,4,0,0,0,0,0,0,0,0
1108049,Amara Nallo,2023,E21P,9252,False,2,2,0,210,0,0,1,0,2
1108049,Amara Nallo,2022,GB18,9955,False,8,2,0,73,0,0,0,0,0
1108049,Amara Nallo,2022,FAYC,9955,False,2,0,0,0,0,0,0,0,0
491391,Leonel Montano,2026,ECLQ,1008,False,4,3,0,270,0,0,0,0,0
491391,Leonel Montano,2025,FIS,1008,False,4,2,0,162,1,1,0,0,1
491391,Leonel Montano,2025,FIL,1008,False,2,1,0,45,0,0,0,0,0
491391,Leonel Montano,2025,FI1,1008,False,20,17,0,1442,0,1,11,2,2
491391,Leonel Montano,2025,ECLQ,1177,False,4,4,0,235,0,0,1,0,0
491391,Leonel Montano,2025,DKRE,62693,False,1,1,0,90,0,0,0,0,0
491391,Leonel Montano,2025,DKP,1177,False,3,3,0,184,0,1,0,0,1
491391,Leonel Montano,2025,DK1,1177,False,20,14,0,476,0,2,1,0,2
491391,Leonel Montano,2024,DKRE,62698,False,1,1,0,30,0,0,0,0,0
491391,Leonel Montano,2024,DKP,3426,False,4,1,0,17,0,0,0,0,0
491391,Leonel Montano,2024,DK2P,3426,False,10,10,0,778,0,0,8,2,1
491391,Leonel Montano,2024,DK2,3426,False,22,19,1,1526,2,2,16,7,5
491391,Leonel Montano,2023,DKP,3426,False,3,2,0,132,0,0,0,0,0
491391,Leonel Montano,2023,DK3V,3426,False,10,9,0,762,1,1,0,0,3
491391,Leonel Montano,2023,DK3O,3426,False,22,21,0,1769,1,2,0,0,3
491391,Leonel Montano,2022,DKRE,62698,False,5,4,1,272,0,0,0,0,0
491391,Leonel Montano,2022,DKP,3426,False,1,1,0,7,0,0,0,0,0
491391,Leonel Montano,2022,DK3V,3426,False,10,6,0,126,1,1,0,0,2
491391,Leonel Montano,2022,DK3O,3426,False,22,16,2,645,1,0,0,0,1
491391,Leonel Montano,2021,DKRE,62698,False,1,0,0,0,0,0,0,0,0
491391,Leonel Montano,2021,DKP,3426,False,1,0,1,0,0,0,0,0,0
491391,Leonel Montano,2021,DK2R,3426,False,10,5,0,224,0,0,0,0,1
491391,Leonel Montano,2021,DK2,3426,False,15,15,0,853,6,0,14,4,0
491391,Leonel Montano,2021,DK1,443,False,7,0,7,0,0,0,0,0,0
491391,Leonel Montano,2020,DKRE,67889,False,1,1,0,90,0,0,0,0,0
491391,Leonel Montano,2020,DKP,443,False,3,3,0,148,2,1,0,0,0
491391,Leonel Montano,2020,DK2P,5776,False,10,7,3,517,3,0,0,0,2
491391,Leonel Montano,2020,DK2,5776,False,6,6,0,540,0,0,0,0,1
491391,Leonel Montano,2020,DK1,443,False,13,6,0,101,0,1,1,0,1
491391,Leonel Montano,2019,DKRQ,67889,False,1,1,0,90,0,1,0,0,0
491391,Leonel Montano,2019,DKP,947,False,1,0,0,0,0,0,0,0,0
491391,Leonel Montano,2019,DK3O,947,False,16,8,0,524,0,0,0,0,1
491391,Leonel Montano,2019,DK2,443,False,15,8,0,216,3,1,0,0,0
491391,Leonel Montano,2018,DKP,947,False,2,1,0,59,0,0,0,0,0
491391,Leonel Montano,2018,DK3V,947,False,11,10,1,854,5,1,0,0,3
491391,Leonel Montano,2018,DK3O,947,False,22,16,0,1188,5,4,0,0,2
491391,Leonel Montano,2017,DKP,947,False,2,0,0,0,0,0,0,0,0
491391,Leonel Montano,2017,DKDD,15628,False,5,5,0,421,2,0,0,0,2
491391,Leonel Montano,2017,DKDA,947,False,16,8,0,534,2,0,0,0,2
491391,Leonel Montano,2017,DK3O,947,False,14,3,0,118,0,0,0,0,0
491391,Leonel Montano,2016,DKP,947,False,1,1,0,11,0,0,0,0,0
491391,Leonel Montano,2016,DKDD,15628,False,22,19,0,1649,1,0,0,0,3
491391,Leonel Montano,2016,DK3V,947,False,16,1,0,11,0,0,0,0,0
491391,Leonel Montano,2015,DKDD,15628,False,22,0,0,0,0,0,0,0,0
716894,Miska Ylitolva,2026,ECLQ,1008,False,4,2,0,156,0,0,0,0,1
716894,Miska Ylitolva,2025,U21Q,20796,True,7,7,0,615,1,3,0,0,1
716894,Miska Ylitolva,2025,FS,20796,True,2,2,0,122,0,1,0,0,0
716894,Miska Ylitolva,2025,FIS,1008,False,4,3,0,245,0,2,0,0,1
716894,Miska Ylitolva,2025,FIL,1008,False,6,6,0,438,0,0,0,0,1
716894,Miska Ylitolva,2025,FI1,1008,False,20,15,0,1167,1,1,8,4,0
716894,Miska Ylitolva,2025,ECLQ,1008,False,4,4,0,361,0,0,0,0,0
716894,Miska Ylitolva,2024,UCOL,1008,False,6,5,0,322,0,0,2,1,1
716894,Miska Ylitolva,2024,FS,20796,True,2,2,0,75,0,0,0,0,0
716894,Miska Ylitolva,2024,FIS,1008,False,5,2,0,180,0,1,0,0,0
716894,Miska Ylitolva,2024,FIL,1008,False,7,5,0,379,2,3,0,0,0
716894,Miska Ylitolva,2024,FI1,1008,False,22,18,0,1445,0,2,6,2,0
716894,Miska Ylitolva,2024,F1CL,1008,False,10,9,0,794,0,1,7,1,1
716894,Miska Ylitolva,2024,ECLQ,1008,False,4,4,0,323,0,0,0,0,1
716894,Miska Ylitolva,2024,CLQ,1008,False,2,1,0,45,0,0,0,0,0
716894,Miska Ylitolva,2024,21EU,20796,True,3,3,0,161,0,0,1,0,0
716894,Miska Ylitolva,2023,U21Q,20796,True,12,9,0,474,1,2,0,0,0
716894,Miska Ylitolva,2023,FS,20796,True,4,2,0,90,0,0,0,0,0
716894,Miska Ylitolva,2023,FIS,1008,False,2,0,0,0,0,0,0,0,0
716894,Miska Ylitolva,2023,FIL,1008,False,5,2,0,30,0,0,0,0,0
716894,Miska Ylitolva,2023,FI1,1008,False,22,4,0,166,0,0,1,0,0
716894,Miska Ylitolva,2023,F1CL,1008,False,5,2,0,99,0,0,3,1,0
716894,Miska Ylitolva,2023,CLQ,1008,False,1,0,0,0,0,0,0,0,0
716894,Miska Ylitolva,2022,FS,20796,True,2,2,0,74,0,0,0,0,0
716894,Miska Ylitolva,2022,FS,20794,True,1,1,0,17,0,0,0,0,0
716894,Miska Ylitolva,2022,FIS,1008,False,1,1,0,90,0,0,0,0,0
716894,Miska Ylitolva,2022,FIL,1008,False,7,0,0,0,0,0,0,0,0
716894,Miska Ylitolva,2022,FI3A,11131,False,8,3,0,215,0,0,0,0,0
716894,Miska Ylitolva,2022,FI1,7315,False,7,6,0,410,0,1,5,2,2
716894,Miska Ylitolva,2022,FI1,1008,False,16,4,0,129,0,0,0,0,0
716894,Miska Ylitolva,2022,F1CC,7315,False,5,5,0,450,0,0,7,1,0
716894,Miska Ylitolva,2022,ELQ,1008,False,4,0,0,0,0,0,0,0,0
716894,Miska Ylitolva,2022,EL,1008,False,6,0,0,0,0,0,0,0,0
716894,Miska Ylitolva,2022,CLQ,1008,False,4,0,2,0,0,0,0,0,0
716894,Miska Ylitolva,2021,FS,3443,True,2,2,0,78,0,0,0,0,0
716894,Miska Ylitolva,2021,FS,20793,True,2,1,0,90,0,0,1,1,0
716894,Miska Ylitolva,2021,FIS,1008,False,3,0,3,0,0,0,0,0,0
716894,Miska Ylitolva,2021,FIL,1008,False,4,3,0,166,0,1,0,0,0
716894,Miska Ylitolva,2021,FI3B,11131,False,20,6,9,491,0,0,0,0,0
716894,Miska Ylitolva,2021,FI1,1008,False,22,4,7,110,0,0,0,0,0
716894,Miska Ylitolva,2021,F1CL,1008,False,5,0,0,0,0,0,0,0,0
716894,Miska Ylitolva,2020,YKAU,3776,False,5,3,0,28,0,0,0,0,0
716894,Miska Ylitolva,2020,POFI,3776,False,2,1,0,18,0,0,0,0,0
716894,Miska Ylitolva,2020,FIS,3776,False,4,3,0,165,0,0,0,0,1
716894,Miska Ylitolva,2020,FI3C,70795,False,14,14,0,1239,2,0,0,0,2
716894,Miska Ylitolva,2020,FI2,3776,False,22,13,0,410,0,0,0,0,1
716894,Miska Ylitolva,2019,KCUP,70795,False,3,0,0,0,0,0,0,0,0
716894,Miska Ylitolva,2019,FS,20791,True,6,6,0,412,0,0,0,0,0
716894,Miska Ylitolva,2019,FI3C,70795,False,17,9,0,704,0,0,0,0,0
716894,Miska Ylitolva,2018,FS,34682,True,3,3,0,198,0,0,0,0,0
526869,Mihailo Bogicevic,2026,ECLQ,1008,False,4,0,0,0,0,0,0,0,0
526869,Mihailo Bogicevic,2025,SER1,15276,False,3,0,0,0,0,0,0,0,0
526869,Mihailo Bogicevic,2025,FIS,1008,False,4,2,0,180,0,0,0,0,0
526869,Mihailo Bogicevic,2025,FIL,1008,False,6,4,0,282,0,0,0,0,1
526869,Mihailo Bogicevic,2025,FI1,1008,False,20,10,0,773,1,0,4,1,3
526869,Mihailo Bogicevic,2024,SR1R,15276,False,7,6,0,406,0,1,3,1,1
526869,Mihailo Bogicevic,2024,SERP,15276,False,2,0,0,0,0,0,0,0,0
526869,Mihailo Bogicevic,2024,SER1,15276,False,30,29,1,2580,1,0,8,2,5
526869,Mihailo Bogicevic,2024,FIS,1008,False,2,2,0,56,0,0,0,0,0
526869,Mihailo Bogicevic,2024,FI1,1008,False,4,1,0,26,0,0,0,0,0
526869,Mihailo Bogicevic,2024,F1CL,1008,False,10,6,0,437,0,0,2,1,1
526869,Mihailo Bogicevic,2023,SR1R,15276,False,7,6,0,540,0,1,1,0,0
526869,Mihailo Bogicevic,2023,SERP,15276,False,1,0,0,0,0,0,0,0,0
526869,Mihailo Bogicevic,2023,SER1,15276,False,30,14,0,1158,0,0,5,2,2
526869,Mihailo Bogicevic,2022,SR1R,15276,False,7,5,0,383,0,0,1,0,0
526869,Mihailo Bogicevic,2022,SERP,15276,False,2,2,0,180,0,0,0,0,0
526869,Mihailo Bogicevic,2022,SER1,15276,False,30,15,0,1161,0,1,3,0,3
526869,Mihailo Bogicevic,2021,SR1R,15276,False,7,7,0,337,0,0,0,0,0
526869,Mihailo Bogicevic,2021,SERP,15276,False,1,0,0,0,0,0,0,0,0
526869,Mihailo Bogicevic,2021,SER1,15276,False,29,28,0,2520,0,1,2,2,0
526869,Mihailo Bogicevic,2020,SER2,3069,False,34,32,1,2793,0,0,0,0,4
526869,Mihailo Bogicevic,2018,SUIP,15446,False,2,1,0,120,0,0,0,0,0
526869,Mihailo Bogicevic,2018,CHC1,15446,False,26,23,0,1568,1,0,0,0,2
526869,Mihailo Bogicevic,2017,CHC1,15446,False,26,5,0,405,0,0,0,0,0
526869,Mihailo Bogicevic,2014,CH17,69744,False,18,9,0,596,0,0,0,0,0
1015336,Kaius Simojoki,2026,ECLQ,1008,False,4,4,0,294,0,1,0,0,0
1015336,Kaius Simojoki,2025,FIS,1008,False,4,0,0,0,0,0,0,0,0
1015336,Kaius Simojoki,2025,FIL,1008,False,6,6,0,491,0,0,0,0,0
1015336,Kaius Simojoki,2025,FI1,1008,False,20,5,0,209,0,0,1,1,0
1015336,Kaius Simojoki,2025,ECLQ,1008,False,4,3,0,142,0,0,0,0,0
1015336,Kaius Simojoki,2024,UCOL,1008,False,6,0,0,0,0,0,0,0,0
1015336,Kaius Simojoki,2024,U19Q,20794,True,6,6,0,540,0,0,0,0,1
1015336,Kaius Simojoki,2024,FS,20794,True,2,2,0,135,0,0,0,0,1
1015336,Kaius Simojoki,2024,FIS,1008,False,5,3,0,161,0,0,0,0,0
1015336,Kaius Simojoki,2024,FIL,1008,False,7,4,0,169,0,0,0,0,0
1015336,Kaius Simojoki,2024,FI1,1008,False,22,22,0,1719,0,2,3,1,2
1015336,Kaius Simojoki,2024,F1CL,1008,False,10,9,0,668,0,2,6,0,0
1015336,Kaius Simojoki,2024,ECLQ,1008,False,4,0,0,0,0,0,0,0,0
1015336,Kaius Simojoki,2024,CLQ,1008,False,2,0,0,0,0,0,0,0,0
1015336,Kaius Simojoki,2023,U19Q,20794,True,3,0,0,0,0,0,0,0,0
1015336,Kaius Simojoki,2023,FS,20793,True,7,7,0,429,0,0,0,0,0
1015336,Kaius Simojoki,2023,FIYK,11131,False,22,21,0,1679,2,0,0,0,3
1015336,Kaius Simojoki,2023,FIS,1008,False,2,0,0,0,0,0,0,0,0
1015336,Kaius Simojoki,2023,FIL,1008,False,2,2,0,106,0,0,0,0,1
1015336,Kaius Simojoki,2023,FI3P,11131,False,5,4,0,360,0,0,0,0,1
1015336,Kaius Simojoki,2023,FI1,1008,False,22,0,0,0,0,0,0,0,0
1015336,Kaius Simojoki,2023,F1CL,1008,False,5,0,0,0,0,0,0,0,0
1015336,Kaius Simojoki,2023,19YL,50922,False,4,4,0,360,0,0,0,0,1
1015336,Kaius Simojoki,2022,YKCP,17397,False,4,2,0,80,0,0,0,0,0
1015336,Kaius Simojoki,2022,U17Q,20792,True,6,5,0,450,0,0,0,0,1
1015336,Kaius Simojoki,2022,FS,20792,True,6,5,0,388,0,0,0,0,1
1015336,Kaius Simojoki,2022,FIS,17397,False,3,2,0,180,1,1,0,0,0
1015336,Kaius Simojoki,2022,FIKP,11131,False,2,0,0,0,0,0,0,0,0
1015336,Kaius Simojoki,2022,FI3A,22293,False,6,2,0,144,0,0,0,0,0
1015336,Kaius Simojoki,2022,FI3A,11131,False,7,3,0,192,0,0,0,0,1
1015336,Kaius Simojoki,2022,FI2,17397,False,19,0,0,0,0,0,0,0,0
1015336,Kaius Simojoki,2021,FS,20792,True,1,1,0,90,0,0,0,0,0
1015336,Kaius Simojoki,2021,FS,20791,True,3,3,0,206,0,0,0,0,0
937930,Emil Leveälahti,2026,ECLQ,1008,False,4,1,0,45,0,0,0,0,0
937930,Emil Leveälahti,2025,YKCP,11131,False,1,1,0,45,0,0,0,0,0
937930,Emil Leveälahti,2025,U21Q,20796,True,1,1,0,1,0,0,0,0,0
937930,Emil Leveälahti,2025,FS,20796,True,2,2,0,48,0,0,0,0,0
937930,Emil Leveälahti,2025,FIS,1008,False,4,2,0,180,1,0,0,0,1
937930,Emil Leveälahti,2025,FIL,1008,False,6,2,0,90,0,0,0,0,0
937930,Emil Leveälahti,2025,FI2,11131,False,9,9,0,773,0,0,0,0,2
937930,Emil Leveälahti,2025,FI1,1008,False,20,5,0,290,0,0,1,0,1
937930,Emil Leveälahti,2025,19YL,50922,False,8,8,0,707,0,0,1,0,0
937930,Emil Leveälahti,2024,YKCP,11131,False,4,0,0,0,0,0,0,0,0
937930,Emil Leveälahti,2024,UCOL,1008,False,6,0,0,0,0,0,0,0,0
937930,Emil Leveälahti,2024,FS,20794,True,2,1,0,90,0,0,0,0,0
937930,Emil Leveälahti,2024,FIS,11131,False,5,0,0,0,0,0,0,0,0
937930,Emil Leveälahti,2024,FI2,11131,False,27,3,0,128,0,0,0,0,0
937930,Emil Leveälahti,2024,F1CL,1008,False,1,1,0,16,0,0,0,0,0
937930,Emil Leveälahti,2024,ECLQ,1008,False,4,0,0,0,0,0,0,0,0
937930,Emil Leveälahti,2024,CLQ,1008,False,2,0,0,0,0,0,0,0,0
937930,Emil Leveälahti,2023,FS,20793,True,4,2,0,150,0,0,0,0,0
937930,Emil Leveälahti,2023,FIYK,11131,False,22,13,0,1028,0,0,0,0,3
937930,Emil Leveälahti,2023,FIS,1008,False,2,0,0,0,0,0,0,0,0
937930,Emil Leveälahti,2023,FIL,1008,False,1,1,0,90,0,0,0,0,0
937930,Emil Leveälahti,2023,FI3P,11131,False,5,0,0,0,0,0,0,0,0
937930,Emil Leveälahti,2023,FI1,1008,False,22,0,0,0,0,0,0,0,0
937930,Emil Leveälahti,2023,F1CL,1008,False,5,0,0,0,0,0,0,0,0
937930,Emil Leveälahti,2023,19YL,50922,False,2,2,0,122,0,0,0,0,1
937930,Emil Leveälahti,2022,U17Q,20792,True,6,4,0,346,0,0,0,0,0
937930,Emil Leveälahti,2022,FS,20792,True,6,6,0,387,0,0,0,0,1
937930,Emil Leveälahti,2021,FS,20792,True,1,1,0,45,0,0,0,0,0
937930,Emil Leveälahti,2021,FS,20791,True,2,2,0,113,0,0,0,0,1
937989,Mustafa Ameen,2026,ECLQ,1008,False,4,0,0,0,0,0,0,0,0
937989,Mustafa Ameen,2025,YKCP,11131,False,4,3,0,137,0,0,0,0,0
937989,Mustafa Ameen,2025,FIS,1008,False,4,2,0,25,1,0,0,0,0
937989,Mustafa Ameen,2025,FI2,11131,False,19,8,0,534,0,0,0,0,0
937989,Mustafa Ameen,2025,FI1,1008,False,13,0,0,0,0,0,0,0,0
937989,Mustafa Ameen,2025,19YL,50922,False,8,8,0,539,0,0,0,0,0
937989,Mustafa Ameen,2024,YKCP,11131,False,4,3,0,96,0,0,0,0,1
937989,Mustafa Ameen,2024,FIS,11131,False,5,3,0,236,1,1,0,0,0
937989,Mustafa Ameen,2024,FI2,11131,False,27,8,0,395,0,1,0,0,2
937989,Mustafa Ameen,2023,FS,20793,True,2,1,0,77,0,0,0,0,0
937989,Mustafa Ameen,2023,FIYK,11131,False,22,0,0,0,0,0,0,0,0
937989,Mustafa Ameen,2023,FI3P,11131,False,5,0,0,0,0,0,0,0,0
937989,Mustafa Ameen,2023,19YL,50922,False,4,2,0,8,0,0,0,0,0
937989,Mustafa Ameen,2022,U17Q,20792,True,6,4,0,281,0,0,0,0,0
937989,Mustafa Ameen,2022,FS,20792,True,6,2,0,141,0,0,0,0,0
937989,Mustafa Ameen,2021,FS,20792,True,1,1,0,90,0,0,0,0,0
937989,Mustafa Ameen,2021,FS,20791,True,2,2,0,96,0,0,0,0,0
1102180,Eemil Toivonen,2026,ECLQ,1008,False,4,0,0,0,0,0,0,0,0
1102180,Eemil Toivonen,2025,FIS,1008,False,4,0,0,0,0,0,0,0,0
1102180,Eemil Toivonen,2025,FIL,1008,False,6,0,0,0,0,0,0,0,0
1102180,Eemil Toivonen,2025,FI1,1008,False,20,0,0,0,0,0,0,0,0
1102180,Eemil Toivonen,2024,UCOL,1008,False,6,0,0,0,0,0,0,0,0
1102180,Eemil Toivonen,2024,U19Q,20794,True,6,4,0,262,0,0,0,0,1
1102180,Eemil Toivonen,2024,FS,20794,True,2,1,0,90,0,0,0,0,0
1102180,Eemil Toivonen,2024,FIS,6017,False,4,3,0,135,1,0,0,0,0
1102180,Eemil Toivonen,2024,FIL,1008,False,7,0,0,0,0,0,0,0,0
1102180,Eemil Toivonen,2024,FI1,6017,False,22,11,0,768,1,1,4,2,3
1102180,Eemil Toivonen,2024,F1CC,6017,False,5,0,0,0,0,0,0,0,0
1102180,Eemil Toivonen,2024,ECLQ,1008,False,4,0,0,0,0,0,0,0,0
1102180,Eemil Toivonen,2024,CLQ,1008,False,2,0,0,0,0,0,0,0,0
1102180,Eemil Toivonen,2023,FS,20793,True,5,4,0,244,0,0,0,0,1
1102180,Eemil Toivonen,2023,FIYK,11131,False,22,20,0,1341,3,0,0,0,5
1102180,Eemil Toivonen,2023,FIS,1008,False,2,0,0,0,0,0,0,0,0
1102180,Eemil Toivonen,2023,FIL,1008,False,2,2,0,83,0,1,0,0,0
1102180,Eemil Toivonen,2023,FI3P,11131,False,5,4,0,280,0,0,0,0,1
1102180,Eemil Toivonen,2023,FI1,1008,False,22,0,0,0,0,0,0,0,0
1102180,Eemil Toivonen,2023,F1CL,1008,False,5,0,0,0,0,0,0,0,0
322994,Lucas Lingman,2026,ECLQ,1008,False,4,3,0,155,0,1,0,0,0
322994,Lucas Lingman,2025,FIS,1008,False,4,4,0,195,0,1,0,0,1
322994,Lucas Lingman,2025,FIL,1008,False,6,6,0,397,0,2,0,0,1
322994,Lucas Lingman,2025,FI1,1008,False,20,17,0,1443,0,2,15,3,1
322994,Lucas Lingman,2025,ECLQ,1008,False,4,4,0,300,1,1,0,0,0
322994,Lucas Lingman,2024,UCOL,1008,False,6,4,0,221,0,1,2,1,1
322994,Lucas Lingman,2024,FIS,1008,False,5,5,0,304,0,1,0,0,1
322994,Lucas Lingman,2024,FIL,1008,False,7,4,0,286,1,1,0,0,3
322994,Lucas Lingman,2024,FI1,1008,False,22,20,0,977,1,6,20,9,3
322994,Lucas Lingman,2024,F1CL,1008,False,10,9,0,435,3,0,8,3,0
322994,Lucas Lingman,2024,ECLQ,1008,False,4,4,0,390,0,2,0,0,1
322994,Lucas Lingman,2024,CLQ,1008,False,2,2,0,141,0,0,0,0,0
322994,Lucas Lingman,2023,UCOL,1008,False,6,6,0,513,0,2,1,0,2
322994,Lucas Lingman,2023,FIS,1008,False,2,0,0,0,0,0,0,0,0
322994,Lucas Lingman,2023,FIL,1008,False,5,3,0,223,0,1,0,0,0
322994,Lucas Lingman,2023,FI1,1008,False,22,19,0,1583,3,6,19,7,4
322994,Lucas Lingman,2023,F1CL,1008,False,5,3,0,225,1,0,3,2,1
322994,Lucas Lingman,2023,ELQ,1008,False,2,2,0,180,0,0,0,0,0
322994,Lucas Lingman,2023,ECLQ,1008,False,2,1,0,84,0,1,0,0,0
322994,Lucas Lingman,2023,CLQ,1008,False,4,4,0,390,0,0,0,0,0
322994,Lucas Lingman,2022,UNLB,3443,True,6,4,0,258,0,1,0,0,0
322994,Lucas Lingman,2022,FS,3443,True,4,4,0,171,0,0,0,0,0
322994,Lucas Lingman,2022,FIS,1008,False,1,1,0,29,0,0,0,0,0
322994,Lucas Lingman,2022,FIL,1008,False,7,2,0,74,0,1,0,0,1
322994,Lucas Lingman,2022,FI1,1008,False,22,15,0,896,0,0,5,2,1
322994,Lucas Lingman,2022,F1CL,1008,False,5,5,0,365,0,0,0,0,0
322994,Lucas Lingman,2022,EMQ,3443,True,10,2,0,97,0,0,1,0,0
322994,Lucas Lingman,2022,ELQ,1008,False,4,4,0,323,0,2,0,0,0
322994,Lucas Lingman,2022,EL,1008,False,6,6,0,497,0,0,2,0,0
322994,Lucas Lingman,2021,UCOL,1008,False,6,5,0,450,0,0,5,3,1
322994,Lucas Lingman,2021,SE1,699,False,16,15,0,1143,0,0,0,0,0
322994,Lucas Lingman,2021,FS,3443,True,2,1,0,67,0,0,1,1,0
322994,Lucas Lingman,2021,FI1,1008,False,5,4,0,145,0,0,0,0,0
322994,Lucas Lingman,2021,F1CL,1008,False,5,3,0,244,0,1,0,0,2
322994,Lucas Lingman,2021,ELQ,1008,False,4,2,0,179,0,0,0,0,0
322994,Lucas Lingman,2021,CLQ,1008,False,4,4,0,360,0,2,0,0,1
322994,Lucas Lingman,2020,FIS,1008,False,6,6,0,513,0,0,0,0,1
322994,Lucas Lingman,2020,FI1,1008,False,22,16,0,1300,2,2,0,0,0
322994,Lucas Lingman,2020,F1CL,1008,False,5,5,0,408,0,1,0,0,1
322994,Lucas Lingman,2019,U21Q,20796,True,10,10,0,753,0,2,2,0,3
322994,Lucas Lingman,2019,FIS,1008,False,9,9,0,708,0,2,0,0,0
322994,Lucas Lingman,2019,FI1,1008,False,22,20,0,1565,2,4,0,0,4
322994,Lucas Lingman,2019,ELQ,3776,False,2,2,0,180,0,1,2,0,0
322994,Lucas Lingman,2018,FS,20796,True,4,4,0,345,0,0,0,0,1
322994,Lucas Lingman,2018,FIS,3776,False,7,7,0,617,0,0,0,0,0
322994,Lucas Lingman,2018,FI1,3776,False,22,21,0,1882,3,5,0,0,4
322994,Lucas Lingman,2018,F1CC,3776,False,5,5,0,380,0,2,0,0,1
322994,Lucas Lingman,2017,FIS,3776,False,5,5,0,325,1,0,0,0,1
322994,Lucas Lingman,2017,FI1,3776,False,33,32,0,2681,5,4,0,0,3
322994,Lucas Lingman,2017,ELQ,1008,False,4,1,0,1,0,0,0,0,0
322994,Lucas Lingman,2016,FIS,1008,False,8,1,0,1,0,0,0,0,0
322994,Lucas Lingman,2016,FI3A,11131,False,3,3,0,225,0,3,0,0,0
322994,Lucas Lingman,2016,FI1,1008,False,33,11,0,375,1,0,0,0,0
322994,Lucas Lingman,2016,ELQ,1008,False,6,0,0,0,0,0,0,0,0
322994,Lucas Lingman,2016,19YL,50922,False,1,1,0,90,0,0,0,0,0
322994,Lucas Lingman,2015,FS,20793,True,8,2,0,126,0,0,0,0,0
322994,Lucas Lingman,2015,FIS,1008,False,5,2,0,210,0,1,0,0,0
322994,Lucas Lingman,2015,FIL,1008,False,5,4,0,317,0,1,0,0,0
322994,Lucas Lingman,2015,FI3B,11131,False,8,8,0,688,1,0,0,0,2
322994,Lucas Lingman,2015,FI1,1008,False,33,6,0,50,0,0,0,0,1
322994,Lucas Lingman,2015,ELQ,1008,False,2,1,0,13,0,0,0,0,0
322994,Lucas Lingman,2015,CLQ,1008,False,4,0,0,0,0,0,0,0,0
322994,Lucas Lingman,2015,19YL,50922,False,2,2,0,180,0,0,0,0,0
322994,Lucas Lingman,2014,U17Q,20792,True,3,3,0,240,1,0,0,0,0
322994,Lucas Lingman,2014,FS,20794,True,3,3,0,161,0,0,0,0,0
322994,Lucas Lingman,2014,FS,20793,True,8,8,0,440,0,0,0,0,0
322994,Lucas Lingman,2014,FS,20792,True,4,4,0,266,1,0,0,0,0
322994,Lucas Lingman,2014,FIS,1008,False,3,2,0,72,0,0,0,0,1
322994,Lucas Lingman,2014,FIL,1008,False,7,3,0,25,0,0,0,0,0
322994,Lucas Lingman,2014,FIKP,11131,False,2,2,0,180,0,0,0,0,1
322994,Lucas Lingman,2014,FI3,11131,False,24,16,0,1370,3,0,0,0,1
322994,Lucas Lingman,2014,FI1,1008,False,33,4,0,187,0,0,0,0,0
322994,Lucas Lingman,2013,FS,20792,True,3,3,0,240,0,0,0,0,1
322994,Lucas Lingman,2013,FS,20791,True,4,4,0,197,3,1,0,0,0
322994,Lucas Lingman,2013,FIS,11131,False,1,1,0,39,0,0,0,0,1
322994,Lucas Lingman,2013,FI3S,11131,False,8,8,0,551,0,0,0,0,1
322994,Lucas Lingman,2013,FI1,1008,False,1,0,0,0,0,0,0,0,0
82113,Alexander Ring,2026,ECLQ,1008,False,4,4,0,242,0,0,0,0,2
82113,Alexander Ring,2025,FIS,1008,False,4,3,0,231,1,1,0,0,0
82113,Alexander Ring,2025,FIL,1008,False,6,5,0,234,1,1,0,0,2
82113,Alexander Ring,2025,FI1,1008,False,20,14,0,958,2,1,31,6,1
82113,Alexander Ring,2025,ECLQ,1008,False,4,4,0,420,1,3,0,0,1
82113,Alexander Ring,2024,FIS,1008,False,5,2,0,180,1,0,0,0,0
82113,Alexander Ring,2024,FIL,1008,False,5,4,0,344,0,0,0,0,1
82113,Alexander Ring,2024,FI1,1008,False,22,20,0,1687,12,6,46,18,4
82113,Alexander Ring,2024,F1CL,1008,False,10,10,0,860,2,0,21,9,0
82113,Alexander Ring,2023,USMX,72309,False,3,3,0,270,1,1,4,1,0
82113,Alexander Ring,2023,MLS1,72309,False,34,34,0,2599,2,4,34,12,5
82113,Alexander Ring,2022,USMX,72309,False,2,1,1,25,0,0,0,0,0
82113,Alexander Ring,2022,MLSP,72309,False,2,2,0,135,0,0,1,0,1
82113,Alexander Ring,2022,MLS1,72309,False,34,28,6,2155,2,1,19,6,3
82113,Alexander Ring,2022,CCL,72309,False,2,1,0,90,0,1,1,0,0
82113,Alexander Ring,2021,POUS,72309,False,3,3,0,262,0,0,7,3,1
82113,Alexander Ring,2021,MLSP,72309,False,1,0,0,0,0,0,0,0,0
82113,Alexander Ring,2021,MLS1,72309,False,34,34,0,2787,4,3,39,15,7
82113,Alexander Ring,2020,MLS1,72309,False,34,31,1,2707,4,3,40,14,5
82113,Alexander Ring,2019,USSP,40058,False,5,5,0,450,0,0,1,0,3
82113,Alexander Ring,2019,POUS,40058,False,1,1,0,115,0,0,2,0,0
82113,Alexander Ring,2019,MLS1,40058,False,20,20,0,1746,4,4,25,8,4
82113,Alexander Ring,2019,CCL,40058,False,4,3,0,270,0,0,3,1,0
82113,Alexander Ring,2018,POUS,40058,False,1,1,0,90,0,0,0,0,0
82113,Alexander Ring,2018,MLSP,40058,False,3,2,0,210,0,0,0,0,0
82113,Alexander Ring,2018,MLS1,40058,False,34,31,0,2790,4,4,47,15,12
82113,Alexander Ring,2017,POUS,40058,False,3,3,0,270,0,0,0,0,1
82113,Alexander Ring,2017,MLSP,40058,False,1,0,0,0,0,0,0,0,0
82113,Alexander Ring,2017,MLS1,40058,False,34,30,2,2608,2,0,30,8,10
82113,Alexander Ring,2016,WMQ6,3443,True,7,6,0,401,1,0,0,0,2
82113,Alexander Ring,2016,POUS,40058,False,2,2,0,180,0,0,0,0,0
82113,Alexander Ring,2016,MLSP,40058,False,1,1,0,90,0,0,0,0,1
82113,Alexander Ring,2016,MLS1,40058,False,34,29,5,2604,0,3,0,0,10
82113,Alexander Ring,2016,L2,2,False,18,10,3,673,0,0,0,0,1
82113,Alexander Ring,2016,FS,3443,True,5,1,0,90,0,0,0,0,0
82113,Alexander Ring,2016,DFB,2,False,1,1,0,73,0,0,0,0,1
82113,Alexander Ring,2015,L2,2,False,34,21,4,1587,2,4,0,0,4
82113,Alexander Ring,2015,FS,3443,True,6,3,0,209,0,0,0,0,0
82113,Alexander Ring,2015,DFB,2,False,2,1,1,120,0,0,0,0,0
82113,Alexander Ring,2014,L2,2,False,34,24,9,2044,6,0,0,0,6
82113,Alexander Ring,2014,FS,3443,True,4,0,1,0,0,0,0,0,0
82113,Alexander Ring,2014,EMQ,3443,True,10,8,1,640,0,1,0,0,1
82113,Alexander Ring,2014,DFB,2,False,3,2,1,222,0,0,0,0,0
82113,Alexander Ring,2013,L2,2,False,34,21,0,1226,0,1,0,0,5
82113,Alexander Ring,2013,FS,3443,True,7,6,0,375,0,0,0,0,0
82113,Alexander Ring,2013,DFB,2,False,5,3,0,243,0,0,0,0,0
82113,Alexander Ring,2012,WMQ6,3443,True,8,8,0,680,0,1,0,0,1
82113,Alexander Ring,2012,L1,18,False,34,6,4,186,0,0,0,0,0
82113,Alexander Ring,2012,FS,3443,True,7,3,2,249,1,0,0,0,1
82113,Alexander Ring,2012,EL,18,False,8,4,1,277,0,0,0,0,0
82113,Alexander Ring,2012,DFB,18,False,2,1,0,30,0,0,0,0,0
82113,Alexander Ring,2012,CLQ,18,False,2,2,0,96,1,1,0,0,0
82113,Alexander Ring,2011,L1,18,False,17,8,1,223,0,0,0,0,0
82113,Alexander Ring,2011,FS,3443,True,7,4,0,259,0,0,0,0,1
82113,Alexander Ring,2011,ELQ,1008,False,2,2,0,180,0,1,0,0,1
82113,Alexander Ring,2011,DFB,18,False,2,0,0,0,0,0,0,0,0
82113,Alexander Ring,2011,CLQ,1008,False,4,4,0,360,2,2,0,0,1
82113,Alexander Ring,2010,FS,20796,True,4,3,0,210,0,0,0,0,0
82113,Alexander Ring,2010,FS,20795,True,2,2,0,60,1,1,0,0,0
82113,Alexander Ring,2010,FIS,1008,False,3,3,0,270,1,0,0,0,0
82113,Alexander Ring,2010,FIL,1008,False,2,2,0,114,1,0,0,0,0
82113,Alexander Ring,2010,FI1,1008,False,33,24,0,1783,2,4,0,0,5
82113,Alexander Ring,2010,EMQ,3443,True,5,5,0,353,0,0,0,0,0
82113,Alexander Ring,2010,ELQ,1008,False,2,1,0,19,0,0,0,0,0
82113,Alexander Ring,2010,CLQ,1008,False,4,0,0,0,0,0,0,0,0
82113,Alexander Ring,2009,U19Q,20794,True,3,2,0,172,0,0,0,0,0
82113,Alexander Ring,2009,FS,20794,True,6,6,0,396,1,0,0,0,0
82113,Alexander Ring,2009,FIS,1008,False,3,0,0,0,0,0,0,0,0
82113,Alexander Ring,2009,FI2,11131,False,19,19,0,1582,6,1,0,0,3
82113,Alexander Ring,2009,FI1,8045,False,6,4,0,263,1,0,0,0,1
82113,Alexander Ring,2009,FI1,1008,False,20,3,0,48,0,0,0,0,0
82113,Alexander Ring,2008,FS,20793,True,3,2,0,158,0,0,0,0,0
82113,Alexander Ring,2008,FI2,11131,False,26,15,0,805,3,0,0,0,1
82113,Alexander Ring,2008,AJ2,4713,False,13,0,0,0,0,0,0,0,0
82113,Alexander Ring,2007,FS,20793,True,1,1,0,90,1,0,0,0,0
82113,Alexander Ring,2007,BJ2,21054,False,26,9,0,505,1,0,0,0,1
937990,Pyry Mentu,2026,ECLQ,1008,False,4,3,0,225,1,0,0,0,0
937990,Pyry Mentu,2025,U21Q,20796,True,7,6,0,271,1,0,0,0,0
937990,Pyry Mentu,2025,FIS,1008,False,4,2,0,75,0,0,0,0,0
937990,Pyry Mentu,2025,FIL,1008,False,6,6,0,478,0,1,0,0,1
937990,Pyry Mentu,2025,FI1,1008,False,20,13,0,882,0,2,8,3,1
937990,Pyry Mentu,2025,ECLQ,1008,False,4,3,0,155,0,1,0,0,0
937990,Pyry Mentu,2024,UCOL,1008,False,6,2,0,23,0,0,0,0,0
937990,Pyry Mentu,2024,U19Q,20794,True,6,6,0,366,2,0,0,0,0
937990,Pyry Mentu,2024,FS,20794,True,2,2,0,73,0,0,0,0,0
937990,Pyry Mentu,2024,FIS,1008,False,5,5,0,301,0,2,0,0,0
937990,Pyry Mentu,2024,FIL,1008,False,7,5,0,284,0,1,0,0,0
937990,Pyry Mentu,2024,FI1,1008,False,22,20,0,1357,2,5,15,8,1
937990,Pyry Mentu,2024,F1CL,1008,False,10,9,0,563,0,0,3,1,3
937990,Pyry Mentu,2024,ECLQ,1008,False,4,0,0,0,0,0,0,0,0
937990,Pyry Mentu,2024,CLQ,1008,False,2,0,0,0,0,0,0,0,0
937990,Pyry Mentu,2023,FS,20793,True,7,6,0,330,0,0,0,0,0
937990,Pyry Mentu,2023,FIYK,11131,False,22,21,0,1772,4,0,0,0,4
937990,Pyry Mentu,2023,FIS,1008,False,2,1,0,24,0,0,0,0,0
937990,Pyry Mentu,2023,FIL,1008,False,2,2,0,131,0,0,0,0,0
937990,Pyry Mentu,2023,FI3P,11131,False,5,5,0,450,0,0,0,0,1
937990,Pyry Mentu,2023,FI1,1008,False,22,0,0,0,0,0,0,0,0
937990,Pyry Mentu,2023,F1CL,1008,False,5,0,0,0,0,0,0,0,0
937990,Pyry Mentu,2023,19YL,50922,False,4,1,0,5,0,0,0,0,0
937990,Pyry Mentu,2022,FI3A,11131,False,1,0,0,0,0,0,0,0,0
937990,Pyry Mentu,2021,FS,20791,True,5,4,0,171,0,0,0,0,0
713140,Jere Kallinen,2026,ECLQ,1008,False,4,1,0,45,0,0,0,0,0
713140,Jere Kallinen,2025,FIS,1008,False,4,3,0,225,0,2,0,0,0
713140,Jere Kallinen,2025,FIL,1008,False,6,5,0,238,0,0,0,0,0
713140,Jere Kallinen,2025,FI1,1008,False,20,16,0,878,0,1,4,1,0
713140,Jere Kallinen,2025,ECLQ,1008,False,4,3,0,157,0,0,0,0,0
713140,Jere Kallinen,2024,FIS,1008,False,5,4,0,169,0,0,0,0,0
713140,Jere Kallinen,2024,FIL,1008,False,7,2,0,56,0,0,0,0,1
713140,Jere Kallinen,2024,FI1,1008,False,22,14,0,560,3,0,5,4,2
713140,Jere Kallinen,2024,F1CL,1008,False,10,9,0,527,1,0,4,2,0
713140,Jere Kallinen,2023,U21Q,20796,True,6,2,0,22,0,0,0,0,0
713140,Jere Kallinen,2023,FS,20796,True,2,1,0,29,0,0,0,0,1
713140,Jere Kallinen,2023,FIS,7008,False,5,4,0,199,0,1,0,0,0
713140,Jere Kallinen,2023,FIL,7008,False,5,2,0,60,0,0,0,0,0
713140,Jere Kallinen,2023,FI1,7008,False,22,19,0,1609,0,1,10,2,4
713140,Jere Kallinen,2023,F1CC,7008,False,5,0,0,0,0,0,0,0,0
713140,Jere Kallinen,2022,FS,20796,True,2,2,0,77,0,0,0,0,0
713140,Jere Kallinen,2022,FIS,7008,False,5,3,0,242,0,0,0,0,0
713140,Jere Kallinen,2022,FIL,7008,False,7,0,0,0,0,0,0,0,0
713140,Jere Kallinen,2022,FI1,7008,False,22,17,0,1456,0,1,3,0,3
713140,Jere Kallinen,2022,F1CE,7008,False,2,2,0,210,0,0,2,0,0
713140,Jere Kallinen,2022,F1CC,7008,False,5,3,0,270,0,0,0,0,1
713140,Jere Kallinen,2021,U21Q,20796,True,2,0,0,0,0,0,0,0,0
713140,Jere Kallinen,2021,FIS,7008,False,4,2,2,102,0,1,0,0,1
713140,Jere Kallinen,2021,FIL,7008,False,3,3,0,270,0,0,0,0,0
713140,Jere Kallinen,2021,FI3C,22374,False,1,1,0,45,0,0,0,0,0
713140,Jere Kallinen,2021,FI1,7008,False,22,11,9,866,0,0,0,0,2
713140,Jere Kallinen,2021,F1CE,7008,False,2,2,0,210,0,0,0,0,1
713140,Jere Kallinen,2021,F1CC,7008,False,5,4,0,202,0,0,0,0,1
713140,Jere Kallinen,2020,POFI,7008,False,2,2,0,180,0,0,0,0,0
713140,Jere Kallinen,2020,FIS,7008,False,3,2,0,80,0,0,0,0,0
713140,Jere Kallinen,2020,FI1,7008,False,22,20,0,1612,1,1,0,0,1
713140,Jere Kallinen,2020,F1CC,7008,False,5,3,0,137,0,0,0,0,2
713140,Jere Kallinen,2019,FIS,7008,False,6,6,0,139,0,0,0,0,1
713140,Jere Kallinen,2019,FI3C,22374,False,12,9,0,807,1,0,0,0,0
713140,Jere Kallinen,2019,FI2,7008,False,22,10,0,183,0,0,0,0,0
713140,Jere Kallinen,2018,FI3C,22374,False,1,1,0,90,0,0,0,0,0
718431,Liam Möller,2026,ECLQ,1008,False,4,3,0,167,1,1,0,0,1
718431,Liam Möller,2025,U21Q,20796,True,7,1,0,2,0,0,0,0,0
718431,Liam Möller,2025,FS,20796,True,2,2,0,82,0,0,0,0,0
718431,Liam Möller,2025,FIS,1008,False,4,3,0,89,3,1,0,0,0
718431,Liam Möller,2025,FIL,1008,False,6,3,0,147,1,0,0,0,0
718431,Liam Möller,2025,FI1,1008,False,20,17,0,1037,2,2,24,6,0
718431,Liam Möller,2025,ECLQ,1008,False,4,0,0,0,0,0,0,0,0
718431,Liam Möller,2024,UCOL,1008,False,6,6,0,338,1,0,4,1,1
718431,Liam Möller,2024,FS,20796,True,2,0,0,0,0,0,0,0,0
718431,Liam Möller,2024,FIS,1008,False,5,2,0,73,2,1,0,0,0
718431,Liam Möller,2024,FIL,1008,False,7,1,0,45,0,0,0,0,0
718431,Liam Möller,2024,FI1,1008,False,22,8,0,426,0,1,10,4,1
718431,Liam Möller,2024,F1CL,1008,False,10,9,0,435,1,0,5,3,0
718431,Liam Möller,2024,ECLQ,1008,False,4,4,0,156,0,0,0,0,1
718431,Liam Möller,2024,CLQ,1008,False,2,1,0,5,0,0,0,0,0
718431,Liam Möller,2024,21EU,20796,True,3,0,0,0,0,0,0,0,0
718431,Liam Möller,2023,UCOL,1008,False,6,0,0,0,0,0,0,0,0
718431,Liam Möller,2023,U21Q,20796,True,6,5,0,94,0,0,0,0,1
718431,Liam Möller,2023,FIYK,11131,False,2,2,0,142,0,0,0,0,0
718431,Liam Möller,2023,FIS,1008,False,2,2,0,180,1,0,0,0,0
718431,Liam Möller,2023,FIL,1008,False,5,3,0,171,0,0,0,0,0
718431,Liam Möller,2023,FI1,1008,False,22,8,0,261,2,1,8,3,1
718431,Liam Möller,2023,F1CL,1008,False,5,4,0,280,0,0,4,2,1
718431,Liam Möller,2023,ELQ,1008,False,2,0,0,0,0,0,0,0,0
718431,Liam Möller,2023,ECLQ,1008,False,2,0,0,0,0,0,0,0,0
718431,Liam Möller,2023,CLQ,1008,False,4,1,0,30,0,0,0,0,0
718431,Liam Möller,2023,19YL,50922,False,4,4,0,328,1,1,0,0,1
718431,Liam Möller,2022,U19Q,20794,True,3,1,0,31,0,0,0,0,0
718431,Liam Möller,2022,FIS,1008,False,1,1,0,90,0,1,0,0,0
718431,Liam Möller,2022,FIL,1008,False,7,3,0,161,2,0,0,0,0
718431,Liam Möller,2022,FIKP,11131,False,2,2,0,180,0,0,0,0,0
718431,Liam Möller,2022,FI3A,11131,False,22,14,0,1027,2,0,0,0,3
718431,Liam Möller,2022,FI1,1008,False,22,1,0,7,1,0,1,1,0
718431,Liam Möller,2022,F1CL,1008,False,5,0,0,0,0,0,0,0,0
718431,Liam Möller,2021,KP3B,11131,False,3,3,0,245,0,0,0,0,0
718431,Liam Möller,2021,FS,20793,True,2,1,0,90,0,0,0,0,0
718431,Liam Möller,2021,FIS,11131,False,3,0,0,0,0,0,0,0,0
718431,Liam Möller,2021,FI3B,11131,False,24,14,0,687,0,0,0,0,3
718431,Liam Möller,2020,YKAB,11131,False,1,1,0,90,0,0,0,0,0
718431,Liam Möller,2020,FI2,11131,False,1,0,0,0,0,0,0,0,0
718431,Liam Möller,2019,FS,20791,True,2,2,0,81,0,0,0,0,0
1018043,Martin Kirilov,2026,U19Q,20794,True,3,0,0,0,0,0,0,0,0
1018043,Martin Kirilov,2026,ECLQ,1008,False,4,3,0,117,0,1,0,0,0
1018043,Martin Kirilov,2025,U19Q,20794,True,6,6,0,540,0,0,0,0,1
1018043,Martin Kirilov,2025,ITJ7,75900,False,11,11,0,786,2,0,0,0,0
1018043,Martin Kirilov,2025,IJ1,12130,False,23,6,0,236,0,0,0,0,0
1018043,Martin Kirilov,2025,FS,20794,True,4,4,0,298,2,1,0,0,0
1018043,Martin Kirilov,2025,FIS,1008,False,4,3,0,225,3,2,0,0,0
1018043,Martin Kirilov,2025,FIL,1008,False,3,3,0,161,2,0,0,0,2
1018043,Martin Kirilov,2025,FI1,1008,False,20,15,0,437,1,3,9,2,4
1018043,Martin Kirilov,2025,CITP,12130,False,2,1,0,70,0,0,0,0,0
1018043,Martin Kirilov,2024,U19Q,20794,True,3,3,0,264,0,0,0,0,0
1018043,Martin Kirilov,2024,TDV,75900,False,6,1,0,90,0,0,0,0,0
1018043,Martin Kirilov,2024,ITJ7,75900,False,34,29,2,2284,11,6,0,0,5
1018043,Martin Kirilov,2024,IT18,75900,False,2,2,0,175,0,0,0,0,1
1018043,Martin Kirilov,2024,IJ1,12130,False,5,5,0,126,0,0,0,0,1
1018043,Martin Kirilov,2024,FS,20793,True,2,2,0,135,0,0,0,0,1
1018043,Martin Kirilov,2023,U17Q,20792,True,6,6,0,463,2,2,0,0,0
1018043,Martin Kirilov,2023,TDV,75900,False,2,2,0,135,0,0,0,0,0
1018043,Martin Kirilov,2023,ITJF,49746,False,1,1,0,67,1,0,0,0,0
1018043,Martin Kirilov,2023,ITJ7,75900,False,3,3,0,77,0,0,0,0,0
1018043,Martin Kirilov,2023,ITJ4,49746,False,24,23,0,1584,5,0,0,0,3
1018043,Martin Kirilov,2023,FS,20793,True,3,3,0,172,0,0,0,0,0
1018043,Martin Kirilov,2023,FS,20792,True,9,5,0,285,1,0,0,0,0
1018043,Martin Kirilov,2023,FS,20791,True,1,1,0,84,2,0,0,0,0
1018043,Martin Kirilov,2022,FS,20791,True,5,5,0,260,2,0,0,0,0
1018043,Martin Kirilov,2021,FS,34682,True,2,2,0,157,1,0,0,0,0
1139745,Leevi Palmula,2026,U19Q,20794,True,3,3,0,270,1,1,0,0,0
1139745,Leevi Palmula,2026,ECLQ,1008,False,4,0,0,0,0,0,0,0,0
1139745,Leevi Palmula,2025,YKCP,11131,False,4,1,0,61,0,0,0,0,0
1139745,Leevi Palmula,2025,U19Q,20794,True,3,0,0,0,0,0,0,0,0
1139745,Leevi Palmula,2025,FS,20793,True,3,2,0,167,1,0,0,0,0
1139745,Leevi Palmula,2025,FIS,1008,False,4,1,0,25,0,1,0,0,0
1139745,Leevi Palmula,2025,FI2,11131,False,19,12,0,1080,0,0,0,0,2
1139745,Leevi Palmula,2025,FI1,1008,False,14,1,0,16,0,0,0,0,0
1139745,Leevi Palmula,2025,19YL,50922,False,8,7,0,467,1,0,2,1,1
1139745,Leevi Palmula,2024,YKCP,11131,False,4,2,0,87,0,0,0,0,0
1139745,Leevi Palmula,2024,U17Q,20792,True,3,3,0,248,0,0,0,0,0
1139745,Leevi Palmula,2024,FS,20792,True,9,7,0,409,2,0,0,0,0
1139745,Leevi Palmula,2024,FIS,11131,False,5,1,0,56,0,0,0,0,0
1139745,Leevi Palmula,2024,FI2,11131,False,27,15,0,823,1,1,0,0,1
1139745,Leevi Palmula,2023,FS,20792,True,3,3,0,166,0,0,0,0,0
1139745,Leevi Palmula,2023,FS,20791,True,3,3,0,152,0,0,0,0,1
1139745,Leevi Palmula,2022,FS,34682,True,7,5,0,331,0,0,0,0,0
1111050,Mouhamed Guèye,2026,ECLQ,1008,False,4,3,0,118,1,0,0,0,0
1111050,Mouhamed Guèye,2025,FIS,1008,False,1,1,0,45,0,0,0,0,0
1111050,Mouhamed Guèye,2025,FI1,1008,False,6,3,0,138,0,0,4,1,1
1111050,Mouhamed Guèye,2025,CCB,601,False,2,2,0,123,1,0,0,0,0
1111050,Mouhamed Guèye,2025,BE2,601,False,32,8,3,47,1,0,3,1,1
1111050,Mouhamed Guèye,2024,BPO4,601,False,6,3,0,35,0,0,1,0,1
1111050,Mouhamed Guèye,2024,BE1,601,False,10,3,1,113,0,0,1,0,1
1111050,Mouhamed Guèye,2024,A2,7001,False,16,13,3,1035,2,2,3,1,4
1111050,Mouhamed Guèye,2023,ATRO,7001,False,25,12,3,741,2,0,0,0,2
1111050,Mouhamed Guèye,2022,FS,37497,True,1,0,0,0,0,0,0,0,0
1111050,Mouhamed Guèye,2022,20WC,37497,True,3,1,0,9,0,0,1,0,0
1111050,Mouhamed Guèye,2022,20AC,37497,True,6,5,0,65,0,0,1,0,0
1139732,Antton Nylund,2026,U19Q,20794,True,3,0,0,0,0,0,0,0,0
1139732,Antton Nylund,2026,ECLQ,1008,False,4,0,0,0,0,0,0,0,0
1139732,Antton Nylund,2025,YKCP,11131,False,2,2,0,90,1,0,0,0,0
1139732,Antton Nylund,2025,U19Q,20794,True,6,5,0,353,0,0,0,0,0
1139732,Antton Nylund,2025,FS,20794,True,4,4,0,195,0,0,0,0,0
1139732,Antton Nylund,2025,FIS,1008,False,4,0,0,0,0,0,0,0,0
1139732,Antton Nylund,2025,FIL,1008,False,6,2,0,69,0,0,0,0,0
1139732,Antton Nylund,2025,FI2,11131,False,6,6,0,456,1,0,0,0,2
1139732,Antton Nylund,2025,FI1,1008,False,20,1,0,5,0,0,0,0,0
1139732,Antton Nylund,2025,19YL,50922,False,7,6,0,526,2,1,0,0,2
1139732,Antton Nylund,2024,YKCP,11131,False,4,3,0,200,0,0,0,0,0
1139732,Antton Nylund,2024,U17Q,20792,True,6,3,0,258,0,0,0,0,2
1139732,Antton Nylund,2024,FS,20793,True,1,0,0,0,0,0,0,0,0
1139732,Antton Nylund,2024,FS,20792,True,9,5,0,285,0,0,0,0,0
1139732,Antton Nylund,2024,FIS,11131,False,5,0,0,0,0,0,0,0,0
1139732,Antton Nylund,2024,FI2,11131,False,27,20,0,1483,1,1,0,0,2
1139732,Antton Nylund,2024,F1CL,1008,False,1,1,0,63,0,0,2,0,1
1139732,Antton Nylund,2023,FS,20792,True,3,3,0,167,0,0,0,0,0
1139732,Antton Nylund,2023,FS,20791,True,8,8,0,401,0,0,0,0,0
1139732,Antton Nylund,2023,FIYK,11131,False,22,9,0,577,0,0,0,0,0
1139732,Antton Nylund,2023,FI3P,11131,False,5,0,0,0,0,0,0,0,0
1139732,Antton Nylund,2022,FS,34682,True,10,8,0,445,0,0,0,0,1
484818,Santeri Haarala,2026,ECLQ,1008,False,4,4,0,233,0,0,0,0,0
484818,Santeri Haarala,2025,SEC,1044,False,5,1,0,90,0,0,0,0,0
484818,Santeri Haarala,2025,SE1,1044,False,10,0,0,0,0,0,0,0,0
484818,Santeri Haarala,2025,FI1,1008,False,6,5,0,315,2,0,10,7,0
484818,Santeri Haarala,2024,UCOL,1044,False,12,10,0,359,0,0,6,2,0
484818,Santeri Haarala,2024,SEC,1044,False,4,3,0,77,0,0,0,0,0
484818,Santeri Haarala,2024,SE1,3641,False,9,9,0,650,0,1,13,4,1
484818,Santeri Haarala,2024,SE1,1044,False,21,12,0,643,1,1,11,3,1
484818,Santeri Haarala,2024,ECLQ,3189,False,4,4,0,390,1,2,9,6,2
484818,Santeri Haarala,2024,ECLQ,1044,False,2,0,0,0,0,0,0,0,0
484818,Santeri Haarala,2023,SE1,1044,False,12,11,0,747,1,2,27,12,0
484818,Santeri Haarala,2023,FIS,3189,False,1,1,0,90,2,0,0,0,0
484818,Santeri Haarala,2023,FIL,3189,False,6,6,0,451,5,2,0,0,2
484818,Santeri Haarala,2023,FI1,3189,False,20,17,0,1472,10,4,60,27,3
484818,Santeri Haarala,2022,FIS,3189,False,7,6,0,440,3,4,0,0,0
484818,Santeri Haarala,2022,FIL,3189,False,5,4,0,300,0,1,0,0,3
484818,Santeri Haarala,2022,FI1,3189,False,22,21,0,1857,3,3,56,17,4
484818,Santeri Haarala,2022,F1CC,3189,False,5,5,0,405,5,1,19,10,0
484818,Santeri Haarala,2022,ECLQ,6251,False,6,2,0,108,0,0,1,0,0
484818,Santeri Haarala,2021,FIS,6251,False,5,3,0,130,0,0,0,0,0
484818,Santeri Haarala,2021,FIL,6251,False,4,2,0,126,0,2,0,0,0
484818,Santeri Haarala,2021,FI1,6251,False,22,14,0,392,0,2,0,0,2
484818,Santeri Haarala,2021,F1CL,6251,False,5,0,0,0,0,0,0,0,0
484818,Santeri Haarala,2021,ECLQ,6251,False,8,6,0,204,0,1,4,1,0
484818,Santeri Haarala,2020,FIS,6251,False,6,6,0,484,4,1,0,0,2
484818,Santeri Haarala,2020,FI1,6251,False,22,20,0,1179,4,2,0,0,2
484818,Santeri Haarala,2020,F1CL,6251,False,5,5,0,287,0,0,0,0,0
484818,Santeri Haarala,2019,POFI,2275,False,2,2,0,150,0,0,0,0,1
484818,Santeri Haarala,2019,KCUP,52347,False,3,0,0,0,0,0,0,0,0
484818,Santeri Haarala,2019,FI3B,52347,False,8,5,0,375,8,0,0,0,0
484818,Santeri Haarala,2019,FI1,2275,False,14,13,0,989,4,3,0,0,2
484818,Santeri Haarala,2018,FIS,3189,False,9,3,0,50,0,0,0,0,0
484818,Santeri Haarala,2018,FI3C,70795,False,1,1,0,45,1,0,0,0,0
484818,Santeri Haarala,2018,FI3B,52347,False,8,8,0,520,2,0,0,0,0
484818,Santeri Haarala,2018,FI1,3776,False,4,1,0,21,0,0,0,0,0
484818,Santeri Haarala,2018,FI1,3189,False,17,0,0,0,0,0,0,0,0
484818,Santeri Haarala,2018,F1CC,3776,False,5,0,0,0,0,0,0,0,0
484818,Santeri Haarala,2018,ELQ,3189,False,2,1,0,21,0,0,0,0,0
484818,Santeri Haarala,2017,FIS,3189,False,6,4,0,269,1,0,0,0,0
484818,Santeri Haarala,2017,FI3B,23929,False,18,7,0,600,2,0,0,0,0
484818,Santeri Haarala,2017,FI1,3189,False,33,19,0,766,0,0,0,0,0
484818,Santeri Haarala,2016,FJE,46621,False,16,14,0,826,5,0,0,0,0
484818,Santeri Haarala,2016,FINJ,46621,False,9,6,0,392,3,0,0,0,0
484818,Santeri Haarala,2016,FI1,3189,False,1,1,0,19,0,0,0,0,0
322993,Lassi Lappalainen,2026,ECLQ,1008,False,4,3,0,46,0,1,0,0,0
322993,Lassi Lappalainen,2025,FIS,1008,False,4,3,0,134,1,0,0,0,0
322993,Lassi Lappalainen,2025,FIL,1008,False,3,1,0,28,0,1,0,0,0
322993,Lassi Lappalainen,2025,FI1,1008,False,20,13,0,289,3,0,6,3,0
322993,Lassi Lappalainen,2024,USMX,813,False,3,3,0,23,0,0,0,0,0
322993,Lassi Lappalainen,2024,POUS,813,False,3,3,0,87,0,0,3,0,0
322993,Lassi Lappalainen,2024,MLS1,813,False,34,17,7,388,1,4,10,2,0
322993,Lassi Lappalainen,2024,CCL,813,False,2,0,2,0,0,0,0,0,0
322993,Lassi Lappalainen,2023,USMX,4078,False,3,0,0,0,0,0,0,0,0
322993,Lassi Lappalainen,2023,POUS,4078,False,1,0,1,0,0,0,0,0,0
322993,Lassi Lappalainen,2023,MLS1,4078,False,34,11,21,324,0,1,7,1,0
322993,Lassi Lappalainen,2023,CAN,4078,False,2,0,2,0,0,0,0,0,0
322993,Lassi Lappalainen,2022,USMX,4078,False,2,2,0,58,0,0,1,1,0
322993,Lassi Lappalainen,2022,UNLB,3443,True,1,0,0,0,0,0,0,0,0
322993,Lassi Lappalainen,2022,MLS1,4078,False,34,21,12,1035,2,4,18,4,0
322993,Lassi Lappalainen,2022,CAN,4078,False,4,2,1,89,0,0,1,1,0
322993,Lassi Lappalainen,2021,POUS,4078,False,2,2,0,161,0,0,0,0,0
322993,Lassi Lappalainen,2021,MLS1,4078,False,34,28,0,1944,3,5,28,11,1
322993,Lassi Lappalainen,2021,FS,3443,True,3,0,1,0,0,0,0,0,0
322993,Lassi Lappalainen,2021,CCL,4078,False,4,4,0,311,0,0,1,1,0
322993,Lassi Lappalainen,2021,CAN,4078,False,2,0,0,0,0,0,0,0,0
322993,Lassi Lappalainen,2020,WMQ6,3443,True,8,0,4,0,0,0,0,0,0
322993,Lassi Lappalainen,2020,UNLB,3443,True,6,0,4,0,0,0,0,0,0
322993,Lassi Lappalainen,2020,MLS1,4078,False,34,15,10,556,1,1,14,4,0
322993,Lassi Lappalainen,2020,FS,3443,True,5,1,2,90,0,0,0,0,0
322993,Lassi Lappalainen,2020,EURO,3443,True,3,1,0,15,0,0,0,0,0
322993,Lassi Lappalainen,2020,CAN,4078,False,3,3,0,88,0,1,4,1,0
322993,Lassi Lappalainen,2019,USSP,4078,False,4,2,0,24,0,0,0,0,0
322993,Lassi Lappalainen,2019,POUS,4078,False,1,0,1,0,0,0,0,0,0
322993,Lassi Lappalainen,2019,MLS1,4078,False,20,12,7,673,4,0,13,11,0
322993,Lassi Lappalainen,2019,CLQ,1008,False,2,2,0,134,2,1,0,0,0
322993,Lassi Lappalainen,2019,CCL,4078,False,4,0,1,0,0,0,0,0,0
322993,Lassi Lappalainen,2018,MLS1,4078,False,11,11,0,683,5,0,17,9,0
322993,Lassi Lappalainen,2018,FS,3443,True,2,2,0,113,0,1,0,0,0
322993,Lassi Lappalainen,2018,FIS,1008,False,5,5,0,430,1,0,0,0,0
322993,Lassi Lappalainen,2018,FI1,1008,False,16,16,0,1339,3,0,0,0,0
322993,Lassi Lappalainen,2018,EMQ,3443,True,10,5,0,257,0,1,1,1,0
322993,Lassi Lappalainen,2018,CAN,4078,False,5,4,0,268,0,0,5,2,0
322993,Lassi Lappalainen,2017,U21Q,20796,True,8,7,0,522,3,0,0,0,0
322993,Lassi Lappalainen,2017,FIS,3776,False,5,5,0,440,3,2,0,0,0
322993,Lassi Lappalainen,2017,FI1,3776,False,33,26,0,2067,8,6,0,0,0
322993,Lassi Lappalainen,2017,ELQ,1008,False,4,1,0,7,0,0,0,0,0
322993,Lassi Lappalainen,2016,U19Q,20794,True,6,6,0,501,5,1,0,0,0
322993,Lassi Lappalainen,2016,FIS,1008,False,7,5,0,166,1,2,0,0,0
322993,Lassi Lappalainen,2016,FI3A,11131,False,2,2,0,116,2,0,0,0,0
322993,Lassi Lappalainen,2016,FI1,3776,False,16,13,0,802,4,3,0,0,0
322993,Lassi Lappalainen,2016,FI1,1008,False,17,1,0,7,0,0,0,0,1
322993,Lassi Lappalainen,2016,ELQ,1008,False,6,0,0,0,0,0,0,0,0
322993,Lassi Lappalainen,2016,19YL,50922,False,1,1,0,90,0,0,0,0,0
322993,Lassi Lappalainen,2015,FS,20793,True,2,2,0,118,0,0,0,0,0
322993,Lassi Lappalainen,2015,FIS,1008,False,5,1,0,91,0,1,0,0,0
322993,Lassi Lappalainen,2015,FIL,1008,False,5,4,0,270,0,0,0,0,0
322993,Lassi Lappalainen,2015,FI3B,11131,False,5,5,0,336,1,0,0,0,0
322993,Lassi Lappalainen,2015,FI1,1008,False,33,14,0,462,0,0,0,0,0
322993,Lassi Lappalainen,2015,ELQ,1008,False,2,0,0,0,0,0,0,0,0
322993,Lassi Lappalainen,2015,CLQ,1008,False,4,0,0,0,0,0,0,0,0
322993,Lassi Lappalainen,2015,19YL,50922,False,2,2,0,180,0,0,0,0,0
322993,Lassi Lappalainen,2014,FS,20792,True,4,4,0,206,0,0,0,0,0
322993,Lassi Lappalainen,2014,FJE,15665,False,1,1,0,85,2,0,0,0,0
322993,Lassi Lappalainen,2014,FIS,1008,False,3,0,0,0,0,0,0,0,0
322993,Lassi Lappalainen,2014,FIL,1008,False,2,1,0,57,0,0,0,0,0
322993,Lassi Lappalainen,2014,FIKP,11131,False,2,2,0,180,1,0,0,0,0
322993,Lassi Lappalainen,2014,FI3,11131,False,24,12,0,766,6,0,0,0,0
322993,Lassi Lappalainen,2014,FI1,1008,False,33,0,0,0,0,0,0,0,0
322993,Lassi Lappalainen,2013,FS,20792,True,3,3,0,166,0,0,0,0,0
322993,Lassi Lappalainen,2013,FS,20791,True,4,4,0,231,1,0,0,0,0
515024,Mads Borchers,2026,ECLQ,1008,False,4,3,0,146,0,0,0,0,0
515024,Mads Borchers,2025,L3,4795,False,23,15,0,732,1,1,1,1,2
515024,Mads Borchers,2025,FIS,1008,False,4,4,0,247,2,1,0,0,0
515024,Mads Borchers,2025,FIL,1008,False,2,2,0,119,1,0,0,0,0
515024,Mads Borchers,2025,FI1,1008,False,20,17,0,1012,8,2,37,18,1
515024,Mads Borchers,2025,BVP,4795,False,4,2,0,116,1,0,0,0,1
515024,Mads Borchers,2024,FIS,1102,False,4,1,0,18,0,0,0,0,0
515024,Mads Borchers,2024,FIL,1102,False,5,3,0,136,1,0,0,0,0
515024,Mads Borchers,2024,FI1,1102,False,14,6,0,408,5,1,14,8,0
515024,Mads Borchers,2024,ECLQ,1102,False,2,0,0,0,0,0,0,0,0
515024,Mads Borchers,2023,SEC,10507,False,4,3,0,157,0,0,0,0,0
515024,Mads Borchers,2023,FIS,1102,False,2,1,0,45,0,0,0,0,0
515024,Mads Borchers,2023,FI1,1102,False,22,16,0,1316,10,2,45,20,1
515024,Mads Borchers,2023,F1CL,1102,False,5,0,0,0,0,0,0,0,0
515024,Mads Borchers,2023,F1CE,1102,False,1,0,0,0,0,0,0,0,0
515024,Mads Borchers,2023,ECLQ,4313,False,2,2,0,180,0,0,0,0,0
515024,Mads Borchers,2022,SE1,10507,False,14,13,0,930,1,0,22,11,0
515024,Mads Borchers,2022,FARO,4313,False,16,16,0,1432,6,7,0,0,1
515024,Mads Borchers,2022,FAPO,4313,False,3,3,0,273,1,1,0,0,1
515024,Mads Borchers,2021,FARO,27811,False,27,25,0,2175,12,5,0,0,4
515024,Mads Borchers,2021,FAPO,27811,False,4,3,0,270,3,1,0,0,0
515024,Mads Borchers,2021,DKRE,62698,False,1,1,0,45,0,0,0,0,0
515024,Mads Borchers,2021,DKP,3426,False,2,0,0,0,0,0,0,0,0
515024,Mads Borchers,2021,DKDL,14349,False,9,9,0,759,5,0,0,0,1
515024,Mads Borchers,2021,DK2,3426,False,18,1,0,45,0,0,1,0,0
515024,Mads Borchers,2020,DKDL,14349,False,26,22,0,1454,10,1,0,0,2
515024,Mads Borchers,2020,DK2P,3426,False,3,2,0,70,0,0,0,0,0
515024,Mads Borchers,2019,DKDL,14349,False,14,9,0,435,3,0,0,0,1
515024,Mads Borchers,2018,DKRE,62698,False,1,1,0,10,0,0,0,0,0
515024,Mads Borchers,2018,DKDL,14349,False,1,1,0,25,0,0,0,0,0
515024,Mads Borchers,2017,19YL,62111,False,1,0,0,0,0,0,0,0,0
1249658,Alfie Cicale,2026,ECLQ,1008,False,4,3,0,179,1,1,0,0,1
1249658,Alfie Cicale,2025,FIS,1008,False,4,3,0,82,2,1,0,0,0
1249658,Alfie Cicale,2025,FIL,1008,False,6,4,0,238,0,1,0,0,0
1249658,Alfie Cicale,2025,FI1,1008,False,20,16,0,835,2,3,14,6,0
1249658,Alfie Cicale,2024,FIS,1102,False,4,2,0,82,0,1,0,0,0
1249658,Alfie Cicale,2024,FIL,1102,False,5,2,0,89,0,0,0,0,0
1249658,Alfie Cicale,2024,FI1,1102,False,22,19,0,1544,1,2,16,4,1
1249658,Alfie Cicale,2024,F1CC,1102,False,5,3,0,235,0,2,4,1,0
1249658,Alfie Cicale,2024,ECLQ,1102,False,2,1,0,86,0,0,0,0,0
1249658,Alfie Cicale,2023,FIS,1102,False,2,0,0,0,0,0,0,0,0
1249658,Alfie Cicale,2023,FI1,1102,False,22,14,0,1055,1,3,13,6,1
1249658,Alfie Cicale,2023,F1CL,1102,False,5,4,0,291,0,0,5,2,0
1249658,Alfie Cicale,2023,F1CE,1102,False,1,1,0,70,0,0,0,0,0
46972,Teemu Pukki,2026,ECLQ,1008,False,4,4,0,157,3,2,0,0,0
46972,Teemu Pukki,2025,FS,3443,True,2,2,0,99,1,1,4,3,0
46972,Teemu Pukki,2025,FIS,1008,False,4,3,0,150,1,3,0,0,0
46972,Teemu Pukki,2025,FIL,1008,False,6,5,0,252,3,0,0,0,0
46972,Teemu Pukki,2025,FI1,1008,False,20,19,0,979,5,5,39,17,0
46972,Teemu Pukki,2025,ECLQ,1008,False,4,4,0,347,1,0,0,0,1
46972,Teemu Pukki,2024,WMQ6,3443,True,8,4,0,39,0,0,3,0,0
46972,Teemu Pukki,2024,UNLB,3443,True,6,5,0,92,0,0,6,0,0
46972,Teemu Pukki,2024,FIS,1008,False,5,1,0,70,1,0,0,0,0
46972,Teemu Pukki,2024,FIL,1008,False,5,5,0,352,5,1,0,0,0
46972,Teemu Pukki,2024,FI1,1008,False,22,19,0,1452,10,7,71,29,1
46972,Teemu Pukki,2024,F1CL,1008,False,10,10,0,605,4,3,35,12,1
46972,Teemu Pukki,2023,USMX,56089,False,2,2,0,92,0,0,3,0,0
46972,Teemu Pukki,2023,POUS,56089,False,3,1,0,19,0,0,1,1,0
46972,Teemu Pukki,2023,POEM,3443,True,1,1,0,78,1,0,2,2,0
46972,Teemu Pukki,2023,MLS1,56089,False,34,21,9,939,4,0,38,13,0
46972,Teemu Pukki,2023,FS,3443,True,3,3,0,96,2,0,4,3,0
46972,Teemu Pukki,2022,USMX,56089,False,5,5,0,347,0,1,15,4,0
46972,Teemu Pukki,2022,UNLB,3443,True,6,6,0,452,3,3,13,5,0
46972,Teemu Pukki,2022,MLS1,56089,False,15,14,0,1040,10,1,39,21,0
46972,Teemu Pukki,2022,GB2,1123,False,46,41,0,2942,10,7,105,35,2
46972,Teemu Pukki,2022,FS,3443,True,4,0,0,0,0,0,0,0,0
46972,Teemu Pukki,2022,FAC,1123,False,1,1,0,90,0,0,4,1,0
46972,Teemu Pukki,2022,EMQ,3443,True,10,10,0,659,2,5,17,5,0
46972,Teemu Pukki,2022,CGB,1123,False,2,1,0,22,0,1,1,0,0
46972,Teemu Pukki,2021,GB1,1123,False,38,37,0,3261,11,3,71,27,4
46972,Teemu Pukki,2021,FS,3443,True,3,2,0,113,1,0,0,0,0
46972,Teemu Pukki,2021,FAC,1123,False,3,3,0,130,0,1,3,0,1
46972,Teemu Pukki,2021,CGB,1123,False,2,1,0,21,0,0,1,0,0
46972,Teemu Pukki,2020,WMQ6,3443,True,8,8,0,698,6,1,24,11,1
46972,Teemu Pukki,2020,UNLB,3443,True,6,6,0,526,2,1,16,6,1
46972,Teemu Pukki,2020,GB2,1123,False,46,41,0,3452,26,4,137,58,1
46972,Teemu Pukki,2020,FS,3443,True,5,3,0,52,0,0,1,0,0
46972,Teemu Pukki,2020,FAC,1123,False,2,1,0,18,0,0,1,0,0
46972,Teemu Pukki,2020,EURO,3443,True,3,3,0,241,0,0,4,1,0
46972,Teemu Pukki,2020,CGB,1123,False,1,0,1,0,0,0,0,0,0
46972,Teemu Pukki,2019,GB1,1123,False,38,36,1,2893,11,3,80,35,3
46972,Teemu Pukki,2019,FAC,1123,False,4,2,1,72,0,0,1,1,0
46972,Teemu Pukki,2019,CGB,1123,False,1,0,0,0,0,0,0,0,0
46972,Teemu Pukki,2018,UNLC,3443,True,6,6,0,455,3,0,21,7,0
46972,Teemu Pukki,2018,GB2,1123,False,46,43,0,3828,29,10,132,53,2
46972,Teemu Pukki,2018,FS,3443,True,2,0,0,0,0,0,0,0,0
46972,Teemu Pukki,2018,FAC,1123,False,1,1,0,6,0,0,0,0,0
46972,Teemu Pukki,2018,EMQ,3443,True,10,10,0,882,10,2,24,14,1
46972,Teemu Pukki,2018,CGB,1123,False,4,2,0,20,1,0,1,1,0
46972,Teemu Pukki,2017,FS,3443,True,6,3,0,212,2,0,0,0,1
46972,Teemu Pukki,2017,ELQ,206,False,4,3,0,184,1,1,0,0,0
46972,Teemu Pukki,2017,DKP,206,False,5,5,0,474,1,0,0,0,1
46972,Teemu Pukki,2017,DKMR,206,False,10,10,0,788,6,3,0,0,0
46972,Teemu Pukki,2017,DK1,206,False,26,26,0,1879,11,7,0,0,2
46972,Teemu Pukki,2016,WMQ6,3443,True,10,9,0,695,2,0,0,0,1
46972,Teemu Pukki,2016,FS,3443,True,5,3,0,158,0,0,0,0,0
46972,Teemu Pukki,2016,ELQ,206,False,8,8,0,612,6,2,0,0,0
46972,Teemu Pukki,2016,DKP,206,False,5,4,0,267,3,1,0,0,0
46972,Teemu Pukki,2016,DKMR,206,False,10,9,0,727,4,2,0,0,2
46972,Teemu Pukki,2016,DK1,206,False,26,25,0,1925,16,5,0,0,1
46972,Teemu Pukki,2015,FS,3443,True,6,5,0,289,0,0,0,0,0
46972,Teemu Pukki,2015,ELQ,206,False,8,8,0,609,3,0,0,0,1
46972,Teemu Pukki,2015,DKP,206,False,5,3,0,270,1,0,0,0,0
46972,Teemu Pukki,2015,DK1,206,False,33,33,0,2586,9,1,0,0,2
46972,Teemu Pukki,2014,SC1,371,False,4,1,0,45,0,0,0,0,0
46972,Teemu Pukki,2014,FS,3443,True,4,3,0,150,0,0,0,0,0
46972,Teemu Pukki,2014,EMQ,3443,True,10,9,0,565,0,2,0,0,0
46972,Teemu Pukki,2014,DKP,206,False,3,3,0,276,2,0,0,0,1
46972,Teemu Pukki,2014,DK1,206,False,27,27,0,2325,9,1,0,0,3
46972,Teemu Pukki,2014,CLQ,371,False,6,4,0,153,2,1,0,0,0
46972,Teemu Pukki,2013,SFA,371,False,2,1,0,31,0,0,0,0,0
46972,Teemu Pukki,2013,SCP,371,False,1,1,0,120,0,0,0,0,0
46972,Teemu Pukki,2013,SC1,371,False,35,26,0,1197,7,2,0,0,2
46972,Teemu Pukki,2013,L1,33,False,3,1,0,27,0,0,0,0,0
46972,Teemu Pukki,2013,FS,3443,True,7,6,0,431,2,1,0,0,0
46972,Teemu Pukki,2013,DFB,33,False,1,0,0,0,0,0,0,0,0
46972,Teemu Pukki,2013,CLQ,33,False,2,1,0,3,0,0,0,0,0
46972,Teemu Pukki,2013,CL,371,False,6,5,0,162,0,0,0,0,0
46972,Teemu Pukki,2012,WMQ6,3443,True,8,8,0,652,2,0,0,0,0
46972,Teemu Pukki,2012,L1,33,False,34,17,1,435,3,2,0,0,0
46972,Teemu Pukki,2012,FS,3443,True,7,5,0,338,3,0,0,0,0
46972,Teemu Pukki,2012,DFB,33,False,3,2,0,107,0,0,0,0,0
46972,Teemu Pukki,2012,CL,33,False,8,5,0,269,0,0,0,0,0
46972,Teemu Pukki,2011,U21Q,20796,True,1,1,0,90,0,0,0,0,0
46972,Teemu Pukki,2011,L1,33,False,30,19,0,605,5,1,0,0,0
46972,Teemu Pukki,2011,FS,3443,True,7,6,0,463,1,1,0,0,0
46972,Teemu Pukki,2011,ELQ,1008,False,2,2,0,172,3,0,0,0,0
46972,Teemu Pukki,2011,EL,33,False,12,0,0,0,0,0,0,0,0
46972,Teemu Pukki,2011,DFB,33,False,2,2,0,49,0,0,0,0,0
46972,Teemu Pukki,2011,CLQ,1008,False,4,4,0,309,2,2,0,0,1
46972,Teemu Pukki,2010,FS,40751,True,1,1,0,45,0,0,0,0,0
46972,Teemu Pukki,2010,FS,3443,True,3,0,0,0,0,0,0,0,0
46972,Teemu Pukki,2010,FS,20796,True,4,4,0,315,1,0,0,0,1
46972,Teemu Pukki,2010,FS,20795,True,2,2,0,120,1,0,0,0,0
46972,Teemu Pukki,2010,FIS,1008,False,2,0,0,0,0,0,0,0,0
46972,Teemu Pukki,2010,FIL,1008,False,2,2,0,150,0,0,0,0,0
46972,Teemu Pukki,2010,FI1,1008,False,22,17,0,1149,11,8,0,0,0
46972,Teemu Pukki,2010,EMQ,3443,True,10,4,0,155,0,0,0,0,0
46972,Teemu Pukki,2009,U21Q,20796,True,8,8,0,558,3,0,0,0,1
46972,Teemu Pukki,2009,FS,3443,True,5,2,0,52,0,0,0,0,0
46972,Teemu Pukki,2009,FS,20796,True,4,2,0,148,1,0,0,0,0
46972,Teemu Pukki,2009,FIS,1008,False,1,1,0,45,0,0,0,0,0
46972,Teemu Pukki,2009,FI1,1008,False,7,7,0,326,2,0,0,0,0
46972,Teemu Pukki,2009,ES3D,8519,False,38,16,0,578,0,0,0,0,0
46972,Teemu Pukki,2008,WMQ6,3443,True,7,0,1,0,0,0,0,0,0
46972,Teemu Pukki,2008,UEFA,368,False,1,0,0,0,0,0,0,0,0
46972,Teemu Pukki,2008,U19Q,20794,True,5,4,0,307,3,0,0,0,0
46972,Teemu Pukki,2008,FS,3443,True,3,1,1,23,0,0,0,0,0
46972,Teemu Pukki,2008,FS,20796,True,2,1,0,21,0,0,0,0,0
46972,Teemu Pukki,2008,FS,20794,True,2,0,2,0,0,0,0,0,0
46972,Teemu Pukki,2008,ES2,8519,False,42,17,6,955,3,0,0,0,1
46972,Teemu Pukki,2008,ES1,368,False,25,1,6,27,0,0,0,0,0
46972,Teemu Pukki,2008,CDR,368,False,6,0,0,0,0,0,0,0,0
46972,Teemu Pukki,2008,21EU,20796,True,3,3,0,96,0,0,0,0,1
46972,Teemu Pukki,2007,U21Q,20796,True,5,0,0,0,0,0,0,0,0
46972,Teemu Pukki,2007,U19Q,20794,True,3,3,0,197,0,0,0,0,0
46972,Teemu Pukki,2007,ES2,8519,False,24,0,0,0,0,0,0,0,0
46972,Teemu Pukki,2006,U17Q,20792,True,6,2,0,147,3,0,0,0,1
46972,Teemu Pukki,2006,FS,20792,True,2,0,0,0,0,0,0,0,0
46972,Teemu Pukki,2006,FI1,7315,False,26,24,0,1207,3,6,0,0,1
46972,Teemu Pukki,2005,U17Q,20792,True,1,1,0,40,0,0,0,0,0
46972,Teemu Pukki,2005,FI1,7315,False,24,5,0,70,0,0,0,0,0
937987,David Ezeh,2026,ECLQ,1008,False,4,0,0,0,0,0,0,0,0
937987,David Ezeh,2025,U21Q,20796,True,7,2,0,32,1,0,0,0,0
937987,David Ezeh,2025,FS,20796,True,2,2,0,48,0,0,0,0,0
937987,David Ezeh,2025,FIS,1008,False,4,2,0,172,2,3,0,0,0
937987,David Ezeh,2025,FIL,1008,False,6,3,0,144,0,0,0,0,1
937987,David Ezeh,2025,FI1,1008,False,20,9,0,393,1,2,8,3,0
937987,David Ezeh,2025,ECLQ,1008,False,4,0,0,0,0,0,0,0,0
937987,David Ezeh,2024,U19Q,20794,True,3,3,0,174,2,0,0,0,1
937987,David Ezeh,2024,POPU,9644,False,1,0,0,0,0,0,0,0,0
937987,David Ezeh,2024,PL1,9644,False,17,0,0,0,0,0,0,0,0
937987,David Ezeh,2024,FS,20794,True,2,0,0,0,0,0,0,0,0
937987,David Ezeh,2024,FIS,1008,False,5,3,0,235,2,1,0,0,0
937987,David Ezeh,2024,FIL,1008,False,7,4,0,108,0,0,0,0,0
937987,David Ezeh,2024,FI1,1008,False,22,11,0,184,1,2,10,5,0
937987,David Ezeh,2024,F1CL,1008,False,10,2,0,12,0,0,1,1,0
937987,David Ezeh,2024,CLQ,1008,False,2,0,0,0,0,0,0,0,0
937987,David Ezeh,2023,UCOL,1008,False,6,0,0,0,0,0,0,0,0
937987,David Ezeh,2023,U19Q,20794,True,3,3,0,270,3,0,0,0,0
937987,David Ezeh,2023,FS,20794,True,2,2,0,161,1,0,0,0,1
937987,David Ezeh,2023,FS,20793,True,4,4,0,224,3,0,0,0,0
937987,David Ezeh,2023,FIYK,11131,False,1,1,0,81,1,0,0,0,0
937987,David Ezeh,2023,FIS,1008,False,2,1,0,90,2,1,0,0,0
937987,David Ezeh,2023,FIL,1008,False,5,2,0,32,0,0,0,0,0
937987,David Ezeh,2023,FI1,1008,False,17,10,0,228,1,1,6,2,0
937987,David Ezeh,2023,ELQ,1008,False,2,0,0,0,0,0,0,0,0
937987,David Ezeh,2023,ECLQ,1008,False,2,0,0,0,0,0,0,0,0
937987,David Ezeh,2023,CLQ,1008,False,4,0,0,0,0,0,0,0,0
937987,David Ezeh,2023,19YL,50922,False,4,4,0,301,3,1,0,0,1
937987,David Ezeh,2022,U17Q,20792,True,6,6,0,341,3,0,0,0,0
937987,David Ezeh,2022,FS,20793,True,3,3,0,147,2,0,0,0,0
937987,David Ezeh,2022,FS,20792,True,6,4,0,251,2,0,0,0,0
937987,David Ezeh,2022,FIS,1008,False,1,0,0,0,0,0,0,0,0
937987,David Ezeh,2022,FIL,1008,False,7,4,0,118,0,1,0,0,0
937987,David Ezeh,2022,FIKP,11131,False,2,2,0,180,1,0,0,0,0
937987,David Ezeh,2022,FI3A,11131,False,22,22,0,1802,17,0,0,0,2
937987,David Ezeh,2022,FI1,1008,False,22,1,0,1,0,0,0,0,0
937987,David Ezeh,2022,F1CL,1008,False,5,0,0,0,0,0,0,0,0
937987,David Ezeh,2021,U17Q,20792,True,3,1,0,62,0,0,0,0,0
937987,David Ezeh,2021,KP3B,11131,False,3,1,0,32,1,0,0,0,0
937987,David Ezeh,2021,FS,20792,True,3,2,0,72,0,0,0,0,0
937987,David Ezeh,2021,FS,20791,True,5,5,0,264,1,0,0,0,0
937987,David Ezeh,2021,FIS,11131,False,3,1,0,59,0,0,0,0,0
937987,David Ezeh,2021,FI3B,11131,False,24,17,0,795,3,0,0,0,0
1364105,Valo Konttas,2026,U19Q,20794,True,3,0,0,0,0,0,0,0,0
1364105,Valo Konttas,2026,ECLQ,1008,False,4,0,0,0,0,0,0,0,0
1364105,Valo Konttas,2025,YKCP,11131,False,4,4,0,196,0,0,0,0,1
1364105,Valo Konttas,2025,U19Q,20794,True,6,3,0,115,0,0,0,0,1
1364105,Valo Konttas,2025,FS,20794,True,2,2,0,77,0,0,0,0,0
1364105,Valo Konttas,2025,FIS,1008,False,3,2,0,112,0,0,0,0,0
1364105,Valo Konttas,2025,FI2,11131,False,19,14,0,732,0,0,0,0,3
1364105,Valo Konttas,2025,FI1,1008,False,12,0,0,0,0,0,0,0,0
1364105,Valo Konttas,2025,ECLQ,1008,False,4,0,0,0,0,0,0,0,0
1364105,Valo Konttas,2025,19YL,50922,False,8,8,0,506,1,1,0,0,0
1364105,Valo Konttas,2024,YKCP,11131,False,4,3,0,71,0,0,0,0,0
1364105,Valo Konttas,2024,FIS,11131,False,5,4,0,310,1,0,0,0,0
1364105,Valo Konttas,2024,FIS,1008,False,4,0,0,0,0,0,0,0,0
1364105,Valo Konttas,2024,FINJ,15665,False,10,7,0,620,5,0,0,0,0
1364105,Valo Konttas,2024,FIL,1008,False,7,1,0,24,0,0,0,0,0
1364105,Valo Konttas,2024,FI2,11131,False,27,17,0,925,1,1,0,0,2
1364105,Valo Konttas,2024,FI1,1008,False,22,0,0,0,0,0,0,0,0
1364105,Valo Konttas,2024,F1CL,1008,False,10,0,0,0,0,0,0,0,0
741588,Roni Hudd,2026,ECLQ,1008,False,4,0,0,0,0,0,0,0,0
741588,Roni Hudd,2025,FIS,1008,False,4,2,0,56,1,0,0,0,1
741588,Roni Hudd,2025,FIL,1008,False,6,5,0,153,0,0,0,0,0
741588,Roni Hudd,2025,FI2,11131,False,10,8,0,612,1,1,0,0,0
741588,Roni Hudd,2025,FI1,1008,False,20,0,0,0,0,0,0,0,0
741588,Roni Hudd,2024,UCOL,1008,False,6,1,0,6,0,0,0,0,0
741588,Roni Hudd,2024,FIS,1008,False,3,2,0,165,0,0,0,0,0
741588,Roni Hudd,2024,FIL,1008,False,7,2,0,35,1,0,0,0,0
741588,Roni Hudd,2024,FI2,11131,False,1,1,0,31,0,0,0,0,0
741588,Roni Hudd,2024,FI1,1225,False,8,6,0,213,1,0,2,1,0
741588,Roni Hudd,2024,FI1,1008,False,15,5,0,118,0,0,2,1,0
741588,Roni Hudd,2024,F1CC,1225,False,5,3,0,142,0,0,1,1,0
741588,Roni Hudd,2024,ECLQ,1102,False,2,1,0,22,0,0,0,0,0
741588,Roni Hudd,2024,ECLQ,1008,False,1,0,0,0,0,0,0,0,0
741588,Roni Hudd,2023,U21Q,20796,True,3,0,0,0,0,0,0,0,0
741588,Roni Hudd,2023,U19Q,20794,True,3,3,0,255,0,0,0,0,0
741588,Roni Hudd,2023,FS,20796,True,2,2,0,74,1,0,0,0,0
741588,Roni Hudd,2023,FIYK,11131,False,1,1,0,81,0,0,0,0,0
741588,Roni Hudd,2023,FIS,1102,False,2,0,0,0,0,0,0,0,0
741588,Roni Hudd,2023,FINJ,15699,False,1,1,0,90,1,0,0,0,0
741588,Roni Hudd,2023,FIL,1102,False,5,3,0,171,0,0,0,0,0
741588,Roni Hudd,2023,FI3P,11131,False,5,3,0,206,1,0,0,0,1
741588,Roni Hudd,2023,FI1,1102,False,21,8,0,302,0,0,7,4,0
741588,Roni Hudd,2023,FI1,1008,False,1,0,0,0,0,0,0,0,0
741588,Roni Hudd,2023,F4LA,70794,False,13,6,0,405,6,3,0,0,1
741588,Roni Hudd,2023,F1CL,1008,False,5,1,0,16,0,0,0,0,0
741588,Roni Hudd,2022,FS,20793,True,9,9,0,578,2,0,0,0,1
741588,Roni Hudd,2022,FIS,1102,False,4,3,0,105,0,1,0,0,0
741588,Roni Hudd,2022,FIL,1102,False,5,3,0,124,0,0,0,0,0
741588,Roni Hudd,2022,FI1,1102,False,22,21,0,1281,4,2,18,9,2
741588,Roni Hudd,2022,F1CL,1102,False,5,2,0,39,0,0,1,0,0
741588,Roni Hudd,2022,F1CE,1102,False,2,1,0,1,0,0,0,0,0
741588,Roni Hudd,2021,U17Q,20792,True,3,2,0,90,1,1,0,0,0
741588,Roni Hudd,2021,FS,20792,True,4,4,0,156,0,0,1,1,0
741588,Roni Hudd,2021,FIS,1102,False,4,1,0,2,0,0,0,0,0
741588,Roni Hudd,2021,FIL,1102,False,3,1,0,45,0,0,0,0,0
741588,Roni Hudd,2021,FI1,1102,False,22,11,0,236,1,0,0,0,1
741588,Roni Hudd,2021,F1CE,1102,False,4,3,0,91,1,0,0,0,0
741588,Roni Hudd,2021,F1CC,1102,False,5,4,0,98,0,0,0,0,0
741588,Roni Hudd,2020,YKAU,1102,False,5,0,0,0,0,0,0,0,0
741588,Roni Hudd,2020,FIS,1102,False,4,0,0,0,0,0,0,0,0
741588,Roni Hudd,2020,FI2,1102,False,22,0,0,0,0,0,0,0,0
741588,Roni Hudd,2019,FS,34682,True,2,2,0,70,0,0,0,0,0
741588,Roni Hudd,2019,FI2,1102,False,1,0,0,0,0,0,0,0,0
223783,Johannes Kreidl,2026,ELQ,6251,False,2,1,0,90,0,0,0,0,0
223783,Johannes Kreidl,2026,CLQ,6251,False,4,4,0,390,0,0,0,0,0
223783,Johannes Kreidl,2025,UCOL,6251,False,8,8,0,720,0,0,0,0,0
223783,Johannes Kreidl,2025,FIS,6251,False,3,1,0,90,0,0,0,0,0
223783,Johannes Kreidl,2025,FIL,6251,False,5,2,0,180,0,0,0,0,0
223783,Johannes Kreidl,2025,FI1,6251,False,20,16,0,1440,0,0,0,0,0
223783,Johannes Kreidl,2025,ELQ,6251,False,4,4,0,360,0,0,0,0,0
223783,Johannes Kreidl,2025,CLQ,6251,False,4,3,0,270,0,0,0,0,1
223783,Johannes Kreidl,2024,FIS,6251,False,5,3,0,270,0,0,0,0,0
223783,Johannes Kreidl,2024,FIL,6251,False,6,4,0,360,0,0,0,0,0
223783,Johannes Kreidl,2024,FI1,6251,False,22,19,0,1689,0,0,0,0,3
223783,Johannes Kreidl,2024,F1CL,6251,False,10,9,0,810,0,0,0,0,1
223783,Johannes Kreidl,2024,ECLQ,6251,False,4,4,0,360,0,0,0,0,0
223783,Johannes Kreidl,2023,FIS,6251,False,5,3,0,330,0,0,0,0,0
223783,Johannes Kreidl,2023,FIL,6251,False,7,4,0,360,0,0,0,0,1
223783,Johannes Kreidl,2023,FI1,6251,False,22,19,0,1685,0,0,0,0,2
223783,Johannes Kreidl,2023,F1CL,6251,False,5,5,0,450,0,1,0,0,0
223783,Johannes Kreidl,2023,ECLQ,6251,False,2,2,0,180,0,0,0,0,0
223783,Johannes Kreidl,2022,FIS,6251,False,3,0,0,0,0,0,0,0,0
223783,Johannes Kreidl,2022,FIL,6251,False,6,5,0,450,0,0,0,0,0
223783,Johannes Kreidl,2022,FI1,6251,False,22,22,0,1980,0,0,0,0,0
223783,Johannes Kreidl,2022,F1CL,6251,False,5,5,0,450,0,0,0,0,1
223783,Johannes Kreidl,2022,ECLQ,6251,False,6,6,0,540,0,0,0,0,0
223783,Johannes Kreidl,2021,FIS,6251,False,5,2,0,163,0,0,0,0,0
223783,Johannes Kreidl,2021,FIL,6251,False,4,4,0,360,0,0,0,0,0
223783,Johannes Kreidl,2021,FI1,6251,False,22,18,0,1536,0,0,0,0,1
223783,Johannes Kreidl,2021,F1CL,6251,False,5,5,0,450,0,0,0,0,1
223783,Johannes Kreidl,2021,ECLQ,6251,False,8,8,0,750,0,1,0,0,0
223783,Johannes Kreidl,2020,FIS,6251,False,6,1,0,90,0,0,0,0,0
223783,Johannes Kreidl,2020,FI3A,24753,False,1,1,0,90,0,0,0,0,0
223783,Johannes Kreidl,2020,FI1,6251,False,22,18,0,1532,0,0,0,0,1
223783,Johannes Kreidl,2020,F1CL,6251,False,5,5,0,450,0,0,0,0,0
223783,Johannes Kreidl,2019,ofb,266,False,3,3,0,270,0,0,0,0,0
223783,Johannes Kreidl,2019,A2,266,False,30,23,6,2070,0,0,0,0,0
223783,Johannes Kreidl,2018,ofb,266,False,3,1,0,90,0,0,0,0,0
223783,Johannes Kreidl,2018,FS,9316,True,3,1,0,45,0,0,0,0,1
223783,Johannes Kreidl,2018,A2,266,False,30,30,0,2700,0,0,0,0,1
223783,Johannes Kreidl,2018,21EU,9316,True,3,0,0,0,0,0,0,0,0
223783,Johannes Kreidl,2017,U21Q,9316,True,8,0,0,0,0,0,0,0,0
223783,Johannes Kreidl,2017,RLB3,473,False,36,11,0,990,0,0,0,0,1
223783,Johannes Kreidl,2017,L2,4,False,28,0,0,0,0,0,0,0,0
223783,Johannes Kreidl,2017,FS,9316,True,3,2,0,61,0,0,0,0,0
223783,Johannes Kreidl,2017,DFB,4,False,2,0,0,0,0,0,0,0,0
223783,Johannes Kreidl,2016,RLB3,473,False,13,9,0,810,0,0,0,0,1
223783,Johannes Kreidl,2015,RLN3,389,False,19,0,0,0,0,0,0,0,0
223783,Johannes Kreidl,2015,FIS,6251,False,4,4,0,390,0,0,0,0,0
223783,Johannes Kreidl,2015,FIL,6251,False,4,4,0,360,0,0,0,0,0
223783,Johannes Kreidl,2015,FI1,6251,False,33,24,0,2160,0,0,0,0,0
223783,Johannes Kreidl,2014,U19Q,12519,True,3,1,0,90,0,0,0,0,0
223783,Johannes Kreidl,2014,RLN3,389,False,34,1,0,90,0,0,0,0,0
223783,Johannes Kreidl,2014,FS,8776,True,2,1,0,45,0,0,0,0,0
223783,Johannes Kreidl,2014,FS,12519,True,1,1,0,45,0,0,0,0,0
223783,Johannes Kreidl,2014,AJ1,2509,False,26,18,0,1620,0,0,0,0,1
223783,Johannes Kreidl,2014,20WC,8776,True,4,0,0,0,0,0,0,0,0
223783,Johannes Kreidl,2013,JGD2,4389,False,15,15,0,1350,0,0,0,0,1
223783,Johannes Kreidl,2013,FS,19533,True,2,2,0,90,0,0,0,0,0
223783,Johannes Kreidl,2013,ATRW,18344,False,9,1,0,90,0,0,0,0,0
223783,Johannes Kreidl,2012,JGD2,4389,False,22,0,0,0,0,0,0,0,0
223783,Johannes Kreidl,2011,JGD3,42834,False,22,0,0,0,0,0,0,0,0
223783,Johannes Kreidl,2011,JGD2,4389,False,8,0,0,0,0,0,0,0,0
586591,Hemmo Riihimäki,2026,ELQ,6251,False,2,1,0,90,0,0,0,0,0
586591,Hemmo Riihimäki,2026,CLQ,6251,False,4,0,0,0,0,0,0,0,0
586591,Hemmo Riihimäki,2025,UCOL,6251,False,2,0,0,0,0,0,0,0,0
586591,Hemmo Riihimäki,2025,FIS,6251,False,3,2,0,180,0,0,0,0,0
586591,Hemmo Riihimäki,2025,FIL,6251,False,5,1,0,90,0,0,0,0,0
586591,Hemmo Riihimäki,2025,FI1,6251,False,20,3,0,270,0,0,0,0,0
586591,Hemmo Riihimäki,2025,ECLQ,23777,False,2,0,0,0,0,0,0,0,0
586591,Hemmo Riihimäki,2024,FIS,23777,False,3,3,0,270,0,1,0,0,0
586591,Hemmo Riihimäki,2024,FIL,23777,False,5,1,0,90,0,0,0,0,0
586591,Hemmo Riihimäki,2024,FI1,23777,False,22,2,0,180,0,0,0,0,0
586591,Hemmo Riihimäki,2024,F1CL,23777,False,10,0,0,0,0,0,0,0,0
586591,Hemmo Riihimäki,2023,FIS,23777,False,6,2,0,180,0,0,0,0,0
586591,Hemmo Riihimäki,2023,FIL,23777,False,5,2,0,180,0,0,0,0,0
586591,Hemmo Riihimäki,2023,FI2,45310,False,4,3,0,270,0,0,0,0,0
586591,Hemmo Riihimäki,2023,FI1,23777,False,22,3,0,150,0,0,0,0,0
586591,Hemmo Riihimäki,2023,F1CL,23777,False,5,3,0,270,0,0,0,0,0
586591,Hemmo Riihimäki,2023,F1CE,23777,False,2,0,0,0,0,0,0,0,0
586591,Hemmo Riihimäki,2023,ECLQ,6251,False,2,0,0,0,0,0,0,0,0
586591,Hemmo Riihimäki,2022,FIS,6251,False,3,3,0,270,0,0,0,0,0
586591,Hemmo Riihimäki,2022,FIL,6251,False,6,1,0,90,0,0,0,0,0
586591,Hemmo Riihimäki,2022,FI3C,95361,False,13,3,0,270,0,0,0,0,0
586591,Hemmo Riihimäki,2022,FI1,6251,False,22,0,0,0,0,0,0,0,0
586591,Hemmo Riihimäki,2022,F1CL,6251,False,5,0,0,0,0,0,0,0,0
586591,Hemmo Riihimäki,2021,YKAU,22890,False,5,2,0,180,0,0,0,0,0
586591,Hemmo Riihimäki,2021,U19Q,20794,True,6,5,0,405,0,0,0,0,0
586591,Hemmo Riihimäki,2021,FS,20794,True,2,2,0,90,0,0,0,0,0
586591,Hemmo Riihimäki,2021,FIS,22890,False,2,1,0,90,0,0,0,0,0
586591,Hemmo Riihimäki,2021,FINJ,19331,False,1,1,0,90,0,0,0,0,0
586591,Hemmo Riihimäki,2021,FIL,6251,False,4,0,0,0,0,0,0,0,0
586591,Hemmo Riihimäki,2021,FI2P,22890,False,1,0,0,0,0,0,0,0,0
586591,Hemmo Riihimäki,2021,FI2,22890,False,22,13,0,1170,0,1,0,0,0
586591,Hemmo Riihimäki,2021,FI1,6251,False,2,0,0,0,0,0,0,0,0
586591,Hemmo Riihimäki,2020,YKAB,8043,False,5,0,0,0,0,0,0,0,0
586591,Hemmo Riihimäki,2020,FIS,8043,False,3,1,0,90,0,0,0,0,0
586591,Hemmo Riihimäki,2020,FI2,8043,False,22,7,0,630,0,0,0,0,0
586591,Hemmo Riihimäki,2020,ELQ,6251,False,3,0,0,0,0,0,0,0,0
586591,Hemmo Riihimäki,2020,CLQ,6251,False,1,0,0,0,0,0,0,0,0
586591,Hemmo Riihimäki,2019,U17Q,20792,True,3,3,0,270,0,0,0,0,0
586591,Hemmo Riihimäki,2019,FS,20792,True,10,7,0,512,0,0,0,0,0
586591,Hemmo Riihimäki,2019,FS,20791,True,1,1,0,40,0,0,0,0,0
586591,Hemmo Riihimäki,2019,FIS,6251,False,7,1,0,90,0,0,0,0,0
586591,Hemmo Riihimäki,2019,FINJ,19331,False,1,1,0,90,0,0,0,0,0
586591,Hemmo Riihimäki,2019,FI3C,24753,False,15,8,0,720,0,0,0,0,0
586591,Hemmo Riihimäki,2019,FI1,6251,False,22,0,0,0,0,0,0,0,0
586591,Hemmo Riihimäki,2019,ELQ,6251,False,4,0,0,0,0,0,0,0,0
586591,Hemmo Riihimäki,2018,FS,20791,True,9,2,0,160,0,0,0,0,0
586591,Hemmo Riihimäki,2018,FJE,19331,False,4,2,0,135,0,0,0,0,0
586591,Hemmo Riihimäki,2018,FIS,6251,False,5,0,0,0,0,0,0,0,0
586591,Hemmo Riihimäki,2018,FINJ,19331,False,8,4,0,246,0,0,0,0,0
586591,Hemmo Riihimäki,2018,FIKP,24753,False,3,1,0,90,0,0,0,0,0
586591,Hemmo Riihimäki,2018,FI3C,24753,False,22,9,0,810,0,0,0,0,0
586591,Hemmo Riihimäki,2018,FI1,6251,False,22,0,0,0,0,0,0,0,0
586591,Hemmo Riihimäki,2018,F1CL,6251,False,5,0,0,0,0,0,0,0,0
586591,Hemmo Riihimäki,2017,FI3C,24753,False,20,3,0,270,0,0,0,0,0
1271200,Kasperi Silen,2026,U19Q,20794,True,3,0,0,0,0,0,0,0,0
1271200,Kasperi Silen,2026,ELQ,6251,False,2,0,0,0,0,0,0,0,0
1271200,Kasperi Silen,2026,CLQ,6251,False,4,0,0,0,0,0,0,0,0
1271200,Kasperi Silen,2025,YKCP,1225,False,1,0,0,0,0,0,0,0,0
1271200,Kasperi Silen,2025,UCOL,6251,False,2,0,0,0,0,0,0,0,0
1271200,Kasperi Silen,2025,U19Q,20794,True,3,0,0,0,0,0,0,0,0
1271200,Kasperi Silen,2025,U17Q,20792,True,3,0,0,0,0,0,0,0,0
1271200,Kasperi Silen,2025,FS,20792,True,5,1,0,90,0,0,0,0,0
1271200,Kasperi Silen,2025,FIYK,95361,False,12,8,0,720,0,0,0,0,0
1271200,Kasperi Silen,2025,FIS,95361,False,3,0,0,0,0,0,0,0,0
1271200,Kasperi Silen,2025,FIS,6251,False,3,0,0,0,0,0,0,0,0
1271200,Kasperi Silen,2025,FIL,6251,False,3,1,0,90,0,0,0,0,0
1271200,Kasperi Silen,2025,FI1,6251,False,20,0,0,0,0,0,0,0,0
1271200,Kasperi Silen,2025,AA17,20792,True,3,2,0,135,0,0,0,0,0
1271200,Kasperi Silen,2024,U17Q,20792,True,6,3,0,225,0,0,0,0,0
1271200,Kasperi Silen,2024,FS,20792,True,12,5,0,394,0,0,0,0,0
1271200,Kasperi Silen,2024,FS,20791,True,3,2,0,135,0,0,0,0,0
1271200,Kasperi Silen,2024,FIS,29400,False,1,0,0,0,0,0,0,0,0
1271200,Kasperi Silen,2024,FIS,1225,False,1,0,0,0,0,0,0,0,0
1271200,Kasperi Silen,2024,FIL,1225,False,5,0,0,0,0,0,0,0,0
1271200,Kasperi Silen,2024,FI4P,90144,False,2,2,0,180,0,0,0,0,0
1271200,Kasperi Silen,2024,FI3A,29400,False,17,11,0,990,0,0,0,0,0
1271200,Kasperi Silen,2024,FI1,1225,False,5,0,0,0,0,0,0,0,0
1271200,Kasperi Silen,2024,F4LA,90144,False,20,1,0,90,0,0,0,0,0
1271200,Kasperi Silen,2024,F1CC,1225,False,5,0,0,0,0,0,0,0,0
1271200,Kasperi Silen,2023,FS,34682,True,6,4,0,240,0,0,0,0,0
1271200,Kasperi Silen,2023,F4LA,90144,False,14,9,0,735,0,0,0,0,0
263801,Kasim Adams,2026,ELQ,6251,False,2,2,0,180,0,0,0,0,1
263801,Kasim Adams,2026,CLQ,6251,False,4,4,0,390,0,0,0,0,0
263801,Kasim Adams,2025,FIS,6251,False,3,3,0,242,0,0,0,0,0
263801,Kasim Adams,2025,FI1,6251,False,20,11,0,718,0,0,3,1,1
263801,Kasim Adams,2024,SCC,61,False,1,0,0,0,0,0,0,0,0
263801,Kasim Adams,2024,CHC1,25526,False,1,1,0,84,0,0,0,0,0
263801,Kasim Adams,2024,C1,61,False,33,17,1,1375,1,0,9,2,4
263801,Kasim Adams,2023,WMQ2,3441,True,2,2,0,117,0,0,0,0,0
263801,Kasim Adams,2023,L1,533,False,34,1,0,4,0,0,0,0,0
263801,Kasim Adams,2023,FS,3441,True,6,1,0,27,0,0,0,0,0
263801,Kasim Adams,2023,DFB,533,False,2,0,0,0,0,0,0,0,0
263801,Kasim Adams,2023,AFCN,3441,True,3,0,0,0,0,0,0,0,0
263801,Kasim Adams,2022,UCOL,26,False,14,11,1,842,1,0,5,2,3
263801,Kasim Adams,2022,SCC,26,False,5,3,0,300,1,0,3,0,1
263801,Kasim Adams,2022,FS,3441,True,3,0,0,0,0,0,0,0,0
263801,Kasim Adams,2022,ECLQ,26,False,6,4,1,390,0,0,1,0,2
263801,Kasim Adams,2022,CHAN,3441,True,3,0,0,0,0,0,0,0,0
263801,Kasim Adams,2022,C1,26,False,35,28,4,2380,1,1,11,2,4
263801,Kasim Adams,2021,L1,533,False,34,3,0,3,0,0,1,1,0
263801,Kasim Adams,2021,FS,3441,True,3,0,0,0,0,0,0,0,0
263801,Kasim Adams,2021,FIWC,3441,True,3,0,0,0,0,0,0,0,0
263801,Kasim Adams,2021,DFB,533,False,3,0,0,0,0,0,0,0,0
263801,Kasim Adams,2021,AFCQ,3441,True,6,0,0,0,0,0,0,0,0
263801,Kasim Adams,2021,AFCN,3441,True,3,0,0,0,0,0,0,0,0
263801,Kasim Adams,2020,L1,533,False,34,12,3,987,0,0,7,0,0
263801,Kasim Adams,2020,FS,3441,True,4,1,0,90,0,0,0,0,0
263801,Kasim Adams,2020,EL,533,False,8,4,3,281,0,0,2,2,0
263801,Kasim Adams,2020,DFB,533,False,2,2,0,136,0,0,3,0,1
263801,Kasim Adams,2019,WMQ2,3441,True,8,0,0,0,0,0,0,0,0
263801,Kasim Adams,2019,L1,38,False,34,13,0,997,1,0,6,3,0
263801,Kasim Adams,2019,DFB,38,False,4,2,0,107,1,0,1,1,0
263801,Kasim Adams,2019,AFCQ,3441,True,6,2,1,180,0,0,0,0,0
263801,Kasim Adams,2018,L1,533,False,34,13,9,905,0,1,2,0,5
263801,Kasim Adams,2018,FS,3441,True,1,1,0,45,0,0,0,0,0
263801,Kasim Adams,2018,DFB,533,False,2,1,1,90,0,0,0,0,0
263801,Kasim Adams,2018,CL,533,False,6,2,3,141,0,0,0,0,1
263801,Kasim Adams,2018,C1,452,False,1,0,0,0,0,0,0,0,0
263801,Kasim Adams,2018,AFCN,3441,True,4,3,0,300,0,1,3,0,3
263801,Kasim Adams,2017,SCC,452,False,6,5,0,450,1,0,0,0,1
263801,Kasim Adams,2017,FS,3441,True,2,2,0,109,1,0,0,0,0
263801,Kasim Adams,2017,EL,452,False,6,4,0,360,0,0,0,0,0
263801,Kasim Adams,2017,CLQ,452,False,4,4,0,360,0,0,0,0,2
263801,Kasim Adams,2017,C1,452,False,36,32,2,2826,2,2,0,0,10
263801,Kasim Adams,2017,AFCQ,3441,True,3,2,1,180,0,0,0,0,0
263801,Kasim Adams,2016,WMQ2,3441,True,2,1,0,90,0,0,0,0,0
263801,Kasim Adams,2016,SCC,452,False,3,2,0,210,0,0,0,0,0
263801,Kasim Adams,2016,ES2,237,False,2,0,0,0,0,0,0,0,0
263801,Kasim Adams,2016,EL,452,False,6,4,1,360,0,0,0,0,3
263801,Kasim Adams,2016,CHC1,5508,False,1,1,0,45,0,0,0,0,0
263801,Kasim Adams,2016,C1,452,False,30,18,4,1514,0,0,0,0,4
263801,Kasim Adams,2015,ES2,237,False,42,6,0,460,0,0,0,0,4
263801,Kasim Adams,2015,CDR,237,False,1,0,0,0,0,0,0,0,0
263801,Kasim Adams,2014,ES3C,8494,False,38,9,0,770,0,0,0,0,4
263801,Kasim Adams,2014,ES2,237,False,37,20,0,1666,2,1,0,0,9
263801,Kasim Adams,2013,FS,3441,True,1,0,0,0,0,0,0,0,0
263801,Kasim Adams,2012,GHPL,31855,False,5,1,0,58,0,0,0,0,0
587302,Clinton Antwi,2026,ELQ,6251,False,2,2,0,128,0,0,0,0,1
587302,Clinton Antwi,2026,CLQ,6251,False,4,4,0,352,0,2,0,0,0
587302,Clinton Antwi,2025,UCOL,6251,False,8,7,0,497,1,1,5,2,0
587302,Clinton Antwi,2025,FIS,6251,False,3,3,0,163,0,1,0,0,0
587302,Clinton Antwi,2025,FIL,6251,False,5,2,0,98,0,0,0,0,0
587302,Clinton Antwi,2025,FI1,6251,False,20,18,0,1448,0,1,19,2,2
587302,Clinton Antwi,2025,ELQ,6251,False,4,0,0,0,0,0,0,0,0
587302,Clinton Antwi,2025,CLQ,6251,False,4,2,0,179,0,0,0,0,0
587302,Clinton Antwi,2024,FIS,6251,False,5,2,0,151,0,0,0,0,1
587302,Clinton Antwi,2024,FIL,6251,False,6,5,0,396,0,1,0,0,0
587302,Clinton Antwi,2024,FI1,6251,False,22,10,0,667,0,3,12,3,1
587302,Clinton Antwi,2024,F1CL,6251,False,10,8,0,527,0,0,4,0,1
587302,Clinton Antwi,2024,ECLQ,6251,False,4,4,0,360,0,0,0,0,0
587302,Clinton Antwi,2023,FIS,6251,False,5,4,0,215,1,2,0,0,0
587302,Clinton Antwi,2023,FIL,6251,False,7,7,0,459,1,0,0,0,3
587302,Clinton Antwi,2023,FI1,6251,False,22,22,0,1690,1,2,25,5,1
587302,Clinton Antwi,2023,F1CL,6251,False,5,5,0,446,0,1,4,1,0
587302,Clinton Antwi,2023,ECLQ,6251,False,2,1,0,90,0,0,0,0,0
587302,Clinton Antwi,2022,FIS,6251,False,3,3,0,255,0,1,0,0,0
587302,Clinton Antwi,2022,FIL,6251,False,6,4,0,235,0,0,0,0,1
587302,Clinton Antwi,2022,FI1,6251,False,22,21,0,1706,1,3,16,6,3
587302,Clinton Antwi,2022,F1CL,6251,False,5,5,0,450,0,0,8,1,0
587302,Clinton Antwi,2022,ECLQ,6251,False,6,4,0,242,0,0,0,0,0
587302,Clinton Antwi,2021,FIS,6251,False,5,3,0,165,0,0,0,0,0
587302,Clinton Antwi,2021,FIL,6251,False,4,4,0,360,0,1,0,0,1
587302,Clinton Antwi,2021,FI1,6251,False,22,15,0,1198,2,2,0,0,1
587302,Clinton Antwi,2021,F1CL,6251,False,5,3,0,71,1,0,0,0,0
587302,Clinton Antwi,2021,DKRE,62689,False,2,2,0,56,0,0,0,0,0
587302,Clinton Antwi,2020,DKRE,62689,False,1,1,0,90,0,0,0,0,0
587302,Clinton Antwi,2020,DKP,3426,False,2,2,0,180,0,1,0,0,0
587302,Clinton Antwi,2020,DK2P,3426,False,10,4,5,311,0,0,0,0,0
587302,Clinton Antwi,2020,DK2,3426,False,19,18,0,1451,0,6,0,0,3
587302,Clinton Antwi,2020,DK1,2778,False,2,0,0,0,0,0,0,0,0
587302,Clinton Antwi,2019,DKRE,62689,False,3,2,0,180,3,0,0,0,0
587302,Clinton Antwi,2019,DKP,2778,False,2,2,0,180,1,0,0,0,0
587302,Clinton Antwi,2019,DKMR,2778,False,10,0,0,0,0,0,0,0,0
587302,Clinton Antwi,2019,DK1,2778,False,26,16,2,832,0,1,7,2,1
587302,Clinton Antwi,2018,TDV,14355,False,3,3,0,217,1,1,0,0,0
587302,Clinton Antwi,2018,ELQ,2778,False,6,1,0,90,0,0,0,0,0
587302,Clinton Antwi,2018,DKRQ,62689,False,6,4,0,315,1,0,0,0,0
587302,Clinton Antwi,2018,DKRE,62689,False,6,2,0,180,0,0,0,0,0
587302,Clinton Antwi,2018,DKP,2778,False,2,0,0,0,0,0,0,0,0
587302,Clinton Antwi,2018,DKMR,2778,False,10,0,0,0,0,0,0,0,0
587302,Clinton Antwi,2018,DKDL,14355,False,13,13,0,1035,2,1,0,0,1
587302,Clinton Antwi,2018,DK1,2778,False,26,3,0,232,0,0,1,0,0
587302,Clinton Antwi,2017,DKDL,14355,False,11,4,0,140,0,0,0,0,0
459716,Saku Heiskanen,2026,ELQ,6251,False,2,1,0,7,0,0,0,0,1
459716,Saku Heiskanen,2026,CLQ,6251,False,4,2,0,20,0,0,0,0,0
459716,Saku Heiskanen,2025,UCOL,6251,False,2,0,0,0,0,0,0,0,0
459716,Saku Heiskanen,2025,FIS,6251,False,3,3,0,169,0,0,0,0,1
459716,Saku Heiskanen,2025,FIL,6251,False,3,2,0,135,0,0,0,0,0
459716,Saku Heiskanen,2025,FI1,6251,False,20,16,0,770,0,3,8,2,1
459716,Saku Heiskanen,2024,FIS,23564,False,4,3,0,225,0,1,0,0,0
459716,Saku Heiskanen,2024,FIL,23564,False,5,5,0,346,0,1,0,0,0
459716,Saku Heiskanen,2024,FI1,23564,False,22,22,0,1739,1,9,26,8,3
459716,Saku Heiskanen,2024,F1CL,23564,False,10,6,0,393,1,0,7,4,1
459716,Saku Heiskanen,2023,FIS,23564,False,2,2,0,51,1,0,0,0,0
459716,Saku Heiskanen,2023,FIL,23564,False,5,5,0,283,0,0,0,0,1
459716,Saku Heiskanen,2023,FI1,23564,False,22,22,0,1914,4,1,33,16,2
459716,Saku Heiskanen,2023,F1CE,23564,False,2,2,0,195,1,1,5,1,0
459716,Saku Heiskanen,2023,F1CC,23564,False,5,5,0,390,0,0,3,1,1
459716,Saku Heiskanen,2022,NCD1,31632,False,1,1,0,37,1,0,0,0,0
459716,Saku Heiskanen,2022,FIS,5411,False,2,0,0,0,0,0,0,0,0
459716,Saku Heiskanen,2022,FIL,5411,False,5,0,0,0,0,0,0,0,0
459716,Saku Heiskanen,2022,FI1,5411,False,13,0,0,0,0,0,0,0,0
459716,Saku Heiskanen,2021,FS,20795,True,2,2,0,75,0,0,0,0,0
459716,Saku Heiskanen,2021,FIS,5411,False,1,1,0,87,1,0,0,0,0
459716,Saku Heiskanen,2021,FIL,5411,False,6,5,0,242,0,1,0,0,0
459716,Saku Heiskanen,2021,FI3B,23075,False,8,5,0,426,1,0,0,0,0
459716,Saku Heiskanen,2021,FI1,5411,False,22,8,0,62,0,1,0,0,0
459716,Saku Heiskanen,2021,F1CL,5411,False,5,2,0,118,0,0,0,0,0
459716,Saku Heiskanen,2020,YKAB,11131,False,5,5,0,429,0,3,0,0,1
459716,Saku Heiskanen,2020,FIS,11131,False,3,2,0,165,0,0,0,0,0
459716,Saku Heiskanen,2020,FI2,11131,False,22,17,0,1498,2,2,0,0,4
459716,Saku Heiskanen,2019,KCUP,11131,False,3,1,0,90,0,0,0,0,0
459716,Saku Heiskanen,2019,FI3B,11131,False,17,16,0,1292,9,0,0,0,1
459716,Saku Heiskanen,2018,FIS,5411,False,6,1,0,22,0,0,0,0,0
459716,Saku Heiskanen,2018,FI3B,23075,False,11,6,0,386,0,0,0,0,0
459716,Saku Heiskanen,2018,FI3A,11131,False,8,8,0,665,0,0,0,0,0
459716,Saku Heiskanen,2018,FI1,5411,False,18,0,0,0,0,0,0,0,0
459716,Saku Heiskanen,2018,19YL,50922,False,2,1,0,79,0,0,0,0,0
459716,Saku Heiskanen,2017,U17Q,20792,True,6,3,0,213,0,0,0,0,1
459716,Saku Heiskanen,2017,FS,20792,True,7,6,0,308,0,0,0,0,0
459716,Saku Heiskanen,2017,FI2,11131,False,12,3,0,122,0,0,0,0,0
459716,Saku Heiskanen,2017,BJ3,21082,False,26,7,7,184,0,0,0,0,0
459716,Saku Heiskanen,2016,FS,34682,True,2,2,0,120,1,0,0,0,0
459716,Saku Heiskanen,2016,FS,20791,True,2,2,0,118,0,0,0,0,0
459716,Saku Heiskanen,2016,FIS,5411,False,2,1,0,19,0,0,0,0,0
459716,Saku Heiskanen,2015,FS,20791,True,1,1,0,79,1,0,0,0,0
462248,Jorginho,2026,ELQ,6251,False,2,0,0,0,0,0,0,0,0
462248,Jorginho,2026,ECLQ,253,False,2,0,0,0,0,0,0,0,0
462248,Jorginho,2026,CLQ,6251,False,2,0,0,0,0,0,0,0,0
462248,Jorginho,2025,GESC,253,False,2,0,0,0,0,0,0,0,0
462248,Jorginho,2025,GE1N,253,False,19,0,0,0,0,0,0,0,0
462248,Jorginho,2025,FI1,6251,False,5,0,0,0,0,0,0,0,0
462248,Jorginho,2025,ECLQ,253,False,4,3,0,101,0,0,0,0,0
462248,Jorginho,2024,TSP,450,False,1,1,0,13,0,0,0,0,0
462248,Jorginho,2024,TS1,450,False,11,7,0,330,0,0,5,1,2
462248,Jorginho,2024,T1AR,450,False,5,1,0,90,0,0,0,0,0
462248,Jorginho,2024,GEP1,253,False,1,1,0,86,0,0,0,0,0
462248,Jorginho,2024,GE1N,253,False,18,13,0,1050,0,0,0,0,3
462248,Jorginho,2024,FLAP,450,False,2,0,0,0,0,0,0,0,0
462248,Jorginho,2024,ECLQ,3189,False,4,4,0,316,0,0,1,0,1
462248,Jorginho,2024,CZ3C,37464,False,1,1,0,90,0,0,0,0,0
462248,Jorginho,2023,FIS,3189,False,1,1,0,90,0,0,0,0,1
462248,Jorginho,2023,FIL,3189,False,6,5,0,302,0,0,0,0,1
462248,Jorginho,2023,FI1,3189,False,22,15,0,1129,1,7,21,5,1
462248,Jorginho,2023,F1CL,3189,False,5,5,0,450,0,2,4,0,1
462248,Jorginho,2022,POPO,10140,False,1,1,0,68,0,0,0,0,0
462248,Jorginho,2022,POCP,10140,False,3,3,0,205,0,1,0,0,1
462248,Jorginho,2022,PO2,10140,False,34,23,0,1440,0,2,15,4,4
462248,Jorginho,2022,FIS,3189,False,2,2,0,180,0,1,0,0,1
462248,Jorginho,2022,FI1,3189,False,6,6,0,495,1,0,7,1,3
462248,Jorginho,2022,F1CC,3189,False,5,4,0,360,1,2,6,3,1
462248,Jorginho,2021,PTPR,75337,False,3,3,0,270,1,1,0,0,2
462248,Jorginho,2021,PT23,75337,False,12,9,0,577,1,0,0,0,2
462248,Jorginho,2021,P23Q,75337,False,14,13,0,1061,0,0,0,0,1
462248,Jorginho,2020,PTPR,75337,False,4,4,0,239,1,0,0,0,1
462248,Jorginho,2020,PT23,75337,False,9,2,0,137,0,0,0,0,0
462248,Jorginho,2020,P232,75337,False,10,3,0,107,0,0,0,0,0
462248,Jorginho,2019,PT23,68780,False,34,11,0,433,0,0,0,0,0
462248,Jorginho,2019,PO2,10330,False,1,0,0,0,0,0,0,0,0
462248,Jorginho,2018,PTPR,68780,False,1,0,0,0,0,0,0,0,0
462248,Jorginho,2018,PO2,10330,False,34,0,0,0,0,0,0,0,0
462248,Jorginho,2018,PLIC,10330,False,2,0,0,0,0,0,0,0,0
462248,Jorginho,2017,PO2,10330,False,38,0,0,0,0,0,0,0,0
462248,Jorginho,2017,PLIC,10330,False,3,0,0,0,0,0,0,0,0
462248,Jorginho,2017,19YL,41582,False,6,6,0,540,1,1,0,0,0
462248,Jorginho,2016,PO2,10330,False,4,1,0,90,0,0,0,0,0
462248,Jorginho,2016,FS,16372,True,3,2,0,152,0,0,0,0,1
462248,Jorginho,2016,19YL,41582,False,11,9,0,654,1,1,0,0,4
462248,Jorginho,2015,FS,16371,True,2,2,0,90,0,0,0,0,0
462248,Jorginho,2015,19YL,41582,False,6,4,0,142,2,1,0,0,0
462248,Jorginho,2013,FS,31372,True,12,9,0,370,1,0,0,0,0
462248,Jorginho,2012,FS,30503,True,2,1,0,61,0,0,0,0,0
274746,Saku Savolainen,2026,ELQ,6251,False,2,2,0,42,0,0,0,0,0
274746,Saku Savolainen,2026,CLQ,6251,False,4,3,0,105,0,0,0,0,1
274746,Saku Savolainen,2025,UCOL,6251,False,8,4,0,305,0,1,0,0,0
274746,Saku Savolainen,2025,FIS,6251,False,3,2,0,135,0,0,0,0,0
274746,Saku Savolainen,2025,FIL,6251,False,5,0,0,0,0,0,0,0,0
274746,Saku Savolainen,2025,FI1,6251,False,20,18,0,812,1,2,8,2,0
274746,Saku Savolainen,2025,ELQ,6251,False,4,4,0,283,0,0,2,2,0
274746,Saku Savolainen,2025,CLQ,6251,False,4,4,0,360,0,1,0,0,0
274746,Saku Savolainen,2024,FIS,6251,False,5,2,0,180,1,0,0,0,0
274746,Saku Savolainen,2024,FIL,6251,False,6,6,0,445,4,1,0,0,0
274746,Saku Savolainen,2024,FI1,6251,False,22,21,0,1547,1,3,26,5,3
274746,Saku Savolainen,2024,F1CL,6251,False,10,5,0,320,1,1,2,1,0
274746,Saku Savolainen,2024,ECLQ,6251,False,4,4,0,351,0,0,0,0,0
274746,Saku Savolainen,2023,FIS,6251,False,5,4,0,348,0,1,0,0,0
274746,Saku Savolainen,2023,FIL,6251,False,7,6,0,273,0,0,0,0,0
274746,Saku Savolainen,2023,FI1,6251,False,22,15,0,825,3,3,12,4,0
274746,Saku Savolainen,2023,F1CL,6251,False,5,4,0,356,1,2,3,2,0
274746,Saku Savolainen,2023,ECLQ,6251,False,2,2,0,139,2,0,0,0,0
274746,Saku Savolainen,2022,FIS,6251,False,3,3,0,166,0,0,0,0,0
274746,Saku Savolainen,2022,FIL,6251,False,6,0,0,0,0,0,0,0,0
274746,Saku Savolainen,2022,FI1,6251,False,22,17,0,952,4,2,12,6,0
274746,Saku Savolainen,2022,F1CL,6251,False,5,1,0,10,0,0,0,0,0
274746,Saku Savolainen,2022,ECLQ,6251,False,6,2,0,100,0,1,0,0,0
274746,Saku Savolainen,2021,FIS,6251,False,5,4,0,115,1,0,0,0,0
274746,Saku Savolainen,2021,FIL,6251,False,4,0,4,0,0,0,0,0,0
274746,Saku Savolainen,2021,FI1,6251,False,22,9,9,452,1,0,0,0,0
274746,Saku Savolainen,2021,F1CL,6251,False,5,3,0,180,0,1,0,0,0
274746,Saku Savolainen,2021,ECLQ,6251,False,8,0,8,0,0,0,0,0,0
274746,Saku Savolainen,2020,FIS,6251,False,6,5,1,440,2,3,0,0,0
274746,Saku Savolainen,2020,FI1,6251,False,22,0,22,0,0,0,0,0,0
274746,Saku Savolainen,2020,F1CL,6251,False,5,0,5,0,0,0,0,0,0
274746,Saku Savolainen,2020,ELQ,6251,False,3,3,0,295,0,0,0,0,0
274746,Saku Savolainen,2020,CLQ,6251,False,1,1,0,90,0,0,0,0,0
274746,Saku Savolainen,2019,FIS,6251,False,7,5,0,310,0,0,0,0,0
274746,Saku Savolainen,2019,FI1,6251,False,22,22,0,1881,1,2,0,0,3
274746,Saku Savolainen,2019,ELQ,6251,False,4,3,0,44,0,0,0,0,0
274746,Saku Savolainen,2018,FIS,6251,False,5,4,0,360,0,0,0,0,0
274746,Saku Savolainen,2018,FI1,6251,False,22,14,0,1094,0,3,0,0,3
274746,Saku Savolainen,2018,F1CL,6251,False,5,4,0,354,0,1,0,0,1
274746,Saku Savolainen,2018,ELQ,6251,False,2,2,0,119,0,0,0,0,0
274746,Saku Savolainen,2017,U21Q,20796,True,9,4,0,165,0,0,0,0,0
274746,Saku Savolainen,2017,FS,20796,True,1,1,0,76,0,0,0,0,0
274746,Saku Savolainen,2017,FIS,6251,False,6,5,0,238,1,0,0,0,0
274746,Saku Savolainen,2017,FI1,6251,False,33,24,0,1686,2,2,0,0,4
274746,Saku Savolainen,2016,FS,20796,True,4,1,0,45,2,0,0,0,0
274746,Saku Savolainen,2016,FS,20795,True,1,1,0,45,0,0,0,0,0
274746,Saku Savolainen,2016,FIS,6251,False,6,5,0,256,0,0,0,0,0
274746,Saku Savolainen,2016,FI1,6251,False,33,32,0,2019,1,7,0,0,1
274746,Saku Savolainen,2015,FIS,6251,False,4,4,0,238,2,0,0,0,0
274746,Saku Savolainen,2015,FIL,6251,False,5,5,0,450,0,0,0,0,1
274746,Saku Savolainen,2015,FI1,6251,False,33,31,0,1677,4,2,0,0,2
274746,Saku Savolainen,2014,U19Q,20794,True,3,3,0,270,1,0,0,0,0
274746,Saku Savolainen,2014,FS,20794,True,5,4,0,262,0,0,0,0,0
274746,Saku Savolainen,2014,FIS,6251,False,5,5,0,405,1,0,0,0,0
274746,Saku Savolainen,2014,FIL,6251,False,4,3,0,199,0,0,0,0,1
274746,Saku Savolainen,2014,FI1,6251,False,33,27,0,1655,4,1,0,0,1
274746,Saku Savolainen,2013,FS,20794,True,3,2,0,135,0,0,0,0,0
274746,Saku Savolainen,2013,FS,20793,True,5,5,0,341,1,0,0,0,0
274746,Saku Savolainen,2013,FIS,6251,False,2,2,0,66,1,0,0,0,0
274746,Saku Savolainen,2013,FIL,6251,False,3,3,0,270,0,0,0,0,1
274746,Saku Savolainen,2013,FI3,24753,False,1,1,0,55,0,0,0,0,0
274746,Saku Savolainen,2013,FI1,6251,False,22,13,0,393,0,0,0,0,0
274746,Saku Savolainen,2012,FIS,6251,False,1,1,0,1,0,0,0,0,0
274746,Saku Savolainen,2012,FI1,6251,False,24,18,0,794,2,0,0,0,1
1032012,Brahima Magassa,2026,ELQ,6251,False,2,2,0,180,0,0,0,0,0
1032012,Brahima Magassa,2026,CLQ,6251,False,4,4,0,390,1,0,0,0,1
1032012,Brahima Magassa,2025,FRC,1175,False,4,0,0,0,0,0,0,0,0
1032012,Brahima Magassa,2025,FR5B,12761,False,1,1,0,90,0,0,0,0,0
1032012,Brahima Magassa,2025,FR3,1175,False,24,22,0,1910,0,1,0,0,5
1032012,Brahima Magassa,2025,FIS,6251,False,3,1,0,1,0,0,0,0,0
1032012,Brahima Magassa,2025,FI1,6251,False,20,14,0,934,1,0,9,3,1
1032012,Brahima Magassa,2024,FRC,13523,False,4,3,0,225,0,0,0,0,0
1032012,Brahima Magassa,2024,FR4B,13523,False,30,25,0,1901,1,0,0,0,6
1032012,Brahima Magassa,2023,FRC,62382,False,1,0,0,0,0,0,0,0,0
1032012,Brahima Magassa,2023,FRC,26870,False,1,0,0,0,0,0,0,0,0
1032012,Brahima Magassa,2023,FR4B,62382,False,7,0,0,0,0,0,0,0,0
1032012,Brahima Magassa,2023,FR4B,26870,False,19,15,0,1288,2,0,0,0,4
1032012,Brahima Magassa,2022,FRC,26870,False,2,2,0,180,0,0,0,0,0
1032012,Brahima Magassa,2022,FR4D,26870,False,30,29,0,2586,2,0,0,0,6
1032012,Brahima Magassa,2021,FR5D,35293,False,26,23,0,2042,1,0,0,0,10
1032012,Brahima Magassa,2020,FRC,35293,False,1,0,0,0,0,0,0,0,0
1032012,Brahima Magassa,2020,FR5D,35293,False,3,3,0,240,0,0,0,0,2
567485,Taneli Hämäläinen,2026,ELQ,6251,False,2,1,0,45,0,0,0,0,1
567485,Taneli Hämäläinen,2026,CLQ,6251,False,4,1,0,22,0,0,0,0,0
567485,Taneli Hämäläinen,2025,UCOL,6251,False,8,6,0,466,0,0,0,0,0
567485,Taneli Hämäläinen,2025,NL2,1268,False,1,0,0,0,0,0,0,0,0
567485,Taneli Hämäläinen,2025,FIS,6251,False,3,3,0,171,0,0,0,0,1
567485,Taneli Hämäläinen,2025,FIL,6251,False,5,2,0,180,0,0,0,0,0
567485,Taneli Hämäläinen,2025,FI1,6251,False,20,19,0,1154,0,1,3,0,1
567485,Taneli Hämäläinen,2025,ELQ,6251,False,2,2,0,180,0,0,1,1,0
567485,Taneli Hämäläinen,2024,PON2,1268,False,2,0,0,0,0,0,0,0,0
567485,Taneli Hämäläinen,2024,NL2,1268,False,18,11,0,513,0,1,1,0,1
567485,Taneli Hämäläinen,2024,FIS,6251,False,2,2,0,180,0,0,0,0,0
567485,Taneli Hämäläinen,2024,FI1,6251,False,3,2,0,101,0,0,0,0,0
567485,Taneli Hämäläinen,2024,F1CL,6251,False,10,9,0,642,0,0,3,1,0
567485,Taneli Hämäläinen,2024,ECLQ,6251,False,4,3,0,239,0,0,0,0,0
567485,Taneli Hämäläinen,2023,FIS,6251,False,5,5,0,293,0,0,0,0,1
567485,Taneli Hämäläinen,2023,FIL,6251,False,7,3,0,161,0,0,0,0,0
567485,Taneli Hämäläinen,2023,FI1,6251,False,22,19,0,1214,2,2,8,4,1
567485,Taneli Hämäläinen,2023,F1CL,6251,False,5,5,0,395,0,0,2,0,0
567485,Taneli Hämäläinen,2023,ECLQ,6251,False,2,1,0,90,0,0,0,0,0
567485,Taneli Hämäläinen,2022,FIS,6251,False,3,2,0,93,0,0,0,0,0
567485,Taneli Hämäläinen,2022,FIL,6251,False,6,4,0,286,0,0,0,0,1
567485,Taneli Hämäläinen,2022,FI3C,95361,False,1,1,0,90,0,0,0,0,0
567485,Taneli Hämäläinen,2022,FI1,6251,False,22,9,0,437,0,0,2,0,1
567485,Taneli Hämäläinen,2022,F1CL,6251,False,5,4,0,344,0,0,1,0,1
567485,Taneli Hämäläinen,2022,ECLQ,6251,False,6,5,0,253,0,0,1,0,1
567485,Taneli Hämäläinen,2021,U21Q,20796,True,10,10,0,807,0,1,0,0,2
567485,Taneli Hämäläinen,2021,FS,20796,True,1,1,0,67,0,0,0,0,0
567485,Taneli Hämäläinen,2021,FIS,6251,False,5,4,0,315,0,1,0,0,0
567485,Taneli Hämäläinen,2021,FIL,6251,False,4,3,0,225,0,0,0,0,0
567485,Taneli Hämäläinen,2021,FI3A,95361,False,1,1,0,90,0,0,0,0,0
567485,Taneli Hämäläinen,2021,FI1,6251,False,22,13,0,1060,0,0,0,0,1
567485,Taneli Hämäläinen,2021,F1CL,6251,False,5,3,0,270,0,0,0,0,0
567485,Taneli Hämäläinen,2021,ECLQ,6251,False,8,7,0,545,0,0,1,1,1
567485,Taneli Hämäläinen,2020,FS,20796,True,2,1,0,59,0,0,0,0,0
567485,Taneli Hämäläinen,2020,FIS,6251,False,6,6,0,493,0,0,0,0,2
567485,Taneli Hämäläinen,2020,FI1,6251,False,22,18,0,1447,1,0,0,0,1
567485,Taneli Hämäläinen,2020,F1CL,6251,False,5,5,0,368,1,0,0,0,0
567485,Taneli Hämäläinen,2020,ELQ,6251,False,3,0,0,0,0,0,0,0,0
567485,Taneli Hämäläinen,2020,CLQ,6251,False,1,0,0,0,0,0,0,0,0
567485,Taneli Hämäläinen,2019,FJE,19331,False,10,3,0,244,0,0,0,0,0
567485,Taneli Hämäläinen,2019,FIS,6251,False,7,1,0,90,0,0,0,0,0
567485,Taneli Hämäläinen,2019,FINJ,19331,False,9,5,0,412,1,0,0,0,0
567485,Taneli Hämäläinen,2019,FI3C,24753,False,15,10,0,855,0,0,0,0,0
567485,Taneli Hämäläinen,2019,FI1,6251,False,22,0,0,0,0,0,0,0,0
567485,Taneli Hämäläinen,2018,FJE,19331,False,18,9,0,810,2,0,0,0,2
567485,Taneli Hämäläinen,2018,FINJ,19331,False,9,9,0,810,1,0,0,0,1
567485,Taneli Hämäläinen,2018,FIKP,24753,False,3,2,0,180,0,0,0,0,0
567485,Taneli Hämäläinen,2018,FI3C,24753,False,22,14,0,1029,1,0,0,0,0
567485,Taneli Hämäläinen,2017,FS,20792,True,3,3,0,137,0,0,0,0,0
567485,Taneli Hämäläinen,2017,FI3C,24753,False,4,2,0,168,0,0,0,0,0
660581,Arttu Lötjönen,2026,ELQ,6251,False,2,0,0,0,0,0,0,0,0
660581,Arttu Lötjönen,2026,CLQ,6251,False,4,1,0,15,0,0,0,0,0
660581,Arttu Lötjönen,2025,UCOL,6251,False,8,3,0,181,0,0,0,0,0
660581,Arttu Lötjönen,2025,U21Q,20796,True,7,5,0,440,1,0,0,0,1
660581,Arttu Lötjönen,2025,FIS,6251,False,3,3,0,206,0,0,0,0,0
660581,Arttu Lötjönen,2025,FIL,6251,False,5,2,0,90,0,0,0,0,0
660581,Arttu Lötjönen,2025,FI1,6251,False,20,12,0,1074,0,1,2,0,2
660581,Arttu Lötjönen,2025,ELQ,6251,False,4,2,0,39,0,0,0,0,0
660581,Arttu Lötjönen,2025,CLQ,6251,False,4,0,0,0,0,0,0,0,0
660581,Arttu Lötjönen,2024,FS,20796,True,2,0,0,0,0,0,0,0,0
660581,Arttu Lötjönen,2024,FIS,6251,False,5,2,0,114,0,0,0,0,1
660581,Arttu Lötjönen,2024,FIL,6251,False,6,6,0,456,0,0,0,0,0
660581,Arttu Lötjönen,2024,FI1,6251,False,22,9,0,582,0,1,3,1,0
660581,Arttu Lötjönen,2024,F1CL,6251,False,10,4,0,38,0,0,0,0,0
660581,Arttu Lötjönen,2024,21EU,20796,True,3,0,0,0,0,0,0,0,0
660581,Arttu Lötjönen,2023,U21Q,20796,True,6,0,0,0,0,0,0,0,0
660581,Arttu Lötjönen,2023,POSB,1038,False,1,0,0,0,0,0,0,0,0
660581,Arttu Lötjönen,2023,IT2,1038,False,30,0,0,0,0,0,0,0,0
660581,Arttu Lötjönen,2023,IJ1,12001,False,34,20,0,1540,0,0,0,0,1
660581,Arttu Lötjönen,2023,FS,20796,True,2,2,0,131,0,0,0,0,0
660581,Arttu Lötjönen,2023,CITP,12001,False,2,1,0,90,0,0,0,0,0
660581,Arttu Lötjönen,2023,CIT,1038,False,1,0,0,0,0,0,0,0,0
660581,Arttu Lötjönen,2022,U19Q,20794,True,3,3,0,270,2,0,0,0,0
660581,Arttu Lötjönen,2022,TDV,12001,False,5,0,0,0,0,0,0,0,0
660581,Arttu Lötjönen,2022,IT1,1038,False,1,0,0,0,0,0,0,0,0
660581,Arttu Lötjönen,2022,IJ1,12001,False,20,11,0,665,1,1,0,0,1
660581,Arttu Lötjönen,2022,FS,20794,True,3,2,0,158,0,0,0,0,0
660581,Arttu Lötjönen,2022,CITP,12001,False,1,0,0,0,0,0,0,0,0
660581,Arttu Lötjönen,2021,FS,20793,True,6,5,0,343,0,0,0,0,0
660581,Arttu Lötjönen,2021,FIS,23203,False,1,1,0,90,0,0,0,0,0
660581,Arttu Lötjönen,2021,FI3B,23203,False,24,21,0,1890,1,0,0,0,4
660581,Arttu Lötjönen,2020,KCUP,23203,False,1,1,0,120,0,0,0,0,1
660581,Arttu Lötjönen,2020,FI3B,23203,False,22,17,0,1523,0,0,0,0,3
660581,Arttu Lötjönen,2019,KCUP,23203,False,3,1,0,18,0,0,0,0,0
660581,Arttu Lötjönen,2019,FINJ,40226,False,8,2,0,180,0,0,0,0,0
660581,Arttu Lötjönen,2019,FI3B,23203,False,17,12,0,716,0,0,0,0,1
660581,Arttu Lötjönen,2018,FIP1,49606,False,2,2,0,29,0,0,0,0,0
937939,Akseli Puukko,2026,ELQ,6251,False,2,2,0,138,0,0,0,0,0
937939,Akseli Puukko,2026,CLQ,6251,False,4,4,0,285,0,0,0,0,1
937939,Akseli Puukko,2025,UCOL,6251,False,2,2,0,99,0,0,0,0,0
937939,Akseli Puukko,2025,U21Q,20796,True,4,2,0,23,0,0,0,0,0
937939,Akseli Puukko,2025,IJ1,14848,False,20,12,0,591,0,0,0,0,0
937939,Akseli Puukko,2025,FS,20796,True,2,2,0,58,0,0,0,0,0
937939,Akseli Puukko,2025,FIS,6251,False,3,1,0,90,0,0,0,0,0
937939,Akseli Puukko,2025,FIL,6251,False,5,2,0,177,0,0,0,0,0
937939,Akseli Puukko,2025,FI1,6251,False,20,7,0,316,0,2,2,2,1
937939,Akseli Puukko,2025,CITP,14848,False,2,1,0,90,0,0,0,0,0
937939,Akseli Puukko,2024,U19Q,20794,True,6,6,0,495,0,1,0,0,1
937939,Akseli Puukko,2024,ITJP,14848,False,1,1,0,90,0,0,0,0,0
937939,Akseli Puukko,2024,IJ1,14848,False,36,31,0,2461,0,1,0,0,3
937939,Akseli Puukko,2024,FS,20794,True,2,1,0,90,0,0,0,0,0
937939,Akseli Puukko,2024,CITP,14848,False,3,2,0,120,0,0,0,0,0
937939,Akseli Puukko,2024,19YL,120035,False,5,5,0,380,0,0,0,0,1
937939,Akseli Puukko,2023,U19Q,20794,True,3,3,0,270,1,0,0,0,0
937939,Akseli Puukko,2023,FS,20794,True,2,2,0,109,0,0,0,0,0
937939,Akseli Puukko,2023,FS,20793,True,4,4,0,243,0,0,0,0,0
937939,Akseli Puukko,2023,FIS,2925,False,3,3,0,240,0,0,0,0,0
937939,Akseli Puukko,2023,FIL,2925,False,6,6,0,467,0,0,0,0,0
937939,Akseli Puukko,2023,FI3A,4024,False,1,1,0,90,0,0,0,0,0
937939,Akseli Puukko,2023,FI1,2925,False,21,15,0,1036,0,1,3,0,2
937939,Akseli Puukko,2022,U17Q,20792,True,6,6,0,540,0,0,0,0,0
937939,Akseli Puukko,2022,FS,20793,True,3,1,0,90,0,0,0,0,0
937939,Akseli Puukko,2022,FS,20792,True,6,6,0,349,0,0,0,0,0
937939,Akseli Puukko,2022,FIS,4024,False,2,0,0,0,0,0,0,0,0
937939,Akseli Puukko,2022,FIS,2925,False,3,3,0,202,0,0,0,0,0
937939,Akseli Puukko,2022,FIL,2925,False,5,4,0,169,0,0,0,0,0
937939,Akseli Puukko,2022,FI3A,4024,False,13,7,0,585,0,0,0,0,0
937939,Akseli Puukko,2022,FI1,2925,False,22,10,0,373,0,0,4,1,0
937939,Akseli Puukko,2022,F1CC,2925,False,5,5,0,431,0,0,6,0,1
937939,Akseli Puukko,2021,FS,20792,True,1,1,0,90,0,0,0,0,1
937939,Akseli Puukko,2021,FS,20791,True,5,5,0,251,0,0,0,0,0
937939,Akseli Puukko,2021,FP3A,4024,False,1,1,0,90,0,0,0,0,0
937939,Akseli Puukko,2021,FIS,2925,False,1,0,0,0,0,0,0,0,0
937939,Akseli Puukko,2021,F1CC,2925,False,1,1,0,77,0,0,0,0,0
937939,Akseli Puukko,2020,FINJ,23164,False,3,2,0,180,0,0,0,0,1
1150689,Rasmus Tikkanen,2026,ELQ,6251,False,2,0,0,0,0,0,0,0,0
1150689,Rasmus Tikkanen,2026,CLQ,6251,False,4,0,0,0,0,0,0,0,0
1150689,Rasmus Tikkanen,2025,UCOL,6251,False,8,1,0,70,0,0,0,0,0
1150689,Rasmus Tikkanen,2025,U19Q,20794,True,3,1,0,45,0,0,0,0,0
1150689,Rasmus Tikkanen,2025,FS,20794,True,4,2,0,117,0,0,0,0,1
1150689,Rasmus Tikkanen,2025,FIYK,95361,False,12,10,0,774,0,0,0,0,2
1150689,Rasmus Tikkanen,2025,FIS,6251,False,3,0,0,0,0,0,0,0,0
1150689,Rasmus Tikkanen,2025,FIL,6251,False,5,2,0,48,0,0,0,0,0
1150689,Rasmus Tikkanen,2025,FI1,6251,False,20,0,0,0,0,0,0,0,0
1150689,Rasmus Tikkanen,2025,ELQ,6251,False,4,0,0,0,0,0,0,0,0
1150689,Rasmus Tikkanen,2025,CLQ,6251,False,4,0,0,0,0,0,0,0,0
1150689,Rasmus Tikkanen,2024,FS,20793,True,2,2,0,135,0,0,0,0,0
1150689,Rasmus Tikkanen,2024,FIYK,95361,False,9,9,0,639,0,0,0,0,0
1150689,Rasmus Tikkanen,2024,FIS,6251,False,5,1,0,73,0,0,0,0,0
1150689,Rasmus Tikkanen,2024,FIL,6251,False,6,5,0,300,0,3,0,0,0
1150689,Rasmus Tikkanen,2024,FI3P,95361,False,4,4,0,300,0,0,0,0,0
1150689,Rasmus Tikkanen,2024,FI1,6251,False,22,5,0,332,1,0,4,1,0
1150689,Rasmus Tikkanen,2024,F1CL,6251,False,10,0,0,0,0,0,0,0,0
1150689,Rasmus Tikkanen,2023,FIYK,95361,False,22,14,0,1004,2,0,0,0,1
1150689,Rasmus Tikkanen,2023,FI3R,95361,False,5,0,0,0,0,0,0,0,0
1150689,Rasmus Tikkanen,2022,FIS,22399,False,1,0,0,0,0,0,0,0,0
1150689,Rasmus Tikkanen,2022,FI4L,22399,False,17,14,0,1111,0,2,0,0,0
901877,Otto Ruoppi,2025,UCOL,6251,False,8,8,0,720,0,0,9,4,0
901877,Otto Ruoppi,2025,U21Q,20796,True,7,7,0,607,3,2,0,0,0
901877,Otto Ruoppi,2025,FS,20796,True,2,2,0,98,0,0,0,0,0
901877,Otto Ruoppi,2025,FIS,6251,False,3,3,0,253,1,1,0,0,0
901877,Otto Ruoppi,2025,FIL,6251,False,5,1,0,90,0,0,0,0,1
901877,Otto Ruoppi,2025,FI1,6251,False,15,15,0,1293,4,3,18,6,0
901877,Otto Ruoppi,2025,ELQ,6251,False,4,4,0,308,0,1,1,0,0
901877,Otto Ruoppi,2025,CLQ,6251,False,4,4,0,360,1,0,0,0,0
901877,Otto Ruoppi,2024,U19Q,20794,True,6,6,0,436,0,2,0,0,0
901877,Otto Ruoppi,2024,FS,20794,True,2,2,0,123,0,0,0,0,0
901877,Otto Ruoppi,2024,FIS,6251,False,5,4,0,254,0,1,0,0,0
901877,Otto Ruoppi,2024,FIL,6251,False,6,6,0,474,0,1,0,0,0
901877,Otto Ruoppi,2024,FI1,6251,False,22,22,0,1680,6,5,35,15,1
901877,Otto Ruoppi,2024,F1CL,6251,False,10,10,0,708,2,4,10,5,1
901877,Otto Ruoppi,2024,ECLQ,6251,False,4,4,0,184,2,0,0,0,0
901877,Otto Ruoppi,2023,U19Q,20794,True,3,0,0,0,0,0,0,0,0
901877,Otto Ruoppi,2023,FS,20794,True,2,2,0,90,0,0,0,0,0
901877,Otto Ruoppi,2023,FS,20793,True,4,4,0,199,1,2,0,0,0
901877,Otto Ruoppi,2023,FIS,6251,False,5,5,0,289,1,1,0,0,0
901877,Otto Ruoppi,2023,FIL,6251,False,7,6,0,317,3,0,0,0,1
901877,Otto Ruoppi,2023,FI1,6251,False,22,21,0,795,3,0,8,3,0
901877,Otto Ruoppi,2023,F1CL,6251,False,5,4,0,92,0,1,1,1,1
901877,Otto Ruoppi,2022,YKAU,21520,False,5,5,0,450,0,0,0,0,0
901877,Otto Ruoppi,2022,U17Q,20792,True,6,6,0,522,1,0,0,0,1
901877,Otto Ruoppi,2022,FS,20792,True,6,6,0,357,1,0,0,0,0
901877,Otto Ruoppi,2022,FIS,21520,False,2,2,0,53,0,0,0,0,0
901877,Otto Ruoppi,2022,FINJ,19331,False,6,2,0,135,1,0,0,0,0
901877,Otto Ruoppi,2022,FIL,6251,False,6,2,0,31,0,0,0,0,0
901877,Otto Ruoppi,2022,FI2P,21520,False,1,1,0,90,0,0,0,0,0
901877,Otto Ruoppi,2022,FI2,21520,False,22,22,0,1298,2,1,0,0,1
901877,Otto Ruoppi,2022,FI1,6251,False,1,0,0,0,0,0,0,0,0
901877,Otto Ruoppi,2022,ECLQ,6251,False,6,0,0,0,0,0,0,0,0
901877,Otto Ruoppi,2021,FS,20792,True,1,1,0,78,0,0,0,0,0
901877,Otto Ruoppi,2021,FS,20791,True,7,7,0,371,1,0,0,0,0
901877,Otto Ruoppi,2021,FIS,6251,False,5,0,0,0,0,0,0,0,0
901877,Otto Ruoppi,2021,FINJ,19331,False,3,3,0,239,1,0,0,0,0
901877,Otto Ruoppi,2021,FIL,6251,False,4,0,0,0,0,0,0,0,0
901877,Otto Ruoppi,2021,FI3A,95361,False,20,15,0,805,1,0,0,0,0
901877,Otto Ruoppi,2021,FI1,6251,False,22,0,0,0,0,0,0,0,0
901877,Otto Ruoppi,2021,F1CL,6251,False,5,0,0,0,0,0,0,0,0
901877,Otto Ruoppi,2020,FI3A,24753,False,18,11,0,802,0,0,0,0,0
1211943,Karl Ward,2026,CLQ,6251,False,2,0,0,0,0,0,0,0,0
1211943,Karl Ward,2025,UCOL,6251,False,2,0,0,0,0,0,0,0,0
1211943,Karl Ward,2025,SEC,50061,False,2,2,0,147,1,0,0,0,0
1211943,Karl Ward,2025,FIYK,95361,False,7,3,0,225,0,0,0,0,0
1211943,Karl Ward,2025,FIS,95361,False,3,0,0,0,0,0,0,0,0
1211943,Karl Ward,2025,FIS,6251,False,3,1,0,64,0,0,0,0,0
1211943,Karl Ward,2025,FIL,6251,False,5,1,0,45,0,0,0,0,0
1211943,Karl Ward,2025,FI1,6251,False,15,0,0,0,0,0,0,0,0
1211943,Karl Ward,2025,FI1,6017,False,5,2,3,30,0,0,0,0,0
1211943,Karl Ward,2024,SEC,50061,False,5,3,0,158,0,0,0,0,1
1211943,Karl Ward,2024,SE3N,50061,False,30,25,1,2082,1,1,0,0,9
1211943,Karl Ward,2023,SEC,50061,False,1,0,0,0,0,0,0,0,0
1211943,Karl Ward,2023,SE3N,50061,False,30,10,0,582,1,0,0,0,2
1211943,Karl Ward,2022,SEC,50061,False,1,1,0,7,0,0,0,0,0
464308,Tommi Jyry,2026,ELQ,6251,False,2,2,0,180,0,2,0,0,0
464308,Tommi Jyry,2026,CLQ,6251,False,4,4,0,355,0,0,0,0,1
464308,Tommi Jyry,2025,ROMP,9465,False,4,3,0,148,0,0,0,0,0
464308,Tommi Jyry,2025,RO1R,9465,False,9,9,0,810,0,1,9,1,0
464308,Tommi Jyry,2025,RO1,9465,False,30,28,1,2307,1,2,31,6,4
464308,Tommi Jyry,2025,FI1,6251,False,5,3,0,224,1,1,3,1,0
464308,Tommi Jyry,2024,WMQ6,3443,True,2,0,0,0,0,0,0,0,0
464308,Tommi Jyry,2024,ROMP,9465,False,4,2,0,78,0,0,0,0,0
464308,Tommi Jyry,2024,RO1R,9465,False,9,9,0,763,0,1,14,7,0
464308,Tommi Jyry,2024,RO1,9465,False,30,29,0,2411,1,2,32,8,4
464308,Tommi Jyry,2023,RO1R,9465,False,9,7,0,339,1,0,5,2,1
464308,Tommi Jyry,2023,RO1,9465,False,6,4,0,79,0,0,2,1,0
464308,Tommi Jyry,2022,FIS,8042,False,3,1,0,90,0,0,0,0,1
464308,Tommi Jyry,2022,FIL,8042,False,6,6,0,518,1,0,0,0,1
464308,Tommi Jyry,2022,FI1,8042,False,22,21,0,1802,4,6,30,12,4
464308,Tommi Jyry,2022,F1CL,8042,False,5,4,0,218,0,0,3,1,1
464308,Tommi Jyry,2022,F1CE,8042,False,1,1,0,120,0,0,4,2,0
464308,Tommi Jyry,2022,ECLQ,8042,False,2,2,0,180,0,0,0,0,0
464308,Tommi Jyry,2021,FIS,8042,False,5,4,0,357,0,0,0,0,0
464308,Tommi Jyry,2021,FIL,8042,False,6,6,0,492,0,0,0,0,0
464308,Tommi Jyry,2021,FI1,8042,False,22,22,0,1889,5,2,0,0,3
464308,Tommi Jyry,2021,F1CL,8042,False,5,5,0,428,0,0,0,0,0
464308,Tommi Jyry,2021,F1CE,8042,False,1,0,0,0,0,0,0,0,0
464308,Tommi Jyry,2021,ECLQ,6251,False,8,1,0,26,0,0,0,0,0
464308,Tommi Jyry,2020,FIS,6251,False,6,3,0,73,0,0,0,0,1
464308,Tommi Jyry,2020,FI3A,24753,False,3,3,0,225,3,0,0,0,0
464308,Tommi Jyry,2020,FI1,6251,False,22,5,0,108,0,1,0,0,0
464308,Tommi Jyry,2020,F1CL,6251,False,5,1,0,20,0,0,0,0,0
464308,Tommi Jyry,2020,ELQ,6251,False,3,0,3,0,0,0,0,0,0
464308,Tommi Jyry,2020,CLQ,6251,False,1,0,1,0,0,0,0,0,0
464308,Tommi Jyry,2019,FIS,6251,False,7,1,0,71,1,0,0,0,0
464308,Tommi Jyry,2019,FI1,6251,False,22,0,22,0,0,0,0,0,0
464308,Tommi Jyry,2019,ELQ,6251,False,4,2,0,23,0,0,0,0,0
464308,Tommi Jyry,2018,FIS,6251,False,5,4,0,185,1,0,0,0,0
464308,Tommi Jyry,2018,FI1,6251,False,22,17,0,1022,1,1,0,0,0
464308,Tommi Jyry,2018,F1CL,6251,False,5,5,0,404,0,0,0,0,0
464308,Tommi Jyry,2017,FIS,20924,False,5,4,0,272,0,0,0,0,0
464308,Tommi Jyry,2017,FI2,20924,False,27,24,0,1931,1,5,0,0,0
464308,Tommi Jyry,2016,POFI,20924,False,2,2,0,90,0,0,0,0,0
464308,Tommi Jyry,2016,FJE,36265,False,18,14,0,1233,1,0,0,0,1
464308,Tommi Jyry,2016,FIS,20924,False,5,2,0,53,0,0,0,0,0
464308,Tommi Jyry,2016,FINJ,36265,False,6,2,0,180,1,0,0,0,0
464308,Tommi Jyry,2016,FI1,20924,False,33,3,0,149,0,0,0,0,0
491703,Valentín Gasc,2026,ELQ,6251,False,2,2,0,126,1,0,0,0,0
491703,Valentín Gasc,2026,CLQ,6251,False,4,4,0,350,0,0,0,0,1
491703,Valentín Gasc,2025,UCOL,6251,False,2,2,0,180,0,0,2,0,0
491703,Valentín Gasc,2025,FIS,6251,False,3,3,0,270,0,0,0,0,0
491703,Valentín Gasc,2025,FIL,6251,False,5,2,0,90,0,0,0,0,1
491703,Valentín Gasc,2025,FI1,6251,False,20,18,0,1391,2,1,23,7,5
491703,Valentín Gasc,2025,ECLQ,23777,False,2,2,0,180,0,0,0,0,0
491703,Valentín Gasc,2024,FIS,23777,False,3,2,0,179,2,0,0,0,0
491703,Valentín Gasc,2024,FIL,23777,False,5,5,0,329,0,0,0,0,2
491703,Valentín Gasc,2024,FI1,23777,False,22,21,0,1679,1,1,19,8,4
491703,Valentín Gasc,2024,F1CL,23777,False,10,10,0,715,1,1,8,2,1
491703,Valentín Gasc,2023,FIS,23777,False,6,5,0,373,0,1,0,0,1
491703,Valentín Gasc,2023,FIL,23777,False,5,5,0,392,1,1,0,0,3
491703,Valentín Gasc,2023,FI1,23777,False,22,19,0,1541,2,6,23,6,4
491703,Valentín Gasc,2023,F1CL,23777,False,5,4,0,310,0,0,1,0,3
491703,Valentín Gasc,2023,F1CE,23777,False,2,2,0,180,0,0,6,3,0
491703,Valentín Gasc,2022,FIS,23777,False,2,1,0,31,0,0,0,0,1
491703,Valentín Gasc,2022,FIL,23777,False,5,5,0,240,0,0,0,0,2
491703,Valentín Gasc,2022,FI1,23777,False,22,21,0,1739,1,2,15,6,4
491703,Valentín Gasc,2022,F1CL,23777,False,5,5,0,405,1,0,1,1,3
491703,Valentín Gasc,2022,F1CE,23777,False,1,1,0,105,1,0,2,1,1
491703,Valentín Gasc,2022,ECLQ,23777,False,3,0,0,0,0,0,0,0,0
491703,Valentín Gasc,2021,YKCP,45310,False,4,3,0,166,0,0,0,0,0
491703,Valentín Gasc,2021,YKAB,45310,False,5,5,0,445,1,2,0,0,2
491703,Valentín Gasc,2021,FIS,45310,False,3,2,0,180,1,0,0,0,0
491703,Valentín Gasc,2021,FI2,45310,False,22,12,0,1008,5,1,0,0,4
491703,Valentín Gasc,2021,FI1,23777,False,10,6,0,96,0,0,0,0,0
491703,Valentín Gasc,2021,F1CL,23777,False,5,0,0,0,0,0,0,0,0
491703,Valentín Gasc,2021,F1CE,23777,False,1,0,0,0,0,0,0,0,0
491703,Valentín Gasc,2020,KCUP,45310,False,1,1,0,79,0,0,0,0,0
491703,Valentín Gasc,2020,FI3C,45310,False,22,22,0,1286,4,0,0,0,1
491703,Valentín Gasc,2016,SAM7,25501,True,4,2,0,160,0,0,0,0,0
190456,Jerry Voutilainen,2026,ELQ,6251,False,2,0,0,0,0,0,0,0,0
190456,Jerry Voutilainen,2026,CLQ,6251,False,4,0,0,0,0,0,0,0,0
190456,Jerry Voutilainen,2025,UCOL,6251,False,8,4,0,120,0,1,1,0,0
190456,Jerry Voutilainen,2025,FIS,6251,False,3,0,0,0,0,0,0,0,0
190456,Jerry Voutilainen,2025,FIL,6251,False,5,0,0,0,0,0,0,0,0
190456,Jerry Voutilainen,2025,FI1,6251,False,20,0,0,0,0,0,0,0,0
190456,Jerry Voutilainen,2025,ELQ,6251,False,4,4,0,166,0,0,0,0,0
190456,Jerry Voutilainen,2025,CLQ,6251,False,4,4,0,68,0,0,0,0,0
190456,Jerry Voutilainen,2024,FIS,6251,False,5,2,0,72,1,1,0,0,0
190456,Jerry Voutilainen,2024,FIL,6251,False,6,2,0,53,0,1,0,0,0
190456,Jerry Voutilainen,2024,FI1,6251,False,22,16,0,713,0,1,8,0,3
190456,Jerry Voutilainen,2024,F1CL,6251,False,10,6,0,332,0,2,4,1,0
190456,Jerry Voutilainen,2024,ECLQ,6251,False,4,3,0,90,0,1,0,0,0
190456,Jerry Voutilainen,2023,FIYK,95361,False,1,1,0,85,0,0,0,0,0
190456,Jerry Voutilainen,2023,FIS,6251,False,5,5,0,311,0,1,0,0,1
190456,Jerry Voutilainen,2023,FIL,6251,False,7,0,0,0,0,0,0,0,0
190456,Jerry Voutilainen,2023,FI1,6251,False,22,15,0,487,0,1,9,2,0
190456,Jerry Voutilainen,2023,F1CL,6251,False,5,2,0,18,0,0,0,0,0
190456,Jerry Voutilainen,2023,ECLQ,5411,False,2,0,2,0,0,0,0,0,0
190456,Jerry Voutilainen,2022,FIS,5411,False,5,0,5,0,0,0,0,0,0
190456,Jerry Voutilainen,2022,FIL,5411,False,5,5,0,309,0,0,0,0,0
190456,Jerry Voutilainen,2022,FI1,5411,False,22,4,18,299,0,1,1,0,0
190456,Jerry Voutilainen,2022,F1CL,5411,False,5,0,5,0,0,0,0,0,0
190456,Jerry Voutilainen,2022,F1CE,5411,False,4,0,4,0,0,0,0,0,0
190456,Jerry Voutilainen,2021,FIS,5411,False,1,1,0,3,0,0,0,0,0
190456,Jerry Voutilainen,2021,FIL,5411,False,6,6,0,225,0,1,0,0,0
190456,Jerry Voutilainen,2021,FI1,5411,False,22,21,0,1710,6,1,0,0,2
190456,Jerry Voutilainen,2021,F1CL,5411,False,5,5,0,314,0,2,0,0,1
190456,Jerry Voutilainen,2021,ECLQ,5411,False,4,2,0,106,0,0,0,0,1
190456,Jerry Voutilainen,2020,FIS,5411,False,6,1,0,9,0,0,0,0,0
190456,Jerry Voutilainen,2020,FI1,5411,False,22,9,0,501,1,0,0,0,0
190456,Jerry Voutilainen,2020,F1CC,5411,False,5,4,0,322,3,0,0,0,2
190456,Jerry Voutilainen,2020,ELQ,5411,False,1,1,0,90,0,0,0,0,0
190456,Jerry Voutilainen,2019,FIS,5411,False,7,7,0,268,0,0,0,0,1
190456,Jerry Voutilainen,2019,FI1,5411,False,22,21,0,1250,0,2,0,0,2
190456,Jerry Voutilainen,2018,FIS,1102,False,8,7,0,648,2,1,0,0,0
190456,Jerry Voutilainen,2018,FI1,1102,False,22,17,1,1414,0,1,0,0,7
190456,Jerry Voutilainen,2018,F1CC,1102,False,5,4,0,314,0,2,0,0,2
190456,Jerry Voutilainen,2017,FIS,1102,False,6,5,0,346,0,0,0,0,0
190456,Jerry Voutilainen,2017,FI1,1102,False,33,26,0,2169,0,3,0,0,5
190456,Jerry Voutilainen,2017,ELQ,1102,False,4,4,0,337,1,0,0,0,0
190456,Jerry Voutilainen,2016,FIS,1102,False,6,6,0,519,1,1,0,0,0
190456,Jerry Voutilainen,2016,FI1,1102,False,33,26,0,1922,0,1,0,0,7
190456,Jerry Voutilainen,2015,U21Q,20796,True,2,0,0,0,0,0,0,0,0
190456,Jerry Voutilainen,2015,FIS,1102,False,2,1,0,7,0,0,0,0,0
190456,Jerry Voutilainen,2015,FIL,1102,False,5,1,0,21,1,0,0,0,0
190456,Jerry Voutilainen,2015,FI1,1102,False,33,25,0,1245,2,1,0,0,4
190456,Jerry Voutilainen,2015,ELQ,1102,False,2,0,1,0,0,0,0,0,0
190456,Jerry Voutilainen,2014,FS,20796,True,8,5,0,376,0,0,0,0,0
190456,Jerry Voutilainen,2014,FS,20795,True,1,1,0,14,0,0,0,0,0
190456,Jerry Voutilainen,2014,FIS,1102,False,1,0,0,0,0,0,0,0,0
190456,Jerry Voutilainen,2014,FIL,1102,False,5,3,0,270,0,0,0,0,2
190456,Jerry Voutilainen,2014,FI1,1102,False,33,18,11,1343,2,1,0,0,4
190456,Jerry Voutilainen,2013,U19Q,20794,True,1,1,0,45,0,0,0,0,0
190456,Jerry Voutilainen,2013,FS,20794,True,1,1,0,62,0,0,0,0,0
190456,Jerry Voutilainen,2013,FIS,6251,False,3,2,0,180,0,0,0,0,0
190456,Jerry Voutilainen,2013,FIL,6251,False,5,5,0,381,0,0,0,0,0
190456,Jerry Voutilainen,2013,FI1,6251,False,33,28,0,1798,0,2,0,0,0
190456,Jerry Voutilainen,2012,FS,20794,True,3,1,0,45,0,0,0,0,0
190456,Jerry Voutilainen,2012,FS,20793,True,3,1,0,90,0,0,0,0,0
190456,Jerry Voutilainen,2012,FIS,6251,False,4,3,0,151,1,0,0,0,1
190456,Jerry Voutilainen,2012,FIL,6251,False,8,8,0,662,1,0,0,0,1
190456,Jerry Voutilainen,2012,FI1,6251,False,33,13,0,817,0,3,0,0,2
190456,Jerry Voutilainen,2012,ELQ,6251,False,6,1,0,5,0,0,0,0,0
190456,Jerry Voutilainen,2011,U17Q,20792,True,3,3,0,189,1,0,0,0,1
190456,Jerry Voutilainen,2011,FS,20793,True,2,1,0,60,0,0,0,0,0
190456,Jerry Voutilainen,2011,FIS,6251,False,5,2,0,96,0,0,0,0,0
190456,Jerry Voutilainen,2011,FINJ,19331,False,10,3,0,268,1,0,0,0,0
190456,Jerry Voutilainen,2011,FIL,6251,False,7,5,0,188,1,0,0,0,0
190456,Jerry Voutilainen,2011,FI1,6251,False,33,17,0,642,3,0,0,0,1
190456,Jerry Voutilainen,2010,FS,20792,True,3,1,0,56,0,0,0,0,0
190456,Jerry Voutilainen,2010,FI1,6251,False,2,2,0,53,0,0,0,0,0
716895,Niilo Kujasalo,2026,ELQ,6251,False,2,0,0,0,0,0,0,0,0
716895,Niilo Kujasalo,2026,CLQ,6251,False,4,3,0,33,0,0,0,0,0
716895,Niilo Kujasalo,2025,UCOL,6251,False,2,2,0,180,0,0,2,0,0
716895,Niilo Kujasalo,2025,U21Q,20796,True,7,3,0,41,0,0,0,0,0
716895,Niilo Kujasalo,2025,FS,20796,True,2,1,0,30,0,0,0,0,0
716895,Niilo Kujasalo,2025,FIS,6251,False,3,2,0,135,0,0,0,0,0
716895,Niilo Kujasalo,2025,FIL,6251,False,5,2,0,122,0,0,0,0,0
716895,Niilo Kujasalo,2025,FI1,6251,False,20,12,0,609,0,0,3,0,1
716895,Niilo Kujasalo,2024,UCOL,1008,False,6,0,0,0,0,0,0,0,0
716895,Niilo Kujasalo,2024,FIS,6017,False,4,4,0,177,0,0,0,0,1
716895,Niilo Kujasalo,2024,FIL,6017,False,5,5,0,424,0,0,0,0,0
716895,Niilo Kujasalo,2024,FI1,6017,False,22,22,0,1869,2,2,31,8,1
716895,Niilo Kujasalo,2024,F1CC,6017,False,5,5,0,432,0,1,3,1,1
716895,Niilo Kujasalo,2024,ECLQ,1008,False,4,0,0,0,0,0,0,0,0
716895,Niilo Kujasalo,2024,CLQ,1008,False,2,0,0,0,0,0,0,0,0
716895,Niilo Kujasalo,2023,FIYK,11131,False,6,6,0,375,2,0,0,0,0
716895,Niilo Kujasalo,2023,FIS,1008,False,2,0,0,0,0,0,0,0,0
716895,Niilo Kujasalo,2023,FIL,1008,False,5,0,0,0,0,0,0,0,0
716895,Niilo Kujasalo,2023,FI3P,11131,False,3,3,0,260,0,0,0,0,1
716895,Niilo Kujasalo,2023,FI1,1008,False,22,0,0,0,0,0,0,0,0
716895,Niilo Kujasalo,2023,F1CL,1008,False,5,0,0,0,0,0,0,0,0
716895,Niilo Kujasalo,2022,YKAB,8043,False,5,5,0,450,0,0,0,0,2
716895,Niilo Kujasalo,2022,U19Q,20794,True,3,3,0,266,0,1,0,0,0
716895,Niilo Kujasalo,2022,FS,20794,True,3,2,0,176,0,0,0,0,0
716895,Niilo Kujasalo,2022,FIS,8043,False,4,4,0,315,0,1,0,0,0
716895,Niilo Kujasalo,2022,FIL,1008,False,6,3,0,208,0,0,0,0,0
716895,Niilo Kujasalo,2022,FI2,8043,False,21,20,0,1760,3,5,0,0,1
716895,Niilo Kujasalo,2022,FI1,1008,False,3,0,0,0,0,0,0,0,0
716895,Niilo Kujasalo,2022,ELQ,1008,False,4,0,0,0,0,0,0,0,0
716895,Niilo Kujasalo,2022,EL,1008,False,6,0,0,0,0,0,0,0,0
716895,Niilo Kujasalo,2022,CLQ,1008,False,4,0,0,0,0,0,0,0,0
716895,Niilo Kujasalo,2021,KP3B,11131,False,3,2,0,177,1,0,0,0,0
716895,Niilo Kujasalo,2021,FS,20793,True,6,6,0,327,0,0,0,0,0
716895,Niilo Kujasalo,2021,FIS,11131,False,3,2,0,180,0,0,0,0,0
716895,Niilo Kujasalo,2021,FIS,1008,False,2,0,0,0,0,0,0,0,0
716895,Niilo Kujasalo,2021,FIL,1008,False,1,1,0,90,0,0,0,0,0
716895,Niilo Kujasalo,2021,FI3B,11131,False,24,23,0,2005,2,0,0,0,1
716895,Niilo Kujasalo,2021,FI1,1008,False,22,0,0,0,0,0,0,0,0
716895,Niilo Kujasalo,2021,F1CL,1008,False,5,0,0,0,0,0,0,0,0
716895,Niilo Kujasalo,2019,FS,20791,True,6,4,0,177,0,0,0,0,0
716895,Niilo Kujasalo,2018,FS,34682,True,3,3,0,179,0,0,0,0,0
694402,Saikou Touray,2026,ELQ,6251,False,2,2,0,180,0,0,0,0,0
694402,Saikou Touray,2026,CLQ,6251,False,4,4,0,219,0,0,0,0,1
694402,Saikou Touray,2025,FRC,2972,False,4,3,0,163,0,0,0,0,1
694402,Saikou Touray,2025,FR3,2972,False,22,13,0,722,0,1,0,0,4
694402,Saikou Touray,2025,FI1,6251,False,5,3,0,174,0,0,3,2,0
694402,Saikou Touray,2024,FS,6186,True,1,1,0,61,0,0,0,0,1
694402,Saikou Touray,2024,FRC,1290,False,3,2,0,160,0,0,0,0,0
694402,Saikou Touray,2024,FR2,1290,False,34,14,8,733,0,0,13,3,2
694402,Saikou Touray,2023,WMQ2,6186,True,2,0,0,0,0,0,0,0,0
694402,Saikou Touray,2023,FRC,1290,False,2,0,2,0,0,0,0,0,0
694402,Saikou Touray,2023,FR2,1290,False,38,21,9,752,2,1,9,2,3
694402,Saikou Touray,2022,IRLP,1064,False,1,0,0,0,0,0,0,0,0
694402,Saikou Touray,2022,FRC,1290,False,6,3,1,244,0,0,2,0,0
694402,Saikou Touray,2022,FR2,1290,False,38,26,1,1464,0,2,12,3,7
694402,Saikou Touray,2021,ISRA,810,False,7,4,0,219,0,1,0,0,1
694402,Saikou Touray,2021,ISR1,810,False,26,20,4,1245,0,1,0,0,4
694402,Saikou Touray,2021,ISPO,810,False,5,4,1,231,0,0,0,0,1
694402,Saikou Touray,2021,CLQ,1064,False,2,0,0,0,0,0,0,0,0
694402,Saikou Touray,2020,ISRF,6028,False,10,8,1,605,0,1,0,0,3
694402,Saikou Touray,2020,ISR1,6028,False,24,20,0,1365,0,4,0,0,3
694402,Saikou Touray,2020,ISR1,1064,False,2,2,0,7,0,0,0,0,0
694402,Saikou Touray,2020,ISPO,6028,False,1,1,0,45,0,0,0,0,1
694402,Saikou Touray,2020,ELQ,1064,False,4,0,0,0,0,0,0,0,0
694402,Saikou Touray,2019,ISRA,30062,False,6,0,0,0,0,0,0,0,0
694402,Saikou Touray,2019,ISR1,30062,False,26,23,3,1918,2,4,0,0,5
694402,Saikou Touray,2019,ISPO,30062,False,1,0,0,0,0,0,0,0,0
694402,Saikou Touray,2019,ELQ,1064,False,4,0,0,0,0,0,0,0,0
47703,Petteri Pennanen,2026,ELQ,6251,False,2,1,0,90,0,0,0,0,0
47703,Petteri Pennanen,2026,CLQ,6251,False,4,4,0,381,0,0,0,0,1
47703,Petteri Pennanen,2025,UCOL,6251,False,8,8,0,587,0,0,8,3,2
47703,Petteri Pennanen,2025,FIS,6251,False,3,1,0,90,0,0,0,0,0
47703,Petteri Pennanen,2025,FIL,6251,False,5,2,0,152,1,0,0,0,0
47703,Petteri Pennanen,2025,FI1,6251,False,20,16,0,1266,4,2,32,9,1
47703,Petteri Pennanen,2025,ELQ,6251,False,4,4,0,282,1,0,2,1,1
47703,Petteri Pennanen,2025,CLQ,6251,False,4,4,0,302,0,0,0,0,0
47703,Petteri Pennanen,2024,FIS,6251,False,5,5,0,324,0,1,0,0,1
47703,Petteri Pennanen,2024,FIL,6251,False,6,3,0,208,0,0,0,0,1
47703,Petteri Pennanen,2024,FI1,6251,False,22,22,0,1339,6,0,44,19,2
47703,Petteri Pennanen,2024,F1CL,6251,False,10,9,0,528,1,1,13,4,1
47703,Petteri Pennanen,2024,ECLQ,6251,False,4,4,0,313,0,0,0,0,0
47703,Petteri Pennanen,2023,INSC,76364,False,3,0,0,0,0,0,0,0,0
47703,Petteri Pennanen,2023,INDC,76364,False,3,0,0,0,0,0,0,0,0
47703,Petteri Pennanen,2023,IND1,76364,False,17,11,0,834,1,0,15,6,1
47703,Petteri Pennanen,2023,FIS,6251,False,5,3,0,284,3,1,0,0,1
47703,Petteri Pennanen,2023,FIL,6251,False,2,2,0,147,0,1,0,0,0
47703,Petteri Pennanen,2023,FI1,6251,False,22,21,0,1522,5,4,41,16,2
47703,Petteri Pennanen,2023,F1CL,6251,False,5,5,0,368,2,0,9,5,1
47703,Petteri Pennanen,2022,FIS,3189,False,5,5,0,280,3,1,0,0,0
47703,Petteri Pennanen,2022,FIL,3189,False,5,5,0,412,1,0,0,0,1
47703,Petteri Pennanen,2022,FI1,3189,False,16,12,0,1048,4,0,22,9,3
47703,Petteri Pennanen,2021,FIS,3189,False,2,0,0,0,0,0,0,0,0
47703,Petteri Pennanen,2021,FIL,3189,False,4,3,0,263,1,0,0,0,1
47703,Petteri Pennanen,2021,FI1,3189,False,22,22,0,1980,8,6,0,0,2
47703,Petteri Pennanen,2021,F1CC,3189,False,5,4,0,360,1,2,0,0,2
47703,Petteri Pennanen,2020,USL,40835,False,32,22,0,1500,0,1,16,2,5
47703,Petteri Pennanen,2020,ELQ,6251,False,3,3,0,300,0,0,0,0,1
47703,Petteri Pennanen,2020,CLQ,6251,False,1,1,0,90,0,0,0,0,0
47703,Petteri Pennanen,2019,IN1L,59553,False,3,3,0,270,0,0,0,0,2
47703,Petteri Pennanen,2019,FI1,6251,False,18,18,0,1357,3,0,0,0,3
47703,Petteri Pennanen,2019,ELQ,6251,False,4,4,0,360,0,0,0,0,0
47703,Petteri Pennanen,2018,FIS,6251,False,5,5,0,405,0,0,0,0,1
47703,Petteri Pennanen,2018,FI1,6251,False,22,22,0,1909,5,9,0,0,1
47703,Petteri Pennanen,2018,F1CL,6251,False,5,5,0,450,1,0,0,0,2
47703,Petteri Pennanen,2018,ELQ,6251,False,2,2,0,180,0,0,0,0,0
47703,Petteri Pennanen,2017,FIS,6251,False,6,5,0,450,5,1,0,0,0
47703,Petteri Pennanen,2017,FI1,6251,False,33,33,0,2931,12,6,0,0,4
47703,Petteri Pennanen,2016,PL2,8936,False,16,14,0,795,0,1,0,0,0
47703,Petteri Pennanen,2016,FI1,6251,False,17,17,0,1496,1,6,0,0,2
47703,Petteri Pennanen,2015,FIS,6251,False,4,4,0,345,0,0,0,0,1
47703,Petteri Pennanen,2015,FIL,6251,False,5,3,0,200,0,0,0,0,0
47703,Petteri Pennanen,2015,FI1,6251,False,33,32,0,2627,7,3,0,0,2
47703,Petteri Pennanen,2014,FIS,6251,False,5,4,1,341,4,0,0,0,0
47703,Petteri Pennanen,2014,FIL,6251,False,4,1,0,90,1,0,0,0,0
47703,Petteri Pennanen,2014,FI1,6251,False,33,9,24,790,1,2,0,0,3
47703,Petteri Pennanen,2014,ELQ,3776,False,2,0,0,0,0,0,0,0,0
47703,Petteri Pennanen,2013,FIS,3776,False,2,1,0,11,0,0,0,0,0
47703,Petteri Pennanen,2013,FIL,3776,False,4,4,0,304,0,0,0,0,1
47703,Petteri Pennanen,2013,FI1,3776,False,33,7,0,573,2,0,0,0,0
47703,Petteri Pennanen,2013,ELQ,2275,False,2,2,0,180,0,1,0,0,0
47703,Petteri Pennanen,2012,FS,3443,True,2,1,0,21,0,0,0,0,0
47703,Petteri Pennanen,2012,FIS,2275,False,1,1,0,120,0,0,0,0,1
47703,Petteri Pennanen,2012,FIL,2275,False,8,7,0,669,4,0,0,0,0
47703,Petteri Pennanen,2012,FI1,2275,False,33,32,0,2880,5,4,0,0,2
47703,Petteri Pennanen,2011,U21Q,20796,True,8,7,0,612,0,0,0,0,2
47703,Petteri Pennanen,2011,FIS,2275,False,1,1,0,120,0,0,0,0,0
47703,Petteri Pennanen,2011,FIL,2275,False,9,8,0,750,2,0,0,0,0
47703,Petteri Pennanen,2011,FI1,2275,False,33,27,0,2231,6,5,0,0,1
47703,Petteri Pennanen,2011,ELQ,2275,False,2,2,0,180,0,0,0,0,0
47703,Petteri Pennanen,2010,FS,20796,True,3,3,0,155,0,0,0,0,0
47703,Petteri Pennanen,2010,FS,20795,True,1,1,0,75,0,0,0,0,0
47703,Petteri Pennanen,2010,FIL,2275,False,1,0,0,0,0,0,0,0,0
47703,Petteri Pennanen,2010,FI1,2275,False,33,32,0,2666,1,5,0,0,6
47703,Petteri Pennanen,2008,U19Q,20794,True,5,4,0,256,0,0,0,0,0
47703,Petteri Pennanen,2008,FS,20794,True,2,2,0,180,0,0,0,0,0
47703,Petteri Pennanen,2007,POFI,6251,False,2,0,0,0,0,0,0,0,0
47703,Petteri Pennanen,2007,FIS,6251,False,1,0,0,0,0,0,0,0,0
47703,Petteri Pennanen,2007,FI1,6251,False,26,17,0,656,0,0,0,0,0
47703,Petteri Pennanen,2006,U17Q,20792,True,6,1,0,80,0,0,0,0,0
47703,Petteri Pennanen,2006,FS,20792,True,2,0,0,0,0,0,0,0,0
47703,Petteri Pennanen,2006,FI2,6251,False,11,10,0,203,0,0,0,0,0
937985,Samuel Pasanen,2026,ELQ,6251,False,2,0,0,0,0,0,0,0,0
937985,Samuel Pasanen,2026,CLQ,6251,False,4,0,0,0,0,0,0,0,0
937985,Samuel Pasanen,2025,UCOL,6251,False,8,3,0,89,0,0,0,0,0
937985,Samuel Pasanen,2025,U21Q,20796,True,1,0,0,0,0,0,0,0,0
937985,Samuel Pasanen,2025,FIS,6251,False,3,0,0,0,0,0,0,0,0
937985,Samuel Pasanen,2025,FIL,6251,False,5,0,0,0,0,0,0,0,0
937985,Samuel Pasanen,2025,FI1,6251,False,20,0,0,0,0,0,0,0,0
937985,Samuel Pasanen,2025,ELQ,6251,False,4,3,0,150,0,0,1,0,0
937985,Samuel Pasanen,2025,CLQ,6251,False,4,1,3,7,0,0,0,0,0
937985,Samuel Pasanen,2024,U19Q,20794,True,3,2,0,180,0,1,0,0,0
937985,Samuel Pasanen,2024,FS,20794,True,2,2,0,95,0,0,0,0,0
937985,Samuel Pasanen,2024,FIS,6251,False,5,1,3,25,0,0,0,0,1
937985,Samuel Pasanen,2024,FIL,6251,False,6,0,6,0,0,0,0,0,0
937985,Samuel Pasanen,2024,FI1,6251,False,22,4,17,196,1,0,7,3,0
937985,Samuel Pasanen,2024,F1CL,6251,False,10,10,0,561,0,1,7,3,0
937985,Samuel Pasanen,2023,POFI,2925,False,2,1,0,56,0,0,0,0,0
937985,Samuel Pasanen,2023,FS,20793,True,4,4,0,207,1,0,0,0,0
937985,Samuel Pasanen,2023,FIS,2925,False,3,3,0,256,0,1,0,0,0
937985,Samuel Pasanen,2023,FIL,2925,False,6,6,0,291,1,2,0,0,0
937985,Samuel Pasanen,2023,FI3A,4024,False,1,1,0,79,0,0,0,0,0
937985,Samuel Pasanen,2023,FI1,2925,False,22,18,0,1176,1,3,9,1,5
937985,Samuel Pasanen,2023,F1CC,2925,False,5,5,0,345,2,0,8,5,0
937985,Samuel Pasanen,2022,U17Q,20792,True,6,5,0,433,0,0,0,0,1
937985,Samuel Pasanen,2022,FS,20793,True,3,1,0,60,0,0,0,0,0
937985,Samuel Pasanen,2022,FS,20792,True,6,5,0,328,3,0,0,0,0
937985,Samuel Pasanen,2022,FIS,4024,False,1,0,0,0,0,0,0,0,0
937985,Samuel Pasanen,2022,FIS,2925,False,3,3,0,233,0,1,0,0,0
937985,Samuel Pasanen,2022,FIL,2925,False,5,5,0,170,0,0,0,0,0
937985,Samuel Pasanen,2022,FIKP,4024,False,1,1,0,76,0,0,0,0,0
937985,Samuel Pasanen,2022,FI3A,4024,False,19,3,0,211,0,0,0,0,1
937985,Samuel Pasanen,2022,FI1,2925,False,22,13,0,494,0,0,4,1,1
937985,Samuel Pasanen,2022,F1CC,2925,False,5,3,0,172,0,0,5,3,0
937985,Samuel Pasanen,2021,POFI,2925,False,2,0,0,0,0,0,0,0,0
937985,Samuel Pasanen,2021,FS,20792,True,1,1,0,85,0,0,0,0,0
937985,Samuel Pasanen,2021,FS,20791,True,5,5,0,297,1,0,0,0,0
937985,Samuel Pasanen,2021,FIS,2925,False,6,3,0,139,0,0,0,0,0
937985,Samuel Pasanen,2021,FIL,2925,False,3,3,0,125,0,0,0,0,0
937985,Samuel Pasanen,2021,FI3A,4024,False,7,4,0,75,1,0,0,0,1
937985,Samuel Pasanen,2021,FI1,2925,False,22,1,0,57,0,0,0,0,0
937985,Samuel Pasanen,2021,F1CC,2925,False,5,2,0,66,2,0,0,0,0
937985,Samuel Pasanen,2020,FINJ,23164,False,1,1,0,45,0,0,0,0,0
511780,Arttu Heinonen,2026,ELQ,6251,False,2,1,0,17,0,0,0,0,0
511780,Arttu Heinonen,2026,CLQ,6251,False,4,0,0,0,0,0,0,0,0
511780,Arttu Heinonen,2025,UCOL,6251,False,8,1,0,11,0,0,0,0,0
511780,Arttu Heinonen,2025,FIS,6251,False,3,1,0,1,0,0,0,0,0
511780,Arttu Heinonen,2025,FIL,6251,False,5,0,0,0,0,0,0,0,0
511780,Arttu Heinonen,2025,FI1,6251,False,20,11,0,245,1,0,2,2,0
511780,Arttu Heinonen,2025,ELQ,6251,False,4,0,0,0,0,0,0,0,0
511780,Arttu Heinonen,2025,CLQ,6251,False,4,3,0,30,0,0,0,0,0
511780,Arttu Heinonen,2024,FIS,6251,False,5,2,0,70,0,1,0,0,0
511780,Arttu Heinonen,2024,FIL,6251,False,6,4,0,160,1,0,0,0,1
511780,Arttu Heinonen,2024,FI1,6251,False,22,17,0,608,0,2,23,9,2
511780,Arttu Heinonen,2024,F1CL,6251,False,10,0,0,0,0,0,0,0,0
511780,Arttu Heinonen,2024,ECLQ,6251,False,4,3,0,101,1,0,0,0,0
511780,Arttu Heinonen,2023,FIS,6251,False,5,5,0,188,0,2,0,0,1
511780,Arttu Heinonen,2023,FIL,6251,False,7,6,0,299,1,0,0,0,0
511780,Arttu Heinonen,2023,FI1,6251,False,22,18,0,594,4,0,19,7,1
511780,Arttu Heinonen,2023,F1CL,6251,False,5,5,0,113,1,0,3,1,0
511780,Arttu Heinonen,2023,ECLQ,6251,False,2,2,0,73,0,0,0,0,0
511780,Arttu Heinonen,2022,FIS,6251,False,3,3,0,139,0,0,0,0,0
511780,Arttu Heinonen,2022,FIL,6251,False,6,3,0,145,0,0,0,0,0
511780,Arttu Heinonen,2022,FI1,6251,False,22,17,0,551,5,1,10,7,1
511780,Arttu Heinonen,2022,F1CL,6251,False,5,3,0,147,0,0,4,0,0
511780,Arttu Heinonen,2021,POFI,2925,False,2,0,0,0,0,0,0,0,0
511780,Arttu Heinonen,2021,FIS,2925,False,6,3,0,225,0,0,0,0,1
511780,Arttu Heinonen,2021,FIL,2925,False,3,3,0,192,0,1,0,0,0
511780,Arttu Heinonen,2021,FI3A,4024,False,1,1,0,90,0,0,0,0,0
511780,Arttu Heinonen,2021,FI1,2925,False,22,15,0,769,0,1,0,0,3
511780,Arttu Heinonen,2021,F1CC,2925,False,5,4,0,176,1,0,0,0,0
511780,Arttu Heinonen,2021,ECLQ,6251,False,8,3,0,102,0,0,0,0,0
511780,Arttu Heinonen,2020,FIS,6251,False,6,5,0,186,1,1,0,0,1
511780,Arttu Heinonen,2020,FI3A,24753,False,1,1,0,90,1,0,0,0,0
511780,Arttu Heinonen,2020,FI1,6251,False,22,11,0,483,1,2,0,0,2
511780,Arttu Heinonen,2020,F1CL,6251,False,5,2,0,83,0,0,0,0,0
511780,Arttu Heinonen,2020,ELQ,6251,False,3,1,0,14,0,0,0,0,0
511780,Arttu Heinonen,2020,CLQ,6251,False,1,0,0,0,0,0,0,0,0
511780,Arttu Heinonen,2019,FIS,6251,False,7,6,0,215,0,0,0,0,1
511780,Arttu Heinonen,2019,FI3C,24753,False,6,6,0,517,5,0,0,0,2
511780,Arttu Heinonen,2019,FI1,6251,False,22,7,0,221,0,1,0,0,0
511780,Arttu Heinonen,2019,ELQ,6251,False,4,0,0,0,0,0,0,0,0
511780,Arttu Heinonen,2018,FJE,19331,False,18,4,0,312,3,0,0,0,1
511780,Arttu Heinonen,2018,FIS,6251,False,5,0,0,0,0,0,0,0,0
511780,Arttu Heinonen,2018,FINJ,19331,False,9,6,0,443,5,0,0,0,0
511780,Arttu Heinonen,2018,FIKP,24753,False,1,1,0,90,0,0,0,0,0
511780,Arttu Heinonen,2018,FI3C,24753,False,14,14,0,1179,9,0,0,0,0
511780,Arttu Heinonen,2018,FI1,6251,False,22,8,0,80,0,0,0,0,0
511780,Arttu Heinonen,2018,F1CL,6251,False,5,0,0,0,0,0,0,0,0
511780,Arttu Heinonen,2017,FJE,19331,False,1,1,0,90,1,0,0,0,0
511780,Arttu Heinonen,2017,FI3C,24753,False,22,12,0,1018,4,1,0,0,0
511780,Arttu Heinonen,2016,FI3C,22399,False,22,11,0,787,3,0,0,0,2
741585,Aaro Toivonen,2026,ELQ,6251,False,2,0,0,0,0,0,0,0,0
741585,Aaro Toivonen,2026,CLQ,6251,False,4,0,0,0,0,0,0,0,0
741585,Aaro Toivonen,2025,YKCP,7315,False,6,0,0,0,0,0,0,0,0
741585,Aaro Toivonen,2025,FIYK,95361,False,1,1,0,90,0,0,0,0,0
741585,Aaro Toivonen,2025,FIS,6251,False,3,0,0,0,0,0,0,0,0
741585,Aaro Toivonen,2025,FI1,6251,False,20,0,0,0,0,0,0,0,0
741585,Aaro Toivonen,2024,YKCP,11131,False,1,1,0,27,0,0,0,0,0
741585,Aaro Toivonen,2024,POFI,7315,False,2,2,0,73,0,0,1,0,0
741585,Aaro Toivonen,2024,FIS,11131,False,3,1,0,25,0,0,0,0,0
741585,Aaro Toivonen,2024,FIS,1008,False,3,0,0,0,0,0,0,0,0
741585,Aaro Toivonen,2024,FIL,1008,False,7,1,0,30,0,0,0,0,0
741585,Aaro Toivonen,2024,FI2,11131,False,9,9,0,597,0,1,0,0,2
741585,Aaro Toivonen,2024,FI1,7315,False,9,8,0,512,0,1,2,0,0
741585,Aaro Toivonen,2024,FI1,1008,False,15,0,0,0,0,0,0,0,0
741585,Aaro Toivonen,2024,F1CC,7315,False,5,4,0,271,0,1,5,2,0
741585,Aaro Toivonen,2024,ESTP,23370,False,2,1,0,45,2,0,0,0,0
741585,Aaro Toivonen,2024,CLQ,1008,False,2,0,0,0,0,0,0,0,0
741585,Aaro Toivonen,2023,UCOL,1008,False,6,0,0,0,0,0,0,0,0
741585,Aaro Toivonen,2023,U19Q,20794,True,3,3,0,112,1,0,0,0,0
741585,Aaro Toivonen,2023,FS,20794,True,2,2,0,78,0,0,0,0,0
741585,Aaro Toivonen,2023,FIYK,11131,False,2,2,0,110,1,0,0,0,0
741585,Aaro Toivonen,2023,FIS,1008,False,2,1,0,90,0,0,0,0,0
741585,Aaro Toivonen,2023,FIL,1008,False,5,2,0,71,0,0,0,0,0
741585,Aaro Toivonen,2023,FI1,1008,False,19,5,0,80,0,0,1,0,0
741585,Aaro Toivonen,2023,ESTR,23370,False,2,0,0,0,0,0,0,0,0
741585,Aaro Toivonen,2023,EST2,57781,False,1,1,0,90,0,0,0,0,0
741585,Aaro Toivonen,2023,EST1,23370,False,14,13,0,1053,2,1,0,0,1
741585,Aaro Toivonen,2023,ELQ,1008,False,2,0,0,0,0,0,0,0,0
741585,Aaro Toivonen,2023,ECLQ,1008,False,2,0,0,0,0,0,0,0,0
741585,Aaro Toivonen,2023,CLQ,1008,False,3,0,0,0,0,0,0,0,0
741585,Aaro Toivonen,2023,19YL,50922,False,4,4,0,271,0,0,0,0,0
741585,Aaro Toivonen,2022,FS,20793,True,9,2,0,123,0,0,0,0,0
741585,Aaro Toivonen,2022,FIKP,11131,False,2,1,0,22,1,0,0,0,0
741585,Aaro Toivonen,2022,FI3A,11131,False,22,17,0,787,1,0,0,0,1
741585,Aaro Toivonen,2022,FI1,1008,False,6,1,0,2,0,0,0,0,0
741585,Aaro Toivonen,2022,F1CL,1008,False,5,0,0,0,0,0,0,0,0
741585,Aaro Toivonen,2022,ELQ,1008,False,4,0,0,0,0,0,0,0,0
741585,Aaro Toivonen,2022,EL,1008,False,6,0,0,0,0,0,0,0,0
741585,Aaro Toivonen,2021,U17Q,20792,True,6,5,0,249,0,2,0,0,0
741585,Aaro Toivonen,2021,KP3B,11131,False,3,0,0,0,0,0,0,0,0
741585,Aaro Toivonen,2021,FS,20793,True,5,2,0,47,0,0,0,0,0
741585,Aaro Toivonen,2021,FS,20792,True,4,4,0,173,0,0,0,0,0
741585,Aaro Toivonen,2021,FIS,11131,False,3,2,0,76,1,0,0,0,0
741585,Aaro Toivonen,2021,FI3B,11131,False,24,20,0,1402,5,0,0,0,1
741585,Aaro Toivonen,2021,FI1,1008,False,6,1,0,29,0,0,0,0,0
741585,Aaro Toivonen,2021,F1CL,1008,False,5,0,0,0,0,0,0,0,0
741585,Aaro Toivonen,2020,FINJ,15665,False,19,0,0,0,0,0,0,0,0
741585,Aaro Toivonen,2019,FS,34682,True,3,3,0,110,0,0,0,0,0
741585,Aaro Toivonen,2019,FJE,15665,False,11,0,0,0,0,0,0,0,0
741585,Aaro Toivonen,2019,FINJ,15665,False,9,0,0,0,0,0,0,0,0
1046213,Eemil Tanninen,2026,U19Q,20794,True,3,0,0,0,0,0,0,0,0
1046213,Eemil Tanninen,2026,ELQ,6251,False,2,0,0,0,0,0,0,0,0
1046213,Eemil Tanninen,2026,CLQ,6251,False,4,0,0,0,0,0,0,0,0
1046213,Eemil Tanninen,2025,UCOL,6251,False,8,0,0,0,0,0,0,0,0
1046213,Eemil Tanninen,2025,U19Q,20794,True,3,1,0,1,0,0,0,0,0
1046213,Eemil Tanninen,2025,FIYK,95361,False,16,5,0,256,0,0,0,0,1
1046213,Eemil Tanninen,2025,FIS,95361,False,3,0,0,0,0,0,0,0,0
1046213,Eemil Tanninen,2025,FIS,6251,False,3,0,0,0,0,0,0,0,0
1046213,Eemil Tanninen,2025,FIL,6251,False,5,3,0,123,0,0,0,0,0
1046213,Eemil Tanninen,2025,FI1,6251,False,20,0,0,0,0,0,0,0,0
1046213,Eemil Tanninen,2025,ELQ,6251,False,4,0,0,0,0,0,0,0,0
1046213,Eemil Tanninen,2025,CLQ,6251,False,4,0,0,0,0,0,0,0,0
1046213,Eemil Tanninen,2024,FS,20793,True,4,2,0,180,0,0,0,0,0
1046213,Eemil Tanninen,2024,FIYK,95361,False,18,12,0,686,2,0,0,0,0
1046213,Eemil Tanninen,2024,FIS,95361,False,1,0,0,0,0,0,0,0,0
1046213,Eemil Tanninen,2024,FIS,6251,False,5,1,0,45,0,0,0,0,0
1046213,Eemil Tanninen,2024,FIL,6251,False,6,4,0,129,0,0,0,0,0
1046213,Eemil Tanninen,2024,FI3P,95361,False,5,4,0,203,0,0,0,0,0
1046213,Eemil Tanninen,2024,FI1,6251,False,22,2,0,71,0,0,0,0,0
1046213,Eemil Tanninen,2024,F1CL,6251,False,10,0,0,0,0,0,0,0,0
1046213,Eemil Tanninen,2023,YKCP,10528,False,4,4,0,137,0,0,0,0,0
1046213,Eemil Tanninen,2023,FS,20792,True,3,2,0,46,0,0,0,0,0
1046213,Eemil Tanninen,2023,FS,20791,True,1,1,0,6,0,0,0,0,0
1046213,Eemil Tanninen,2023,FIS,10528,False,1,1,0,90,0,0,0,0,0
1046213,Eemil Tanninen,2023,FI2,10528,False,27,23,0,1245,2,4,0,0,3
1046213,Eemil Tanninen,2022,FS,20791,True,9,8,0,365,0,0,0,0,0
1046213,Eemil Tanninen,2022,FIS,10528,False,1,1,0,3,0,0,0,0,0
1046213,Eemil Tanninen,2022,FIKP,10528,False,3,0,0,0,0,0,0,0,0
1046213,Eemil Tanninen,2022,FI3A,10528,False,22,11,0,226,3,0,0,0,0
1046213,Eemil Tanninen,2021,FS,34682,True,3,3,0,144,1,0,0,0,0
1046213,Eemil Tanninen,2021,FI3A,10528,False,2,2,0,40,0,0,0,0,0
1509301,Souleymane Soumahoro,2025,FIS,6251,False,2,0,0,0,0,0,0,0,0
1509301,Souleymane Soumahoro,2025,FIL,6251,False,1,1,0,58,0,0,0,0,0
1509301,Souleymane Soumahoro,2025,FI1,6251,False,10,2,0,11,0,0,0,0,0
155202,Piotr Parzyszek,2026,ELQ,6251,False,2,2,0,54,0,0,0,0,0
155202,Piotr Parzyszek,2026,CLQ,6251,False,4,4,0,183,1,0,0,0,1
155202,Piotr Parzyszek,2025,UZSC,3718,False,1,1,0,29,0,0,0,0,0
155202,Piotr Parzyszek,2025,UZ1,3718,False,11,10,0,343,2,0,0,0,0
155202,Piotr Parzyszek,2025,UCOL,6251,False,6,6,0,456,3,0,14,4,0
155202,Piotr Parzyszek,2025,KOBU,3718,False,3,2,0,17,0,0,0,0,0
155202,Piotr Parzyszek,2025,FIL,6251,False,2,0,0,0,0,0,0,0,0
155202,Piotr Parzyszek,2025,FI1,6251,False,5,3,0,169,0,0,8,2,0
155202,Piotr Parzyszek,2025,ELQ,6251,False,4,3,0,55,0,0,0,0,0
155202,Piotr Parzyszek,2024,FIS,6251,False,2,2,0,109,1,0,0,0,0
155202,Piotr Parzyszek,2024,FI1,6251,False,4,4,0,206,0,2,10,4,0
155202,Piotr Parzyszek,2024,F1CL,6251,False,10,9,0,501,7,0,29,15,0
155202,Piotr Parzyszek,2024,CCB,54189,False,2,2,0,158,0,0,0,0,0
155202,Piotr Parzyszek,2024,BE2E,54189,False,2,2,0,32,0,0,3,2,0
155202,Piotr Parzyszek,2024,BE2,54189,False,29,29,0,2228,9,5,70,23,2
155202,Piotr Parzyszek,2023,PON2,1283,False,4,4,0,299,1,0,11,7,1
155202,Piotr Parzyszek,2023,NLP,1283,False,1,1,0,45,0,0,1,0,0
155202,Piotr Parzyszek,2023,NL2,1283,False,38,35,0,2336,9,4,90,29,1
155202,Piotr Parzyszek,2022,IT2,8970,False,3,0,0,0,0,0,0,0,0
155202,Piotr Parzyszek,2022,ES2,1244,False,39,9,0,249,0,0,12,1,1
155202,Piotr Parzyszek,2022,CIT,8970,False,1,0,0,0,0,0,0,0,0
155202,Piotr Parzyszek,2022,CDR,1244,False,1,1,0,76,0,0,0,0,0
155202,Piotr Parzyszek,2021,POPU,324,False,1,1,0,22,0,0,0,0,0
155202,Piotr Parzyszek,2021,PL1,324,False,34,27,0,1013,1,1,35,9,3
155202,Piotr Parzyszek,2021,ECLQ,324,False,2,2,0,32,0,0,0,0,0
155202,Piotr Parzyszek,2020,POPU,6112,False,1,1,0,70,1,0,0,0,0
155202,Piotr Parzyszek,2020,PL1,6112,False,5,4,0,215,0,0,8,2,0
155202,Piotr Parzyszek,2020,IT2,8970,False,37,28,0,1233,5,2,37,12,2
155202,Piotr Parzyszek,2020,ELQ,6112,False,3,3,0,214,0,0,4,1,1
155202,Piotr Parzyszek,2020,CIT,8970,False,1,0,0,0,0,0,0,0,0
155202,Piotr Parzyszek,2019,POPU,6112,False,4,1,0,20,0,0,0,0,0
155202,Piotr Parzyszek,2019,PLSC,6112,False,1,1,0,63,0,0,0,0,0
155202,Piotr Parzyszek,2019,PL1,6112,False,37,37,0,2509,12,3,68,32,2
155202,Piotr Parzyszek,2019,ELQ,6112,False,2,2,0,144,0,0,0,0,1
155202,Piotr Parzyszek,2019,CLQ,6112,False,2,2,0,175,1,0,0,0,0
155202,Piotr Parzyszek,2018,POPU,6112,False,2,1,0,90,0,0,0,0,0
155202,Piotr Parzyszek,2018,PL1,6112,False,37,33,0,1755,9,4,0,0,0
155202,Piotr Parzyszek,2017,NLP,1269,False,4,2,0,210,1,0,0,0,0
155202,Piotr Parzyszek,2017,NLBP,20300,False,6,3,0,270,1,0,0,0,0
155202,Piotr Parzyszek,2017,NLBB,20300,False,11,2,0,180,2,0,0,0,0
155202,Piotr Parzyszek,2017,NL1,1269,False,34,23,0,1152,5,3,0,0,0
155202,Piotr Parzyszek,2016,NLP,642,False,1,1,0,120,0,1,0,0,0
155202,Piotr Parzyszek,2016,NL2,642,False,38,38,0,3341,25,5,0,0,2
155202,Piotr Parzyszek,2015,PON2,642,False,4,3,0,172,1,0,0,0,0
155202,Piotr Parzyszek,2015,NLBE,17668,False,6,6,0,540,1,0,0,0,0
155202,Piotr Parzyszek,2015,NL1,642,False,12,9,0,140,2,0,0,0,1
155202,Piotr Parzyszek,2015,GB2,358,False,1,0,0,0,0,0,0,0,0
155202,Piotr Parzyszek,2015,DKP,5724,False,2,2,0,156,2,0,0,0,0
155202,Piotr Parzyszek,2015,DK1,5724,False,17,8,0,118,1,0,0,0,1
155202,Piotr Parzyszek,2014,CCB,475,False,2,2,0,117,0,0,0,0,0
155202,Piotr Parzyszek,2014,BE2,475,False,34,31,0,1913,12,0,0,0,3
155202,Piotr Parzyszek,2013,U21Q,9324,True,5,2,0,23,0,0,0,0,0
155202,Piotr Parzyszek,2013,NLP,642,False,1,1,0,90,0,0,0,0,0
155202,Piotr Parzyszek,2013,NL2,642,False,24,20,3,1796,16,3,0,0,1
155202,Piotr Parzyszek,2013,GB2,358,False,20,1,0,3,0,0,0,0,0
155202,Piotr Parzyszek,2013,FS,9324,True,2,2,0,65,0,0,0,0,0
155202,Piotr Parzyszek,2013,FS,16299,True,1,0,0,0,0,0,0,0,0
155202,Piotr Parzyszek,2013,FAC,358,False,2,0,0,0,0,0,0,0,0
155202,Piotr Parzyszek,2012,PON2,642,False,4,4,0,360,3,0,0,0,1
155202,Piotr Parzyszek,2012,NLP,642,False,2,0,0,0,0,0,0,0,0
155202,Piotr Parzyszek,2012,NLBE,17668,False,6,5,0,405,1,0,0,0,0
155202,Piotr Parzyszek,2012,NLBB,17668,False,3,3,0,270,4,0,0,0,0
155202,Piotr Parzyszek,2012,NL2,642,False,34,28,0,1754,10,5,0,0,1
155202,Piotr Parzyszek,2012,FS,16299,True,2,1,0,45,0,0,0,0,0
155202,Piotr Parzyszek,2011,NLBE,17668,False,7,2,0,180,0,0,0,0,0
155202,Piotr Parzyszek,2011,NLAJ,14348,False,26,1,0,90,0,0,0,0,0
155202,Piotr Parzyszek,2010,NLAJ,14348,False,26,1,0,90,0,0,0,0,0
155202,Piotr Parzyszek,2010,FS,16297,True,1,1,0,43,0,0,0,0,0
950405,Calvin Kabuye,2026,ELQ,6251,False,2,1,0,31,0,0,0,0,0
950405,Calvin Kabuye,2026,CLQ,6251,False,4,1,0,4,0,0,0,0,0
950405,Calvin Kabuye,2025,UCOL,6251,False,2,0,0,0,0,0,0,0,0
950405,Calvin Kabuye,2025,SEC,10507,False,1,1,0,28,1,0,0,0,0
950405,Calvin Kabuye,2025,FIS,6251,False,3,1,0,28,1,0,0,0,0
950405,Calvin Kabuye,2025,FIL,6251,False,5,3,0,210,0,2,0,0,1
950405,Calvin Kabuye,2025,FI1,6251,False,20,4,0,155,0,0,6,3,0
950405,Calvin Kabuye,2024,SEC,8843,False,1,0,0,0,0,0,0,0,0
950405,Calvin Kabuye,2024,SEC,2719,False,4,0,0,0,0,0,0,0,0
950405,Calvin Kabuye,2024,SE2,10507,False,16,16,0,1183,1,0,0,0,2
950405,Calvin Kabuye,2024,SE1,2719,False,16,4,0,56,0,0,0,0,0
950405,Calvin Kabuye,2024,AFCQ,13497,True,6,1,0,82,0,0,0,0,0
950405,Calvin Kabuye,2023,WMQ2,13497,True,2,2,0,33,0,0,0,0,0
950405,Calvin Kabuye,2023,SEC,9614,False,1,1,0,90,1,0,0,0,0
950405,Calvin Kabuye,2023,SE2,8843,False,30,29,0,2156,9,1,0,0,7
950405,Calvin Kabuye,2023,FS,46607,True,2,1,0,57,0,0,0,0,0
950405,Calvin Kabuye,2022,SEC,272,False,4,1,0,3,0,0,0,0,0
950405,Calvin Kabuye,2022,SEC,2283,False,2,2,0,148,1,0,0,0,0
950405,Calvin Kabuye,2022,SE2,9614,False,30,29,1,1397,4,3,0,0,4
950405,Calvin Kabuye,2021,SE3N,2283,False,30,28,0,2261,15,1,0,0,5
950405,Calvin Kabuye,2020,SE1,272,False,6,0,0,0,0,0,0,0,0
950405,Calvin Kabuye,2019,JUNO,16574,False,13,1,0,90,1,0,0,0,1
1147796,Bob Nii Armah,2026,ELQ,6251,False,2,2,0,149,0,0,0,0,0
1147796,Bob Nii Armah,2026,CLQ,6251,False,4,4,0,316,2,0,0,0,0
1147796,Bob Nii Armah,2025,UCOL,6251,False,8,6,0,386,0,1,2,0,0
1147796,Bob Nii Armah,2025,FIS,6251,False,3,3,0,225,0,0,0,0,0
1147796,Bob Nii Armah,2025,FIL,6251,False,5,2,0,132,0,0,0,0,0
1147796,Bob Nii Armah,2025,FI1,6251,False,20,15,0,1159,5,3,37,12,4
1147796,Bob Nii Armah,2025,ELQ,6251,False,4,4,0,319,0,0,0,0,1
1147796,Bob Nii Armah,2025,CLQ,6251,False,4,3,0,16,0,0,0,0,0
1147796,Bob Nii Armah,2024,FIS,6251,False,5,5,0,329,0,0,0,0,0
1147796,Bob Nii Armah,2024,FIL,6251,False,6,6,0,419,0,0,0,0,1
1147796,Bob Nii Armah,2024,FI1,6251,False,22,11,0,620,0,1,8,2,1
1147796,Bob Nii Armah,2024,F1CL,6251,False,10,6,0,274,0,1,3,0,1
1147796,Bob Nii Armah,2023,YKCP,45310,False,6,6,0,484,0,0,0,0,5
1147796,Bob Nii Armah,2023,FIS,45310,False,4,0,0,0,0,0,0,0,0
1147796,Bob Nii Armah,2023,FIS,23777,False,6,2,0,180,0,0,0,0,1
1147796,Bob Nii Armah,2023,FIL,23777,False,4,3,0,71,0,0,0,0,0
1147796,Bob Nii Armah,2023,FI2,45310,False,27,21,0,1780,4,4,0,0,8
1147796,Bob Nii Armah,2023,FI1,23777,False,22,0,0,0,0,0,0,0,0
1147796,Bob Nii Armah,2023,F1CL,23777,False,5,0,0,0,0,0,0,0,0
1147796,Bob Nii Armah,2023,F1CE,23777,False,2,0,0,0,0,0,0,0,0
1147796,Bob Nii Armah,2022,YKAU,45310,False,5,5,0,356,1,0,0,0,1
1147796,Bob Nii Armah,2022,FI2P,45310,False,2,2,0,196,0,0,0,0,2
1147796,Bob Nii Armah,2022,FI2,45310,False,4,3,0,159,0,1,0,0,0
740837,Joslyn Luyeye-Lutumba,2026,ELQ,6251,False,2,2,0,96,0,0,0,0,0
740837,Joslyn Luyeye-Lutumba,2026,CLQ,6251,False,4,3,0,70,0,0,0,0,0
740837,Joslyn Luyeye-Lutumba,2025,UCOL,6251,False,8,4,0,104,0,0,2,0,0
740837,Joslyn Luyeye-Lutumba,2025,FIS,6251,False,3,3,0,92,0,0,0,0,0
740837,Joslyn Luyeye-Lutumba,2025,FIL,6251,False,5,2,0,152,0,0,0,0,0
740837,Joslyn Luyeye-Lutumba,2025,FI1,6251,False,20,19,0,1019,4,2,26,12,0
740837,Joslyn Luyeye-Lutumba,2025,ELQ,6251,False,4,4,0,154,0,0,3,2,0
740837,Joslyn Luyeye-Lutumba,2025,CLQ,6251,False,4,4,0,299,0,1,0,0,0
740837,Joslyn Luyeye-Lutumba,2024,FIS,6251,False,5,4,0,253,2,0,0,0,0
740837,Joslyn Luyeye-Lutumba,2024,FIL,6251,False,6,6,0,353,2,0,0,0,0
740837,Joslyn Luyeye-Lutumba,2024,FI1,6251,False,22,22,0,1064,5,2,31,9,2
740837,Joslyn Luyeye-Lutumba,2024,F1CL,6251,False,10,6,0,118,1,2,1,1,0
740837,Joslyn Luyeye-Lutumba,2024,ECLQ,6251,False,4,4,0,273,0,3,0,0,0
740837,Joslyn Luyeye-Lutumba,2023,FIS,6251,False,5,3,0,194,1,0,0,0,0
740837,Joslyn Luyeye-Lutumba,2023,FIL,6251,False,7,6,0,327,1,1,0,0,0
740837,Joslyn Luyeye-Lutumba,2023,FI1,6251,False,22,18,0,1109,4,2,27,11,1
740837,Joslyn Luyeye-Lutumba,2023,F1CL,6251,False,5,0,0,0,0,0,0,0,0
740837,Joslyn Luyeye-Lutumba,2022,YKCP,21520,False,3,0,0,0,0,0,0,0,0
740837,Joslyn Luyeye-Lutumba,2022,YKAU,21520,False,5,5,0,443,3,0,0,0,0
740837,Joslyn Luyeye-Lutumba,2022,FIS,21520,False,2,0,0,0,0,0,0,0,0
740837,Joslyn Luyeye-Lutumba,2022,FI2P,21520,False,1,1,0,90,0,0,0,0,0
740837,Joslyn Luyeye-Lutumba,2022,FI2,21520,False,22,22,0,1825,5,4,0,0,2
740837,Joslyn Luyeye-Lutumba,2021,YKCP,21520,False,3,2,0,108,1,0,0,0,0
740837,Joslyn Luyeye-Lutumba,2021,YKAB,21520,False,5,4,0,337,0,1,0,0,1
740837,Joslyn Luyeye-Lutumba,2021,FIS,21520,False,4,3,0,108,0,0,0,0,0
740837,Joslyn Luyeye-Lutumba,2021,FI2,21520,False,22,20,0,1379,3,3,0,0,3
740837,Joslyn Luyeye-Lutumba,2020,FI3B,23075,False,22,19,0,1378,1,0,0,0,2
740837,Joslyn Luyeye-Lutumba,2019,KCUP,23075,False,4,0,0,0,0,0,0,0,0
740837,Joslyn Luyeye-Lutumba,2019,FJE,20872,False,10,2,0,180,1,0,0,0,1
740837,Joslyn Luyeye-Lutumba,2019,FINJ,20872,False,2,2,0,180,0,0,0,0,0
740837,Joslyn Luyeye-Lutumba,2019,FI3A,23075,False,17,10,0,274,0,0,0,0,1
309923,Jaime Moreno,2026,ELQ,6251,False,2,2,0,157,1,0,0,0,1
309923,Jaime Moreno,2026,CLQ,6251,False,4,4,0,239,0,0,0,0,1
309923,Jaime Moreno,2025,VZ1A,14682,False,8,5,0,341,0,1,13,3,0
309923,Jaime Moreno,2025,ILI2,36633,False,14,8,0,630,4,1,0,0,0
309923,Jaime Moreno,2025,FS,15351,True,1,0,0,0,0,0,0,0,0
309923,Jaime Moreno,2025,FIS,6251,False,3,3,0,208,0,1,0,0,0
309923,Jaime Moreno,2025,FI1,6251,False,20,17,0,1198,10,3,64,28,2
309923,Jaime Moreno,2025,CLI,14682,False,4,4,0,81,0,0,2,1,0
309923,Jaime Moreno,2024,IN1L,36633,False,16,16,0,1231,5,1,0,0,3
309923,Jaime Moreno,2024,GCQU,15351,True,2,2,0,180,0,0,5,1,0
309923,Jaime Moreno,2024,FS,15351,True,1,1,0,78,0,0,0,0,0
309923,Jaime Moreno,2024,CNLA,15351,True,4,4,0,294,1,0,0,0,0
309923,Jaime Moreno,2023,WMQ3,15351,True,10,7,0,594,4,2,20,6,0
309923,Jaime Moreno,2023,FS,15351,True,3,0,0,0,0,0,0,0,0
309923,Jaime Moreno,2023,FIS,23777,False,6,4,0,355,6,0,0,0,1
309923,Jaime Moreno,2023,FIL,23777,False,5,5,0,332,4,0,0,0,2
309923,Jaime Moreno,2023,FI1,23777,False,22,21,0,1713,9,2,60,21,3
309923,Jaime Moreno,2023,F1CL,23777,False,5,4,0,360,2,0,10,7,0
309923,Jaime Moreno,2023,F1CE,23777,False,2,2,0,90,1,1,4,2,0
309923,Jaime Moreno,2023,CNLB,15351,True,6,5,0,237,2,0,0,0,0
309923,Jaime Moreno,2022,NC1A,15748,False,2,0,0,0,0,0,0,0,0
309923,Jaime Moreno,2022,FS,15351,True,8,5,0,408,1,0,1,0,0
309923,Jaime Moreno,2022,FIS,23777,False,2,1,0,26,0,0,0,0,0
309923,Jaime Moreno,2022,FIL,23777,False,5,5,0,233,1,0,0,0,1
309923,Jaime Moreno,2022,FI1,23777,False,22,20,0,1402,9,0,54,23,3
309923,Jaime Moreno,2022,F1CL,23777,False,5,5,0,340,2,1,8,3,0
309923,Jaime Moreno,2022,F1CE,23777,False,1,1,0,120,0,0,5,1,0
309923,Jaime Moreno,2022,CNLB,15351,True,6,6,0,392,3,1,0,0,1
309923,Jaime Moreno,2021,PR1C,14491,False,20,11,0,250,1,2,0,0,2
309923,Jaime Moreno,2021,NCP2,15748,False,4,4,0,340,3,0,0,0,0
309923,Jaime Moreno,2021,NCP1,15748,False,4,4,0,339,2,0,0,0,2
309923,Jaime Moreno,2021,NC1C,15748,False,18,14,0,1159,12,0,0,0,2
309923,Jaime Moreno,2021,NC1A,15748,False,18,15,0,1152,8,0,0,0,2
309923,Jaime Moreno,2021,FS,15351,True,6,1,0,20,0,0,0,0,1
309923,Jaime Moreno,2021,COLE,15748,False,2,1,0,33,0,0,0,0,1
309923,Jaime Moreno,2021,CNIC,15748,False,4,0,0,0,0,0,0,0,0
309923,Jaime Moreno,2020,WMQ3,15351,True,3,2,0,164,0,0,0,0,1
309923,Jaime Moreno,2020,NCP2,15748,False,4,4,0,208,0,0,0,0,2
309923,Jaime Moreno,2020,NC1C,15748,False,18,12,0,965,5,0,0,0,6
309923,Jaime Moreno,2020,FS,15351,True,3,1,0,79,0,0,0,0,0
309923,Jaime Moreno,2020,CNIC,15748,False,8,0,0,0,0,0,0,0,0
309923,Jaime Moreno,2019,VZ1L,14555,False,16,0,0,0,0,0,0,0,0
309923,Jaime Moreno,2019,VZ1A,14555,False,6,5,0,259,1,0,0,0,1
309923,Jaime Moreno,2019,NCP1,15758,False,5,0,0,0,0,0,0,0,0
309923,Jaime Moreno,2019,NC1A,15758,False,5,0,0,0,0,0,0,0,0
309923,Jaime Moreno,2019,FS,15351,True,3,2,0,165,0,0,0,0,0
309923,Jaime Moreno,2019,CS,14555,False,2,0,0,0,0,0,0,0,0
309923,Jaime Moreno,2019,COLE,15758,False,2,2,0,51,0,0,0,0,1
309923,Jaime Moreno,2019,CNLB,15351,True,6,4,0,351,0,0,0,0,1
309923,Jaime Moreno,2019,CLI,14555,False,6,2,0,8,0,0,0,0,1
309923,Jaime Moreno,2018,VZ1A,25380,False,19,7,0,415,3,0,0,0,2
309923,Jaime Moreno,2018,GOCU,15351,True,3,0,3,0,0,0,0,0,0
309923,Jaime Moreno,2018,FS,15351,True,3,0,1,0,0,0,0,0,0
309923,Jaime Moreno,2018,ES3A,50260,False,18,8,0,233,2,0,0,0,1
309923,Jaime Moreno,2018,CS,25380,False,2,2,0,165,0,0,5,1,1
309923,Jaime Moreno,2018,CNLQ,15351,True,4,3,0,270,2,0,0,0,0
309923,Jaime Moreno,2018,CNIC,15758,False,3,0,0,0,0,0,0,0,0
309923,Jaime Moreno,2018,CLI,25380,False,6,4,0,332,0,1,7,2,1
309923,Jaime Moreno,2018,CDR,50260,False,1,0,0,0,0,0,0,0,0
309923,Jaime Moreno,2017,FS,15351,True,2,2,0,167,2,2,0,0,0
309923,Jaime Moreno,2017,E3PL,5649,False,2,2,0,145,0,0,0,0,2
309923,Jaime Moreno,2016,GOCU,15351,True,3,0,0,0,0,0,0,0,0
309923,Jaime Moreno,2016,GCQ5,15351,True,2,0,0,0,0,0,0,0,0
309923,Jaime Moreno,2016,FS,15351,True,5,1,0,65,0,1,0,0,0
309923,Jaime Moreno,2016,ES3D,34559,False,15,7,0,296,1,0,0,0,2
309923,Jaime Moreno,2016,ES3A,4542,False,23,13,0,189,2,0,0,0,1
309923,Jaime Moreno,2016,ES2P,34559,False,4,1,0,57,0,0,0,0,0
309923,Jaime Moreno,2016,CENC,15351,True,5,4,0,360,0,0,0,0,0
309923,Jaime Moreno,2016,CDR,4542,False,5,3,0,96,2,0,0,0,0
309923,Jaime Moreno,2014,ZYP1,786,False,17,0,0,0,0,0,0,0,0
309923,Jaime Moreno,2014,ES3D,12176,False,17,10,0,546,2,2,0,0,2
309923,Jaime Moreno,2014,ELQ,786,False,2,0,0,0,0,0,0,0,0
309923,Jaime Moreno,2014,CPO1,786,False,2,0,0,0,0,0,0,0,0
309923,Jaime Moreno,2014,CLQ,786,False,2,0,0,0,0,0,0,0,0
309923,Jaime Moreno,2014,2SAM,22991,True,4,3,0,102,1,0,0,0,1
309923,Jaime Moreno,2013,VZ1A,18006,False,17,12,0,769,3,0,0,0,2
309923,Jaime Moreno,2013,CLI,18006,False,6,4,0,251,0,0,0,0,1
309923,Jaime Moreno,2012,VZ1C,18006,False,4,4,0,132,0,0,0,0,2
309923,Jaime Moreno,2012,VZ1A,18006,False,1,1,0,9,0,0,0,0,0
309923,Jaime Moreno,2012,CS,18006,False,2,0,0,0,0,0,0,0,0
672789,Eetu Huuhtanen,2026,ECLQ,8042,False,6,6,0,540,0,0,0,0,0
672789,Eetu Huuhtanen,2025,FIS,8042,False,4,1,0,90,0,0,0,0,0
672789,Eetu Huuhtanen,2025,FIL,8042,False,7,6,0,540,0,0,0,0,0
672789,Eetu Huuhtanen,2025,FI1,8042,False,20,18,0,1620,0,0,0,0,2
672789,Eetu Huuhtanen,2024,FIS,8042,False,2,0,0,0,0,0,0,0,0
672789,Eetu Huuhtanen,2024,FIL,8042,False,7,7,0,630,0,0,0,0,0
672789,Eetu Huuhtanen,2024,FI1,8042,False,22,22,0,1980,0,0,0,0,0
672789,Eetu Huuhtanen,2024,F1CL,8042,False,10,10,0,900,0,1,0,0,0
672789,Eetu Huuhtanen,2023,FIS,8042,False,6,5,0,416,0,0,0,0,1
672789,Eetu Huuhtanen,2023,FIL,8042,False,7,2,0,180,0,0,0,0,0
672789,Eetu Huuhtanen,2023,FI1,8042,False,22,17,0,1502,0,0,0,0,0
672789,Eetu Huuhtanen,2023,F1CE,8042,False,1,1,0,120,0,0,0,0,1
672789,Eetu Huuhtanen,2023,F1CC,8042,False,5,4,0,360,0,0,0,0,0
672789,Eetu Huuhtanen,2022,FS,20796,True,2,1,0,45,0,0,0,0,0
672789,Eetu Huuhtanen,2022,FIS,8042,False,3,0,0,0,0,0,0,0,0
672789,Eetu Huuhtanen,2022,FIL,8042,False,6,2,0,180,0,0,0,0,0
672789,Eetu Huuhtanen,2022,FI1,8042,False,22,20,0,1800,0,0,1,0,0
672789,Eetu Huuhtanen,2022,F1CL,8042,False,5,4,0,360,0,0,0,0,0
672789,Eetu Huuhtanen,2022,F1CE,8042,False,1,1,0,120,0,0,0,0,0
672789,Eetu Huuhtanen,2021,FS,20794,True,2,1,0,45,0,0,0,0,0
672789,Eetu Huuhtanen,2021,FIS,52347,False,1,0,0,0,0,0,0,0,0
672789,Eetu Huuhtanen,2021,FIS,3189,False,2,2,0,180,0,0,0,0,0
672789,Eetu Huuhtanen,2021,FIL,3189,False,4,1,0,90,0,0,0,0,0
672789,Eetu Huuhtanen,2021,FI3B,52347,False,20,17,0,1530,0,0,0,0,2
672789,Eetu Huuhtanen,2021,FI1,3189,False,22,3,0,240,0,0,0,0,0
672789,Eetu Huuhtanen,2021,F1CC,3189,False,5,3,0,270,0,0,0,0,1
672789,Eetu Huuhtanen,2020,FIS,3189,False,3,0,0,0,0,0,0,0,0
672789,Eetu Huuhtanen,2020,FI3B,52347,False,21,13,0,1170,0,0,0,0,0
672789,Eetu Huuhtanen,2020,FI1,3189,False,22,2,0,180,0,0,0,0,0
672789,Eetu Huuhtanen,2020,F1CL,3189,False,5,1,0,90,0,0,0,0,0
672789,Eetu Huuhtanen,2020,ELQ,3189,False,1,0,0,0,0,0,0,0,0
672789,Eetu Huuhtanen,2019,U17Q,20792,True,3,0,0,0,0,0,0,0,0
672789,Eetu Huuhtanen,2019,FS,20792,True,10,4,0,178,0,0,0,0,0
672789,Eetu Huuhtanen,2019,FS,20791,True,1,1,0,40,0,0,0,0,0
672789,Eetu Huuhtanen,2019,FIS,3189,False,7,0,0,0,0,0,0,0,0
672789,Eetu Huuhtanen,2019,FI3B,52347,False,16,11,0,990,0,0,0,0,1
672789,Eetu Huuhtanen,2019,FI1,3189,False,22,1,0,90,0,0,0,0,0
672789,Eetu Huuhtanen,2018,FS,20791,True,2,1,0,80,0,0,0,0,0
672789,Eetu Huuhtanen,2018,FJE,46621,False,13,3,0,225,0,0,0,0,0
672789,Eetu Huuhtanen,2018,FIKP,52347,False,3,1,0,90,0,0,0,0,0
672789,Eetu Huuhtanen,2018,FI3B,52347,False,21,1,0,90,0,0,0,0,0
248024,Gustav Engvall,2026,ELQ,6251,False,2,0,0,0,0,0,0,0,0
248024,Gustav Engvall,2026,CLQ,6251,False,4,3,0,171,0,0,0,0,1
248024,Gustav Engvall,2025,UCOL,6251,False,2,2,0,180,0,0,5,0,0
248024,Gustav Engvall,2025,POPU,8936,False,2,1,0,17,0,0,0,0,0
248024,Gustav Engvall,2025,PL33,38176,False,1,1,0,75,0,0,0,0,0
248024,Gustav Engvall,2025,PL2,8936,False,19,8,0,216,0,0,0,0,1
248024,Gustav Engvall,2025,FIS,6251,False,3,3,0,159,1,0,0,0,0
248024,Gustav Engvall,2025,FIL,6251,False,4,1,0,45,0,0,0,0,0
248024,Gustav Engvall,2025,FI1,6251,False,20,18,0,952,2,3,29,13,1
248024,Gustav Engvall,2024,SEC,3622,False,1,1,0,27,0,0,0,0,1
248024,Gustav Engvall,2024,PL2,8936,False,15,15,0,720,0,0,0,0,1
248024,Gustav Engvall,2024,BAPO,8936,False,2,1,0,11,0,0,0,0,0
248024,Gustav Engvall,2023,SEC,3622,False,4,3,0,262,0,0,0,0,1
248024,Gustav Engvall,2023,SE1,3622,False,30,26,0,2001,3,3,51,18,4
248024,Gustav Engvall,2023,RESE,3622,False,2,2,0,96,0,1,1,0,0
248024,Gustav Engvall,2022,SE1,3622,False,30,26,0,2022,11,4,43,25,3
248024,Gustav Engvall,2022,CCB,354,False,2,0,0,0,0,0,0,0,0
248024,Gustav Engvall,2022,BE1,354,False,11,5,0,71,0,0,3,1,0
248024,Gustav Engvall,2021,POBE,354,False,6,6,0,212,2,0,7,6,0
248024,Gustav Engvall,2021,NO1,10217,False,13,13,0,988,1,3,34,11,2
248024,Gustav Engvall,2021,CCB,354,False,3,1,0,15,0,0,0,0,0
248024,Gustav Engvall,2021,BE1,354,False,34,15,0,231,0,0,4,2,1
248024,Gustav Engvall,2020,POBE,354,False,6,2,2,17,0,0,0,0,1
248024,Gustav Engvall,2020,CCB,354,False,3,0,3,0,0,0,0,0,0
248024,Gustav Engvall,2020,BE1,354,False,34,11,15,609,0,3,10,1,2
248024,Gustav Engvall,2019,BESC,354,False,1,1,0,65,0,0,2,2,1
248024,Gustav Engvall,2019,BE1,354,False,29,9,17,639,2,3,15,5,2
248024,Gustav Engvall,2018,CCB,354,False,7,6,0,445,2,1,0,0,0
248024,Gustav Engvall,2018,BE2E,354,False,2,2,0,180,0,1,0,0,2
248024,Gustav Engvall,2018,BE2,354,False,28,26,0,1750,8,5,0,0,3
248024,Gustav Engvall,2017,U21Q,8595,True,7,6,0,314,1,1,0,0,1
248024,Gustav Engvall,2017,SEC,1044,False,1,0,0,0,0,0,0,0,0
248024,Gustav Engvall,2017,SE1,801,False,11,10,0,631,1,0,15,7,2
248024,Gustav Engvall,2017,GB2,698,False,20,2,0,13,0,0,0,0,0
248024,Gustav Engvall,2017,FAC,698,False,1,1,0,27,0,0,0,0,0
248024,Gustav Engvall,2017,CGB,698,False,4,0,0,0,0,0,0,0,0
248024,Gustav Engvall,2016,SE1,1044,False,26,25,0,2017,8,7,0,0,1
248024,Gustav Engvall,2016,GB2,698,False,33,2,0,40,0,0,0,0,0
248024,Gustav Engvall,2016,FS,8595,True,3,3,0,146,0,0,0,0,0
248024,Gustav Engvall,2016,FAC,698,False,3,2,0,97,0,1,0,0,0
248024,Gustav Engvall,2016,ELQ,801,False,8,4,0,201,2,1,0,0,1
248024,Gustav Engvall,2016,CGB,698,False,2,2,0,138,0,0,0,0,0
248024,Gustav Engvall,2016,21EU,8595,True,3,2,0,80,0,0,0,0,0
248024,Gustav Engvall,2015,U21Q,8595,True,10,6,0,522,3,1,0,0,2
248024,Gustav Engvall,2015,SEC,801,False,4,3,0,104,1,1,0,0,0
248024,Gustav Engvall,2015,SE1,801,False,20,15,0,909,3,3,0,0,1
248024,Gustav Engvall,2015,S21S,8866,False,1,1,0,90,0,0,0,0,0
248024,Gustav Engvall,2015,FS,8595,True,1,1,0,28,0,0,0,0,0
248024,Gustav Engvall,2015,FS,3557,True,2,2,0,90,0,0,0,0,0
248024,Gustav Engvall,2015,ELQ,801,False,4,4,0,269,1,0,0,0,0
248024,Gustav Engvall,2014,U19Q,23488,True,3,3,0,215,0,2,0,0,0
248024,Gustav Engvall,2014,SE1,801,False,30,25,5,1386,5,4,0,0,2
248024,Gustav Engvall,2014,S21S,8866,False,12,3,4,258,2,0,0,0,1
248024,Gustav Engvall,2014,FS,8595,True,8,1,0,19,0,2,0,0,0
248024,Gustav Engvall,2014,ELQ,801,False,6,2,0,29,0,0,0,0,0
248024,Gustav Engvall,2014,21EU,8595,True,5,0,0,0,0,0,0,0,0
248024,Gustav Engvall,2013,U21Q,8595,True,4,1,0,1,0,1,0,0,0
248024,Gustav Engvall,2013,U17Q,23487,True,3,0,0,0,0,0,0,0,0
248024,Gustav Engvall,2013,SEC,801,False,7,4,0,132,1,0,0,0,0
248024,Gustav Engvall,2013,SE1,801,False,30,20,0,1195,8,3,0,0,0
248024,Gustav Engvall,2013,S21S,8866,False,12,12,0,1064,6,1,0,0,2
248024,Gustav Engvall,2013,FS,24978,True,3,3,0,184,0,1,0,0,1
248024,Gustav Engvall,2013,FS,23487,True,8,1,0,56,1,0,0,0,0
248024,Gustav Engvall,2013,ELQ,801,False,2,1,0,6,0,0,0,0,0
248024,Gustav Engvall,2012,U17Q,23487,True,6,3,0,192,2,0,0,0,1
248024,Gustav Engvall,2012,SEC,801,False,5,1,0,9,0,0,0,0,0
248024,Gustav Engvall,2012,SE1,801,False,30,3,0,78,0,1,0,0,1
248024,Gustav Engvall,2012,S21S,8866,False,14,7,0,479,1,0,0,0,0
248024,Gustav Engvall,2012,S21P,8866,False,4,2,0,180,1,0,0,0,0
248024,Gustav Engvall,2012,JUSÖ,8867,False,21,6,0,472,4,0,0,0,5
248024,Gustav Engvall,2012,FS,23487,True,6,5,0,359,2,0,0,0,0
248024,Gustav Engvall,2012,17WC,23487,True,7,7,0,561,3,2,0,0,0
248024,Gustav Engvall,2012,17EU,23487,True,4,3,0,210,1,0,0,0,2
248024,Gustav Engvall,2011,SEC,801,False,6,0,0,0,0,0,0,0,0
248024,Gustav Engvall,2011,JUSÖ,8867,False,7,6,0,540,1,0,0,0,2
1073022,Eero Vuorjoki,2026,ECLQ,8042,False,6,0,0,0,0,0,0,0,0
1073022,Eero Vuorjoki,2025,U21Q,20796,True,1,0,0,0,0,0,0,0,0
1073022,Eero Vuorjoki,2025,FIYK,23197,False,9,4,0,360,0,0,0,0,0
1073022,Eero Vuorjoki,2025,FIS,8042,False,4,2,0,180,0,0,0,0,1
1073022,Eero Vuorjoki,2025,FIL,8042,False,7,1,0,90,0,0,0,0,0
1073022,Eero Vuorjoki,2025,FI1,8042,False,20,1,0,90,0,0,0,0,0
1073022,Eero Vuorjoki,2024,U19Q,20794,True,6,1,0,90,0,0,0,0,0
1073022,Eero Vuorjoki,2024,FS,20794,True,2,1,0,90,0,0,0,0,0
1073022,Eero Vuorjoki,2024,FIYK,23197,False,21,14,0,1260,0,0,0,0,1
1073022,Eero Vuorjoki,2024,FIS,8042,False,2,2,0,180,0,0,0,0,0
1073022,Eero Vuorjoki,2024,FIL,8042,False,7,0,0,0,0,0,0,0,0
1073022,Eero Vuorjoki,2024,FI3R,23197,False,3,3,0,270,0,0,0,0,0
1073022,Eero Vuorjoki,2024,FI1,8042,False,22,0,0,0,0,0,0,0,0
1073022,Eero Vuorjoki,2024,F1CL,8042,False,10,0,0,0,0,0,0,0,0
1073022,Eero Vuorjoki,2023,KP3B,23197,False,1,1,0,90,0,0,0,0,0
1073022,Eero Vuorjoki,2023,FS,20793,True,4,2,0,180,0,0,0,0,0
1073022,Eero Vuorjoki,2023,FIS,8042,False,6,0,0,0,0,0,0,0,0
1073022,Eero Vuorjoki,2023,FIL,8042,False,7,5,0,450,0,0,0,0,1
1073022,Eero Vuorjoki,2023,FI3B,23197,False,9,6,0,540,0,0,0,0,1
1073022,Eero Vuorjoki,2023,FI1,8042,False,22,3,0,270,0,0,0,0,1
1073022,Eero Vuorjoki,2023,F1CE,8042,False,1,0,0,0,0,0,0,0,0
1073022,Eero Vuorjoki,2023,F1CC,8042,False,5,1,0,90,0,0,0,0,0
1073022,Eero Vuorjoki,2022,FIS,23075,False,1,1,0,90,0,0,0,0,0
1073022,Eero Vuorjoki,2022,FI3B,23075,False,17,7,0,630,0,0,0,0,0
1073022,Eero Vuorjoki,2022,F4LA,23197,False,1,0,0,0,0,0,0,0,0
1073022,Eero Vuorjoki,2022,F1CL,5411,False,1,0,0,0,0,0,0,0,0
1073022,Eero Vuorjoki,2021,KP3B,23075,False,1,0,0,0,0,0,0,0,0
357131,Ville Seppä,2026,ECLQ,8042,False,6,0,0,0,0,0,0,0,0
357131,Ville Seppä,2025,FIS,8042,False,4,1,0,90,0,0,0,0,0
357131,Ville Seppä,2025,FI1,8042,False,18,0,0,0,0,0,0,0,0
357131,Ville Seppä,2024,RLN3,1328,False,15,6,0,529,0,1,0,0,1
357131,Ville Seppä,2024,NO32,6390,False,9,2,0,180,0,0,0,0,0
357131,Ville Seppä,2024,HBPO,1328,False,2,1,0,90,0,0,0,0,0
357131,Ville Seppä,2024,ECLQ,3189,False,4,3,0,255,0,0,0,0,0
357131,Ville Seppä,2023,FIS,8042,False,4,2,0,154,0,0,0,0,0
357131,Ville Seppä,2023,FIL,8042,False,1,0,0,0,0,0,0,0,0
357131,Ville Seppä,2023,FI1,8042,False,15,2,0,180,0,0,0,0,0
357131,Ville Seppä,2023,FI1,3189,False,7,4,0,345,0,0,0,0,0
357131,Ville Seppä,2023,F1CL,3189,False,5,0,0,0,0,0,0,0,0
357131,Ville Seppä,2022,YKCP,8043,False,5,4,0,360,0,0,0,0,2
357131,Ville Seppä,2022,YKAB,8043,False,5,3,0,270,0,0,0,0,0
357131,Ville Seppä,2022,FIS,8043,False,4,1,0,3,0,0,0,0,0
357131,Ville Seppä,2022,FI2,8043,False,22,19,0,1710,0,0,0,0,2
357131,Ville Seppä,2021,YKAU,8043,False,5,3,0,270,0,0,0,0,0
357131,Ville Seppä,2021,SE3N,50173,False,15,4,0,330,0,0,0,0,0
357131,Ville Seppä,2021,FI2,8043,False,6,3,0,270,0,0,0,0,1
357131,Ville Seppä,2020,SEC,8010,False,2,1,0,90,0,0,0,0,0
357131,Ville Seppä,2020,SE3S,45537,False,15,5,0,405,0,0,0,0,2
357131,Ville Seppä,2020,FI2,2275,False,14,0,0,0,0,0,0,0,0
357131,Ville Seppä,2019,SE3N,8010,False,30,14,0,1202,0,0,0,0,1
357131,Ville Seppä,2018,FIS,3650,False,4,4,0,295,0,0,0,0,0
357131,Ville Seppä,2018,FI3C,21041,False,4,2,0,180,0,0,0,0,0
357131,Ville Seppä,2018,FI2,3650,False,27,15,0,1328,0,0,0,0,0
357131,Ville Seppä,2017,FI3C,46555,False,22,17,0,1516,0,0,0,0,0
357131,Ville Seppä,2016,FJE,15697,False,18,5,0,450,0,0,0,0,1
357131,Ville Seppä,2016,FIS,2275,False,4,0,0,0,0,0,0,0,0
357131,Ville Seppä,2016,FINJ,15697,False,9,2,0,180,0,0,0,0,0
357131,Ville Seppä,2016,FI2,2275,False,27,0,0,0,0,0,0,0,0
357131,Ville Seppä,2015,FIS,23198,False,1,1,0,90,0,0,0,0,0
357131,Ville Seppä,2015,FI3B,23198,False,17,10,0,900,0,0,0,0,0
357131,Ville Seppä,2015,FI3A,22293,False,5,5,0,450,0,0,0,0,0
357131,Ville Seppä,2014,FJE,20873,False,8,6,0,540,0,0,0,0,0
357131,Ville Seppä,2014,FINJ,20873,False,9,4,0,360,0,0,0,0,0
357131,Ville Seppä,2014,FI3W,23195,False,22,12,0,1080,0,0,0,0,0
357131,Ville Seppä,2014,FI1,8042,False,1,0,0,0,0,0,0,0,0
357131,Ville Seppä,2013,FI3S,23198,False,23,5,0,450,0,0,0,0,0
737999,Luka Kuittinen,2026,ECLQ,8042,False,6,5,0,450,0,0,1,1,1
737999,Luka Kuittinen,2025,FIS,8042,False,4,3,0,195,0,0,0,0,0
737999,Luka Kuittinen,2025,FIL,8042,False,7,6,0,495,0,0,0,0,1
737999,Luka Kuittinen,2025,FI1,8042,False,20,16,0,1234,0,0,12,2,1
737999,Luka Kuittinen,2024,FS,20796,True,2,2,0,30,0,0,0,0,0
737999,Luka Kuittinen,2024,FIS,8042,False,2,1,0,90,0,0,0,0,0
737999,Luka Kuittinen,2024,FIL,8042,False,7,6,0,450,0,0,0,0,1
737999,Luka Kuittinen,2024,FI1,8042,False,22,20,0,1800,3,1,16,4,3
737999,Luka Kuittinen,2024,F1CL,8042,False,10,9,0,810,1,1,7,1,2
737999,Luka Kuittinen,2023,U21Q,20796,True,2,0,0,0,0,0,0,0,0
737999,Luka Kuittinen,2023,FIS,8042,False,6,6,0,570,0,0,0,0,2
737999,Luka Kuittinen,2023,FIS,23197,False,1,0,0,0,0,0,0,0,0
737999,Luka Kuittinen,2023,FIL,8042,False,7,4,0,315,0,0,0,0,1
737999,Luka Kuittinen,2023,FI3B,23197,False,4,2,0,180,1,0,0,0,2
737999,Luka Kuittinen,2023,FI1,8042,False,22,18,0,1363,3,2,15,3,3
737999,Luka Kuittinen,2023,F1CE,8042,False,1,1,0,120,0,0,0,0,0
737999,Luka Kuittinen,2023,F1CC,8042,False,5,4,0,360,0,0,4,0,1
737999,Luka Kuittinen,2022,FIS,8042,False,3,3,0,270,1,0,0,0,0
737999,Luka Kuittinen,2022,FIL,8042,False,6,6,0,540,1,0,0,0,2
737999,Luka Kuittinen,2022,FI2,23198,False,4,4,0,360,0,0,0,0,0
737999,Luka Kuittinen,2022,FI1,8042,False,22,12,0,917,0,1,5,0,3
737999,Luka Kuittinen,2022,F1CL,8042,False,5,1,0,73,0,0,1,0,0
737999,Luka Kuittinen,2022,F1CE,8042,False,1,0,0,0,0,0,0,0,0
737999,Luka Kuittinen,2022,ECLQ,8042,False,2,1,0,13,0,0,0,0,0
737999,Luka Kuittinen,2021,FS,20794,True,2,1,0,56,0,0,0,0,0
737999,Luka Kuittinen,2021,FIS,8042,False,5,3,0,181,0,0,0,0,1
737999,Luka Kuittinen,2021,FIL,8042,False,6,2,0,46,0,0,0,0,0
737999,Luka Kuittinen,2021,FI1,8042,False,22,12,0,689,0,0,0,0,1
737999,Luka Kuittinen,2021,F1CL,8042,False,5,5,0,271,0,0,0,0,2
737999,Luka Kuittinen,2021,F1CE,8042,False,1,1,0,90,0,0,0,0,0
737999,Luka Kuittinen,2020,YKAU,3776,False,5,5,0,435,0,0,0,0,0
737999,Luka Kuittinen,2020,POFI,3776,False,2,2,0,180,0,0,0,0,0
737999,Luka Kuittinen,2020,FIS,3776,False,4,4,0,271,0,0,0,0,1
737999,Luka Kuittinen,2020,FI2,3776,False,22,22,0,1953,3,2,0,0,3
737999,Luka Kuittinen,2019,KCUP,70795,False,3,3,0,145,1,0,0,0,0
737999,Luka Kuittinen,2019,FI3C,70795,False,17,11,0,647,1,0,0,0,3
1268838,Alex Hilden,2026,ECLQ,8042,False,6,0,0,0,0,0,0,0,0
1268838,Alex Hilden,2025,FIYK,23197,False,5,5,0,450,0,0,0,0,0
1268838,Alex Hilden,2025,FIS,8042,False,4,0,0,0,0,0,0,0,0
1268838,Alex Hilden,2025,FIL,8042,False,7,0,0,0,0,0,0,0,0
1268838,Alex Hilden,2025,FI1,8042,False,20,0,0,0,0,0,0,0,0
1268838,Alex Hilden,2024,FS,20792,True,2,0,0,0,0,0,0,0,0
1268838,Alex Hilden,2024,FIYK,23197,False,22,5,0,450,0,0,0,0,0
1268838,Alex Hilden,2024,FINJ,20873,False,1,1,0,90,0,0,0,0,0
1268838,Alex Hilden,2024,FI3R,23197,False,5,2,0,180,0,0,0,0,0
1268838,Alex Hilden,2024,FI3B,1990,False,1,1,0,90,0,0,0,0,0
1268838,Alex Hilden,2023,FS,20791,True,3,2,0,180,0,0,0,0,0
592393,Jussi Niska,2026,ECLQ,8042,False,6,6,0,537,0,0,0,0,0
592393,Jussi Niska,2025,FS,3443,True,1,1,0,45,0,0,0,0,0
592393,Jussi Niska,2025,FIS,8042,False,4,3,0,190,0,0,0,0,1
592393,Jussi Niska,2025,FIL,8042,False,7,6,0,426,0,0,0,0,0
592393,Jussi Niska,2025,FI1,8042,False,20,18,0,1415,1,1,20,3,1
592393,Jussi Niska,2024,WMQ6,3443,True,1,0,0,0,0,0,0,0,0
592393,Jussi Niska,2024,FIS,8042,False,2,1,0,74,0,0,0,0,0
592393,Jussi Niska,2024,FIL,8042,False,7,7,0,380,0,1,0,0,0
592393,Jussi Niska,2024,FI1,8042,False,22,22,0,1830,3,1,26,5,0
592393,Jussi Niska,2024,F1CL,8042,False,10,9,0,601,2,0,14,2,1
592393,Jussi Niska,2023,U21Q,20796,True,12,2,0,47,0,0,0,0,0
592393,Jussi Niska,2023,FS,20796,True,4,2,0,90,0,0,0,0,0
592393,Jussi Niska,2023,FIS,8042,False,6,6,0,435,0,1,0,0,0
592393,Jussi Niska,2023,FIL,8042,False,7,2,0,135,0,0,0,0,0
592393,Jussi Niska,2023,FI1,8042,False,22,19,0,1126,0,0,11,2,3
592393,Jussi Niska,2023,F1CE,8042,False,1,1,0,109,0,0,1,1,1
592393,Jussi Niska,2023,F1CC,8042,False,5,4,0,239,0,1,3,0,2
592393,Jussi Niska,2022,FS,20796,True,4,4,0,165,0,0,0,0,1
592393,Jussi Niska,2022,FIS,8042,False,3,2,0,156,0,0,0,0,1
592393,Jussi Niska,2022,FIL,8042,False,6,6,0,279,0,0,0,0,1
592393,Jussi Niska,2022,FI1,8042,False,22,17,0,876,0,1,13,2,3
592393,Jussi Niska,2022,F1CL,8042,False,5,4,0,199,0,0,1,0,0
592393,Jussi Niska,2022,F1CE,8042,False,1,1,0,47,0,0,1,0,0
592393,Jussi Niska,2022,ECLQ,8042,False,2,2,0,167,1,0,0,0,0
592393,Jussi Niska,2021,FIS,8042,False,5,2,0,150,1,0,0,0,0
592393,Jussi Niska,2021,FIL,8042,False,6,6,0,381,0,0,0,0,3
592393,Jussi Niska,2021,FI1,8042,False,22,16,0,1131,0,1,0,0,3
592393,Jussi Niska,2021,F1CL,8042,False,5,4,0,359,0,0,0,0,1
592393,Jussi Niska,2021,F1CE,8042,False,1,1,0,23,1,0,0,0,0
592393,Jussi Niska,2020,YKAU,3776,False,5,5,0,437,0,1,0,0,1
592393,Jussi Niska,2020,POFI,3776,False,2,2,0,162,0,0,0,0,0
592393,Jussi Niska,2020,FIS,3776,False,4,4,0,360,0,2,0,0,1
592393,Jussi Niska,2020,FI2,3776,False,22,9,0,506,0,4,0,0,0
592393,Jussi Niska,2019,FIS,3776,False,5,5,0,426,0,0,0,0,1
592393,Jussi Niska,2019,FI3C,70795,False,1,1,0,83,0,0,0,0,0
592393,Jussi Niska,2019,FI1,3776,False,22,20,0,1322,0,1,0,0,1
592393,Jussi Niska,2018,U17Q,20792,True,3,1,0,32,0,0,0,0,0
592393,Jussi Niska,2018,FS,20792,True,3,3,0,164,0,0,0,0,0
592393,Jussi Niska,2018,FIKP,70795,False,3,3,0,154,0,0,0,0,0
592393,Jussi Niska,2018,FI3C,70795,False,20,3,0,241,0,0,0,0,0
592393,Jussi Niska,2017,FS,20791,True,3,2,0,160,0,0,0,0,0
1134347,Ilari Kangasniemi,2026,ECLQ,8042,False,6,6,0,531,0,0,0,0,0
1134347,Ilari Kangasniemi,2025,U19Q,20794,True,3,3,0,270,0,1,0,0,1
1134347,Ilari Kangasniemi,2025,FS,20796,True,2,2,0,132,0,0,0,0,0
1134347,Ilari Kangasniemi,2025,FS,20794,True,4,4,0,315,1,0,0,0,1
1134347,Ilari Kangasniemi,2025,FIS,8042,False,4,3,0,261,1,0,0,0,1
1134347,Ilari Kangasniemi,2025,FIL,8042,False,7,7,0,563,2,0,0,0,2
1134347,Ilari Kangasniemi,2025,FI1,8042,False,20,14,0,1170,1,0,9,2,2
1134347,Ilari Kangasniemi,2024,U19Q,20794,True,6,5,0,450,0,0,0,0,0
1134347,Ilari Kangasniemi,2024,ITJ7,75868,False,34,25,0,1907,2,1,0,0,1
1134347,Ilari Kangasniemi,2024,IT18,75868,False,2,2,0,210,0,0,0,0,0
1134347,Ilari Kangasniemi,2024,IJ1,5380,False,32,0,0,0,0,0,0,0,0
1134347,Ilari Kangasniemi,2024,FS,20794,True,2,2,0,115,0,0,0,0,1
1134347,Ilari Kangasniemi,2024,FS,20793,True,3,3,0,225,0,0,0,0,0
1134347,Ilari Kangasniemi,2024,FIYK,23197,False,1,1,0,90,0,0,0,0,0
1134347,Ilari Kangasniemi,2024,FI3R,23197,False,3,3,0,270,0,0,0,0,0
1134347,Ilari Kangasniemi,2024,FI1,8042,False,1,0,0,0,0,0,0,0,0
1134347,Ilari Kangasniemi,2024,F1CL,8042,False,10,2,0,102,0,0,0,0,0
1134347,Ilari Kangasniemi,2024,CITP,5380,False,2,0,0,0,0,0,0,0,0
1134347,Ilari Kangasniemi,2024,19YL,62104,False,6,2,0,111,0,0,0,0,1
1134347,Ilari Kangasniemi,2023,U17Q,20792,True,6,5,0,450,0,0,0,0,2
1134347,Ilari Kangasniemi,2023,ITJF,48967,False,2,2,0,180,0,0,0,0,0
1134347,Ilari Kangasniemi,2023,ITJ7,75868,False,1,0,0,0,0,0,0,0,0
1134347,Ilari Kangasniemi,2023,ITJ5,48967,False,11,7,0,630,0,0,0,0,0
1134347,Ilari Kangasniemi,2023,IT18,75868,False,1,1,0,4,0,0,0,0,0
1134347,Ilari Kangasniemi,2023,FS,20793,True,7,1,0,90,0,0,0,0,0
1134347,Ilari Kangasniemi,2023,FS,20792,True,9,7,0,472,0,0,0,0,1
1134347,Ilari Kangasniemi,2023,FS,20791,True,1,1,0,45,0,0,0,0,1
1134347,Ilari Kangasniemi,2022,YKAU,45310,False,5,4,0,360,0,0,0,0,0
1134347,Ilari Kangasniemi,2022,FS,20791,True,2,1,0,90,1,0,0,0,0
1134347,Ilari Kangasniemi,2022,FIS,45310,False,1,1,0,90,0,0,0,0,0
1134347,Ilari Kangasniemi,2022,FI2,45310,False,20,2,0,96,0,0,0,0,0
488776,Seth Saarinen,2026,ECLQ,8042,False,6,6,0,533,0,0,0,0,0
488776,Seth Saarinen,2025,FIS,8042,False,4,4,0,191,0,1,0,0,0
488776,Seth Saarinen,2025,FIL,8042,False,7,3,0,195,0,0,0,0,0
488776,Seth Saarinen,2025,FI1,8042,False,20,12,0,537,0,0,6,4,1
488776,Seth Saarinen,2024,PON2,642,False,2,0,0,0,0,0,0,0,0
488776,Seth Saarinen,2024,NLP,642,False,1,1,0,68,0,0,0,0,0
488776,Seth Saarinen,2024,NL2,642,False,18,4,0,164,0,1,0,0,0
488776,Seth Saarinen,2024,FI1,8042,False,5,5,0,217,0,1,3,0,0
488776,Seth Saarinen,2024,F1CL,8042,False,10,7,0,400,0,0,4,0,0
488776,Seth Saarinen,2024,ECLQ,6251,False,4,1,0,9,0,0,0,0,0
488776,Seth Saarinen,2023,FIYK,95361,False,1,1,0,90,1,0,0,0,0
488776,Seth Saarinen,2023,FIS,6251,False,5,5,0,375,0,1,0,0,1
488776,Seth Saarinen,2023,FIL,6251,False,7,7,0,339,0,1,0,0,3
488776,Seth Saarinen,2023,FI1,6251,False,22,15,0,905,1,1,8,1,1
488776,Seth Saarinen,2023,F1CL,6251,False,5,4,0,146,0,0,0,0,1
488776,Seth Saarinen,2023,ECLQ,6251,False,2,2,0,180,0,0,0,0,0
488776,Seth Saarinen,2022,FIS,6251,False,3,3,0,239,0,0,0,0,0
488776,Seth Saarinen,2022,FIL,6251,False,6,6,0,384,0,0,0,0,0
488776,Seth Saarinen,2022,FI1,6251,False,22,21,0,1669,2,3,12,5,0
488776,Seth Saarinen,2022,F1CL,6251,False,5,3,0,130,1,0,1,1,0
488776,Seth Saarinen,2021,FIS,1225,False,4,4,0,246,0,0,0,0,0
488776,Seth Saarinen,2021,FIL,1225,False,5,5,0,244,0,0,0,0,0
488776,Seth Saarinen,2021,FI1,1225,False,22,21,0,1569,1,1,0,0,2
488776,Seth Saarinen,2021,F1CL,1225,False,5,5,0,326,0,0,0,0,0
488776,Seth Saarinen,2021,F1CE,1225,False,2,2,0,105,0,0,0,0,0
488776,Seth Saarinen,2020,FIS,1225,False,3,2,0,102,0,0,0,0,0
488776,Seth Saarinen,2020,FI1,1225,False,22,16,0,1071,2,0,0,0,2
488776,Seth Saarinen,2020,F1CC,1225,False,5,3,0,239,0,0,0,0,1
488776,Seth Saarinen,2019,U19Q,20794,True,3,0,0,0,0,0,0,0,0
488776,Seth Saarinen,2019,FIS,1225,False,8,6,0,233,1,1,0,0,0
488776,Seth Saarinen,2019,FINJ,8808,False,6,3,0,166,0,0,0,0,0
488776,Seth Saarinen,2019,FI1,1225,False,22,12,0,466,0,0,0,0,3
488776,Seth Saarinen,2018,KCUP,11131,False,2,2,0,180,0,0,0,0,0
488776,Seth Saarinen,2018,FS,20793,True,3,2,0,135,0,0,0,0,0
488776,Seth Saarinen,2018,FINJ,15665,False,1,1,0,90,0,0,0,0,1
488776,Seth Saarinen,2018,FI3A,11131,False,22,20,0,1641,1,0,0,0,3
488776,Seth Saarinen,2017,FS,20791,True,1,1,0,50,0,0,0,0,1
488776,Seth Saarinen,2017,FIS,11131,False,5,0,0,0,0,0,0,0,0
488776,Seth Saarinen,2017,FI2,11131,False,27,2,0,83,0,0,0,0,0
488776,Seth Saarinen,2017,CH17,33982,False,7,0,0,0,0,0,0,0,0
488776,Seth Saarinen,2016,FS,34682,True,2,2,0,87,0,0,0,0,0
488776,Seth Saarinen,2016,FS,20791,True,4,3,0,135,0,0,0,0,0
488776,Seth Saarinen,2015,FS,20791,True,1,1,0,65,0,0,0,0,0
488778,Julius Tauriainen,2026,ECLQ,8042,False,6,4,0,45,0,0,0,0,0
488778,Julius Tauriainen,2025,FIYK,23197,False,1,1,0,90,0,0,0,0,0
488778,Julius Tauriainen,2025,FIS,8042,False,4,4,0,360,3,1,0,0,0
488778,Julius Tauriainen,2025,FIL,8042,False,7,6,0,366,0,1,0,0,0
488778,Julius Tauriainen,2025,FI1,8042,False,20,10,0,575,2,1,11,4,1
488778,Julius Tauriainen,2024,FI3R,23197,False,3,3,0,159,0,0,0,0,0
488778,Julius Tauriainen,2024,FI1,8042,False,3,0,0,0,0,0,0,0,0
488778,Julius Tauriainen,2024,F1CL,8042,False,10,4,0,24,0,0,3,0,0
488778,Julius Tauriainen,2023,POFI,2925,False,2,0,0,0,0,0,0,0,0
488778,Julius Tauriainen,2023,FIS,2925,False,3,2,0,135,1,0,0,0,0
488778,Julius Tauriainen,2023,FIL,2925,False,6,4,0,298,0,0,0,0,2
488778,Julius Tauriainen,2023,FI1,2925,False,22,15,0,1213,1,3,17,3,2
488778,Julius Tauriainen,2023,F1CC,2925,False,5,0,0,0,0,0,0,0,0
488778,Julius Tauriainen,2022,PL33,38176,False,10,5,0,390,0,0,0,0,0
488778,Julius Tauriainen,2022,FIS,2925,False,3,1,0,90,0,0,0,0,0
488778,Julius Tauriainen,2022,FIL,2925,False,4,2,0,115,0,1,0,0,0
488778,Julius Tauriainen,2022,FI1,2925,False,22,16,0,1347,1,2,6,3,2
488778,Julius Tauriainen,2022,F1CC,2925,False,5,5,0,450,0,0,6,3,0
488778,Julius Tauriainen,2021,U21Q,20796,True,10,9,0,736,1,1,0,0,0
488778,Julius Tauriainen,2021,L3,245,False,38,28,0,1877,1,2,20,5,2
488778,Julius Tauriainen,2021,FS,20796,True,1,1,0,56,0,0,0,0,0
488778,Julius Tauriainen,2020,RLSW,245,False,42,11,0,443,1,1,0,0,1
488778,Julius Tauriainen,2019,U19Q,20794,True,3,3,0,237,0,0,0,0,0
488778,Julius Tauriainen,2019,FS,20794,True,2,2,0,83,0,0,0,0,0
488778,Julius Tauriainen,2019,ELQ,1008,False,2,0,0,0,0,0,0,0,0
488778,Julius Tauriainen,2019,DFBJ,4042,False,1,1,0,14,0,0,0,0,0
488778,Julius Tauriainen,2019,CLQ,1008,False,4,0,0,0,0,0,0,0,0
488778,Julius Tauriainen,2019,AJ3,4042,False,16,16,0,1440,1,2,0,0,1
488778,Julius Tauriainen,2018,KCUP,11131,False,2,0,0,0,0,0,0,0,0
488778,Julius Tauriainen,2018,FS,20793,True,4,4,0,205,1,0,0,0,0
488778,Julius Tauriainen,2018,FIS,1008,False,5,2,0,51,0,0,0,0,0
488778,Julius Tauriainen,2018,FI3A,11131,False,17,12,0,1080,7,1,0,0,0
488778,Julius Tauriainen,2018,FI1,1008,False,21,0,0,0,0,0,0,0,0
488778,Julius Tauriainen,2018,ELQ,1008,False,2,0,0,0,0,0,0,0,0
488778,Julius Tauriainen,2018,CLQ,1008,False,3,0,0,0,0,0,0,0,0
488778,Julius Tauriainen,2018,19YL,50922,False,2,2,0,118,0,0,0,0,0
488778,Julius Tauriainen,2017,U17Q,20792,True,6,3,0,157,0,0,0,0,0
488778,Julius Tauriainen,2017,FS,20792,True,8,3,0,114,0,0,0,0,0
488778,Julius Tauriainen,2017,FS,20791,True,1,1,0,80,0,0,0,0,0
488778,Julius Tauriainen,2017,FIS,11131,False,5,3,0,200,0,0,0,0,0
488778,Julius Tauriainen,2017,FI2,11131,False,27,26,0,1700,2,0,0,0,0
488778,Julius Tauriainen,2017,FI1,1008,False,14,0,0,0,0,0,0,0,0
488778,Julius Tauriainen,2016,FS,34682,True,2,2,0,89,0,0,0,0,0
488778,Julius Tauriainen,2016,FS,20791,True,4,3,0,87,0,0,0,0,0
488778,Julius Tauriainen,2015,FS,20791,True,1,1,0,31,0,0,0,0,0
146907,Albin Granlund,2026,ECLQ,8042,False,6,1,0,4,0,0,0,0,0
146907,Albin Granlund,2025,FIS,8042,False,4,1,0,90,0,0,0,0,0
146907,Albin Granlund,2025,FIL,8042,False,7,3,0,163,0,1,0,0,0
146907,Albin Granlund,2025,FI1,8042,False,20,13,0,901,0,1,8,0,2
146907,Albin Granlund,2024,FIS,8042,False,2,0,0,0,0,0,0,0,0
146907,Albin Granlund,2024,FIL,8042,False,7,7,0,477,0,0,0,0,0
146907,Albin Granlund,2024,FI1,8042,False,22,19,0,1429,0,1,10,2,2
146907,Albin Granlund,2024,F1CL,8042,False,10,10,0,685,0,1,6,3,1
146907,Albin Granlund,2023,FIS,8042,False,6,5,0,312,0,0,0,0,1
146907,Albin Granlund,2023,FIL,8042,False,7,7,0,452,1,0,0,0,1
146907,Albin Granlund,2023,FI1,8042,False,22,15,0,1322,0,0,6,1,1
146907,Albin Granlund,2023,F1CE,8042,False,1,1,0,120,0,0,0,0,1
146907,Albin Granlund,2023,F1CC,8042,False,5,3,0,238,0,0,2,0,0
146907,Albin Granlund,2022,UNLB,3443,True,4,1,0,79,0,0,0,0,0
146907,Albin Granlund,2022,POFI,6017,False,2,2,0,180,0,0,1,0,0
146907,Albin Granlund,2022,FIS,6017,False,6,4,0,198,0,0,0,0,0
146907,Albin Granlund,2022,FIL,6017,False,5,2,0,95,0,0,0,0,0
146907,Albin Granlund,2022,FI1,6017,False,22,18,0,1451,0,3,6,1,1
146907,Albin Granlund,2022,F1CC,6017,False,5,4,0,291,1,1,3,1,0
146907,Albin Granlund,2021,POPU,22431,False,1,1,0,90,0,0,0,0,0
146907,Albin Granlund,2021,PL1,22431,False,34,17,0,702,0,0,1,0,0
146907,Albin Granlund,2021,FS,3443,True,3,0,0,0,0,0,0,0,0
146907,Albin Granlund,2021,FI1,6017,False,5,4,0,315,1,0,0,0,0
146907,Albin Granlund,2021,F1CC,6017,False,5,2,0,96,0,0,0,0,0
146907,Albin Granlund,2020,WMQ6,3443,True,8,2,0,95,0,0,2,0,0
146907,Albin Granlund,2020,UNLB,3443,True,6,1,0,86,0,0,0,0,0
146907,Albin Granlund,2020,SEC,1056,False,1,0,0,0,0,0,0,0,0
146907,Albin Granlund,2020,PL1,22431,False,16,12,0,748,0,1,6,0,2
146907,Albin Granlund,2020,FS,3443,True,5,0,0,0,0,0,0,0,0
146907,Albin Granlund,2020,EURO,3443,True,3,0,0,0,0,0,0,0,0
146907,Albin Granlund,2019,SEC,1056,False,4,3,0,270,0,0,0,0,0
146907,Albin Granlund,2019,SE1,1056,False,30,22,0,1814,0,1,4,0,5
146907,Albin Granlund,2018,UNLC,3443,True,6,4,0,256,0,0,0,0,2
146907,Albin Granlund,2018,SEC,1056,False,4,0,0,0,0,0,0,0,0
146907,Albin Granlund,2018,SE1,1056,False,30,23,0,1844,0,1,4,0,1
146907,Albin Granlund,2018,FS,3443,True,2,2,0,108,0,0,0,0,1
146907,Albin Granlund,2018,EMQ,3443,True,10,4,0,300,0,0,0,0,0
146907,Albin Granlund,2017,SEC,1056,False,4,0,0,0,0,0,0,0,0
146907,Albin Granlund,2017,SE1,1056,False,30,20,0,1333,0,0,4,0,1
146907,Albin Granlund,2017,S21N,43455,False,1,1,0,90,0,0,0,0,0
146907,Albin Granlund,2017,FS,3443,True,6,3,0,159,0,0,0,0,0
146907,Albin Granlund,2017,CLQ,6017,False,2,2,0,41,0,0,0,0,0
146907,Albin Granlund,2016,WMQ6,3443,True,10,3,0,200,0,0,0,0,1
146907,Albin Granlund,2016,FS,3443,True,5,1,0,12,0,0,0,0,0
146907,Albin Granlund,2016,FIS,6017,False,6,2,0,106,0,0,0,0,0
146907,Albin Granlund,2016,FI1,6017,False,33,20,0,1680,0,2,0,0,0
146907,Albin Granlund,2016,ELQ,6017,False,2,2,0,180,0,0,0,0,0
146907,Albin Granlund,2015,FIS,6017,False,2,0,0,0,0,0,0,0,0
146907,Albin Granlund,2015,FIL,6017,False,5,4,0,270,0,0,0,0,0
146907,Albin Granlund,2015,FI3B,51477,False,1,1,0,61,0,0,0,0,0
146907,Albin Granlund,2015,FI1,6017,False,33,21,0,1759,0,0,0,0,0
146907,Albin Granlund,2014,FIS,6017,False,6,6,0,495,0,0,0,0,0
146907,Albin Granlund,2014,FIL,6017,False,4,2,0,139,0,0,0,0,0
146907,Albin Granlund,2014,FI1,6017,False,33,22,0,1746,0,0,0,0,1
146907,Albin Granlund,2013,FIS,6017,False,3,2,0,180,0,0,0,0,0
146907,Albin Granlund,2013,FIL,6017,False,6,6,0,507,0,0,0,0,0
146907,Albin Granlund,2013,FI1,6017,False,33,30,0,2691,0,0,0,0,2
146907,Albin Granlund,2012,FIS,3776,False,5,4,0,210,0,0,0,0,0
146907,Albin Granlund,2012,FIL,3776,False,7,0,0,0,0,0,0,0,0
146907,Albin Granlund,2012,FI1,3776,False,33,16,0,1265,1,0,0,0,0
146907,Albin Granlund,2011,FIL,3779,False,1,1,0,90,0,0,0,0,1
146907,Albin Granlund,2011,FI2,3776,False,27,25,0,2174,2,0,0,0,2
146907,Albin Granlund,2010,FIL,3776,False,2,0,0,0,0,0,0,0,0
146907,Albin Granlund,2010,FI1,3776,False,33,31,0,2718,1,1,0,0,0
146907,Albin Granlund,2009,FI2,3776,False,26,26,0,2340,0,0,0,0,0
228650,Juuso Hämäläinen,2026,ECLQ,8042,False,6,1,0,90,0,0,0,0,0
228650,Juuso Hämäläinen,2025,FIS,8042,False,4,1,0,75,0,0,0,0,0
228650,Juuso Hämäläinen,2025,FIL,8042,False,7,3,0,113,1,0,0,0,1
228650,Juuso Hämäläinen,2025,FI1,8042,False,20,9,0,720,0,0,6,0,5
228650,Juuso Hämäläinen,2024,FIS,8042,False,2,0,0,0,0,0,0,0,0
228650,Juuso Hämäläinen,2024,FIL,8042,False,7,3,0,214,0,0,0,0,0
228650,Juuso Hämäläinen,2024,FI1,8042,False,22,12,0,878,0,0,6,0,1
228650,Juuso Hämäläinen,2024,F1CL,8042,False,10,9,0,321,0,0,1,0,0
228650,Juuso Hämäläinen,2023,FIS,8042,False,6,3,0,225,0,0,0,0,1
228650,Juuso Hämäläinen,2023,FIL,8042,False,7,5,0,363,0,1,0,0,1
228650,Juuso Hämäläinen,2023,FI1,8042,False,22,19,0,1661,2,0,11,5,8
228650,Juuso Hämäläinen,2023,F1CE,8042,False,1,0,0,0,0,0,0,0,0
228650,Juuso Hämäläinen,2023,F1CC,8042,False,5,1,0,45,0,0,0,0,0
228650,Juuso Hämäläinen,2022,FIS,8042,False,3,2,0,180,0,0,0,0,0
228650,Juuso Hämäläinen,2022,FIL,8042,False,6,2,0,83,0,0,0,0,0
228650,Juuso Hämäläinen,2022,FI1,8042,False,22,13,0,908,0,0,4,1,2
228650,Juuso Hämäläinen,2022,F1CL,8042,False,5,4,0,360,0,0,1,1,2
228650,Juuso Hämäläinen,2022,F1CE,8042,False,1,1,0,120,0,0,0,0,0
228650,Juuso Hämäläinen,2022,ECLQ,8042,False,2,0,0,0,0,0,0,0,0
228650,Juuso Hämäläinen,2021,FIS,8042,False,5,2,0,93,0,0,0,0,0
228650,Juuso Hämäläinen,2021,FIL,8042,False,6,0,0,0,0,0,0,0,0
228650,Juuso Hämäläinen,2021,FI1,8042,False,22,3,0,270,1,0,0,0,1
228650,Juuso Hämäläinen,2021,F1CL,8042,False,5,4,0,263,0,0,0,0,1
228650,Juuso Hämäläinen,2021,F1CE,8042,False,1,1,0,67,0,0,0,0,0
228650,Juuso Hämäläinen,2021,ECLQ,8042,False,2,1,0,90,0,0,0,0,0
228650,Juuso Hämäläinen,2020,FIS,8042,False,5,3,0,270,0,0,0,0,2
228650,Juuso Hämäläinen,2020,FI1,8042,False,22,15,0,1223,0,1,0,0,7
228650,Juuso Hämäläinen,2020,F1CL,8042,False,5,3,0,185,0,0,0,0,0
228650,Juuso Hämäläinen,2020,ELQ,8042,False,1,1,0,120,0,0,0,0,0
228650,Juuso Hämäläinen,2019,FIS,8042,False,9,5,0,399,1,0,0,0,2
228650,Juuso Hämäläinen,2019,FI1,8042,False,22,14,0,986,0,0,0,0,7
228650,Juuso Hämäläinen,2019,ELQ,8042,False,2,2,0,180,0,1,0,0,0
228650,Juuso Hämäläinen,2018,FIS,8042,False,7,6,0,454,0,1,0,0,0
228650,Juuso Hämäläinen,2018,FI1,8042,False,22,18,0,1533,1,1,0,0,4
228650,Juuso Hämäläinen,2018,F1CL,8042,False,5,5,0,450,0,0,0,0,2
228650,Juuso Hämäläinen,2017,FIS,3776,False,5,2,0,135,0,0,0,0,0
228650,Juuso Hämäläinen,2017,FI1,3776,False,33,27,0,2197,0,0,0,0,5
228650,Juuso Hämäläinen,2016,FIS,3776,False,6,6,0,540,0,0,0,0,1
228650,Juuso Hämäläinen,2016,FI1,3776,False,33,29,0,2591,0,0,0,0,3
228650,Juuso Hämäläinen,2016,ELQ,3776,False,4,4,0,360,0,0,0,0,0
228650,Juuso Hämäläinen,2015,FIS,3776,False,2,1,0,90,0,0,0,0,0
228650,Juuso Hämäläinen,2015,FIL,3776,False,5,5,0,370,0,0,0,0,1
228650,Juuso Hämäläinen,2015,FI1,3776,False,33,28,0,2520,0,0,0,0,8
228650,Juuso Hämäläinen,2014,FIS,8042,False,5,5,0,360,0,0,0,0,0
228650,Juuso Hämäläinen,2014,FIL,8042,False,5,0,0,0,0,0,0,0,0
228650,Juuso Hämäläinen,2014,FI1,8042,False,33,26,0,2176,1,0,0,0,4
228650,Juuso Hämäläinen,2013,U21Q,20796,True,9,1,0,12,0,0,0,0,0
228650,Juuso Hämäläinen,2013,FS,20795,True,2,2,0,135,0,0,0,0,0
228650,Juuso Hämäläinen,2013,FIS,8042,False,5,5,0,400,2,0,0,0,1
228650,Juuso Hämäläinen,2013,FIL,8042,False,5,2,0,117,0,0,0,0,0
228650,Juuso Hämäläinen,2013,FI1,8042,False,33,31,0,2496,1,0,0,0,2
228650,Juuso Hämäläinen,2013,ELQ,8042,False,2,1,0,90,0,0,0,0,0
228650,Juuso Hämäläinen,2012,FIS,8042,False,2,2,0,157,0,0,0,0,1
228650,Juuso Hämäläinen,2012,FIL,8042,False,6,2,0,180,0,0,0,0,0
228650,Juuso Hämäläinen,2012,FI1,8042,False,33,26,0,2087,1,0,0,0,2
228650,Juuso Hämäläinen,2011,FINJ,20873,False,18,10,0,848,0,0,0,0,0
1018033,Axel Sandler,2026,ECLQ,8042,False,6,0,0,0,0,0,0,0,0
1018033,Axel Sandler,2025,FS,20794,True,2,2,0,135,0,0,0,0,0
1018033,Axel Sandler,2025,FIYK,23197,False,16,11,0,971,1,0,0,0,3
1018033,Axel Sandler,2025,FIS,8042,False,4,2,0,99,0,0,0,0,1
1018033,Axel Sandler,2025,FIL,8042,False,3,0,0,0,0,0,0,0,0
1018033,Axel Sandler,2025,FI1,8042,False,20,0,0,0,0,0,0,0,0
1018033,Axel Sandler,2024,FS,20793,True,4,1,0,90,0,0,0,0,0
1018033,Axel Sandler,2023,U17Q,20792,True,6,6,0,540,0,0,0,0,0
1018033,Axel Sandler,2023,ITJ7,76093,False,32,19,0,901,1,0,0,0,1
1018033,Axel Sandler,2023,FS,20793,True,3,3,0,142,0,0,0,0,1
1018033,Axel Sandler,2023,FS,20792,True,9,7,0,406,0,0,0,0,0
1018033,Axel Sandler,2023,FS,20791,True,1,1,0,90,0,0,0,0,0
1018033,Axel Sandler,2022,FS,20791,True,5,3,0,270,0,0,0,0,1
1018033,Axel Sandler,2022,FI3A,11131,False,5,1,0,90,0,0,0,0,0
1018033,Axel Sandler,2021,FS,34682,True,5,4,0,248,0,0,0,0,0
579257,Prosper Ahiabu,2026,ECLQ,8042,False,6,6,0,282,1,2,1,0,0
579257,Prosper Ahiabu,2025,FIS,8042,False,4,3,0,261,0,0,0,0,1
579257,Prosper Ahiabu,2025,FIL,8042,False,7,7,0,618,1,0,0,0,1
579257,Prosper Ahiabu,2025,FI1,8042,False,20,18,0,1544,1,0,21,6,5
579257,Prosper Ahiabu,2024,FIS,1102,False,4,4,0,335,2,3,0,0,0
579257,Prosper Ahiabu,2024,FIL,1102,False,5,5,0,450,0,0,0,0,3
579257,Prosper Ahiabu,2024,FI1,1102,False,22,21,0,1841,1,2,21,7,4
579257,Prosper Ahiabu,2024,F1CC,1102,False,5,4,0,360,1,0,4,1,2
579257,Prosper Ahiabu,2024,ECLQ,1102,False,2,2,0,180,1,0,0,0,0
579257,Prosper Ahiabu,2023,FIS,1102,False,2,1,0,63,1,0,0,0,0
579257,Prosper Ahiabu,2023,FIL,1102,False,5,5,0,431,0,0,0,0,1
579257,Prosper Ahiabu,2023,FI1,1102,False,22,20,0,1773,0,2,18,3,2
579257,Prosper Ahiabu,2023,F1CL,1102,False,5,5,0,450,0,0,5,1,1
579257,Prosper Ahiabu,2023,F1CE,1102,False,1,1,0,90,0,0,0,0,0
579257,Prosper Ahiabu,2022,FIS,1102,False,4,2,0,115,0,0,0,0,0
579257,Prosper Ahiabu,2022,FIL,1102,False,5,5,0,409,0,0,0,0,1
579257,Prosper Ahiabu,2022,FI1,1102,False,22,20,0,1800,1,0,16,3,5
579257,Prosper Ahiabu,2022,F1CL,1102,False,5,5,0,450,1,0,5,1,1
579257,Prosper Ahiabu,2022,F1CE,1102,False,2,2,0,180,0,1,2,0,0
579257,Prosper Ahiabu,2021,TUN1,52128,False,11,4,0,158,0,0,0,0,1
579257,Prosper Ahiabu,2021,FIS,1102,False,4,4,0,247,0,1,0,0,0
579257,Prosper Ahiabu,2021,FI1,1102,False,22,21,0,1867,0,0,0,0,5
579257,Prosper Ahiabu,2021,F1CE,1102,False,4,4,0,389,0,0,0,0,2
579257,Prosper Ahiabu,2021,F1CC,1102,False,5,5,0,450,0,0,0,0,0
579257,Prosper Ahiabu,2020,GHPL,13607,False,20,17,0,1413,0,0,0,0,3
579257,Prosper Ahiabu,2019,GHPL,46484,False,15,12,0,888,0,0,0,0,1
579257,Prosper Ahiabu,2018,20AC,22978,True,3,3,0,119,0,0,0,0,0
579257,Prosper Ahiabu,2017,GHPL,46484,False,14,14,0,1260,0,0,0,0,4
1118058,Bismark Ampofo,2026,ECLQ,8042,False,6,5,0,412,0,0,1,0,0
1118058,Bismark Ampofo,2025,FIS,8042,False,4,1,0,45,0,0,0,0,0
1118058,Bismark Ampofo,2025,FIL,8042,False,7,3,0,252,1,0,0,0,0
1118058,Bismark Ampofo,2025,FI1,8042,False,20,2,0,142,0,1,1,0,0
1118058,Bismark Ampofo,2024,FIS,8042,False,2,1,0,66,0,0,0,0,0
1118058,Bismark Ampofo,2024,FIL,8042,False,7,0,0,0,0,0,0,0,0
1118058,Bismark Ampofo,2024,FI1,8042,False,22,18,0,1212,2,1,19,5,2
1118058,Bismark Ampofo,2024,F1CL,8042,False,10,10,0,810,0,0,3,0,0
1118058,Bismark Ampofo,2023,FIS,8042,False,6,1,0,26,1,0,0,0,0
1118058,Bismark Ampofo,2023,FIL,8042,False,7,7,0,568,0,1,0,0,3
1118058,Bismark Ampofo,2023,FI1,8042,False,22,11,0,987,0,2,7,1,2
1118058,Bismark Ampofo,2023,F1CE,8042,False,1,0,0,0,0,0,0,0,0
1118058,Bismark Ampofo,2023,F1CC,8042,False,5,0,0,0,0,0,0,0,0
1118058,Bismark Ampofo,2022,FIS,8042,False,3,2,0,180,0,0,0,0,0
1118058,Bismark Ampofo,2022,FI1,8042,False,21,17,0,1168,2,0,19,8,3
1118058,Bismark Ampofo,2022,F1CL,8042,False,5,4,0,283,0,0,0,0,1
1118058,Bismark Ampofo,2022,F1CE,8042,False,1,1,0,120,0,0,2,0,1
622439,Johannes Yli-Kokko,2026,ECLQ,8042,False,6,0,0,0,0,0,0,0,0
622439,Johannes Yli-Kokko,2025,FIS,8042,False,4,2,0,55,0,0,0,0,0
622439,Johannes Yli-Kokko,2025,FIL,8042,False,7,4,0,77,0,0,0,0,0
622439,Johannes Yli-Kokko,2025,FI1,8042,False,20,15,0,691,2,3,13,4,1
622439,Johannes Yli-Kokko,2024,FIS,8042,False,2,2,0,74,0,0,0,0,0
622439,Johannes Yli-Kokko,2024,FIL,8042,False,7,7,0,403,2,0,0,0,0
622439,Johannes Yli-Kokko,2024,FI1,8042,False,22,17,0,820,1,1,11,3,3
622439,Johannes Yli-Kokko,2024,F1CL,8042,False,10,7,0,373,0,1,3,1,0
622439,Johannes Yli-Kokko,2024,CLQ,1008,False,2,0,0,0,0,0,0,0,0
622439,Johannes Yli-Kokko,2023,KP3B,23197,False,1,1,0,90,1,0,0,0,0
622439,Johannes Yli-Kokko,2023,FIS,8042,False,2,0,0,0,0,0,0,0,0
622439,Johannes Yli-Kokko,2023,FIS,1008,False,2,2,0,167,0,1,0,0,1
622439,Johannes Yli-Kokko,2023,FIL,1008,False,5,0,0,0,0,0,0,0,0
622439,Johannes Yli-Kokko,2023,FI1,8042,False,6,5,0,162,0,0,1,1,1
622439,Johannes Yli-Kokko,2023,FI1,1008,False,16,4,0,88,0,0,1,1,0
622439,Johannes Yli-Kokko,2023,F1CE,8042,False,1,1,0,72,0,0,3,3,0
622439,Johannes Yli-Kokko,2023,F1CC,8042,False,5,5,0,372,1,0,7,4,0
622439,Johannes Yli-Kokko,2023,ECLQ,6066,False,4,4,0,214,0,0,0,0,0
622439,Johannes Yli-Kokko,2022,IRPO,6066,False,3,3,0,195,0,0,0,0,0
622439,Johannes Yli-Kokko,2022,IRLC,6066,False,1,0,0,0,0,0,0,0,0
622439,Johannes Yli-Kokko,2022,IR1,6066,False,35,28,0,1719,3,2,23,9,4
622439,Johannes Yli-Kokko,2022,FIL,1008,False,3,1,0,64,0,1,0,0,0
622439,Johannes Yli-Kokko,2022,ELQ,1008,False,4,1,0,17,0,0,0,0,0
622439,Johannes Yli-Kokko,2022,EL,1008,False,6,1,0,10,0,0,0,0,0
622439,Johannes Yli-Kokko,2022,CLQ,1008,False,4,2,0,30,0,0,0,0,0
622439,Johannes Yli-Kokko,2021,UCOL,1008,False,2,0,0,0,0,0,0,0,0
622439,Johannes Yli-Kokko,2021,FIS,1008,False,3,2,0,180,2,0,0,0,0
622439,Johannes Yli-Kokko,2021,FIL,1008,False,4,3,0,125,1,1,0,0,0
622439,Johannes Yli-Kokko,2021,FI3B,11131,False,1,1,0,78,0,0,0,0,0
622439,Johannes Yli-Kokko,2021,FI1,1008,False,22,15,0,737,1,3,0,0,3
622439,Johannes Yli-Kokko,2021,F1CL,1008,False,5,2,0,49,0,1,0,0,0
622439,Johannes Yli-Kokko,2020,YKAB,11131,False,5,5,0,380,2,2,0,0,1
622439,Johannes Yli-Kokko,2020,FIS,11131,False,3,1,0,70,0,0,0,0,0
622439,Johannes Yli-Kokko,2020,FINJ,15665,False,2,2,0,104,1,0,0,0,0
622439,Johannes Yli-Kokko,2020,FI2,11131,False,22,4,0,234,0,1,0,0,0
622439,Johannes Yli-Kokko,2019,KCUP,11131,False,3,3,0,225,1,0,0,0,0
622439,Johannes Yli-Kokko,2019,FJE,15665,False,2,2,0,84,1,0,0,0,0
622439,Johannes Yli-Kokko,2019,FI3B,11131,False,17,2,0,58,0,0,0,0,1
622439,Johannes Yli-Kokko,2018,KCUP,11131,False,2,1,0,90,0,0,0,0,0
622439,Johannes Yli-Kokko,2018,FJE,15665,False,9,2,0,180,0,0,0,0,0
622439,Johannes Yli-Kokko,2018,FINJ,15665,False,5,1,0,66,0,0,0,0,0
622439,Johannes Yli-Kokko,2018,FI3A,11131,False,22,18,0,1091,4,1,0,0,0
619911,Janne-Pekka Laine,2026,ECLQ,8042,False,6,5,0,448,0,1,1,0,2
619911,Janne-Pekka Laine,2025,TRP,126,False,3,0,3,0,0,0,0,0,0
619911,Janne-Pekka Laine,2025,TR1,126,False,17,0,14,0,0,0,0,0,0
619911,Janne-Pekka Laine,2025,FIS,8042,False,4,4,0,350,2,3,0,0,0
619911,Janne-Pekka Laine,2025,FIL,8042,False,7,6,0,365,0,0,0,0,2
619911,Janne-Pekka Laine,2025,FI1,8042,False,20,16,0,796,1,1,6,4,1
619911,Janne-Pekka Laine,2024,TRP,45269,False,2,1,1,19,0,0,0,0,0
619911,Janne-Pekka Laine,2024,TR2,45269,False,38,25,6,1397,0,0,4,0,4
619911,Janne-Pekka Laine,2023,TRP,126,False,2,1,1,65,0,1,0,0,0
619911,Janne-Pekka Laine,2023,TR1,126,False,34,4,21,61,0,0,1,0,0
619911,Janne-Pekka Laine,2023,ECLQ,1225,False,2,1,1,66,0,0,0,0,1
619911,Janne-Pekka Laine,2022,FIS,1225,False,1,1,0,90,0,0,0,0,1
619911,Janne-Pekka Laine,2022,FIL,1225,False,5,5,0,450,0,0,0,0,3
619911,Janne-Pekka Laine,2022,FI1,1225,False,22,19,0,1554,2,5,22,5,6
619911,Janne-Pekka Laine,2021,FIS,1225,False,4,4,0,296,1,0,0,0,0
619911,Janne-Pekka Laine,2021,FIL,1225,False,5,5,0,445,1,1,0,0,2
619911,Janne-Pekka Laine,2021,FI1,1225,False,22,21,0,1751,2,3,0,0,3
619911,Janne-Pekka Laine,2021,F1CL,1225,False,5,4,0,360,0,0,0,0,1
619911,Janne-Pekka Laine,2021,F1CE,1225,False,2,0,0,0,0,0,0,0,0
619911,Janne-Pekka Laine,2020,FIS,1225,False,3,3,0,85,0,0,0,0,0
619911,Janne-Pekka Laine,2020,FI1,1225,False,22,19,0,1230,1,3,0,0,2
619911,Janne-Pekka Laine,2020,F1CC,1225,False,5,4,0,208,0,1,0,0,1
619911,Janne-Pekka Laine,2020,ELQ,3189,False,1,0,0,0,0,0,0,0,0
619911,Janne-Pekka Laine,2019,U19Q,20794,True,3,0,0,0,0,0,0,0,0
619911,Janne-Pekka Laine,2019,FS,20794,True,2,2,0,37,0,0,0,0,0
619911,Janne-Pekka Laine,2019,FJE,46621,False,2,2,0,149,0,0,0,0,1
619911,Janne-Pekka Laine,2019,FIS,3189,False,7,5,0,376,0,1,0,0,1
619911,Janne-Pekka Laine,2019,FI3B,52347,False,12,8,0,624,0,0,0,0,3
619911,Janne-Pekka Laine,2019,FI1,3189,False,22,8,0,211,0,0,0,0,1
619911,Janne-Pekka Laine,2018,FS,20793,True,7,6,0,355,0,0,0,0,0
619911,Janne-Pekka Laine,2018,FJE,46621,False,1,1,0,90,0,0,0,0,1
619911,Janne-Pekka Laine,2018,FIS,3189,False,9,3,0,47,1,0,0,0,0
619911,Janne-Pekka Laine,2018,FINJ,46621,False,6,3,0,261,0,0,0,0,1
619911,Janne-Pekka Laine,2018,FIKP,52347,False,3,2,0,180,0,0,0,0,1
619911,Janne-Pekka Laine,2018,FI3B,52347,False,22,19,0,1636,1,0,0,0,3
619911,Janne-Pekka Laine,2018,FI1,3189,False,22,1,0,4,0,0,0,0,0
619911,Janne-Pekka Laine,2018,F1CL,3189,False,5,0,0,0,0,0,0,0,0
619911,Janne-Pekka Laine,2017,FJE,46621,False,9,2,0,143,1,0,0,0,1
619911,Janne-Pekka Laine,2017,FI1,3189,False,1,1,0,12,0,0,0,0,0
273381,Iiro Järvinen,2026,ECLQ,8042,False,6,5,0,36,0,0,0,0,0
273381,Iiro Järvinen,2025,FIYK,23197,False,1,1,0,45,0,0,0,0,0
273381,Iiro Järvinen,2025,FIS,8042,False,4,2,0,25,0,0,0,0,0
273381,Iiro Järvinen,2025,FIL,8042,False,7,0,0,0,0,0,0,0,0
273381,Iiro Järvinen,2025,FI1,8042,False,20,6,0,207,0,0,3,0,1
273381,Iiro Järvinen,2024,FIS,8042,False,2,0,0,0,0,0,0,0,0
273381,Iiro Järvinen,2024,FIL,8042,False,7,7,0,438,2,2,0,0,3
273381,Iiro Järvinen,2024,FI3R,23197,False,1,1,0,62,0,0,0,0,1
273381,Iiro Järvinen,2024,FI1,8042,False,22,3,0,94,0,0,0,0,0
273381,Iiro Järvinen,2024,F1CL,8042,False,10,9,0,498,1,0,3,2,1
273381,Iiro Järvinen,2023,FIS,8042,False,6,6,0,418,0,0,0,0,2
273381,Iiro Järvinen,2023,FIL,8042,False,7,4,0,203,0,1,0,0,0
273381,Iiro Järvinen,2023,FI1,8042,False,22,22,0,1811,3,1,26,7,3
273381,Iiro Järvinen,2023,F1CE,8042,False,1,1,0,120,0,0,0,0,0
273381,Iiro Järvinen,2023,F1CC,8042,False,5,5,0,418,0,0,3,3,0
273381,Iiro Järvinen,2022,FIS,8042,False,3,3,0,171,1,0,0,0,0
273381,Iiro Järvinen,2022,FIL,8042,False,6,6,0,432,0,1,0,0,1
273381,Iiro Järvinen,2022,FI1,8042,False,22,21,0,1044,1,3,18,6,5
273381,Iiro Järvinen,2022,F1CL,8042,False,5,4,0,328,0,0,1,0,0
273381,Iiro Järvinen,2022,F1CE,8042,False,1,1,0,81,0,0,0,0,0
273381,Iiro Järvinen,2022,ECLQ,6251,False,6,0,0,0,0,0,0,0,0
273381,Iiro Järvinen,2021,FIS,6251,False,5,3,0,113,1,1,0,0,0
273381,Iiro Järvinen,2021,FIL,6251,False,4,2,0,82,0,0,0,0,0
273381,Iiro Järvinen,2021,FI3A,95361,False,4,2,0,180,2,0,0,0,0
273381,Iiro Järvinen,2021,FI1,6251,False,22,9,0,399,0,3,0,0,0
273381,Iiro Järvinen,2021,F1CL,6251,False,5,0,0,0,0,0,0,0,0
273381,Iiro Järvinen,2021,ECLQ,6251,False,8,2,0,3,0,0,0,0,0
273381,Iiro Järvinen,2020,FIS,6251,False,6,3,0,34,0,0,0,0,0
273381,Iiro Järvinen,2020,FI3A,24753,False,1,1,0,45,0,0,0,0,0
273381,Iiro Järvinen,2020,FI1,6251,False,22,9,0,631,0,0,0,0,0
273381,Iiro Järvinen,2020,F1CL,6251,False,5,1,0,62,0,0,0,0,0
273381,Iiro Järvinen,2020,ELQ,3189,False,1,0,0,0,0,0,0,0,0
273381,Iiro Järvinen,2019,FIS,3189,False,7,5,0,418,1,2,0,0,1
273381,Iiro Järvinen,2019,FI1,3189,False,22,17,0,922,0,0,0,0,1
273381,Iiro Järvinen,2018,FIS,3189,False,9,7,0,466,1,3,0,0,1
273381,Iiro Järvinen,2018,FI1,3189,False,22,18,0,1100,1,2,0,0,1
273381,Iiro Järvinen,2018,F1CL,3189,False,5,4,0,249,0,0,0,0,0
273381,Iiro Järvinen,2018,ELQ,3189,False,2,2,0,115,0,0,0,0,1
273381,Iiro Järvinen,2017,U21Q,20796,True,6,1,0,8,0,1,0,0,0
273381,Iiro Järvinen,2017,FS,20796,True,1,0,0,0,0,0,0,0,0
273381,Iiro Järvinen,2017,FIS,3189,False,6,6,0,399,1,1,0,0,0
273381,Iiro Järvinen,2017,FI1,3189,False,33,30,0,2183,4,4,0,0,1
273381,Iiro Järvinen,2016,FS,20796,True,4,4,0,146,0,0,0,0,0
273381,Iiro Järvinen,2016,FIS,3189,False,7,6,0,263,1,0,0,0,1
273381,Iiro Järvinen,2016,FI1,3189,False,33,30,0,1991,1,4,0,0,1
273381,Iiro Järvinen,2015,FIS,3779,False,3,3,0,248,1,0,0,0,2
273381,Iiro Järvinen,2015,FINJ,22542,False,6,2,0,180,1,0,0,0,0
273381,Iiro Järvinen,2015,FI2,3779,False,27,22,0,1501,5,5,0,0,2
273381,Iiro Järvinen,2014,FIS,3779,False,3,1,0,11,0,0,0,0,0
273381,Iiro Järvinen,2014,FINJ,22542,False,6,6,0,534,4,0,0,0,0
273381,Iiro Järvinen,2014,FI2,3779,False,27,26,0,2165,2,0,0,0,4
273381,Iiro Järvinen,2013,FS,20793,True,4,4,0,268,0,0,0,0,0
273381,Iiro Järvinen,2013,FIS,3779,False,4,2,0,78,0,0,0,0,0
273381,Iiro Järvinen,2013,FI2,3779,False,27,3,0,134,0,0,0,0,0
273381,Iiro Järvinen,2012,FINJ,22542,False,21,14,0,671,5,0,0,0,0
273381,Iiro Järvinen,2012,FI1,3779,False,1,1,0,11,0,0,0,0,0
1139747,Eeli Kiiskilä,2026,U19Q,20794,True,3,3,0,238,0,1,0,0,0
1139747,Eeli Kiiskilä,2026,ECLQ,8042,False,6,1,0,32,0,0,0,0,0
1139747,Eeli Kiiskilä,2025,U19Q,20794,True,3,0,0,0,0,0,0,0,0
1139747,Eeli Kiiskilä,2025,FIYK,23197,False,11,3,0,208,0,0,0,0,1
1139747,Eeli Kiiskilä,2025,FIS,8042,False,4,1,0,58,0,2,0,0,0
1139747,Eeli Kiiskilä,2025,FIL,8042,False,7,4,0,149,0,4,0,0,0
1139747,Eeli Kiiskilä,2025,FI1,8042,False,20,10,0,776,1,1,8,2,0
1139747,Eeli Kiiskilä,2025,F18Q,140345,False,5,2,0,106,1,0,0,0,0
1139747,Eeli Kiiskilä,2024,FIYK,23203,False,22,14,0,715,0,0,0,0,0
1139747,Eeli Kiiskilä,2024,FIS,23203,False,4,3,0,122,0,0,0,0,0
1139747,Eeli Kiiskilä,2024,FI3R,23203,False,5,5,0,450,1,0,0,0,1
1139747,Eeli Kiiskilä,2023,FS,20791,True,2,1,0,70,0,0,0,0,0
1139747,Eeli Kiiskilä,2023,FIYK,23203,False,22,0,0,0,0,0,0,0,0
1139747,Eeli Kiiskilä,2023,FIS,23203,False,2,0,0,0,0,0,0,0,0
1139747,Eeli Kiiskilä,2023,FI3P,23203,False,5,1,0,64,0,0,0,0,0
1139747,Eeli Kiiskilä,2022,FS,34682,True,4,4,0,120,0,0,0,0,0
726658,Lukas Prokop,2026,SLO1,1443,False,2,0,0,0,0,0,0,0,0
726658,Lukas Prokop,2026,SK2,20634,False,1,1,0,78,0,0,0,0,0
726658,Lukas Prokop,2026,ELQ,1443,False,2,0,0,0,0,0,0,0,0
726658,Lukas Prokop,2026,ECLQ,8042,False,2,0,0,0,0,0,0,0,0
726658,Lukas Prokop,2026,ECLQ,1443,False,2,1,0,15,0,0,0,0,0
726658,Lukas Prokop,2025,U21Q,24965,True,6,3,0,73,0,0,0,0,0
726658,Lukas Prokop,2025,SLO1,1443,False,22,16,0,360,1,1,15,6,3
726658,Lukas Prokop,2025,SLAR,1443,False,10,3,0,49,0,0,0,0,0
726658,Lukas Prokop,2025,SKC,1443,False,8,7,0,284,2,1,0,0,0
726658,Lukas Prokop,2025,SK2,20634,False,12,12,0,948,4,4,0,0,1
726658,Lukas Prokop,2025,FI1,8042,False,2,1,0,86,0,0,2,0,0
726658,Lukas Prokop,2025,ECLQ,1443,False,2,1,0,21,0,0,0,0,0
726658,Lukas Prokop,2024,SLO1,1443,False,13,9,0,200,1,1,11,3,1
726658,Lukas Prokop,2024,SLAR,1443,False,10,9,0,117,0,0,6,1,0
726658,Lukas Prokop,2024,SKC,1443,False,3,2,0,90,0,1,0,0,0
726658,Lukas Prokop,2024,SK2,20634,False,21,17,0,1340,9,2,0,0,4
726658,Lukas Prokop,2024,FS,28316,True,1,1,0,45,0,0,0,0,0
726658,Lukas Prokop,2023,SK2,20634,False,30,26,0,1626,8,5,0,0,3
726658,Lukas Prokop,2022,SK2,20634,False,30,7,0,294,0,2,0,0,0
726658,Lukas Prokop,2022,SK19,18751,False,13,13,0,781,6,0,0,0,0
726658,Lukas Prokop,2021,SK2,20634,False,2,2,0,126,0,0,0,0,0
726658,Lukas Prokop,2021,SK19,18751,False,26,19,0,972,3,0,0,0,1
726658,Lukas Prokop,2021,19YL,69404,False,1,0,0,0,0,0,0,0,0
726658,Lukas Prokop,2019,FS,25723,True,5,4,0,196,0,0,0,0,0
1040825,Loic Essomba,2026,ECLQ,8042,False,6,6,0,424,0,2,1,0,0
1040825,Loic Essomba,2025,FIS,8042,False,4,3,0,161,0,0,0,0,0
1040825,Loic Essomba,2025,FIL,8042,False,7,3,0,181,0,0,0,0,1
1040825,Loic Essomba,2025,FI1,8042,False,20,19,0,1309,1,2,21,9,2
1040825,Loic Essomba,2024,SLO1,1443,False,18,0,0,0,0,0,0,0,0
1040825,Loic Essomba,2024,SKC,1443,False,4,0,0,0,0,0,0,0,0
1040825,Loic Essomba,2024,SK2,20634,False,2,2,0,63,0,0,0,0,0
1040825,Loic Essomba,2024,FIS,8042,False,2,2,0,62,0,0,0,0,0
1040825,Loic Essomba,2024,FIL,8042,False,7,7,0,402,2,0,0,0,0
1040825,Loic Essomba,2024,FI1,8042,False,22,22,0,1812,6,10,40,19,2
1040825,Loic Essomba,2024,F1CL,8042,False,10,5,0,120,1,0,1,1,0
1040825,Loic Essomba,2023,SLO1,1443,False,22,18,0,821,3,1,12,7,1
1040825,Loic Essomba,2023,SLAR,1443,False,10,8,0,177,0,0,3,0,1
1040825,Loic Essomba,2023,SKC,1443,False,4,4,0,197,1,1,0,0,1
1040825,Loic Essomba,2023,SK2,20634,False,5,5,0,413,0,3,0,0,2
1040825,Loic Essomba,2023,ECLQ,1443,False,4,2,0,105,0,2,0,0,0
1040825,Loic Essomba,2022,SWEP,1443,False,2,1,0,51,0,0,1,0,0
1040825,Loic Essomba,2022,SLO1,1443,False,4,3,0,156,0,0,4,3,0
1040825,Loic Essomba,2022,SLAR,1443,False,10,5,0,80,0,1,2,2,0
1040825,Loic Essomba,2022,SK2,20634,False,27,17,0,1246,8,4,0,0,1
996665,Alie Conteh,2026,ECLQ,8042,False,6,6,0,483,3,1,8,6,1
996665,Alie Conteh,2025,NOPO,2817,False,1,1,0,50,0,0,0,0,1
996665,Alie Conteh,2025,FIS,8042,False,4,3,0,80,1,1,0,0,0
996665,Alie Conteh,2025,FIL,8042,False,2,2,0,88,0,1,0,0,0
996665,Alie Conteh,2025,FI1,8042,False,20,19,0,1029,10,2,53,22,0
996665,Alie Conteh,2024,NOPO,11338,False,4,4,0,420,7,0,0,0,0
996665,Alie Conteh,2024,NO2,11338,False,13,13,0,1166,5,1,0,0,2
996665,Alie Conteh,2024,NO1,2817,False,18,16,0,1054,2,1,33,14,0
996665,Alie Conteh,2024,AFCQ,6187,True,6,2,0,36,0,0,3,1,0
996665,Alie Conteh,2023,WMQ2,6187,True,10,1,0,45,0,0,0,0,0
996665,Alie Conteh,2023,NOPO,11338,False,2,2,0,155,0,1,0,0,0
996665,Alie Conteh,2023,NO43,41983,False,20,3,0,168,1,0,0,0,0
996665,Alie Conteh,2023,NO2R,11338,False,2,2,0,135,1,0,0,0,2
996665,Alie Conteh,2023,NO2,11338,False,30,26,2,1256,6,2,0,0,1
996665,Alie Conteh,2023,FS,6187,True,3,0,0,0,0,0,0,0,0
996665,Alie Conteh,2022,TDV,53710,False,3,3,0,208,1,0,0,0,0
996665,Alie Conteh,2022,FS,6187,True,1,0,0,0,0,0,0,0,0
996665,Alie Conteh,2022,CAFC,18941,False,4,4,0,261,3,0,0,0,2
996665,Alie Conteh,2021,FS,6187,True,4,3,0,127,0,0,0,0,0
996665,Alie Conteh,2021,AFCQ,6187,True,6,0,0,0,0,0,0,0,0
649457,Jean Botué,2026,ECLQ,8042,False,6,5,0,57,0,0,1,1,0
649457,Jean Botué,2025,FIS,8042,False,4,4,0,280,2,0,0,0,0
649457,Jean Botué,2025,FIL,8042,False,7,7,0,378,2,1,0,0,0
649457,Jean Botué,2025,FI1,8042,False,20,17,0,665,0,0,19,5,0
649457,Jean Botué,2024,FIS,8042,False,2,2,0,153,2,0,0,0,0
649457,Jean Botué,2024,FIL,8042,False,7,5,0,406,0,3,0,0,0
649457,Jean Botué,2024,FI1,8042,False,22,21,0,842,4,2,24,12,3
649457,Jean Botué,2024,F1CL,8042,False,10,8,0,540,0,0,22,4,0
649457,Jean Botué,2023,FIS,8042,False,6,5,0,305,3,0,0,0,0
649457,Jean Botué,2023,FIL,8042,False,4,4,0,259,2,1,0,0,1
649457,Jean Botué,2023,FI1,8042,False,22,20,0,1113,5,0,36,10,2
649457,Jean Botué,2023,F1CE,8042,False,1,1,0,72,1,0,1,1,0
649457,Jean Botué,2023,F1CC,8042,False,5,5,0,258,1,0,8,2,1
649457,Jean Botué,2022,FRC,1147,False,2,1,0,90,0,0,1,0,0
649457,Jean Botué,2022,FR5A,8305,False,2,2,0,169,1,0,0,0,0
649457,Jean Botué,2022,FR1,1147,False,38,8,4,225,0,0,7,0,0
649457,Jean Botué,2021,FS,5872,True,2,0,0,0,0,0,0,0,0
649457,Jean Botué,2021,FRC,1147,False,1,0,0,0,0,0,0,0,0
649457,Jean Botué,2021,FR5A,8305,False,17,6,0,321,2,0,0,0,0
649457,Jean Botué,2021,FR2,1147,False,38,12,0,565,1,0,12,4,2
649457,Jean Botué,2021,AFCN,5872,True,4,0,0,0,0,0,0,0,0
649457,Jean Botué,2020,FR2,1147,False,13,7,0,68,0,1,2,1,0
649457,Jean Botué,2020,20AC,41199,True,4,2,0,138,1,0,0,0,0
649457,Jean Botué,2019,WMQ2,5872,True,6,3,0,36,0,0,0,0,0
649457,Jean Botué,2018,20AC,41199,True,3,2,0,58,0,0,0,0,0
1051013,Vincent Ulundu,2026,ECLQ,8042,False,6,1,0,1,0,0,0,0,0
1051013,Vincent Ulundu,2025,U21Q,20796,True,7,3,0,64,0,3,0,0,0
1051013,Vincent Ulundu,2025,FIS,8042,False,4,3,0,167,1,1,0,0,0
1051013,Vincent Ulundu,2025,FIL,8042,False,7,7,0,301,0,0,0,0,0
1051013,Vincent Ulundu,2025,FI1,8042,False,20,16,0,649,1,0,11,6,0
1051013,Vincent Ulundu,2025,ELQ,3189,False,2,2,0,85,0,0,0,0,0
1051013,Vincent Ulundu,2025,ECLQ,3189,False,2,2,0,95,0,1,0,0,0
1051013,Vincent Ulundu,2024,FIS,3189,False,1,1,0,13,0,0,0,0,0
1051013,Vincent Ulundu,2024,FIL,3189,False,6,5,0,226,0,1,0,0,0
1051013,Vincent Ulundu,2024,FI1,3189,False,22,10,0,382,1,1,9,5,0
1051013,Vincent Ulundu,2024,F1CL,3189,False,10,2,0,25,0,0,1,0,0
1051013,Vincent Ulundu,2024,ECLQ,3189,False,4,1,0,42,0,0,0,0,1
1051013,Vincent Ulundu,2023,U19Q,20794,True,3,3,0,197,0,0,0,0,0
1051013,Vincent Ulundu,2023,FS,20794,True,2,2,0,126,0,0,0,0,0
1051013,Vincent Ulundu,2023,FIS,3189,False,1,1,0,22,0,0,0,0,0
1051013,Vincent Ulundu,2023,FIL,3189,False,6,6,0,441,2,2,0,0,1
1051013,Vincent Ulundu,2023,FI1,3189,False,22,9,0,403,2,0,13,3,1
1051013,Vincent Ulundu,2023,F1CL,3189,False,5,0,0,0,0,0,0,0,0
1051013,Vincent Ulundu,2023,ECLQ,5411,False,2,0,0,0,0,0,0,0,0
1051013,Vincent Ulundu,2022,FS,20793,True,9,8,0,429,3,0,0,0,0
1051013,Vincent Ulundu,2022,FIS,5411,False,4,0,0,0,0,0,0,0,0
1051013,Vincent Ulundu,2022,FIS,23075,False,4,2,0,149,1,0,0,0,0
1051013,Vincent Ulundu,2022,FINJ,20872,False,1,1,0,45,0,0,0,0,0
1051013,Vincent Ulundu,2022,FIL,5411,False,5,1,0,29,0,0,0,0,0
1051013,Vincent Ulundu,2022,FI3B,23075,False,22,14,0,1025,2,0,0,0,1
1051013,Vincent Ulundu,2022,FI1,5411,False,22,0,0,0,0,0,0,0,0
1051013,Vincent Ulundu,2022,F1CL,5411,False,5,4,0,123,0,1,5,1,0
1051013,Vincent Ulundu,2022,F1CE,5411,False,4,4,0,137,0,0,4,0,0
1051013,Vincent Ulundu,2021,KP3B,23075,False,2,2,0,35,0,0,0,0,0
1051013,Vincent Ulundu,2021,FI3B,23075,False,2,2,0,88,0,0,0,0,0
741546,Lauri Laine,2026,TS2,6201,False,2,2,0,88,0,0,0,0,0
741546,Lauri Laine,2026,TS1,377,False,2,0,0,0,0,0,0,0,0
741546,Lauri Laine,2026,ECLQ,8042,False,2,2,0,59,0,0,0,0,0
741546,Lauri Laine,2025,U21Q,20796,True,2,0,0,0,0,0,0,0,0
741546,Lauri Laine,2025,TSP,377,False,2,0,0,0,0,0,0,0,0
741546,Lauri Laine,2025,TS2,6201,False,14,8,0,251,0,0,0,0,1
741546,Lauri Laine,2025,TS1,377,False,11,0,0,0,0,0,0,0,0
741546,Lauri Laine,2025,T1AR,377,False,5,0,0,0,0,0,0,0,0
741546,Lauri Laine,2025,FLAP,377,False,2,0,0,0,0,0,0,0,0
741546,Lauri Laine,2025,FI1,8042,False,2,1,0,75,0,1,3,0,0
741546,Lauri Laine,2025,ECLQ,23777,False,2,1,0,16,0,0,0,0,0
741546,Lauri Laine,2024,FIS,23777,False,3,1,0,45,0,0,0,0,0
741546,Lauri Laine,2024,FIL,23777,False,5,5,0,283,0,1,0,0,0
741546,Lauri Laine,2024,FI2,45310,False,5,3,0,204,2,0,0,0,0
741546,Lauri Laine,2024,FI1,23777,False,22,16,0,654,0,2,12,4,1
741546,Lauri Laine,2024,F1CL,23777,False,10,9,0,506,1,2,7,1,0
741546,Lauri Laine,2023,U19Q,20794,True,3,3,0,158,0,1,0,0,0
741546,Lauri Laine,2023,FS,20794,True,2,2,0,142,0,0,0,0,0
741546,Lauri Laine,2023,FIS,45310,False,2,0,0,0,0,0,0,0,0
741546,Lauri Laine,2023,FIS,23777,False,6,4,0,172,1,0,0,0,0
741546,Lauri Laine,2023,FIL,23777,False,5,0,0,0,0,0,0,0,0
741546,Lauri Laine,2023,FI2,45310,False,15,4,0,240,0,1,0,0,0
741546,Lauri Laine,2023,FI1,23777,False,22,10,0,197,0,0,5,0,0
741546,Lauri Laine,2023,F1CL,23777,False,5,2,0,80,0,0,0,0,0
741546,Lauri Laine,2023,F1CE,23777,False,2,1,0,63,0,0,0,0,0
741546,Lauri Laine,2023,ECLQ,5411,False,2,1,0,13,0,0,0,0,0
741546,Lauri Laine,2022,FS,20793,True,6,6,0,291,1,0,0,0,0
741546,Lauri Laine,2022,FIS,5411,False,5,4,0,254,1,1,0,0,0
741546,Lauri Laine,2022,FIL,5411,False,5,5,0,265,0,1,0,0,0
741546,Lauri Laine,2022,FI3B,23075,False,1,1,0,90,0,0,0,0,0
741546,Lauri Laine,2022,FI1,5411,False,22,20,0,693,0,0,8,3,0
741546,Lauri Laine,2022,F1CL,5411,False,5,5,0,276,0,0,1,0,0
741546,Lauri Laine,2022,F1CE,5411,False,4,4,0,312,0,0,3,1,1
741546,Lauri Laine,2021,U17Q,20792,True,6,5,0,313,1,0,0,0,0
741546,Lauri Laine,2021,KP3B,23075,False,3,1,0,7,0,0,0,0,0
741546,Lauri Laine,2021,FS,20792,True,4,4,0,272,0,0,2,0,1
741546,Lauri Laine,2021,FIL,5411,False,1,1,0,14,0,0,0,0,0
741546,Lauri Laine,2021,FI3B,23075,False,24,17,0,939,2,0,0,0,2
741546,Lauri Laine,2021,FI1,5411,False,2,1,0,13,0,0,0,0,0
741546,Lauri Laine,2020,FI3B,23075,False,7,7,0,461,0,0,0,0,0
741546,Lauri Laine,2019,FS,34682,True,2,2,0,68,0,0,0,0,0
1190286,Clinton Jephta,2026,ECLQ,8042,False,6,6,0,538,3,0,4,3,1
1190286,Clinton Jephta,2025,NPFL,17025,False,32,12,0,992,2,3,0,0,2
1190286,Clinton Jephta,2025,FIYK,23197,False,1,1,0,61,0,0,0,0,0
1190286,Clinton Jephta,2025,FIS,8042,False,4,3,0,147,1,1,0,0,0
1190286,Clinton Jephta,2025,FIL,8042,False,1,1,0,75,0,0,0,0,0
1190286,Clinton Jephta,2025,FIL,1008,False,2,2,0,118,1,0,0,0,0
1190286,Clinton Jephta,2025,FI1,8042,False,20,14,0,938,2,4,19,5,3
1190286,Clinton Jephta,2024,NPFL,645,False,38,8,0,603,3,3,0,0,0
1190286,Clinton Jephta,2024,CAFC,645,False,8,4,0,281,0,0,1,1,0
1190286,Clinton Jephta,2024,20AC,22981,True,6,6,0,471,0,0,5,1,1
1190286,Clinton Jephta,2023,NPFL,17025,False,38,36,0,2867,8,3,0,0,0
937931,Vilho Huovila,2026,ECLQ,8042,False,6,0,0,0,0,0,0,0,0
937931,Vilho Huovila,2025,FIYK,23197,False,13,7,0,539,1,0,0,0,0
937931,Vilho Huovila,2025,FIS,8042,False,4,2,0,106,1,1,0,0,0
937931,Vilho Huovila,2025,FIL,8042,False,7,7,0,317,1,0,0,0,0
937931,Vilho Huovila,2025,FI1,8042,False,20,6,0,219,0,0,3,1,0
937931,Vilho Huovila,2024,YKCP,2925,False,5,5,0,294,2,0,0,0,0
937931,Vilho Huovila,2024,U19Q,20794,True,6,4,0,190,0,1,0,0,0
937931,Vilho Huovila,2024,FS,20794,True,2,2,0,74,0,0,0,0,0
937931,Vilho Huovila,2024,FIS,2925,False,1,1,0,90,0,0,0,0,0
937931,Vilho Huovila,2024,FI2,2925,False,26,26,0,837,6,3,0,0,1
937931,Vilho Huovila,2024,F1CL,8042,False,6,1,0,1,0,0,0,0,0
937931,Vilho Huovila,2023,FS,20793,True,7,7,0,408,3,1,0,0,0
937931,Vilho Huovila,2023,FIS,4024,False,2,0,0,0,0,0,0,0,0
937931,Vilho Huovila,2023,FIS,2925,False,3,2,0,180,4,0,0,0,0
937931,Vilho Huovila,2023,FIL,2925,False,6,3,0,23,0,0,0,0,0
937931,Vilho Huovila,2023,FI3A,4024,False,12,5,0,401,1,0,0,0,1
937931,Vilho Huovila,2023,FI2,21520,False,13,13,0,1024,1,1,0,0,1
937931,Vilho Huovila,2023,FI1,2925,False,14,4,0,55,0,0,1,0,0
937931,Vilho Huovila,2022,U17Q,20792,True,6,6,0,174,0,0,0,0,0
937931,Vilho Huovila,2022,FS,20792,True,6,6,0,334,1,0,0,0,0
937931,Vilho Huovila,2022,FIS,4024,False,2,0,0,0,0,0,0,0,0
937931,Vilho Huovila,2022,FIS,2925,False,3,2,0,148,0,0,0,0,0
937931,Vilho Huovila,2022,FIL,2925,False,5,1,0,1,0,0,0,0,0
937931,Vilho Huovila,2022,FIKP,4024,False,1,1,0,76,0,0,0,0,0
937931,Vilho Huovila,2022,FI3A,4024,False,21,13,0,704,6,0,0,0,1
937931,Vilho Huovila,2022,FI1,2925,False,22,0,0,0,0,0,0,0,0
937931,Vilho Huovila,2022,F1CC,2925,False,5,1,0,67,1,0,3,1,0
937931,Vilho Huovila,2021,FS,20792,True,1,1,0,27,0,0,0,0,0
937931,Vilho Huovila,2021,FS,20791,True,5,5,0,296,2,0,0,0,0
937931,Vilho Huovila,2021,FP3A,4024,False,1,1,0,26,0,0,0,0,0
937931,Vilho Huovila,2021,FIS,2925,False,1,0,0,0,0,0,0,0,0
937931,Vilho Huovila,2021,FI1,2925,False,1,0,0,0,0,0,0,0,0
274749,Jasse Tuominen,2026,ECLQ,8042,False,6,6,0,421,2,1,4,1,3
274749,Jasse Tuominen,2025,FIS,8042,False,4,4,0,180,2,0,0,0,0
274749,Jasse Tuominen,2025,FIL,8042,False,7,7,0,440,1,1,0,0,0
274749,Jasse Tuominen,2025,FI1,8042,False,20,18,0,909,3,2,22,7,2
274749,Jasse Tuominen,2024,POPU,15906,False,1,0,1,0,0,0,0,0,0
274749,Jasse Tuominen,2024,PL2,15906,False,22,0,19,0,0,0,0,0,0
274749,Jasse Tuominen,2024,FIS,8042,False,2,0,0,0,0,0,0,0,0
274749,Jasse Tuominen,2024,FIL,8042,False,2,1,0,45,0,0,0,0,0
274749,Jasse Tuominen,2024,FI1,8042,False,22,22,0,1043,5,0,30,16,2
274749,Jasse Tuominen,2024,F1CL,8042,False,10,5,0,143,0,0,4,0,0
274749,Jasse Tuominen,2023,PL2,15906,False,15,1,14,17,0,0,0,0,1
274749,Jasse Tuominen,2023,ECLQ,6251,False,2,2,0,154,1,2,0,0,0
274749,Jasse Tuominen,2022,FIS,6251,False,3,2,0,149,1,1,0,0,0
274749,Jasse Tuominen,2022,FIL,6251,False,6,5,0,285,1,1,0,0,1
274749,Jasse Tuominen,2022,FI1,6251,False,22,18,0,1459,2,4,36,11,2
274749,Jasse Tuominen,2022,F1CL,6251,False,5,5,0,292,2,1,13,4,1
274749,Jasse Tuominen,2021,SEC,1109,False,4,2,0,43,1,0,0,0,0
274749,Jasse Tuominen,2021,NOPO,1293,False,3,3,0,163,3,0,0,0,0
274749,Jasse Tuominen,2021,NO46,35028,False,3,2,0,128,3,0,0,0,0
274749,Jasse Tuominen,2021,NO1,1293,False,30,26,0,934,1,1,18,7,0
274749,Jasse Tuominen,2021,ECLQ,1109,False,2,0,2,0,0,0,0,0,0
274749,Jasse Tuominen,2020,UNLB,3443,True,2,0,0,0,0,0,0,0,0
274749,Jasse Tuominen,2020,SEC,1109,False,7,0,6,0,0,0,0,0,0
274749,Jasse Tuominen,2020,SE1,1109,False,30,14,12,630,1,0,22,8,0
274749,Jasse Tuominen,2019,WRPO,713,False,2,2,0,74,3,0,0,0,0
274749,Jasse Tuominen,2019,SEC,1109,False,4,4,0,316,0,2,0,0,0
274749,Jasse Tuominen,2019,SE1,1109,False,30,15,9,632,1,2,9,6,2
274749,Jasse Tuominen,2019,ELQ,713,False,4,4,0,86,0,0,0,0,1
274749,Jasse Tuominen,2019,CLQ,713,False,4,3,0,138,0,0,0,0,0
274749,Jasse Tuominen,2018,WRSP,713,False,1,0,0,0,0,0,0,0,0
274749,Jasse Tuominen,2018,WRPO,713,False,4,1,0,46,1,0,0,0,0
274749,Jasse Tuominen,2018,WER1,713,False,30,7,0,245,1,1,0,0,0
274749,Jasse Tuominen,2018,UNLC,3443,True,6,6,0,537,0,0,15,1,0
274749,Jasse Tuominen,2018,FS,3443,True,2,0,0,0,0,0,0,0,0
274749,Jasse Tuominen,2018,EMQ,3443,True,10,4,0,282,1,0,5,2,0
274749,Jasse Tuominen,2018,EL,713,False,8,4,0,156,1,0,4,2,0
274749,Jasse Tuominen,2018,CLQ,713,False,6,3,0,114,1,0,4,3,0
274749,Jasse Tuominen,2017,WRSP,713,False,1,0,0,0,0,0,0,0,0
274749,Jasse Tuominen,2017,WRPO,713,False,7,1,0,77,0,0,0,0,0
274749,Jasse Tuominen,2017,WER1,713,False,30,16,0,556,0,0,0,0,0
274749,Jasse Tuominen,2017,FS,3443,True,6,2,0,120,0,0,0,0,0
274749,Jasse Tuominen,2017,ELQ,713,False,2,1,0,7,0,0,0,0,0
274749,Jasse Tuominen,2017,EL,713,False,6,2,0,30,0,0,0,0,0
274749,Jasse Tuominen,2017,CLQ,713,False,4,3,0,40,0,0,0,0,0
274749,Jasse Tuominen,2016,WRPO,713,False,4,2,0,77,0,0,0,0,0
274749,Jasse Tuominen,2016,WMQ6,3443,True,6,1,0,1,0,0,0,0,0
274749,Jasse Tuominen,2016,WER1,713,False,30,11,0,258,1,1,0,0,1
274749,Jasse Tuominen,2016,FS,3443,True,4,2,0,77,0,0,0,0,0
274749,Jasse Tuominen,2016,FIS,2925,False,5,1,0,90,1,0,0,0,1
274749,Jasse Tuominen,2015,U21Q,20796,True,7,2,0,121,1,0,0,0,0
274749,Jasse Tuominen,2015,FS,20796,True,1,1,0,75,0,0,0,0,0
274749,Jasse Tuominen,2015,FIS,2925,False,4,4,0,202,1,0,0,0,0
274749,Jasse Tuominen,2015,FIL,2925,False,6,6,0,482,2,1,0,0,0
274749,Jasse Tuominen,2015,FI1,2925,False,33,27,0,2348,10,4,0,0,1
274749,Jasse Tuominen,2014,FS,20796,True,8,4,0,108,0,0,0,0,0
274749,Jasse Tuominen,2014,FIS,2925,False,2,0,0,0,0,0,0,0,0
274749,Jasse Tuominen,2014,FIL,2925,False,5,0,0,0,0,0,0,0,0
274749,Jasse Tuominen,2014,FI2,21520,False,20,19,0,1651,7,0,0,0,6
274749,Jasse Tuominen,2014,FI1,2925,False,11,6,0,474,0,0,0,0,2
274749,Jasse Tuominen,2013,FI1,2925,False,2,0,0,0,0,0,0,0,0
274749,Jasse Tuominen,2012,FIS,2925,False,1,0,0,0,0,0,0,0,0
274749,Jasse Tuominen,2012,FIL,2925,False,1,1,0,7,0,0,0,0,0
274749,Jasse Tuominen,2012,FI3,10493,False,1,1,0,69,0,0,0,0,0
274749,Jasse Tuominen,2012,FI1,2925,False,7,1,0,8,0,0,0,0,0
201623,Otso Virtanen,2026,ECLQ,3189,False,6,0,0,0,0,0,0,0,0
201623,Otso Virtanen,2025,FIS,3189,False,4,2,0,180,0,0,0,0,0
201623,Otso Virtanen,2025,FIL,3189,False,6,3,0,270,0,0,0,0,0
201623,Otso Virtanen,2025,FI1,3189,False,19,5,3,381,0,0,0,0,0
201623,Otso Virtanen,2025,ELQ,3189,False,2,2,0,180,0,0,0,0,0
201623,Otso Virtanen,2025,ECLQ,3189,False,2,2,0,180,0,0,0,0,0
201623,Otso Virtanen,2024,FIS,3189,False,1,0,0,0,0,0,0,0,0
201623,Otso Virtanen,2024,FIL,3189,False,6,5,0,450,0,0,0,0,0
201623,Otso Virtanen,2024,FI1,3189,False,22,18,0,1513,0,0,0,0,2
201623,Otso Virtanen,2024,F1CL,3189,False,10,3,0,270,0,0,0,0,0
201623,Otso Virtanen,2024,ECLQ,3189,False,4,3,0,136,0,0,0,0,0
201623,Otso Virtanen,2023,FIS,3189,False,1,1,0,90,0,0,0,0,0
201623,Otso Virtanen,2023,FIL,3189,False,6,6,0,540,0,0,0,0,1
201623,Otso Virtanen,2023,FI1,3189,False,22,19,0,1633,0,0,0,0,1
201623,Otso Virtanen,2023,F1CL,3189,False,5,5,0,450,0,0,0,0,1
201623,Otso Virtanen,2022,FIS,3189,False,7,6,0,540,0,0,0,0,1
201623,Otso Virtanen,2022,FIL,3189,False,5,5,0,450,0,0,0,0,0
201623,Otso Virtanen,2022,FI1,3189,False,22,22,0,1980,0,0,0,0,0
201623,Otso Virtanen,2022,F1CC,3189,False,5,3,0,270,0,0,0,0,0
201623,Otso Virtanen,2022,ECLQ,6251,False,6,0,0,0,0,0,0,0,0
201623,Otso Virtanen,2021,FIS,6251,False,5,4,0,285,0,0,0,0,0
201623,Otso Virtanen,2021,FIL,6251,False,4,0,4,0,0,0,0,0,0
201623,Otso Virtanen,2021,FI3A,95361,False,4,2,0,180,0,0,0,0,0
201623,Otso Virtanen,2021,FI1,6251,False,22,5,1,442,0,0,0,0,0
201623,Otso Virtanen,2021,F1CL,6251,False,5,0,0,0,0,0,0,0,0
201623,Otso Virtanen,2021,ECLQ,6251,False,8,0,8,0,0,0,0,0,0
201623,Otso Virtanen,2020,FIS,6251,False,6,5,0,480,0,0,0,0,0
201623,Otso Virtanen,2020,FI1,6251,False,22,5,16,448,0,0,0,0,0
201623,Otso Virtanen,2020,F1CL,6251,False,5,0,5,0,0,0,0,0,0
201623,Otso Virtanen,2020,ELQ,6251,False,3,3,0,300,0,0,0,0,0
201623,Otso Virtanen,2020,CLQ,6251,False,1,1,0,90,0,0,0,0,0
201623,Otso Virtanen,2019,FIS,6251,False,7,6,0,570,0,0,0,0,0
201623,Otso Virtanen,2019,FI1,6251,False,22,22,0,1980,0,2,0,0,0
201623,Otso Virtanen,2019,ELQ,6251,False,4,4,0,360,0,0,0,0,0
201623,Otso Virtanen,2018,FIS,6251,False,5,4,0,360,0,0,0,0,0
201623,Otso Virtanen,2018,FI1,6251,False,22,20,0,1800,0,0,0,0,3
201623,Otso Virtanen,2018,F1CL,6251,False,5,5,0,450,0,0,0,0,0
201623,Otso Virtanen,2018,ELQ,6251,False,2,2,0,180,0,0,0,0,0
201623,Otso Virtanen,2017,FIS,6251,False,6,4,0,360,0,0,0,0,0
201623,Otso Virtanen,2017,FI1,6251,False,33,25,0,2250,0,0,0,0,3
201623,Otso Virtanen,2016,SSC,903,False,2,0,0,0,0,0,0,0,0
201623,Otso Virtanen,2016,SCP,903,False,1,0,0,0,0,0,0,0,0
201623,Otso Virtanen,2016,SC2,903,False,21,0,0,0,0,0,0,0,0
201623,Otso Virtanen,2016,FIS,6251,False,6,6,0,540,0,0,0,0,0
201623,Otso Virtanen,2016,FI1,6251,False,33,33,0,2970,0,0,0,0,1
201623,Otso Virtanen,2016,ELQ,903,False,2,1,0,90,0,0,0,0,0
201623,Otso Virtanen,2015,U21Q,20796,True,10,10,0,900,0,0,0,0,0
201623,Otso Virtanen,2015,SFA,903,False,6,1,0,2,0,0,0,0,0
201623,Otso Virtanen,2015,SCP,903,False,2,0,0,0,0,0,0,0,0
201623,Otso Virtanen,2015,SC2,903,False,15,0,0,0,0,0,0,0,0
201623,Otso Virtanen,2015,SC1P,903,False,4,0,0,0,0,0,0,0,0
201623,Otso Virtanen,2015,FS,20796,True,1,1,0,90,0,0,0,0,0
201623,Otso Virtanen,2014,FS,20796,True,8,5,0,450,0,0,0,0,0
201623,Otso Virtanen,2014,FS,20795,True,3,2,0,180,0,0,0,0,0
201623,Otso Virtanen,2014,FIS,6017,False,6,1,0,90,0,0,0,0,0
201623,Otso Virtanen,2014,FIL,6017,False,4,2,0,180,0,0,0,0,0
201623,Otso Virtanen,2014,FI1,6017,False,33,26,0,2337,0,0,0,0,1
201623,Otso Virtanen,2013,U21Q,20796,True,3,1,0,90,0,0,0,0,0
201623,Otso Virtanen,2013,FS,20795,True,2,1,0,90,0,0,0,0,0
201623,Otso Virtanen,2013,FIS,6017,False,3,3,0,270,0,0,0,0,0
201623,Otso Virtanen,2013,FIL,6017,False,6,4,0,315,0,0,0,0,0
201623,Otso Virtanen,2013,FI1,6017,False,33,17,0,1469,0,0,0,0,0
201623,Otso Virtanen,2013,ELQ,6017,False,2,0,0,0,0,0,0,0,0
201623,Otso Virtanen,2012,U19Q,20794,True,3,0,0,0,0,0,0,0,0
201623,Otso Virtanen,2012,FS,20794,True,3,1,0,90,0,0,0,0,0
201623,Otso Virtanen,2012,FIS,6017,False,5,2,0,180,0,0,0,0,0
201623,Otso Virtanen,2012,FIL,6017,False,6,6,0,540,0,0,0,0,1
201623,Otso Virtanen,2012,FI1,6017,False,33,22,0,1947,0,0,0,0,0
201623,Otso Virtanen,2011,FINJ,15697,False,2,2,0,180,0,0,0,0,0
201623,Otso Virtanen,2010,FI1,2275,False,4,1,0,6,0,0,0,0,0
590554,Faris Krkalic,2026,ECLQ,3189,False,6,6,0,570,0,0,0,0,0
590554,Faris Krkalic,2025,FIS,3189,False,4,2,0,180,0,0,0,0,0
590554,Faris Krkalic,2025,FIL,3189,False,6,3,0,270,0,0,0,0,0
590554,Faris Krkalic,2025,FI1,3189,False,19,14,0,1239,0,0,0,0,2
590554,Faris Krkalic,2025,ELQ,3189,False,2,0,0,0,0,0,0,0,0
590554,Faris Krkalic,2025,ECLQ,3189,False,2,0,0,0,0,0,0,0,0
590554,Faris Krkalic,2024,KRC,419,False,3,0,0,0,0,0,0,0,0
590554,Faris Krkalic,2024,KR1,419,False,24,0,0,0,0,0,0,0,0
590554,Faris Krkalic,2024,FIS,3189,False,1,1,0,90,0,0,0,0,0
590554,Faris Krkalic,2024,FIL,3189,False,1,0,0,0,0,0,0,0,0
590554,Faris Krkalic,2024,FI3B,52347,False,1,1,0,90,0,0,0,0,0
590554,Faris Krkalic,2024,FI1,3189,False,22,6,0,465,0,0,0,0,0
590554,Faris Krkalic,2024,F1CL,3189,False,10,7,0,599,0,0,0,0,1
590554,Faris Krkalic,2024,CLQ,419,False,2,0,0,0,0,0,0,0,0
590554,Faris Krkalic,2024,CL,419,False,8,0,8,0,0,0,0,0,0
590554,Faris Krkalic,2023,UCOL,419,False,10,0,0,0,0,0,0,0,0
590554,Faris Krkalic,2023,KRC,419,False,6,0,0,0,0,0,0,0,0
590554,Faris Krkalic,2023,KR1,419,False,36,1,0,90,0,0,0,0,0
590554,Faris Krkalic,2023,HRSC,419,False,1,0,0,0,0,0,0,0,0
590554,Faris Krkalic,2023,ELQ,419,False,2,0,0,0,0,0,0,0,0
590554,Faris Krkalic,2023,CLQ,419,False,4,0,0,0,0,0,0,0,0
590554,Faris Krkalic,2022,KRC,419,False,1,0,0,0,0,0,0,0,0
590554,Faris Krkalic,2022,KR2,12817,False,16,1,0,90,0,0,0,0,0
590554,Faris Krkalic,2022,KR1,419,False,18,0,0,0,0,0,0,0,0
590554,Faris Krkalic,2022,HRSC,419,False,1,0,0,0,0,0,0,0,0
590554,Faris Krkalic,2022,CLQ,419,False,6,0,0,0,0,0,0,0,0
590554,Faris Krkalic,2022,CL,419,False,6,0,0,0,0,0,0,0,0
590554,Faris Krkalic,2022,2RHR,12817,False,2,2,0,180,0,0,0,0,0
590554,Faris Krkalic,2021,KRC,25029,False,2,2,0,240,0,0,0,0,0
590554,Faris Krkalic,2021,KR2,25029,False,30,21,0,1845,0,0,0,0,2
590554,Faris Krkalic,2020,KRC,25029,False,2,1,0,90,0,0,0,0,0
590554,Faris Krkalic,2020,KR2,25029,False,34,20,0,1800,0,0,0,0,1
590554,Faris Krkalic,2019,FS,36178,True,2,1,0,90,0,0,0,0,0
590554,Faris Krkalic,2019,19YL,50634,False,8,1,0,90,0,0,0,0,0
590554,Faris Krkalic,2018,U17Q,22901,True,3,0,0,0,0,0,0,0,0
590554,Faris Krkalic,2018,FS,22901,True,4,2,0,180,0,0,0,0,0
590554,Faris Krkalic,2018,BI17,48188,False,7,0,0,0,0,0,0,0,0
590554,Faris Krkalic,2017,FS,33699,True,5,4,0,280,0,0,0,0,0
590554,Faris Krkalic,2017,FS,22901,True,2,2,0,75,0,0,0,0,0
590554,Faris Krkalic,2017,BI17,48188,False,33,11,0,548,0,0,0,0,0
590554,Faris Krkalic,2016,FS,33699,True,1,0,0,0,0,0,0,0,0
488764,Matias Rale,2026,ECLQ,3189,False,6,6,0,565,0,1,0,0,1
488764,Matias Rale,2025,FIS,3189,False,4,4,0,315,0,1,0,0,0
488764,Matias Rale,2025,FIL,3189,False,6,6,0,434,0,1,0,0,0
488764,Matias Rale,2025,FI1,3189,False,19,16,0,1377,0,1,4,1,0
488764,Matias Rale,2025,ELQ,3189,False,2,1,0,90,0,0,0,0,0
488764,Matias Rale,2025,ECLQ,3189,False,2,2,0,180,0,1,0,0,1
488764,Matias Rale,2024,FIS,3189,False,1,1,0,90,0,0,0,0,0
488764,Matias Rale,2024,FIL,3189,False,5,5,0,402,0,0,0,0,1
488764,Matias Rale,2024,FI1,3189,False,22,22,0,1980,3,0,18,4,2
488764,Matias Rale,2024,F1CL,3189,False,10,10,0,900,1,1,7,3,0
488764,Matias Rale,2023,LTVP,40090,False,4,3,0,236,0,0,0,0,0
488764,Matias Rale,2023,LTU2,77078,False,14,2,0,135,0,0,0,0,0
488764,Matias Rale,2023,LI1,40090,False,36,24,0,1514,0,1,0,0,2
488764,Matias Rale,2023,ECLQ,5411,False,2,2,0,180,0,0,0,0,0
488764,Matias Rale,2022,FIS,5411,False,5,5,0,392,0,0,0,0,0
488764,Matias Rale,2022,FIL,5411,False,5,4,0,324,0,0,0,0,0
488764,Matias Rale,2022,FI1,5411,False,22,20,0,1770,0,0,5,1,1
488764,Matias Rale,2022,F1CL,5411,False,5,5,0,434,0,0,3,1,0
488764,Matias Rale,2022,F1CE,5411,False,4,2,0,186,0,0,1,1,1
488764,Matias Rale,2021,U21Q,20796,True,10,1,0,68,0,0,0,0,0
488764,Matias Rale,2021,FS,20796,True,1,1,0,90,0,1,0,0,1
488764,Matias Rale,2021,FIS,5411,False,1,1,0,3,0,0,0,0,0
488764,Matias Rale,2021,FIL,5411,False,6,5,0,285,0,0,0,0,1
488764,Matias Rale,2021,FI3B,23075,False,1,1,0,90,0,0,0,0,0
488764,Matias Rale,2021,FI1,5411,False,22,19,0,1646,2,1,0,0,2
488764,Matias Rale,2021,F1CL,5411,False,5,2,0,167,0,0,0,0,0
488764,Matias Rale,2021,ECLQ,5411,False,4,0,0,0,0,0,0,0,0
488764,Matias Rale,2020,FS,20796,True,2,2,0,65,0,0,0,0,1
488764,Matias Rale,2020,FIS,5411,False,6,4,0,282,0,0,0,0,0
488764,Matias Rale,2020,FI3B,23075,False,2,2,0,180,0,0,0,0,0
488764,Matias Rale,2020,FI1,5411,False,22,12,0,707,1,1,0,0,0
488764,Matias Rale,2020,F1CC,5411,False,5,1,0,1,0,0,0,0,0
488764,Matias Rale,2019,KCUP,23075,False,4,3,0,270,0,0,0,0,0
488764,Matias Rale,2019,FI3A,23075,False,17,15,0,1350,1,0,0,0,1
488764,Matias Rale,2019,FI1,5411,False,2,0,0,0,0,0,0,0,0
488764,Matias Rale,2018,KCUP,23075,False,3,0,0,0,0,0,0,0,0
488764,Matias Rale,2018,FS,20793,True,2,2,0,180,0,0,0,0,0
488764,Matias Rale,2018,FI3B,23075,False,22,0,0,0,0,0,0,0,0
488764,Matias Rale,2017,U17Q,20792,True,3,3,0,240,0,0,0,0,0
488764,Matias Rale,2017,FS,20792,True,5,4,0,249,0,0,0,0,0
488764,Matias Rale,2017,FI3B,23075,False,13,11,0,827,0,1,0,0,1
488764,Matias Rale,2017,FI1,5411,False,1,0,0,0,0,0,0,0,0
488764,Matias Rale,2016,FS,34682,True,2,2,0,160,0,0,0,0,0
488764,Matias Rale,2016,FS,20791,True,3,3,0,216,0,0,0,0,0
488764,Matias Rale,2015,FS,20791,True,1,1,0,80,0,0,0,0,0
509521,Rasmus Leislahti,2026,ECLQ,3189,False,6,0,0,0,0,0,0,0,0
509521,Rasmus Leislahti,2025,FIS,3189,False,4,0,0,0,0,0,0,0,0
509521,Rasmus Leislahti,2025,FI3B,52347,False,11,3,0,270,0,0,0,0,0
509521,Rasmus Leislahti,2025,FI1,3189,False,18,0,0,0,0,0,0,0,0
509521,Rasmus Leislahti,2024,FIS,1102,False,4,3,0,270,0,0,0,0,0
509521,Rasmus Leislahti,2024,FIL,1102,False,5,1,0,90,0,1,0,0,0
509521,Rasmus Leislahti,2024,FI1,1102,False,22,18,0,1584,0,0,0,0,1
509521,Rasmus Leislahti,2024,F1CC,1102,False,5,0,0,0,0,0,0,0,0
509521,Rasmus Leislahti,2024,ECLQ,1102,False,2,0,0,0,0,0,0,0,0
509521,Rasmus Leislahti,2023,FIS,1102,False,2,0,0,0,0,0,0,0,0
509521,Rasmus Leislahti,2023,FIL,1102,False,5,3,0,270,0,0,0,0,0
509521,Rasmus Leislahti,2023,FI1,1102,False,22,9,0,780,0,0,0,0,0
509521,Rasmus Leislahti,2023,F1CL,1102,False,5,0,0,0,0,0,0,0,0
509521,Rasmus Leislahti,2023,F1CE,1102,False,1,0,0,0,0,0,0,0,0
509521,Rasmus Leislahti,2022,FIS,7315,False,5,0,0,0,0,0,0,0,0
509521,Rasmus Leislahti,2022,FIL,7315,False,5,3,0,270,0,0,0,0,1
509521,Rasmus Leislahti,2022,FI1,7315,False,22,19,0,1682,0,0,0,0,0
509521,Rasmus Leislahti,2022,F1CC,7315,False,5,3,0,270,0,0,0,0,0
509521,Rasmus Leislahti,2021,U21Q,20796,True,6,0,0,0,0,0,0,0,0
509521,Rasmus Leislahti,2021,FS,20796,True,1,1,0,15,0,0,0,0,0
509521,Rasmus Leislahti,2021,FIS,3189,False,2,0,0,0,0,0,0,0,0
509521,Rasmus Leislahti,2021,FIL,3189,False,4,3,0,270,0,0,0,0,0
509521,Rasmus Leislahti,2021,FI1,3189,False,22,20,0,1740,0,0,0,0,2
509521,Rasmus Leislahti,2021,F1CC,3189,False,5,2,0,180,0,0,0,0,0
509521,Rasmus Leislahti,2020,FS,20796,True,2,1,0,28,0,0,0,0,0
509521,Rasmus Leislahti,2020,FIS,3189,False,3,3,0,270,0,0,0,0,0
509521,Rasmus Leislahti,2020,FI1,3189,False,22,20,0,1800,0,0,0,0,0
509521,Rasmus Leislahti,2020,F1CL,3189,False,5,4,0,360,0,0,0,0,0
509521,Rasmus Leislahti,2019,U21Q,20796,True,10,0,0,0,0,0,0,0,0
509521,Rasmus Leislahti,2019,FIS,1102,False,5,3,0,270,0,0,0,0,0
509521,Rasmus Leislahti,2019,FI3C,11134,False,1,1,0,45,0,0,0,0,0
509521,Rasmus Leislahti,2019,FI2,1102,False,22,14,0,1260,0,0,0,0,0
509521,Rasmus Leislahti,2018,U19Q,20794,True,3,3,0,270,0,0,0,0,0
509521,Rasmus Leislahti,2018,FS,3443,True,2,0,0,0,0,0,0,0,0
509521,Rasmus Leislahti,2018,FS,20796,True,4,1,0,45,0,0,0,0,0
509521,Rasmus Leislahti,2018,FS,20794,True,3,2,0,180,0,0,0,0,0
509521,Rasmus Leislahti,2018,FIS,5411,False,7,0,0,0,0,0,0,0,0
509521,Rasmus Leislahti,2018,FI3B,23075,False,17,15,0,1350,0,0,0,0,0
509521,Rasmus Leislahti,2018,FI1,5411,False,22,0,0,0,0,0,0,0,0
509521,Rasmus Leislahti,2018,F1CL,5411,False,5,0,0,0,0,0,0,0,0
509521,Rasmus Leislahti,2018,F1CE,5411,False,2,0,0,0,0,0,0,0,0
509521,Rasmus Leislahti,2018,19YL,50922,False,2,2,0,180,0,0,0,0,0
509521,Rasmus Leislahti,2017,FS,20794,True,4,3,0,204,0,0,0,0,0
509521,Rasmus Leislahti,2017,FIS,11131,False,5,2,0,180,0,0,0,0,0
509521,Rasmus Leislahti,2017,FI2,11131,False,27,16,0,1440,0,0,0,0,0
509521,Rasmus Leislahti,2017,19EU,20794,True,3,3,0,270,0,0,0,0,0
509521,Rasmus Leislahti,2016,FI3A,11131,False,10,0,0,0,0,0,0,0,0
261095,Sauli Väisänen,2026,ECLQ,3189,False,6,6,0,376,0,0,0,0,0
261095,Sauli Väisänen,2025,FIS,3189,False,4,0,0,0,0,0,0,0,0
261095,Sauli Väisänen,2025,FIL,3189,False,6,4,0,282,2,0,0,0,0
261095,Sauli Väisänen,2025,FI1,3189,False,19,6,0,364,0,0,4,1,2
261095,Sauli Väisänen,2025,ELQ,3189,False,2,1,0,90,0,0,0,0,0
261095,Sauli Väisänen,2025,ECLQ,3189,False,2,2,0,169,0,0,1,1,1
261095,Sauli Väisänen,2024,FIS,3189,False,1,0,0,0,0,0,0,0,0
261095,Sauli Väisänen,2024,FIL,3189,False,6,4,0,297,0,0,0,0,1
261095,Sauli Väisänen,2024,FI1,3189,False,22,20,0,1800,0,1,15,2,6
261095,Sauli Väisänen,2024,F1CL,3189,False,10,9,0,742,0,0,3,2,4
261095,Sauli Väisänen,2024,DKP,173,False,1,0,0,0,0,0,0,0,0
261095,Sauli Väisänen,2024,DK2,173,False,7,0,0,0,0,0,0,0,0
261095,Sauli Väisänen,2023,IT2,408,False,18,14,0,913,0,0,10,2,2
261095,Sauli Väisänen,2023,DKRE,62690,False,3,3,0,270,0,1,0,0,0
261095,Sauli Väisänen,2023,DKP,173,False,3,3,0,145,0,0,0,0,0
261095,Sauli Väisänen,2023,DK1,173,False,17,2,0,17,0,0,0,0,0
261095,Sauli Väisänen,2022,UNLB,3443,True,6,2,2,49,0,0,0,0,1
261095,Sauli Väisänen,2022,PUSB,4031,False,2,2,0,35,0,0,1,0,0
261095,Sauli Väisänen,2022,IT2,4031,False,38,27,5,2249,1,0,19,3,7
261095,Sauli Väisänen,2022,FS,3443,True,2,1,0,29,0,0,0,0,0
261095,Sauli Väisänen,2022,CIT,4031,False,1,1,0,90,0,0,0,0,0
261095,Sauli Väisänen,2021,PUSB,4031,False,2,1,0,90,0,0,0,0,0
261095,Sauli Väisänen,2021,IT2,4031,False,38,20,13,1733,0,0,7,2,5
261095,Sauli Väisänen,2021,FS,3443,True,3,1,0,90,0,0,0,0,0
261095,Sauli Väisänen,2020,WMQ6,3443,True,8,0,4,0,0,0,0,0,0
261095,Sauli Väisänen,2020,UNLB,3443,True,6,0,0,0,0,0,0,0,0
261095,Sauli Väisänen,2020,POSB,862,False,1,1,0,120,0,0,0,0,0
261095,Sauli Väisänen,2020,IT2,862,False,38,4,0,215,0,1,3,1,0
261095,Sauli Väisänen,2020,FS,3443,True,5,1,0,90,0,0,0,0,0
261095,Sauli Väisänen,2020,EURO,3443,True,3,0,0,0,0,0,0,0,0
261095,Sauli Väisänen,2020,CIT,862,False,1,0,0,0,0,0,0,0,0
261095,Sauli Väisänen,2019,POSB,862,False,3,0,0,0,0,0,0,0,0
261095,Sauli Väisänen,2019,IT2,862,False,38,16,1,1346,1,0,3,1,6
261095,Sauli Väisänen,2019,CIT,2722,False,1,0,0,0,0,0,0,0,0
261095,Sauli Väisänen,2018,UNLC,3443,True,6,2,0,104,0,0,1,0,0
261095,Sauli Väisänen,2018,IT2,4083,False,36,26,1,2166,0,0,11,1,7
261095,Sauli Väisänen,2018,FS,3443,True,2,0,0,0,0,0,0,0,0
261095,Sauli Väisänen,2018,EMQ,3443,True,10,5,0,419,0,0,1,1,1
261095,Sauli Väisänen,2018,CIT,4083,False,1,0,0,0,0,0,0,0,0
261095,Sauli Väisänen,2018,CIT,2722,False,1,1,0,45,0,0,0,0,0
261095,Sauli Väisänen,2017,IT1,2722,False,38,7,9,543,0,0,0,0,1
261095,Sauli Väisänen,2017,FS,3443,True,6,3,1,270,0,0,0,0,1
261095,Sauli Väisänen,2017,ELQ,272,False,4,4,0,207,0,0,0,0,0
261095,Sauli Väisänen,2017,CIT,2722,False,2,2,0,78,0,0,0,0,0
261095,Sauli Väisänen,2016,WMQ6,3443,True,9,6,0,497,0,0,0,0,1
261095,Sauli Väisänen,2016,SEC,272,False,5,5,0,450,0,0,0,0,1
261095,Sauli Väisänen,2016,SE1,272,False,15,12,0,753,0,0,0,0,1
261095,Sauli Väisänen,2016,FS,3443,True,4,3,0,180,0,0,0,0,0
261095,Sauli Väisänen,2016,ELQ,272,False,6,2,0,178,0,0,0,0,0
261095,Sauli Väisänen,2015,U21Q,20796,True,8,6,2,540,0,0,0,0,2
261095,Sauli Väisänen,2015,SEC,272,False,5,4,1,327,1,0,0,0,0
261095,Sauli Väisänen,2015,SE1,272,False,30,22,0,1636,1,2,0,0,1
261095,Sauli Väisänen,2015,S21N,41542,False,4,2,0,171,0,0,0,0,0
261095,Sauli Väisänen,2015,FS,20796,True,1,1,0,90,0,0,0,0,0
261095,Sauli Väisänen,2015,ELQ,272,False,6,0,6,0,0,0,0,0,0
261095,Sauli Väisänen,2014,SE1,272,False,22,6,12,325,1,0,0,0,3
261095,Sauli Väisänen,2014,S21N,41542,False,1,1,0,90,0,0,0,0,0
261095,Sauli Väisänen,2014,FS,20796,True,8,3,0,225,0,0,0,0,1
261095,Sauli Väisänen,2014,FS,20795,True,2,2,0,180,1,0,0,0,1
261095,Sauli Väisänen,2014,FI1,20924,False,10,6,1,540,1,0,0,0,1
261095,Sauli Väisänen,2014,ELQ,5411,False,2,2,0,210,0,0,0,0,1
261095,Sauli Väisänen,2014,ELQ,272,False,2,0,0,0,0,0,0,0,0
261095,Sauli Väisänen,2013,U21Q,20796,True,4,4,0,275,1,0,0,0,0
261095,Sauli Väisänen,2013,SEC,272,False,4,3,0,270,0,0,0,0,0
261095,Sauli Väisänen,2013,SE1,272,False,15,6,0,431,0,0,0,0,1
261095,Sauli Väisänen,2013,S21N,41542,False,1,1,0,90,0,0,0,0,0
261095,Sauli Väisänen,2013,FIS,5411,False,2,1,0,90,1,0,0,0,0
261095,Sauli Väisänen,2013,FIL,5411,False,5,5,0,450,1,0,0,0,0
261095,Sauli Väisänen,2013,FI1,5411,False,20,15,0,1262,1,0,0,0,3
261095,Sauli Väisänen,2013,ELQ,5411,False,2,0,0,0,0,0,0,0,0
261095,Sauli Väisänen,2012,FIS,5411,False,4,0,0,0,0,0,0,0,0
261095,Sauli Väisänen,2012,FIL,5411,False,6,2,0,22,0,0,0,0,0
261095,Sauli Väisänen,2012,FI1,5411,False,33,2,0,96,1,0,0,0,0
261095,Sauli Väisänen,2011,FI3S,23075,False,2,0,0,0,0,0,0,0,0
785866,Oliver Pettersson,2026,ECLQ,3189,False,6,4,0,291,0,0,0,0,0
785866,Oliver Pettersson,2025,FIS,3189,False,4,3,0,225,0,0,0,0,1
785866,Oliver Pettersson,2025,FIL,3189,False,6,5,0,337,1,0,0,0,0
785866,Oliver Pettersson,2025,FI1,3189,False,19,18,0,1201,2,2,10,5,1
785866,Oliver Pettersson,2024,FIS,23564,False,4,0,0,0,0,0,0,0,0
785866,Oliver Pettersson,2024,FIL,23564,False,5,0,0,0,0,0,0,0,0
785866,Oliver Pettersson,2024,FI1,23564,False,22,15,0,1049,1,0,9,2,1
785866,Oliver Pettersson,2024,F1CL,23564,False,10,9,0,727,2,1,15,5,0
785866,Oliver Pettersson,2023,UCOL,1008,False,6,0,0,0,0,0,0,0,0
785866,Oliver Pettersson,2023,U21Q,20796,True,4,0,0,0,0,0,0,0,0
785866,Oliver Pettersson,2023,FS,20796,True,2,1,0,29,0,0,0,0,0
785866,Oliver Pettersson,2023,FIS,1008,False,2,1,0,90,0,0,0,0,0
785866,Oliver Pettersson,2023,FIL,1008,False,5,0,0,0,0,0,0,0,0
785866,Oliver Pettersson,2023,FI1,23564,False,7,7,0,619,0,0,3,0,2
785866,Oliver Pettersson,2023,FI1,1008,False,16,0,0,0,0,0,0,0,0
785866,Oliver Pettersson,2023,F1CE,23564,False,2,0,0,0,0,0,0,0,0
785866,Oliver Pettersson,2023,F1CC,23564,False,5,2,0,180,0,0,2,0,1
785866,Oliver Pettersson,2023,ELQ,1008,False,2,0,2,0,0,0,0,0,0
785866,Oliver Pettersson,2023,ECLQ,1008,False,2,0,2,0,0,0,0,0,0
785866,Oliver Pettersson,2023,CLQ,1008,False,4,0,4,0,0,0,0,0,0
785866,Oliver Pettersson,2022,FS,20796,True,4,2,2,121,0,0,0,0,0
785866,Oliver Pettersson,2022,FIS,1008,False,1,0,1,0,0,0,0,0,0
785866,Oliver Pettersson,2022,FIL,1008,False,7,5,0,371,0,0,0,0,1
785866,Oliver Pettersson,2022,FI3A,11131,False,1,1,0,90,0,0,0,0,0
785866,Oliver Pettersson,2022,FI1,1008,False,22,3,15,33,0,0,0,0,0
785866,Oliver Pettersson,2022,F1CL,1008,False,5,0,0,0,0,0,0,0,0
785866,Oliver Pettersson,2021,YKCP,22890,False,5,5,0,450,0,0,0,0,0
785866,Oliver Pettersson,2021,U19Q,20794,True,6,4,0,350,0,0,0,0,1
785866,Oliver Pettersson,2021,KP3B,11131,False,3,3,0,192,0,0,0,0,0
785866,Oliver Pettersson,2021,FS,20795,True,2,1,0,90,0,0,0,0,0
785866,Oliver Pettersson,2021,FS,20794,True,2,2,0,124,0,0,0,0,0
785866,Oliver Pettersson,2021,FIS,22890,False,3,3,0,225,0,0,0,0,0
785866,Oliver Pettersson,2021,FI3B,11131,False,8,8,0,675,0,0,0,0,0
785866,Oliver Pettersson,2021,FI2,22890,False,18,16,0,1313,0,0,0,0,3
785866,Oliver Pettersson,2020,YKAU,22890,False,5,3,0,262,0,0,0,0,0
785866,Oliver Pettersson,2020,FIS,22890,False,4,4,0,345,0,0,0,0,1
785866,Oliver Pettersson,2020,FI2,22890,False,22,17,0,1360,1,1,0,0,4
785866,Oliver Pettersson,2019,FI3A,46432,False,17,11,0,905,1,0,0,0,3
1139731,Ville Kumpu,2026,U19Q,20794,True,3,0,0,0,0,0,0,0,0
1139731,Ville Kumpu,2026,ECLQ,3189,False,6,5,0,370,0,0,0,0,1
1139731,Ville Kumpu,2025,U19Q,20794,True,6,6,0,540,0,0,0,0,1
1139731,Ville Kumpu,2025,FS,20794,True,4,2,0,135,0,0,0,0,1
1139731,Ville Kumpu,2025,FIS,3189,False,4,2,0,173,0,0,0,0,0
1139731,Ville Kumpu,2025,FIL,3189,False,6,5,0,351,0,0,0,0,3
1139731,Ville Kumpu,2025,FI1,3189,False,19,16,0,1369,0,0,4,1,3
1139731,Ville Kumpu,2025,ELQ,3189,False,2,1,0,90,0,0,0,0,0
1139731,Ville Kumpu,2025,ECLQ,3189,False,2,1,0,11,0,0,0,0,0
1139731,Ville Kumpu,2024,U17Q,20792,True,6,6,0,540,0,0,0,0,1
1139731,Ville Kumpu,2024,KP3B,52347,False,5,4,0,299,0,0,0,0,0
1139731,Ville Kumpu,2024,FS,20793,True,2,1,0,90,0,0,0,0,0
1139731,Ville Kumpu,2024,FS,20792,True,9,6,0,540,0,0,0,0,0
1139731,Ville Kumpu,2024,FIS,52347,False,1,0,0,0,0,0,0,0,0
1139731,Ville Kumpu,2024,FIS,3189,False,1,1,0,90,0,0,0,0,0
1139731,Ville Kumpu,2024,FIL,3189,False,6,2,0,100,0,0,0,0,0
1139731,Ville Kumpu,2024,FIKP,52347,False,3,3,0,270,0,0,0,0,0
1139731,Ville Kumpu,2024,FI3B,52347,False,18,13,0,1034,0,0,0,0,1
1139731,Ville Kumpu,2024,FI1,3189,False,22,2,0,104,0,0,1,0,0
1139731,Ville Kumpu,2024,F1CL,3189,False,10,1,0,90,0,0,0,0,0
1139731,Ville Kumpu,2023,FS,20791,True,8,7,0,458,0,0,0,0,0
1139731,Ville Kumpu,2023,FINJ,46621,False,1,1,0,90,0,0,0,0,0
1139731,Ville Kumpu,2023,F3KB,52347,False,3,1,0,90,0,0,0,0,0
1139731,Ville Kumpu,2022,FS,34682,True,10,7,0,480,1,0,0,0,1
902744,André Raymond,2025,SCP,2578,False,1,0,0,0,0,0,0,0,0
902744,André Raymond,2025,FS,7149,True,5,1,0,62,0,0,0,0,0
902744,André Raymond,2025,FIS,3189,False,3,0,0,0,0,0,0,0,0
902744,André Raymond,2025,FIL,3189,False,6,5,0,207,0,0,0,0,0
902744,André Raymond,2025,FI1,3189,False,14,3,0,33,0,0,0,0,0
902744,André Raymond,2025,ELQ,3189,False,1,0,0,0,0,0,0,0,0
902744,André Raymond,2025,ECLQ,3189,False,2,2,0,85,0,0,1,0,0
902744,André Raymond,2024,SFA,2578,False,2,0,0,0,0,0,0,0,0
902744,André Raymond,2024,SCP,2578,False,4,4,0,316,0,1,1,0,1
902744,André Raymond,2024,SC2,1270,False,10,5,0,306,0,0,2,1,1
902744,André Raymond,2024,SC1,2578,False,28,17,0,1277,0,2,5,0,5
902744,André Raymond,2024,GOCU,7149,True,3,3,0,225,0,0,0,0,0
902744,André Raymond,2024,GCQU,7149,True,2,1,0,45,0,0,0,0,0
902744,André Raymond,2024,FS,7149,True,4,2,0,135,0,0,0,0,1
902744,André Raymond,2024,FI1,3189,False,6,4,0,177,0,1,0,0,0
902744,André Raymond,2024,F1CL,3189,False,10,5,0,99,0,0,0,0,1
902744,André Raymond,2024,CNLA,7149,True,4,1,0,59,0,0,0,0,0
902744,André Raymond,2023,WMQ3,7149,True,10,6,0,410,0,0,2,0,0
902744,André Raymond,2023,POPO,75384,False,2,2,0,165,0,0,0,0,0
902744,André Raymond,2023,FS,7149,True,4,1,0,90,0,0,0,0,0
902744,André Raymond,2023,CPSA,75384,False,26,0,0,0,0,0,0,0,0
902744,André Raymond,2023,CNNF,7149,True,3,3,0,270,0,0,0,0,0
902744,André Raymond,2023,CNLA,7149,True,4,3,0,66,0,0,0,0,1
902744,André Raymond,2022,POPO,7396,False,4,4,0,315,0,1,0,0,0
902744,André Raymond,2022,GOCU,7149,True,3,0,0,0,0,0,0,0,0
902744,André Raymond,2022,FS,7149,True,3,1,0,52,0,0,0,0,0
902744,André Raymond,2022,CNLB,7149,True,2,0,0,0,0,0,0,0,0
902744,André Raymond,2021,POPO,41529,False,3,1,0,66,0,0,0,0,0
902744,André Raymond,2020,POPO,8424,False,3,0,0,0,0,0,0,0,0
325450,Tatu Miettunen,2026,ECLQ,3189,False,6,5,0,360,1,0,0,0,0
325450,Tatu Miettunen,2025,FIS,3189,False,4,4,0,360,0,1,0,0,0
325450,Tatu Miettunen,2025,FIL,3189,False,6,4,0,286,1,0,0,0,1
325450,Tatu Miettunen,2025,FI1,3189,False,19,15,0,1161,0,0,4,1,4
325450,Tatu Miettunen,2025,ELQ,3189,False,2,1,0,90,0,0,0,0,0
325450,Tatu Miettunen,2025,ECLQ,3189,False,2,2,0,27,0,0,0,0,0
325450,Tatu Miettunen,2024,FIS,3189,False,1,1,0,90,0,0,0,0,0
325450,Tatu Miettunen,2024,FIL,3189,False,6,6,0,463,0,0,0,0,0
325450,Tatu Miettunen,2024,FI1,3189,False,22,15,0,1126,0,0,3,0,3
325450,Tatu Miettunen,2024,F1CL,3189,False,10,10,0,878,2,1,4,2,0
325450,Tatu Miettunen,2024,ECLQ,3189,False,4,4,0,390,0,0,1,1,0
325450,Tatu Miettunen,2023,FIS,3189,False,1,1,0,61,0,0,0,0,1
325450,Tatu Miettunen,2023,FIL,3189,False,6,6,0,358,0,0,0,0,3
325450,Tatu Miettunen,2023,FI1,3189,False,22,22,0,1914,1,2,6,4,2
325450,Tatu Miettunen,2023,F1CL,3189,False,5,5,0,450,0,1,1,0,0
325450,Tatu Miettunen,2022,FIS,3189,False,7,6,0,451,3,0,0,0,0
325450,Tatu Miettunen,2022,FIL,3189,False,5,5,0,450,0,0,0,0,0
325450,Tatu Miettunen,2022,FI1,3189,False,22,19,0,1710,1,0,4,2,4
325450,Tatu Miettunen,2022,F1CC,3189,False,5,5,0,360,1,0,1,1,1
325450,Tatu Miettunen,2021,FIS,3189,False,2,2,0,135,0,0,0,0,0
325450,Tatu Miettunen,2021,FIL,3189,False,4,4,0,284,0,0,0,0,0
325450,Tatu Miettunen,2021,FI1,3189,False,22,17,0,882,0,0,0,0,4
325450,Tatu Miettunen,2021,F1CC,3189,False,5,4,0,282,1,0,0,0,2
325450,Tatu Miettunen,2020,FIS,3189,False,3,0,0,0,0,0,0,0,0
325450,Tatu Miettunen,2020,FI1,3189,False,22,20,0,1800,2,2,0,0,3
325450,Tatu Miettunen,2020,F1CL,3189,False,5,4,0,360,0,0,0,0,1
325450,Tatu Miettunen,2020,ELQ,3189,False,1,1,0,120,0,0,0,0,1
325450,Tatu Miettunen,2019,FIS,3189,False,7,5,0,362,1,0,0,0,0
325450,Tatu Miettunen,2019,FI1,3189,False,22,18,0,1434,0,0,0,0,3
325450,Tatu Miettunen,2018,FIS,3189,False,9,8,0,750,2,0,0,0,2
325450,Tatu Miettunen,2018,FI1,3189,False,22,21,0,1788,2,0,0,0,1
325450,Tatu Miettunen,2018,F1CL,3189,False,5,5,0,450,0,0,0,0,1
325450,Tatu Miettunen,2018,ELQ,3189,False,2,2,0,151,0,0,0,0,0
325450,Tatu Miettunen,2017,FIS,3189,False,6,5,0,450,0,0,0,0,0
325450,Tatu Miettunen,2017,FI1,3189,False,33,27,0,2178,2,1,0,0,7
325450,Tatu Miettunen,2016,FIS,3189,False,7,7,0,630,0,0,0,0,1
325450,Tatu Miettunen,2016,FI1,3189,False,33,29,0,2530,2,1,0,0,3
325450,Tatu Miettunen,2015,U21Q,20796,True,2,1,0,29,0,0,0,0,0
325450,Tatu Miettunen,2015,FIS,3189,False,2,2,0,210,0,0,0,0,0
325450,Tatu Miettunen,2015,FIL,3189,False,5,4,0,360,0,0,0,0,0
325450,Tatu Miettunen,2015,FI1,3189,False,33,32,0,2880,1,0,0,0,1
325450,Tatu Miettunen,2014,FIS,3189,False,1,0,0,0,0,0,0,0,0
325450,Tatu Miettunen,2014,FIL,3189,False,6,4,0,324,0,0,0,0,0
325450,Tatu Miettunen,2014,FI1,3189,False,33,21,0,1807,0,1,0,0,0
325450,Tatu Miettunen,2013,FIS,3189,False,2,0,0,0,0,0,0,0,0
325450,Tatu Miettunen,2013,FI2,3189,False,27,16,0,1400,1,0,0,0,1
648572,Kalle Wallius,2026,ECLQ,3189,False,6,5,0,398,0,0,0,0,0
648572,Kalle Wallius,2025,FIS,3189,False,4,4,0,271,2,0,0,0,0
648572,Kalle Wallius,2025,FIL,3189,False,6,6,0,364,1,0,0,0,0
648572,Kalle Wallius,2025,FI1,3189,False,19,15,0,1298,0,0,19,5,4
648572,Kalle Wallius,2025,ELQ,3189,False,2,2,0,153,0,0,0,0,0
648572,Kalle Wallius,2025,ECLQ,3189,False,2,0,0,0,0,0,0,0,0
648572,Kalle Wallius,2024,FS,20796,True,2,2,0,105,0,0,1,0,1
648572,Kalle Wallius,2024,FIS,3189,False,1,1,0,59,0,0,0,0,1
648572,Kalle Wallius,2024,FIL,3189,False,4,4,0,207,0,2,0,0,1
648572,Kalle Wallius,2024,FI1,3189,False,22,14,0,626,0,3,12,3,0
648572,Kalle Wallius,2024,F1CL,3189,False,10,4,0,122,0,0,0,0,0
648572,Kalle Wallius,2024,21EU,20796,True,3,2,0,97,0,0,0,0,0
648572,Kalle Wallius,2023,U21Q,20796,True,12,10,0,742,0,2,0,0,1
648572,Kalle Wallius,2023,NOPO,267,False,1,0,0,0,0,0,0,0,0
648572,Kalle Wallius,2023,NO42,39653,False,13,4,0,270,1,0,0,0,0
648572,Kalle Wallius,2023,NO2,267,False,19,4,0,127,0,0,0,0,1
648572,Kalle Wallius,2023,FS,20796,True,4,3,0,196,0,0,0,0,0
648572,Kalle Wallius,2023,FI1,6017,False,2,2,0,173,0,0,1,0,0
648572,Kalle Wallius,2023,F1CC,6017,False,5,5,0,329,0,0,3,0,1
648572,Kalle Wallius,2022,RTIP,267,False,1,0,0,0,0,0,0,0,0
648572,Kalle Wallius,2022,NO44,39653,False,9,5,0,437,2,0,0,0,0
648572,Kalle Wallius,2022,NO2,267,False,14,8,0,228,0,0,0,0,1
648572,Kalle Wallius,2022,IJ1,14848,False,34,29,0,1700,2,1,0,0,2
648572,Kalle Wallius,2022,FS,20796,True,4,3,0,191,0,0,0,0,1
648572,Kalle Wallius,2022,CITP,14848,False,2,2,0,176,0,1,0,0,0
648572,Kalle Wallius,2021,U19Q,20794,True,6,5,0,450,0,0,0,0,1
648572,Kalle Wallius,2021,IJ1,14848,False,21,19,0,1339,1,3,0,0,4
648572,Kalle Wallius,2021,FS,20795,True,1,1,0,90,0,0,0,0,0
648572,Kalle Wallius,2021,FS,20794,True,2,2,0,121,0,0,2,1,0
648572,Kalle Wallius,2020,YKAB,11131,False,5,4,0,200,2,0,0,0,0
648572,Kalle Wallius,2020,FIS,11131,False,3,1,0,90,0,0,0,0,0
648572,Kalle Wallius,2020,FI2,11131,False,22,21,0,1613,1,1,0,0,1
648572,Kalle Wallius,2019,U17Q,20792,True,3,3,0,270,0,0,0,0,0
648572,Kalle Wallius,2019,KCUP,11131,False,3,1,0,63,0,0,0,0,0
648572,Kalle Wallius,2019,FS,20792,True,10,9,0,540,0,0,0,0,0
648572,Kalle Wallius,2019,FS,20791,True,1,1,0,40,0,0,0,0,0
648572,Kalle Wallius,2019,FINJ,15665,False,1,1,0,45,0,0,0,0,0
648572,Kalle Wallius,2019,FI3B,11131,False,17,17,0,1297,1,0,0,0,0
648572,Kalle Wallius,2018,KCUP,11131,False,1,1,0,45,0,0,0,0,0
648572,Kalle Wallius,2018,FS,20791,True,5,4,0,246,3,0,0,0,0
1270788,Goudouss Bamba,2026,ECLQ,3189,False,6,6,0,327,0,0,0,0,2
1270788,Goudouss Bamba,2025,FS,34868,True,5,2,0,102,0,0,0,0,1
1270788,Goudouss Bamba,2025,FIS,3189,False,4,3,0,219,0,0,0,0,1
1270788,Goudouss Bamba,2025,FIL,3189,False,6,0,0,0,0,0,0,0,0
1270788,Goudouss Bamba,2025,FI1,3189,False,19,11,0,411,1,0,5,2,0
1270788,Goudouss Bamba,2025,CAFC,69698,False,1,1,0,90,0,0,0,0,0
1270788,Goudouss Bamba,2024,ACL,69698,False,2,2,0,180,1,0,0,0,1
1270788,Goudouss Bamba,2023,FS,25249,True,5,4,0,209,0,0,1,1,1
1102181,Sebastian Suvanne,2026,ECLQ,3189,False,6,1,0,59,0,0,0,0,0
1102181,Sebastian Suvanne,2025,FIS,3189,False,4,1,0,45,0,0,0,0,0
1102181,Sebastian Suvanne,2025,FIL,3189,False,6,5,0,80,0,0,0,0,0
1102181,Sebastian Suvanne,2025,FI1,3189,False,19,5,0,142,0,0,2,0,0
1102181,Sebastian Suvanne,2025,ELQ,3189,False,2,0,0,0,0,0,0,0,0
1102181,Sebastian Suvanne,2025,ECLQ,3189,False,2,0,0,0,0,0,0,0,0
1102181,Sebastian Suvanne,2024,KP3B,52347,False,5,4,0,198,2,0,0,0,0
1102181,Sebastian Suvanne,2024,FIS,52347,False,2,1,0,31,0,0,0,0,0
1102181,Sebastian Suvanne,2024,FIS,3189,False,1,0,0,0,0,0,0,0,0
1102181,Sebastian Suvanne,2024,FIL,3189,False,6,1,0,7,0,0,0,0,0
1102181,Sebastian Suvanne,2024,FIKP,52347,False,4,4,0,222,0,0,0,0,0
1102181,Sebastian Suvanne,2024,FI3B,52347,False,18,1,0,74,0,0,0,0,0
1102181,Sebastian Suvanne,2024,FI1,3189,False,22,0,0,0,0,0,0,0,0
1102181,Sebastian Suvanne,2024,F1CL,3189,False,10,0,0,0,0,0,0,0,0
1102181,Sebastian Suvanne,2023,FS,20793,True,7,3,0,210,0,0,0,0,0
1102181,Sebastian Suvanne,2023,FIS,52347,False,2,1,0,7,0,0,0,0,0
1102181,Sebastian Suvanne,2023,FINJ,46621,False,1,1,0,90,0,0,0,0,0
1102181,Sebastian Suvanne,2023,FI3B,52347,False,20,11,0,852,0,0,0,0,3
1102181,Sebastian Suvanne,2023,F3KB,52347,False,4,4,0,347,0,0,0,0,0
1102181,Sebastian Suvanne,2022,FIS,23075,False,1,1,0,90,0,0,0,0,0
1102181,Sebastian Suvanne,2022,FI3B,23075,False,10,1,0,90,0,0,0,0,0
895403,Jere Riissanen,2026,ECLQ,3189,False,6,0,0,0,0,0,0,0,0
895403,Jere Riissanen,2025,FIS,3189,False,1,0,0,0,0,0,0,0,0
895403,Jere Riissanen,2025,FI3B,52347,False,17,9,0,690,0,0,0,0,1
895403,Jere Riissanen,2025,FI1,3189,False,6,0,0,0,0,0,0,0,0
895403,Jere Riissanen,2024,FIYK,23203,False,22,17,0,1162,0,0,0,0,1
895403,Jere Riissanen,2024,FIS,23203,False,4,3,0,191,0,0,0,0,0
895403,Jere Riissanen,2024,FI3R,23203,False,5,4,0,211,0,0,0,0,0
895403,Jere Riissanen,2024,ECLQ,3189,False,4,0,0,0,0,0,0,0,0
895403,Jere Riissanen,2023,FIS,3189,False,1,0,0,0,0,0,0,0,0
895403,Jere Riissanen,2023,FIL,3189,False,6,2,0,90,0,0,0,0,0
895403,Jere Riissanen,2023,FI3B,52347,False,11,10,0,900,0,1,0,0,1
895403,Jere Riissanen,2023,FI1,3189,False,22,4,0,81,0,0,0,0,0
895403,Jere Riissanen,2023,F3KB,52347,False,3,3,0,242,1,0,0,0,0
895403,Jere Riissanen,2023,F1CL,3189,False,5,0,0,0,0,0,0,0,0
895403,Jere Riissanen,2022,FS,20793,True,3,3,0,207,0,0,0,0,0
895403,Jere Riissanen,2022,FIS,3189,False,7,0,0,0,0,0,0,0,0
895403,Jere Riissanen,2022,FINJ,46621,False,2,2,0,180,0,0,0,0,0
895403,Jere Riissanen,2022,FIL,3189,False,5,0,0,0,0,0,0,0,0
895403,Jere Riissanen,2022,FI3B,52347,False,16,16,0,1349,0,0,0,0,0
895403,Jere Riissanen,2022,FI1,3189,False,22,2,0,34,0,0,0,0,0
895403,Jere Riissanen,2022,F1CC,3189,False,5,0,0,0,0,0,0,0,0
895403,Jere Riissanen,2021,FS,20792,True,2,1,0,90,0,0,0,0,0
895403,Jere Riissanen,2021,FIS,52347,False,3,3,0,270,0,0,0,0,0
895403,Jere Riissanen,2021,FI3B,52347,False,24,21,0,1738,0,0,0,0,1
895403,Jere Riissanen,2021,F1CC,3189,False,1,1,0,1,0,0,0,0,0
895403,Jere Riissanen,2020,FINJ,46621,False,19,9,0,623,0,0,0,0,1
1570003,Franck Kouakou,2026,ECLQ,3189,False,3,0,0,0,0,0,0,0,0
1570003,Franck Kouakou,2025,FI1,3189,False,3,0,0,0,0,0,0,0,0
226330,Joona Veteli,2026,ECLQ,3189,False,5,3,0,180,0,0,0,0,0
226330,Joona Veteli,2025,FIS,3189,False,4,2,0,58,0,0,0,0,0
226330,Joona Veteli,2025,FIL,3189,False,6,0,0,0,0,0,0,0,0
226330,Joona Veteli,2025,FI1,3189,False,19,6,0,319,1,0,5,4,0
226330,Joona Veteli,2025,ELQ,3189,False,2,2,0,110,0,0,0,0,0
226330,Joona Veteli,2025,ECLQ,3189,False,2,1,0,69,0,0,0,0,0
226330,Joona Veteli,2024,FIS,3189,False,1,1,0,31,0,0,0,0,0
226330,Joona Veteli,2024,FIL,3189,False,6,2,0,107,0,0,0,0,0
226330,Joona Veteli,2024,FI1,3189,False,22,22,0,1761,5,4,30,15,1
226330,Joona Veteli,2024,F1CL,3189,False,10,10,0,863,2,0,7,3,2
226330,Joona Veteli,2024,ECLQ,3189,False,4,4,0,390,0,1,4,1,0
226330,Joona Veteli,2023,FIS,3189,False,1,1,0,90,0,0,0,0,1
226330,Joona Veteli,2023,FIL,3189,False,6,0,6,0,0,0,0,0,0
226330,Joona Veteli,2023,FI1,3189,False,22,20,0,1601,2,5,26,6,7
226330,Joona Veteli,2023,F1CL,3189,False,5,5,0,445,1,0,7,3,0
226330,Joona Veteli,2023,ECLQ,6251,False,2,0,2,0,0,0,0,0,0
226330,Joona Veteli,2022,FIS,6251,False,3,3,0,131,0,0,0,0,0
226330,Joona Veteli,2022,FIL,6251,False,6,6,0,459,1,1,0,0,1
226330,Joona Veteli,2022,FI1,6251,False,22,14,7,1198,5,2,25,11,3
226330,Joona Veteli,2022,F1CL,6251,False,5,0,5,0,0,0,0,0,0
226330,Joona Veteli,2022,ECLQ,6251,False,6,0,5,0,0,0,0,0,0
226330,Joona Veteli,2021,FIS,6251,False,5,2,3,114,0,0,0,0,0
226330,Joona Veteli,2021,FIL,6251,False,4,0,0,0,0,0,0,0,0
226330,Joona Veteli,2021,FI1,6251,False,22,10,12,639,2,2,0,0,1
226330,Joona Veteli,2021,F1CL,6251,False,5,5,0,325,0,2,0,0,0
226330,Joona Veteli,2020,FIS,3189,False,3,3,0,269,0,0,0,0,2
226330,Joona Veteli,2020,FI1,3189,False,22,22,0,1980,1,2,0,0,2
226330,Joona Veteli,2020,F1CL,3189,False,5,5,0,450,1,1,0,0,0
226330,Joona Veteli,2020,ELQ,3189,False,1,1,0,83,1,0,0,0,0
226330,Joona Veteli,2019,FIS,3189,False,7,3,0,188,1,0,0,0,0
226330,Joona Veteli,2019,FI1,3189,False,22,11,2,924,3,2,0,0,2
226330,Joona Veteli,2018,NOPO,3837,False,2,2,0,180,0,1,0,0,1
226330,Joona Veteli,2018,NO31,3837,False,26,22,4,1876,5,0,0,0,4
226330,Joona Veteli,2017,NOPO,3837,False,2,1,0,35,0,0,0,0,0
226330,Joona Veteli,2017,NO31,3837,False,26,20,0,1588,8,0,0,0,1
226330,Joona Veteli,2017,NO2R,3837,False,2,2,0,180,0,0,0,0,0
226330,Joona Veteli,2016,NOPO,3837,False,1,1,0,90,0,0,0,0,0
226330,Joona Veteli,2016,NO2R,3837,False,2,1,0,41,0,0,0,0,0
226330,Joona Veteli,2016,NO2,3837,False,30,24,2,1729,3,2,0,0,5
226330,Joona Veteli,2015,U21Q,20796,True,5,3,0,107,0,0,0,0,0
226330,Joona Veteli,2015,FS,20796,True,1,1,0,45,0,0,0,0,0
226330,Joona Veteli,2015,FIS,17398,False,2,2,0,210,0,1,0,0,0
226330,Joona Veteli,2015,FIL,17398,False,5,5,0,450,1,0,0,0,0
226330,Joona Veteli,2015,FI1,17398,False,33,28,0,2501,0,7,0,0,4
226330,Joona Veteli,2014,FIS,3650,False,1,1,0,25,0,0,0,0,0
226330,Joona Veteli,2014,FIL,3650,False,4,4,0,360,2,0,0,0,1
226330,Joona Veteli,2014,FI3N,21041,False,1,1,0,90,0,0,0,0,0
226330,Joona Veteli,2014,FI1,3650,False,33,26,0,1564,0,1,0,0,3
226330,Joona Veteli,2013,FI3N,10927,False,27,24,0,2138,4,0,0,0,6
226330,Joona Veteli,2012,FIS,10927,False,3,1,0,90,0,0,0,0,0
226330,Joona Veteli,2010,FI2,17398,False,6,2,0,49,0,0,0,0,0
679593,Maksim Stjopin,2026,ECLQ,3189,False,6,0,0,0,0,0,0,0,0
679593,Maksim Stjopin,2025,FIS,3189,False,4,2,0,89,3,2,0,0,0
679593,Maksim Stjopin,2025,FIL,3189,False,6,6,0,485,2,1,0,0,0
679593,Maksim Stjopin,2025,FI1,3189,False,19,11,0,908,3,2,17,7,1
679593,Maksim Stjopin,2025,ELQ,3189,False,2,2,0,131,0,0,0,0,0
679593,Maksim Stjopin,2025,ECLQ,3189,False,2,2,0,95,0,1,0,0,0
679593,Maksim Stjopin,2024,FIS,3189,False,1,1,0,90,0,0,0,0,0
679593,Maksim Stjopin,2024,FIL,3189,False,6,6,0,393,1,2,0,0,0
679593,Maksim Stjopin,2024,FI1,3189,False,22,20,0,1090,1,2,22,8,4
679593,Maksim Stjopin,2024,F1CL,3189,False,10,10,0,662,3,1,17,5,0
679593,Maksim Stjopin,2024,ECLQ,3189,False,4,1,0,54,0,0,1,0,0
679593,Maksim Stjopin,2023,UCOL,1008,False,6,0,0,0,0,0,0,0,0
679593,Maksim Stjopin,2023,FIS,3189,False,1,1,0,87,0,1,0,0,0
679593,Maksim Stjopin,2023,FIL,3189,False,6,4,0,175,0,0,0,0,0
679593,Maksim Stjopin,2023,FI1,3189,False,22,12,0,520,3,2,12,5,0
679593,Maksim Stjopin,2023,F1CL,3189,False,5,4,0,101,0,1,3,1,0
679593,Maksim Stjopin,2023,ELQ,1008,False,2,0,0,0,0,0,0,0,0
679593,Maksim Stjopin,2023,ECLQ,1008,False,2,0,0,0,0,0,0,0,0
679593,Maksim Stjopin,2023,CLQ,1008,False,4,0,0,0,0,0,0,0,0
679593,Maksim Stjopin,2022,FS,20796,True,4,3,0,80,0,0,0,0,0
679593,Maksim Stjopin,2022,FIS,1008,False,1,0,0,0,0,0,0,0,0
679593,Maksim Stjopin,2022,FIL,1008,False,6,4,0,214,1,0,0,0,0
679593,Maksim Stjopin,2022,FI1,1008,False,22,6,0,229,1,1,3,2,0
679593,Maksim Stjopin,2022,F1CL,1008,False,5,0,0,0,0,0,0,0,0
679593,Maksim Stjopin,2022,DKRE,62689,False,4,4,0,313,2,0,0,0,0
679593,Maksim Stjopin,2022,DKP,2778,False,3,1,0,30,0,1,0,0,0
679593,Maksim Stjopin,2022,DKDL,14355,False,7,7,0,630,4,4,0,0,0
679593,Maksim Stjopin,2022,DK1,2778,False,17,0,0,0,0,0,0,0,0
679593,Maksim Stjopin,2021,U19Q,20794,True,6,5,0,401,0,1,0,0,0
679593,Maksim Stjopin,2021,FS,20795,True,2,2,0,131,0,0,0,0,0
679593,Maksim Stjopin,2021,FS,20794,True,2,2,0,76,0,0,0,0,0
679593,Maksim Stjopin,2021,DKRQ,62689,False,2,2,0,56,0,0,0,0,0
679593,Maksim Stjopin,2021,DKDL,14355,False,26,21,0,1488,6,0,0,0,0
679593,Maksim Stjopin,2020,ELQ,3189,False,1,0,0,0,0,0,0,0,0
679593,Maksim Stjopin,2020,DKDL,14355,False,15,10,0,497,4,3,0,0,0
679593,Maksim Stjopin,2019,U17Q,20792,True,3,3,0,89,0,0,0,0,0
679593,Maksim Stjopin,2019,FS,20792,True,10,10,0,436,0,0,0,0,0
679593,Maksim Stjopin,2019,FS,20791,True,1,1,0,40,0,0,0,0,0
679593,Maksim Stjopin,2019,FJE,46621,False,6,2,0,148,0,0,0,0,0
679593,Maksim Stjopin,2019,FIS,3189,False,7,0,0,0,0,0,0,0,0
679593,Maksim Stjopin,2019,FINJ,46621,False,7,2,0,154,1,0,0,0,0
679593,Maksim Stjopin,2019,FI3B,52347,False,16,13,0,960,5,0,0,0,1
679593,Maksim Stjopin,2019,FI1,3189,False,22,3,0,72,2,0,0,0,1
679593,Maksim Stjopin,2018,FS,20791,True,5,5,0,225,3,0,0,0,0
354407,Anton Popovitch,2026,ECLQ,3189,False,6,6,0,533,0,0,0,0,2
354407,Anton Popovitch,2025,FIS,3189,False,4,3,0,133,0,0,0,0,0
354407,Anton Popovitch,2025,FIL,3189,False,6,6,0,521,0,4,0,0,3
354407,Anton Popovitch,2025,FI1,3189,False,19,13,0,918,0,1,8,1,1
354407,Anton Popovitch,2025,ELQ,3189,False,2,2,0,148,0,0,0,0,0
354407,Anton Popovitch,2025,ECLQ,3189,False,2,1,0,90,0,0,0,0,0
354407,Anton Popovitch,2024,FIS,3189,False,1,1,0,90,0,0,0,0,0
354407,Anton Popovitch,2024,FIL,3189,False,6,5,0,373,0,0,0,0,0
354407,Anton Popovitch,2024,FI1,3189,False,22,20,0,1637,1,2,22,6,4
354407,Anton Popovitch,2024,F1CL,3189,False,10,10,0,854,0,0,11,3,1
354407,Anton Popovitch,2024,ECLQ,3189,False,4,4,0,368,0,0,1,0,1
354407,Anton Popovitch,2023,FIS,3189,False,1,1,0,45,0,0,0,0,0
354407,Anton Popovitch,2023,FIL,3189,False,6,5,0,351,0,1,0,0,0
354407,Anton Popovitch,2023,FI1,3189,False,22,21,0,1825,3,1,17,4,5
354407,Anton Popovitch,2023,F1CL,3189,False,5,5,0,428,0,0,5,1,0
354407,Anton Popovitch,2023,ECLQ,6251,False,2,1,0,71,0,1,0,0,0
354407,Anton Popovitch,2022,FIS,6251,False,3,2,0,180,0,0,0,0,1
354407,Anton Popovitch,2022,FIL,6251,False,6,6,0,470,0,1,0,0,1
354407,Anton Popovitch,2022,FI1,6251,False,22,17,0,1476,1,1,16,4,5
354407,Anton Popovitch,2022,F1CL,6251,False,5,5,0,442,0,0,10,1,0
354407,Anton Popovitch,2022,ECLQ,6251,False,6,4,0,172,0,0,0,0,0
354407,Anton Popovitch,2021,FIS,6251,False,5,5,0,390,1,1,0,0,1
354407,Anton Popovitch,2021,FIL,6251,False,4,2,0,165,0,0,0,0,2
354407,Anton Popovitch,2021,FI1,6251,False,22,19,0,1593,2,2,0,0,2
354407,Anton Popovitch,2021,F1CL,6251,False,5,5,0,450,0,0,0,0,0
354407,Anton Popovitch,2021,ECLQ,6251,False,8,8,0,605,0,1,0,0,2
354407,Anton Popovitch,2020,FIS,6251,False,6,6,0,525,1,2,0,0,1
354407,Anton Popovitch,2020,FI1,6251,False,22,20,0,1751,3,3,0,0,5
354407,Anton Popovitch,2020,F1CL,6251,False,5,5,0,450,0,1,0,0,0
354407,Anton Popovitch,2019,FIS,1225,False,8,8,0,712,1,2,0,0,1
354407,Anton Popovitch,2019,FI1,1225,False,22,20,0,1618,2,5,0,0,2
354407,Anton Popovitch,2018,FIS,1225,False,5,5,0,438,0,0,0,0,1
354407,Anton Popovitch,2018,FI2,1225,False,27,27,0,2392,7,14,0,0,2
354407,Anton Popovitch,2017,FIS,1225,False,7,4,0,373,1,0,0,0,1
354407,Anton Popovitch,2017,FI2,1225,False,27,25,0,2126,5,1,0,0,3
354407,Anton Popovitch,2016,FIS,1225,False,5,5,0,445,0,0,0,0,0
354407,Anton Popovitch,2016,FI2,1225,False,27,26,0,1973,1,2,0,0,0
354407,Anton Popovitch,2015,FJE,8808,False,17,4,0,346,1,0,0,0,1
354407,Anton Popovitch,2015,FIS,1225,False,5,4,0,173,0,0,0,0,0
354407,Anton Popovitch,2015,FINJ,8808,False,6,5,0,450,3,0,0,0,0
354407,Anton Popovitch,2015,FI2,1225,False,27,18,0,1164,0,0,0,0,3
354407,Anton Popovitch,2014,FJE,8808,False,17,11,0,945,2,0,0,0,0
354407,Anton Popovitch,2014,FIS,1225,False,5,3,0,124,0,0,0,0,0
354407,Anton Popovitch,2014,FINJ,8808,False,9,7,0,630,2,0,0,0,5
354407,Anton Popovitch,2014,FI2,1225,False,27,18,0,1476,2,0,0,0,4
766069,Yiandro Raap,2026,ECLQ,3189,False,6,3,0,198,1,0,0,0,0
766069,Yiandro Raap,2025,PLIC,9715,False,4,4,0,245,0,0,0,0,0
766069,Yiandro Raap,2025,NL2,9715,False,33,23,0,634,0,1,2,0,1
766069,Yiandro Raap,2025,FIS,3189,False,4,4,0,267,0,0,0,0,1
766069,Yiandro Raap,2025,FI1,3189,False,19,16,0,754,1,1,8,2,4
766069,Yiandro Raap,2025,19YL,50627,False,7,5,0,384,0,0,0,0,1
766069,Yiandro Raap,2024,PLIC,9715,False,4,0,0,0,0,0,0,0,0
766069,Yiandro Raap,2024,NLJV,4575,False,12,7,0,459,0,0,0,0,0
766069,Yiandro Raap,2024,NLJB,4575,False,4,3,0,270,0,0,0,0,1
766069,Yiandro Raap,2024,NLAJ,4575,False,14,11,0,958,1,0,0,0,1
766069,Yiandro Raap,2024,NL2,9715,False,38,4,1,87,0,0,0,0,1
766069,Yiandro Raap,2024,BK19,4575,False,1,1,0,80,0,0,0,0,0
766069,Yiandro Raap,2024,2SAM,22991,True,4,4,0,360,0,0,4,3,0
766069,Yiandro Raap,2024,19YL,50627,False,6,4,0,186,0,0,0,0,3
766069,Yiandro Raap,2023,NLJB,81337,False,3,2,0,180,0,0,0,0,0
766069,Yiandro Raap,2023,NL2,9715,False,1,1,0,83,0,0,0,0,1
766069,Yiandro Raap,2023,FS,41373,True,1,1,0,86,0,0,0,0,0
766069,Yiandro Raap,2023,19YL,50627,False,6,3,0,55,0,0,0,0,1
766069,Yiandro Raap,2023,181S,81337,False,14,8,0,557,0,0,0,0,0
766069,Yiandro Raap,2023,181F,81337,False,14,7,0,376,0,0,0,0,0
766069,Yiandro Raap,2022,NLVB,39212,False,14,12,0,958,0,0,0,0,0
766069,Yiandro Raap,2022,NLJB,81337,False,1,0,0,0,0,0,0,0,0
766069,Yiandro Raap,2022,NLBJ,39212,False,14,5,0,343,0,1,0,0,0
766069,Yiandro Raap,2022,FS,74967,True,4,1,0,90,0,0,0,0,0
766069,Yiandro Raap,2022,AA17,10933,True,3,2,0,155,0,0,0,0,2
766069,Yiandro Raap,2022,181S,81337,False,1,0,0,0,0,0,0,0,0
766069,Yiandro Raap,2022,181F,81337,False,1,1,0,13,0,0,0,0,0
766069,Yiandro Raap,2022,17WC,41373,True,4,4,0,353,0,0,0,0,0
766069,Yiandro Raap,2021,NLVB,39212,False,14,2,0,95,0,0,0,0,0
766069,Yiandro Raap,2021,NLBJ,39212,False,7,4,0,315,0,0,0,0,0
896597,Jardell Kanga,2026,ECLQ,3189,False,6,6,0,558,1,3,0,0,3
896597,Jardell Kanga,2025,U21Q,8595,True,6,4,0,94,0,0,0,0,1
896597,Jardell Kanga,2025,FIS,3189,False,4,4,0,331,2,2,0,0,1
896597,Jardell Kanga,2025,FIL,3189,False,6,6,0,348,0,0,0,0,0
896597,Jardell Kanga,2025,FI1,3189,False,19,17,0,1149,9,4,25,18,1
896597,Jardell Kanga,2025,ELQ,3189,False,2,2,0,110,0,0,0,0,0
896597,Jardell Kanga,2025,ECLQ,3189,False,2,2,0,159,0,0,4,1,0
896597,Jardell Kanga,2024,SEC,1059,False,5,2,0,32,0,0,0,0,0
896597,Jardell Kanga,2024,SE1,1059,False,1,0,0,0,0,0,0,0,0
896597,Jardell Kanga,2024,FIS,3189,False,1,1,0,59,0,0,0,0,0
896597,Jardell Kanga,2024,FI1,3189,False,22,18,0,748,4,5,14,7,4
896597,Jardell Kanga,2024,F1CL,3189,False,10,9,0,411,1,1,11,3,2
896597,Jardell Kanga,2023,SE3N,17938,False,13,10,0,878,2,1,0,0,1
896597,Jardell Kanga,2023,SE1,1059,False,17,1,0,3,0,0,1,0,0
896597,Jardell Kanga,2023,PON2,642,False,2,0,0,0,0,0,0,0,0
896597,Jardell Kanga,2023,NL2,642,False,15,1,0,16,0,0,0,0,0
896597,Jardell Kanga,2023,FS,23488,True,1,1,0,25,0,0,0,0,0
896597,Jardell Kanga,2023,DFBJ,4713,False,3,2,0,174,1,0,0,0,0
896597,Jardell Kanga,2023,AJ2,4713,False,14,11,0,855,1,3,0,0,3
896597,Jardell Kanga,2023,211S,17668,False,6,2,0,153,2,0,0,0,0
896597,Jardell Kanga,2022,U19Q,23488,True,3,3,0,173,0,0,0,0,0
896597,Jardell Kanga,2022,FS,23488,True,1,1,0,64,0,0,0,0,0
896597,Jardell Kanga,2022,DFBJ,4713,False,2,1,0,45,0,0,0,0,0
896597,Jardell Kanga,2022,AJ2,4713,False,15,8,0,483,3,2,0,0,0
896597,Jardell Kanga,2022,19YL,41569,False,2,2,0,77,0,0,0,0,0
896597,Jardell Kanga,2022,19S2,4713,False,4,3,1,228,2,0,2,1,0
896597,Jardell Kanga,2022,19S1,4713,False,3,2,0,172,4,1,0,0,1
896597,Jardell Kanga,2021,U17Q,23487,True,6,6,0,535,3,1,0,0,0
896597,Jardell Kanga,2021,SEC,1092,False,2,2,0,119,0,0,0,0,0
896597,Jardell Kanga,2021,FS,23487,True,6,3,0,200,0,0,0,0,0
896597,Jardell Kanga,2021,BJ2,21054,False,7,6,0,455,0,0,0,0,1
896597,Jardell Kanga,2021,AJ2,4713,False,8,4,0,146,1,0,0,0,0
896597,Jardell Kanga,2021,17EU,23487,True,3,3,0,248,4,0,7,5,0
896597,Jardell Kanga,2020,SE3N,1092,False,30,23,0,966,5,1,0,0,3
270515,Lauri Ala-Myllymäki,2026,ECLQ,3189,False,6,3,1,99,0,0,0,0,0
270515,Lauri Ala-Myllymäki,2025,FIS,3189,False,4,0,4,0,0,0,0,0,0
270515,Lauri Ala-Myllymäki,2025,FIL,3189,False,6,0,6,0,0,0,0,0,0
270515,Lauri Ala-Myllymäki,2025,FI3B,52347,False,1,1,0,19,0,0,0,0,0
270515,Lauri Ala-Myllymäki,2025,FI1,3189,False,19,2,15,15,0,0,0,0,0
270515,Lauri Ala-Myllymäki,2025,ELQ,3189,False,2,1,0,12,0,0,0,0,0
270515,Lauri Ala-Myllymäki,2025,ECLQ,3189,False,2,0,0,0,0,0,0,0,0
270515,Lauri Ala-Myllymäki,2024,FIS,3189,False,1,1,0,77,0,0,0,0,0
270515,Lauri Ala-Myllymäki,2024,FIL,3189,False,6,5,0,266,3,0,0,0,1
270515,Lauri Ala-Myllymäki,2024,FI1,3189,False,22,17,0,747,2,1,26,10,2
270515,Lauri Ala-Myllymäki,2024,F1CL,3189,False,10,3,7,30,0,0,1,0,1
270515,Lauri Ala-Myllymäki,2024,ECLQ,3189,False,4,4,0,167,1,0,1,1,1
270515,Lauri Ala-Myllymäki,2023,FIS,3189,False,1,0,0,0,0,0,0,0,0
270515,Lauri Ala-Myllymäki,2023,FIL,3189,False,6,3,0,172,0,1,0,0,2
270515,Lauri Ala-Myllymäki,2023,FI1,3189,False,22,17,0,703,4,4,21,8,3
270515,Lauri Ala-Myllymäki,2023,F1CL,3189,False,5,4,0,269,1,2,8,2,0
270515,Lauri Ala-Myllymäki,2022,IT3A,4271,False,23,0,23,0,0,0,0,0,0
270515,Lauri Ala-Myllymäki,2022,FIS,3189,False,7,5,0,300,1,0,0,0,0
270515,Lauri Ala-Myllymäki,2022,FIL,3189,False,5,3,0,126,0,0,0,0,1
270515,Lauri Ala-Myllymäki,2022,FI1,3189,False,22,15,0,962,1,0,19,6,2
270515,Lauri Ala-Myllymäki,2022,F1CC,3189,False,5,5,0,407,2,1,15,5,1
270515,Lauri Ala-Myllymäki,2022,CILP,4271,False,1,0,0,0,0,0,0,0,0
270515,Lauri Ala-Myllymäki,2021,IT3P,4271,False,3,2,0,42,0,0,0,0,0
270515,Lauri Ala-Myllymäki,2021,IT3A,4271,False,16,8,0,379,0,0,0,0,2
270515,Lauri Ala-Myllymäki,2021,IT1,607,False,22,0,19,0,0,0,0,0,0
270515,Lauri Ala-Myllymäki,2021,CIT,607,False,3,0,1,0,0,0,0,0,0
270515,Lauri Ala-Myllymäki,2020,POSB,607,False,5,0,5,0,0,0,0,0,0
270515,Lauri Ala-Myllymäki,2020,IT2,607,False,22,0,19,0,0,0,0,0,0
270515,Lauri Ala-Myllymäki,2020,ELQ,3189,False,1,1,0,120,1,1,0,0,0
270515,Lauri Ala-Myllymäki,2019,FIS,3189,False,7,7,0,570,3,2,0,0,0
270515,Lauri Ala-Myllymäki,2019,FI1,3189,False,22,21,0,1562,7,2,0,0,2
270515,Lauri Ala-Myllymäki,2018,FIS,3189,False,9,5,0,386,1,0,0,0,0
270515,Lauri Ala-Myllymäki,2018,FI1,3189,False,22,21,0,1806,12,3,0,0,2
270515,Lauri Ala-Myllymäki,2018,F1CL,3189,False,5,3,0,270,0,0,0,0,0
270515,Lauri Ala-Myllymäki,2018,ELQ,3189,False,2,2,0,173,0,0,0,0,1
270515,Lauri Ala-Myllymäki,2017,U21Q,20796,True,10,8,0,268,0,0,0,0,2
270515,Lauri Ala-Myllymäki,2017,FS,20796,True,1,1,0,30,0,0,0,0,0
270515,Lauri Ala-Myllymäki,2017,FIS,3189,False,6,6,0,423,0,0,0,0,1
270515,Lauri Ala-Myllymäki,2017,FI1,3189,False,33,30,0,2245,6,2,0,0,6
270515,Lauri Ala-Myllymäki,2016,FS,20796,True,4,4,0,193,0,0,0,0,1
270515,Lauri Ala-Myllymäki,2016,FIS,3189,False,7,5,0,124,1,0,0,0,0
270515,Lauri Ala-Myllymäki,2016,FINJ,46621,False,1,1,0,90,0,0,0,0,0
270515,Lauri Ala-Myllymäki,2016,FI1,3189,False,33,30,0,2005,3,3,0,0,4
270515,Lauri Ala-Myllymäki,2015,U19Q,20794,True,3,3,0,253,0,0,0,0,1
270515,Lauri Ala-Myllymäki,2015,FIS,3189,False,2,2,0,129,0,0,0,0,0
270515,Lauri Ala-Myllymäki,2015,FINJ,46621,False,1,1,0,71,0,0,0,0,0
270515,Lauri Ala-Myllymäki,2015,FIL,3189,False,5,5,0,294,0,0,0,0,1
270515,Lauri Ala-Myllymäki,2015,FI1,3189,False,33,31,0,2110,9,2,0,0,3
270515,Lauri Ala-Myllymäki,2014,FS,20794,True,3,3,0,208,0,0,0,0,0
270515,Lauri Ala-Myllymäki,2014,FS,20793,True,6,6,0,365,0,0,0,0,0
270515,Lauri Ala-Myllymäki,2014,FIS,3189,False,1,1,0,61,0,0,0,0,0
270515,Lauri Ala-Myllymäki,2014,FINJ,46621,False,4,4,0,360,0,0,0,0,0
270515,Lauri Ala-Myllymäki,2014,FIL,3189,False,6,2,0,106,0,0,0,0,0
270515,Lauri Ala-Myllymäki,2014,FI1,3189,False,33,27,0,1338,1,1,0,0,4
270515,Lauri Ala-Myllymäki,2013,U17Q,20792,True,3,3,0,217,0,0,0,0,2
270515,Lauri Ala-Myllymäki,2013,FS,20792,True,1,1,0,40,0,0,0,0,0
270515,Lauri Ala-Myllymäki,2013,FIS,3189,False,2,2,0,105,0,0,0,0,0
270515,Lauri Ala-Myllymäki,2013,FI2,3189,False,27,25,0,2215,0,0,0,0,4
270515,Lauri Ala-Myllymäki,2012,FS,20792,True,1,1,0,80,0,0,0,0,0
270515,Lauri Ala-Myllymäki,2012,FI2,3189,False,15,10,0,215,2,0,0,0,1
701679,Jesse Kilo,2026,ECLQ,3189,False,6,5,0,280,1,0,0,0,2
701679,Jesse Kilo,2025,FS,20796,True,2,2,0,48,0,0,0,0,0
701679,Jesse Kilo,2025,FIS,3189,False,4,4,0,219,1,0,0,0,0
701679,Jesse Kilo,2025,FIL,3189,False,6,6,0,267,0,1,0,0,0
701679,Jesse Kilo,2025,FI1,3189,False,19,18,0,1273,0,6,33,7,0
701679,Jesse Kilo,2025,ECLQ,3189,False,2,1,0,16,0,0,0,0,0
701679,Jesse Kilo,2024,RLN3,389,False,34,33,0,2428,0,9,0,0,3
701679,Jesse Kilo,2024,FI3B,52347,False,1,1,0,61,0,0,0,0,0
701679,Jesse Kilo,2024,FI1,3189,False,5,2,0,36,1,0,3,1,0
701679,Jesse Kilo,2024,F1CL,3189,False,10,5,0,85,0,1,1,0,0
701679,Jesse Kilo,2023,RLN3,389,False,34,19,0,897,1,4,0,0,2
701679,Jesse Kilo,2022,U19Q,20794,True,3,3,0,237,0,1,0,0,0
701679,Jesse Kilo,2022,RLN3,389,False,4,4,0,134,0,1,0,0,0
701679,Jesse Kilo,2022,FS,20794,True,3,3,0,177,1,0,0,0,0
701679,Jesse Kilo,2022,AJ1,2509,False,16,15,0,1331,4,4,1,1,1
701679,Jesse Kilo,2022,19S2,2509,False,4,2,0,105,1,0,6,2,0
701679,Jesse Kilo,2022,19S1,2509,False,3,2,0,135,2,1,0,0,0
701679,Jesse Kilo,2021,FS,20793,True,4,4,0,293,1,0,5,3,0
701679,Jesse Kilo,2021,AJ1,2509,False,18,9,0,420,0,1,0,0,0
701679,Jesse Kilo,2020,BJ1,21063,False,4,4,0,145,0,0,0,0,0
701679,Jesse Kilo,2019,U17Q,20792,True,3,2,0,32,0,0,0,0,0
701679,Jesse Kilo,2019,FS,20792,True,3,3,0,171,0,0,0,0,0
701679,Jesse Kilo,2019,FS,20791,True,6,4,0,257,6,0,0,0,0
701679,Jesse Kilo,2018,FS,34682,True,3,3,0,142,1,0,0,0,0
1149427,Oskari Multala,2026,U19Q,20794,True,3,0,0,0,0,0,0,0,0
1149427,Oskari Multala,2026,ECLQ,3189,False,6,5,0,211,0,0,0,0,1
1149427,Oskari Multala,2025,U19Q,20794,True,6,5,0,345,0,0,0,0,0
1149427,Oskari Multala,2025,FS,20794,True,4,4,0,225,0,0,0,0,0
1149427,Oskari Multala,2025,FIS,3189,False,4,2,0,150,1,1,0,0,0
1149427,Oskari Multala,2025,FIL,3189,False,6,6,0,373,1,0,0,0,0
1149427,Oskari Multala,2025,FI3B,52347,False,2,2,0,106,0,0,0,0,0
1149427,Oskari Multala,2025,FI1,3189,False,19,12,0,748,1,1,4,3,2
1149427,Oskari Multala,2025,ELQ,3189,False,2,0,0,0,0,0,0,0,0
1149427,Oskari Multala,2025,ECLQ,3189,False,2,1,0,38,0,0,0,0,0
1149427,Oskari Multala,2024,KP3B,52347,False,5,4,0,321,1,0,0,0,1
1149427,Oskari Multala,2024,FS,20793,True,4,3,0,201,0,0,0,0,0
1149427,Oskari Multala,2024,FIS,52347,False,2,2,0,180,0,1,0,0,1
1149427,Oskari Multala,2024,FIS,3189,False,1,0,0,0,0,0,0,0,0
1149427,Oskari Multala,2024,FIL,3189,False,6,5,0,123,0,0,0,0,0
1149427,Oskari Multala,2024,FIKP,52347,False,4,4,0,332,0,0,0,0,0
1149427,Oskari Multala,2024,FI3B,52347,False,18,16,0,1219,1,0,0,0,0
1149427,Oskari Multala,2024,FI1,3189,False,22,2,0,35,0,1,0,0,0
1149427,Oskari Multala,2024,F1CL,3189,False,10,0,0,0,0,0,0,0,0
1149427,Oskari Multala,2023,U17Q,20792,True,6,5,0,342,1,0,0,0,0
1149427,Oskari Multala,2023,FS,20792,True,9,9,0,469,0,0,0,0,0
1149427,Oskari Multala,2023,FS,20791,True,1,1,0,13,0,0,0,0,0
1149427,Oskari Multala,2023,FI3B,52347,False,6,5,0,97,1,0,0,0,0
1149427,Oskari Multala,2023,F3KB,52347,False,4,4,0,287,0,0,0,0,0
1149427,Oskari Multala,2022,FS,20791,True,2,2,0,95,0,0,0,0,0
1139748,Otto Tiitinen,2026,ECLQ,3189,False,5,1,0,28,0,0,0,0,0
1139748,Otto Tiitinen,2025,U19Q,20794,True,3,2,0,98,0,0,0,0,0
1139748,Otto Tiitinen,2025,FS,20794,True,3,3,0,134,0,0,0,0,0
1139748,Otto Tiitinen,2025,FS,20793,True,3,1,0,90,0,0,0,0,0
1139748,Otto Tiitinen,2025,FIS,3189,False,4,1,0,12,0,0,0,0,0
1139748,Otto Tiitinen,2025,FIL,3189,False,6,4,0,118,0,0,0,0,0
1139748,Otto Tiitinen,2025,FI1,3189,False,19,14,0,600,1,0,4,1,1
1139748,Otto Tiitinen,2025,ELQ,3189,False,2,1,0,22,0,0,0,0,0
1139748,Otto Tiitinen,2025,ECLQ,3189,False,2,2,0,73,0,0,0,0,0
1139748,Otto Tiitinen,2024,U17Q,20792,True,6,6,0,417,1,3,0,0,1
1139748,Otto Tiitinen,2024,KP3B,52347,False,2,2,0,151,0,0,0,0,0
1139748,Otto Tiitinen,2024,FS,20792,True,9,9,0,531,2,0,0,0,1
1139748,Otto Tiitinen,2024,FIS,3189,False,1,0,0,0,0,0,0,0,0
1139748,Otto Tiitinen,2024,FIL,3189,False,6,5,0,334,0,0,0,0,0
1139748,Otto Tiitinen,2024,FIKP,52347,False,1,1,0,90,0,0,0,0,0
1139748,Otto Tiitinen,2024,FI1,3189,False,22,7,0,305,1,2,7,2,0
1139748,Otto Tiitinen,2024,F1CL,3189,False,10,6,0,181,0,0,4,2,1
1139748,Otto Tiitinen,2023,FS,20792,True,3,3,0,125,0,0,0,0,0
1139748,Otto Tiitinen,2023,FS,20791,True,8,8,0,409,1,0,0,0,0
1139748,Otto Tiitinen,2023,FIS,52347,False,2,2,0,165,0,0,0,0,0
1139748,Otto Tiitinen,2023,FI3B,52347,False,20,11,0,856,1,1,0,0,0
1139748,Otto Tiitinen,2023,F3KB,52347,False,4,2,0,180,0,0,0,0,1
1139748,Otto Tiitinen,2022,FS,34682,True,7,7,0,357,1,0,0,0,1
1297768,Rasmus Halonen,2026,ECLQ,3189,False,6,0,0,0,0,0,0,0,0
1297768,Rasmus Halonen,2025,FIS,3189,False,2,1,0,1,0,0,0,0,0
1297768,Rasmus Halonen,2025,FI3B,52347,False,17,13,0,989,3,0,0,0,3
1297768,Rasmus Halonen,2025,FI18,140354,False,2,1,0,90,0,0,0,0,0
1297768,Rasmus Halonen,2025,FI1,3189,False,9,1,0,12,0,0,0,0,0
1297768,Rasmus Halonen,2025,F18Q,140354,False,9,1,0,90,0,0,0,0,0
1297768,Rasmus Halonen,2024,KP3B,52347,False,5,3,0,219,0,0,0,0,0
1297768,Rasmus Halonen,2024,FIS,52347,False,2,1,0,59,0,0,0,0,1
1297768,Rasmus Halonen,2024,FINJ,46621,False,1,1,0,90,0,0,0,0,1
1297768,Rasmus Halonen,2024,FIKP,52347,False,4,3,0,185,0,0,0,0,0
1297768,Rasmus Halonen,2024,FI3B,52347,False,18,9,0,535,0,0,0,0,0
1297768,Rasmus Halonen,2023,FJE,46621,False,1,1,0,90,0,0,0,0,0
1564011,Yacouba Sacko,2026,ECLQ,3189,False,2,2,0,43,0,0,0,0,0
1564011,Yacouba Sacko,2025,FI3B,52347,False,8,4,0,220,0,0,0,0,2
1564011,Yacouba Sacko,2025,FI1,3189,False,2,0,0,0,0,0,0,0,0
737945,Teemu Hytönen,2026,ECLQ,3189,False,6,6,0,496,0,1,0,0,0
737945,Teemu Hytönen,2025,FIS,3189,False,4,4,0,287,2,0,0,0,0
737945,Teemu Hytönen,2025,FIL,3189,False,6,6,0,399,4,2,0,0,0
737945,Teemu Hytönen,2025,FI1,3189,False,19,18,0,1470,8,2,46,19,2
737945,Teemu Hytönen,2025,ELQ,3189,False,2,2,0,102,0,0,0,0,0
737945,Teemu Hytönen,2025,ECLQ,3189,False,2,0,0,0,0,0,0,0,0
737945,Teemu Hytönen,2024,FS,20796,True,2,2,0,30,0,0,1,0,0
737945,Teemu Hytönen,2024,FIS,3189,False,1,1,0,21,0,0,0,0,0
737945,Teemu Hytönen,2024,FIL,3189,False,6,5,0,259,3,0,0,0,2
737945,Teemu Hytönen,2024,FI1,3189,False,22,18,0,804,5,0,20,10,1
737945,Teemu Hytönen,2024,F1CL,3189,False,10,5,0,109,0,0,2,0,0
737945,Teemu Hytönen,2024,ECLQ,1102,False,2,2,0,142,0,0,0,0,0
737945,Teemu Hytönen,2024,21EU,20796,True,3,0,0,0,0,0,0,0,0
737945,Teemu Hytönen,2023,U21Q,20796,True,6,2,0,3,0,0,0,0,0
737945,Teemu Hytönen,2023,FIS,1102,False,2,1,0,75,0,0,0,0,0
737945,Teemu Hytönen,2023,FIL,1102,False,5,5,0,171,0,0,0,0,0
737945,Teemu Hytönen,2023,FI1,1102,False,22,21,0,1284,6,2,29,12,0
737945,Teemu Hytönen,2023,F1CL,1102,False,5,5,0,248,1,0,3,1,0
737945,Teemu Hytönen,2023,F1CE,1102,False,1,1,0,6,0,0,0,0,0
737945,Teemu Hytönen,2022,FIS,1102,False,4,3,0,208,2,3,0,0,0
737945,Teemu Hytönen,2022,FIL,1102,False,5,5,0,125,1,0,0,0,0
737945,Teemu Hytönen,2022,FI3C,23204,False,8,8,0,714,2,0,0,0,0
737945,Teemu Hytönen,2022,FI1,1102,False,19,5,0,40,0,0,0,0,0
737945,Teemu Hytönen,2021,FIS,52347,False,3,3,0,260,0,0,0,0,0
737945,Teemu Hytönen,2021,FINJ,46621,False,3,2,0,180,1,0,0,0,0
737945,Teemu Hytönen,2021,FI4P,70794,False,2,0,0,0,0,0,0,0,0
737945,Teemu Hytönen,2021,FI3B,52347,False,19,17,0,910,3,0,0,0,0
737945,Teemu Hytönen,2021,F1CE,1102,False,4,1,0,1,0,0,0,0,0
737945,Teemu Hytönen,2020,KCUP,52347,False,4,4,0,154,1,1,0,0,0
737945,Teemu Hytönen,2020,FINJ,46621,False,19,13,0,807,5,0,0,0,2
737945,Teemu Hytönen,2020,FI3B,52347,False,22,22,0,1567,8,0,0,0,0
737945,Teemu Hytönen,2019,KCUP,52347,False,3,2,0,71,0,0,0,0,0
737945,Teemu Hytönen,2019,FJE,46621,False,11,9,0,462,2,0,0,0,0
737945,Teemu Hytönen,2019,FINJ,46621,False,9,7,0,495,6,0,0,0,1
737945,Teemu Hytönen,2019,FI3B,52347,False,17,3,0,39,0,0,0,0,0
1118724,Samuel Syrjänen,2026,ECLQ,3189,False,6,0,0,0,0,0,0,0,0
1118724,Samuel Syrjänen,2025,FIS,3189,False,2,1,0,22,0,0,0,0,0
1118724,Samuel Syrjänen,2025,FI3B,52347,False,17,12,0,982,2,0,0,0,0
1118724,Samuel Syrjänen,2025,FI1,3189,False,9,1,0,8,0,0,0,0,0
1118724,Samuel Syrjänen,2024,KP3B,52347,False,5,5,0,200,0,0,0,0,0
1118724,Samuel Syrjänen,2024,FIS,52347,False,2,2,0,76,0,0,0,0,0
1118724,Samuel Syrjänen,2024,FINJ,46621,False,12,2,0,180,0,0,0,0,1
1118724,Samuel Syrjänen,2024,FIKP,52347,False,4,4,0,181,1,0,0,0,0
1118724,Samuel Syrjänen,2024,FI3B,52347,False,18,17,0,832,1,0,0,0,2
1118724,Samuel Syrjänen,2023,FJE,46621,False,6,3,0,147,0,0,0,0,1
1118724,Samuel Syrjänen,2023,FINJ,46621,False,17,5,0,247,1,0,0,0,1
1118724,Samuel Syrjänen,2022,FJE,46621,False,5,1,0,37,0,0,0,0,0
1118724,Samuel Syrjänen,2022,FINJ,46621,False,13,1,0,45,0,0,0,0,0
107577,Roope Riski,2026,ECLQ,3189,False,6,6,0,156,1,0,0,0,0
107577,Roope Riski,2025,FIS,3189,False,4,3,0,50,0,0,0,0,0
107577,Roope Riski,2025,FIL,3189,False,6,5,0,288,0,2,0,0,0
107577,Roope Riski,2025,FI1,3189,False,19,10,0,336,2,0,7,3,1
107577,Roope Riski,2025,ELQ,3189,False,2,1,0,78,0,0,0,0,0
107577,Roope Riski,2025,ECLQ,3189,False,2,2,0,152,2,0,5,3,0
107577,Roope Riski,2024,FIS,3189,False,1,1,0,59,0,0,0,0,0
107577,Roope Riski,2024,FIL,3189,False,6,6,0,346,0,1,0,0,0
107577,Roope Riski,2024,FI1,3189,False,22,21,0,1087,7,2,37,15,2
107577,Roope Riski,2024,F1CL,3189,False,10,10,0,705,6,1,20,9,1
107577,Roope Riski,2024,ECLQ,3189,False,4,4,0,191,3,0,2,1,0
107577,Roope Riski,2023,UCOL,1008,False,6,1,0,4,0,0,1,0,0
107577,Roope Riski,2023,FIS,3189,False,1,1,0,68,0,0,0,0,0
107577,Roope Riski,2023,FIL,3189,False,6,4,0,249,1,0,0,0,0
107577,Roope Riski,2023,FI1,3189,False,22,21,0,1066,8,0,24,12,2
107577,Roope Riski,2023,F1CL,3189,False,5,5,0,263,3,0,8,5,0
107577,Roope Riski,2023,ELQ,1008,False,2,0,0,0,0,0,0,0,0
107577,Roope Riski,2023,ECLQ,1008,False,2,0,0,0,0,0,0,0,0
107577,Roope Riski,2023,CLQ,1008,False,4,2,0,50,0,0,0,0,0
107577,Roope Riski,2022,FIS,1008,False,1,1,0,58,0,0,0,0,0
107577,Roope Riski,2022,FIL,1008,False,7,0,7,0,0,0,0,0,0
107577,Roope Riski,2022,FI3A,11131,False,1,1,0,63,0,0,0,0,0
107577,Roope Riski,2022,FI1,1008,False,22,8,6,311,0,0,6,1,0
107577,Roope Riski,2022,F1CL,1008,False,5,0,0,0,0,0,0,0,0
107577,Roope Riski,2022,ELQ,1008,False,4,0,4,0,0,0,0,0,0
107577,Roope Riski,2022,EL,1008,False,6,0,6,0,0,0,0,0,0
107577,Roope Riski,2022,CLQ,1008,False,4,0,4,0,0,0,0,0,0
107577,Roope Riski,2021,UCOL,1008,False,6,6,0,495,1,2,9,3,0
107577,Roope Riski,2021,FS,3443,True,1,0,0,0,0,0,0,0,0
107577,Roope Riski,2021,FIS,1008,False,3,2,1,51,1,0,0,0,0
107577,Roope Riski,2021,FIL,1008,False,4,3,0,196,4,0,0,0,0
107577,Roope Riski,2021,FI1,1008,False,22,2,11,37,0,0,0,0,0
107577,Roope Riski,2021,F1CL,1008,False,5,0,5,0,0,0,0,0,0
107577,Roope Riski,2021,ELQ,1008,False,4,4,0,360,4,1,0,0,0
107577,Roope Riski,2021,CLQ,1008,False,4,4,0,312,4,1,0,0,2
107577,Roope Riski,2020,WMQ6,3443,True,6,2,0,13,0,0,0,0,0
107577,Roope Riski,2020,UNLB,3443,True,6,0,0,0,0,0,0,0,0
107577,Roope Riski,2020,FS,3443,True,5,1,0,62,0,0,0,0,0
107577,Roope Riski,2020,FIS,1008,False,6,6,0,552,5,2,0,0,0
107577,Roope Riski,2020,FI1,1008,False,22,20,0,1474,4,3,0,0,2
107577,Roope Riski,2020,F1CL,1008,False,5,4,0,360,2,0,0,0,2
107577,Roope Riski,2020,EURO,3443,True,3,0,0,0,0,0,0,0,0
107577,Roope Riski,2019,ofb,2662,False,3,2,0,81,0,0,0,0,0
107577,Roope Riski,2019,FIS,1008,False,9,9,0,471,3,0,0,0,1
107577,Roope Riski,2019,FI1,1008,False,22,20,0,1418,16,1,0,0,2
107577,Roope Riski,2019,A4N,18532,False,6,3,0,270,1,0,0,0,2
107577,Roope Riski,2019,A1,2662,False,18,8,0,559,0,1,13,5,3
107577,Roope Riski,2018,ofb,2662,False,1,0,0,0,0,0,0,0,0
107577,Roope Riski,2018,UNLC,3443,True,6,0,2,0,0,0,0,0,0
107577,Roope Riski,2018,GRP,37276,False,6,5,1,397,3,0,0,0,1
107577,Roope Riski,2018,GR2,37276,False,30,22,5,1655,7,1,0,0,2
107577,Roope Riski,2018,FS,3443,True,2,0,0,0,0,0,0,0,0
107577,Roope Riski,2018,EMQ,3443,True,10,0,0,0,0,0,0,0,0
107577,Roope Riski,2018,A1,2662,False,5,0,0,0,0,0,0,0,0
107577,Roope Riski,2017,ofb,2662,False,1,1,0,90,1,0,0,0,0
107577,Roope Riski,2017,FS,3443,True,6,0,0,0,0,0,0,0,0
107577,Roope Riski,2017,A1R,2662,False,2,0,0,0,0,0,0,0,0
107577,Roope Riski,2017,A1,2662,False,36,25,0,1579,5,2,0,0,2
107577,Roope Riski,2016,WMQ6,3443,True,10,1,0,3,0,0,0,0,0
107577,Roope Riski,2016,WFPO,127,False,3,1,0,90,0,0,0,0,1
107577,Roope Riski,2016,OLW3,6604,False,1,1,0,90,1,0,0,0,0
107577,Roope Riski,2016,L3,127,False,19,10,1,554,1,0,0,0,2
107577,Roope Riski,2016,FS,3443,True,5,0,0,0,0,0,0,0,0
107577,Roope Riski,2016,CLQ,23777,False,2,2,0,180,1,0,0,0,0
107577,Roope Riski,2015,FS,3443,True,6,2,0,117,0,0,0,0,0
107577,Roope Riski,2015,FIS,23777,False,5,5,0,435,4,1,0,0,0
107577,Roope Riski,2015,FIL,23777,False,5,5,0,434,4,0,0,0,0
107577,Roope Riski,2015,FI1,23777,False,33,33,0,2906,17,4,0,0,3
107577,Roope Riski,2014,NOPO,2761,False,2,2,0,149,0,1,0,0,0
107577,Roope Riski,2014,NO1,2761,False,16,10,0,301,0,0,0,0,2
107577,Roope Riski,2014,FS,3443,True,3,2,0,115,1,0,0,0,0
107577,Roope Riski,2014,FI1,23777,False,16,13,0,1084,8,2,0,0,2
107577,Roope Riski,2014,EMQ,3443,True,6,0,0,0,0,0,0,0,0
107577,Roope Riski,2013,NOPO,632,False,2,0,0,0,0,0,0,0,0
107577,Roope Riski,2013,NO2,632,False,30,24,3,1985,12,1,0,0,7
107577,Roope Riski,2013,IT2,1429,False,8,0,0,0,0,0,0,0,0
107577,Roope Riski,2013,ELQ,2275,False,2,2,0,180,1,0,0,0,1
107577,Roope Riski,2012,IT2,1429,False,19,0,0,0,0,0,0,0,0
107577,Roope Riski,2012,FIL,2275,False,6,6,0,600,2,0,0,0,3
107577,Roope Riski,2012,FI1,2275,False,30,27,0,1992,7,3,0,0,4
107577,Roope Riski,2012,CIT,1429,False,2,0,0,0,0,0,0,0,0
107577,Roope Riski,2011,U21Q,20796,True,8,5,0,326,1,0,0,0,2
107577,Roope Riski,2011,NOPO,632,False,3,0,0,0,0,0,0,0,0
107577,Roope Riski,2011,NO1,632,False,12,1,0,25,0,0,0,0,0
107577,Roope Riski,2011,IT1,1429,False,4,0,0,0,0,0,0,0,0
107577,Roope Riski,2011,FI1,2275,False,9,8,0,304,1,1,0,0,1
107577,Roope Riski,2010,TDV,20106,False,3,0,0,0,0,0,0,0,0
107577,Roope Riski,2010,ITJ1,20106,False,7,2,0,125,0,0,0,0,0
107577,Roope Riski,2010,IT1,1429,False,22,1,0,21,0,0,0,0,0
107577,Roope Riski,2010,FS,20796,True,4,4,0,256,2,0,0,0,0
107577,Roope Riski,2010,FS,20795,True,2,2,0,165,2,1,0,0,0
107577,Roope Riski,2010,FI1,2275,False,15,11,0,974,4,0,0,0,3
107577,Roope Riski,2010,ELQ,2275,False,4,4,0,60,1,0,0,0,1
107577,Roope Riski,2009,U19Q,20794,True,3,3,0,270,2,0,0,0,1
107577,Roope Riski,2009,FS,20794,True,8,8,0,634,5,0,0,0,1
107577,Roope Riski,2009,FIS,2275,False,1,1,0,85,0,0,0,0,0
107577,Roope Riski,2009,FIL,2275,False,1,1,0,68,0,0,0,0,0
107577,Roope Riski,2009,FI2,11056,False,7,6,0,457,5,0,0,0,2
107577,Roope Riski,2009,FI1,2275,False,18,18,0,1295,12,1,0,0,3
107577,Roope Riski,2008,U19Q,20794,True,3,0,0,0,0,0,0,0,0
107577,Roope Riski,2008,FS,20794,True,1,1,0,45,0,0,0,0,0
107577,Roope Riski,2008,FS,20793,True,3,1,0,90,1,0,0,0,0
107577,Roope Riski,2008,FIS,2275,False,1,1,0,38,0,0,0,0,0
107577,Roope Riski,2008,FIL,2275,False,8,1,0,20,0,0,0,0,0
107577,Roope Riski,2008,FI1,2275,False,26,0,0,0,0,0,0,0,0
107577,Roope Riski,2007,FS,20793,True,2,1,0,90,3,0,0,0,0
944834,Stanislav Baranov,2026,ECLQ,3189,False,6,3,0,113,1,0,0,0,0
944834,Stanislav Baranov,2025,YKCP,11131,False,3,0,0,0,0,0,0,0,0
944834,Stanislav Baranov,2025,FIS,3189,False,4,3,0,240,0,2,0,0,2
944834,Stanislav Baranov,2025,FIL,3189,False,3,3,0,115,1,0,0,0,1
944834,Stanislav Baranov,2025,FIL,1008,False,4,2,0,52,0,0,0,0,0
944834,Stanislav Baranov,2025,FI1,3189,False,19,13,0,319,0,1,7,0,0
944834,Stanislav Baranov,2025,ECLQ,1008,False,4,0,0,0,0,0,0,0,0
944834,Stanislav Baranov,2024,YKCP,11131,False,4,0,0,0,0,0,0,0,0
944834,Stanislav Baranov,2024,FIS,11131,False,5,1,0,27,0,0,0,0,0
944834,Stanislav Baranov,2024,FIS,1008,False,4,0,0,0,0,0,0,0,0
944834,Stanislav Baranov,2024,FIL,1008,False,6,2,0,58,0,0,0,0,0
944834,Stanislav Baranov,2024,FI2,11131,False,27,21,0,1498,8,3,0,0,2
944834,Stanislav Baranov,2024,FI1,1008,False,22,2,0,12,0,0,1,1,0
944834,Stanislav Baranov,2024,F1CL,1008,False,10,0,0,0,0,0,0,0,0
944834,Stanislav Baranov,2024,ESTP,23370,False,2,2,0,151,4,0,0,0,0
944834,Stanislav Baranov,2024,CLQ,1008,False,2,0,0,0,0,0,0,0,0
944834,Stanislav Baranov,2023,UCOL,1008,False,6,0,0,0,0,0,0,0,0
944834,Stanislav Baranov,2023,FIYK,11131,False,17,14,0,939,4,0,0,0,1
944834,Stanislav Baranov,2023,FIS,1008,False,2,1,0,90,2,1,0,0,0
944834,Stanislav Baranov,2023,FIL,1008,False,2,2,0,114,0,0,0,0,0
944834,Stanislav Baranov,2023,FI1,1008,False,19,1,0,6,1,0,1,1,0
944834,Stanislav Baranov,2023,ESTR,23370,False,2,2,0,120,0,0,0,0,1
944834,Stanislav Baranov,2023,EST1,23370,False,14,12,0,918,1,1,0,0,4
944834,Stanislav Baranov,2023,ELQ,1008,False,2,0,0,0,0,0,0,0,0
944834,Stanislav Baranov,2023,ECLQ,1008,False,2,0,0,0,0,0,0,0,0
944834,Stanislav Baranov,2023,CLQ,1008,False,4,0,0,0,0,0,0,0,0
944834,Stanislav Baranov,2023,19YL,50922,False,4,4,0,290,0,0,0,0,1
944834,Stanislav Baranov,2022,FS,20793,True,3,3,0,153,1,0,0,0,0
944834,Stanislav Baranov,2022,FIS,1008,False,1,0,0,0,0,0,0,0,0
944834,Stanislav Baranov,2022,FIL,1008,False,4,1,0,26,0,0,0,0,1
944834,Stanislav Baranov,2022,FIKP,11131,False,2,2,0,119,0,0,0,0,0
944834,Stanislav Baranov,2022,FI3A,11131,False,22,21,0,1530,8,0,0,0,3
944834,Stanislav Baranov,2022,FI1,1008,False,22,0,0,0,0,0,0,0,0
944834,Stanislav Baranov,2022,F1CL,1008,False,5,0,0,0,0,0,0,0,0
944834,Stanislav Baranov,2020,FINJ,15665,False,1,1,0,88,0,0,0,0,1
1230470,Elias Tamminen,2026,ECLQ,3189,False,6,2,0,29,0,0,0,0,1
1230470,Elias Tamminen,2025,FIS,3189,False,4,1,0,30,0,0,0,0,0
1230470,Elias Tamminen,2025,FI3B,52347,False,17,14,0,1210,14,0,0,0,3
1230470,Elias Tamminen,2025,FI1,3189,False,15,0,0,0,0,0,0,0,0
1230470,Elias Tamminen,2024,KP3B,52347,False,5,5,0,398,7,0,0,0,0
1230470,Elias Tamminen,2024,FIS,52347,False,2,2,0,89,1,0,0,0,2
1230470,Elias Tamminen,2024,FINJ,46621,False,12,4,0,327,10,0,0,0,1
1230470,Elias Tamminen,2024,FIKP,52347,False,4,4,0,253,0,0,0,0,0
1230470,Elias Tamminen,2024,FI3B,52347,False,18,16,0,642,4,0,0,0,2
1230470,Elias Tamminen,2023,FJE,46621,False,2,1,0,90,1,0,0,0,0
1230470,Elias Tamminen,2023,FINJ,46621,False,18,5,0,367,5,0,0,0,0
1230470,Elias Tamminen,2023,FI3B,52347,False,1,1,0,27,0,0,0,0,0
1230470,Elias Tamminen,2023,F3KB,52347,False,2,2,0,21,0,0,0,0,0
1570004,Hamidou Coulibaly,2026,ECLQ,3189,False,4,1,0,9,0,0,0,0,0
1570004,Hamidou Coulibaly,2025,FI1,3189,False,3,0,0,0,0,0,0,0,0
563840,Roope Paunio,2025,FIS,23777,False,5,2,0,180,0,0,0,0,1
563840,Roope Paunio,2025,FIL,23777,False,5,2,0,180,0,0,0,0,0
563840,Roope Paunio,2025,FI1,23777,False,20,17,0,1528,0,1,0,0,1
563840,Roope Paunio,2025,ECLQ,23777,False,2,2,0,180,0,0,0,0,0
563840,Roope Paunio,2024,FS,20796,True,2,1,0,30,0,0,0,0,0
563840,Roope Paunio,2024,FIS,23777,False,3,0,0,0,0,0,0,0,0
563840,Roope Paunio,2024,FIL,23777,False,5,3,0,270,0,0,0,0,0
563840,Roope Paunio,2024,FI1,23777,False,22,19,0,1710,0,0,0,0,3
563840,Roope Paunio,2024,F1CL,23777,False,10,9,0,810,0,0,0,0,1
563840,Roope Paunio,2024,21EU,20796,True,3,0,0,0,0,0,0,0,0
563840,Roope Paunio,2023,U21Q,20796,True,1,0,0,0,0,0,0,0,0
563840,Roope Paunio,2023,FIS,23777,False,6,4,0,390,0,0,0,0,0
563840,Roope Paunio,2023,FIL,23777,False,5,3,0,270,0,0,0,0,0
563840,Roope Paunio,2023,FI1,23777,False,22,20,1,1695,0,0,0,0,1
563840,Roope Paunio,2023,F1CL,23777,False,5,2,0,180,0,0,0,0,0
563840,Roope Paunio,2023,F1CE,23777,False,2,2,0,180,0,0,0,0,0
563840,Roope Paunio,2023,ECLQ,5411,False,2,0,0,0,0,0,0,0,0
563840,Roope Paunio,2022,FIS,5411,False,5,3,0,270,0,0,0,0,0
563840,Roope Paunio,2022,FIL,5411,False,5,1,0,90,0,0,0,0,0
563840,Roope Paunio,2022,FI3B,23075,False,6,6,0,540,0,0,0,0,2
563840,Roope Paunio,2022,FI1,5411,False,22,1,0,90,0,0,0,0,0
563840,Roope Paunio,2022,F1CL,5411,False,5,1,0,90,0,0,0,0,0
563840,Roope Paunio,2022,F1CE,5411,False,4,0,0,0,0,0,0,0,0
563840,Roope Paunio,2021,KP3B,23075,False,1,1,0,90,0,0,0,0,0
563840,Roope Paunio,2021,FIS,5411,False,1,1,0,90,0,0,0,0,0
563840,Roope Paunio,2021,FIL,5411,False,6,2,0,180,0,0,0,0,0
563840,Roope Paunio,2021,FI3B,23075,False,9,9,0,810,0,0,0,0,1
563840,Roope Paunio,2021,FI1,5411,False,22,0,0,0,0,0,0,0,0
563840,Roope Paunio,2021,F1CL,5411,False,5,1,0,90,0,0,0,0,1
563840,Roope Paunio,2021,ECLQ,5411,False,4,0,0,0,0,0,0,0,0
563840,Roope Paunio,2020,FIS,5411,False,6,0,0,0,0,0,0,0,0
563840,Roope Paunio,2020,FI3B,23075,False,17,17,0,1530,0,0,0,0,1
563840,Roope Paunio,2020,FI1,5411,False,22,0,0,0,0,0,0,0,0
563840,Roope Paunio,2020,F1CC,5411,False,5,2,0,117,0,0,0,0,0
563840,Roope Paunio,2019,KCUP,23075,False,4,2,0,180,0,0,0,0,0
563840,Roope Paunio,2019,FI3A,23075,False,17,17,0,1530,0,0,0,0,0
563840,Roope Paunio,2019,FI1,5411,False,2,0,0,0,0,0,0,0,0
563840,Roope Paunio,2019,19YL,76791,False,1,1,0,90,0,0,0,0,0
563840,Roope Paunio,2018,KCUP,23075,False,3,2,0,180,0,0,0,0,0
563840,Roope Paunio,2018,FS,20792,True,2,1,0,90,0,0,0,0,0
563840,Roope Paunio,2018,FI3B,23075,False,22,6,0,540,0,0,0,0,1
563840,Roope Paunio,2017,FS,20791,True,3,2,0,120,0,0,0,0,0
563840,Roope Paunio,2017,FI3B,23075,False,1,1,0,90,0,0,0,0,0
563840,Roope Paunio,2017,FI1,5411,False,3,0,0,0,0,0,0,0,0
1129907,Samuel Friday James,2025,YKCP,45310,False,5,3,0,270,0,0,0,0,0
1129907,Samuel Friday James,2025,FIS,23777,False,5,0,0,0,0,0,0,0,0
1129907,Samuel Friday James,2025,FIL,23777,False,5,1,0,90,0,0,0,0,0
1129907,Samuel Friday James,2025,FI2,45310,False,13,13,0,1170,0,0,0,0,0
1129907,Samuel Friday James,2025,FI1,23777,False,20,0,0,0,0,0,0,0,0
1129907,Samuel Friday James,2025,ECLQ,23777,False,2,0,0,0,0,0,0,0,0
1129907,Samuel Friday James,2024,YKCP,45310,False,2,2,0,180,0,0,0,0,0
1129907,Samuel Friday James,2024,FIS,45310,False,2,0,0,0,0,0,0,0,0
1129907,Samuel Friday James,2024,FIS,23777,False,2,0,0,0,0,0,0,0,0
1129907,Samuel Friday James,2024,FI2,45310,False,27,18,0,1620,0,0,0,0,1
1129907,Samuel Friday James,2024,FI1,23777,False,11,0,0,0,0,0,0,0,0
1129907,Samuel Friday James,2024,F1CL,23777,False,10,0,0,0,0,0,0,0,0
1129907,Samuel Friday James,2023,TDV,102967,False,5,3,0,270,0,0,0,0,0
1129907,Samuel Friday James,2022,TDV,102967,False,4,1,0,90,0,0,0,0,0
927988,Johannes Viitala,2025,YKCP,45310,False,2,1,0,90,0,0,0,0,0
927988,Johannes Viitala,2025,FIS,45310,False,3,0,0,0,0,0,0,0,0
927988,Johannes Viitala,2025,FIS,23777,False,5,3,0,270,0,0,0,0,0
927988,Johannes Viitala,2025,FIL,23777,False,5,1,0,90,0,0,0,0,0
927988,Johannes Viitala,2025,FI2,45310,False,15,2,0,180,0,0,0,0,0
927988,Johannes Viitala,2025,FI1,23777,False,20,3,0,181,0,0,0,0,0
927988,Johannes Viitala,2024,FIS,6017,False,4,2,0,180,0,0,0,0,0
927988,Johannes Viitala,2024,FIL,6017,False,4,2,0,180,0,0,0,0,0
927988,Johannes Viitala,2024,FIL,3189,False,2,1,0,90,0,0,0,0,0
927988,Johannes Viitala,2024,FI1,6017,False,17,10,0,900,0,0,0,0,0
927988,Johannes Viitala,2024,FI1,3189,False,5,0,0,0,0,0,0,0,0
927988,Johannes Viitala,2024,F4LA,119180,False,1,1,0,90,0,0,0,0,0
927988,Johannes Viitala,2024,F1CL,3189,False,10,1,0,31,0,0,0,0,0
927988,Johannes Viitala,2023,FS,20793,True,2,1,0,90,0,0,0,0,0
927988,Johannes Viitala,2023,FIS,52347,False,2,0,0,0,0,0,0,0,0
927988,Johannes Viitala,2023,FIS,3189,False,1,0,0,0,0,0,0,0,0
927988,Johannes Viitala,2023,FIL,3189,False,6,0,0,0,0,0,0,0,0
927988,Johannes Viitala,2023,FI3B,52347,False,16,7,0,630,0,0,0,0,0
927988,Johannes Viitala,2023,FI1,6017,False,8,0,0,0,0,0,0,0,0
927988,Johannes Viitala,2023,FI1,3189,False,16,0,0,0,0,0,0,0,0
927988,Johannes Viitala,2023,F4LA,119180,False,7,4,0,360,0,0,0,0,0
927988,Johannes Viitala,2023,F1CC,6017,False,5,0,0,0,0,0,0,0,0
927988,Johannes Viitala,2022,U17Q,20792,True,6,6,0,540,0,0,0,0,0
927988,Johannes Viitala,2022,FS,20793,True,3,1,0,90,0,0,0,0,0
927988,Johannes Viitala,2022,FS,20792,True,6,4,0,319,0,0,0,0,0
927988,Johannes Viitala,2022,FIS,52347,False,1,0,0,0,0,0,0,0,0
927988,Johannes Viitala,2022,FIS,3189,False,7,1,0,90,0,0,0,0,0
927988,Johannes Viitala,2022,FINJ,46621,False,12,2,0,180,0,0,0,0,0
927988,Johannes Viitala,2022,FIL,3189,False,5,0,0,0,0,0,0,0,0
927988,Johannes Viitala,2022,FI3B,52347,False,20,11,0,990,0,0,0,0,1
927988,Johannes Viitala,2022,FI1,3189,False,22,0,0,0,0,0,0,0,0
927988,Johannes Viitala,2022,F1CC,3189,False,5,2,0,180,0,0,0,0,0
927988,Johannes Viitala,2021,FS,20792,True,1,1,0,90,0,0,0,0,0
927988,Johannes Viitala,2021,FS,20791,True,7,3,0,242,0,0,0,0,0
662119,Kelvin Pires,2025,FS,4311,True,6,3,1,194,1,0,1,1,1
662119,Kelvin Pires,2025,FIWC,4311,True,4,0,0,0,0,0,0,0,0
662119,Kelvin Pires,2025,FIS,23777,False,5,1,2,45,0,0,0,0,0
662119,Kelvin Pires,2025,FIL,23777,False,5,5,0,330,0,0,0,0,3
662119,Kelvin Pires,2025,FI1,23777,False,20,10,6,900,1,0,13,3,5
662119,Kelvin Pires,2025,ECLQ,23777,False,2,0,0,0,0,0,0,0,0
662119,Kelvin Pires,2024,FS,4311,True,2,0,0,0,0,0,0,0,0
662119,Kelvin Pires,2024,FIS,23777,False,3,0,0,0,0,0,0,0,0
662119,Kelvin Pires,2024,FIL,23777,False,5,2,0,180,0,0,0,0,1
662119,Kelvin Pires,2024,FI2,45310,False,2,2,0,76,0,0,0,0,0
662119,Kelvin Pires,2024,FI1,23777,False,22,9,0,707,0,0,15,3,1
662119,Kelvin Pires,2024,F1CL,23777,False,10,10,0,855,0,0,4,2,1
662119,Kelvin Pires,2024,AFCQ,4311,True,6,0,0,0,0,0,0,0,0
662119,Kelvin Pires,2023,WMQ2,4311,True,10,0,0,0,0,0,0,0,0
662119,Kelvin Pires,2023,SLO1,7918,False,18,0,0,0,0,0,0,0,0
662119,Kelvin Pires,2023,SKC,7918,False,3,3,0,270,0,0,0,0,0
662119,Kelvin Pires,2023,FS,4311,True,5,0,0,0,0,0,0,0,0
662119,Kelvin Pires,2023,FIS,23777,False,6,4,0,390,2,0,0,0,2
662119,Kelvin Pires,2023,FIL,23777,False,3,2,0,135,0,0,0,0,1
662119,Kelvin Pires,2023,FI1,23777,False,22,19,0,1602,1,0,30,5,8
662119,Kelvin Pires,2023,F1CL,23777,False,5,5,0,437,0,1,5,4,1
662119,Kelvin Pires,2023,F1CE,23777,False,2,2,0,180,0,0,0,0,2
662119,Kelvin Pires,2023,AFCN,4311,True,5,0,0,0,0,0,0,0,0
662119,Kelvin Pires,2022,SLO1,7918,False,22,21,0,1635,3,0,16,5,5
662119,Kelvin Pires,2022,SLMR,7918,False,10,6,0,540,1,0,4,1,2
662119,Kelvin Pires,2022,SKC,7918,False,7,6,0,454,2,0,0,0,1
662119,Kelvin Pires,2022,FS,4311,True,2,0,0,0,0,0,0,0,0
662119,Kelvin Pires,2021,SWEP,7918,False,2,0,0,0,0,0,0,0,0
662119,Kelvin Pires,2021,SLO1,7918,False,22,19,0,1665,0,0,15,1,5
662119,Kelvin Pires,2021,SLMR,7918,False,10,4,0,360,0,0,0,0,0
662119,Kelvin Pires,2021,SKC,7918,False,7,3,0,270,0,0,0,0,1
662119,Kelvin Pires,2021,FS,4311,True,4,1,0,90,0,0,0,0,0
662119,Kelvin Pires,2021,AFCQ,4311,True,6,0,0,0,0,0,0,0,0
662119,Kelvin Pires,2021,AFCN,4311,True,4,0,0,0,0,0,0,0,0
662119,Kelvin Pires,2020,SWEP,7918,False,1,0,0,0,0,0,0,0,0
662119,Kelvin Pires,2020,SLO1,7918,False,22,1,0,38,0,0,0,0,0
662119,Kelvin Pires,2020,SLAR,7918,False,10,1,0,45,0,0,0,0,0
662119,Kelvin Pires,2020,SKC,7918,False,4,0,0,0,0,0,0,0,0
662119,Kelvin Pires,2019,WMQ2,4311,True,6,1,0,83,0,0,0,0,0
662119,Kelvin Pires,2018,FS,95003,True,1,1,0,45,0,0,0,0,0
662119,Kelvin Pires,2018,FS,72764,True,1,1,0,90,0,0,0,0,0
662119,Kelvin Pires,2017,AFCQ,4311,True,1,0,0,0,0,0,0,0,0
908929,Facundo Costantini,2025,ZYP1,786,False,2,0,0,0,0,0,0,0,0
908929,Facundo Costantini,2025,FI1,23777,False,3,1,0,90,0,0,0,0,1
908929,Facundo Costantini,2025,BULP,6764,False,1,1,0,120,0,0,0,0,0
908929,Facundo Costantini,2025,BU1,6764,False,31,30,1,2697,1,0,0,0,9
908929,Facundo Costantini,2024,ZYPA,786,False,7,7,0,630,0,0,0,0,2
908929,Facundo Costantini,2024,ZYP1,786,False,26,13,0,1058,0,0,0,0,3
908929,Facundo Costantini,2024,CPO1,786,False,3,2,0,180,0,0,0,0,0
908929,Facundo Costantini,2023,CPSA,10787,False,26,0,0,0,0,0,0,0,0
908929,Facundo Costantini,2022,PT23,67837,False,10,4,0,360,0,1,0,0,1
908929,Facundo Costantini,2022,P23F,67837,False,2,0,0,0,0,0,0,0,0
908929,Facundo Costantini,2022,P23A,67837,False,3,2,0,180,0,0,0,0,0
908929,Facundo Costantini,2022,CPSB,10787,False,14,0,0,0,0,0,0,0,0
908929,Facundo Costantini,2021,PTPR,67837,False,5,2,0,97,0,0,0,0,0
908929,Facundo Costantini,2021,PT23,67837,False,12,12,0,918,1,0,0,0,1
908929,Facundo Costantini,2021,P23Q,67837,False,14,13,0,1136,2,0,0,0,3
908929,Facundo Costantini,2020,CB20,14708,False,2,0,0,0,0,0,0,0,0
908929,Facundo Costantini,2019,SPjr,14708,False,7,1,0,30,1,0,0,0,0
908929,Facundo Costantini,2019,CB20,14708,False,19,9,0,683,1,1,0,0,3
908929,Facundo Costantini,2019,C20P,14708,False,2,1,0,45,0,0,0,0,0
648885,Salim Yussif,2025,FIS,23777,False,5,3,0,158,0,0,0,0,1
648885,Salim Yussif,2025,FIL,23777,False,5,2,0,92,0,0,0,0,0
648885,Salim Yussif,2025,FI1,23777,False,20,17,0,1300,0,1,9,2,4
648885,Salim Yussif,2025,ECLQ,23777,False,2,2,0,101,0,0,0,0,1
648885,Salim Yussif,2024,FIS,23777,False,3,3,0,197,0,0,0,0,0
648885,Salim Yussif,2024,FIL,23777,False,5,5,0,278,0,0,0,0,1
648885,Salim Yussif,2024,FI1,23777,False,22,16,0,1251,0,2,4,1,4
648885,Salim Yussif,2024,F1CL,23777,False,10,10,0,735,0,0,3,1,3
648885,Salim Yussif,2023,FIS,23777,False,6,4,0,135,0,0,0,0,1
648885,Salim Yussif,2023,FIL,23777,False,5,1,0,33,0,0,0,0,0
648885,Salim Yussif,2023,FI2,45310,False,2,2,0,148,0,1,0,0,0
648885,Salim Yussif,2023,FI1,23777,False,22,12,0,553,1,0,1,1,2
648885,Salim Yussif,2023,F1CL,23777,False,5,1,0,30,0,0,0,0,0
648885,Salim Yussif,2023,F1CE,23777,False,2,0,0,0,0,0,0,0,0
648885,Salim Yussif,2022,YKCP,45310,False,1,1,0,24,1,0,0,0,0
648885,Salim Yussif,2022,YKAU,45310,False,5,1,0,11,0,0,0,0,0
648885,Salim Yussif,2022,FIS,23777,False,2,1,0,32,0,0,0,0,0
648885,Salim Yussif,2022,FI2P,45310,False,2,2,0,150,0,1,0,0,0
648885,Salim Yussif,2022,FI2,45310,False,22,14,0,1022,1,0,0,0,8
648885,Salim Yussif,2022,FI1,23777,False,19,0,0,0,0,0,0,0,0
648885,Salim Yussif,2022,F1CL,23777,False,5,0,0,0,0,0,0,0,0
648885,Salim Yussif,2022,F1CE,23777,False,1,0,0,0,0,0,0,0,0
617790,Samuel Chukwudi,2026,ofb,266,False,1,1,0,90,1,1,0,0,0
617790,Samuel Chukwudi,2026,A1,266,False,3,3,0,270,0,0,6,3,1
617790,Samuel Chukwudi,2025,FS,9173,True,2,1,0,60,0,0,0,0,0
617790,Samuel Chukwudi,2025,FIS,23777,False,5,1,0,45,1,0,0,0,0
617790,Samuel Chukwudi,2025,FIL,23777,False,5,2,0,151,0,0,0,0,0
617790,Samuel Chukwudi,2025,FI1,23777,False,13,13,0,1125,1,0,2,1,1
617790,Samuel Chukwudi,2025,ECLQ,23777,False,2,2,0,180,0,0,0,0,0
617790,Samuel Chukwudi,2025,BTCU,9173,True,2,2,0,135,0,0,0,0,0
617790,Samuel Chukwudi,2024,WMQ6,9173,True,8,1,0,90,0,0,1,0,0
617790,Samuel Chukwudi,2024,UNLC,9173,True,6,2,0,135,0,0,0,0,1
617790,Samuel Chukwudi,2024,FS,9173,True,1,0,0,0,0,0,0,0,0
617790,Samuel Chukwudi,2024,FIS,23777,False,3,2,0,135,0,0,0,0,1
617790,Samuel Chukwudi,2024,FIL,23777,False,5,3,0,178,0,0,0,0,0
617790,Samuel Chukwudi,2024,FI1,23777,False,22,19,0,1621,3,2,11,4,4
617790,Samuel Chukwudi,2024,F1CL,23777,False,10,4,0,168,0,0,2,0,1
617790,Samuel Chukwudi,2024,ECLQ,4313,False,2,2,0,180,0,0,0,0,0
617790,Samuel Chukwudi,2023,FS,9173,True,3,0,0,0,0,0,0,0,0
617790,Samuel Chukwudi,2023,FASC,4313,False,1,1,0,1,0,0,0,0,0
617790,Samuel Chukwudi,2023,FARO,4313,False,27,23,0,1782,1,0,0,0,1
617790,Samuel Chukwudi,2023,FAPO,4313,False,5,5,0,454,0,0,0,0,1
617790,Samuel Chukwudi,2023,ECLQ,4313,False,2,1,0,4,0,0,0,0,0
617790,Samuel Chukwudi,2023,BTCU,9173,True,2,1,0,90,0,0,0,0,0
617790,Samuel Chukwudi,2022,FS,9173,True,3,2,0,51,0,1,0,0,0
617790,Samuel Chukwudi,2022,FARO,4313,False,27,7,0,438,1,0,0,0,1
617790,Samuel Chukwudi,2022,FAPO,4313,False,5,2,0,79,0,0,0,0,0
617790,Samuel Chukwudi,2022,EMQ,9173,True,8,0,0,0,0,0,0,0,0
617790,Samuel Chukwudi,2022,ECLQ,4313,False,2,1,0,14,0,0,0,0,0
617790,Samuel Chukwudi,2022,ACFF,10666,False,17,9,0,658,0,0,0,0,0
617790,Samuel Chukwudi,2021,U21Q,24959,True,1,1,0,90,0,0,0,0,0
617790,Samuel Chukwudi,2021,FARO,4313,False,3,2,0,28,0,0,0,0,0
617790,Samuel Chukwudi,2021,ECLQ,4313,False,4,0,0,0,0,0,0,0,0
617790,Samuel Chukwudi,2021,CLQ,4313,False,1,0,0,0,0,0,0,0,0
617790,Samuel Chukwudi,2020,FASC,4313,False,1,0,0,0,0,0,0,0,0
617790,Samuel Chukwudi,2020,FARO,4313,False,27,7,0,432,0,0,0,0,1
617790,Samuel Chukwudi,2020,FAR2,37082,False,6,5,0,360,0,0,0,0,1
617790,Samuel Chukwudi,2020,FAPO,4313,False,4,1,0,90,0,0,0,0,0
617790,Samuel Chukwudi,2020,ELQ,4313,False,1,0,0,0,0,0,0,0,0
617790,Samuel Chukwudi,2019,U21Q,24959,True,6,6,0,540,0,0,0,0,1
617790,Samuel Chukwudi,2019,U17Q,26033,True,3,3,0,270,0,0,0,0,0
617790,Samuel Chukwudi,2019,FS,26033,True,3,3,0,270,0,0,0,0,0
617790,Samuel Chukwudi,2019,FASC,4313,False,1,0,0,0,0,0,0,0,0
617790,Samuel Chukwudi,2019,FARO,4313,False,27,18,0,1163,0,0,0,0,1
617790,Samuel Chukwudi,2019,FAR2,37082,False,27,7,0,421,0,0,0,0,0
617790,Samuel Chukwudi,2019,FAPO,4313,False,4,1,0,120,0,0,0,0,0
617790,Samuel Chukwudi,2018,FS,26033,True,3,3,0,219,0,0,0,0,0
617790,Samuel Chukwudi,2018,FARO,4313,False,3,3,0,122,0,0,0,0,0
617790,Samuel Chukwudi,2018,FAR2,37082,False,6,3,0,145,0,0,0,0,0
617790,Samuel Chukwudi,2017,FS,65976,True,2,2,0,147,0,0,0,0,0
617790,Samuel Chukwudi,2016,FS,65976,True,2,2,0,29,0,0,0,0,0
927631,Oskari Väistö,2025,U21Q,20796,True,7,1,0,10,0,0,0,0,0
927631,Oskari Väistö,2025,FS,20796,True,2,2,0,132,0,0,0,0,0
927631,Oskari Väistö,2025,FIS,23777,False,5,4,0,360,0,0,0,0,1
927631,Oskari Väistö,2025,FIL,23777,False,5,4,0,302,0,0,0,0,0
927631,Oskari Väistö,2025,FI1,23777,False,20,13,0,777,0,0,9,2,1
927631,Oskari Väistö,2025,ECLQ,23777,False,2,2,0,158,0,0,0,0,0
927631,Oskari Väistö,2024,FIS,23777,False,3,3,0,209,0,0,0,0,0
927631,Oskari Väistö,2024,FIL,23777,False,5,4,0,294,0,0,0,0,1
927631,Oskari Väistö,2024,FI2,45310,False,2,2,0,180,0,0,0,0,0
927631,Oskari Väistö,2024,FI1,23777,False,22,19,0,1110,1,0,4,1,2
927631,Oskari Väistö,2024,F1CL,23777,False,10,8,0,507,0,0,1,0,0
927631,Oskari Väistö,2023,U19Q,20794,True,3,3,0,225,0,0,0,0,0
927631,Oskari Väistö,2023,FS,20794,True,2,1,0,71,0,0,0,0,0
927631,Oskari Väistö,2023,FIS,23777,False,6,1,0,45,0,0,0,0,0
927631,Oskari Väistö,2023,FIL,23777,False,5,4,0,194,0,0,0,0,0
927631,Oskari Väistö,2023,FI2,45310,False,16,16,0,1239,0,1,0,0,1
927631,Oskari Väistö,2023,FI1,23777,False,22,2,0,91,0,0,1,0,0
927631,Oskari Väistö,2023,F1CL,23777,False,5,2,0,73,0,0,0,0,0
927631,Oskari Väistö,2023,F1CE,23777,False,2,1,0,6,0,0,0,0,0
927631,Oskari Väistö,2022,YKCP,45310,False,4,4,0,225,0,0,0,0,0
927631,Oskari Väistö,2022,YKAU,45310,False,5,4,0,360,0,0,0,0,0
927631,Oskari Väistö,2022,FS,20793,True,3,3,0,196,0,0,0,0,0
927631,Oskari Väistö,2022,FIS,45310,False,1,1,0,61,0,0,0,0,0
927631,Oskari Väistö,2022,FI2P,45310,False,2,1,0,119,0,0,0,0,0
927631,Oskari Väistö,2022,FI2,45310,False,22,19,0,1584,3,2,0,0,5
927631,Oskari Väistö,2022,FI1,23777,False,10,1,0,10,0,0,0,0,0
927631,Oskari Väistö,2022,F1CL,23777,False,5,0,0,0,0,0,0,0,0
927631,Oskari Väistö,2022,F1CE,23777,False,1,0,0,0,0,0,0,0,0
927631,Oskari Väistö,2021,YKAB,45310,False,1,1,0,12,0,0,0,0,0
927631,Oskari Väistö,2021,FS,20792,True,2,2,0,113,0,0,0,0,0
927631,Oskari Väistö,2021,FIS,45310,False,1,1,0,14,0,0,0,0,0
1062513,Karlson Nwanege,2025,IT3B,839,False,36,4,23,152,0,0,0,0,1
1062513,Karlson Nwanege,2025,FI1,23777,False,3,2,0,46,0,0,0,0,0
1062513,Karlson Nwanege,2025,CILP,839,False,2,1,0,23,0,0,0,0,0
1062513,Karlson Nwanege,2024,IT1,276,False,38,0,0,0,0,0,0,0,0
1062513,Karlson Nwanege,2024,IJ1,16996,False,38,36,2,3104,1,2,1,0,9
1062513,Karlson Nwanege,2024,CITP,16996,False,3,2,0,180,0,0,0,0,0
1062513,Karlson Nwanege,2024,CIT,276,False,1,0,0,0,0,0,0,0,0
1062513,Karlson Nwanege,2023,IJ1,16996,False,34,29,0,2517,2,0,0,0,8
1062513,Karlson Nwanege,2023,CITP,16996,False,1,0,0,0,0,0,0,0,0
1062513,Karlson Nwanege,2022,ITJ9,91428,False,27,20,1,1741,2,2,0,0,3
1062513,Karlson Nwanege,2022,IJ1,16996,False,25,7,0,181,0,0,0,0,1
1062513,Karlson Nwanege,2022,FS,24978,True,3,2,0,28,0,0,0,0,0
1062513,Karlson Nwanege,2022,CITP,16996,False,2,0,0,0,0,0,0,0,0
1548906,Souleimane Bagayogo,2025,FIS,45310,False,4,1,0,16,0,0,0,0,0
1548906,Souleimane Bagayogo,2025,FI2,45310,False,19,6,0,464,0,0,0,0,2
1548906,Souleimane Bagayogo,2025,FI1,23777,False,11,1,0,90,0,0,0,0,1
592879,Eetu Mömmö,2025,IT1,1005,False,5,0,0,0,0,0,0,0,0
592879,Eetu Mömmö,2025,FIS,23777,False,5,1,0,90,0,0,0,0,0
592879,Eetu Mömmö,2025,FIL,23777,False,5,5,0,362,0,1,0,0,1
592879,Eetu Mömmö,2025,FI1,23777,False,20,9,0,804,0,2,7,1,1
592879,Eetu Mömmö,2024,IT1,1005,False,7,0,0,0,0,0,0,0,0
592879,Eetu Mömmö,2024,FIS,1225,False,5,4,0,270,0,1,0,0,1
592879,Eetu Mömmö,2024,FIL,1225,False,2,2,0,90,0,0,0,0,0
592879,Eetu Mömmö,2024,FI1,1225,False,22,19,0,1573,2,3,15,6,4
592879,Eetu Mömmö,2024,F1CC,1225,False,5,5,0,450,0,1,5,2,0
592879,Eetu Mömmö,2023,U21Q,20796,True,6,1,0,16,0,1,0,0,0
592879,Eetu Mömmö,2023,IT1,1005,False,5,0,0,0,0,0,0,0,0
592879,Eetu Mömmö,2023,FS,20796,True,2,2,0,74,0,0,0,0,0
592879,Eetu Mömmö,2023,FIS,23777,False,6,3,0,107,0,0,0,0,0
592879,Eetu Mömmö,2023,FIL,23777,False,2,2,0,90,0,0,0,0,0
592879,Eetu Mömmö,2023,FI1,23777,False,22,18,0,572,0,0,13,4,0
592879,Eetu Mömmö,2023,F1CL,23777,False,5,3,0,80,0,0,2,1,0
592879,Eetu Mömmö,2023,F1CE,23777,False,2,2,0,50,0,0,1,1,0
592879,Eetu Mömmö,2022,IT1,1005,False,7,0,0,0,0,0,0,0,0
592879,Eetu Mömmö,2022,ISP,1185,False,3,1,0,17,0,0,0,0,0
592879,Eetu Mömmö,2022,ISL,1185,False,3,2,0,90,0,0,0,0,0
592879,Eetu Mömmö,2022,IS1P,1185,False,5,4,0,67,0,0,2,0,0
592879,Eetu Mömmö,2022,IS1,1185,False,22,7,0,271,1,1,12,8,1
592879,Eetu Mömmö,2022,IJ1,5618,False,14,4,0,215,0,0,0,0,0
592879,Eetu Mömmö,2022,FS,20796,True,4,2,0,61,0,0,0,0,0
592879,Eetu Mömmö,2022,CITP,5618,False,2,0,0,0,0,0,0,0,0
592879,Eetu Mömmö,2021,U21Q,20796,True,10,7,0,419,2,0,0,0,0
592879,Eetu Mömmö,2021,IJ1,5618,False,34,18,2,958,2,0,0,0,1
592879,Eetu Mömmö,2021,FS,20796,True,1,0,0,0,0,0,0,0,0
592879,Eetu Mömmö,2021,CITP,5618,False,2,1,1,43,0,0,0,0,0
592879,Eetu Mömmö,2020,FS,20796,True,2,2,0,135,0,0,0,0,1
592879,Eetu Mömmö,2020,FIS,3189,False,3,2,0,83,0,0,0,0,0
592879,Eetu Mömmö,2020,FI1,3189,False,15,13,0,1085,4,1,0,0,1
592879,Eetu Mömmö,2020,ELQ,3189,False,1,1,0,18,0,0,0,0,0
592879,Eetu Mömmö,2019,FIS,3189,False,7,7,0,299,2,0,0,0,0
592879,Eetu Mömmö,2019,FI3B,52347,False,4,4,0,251,4,0,0,0,0
592879,Eetu Mömmö,2019,FI1,3189,False,22,18,0,672,1,3,0,0,3
592879,Eetu Mömmö,2018,U17Q,20792,True,3,3,0,130,0,0,0,0,0
592879,Eetu Mömmö,2018,KCUP,52347,False,2,0,0,0,0,0,0,0,0
592879,Eetu Mömmö,2018,FS,20792,True,8,7,0,363,2,0,0,0,0
592879,Eetu Mömmö,2018,FJE,46621,False,14,7,0,498,3,0,0,0,0
592879,Eetu Mömmö,2018,FIKP,52347,False,3,2,0,171,1,0,0,0,0
592879,Eetu Mömmö,2018,FI3B,52347,False,22,17,0,900,4,0,0,0,4
592879,Eetu Mömmö,2018,F1CL,3189,False,3,1,0,56,0,0,0,0,0
945030,Jaakko Moisio,2025,FIS,23777,False,5,5,0,292,0,1,0,0,1
945030,Jaakko Moisio,2025,FIL,23777,False,5,5,0,310,0,1,0,0,1
945030,Jaakko Moisio,2025,FI1,23777,False,20,6,0,383,0,0,2,1,0
945030,Jaakko Moisio,2025,ELQ,3189,False,2,0,0,0,0,0,0,0,0
945030,Jaakko Moisio,2025,ECLQ,3189,False,2,0,0,0,0,0,0,0,0
945030,Jaakko Moisio,2024,KP3B,52347,False,5,5,0,268,0,0,0,0,0
945030,Jaakko Moisio,2024,FIS,3189,False,1,0,0,0,0,0,0,0,0
945030,Jaakko Moisio,2024,FIL,3189,False,6,5,0,154,0,2,0,0,0
945030,Jaakko Moisio,2024,FIKP,52347,False,4,1,0,90,0,0,0,0,0
945030,Jaakko Moisio,2024,FI3B,52347,False,10,10,0,727,1,0,0,0,3
945030,Jaakko Moisio,2024,FI1,3189,False,22,2,0,10,0,1,0,0,0
945030,Jaakko Moisio,2024,F1CL,3189,False,10,0,0,0,0,0,0,0,0
945030,Jaakko Moisio,2024,ECLQ,3189,False,4,0,0,0,0,0,0,0,0
945030,Jaakko Moisio,2023,FJE,46621,False,11,2,0,180,1,0,0,0,0
945030,Jaakko Moisio,2023,FIS,52347,False,2,2,0,140,0,0,0,0,0
945030,Jaakko Moisio,2023,FIS,3189,False,1,0,0,0,0,0,0,0,0
945030,Jaakko Moisio,2023,FINJ,46621,False,8,1,0,90,0,0,0,0,0
945030,Jaakko Moisio,2023,FIL,3189,False,6,1,0,7,0,0,0,0,0
945030,Jaakko Moisio,2023,FI3B,52347,False,20,18,0,1433,0,1,0,0,4
945030,Jaakko Moisio,2023,FI1,3189,False,22,0,0,0,0,0,0,0,0
945030,Jaakko Moisio,2023,F3KB,52347,False,4,4,0,360,0,1,0,0,0
945030,Jaakko Moisio,2023,F1CL,3189,False,5,0,0,0,0,0,0,0,0
945030,Jaakko Moisio,2022,FS,20793,True,3,3,0,160,0,0,0,0,0
945030,Jaakko Moisio,2022,FIS,52347,False,1,1,0,90,0,0,0,0,0
945030,Jaakko Moisio,2022,FIS,3189,False,7,0,0,0,0,0,0,0,0
945030,Jaakko Moisio,2022,FINJ,46621,False,4,3,0,270,0,0,0,0,0
945030,Jaakko Moisio,2022,FIL,3189,False,5,1,0,18,0,0,0,0,0
945030,Jaakko Moisio,2022,FI3B,52347,False,22,20,0,1466,1,0,0,0,3
945030,Jaakko Moisio,2022,FI1,3189,False,22,0,0,0,0,0,0,0,0
945030,Jaakko Moisio,2022,F1CC,3189,False,5,1,0,45,0,0,1,0,0
945030,Jaakko Moisio,2021,FIS,52347,False,3,2,0,180,0,0,0,0,0
945030,Jaakko Moisio,2021,FI3B,52347,False,24,21,0,1674,1,0,0,0,1
945030,Jaakko Moisio,2020,FINJ,46621,False,1,1,0,22,0,0,0,0,0
716576,Murilo,2025,FI1,23777,False,4,3,0,214,1,0,2,1,0
716576,Murilo,2025,ECLQ,23777,False,2,1,0,11,0,0,0,0,0
716576,Murilo,2025,BRVE,30489,False,8,5,0,370,1,0,0,0,3
716576,Murilo,2025,BRES,30489,False,11,10,0,847,0,0,0,0,3
716576,Murilo,2025,BRC,30489,False,1,1,0,90,0,0,0,0,0
716576,Murilo,2025,BRA4,30489,False,12,3,0,149,0,0,0,0,1
716576,Murilo,2024,MYSP,15817,False,6,5,0,189,0,2,0,0,0
716576,Murilo,2024,MYS1,15817,False,24,4,0,186,1,0,0,0,0
716576,Murilo,2024,MYC1,15817,False,7,0,0,0,0,0,0,0,0
716576,Murilo,2024,FI1,23777,False,8,4,0,96,0,0,1,0,0
716576,Murilo,2024,F1CL,23777,False,4,3,0,106,0,2,1,1,1
716576,Murilo,2024,ACLE,15817,False,10,8,1,566,0,1,7,3,2
716576,Murilo,2022,FIS,23777,False,2,1,0,90,0,0,0,0,0
716576,Murilo,2022,FIL,23777,False,1,0,0,0,0,0,0,0,0
716576,Murilo,2022,FIL,1008,False,3,0,0,0,0,0,0,0,0
716576,Murilo,2022,FI1,23777,False,22,20,0,1791,0,6,17,4,1
716576,Murilo,2022,F1CL,23777,False,5,5,0,329,0,3,4,1,0
716576,Murilo,2022,F1CE,23777,False,1,1,0,120,0,1,0,0,0
716576,Murilo,2022,ELQ,1008,False,4,4,0,353,0,1,0,0,1
716576,Murilo,2022,EL,1008,False,6,1,0,16,0,0,0,0,0
716576,Murilo,2022,CLQ,1008,False,4,4,0,346,1,0,0,0,2
716576,Murilo,2021,FIS,1008,False,3,3,0,162,0,0,0,0,1
716576,Murilo,2021,FIL,1008,False,4,2,0,29,0,0,0,0,0
716576,Murilo,2021,FI1,1008,False,22,19,0,1270,0,5,0,0,3
716576,Murilo,2021,F1CL,1008,False,5,0,0,0,0,0,0,0,0
716576,Murilo,2020,FIS,23777,False,5,5,0,480,0,3,0,0,1
716576,Murilo,2020,FI1,23777,False,22,20,0,1796,1,2,0,0,8
716576,Murilo,2020,F1CL,23777,False,5,5,0,450,0,4,0,0,2
716576,Murilo,2019,FI1,23777,False,11,10,0,900,1,2,0,0,3
716576,Murilo,2019,E3PL,55398,False,2,2,0,174,0,0,0,0,1
716576,Murilo,2015,BRC,30489,False,2,1,0,90,0,0,0,0,0
716576,Murilo,2014,BRA4,30489,False,10,4,0,94,0,0,0,0,2
613189,Kasper Paananen,2025,FS,3443,True,2,1,0,45,0,0,1,0,1
613189,Kasper Paananen,2025,FIS,23777,False,5,4,0,117,4,1,0,0,0
613189,Kasper Paananen,2025,FIL,23777,False,5,1,0,58,0,0,0,0,0
613189,Kasper Paananen,2025,FI1,23777,False,20,16,0,1215,4,2,38,16,2
613189,Kasper Paananen,2025,ECLQ,23777,False,2,2,0,161,0,0,0,0,0
613189,Kasper Paananen,2024,FIS,23777,False,3,3,0,114,1,1,0,0,0
613189,Kasper Paananen,2024,FIL,23777,False,5,4,0,219,0,0,0,0,1
613189,Kasper Paananen,2024,FI1,23777,False,22,22,0,1796,13,1,60,26,1
613189,Kasper Paananen,2024,F1CL,23777,False,10,10,0,841,5,2,16,8,2
613189,Kasper Paananen,2023,FIS,23777,False,6,6,0,361,3,0,0,0,0
613189,Kasper Paananen,2023,FIL,23777,False,5,4,0,315,1,1,0,0,0
613189,Kasper Paananen,2023,FI1,23777,False,22,21,0,1076,6,0,44,19,1
613189,Kasper Paananen,2023,F1CL,23777,False,5,5,0,340,1,0,5,3,0
613189,Kasper Paananen,2023,F1CE,23777,False,2,2,0,50,1,0,1,1,0
613189,Kasper Paananen,2022,YKAU,45310,False,5,5,0,394,3,1,0,0,0
613189,Kasper Paananen,2022,IJ1,14848,False,23,7,0,361,2,0,0,0,0
613189,Kasper Paananen,2022,FIS,23777,False,2,1,0,15,0,1,0,0,0
613189,Kasper Paananen,2022,FIL,5411,False,1,1,0,29,0,0,0,0,0
613189,Kasper Paananen,2022,FI2P,45310,False,2,2,0,196,1,2,0,0,0
613189,Kasper Paananen,2022,FI2,45310,False,22,19,0,1328,4,7,0,0,2
613189,Kasper Paananen,2022,FI1,23777,False,19,1,0,3,0,0,0,0,0
613189,Kasper Paananen,2022,F1CL,23777,False,5,0,0,0,0,0,0,0,0
613189,Kasper Paananen,2022,F1CE,23777,False,1,0,0,0,0,0,0,0,0
613189,Kasper Paananen,2022,CITP,14848,False,2,2,0,176,1,0,0,0,0
613189,Kasper Paananen,2021,IJ1,14848,False,34,29,0,1728,9,4,0,0,2
613189,Kasper Paananen,2021,FS,20794,True,1,1,0,45,0,0,1,0,0
613189,Kasper Paananen,2021,CITP,14848,False,1,1,0,120,0,0,0,0,0
613189,Kasper Paananen,2020,ITJP,14848,False,2,0,0,0,0,0,0,0,0
613189,Kasper Paananen,2020,IJ1,14848,False,30,5,0,45,0,0,0,0,0
613189,Kasper Paananen,2020,CITP,14848,False,3,2,0,73,0,0,0,0,0
613189,Kasper Paananen,2019,U17Q,20792,True,3,3,0,253,1,0,0,0,0
613189,Kasper Paananen,2019,ITJ5,49759,False,19,13,3,890,8,0,0,0,1
613189,Kasper Paananen,2019,IJ1,14848,False,2,2,0,42,0,0,0,0,0
613189,Kasper Paananen,2019,FS,20792,True,6,3,0,225,0,0,0,0,0
613189,Kasper Paananen,2019,FS,20791,True,1,1,0,80,3,0,0,0,0
613189,Kasper Paananen,2018,FS,20791,True,9,8,0,429,4,0,0,0,0
1128543,Armaan Wilson,2025,FIS,23777,False,5,4,0,167,1,0,0,0,1
1128543,Armaan Wilson,2025,FIL,23777,False,5,0,0,0,0,0,0,0,0
1128543,Armaan Wilson,2025,FI1,23777,False,20,15,0,1116,0,2,16,3,1
1128543,Armaan Wilson,2025,ECLQ,23777,False,2,1,0,3,0,0,0,0,0
1128543,Armaan Wilson,2024,FIS,7315,False,3,2,0,50,1,0,0,0,1
1128543,Armaan Wilson,2024,FIL,7315,False,5,5,0,286,0,0,0,0,1
1128543,Armaan Wilson,2024,FI1,7315,False,13,9,0,783,2,0,7,3,1
1128543,Armaan Wilson,2024,FI1,23777,False,8,6,0,202,0,0,1,0,2
1128543,Armaan Wilson,2024,F1CL,23777,False,10,9,0,447,3,0,6,2,0
1128543,Armaan Wilson,2023,FIS,7315,False,3,2,0,74,0,1,0,0,0
1128543,Armaan Wilson,2023,FI2,7315,False,27,20,0,1466,2,3,0,0,4
1128543,Armaan Wilson,2022,CDN1,67001,False,28,11,0,335,1,0,3,1,3
1128543,Armaan Wilson,2022,CAPL,67001,False,1,0,0,0,0,0,0,0,0
1128543,Armaan Wilson,2022,CAN,67001,False,1,0,0,0,0,0,0,0,0
738000,Vertti Hänninen,2025,FIS,23564,False,1,1,0,90,0,0,0,0,0
738000,Vertti Hänninen,2025,FIL,23564,False,5,5,0,286,0,0,0,0,0
738000,Vertti Hänninen,2025,FI1,23777,False,7,3,0,119,0,0,0,0,0
738000,Vertti Hänninen,2025,FI1,23564,False,13,6,0,155,0,2,2,0,1
738000,Vertti Hänninen,2024,FIS,23564,False,4,1,0,65,0,0,0,0,0
738000,Vertti Hänninen,2024,FIL,23564,False,5,3,0,214,1,0,0,0,0
738000,Vertti Hänninen,2024,FI1,23564,False,22,9,0,506,3,2,5,4,1
738000,Vertti Hänninen,2024,F1CL,23564,False,10,6,0,163,1,0,6,2,0
738000,Vertti Hänninen,2023,FIS,23564,False,2,0,0,0,0,0,0,0,0
738000,Vertti Hänninen,2023,FIL,23564,False,5,4,0,286,0,1,0,0,1
738000,Vertti Hänninen,2023,FI1,23564,False,22,9,0,755,3,2,16,7,2
738000,Vertti Hänninen,2023,F1CE,23564,False,2,2,0,166,0,0,1,0,0
738000,Vertti Hänninen,2023,F1CC,23564,False,5,5,0,364,3,1,8,4,0
738000,Vertti Hänninen,2022,LTVP,28740,False,2,0,0,0,0,0,0,0,0
738000,Vertti Hänninen,2022,LI1,28740,False,16,2,0,23,0,0,0,0,0
738000,Vertti Hänninen,2022,L1RL,28740,False,2,0,0,0,0,0,0,0,0
738000,Vertti Hänninen,2022,FIS,23777,False,2,2,0,149,0,0,0,0,0
738000,Vertti Hänninen,2022,FIL,23777,False,5,3,0,114,1,0,0,0,0
738000,Vertti Hänninen,2022,FI2,45310,False,1,1,0,45,0,0,0,0,0
738000,Vertti Hänninen,2022,FI1,23777,False,13,2,0,2,0,0,0,0,0
738000,Vertti Hänninen,2022,ECLQ,23777,False,4,0,0,0,0,0,0,0,0
738000,Vertti Hänninen,2021,YKAB,45310,False,5,4,0,275,1,0,0,0,0
738000,Vertti Hänninen,2021,FS,20795,True,2,2,0,67,0,0,0,0,0
738000,Vertti Hänninen,2021,FIS,23777,False,2,1,0,90,0,0,0,0,0
738000,Vertti Hänninen,2021,FIL,23777,False,5,5,0,350,1,0,0,0,0
738000,Vertti Hänninen,2021,FI2,45310,False,21,11,0,664,0,1,0,0,1
738000,Vertti Hänninen,2021,FI1,23777,False,22,4,0,88,0,0,0,0,0
738000,Vertti Hänninen,2021,F1CL,23777,False,5,1,0,14,0,0,0,0,0
738000,Vertti Hänninen,2021,F1CE,23777,False,1,1,0,13,0,0,0,0,0
738000,Vertti Hänninen,2020,YKAU,3776,False,5,5,0,445,1,1,0,0,2
738000,Vertti Hänninen,2020,POFI,3776,False,2,2,0,180,0,0,0,0,0
738000,Vertti Hänninen,2020,FIS,3776,False,4,4,0,298,1,0,0,0,1
738000,Vertti Hänninen,2020,FI3C,70795,False,1,1,0,45,0,0,0,0,0
738000,Vertti Hänninen,2020,FI2,3776,False,22,22,0,1717,8,4,0,0,2
738000,Vertti Hänninen,2019,KCUP,70795,False,3,3,0,218,1,0,0,0,0
738000,Vertti Hänninen,2019,FI3C,70795,False,17,13,0,998,2,0,0,0,0
1366992,Prosper Padera,2025,FS,3583,True,6,2,0,90,0,1,0,0,0
1366992,Prosper Padera,2025,FIS,23777,False,5,3,0,202,1,1,0,0,0
1366992,Prosper Padera,2025,FIL,23777,False,5,4,0,150,0,0,0,0,1
1366992,Prosper Padera,2025,FI2,45310,False,11,6,0,325,0,0,0,0,1
1366992,Prosper Padera,2025,FI1,23777,False,20,3,0,75,0,0,1,1,0
1366992,Prosper Padera,2025,ECLQ,23777,False,2,0,0,0,0,0,0,0,0
1366992,Prosper Padera,2024,FIS,23777,False,3,1,0,90,0,0,0,0,1
1366992,Prosper Padera,2024,FIL,23777,False,5,5,0,198,0,0,0,0,1
1366992,Prosper Padera,2024,FI2,45310,False,11,4,0,270,0,0,0,0,1
1366992,Prosper Padera,2024,FI1,23777,False,22,11,0,362,0,1,1,0,2
1366992,Prosper Padera,2024,F1CL,23777,False,10,2,0,40,0,0,0,0,0
1366992,Prosper Padera,2024,AFCN,3583,True,3,1,0,18,0,0,0,0,0
1366992,Prosper Padera,2023,WMQ2,3583,True,4,1,0,45,0,0,0,0,0
1097927,Caio Araújo,2025,SPjr,9540,False,6,0,0,0,0,0,0,0,0
1097927,Caio Araújo,2025,FIS,23777,False,5,5,0,288,0,1,0,0,2
1097927,Caio Araújo,2025,FI1,23777,False,20,13,0,565,0,0,6,2,2
1097927,Caio Araújo,2025,CB20,9540,False,3,0,0,0,0,0,0,0,0
1097927,Caio Araújo,2024,SPjr,9540,False,5,2,0,68,0,0,0,0,1
1097927,Caio Araújo,2024,CB20,9540,False,19,7,0,238,0,0,0,0,1
1097927,Caio Araújo,2023,SPjr,12690,False,6,6,0,257,0,1,0,0,2
1097927,Caio Araújo,2023,CLI,210,False,1,0,0,0,0,0,0,0,0
1097927,Caio Araújo,2023,CB20,9540,False,3,0,0,0,0,0,0,0,0
1097927,Caio Araújo,2023,CB20,12690,False,1,1,0,73,0,0,0,0,1
1097927,Caio Araújo,2023,C20P,9540,False,1,0,0,0,0,0,0,0,0
1097927,Caio Araújo,2022,SPjr,12690,False,4,4,0,69,0,0,0,0,1
1097927,Caio Araújo,2022,CB20,12690,False,9,9,0,490,0,0,0,0,3
1097927,Caio Araújo,2022,C20P,12690,False,2,1,0,68,0,0,0,0,0
927994,Aapo Boström,2025,FIS,23777,False,5,3,0,181,0,1,0,0,0
927994,Aapo Boström,2025,FIL,23777,False,5,5,0,272,1,0,0,0,1
927994,Aapo Boström,2025,FI1,23777,False,20,16,0,853,0,0,7,3,3
927994,Aapo Boström,2024,YKCP,2275,False,6,6,0,540,0,0,0,0,1
927994,Aapo Boström,2024,POFI,2275,False,2,2,0,178,1,0,1,1,1
927994,Aapo Boström,2024,FIS,2275,False,3,2,0,135,0,1,0,0,1
927994,Aapo Boström,2024,FI2,2275,False,27,26,0,2217,0,5,0,0,3
927994,Aapo Boström,2023,YKCP,2275,False,4,4,0,126,0,0,0,0,1
927994,Aapo Boström,2023,FIS,2275,False,5,5,0,334,0,0,0,0,1
927994,Aapo Boström,2023,FI2,2275,False,27,22,0,1202,1,1,0,0,3
927994,Aapo Boström,2022,YKCP,2275,False,3,0,0,0,0,0,0,0,0
927994,Aapo Boström,2022,YKAU,2275,False,5,4,0,126,0,0,0,0,0
927994,Aapo Boström,2022,U17Q,20792,True,6,5,0,166,1,0,0,0,0
927994,Aapo Boström,2022,FIS,2275,False,1,1,0,90,0,0,0,0,0
927994,Aapo Boström,2022,FI2,2275,False,22,16,0,484,0,2,0,0,2
927994,Aapo Boström,2021,FS,20791,True,7,3,0,169,0,0,0,0,0
927994,Aapo Boström,2021,F4LA,75037,False,1,1,0,72,0,0,0,0,0
1148047,Leon Vesterbacka,2026,U19Q,20794,True,3,0,0,0,0,0,0,0,0
1148047,Leon Vesterbacka,2025,YKCP,45310,False,1,1,0,90,1,0,0,0,0
1148047,Leon Vesterbacka,2025,U19Q,20794,True,6,5,0,392,0,1,0,0,1
1148047,Leon Vesterbacka,2025,FS,20794,True,4,3,0,180,0,1,0,0,0
1148047,Leon Vesterbacka,2025,FIS,23777,False,5,1,0,90,0,0,0,0,0
1148047,Leon Vesterbacka,2025,FIL,23777,False,5,4,0,225,0,0,0,0,0
1148047,Leon Vesterbacka,2025,FI2,45310,False,11,11,0,990,1,0,0,0,2
1148047,Leon Vesterbacka,2025,FI1,23777,False,20,5,0,158,0,0,2,1,0
1148047,Leon Vesterbacka,2024,YKCP,45310,False,4,3,0,106,0,0,0,0,2
1148047,Leon Vesterbacka,2024,FS,20793,True,2,2,0,114,0,0,0,0,0
1148047,Leon Vesterbacka,2024,FIS,45310,False,2,0,0,0,0,0,0,0,0
1148047,Leon Vesterbacka,2024,FI3C,114334,False,1,1,0,24,1,0,0,0,0
1148047,Leon Vesterbacka,2024,FI2,45310,False,27,24,0,1766,2,1,0,0,7
1148047,Leon Vesterbacka,2024,FI1,23777,False,5,0,0,0,0,0,0,0,0
1148047,Leon Vesterbacka,2024,F1CL,23777,False,10,0,0,0,0,0,0,0,0
1148047,Leon Vesterbacka,2023,U17Q,20792,True,6,6,0,124,0,0,0,0,1
1148047,Leon Vesterbacka,2023,FS,20792,True,6,6,0,278,0,0,0,0,2
1148047,Leon Vesterbacka,2023,FIS,5411,False,2,2,0,180,0,0,0,0,1
1148047,Leon Vesterbacka,2023,FI3B,5411,False,17,16,0,1408,2,0,0,0,5
1148047,Leon Vesterbacka,2023,FI2,45310,False,10,0,0,0,0,0,0,0,0
1148047,Leon Vesterbacka,2022,FIS,23075,False,1,1,0,60,0,1,0,0,0
1230660,Eze Onuoha,2026,U19Q,20794,True,3,2,1,180,0,0,0,0,2
1230660,Eze Onuoha,2025,YKCP,45310,False,1,1,0,90,0,0,0,0,1
1230660,Eze Onuoha,2025,U19Q,20794,True,3,0,1,0,0,0,0,0,0
1230660,Eze Onuoha,2025,FS,20793,True,3,2,0,115,0,0,0,0,1
1230660,Eze Onuoha,2025,FIS,23777,False,5,3,0,195,2,0,0,0,0
1230660,Eze Onuoha,2025,FIL,23777,False,5,4,0,186,0,0,0,0,0
1230660,Eze Onuoha,2025,FI2,45310,False,8,8,0,720,0,0,0,0,3
1230660,Eze Onuoha,2025,FI1,23777,False,20,10,0,889,1,1,2,1,2
1230660,Eze Onuoha,2024,U17Q,20792,True,3,3,0,123,0,0,0,0,1
1230660,Eze Onuoha,2024,FS,20792,True,2,2,0,113,0,0,0,0,0
1230660,Eze Onuoha,2024,FIS,5411,False,3,3,0,188,1,0,0,0,0
1230660,Eze Onuoha,2024,FI3C,114334,False,1,1,0,90,0,0,0,0,0
1230660,Eze Onuoha,2024,FI3A,5411,False,15,4,0,13,0,0,0,0,0
1230660,Eze Onuoha,2024,FI2,45310,False,10,9,0,690,0,0,0,0,0
1230660,Eze Onuoha,2024,19YL,76791,False,2,1,0,16,0,0,0,0,0
1230660,Eze Onuoha,2023,FJE,20872,False,1,1,0,60,0,0,0,0,0
1230660,Eze Onuoha,2023,FINJ,20872,False,18,4,0,329,0,0,0,0,0
1230660,Eze Onuoha,2023,F3KB,5411,False,2,1,0,45,0,0,0,0,0
1047391,Aniis Machaal,2026,U19Q,20794,True,3,0,0,0,0,0,0,0,0
1047391,Aniis Machaal,2025,YKCP,45310,False,4,3,0,269,0,0,0,0,2
1047391,Aniis Machaal,2025,U19Q,20794,True,6,3,0,120,0,0,0,0,0
1047391,Aniis Machaal,2025,FS,20794,True,4,1,0,45,1,0,0,0,0
1047391,Aniis Machaal,2025,FIS,45310,False,3,0,0,0,0,0,0,0,0
1047391,Aniis Machaal,2025,FIS,23777,False,5,2,0,180,0,4,0,0,0
1047391,Aniis Machaal,2025,FIL,23777,False,5,2,0,63,0,0,0,0,0
1047391,Aniis Machaal,2025,FI3C,114334,False,1,1,0,90,0,0,0,0,0
1047391,Aniis Machaal,2025,FI2,45310,False,16,11,0,801,0,1,0,0,4
1047391,Aniis Machaal,2025,FI1,23777,False,20,0,0,0,0,0,0,0,0
1047391,Aniis Machaal,2025,ECLQ,23777,False,2,1,0,6,0,0,0,0,0
1047391,Aniis Machaal,2024,YKCP,45310,False,4,1,0,90,0,0,0,0,0
1047391,Aniis Machaal,2024,FS,20793,True,2,2,0,72,0,0,0,0,1
1047391,Aniis Machaal,2024,FIS,45310,False,2,0,0,0,0,0,0,0,0
1047391,Aniis Machaal,2024,FIS,23777,False,3,3,0,74,0,1,0,0,0
1047391,Aniis Machaal,2024,FIL,23777,False,5,3,0,144,1,0,0,0,1
1047391,Aniis Machaal,2024,FI2,45310,False,25,9,0,646,1,0,0,0,1
1047391,Aniis Machaal,2024,FI1,23777,False,22,4,0,109,0,0,0,0,1
1047391,Aniis Machaal,2024,F1CL,23777,False,10,1,0,9,0,0,0,0,0
1047391,Aniis Machaal,2023,KP3C,114334,False,5,5,0,443,0,0,0,0,1
1047391,Aniis Machaal,2023,FIS,45310,False,4,2,0,115,1,0,0,0,2
1047391,Aniis Machaal,2023,FIKP,114334,False,2,2,0,179,0,0,0,0,1
1047391,Aniis Machaal,2023,FI3C,114334,False,18,13,0,1025,2,0,0,0,1
1047391,Aniis Machaal,2023,FI2,45310,False,20,0,0,0,0,0,0,0,0
1047391,Aniis Machaal,2022,FS,20791,True,4,2,0,151,0,0,0,0,0
1047391,Aniis Machaal,2022,FIS,45310,False,1,1,0,90,0,0,0,0,0
1111932,Olatoundji Tessilimi,2026,TSP,450,False,1,0,0,0,0,0,0,0,0
1111932,Olatoundji Tessilimi,2026,TS2,450,False,4,4,0,191,1,1,0,0,0
1111932,Olatoundji Tessilimi,2025,FIS,23777,False,5,4,0,125,0,2,0,0,0
1111932,Olatoundji Tessilimi,2025,FIL,23777,False,5,4,0,214,0,0,0,0,0
1111932,Olatoundji Tessilimi,2025,FI1,23777,False,13,10,0,551,3,1,19,8,3
1111932,Olatoundji Tessilimi,2025,ECLQ,23777,False,2,2,0,42,0,0,0,0,0
1111932,Olatoundji Tessilimi,2024,FIS,23777,False,3,3,0,180,2,2,0,0,1
1111932,Olatoundji Tessilimi,2024,FIL,23777,False,5,1,0,10,0,0,0,0,0
1111932,Olatoundji Tessilimi,2024,FI2,45310,False,2,2,0,114,2,2,0,0,1
1111932,Olatoundji Tessilimi,2024,FI1,23777,False,22,15,0,349,1,1,9,4,3
1111932,Olatoundji Tessilimi,2024,F1CL,23777,False,10,8,0,290,3,1,11,4,2
1111932,Olatoundji Tessilimi,2024,AFCN,3955,True,4,2,0,44,0,0,2,0,0
1111932,Olatoundji Tessilimi,2023,YKCP,45310,False,6,0,0,0,0,0,0,0,0
1111932,Olatoundji Tessilimi,2023,WMQ2,3955,True,2,0,0,0,0,0,0,0,0
1111932,Olatoundji Tessilimi,2023,FIS,45310,False,4,0,0,0,0,0,0,0,0
1111932,Olatoundji Tessilimi,2023,FI2,45310,False,27,0,0,0,0,0,0,0,0
1111932,Olatoundji Tessilimi,2022,YKAU,45310,False,5,5,0,360,2,1,0,0,1
1111932,Olatoundji Tessilimi,2022,FIS,45310,False,1,1,0,90,0,0,0,0,0
1111932,Olatoundji Tessilimi,2022,FI2P,45310,False,2,2,0,204,1,0,0,0,1
1111932,Olatoundji Tessilimi,2022,FI2,45310,False,21,3,0,118,1,0,0,0,1
1111932,Olatoundji Tessilimi,2022,20AC,38132,True,4,4,0,276,0,0,5,3,0
488781,Jeremiah Streng,2025,FIS,23777,False,5,3,0,212,2,0,0,0,0
488781,Jeremiah Streng,2025,FIL,23777,False,5,5,0,328,3,0,0,0,1
488781,Jeremiah Streng,2025,FI1,23777,False,20,18,0,1122,4,1,38,14,1
488781,Jeremiah Streng,2025,ECLQ,23777,False,2,2,0,154,0,0,0,0,0
488781,Jeremiah Streng,2024,FIS,23777,False,3,3,0,270,3,0,0,0,0
488781,Jeremiah Streng,2024,FIL,23777,False,5,5,0,301,3,0,0,0,0
488781,Jeremiah Streng,2024,FI1,23777,False,22,21,0,1248,7,3,54,26,1
488781,Jeremiah Streng,2024,F1CL,23777,False,10,9,0,582,2,4,16,7,0
488781,Jeremiah Streng,2023,IT2,408,False,18,11,0,400,0,0,7,3,3
488781,Jeremiah Streng,2023,FIS,23777,False,2,1,0,28,0,0,0,0,1
488781,Jeremiah Streng,2023,FI1,23777,False,8,7,0,184,1,0,8,3,1
488781,Jeremiah Streng,2023,F1CL,23777,False,5,4,0,132,0,0,10,3,0
488781,Jeremiah Streng,2023,F1CE,23777,False,2,2,0,90,1,1,5,2,1
488781,Jeremiah Streng,2022,FIS,23777,False,2,2,0,148,2,0,0,0,1
488781,Jeremiah Streng,2022,FIL,23777,False,5,5,0,149,0,0,0,0,1
488781,Jeremiah Streng,2022,FI1,23777,False,22,21,0,1025,6,0,35,16,1
488781,Jeremiah Streng,2022,F1CL,23777,False,5,5,0,353,1,0,10,2,0
488781,Jeremiah Streng,2022,F1CE,23777,False,1,1,0,59,0,0,3,1,0
488781,Jeremiah Streng,2021,USC3,69748,False,30,30,0,1447,7,1,51,16,4
488781,Jeremiah Streng,2021,MLSP,69748,False,2,1,0,90,0,0,0,0,1
488781,Jeremiah Streng,2021,FS,20795,True,2,1,0,75,1,0,0,0,0
488781,Jeremiah Streng,2021,FIL,23777,False,5,0,0,0,0,0,0,0,0
488781,Jeremiah Streng,2020,YKAU,3650,False,5,4,0,291,2,0,0,0,1
488781,Jeremiah Streng,2020,FIS,20924,False,5,5,0,97,1,0,0,0,0
488781,Jeremiah Streng,2020,FI2,3650,False,10,10,0,837,2,2,0,0,3
488781,Jeremiah Streng,2020,FI1,23777,False,1,0,0,0,0,0,0,0,0
488781,Jeremiah Streng,2020,FI1,20924,False,13,8,0,210,0,1,0,0,2
488781,Jeremiah Streng,2019,U19Q,20794,True,3,3,0,199,1,0,0,0,0
488781,Jeremiah Streng,2019,FS,20794,True,4,4,0,223,1,0,0,0,0
488781,Jeremiah Streng,2019,FJE,36174,False,1,1,0,90,0,0,0,0,0
488781,Jeremiah Streng,2019,FIS,23777,False,5,5,0,248,0,1,0,0,0
488781,Jeremiah Streng,2019,FI2,45310,False,22,21,0,1845,12,2,0,0,3
488781,Jeremiah Streng,2019,FI1,23777,False,22,1,0,11,0,0,0,0,0
488781,Jeremiah Streng,2018,FS,20793,True,5,5,0,222,0,0,0,0,0
488781,Jeremiah Streng,2018,FIS,23777,False,5,5,0,405,3,0,0,0,1
488781,Jeremiah Streng,2018,FIKP,45310,False,3,1,0,90,0,0,0,0,1
488781,Jeremiah Streng,2018,FI3C,45310,False,21,11,0,941,9,0,0,0,2
488781,Jeremiah Streng,2018,FI1,23777,False,22,12,0,666,0,2,0,0,1
488781,Jeremiah Streng,2018,F1CC,23777,False,5,5,0,252,0,0,0,0,0
488781,Jeremiah Streng,2017,U17Q,20792,True,6,4,0,27,0,0,0,0,0
488781,Jeremiah Streng,2017,FS,20792,True,7,2,0,72,0,0,0,0,0
488781,Jeremiah Streng,2017,FS,20791,True,1,1,0,80,0,0,0,0,0
488781,Jeremiah Streng,2017,FIS,11134,False,2,2,0,87,1,0,0,0,0
488781,Jeremiah Streng,2017,FINJ,36615,False,6,4,0,343,8,0,0,0,1
488781,Jeremiah Streng,2017,FI3C,11134,False,22,18,0,1577,4,0,0,0,2
488781,Jeremiah Streng,2016,FS,20791,True,4,3,0,105,1,0,0,0,0
488781,Jeremiah Streng,2016,FI3C,11134,False,12,12,0,798,3,0,0,0,0
798685,Albin Björkskog,2025,FIS,23777,False,5,0,5,0,0,0,0,0,0
798685,Albin Björkskog,2025,FIL,23777,False,5,2,0,61,0,0,0,0,0
798685,Albin Björkskog,2025,FI1,23777,False,20,0,20,0,0,0,0,0,0
798685,Albin Björkskog,2024,FIS,3650,False,6,5,0,308,2,1,0,0,2
798685,Albin Björkskog,2024,FIL,3650,False,5,5,0,294,0,0,0,0,0
798685,Albin Björkskog,2024,FI1,3650,False,22,21,0,1484,2,5,29,9,1
798685,Albin Björkskog,2024,F1CC,3650,False,5,5,0,293,2,0,4,3,0
798685,Albin Björkskog,2023,YKCP,3650,False,6,6,0,313,2,0,0,0,0
798685,Albin Björkskog,2023,POFI,3650,False,2,2,0,142,0,1,1,1,0
798685,Albin Björkskog,2023,FIS,3650,False,2,1,0,45,0,0,0,0,0
798685,Albin Björkskog,2023,FI2,3650,False,27,24,0,1359,4,2,0,0,1
798685,Albin Björkskog,2023,F4LA,109034,False,1,1,0,45,0,0,0,0,0
798685,Albin Björkskog,2022,YKCP,3650,False,3,0,0,0,0,0,0,0,0
798685,Albin Björkskog,2022,YKAB,3650,False,5,5,0,323,0,1,0,0,1
798685,Albin Björkskog,2022,FIS,3650,False,1,0,0,0,0,0,0,0,0
798685,Albin Björkskog,2022,FI3C,21041,False,6,5,0,297,3,0,0,0,0
798685,Albin Björkskog,2022,FI2,3650,False,22,3,0,58,0,0,0,0,0
798685,Albin Björkskog,2021,YKCP,3650,False,6,4,0,97,1,0,0,0,0
798685,Albin Björkskog,2021,YKAU,3650,False,5,0,0,0,0,0,0,0,0
798685,Albin Björkskog,2021,FS,20793,True,3,3,0,141,0,0,0,0,0
798685,Albin Björkskog,2021,FIS,3650,False,3,3,0,225,0,0,0,0,0
798685,Albin Björkskog,2021,FI3C,21041,False,11,7,0,556,0,0,0,0,1
798685,Albin Björkskog,2021,FI2P,3650,False,2,0,0,0,0,0,0,0,0
798685,Albin Björkskog,2021,FI2,3650,False,22,16,0,370,4,1,0,0,2
798685,Albin Björkskog,2020,YKAU,3650,False,5,4,0,217,0,1,0,0,1
798685,Albin Björkskog,2020,FIS,3650,False,3,2,0,120,1,0,0,0,0
798685,Albin Björkskog,2020,FI3C,21041,False,22,14,0,928,3,0,0,0,4
798685,Albin Björkskog,2020,FI2,3650,False,22,17,0,378,1,1,0,0,3
798685,Albin Björkskog,2019,FI3C,21041,False,11,7,0,279,0,0,0,0,2
1279570,Muhammed Suso,2025,TSP,1496,False,2,0,0,0,0,0,0,0,0
1279570,Muhammed Suso,2025,TS1,1496,False,20,0,0,0,0,0,0,0,0
1279570,Muhammed Suso,2025,FIS,23777,False,5,3,0,187,0,2,0,0,1
1279570,Muhammed Suso,2025,FI1,23777,False,20,15,0,809,1,1,23,11,2
1279570,Muhammed Suso,2025,ESTP,23371,False,1,1,0,90,0,0,0,0,0
1279570,Muhammed Suso,2025,ECLQ,23371,False,4,2,0,31,0,0,0,0,0
1279570,Muhammed Suso,2025,CZ3C,40315,False,9,6,0,396,0,2,0,0,0
1279570,Muhammed Suso,2024,ESTP,23371,False,3,0,0,0,0,0,0,0,0
1279570,Muhammed Suso,2024,EST1,23371,False,26,14,0,892,4,1,0,0,3
1279570,Muhammed Suso,2024,ECLQ,23371,False,6,1,0,27,0,0,0,0,0
1279570,Muhammed Suso,2023,EST2,57783,False,18,8,0,602,5,1,0,0,0
1279570,Muhammed Suso,2023,EST1,23371,False,16,5,0,152,0,0,0,0,2
741544,Danila Bulgakov,2025,FIS,23777,False,5,4,0,241,0,1,0,0,0
741544,Danila Bulgakov,2025,FIL,23777,False,5,5,0,192,0,0,0,0,0
741544,Danila Bulgakov,2025,FI2,45310,False,5,5,0,330,0,0,0,0,0
741544,Danila Bulgakov,2025,FI1,23777,False,20,7,0,177,0,0,2,0,0
741544,Danila Bulgakov,2024,FIS,1225,False,5,3,0,110,0,5,0,0,0
741544,Danila Bulgakov,2024,FIL,3189,False,4,0,0,0,0,0,0,0,0
741544,Danila Bulgakov,2024,FIL,1225,False,4,4,0,217,1,1,0,0,0
741544,Danila Bulgakov,2024,FI1,1225,False,22,17,0,946,3,1,19,8,0
741544,Danila Bulgakov,2024,F1CC,1225,False,5,1,0,16,0,0,0,0,0
741544,Danila Bulgakov,2024,ECLQ,3189,False,4,0,0,0,0,0,0,0,0
741544,Danila Bulgakov,2023,U19Q,20794,True,3,2,0,80,1,0,0,0,0
741544,Danila Bulgakov,2023,FS,20796,True,2,2,0,60,0,0,0,0,0
741544,Danila Bulgakov,2023,FS,20794,True,2,2,0,64,0,0,0,0,0
741544,Danila Bulgakov,2023,FIS,52347,False,1,0,0,0,0,0,0,0,0
741544,Danila Bulgakov,2023,FIS,3189,False,1,0,0,0,0,0,0,0,0
741544,Danila Bulgakov,2023,FIL,3189,False,6,2,0,56,0,0,0,0,1
741544,Danila Bulgakov,2023,FI3B,52347,False,17,8,0,546,1,0,0,0,0
741544,Danila Bulgakov,2023,FI1,3189,False,22,5,0,41,0,0,0,0,0
741544,Danila Bulgakov,2023,F3KB,52347,False,2,2,0,142,3,0,0,0,0
741544,Danila Bulgakov,2023,F1CL,3189,False,5,1,0,15,0,0,0,0,0
741544,Danila Bulgakov,2022,FS,20793,True,6,5,0,201,0,0,0,0,0
741544,Danila Bulgakov,2022,FIS,7008,False,5,0,0,0,0,0,0,0,0
741544,Danila Bulgakov,2022,FIS,22374,False,2,1,0,63,0,0,0,0,0
741544,Danila Bulgakov,2022,FIL,7008,False,2,0,0,0,0,0,0,0,0
741544,Danila Bulgakov,2022,FIKP,22374,False,1,0,0,0,0,0,0,0,0
741544,Danila Bulgakov,2022,FI3C,22374,False,22,18,0,1230,11,1,0,0,1
741544,Danila Bulgakov,2022,FI1,7008,False,22,1,0,6,0,0,0,0,0
741544,Danila Bulgakov,2022,F1CE,7008,False,2,2,0,43,0,0,1,1,0
741544,Danila Bulgakov,2022,F1CC,7008,False,5,2,0,61,0,0,1,1,0
741544,Danila Bulgakov,2021,FS,20792,True,2,2,0,79,0,0,0,0,0
741544,Danila Bulgakov,2019,FS,34682,True,3,3,0,82,0,0,0,0,0
741544,Danila Bulgakov,2019,F4KP,10927,False,2,2,0,70,0,0,0,0,0
422033,Elias Mastokangas,2025,FIS,23777,False,5,4,0,270,1,3,0,0,0
422033,Elias Mastokangas,2025,FIL,23777,False,5,4,0,241,1,1,0,0,0
422033,Elias Mastokangas,2025,FI1,23777,False,20,17,0,605,1,2,8,1,0
422033,Elias Mastokangas,2025,ECLQ,23777,False,2,0,0,0,0,0,0,0,0
422033,Elias Mastokangas,2024,FIS,23777,False,3,3,0,168,1,2,0,0,0
422033,Elias Mastokangas,2024,FIL,23777,False,5,5,0,310,0,1,0,0,1
422033,Elias Mastokangas,2024,FI1,23777,False,22,14,0,502,3,0,8,5,0
422033,Elias Mastokangas,2024,F1CL,23777,False,10,10,0,403,1,0,3,1,1
422033,Elias Mastokangas,2023,FIS,1225,False,6,6,0,222,0,1,0,0,0
422033,Elias Mastokangas,2023,FIL,1225,False,5,5,0,450,3,1,0,0,1
422033,Elias Mastokangas,2023,FI1,1225,False,22,21,0,1415,0,4,36,12,4
422033,Elias Mastokangas,2023,F1CL,1225,False,5,5,0,143,0,0,3,1,1
422033,Elias Mastokangas,2023,F1CE,1225,False,4,2,0,38,0,0,2,1,0
422033,Elias Mastokangas,2023,ECLQ,1225,False,2,0,0,0,0,0,0,0,0
422033,Elias Mastokangas,2022,FIS,8042,False,3,2,0,164,2,1,0,0,0
422033,Elias Mastokangas,2022,FIL,8042,False,6,2,0,30,0,0,0,0,0
422033,Elias Mastokangas,2022,FI1,8042,False,13,1,0,7,0,0,0,0,0
422033,Elias Mastokangas,2022,FI1,1225,False,7,7,0,585,3,1,17,6,0
422033,Elias Mastokangas,2022,F4LA,23197,False,1,1,0,90,1,0,0,0,0
422033,Elias Mastokangas,2022,F1CC,1225,False,5,5,0,405,4,0,11,6,0
422033,Elias Mastokangas,2022,ECLQ,8042,False,2,2,0,55,0,0,0,0,0
422033,Elias Mastokangas,2021,FS,20795,True,2,2,0,123,0,0,0,0,0
422033,Elias Mastokangas,2021,FIS,8042,False,3,1,0,90,0,1,0,0,0
422033,Elias Mastokangas,2021,FIL,8042,False,6,4,0,164,0,0,0,0,0
422033,Elias Mastokangas,2021,FI1,8042,False,15,5,0,138,0,0,0,0,0
422033,Elias Mastokangas,2021,FI1,1225,False,7,7,0,435,2,1,0,0,1
422033,Elias Mastokangas,2021,F1CL,1225,False,5,3,0,212,0,0,0,0,0
422033,Elias Mastokangas,2021,F1CE,1225,False,2,2,0,160,0,0,0,0,0
422033,Elias Mastokangas,2020,FS,20796,True,2,2,0,71,0,0,0,0,0
422033,Elias Mastokangas,2020,FIS,6017,False,3,2,0,134,1,0,0,0,0
422033,Elias Mastokangas,2020,FI1,6017,False,22,15,0,1035,1,1,0,0,1
422033,Elias Mastokangas,2020,F1CC,6017,False,5,5,0,362,2,0,0,0,0
422033,Elias Mastokangas,2020,ELQ,8042,False,1,0,0,0,0,0,0,0,0
422033,Elias Mastokangas,2019,U19Q,20794,True,3,3,0,119,0,0,0,0,0
422033,Elias Mastokangas,2019,FS,20794,True,4,4,0,173,0,0,0,0,0
422033,Elias Mastokangas,2019,FIS,8042,False,9,7,0,440,3,2,0,0,1
422033,Elias Mastokangas,2019,FI1,8042,False,22,19,0,1058,2,1,0,0,1
422033,Elias Mastokangas,2019,ELQ,8042,False,2,1,0,9,0,0,0,0,0
422033,Elias Mastokangas,2018,FS,20793,True,2,2,0,135,2,0,0,0,0
422033,Elias Mastokangas,2018,FIS,8042,False,7,0,0,0,0,0,0,0,0
422033,Elias Mastokangas,2018,FI1,8042,False,22,7,0,238,1,0,0,0,0
422033,Elias Mastokangas,2018,F1CL,8042,False,5,3,0,121,0,0,0,0,0
422033,Elias Mastokangas,2017,U17Q,20792,True,6,5,0,313,2,1,0,0,0
422033,Elias Mastokangas,2017,FS,20792,True,8,8,0,479,3,0,0,0,0
422033,Elias Mastokangas,2017,FJE,20873,False,17,1,0,90,0,0,0,0,0
422033,Elias Mastokangas,2017,FIS,8042,False,7,2,0,30,0,0,0,0,0
422033,Elias Mastokangas,2017,FINJ,20873,False,9,3,0,260,1,0,0,0,0
422033,Elias Mastokangas,2017,FI3B,26699,False,17,15,0,1251,2,0,0,0,1
422033,Elias Mastokangas,2017,FI1,8042,False,14,0,0,0,0,0,0,0,0
422033,Elias Mastokangas,2016,FS,34682,True,2,2,0,160,0,0,0,0,0
422033,Elias Mastokangas,2016,FS,20791,True,4,4,0,215,1,0,0,0,0
422033,Elias Mastokangas,2016,FJE,20873,False,18,9,0,777,1,0,0,0,0
422033,Elias Mastokangas,2016,FIS,8042,False,7,0,0,0,0,0,0,0,0
422033,Elias Mastokangas,2016,FINJ,20873,False,9,6,0,475,0,0,0,0,1
422033,Elias Mastokangas,2016,FI1,8042,False,33,3,0,151,0,0,0,0,0
422033,Elias Mastokangas,2015,FS,20791,True,1,1,0,79,0,0,0,0,0
422033,Elias Mastokangas,2015,FINJ,47230,False,4,2,0,135,0,0,0,0,0
124495,Apostolos Vellios,2025,S2PA,5572,False,3,0,0,0,0,0,0,0,0
124495,Apostolos Vellios,2025,GRS2,5572,False,15,9,1,226,3,0,0,0,0
124495,Apostolos Vellios,2025,FI1,23777,False,3,1,0,11,0,0,0,0,0
124495,Apostolos Vellios,2024,ZYPA,18945,False,7,5,2,303,2,0,0,0,0
124495,Apostolos Vellios,2024,ZYP1,18945,False,26,24,0,1580,5,1,0,0,2
124495,Apostolos Vellios,2024,NL1,1269,False,2,1,0,8,0,0,0,0,0
124495,Apostolos Vellios,2024,CPO1,18945,False,2,1,0,41,0,0,0,0,1
124495,Apostolos Vellios,2023,NLP,1269,False,1,1,0,90,0,0,3,2,0
124495,Apostolos Vellios,2023,NL1,1269,False,34,27,0,713,3,2,24,9,4
124495,Apostolos Vellios,2022,NLP,1269,False,2,1,0,66,1,0,2,1,0
124495,Apostolos Vellios,2022,NL2,1269,False,38,31,0,1425,11,6,52,19,1
124495,Apostolos Vellios,2021,S1PO,3999,False,7,3,0,54,0,0,0,0,0
124495,Apostolos Vellios,2021,ROMP,21475,False,1,0,0,0,0,0,0,0,0
124495,Apostolos Vellios,2021,RO1,21475,False,22,16,0,1023,1,0,0,0,2
124495,Apostolos Vellios,2021,RLGR,3999,False,2,0,0,0,0,0,0,0,0
124495,Apostolos Vellios,2021,GRP,3999,False,2,0,0,0,0,0,0,0,0
124495,Apostolos Vellios,2021,GR1,3999,False,8,6,0,215,0,0,0,0,1
124495,Apostolos Vellios,2020,IT2,408,False,38,7,0,91,0,0,4,1,0
124495,Apostolos Vellios,2020,GR1,3060,False,2,0,0,0,0,0,0,0,0
124495,Apostolos Vellios,2020,CIT,408,False,1,1,0,90,0,0,0,0,0
124495,Apostolos Vellios,2019,S1PO,3060,False,7,6,0,182,0,0,0,0,1
124495,Apostolos Vellios,2019,GRP,3060,False,4,4,0,355,2,0,0,0,1
124495,Apostolos Vellios,2019,GR1,3060,False,26,21,0,1247,6,1,6,2,4
124495,Apostolos Vellios,2019,ELQ,3060,False,4,4,0,307,0,0,0,0,1
124495,Apostolos Vellios,2018,POBE,28643,False,10,0,0,0,0,0,0,0,0
124495,Apostolos Vellios,2018,GB2,703,False,5,0,0,0,0,0,0,0,0
124495,Apostolos Vellios,2018,CGB,703,False,2,0,0,0,0,0,0,0,0
124495,Apostolos Vellios,2018,CCB,28643,False,1,1,0,33,0,0,0,0,0
124495,Apostolos Vellios,2018,BE1,28643,False,25,17,0,923,4,0,19,8,4
124495,Apostolos Vellios,2017,GB2,703,False,46,12,0,360,1,0,0,0,0
124495,Apostolos Vellios,2017,FAC,703,False,2,1,0,9,1,0,0,0,0
124495,Apostolos Vellios,2017,CGB,703,False,3,1,0,74,0,0,0,0,0
124495,Apostolos Vellios,2016,WMQ6,3378,True,10,4,0,89,0,0,0,0,0
124495,Apostolos Vellios,2016,GB2,703,False,46,28,0,1315,6,0,0,0,3
124495,Apostolos Vellios,2016,FS,3378,True,1,0,0,0,0,0,0,0,0
124495,Apostolos Vellios,2016,FAC,703,False,1,1,0,8,0,0,0,0,0
124495,Apostolos Vellios,2016,CGB,703,False,3,2,0,100,0,0,0,0,1
124495,Apostolos Vellios,2015,GRP,47,False,7,5,0,368,2,0,0,0,0
124495,Apostolos Vellios,2015,GR1,47,False,30,27,0,2221,11,3,0,0,6
124495,Apostolos Vellios,2015,FS,3378,True,5,4,0,303,0,0,0,0,0
124495,Apostolos Vellios,2014,DKP,20100,False,4,4,0,390,3,1,0,0,2
124495,Apostolos Vellios,2014,DK1,20100,False,16,16,0,1243,3,0,0,0,2
124495,Apostolos Vellios,2014,CCB,204,False,2,1,0,64,0,0,0,0,0
124495,Apostolos Vellios,2014,BE1,204,False,23,13,3,374,1,1,0,0,0
124495,Apostolos Vellios,2013,U21Q,9317,True,8,8,0,334,0,1,0,0,1
124495,Apostolos Vellios,2013,GB21,9261,False,13,3,0,207,0,0,0,0,0
124495,Apostolos Vellios,2013,GB2,1181,False,7,2,0,117,0,0,0,0,0
124495,Apostolos Vellios,2013,GB1,29,False,32,0,0,0,0,0,0,0,0
124495,Apostolos Vellios,2013,FS,9317,True,1,1,0,90,0,0,0,0,0
124495,Apostolos Vellios,2013,FAC,29,False,4,0,0,0,0,0,0,0,0
124495,Apostolos Vellios,2013,CGB,29,False,2,0,0,0,0,0,0,0,0
124495,Apostolos Vellios,2013,21PL,9261,False,1,0,0,0,0,0,0,0,0
124495,Apostolos Vellios,2012,GBQ1,9261,False,12,10,0,782,2,3,0,0,0
124495,Apostolos Vellios,2012,GB21,9261,False,14,12,0,1000,3,2,0,0,1
124495,Apostolos Vellios,2012,GB1,29,False,38,6,0,56,0,1,0,0,0
124495,Apostolos Vellios,2012,FS,9317,True,4,4,0,295,2,2,0,0,1
124495,Apostolos Vellios,2012,FAC,29,False,5,0,0,0,0,0,0,0,0
124495,Apostolos Vellios,2012,CGB,29,False,2,0,0,0,0,0,0,0,0
124495,Apostolos Vellios,2011,U21Q,9317,True,10,8,0,463,2,0,0,0,1
124495,Apostolos Vellios,2011,GBR,9261,False,21,12,0,898,7,1,0,0,1
124495,Apostolos Vellios,2011,GB1,29,False,38,13,0,250,3,0,0,0,1
124495,Apostolos Vellios,2011,FS,9317,True,1,1,0,76,0,0,0,0,0
124495,Apostolos Vellios,2011,FS,22246,True,1,0,0,0,0,0,0,0,0
124495,Apostolos Vellios,2011,FAC,29,False,6,1,0,2,0,0,0,0,0
124495,Apostolos Vellios,2011,CGB,29,False,3,1,0,58,0,1,0,0,0
124495,Apostolos Vellios,2010,U19Q,22246,True,6,3,0,222,2,0,0,0,2
124495,Apostolos Vellios,2010,GRP,47,False,3,0,0,0,0,0,0,0,0
124495,Apostolos Vellios,2010,GR1,47,False,19,12,0,334,2,0,0,0,0
124495,Apostolos Vellios,2010,GBR,9261,False,10,9,0,725,3,2,0,0,0
124495,Apostolos Vellios,2010,GB1,29,False,15,3,0,31,0,0,0,0,0
124495,Apostolos Vellios,2010,FS,9317,True,2,2,0,52,0,0,0,0,0
124495,Apostolos Vellios,2010,FS,22246,True,12,10,0,732,6,0,0,0,0
124495,Apostolos Vellios,2010,FAC,29,False,3,0,0,0,0,0,0,0,0
124495,Apostolos Vellios,2009,U19Q,22246,True,3,3,0,74,1,0,0,0,0
124495,Apostolos Vellios,2009,GRP,47,False,1,0,0,0,0,0,0,0,0
124495,Apostolos Vellios,2009,GR20,14782,False,6,5,0,450,0,0,0,0,0
124495,Apostolos Vellios,2009,GR1,47,False,30,9,0,95,2,0,0,0,1
124495,Apostolos Vellios,2009,FS,22246,True,4,4,0,128,1,0,0,0,0
124495,Apostolos Vellios,2008,U17Q,26469,True,6,5,0,345,0,0,0,0,2
124495,Apostolos Vellios,2008,GRP,47,False,2,0,0,0,0,0,0,0,0
124495,Apostolos Vellios,2008,GR1,47,False,30,0,0,0,0,0,0,0,0
124495,Apostolos Vellios,2007,U17Q,26469,True,3,1,0,15,0,0,0,0,0
1219750,Kelwin,2025,SPjr,14702,False,5,4,0,305,1,0,0,0,0
1219750,Kelwin,2025,FI1,23777,False,7,6,0,419,3,1,10,7,2
1219750,Kelwin,2025,CB20,14702,False,18,10,0,323,0,0,0,0,2
1219750,Kelwin,2024,SPjr,14702,False,6,5,0,329,4,0,0,0,1
1219750,Kelwin,2024,KLUB,2462,False,6,0,0,0,0,0,0,0,0
1219750,Kelwin,2024,CS,2462,False,8,1,0,11,0,0,0,0,0
1219750,Kelwin,2024,CB20,14702,False,19,14,0,914,5,0,0,0,5
1219750,Kelwin,2024,BRC,2462,False,8,0,0,0,0,0,0,0,0
1219750,Kelwin,2024,BRA1,2462,False,33,0,0,0,0,0,0,0,0
1219750,Kelwin,2023,SPjr,14702,False,4,3,0,193,2,0,0,0,0
1219750,Kelwin,2023,CB20,14702,False,19,5,0,181,1,0,0,0,3
1568729,Aziz Cissé,2025,FI2,45310,False,1,1,0,45,0,0,0,0,1
1568729,Aziz Cissé,2025,FI1,23777,False,5,2,0,38,0,0,1,0,0
1038791,Niklas Schulz,2025,FIYK,22374,False,6,2,0,180,0,0,0,0,0
1038791,Niklas Schulz,2025,FIS,7008,False,1,1,0,90,0,0,0,0,0
1038791,Niklas Schulz,2025,FIL,7008,False,7,0,0,0,0,0,0,0,0
1038791,Niklas Schulz,2025,FI1,7008,False,20,1,0,90,0,0,0,0,0
1038791,Niklas Schulz,2024,ITC4,50760,False,2,0,0,0,0,0,0,0,0
1038791,Niklas Schulz,2024,IT4H,50760,False,4,0,0,0,0,0,0,0,0
1038791,Niklas Schulz,2024,FIYK,22374,False,21,6,0,540,0,0,0,0,0
1038791,Niklas Schulz,2024,FIS,7008,False,6,1,0,90,0,0,0,0,0
1038791,Niklas Schulz,2024,FIS,22374,False,3,0,0,0,0,0,0,0,0
1038791,Niklas Schulz,2024,FIL,7008,False,5,1,0,90,0,0,0,0,0
1038791,Niklas Schulz,2024,FI4R,22374,False,2,2,0,180,0,0,0,0,0
1038791,Niklas Schulz,2024,FI3P,22374,False,5,5,0,450,0,0,0,0,0
1038791,Niklas Schulz,2024,FI1,7008,False,22,3,0,204,0,0,0,0,0
1038791,Niklas Schulz,2024,F1CC,7008,False,5,0,0,0,0,0,0,0,0
1038791,Niklas Schulz,2023,IT4H,50760,False,22,15,0,1350,0,0,0,0,1
1038791,Niklas Schulz,2022,YKCP,27759,False,6,0,0,0,0,0,0,0,0
1038791,Niklas Schulz,2022,YKAB,27759,False,5,1,0,90,0,0,0,0,0
1038791,Niklas Schulz,2022,KOG3,67977,False,18,6,0,540,0,0,0,0,0
1038791,Niklas Schulz,2022,FS,20793,True,3,1,0,90,0,0,0,0,0
1038791,Niklas Schulz,2022,FIS,27759,False,3,0,0,0,0,0,0,0,0
1038791,Niklas Schulz,2022,FI2,27759,False,22,0,0,0,0,0,0,0,0
1038791,Niklas Schulz,2021,KOG3,72491,False,21,3,0,270,0,0,0,0,0
1038791,Niklas Schulz,2020,KOG3,72491,False,1,0,0,0,0,0,0,0,0
243555,Miguel Santos,2025,FIS,7008,False,1,0,0,0,0,0,0,0,0
243555,Miguel Santos,2025,FIL,7008,False,7,7,0,630,0,0,0,0,0
243555,Miguel Santos,2025,FI1,7008,False,20,18,0,1620,0,0,0,0,0
243555,Miguel Santos,2024,PT3A,4747,False,18,0,0,0,0,0,0,0,0
243555,Miguel Santos,2024,POPO,4747,False,3,3,0,330,0,0,0,0,1
243555,Miguel Santos,2024,FIS,3650,False,6,3,0,270,0,0,0,0,0
243555,Miguel Santos,2024,FIL,3650,False,3,3,0,270,0,0,0,0,0
243555,Miguel Santos,2024,FI1,3650,False,22,21,0,1890,0,0,0,0,2
243555,Miguel Santos,2024,F1CC,3650,False,5,5,0,419,0,0,0,0,0
243555,Miguel Santos,2023,CYP2,1402,False,15,15,0,1350,0,0,0,0,0
243555,Miguel Santos,2023,CPO1,1402,False,2,1,0,90,0,0,0,0,0
243555,Miguel Santos,2023,1CY2,1402,False,14,11,0,990,0,0,0,0,2
243555,Miguel Santos,2022,POPO,3348,False,2,1,0,90,0,0,0,0,0
243555,Miguel Santos,2022,POCP,3348,False,3,2,0,180,0,0,0,0,0
243555,Miguel Santos,2022,PO2,3348,False,34,15,0,1294,0,0,0,0,3
243555,Miguel Santos,2021,POPO,7056,False,7,1,0,90,0,0,0,0,0
243555,Miguel Santos,2021,POCP,7056,False,2,0,0,0,0,0,0,0,0
243555,Miguel Santos,2021,PO2,7056,False,34,23,0,2070,0,0,0,0,1
243555,Miguel Santos,2020,RO1,13499,False,6,0,0,0,0,0,0,0,0
243555,Miguel Santos,2020,PON2,192,False,2,0,0,0,0,0,0,0,0
243555,Miguel Santos,2020,NLP,192,False,1,1,0,90,0,0,0,0,0
243555,Miguel Santos,2020,NL2,192,False,32,8,0,720,0,0,0,0,0
243555,Miguel Santos,2019,ROMP,21475,False,3,2,0,180,0,0,0,0,1
243555,Miguel Santos,2019,RO1R,21475,False,14,3,11,270,0,0,0,0,0
243555,Miguel Santos,2019,RO1,21475,False,20,5,7,450,0,0,0,0,0
243555,Miguel Santos,2019,RO1,13499,False,5,0,5,0,0,0,0,0,0
243555,Miguel Santos,2018,ROMP,13499,False,6,2,1,180,0,0,0,0,0
243555,Miguel Santos,2018,RO1C,13499,False,10,2,0,180,0,0,0,0,0
243555,Miguel Santos,2018,RO1,13499,False,22,0,5,0,0,0,0,0,0
243555,Miguel Santos,2017,NLP,385,False,3,1,0,90,0,0,0,0,0
243555,Miguel Santos,2017,NL2,385,False,38,24,2,2049,0,0,0,0,0
243555,Miguel Santos,2016,PO2,10330,False,5,0,0,0,0,0,0,0,0
243555,Miguel Santos,2016,NL2,385,False,19,19,0,1710,0,0,0,0,0
243555,Miguel Santos,2016,GBFL,1211,False,2,2,0,210,0,0,0,0,0
243555,Miguel Santos,2016,GB3,1211,False,20,0,0,0,0,0,0,0,0
243555,Miguel Santos,2016,FAC,1211,False,3,1,0,31,0,0,0,0,0
243555,Miguel Santos,2015,PO2,10330,False,46,37,0,3330,0,0,0,0,2
243555,Miguel Santos,2015,PLIC,10330,False,4,3,0,270,0,0,0,0,0
243555,Miguel Santos,2014,PO2,10330,False,46,11,0,985,0,1,0,0,1
243555,Miguel Santos,2014,PLIC,10330,False,3,2,0,180,0,0,0,0,0
243555,Miguel Santos,2013,PO2,10330,False,42,2,0,166,0,0,0,0,0
243555,Miguel Santos,2012,PO2,10330,False,12,0,0,0,0,0,0,0,0
1139628,Johannes Pentti,2025,FIYK,22374,False,9,3,0,270,0,0,0,0,0
1139628,Johannes Pentti,2025,FIS,7008,False,1,0,0,0,0,0,0,0,0
1139628,Johannes Pentti,2025,FIS,22374,False,1,1,0,90,0,0,0,0,0
1139628,Johannes Pentti,2025,FIL,7008,False,7,0,0,0,0,0,0,0,0
1139628,Johannes Pentti,2025,FI1,7008,False,20,0,0,0,0,0,0,0,0
1139628,Johannes Pentti,2024,KP3C,55564,False,4,1,0,90,0,0,0,0,0
1139628,Johannes Pentti,2024,FIYK,22374,False,19,6,0,540,0,0,0,0,0
1139628,Johannes Pentti,2024,FIS,7008,False,6,0,0,0,0,0,0,0,0
1139628,Johannes Pentti,2024,FIS,22374,False,3,0,0,0,0,0,0,0,0
1139628,Johannes Pentti,2024,FIL,7008,False,5,0,0,0,0,0,0,0,0
1139628,Johannes Pentti,2024,FI4R,22374,False,2,0,0,0,0,0,0,0,0
1139628,Johannes Pentti,2024,FI3P,22374,False,5,0,0,0,0,0,0,0,0
1139628,Johannes Pentti,2024,FI3C,55564,False,16,6,0,540,0,0,0,0,0
1139628,Johannes Pentti,2024,FI1,7008,False,22,2,0,125,0,0,0,0,0
1139628,Johannes Pentti,2024,F1CC,7008,False,5,0,0,0,0,0,0,0,0
1139628,Johannes Pentti,2023,FIYK,22374,False,22,10,0,869,0,0,0,0,0
1139628,Johannes Pentti,2023,FIS,7008,False,5,0,0,0,0,0,0,0,0
1139628,Johannes Pentti,2023,FIS,22374,False,2,0,0,0,0,0,0,0,0
1139628,Johannes Pentti,2023,FIL,7008,False,5,0,0,0,0,0,0,0,0
1139628,Johannes Pentti,2023,FI3P,22374,False,5,4,0,360,0,0,0,0,0
1139628,Johannes Pentti,2023,FI1,7008,False,22,0,0,0,0,0,0,0,0
1139628,Johannes Pentti,2023,F4KP,55564,False,15,10,0,737,0,0,0,0,0
1139628,Johannes Pentti,2023,F1CC,7008,False,5,0,0,0,0,0,0,0,0
1139628,Johannes Pentti,2022,FIS,22374,False,1,0,0,0,0,0,0,0,0
1139628,Johannes Pentti,2022,FI3C,22374,False,16,0,0,0,0,0,0,0,0
321482,Mikko Pitkänen,2025,FIS,7008,False,1,0,0,0,0,0,0,0,0
321482,Mikko Pitkänen,2025,FIL,7008,False,7,5,0,271,0,0,0,0,1
321482,Mikko Pitkänen,2025,FI1,7008,False,20,10,0,815,0,0,1,1,2
321482,Mikko Pitkänen,2024,FIS,7008,False,6,5,0,450,1,0,0,0,2
321482,Mikko Pitkänen,2024,FIL,7008,False,5,3,0,114,0,0,0,0,0
321482,Mikko Pitkänen,2024,FI1,7008,False,22,18,0,1376,1,2,10,4,1
321482,Mikko Pitkänen,2024,F1CC,7008,False,5,3,0,270,0,0,2,0,0
321482,Mikko Pitkänen,2024,ECLQ,1102,False,2,1,0,72,0,0,0,0,1
321482,Mikko Pitkänen,2023,FIS,1102,False,2,2,0,72,0,0,0,0,1
321482,Mikko Pitkänen,2023,FIL,1102,False,5,4,0,315,0,0,0,0,1
321482,Mikko Pitkänen,2023,FI1,1102,False,22,17,0,1215,1,1,5,2,3
321482,Mikko Pitkänen,2023,F1CL,1102,False,5,4,0,360,1,0,5,3,2
321482,Mikko Pitkänen,2023,F1CE,1102,False,1,1,0,38,0,0,0,0,0
321482,Mikko Pitkänen,2022,FIS,1102,False,4,3,0,215,1,0,0,0,0
321482,Mikko Pitkänen,2022,FIL,1102,False,5,4,0,261,0,0,0,0,0
321482,Mikko Pitkänen,2022,FI1,1102,False,22,21,0,1855,1,3,8,3,4
321482,Mikko Pitkänen,2022,F1CL,1102,False,5,5,0,405,0,0,0,0,1
321482,Mikko Pitkänen,2022,F1CE,1102,False,2,2,0,180,0,0,0,0,0
321482,Mikko Pitkänen,2021,FIS,1102,False,4,3,0,143,0,0,0,0,0
321482,Mikko Pitkänen,2021,FIL,1102,False,3,1,0,90,0,0,0,0,0
321482,Mikko Pitkänen,2021,FI1,1102,False,22,20,0,1705,2,0,0,0,2
321482,Mikko Pitkänen,2021,F1CE,1102,False,4,4,0,390,0,0,0,0,0
321482,Mikko Pitkänen,2021,F1CC,1102,False,5,5,0,450,0,0,0,0,0
321482,Mikko Pitkänen,2020,YKAU,1102,False,5,5,0,450,0,0,0,0,0
321482,Mikko Pitkänen,2020,FIS,1102,False,4,4,0,360,0,0,0,0,0
321482,Mikko Pitkänen,2020,FI2,1102,False,22,16,0,1423,0,1,0,0,2
321482,Mikko Pitkänen,2019,FIS,26738,False,5,4,1,346,0,0,0,0,0
321482,Mikko Pitkänen,2019,FI2,26738,False,22,19,0,1710,1,0,0,0,1
321482,Mikko Pitkänen,2019,ELQ,6251,False,4,0,0,0,0,0,0,0,0
321482,Mikko Pitkänen,2018,FIS,6251,False,5,2,0,180,0,0,0,0,0
321482,Mikko Pitkänen,2018,FIKP,23564,False,3,2,0,180,0,0,0,0,0
321482,Mikko Pitkänen,2018,FI3C,24753,False,16,13,0,1170,1,0,0,0,2
321482,Mikko Pitkänen,2018,FI3B,23564,False,5,5,0,278,1,0,0,0,1
321482,Mikko Pitkänen,2018,FI1,6251,False,21,0,0,0,0,0,0,0,0
321482,Mikko Pitkänen,2018,ELQ,6251,False,2,0,0,0,0,0,0,0,0
321482,Mikko Pitkänen,2017,FIS,6251,False,6,2,0,180,0,0,0,0,0
321482,Mikko Pitkänen,2017,FINJ,19331,False,7,5,0,450,1,0,0,0,0
321482,Mikko Pitkänen,2017,FI3C,24753,False,14,9,0,765,0,0,0,0,0
321482,Mikko Pitkänen,2017,FI1,6251,False,33,10,0,746,0,1,0,0,0
321482,Mikko Pitkänen,2016,FIS,6251,False,6,1,0,45,0,0,0,0,0
321482,Mikko Pitkänen,2016,FINJ,19331,False,5,5,0,450,0,0,0,0,0
321482,Mikko Pitkänen,2016,FI3C,24753,False,22,17,0,1465,0,0,0,0,4
321482,Mikko Pitkänen,2016,FI1,6251,False,33,0,0,0,0,0,0,0,0
321482,Mikko Pitkänen,2015,U19Q,20794,True,3,3,0,170,0,0,0,0,0
321482,Mikko Pitkänen,2015,FJE,19331,False,5,4,0,360,1,0,0,0,0
321482,Mikko Pitkänen,2015,FIS,6251,False,4,0,0,0,0,0,0,0,0
321482,Mikko Pitkänen,2015,FINJ,19331,False,8,3,0,225,0,0,0,0,0
321482,Mikko Pitkänen,2015,FIL,6251,False,5,1,0,49,0,0,0,0,0
321482,Mikko Pitkänen,2015,FI3A,24753,False,20,12,0,1070,2,1,0,0,1
321482,Mikko Pitkänen,2015,FI1,6251,False,33,0,0,0,0,0,0,0,0
321482,Mikko Pitkänen,2014,FS,20794,True,3,2,0,135,0,0,0,0,0
321482,Mikko Pitkänen,2014,FS,20793,True,4,4,0,251,0,0,0,0,2
321482,Mikko Pitkänen,2014,FJE,19331,False,17,12,0,1016,1,0,0,0,2
321482,Mikko Pitkänen,2014,FIP1,24753,False,2,1,0,90,0,0,0,0,0
321482,Mikko Pitkänen,2014,FINJ,19331,False,9,5,0,450,1,0,0,0,0
321482,Mikko Pitkänen,2014,FI1,6251,False,2,0,0,0,0,0,0,0,0
321482,Mikko Pitkänen,2013,FIS,6251,False,1,1,0,29,0,0,0,0,0
321482,Mikko Pitkänen,2013,FIL,6251,False,2,2,0,95,0,0,0,0,0
321482,Mikko Pitkänen,2013,FI1,6251,False,4,2,0,8,0,0,0,0,0
1448181,Tobias Backman,2026,FS,20792,True,1,1,0,90,0,0,0,0,0
1448181,Tobias Backman,2025,FS,20792,True,2,1,0,90,0,0,0,0,0
1448181,Tobias Backman,2025,FS,20791,True,8,4,0,360,0,0,0,0,0
1448181,Tobias Backman,2025,FIYK,22374,False,20,12,0,1080,0,0,0,0,0
1448181,Tobias Backman,2025,FIS,7008,False,1,0,0,0,0,0,0,0,0
1448181,Tobias Backman,2025,FIS,22374,False,2,0,0,0,0,0,0,0,0
1448181,Tobias Backman,2025,FIL,7008,False,3,0,0,0,0,0,0,0,0
1448181,Tobias Backman,2025,FI1,7008,False,11,0,0,0,0,0,0,0,0
1448181,Tobias Backman,2025,F18Q,52355,False,1,1,0,90,0,0,0,0,0
1448181,Tobias Backman,2024,FS,34682,True,2,2,0,120,0,0,0,0,1
1108853,Adramane Cassamá,2025,FIS,7008,False,1,1,0,45,0,0,0,0,1
1108853,Adramane Cassamá,2025,FIL,7008,False,7,1,0,7,0,0,0,0,0
1108853,Adramane Cassamá,2025,FI1,7008,False,20,4,0,289,0,0,1,1,0
1108853,Adramane Cassamá,2024,PO2,10331,False,15,0,0,0,0,0,0,0,0
1108853,Adramane Cassamá,2024,FIS,7008,False,6,5,0,370,0,0,0,0,1
1108853,Adramane Cassamá,2024,FIL,7008,False,5,1,0,21,0,0,0,0,0
1108853,Adramane Cassamá,2024,FI1,7008,False,22,19,0,1447,1,0,8,2,0
1108853,Adramane Cassamá,2024,F1CC,7008,False,5,3,0,270,0,0,1,0,0
1108853,Adramane Cassamá,2023,WMQ2,3701,True,2,1,0,8,0,0,0,0,0
1108853,Adramane Cassamá,2023,PO2,10331,False,34,11,0,370,0,0,1,0,0
681616,Otto Kemppainen,2025,FIS,7008,False,1,0,0,0,0,0,0,0,0
681616,Otto Kemppainen,2025,FIL,7008,False,7,6,0,455,0,1,0,0,0
681616,Otto Kemppainen,2025,FI1,7008,False,20,12,0,831,0,1,2,1,2
681616,Otto Kemppainen,2024,FIS,7008,False,6,0,0,0,0,0,0,0,0
681616,Otto Kemppainen,2024,FIL,7008,False,5,2,0,100,0,0,0,0,0
681616,Otto Kemppainen,2024,FI1,7008,False,22,6,0,376,1,0,3,1,0
681616,Otto Kemppainen,2024,F1CC,7008,False,5,0,0,0,0,0,0,0,0
681616,Otto Kemppainen,2023,FS,20796,True,1,1,0,45,0,0,0,0,0
681616,Otto Kemppainen,2023,FIS,23777,False,6,2,0,54,2,0,0,0,0
681616,Otto Kemppainen,2023,FIL,23777,False,5,4,0,211,0,1,0,0,1
681616,Otto Kemppainen,2023,FI2,45310,False,1,1,0,28,0,0,0,0,0
681616,Otto Kemppainen,2023,FI1,23777,False,22,10,0,401,1,0,5,1,1
681616,Otto Kemppainen,2023,F1CL,23777,False,5,0,0,0,0,0,0,0,0
681616,Otto Kemppainen,2023,F1CE,23777,False,2,1,0,7,0,0,0,0,0
681616,Otto Kemppainen,2022,FS,20796,True,2,2,0,64,0,0,0,0,0
681616,Otto Kemppainen,2022,FIS,23777,False,2,2,0,149,0,2,0,0,0
681616,Otto Kemppainen,2022,FIL,23777,False,5,3,0,112,0,0,0,0,0
681616,Otto Kemppainen,2022,FI2,45310,False,1,1,0,90,0,0,0,0,0
681616,Otto Kemppainen,2022,FI1,23777,False,22,17,0,630,1,1,9,2,0
681616,Otto Kemppainen,2022,F1CL,23777,False,5,5,0,338,0,0,1,0,0
681616,Otto Kemppainen,2022,F1CE,23777,False,1,1,0,113,0,0,1,0,0
681616,Otto Kemppainen,2021,YKAB,45310,False,5,1,0,77,0,0,0,0,0
681616,Otto Kemppainen,2021,U19Q,20794,True,6,6,0,383,0,0,0,0,1
681616,Otto Kemppainen,2021,ITJ7,91428,False,1,1,0,90,0,1,0,0,0
681616,Otto Kemppainen,2021,IJ1,16996,False,20,4,0,256,0,1,0,0,0
681616,Otto Kemppainen,2021,FS,20794,True,2,2,0,103,0,0,0,0,0
681616,Otto Kemppainen,2021,FI2,45310,False,6,1,0,21,0,0,0,0,0
681616,Otto Kemppainen,2020,YKAU,3776,False,5,4,0,357,1,0,0,0,0
681616,Otto Kemppainen,2020,POFI,3776,False,2,1,0,75,0,0,0,0,0
681616,Otto Kemppainen,2020,FIS,3776,False,4,2,0,169,0,1,0,0,0
681616,Otto Kemppainen,2020,FI3C,70795,False,3,3,0,168,0,0,0,0,0
681616,Otto Kemppainen,2020,FI2,3776,False,22,21,0,1341,3,2,0,0,0
681616,Otto Kemppainen,2019,U17Q,20792,True,3,1,0,3,0,0,0,0,0
681616,Otto Kemppainen,2019,KCUP,70795,False,3,0,0,0,0,0,0,0,0
681616,Otto Kemppainen,2019,FS,20792,True,10,8,0,470,0,0,0,0,0
681616,Otto Kemppainen,2019,FS,20791,True,1,1,0,80,0,0,0,0,0
681616,Otto Kemppainen,2019,FIS,3776,False,2,0,0,0,0,0,0,0,0
681616,Otto Kemppainen,2019,FI3C,70795,False,17,7,0,421,1,0,0,0,0
681616,Otto Kemppainen,2018,FS,20791,True,2,2,0,91,0,0,0,0,0
718428,Santeri Silander,2025,FIS,7008,False,1,1,0,67,0,0,0,0,0
718428,Santeri Silander,2025,FIL,7008,False,7,3,0,54,0,0,0,0,1
718428,Santeri Silander,2025,FI1,7008,False,20,10,0,513,0,1,3,2,1
718428,Santeri Silander,2024,FIS,7008,False,6,5,0,290,0,0,0,0,1
718428,Santeri Silander,2024,FIL,7008,False,5,5,0,304,1,0,0,0,0
718428,Santeri Silander,2024,FI1,7008,False,22,20,0,1437,0,4,10,1,0
718428,Santeri Silander,2024,F1CC,7008,False,5,1,0,45,0,0,0,0,0
718428,Santeri Silander,2024,ECLQ,1008,False,3,0,0,0,0,0,0,0,0
718428,Santeri Silander,2024,CLQ,1008,False,2,0,0,0,0,0,0,0,0
718428,Santeri Silander,2023,UCOL,1008,False,6,0,0,0,0,0,0,0,0
718428,Santeri Silander,2023,FIYK,22374,False,2,2,0,89,0,0,0,0,0
718428,Santeri Silander,2023,FIYK,11131,False,20,3,0,125,0,0,0,0,0
718428,Santeri Silander,2023,FIS,1008,False,2,0,0,0,0,0,0,0,0
718428,Santeri Silander,2023,FIL,1008,False,2,2,0,105,0,0,0,0,0
718428,Santeri Silander,2023,FI3P,22374,False,5,0,0,0,0,0,0,0,0
718428,Santeri Silander,2023,FI1,1008,False,20,0,0,0,0,0,0,0,0
718428,Santeri Silander,2023,F1CC,7008,False,5,3,0,108,1,0,2,1,0
718428,Santeri Silander,2023,ELQ,1008,False,2,0,0,0,0,0,0,0,0
718428,Santeri Silander,2023,ECLQ,1008,False,2,0,0,0,0,0,0,0,0
718428,Santeri Silander,2023,CLQ,1008,False,4,0,0,0,0,0,0,0,0
718428,Santeri Silander,2023,19YL,50922,False,4,4,0,360,0,0,0,0,1
718428,Santeri Silander,2022,FIS,1008,False,1,0,0,0,0,0,0,0,0
718428,Santeri Silander,2022,FIL,1008,False,4,1,0,26,0,0,0,0,0
718428,Santeri Silander,2022,FIKP,11131,False,2,0,0,0,0,0,0,0,0
718428,Santeri Silander,2022,FI3A,11131,False,22,15,0,772,0,0,0,0,1
718428,Santeri Silander,2022,FI1,1008,False,22,0,0,0,0,0,0,0,0
718428,Santeri Silander,2022,F1CL,1008,False,5,0,0,0,0,0,0,0,0
718428,Santeri Silander,2021,KP3B,11131,False,3,3,0,154,0,0,0,0,0
718428,Santeri Silander,2021,FIS,11131,False,3,0,0,0,0,0,0,0,0
718428,Santeri Silander,2021,FI3B,11131,False,24,3,0,101,0,0,0,0,0
718428,Santeri Silander,2019,FS,20791,True,2,2,0,87,0,0,0,0,0
518319,Sami Sipola,2025,FIS,7008,False,1,1,0,90,0,0,0,0,0
518319,Sami Sipola,2025,FIL,7008,False,7,4,0,140,0,1,0,0,1
518319,Sami Sipola,2025,FI1,7008,False,20,11,0,562,0,0,1,0,2
518319,Sami Sipola,2024,FIYK,23197,False,1,1,0,90,0,0,0,0,0
518319,Sami Sipola,2024,FIS,8042,False,2,2,0,163,0,0,0,0,0
518319,Sami Sipola,2024,FIS,3650,False,1,0,0,0,0,0,0,0,0
518319,Sami Sipola,2024,FIL,8042,False,7,7,0,303,0,0,0,0,0
518319,Sami Sipola,2024,FI1,8042,False,17,8,0,214,0,0,1,0,0
518319,Sami Sipola,2024,FI1,3650,False,4,4,0,286,0,0,2,0,1
518319,Sami Sipola,2024,F1CC,3650,False,5,3,0,150,0,0,1,0,1
518319,Sami Sipola,2023,YKCP,3650,False,6,6,0,540,0,0,0,0,2
518319,Sami Sipola,2023,POFI,3650,False,2,2,0,180,0,0,0,0,0
518319,Sami Sipola,2023,FIS,3650,False,2,2,0,102,1,0,0,0,0
518319,Sami Sipola,2023,FI2,3650,False,27,25,0,2229,4,2,0,0,6
518319,Sami Sipola,2022,YKCP,8043,False,4,1,0,90,0,0,0,0,0
518319,Sami Sipola,2022,YKAB,8043,False,5,4,0,360,0,0,0,0,1
518319,Sami Sipola,2022,FIS,8043,False,4,3,0,248,0,0,0,0,1
518319,Sami Sipola,2022,FI2,8043,False,22,18,0,1575,0,0,0,0,3
518319,Sami Sipola,2021,YKCP,45310,False,4,3,0,270,0,0,0,0,1
518319,Sami Sipola,2021,YKAB,45310,False,5,4,0,360,1,1,0,0,1
518319,Sami Sipola,2021,FIS,45310,False,3,3,0,225,0,0,0,0,0
518319,Sami Sipola,2021,FI2,45310,False,22,20,0,1788,2,2,0,0,6
518319,Sami Sipola,2020,KCUP,45310,False,5,3,0,275,0,0,0,0,1
518319,Sami Sipola,2020,FIS,45310,False,1,1,0,90,0,0,0,0,0
518319,Sami Sipola,2020,FIS,3776,False,1,0,0,0,0,0,0,0,0
518319,Sami Sipola,2020,FI3C,70795,False,1,1,0,90,0,0,0,0,0
518319,Sami Sipola,2020,FI3C,45310,False,11,10,0,900,0,0,0,0,1
518319,Sami Sipola,2020,FI2,3776,False,12,10,0,354,0,0,0,0,0
518319,Sami Sipola,2019,FJE,36174,False,1,1,0,90,0,0,0,0,0
518319,Sami Sipola,2019,FIS,45310,False,5,2,0,110,0,1,0,0,1
518319,Sami Sipola,2019,FINJ,36174,False,6,6,0,507,0,0,0,0,0
518319,Sami Sipola,2019,FI2,45310,False,22,20,0,1789,1,1,0,0,3
518319,Sami Sipola,2019,FI1,23777,False,22,0,0,0,0,0,0,0,0
518319,Sami Sipola,2018,KCUP,45310,False,2,2,0,180,0,0,0,0,0
518319,Sami Sipola,2018,FJE,36174,False,1,1,0,29,0,0,0,0,0
518319,Sami Sipola,2018,FINJ,36174,False,8,8,0,605,0,0,0,0,1
518319,Sami Sipola,2018,FIKP,45310,False,3,3,0,270,0,0,0,0,1
518319,Sami Sipola,2018,FI3C,45310,False,22,22,0,1970,0,1,0,0,2
518319,Sami Sipola,2018,F1CC,23777,False,2,0,0,0,0,0,0,0,0
518319,Sami Sipola,2017,U17Q,20792,True,3,0,0,0,0,0,0,0,0
518319,Sami Sipola,2017,FS,20792,True,8,6,0,210,0,0,0,0,0
518319,Sami Sipola,2017,FS,20791,True,1,1,0,60,0,0,0,0,0
518319,Sami Sipola,2017,FJE,36174,False,5,4,0,347,0,0,0,0,1
518319,Sami Sipola,2016,FS,20791,True,1,1,0,80,0,0,0,0,0
73735,Juha Pirinen,2025,GRP,9,False,1,0,0,0,0,0,0,0,0
73735,Juha Pirinen,2025,FIS,7008,False,1,0,0,0,0,0,0,0,0
73735,Juha Pirinen,2025,FIL,7008,False,7,5,0,390,0,1,0,0,1
73735,Juha Pirinen,2025,FI1,7008,False,20,18,0,1620,1,0,7,4,6
73735,Juha Pirinen,2024,S2PA,9,False,8,3,0,243,0,0,0,0,0
73735,Juha Pirinen,2024,GRS2,9,False,18,8,0,675,0,0,0,0,1
73735,Juha Pirinen,2024,GRP,9,False,2,0,0,0,0,0,0,0,0
73735,Juha Pirinen,2023,S2PA,2672,False,8,5,0,450,0,0,0,0,0
73735,Juha Pirinen,2023,GRS2,2672,False,22,14,0,1260,0,1,0,0,0
73735,Juha Pirinen,2023,GRP,2672,False,5,1,0,120,0,0,0,0,0
73735,Juha Pirinen,2022,POGR,60949,False,10,6,0,540,0,0,0,0,0
73735,Juha Pirinen,2022,GRP,60949,False,3,2,0,180,0,0,0,0,0
73735,Juha Pirinen,2022,GR1,60949,False,26,18,0,892,0,0,3,0,1
73735,Juha Pirinen,2021,SWEP,7918,False,2,2,0,180,0,0,0,0,0
73735,Juha Pirinen,2021,SLO1,7918,False,22,19,0,1710,1,0,6,4,3
73735,Juha Pirinen,2021,SLMR,7918,False,10,8,1,675,0,0,2,0,2
73735,Juha Pirinen,2021,SKC,7918,False,7,4,0,344,0,0,0,0,1
73735,Juha Pirinen,2020,WMQ6,3443,True,2,0,0,0,0,0,0,0,0
73735,Juha Pirinen,2020,UNLB,3443,True,6,0,0,0,0,0,0,0,0
73735,Juha Pirinen,2020,SWEP,7918,False,1,1,0,90,0,0,0,0,0
73735,Juha Pirinen,2020,SLO1,7918,False,22,18,0,1582,0,1,5,2,1
73735,Juha Pirinen,2020,SLAR,7918,False,10,6,0,495,1,0,2,1,1
73735,Juha Pirinen,2020,SKC,7918,False,4,4,0,360,0,0,0,0,0
73735,Juha Pirinen,2020,FS,3443,True,3,2,0,135,0,0,0,0,0
73735,Juha Pirinen,2019,NO2,1293,False,3,0,0,0,0,0,0,0,0
73735,Juha Pirinen,2018,UNLC,3443,True,6,2,0,11,0,0,0,0,0
73735,Juha Pirinen,2018,NOPO,1293,False,3,3,0,225,0,1,0,0,0
73735,Juha Pirinen,2018,NO46,35028,False,1,1,0,90,0,0,0,0,0
73735,Juha Pirinen,2018,NO1,1293,False,30,26,0,2107,2,1,20,6,3
73735,Juha Pirinen,2018,FS,3443,True,2,2,0,96,0,0,0,0,0
73735,Juha Pirinen,2018,EMQ,3443,True,10,3,0,270,0,0,0,0,0
73735,Juha Pirinen,2018,ELQ,1008,False,2,0,2,0,0,0,0,0,0
73735,Juha Pirinen,2018,CLQ,1008,False,4,0,4,0,0,0,0,0,0
73735,Juha Pirinen,2017,FS,3443,True,6,5,0,271,0,0,0,0,1
73735,Juha Pirinen,2017,FIS,1008,False,9,6,0,430,0,1,0,0,0
73735,Juha Pirinen,2017,FI1,1008,False,33,22,4,1454,1,5,0,0,2
73735,Juha Pirinen,2017,ELQ,1008,False,4,3,0,270,0,0,0,0,0
73735,Juha Pirinen,2016,WMQ6,3443,True,10,2,0,116,0,0,0,0,0
73735,Juha Pirinen,2016,FS,3443,True,5,2,0,88,0,0,0,0,0
73735,Juha Pirinen,2016,FIS,1008,False,8,6,0,445,0,0,0,0,1
73735,Juha Pirinen,2016,FI1,1008,False,33,30,0,2546,0,3,0,0,1
73735,Juha Pirinen,2016,ELQ,3776,False,4,4,0,303,0,0,0,0,3
73735,Juha Pirinen,2015,FS,3443,True,6,2,0,135,0,0,0,0,0
73735,Juha Pirinen,2015,FIS,3776,False,2,2,0,180,0,0,0,0,0
73735,Juha Pirinen,2015,FIL,3776,False,5,5,0,415,0,0,0,0,1
73735,Juha Pirinen,2015,FI1,3776,False,33,31,0,2669,1,3,0,0,5
73735,Juha Pirinen,2014,FIS,3776,False,1,0,0,0,0,0,0,0,0
73735,Juha Pirinen,2014,FIL,3776,False,7,7,0,618,0,0,0,0,0
73735,Juha Pirinen,2014,FI1,3776,False,33,31,0,2670,5,3,0,0,2
73735,Juha Pirinen,2014,ELQ,2688,False,4,3,0,270,0,0,0,0,0
73735,Juha Pirinen,2013,FIS,2688,False,2,1,0,90,0,0,0,0,1
73735,Juha Pirinen,2013,FIL,2688,False,1,1,0,54,0,0,0,0,0
73735,Juha Pirinen,2013,FI1,2688,False,33,24,0,1920,0,4,0,0,4
73735,Juha Pirinen,2012,FIS,1225,False,5,4,0,289,1,0,0,0,0
73735,Juha Pirinen,2012,FI2,1225,False,27,27,0,1913,2,0,0,0,3
73735,Juha Pirinen,2011,FIS,1225,False,3,3,0,205,2,0,0,0,0
73735,Juha Pirinen,2011,FIL,1225,False,6,2,0,148,1,0,0,0,0
73735,Juha Pirinen,2011,FI1,1225,False,33,26,0,1442,3,2,0,0,4
73735,Juha Pirinen,2010,FIS,1225,False,1,0,0,0,0,0,0,0,0
73735,Juha Pirinen,2010,FIL,1225,False,2,1,0,58,0,0,0,0,0
73735,Juha Pirinen,2010,FI1,1225,False,33,21,0,1131,1,1,0,0,4
73735,Juha Pirinen,2009,FS,20794,True,2,2,0,115,0,0,0,0,0
73735,Juha Pirinen,2009,FI2,11150,False,2,2,0,180,0,0,0,0,0
73735,Juha Pirinen,2009,FI1,8045,False,26,24,0,945,3,1,0,0,2
73735,Juha Pirinen,2008,UEQ,1225,False,4,0,0,0,0,0,0,0,0
73735,Juha Pirinen,2008,FIS,8045,False,4,3,0,154,0,0,0,0,0
73735,Juha Pirinen,2008,FIL,8045,False,9,6,0,115,0,0,0,0,0
73735,Juha Pirinen,2008,FI1,8045,False,26,11,0,390,0,0,0,0,0
73735,Juha Pirinen,2007,FIS,1225,False,3,1,0,16,0,0,0,0,0
73735,Juha Pirinen,2007,FI1,1225,False,26,1,0,77,0,0,0,0,0
1018030,Otso-Pekka Parkkila,2025,FIYK,22374,False,16,11,0,830,0,0,0,0,3
1018030,Otso-Pekka Parkkila,2025,FIS,7008,False,1,0,0,0,0,0,0,0,0
1018030,Otso-Pekka Parkkila,2025,FIS,22374,False,2,1,0,74,0,0,0,0,0
1018030,Otso-Pekka Parkkila,2025,FIL,7008,False,7,0,0,0,0,0,0,0,0
1018030,Otso-Pekka Parkkila,2025,FI1,7008,False,20,0,0,0,0,0,0,0,0
1018030,Otso-Pekka Parkkila,2024,KP3C,55564,False,1,1,0,90,0,0,0,0,1
1018030,Otso-Pekka Parkkila,2024,FS,20794,True,2,1,0,45,0,0,0,0,0
1018030,Otso-Pekka Parkkila,2024,FS,20793,True,2,1,0,90,0,0,0,0,0
1018030,Otso-Pekka Parkkila,2024,FIYK,22374,False,22,14,0,582,0,0,0,0,2
1018030,Otso-Pekka Parkkila,2024,FIS,7008,False,6,0,0,0,0,0,0,0,0
1018030,Otso-Pekka Parkkila,2024,FIS,22374,False,4,1,0,90,0,0,0,0,1
1018030,Otso-Pekka Parkkila,2024,FIL,7008,False,5,0,0,0,0,0,0,0,0
1018030,Otso-Pekka Parkkila,2024,FI4R,22374,False,2,1,0,87,0,0,0,0,0
1018030,Otso-Pekka Parkkila,2024,FI3P,22374,False,5,5,0,388,0,0,0,0,1
1018030,Otso-Pekka Parkkila,2024,FI1,7008,False,22,0,0,0,0,0,0,0,0
1018030,Otso-Pekka Parkkila,2024,F1CC,7008,False,5,0,0,0,0,0,0,0,0
1018030,Otso-Pekka Parkkila,2023,U17Q,20792,True,6,5,0,450,0,0,0,0,0
1018030,Otso-Pekka Parkkila,2023,FS,20792,True,9,9,0,391,0,0,0,0,2
1018030,Otso-Pekka Parkkila,2023,FS,20791,True,1,1,0,22,0,0,0,0,1
1018030,Otso-Pekka Parkkila,2023,FIYK,22374,False,22,20,0,1751,0,0,0,0,6
1018030,Otso-Pekka Parkkila,2023,FIS,7008,False,5,0,0,0,0,0,0,0,0
1018030,Otso-Pekka Parkkila,2023,FIS,22374,False,2,2,0,180,1,0,0,0,1
1018030,Otso-Pekka Parkkila,2023,FIL,7008,False,5,3,0,247,0,0,0,0,2
1018030,Otso-Pekka Parkkila,2023,FI3P,22374,False,5,4,0,354,0,0,0,0,1
1018030,Otso-Pekka Parkkila,2023,FI1,7008,False,22,0,0,0,0,0,0,0,0
1018030,Otso-Pekka Parkkila,2023,F1CC,7008,False,5,0,0,0,0,0,0,0,0
1018030,Otso-Pekka Parkkila,2022,FS,20791,True,9,5,0,309,0,0,0,0,0
1018030,Otso-Pekka Parkkila,2022,FI3C,22374,False,11,4,0,254,0,0,0,0,0
1018030,Otso-Pekka Parkkila,2021,FS,34682,True,2,1,0,72,0,0,0,0,0
990335,Alex Lietsa,2025,FIS,7008,False,1,1,0,90,0,0,0,0,0
990335,Alex Lietsa,2025,FIL,7008,False,7,6,0,400,1,0,0,0,0
990335,Alex Lietsa,2025,FI1,7008,False,20,13,0,734,0,0,2,0,2
990335,Alex Lietsa,2025,ECLQ,1008,False,4,0,0,0,0,0,0,0,0
990335,Alex Lietsa,2024,YKCP,11131,False,4,3,0,242,0,0,0,0,2
990335,Alex Lietsa,2024,UCOL,1008,False,6,0,0,0,0,0,0,0,0
990335,Alex Lietsa,2024,FIS,11131,False,4,0,0,0,0,0,0,0,0
990335,Alex Lietsa,2024,FIS,1008,False,4,2,0,48,0,0,0,0,0
990335,Alex Lietsa,2024,FI2,11131,False,27,22,0,1941,2,0,0,0,8
990335,Alex Lietsa,2024,FI1,1008,False,12,1,0,5,0,0,0,0,0
990335,Alex Lietsa,2024,F1CL,1008,False,10,0,0,0,0,0,0,0,0
990335,Alex Lietsa,2024,ECLQ,1008,False,4,0,0,0,0,0,0,0,0
990335,Alex Lietsa,2024,CLQ,1008,False,2,0,0,0,0,0,0,0,0
990335,Alex Lietsa,2023,UCOL,1008,False,6,0,0,0,0,0,0,0,0
990335,Alex Lietsa,2023,FIYK,11131,False,22,13,0,755,0,0,0,0,0
990335,Alex Lietsa,2023,FIS,1008,False,2,0,0,0,0,0,0,0,0
990335,Alex Lietsa,2023,FINJ,15665,False,1,1,0,90,0,0,0,0,1
990335,Alex Lietsa,2023,FIL,1008,False,1,0,0,0,0,0,0,0,0
990335,Alex Lietsa,2023,FI3P,11131,False,5,5,0,450,0,0,0,0,1
990335,Alex Lietsa,2023,FI1,1008,False,22,0,0,0,0,0,0,0,0
990335,Alex Lietsa,2023,F1CL,1008,False,5,0,0,0,0,0,0,0,0
990335,Alex Lietsa,2023,ELQ,1008,False,2,0,0,0,0,0,0,0,0
990335,Alex Lietsa,2023,ECLQ,1008,False,2,0,0,0,0,0,0,0,0
990335,Alex Lietsa,2023,CLQ,1008,False,4,0,0,0,0,0,0,0,0
990335,Alex Lietsa,2023,19YL,50922,False,4,2,0,14,0,0,0,0,0
990335,Alex Lietsa,2022,FS,20793,True,2,1,0,75,0,0,0,0,0
990335,Alex Lietsa,2022,FIS,1008,False,1,0,0,0,0,0,0,0,0
990335,Alex Lietsa,2022,FIL,1008,False,4,1,0,26,0,0,0,0,0
990335,Alex Lietsa,2022,FIKP,11131,False,2,2,0,180,0,0,0,0,0
990335,Alex Lietsa,2022,FI3A,11131,False,22,5,0,366,0,0,0,0,1
990335,Alex Lietsa,2022,FI1,1008,False,22,0,0,0,0,0,0,0,0
990335,Alex Lietsa,2022,F1CL,1008,False,5,0,0,0,0,0,0,0,0
990335,Alex Lietsa,2021,FIL,1008,False,1,0,0,0,0,0,0,0,0
990335,Alex Lietsa,2021,FI3B,11131,False,1,0,0,0,0,0,0,0,0
687892,Sampo Ala-Iso,2025,FIYK,22374,False,11,11,0,831,1,0,0,0,2
687892,Sampo Ala-Iso,2025,FIS,7008,False,1,1,0,90,0,0,0,0,0
687892,Sampo Ala-Iso,2025,FIL,7008,False,7,3,0,173,0,0,0,0,0
687892,Sampo Ala-Iso,2025,FI1,7008,False,20,0,0,0,0,0,0,0,0
687892,Sampo Ala-Iso,2024,FIYK,22374,False,22,21,0,1878,0,0,0,0,4
687892,Sampo Ala-Iso,2024,FIS,22374,False,4,2,0,109,0,0,0,0,1
687892,Sampo Ala-Iso,2024,FI4R,22374,False,2,2,0,180,0,0,0,0,1
687892,Sampo Ala-Iso,2024,FI3P,22374,False,5,4,0,360,0,0,0,0,0
687892,Sampo Ala-Iso,2023,FIYK,8043,False,8,7,0,553,0,0,0,0,2
687892,Sampo Ala-Iso,2023,FIYK,20957,False,8,5,0,417,0,0,0,0,1
687892,Sampo Ala-Iso,2023,FIS,23564,False,2,2,0,180,0,0,0,0,0
687892,Sampo Ala-Iso,2023,FIS,20957,False,2,0,0,0,0,0,0,0,0
687892,Sampo Ala-Iso,2023,FIL,23564,False,5,5,0,115,1,0,0,0,0
687892,Sampo Ala-Iso,2023,FI4R,8043,False,2,2,0,180,0,0,0,0,0
687892,Sampo Ala-Iso,2023,FI3P,8043,False,5,4,0,360,0,0,0,0,2
687892,Sampo Ala-Iso,2023,FI1,23564,False,15,0,0,0,0,0,0,0,0
687892,Sampo Ala-Iso,2022,YKCP,23564,False,6,6,0,540,0,0,0,0,1
687892,Sampo Ala-Iso,2022,YKAU,23564,False,5,5,0,450,0,0,0,0,1
687892,Sampo Ala-Iso,2022,POFI,23564,False,2,2,0,180,0,0,0,0,1
687892,Sampo Ala-Iso,2022,FIS,23564,False,3,3,0,255,0,0,0,0,0
687892,Sampo Ala-Iso,2022,FI3A,44037,False,1,1,0,90,1,0,0,0,0
687892,Sampo Ala-Iso,2022,FI2P,23564,False,1,0,0,0,0,0,0,0,0
687892,Sampo Ala-Iso,2022,FI2,23564,False,22,13,0,814,1,0,0,0,2
687892,Sampo Ala-Iso,2021,YKCP,23564,False,3,2,0,180,0,0,0,0,1
687892,Sampo Ala-Iso,2021,YKAB,23564,False,5,5,0,433,0,0,0,0,0
687892,Sampo Ala-Iso,2021,FIS,23564,False,2,1,0,45,0,0,0,0,0
687892,Sampo Ala-Iso,2021,FI2,23564,False,22,16,0,1026,0,0,0,0,0
687892,Sampo Ala-Iso,2020,YKAU,3776,False,5,1,0,1,0,0,0,0,0
687892,Sampo Ala-Iso,2020,POFI,3776,False,2,0,0,0,0,0,0,0,0
687892,Sampo Ala-Iso,2020,FIS,3776,False,4,3,0,209,0,0,0,0,0
687892,Sampo Ala-Iso,2020,FI3C,70795,False,22,22,0,1873,0,0,0,0,3
687892,Sampo Ala-Iso,2020,FI2,3776,False,22,2,0,5,0,0,0,0,0
687892,Sampo Ala-Iso,2019,KCUP,70795,False,3,0,0,0,0,0,0,0,0
687892,Sampo Ala-Iso,2019,FI3C,70795,False,17,5,0,118,1,0,0,0,0
687892,Sampo Ala-Iso,2018,FS,20791,True,4,3,0,165,0,0,0,0,0
1029019,Macar Ajoung,2025,FIYK,22374,False,20,14,0,938,1,0,0,0,4
1029019,Macar Ajoung,2025,FIS,22374,False,2,1,0,90,0,0,0,0,0
1029019,Macar Ajoung,2025,FI1,7008,False,2,1,0,90,0,0,0,0,0
1029019,Macar Ajoung,2024,KP3C,55564,False,3,2,0,167,0,0,0,0,1
1029019,Macar Ajoung,2024,FIYK,22374,False,22,5,0,168,0,0,0,0,0
1029019,Macar Ajoung,2024,FIS,22374,False,4,3,0,270,0,0,0,0,0
1029019,Macar Ajoung,2024,FI4R,22374,False,2,0,0,0,0,0,0,0,0
1029019,Macar Ajoung,2024,FI3P,22374,False,5,3,0,219,1,0,0,0,1
1029019,Macar Ajoung,2024,FI3C,55564,False,17,11,0,915,0,0,0,0,5
1029019,Macar Ajoung,2023,FIYK,22374,False,1,0,0,0,0,0,0,0,0
1029019,Macar Ajoung,2023,FIS,46555,False,1,1,0,90,0,0,0,0,1
1029019,Macar Ajoung,2023,FI3C,46555,False,17,4,0,214,0,0,0,0,0
1029019,Macar Ajoung,2023,F3KC,46555,False,6,0,0,0,0,0,0,0,0
1029019,Macar Ajoung,2022,FS,20792,True,2,1,0,90,1,0,0,0,0
1029019,Macar Ajoung,2022,FIS,22374,False,2,1,0,90,0,0,0,0,0
1029019,Macar Ajoung,2022,FIKP,22374,False,1,0,0,0,0,0,0,0,0
1029019,Macar Ajoung,2022,FI3C,22374,False,22,1,0,23,0,0,0,0,0
1029019,Macar Ajoung,2021,FS,20792,True,1,1,0,45,0,0,0,0,0
1100443,Julius Paananen,2025,U21Q,20796,True,2,0,0,0,0,0,0,0,0
1100443,Julius Paananen,2025,FS,20796,True,2,2,0,65,0,0,0,0,0
1100443,Julius Paananen,2025,FIS,7008,False,1,1,0,45,0,0,0,0,0
1100443,Julius Paananen,2025,FIL,7008,False,7,7,0,474,3,1,0,0,0
1100443,Julius Paananen,2025,FI1,7008,False,20,17,0,1374,0,0,18,5,4
1100443,Julius Paananen,2024,U19Q,20794,True,3,1,0,90,2,0,0,0,0
1100443,Julius Paananen,2024,FS,20794,True,2,1,0,57,0,0,0,0,0
1100443,Julius Paananen,2024,FIS,7008,False,6,5,0,323,3,1,0,0,1
1100443,Julius Paananen,2024,FIL,7008,False,5,1,0,80,0,0,0,0,0
1100443,Julius Paananen,2024,FI4R,22374,False,2,2,0,180,0,0,0,0,0
1100443,Julius Paananen,2024,FI3P,22374,False,1,1,0,90,0,0,0,0,0
1100443,Julius Paananen,2024,FI1,7008,False,22,19,0,1133,1,1,17,2,0
1100443,Julius Paananen,2024,F1CC,7008,False,5,4,0,360,1,0,5,2,0
1100443,Julius Paananen,2023,FS,20793,True,7,7,0,347,0,2,0,0,0
1100443,Julius Paananen,2023,FIYK,22374,False,19,19,0,1434,0,0,0,0,4
1100443,Julius Paananen,2023,FIS,7008,False,5,1,0,30,0,0,0,0,0
1100443,Julius Paananen,2023,FIL,7008,False,5,3,0,105,0,0,0,0,0
1100443,Julius Paananen,2023,FI3P,22374,False,4,4,0,360,1,0,0,0,0
1100443,Julius Paananen,2023,FI1,7008,False,22,0,0,0,0,0,0,0,0
1100443,Julius Paananen,2023,F1CC,7008,False,5,1,0,12,0,0,0,0,0
1100443,Julius Paananen,2022,U17Q,20792,True,3,3,0,141,0,1,0,0,0
1100443,Julius Paananen,2022,FIS,22374,False,2,1,0,90,0,0,0,0,0
1100443,Julius Paananen,2022,FIKP,22374,False,1,1,0,55,0,0,0,0,0
1100443,Julius Paananen,2022,FI3C,22374,False,22,6,0,220,2,0,0,0,0
1100443,Julius Paananen,2022,F1CC,7008,False,3,2,0,45,0,0,1,0,0
1163737,Lukas Ilola,2025,FIYK,22374,False,20,17,0,1410,0,0,0,0,3
1163737,Lukas Ilola,2025,FIS,7008,False,1,0,0,0,0,0,0,0,0
1163737,Lukas Ilola,2025,FIS,22374,False,2,0,0,0,0,0,0,0,0
1163737,Lukas Ilola,2025,FIL,7008,False,3,1,0,19,0,0,0,0,0
1163737,Lukas Ilola,2025,FI1,7008,False,14,0,0,0,0,0,0,0,0
1163737,Lukas Ilola,2024,FIYK,3776,False,22,21,0,1875,2,0,0,0,6
1163737,Lukas Ilola,2024,FIS,3776,False,2,2,0,180,0,0,0,0,0
1163737,Lukas Ilola,2024,FI3R,3776,False,5,5,0,444,0,0,0,0,0
1163737,Lukas Ilola,2023,FIYK,3776,False,22,14,0,1192,0,0,0,0,2
1163737,Lukas Ilola,2023,FIS,3776,False,1,0,0,0,0,0,0,0,0
1163737,Lukas Ilola,2023,FI3P,3776,False,5,5,0,450,0,0,0,0,0
1163737,Lukas Ilola,2022,FIKP,3776,False,2,1,0,14,0,0,0,0,0
1163737,Lukas Ilola,2022,FI3C,3776,False,3,3,0,132,1,0,0,0,0
350006,Niklas Jokelainen,2025,FIS,7008,False,1,1,0,45,0,0,0,0,0
350006,Niklas Jokelainen,2025,FIL,7008,False,7,3,0,168,0,2,0,0,0
350006,Niklas Jokelainen,2025,FI1,7008,False,20,15,0,463,0,0,3,0,0
350006,Niklas Jokelainen,2024,FIS,7008,False,6,6,0,410,0,4,0,0,1
350006,Niklas Jokelainen,2024,FIL,7008,False,5,5,0,375,2,2,0,0,2
350006,Niklas Jokelainen,2024,FI1,7008,False,22,21,0,1673,4,6,26,12,5
350006,Niklas Jokelainen,2024,F1CC,7008,False,5,5,0,446,1,0,4,2,1
350006,Niklas Jokelainen,2023,FIS,7008,False,5,4,0,308,2,2,0,0,0
350006,Niklas Jokelainen,2023,FIL,7008,False,5,4,0,349,0,1,0,0,1
350006,Niklas Jokelainen,2023,FI1,7008,False,22,17,0,1281,3,3,10,7,4
350006,Niklas Jokelainen,2023,F1CC,7008,False,5,4,0,316,0,0,1,0,0
350006,Niklas Jokelainen,2022,FIS,7008,False,5,5,0,375,0,2,0,0,1
350006,Niklas Jokelainen,2022,FIL,7008,False,7,5,0,334,0,0,0,0,1
350006,Niklas Jokelainen,2022,FI1,7008,False,22,21,0,1201,5,6,18,9,2
350006,Niklas Jokelainen,2022,F1CE,7008,False,2,2,0,177,0,0,3,0,0
350006,Niklas Jokelainen,2022,F1CC,7008,False,5,5,0,400,2,1,11,4,0
350006,Niklas Jokelainen,2021,U21Q,20796,True,1,0,0,0,0,0,0,0,0
350006,Niklas Jokelainen,2021,FS,20796,True,1,1,0,15,0,0,0,0,0
350006,Niklas Jokelainen,2021,FIS,7008,False,4,2,0,88,0,0,0,0,0
350006,Niklas Jokelainen,2021,FIL,7008,False,3,2,0,122,0,0,0,0,0
350006,Niklas Jokelainen,2021,FI3C,22374,False,1,1,0,45,0,0,0,0,0
350006,Niklas Jokelainen,2021,FI1,7008,False,22,15,0,944,3,0,0,0,1
350006,Niklas Jokelainen,2021,F1CE,7008,False,2,2,0,13,0,0,0,0,0
350006,Niklas Jokelainen,2021,F1CC,7008,False,5,5,0,303,1,0,0,0,0
350006,Niklas Jokelainen,2020,POFI,7008,False,2,2,0,86,0,0,0,0,0
350006,Niklas Jokelainen,2020,FIS,7008,False,3,3,0,176,0,1,0,0,1
350006,Niklas Jokelainen,2020,FI1,7008,False,22,19,0,920,2,2,0,0,2
350006,Niklas Jokelainen,2020,F1CC,7008,False,5,2,0,109,0,0,0,0,0
350006,Niklas Jokelainen,2019,FIS,7008,False,6,6,0,435,5,0,0,0,0
350006,Niklas Jokelainen,2019,FI2,7008,False,22,21,0,1818,5,5,0,0,4
350006,Niklas Jokelainen,2019,ELQ,3776,False,2,2,0,49,0,0,1,0,0
350006,Niklas Jokelainen,2018,U19Q,20794,True,3,3,0,225,0,0,0,0,0
350006,Niklas Jokelainen,2018,FS,20794,True,3,3,0,125,0,0,0,0,0
350006,Niklas Jokelainen,2018,FIS,3776,False,7,5,0,405,3,0,0,0,1
350006,Niklas Jokelainen,2018,FIKP,70795,False,1,1,0,90,2,0,0,0,0
350006,Niklas Jokelainen,2018,FI3C,70795,False,21,5,0,348,1,0,0,0,0
350006,Niklas Jokelainen,2018,FI1,3776,False,22,19,0,716,2,0,0,0,1
350006,Niklas Jokelainen,2018,F1CC,3776,False,5,1,0,8,0,0,0,0,0
350006,Niklas Jokelainen,2018,ELQ,3189,False,2,1,0,7,0,0,0,0,0
350006,Niklas Jokelainen,2017,FS,20793,True,7,7,0,457,3,0,0,0,1
350006,Niklas Jokelainen,2017,FIS,3189,False,6,2,0,111,1,0,0,0,0
350006,Niklas Jokelainen,2017,FI2,3779,False,14,6,0,488,0,1,0,0,2
350006,Niklas Jokelainen,2017,FI1,3189,False,33,18,0,564,2,0,0,0,0
350006,Niklas Jokelainen,2017,19EU,20794,True,3,2,0,16,0,0,0,0,0
350006,Niklas Jokelainen,2016,U17Q,20792,True,3,3,0,170,0,0,0,0,1
350006,Niklas Jokelainen,2016,GB21,24219,False,1,0,0,0,0,0,0,0,0
350006,Niklas Jokelainen,2016,GB18,14494,False,22,5,0,450,2,0,0,0,0
350006,Niklas Jokelainen,2016,FS,20792,True,2,1,0,72,0,0,0,0,0
350006,Niklas Jokelainen,2016,FI1,3189,False,13,0,0,0,0,0,0,0,0
350006,Niklas Jokelainen,2016,FAYC,14494,False,4,0,0,0,0,0,0,0,0
350006,Niklas Jokelainen,2016,18GB,14494,False,7,2,0,103,0,0,0,0,0
350006,Niklas Jokelainen,2015,U17Q,20792,True,6,3,0,114,1,0,0,0,0
350006,Niklas Jokelainen,2015,FS,20792,True,5,1,0,80,0,0,0,0,0
350006,Niklas Jokelainen,2015,FS,20791,True,3,3,0,167,1,0,0,0,0
350006,Niklas Jokelainen,2015,FIS,7008,False,1,1,0,90,0,0,0,0,0
350006,Niklas Jokelainen,2015,FINJ,19979,False,1,1,0,90,1,0,0,0,0
350006,Niklas Jokelainen,2015,FI2,7008,False,11,1,0,3,0,0,0,0,0
350006,Niklas Jokelainen,2014,FS,34682,True,1,1,0,80,1,0,0,0,0
350006,Niklas Jokelainen,2014,FS,20792,True,3,2,0,96,1,0,0,0,0
350006,Niklas Jokelainen,2014,FS,20791,True,5,2,0,105,0,0,0,0,0
350006,Niklas Jokelainen,2014,FIS,7008,False,5,2,0,74,1,0,0,0,0
350006,Niklas Jokelainen,2014,FI2,7008,False,27,5,0,240,0,0,0,0,0
562421,Onni Tiihonen,2025,FIS,7008,False,1,0,1,0,0,0,0,0,0
562421,Onni Tiihonen,2025,FIL,7008,False,7,5,0,181,0,0,0,0,0
562421,Onni Tiihonen,2025,FI1,7008,False,20,0,20,0,0,0,0,0,0
562421,Onni Tiihonen,2024,ROMP,86099,False,4,2,0,112,0,0,0,0,0
562421,Onni Tiihonen,2024,RO2,86099,False,17,10,0,862,0,0,0,0,2
562421,Onni Tiihonen,2024,FIS,7008,False,6,5,0,389,0,0,0,0,0
562421,Onni Tiihonen,2024,FIL,7008,False,5,0,0,0,0,0,0,0,0
562421,Onni Tiihonen,2024,FI1,7008,False,22,18,0,1226,1,0,14,3,6
562421,Onni Tiihonen,2024,F1CC,7008,False,5,0,0,0,0,0,0,0,0
562421,Onni Tiihonen,2023,ROMP,62129,False,1,1,0,90,0,0,0,0,0
562421,Onni Tiihonen,2023,RO2,62129,False,19,18,0,1517,1,0,0,0,1
562421,Onni Tiihonen,2023,R2AO,62129,False,6,6,0,540,0,0,0,0,0
562421,Onni Tiihonen,2022,RO2,39835,False,3,3,0,270,0,0,0,0,0
562421,Onni Tiihonen,2022,R2AO,39835,False,6,5,0,180,0,0,0,0,0
562421,Onni Tiihonen,2021,FARO,30484,False,20,14,0,1260,0,0,0,0,4
562421,Onni Tiihonen,2021,FAPO,30484,False,2,2,0,210,0,0,0,0,1
562421,Onni Tiihonen,2020,YKAU,23564,False,5,4,0,257,0,0,0,0,1
562421,Onni Tiihonen,2020,FIS,23564,False,5,4,0,241,1,0,0,0,0
562421,Onni Tiihonen,2020,FI2,23564,False,22,20,0,1339,0,0,0,0,6
562421,Onni Tiihonen,2019,FIS,23564,False,5,5,0,234,1,2,0,0,0
562421,Onni Tiihonen,2019,FINJ,71979,False,7,7,0,630,1,0,0,0,3
562421,Onni Tiihonen,2019,FI3A,44037,False,1,1,0,90,0,0,0,0,1
562421,Onni Tiihonen,2019,FI3A,20957,False,8,6,0,455,1,0,0,0,0
562421,Onni Tiihonen,2019,FI2,23564,False,9,6,0,231,0,0,0,0,0
562421,Onni Tiihonen,2018,KCUP,23564,False,5,4,0,360,0,0,0,0,1
562421,Onni Tiihonen,2018,FIS,23564,False,1,1,0,120,0,0,0,0,0
562421,Onni Tiihonen,2018,FINJ,71979,False,7,4,0,342,0,0,0,0,0
562421,Onni Tiihonen,2018,FIKP,23564,False,3,3,0,248,0,0,0,0,1
562421,Onni Tiihonen,2018,FI3B,23564,False,22,12,0,606,0,0,0,0,1
562421,Onni Tiihonen,2017,FIS,23564,False,5,4,0,321,0,0,0,0,0
562421,Onni Tiihonen,2017,FI3A,23564,False,22,16,0,1276,1,0,0,0,2
927996,Iiro Mendolin,2025,FIS,7008,False,1,1,0,45,0,0,0,0,0
927996,Iiro Mendolin,2025,FIL,7008,False,7,6,0,487,0,1,0,0,0
927996,Iiro Mendolin,2025,FI1,7008,False,20,19,0,1456,1,1,16,4,3
927996,Iiro Mendolin,2024,U19Q,20794,True,6,4,0,154,0,0,0,0,2
927996,Iiro Mendolin,2024,NLJB,7461,False,1,0,0,0,0,0,0,0,0
927996,Iiro Mendolin,2024,NLBP,14725,False,3,0,0,0,0,0,0,0,0
927996,Iiro Mendolin,2024,FS,20794,True,2,1,0,65,0,0,0,0,1
927996,Iiro Mendolin,2024,FIYK,22374,False,1,1,0,75,0,0,0,0,0
927996,Iiro Mendolin,2024,FIS,7008,False,1,0,0,0,0,0,0,0,0
927996,Iiro Mendolin,2024,FI1,7008,False,9,4,0,61,0,0,1,0,0
927996,Iiro Mendolin,2024,F1CC,7008,False,5,0,0,0,0,0,0,0,0
927996,Iiro Mendolin,2024,211S,14725,False,8,4,0,29,0,0,0,0,0
927996,Iiro Mendolin,2024,211F,14725,False,11,3,0,49,0,0,0,0,0
927996,Iiro Mendolin,2023,NLJB,81340,False,2,0,0,0,0,0,0,0,0
927996,Iiro Mendolin,2023,FS,20793,True,7,5,0,299,0,0,0,0,0
927996,Iiro Mendolin,2023,211S,14725,False,6,2,0,52,0,0,0,0,0
927996,Iiro Mendolin,2023,182F,81340,False,14,3,0,208,2,0,0,0,0
927996,Iiro Mendolin,2023,181S,81340,False,14,7,0,619,0,0,0,0,0
927996,Iiro Mendolin,2022,U17Q,20792,True,3,3,0,242,0,0,0,0,0
927996,Iiro Mendolin,2022,NLJB,81340,False,2,0,0,0,0,0,0,0,0
927996,Iiro Mendolin,2022,FS,20792,True,6,6,0,350,1,0,0,0,0
927996,Iiro Mendolin,2022,182S,81340,False,14,0,0,0,0,0,0,0,0
927996,Iiro Mendolin,2022,182F,81340,False,14,6,0,284,2,0,0,0,0
927996,Iiro Mendolin,2021,FS,20792,True,1,1,0,63,0,0,0,0,0
927996,Iiro Mendolin,2021,FS,20791,True,7,6,0,319,1,0,0,0,1
109529,Matias Ojala,2025,FIS,7008,False,1,0,0,0,0,0,0,0,0
109529,Matias Ojala,2025,FIL,7008,False,7,6,0,172,1,0,0,0,1
109529,Matias Ojala,2025,FI1,7008,False,20,9,0,192,0,1,0,0,1
109529,Matias Ojala,2024,FIS,7008,False,6,5,0,300,0,1,0,0,2
109529,Matias Ojala,2024,FIL,7008,False,5,4,0,203,0,1,0,0,0
109529,Matias Ojala,2024,FI1,7008,False,22,9,0,286,0,0,4,1,0
109529,Matias Ojala,2024,F1CC,7008,False,5,4,0,107,0,0,1,0,0
109529,Matias Ojala,2023,FIS,6017,False,3,2,0,154,1,0,0,0,0
109529,Matias Ojala,2023,FIL,6017,False,5,5,0,378,0,2,0,0,1
109529,Matias Ojala,2023,FI1,6017,False,22,16,0,683,0,1,4,2,4
109529,Matias Ojala,2023,F1CC,6017,False,5,5,0,70,0,1,1,0,1
109529,Matias Ojala,2022,FIS,8042,False,3,3,0,177,0,0,0,0,0
109529,Matias Ojala,2022,FIL,8042,False,6,1,0,16,0,0,0,0,0
109529,Matias Ojala,2022,FI1,8042,False,22,17,0,724,2,1,11,6,2
109529,Matias Ojala,2022,F1CL,8042,False,5,4,0,80,0,0,2,2,0
109529,Matias Ojala,2022,F1CE,8042,False,1,0,0,0,0,0,0,0,0
109529,Matias Ojala,2022,ECLQ,8042,False,2,0,0,0,0,0,0,0,0
109529,Matias Ojala,2021,FIS,8042,False,5,4,0,41,0,0,0,0,0
109529,Matias Ojala,2021,FIL,8042,False,6,4,0,185,0,3,0,0,0
109529,Matias Ojala,2021,FI1,8042,False,22,9,0,372,0,0,0,0,0
109529,Matias Ojala,2021,F1CL,8042,False,5,2,0,100,0,0,0,0,0
109529,Matias Ojala,2021,F1CE,8042,False,1,0,0,0,0,0,0,0,0
109529,Matias Ojala,2021,ECLQ,8042,False,2,1,0,90,0,0,0,0,0
109529,Matias Ojala,2020,FIS,8042,False,5,5,0,307,0,1,0,0,0
109529,Matias Ojala,2020,FI1,8042,False,22,22,0,1048,5,2,0,0,1
109529,Matias Ojala,2020,F1CL,8042,False,5,5,0,266,0,0,0,0,0
109529,Matias Ojala,2020,ELQ,8042,False,1,1,0,55,0,0,0,0,0
109529,Matias Ojala,2019,FIS,8042,False,9,6,3,469,1,2,0,0,0
109529,Matias Ojala,2019,FI1,8042,False,22,14,5,639,1,1,0,0,1
109529,Matias Ojala,2018,FIS,3189,False,9,8,0,693,2,1,0,0,0
109529,Matias Ojala,2018,FI1,3189,False,22,10,0,669,0,1,0,0,0
109529,Matias Ojala,2018,F1CL,3189,False,5,3,0,270,0,0,0,0,1
109529,Matias Ojala,2018,ELQ,3189,False,2,2,0,94,0,0,0,0,0
109529,Matias Ojala,2017,FIS,3189,False,6,5,0,378,0,1,0,0,0
109529,Matias Ojala,2017,FI1,3189,False,33,23,0,1653,0,0,0,0,1
109529,Matias Ojala,2016,FIS,17398,False,5,5,0,384,1,0,0,0,2
109529,Matias Ojala,2016,FI1,17398,False,33,28,0,2475,0,4,0,0,3
109529,Matias Ojala,2015,U21Q,20796,True,10,0,0,0,0,0,0,0,0
109529,Matias Ojala,2015,FS,20796,True,1,0,0,0,0,0,0,0,0
109529,Matias Ojala,2015,FIS,17398,False,2,2,0,210,0,0,0,0,0
109529,Matias Ojala,2015,FI1,17398,False,33,30,0,1981,0,2,0,0,2
109529,Matias Ojala,2014,FS,20796,True,8,4,0,208,0,1,0,0,0
109529,Matias Ojala,2014,FS,20795,True,2,2,0,46,0,0,0,0,0
109529,Matias Ojala,2014,FIS,7008,False,5,4,0,328,0,0,0,0,0
109529,Matias Ojala,2014,FIL,3650,False,2,2,0,180,0,0,0,0,0
109529,Matias Ojala,2014,FI2,7008,False,27,19,0,1534,1,0,0,0,2
109529,Matias Ojala,2013,U21Q,20796,True,4,1,0,8,0,0,0,0,0
109529,Matias Ojala,2013,U19Q,20794,True,3,3,0,231,0,0,0,0,0
109529,Matias Ojala,2013,RLN3,389,False,31,14,0,1001,1,2,0,0,0
109529,Matias Ojala,2013,FS,20793,True,2,1,0,90,1,0,0,0,0
109529,Matias Ojala,2013,FI2,7008,False,15,6,0,159,0,0,0,0,0
109529,Matias Ojala,2013,AJ1,2509,False,10,10,0,895,3,0,0,0,2
109529,Matias Ojala,2012,U19Q,20794,True,3,3,0,191,0,0,0,0,0
109529,Matias Ojala,2012,FS,20794,True,3,2,0,180,0,0,0,0,0
109529,Matias Ojala,2012,FS,20793,True,4,1,0,90,0,0,0,0,0
109529,Matias Ojala,2012,FIS,7008,False,1,0,0,0,0,0,0,0,0
109529,Matias Ojala,2012,FI2,7008,False,22,21,0,1885,6,0,0,0,0
109529,Matias Ojala,2011,U19Q,20794,True,3,2,0,105,0,0,0,0,0
109529,Matias Ojala,2011,U17Q,20792,True,3,3,0,240,0,0,0,0,0
109529,Matias Ojala,2011,FS,20794,True,1,0,0,0,0,0,0,0,0
109529,Matias Ojala,2011,FS,20793,True,2,1,0,90,0,0,0,0,1
109529,Matias Ojala,2011,FIS,7008,False,2,2,0,180,0,0,0,0,1
109529,Matias Ojala,2011,FINJ,36613,False,1,1,0,90,0,0,0,0,0
109529,Matias Ojala,2011,FI2,7008,False,27,18,0,1451,1,0,0,0,0
109529,Matias Ojala,2010,U17Q,20792,True,1,1,0,80,0,0,0,0,0
109529,Matias Ojala,2010,FS,20792,True,2,2,0,160,0,0,0,0,0
109529,Matias Ojala,2010,FIL,7008,False,2,1,0,83,0,0,0,0,0
109529,Matias Ojala,2010,FI2,7008,False,24,19,0,1081,2,0,0,0,2
109529,Matias Ojala,2009,FS,20791,True,1,1,0,80,0,0,0,0,0
109529,Matias Ojala,2009,FI1,7008,False,26,1,0,1,0,0,0,0,0
927975,Jesse Korhonen,2025,FIYK,22374,False,20,15,0,1350,0,0,0,0,1
927975,Jesse Korhonen,2025,FIS,7008,False,1,1,0,90,0,0,0,0,0
927975,Jesse Korhonen,2025,FIS,22374,False,2,0,0,0,0,0,0,0,0
927975,Jesse Korhonen,2025,FI1,7008,False,15,0,0,0,0,0,0,0,0
927975,Jesse Korhonen,2024,FIYK,22374,False,22,20,0,1524,1,0,0,0,0
927975,Jesse Korhonen,2024,FIS,22374,False,4,3,0,120,1,0,0,0,0
927975,Jesse Korhonen,2024,FI4R,22374,False,2,2,0,177,0,0,0,0,0
927975,Jesse Korhonen,2024,FI3P,22374,False,5,5,0,450,0,0,0,0,2
927975,Jesse Korhonen,2023,FIYK,22374,False,22,2,0,67,0,0,0,0,0
927975,Jesse Korhonen,2023,FIS,22374,False,2,0,0,0,0,0,0,0,0
927975,Jesse Korhonen,2023,FI3P,22374,False,5,0,0,0,0,0,0,0,0
927975,Jesse Korhonen,2023,F4KP,55564,False,10,8,0,574,0,0,0,0,0
927975,Jesse Korhonen,2021,FS,20791,True,2,1,0,72,0,0,0,0,0
1404869,Joel Omotayo,2025,FIYK,22374,False,20,3,0,153,0,0,0,0,1
1404869,Joel Omotayo,2025,FIS,7008,False,1,0,0,0,0,0,0,0,0
1404869,Joel Omotayo,2025,FIS,22374,False,2,0,0,0,0,0,0,0,0
1404869,Joel Omotayo,2025,FIL,7008,False,3,2,0,57,0,0,0,0,0
1404869,Joel Omotayo,2025,FI1,7008,False,16,2,0,21,0,0,0,0,0
1404869,Joel Omotayo,2024,FIYK,22374,False,22,15,0,1149,1,0,0,0,6
1404869,Joel Omotayo,2024,FIS,22374,False,4,3,0,261,0,0,0,0,0
1404869,Joel Omotayo,2024,FI4R,22374,False,2,0,0,0,0,0,0,0,0
1404869,Joel Omotayo,2024,FI3P,22374,False,5,4,0,292,0,0,0,0,0
273383,Rasmus Karjalainen,2025,FIS,7008,False,1,0,0,0,0,0,0,0,0
273383,Rasmus Karjalainen,2025,FIL,7008,False,7,7,0,588,5,2,0,0,0
273383,Rasmus Karjalainen,2025,FI1,7008,False,20,19,0,1644,10,3,49,22,0
273383,Rasmus Karjalainen,2025,ECLQ,23777,False,2,2,0,61,0,0,0,0,0
273383,Rasmus Karjalainen,2024,FIS,23777,False,3,2,0,180,0,1,0,0,0
273383,Rasmus Karjalainen,2024,FIL,23777,False,5,4,0,179,0,0,0,0,1
273383,Rasmus Karjalainen,2024,FI1,23777,False,22,22,0,1552,7,6,43,15,3
273383,Rasmus Karjalainen,2024,F1CL,23777,False,10,6,0,213,2,0,6,3,0
273383,Rasmus Karjalainen,2023,FIS,23777,False,6,4,0,261,2,1,0,0,0
273383,Rasmus Karjalainen,2023,FIL,23777,False,5,3,0,178,0,0,0,0,1
273383,Rasmus Karjalainen,2023,FI1,23777,False,22,22,0,1450,6,2,46,19,1
273383,Rasmus Karjalainen,2023,F1CL,23777,False,5,5,0,305,1,1,8,2,0
273383,Rasmus Karjalainen,2023,F1CE,23777,False,2,1,0,67,0,0,0,0,0
273383,Rasmus Karjalainen,2022,FIS,7008,False,5,5,0,244,1,0,0,0,0
273383,Rasmus Karjalainen,2022,FIL,7008,False,7,1,0,14,0,0,0,0,0
273383,Rasmus Karjalainen,2022,FI1,7008,False,22,21,0,1254,5,2,30,11,0
273383,Rasmus Karjalainen,2022,F1CE,7008,False,2,2,0,167,1,1,6,1,0
273383,Rasmus Karjalainen,2022,F1CC,7008,False,5,4,0,212,2,0,7,4,0
273383,Rasmus Karjalainen,2021,SEC,699,False,1,1,0,90,1,0,0,0,0
273383,Rasmus Karjalainen,2021,SE1,699,False,14,7,0,44,0,0,0,0,0
273383,Rasmus Karjalainen,2021,FI1,7008,False,8,8,0,658,4,2,0,0,0
273383,Rasmus Karjalainen,2021,F1CE,7008,False,2,2,0,153,1,0,0,0,0
273383,Rasmus Karjalainen,2021,F1CC,7008,False,5,4,0,229,2,1,0,0,0
273383,Rasmus Karjalainen,2020,UNLB,3443,True,6,2,0,4,0,0,0,0,0
273383,Rasmus Karjalainen,2020,SEC,1056,False,4,2,0,137,1,0,0,0,0
273383,Rasmus Karjalainen,2020,SE2,699,False,21,18,0,784,3,0,0,0,1
273383,Rasmus Karjalainen,2020,SE1,1056,False,8,0,8,0,0,0,0,0,0
273383,Rasmus Karjalainen,2020,RESE,699,False,2,1,0,16,1,0,0,0,1
273383,Rasmus Karjalainen,2020,FS,3443,True,2,2,0,95,0,1,0,0,0
273383,Rasmus Karjalainen,2019,SE1,1056,False,13,13,0,574,4,1,11,8,0
273383,Rasmus Karjalainen,2019,NLP,385,False,3,2,0,164,1,0,0,0,0
273383,Rasmus Karjalainen,2019,NLBV,18338,False,8,7,0,630,4,0,0,0,0
273383,Rasmus Karjalainen,2019,NLBB,18338,False,3,3,0,225,2,0,0,0,0
273383,Rasmus Karjalainen,2019,NL1,385,False,26,15,0,509,1,1,8,1,2
273383,Rasmus Karjalainen,2018,UNLC,3443,True,6,2,0,4,0,0,1,0,0
273383,Rasmus Karjalainen,2018,FS,3443,True,2,2,0,120,1,0,0,0,0
273383,Rasmus Karjalainen,2018,FIS,6251,False,5,5,0,320,1,0,0,0,0
273383,Rasmus Karjalainen,2018,FI1,6251,False,14,12,0,878,3,0,0,0,0
273383,Rasmus Karjalainen,2018,EMQ,3443,True,10,3,0,18,0,0,1,0,0
273383,Rasmus Karjalainen,2018,ELQ,6251,False,2,2,0,118,1,0,0,0,0
273383,Rasmus Karjalainen,2017,U21Q,20796,True,10,4,0,122,0,0,0,0,0
273383,Rasmus Karjalainen,2017,FS,3443,True,2,2,0,117,0,1,0,0,0
273383,Rasmus Karjalainen,2017,FS,20796,True,1,1,0,60,0,0,0,0,0
273383,Rasmus Karjalainen,2017,FIS,6251,False,6,6,0,369,2,0,0,0,0
273383,Rasmus Karjalainen,2017,FI1,6251,False,33,31,0,2072,16,2,0,0,2
273383,Rasmus Karjalainen,2016,FS,20796,True,4,4,0,105,0,0,0,0,0
273383,Rasmus Karjalainen,2016,FS,20795,True,1,1,0,22,0,0,0,0,0
273383,Rasmus Karjalainen,2016,FIS,17398,False,5,5,0,412,1,0,0,0,0
273383,Rasmus Karjalainen,2016,FI1,17398,False,33,32,0,1898,8,2,0,0,0
273383,Rasmus Karjalainen,2015,FIS,7008,False,1,1,0,90,0,0,0,0,0
273383,Rasmus Karjalainen,2015,FINJ,19979,False,1,1,0,90,1,0,0,0,0
273383,Rasmus Karjalainen,2015,FI2,7008,False,27,22,0,1186,3,4,0,0,3
273383,Rasmus Karjalainen,2014,FI3N,45310,False,27,27,0,2152,15,0,0,0,0
273383,Rasmus Karjalainen,2013,FIS,7008,False,2,1,0,45,0,0,0,0,1
273383,Rasmus Karjalainen,2013,FI3N,22374,False,27,19,0,1152,1,0,0,0,2
273383,Rasmus Karjalainen,2012,FIS,7008,False,1,1,0,32,0,0,0,0,0
273383,Rasmus Karjalainen,2012,FINJ,36613,False,21,19,0,1343,5,0,0,0,0
1015339,Julius Körkkö,2026,DK1,2414,False,4,1,0,19,0,0,1,0,0
1015339,Julius Körkkö,2025,FS,20796,True,2,2,0,88,1,0,0,0,0
1015339,Julius Körkkö,2025,FIS,7008,False,1,1,0,45,0,0,0,0,0
1015339,Julius Körkkö,2025,FIL,7008,False,7,7,0,330,3,2,0,0,0
1015339,Julius Körkkö,2025,FI1,7008,False,15,13,0,1074,5,1,32,14,2
1015339,Julius Körkkö,2024,U19Q,20794,True,3,1,0,15,0,0,0,0,1
1015339,Julius Körkkö,2024,FIYK,22374,False,20,2,0,156,0,0,0,0,0
1015339,Julius Körkkö,2024,FIS,7008,False,6,6,0,320,1,0,0,0,1
1015339,Julius Körkkö,2024,FIS,22374,False,3,0,0,0,0,0,0,0,0
1015339,Julius Körkkö,2024,FIL,7008,False,5,2,0,100,0,0,0,0,0
1015339,Julius Körkkö,2024,FI4R,22374,False,2,2,0,120,0,1,0,0,0
1015339,Julius Körkkö,2024,FI3P,22374,False,5,0,0,0,0,0,0,0,0
1015339,Julius Körkkö,2024,FI1,7008,False,22,17,0,710,5,3,22,15,0
1015339,Julius Körkkö,2024,F1CC,7008,False,5,5,0,291,1,1,9,3,0
1015339,Julius Körkkö,2023,FS,20793,True,2,1,0,57,0,0,0,0,0
1015339,Julius Körkkö,2023,FIYK,22374,False,7,5,0,333,3,0,0,0,0
1015339,Julius Körkkö,2023,FIS,7008,False,5,5,0,291,1,0,0,0,0
1015339,Julius Körkkö,2023,FIS,22374,False,1,0,0,0,0,0,0,0,0
1015339,Julius Körkkö,2023,FIL,7008,False,5,4,0,97,0,0,0,0,0
1015339,Julius Körkkö,2023,FI1,7008,False,22,14,0,542,2,2,11,5,2
1015339,Julius Körkkö,2023,F1CC,7008,False,5,5,0,203,1,0,9,3,1
1015339,Julius Körkkö,2022,U17Q,20792,True,6,5,0,132,0,0,0,0,2
1015339,Julius Körkkö,2022,FS,20792,True,1,1,0,29,0,0,0,0,0
1015339,Julius Körkkö,2022,FIS,46555,False,1,1,0,24,0,0,0,0,0
1015339,Julius Körkkö,2022,FI3C,46555,False,22,15,0,1018,2,0,0,0,2
1015339,Julius Körkkö,2022,F4KP,261,False,12,5,0,405,1,0,0,0,0
1015339,Julius Körkkö,2021,FS,20791,True,3,3,0,131,0,0,0,0,0
413033,Lamine Ghezali,2025,RO1,952,False,5,0,0,0,0,0,0,0,0
413033,Lamine Ghezali,2025,FIS,7008,False,1,1,0,82,0,1,0,0,0
413033,Lamine Ghezali,2025,FIL,7008,False,7,7,0,443,4,3,0,0,2
413033,Lamine Ghezali,2025,FI1,7008,False,20,18,0,1181,1,2,14,4,1
413033,Lamine Ghezali,2024,ROMP,952,False,3,3,0,269,1,1,0,0,0
413033,Lamine Ghezali,2024,RO1R,952,False,9,0,9,0,0,0,0,0,0
413033,Lamine Ghezali,2024,RO1,952,False,25,17,2,813,0,1,9,5,3
413033,Lamine Ghezali,2024,FIS,7008,False,1,1,0,79,0,0,0,0,0
413033,Lamine Ghezali,2024,FI1,7008,False,3,2,0,58,0,0,0,0,0
413033,Lamine Ghezali,2024,F1CC,7008,False,5,4,0,181,0,0,2,0,0
413033,Lamine Ghezali,2023,S2PA,2672,False,8,1,0,45,0,0,0,0,0
413033,Lamine Ghezali,2023,ROMP,312,False,4,4,0,265,0,0,0,0,0
413033,Lamine Ghezali,2023,RO1,312,False,23,17,4,1023,0,0,13,2,2
413033,Lamine Ghezali,2023,GRS2,2672,False,6,4,0,188,0,1,0,0,0
413033,Lamine Ghezali,2022,RORE,312,False,2,2,0,173,3,2,4,3,1
413033,Lamine Ghezali,2022,ROMP,312,False,5,5,0,297,1,1,0,0,1
413033,Lamine Ghezali,2022,RO2,312,False,17,15,0,845,3,0,0,0,3
413033,Lamine Ghezali,2022,R2AP,312,False,10,9,0,733,6,2,0,0,3
413033,Lamine Ghezali,2021,FRR1,618,False,2,0,0,0,0,0,0,0,0
413033,Lamine Ghezali,2021,FRC,618,False,1,0,0,0,0,0,0,0,0
413033,Lamine Ghezali,2021,FR5K,8515,False,26,19,0,1382,3,2,0,0,1
413033,Lamine Ghezali,2021,FR1,618,False,19,1,0,1,0,0,0,0,0
413033,Lamine Ghezali,2020,FRC,17768,False,1,0,0,0,0,0,0,0,0
413033,Lamine Ghezali,2020,FR5K,86030,False,3,2,0,152,2,2,0,0,0
413033,Lamine Ghezali,2020,FR3,17768,False,34,14,0,354,0,0,0,0,1
413033,Lamine Ghezali,2019,FRL,1175,False,1,1,0,68,0,0,0,0,0
413033,Lamine Ghezali,2019,FRC,1175,False,1,1,0,68,0,0,0,0,1
413033,Lamine Ghezali,2019,FR5C,12761,False,9,4,0,333,0,0,0,0,0
413033,Lamine Ghezali,2019,FR4C,8515,False,4,3,0,270,1,0,0,0,0
413033,Lamine Ghezali,2019,FR2,1175,False,21,9,6,265,0,1,1,1,0
413033,Lamine Ghezali,2018,FR4B,8515,False,30,17,0,1134,3,0,0,0,2
413033,Lamine Ghezali,2018,FR1,618,False,11,6,0,39,1,0,1,1,1
413033,Lamine Ghezali,2017,FR5K,8515,False,26,7,0,424,3,0,0,0,1
413033,Lamine Ghezali,2016,FS,25250,True,1,1,0,5,0,0,0,0,0
413033,Lamine Ghezali,2016,FR5F,8515,False,26,9,0,532,2,0,0,0,1
413033,Lamine Ghezali,2016,FR1,618,False,6,1,0,1,0,0,1,0,0
413033,Lamine Ghezali,2015,FS,10831,True,1,1,0,16,0,0,0,0,0
413033,Lamine Ghezali,2015,FR5E,8515,False,8,7,0,277,0,0,0,0,1
1136363,Juuso Mäkeläinen,2025,U17Q,20792,True,6,6,0,460,3,2,0,0,0
1136363,Juuso Mäkeläinen,2025,FS,20793,True,3,3,0,166,1,0,0,0,0
1136363,Juuso Mäkeläinen,2025,FS,20792,True,5,5,0,336,0,0,0,0,0
1136363,Juuso Mäkeläinen,2025,FIYK,22374,False,2,2,0,106,0,0,0,0,1
1136363,Juuso Mäkeläinen,2025,FIS,7008,False,1,1,0,45,1,0,0,0,0
1136363,Juuso Mäkeläinen,2025,FIL,7008,False,7,1,0,59,0,0,0,0,0
1136363,Juuso Mäkeläinen,2025,FI1,7008,False,20,9,0,308,0,0,4,1,0
1136363,Juuso Mäkeläinen,2025,AA17,20792,True,3,0,0,0,0,0,0,0,0
1136363,Juuso Mäkeläinen,2024,KP3C,55564,False,2,2,0,154,0,0,0,0,0
1136363,Juuso Mäkeläinen,2024,FS,20792,True,3,3,0,154,0,0,0,0,2
1136363,Juuso Mäkeläinen,2024,FS,20791,True,5,5,0,231,0,0,0,0,1
1136363,Juuso Mäkeläinen,2024,FIYK,22374,False,15,2,0,64,0,0,0,0,1
1136363,Juuso Mäkeläinen,2024,FIS,22374,False,1,1,0,27,0,0,0,0,0
1136363,Juuso Mäkeläinen,2024,FI4R,22374,False,2,1,0,16,0,0,0,0,0
1136363,Juuso Mäkeläinen,2024,FI3P,22374,False,5,0,0,0,0,0,0,0,0
1136363,Juuso Mäkeläinen,2024,FI3C,55564,False,17,3,0,174,0,0,0,0,2
1136363,Juuso Mäkeläinen,2024,F1CC,7008,False,1,1,0,29,0,0,0,0,0
1136363,Juuso Mäkeläinen,2023,FS,34682,True,6,6,0,304,1,0,0,0,0
1136363,Juuso Mäkeläinen,2022,F4KP,28213,False,9,4,0,165,2,1,0,0,0
646391,Tuomas Kaukua,2025,FIS,7008,False,1,1,0,23,0,0,0,0,0
646391,Tuomas Kaukua,2025,FIL,7008,False,7,7,0,611,1,2,0,0,2
646391,Tuomas Kaukua,2025,FI1,7008,False,20,18,0,1601,1,2,9,3,3
646391,Tuomas Kaukua,2024,FIS,7008,False,6,5,0,201,3,1,0,0,0
646391,Tuomas Kaukua,2024,FIL,7008,False,5,5,0,215,0,0,0,0,0
646391,Tuomas Kaukua,2024,FI1,7008,False,22,15,0,1146,2,2,26,7,2
646391,Tuomas Kaukua,2024,F1CC,7008,False,5,5,0,432,0,1,7,1,0
646391,Tuomas Kaukua,2023,FIS,45310,False,1,0,0,0,0,0,0,0,0
646391,Tuomas Kaukua,2023,FIS,23777,False,6,5,0,248,0,1,0,0,0
646391,Tuomas Kaukua,2023,FIL,23777,False,5,4,0,181,0,0,0,0,0
646391,Tuomas Kaukua,2023,FI2,45310,False,6,3,0,169,0,0,0,0,1
646391,Tuomas Kaukua,2023,FI1,23777,False,22,10,0,550,0,2,7,1,2
646391,Tuomas Kaukua,2023,F1CL,23777,False,5,3,0,143,1,0,1,1,0
646391,Tuomas Kaukua,2023,F1CE,23777,False,2,2,0,130,0,1,2,0,0
646391,Tuomas Kaukua,2022,FIS,23777,False,2,1,0,31,1,0,0,0,1
646391,Tuomas Kaukua,2022,FIL,23777,False,5,4,0,237,1,0,0,0,1
646391,Tuomas Kaukua,2022,FI1,23777,False,22,18,0,1008,0,0,17,8,7
646391,Tuomas Kaukua,2022,F1CL,23777,False,5,3,0,60,0,0,0,0,0
646391,Tuomas Kaukua,2022,F1CE,23777,False,1,1,0,7,0,0,0,0,0
646391,Tuomas Kaukua,2022,ECLQ,23777,False,4,3,0,220,0,0,0,0,0
646391,Tuomas Kaukua,2021,FIS,23777,False,2,2,0,98,1,0,0,0,0
646391,Tuomas Kaukua,2021,FIL,23777,False,5,4,0,117,0,0,0,0,1
646391,Tuomas Kaukua,2021,FI2,45310,False,3,2,0,150,0,0,0,0,0
646391,Tuomas Kaukua,2021,FI1,23777,False,22,17,0,913,6,0,0,0,2
646391,Tuomas Kaukua,2021,F1CL,23777,False,5,4,0,236,0,0,0,0,1
646391,Tuomas Kaukua,2021,F1CE,23777,False,1,1,0,90,0,0,0,0,0
646391,Tuomas Kaukua,2020,YKAU,3776,False,5,5,0,429,0,0,0,0,0
646391,Tuomas Kaukua,2020,POFI,3776,False,2,1,0,4,0,0,0,0,0
646391,Tuomas Kaukua,2020,FIS,3776,False,4,1,0,15,0,0,0,0,0
646391,Tuomas Kaukua,2020,FI2,3776,False,22,20,0,1520,2,4,0,0,1
646391,Tuomas Kaukua,2019,FIS,3776,False,5,0,0,0,0,0,0,0,0
646391,Tuomas Kaukua,2019,FI3C,70795,False,17,4,0,270,0,0,0,0,0
646391,Tuomas Kaukua,2019,FI1,3776,False,22,18,0,1150,2,0,0,0,3
646391,Tuomas Kaukua,2019,ELQ,3776,False,2,0,0,0,0,0,0,0,0
646391,Tuomas Kaukua,2018,KCUP,70795,False,3,3,0,270,1,0,0,0,0
646391,Tuomas Kaukua,2018,FIS,3776,False,7,0,0,0,0,0,0,0,0
646391,Tuomas Kaukua,2018,FIKP,70795,False,2,2,0,180,0,0,0,0,0
646391,Tuomas Kaukua,2018,FI3C,70795,False,22,9,0,724,2,0,0,0,0
646391,Tuomas Kaukua,2018,FI1,3776,False,22,5,0,199,0,0,0,0,0
646391,Tuomas Kaukua,2018,F1CC,3776,False,5,0,0,0,0,0,0,0,0
996467,Elias Kallio,2025,FIS,7008,False,1,1,0,8,0,0,0,0,0
996467,Elias Kallio,2025,FIL,7008,False,7,7,0,614,4,2,0,0,0
996467,Elias Kallio,2025,FI1,7008,False,20,19,0,1356,2,2,34,9,0
996467,Elias Kallio,2024,YKCP,17397,False,4,4,0,360,3,0,0,0,1
996467,Elias Kallio,2024,FIS,17397,False,2,2,0,180,2,0,0,0,0
996467,Elias Kallio,2024,FI4R,17397,False,2,2,0,178,2,2,0,0,0
996467,Elias Kallio,2024,FI2,17397,False,27,26,0,2145,12,5,0,0,2
996467,Elias Kallio,2023,YKCP,17397,False,4,4,0,176,0,0,0,0,1
996467,Elias Kallio,2023,FIS,17397,False,3,3,0,110,0,0,0,0,0
996467,Elias Kallio,2023,FI4R,17397,False,2,2,0,171,0,0,0,0,0
996467,Elias Kallio,2023,FI2,17397,False,27,24,0,1106,3,1,0,0,3
996467,Elias Kallio,2022,FIS,46827,False,2,1,0,90,0,0,0,0,0
996467,Elias Kallio,2022,FI3A,46827,False,22,20,0,1712,10,0,0,0,1
996467,Elias Kallio,2021,FIS,46827,False,1,0,0,0,0,0,0,0,0
996467,Elias Kallio,2021,FINJ,87329,False,9,6,0,452,1,0,0,0,0
996467,Elias Kallio,2021,FI3A,46827,False,22,13,0,772,7,0,0,0,0
1428812,Kalifa Jatta,2025,FIYK,22374,False,3,3,0,237,3,0,0,0,0
1428812,Kalifa Jatta,2025,FIS,7008,False,1,1,0,90,0,0,0,0,0
1428812,Kalifa Jatta,2025,FIL,7008,False,7,4,0,142,0,2,0,0,0
1428812,Kalifa Jatta,2025,FI1,7008,False,20,11,0,394,1,1,7,1,2
1428812,Kalifa Jatta,2024,FIYK,22374,False,11,8,0,526,4,0,0,0,0
1428812,Kalifa Jatta,2024,FI4R,22374,False,2,2,0,155,0,1,0,0,1
1428812,Kalifa Jatta,2024,FI3P,22374,False,5,5,0,403,3,0,0,0,2
1428812,Kalifa Jatta,2024,F1CC,7008,False,1,1,0,12,0,0,0,0,0
1467124,Abdoulaye Koné,2025,FIYK,22374,False,14,11,0,814,3,0,0,0,4
1467124,Abdoulaye Koné,2025,FIS,22374,False,2,1,0,45,0,0,0,0,0
1467124,Abdoulaye Koné,2025,FIL,7008,False,1,1,0,4,0,0,0,0,0
1467124,Abdoulaye Koné,2025,FI1,7008,False,13,9,0,253,2,1,13,4,0
1467124,Abdoulaye Koné,2024,FI2,23198,False,7,3,0,140,0,0,0,0,1
831302,Camilo Triana,2025,PT3A,2990,False,18,17,0,1073,2,4,0,0,0
831302,Camilo Triana,2025,POPO,2990,False,1,1,0,79,0,0,0,0,0
831302,Camilo Triana,2025,P3Au,2990,False,14,13,0,326,2,1,0,0,2
831302,Camilo Triana,2025,FI1,7008,False,3,1,0,90,0,0,2,0,0
831302,Camilo Triana,2024,PT3A,68608,False,18,12,0,611,2,1,0,0,4
831302,Camilo Triana,2024,POPO,68608,False,3,1,0,90,1,0,0,0,0
831302,Camilo Triana,2024,POLL,68608,False,2,0,0,0,0,0,0,0,0
831302,Camilo Triana,2024,P3Au,68608,False,14,11,0,259,0,1,0,0,1
831302,Camilo Triana,2023,CYP2,1402,False,15,14,0,1222,9,0,0,0,4
831302,Camilo Triana,2023,CPO1,1402,False,2,2,0,180,2,0,0,0,0
831302,Camilo Triana,2023,1CY2,1402,False,14,10,0,635,2,0,0,0,5
831302,Camilo Triana,2022,PT3A,1085,False,22,18,0,713,2,1,0,0,2
831302,Camilo Triana,2022,POPO,1085,False,4,4,0,185,2,0,0,0,0
831302,Camilo Triana,2022,P3As,1085,False,6,6,0,466,1,0,0,0,1
831302,Camilo Triana,2021,POPO,3268,False,4,2,0,57,0,0,0,0,0
831302,Camilo Triana,2021,POLL,10140,False,2,2,0,32,0,0,0,0,0
831302,Camilo Triana,2021,POCP,3268,False,2,2,0,25,0,0,0,0,0
831302,Camilo Triana,2021,PO2,3268,False,19,12,0,241,1,0,0,0,0
831302,Camilo Triana,2021,PO2,10140,False,16,13,0,205,2,0,6,5,1
831302,Camilo Triana,2020,POPO,13573,False,2,1,0,90,1,0,0,0,0
831302,Camilo Triana,2020,PO2,3268,False,16,10,0,305,2,0,0,0,2
831302,Camilo Triana,2019,POPO,13573,False,1,0,0,0,0,0,0,0,0
831302,Camilo Triana,2016,COPO,6984,False,1,1,0,68,0,0,0,0,0
831302,Camilo Triana,2016,COL1,6984,False,2,1,0,78,0,0,0,0,0
1432959,Niklas Lindström,2025,FIS,23564,False,1,0,0,0,0,0,0,0,0
1432959,Niklas Lindström,2025,FI18,140347,False,3,1,0,90,0,0,0,0,0
1432959,Niklas Lindström,2025,FI1,23564,False,18,0,0,0,0,0,0,0,0
1432959,Niklas Lindström,2025,F18Q,140347,False,13,5,0,450,0,0,0,0,0
1432959,Niklas Lindström,2024,KOG2,46561,False,6,0,0,0,0,0,0,0,0
1081258,Matej Juricka,2025,SLO1,20063,False,22,15,0,1350,0,0,0,0,2
1081258,Matej Juricka,2025,SLAR,20063,False,10,6,0,540,0,0,0,0,1
1081258,Matej Juricka,2025,SKC,20063,False,7,3,0,208,0,0,0,0,1
1081258,Matej Juricka,2025,FI1,23564,False,4,1,0,90,0,0,0,0,0
1081258,Matej Juricka,2024,SWEP,20063,False,2,1,0,1,0,0,0,0,0
1081258,Matej Juricka,2024,SLO1,20063,False,4,0,0,0,0,0,0,0,0
1081258,Matej Juricka,2024,SLAR,20063,False,10,1,0,90,0,0,0,0,1
1081258,Matej Juricka,2024,SKC,38269,False,2,2,0,180,0,0,0,0,0
1081258,Matej Juricka,2024,SK2,38269,False,14,14,0,1260,0,1,0,0,3
1081258,Matej Juricka,2023,SLO1,20063,False,7,0,0,0,0,0,0,0,0
1081258,Matej Juricka,2023,SKC,20063,False,2,0,0,0,0,0,0,0,0
1081258,Matej Juricka,2023,SK2,38269,False,13,13,0,1170,0,1,0,0,1
1081258,Matej Juricka,2023,SK19,62637,False,1,0,0,0,0,0,0,0,0
1081258,Matej Juricka,2023,SK19,52988,False,14,5,0,450,0,0,0,0,2
1081258,Matej Juricka,2022,SKC,34775,False,4,0,0,0,0,0,0,0,0
1081258,Matej Juricka,2022,SK2,34775,False,20,0,0,0,0,0,0,0,0
1081258,Matej Juricka,2022,SK19,24529,False,1,0,0,0,0,0,0,0,0
785865,Oskar Lyberopoulos,2025,FIS,23564,False,1,0,0,0,0,0,0,0,0
785865,Oskar Lyberopoulos,2025,FIL,23564,False,5,2,0,180,0,0,0,0,0
785865,Oskar Lyberopoulos,2025,FI1,23564,False,19,1,0,90,0,0,0,0,0
785865,Oskar Lyberopoulos,2024,FIS,23564,False,4,0,0,0,0,0,0,0,0
785865,Oskar Lyberopoulos,2024,FIL,23564,False,5,1,0,90,0,0,0,0,0
785865,Oskar Lyberopoulos,2024,FI1,23564,False,22,3,0,255,0,0,0,0,0
785865,Oskar Lyberopoulos,2024,F1CL,23564,False,10,2,0,138,0,0,0,0,0
785865,Oskar Lyberopoulos,2023,FIYK,46432,False,22,21,0,1890,0,0,0,0,2
785865,Oskar Lyberopoulos,2023,FIS,46432,False,3,1,0,90,0,0,0,0,0
785865,Oskar Lyberopoulos,2023,FI3R,46432,False,5,3,0,251,0,0,0,0,0
785865,Oskar Lyberopoulos,2022,KOG1,72487,False,7,3,0,270,0,0,0,0,1
785865,Oskar Lyberopoulos,2022,FIS,46432,False,2,1,0,90,0,0,0,0,0
785865,Oskar Lyberopoulos,2022,FIKP,46432,False,1,1,0,90,0,0,0,0,0
785865,Oskar Lyberopoulos,2022,FI3B,46432,False,22,10,0,900,0,0,0,0,0
785865,Oskar Lyberopoulos,2021,KOG1,72487,False,1,1,0,90,0,0,0,0,0
785865,Oskar Lyberopoulos,2021,FIS,46432,False,3,1,0,90,0,0,0,0,0
785865,Oskar Lyberopoulos,2021,FI3B,46432,False,24,4,0,360,0,0,0,0,0
785865,Oskar Lyberopoulos,2020,FI3B,46432,False,4,0,0,0,0,0,0,0,0
785865,Oskar Lyberopoulos,2019,FI3A,46432,False,1,0,0,0,0,0,0,0,0
392655,Bogdan Milovanov,2025,SEC,7945,False,6,4,0,153,0,0,0,0,1
392655,Bogdan Milovanov,2025,SE1,7945,False,16,0,0,0,0,0,0,0,0
392655,Bogdan Milovanov,2024,SEC,7945,False,3,3,0,167,0,0,0,0,0
392655,Bogdan Milovanov,2024,SE1,7945,False,30,15,0,568,0,1,4,0,2
392655,Bogdan Milovanov,2023,POPO,8024,False,3,2,0,210,0,0,0,0,1
392655,Bogdan Milovanov,2023,POCP,8024,False,3,3,0,149,0,0,0,0,0
392655,Bogdan Milovanov,2023,PO1,8024,False,34,22,2,1200,0,0,4,0,3
392655,Bogdan Milovanov,2023,ECLQ,8024,False,2,0,0,0,0,0,0,0,0
392655,Bogdan Milovanov,2022,POPO,8024,False,3,1,0,46,0,0,0,0,0
392655,Bogdan Milovanov,2022,POCP,8024,False,6,5,0,271,0,0,0,0,0
392655,Bogdan Milovanov,2022,PO1,8024,False,34,15,0,988,0,0,2,0,4
392655,Bogdan Milovanov,2021,ES2,2448,False,42,28,0,2057,1,0,15,1,3
392655,Bogdan Milovanov,2021,CDR,2448,False,4,3,0,300,1,0,4,1,0
392655,Bogdan Milovanov,2020,ES3A,12331,False,1,1,0,90,0,0,0,0,0
392655,Bogdan Milovanov,2020,ES2,2448,False,42,23,6,1879,0,1,5,0,4
392655,Bogdan Milovanov,2020,E3FD,12331,False,1,1,0,90,0,0,0,0,0
392655,Bogdan Milovanov,2020,CDR,2448,False,3,2,0,180,0,0,2,1,0
392655,Bogdan Milovanov,2019,U21Q,16274,True,9,3,0,206,1,0,0,0,0
392655,Bogdan Milovanov,2019,FS,16274,True,2,0,0,0,0,0,0,0,0
392655,Bogdan Milovanov,2019,ES3A,12331,False,28,11,3,989,0,0,0,0,3
392655,Bogdan Milovanov,2019,ES2,2448,False,16,9,4,754,0,0,4,1,3
392655,Bogdan Milovanov,2018,FS,16274,True,6,4,0,270,0,0,0,0,0
392655,Bogdan Milovanov,2018,ES3B,12331,False,38,29,1,2570,1,0,0,0,6
392655,Bogdan Milovanov,2017,ES3A,11245,False,38,22,0,1641,1,0,0,0,4
392655,Bogdan Milovanov,2017,CEF1,11245,False,4,4,0,360,0,0,0,0,0
392655,Bogdan Milovanov,2015,ES3B,8510,False,38,9,0,672,0,0,0,0,1
319162,Ayo Obileye,2025,FIS,23564,False,1,0,0,0,0,0,0,0,0
319162,Ayo Obileye,2025,FIL,23564,False,5,3,0,152,0,0,0,0,0
319162,Ayo Obileye,2025,FI1,23564,False,19,18,0,1438,2,0,10,2,2
319162,Ayo Obileye,2025,ECLQ,23777,False,2,2,0,135,0,1,0,0,0
319162,Ayo Obileye,2024,FIS,23777,False,3,2,0,106,0,0,0,0,0
319162,Ayo Obileye,2024,FI1,23777,False,13,10,0,532,1,0,6,1,2
319162,Ayo Obileye,2024,F1CL,23777,False,10,8,0,577,1,0,7,4,2
319162,Ayo Obileye,2023,SFA,1241,False,3,2,0,210,0,0,2,0,0
319162,Ayo Obileye,2023,SCPA,1241,False,5,3,0,124,0,0,1,1,0
319162,Ayo Obileye,2023,SCP,1241,False,6,6,0,532,1,1,3,1,0
319162,Ayo Obileye,2023,SC1,1241,False,33,27,0,2413,0,0,28,7,4
319162,Ayo Obileye,2023,CSL,35272,False,15,15,0,1313,2,0,12,4,2
319162,Ayo Obileye,2023,CHFA,35272,False,1,0,0,0,0,0,0,0,0
319162,Ayo Obileye,2022,SFA,1241,False,2,2,0,98,0,0,4,1,0
319162,Ayo Obileye,2022,SCPA,1241,False,5,0,5,0,0,0,0,0,0
319162,Ayo Obileye,2022,SCP,1241,False,5,3,0,270,0,1,4,2,1
319162,Ayo Obileye,2022,SC1,1241,False,33,25,6,1974,1,0,22,8,1
319162,Ayo Obileye,2021,SFA,1241,False,2,2,0,210,1,0,0,0,0
319162,Ayo Obileye,2021,SCPA,1241,False,5,4,0,279,0,0,0,0,1
319162,Ayo Obileye,2021,SCP,1241,False,6,6,0,427,1,0,3,1,0
319162,Ayo Obileye,2021,SC1,1241,False,33,30,2,2589,4,1,29,10,4
319162,Ayo Obileye,2020,SFA,3001,False,2,2,0,180,0,0,0,0,0
319162,Ayo Obileye,2020,SCP,3001,False,4,4,0,360,0,1,0,0,0
319162,Ayo Obileye,2020,SC2,3001,False,27,27,0,2372,9,0,0,0,2
319162,Ayo Obileye,2019,FAC,2797,False,1,0,0,0,0,0,0,0,0
319162,Ayo Obileye,2019,CNAT,2797,False,39,27,1,1943,3,0,0,0,2
319162,Ayo Obileye,2018,FAC,7123,False,1,1,0,90,0,0,2,0,0
319162,Ayo Obileye,2018,CNAT,7123,False,46,37,4,3157,4,0,0,0,8
319162,Ayo Obileye,2017,CNAT,10391,False,46,34,0,2307,7,2,0,0,6
319162,Ayo Obileye,2016,FAC,10391,False,5,3,0,114,1,0,0,0,0
319162,Ayo Obileye,2016,CNAT,3936,False,7,3,0,58,0,0,0,0,0
319162,Ayo Obileye,2016,CNAT,10391,False,39,16,0,863,3,0,0,0,3
319162,Ayo Obileye,2015,GBFL,3696,False,3,3,0,172,0,0,0,0,2
319162,Ayo Obileye,2015,GB4,3696,False,23,16,0,1355,0,0,0,0,3
319162,Ayo Obileye,2015,GB2,358,False,22,0,0,0,0,0,0,0,0
319162,Ayo Obileye,2015,FAC,3696,False,4,2,0,210,1,0,0,0,0
319162,Ayo Obileye,2015,FAC,358,False,1,0,0,0,0,0,0,0,0
319162,Ayo Obileye,2014,GB4,3696,False,30,26,0,2215,2,2,0,0,6
319162,Ayo Obileye,2014,GB21,9259,False,1,1,0,90,0,0,0,0,0
319162,Ayo Obileye,2014,GB2,358,False,6,0,0,0,0,0,0,0,0
319162,Ayo Obileye,2014,FAC,3696,False,1,0,0,0,0,0,0,0,0
319162,Ayo Obileye,2013,21PL,37758,False,1,0,0,0,0,0,0,0,0
319162,Ayo Obileye,2011,GBFL,1035,False,1,1,0,90,0,0,0,0,0
319162,Ayo Obileye,2011,GB3,1035,False,41,0,0,0,0,0,0,0,0
319162,Ayo Obileye,2011,FAC,1035,False,5,0,0,0,0,0,0,0,0
543492,Edmund Arko-Mensah,2025,FIS,23564,False,1,0,0,0,0,0,0,0,0
543492,Edmund Arko-Mensah,2025,FIL,23564,False,5,3,0,270,0,1,0,0,0
543492,Edmund Arko-Mensah,2025,FI1,23564,False,19,15,0,1214,1,3,15,2,4
543492,Edmund Arko-Mensah,2024,FIS,23564,False,4,1,0,76,0,0,0,0,1
543492,Edmund Arko-Mensah,2024,FIL,23564,False,5,3,0,173,0,0,0,0,0
543492,Edmund Arko-Mensah,2024,FI1,23564,False,22,18,0,1486,3,2,19,9,6
543492,Edmund Arko-Mensah,2024,F1CL,23564,False,10,7,0,536,0,0,4,2,4
543492,Edmund Arko-Mensah,2023,GESC,11344,False,1,0,0,0,0,0,0,0,0
543492,Edmund Arko-Mensah,2023,GE1N,11344,False,18,4,0,50,0,0,0,0,0
543492,Edmund Arko-Mensah,2023,ECLQ,5411,False,2,1,0,33,0,0,0,0,0
543492,Edmund Arko-Mensah,2022,FIS,5411,False,5,3,0,188,0,0,0,0,0
543492,Edmund Arko-Mensah,2022,FIL,5411,False,5,2,0,69,0,0,0,0,1
543492,Edmund Arko-Mensah,2022,FI1,5411,False,22,19,0,1437,1,3,23,12,3
543492,Edmund Arko-Mensah,2022,F1CL,5411,False,5,3,0,225,1,0,4,2,3
543492,Edmund Arko-Mensah,2022,F1CE,5411,False,4,4,0,296,1,0,6,2,1
543492,Edmund Arko-Mensah,2022,23AC,46770,True,3,3,0,270,0,0,2,1,0
543492,Edmund Arko-Mensah,2021,FIS,5411,False,1,1,0,21,0,0,0,0,0
543492,Edmund Arko-Mensah,2021,FIL,5411,False,6,4,0,125,1,0,0,0,1
543492,Edmund Arko-Mensah,2021,FI1,5411,False,22,22,0,1408,2,1,0,0,3
543492,Edmund Arko-Mensah,2021,F1CL,5411,False,5,3,0,206,1,0,0,0,1
543492,Edmund Arko-Mensah,2021,ECLQ,5411,False,4,4,0,178,0,1,0,0,2
543492,Edmund Arko-Mensah,2020,FIS,5411,False,6,5,0,174,0,0,0,0,1
543492,Edmund Arko-Mensah,2020,FI1,5411,False,22,19,0,1132,2,2,0,0,6
543492,Edmund Arko-Mensah,2020,F1CC,5411,False,5,4,0,335,0,1,0,0,1
543492,Edmund Arko-Mensah,2020,ELQ,5411,False,1,0,0,0,0,0,0,0,0
543492,Edmund Arko-Mensah,2019,GHPL,18743,False,1,0,0,0,0,0,0,0,0
543492,Edmund Arko-Mensah,2019,FIS,5411,False,7,5,0,53,0,0,0,0,0
543492,Edmund Arko-Mensah,2019,FI3A,23075,False,3,2,0,135,1,0,0,0,0
543492,Edmund Arko-Mensah,2019,FI1,5411,False,22,17,0,342,0,0,0,0,2
543492,Edmund Arko-Mensah,2017,GHPL,35137,False,15,8,0,713,1,0,0,0,2
543492,Edmund Arko-Mensah,2016,17WC,23131,True,5,3,0,168,0,1,0,0,0
543492,Edmund Arko-Mensah,2016,17AC,23131,True,5,5,0,304,0,0,0,0,0
1370276,Rachide Gnanou,2025,FS,5872,True,2,2,0,135,0,0,0,0,0
1370276,Rachide Gnanou,2025,FIS,23564,False,1,0,0,0,0,0,0,0,0
1370276,Rachide Gnanou,2025,FIL,23564,False,5,4,0,266,0,0,0,0,0
1370276,Rachide Gnanou,2025,FI1,23564,False,19,18,0,1563,1,0,13,4,0
1370276,Rachide Gnanou,2024,FIS,23564,False,4,3,0,270,0,1,0,0,1
1370276,Rachide Gnanou,2024,FIL,23564,False,4,4,0,315,0,0,0,0,1
1370276,Rachide Gnanou,2024,FI1,23564,False,22,18,0,1620,4,0,15,5,4
1370276,Rachide Gnanou,2024,F1CL,23564,False,10,8,0,717,2,0,6,2,3
747232,Marcelo Costa,2025,FIS,23564,False,1,1,0,45,0,0,0,0,0
747232,Marcelo Costa,2025,FIL,23564,False,5,4,0,133,0,1,0,0,0
747232,Marcelo Costa,2025,FI1,23564,False,19,18,0,1339,2,1,7,3,2
747232,Marcelo Costa,2024,FIS,23564,False,4,0,4,0,0,0,0,0,0
747232,Marcelo Costa,2024,FIL,23564,False,4,4,0,308,0,0,0,0,1
747232,Marcelo Costa,2024,FI1,23564,False,22,0,22,0,0,0,0,0,0
747232,Marcelo Costa,2024,F1CL,23564,False,10,0,10,0,0,0,0,0,0
747232,Marcelo Costa,2023,FIYK,11149,False,22,22,0,1877,0,0,0,0,3
747232,Marcelo Costa,2023,FIS,11149,False,3,3,0,225,0,1,0,0,0
747232,Marcelo Costa,2023,FI3P,11149,False,5,5,0,450,0,0,0,0,1
747232,Marcelo Costa,2022,FIS,11149,False,3,1,0,90,0,0,0,0,0
747232,Marcelo Costa,2022,FIKP,11149,False,2,2,0,180,1,0,0,0,0
747232,Marcelo Costa,2022,FI3B,11149,False,22,18,0,1581,1,0,0,0,4
747232,Marcelo Costa,2021,KOG2,75734,False,22,18,0,1430,1,0,0,0,4
747232,Marcelo Costa,2021,FJE,20880,False,1,1,0,90,0,0,0,0,0
747232,Marcelo Costa,2021,FIS,75734,False,1,0,0,0,0,0,0,0,0
747232,Marcelo Costa,2021,FIS,11149,False,4,2,0,40,0,0,0,0,0
747232,Marcelo Costa,2021,FIP1,75734,False,2,2,0,180,0,0,0,0,0
747232,Marcelo Costa,2021,FINJ,20880,False,18,5,0,385,0,0,0,0,1
747232,Marcelo Costa,2021,FI4P,75734,False,2,0,0,0,0,0,0,0,0
747232,Marcelo Costa,2021,FI3A,11149,False,22,0,0,0,0,0,0,0,0
747232,Marcelo Costa,2020,KOG3,75734,False,1,1,0,90,0,0,0,0,0
747232,Marcelo Costa,2020,FINJ,20880,False,14,13,0,995,1,0,0,0,0
747232,Marcelo Costa,2020,FI3A,11149,False,11,9,0,439,0,0,0,0,0
747232,Marcelo Costa,2019,FJE,20880,False,11,11,0,990,0,0,0,0,2
747232,Marcelo Costa,2019,FINJ,20880,False,6,6,0,533,0,0,0,0,1
904841,Max Bjurström,2025,SEC,699,False,1,1,0,28,0,0,0,0,0
904841,Max Bjurström,2025,FIS,23564,False,1,0,0,0,0,0,0,0,0
904841,Max Bjurström,2025,FIL,23564,False,2,2,0,136,0,0,0,0,0
904841,Max Bjurström,2025,FI1,23564,False,19,6,0,271,0,0,0,0,0
904841,Max Bjurström,2024,SEC,699,False,3,0,0,0,0,0,0,0,0
904841,Max Bjurström,2024,SE2,699,False,30,3,0,8,1,0,0,0,0
904841,Max Bjurström,2023,NOPO,76,False,4,0,0,0,0,0,0,0,0
904841,Max Bjurström,2023,NO32,13233,False,8,8,0,660,0,0,0,0,0
904841,Max Bjurström,2023,NO2,76,False,20,0,0,0,0,0,0,0,0
904841,Max Bjurström,2022,U17Q,26471,True,6,5,0,318,0,0,0,0,1
904841,Max Bjurström,2022,RTIP,76,False,2,0,0,0,0,0,0,0,0
904841,Max Bjurström,2022,NOPO,76,False,6,0,0,0,0,0,0,0,0
904841,Max Bjurström,2022,NO31,35029,False,26,24,0,2133,1,1,0,0,0
904841,Max Bjurström,2022,NO1,76,False,30,0,0,0,0,0,0,0,0
904841,Max Bjurström,2022,FS,36495,True,7,5,0,374,0,1,0,0,0
904841,Max Bjurström,2022,FS,26471,True,2,1,0,45,0,0,0,0,0
904841,Max Bjurström,2021,NOPO,76,False,3,0,3,0,0,0,0,0,0
904841,Max Bjurström,2021,NO32,35029,False,25,16,7,1393,0,0,0,0,0
904841,Max Bjurström,2021,NO1,76,False,30,0,9,0,0,0,0,0,0
904841,Max Bjurström,2021,FS,38018,True,7,6,0,348,0,0,0,0,0
904841,Max Bjurström,2021,FS,36495,True,6,4,2,210,0,0,0,0,0
904841,Max Bjurström,2021,FS,26471,True,2,0,0,0,0,0,0,0,0
904841,Max Bjurström,2021,ECLQ,76,False,2,0,0,0,0,0,0,0,0
904841,Max Bjurström,2020,NOPO,76,False,3,0,0,0,0,0,0,0,0
904841,Max Bjurström,2020,NO31,35029,False,24,10,0,601,0,0,0,0,1
904841,Max Bjurström,2020,NO1,76,False,30,0,0,0,0,0,0,0,0
741583,Lucas von Hellens,2025,FIS,23564,False,1,0,0,0,0,0,0,0,0
741583,Lucas von Hellens,2025,FIL,23564,False,5,0,0,0,0,0,0,0,0
741583,Lucas von Hellens,2025,FI1,23564,False,19,0,0,0,0,0,0,0,0
741583,Lucas von Hellens,2024,KOG2,46561,False,1,1,0,78,0,0,0,0,0
741583,Lucas von Hellens,2024,FI1,23564,False,9,3,0,31,0,0,0,0,1
741583,Lucas von Hellens,2024,F1CL,23564,False,10,2,0,22,0,0,0,0,1
741583,Lucas von Hellens,2024,CPSB,10787,False,26,17,0,1485,0,0,0,0,5
741583,Lucas von Hellens,2023,FS,20796,True,2,2,0,180,0,0,0,0,1
741583,Lucas von Hellens,2023,FS,20794,True,2,1,0,90,0,0,0,0,0
741583,Lucas von Hellens,2023,CPSA,10787,False,26,0,0,0,0,0,0,0,0
741583,Lucas von Hellens,2022,P23Q,67837,False,1,1,0,90,0,0,0,0,0
741583,Lucas von Hellens,2022,FS,20793,True,6,4,0,232,0,0,0,0,0
741583,Lucas von Hellens,2021,U17Q,20792,True,6,6,0,540,1,0,0,0,0
741583,Lucas von Hellens,2021,FS,20792,True,2,0,0,0,0,0,0,0,0
741583,Lucas von Hellens,2019,FS,34682,True,3,3,0,160,0,0,0,0,0
890601,Benjamin Dahlström,2025,FIS,23564,False,1,1,0,45,0,0,0,0,0
890601,Benjamin Dahlström,2025,FIL,23564,False,5,1,0,27,0,0,0,0,0
890601,Benjamin Dahlström,2025,FI1,23564,False,19,3,0,77,0,0,0,0,0
890601,Benjamin Dahlström,2024,POFI,2275,False,2,2,0,162,0,0,0,0,0
890601,Benjamin Dahlström,2024,KOG2,46561,False,1,1,0,90,0,0,0,0,0
890601,Benjamin Dahlström,2024,FIS,23564,False,4,3,0,191,0,0,0,0,0
890601,Benjamin Dahlström,2024,FIL,23564,False,5,5,0,259,0,0,0,0,0
890601,Benjamin Dahlström,2024,FI2,2275,False,10,10,0,886,1,0,0,0,1
890601,Benjamin Dahlström,2024,FI1,23564,False,17,1,0,22,0,0,1,1,0
890601,Benjamin Dahlström,2023,YKCP,21520,False,4,4,0,315,1,0,0,0,0
890601,Benjamin Dahlström,2023,UCOL,1008,False,6,0,0,0,0,0,0,0,0
890601,Benjamin Dahlström,2023,FIS,21520,False,3,1,0,45,0,0,0,0,0
890601,Benjamin Dahlström,2023,FI2,21520,False,27,26,0,2320,1,4,0,0,5
890601,Benjamin Dahlström,2023,ELQ,1008,False,2,0,0,0,0,0,0,0,0
890601,Benjamin Dahlström,2023,ECLQ,1008,False,2,0,0,0,0,0,0,0,0
890601,Benjamin Dahlström,2023,CLQ,1008,False,4,0,0,0,0,0,0,0,0
890601,Benjamin Dahlström,2022,FIS,1008,False,1,0,0,0,0,0,0,0,0
890601,Benjamin Dahlström,2022,FIL,1008,False,4,1,0,90,0,0,0,0,0
890601,Benjamin Dahlström,2022,FIKP,11131,False,2,0,0,0,0,0,0,0,0
890601,Benjamin Dahlström,2022,FI3A,11131,False,22,14,0,1014,0,0,0,0,2
890601,Benjamin Dahlström,2022,FI1,1008,False,22,0,0,0,0,0,0,0,0
890601,Benjamin Dahlström,2022,F1CL,1008,False,5,0,0,0,0,0,0,0,0
890601,Benjamin Dahlström,2021,KP3B,11131,False,3,1,0,71,0,0,0,0,0
890601,Benjamin Dahlström,2021,FIS,11131,False,3,2,0,59,0,0,0,0,0
890601,Benjamin Dahlström,2021,FI3B,11131,False,24,14,0,640,0,0,0,0,2
890601,Benjamin Dahlström,2020,FIS,11131,False,3,0,0,0,0,0,0,0,0
890601,Benjamin Dahlström,2020,FI3A,20957,False,22,19,0,1115,3,0,0,0,0
88257,Juhani Ojala,2025,FIS,23564,False,1,0,0,0,0,0,0,0,0
88257,Juhani Ojala,2025,FIL,23564,False,5,4,0,243,0,1,0,0,0
88257,Juhani Ojala,2025,FI1,23564,False,19,9,0,444,0,0,0,0,1
88257,Juhani Ojala,2024,FIS,23564,False,4,1,0,90,0,0,0,0,0
88257,Juhani Ojala,2024,FIL,23564,False,5,5,0,257,0,0,0,0,1
88257,Juhani Ojala,2024,FI1,23564,False,22,20,0,1757,2,0,12,5,3
88257,Juhani Ojala,2024,F1CL,23564,False,10,9,0,714,0,0,2,1,0
88257,Juhani Ojala,2023,FIS,23564,False,2,0,0,0,0,0,0,0,0
88257,Juhani Ojala,2023,FIL,23564,False,5,5,0,363,0,1,0,0,0
88257,Juhani Ojala,2023,FI1,23564,False,22,20,0,1745,0,0,13,3,8
88257,Juhani Ojala,2023,F1CE,23564,False,2,1,0,90,0,0,0,0,0
88257,Juhani Ojala,2023,F1CC,23564,False,5,4,0,342,0,0,2,1,1
88257,Juhani Ojala,2022,ZYPA,3393,False,14,5,0,112,0,0,0,0,1
88257,Juhani Ojala,2022,ZYP1,3393,False,8,5,0,239,0,0,0,0,1
88257,Juhani Ojala,2022,SCP,987,False,1,0,0,0,0,0,0,0,0
88257,Juhani Ojala,2022,SC1,987,False,5,0,0,0,0,0,0,0,0
88257,Juhani Ojala,2022,FIS,5411,False,2,0,0,0,0,0,0,0,0
88257,Juhani Ojala,2022,FI3B,23075,False,1,1,0,79,0,0,0,0,0
88257,Juhani Ojala,2022,FI1,5411,False,6,0,0,0,0,0,0,0,0
88257,Juhani Ojala,2022,F1CL,5411,False,5,2,0,121,0,0,1,1,0
88257,Juhani Ojala,2022,F1CE,5411,False,4,2,0,142,0,0,0,0,0
88257,Juhani Ojala,2022,ECLQ,987,False,2,0,0,0,0,0,0,0,0
88257,Juhani Ojala,2022,CPO1,3393,False,3,2,0,180,0,0,0,0,1
88257,Juhani Ojala,2021,SFA,987,False,3,2,0,135,0,0,1,1,0
88257,Juhani Ojala,2021,SCPM,987,False,5,4,0,263,0,0,2,0,2
88257,Juhani Ojala,2021,SCP,987,False,1,1,0,90,0,0,1,0,0
88257,Juhani Ojala,2021,SC1,987,False,33,17,6,1157,1,1,8,3,1
88257,Juhani Ojala,2021,FS,3443,True,1,0,0,0,0,0,0,0,0
88257,Juhani Ojala,2021,DK1,443,False,2,0,0,0,0,0,0,0,0
88257,Juhani Ojala,2020,WMQ6,3443,True,6,0,0,0,0,0,0,0,0
88257,Juhani Ojala,2020,UNLB,3443,True,6,2,0,180,0,0,1,0,0
88257,Juhani Ojala,2020,FS,3443,True,5,4,0,308,0,0,1,0,0
88257,Juhani Ojala,2020,EURO,3443,True,3,0,0,0,0,0,0,0,0
88257,Juhani Ojala,2020,DKRE,67889,False,1,1,0,90,0,0,0,0,0
88257,Juhani Ojala,2020,DKP,443,False,5,1,0,90,0,0,0,0,0
88257,Juhani Ojala,2020,DKAR,443,False,10,6,2,321,0,0,1,1,0
88257,Juhani Ojala,2020,DK1,443,False,22,17,0,1307,1,1,8,4,1
88257,Juhani Ojala,2019,SEC,1109,False,1,1,0,90,0,0,0,0,0
88257,Juhani Ojala,2019,ELQ,1109,False,2,1,0,19,0,0,0,0,0
88257,Juhani Ojala,2019,DKP,443,False,1,0,0,0,0,0,0,0,0
88257,Juhani Ojala,2019,DK2,443,False,27,22,1,1846,2,0,0,0,4
88257,Juhani Ojala,2018,UNLC,3443,True,6,0,0,0,0,0,0,0,0
88257,Juhani Ojala,2018,SEC,1109,False,7,0,0,0,0,0,0,0,0
88257,Juhani Ojala,2018,SE1,1109,False,21,3,0,175,1,1,1,1,1
88257,Juhani Ojala,2018,FS,3443,True,2,2,0,157,0,0,0,0,0
88257,Juhani Ojala,2018,EMQ,3443,True,10,0,0,0,0,0,0,0,0
88257,Juhani Ojala,2018,ELQ,1109,False,4,0,0,0,0,0,0,0,0
88257,Juhani Ojala,2017,SEC,1109,False,5,5,0,450,0,0,0,0,0
88257,Juhani Ojala,2017,SE1,1109,False,30,6,0,248,0,0,1,0,2
88257,Juhani Ojala,2017,FS,3443,True,6,2,0,180,0,0,0,0,0
88257,Juhani Ojala,2016,WMQ6,3443,True,10,4,1,303,0,0,0,0,0
88257,Juhani Ojala,2016,SEC,1109,False,5,0,0,0,0,0,0,0,0
88257,Juhani Ojala,2016,SE1,1109,False,30,23,3,1852,3,0,0,0,3
88257,Juhani Ojala,2016,S21S,7903,False,3,2,0,180,0,0,0,0,0
88257,Juhani Ojala,2016,FS,3443,True,5,3,0,143,1,0,0,0,0
88257,Juhani Ojala,2016,FIS,23777,False,3,1,0,90,1,0,0,0,0
88257,Juhani Ojala,2015,RUP,3725,False,1,0,0,0,0,0,0,0,0
88257,Juhani Ojala,2015,RU1,3725,False,14,0,0,0,0,0,0,0,0
88257,Juhani Ojala,2015,FS,3443,True,6,0,0,0,0,0,0,0,0
88257,Juhani Ojala,2015,FIS,23777,False,1,1,0,90,0,0,0,0,0
88257,Juhani Ojala,2015,FI1,23777,False,9,9,0,810,0,0,0,0,1
88257,Juhani Ojala,2015,ELQ,1008,False,2,2,0,154,0,0,0,0,1
88257,Juhani Ojala,2015,CLQ,1008,False,2,0,0,0,0,0,0,0,0
88257,Juhani Ojala,2014,RUP,3725,False,1,1,0,90,0,0,0,0,1
88257,Juhani Ojala,2014,RU1,3725,False,30,1,16,34,0,0,0,0,0
88257,Juhani Ojala,2014,FS,3443,True,4,0,2,0,0,0,0,0,0
88257,Juhani Ojala,2014,FIS,1008,False,1,0,0,0,0,0,0,0,0
88257,Juhani Ojala,2014,FI1,1008,False,12,4,0,315,0,0,0,0,1
88257,Juhani Ojala,2014,EMQ,3443,True,10,1,1,90,0,0,0,0,0
88257,Juhani Ojala,2013,RUP,3725,False,3,1,0,90,0,0,0,0,0
88257,Juhani Ojala,2013,RU1,3725,False,30,20,0,1702,0,0,0,0,2
88257,Juhani Ojala,2013,FS,3443,True,7,5,0,336,0,0,0,0,0
88257,Juhani Ojala,2012,WMQ6,3443,True,8,2,1,180,0,0,0,0,1
88257,Juhani Ojala,2012,SCC,452,False,3,1,1,90,0,0,0,0,0
88257,Juhani Ojala,2012,RUP,3725,False,1,0,0,0,0,0,0,0,0
88257,Juhani Ojala,2012,RU1,3725,False,11,3,2,257,0,1,0,0,1
88257,Juhani Ojala,2012,FS,3443,True,7,3,1,225,0,0,0,0,0
88257,Juhani Ojala,2012,ELQ,452,False,6,5,0,450,0,0,0,0,0
88257,Juhani Ojala,2012,EL,452,False,6,5,0,427,1,0,0,0,0
88257,Juhani Ojala,2012,C1,452,False,19,12,0,946,0,0,0,0,3
88257,Juhani Ojala,2011,SCC,452,False,3,2,0,118,1,0,0,0,1
88257,Juhani Ojala,2011,FS,3443,True,6,3,0,83,0,0,0,0,0
88257,Juhani Ojala,2011,ELQ,452,False,2,0,0,0,0,0,0,0,0
88257,Juhani Ojala,2011,CR1,5508,False,1,1,0,90,0,0,0,0,0
88257,Juhani Ojala,2011,CLQ,1008,False,4,2,0,180,0,0,0,0,0
88257,Juhani Ojala,2011,C1,452,False,30,11,0,615,0,0,0,0,1
88257,Juhani Ojala,2010,FIS,1008,False,2,2,0,180,0,0,0,0,0
88257,Juhani Ojala,2010,FIL,1008,False,2,1,0,90,0,0,0,0,0
88257,Juhani Ojala,2010,FI1,1008,False,20,17,0,1463,1,0,0,0,2
88257,Juhani Ojala,2010,ELQ,1008,False,2,2,0,180,0,0,0,0,0
88257,Juhani Ojala,2010,CLQ,1008,False,4,4,0,390,1,0,0,0,1
88257,Juhani Ojala,2009,U21Q,20796,True,8,2,0,180,0,0,0,0,1
88257,Juhani Ojala,2009,FS,20796,True,4,3,0,135,0,0,0,0,0
88257,Juhani Ojala,2009,FIS,1008,False,4,4,0,360,1,0,0,0,0
88257,Juhani Ojala,2009,FI1,1008,False,26,24,0,2093,0,1,0,0,1
88257,Juhani Ojala,2009,ELQ,1008,False,2,0,0,0,0,0,0,0,0
88257,Juhani Ojala,2008,FS,20796,True,3,1,0,45,0,0,0,0,0
88257,Juhani Ojala,2008,FS,20795,True,3,3,0,225,0,0,0,0,1
88257,Juhani Ojala,2008,FIS,1008,False,1,1,0,81,0,0,0,0,0
88257,Juhani Ojala,2008,FIL,1008,False,9,3,0,185,0,0,0,0,0
88257,Juhani Ojala,2008,FI2,11131,False,26,14,0,1162,1,0,0,0,0
88257,Juhani Ojala,2008,FI1,1008,False,26,4,0,205,0,1,0,0,0
88257,Juhani Ojala,2008,21EU,20796,True,3,0,0,0,0,0,0,0,0
88257,Juhani Ojala,2007,U19Q,20794,True,3,1,0,90,0,0,0,0,0
88257,Juhani Ojala,2007,FIS,1008,False,2,0,0,0,0,0,0,0,0
88257,Juhani Ojala,2007,FI1,1008,False,7,1,0,1,0,0,0,0,0
1401535,Noah Rossi,2025,FIS,17396,False,1,0,0,0,0,0,0,0,0
1401535,Noah Rossi,2025,FI3B,17396,False,12,9,0,765,1,0,0,0,2
1401535,Noah Rossi,2025,FI1,23564,False,4,0,0,0,0,0,0,0,0
1401535,Noah Rossi,2025,F18Q,140344,False,11,11,0,990,3,0,0,0,1
1401535,Noah Rossi,2024,KOG1,97250,False,16,5,0,450,0,0,0,0,0
1401535,Noah Rossi,2024,FP3A,17396,False,3,3,0,142,0,0,0,0,0
1401535,Noah Rossi,2024,FI3A,17396,False,1,1,0,45,0,0,0,0,0
1303455,Samuel Heikari,2025,U17Q,20792,True,6,5,0,450,0,0,0,0,0
1303455,Samuel Heikari,2025,FS,20792,True,5,5,0,370,0,0,0,0,0
1303455,Samuel Heikari,2025,FIYK,20957,False,5,5,0,359,1,0,0,0,2
1303455,Samuel Heikari,2025,FIS,23564,False,1,1,0,90,0,0,0,0,0
1303455,Samuel Heikari,2025,FIL,23564,False,5,4,0,198,0,0,0,0,0
1303455,Samuel Heikari,2025,FI1,23564,False,19,0,0,0,0,0,0,0,0
1303455,Samuel Heikari,2025,F18Q,140347,False,9,8,0,720,0,0,0,0,0
1303455,Samuel Heikari,2025,AA17,20792,True,3,3,0,139,0,0,0,0,0
1303455,Samuel Heikari,2024,KOG2,46561,False,8,2,0,135,0,0,0,0,0
1303455,Samuel Heikari,2024,FS,20791,True,9,9,0,553,0,0,0,0,1
1303455,Samuel Heikari,2024,FIS,23564,False,1,0,0,0,0,0,0,0,0
1303455,Samuel Heikari,2024,FIL,23564,False,1,1,0,24,0,0,0,0,0
1303455,Samuel Heikari,2023,KOG3,46561,False,1,1,0,85,0,0,0,0,0
1303455,Samuel Heikari,2023,FS,34682,True,6,6,0,345,0,0,0,0,1
419792,Joakim Latonen,2025,FIS,23564,False,1,1,0,36,0,0,0,0,0
419792,Joakim Latonen,2025,FIL,23564,False,5,4,0,251,1,0,0,0,1
419792,Joakim Latonen,2025,FI1,23564,False,19,18,0,1132,5,5,22,10,2
419792,Joakim Latonen,2024,FIS,23564,False,4,2,0,111,1,1,0,0,1
419792,Joakim Latonen,2024,FIL,23564,False,5,5,0,301,2,5,0,0,0
419792,Joakim Latonen,2024,FI1,23564,False,22,22,0,1620,6,0,40,16,3
419792,Joakim Latonen,2024,F1CL,23564,False,10,10,0,438,0,1,16,4,0
419792,Joakim Latonen,2023,FIS,23564,False,2,2,0,81,0,0,0,0,0
419792,Joakim Latonen,2023,FIL,23564,False,5,3,0,224,3,2,0,0,0
419792,Joakim Latonen,2023,FI1,23564,False,22,22,0,1406,7,2,47,22,3
419792,Joakim Latonen,2023,F1CE,23564,False,2,2,0,202,1,0,5,3,1
419792,Joakim Latonen,2023,F1CC,23564,False,5,5,0,326,3,2,13,6,0
419792,Joakim Latonen,2022,YKCP,23564,False,4,4,0,271,1,0,0,0,1
419792,Joakim Latonen,2022,YKAU,23564,False,5,5,0,399,7,0,0,0,0
419792,Joakim Latonen,2022,POFI,23564,False,2,2,0,180,0,0,4,0,0
419792,Joakim Latonen,2022,FIS,23564,False,3,1,0,70,0,0,0,0,0
419792,Joakim Latonen,2022,FI2P,23564,False,1,1,0,115,1,1,0,0,0
419792,Joakim Latonen,2022,FI2,23564,False,22,21,0,1763,11,4,0,0,3
419792,Joakim Latonen,2021,FIS,6017,False,4,4,0,345,0,1,0,0,1
419792,Joakim Latonen,2021,FIL,6017,False,3,3,0,270,1,1,0,0,0
419792,Joakim Latonen,2021,FI1,6017,False,22,19,0,1077,2,3,0,0,0
419792,Joakim Latonen,2021,F1CC,6017,False,5,1,0,25,0,0,0,0,0
419792,Joakim Latonen,2020,YKAU,2275,False,5,5,0,442,2,1,0,0,0
419792,Joakim Latonen,2020,FIS,2275,False,3,3,0,261,1,1,0,0,0
419792,Joakim Latonen,2020,FI2,2275,False,22,20,0,1614,9,6,0,0,2
419792,Joakim Latonen,2019,POFI,2275,False,2,2,0,167,0,0,0,0,0
419792,Joakim Latonen,2019,FIS,2275,False,7,7,0,465,2,0,0,0,0
419792,Joakim Latonen,2019,FI1,2275,False,22,18,0,977,1,0,0,0,2
419792,Joakim Latonen,2018,POFI,2275,False,2,2,0,129,0,0,0,0,0
419792,Joakim Latonen,2018,FIS,2275,False,4,4,0,272,1,1,0,0,0
419792,Joakim Latonen,2018,FI2,2275,False,27,23,0,1428,3,4,0,0,2
419792,Joakim Latonen,2017,POFI,2275,False,2,0,0,0,0,0,0,0,0
419792,Joakim Latonen,2017,FIS,2275,False,5,3,0,138,0,0,0,0,0
419792,Joakim Latonen,2017,FI3B,23198,False,22,8,0,681,6,0,0,0,1
419792,Joakim Latonen,2017,FI1,2275,False,33,11,0,579,0,0,0,0,0
419792,Joakim Latonen,2016,FJE,15697,False,18,18,0,1512,8,0,0,0,0
419792,Joakim Latonen,2016,FINJ,15697,False,9,8,0,720,0,0,0,0,1
419792,Joakim Latonen,2015,FJE,15697,False,18,14,0,949,5,0,0,0,3
419792,Joakim Latonen,2015,FINJ,15697,False,8,7,0,504,0,0,0,0,2
340694,Sergey Eremenko,2025,FIS,23564,False,1,0,0,0,0,0,0,0,0
340694,Sergey Eremenko,2025,FIL,23564,False,5,5,0,377,2,1,0,0,0
340694,Sergey Eremenko,2025,FI1,23564,False,19,16,0,746,1,0,12,5,0
340694,Sergey Eremenko,2024,FIS,3650,False,6,5,0,266,0,2,0,0,0
340694,Sergey Eremenko,2024,FIL,3650,False,5,1,0,90,0,0,0,0,0
340694,Sergey Eremenko,2024,FI1,3650,False,22,21,0,1854,0,2,45,13,2
340694,Sergey Eremenko,2024,F1CC,3650,False,5,5,0,354,1,1,12,5,0
340694,Sergey Eremenko,2023,YKCP,3650,False,6,6,0,540,1,1,0,0,1
340694,Sergey Eremenko,2023,POFI,3650,False,2,2,0,180,1,0,3,1,0
340694,Sergey Eremenko,2023,FIS,3650,False,2,2,0,40,1,0,0,0,0
340694,Sergey Eremenko,2023,FI2,3650,False,27,27,0,2414,6,12,0,0,4
340694,Sergey Eremenko,2022,YKAB,3650,False,5,5,0,450,2,0,0,0,1
340694,Sergey Eremenko,2022,FIS,3650,False,1,1,0,90,0,0,0,0,0
340694,Sergey Eremenko,2022,FI2,3650,False,22,21,0,1855,4,2,0,0,4
340694,Sergey Eremenko,2021,FIS,20924,False,6,6,0,401,1,2,0,0,1
340694,Sergey Eremenko,2021,FIL,20924,False,4,4,0,298,0,0,0,0,0
340694,Sergey Eremenko,2021,FI1,20924,False,22,16,3,1209,1,0,0,0,4
340694,Sergey Eremenko,2021,F1CC,20924,False,5,1,0,18,0,0,0,0,0
340694,Sergey Eremenko,2020,RUP,14589,False,1,1,0,11,0,0,0,0,0
340694,Sergey Eremenko,2020,RU2,14589,False,27,0,0,0,0,0,0,0,0
340694,Sergey Eremenko,2020,RPLU,61351,False,2,2,0,96,0,1,0,0,0
340694,Sergey Eremenko,2020,POFI,7008,False,2,2,0,112,0,0,0,0,0
340694,Sergey Eremenko,2020,LET1,28936,False,1,0,0,0,0,0,0,0,0
340694,Sergey Eremenko,2020,FI1,7008,False,11,11,0,848,0,0,0,0,0
340694,Sergey Eremenko,2020,F1CC,7008,False,5,4,0,360,0,0,0,0,0
340694,Sergey Eremenko,2019,LETP,28936,False,1,0,0,0,0,0,0,0,0
340694,Sergey Eremenko,2019,LET1,28936,False,21,16,0,1030,0,2,0,0,2
340694,Sergey Eremenko,2018,RUP,232,False,3,0,0,0,0,0,0,0,0
340694,Sergey Eremenko,2018,RUJL,6189,False,13,10,0,600,1,0,0,0,0
340694,Sergey Eremenko,2018,RU2,40280,False,24,7,0,319,0,0,0,0,0
340694,Sergey Eremenko,2018,RU1,232,False,17,0,0,0,0,0,0,0,0
340694,Sergey Eremenko,2018,LET1,28936,False,13,7,0,394,1,0,0,0,0
340694,Sergey Eremenko,2018,FIS,23777,False,5,4,0,270,0,2,0,0,0
340694,Sergey Eremenko,2018,FI1,23777,False,15,14,0,1010,0,1,0,0,1
340694,Sergey Eremenko,2018,EL,232,False,6,0,0,0,0,0,0,0,0
340694,Sergey Eremenko,2018,CLQ,232,False,2,0,0,0,0,0,0,0,0
340694,Sergey Eremenko,2017,RUP,232,False,2,0,0,0,0,0,0,0,0
340694,Sergey Eremenko,2017,RUJL,6189,False,7,3,0,177,0,1,0,0,0
340694,Sergey Eremenko,2017,RU2,40280,False,13,2,0,59,0,0,0,0,0
340694,Sergey Eremenko,2017,RU1,232,False,9,0,0,0,0,0,0,0,0
340694,Sergey Eremenko,2017,FS,20794,True,5,5,0,378,0,0,0,0,0
340694,Sergey Eremenko,2017,CHPR,5299,False,17,9,0,513,0,1,0,0,0
340694,Sergey Eremenko,2017,19YL,41572,False,6,4,0,218,0,0,0,0,1
340694,Sergey Eremenko,2016,U19Q,20794,True,6,4,0,166,3,1,0,0,1
340694,Sergey Eremenko,2016,CHUC,14322,False,1,0,0,0,0,0,0,0,0
340694,Sergey Eremenko,2016,CHPR,5299,False,6,3,0,103,0,0,0,0,1
340694,Sergey Eremenko,2016,CH18,14322,False,22,10,0,522,4,0,0,0,1
340694,Sergey Eremenko,2016,C18E,14322,False,2,1,0,1,0,0,0,0,0
340694,Sergey Eremenko,2016,19YL,41572,False,3,2,0,173,0,1,0,0,0
340694,Sergey Eremenko,2015,U17Q,20792,True,6,4,0,311,0,0,0,0,0
340694,Sergey Eremenko,2015,FS,20793,True,2,2,0,118,0,0,0,0,0
340694,Sergey Eremenko,2015,FS,20792,True,2,2,0,144,1,0,0,0,0
340694,Sergey Eremenko,2015,FIS,3650,False,2,2,0,180,1,0,0,0,0
340694,Sergey Eremenko,2015,FI2,3650,False,18,11,0,440,0,0,0,0,0
340694,Sergey Eremenko,2014,FS,20792,True,3,1,0,76,2,0,0,0,0
340694,Sergey Eremenko,2014,FS,20791,True,5,5,0,267,3,0,0,0,0
340694,Sergey Eremenko,2014,FIS,3650,False,1,1,0,58,0,0,0,0,0
340694,Sergey Eremenko,2014,FIL,3650,False,4,2,0,173,2,0,0,0,0
340694,Sergey Eremenko,2014,FI3N,21041,False,15,3,0,270,0,0,0,0,1
340694,Sergey Eremenko,2014,FI1,3650,False,33,19,0,632,1,0,0,0,2
340694,Sergey Eremenko,2013,FI1,3650,False,6,2,0,21,0,0,0,0,0
340694,Sergey Eremenko,2006,CH18,14322,False,1,0,0,0,0,0,0,0,0
741586,Gabriel Europaeus,2025,FIS,23564,False,1,0,0,0,0,0,0,0,0
741586,Gabriel Europaeus,2025,FIL,23564,False,5,3,0,198,0,0,0,0,1
741586,Gabriel Europaeus,2025,FI1,23564,False,19,18,0,1597,1,0,14,3,3
741586,Gabriel Europaeus,2024,FIS,23564,False,4,2,0,114,0,0,0,0,0
741586,Gabriel Europaeus,2024,FIL,23564,False,5,0,0,0,0,0,0,0,0
741586,Gabriel Europaeus,2024,FI1,23564,False,22,18,0,941,2,0,6,2,4
741586,Gabriel Europaeus,2024,F1CL,23564,False,10,9,0,782,0,1,1,0,1
741586,Gabriel Europaeus,2023,FIS,23564,False,2,1,0,61,0,0,0,0,0
741586,Gabriel Europaeus,2023,FIL,23564,False,5,1,0,9,0,0,0,0,0
741586,Gabriel Europaeus,2023,FI1,23564,False,22,11,0,767,0,0,6,1,2
741586,Gabriel Europaeus,2023,F1CE,23564,False,2,2,0,175,0,0,0,0,1
741586,Gabriel Europaeus,2023,F1CC,23564,False,5,5,0,306,0,0,2,0,1
741586,Gabriel Europaeus,2022,FJE,20872,False,7,2,0,166,0,0,0,0,1
741586,Gabriel Europaeus,2022,FIS,23075,False,4,3,0,180,0,0,0,0,0
741586,Gabriel Europaeus,2022,FINJ,20872,False,9,2,0,140,0,0,0,0,0
741586,Gabriel Europaeus,2022,FI3B,23075,False,22,9,0,183,0,0,0,0,1
741586,Gabriel Europaeus,2021,ITJF,69001,False,1,0,0,0,0,0,0,0,0
741586,Gabriel Europaeus,2021,ITJ6,69001,False,21,4,0,100,0,0,0,0,0
741586,Gabriel Europaeus,2020,FINJ,20872,False,5,3,0,225,0,0,0,0,0
741586,Gabriel Europaeus,2019,FS,34682,True,3,3,0,140,0,0,0,0,0
1148048,Adam Jouhi,2025,FIS,23564,False,1,1,0,68,0,0,0,0,0
1148048,Adam Jouhi,2025,FIL,23564,False,5,5,0,450,0,0,0,0,2
1148048,Adam Jouhi,2025,FI1,23564,False,19,17,0,959,0,1,6,0,3
1148048,Adam Jouhi,2024,YKCP,17397,False,4,4,0,318,0,0,0,0,0
1148048,Adam Jouhi,2024,FIS,17397,False,2,2,0,43,0,0,0,0,0
1148048,Adam Jouhi,2024,FI4R,17397,False,2,2,0,180,1,1,0,0,0
1148048,Adam Jouhi,2024,FI2,17397,False,27,25,0,2019,1,7,0,0,8
1148048,Adam Jouhi,2023,YKCP,17397,False,4,4,0,172,0,0,0,0,0
1148048,Adam Jouhi,2023,FIS,17397,False,3,1,0,45,0,0,0,0,0
1148048,Adam Jouhi,2023,FI4R,17397,False,2,2,0,173,0,1,0,0,2
1148048,Adam Jouhi,2023,FI2,17397,False,27,23,0,1591,1,0,0,0,4
1148048,Adam Jouhi,2022,FIS,23075,False,1,1,0,90,0,0,0,0,0
44367,Roman Eremenko,2025,FIS,23564,False,1,0,0,0,0,0,0,0,0
44367,Roman Eremenko,2025,FIL,23564,False,5,0,0,0,0,0,0,0,0
44367,Roman Eremenko,2025,FI1,23564,False,19,15,0,914,0,3,21,6,3
44367,Roman Eremenko,2024,FIS,23564,False,4,0,0,0,0,0,0,0,0
44367,Roman Eremenko,2024,FIL,23564,False,5,0,0,0,0,0,0,0,0
44367,Roman Eremenko,2024,FI1,23564,False,22,11,0,828,1,4,20,7,4
44367,Roman Eremenko,2024,F1CL,23564,False,10,9,0,747,1,2,20,6,1
44367,Roman Eremenko,2023,FIS,23564,False,1,0,0,0,0,0,0,0,0
44367,Roman Eremenko,2023,FI1,23564,False,18,12,0,888,1,1,24,7,1
44367,Roman Eremenko,2023,F1CE,23564,False,2,2,0,210,0,1,4,0,0
44367,Roman Eremenko,2023,F1CC,23564,False,5,5,0,415,1,0,5,3,1
44367,Roman Eremenko,2023,ECLQ,5411,False,2,2,0,180,0,0,0,0,1
44367,Roman Eremenko,2022,FIS,5411,False,5,5,0,319,1,1,0,0,1
44367,Roman Eremenko,2022,FI1,5411,False,17,13,0,1082,1,3,23,4,2
44367,Roman Eremenko,2022,F1CL,5411,False,5,4,0,357,2,1,11,4,2
44367,Roman Eremenko,2022,F1CE,5411,False,4,4,0,364,0,0,5,2,1
44367,Roman Eremenko,2021,FIS,20924,False,1,1,0,90,0,0,0,0,1
44367,Roman Eremenko,2021,FI1,20924,False,7,6,0,489,0,0,0,0,0
44367,Roman Eremenko,2021,F1CC,20924,False,5,5,0,440,2,1,0,0,2
44367,Roman Eremenko,2020,RUP,1083,False,1,1,0,39,0,0,0,0,0
44367,Roman Eremenko,2020,RU1,1083,False,19,16,0,1039,1,1,25,6,3
44367,Roman Eremenko,2020,ELQ,1083,False,1,1,0,64,0,0,0,0,0
44367,Roman Eremenko,2019,RUP,1083,False,2,0,0,0,0,0,0,0,0
44367,Roman Eremenko,2019,RU1,1083,False,30,19,11,1531,5,3,58,23,4
44367,Roman Eremenko,2018,RUP,232,False,3,1,2,63,0,0,0,0,0
44367,Roman Eremenko,2018,RUP,1083,False,3,2,1,176,1,1,0,0,0
44367,Roman Eremenko,2018,RU1,232,False,15,4,11,146,0,0,0,0,0
44367,Roman Eremenko,2018,RU1,1083,False,13,9,2,804,3,2,28,11,3
44367,Roman Eremenko,2018,EL,232,False,6,2,4,105,0,0,3,0,0
44367,Roman Eremenko,2018,CLQ,232,False,1,0,1,0,0,0,0,0,0
44367,Roman Eremenko,2016,WMQ6,3443,True,1,1,0,90,0,0,0,0,1
44367,Roman Eremenko,2016,RUSS,2410,False,1,1,0,90,0,0,0,0,0
44367,Roman Eremenko,2016,RUP,2410,False,1,0,0,0,0,0,0,0,0
44367,Roman Eremenko,2016,RU1,2410,False,30,9,21,810,3,2,0,0,0
44367,Roman Eremenko,2016,FS,3443,True,1,0,0,0,0,0,0,0,0
44367,Roman Eremenko,2016,CL,2410,False,6,2,4,180,1,0,0,0,1
44367,Roman Eremenko,2015,RUP,2410,False,5,3,0,240,0,0,0,0,1
44367,Roman Eremenko,2015,RU1,2410,False,30,25,5,1994,3,4,0,0,3
44367,Roman Eremenko,2015,FS,3443,True,6,4,2,348,0,0,0,0,1
44367,Roman Eremenko,2015,CLQ,2410,False,4,4,0,360,0,3,0,0,0
44367,Roman Eremenko,2015,CL,2410,False,6,3,3,197,0,1,0,0,0
44367,Roman Eremenko,2014,RUP,2410,False,4,2,0,113,0,0,0,0,1
44367,Roman Eremenko,2014,RU1,2698,False,5,0,0,0,0,0,0,0,0
44367,Roman Eremenko,2014,RU1,2410,False,25,25,0,2212,13,6,0,0,3
44367,Roman Eremenko,2014,FS,3443,True,4,2,0,180,0,0,0,0,0
44367,Roman Eremenko,2014,EMQ,3443,True,10,6,2,540,1,0,0,0,0
44367,Roman Eremenko,2014,CL,2410,False,6,6,0,508,0,1,0,0,2
44367,Roman Eremenko,2013,RUP,2698,False,1,1,0,90,0,0,0,0,1
44367,Roman Eremenko,2013,RU1,2698,False,30,27,1,1762,3,5,0,0,4
44367,Roman Eremenko,2013,FS,3443,True,7,5,0,405,1,1,0,0,0
44367,Roman Eremenko,2013,ELQ,2698,False,6,4,0,328,2,2,0,0,2
44367,Roman Eremenko,2013,EL,2698,False,8,7,0,551,3,0,0,0,0
44367,Roman Eremenko,2012,WMQ6,3443,True,8,8,0,720,1,2,0,0,1
44367,Roman Eremenko,2012,RUSS,2698,False,1,1,0,90,0,1,0,0,0
44367,Roman Eremenko,2012,RUP,2698,False,1,0,0,0,0,0,0,0,0
44367,Roman Eremenko,2012,RU1,2698,False,30,25,0,2020,6,2,0,0,2
44367,Roman Eremenko,2012,FS,3443,True,7,4,0,360,0,0,0,0,1
44367,Roman Eremenko,2012,EL,2698,False,12,10,0,738,0,4,0,0,2
44367,Roman Eremenko,2011,UKRS,338,False,1,1,0,90,0,1,0,0,1
44367,Roman Eremenko,2011,UKR1,338,False,8,6,0,528,0,3,0,0,3
44367,Roman Eremenko,2011,RUP,2698,False,4,4,0,360,1,1,0,0,1
44367,Roman Eremenko,2011,FS,3443,True,7,4,0,360,1,1,0,0,1
44367,Roman Eremenko,2011,ELQ,338,False,2,2,0,180,0,1,0,0,1
44367,Roman Eremenko,2011,EL,2698,False,8,0,0,0,0,0,0,0,0
44367,Roman Eremenko,2011,CLQ,338,False,2,2,0,176,0,0,0,0,0
44367,Roman Eremenko,2010,UKRP,338,False,5,3,0,123,0,0,0,0,0
44367,Roman Eremenko,2010,UKR1,338,False,30,26,0,2086,3,6,0,0,4
44367,Roman Eremenko,2010,RU1,2698,False,22,21,0,1849,2,2,0,0,0
44367,Roman Eremenko,2010,FS,3443,True,3,3,0,222,0,0,0,0,0
44367,Roman Eremenko,2010,EMQ,3443,True,10,9,0,800,0,1,0,0,3
44367,Roman Eremenko,2010,EL,338,False,12,12,0,1070,1,6,0,0,2
44367,Roman Eremenko,2010,CLQ,338,False,4,4,0,324,0,1,0,0,1
44367,Roman Eremenko,2009,UKRS,338,False,1,1,0,120,0,0,0,0,0
44367,Roman Eremenko,2009,UKRP,338,False,3,3,0,198,0,0,0,0,0
44367,Roman Eremenko,2009,UKR1,338,False,30,26,1,2179,1,6,0,0,4
44367,Roman Eremenko,2009,FS,3443,True,5,4,0,308,1,0,0,0,0
44367,Roman Eremenko,2009,CL,338,False,6,6,0,540,0,0,0,0,0
44367,Roman Eremenko,2008,WMQ6,3443,True,10,10,0,836,0,4,0,0,1
44367,Roman Eremenko,2008,UKRP,338,False,4,3,0,209,0,0,0,0,0
44367,Roman Eremenko,2008,UKR1,338,False,25,19,0,1387,1,3,0,0,3
44367,Roman Eremenko,2008,UEFA,338,False,8,7,0,613,0,0,0,0,0
44367,Roman Eremenko,2008,FS,3443,True,5,4,0,315,1,0,0,0,0
44367,Roman Eremenko,2008,CLQ,338,False,1,0,0,0,0,0,0,0,0
44367,Roman Eremenko,2008,CL,338,False,6,6,0,480,1,0,0,0,0
44367,Roman Eremenko,2007,ITJ2,10959,False,1,1,0,90,0,0,0,0,0
44367,Roman Eremenko,2007,IT1,410,False,38,7,0,278,0,0,0,0,0
44367,Roman Eremenko,2007,FS,3443,True,6,4,0,354,0,0,0,0,0
44367,Roman Eremenko,2007,EMQ,3443,True,7,5,0,327,0,0,0,0,0
44367,Roman Eremenko,2007,CIT,410,False,5,4,0,272,0,0,0,0,0
44367,Roman Eremenko,2006,U21Q,20796,True,2,2,0,121,0,0,0,0,1
44367,Roman Eremenko,2006,ITJ2,10959,False,8,2,0,123,0,0,0,0,0
44367,Roman Eremenko,2006,IT1,410,False,21,6,0,212,0,0,0,0,1
44367,Roman Eremenko,2006,IT1,1387,False,17,11,0,374,0,3,0,0,1
44367,Roman Eremenko,2006,CIT,410,False,3,3,0,330,0,0,0,0,1
44367,Roman Eremenko,2005,UEFA,410,False,4,0,0,0,0,0,0,0,0
44367,Roman Eremenko,2005,TDV,10959,False,2,2,0,180,0,0,0,0,0
44367,Roman Eremenko,2005,IT1,410,False,38,0,0,0,0,0,0,0,0
44367,Roman Eremenko,2005,CLQ,410,False,2,0,0,0,0,0,0,0,0
44367,Roman Eremenko,2005,CL,410,False,6,0,0,0,0,0,0,0,0
44367,Roman Eremenko,2005,CIT,410,False,6,0,0,0,0,0,0,0,0
44367,Roman Eremenko,2004,U19Q,20794,True,2,2,0,135,0,0,0,0,1
44367,Roman Eremenko,2004,FI1,3650,False,14,13,0,928,2,0,0,0,0
44367,Roman Eremenko,2003,FI1,3650,False,26,6,0,227,1,0,0,0,0
104200,Evgeniy Bashkirov,2025,FIS,23564,False,1,0,1,0,0,0,0,0,0
104200,Evgeniy Bashkirov,2025,FIL,23564,False,5,0,0,0,0,0,0,0,0
104200,Evgeniy Bashkirov,2025,FI1,23564,False,19,0,19,0,0,0,0,0,0
104200,Evgeniy Bashkirov,2024,FIS,23564,False,4,3,0,205,0,0,0,0,1
104200,Evgeniy Bashkirov,2024,FIL,23564,False,5,2,0,135,0,0,0,0,0
104200,Evgeniy Bashkirov,2024,FI1,23564,False,22,20,0,1612,1,1,15,3,2
104200,Evgeniy Bashkirov,2024,F1CL,23564,False,10,10,0,900,2,1,13,4,0
104200,Evgeniy Bashkirov,2024,ECLQ,1102,False,2,2,0,180,0,0,0,0,1
104200,Evgeniy Bashkirov,2023,FIS,1102,False,2,1,0,90,0,1,0,0,0
104200,Evgeniy Bashkirov,2023,FIL,1102,False,5,5,0,287,0,0,0,0,0
104200,Evgeniy Bashkirov,2023,FI1,1102,False,22,22,0,1920,2,2,30,7,4
104200,Evgeniy Bashkirov,2023,F1CL,1102,False,5,4,0,343,1,1,6,1,1
104200,Evgeniy Bashkirov,2023,F1CE,1102,False,1,1,0,84,0,0,0,0,0
104200,Evgeniy Bashkirov,2022,YKCP,23198,False,1,1,0,45,0,0,0,0,0
104200,Evgeniy Bashkirov,2022,FIS,1102,False,4,1,0,90,0,0,0,0,1
104200,Evgeniy Bashkirov,2022,FI1,1102,False,22,21,0,1857,3,2,36,7,5
104200,Evgeniy Bashkirov,2022,F1CL,1102,False,5,5,0,411,1,0,8,4,1
104200,Evgeniy Bashkirov,2022,F1CE,1102,False,2,2,0,180,1,0,6,1,0
104200,Evgeniy Bashkirov,2021,POPU,168,False,3,0,3,0,0,0,0,0,0
104200,Evgeniy Bashkirov,2021,PL1,168,False,28,6,19,362,1,0,8,3,1
104200,Evgeniy Bashkirov,2020,POPU,168,False,3,2,0,136,1,0,0,0,0
104200,Evgeniy Bashkirov,2020,PL1,168,False,30,25,0,1767,1,1,21,5,2
104200,Evgeniy Bashkirov,2019,RUP,2698,False,1,1,0,63,0,0,0,0,0
104200,Evgeniy Bashkirov,2019,RU1,2698,False,19,11,1,656,1,1,5,0,3
104200,Evgeniy Bashkirov,2019,PL1,168,False,14,12,0,1079,2,1,9,1,4
104200,Evgeniy Bashkirov,2018,RUP,2698,False,1,1,0,90,0,0,0,0,0
104200,Evgeniy Bashkirov,2018,RUP,2696,False,2,2,0,240,0,0,0,0,1
104200,Evgeniy Bashkirov,2018,RU1,2698,False,13,12,1,822,1,0,7,4,1
104200,Evgeniy Bashkirov,2018,RU1,2696,False,16,15,0,1102,0,0,24,4,3
104200,Evgeniy Bashkirov,2017,RUP,2696,False,4,3,0,152,1,0,0,0,1
104200,Evgeniy Bashkirov,2017,RU2,2696,False,38,32,1,1777,1,2,0,0,4
104200,Evgeniy Bashkirov,2016,RUP,2696,False,2,1,0,14,0,0,0,0,0
104200,Evgeniy Bashkirov,2016,RU1,2696,False,30,22,0,1560,0,1,0,0,2
104200,Evgeniy Bashkirov,2015,RUSR,3691,False,2,2,0,177,1,0,0,0,0
104200,Evgeniy Bashkirov,2015,RUP,3691,False,1,1,0,90,0,0,0,0,0
104200,Evgeniy Bashkirov,2015,RU2,3691,False,38,30,1,2240,0,2,0,0,5
104200,Evgeniy Bashkirov,2014,RUSR,3691,False,2,2,0,180,0,0,0,0,1
104200,Evgeniy Bashkirov,2014,RUP,3691,False,1,1,0,90,0,0,0,0,1
104200,Evgeniy Bashkirov,2014,RU2,3691,False,34,33,0,2778,3,2,0,0,4
104200,Evgeniy Bashkirov,2013,RUSR,3691,False,2,2,0,180,1,0,0,0,0
104200,Evgeniy Bashkirov,2013,RUP,3691,False,3,2,0,169,0,0,0,0,0
104200,Evgeniy Bashkirov,2013,RU1,3691,False,30,22,1,1758,1,1,0,0,5
104200,Evgeniy Bashkirov,2012,RUP,3691,False,1,1,0,16,0,0,0,0,0
104200,Evgeniy Bashkirov,2012,RUJL,6082,False,7,0,0,0,0,0,0,0,0
104200,Evgeniy Bashkirov,2012,RU2,3691,False,24,11,0,278,0,0,0,0,2
104200,Evgeniy Bashkirov,2011,RUJL,6082,False,14,13,0,1075,1,0,0,0,2
104200,Evgeniy Bashkirov,2011,CL,964,False,2,0,0,0,0,0,0,0,0
104200,Evgeniy Bashkirov,2010,RUJL,6082,False,12,7,4,569,0,1,0,0,1
104200,Evgeniy Bashkirov,2010,RU1,964,False,3,0,0,0,0,0,0,0,0
104200,Evgeniy Bashkirov,2009,U19Q,21669,True,6,6,0,250,2,0,0,0,0
104200,Evgeniy Bashkirov,2009,RUP,964,False,3,0,0,0,0,0,0,0,0
104200,Evgeniy Bashkirov,2009,RUJL,6082,False,30,25,0,1928,1,2,0,0,2
104200,Evgeniy Bashkirov,2009,RU1,964,False,10,0,0,0,0,0,0,0,0
104200,Evgeniy Bashkirov,2009,FS,21669,True,7,7,0,568,5,0,0,0,2
104200,Evgeniy Bashkirov,2009,ELQ,964,False,2,0,0,0,0,0,0,0,0
104200,Evgeniy Bashkirov,2008,RUJL,6082,False,30,28,0,2325,5,0,0,0,6
104200,Evgeniy Bashkirov,2008,RU1,964,False,12,0,0,0,0,0,0,0,0
1382001,Jeff Selenge,2025,U17Q,20792,True,6,5,0,329,0,0,0,0,1
1382001,Jeff Selenge,2025,FS,20792,True,5,5,0,284,0,0,0,0,0
1382001,Jeff Selenge,2025,FIS,23564,False,1,1,0,54,0,0,0,0,0
1382001,Jeff Selenge,2025,FIL,23564,False,5,4,0,164,0,0,0,0,0
1382001,Jeff Selenge,2025,FI18,140347,False,1,1,0,90,0,0,0,0,0
1382001,Jeff Selenge,2025,FI1,23564,False,19,1,0,10,0,0,0,0,0
1382001,Jeff Selenge,2025,F18Q,140347,False,18,5,2,382,1,0,0,0,0
1382001,Jeff Selenge,2025,AA17,20792,True,3,3,0,173,0,0,0,0,0
1382001,Jeff Selenge,2024,KOG2,46561,False,8,2,0,163,0,0,0,0,0
1382001,Jeff Selenge,2024,FS,20792,True,3,3,0,113,0,0,0,0,1
1382001,Jeff Selenge,2024,FIS,23564,False,1,1,0,25,0,0,0,0,0
1382001,Jeff Selenge,2023,KOG3,46561,False,9,2,0,45,0,0,0,0,0
741589,Otto Hannula,2025,FIS,23564,False,1,0,0,0,0,0,0,0,0
741589,Otto Hannula,2025,FIL,23564,False,4,3,0,231,0,0,0,0,0
741589,Otto Hannula,2025,FIL,1008,False,1,1,0,45,0,0,0,0,0
741589,Otto Hannula,2025,FI1,23564,False,19,18,0,1373,0,0,22,5,3
741589,Otto Hannula,2025,ECLQ,1008,False,4,1,0,12,0,0,0,0,0
741589,Otto Hannula,2024,YKCP,11131,False,4,4,0,360,0,0,0,0,1
741589,Otto Hannula,2024,UCOL,1008,False,6,0,0,0,0,0,0,0,0
741589,Otto Hannula,2024,FIS,11131,False,4,0,0,0,0,0,0,0,0
741589,Otto Hannula,2024,FIS,1008,False,5,1,0,45,0,0,0,0,0
741589,Otto Hannula,2024,FIL,1008,False,7,2,0,99,0,0,0,0,0
741589,Otto Hannula,2024,FI2,11131,False,27,24,0,2091,4,5,0,0,8
741589,Otto Hannula,2024,FI1,1008,False,22,0,0,0,0,0,0,0,0
741589,Otto Hannula,2024,F1CL,1008,False,10,0,0,0,0,0,0,0,0
741589,Otto Hannula,2024,ECLQ,1008,False,4,0,0,0,0,0,0,0,0
741589,Otto Hannula,2024,CLQ,1008,False,2,0,0,0,0,0,0,0,0
741589,Otto Hannula,2023,UCOL,1008,False,6,0,0,0,0,0,0,0,0
741589,Otto Hannula,2023,U19Q,20794,True,3,1,0,86,1,1,0,0,0
741589,Otto Hannula,2023,FS,20794,True,2,2,0,92,0,0,0,0,0
741589,Otto Hannula,2023,FIYK,11131,False,22,8,0,395,1,0,0,0,2
741589,Otto Hannula,2023,FIS,1008,False,2,0,0,0,0,0,0,0,0
741589,Otto Hannula,2023,FIL,1008,False,2,2,0,150,1,0,0,0,0
741589,Otto Hannula,2023,FI3P,11131,False,5,5,0,213,0,0,0,0,0
741589,Otto Hannula,2023,FI1,1008,False,22,0,0,0,0,0,0,0,0
741589,Otto Hannula,2023,F1CL,1008,False,5,0,0,0,0,0,0,0,0
741589,Otto Hannula,2023,ELQ,1008,False,2,0,0,0,0,0,0,0,0
741589,Otto Hannula,2023,ECLQ,1008,False,2,0,0,0,0,0,0,0,0
741589,Otto Hannula,2023,CLQ,1008,False,4,0,0,0,0,0,0,0,0
741589,Otto Hannula,2023,19YL,50922,False,4,4,0,116,0,0,0,0,0
741589,Otto Hannula,2022,FS,20793,True,6,5,0,249,0,0,0,0,0
741589,Otto Hannula,2022,FIS,1008,False,1,0,0,0,0,0,0,0,0
741589,Otto Hannula,2022,FIL,1008,False,4,1,0,76,0,0,0,0,0
741589,Otto Hannula,2022,FIKP,11131,False,2,0,0,0,0,0,0,0,0
741589,Otto Hannula,2022,FI3A,11131,False,22,19,0,968,4,0,0,0,3
741589,Otto Hannula,2022,FI1,1008,False,22,0,0,0,0,0,0,0,0
741589,Otto Hannula,2022,F1CL,1008,False,5,0,0,0,0,0,0,0,0
741589,Otto Hannula,2022,ELQ,1008,False,4,0,0,0,0,0,0,0,0
741589,Otto Hannula,2022,EL,1008,False,6,0,0,0,0,0,0,0,0
741589,Otto Hannula,2022,CLQ,1008,False,4,0,0,0,0,0,0,0,0
741589,Otto Hannula,2021,U17Q,20792,True,3,2,0,64,0,0,0,0,0
741589,Otto Hannula,2021,FS,20792,True,2,2,0,101,0,0,0,0,0
741589,Otto Hannula,2021,FJE,15665,False,1,0,0,0,0,0,0,0,0
741589,Otto Hannula,2021,FIS,1008,False,3,0,0,0,0,0,0,0,0
741589,Otto Hannula,2021,FINJ,15665,False,18,0,0,0,0,0,0,0,0
741589,Otto Hannula,2021,FIL,1008,False,1,1,0,18,0,0,0,0,0
741589,Otto Hannula,2021,FI1,1008,False,22,0,0,0,0,0,0,0,0
741589,Otto Hannula,2021,F1CL,1008,False,5,0,0,0,0,0,0,0,0
741589,Otto Hannula,2020,FINJ,15665,False,19,0,0,0,0,0,0,0,0
741589,Otto Hannula,2019,FS,34682,True,3,3,0,122,0,0,0,0,0
741589,Otto Hannula,2019,FJE,15665,False,9,0,0,0,0,0,0,0,0
153138,Adeleke Akinyemi,2025,FIS,23564,False,1,0,0,0,0,0,0,0,0
153138,Adeleke Akinyemi,2025,FIL,23564,False,4,4,0,249,2,1,0,0,0
153138,Adeleke Akinyemi,2025,FI1,23564,False,19,18,0,1237,10,1,44,18,2
153138,Adeleke Akinyemi,2025,ELQ,3189,False,2,1,0,22,0,0,0,0,0
153138,Adeleke Akinyemi,2025,ECLQ,3189,False,2,1,0,28,1,0,2,1,0
153138,Adeleke Akinyemi,2024,TS1,13726,False,5,0,0,0,0,0,0,0,0
153138,Adeleke Akinyemi,2024,FIS,3189,False,1,1,0,69,0,0,0,0,0
153138,Adeleke Akinyemi,2024,FIL,3189,False,6,1,0,19,0,0,0,0,0
153138,Adeleke Akinyemi,2024,FI1,3189,False,22,14,0,389,2,1,18,8,0
153138,Adeleke Akinyemi,2024,F1CL,3189,False,10,8,0,183,0,1,5,1,0
153138,Adeleke Akinyemi,2024,CZ3M,56737,False,2,2,0,180,1,1,0,0,0
153138,Adeleke Akinyemi,2023,TSP,13726,False,1,1,0,45,0,0,0,0,0
153138,Adeleke Akinyemi,2023,TS1,13726,False,30,27,0,1570,4,0,35,12,2
153138,Adeleke Akinyemi,2023,T1AR,13726,False,5,3,0,67,0,0,4,2,0
153138,Adeleke Akinyemi,2023,FLAP,13726,False,2,2,0,22,0,0,0,0,0
153138,Adeleke Akinyemi,2023,FI1,3189,False,1,1,0,55,1,0,3,2,0
153138,Adeleke Akinyemi,2023,F1CL,3189,False,5,5,0,287,2,0,9,6,0
153138,Adeleke Akinyemi,2023,CZ3M,56737,False,1,1,0,45,0,0,0,0,0
153138,Adeleke Akinyemi,2022,TS2,13726,False,14,14,0,724,6,3,0,0,0
153138,Adeleke Akinyemi,2022,ECLQ,22140,False,4,4,0,332,0,0,0,0,1
153138,Adeleke Akinyemi,2022,ALBP,22140,False,4,1,0,90,0,0,0,0,0
153138,Adeleke Akinyemi,2022,ALB1,22140,False,20,19,0,1615,6,0,0,0,0
153138,Adeleke Akinyemi,2021,ALBP,22140,False,5,3,0,227,2,0,0,0,1
153138,Adeleke Akinyemi,2021,ALB1,22140,False,21,16,0,1062,3,0,0,0,2
153138,Adeleke Akinyemi,2020,NOPO,267,False,3,3,0,124,4,0,0,0,0
153138,Adeleke Akinyemi,2020,NO43,39653,False,6,2,0,167,4,0,0,0,0
153138,Adeleke Akinyemi,2020,NO2,267,False,30,16,0,520,0,1,0,0,2
153138,Adeleke Akinyemi,2019,NO2,4309,False,14,8,0,344,0,0,0,0,0
153138,Adeleke Akinyemi,2019,NO1,267,False,22,3,9,70,0,0,1,1,0
153138,Adeleke Akinyemi,2018,RTIP,267,False,3,0,3,0,0,0,0,0,0
153138,Adeleke Akinyemi,2018,NOPO,267,False,1,0,1,0,0,0,0,0,0
153138,Adeleke Akinyemi,2018,NO2,267,False,30,1,29,35,0,0,0,0,0
153138,Adeleke Akinyemi,2018,ELQ,2782,False,4,4,0,360,7,1,4,3,0
153138,Adeleke Akinyemi,2017,NOPO,267,False,2,2,0,98,0,0,0,0,0
153138,Adeleke Akinyemi,2017,NO1,267,False,12,12,0,872,3,0,5,4,1
153138,Adeleke Akinyemi,2017,LETP,2782,False,2,1,0,11,0,0,0,0,0
153138,Adeleke Akinyemi,2017,LET1,2782,False,17,17,0,1530,13,1,0,0,3
153138,Adeleke Akinyemi,2017,ELQ,2782,False,2,1,0,72,0,0,0,0,0
153138,Adeleke Akinyemi,2016,LETP,2782,False,6,6,0,478,7,1,0,0,0
153138,Adeleke Akinyemi,2016,LET1,2782,False,24,21,0,1351,10,2,0,0,2
153138,Adeleke Akinyemi,2015,KOP1,22682,False,5,2,1,210,0,0,0,0,0
153138,Adeleke Akinyemi,2015,KO1,22682,False,30,5,9,450,5,0,0,0,0
153138,Adeleke Akinyemi,2015,CLQ,12469,False,6,0,0,0,0,0,0,0,0
153138,Adeleke Akinyemi,2015,ALBS,12469,False,1,0,0,0,0,0,0,0,0
153138,Adeleke Akinyemi,2015,ALB1,12469,False,1,0,0,0,0,0,0,0,0
486842,Danny Pérez,2025,FIS,23564,False,1,0,0,0,0,0,0,0,0
486842,Danny Pérez,2025,FI1,23564,False,19,16,0,538,2,2,21,9,2
486842,Danny Pérez,2024,CH1C,5747,False,1,0,0,0,0,0,0,0,0
486842,Danny Pérez,2024,BVC1,75558,False,14,12,0,901,0,2,29,8,4
486842,Danny Pérez,2024,BO1A,75558,False,30,26,0,1529,4,6,45,17,5
486842,Danny Pérez,2023,VZOC,531,False,6,2,0,125,0,0,3,1,1
486842,Danny Pérez,2023,VZ1C,531,False,13,8,0,418,0,0,7,2,2
486842,Danny Pérez,2023,VZ1A,531,False,13,13,0,762,1,1,11,1,1
486842,Danny Pérez,2023,VEC1,531,False,4,3,0,105,0,0,0,0,0
486842,Danny Pérez,2023,CLI,531,False,6,6,0,359,1,1,3,2,1
486842,Danny Pérez,2022,VZ1P,45193,False,6,6,0,392,1,0,10,2,1
486842,Danny Pérez,2022,VZ1L,45193,False,28,26,0,1942,5,5,39,16,7
486842,Danny Pérez,2022,CS,45193,False,7,7,0,618,1,0,14,6,1
486842,Danny Pérez,2021,VZ1P,18018,False,6,6,0,540,0,0,0,0,1
486842,Danny Pérez,2021,VZ1L,18018,False,30,24,0,2039,5,2,0,0,7
486842,Danny Pérez,2020,VZ1P,25380,False,10,5,0,269,1,1,0,0,1
486842,Danny Pérez,2020,VZ1L,25380,False,10,10,0,241,2,0,0,0,2
486842,Danny Pérez,2020,CLPD,5747,False,13,0,0,0,0,0,0,0,0
486842,Danny Pérez,2020,CH1C,5747,False,4,2,0,28,0,0,0,0,0
486842,Danny Pérez,2019,CLPD,5747,False,34,11,0,695,1,0,10,3,3
486842,Danny Pérez,2018,FS,22991,True,3,2,0,112,1,0,0,0,0
486842,Danny Pérez,2018,CLPD,6368,False,22,8,0,433,0,0,4,1,2
486842,Danny Pérez,2018,CLPD,2433,False,2,0,0,0,0,0,0,0,0
486842,Danny Pérez,2018,CL2P,5747,False,1,0,0,0,0,0,0,0,0
486842,Danny Pérez,2018,CH1C,6368,False,2,0,0,0,0,0,0,0,0
486842,Danny Pérez,2017,VZOA,18018,False,6,6,0,410,1,1,0,0,0
486842,Danny Pérez,2017,VZ1A,18018,False,17,16,0,1248,6,3,0,0,3
486842,Danny Pérez,2017,CS,18018,False,2,2,0,180,0,0,2,1,1
486842,Danny Pérez,2017,CLPD,2433,False,15,0,0,0,0,0,0,0,0
486842,Danny Pérez,2017,CLI,2433,False,4,0,0,0,0,0,0,0,0
486842,Danny Pérez,2016,VZOA,26468,False,4,1,0,14,0,0,0,0,0
486842,Danny Pérez,2016,VZ1C,26468,False,12,2,0,96,0,0,0,0,0
486842,Danny Pérez,2016,VZ1A,26468,False,7,2,0,13,0,0,0,0,0
486842,Danny Pérez,2016,SAM7,41373,True,9,8,0,510,0,0,0,0,2
344836,Saku Ylätupa,2025,SEC,3654,False,1,1,0,67,0,0,0,0,0
344836,Saku Ylätupa,2025,FIS,23564,False,1,0,0,0,0,0,0,0,0
344836,Saku Ylätupa,2025,FIL,23564,False,1,1,0,28,0,0,0,0,0
344836,Saku Ylätupa,2025,FI1,23564,False,19,15,0,965,2,2,15,9,4
344836,Saku Ylätupa,2024,SEC,3654,False,4,4,0,297,2,0,0,0,0
344836,Saku Ylätupa,2024,SE2,3654,False,30,15,0,801,2,1,0,0,1
344836,Saku Ylätupa,2023,SEC,3654,False,1,0,0,0,0,0,0,0,0
344836,Saku Ylätupa,2023,SE1,3654,False,18,8,0,140,0,0,1,0,1
344836,Saku Ylätupa,2023,ECLQ,3654,False,2,0,0,0,0,0,0,0,0
344836,Saku Ylätupa,2023,DK2R,22110,False,10,5,0,135,0,0,7,3,0
344836,Saku Ylätupa,2023,DK2,22110,False,4,3,0,175,0,0,2,1,1
344836,Saku Ylätupa,2022,UNLB,3443,True,6,0,0,0,0,0,0,0,0
344836,Saku Ylätupa,2022,SEC,3654,False,4,2,0,65,0,0,0,0,0
344836,Saku Ylätupa,2022,SEC,2843,False,1,1,0,50,1,0,0,0,0
344836,Saku Ylätupa,2022,SE1,3654,False,30,4,2,57,0,0,0,0,0
344836,Saku Ylätupa,2022,FS,3443,True,4,1,0,71,0,0,1,0,0
344836,Saku Ylätupa,2021,SEC,2843,False,3,1,0,64,0,0,0,0,0
344836,Saku Ylätupa,2021,SEC,272,False,1,1,0,90,0,0,0,0,0
344836,Saku Ylätupa,2021,SE1,2843,False,30,27,0,1800,5,1,22,9,1
344836,Saku Ylätupa,2021,FS,3443,True,3,0,0,0,0,0,0,0,0
344836,Saku Ylätupa,2020,WMQ6,3443,True,8,0,0,0,0,0,0,0,0
344836,Saku Ylätupa,2020,UNLB,3443,True,6,0,0,0,0,0,0,0,0
344836,Saku Ylätupa,2020,SEC,272,False,3,3,0,267,1,0,0,0,0
344836,Saku Ylätupa,2020,SE1,272,False,30,11,0,802,1,3,14,2,2
344836,Saku Ylätupa,2020,FS,3443,True,5,0,0,0,0,0,0,0,0
344836,Saku Ylätupa,2020,EURO,3443,True,3,0,0,0,0,0,0,0,0
344836,Saku Ylätupa,2019,U21Q,20796,True,7,7,0,211,0,0,1,0,0
344836,Saku Ylätupa,2019,SEC,272,False,5,5,0,369,2,0,0,0,0
344836,Saku Ylätupa,2019,SE1,272,False,18,7,0,423,0,0,6,1,0
344836,Saku Ylätupa,2019,FI1,6017,False,10,8,0,441,0,1,0,0,1
344836,Saku Ylätupa,2019,ELQ,272,False,4,0,0,0,0,0,0,0,0
344836,Saku Ylätupa,2019,CLQ,272,False,4,0,0,0,0,0,0,0,0
344836,Saku Ylätupa,2018,SEC,272,False,5,4,0,187,0,0,0,0,0
344836,Saku Ylätupa,2018,SE1,272,False,30,6,0,171,0,0,3,1,1
344836,Saku Ylätupa,2018,NL2,8817,False,22,4,0,202,1,0,4,1,0
344836,Saku Ylätupa,2018,FS,3443,True,2,2,0,112,0,0,0,0,0
344836,Saku Ylätupa,2018,FS,20796,True,4,4,0,235,2,0,0,0,0
344836,Saku Ylätupa,2018,FS,20794,True,1,1,0,88,0,0,0,0,1
344836,Saku Ylätupa,2018,EMQ,3443,True,10,0,0,0,0,0,0,0,0
344836,Saku Ylätupa,2017,U21Q,20796,True,4,4,0,195,0,0,0,0,0
344836,Saku Ylätupa,2017,NLJV,2824,False,13,11,0,827,3,3,0,0,0
344836,Saku Ylätupa,2017,NLJB,2824,False,1,1,0,45,0,0,0,0,0
344836,Saku Ylätupa,2017,NLAJ,2824,False,14,14,0,848,2,6,0,0,0
344836,Saku Ylätupa,2017,FS,20794,True,10,8,0,585,0,0,0,0,1
344836,Saku Ylätupa,2017,ELQ,1008,False,1,0,0,0,0,0,0,0,0
344836,Saku Ylätupa,2017,19YL,41580,False,5,4,0,292,1,2,0,0,0
344836,Saku Ylätupa,2017,19EU,20794,True,3,3,0,262,1,0,0,0,0
344836,Saku Ylätupa,2016,U19Q,20794,True,6,5,0,352,2,0,0,0,0
344836,Saku Ylätupa,2016,FS,20793,True,3,1,0,90,0,0,0,0,1
344836,Saku Ylätupa,2016,FIS,3776,False,1,0,0,0,0,0,0,0,0
344836,Saku Ylätupa,2016,FIS,1008,False,5,3,0,163,0,0,0,0,0
344836,Saku Ylätupa,2016,FI1,3776,False,17,17,0,1295,3,3,0,0,1
344836,Saku Ylätupa,2016,FI1,1008,False,3,0,0,0,0,0,0,0,0
344836,Saku Ylätupa,2016,ELQ,1008,False,6,0,0,0,0,0,0,0,0
344836,Saku Ylätupa,2016,19YL,50922,False,2,2,0,180,0,0,0,0,0
344836,Saku Ylätupa,2015,U17Q,20792,True,6,5,0,400,0,1,0,0,0
344836,Saku Ylätupa,2015,FS,20793,True,3,1,0,62,0,0,0,0,0
344836,Saku Ylätupa,2015,FS,20792,True,2,1,0,80,2,0,0,0,1
344836,Saku Ylätupa,2015,FIS,1008,False,5,2,0,67,1,0,0,0,0
344836,Saku Ylätupa,2015,FIL,1008,False,5,3,0,222,0,0,0,0,0
344836,Saku Ylätupa,2015,FI3B,11131,False,16,16,0,1252,12,0,0,0,3
344836,Saku Ylätupa,2015,FI1,1008,False,33,0,0,0,0,0,0,0,0
344836,Saku Ylätupa,2015,ELQ,1008,False,2,0,0,0,0,0,0,0,0
344836,Saku Ylätupa,2015,CLQ,1008,False,4,0,0,0,0,0,0,0,0
344836,Saku Ylätupa,2015,19YL,50922,False,2,2,0,121,0,0,0,0,0
344836,Saku Ylätupa,2014,U17Q,20792,True,3,2,0,108,0,0,0,0,0
344836,Saku Ylätupa,2014,FS,20792,True,4,4,0,231,1,1,0,0,0
344836,Saku Ylätupa,2014,FS,20791,True,3,2,0,160,0,0,0,0,0
344836,Saku Ylätupa,2014,FIS,1008,False,3,0,0,0,0,0,0,0,0
344836,Saku Ylätupa,2014,FIL,1008,False,2,0,0,0,0,0,0,0,0
344836,Saku Ylätupa,2014,FIKP,11131,False,2,2,0,180,0,0,0,0,0
344836,Saku Ylätupa,2014,FI3,11131,False,24,12,0,840,5,1,0,0,0
344836,Saku Ylätupa,2014,FI1,1008,False,33,0,0,0,0,0,0,0,0
1364211,Kosmo Launiala,2025,FS,20791,True,5,5,0,347,6,0,0,0,2
1364211,Kosmo Launiala,2025,FIS,23564,False,1,0,0,0,0,0,0,0,0
1364211,Kosmo Launiala,2025,FIL,23564,False,5,4,0,201,0,0,0,0,0
1364211,Kosmo Launiala,2025,FI18,140347,False,3,3,0,133,0,0,0,0,2
1364211,Kosmo Launiala,2025,FI1,23564,False,19,0,0,0,0,0,0,0,0
1364211,Kosmo Launiala,2025,F18Q,140347,False,16,4,0,315,2,0,0,0,3
1364211,Kosmo Launiala,2025,AA17,20792,True,3,2,0,100,0,0,0,0,0
1364211,Kosmo Launiala,2024,KOG2,46561,False,7,3,0,151,3,0,0,0,1
1364211,Kosmo Launiala,2024,FS,34682,True,2,1,0,79,1,0,0,0,0
1364211,Kosmo Launiala,2024,FIS,23564,False,1,1,0,45,1,0,0,0,0
1364211,Kosmo Launiala,2024,FIL,23564,False,2,2,0,19,0,0,0,0,0
1364211,Kosmo Launiala,2024,F1CL,23564,False,2,0,0,0,0,0,0,0,0
1105318,Artur Atarah,2025,FIS,23564,False,1,1,0,68,0,0,0,0,0
1105318,Artur Atarah,2025,FIL,23564,False,5,0,0,0,0,0,0,0,0
1105318,Artur Atarah,2025,FI1,23564,False,19,13,0,213,0,0,10,3,2
1105318,Artur Atarah,2024,YKCP,45310,False,1,1,0,15,0,0,0,0,0
1105318,Artur Atarah,2024,FIS,23564,False,4,2,0,24,0,0,0,0,0
1105318,Artur Atarah,2024,FIL,23777,False,5,3,0,61,0,0,0,0,1
1105318,Artur Atarah,2024,FI1,23564,False,22,13,0,325,2,0,16,7,2
1105318,Artur Atarah,2024,F1CL,23564,False,10,7,0,320,0,1,12,4,1
1105318,Artur Atarah,2023,YKCP,45310,False,6,5,0,418,1,0,0,0,1
1105318,Artur Atarah,2023,FIS,45310,False,4,0,0,0,0,0,0,0,0
1105318,Artur Atarah,2023,FIS,23777,False,6,2,0,92,0,0,0,0,0
1105318,Artur Atarah,2023,FI2,45310,False,27,25,0,1683,5,2,0,0,3
1105318,Artur Atarah,2023,FI1,23777,False,20,0,0,0,0,0,0,0,0
1105318,Artur Atarah,2023,F1CL,23777,False,5,0,0,0,0,0,0,0,0
1105318,Artur Atarah,2023,F1CE,23777,False,2,0,0,0,0,0,0,0,0
1105318,Artur Atarah,2022,YKCP,22890,False,4,4,0,142,0,0,0,0,0
1105318,Artur Atarah,2022,YKAU,45310,False,5,3,0,158,1,0,0,0,0
1105318,Artur Atarah,2022,KOG1,75681,False,1,1,0,63,0,0,0,0,0
1105318,Artur Atarah,2022,FIS,22890,False,4,4,0,358,0,1,0,0,1
1105318,Artur Atarah,2022,FI2P,45310,False,2,2,0,38,0,0,0,0,0
1105318,Artur Atarah,2022,FI2,45310,False,4,2,0,6,0,0,0,0,0
1105318,Artur Atarah,2022,FI2,22890,False,17,15,0,656,5,1,0,0,0
941638,Aleksi Piispa,2025,U21Q,20796,True,7,0,0,0,0,0,0,0,0
941638,Aleksi Piispa,2025,FS,20796,True,2,1,0,45,0,0,0,0,0
941638,Aleksi Piispa,2025,FIS,1102,False,6,0,0,0,0,0,0,0,0
941638,Aleksi Piispa,2025,FIL,1102,False,5,2,0,180,0,0,0,0,0
941638,Aleksi Piispa,2025,FI3C,70794,False,2,2,0,180,0,0,0,0,0
941638,Aleksi Piispa,2025,FI1,1102,False,20,0,0,0,0,0,0,0,0
941638,Aleksi Piispa,2024,YKCP,17397,False,4,3,0,261,0,0,0,0,0
941638,Aleksi Piispa,2024,FIS,17397,False,2,1,0,90,0,0,0,0,0
941638,Aleksi Piispa,2024,FI4R,17397,False,2,2,0,180,0,0,0,0,0
941638,Aleksi Piispa,2024,FI2,17397,False,27,21,0,1821,0,0,0,0,3
941638,Aleksi Piispa,2023,YKCP,17397,False,4,3,0,270,0,0,0,0,0
941638,Aleksi Piispa,2023,U19Q,20794,True,3,0,0,0,0,0,0,0,0
941638,Aleksi Piispa,2023,FS,20794,True,2,1,0,45,0,0,0,0,0
941638,Aleksi Piispa,2023,FIS,17397,False,3,1,0,90,0,0,0,0,0
941638,Aleksi Piispa,2023,FI4R,17397,False,2,2,0,180,0,0,0,0,1
941638,Aleksi Piispa,2023,FI2,17397,False,27,16,0,1386,0,0,0,0,1
941638,Aleksi Piispa,2022,YKCP,17397,False,4,0,0,0,0,0,0,0,0
941638,Aleksi Piispa,2022,FS,20793,True,9,3,0,270,0,0,0,0,0
941638,Aleksi Piispa,2022,FIS,17397,False,3,3,0,270,0,0,0,0,0
941638,Aleksi Piispa,2022,FIKP,20957,False,2,2,0,180,0,0,0,0,0
941638,Aleksi Piispa,2022,FI3A,20957,False,10,9,0,810,0,0,0,0,0
941638,Aleksi Piispa,2022,FI2,17397,False,17,3,0,270,0,0,0,0,0
941638,Aleksi Piispa,2021,FS,20792,True,2,0,0,0,0,0,0,0,0
941638,Aleksi Piispa,2021,FP3A,17397,False,2,0,0,0,0,0,0,0,0
941638,Aleksi Piispa,2021,FI3A,17397,False,2,0,0,0,0,0,0,0,0
941638,Aleksi Piispa,2020,FINJ,47192,False,1,1,0,90,0,0,0,0,0
941638,Aleksi Piispa,2020,FI3A,17397,False,1,0,0,0,0,0,0,0,0
955508,Mamadou Jalloh,2025,FS,6187,True,3,1,0,90,0,0,0,0,0
955508,Mamadou Jalloh,2025,FIS,1102,False,6,3,0,270,0,0,0,0,1
955508,Mamadou Jalloh,2025,FIL,1102,False,5,3,0,270,0,0,0,0,0
955508,Mamadou Jalloh,2025,FI1,1102,False,20,18,0,1620,0,0,0,0,1
955508,Mamadou Jalloh,2025,DKDL,8815,False,2,0,0,0,0,0,0,0,0
955508,Mamadou Jalloh,2024,KP3C,70794,False,1,1,0,90,0,0,0,0,0
955508,Mamadou Jalloh,2024,FS,63418,True,1,1,0,90,0,0,0,0,0
955508,Mamadou Jalloh,2024,FI1,1102,False,1,0,0,0,0,0,0,0,0
955508,Mamadou Jalloh,2024,F1CC,1102,False,5,5,0,450,0,0,0,0,0
955508,Mamadou Jalloh,2024,DKRE,62684,False,1,0,0,0,0,0,0,0,0
955508,Mamadou Jalloh,2024,DKDL,8815,False,26,10,0,900,0,0,0,0,1
955508,Mamadou Jalloh,2024,20AC,63418,True,5,4,0,390,0,0,0,0,0
955508,Mamadou Jalloh,2023,WMQ2,6187,True,2,0,0,0,0,0,0,0,0
955508,Mamadou Jalloh,2023,DKRE,62684,False,1,0,0,0,0,0,0,0,0
955508,Mamadou Jalloh,2023,DKDL,8815,False,15,0,0,0,0,0,0,0,0
955508,Mamadou Jalloh,2021,DKDD,62664,False,19,2,0,180,0,0,0,0,0
945334,Lucas Väyrynen,2025,FIS,1102,False,6,2,0,180,0,0,0,0,0
945334,Lucas Väyrynen,2025,FIL,1102,False,5,0,0,0,0,0,0,0,0
945334,Lucas Väyrynen,2025,FI3C,70794,False,9,7,0,630,0,0,0,0,0
945334,Lucas Väyrynen,2025,FI1,1102,False,20,0,0,0,0,0,0,0,0
945334,Lucas Väyrynen,2025,ELQ,3189,False,2,0,0,0,0,0,0,0,0
945334,Lucas Väyrynen,2025,ECLQ,3189,False,2,0,0,0,0,0,0,0,0
945334,Lucas Väyrynen,2024,KP3B,52347,False,4,2,0,180,0,0,0,0,0
945334,Lucas Väyrynen,2024,FIS,52347,False,2,2,0,180,0,0,0,0,0
945334,Lucas Väyrynen,2024,FIS,3189,False,1,0,0,0,0,0,0,0,0
945334,Lucas Väyrynen,2024,FINJ,46621,False,1,1,0,90,0,0,0,0,0
945334,Lucas Väyrynen,2024,FIL,3189,False,6,0,0,0,0,0,0,0,0
945334,Lucas Väyrynen,2024,FIKP,52347,False,4,2,0,180,0,0,0,0,0
945334,Lucas Väyrynen,2024,FI3B,52347,False,15,9,0,810,0,0,0,0,2
945334,Lucas Väyrynen,2024,FI1,3189,False,22,0,0,0,0,0,0,0,0
945334,Lucas Väyrynen,2024,F1CL,3189,False,10,0,0,0,0,0,0,0,0
945334,Lucas Väyrynen,2024,ECLQ,3189,False,4,0,0,0,0,0,0,0,0
945334,Lucas Väyrynen,2023,FIS,3189,False,1,0,0,0,0,0,0,0,0
945334,Lucas Väyrynen,2023,FIL,3189,False,6,0,0,0,0,0,0,0,0
945334,Lucas Väyrynen,2023,FI3B,52347,False,7,7,0,630,0,0,0,0,0
945334,Lucas Väyrynen,2023,FI1,3189,False,22,0,0,0,0,0,0,0,0
945334,Lucas Väyrynen,2023,F3KB,52347,False,4,4,0,360,0,0,0,0,0
945334,Lucas Väyrynen,2023,F1CL,3189,False,5,0,0,0,0,0,0,0,0
945334,Lucas Väyrynen,2022,FJE,46621,False,10,6,0,495,0,0,0,0,1
945334,Lucas Väyrynen,2022,FIS,52347,False,1,0,0,0,0,0,0,0,0
945334,Lucas Väyrynen,2022,FIS,3189,False,7,0,0,0,0,0,0,0,0
945334,Lucas Väyrynen,2022,FINJ,46621,False,12,6,0,540,0,0,0,0,0
945334,Lucas Väyrynen,2022,FIL,3189,False,2,0,0,0,0,0,0,0,0
945334,Lucas Väyrynen,2022,FI3B,52347,False,22,6,0,540,0,0,0,0,0
945334,Lucas Väyrynen,2022,FI1,3189,False,22,0,0,0,0,0,0,0,0
945334,Lucas Väyrynen,2022,F1CC,3189,False,5,0,0,0,0,0,0,0,0
945334,Lucas Väyrynen,2021,FIS,52347,False,3,1,0,22,0,0,0,0,0
945334,Lucas Väyrynen,2021,FI3B,52347,False,24,0,0,0,0,0,0,0,0
945334,Lucas Väyrynen,2020,FINJ,46621,False,1,0,0,0,0,0,0,0,0
1123776,Eino Ehrnrooth,2025,FIS,70794,False,1,0,0,0,0,0,0,0,0
1123776,Eino Ehrnrooth,2025,FIS,1102,False,6,0,0,0,0,0,0,0,0
1123776,Eino Ehrnrooth,2025,FIL,1102,False,5,0,0,0,0,0,0,0,0
1123776,Eino Ehrnrooth,2025,FI3C,70794,False,14,5,0,450,0,0,0,0,0
1123776,Eino Ehrnrooth,2025,FI1,1102,False,20,0,0,0,0,0,0,0,0
1123776,Eino Ehrnrooth,2025,F18Q,140355,False,6,5,0,450,0,0,0,0,0
1123776,Eino Ehrnrooth,2024,KP3C,70794,False,5,3,0,270,0,0,0,0,0
1123776,Eino Ehrnrooth,2024,FIS,70794,False,1,0,0,0,0,0,0,0,0
1123776,Eino Ehrnrooth,2024,FIS,1102,False,4,0,0,0,0,0,0,0,0
1123776,Eino Ehrnrooth,2024,FIL,1102,False,5,0,0,0,0,0,0,0,0
1123776,Eino Ehrnrooth,2024,FIKP,70794,False,2,2,0,180,0,0,0,0,1
1123776,Eino Ehrnrooth,2024,FI3C,70794,False,17,12,0,1035,0,0,0,0,0
1123776,Eino Ehrnrooth,2024,FI1,1102,False,22,0,0,0,0,0,0,0,0
1123776,Eino Ehrnrooth,2024,F1CC,1102,False,5,0,0,0,0,0,0,0,0
1123776,Eino Ehrnrooth,2024,ECLQ,1102,False,2,0,0,0,0,0,0,0,0
1123776,Eino Ehrnrooth,2023,FS,20792,True,4,1,0,45,0,0,0,0,0
1123776,Eino Ehrnrooth,2023,FIL,1102,False,1,0,0,0,0,0,0,0,0
1123776,Eino Ehrnrooth,2023,FI1,1102,False,2,0,0,0,0,0,0,0,0
1123776,Eino Ehrnrooth,2023,F4LA,70794,False,18,7,0,630,0,0,0,0,0
1123776,Eino Ehrnrooth,2022,FINJ,15699,False,10,0,0,0,0,0,0,0,0
1225388,Emmanuel Okereke,2025,FIS,1102,False,6,4,0,315,0,0,0,0,1
1225388,Emmanuel Okereke,2025,FIL,1102,False,5,1,0,45,0,0,0,0,0
1225388,Emmanuel Okereke,2025,FI1,1102,False,20,18,0,1620,0,0,21,2,1
1225388,Emmanuel Okereke,2024,FIS,6017,False,4,2,0,154,0,0,0,0,1
1225388,Emmanuel Okereke,2024,FIL,6017,False,5,3,0,46,0,0,0,0,1
1225388,Emmanuel Okereke,2024,FI1,6017,False,22,19,0,1652,4,0,14,10,1
1225388,Emmanuel Okereke,2024,F1CC,6017,False,5,3,0,270,0,0,2,2,0
1225388,Emmanuel Okereke,2023,FIS,6017,False,3,3,0,217,1,1,0,0,0
1225388,Emmanuel Okereke,2023,FIL,6017,False,5,4,0,200,0,0,0,0,1
1225388,Emmanuel Okereke,2023,FI1,6017,False,22,10,0,437,0,0,1,0,0
1225388,Emmanuel Okereke,2023,F4LA,119180,False,6,5,0,450,0,0,0,0,2
1225388,Emmanuel Okereke,2023,F1CC,6017,False,5,1,0,7,0,0,1,0,0
419584,Martti Haukioja,2025,FIS,1102,False,6,4,0,315,2,0,0,0,0
419584,Martti Haukioja,2025,FIL,1102,False,5,4,0,280,0,0,0,0,0
419584,Martti Haukioja,2025,FI1,1102,False,20,15,0,1103,1,1,8,4,1
419584,Martti Haukioja,2024,FIS,1102,False,4,3,0,200,0,0,0,0,0
419584,Martti Haukioja,2024,FIL,1102,False,5,2,0,111,0,0,0,0,1
419584,Martti Haukioja,2024,FI1,1102,False,22,22,0,1980,1,0,12,4,3
419584,Martti Haukioja,2024,F1CC,1102,False,5,5,0,450,0,1,3,1,0
419584,Martti Haukioja,2024,ECLQ,1102,False,2,2,0,180,0,0,0,0,0
419584,Martti Haukioja,2023,FIS,1102,False,2,1,0,90,1,0,0,0,0
419584,Martti Haukioja,2023,FIL,1102,False,5,2,0,155,0,1,0,0,0
419584,Martti Haukioja,2023,FI1,1102,False,22,22,0,1961,4,0,27,7,3
419584,Martti Haukioja,2023,F1CL,1102,False,5,4,0,360,0,1,0,0,0
419584,Martti Haukioja,2023,F1CE,1102,False,1,1,0,90,0,0,1,0,1
419584,Martti Haukioja,2022,FIS,23777,False,2,2,0,135,0,0,0,0,0
419584,Martti Haukioja,2022,FIL,23777,False,5,4,0,237,0,1,0,0,0
419584,Martti Haukioja,2022,FI2,45310,False,1,1,0,62,0,0,0,0,0
419584,Martti Haukioja,2022,FI1,23777,False,22,4,0,203,0,0,1,1,0
419584,Martti Haukioja,2022,F1CL,23777,False,5,0,0,0,0,0,0,0,0
419584,Martti Haukioja,2022,F1CE,23777,False,1,0,0,0,0,0,0,0,0
419584,Martti Haukioja,2022,ECLQ,23777,False,4,2,0,136,0,0,0,0,0
419584,Martti Haukioja,2021,FIS,23777,False,2,2,0,180,0,0,0,0,0
419584,Martti Haukioja,2021,FIL,23777,False,5,3,0,82,0,0,0,0,0
419584,Martti Haukioja,2021,FI2,45310,False,1,1,0,90,0,0,0,0,0
419584,Martti Haukioja,2021,FI1,23777,False,22,11,0,918,0,0,0,0,1
419584,Martti Haukioja,2021,F1CL,23777,False,5,1,0,22,0,0,0,0,0
419584,Martti Haukioja,2021,F1CE,23777,False,1,1,0,90,0,0,0,0,0
419584,Martti Haukioja,2021,ECLQ,8042,False,2,0,0,0,0,0,0,0,0
419584,Martti Haukioja,2020,FIS,8042,False,5,5,0,384,1,0,0,0,1
419584,Martti Haukioja,2020,FI1,8042,False,22,16,0,1067,3,1,0,0,4
419584,Martti Haukioja,2020,F1CL,8042,False,5,5,0,124,1,0,0,0,0
419584,Martti Haukioja,2020,ELQ,8042,False,1,0,0,0,0,0,0,0,0
419584,Martti Haukioja,2019,U21Q,20796,True,10,4,0,295,0,0,2,1,0
419584,Martti Haukioja,2019,FIS,8042,False,9,9,0,382,0,0,0,0,2
419584,Martti Haukioja,2019,FI1,8042,False,22,16,0,1035,0,0,0,0,2
419584,Martti Haukioja,2018,FS,20796,True,2,2,0,141,0,0,0,0,0
419584,Martti Haukioja,2018,FS,20794,True,1,1,0,14,0,0,0,0,0
419584,Martti Haukioja,2018,FIS,1102,False,8,8,0,705,0,1,0,0,1
419584,Martti Haukioja,2018,FI1,1102,False,22,17,0,1339,0,0,0,0,3
419584,Martti Haukioja,2018,F1CC,1102,False,5,0,0,0,0,0,0,0,0
419584,Martti Haukioja,2018,ELQ,3189,False,2,0,0,0,0,0,0,0,0
419584,Martti Haukioja,2017,IJ1,14845,False,30,12,0,898,0,0,0,0,0
419584,Martti Haukioja,2017,FS,20794,True,10,9,0,579,0,0,0,0,0
419584,Martti Haukioja,2017,FI2,3779,False,12,7,0,561,1,0,0,0,1
419584,Martti Haukioja,2017,FI1,3189,False,17,5,0,418,0,1,0,0,2
419584,Martti Haukioja,2017,CITP,14845,False,2,2,0,210,0,0,0,0,0
419584,Martti Haukioja,2017,19EU,20794,True,3,0,0,0,0,0,0,0,0
419584,Martti Haukioja,2016,FS,20793,True,5,5,0,374,0,0,0,0,1
419584,Martti Haukioja,2016,FJE,46621,False,2,1,0,90,0,0,0,0,0
419584,Martti Haukioja,2016,FIS,3189,False,7,0,0,0,0,0,0,0,0
419584,Martti Haukioja,2016,FINJ,46621,False,9,4,0,344,1,0,0,0,0
419584,Martti Haukioja,2016,FI3B,23203,False,12,10,0,855,0,0,0,0,1
419584,Martti Haukioja,2016,FI1,3189,False,8,0,0,0,0,0,0,0,0
419584,Martti Haukioja,2015,U17Q,20792,True,3,1,0,80,0,0,0,0,0
419584,Martti Haukioja,2015,FJE,46621,False,4,2,0,180,0,0,0,0,0
419584,Martti Haukioja,2015,FIS,3189,False,2,0,0,0,0,0,0,0,0
419584,Martti Haukioja,2015,FIL,3189,False,5,1,0,48,0,0,0,0,0
419584,Martti Haukioja,2015,FI1,3189,False,33,3,0,152,0,0,0,0,0
363715,Kevin Kouassivi-Benissan,2025,FIS,1102,False,6,4,0,149,0,0,0,0,0
363715,Kevin Kouassivi-Benissan,2025,FIL,1102,False,5,4,0,276,0,0,0,0,0
363715,Kevin Kouassivi-Benissan,2025,FI1,1102,False,20,14,0,955,0,2,13,5,1
363715,Kevin Kouassivi-Benissan,2025,ECLQ,1008,False,4,3,0,125,0,0,0,0,0
363715,Kevin Kouassivi-Benissan,2024,UCOL,1008,False,6,0,0,0,0,0,0,0,0
363715,Kevin Kouassivi-Benissan,2024,SWEP,51316,False,1,0,0,0,0,0,0,0,0
363715,Kevin Kouassivi-Benissan,2024,SLO1,51316,False,4,4,0,333,0,1,5,1,0
363715,Kevin Kouassivi-Benissan,2024,SLAR,51316,False,10,6,0,375,0,0,7,1,0
363715,Kevin Kouassivi-Benissan,2024,SKC,51316,False,1,1,0,75,0,0,0,0,0
363715,Kevin Kouassivi-Benissan,2024,FIS,1008,False,2,1,0,14,0,0,0,0,0
363715,Kevin Kouassivi-Benissan,2024,FIL,1008,False,2,0,0,0,0,0,0,0,0
363715,Kevin Kouassivi-Benissan,2024,FI1,1008,False,9,5,0,187,2,0,5,4,0
363715,Kevin Kouassivi-Benissan,2024,F1CL,1008,False,10,4,0,54,0,0,0,0,1
363715,Kevin Kouassivi-Benissan,2024,ECLQ,1008,False,4,2,0,42,0,0,0,0,0
363715,Kevin Kouassivi-Benissan,2024,CLQ,1008,False,2,1,0,22,0,0,0,0,0
363715,Kevin Kouassivi-Benissan,2023,UCOL,1008,False,6,4,0,84,0,0,2,2,0
363715,Kevin Kouassivi-Benissan,2023,FIS,1008,False,2,0,0,0,0,0,0,0,0
363715,Kevin Kouassivi-Benissan,2023,FIL,1008,False,5,3,0,240,0,1,0,0,0
363715,Kevin Kouassivi-Benissan,2023,FI1,1008,False,22,17,0,1052,0,4,9,0,1
363715,Kevin Kouassivi-Benissan,2023,F1CL,1008,False,5,0,0,0,0,0,0,0,0
363715,Kevin Kouassivi-Benissan,2023,ELQ,1008,False,2,2,0,106,0,0,0,0,1
363715,Kevin Kouassivi-Benissan,2023,ECLQ,1008,False,2,1,0,90,0,0,0,0,0
363715,Kevin Kouassivi-Benissan,2023,CLQ,1008,False,4,4,0,199,0,0,0,0,0
363715,Kevin Kouassivi-Benissan,2022,FIS,1008,False,1,0,0,0,0,0,0,0,0
363715,Kevin Kouassivi-Benissan,2022,FIL,1008,False,7,4,2,263,0,2,0,0,1
363715,Kevin Kouassivi-Benissan,2022,FI3A,11131,False,1,1,0,45,0,0,0,0,0
363715,Kevin Kouassivi-Benissan,2022,FI1,1008,False,22,10,9,488,0,5,3,0,0
363715,Kevin Kouassivi-Benissan,2022,F1CL,1008,False,5,1,0,90,0,0,0,0,0
363715,Kevin Kouassivi-Benissan,2021,UCOL,1008,False,6,2,0,111,0,0,0,0,1
363715,Kevin Kouassivi-Benissan,2021,POFI,2925,False,2,2,0,150,0,0,0,0,0
363715,Kevin Kouassivi-Benissan,2021,FIS,2925,False,6,6,0,458,0,3,0,0,1
363715,Kevin Kouassivi-Benissan,2021,FIL,1008,False,4,2,0,95,0,0,0,0,0
363715,Kevin Kouassivi-Benissan,2021,FI1,2925,False,22,20,0,1655,1,3,0,0,2
363715,Kevin Kouassivi-Benissan,2021,F1CC,2925,False,5,1,0,13,0,0,0,0,0
363715,Kevin Kouassivi-Benissan,2021,ELQ,1008,False,4,2,0,23,0,0,0,0,0
363715,Kevin Kouassivi-Benissan,2021,CLQ,1008,False,4,0,0,0,0,0,0,0,0
363715,Kevin Kouassivi-Benissan,2020,FIS,1008,False,6,1,0,45,0,0,0,0,0
363715,Kevin Kouassivi-Benissan,2020,FI2,11131,False,2,2,0,151,0,0,0,0,1
363715,Kevin Kouassivi-Benissan,2020,FI1,1008,False,22,4,0,216,0,0,0,0,0
363715,Kevin Kouassivi-Benissan,2020,F1CL,1008,False,5,2,0,17,0,0,0,0,0
363715,Kevin Kouassivi-Benissan,2020,ELQ,8042,False,1,1,0,14,0,0,0,0,0
363715,Kevin Kouassivi-Benissan,2019,U21Q,20796,True,10,1,0,16,0,0,0,0,0
363715,Kevin Kouassivi-Benissan,2019,FIS,8042,False,9,6,0,477,0,1,0,0,1
363715,Kevin Kouassivi-Benissan,2019,FI1,8042,False,22,19,0,1060,1,4,0,0,1
363715,Kevin Kouassivi-Benissan,2019,CLQ,1008,False,4,2,0,54,0,0,0,0,0
363715,Kevin Kouassivi-Benissan,2018,FS,20796,True,4,2,0,127,0,0,0,0,0
363715,Kevin Kouassivi-Benissan,2018,FIS,1008,False,5,5,0,316,0,0,0,0,0
363715,Kevin Kouassivi-Benissan,2018,FI3A,11131,False,2,2,0,152,1,0,0,0,0
363715,Kevin Kouassivi-Benissan,2018,FI1,3776,False,5,3,0,201,1,2,0,0,0
363715,Kevin Kouassivi-Benissan,2018,FI1,1008,False,18,8,0,296,0,0,0,0,0
363715,Kevin Kouassivi-Benissan,2018,F1CC,3776,False,5,5,0,296,0,0,0,0,0
363715,Kevin Kouassivi-Benissan,2018,ELQ,1008,False,2,0,0,0,0,0,0,0,0
363715,Kevin Kouassivi-Benissan,2018,CLQ,1008,False,4,0,0,0,0,0,0,0,0
363715,Kevin Kouassivi-Benissan,2017,FS,20794,True,3,3,0,202,0,0,0,0,0
363715,Kevin Kouassivi-Benissan,2017,FIS,11131,False,5,4,0,344,0,0,0,0,0
363715,Kevin Kouassivi-Benissan,2017,FINJ,15665,False,1,1,0,87,0,0,0,0,0
363715,Kevin Kouassivi-Benissan,2017,FI2,11131,False,27,23,0,1870,7,1,0,0,2
363715,Kevin Kouassivi-Benissan,2017,FI1,1008,False,14,2,0,180,0,0,0,0,0
363715,Kevin Kouassivi-Benissan,2016,FS,20793,True,3,3,0,135,0,0,0,0,0
363715,Kevin Kouassivi-Benissan,2016,FIS,11131,False,4,2,0,107,0,0,0,0,0
363715,Kevin Kouassivi-Benissan,2016,FINJ,15665,False,1,1,0,90,0,0,0,0,0
363715,Kevin Kouassivi-Benissan,2016,FIKP,11131,False,2,2,0,180,0,0,0,0,1
363715,Kevin Kouassivi-Benissan,2016,FI3A,11131,False,22,18,0,1427,3,3,0,0,3
363715,Kevin Kouassivi-Benissan,2016,19YL,50922,False,2,1,0,66,0,0,0,0,0
363715,Kevin Kouassivi-Benissan,2015,U17Q,20792,True,3,2,0,160,0,0,0,0,0
363715,Kevin Kouassivi-Benissan,2015,FI3B,11131,False,22,1,0,40,0,0,0,0,0
363715,Kevin Kouassivi-Benissan,2014,FS,20791,True,2,2,0,105,0,0,0,0,0
695998,Lassana Mané,2025,PT3A,13573,False,18,16,0,1371,0,0,0,0,2
695998,Lassana Mané,2025,POPO,13573,False,4,4,0,390,0,0,0,0,1
695998,Lassana Mané,2025,P3As,13573,False,6,6,0,540,0,0,0,0,0
695998,Lassana Mané,2025,FIS,1102,False,6,4,0,315,0,0,0,0,0
695998,Lassana Mané,2025,FI1,1102,False,20,18,0,1620,1,0,6,1,2
695998,Lassana Mané,2024,POPO,1436,False,1,1,0,120,0,0,0,0,1
695998,Lassana Mané,2024,CPSB,1436,False,26,25,1,2161,0,0,0,0,5
695998,Lassana Mané,2023,POPO,7323,False,4,4,0,249,0,0,0,0,1
695998,Lassana Mané,2023,CPSA,7323,False,26,0,0,0,0,0,0,0,0
695998,Lassana Mané,2022,PT3A,7323,False,22,17,0,1121,0,1,0,0,2
695998,Lassana Mané,2022,POPO,7323,False,3,0,0,0,0,0,0,0,0
695998,Lassana Mané,2022,P3As,7323,False,6,3,0,121,0,0,0,0,1
695998,Lassana Mané,2021,POPO,2459,False,1,0,0,0,0,0,0,0,0
695998,Lassana Mané,2020,POPO,9603,False,1,0,0,0,0,0,0,0,0
695998,Lassana Mané,2019,PT23,68826,False,35,23,0,1488,0,0,0,0,2
495944,Yassin Daoussi,2025,FIS,1102,False,6,5,0,367,2,3,0,0,1
495944,Yassin Daoussi,2025,FIL,1102,False,5,5,0,299,0,0,0,0,0
495944,Yassin Daoussi,2025,FI1,1102,False,20,14,0,877,0,1,13,3,3
495944,Yassin Daoussi,2024,YKCP,22890,False,2,2,0,180,1,0,0,0,0
495944,Yassin Daoussi,2024,FIS,22890,False,5,4,0,301,1,0,0,0,1
495944,Yassin Daoussi,2024,FI2,22890,False,13,11,0,860,3,4,0,0,3
495944,Yassin Daoussi,2024,FI1,1102,False,8,8,0,214,1,0,2,1,1
495944,Yassin Daoussi,2024,F1CC,1102,False,5,5,0,306,0,1,4,0,2
495944,Yassin Daoussi,2023,FIS,7008,False,5,2,0,90,0,0,0,0,0
495944,Yassin Daoussi,2023,FIL,7008,False,5,5,0,376,0,2,0,0,2
495944,Yassin Daoussi,2023,FI1,7008,False,22,15,0,1109,2,0,10,2,4
495944,Yassin Daoussi,2023,F1CC,7008,False,5,5,0,400,1,0,6,3,0
495944,Yassin Daoussi,2022,FIS,7008,False,5,5,0,351,0,0,0,0,0
495944,Yassin Daoussi,2022,FIL,7008,False,7,6,0,392,1,1,0,0,1
495944,Yassin Daoussi,2022,FI1,7008,False,22,20,0,1461,1,2,16,5,3
495944,Yassin Daoussi,2022,F1CE,7008,False,2,0,0,0,0,0,0,0,0
495944,Yassin Daoussi,2022,F1CC,7008,False,5,2,0,106,0,1,0,0,0
495944,Yassin Daoussi,2021,YKCP,22890,False,5,4,0,360,0,0,0,0,1
495944,Yassin Daoussi,2021,YKAU,22890,False,5,4,0,315,0,0,0,0,0
495944,Yassin Daoussi,2021,FIS,22890,False,3,3,0,255,0,0,0,0,1
495944,Yassin Daoussi,2021,FI2P,22890,False,1,1,0,90,0,0,0,0,1
495944,Yassin Daoussi,2021,FI2,22890,False,22,22,0,1980,0,5,0,0,4
495944,Yassin Daoussi,2020,YKAB,21520,False,5,5,0,450,0,0,0,0,0
495944,Yassin Daoussi,2020,FIS,21520,False,3,3,0,270,0,1,0,0,1
495944,Yassin Daoussi,2020,FI2,21520,False,22,21,0,1847,2,1,0,0,1
495944,Yassin Daoussi,2019,FIS,21520,False,6,6,0,491,0,2,0,0,0
495944,Yassin Daoussi,2019,FI2,21520,False,22,20,0,1800,1,4,0,0,2
495944,Yassin Daoussi,2018,KCUP,44037,False,2,0,0,0,0,0,0,0,0
495944,Yassin Daoussi,2018,FI3A,44037,False,22,22,0,1980,1,0,0,0,2
495944,Yassin Daoussi,2017,FI3B,17397,False,22,19,0,1710,0,0,0,0,2
495944,Yassin Daoussi,2016,FI3B,17397,False,22,8,0,704,2,0,0,0,2
495944,Yassin Daoussi,2015,FS,20792,True,1,1,0,80,0,0,0,0,0
857734,Vilmer Rönnberg,2025,FIS,1102,False,6,0,0,0,0,0,0,0,0
857734,Vilmer Rönnberg,2025,FIL,1102,False,5,5,0,395,1,0,0,0,1
857734,Vilmer Rönnberg,2025,FI1,1102,False,20,10,0,558,1,2,5,1,2
857734,Vilmer Rönnberg,2024,FIS,1102,False,4,3,0,225,2,0,0,0,1
857734,Vilmer Rönnberg,2024,FIL,1102,False,5,1,0,23,0,0,0,0,0
857734,Vilmer Rönnberg,2024,FI3C,70794,False,1,1,0,73,0,0,0,0,0
857734,Vilmer Rönnberg,2024,FI1,1102,False,22,10,0,632,0,0,3,1,0
857734,Vilmer Rönnberg,2024,F1CC,1102,False,5,1,0,63,0,0,0,0,0
857734,Vilmer Rönnberg,2024,ECLQ,10532,False,2,2,0,180,0,0,0,0,1
857734,Vilmer Rönnberg,2023,SEC,10507,False,2,1,0,90,0,0,0,0,0
857734,Vilmer Rönnberg,2023,FARO,10532,False,27,21,0,1800,2,1,0,0,2
857734,Vilmer Rönnberg,2023,FAPO,10532,False,5,3,0,300,0,0,0,0,0
857734,Vilmer Rönnberg,2022,SEC,17938,False,1,0,0,0,0,0,0,0,0
857734,Vilmer Rönnberg,2022,SEC,10507,False,3,2,0,180,0,0,0,0,0
857734,Vilmer Rönnberg,2022,SE1,10507,False,30,13,0,599,0,0,4,1,1
857734,Vilmer Rönnberg,2021,SE3N,17938,False,30,16,0,922,0,0,0,0,2
857734,Vilmer Rönnberg,2019,JUNO,8842,False,13,3,0,270,0,0,0,0,0
739935,Razak Simpson,2025,GHPL,71944,False,34,31,0,2790,3,0,0,0,2
739935,Razak Simpson,2025,FS,3441,True,5,1,0,24,0,0,0,0,0
739935,Razak Simpson,2025,FI3C,70794,False,1,1,0,62,0,0,0,0,0
739935,Razak Simpson,2025,FI1,1102,False,7,4,0,288,0,1,2,0,0
739935,Razak Simpson,2024,GHPL,71944,False,34,21,0,1863,4,0,0,0,1
739935,Razak Simpson,2024,FS,3441,True,2,2,0,180,1,0,0,0,0
739935,Razak Simpson,2024,AFCQ,3441,True,2,2,0,180,0,0,1,0,0
739935,Razak Simpson,2023,WMQ2,3441,True,6,1,0,10,0,0,0,0,0
739935,Razak Simpson,2023,GHPL,71944,False,34,31,0,2790,2,0,0,0,1
739935,Razak Simpson,2021,GHPL,46484,False,34,13,0,540,0,0,0,0,0
739935,Razak Simpson,2020,GHPL,9079,False,17,0,0,0,0,0,0,0,0
739935,Razak Simpson,2020,GHPL,13607,False,17,16,0,1355,0,0,0,0,0
739935,Razak Simpson,2020,CAFC,9079,False,2,0,0,0,0,0,0,0,0
739935,Razak Simpson,2019,GHPL,9079,False,15,4,0,258,0,0,0,0,0
739935,Razak Simpson,2019,CAFC,9079,False,4,0,0,0,0,0,0,0,0
239996,Miika Niemi,2025,FIS,1102,False,6,5,0,427,0,0,0,0,1
239996,Miika Niemi,2025,FIL,1102,False,5,4,0,286,0,0,0,0,1
239996,Miika Niemi,2025,FI1,1102,False,20,15,0,936,0,0,2,0,1
239996,Miika Niemi,2024,FIS,1102,False,4,3,0,225,0,1,0,0,0
239996,Miika Niemi,2024,FIL,1102,False,5,5,0,367,0,1,0,0,1
239996,Miika Niemi,2024,FI1,1102,False,22,17,0,1236,0,0,3,0,2
239996,Miika Niemi,2024,F1CC,1102,False,5,4,0,315,0,0,2,1,0
239996,Miika Niemi,2024,ECLQ,1102,False,2,2,0,106,0,0,0,0,1
239996,Miika Niemi,2023,FIS,1102,False,2,2,0,180,0,0,0,0,1
239996,Miika Niemi,2023,FIL,1102,False,5,5,0,405,0,0,0,0,0
239996,Miika Niemi,2023,FI1,1102,False,22,20,0,1219,1,1,7,1,3
239996,Miika Niemi,2023,F1CL,1102,False,5,3,0,189,0,0,0,0,1
239996,Miika Niemi,2023,F1CE,1102,False,1,1,0,45,0,0,0,0,0
239996,Miika Niemi,2022,FIS,1102,False,4,1,0,45,0,0,0,0,0
239996,Miika Niemi,2022,FIL,1102,False,5,2,0,70,0,0,0,0,0
239996,Miika Niemi,2022,FI1,1102,False,22,11,0,546,0,0,0,0,1
239996,Miika Niemi,2022,F1CL,1102,False,5,5,0,222,0,0,0,0,0
239996,Miika Niemi,2022,F1CE,1102,False,2,2,0,13,0,0,0,0,1
239996,Miika Niemi,2021,FIS,1102,False,4,3,0,251,0,1,0,0,0
239996,Miika Niemi,2021,FIL,1102,False,3,3,0,141,0,0,0,0,0
239996,Miika Niemi,2021,FI1,1102,False,22,19,0,741,0,1,0,0,1
239996,Miika Niemi,2021,F1CE,1102,False,4,4,0,283,1,0,0,0,1
239996,Miika Niemi,2021,F1CC,1102,False,5,5,0,442,0,0,0,0,0
239996,Miika Niemi,2020,YKAU,1102,False,5,5,0,437,0,0,0,0,0
239996,Miika Niemi,2020,FIS,1102,False,4,2,0,167,0,0,0,0,0
239996,Miika Niemi,2020,FI2,1102,False,22,22,0,1910,1,2,0,0,2
239996,Miika Niemi,2019,FIS,1102,False,5,5,0,330,0,0,0,0,0
239996,Miika Niemi,2019,FI2,1102,False,22,2,0,113,0,0,0,0,0
239996,Miika Niemi,2018,FIS,20399,False,1,1,0,90,0,0,0,0,0
239996,Miika Niemi,2018,FIP1,20399,False,1,1,0,90,0,0,0,0,0
239996,Miika Niemi,2018,FI3C,11134,False,22,22,0,1980,1,1,0,0,3
239996,Miika Niemi,2017,FI3C,11134,False,22,22,0,1972,0,0,0,0,2
239996,Miika Niemi,2016,FIKP,26738,False,2,2,0,180,0,0,0,0,0
239996,Miika Niemi,2016,FI3C,26738,False,22,18,0,1529,0,0,0,0,4
239996,Miika Niemi,2015,FI3C,11134,False,22,22,0,1910,0,0,0,0,0
239996,Miika Niemi,2015,ELQ,1102,False,2,1,0,90,0,0,0,0,0
239996,Miika Niemi,2014,FIS,1102,False,1,1,0,90,0,0,0,0,0
239996,Miika Niemi,2014,FIL,1102,False,5,5,0,355,0,0,0,0,1
239996,Miika Niemi,2014,FI3N,20399,False,8,8,0,647,0,0,0,0,0
239996,Miika Niemi,2014,FI1,1102,False,24,6,0,226,0,0,0,0,0
239996,Miika Niemi,2014,ELQ,1102,False,2,0,0,0,0,0,0,0,0
239996,Miika Niemi,2013,FIS,1102,False,1,1,0,66,0,0,0,0,1
239996,Miika Niemi,2013,FIL,1102,False,7,4,0,130,0,0,0,0,1
239996,Miika Niemi,2013,FI1,1102,False,33,7,0,189,0,0,0,0,0
239996,Miika Niemi,2012,FIS,1102,False,4,0,0,0,0,0,0,0,0
239996,Miika Niemi,2012,FIL,1102,False,6,2,0,52,0,0,0,0,0
239996,Miika Niemi,2012,FI1,1102,False,33,2,0,22,0,0,0,0,0
239996,Miika Niemi,2011,FI1,1102,False,7,2,0,8,0,0,0,0,0
1125606,Oluwaseyi Ogunniyi,2025,FIS,1102,False,6,4,0,360,3,3,0,0,0
1125606,Oluwaseyi Ogunniyi,2025,FIL,1102,False,4,4,0,105,1,0,0,0,0
1125606,Oluwaseyi Ogunniyi,2025,FI3C,70794,False,7,3,0,206,1,0,0,0,1
1125606,Oluwaseyi Ogunniyi,2025,FI1,1102,False,20,13,0,561,2,0,10,4,0
1125606,Oluwaseyi Ogunniyi,2025,DKRE,62694,False,2,2,0,31,0,0,0,0,0
1125606,Oluwaseyi Ogunniyi,2025,DKP,2414,False,2,0,0,0,0,0,0,0,0
1125606,Oluwaseyi Ogunniyi,2025,DKDL,14347,False,16,9,0,679,1,0,0,0,2
1125606,Oluwaseyi Ogunniyi,2025,DK2,2414,False,18,0,0,0,0,0,0,0,0
1125606,Oluwaseyi Ogunniyi,2023,TDV,86262,False,7,7,0,630,0,0,0,0,1
435306,Paulo Lima,2026,AFCQ,15236,True,2,1,0,90,0,0,0,0,0
435306,Paulo Lima,2025,PT3A,13573,False,18,16,0,1323,2,1,0,0,4
435306,Paulo Lima,2025,POPO,13573,False,4,2,0,180,0,0,0,0,0
435306,Paulo Lima,2025,P3As,13573,False,3,0,0,0,0,0,0,0,0
435306,Paulo Lima,2025,FIS,1102,False,6,3,0,188,0,0,0,0,1
435306,Paulo Lima,2025,FI1,1102,False,20,18,0,1525,1,0,19,6,4
435306,Paulo Lima,2024,PT3A,15268,False,18,18,0,1079,0,1,0,0,4
435306,Paulo Lima,2024,POPO,15268,False,6,6,0,496,0,1,0,0,2
435306,Paulo Lima,2024,P3As,15268,False,10,8,0,561,0,1,0,0,2
435306,Paulo Lima,2023,POPO,1992,False,3,1,0,90,0,0,0,0,0
435306,Paulo Lima,2023,P2RL,1085,False,1,1,0,45,0,0,0,0,0
435306,Paulo Lima,2021,MNPP,95336,False,1,1,0,120,0,0,0,0,0
435306,Paulo Lima,2021,MNP3,95336,False,24,18,0,1003,0,0,0,0,2
435306,Paulo Lima,2020,NCD1,36507,False,3,1,0,90,0,0,0,0,0
435306,Paulo Lima,2018,NCD1,36507,False,3,0,0,0,0,0,0,0,0
435306,Paulo Lima,2015,PO2,10949,False,1,0,0,0,0,0,0,0,0
900015,Adrian Arrakoski,2025,FIS,1102,False,6,1,0,23,0,0,0,0,0
900015,Adrian Arrakoski,2025,FIL,1102,False,5,4,0,56,1,0,0,0,0
900015,Adrian Arrakoski,2025,FI3C,70794,False,2,2,0,135,0,0,0,0,0
900015,Adrian Arrakoski,2025,FI1,1102,False,20,1,0,1,0,0,0,0,0
900015,Adrian Arrakoski,2024,KP3C,70794,False,5,4,0,315,1,0,0,0,0
900015,Adrian Arrakoski,2024,FIS,70794,False,2,2,0,180,0,0,0,0,1
900015,Adrian Arrakoski,2024,FIS,1102,False,4,0,0,0,0,0,0,0,0
900015,Adrian Arrakoski,2024,FIL,1102,False,4,1,0,7,0,0,0,0,0
900015,Adrian Arrakoski,2024,FIKP,70794,False,2,2,0,180,1,0,0,0,1
900015,Adrian Arrakoski,2024,FI3C,70794,False,17,14,0,1234,1,2,0,0,3
900015,Adrian Arrakoski,2024,FI1,1102,False,22,0,0,0,0,0,0,0,0
900015,Adrian Arrakoski,2024,F1CC,1102,False,5,0,0,0,0,0,0,0,0
900015,Adrian Arrakoski,2023,FP3A,17396,False,5,4,0,360,3,0,0,0,2
900015,Adrian Arrakoski,2023,FIS,17396,False,4,3,0,225,0,0,0,0,0
900015,Adrian Arrakoski,2023,FI3A,17396,False,18,16,0,1137,2,0,0,0,6
900015,Adrian Arrakoski,2022,KOG1,97250,False,1,1,0,90,0,0,0,0,0
900015,Adrian Arrakoski,2022,FIS,17396,False,2,0,0,0,0,0,0,0,0
900015,Adrian Arrakoski,2022,FI3B,17396,False,22,10,0,750,1,0,0,0,4
900015,Adrian Arrakoski,2021,FIS,17396,False,1,1,0,90,0,0,0,0,0
900015,Adrian Arrakoski,2021,FINJ,52327,False,4,2,0,145,0,0,0,0,1
900015,Adrian Arrakoski,2021,FI3B,17396,False,24,10,0,597,1,0,0,0,3
900015,Adrian Arrakoski,2020,FINJ,52327,False,19,15,0,1165,1,0,0,0,6
779754,Jayden Turfkruier,2025,FIS,1102,False,6,3,0,198,0,0,0,0,0
779754,Jayden Turfkruier,2025,FIL,1102,False,5,5,0,252,0,2,0,0,1
779754,Jayden Turfkruier,2025,FI1,1102,False,20,17,0,1349,1,4,14,4,3
779754,Jayden Turfkruier,2024,PON2,1434,False,6,6,0,166,0,0,2,0,1
779754,Jayden Turfkruier,2024,NLP,1434,False,2,2,0,64,0,0,0,0,0
779754,Jayden Turfkruier,2024,NL2,1434,False,38,33,0,1476,2,1,15,4,4
779754,Jayden Turfkruier,2024,GOCU,15359,True,3,0,0,0,0,0,0,0,0
779754,Jayden Turfkruier,2024,GCQU,15359,True,2,1,0,1,0,0,0,0,0
779754,Jayden Turfkruier,2024,CNNF,15359,True,2,1,0,1,0,0,0,0,0
779754,Jayden Turfkruier,2024,CNLA,15359,True,2,0,0,0,0,0,0,0,0
779754,Jayden Turfkruier,2023,WMQ3,15359,True,2,1,0,45,0,0,0,0,1
779754,Jayden Turfkruier,2023,NLP,1434,False,1,1,0,90,0,0,0,0,0
779754,Jayden Turfkruier,2023,NL2,1434,False,38,32,0,2727,1,4,16,5,6
779754,Jayden Turfkruier,2022,NLP,1434,False,1,1,0,45,0,0,2,0,0
779754,Jayden Turfkruier,2022,NL2,1434,False,25,22,0,1389,0,2,5,1,1
385978,Antti-Ville Räisänen,2025,FIS,1102,False,6,5,0,341,0,1,0,0,0
385978,Antti-Ville Räisänen,2025,FIL,1102,False,5,5,0,381,0,0,0,0,0
385978,Antti-Ville Räisänen,2025,FI1,1102,False,20,17,0,876,1,0,7,3,2
385978,Antti-Ville Räisänen,2024,FIS,1102,False,4,4,0,225,0,0,0,0,0
385978,Antti-Ville Räisänen,2024,FIL,1102,False,5,5,0,372,0,1,0,0,0
385978,Antti-Ville Räisänen,2024,FI1,1102,False,22,21,0,1419,1,1,9,2,2
385978,Antti-Ville Räisänen,2024,F1CC,1102,False,5,5,0,346,1,0,2,1,0
385978,Antti-Ville Räisänen,2024,ECLQ,1102,False,2,2,0,135,0,0,0,0,0
385978,Antti-Ville Räisänen,2023,FIS,1102,False,2,2,0,117,0,1,0,0,0
385978,Antti-Ville Räisänen,2023,FIL,1102,False,5,4,0,296,1,0,0,0,0
385978,Antti-Ville Räisänen,2023,FI1,1102,False,22,21,0,1434,1,4,6,1,3
385978,Antti-Ville Räisänen,2023,F1CL,1102,False,5,3,0,106,0,0,1,0,1
385978,Antti-Ville Räisänen,2023,F1CE,1102,False,1,1,0,20,0,0,0,0,0
385978,Antti-Ville Räisänen,2022,FIS,1102,False,4,4,0,230,0,3,0,0,1
385978,Antti-Ville Räisänen,2022,FIL,1102,False,5,1,0,60,0,0,0,0,0
385978,Antti-Ville Räisänen,2022,FI1,1102,False,22,21,0,1527,0,0,8,2,2
385978,Antti-Ville Räisänen,2022,F1CL,1102,False,5,5,0,366,0,2,2,0,0
385978,Antti-Ville Räisänen,2022,F1CE,1102,False,2,2,0,180,0,0,1,0,0
385978,Antti-Ville Räisänen,2021,FIS,1102,False,4,3,0,270,0,1,0,0,0
385978,Antti-Ville Räisänen,2021,FIL,1102,False,3,3,0,202,0,0,0,0,0
385978,Antti-Ville Räisänen,2021,FI1,1102,False,22,14,0,627,1,1,0,0,0
385978,Antti-Ville Räisänen,2021,F1CE,1102,False,4,4,0,223,1,0,0,0,0
385978,Antti-Ville Räisänen,2021,F1CC,1102,False,5,2,0,20,0,0,0,0,1
385978,Antti-Ville Räisänen,2020,YKAB,21520,False,5,5,0,447,1,0,0,0,0
385978,Antti-Ville Räisänen,2020,FIS,21520,False,3,3,0,201,1,0,0,0,0
385978,Antti-Ville Räisänen,2020,FI2,21520,False,22,15,0,557,0,1,0,0,3
385978,Antti-Ville Räisänen,2019,FIS,21520,False,6,5,0,349,1,1,0,0,0
385978,Antti-Ville Räisänen,2019,FI2,21520,False,22,19,0,1498,5,3,0,0,2
385978,Antti-Ville Räisänen,2018,FIKP,21520,False,3,2,0,180,0,0,0,0,0
385978,Antti-Ville Räisänen,2018,FI3A,21520,False,22,22,0,1831,2,1,0,0,1
385978,Antti-Ville Räisänen,2017,FIS,26738,False,5,5,0,345,0,0,0,0,0
385978,Antti-Ville Räisänen,2017,FI2,26738,False,27,20,0,995,0,0,0,0,1
385978,Antti-Ville Räisänen,2016,FIS,6251,False,6,1,0,90,0,0,0,0,0
385978,Antti-Ville Räisänen,2016,FI3C,24753,False,18,17,0,1147,2,0,0,0,2
385978,Antti-Ville Räisänen,2016,FI1,6251,False,33,0,0,0,0,0,0,0,0
385978,Antti-Ville Räisänen,2015,FJE,19331,False,16,7,0,630,0,0,0,0,2
385978,Antti-Ville Räisänen,2015,FIS,6251,False,4,0,0,0,0,0,0,0,0
385978,Antti-Ville Räisänen,2015,FINJ,19331,False,9,5,0,425,1,0,0,0,1
385978,Antti-Ville Räisänen,2015,FIL,6251,False,5,4,0,145,0,0,0,0,0
385978,Antti-Ville Räisänen,2015,FI3A,24753,False,21,15,0,856,1,1,0,0,2
385978,Antti-Ville Räisänen,2015,FI1,6251,False,33,0,0,0,0,0,0,0,0
385978,Antti-Ville Räisänen,2014,FJE,19331,False,9,6,0,509,0,0,0,0,0
385978,Antti-Ville Räisänen,2014,FIP1,24753,False,1,1,0,77,0,0,0,0,0
385978,Antti-Ville Räisänen,2014,FI1,6251,False,6,2,0,11,0,0,0,0,0
490718,Simon Lindholm,2025,FIS,1102,False,6,4,0,188,2,0,0,0,0
490718,Simon Lindholm,2025,FIL,1102,False,5,4,0,300,3,1,0,0,1
490718,Simon Lindholm,2025,FI1,1102,False,20,16,0,1032,4,0,18,7,4
490718,Simon Lindholm,2024,FIS,1225,False,5,4,0,211,0,1,0,0,1
490718,Simon Lindholm,2024,FIL,1225,False,5,5,0,405,0,0,0,0,1
490718,Simon Lindholm,2024,FI1,1225,False,22,21,0,1492,4,1,25,12,4
490718,Simon Lindholm,2024,F1CC,1225,False,5,4,0,332,0,0,2,0,3
490718,Simon Lindholm,2023,FIS,22890,False,5,3,0,99,0,0,0,0,1
490718,Simon Lindholm,2023,FIL,22890,False,5,5,0,360,2,0,0,0,1
490718,Simon Lindholm,2023,FI1,22890,False,22,22,0,1730,1,0,31,10,2
490718,Simon Lindholm,2023,F1CC,22890,False,5,5,0,388,1,0,4,1,1
490718,Simon Lindholm,2022,YKCP,22890,False,4,4,0,360,0,0,0,0,0
490718,Simon Lindholm,2022,YKAU,22890,False,5,4,0,354,1,1,0,0,1
490718,Simon Lindholm,2022,FIS,22890,False,4,4,0,272,0,1,0,0,0
490718,Simon Lindholm,2022,FI2,22890,False,22,18,0,1470,0,4,0,0,7
490718,Simon Lindholm,2021,YKCP,22890,False,5,5,0,256,1,0,0,0,2
490718,Simon Lindholm,2021,YKAU,22890,False,5,4,0,184,0,0,0,0,1
490718,Simon Lindholm,2021,FIS,22890,False,3,3,0,270,1,0,0,0,0
490718,Simon Lindholm,2021,FI2P,22890,False,1,1,0,11,0,0,0,0,0
490718,Simon Lindholm,2021,FI2,22890,False,22,22,0,936,1,1,0,0,3
490718,Simon Lindholm,2020,YKAU,22890,False,5,3,0,79,0,0,0,0,0
490718,Simon Lindholm,2020,FIS,22890,False,4,2,0,120,0,0,0,0,0
490718,Simon Lindholm,2020,FI2,22890,False,22,7,0,245,0,0,0,0,0
490718,Simon Lindholm,2019,FIS,22890,False,5,5,0,320,1,0,0,0,1
490718,Simon Lindholm,2019,FI2,22890,False,22,7,0,218,0,1,0,0,0
490718,Simon Lindholm,2018,KOG1,75681,False,18,7,0,583,0,0,0,0,1
490718,Simon Lindholm,2018,FIS,22890,False,4,3,0,225,0,0,0,0,0
490718,Simon Lindholm,2018,FI2,22890,False,27,19,0,778,0,1,0,0,1
490718,Simon Lindholm,2017,FIS,22890,False,8,2,0,68,0,0,0,0,0
490718,Simon Lindholm,2017,FI2,22890,False,27,1,0,36,0,0,0,0,0
490718,Simon Lindholm,2016,FIS,22890,False,1,0,0,0,0,0,0,0,0
490718,Simon Lindholm,2016,FI2,22890,False,4,1,0,72,0,0,0,0,0
894517,Dren Terrnava,2025,IT3B,839,False,34,4,0,69,0,0,0,0,0
894517,Dren Terrnava,2025,IJ1,5243,False,3,1,2,33,0,0,0,0,0
894517,Dren Terrnava,2025,FI1,1102,False,1,0,0,0,0,0,0,0,0
894517,Dren Terrnava,2025,CILP,839,False,1,0,0,0,0,0,0,0,0
894517,Dren Terrnava,2024,SCJ2,5243,False,1,1,0,45,0,0,0,0,0
894517,Dren Terrnava,2024,IJ2A,5243,False,30,28,0,2228,2,1,33,10,2
894517,Dren Terrnava,2024,CITP,5243,False,2,2,0,20,0,0,0,0,0
894517,Dren Terrnava,2023,U19Q,20794,True,3,3,0,152,0,0,0,0,1
894517,Dren Terrnava,2023,ITJP,5243,False,1,1,0,120,0,0,2,0,0
894517,Dren Terrnava,2023,IJ2A,5243,False,30,27,0,1725,0,0,21,5,4
894517,Dren Terrnava,2023,FS,20796,True,2,1,0,18,0,0,0,0,0
894517,Dren Terrnava,2023,FS,20794,True,2,2,0,109,0,0,0,0,1
894517,Dren Terrnava,2023,CITP,5243,False,1,1,0,90,0,0,1,0,0
894517,Dren Terrnava,2022,ITJ9,84451,False,27,21,0,1438,0,1,0,0,2
894517,Dren Terrnava,2022,IJ2A,5243,False,3,0,0,0,0,0,0,0,0
894517,Dren Terrnava,2022,FS,20793,True,8,8,0,466,0,0,0,0,3
894517,Dren Terrnava,2021,U17Q,20792,True,6,5,0,372,0,1,0,0,1
894517,Dren Terrnava,2021,TDV,84451,False,4,2,0,121,0,0,0,0,0
894517,Dren Terrnava,2021,ITJ7,84451,False,17,10,0,579,0,1,0,0,0
894517,Dren Terrnava,2021,ITJ4,54395,False,6,4,0,209,0,1,0,0,0
894517,Dren Terrnava,2021,FS,20793,True,5,1,0,62,1,0,0,0,0
894517,Dren Terrnava,2021,FS,20792,True,4,4,0,209,0,0,0,0,0
894517,Dren Terrnava,2020,FI2,2275,False,3,0,0,0,0,0,0,0,0
249169,Joonas Vahtera,2025,FIS,1102,False,6,4,0,195,2,1,0,0,0
249169,Joonas Vahtera,2025,FIL,1102,False,5,0,0,0,0,0,0,0,0
249169,Joonas Vahtera,2025,FI3C,70794,False,1,1,0,45,0,0,0,0,0
249169,Joonas Vahtera,2025,FI1,1102,False,20,6,0,115,0,0,2,1,0
249169,Joonas Vahtera,2024,FIS,1102,False,4,0,0,0,0,0,0,0,0
249169,Joonas Vahtera,2024,FIL,1102,False,5,3,0,191,0,0,0,0,0
249169,Joonas Vahtera,2024,FI1,1102,False,22,7,0,397,0,0,3,0,1
249169,Joonas Vahtera,2024,F1CC,1102,False,5,0,0,0,0,0,0,0,0
249169,Joonas Vahtera,2024,ECLQ,1102,False,2,2,0,114,0,0,0,0,0
249169,Joonas Vahtera,2023,FIS,1102,False,2,0,0,0,0,0,0,0,0
249169,Joonas Vahtera,2023,FIL,1102,False,5,1,0,27,0,0,0,0,0
249169,Joonas Vahtera,2023,FI1,1102,False,22,17,0,848,1,2,16,4,1
249169,Joonas Vahtera,2023,F1CL,1102,False,5,4,0,172,1,2,7,5,0
249169,Joonas Vahtera,2023,F1CE,1102,False,1,1,0,6,0,0,0,0,0
249169,Joonas Vahtera,2022,FIS,1102,False,4,1,0,16,0,0,0,0,0
249169,Joonas Vahtera,2022,FIL,1102,False,5,0,0,0,0,0,0,0,0
249169,Joonas Vahtera,2022,FI1,1102,False,22,2,0,25,0,0,0,0,0
249169,Joonas Vahtera,2022,F1CL,1102,False,5,0,0,0,0,0,0,0,0
249169,Joonas Vahtera,2022,F1CE,1102,False,2,0,0,0,0,0,0,0,0
249169,Joonas Vahtera,2021,FIS,1102,False,4,1,0,45,0,2,0,0,0
249169,Joonas Vahtera,2021,FIL,1102,False,3,1,0,45,0,0,0,0,0
249169,Joonas Vahtera,2021,FI1,1102,False,22,14,0,769,2,2,0,0,4
249169,Joonas Vahtera,2021,F1CE,1102,False,4,4,0,209,1,0,0,0,0
249169,Joonas Vahtera,2021,F1CC,1102,False,5,5,0,336,3,1,0,0,0
249169,Joonas Vahtera,2020,YKAU,1102,False,5,5,0,323,1,3,0,0,1
249169,Joonas Vahtera,2020,FIS,1102,False,4,3,0,209,1,0,0,0,0
249169,Joonas Vahtera,2020,FI2,1102,False,22,14,0,682,2,2,0,0,0
249169,Joonas Vahtera,2019,FIS,1008,False,8,3,0,55,0,0,0,0,0
249169,Joonas Vahtera,2019,FI3B,11131,False,1,1,0,45,0,0,0,0,0
249169,Joonas Vahtera,2019,FI1,3776,False,17,13,0,1024,2,0,0,0,1
249169,Joonas Vahtera,2019,FI1,1008,False,5,3,0,67,0,0,0,0,0
249169,Joonas Vahtera,2019,ELQ,1008,False,2,0,0,0,0,0,0,0,0
249169,Joonas Vahtera,2019,CLQ,1008,False,4,0,0,0,0,0,0,0,0
249169,Joonas Vahtera,2018,FIS,1008,False,5,5,0,353,1,2,0,0,0
249169,Joonas Vahtera,2018,FI1,1008,False,22,7,0,287,0,2,0,0,0
249169,Joonas Vahtera,2018,F1CL,1008,False,5,0,0,0,0,0,0,0,0
249169,Joonas Vahtera,2018,F1CE,1008,False,2,0,0,0,0,0,0,0,0
249169,Joonas Vahtera,2017,FS,20796,True,1,1,0,14,0,0,0,0,0
249169,Joonas Vahtera,2017,FIS,1102,False,6,1,5,71,0,0,0,0,0
249169,Joonas Vahtera,2017,FI1,1102,False,33,17,15,857,3,0,0,0,2
249169,Joonas Vahtera,2017,ELQ,1102,False,4,4,0,315,1,0,0,0,0
249169,Joonas Vahtera,2016,FS,20796,True,4,3,0,163,0,0,0,0,0
249169,Joonas Vahtera,2016,FIS,1102,False,6,6,0,398,5,0,0,0,0
249169,Joonas Vahtera,2016,FI1,1102,False,33,28,0,2106,6,5,0,0,3
249169,Joonas Vahtera,2015,FJE,15699,False,7,1,0,90,0,0,0,0,0
249169,Joonas Vahtera,2015,FIS,1102,False,2,2,0,147,1,0,0,0,0
249169,Joonas Vahtera,2015,FINJ,15699,False,2,2,0,180,3,0,0,0,0
249169,Joonas Vahtera,2015,FIL,1102,False,5,3,0,242,0,1,0,0,0
249169,Joonas Vahtera,2015,FI1,1102,False,33,28,0,1706,4,3,0,0,2
249169,Joonas Vahtera,2014,FIS,11134,False,1,1,0,90,0,0,0,0,0
249169,Joonas Vahtera,2014,FINJ,36615,False,9,4,0,360,5,0,0,0,0
249169,Joonas Vahtera,2014,FI2,11134,False,27,15,0,1199,3,0,0,0,2
249169,Joonas Vahtera,2013,FIS,1102,False,1,0,0,0,0,0,0,0,0
249169,Joonas Vahtera,2013,FIL,1102,False,2,0,0,0,0,0,0,0,0
249169,Joonas Vahtera,2013,FIKP,11134,False,2,2,0,56,0,0,0,0,0
249169,Joonas Vahtera,2013,FI1,1102,False,5,0,0,0,0,0,0,0,0
249169,Joonas Vahtera,2012,U17Q,20792,True,3,0,0,0,0,0,0,0,0
249169,Joonas Vahtera,2012,FS,20792,True,4,1,0,66,0,0,0,0,0
910192,Wilson Samaké,2026,TR2,20760,False,1,0,0,0,0,0,0,0,0
910192,Wilson Samaké,2025,TRP,20760,False,1,1,0,90,1,0,0,0,0
910192,Wilson Samaké,2025,TR2,20760,False,22,15,0,600,1,1,13,6,1
910192,Wilson Samaké,2025,FS,46122,True,2,2,0,119,1,0,0,0,0
910192,Wilson Samaké,2025,FS,3674,True,1,0,0,0,0,0,0,0,0
910192,Wilson Samaké,2025,FI1,1102,False,1,0,0,0,0,0,0,0,0
910192,Wilson Samaké,2025,BULP,40604,False,3,2,0,93,0,0,0,0,0
910192,Wilson Samaké,2025,BU1,40604,False,17,17,0,985,2,1,0,0,2
910192,Wilson Samaké,2024,FS,46122,True,4,3,0,189,2,1,0,0,1
910192,Wilson Samaké,2024,FRC,273,False,1,0,0,0,0,0,0,0,0
910192,Wilson Samaké,2024,FR5C,8154,False,14,8,0,485,3,0,0,0,0
910192,Wilson Samaké,2024,FR3,1175,False,6,5,0,322,0,1,4,1,0
910192,Wilson Samaké,2024,FR1,273,False,17,0,0,0,0,0,0,0,0
910192,Wilson Samaké,2023,OLYM,53848,True,3,1,0,45,0,0,1,0,0
910192,Wilson Samaké,2023,FS,46122,True,3,2,0,126,0,0,0,0,0
910192,Wilson Samaké,2023,FR5E,8154,False,26,25,0,2219,20,0,0,0,1
910192,Wilson Samaké,2022,FR4A,8154,False,30,27,0,1789,7,2,0,0,1
910192,Wilson Samaké,2022,F19C,7874,False,2,2,0,180,2,0,0,0,0
910192,Wilson Samaké,2021,FS,25250,True,2,2,0,87,0,0,0,0,0
910192,Wilson Samaké,2021,FRYC,7874,False,6,6,0,540,8,0,0,0,2
910192,Wilson Samaké,2021,FR5E,8154,False,12,10,0,409,1,0,0,0,0
910192,Wilson Samaké,2021,F19C,7874,False,26,14,0,1092,8,0,0,0,0
910192,Wilson Samaké,2020,F19C,7874,False,8,8,0,433,3,0,0,0,0
910192,Wilson Samaké,2019,FS,10844,True,3,3,0,199,2,0,0,0,0
793691,Rasmus Forsbacka,2025,FIS,1102,False,6,2,0,180,0,0,0,0,0
793691,Rasmus Forsbacka,2025,FIL,1102,False,5,0,0,0,0,0,0,0,0
793691,Rasmus Forsbacka,2025,FI3C,70794,False,14,14,0,1260,2,0,0,0,2
793691,Rasmus Forsbacka,2025,FI1,1102,False,20,0,0,0,0,0,0,0,0
793691,Rasmus Forsbacka,2024,KP3C,70794,False,5,4,0,297,0,0,0,0,2
793691,Rasmus Forsbacka,2024,FIS,70794,False,2,2,0,180,1,0,0,0,1
793691,Rasmus Forsbacka,2024,FIS,1102,False,4,0,0,0,0,0,0,0,0
793691,Rasmus Forsbacka,2024,FIL,1102,False,4,1,0,7,0,0,0,0,0
793691,Rasmus Forsbacka,2024,FIKP,70794,False,2,2,0,180,0,0,0,0,0
793691,Rasmus Forsbacka,2024,FI3C,70794,False,17,16,0,1404,0,4,0,0,4
793691,Rasmus Forsbacka,2024,FI1,1102,False,22,0,0,0,0,0,0,0,0
793691,Rasmus Forsbacka,2024,F1CC,1102,False,5,0,0,0,0,0,0,0,0
793691,Rasmus Forsbacka,2023,FIYK,11134,False,22,12,0,599,0,0,0,0,3
793691,Rasmus Forsbacka,2023,FIS,11134,False,2,1,0,75,0,0,0,0,1
793691,Rasmus Forsbacka,2023,FI3R,11134,False,5,3,0,232,0,0,0,0,0
793691,Rasmus Forsbacka,2022,FIS,11134,False,4,0,0,0,0,0,0,0,0
793691,Rasmus Forsbacka,2022,FIKP,11134,False,2,2,0,89,0,0,0,0,0
793691,Rasmus Forsbacka,2022,FI3C,11134,False,22,14,0,317,2,0,0,0,2
793691,Rasmus Forsbacka,2021,KP3C,11134,False,3,3,0,187,1,0,0,0,0
793691,Rasmus Forsbacka,2021,FIS,11134,False,2,1,0,23,0,0,0,0,0
793691,Rasmus Forsbacka,2021,FI3C,11134,False,22,20,0,921,4,0,0,0,1
793691,Rasmus Forsbacka,2020,FI3C,11134,False,22,16,0,1079,1,0,0,0,1
793691,Rasmus Forsbacka,2019,FI3C,11134,False,3,2,0,17,0,0,0,0,0
1154244,Xavier Odhiambo,2025,SEC,2294,False,4,3,0,167,0,0,0,0,0
1154244,Xavier Odhiambo,2025,SE2,2294,False,14,9,0,290,0,0,0,0,1
1154244,Xavier Odhiambo,2025,FI1,1102,False,6,4,0,195,1,0,7,5,1
1154244,Xavier Odhiambo,2024,SEC,2294,False,4,3,0,179,0,0,0,0,0
1154244,Xavier Odhiambo,2024,SE2,2294,False,30,25,0,1714,5,2,0,0,5
1154244,Xavier Odhiambo,2023,SEC,2294,False,4,3,0,46,0,0,0,0,0
1154244,Xavier Odhiambo,2023,SE3S,22162,False,17,1,0,28,0,0,0,0,1
1154244,Xavier Odhiambo,2023,SE2,2294,False,12,3,0,45,0,0,0,0,1
1154244,Xavier Odhiambo,2023,RESE,2294,False,2,0,0,0,0,0,0,0,0
1154244,Xavier Odhiambo,2022,SE2,2294,False,17,6,0,74,0,0,0,0,0
602597,Simon van Duivenbooden,2025,NEDC,2303,False,1,1,0,15,0,0,0,0,0
602597,Simon van Duivenbooden,2025,FIS,1102,False,6,0,0,0,0,0,0,0,0
602597,Simon van Duivenbooden,2025,FIL,1102,False,4,4,0,202,2,1,0,0,0
602597,Simon van Duivenbooden,2025,FI1,1102,False,13,3,0,215,0,0,2,0,1
602597,Simon van Duivenbooden,2024,NLP,499,False,1,0,0,0,0,0,0,0,0
602597,Simon van Duivenbooden,2024,NL2,499,False,38,16,0,705,0,0,11,3,0
602597,Simon van Duivenbooden,2024,211S,36892,False,2,2,0,180,0,0,0,0,2
602597,Simon van Duivenbooden,2023,NLP,499,False,4,0,0,0,0,0,0,0,0
602597,Simon van Duivenbooden,2023,NL1,499,False,34,0,0,0,0,0,0,0,0
602597,Simon van Duivenbooden,2023,212S,36892,False,14,3,0,161,0,0,0,0,0
602597,Simon van Duivenbooden,2023,212F,36892,False,14,0,0,0,0,0,0,0,0
602597,Simon van Duivenbooden,2022,NLP,499,False,1,0,0,0,0,0,0,0,0
602597,Simon van Duivenbooden,2022,NL1,499,False,34,9,0,159,1,0,3,1,0
602597,Simon van Duivenbooden,2022,212S,36892,False,7,6,0,540,5,1,0,0,0
602597,Simon van Duivenbooden,2022,212F,36892,False,5,5,0,450,2,0,0,0,0
602597,Simon van Duivenbooden,2021,UCOL,499,False,3,0,0,0,0,0,0,0,0
602597,Simon van Duivenbooden,2021,PONL,499,False,4,0,0,0,0,0,0,0,0
602597,Simon van Duivenbooden,2021,NL1,499,False,11,2,0,24,0,0,0,0,0
602597,Simon van Duivenbooden,2021,212S,36892,False,7,7,0,571,8,0,0,0,0
602597,Simon van Duivenbooden,2021,212F,36892,False,14,14,0,1172,9,0,0,0,1
602597,Simon van Duivenbooden,2020,NLJB,81337,False,1,0,0,0,0,0,0,0,0
602597,Simon van Duivenbooden,2020,181F,81337,False,14,0,0,0,0,0,0,0,0
602597,Simon van Duivenbooden,2019,NLJV,4575,False,13,11,0,672,2,2,0,0,0
602597,Simon van Duivenbooden,2019,NLJB,4575,False,3,3,0,182,0,0,0,0,0
602597,Simon van Duivenbooden,2019,NLAJ,4575,False,14,4,0,184,1,0,0,0,0
602597,Simon van Duivenbooden,2018,NLVB,45691,False,13,12,0,872,11,4,0,0,1
602597,Simon van Duivenbooden,2018,NLJV,7465,False,8,2,0,45,0,0,0,0,0
602597,Simon van Duivenbooden,2018,NLJB,7465,False,1,0,0,0,0,0,0,0,0
602597,Simon van Duivenbooden,2018,NLBJ,45691,False,14,7,0,538,8,2,0,0,0
602597,Simon van Duivenbooden,2018,NLAJ,7465,False,12,7,0,470,5,0,0,0,0
602597,Simon van Duivenbooden,2017,NLVB,45691,False,2,0,0,0,0,0,0,0,0
819327,Jabir Abdihakim Ali,2025,SEC,9614,False,1,0,0,0,0,0,0,0,0
819327,Jabir Abdihakim Ali,2025,SE2,9614,False,5,5,0,307,2,0,0,0,1
819327,Jabir Abdihakim Ali,2025,FIS,1102,False,6,2,0,110,2,1,0,0,0
819327,Jabir Abdihakim Ali,2025,FI1,1102,False,14,5,0,111,0,0,4,2,0
819327,Jabir Abdihakim Ali,2024,SEC,5202,False,3,3,0,239,3,0,0,0,0
819327,Jabir Abdihakim Ali,2024,SE2,9614,False,14,11,0,782,5,0,0,0,1
819327,Jabir Abdihakim Ali,2024,SE2,5202,False,5,4,0,228,2,0,0,0,0
819327,Jabir Abdihakim Ali,2023,SEC,5202,False,4,4,0,110,0,0,0,0,0
819327,Jabir Abdihakim Ali,2023,SE1,5202,False,16,13,0,635,1,0,31,7,0
819327,Jabir Abdihakim Ali,2023,NOPO,353,False,1,0,0,0,0,0,0,0,0
819327,Jabir Abdihakim Ali,2023,NO44,35021,False,1,1,0,45,2,0,0,0,0
819327,Jabir Abdihakim Ali,2023,NO1,353,False,15,3,0,40,0,0,0,0,0
819327,Jabir Abdihakim Ali,2022,SEC,8843,False,2,1,0,57,0,0,0,0,0
819327,Jabir Abdihakim Ali,2022,SEC,5202,False,3,1,0,65,0,1,0,0,1
819327,Jabir Abdihakim Ali,2022,SE2,5202,False,30,26,0,1337,14,2,0,0,4
819327,Jabir Abdihakim Ali,2021,SEC,23224,False,2,1,0,81,0,0,0,0,0
819327,Jabir Abdihakim Ali,2021,SE3N,8843,False,30,27,0,1534,22,0,0,0,4
819327,Jabir Abdihakim Ali,2021,RESU,8843,False,2,2,0,180,0,0,0,0,1
819327,Jabir Abdihakim Ali,2020,SEC,23224,False,2,0,0,0,0,0,0,0,0
819327,Jabir Abdihakim Ali,2020,SE3N,23224,False,30,22,0,1438,8,0,0,0,2
819327,Jabir Abdihakim Ali,2019,SE3N,23224,False,21,10,0,136,1,0,0,0,0
646813,Jonathan Muzinga,2025,FIS,1102,False,6,5,0,169,1,0,0,0,0
646813,Jonathan Muzinga,2025,FIL,1102,False,1,1,0,76,0,0,0,0,0
646813,Jonathan Muzinga,2025,FI1,1102,False,20,18,0,1016,1,1,20,8,0
646813,Jonathan Muzinga,2024,YKCP,2925,False,1,1,0,29,1,0,0,0,0
646813,Jonathan Muzinga,2024,FIS,2925,False,1,1,0,65,0,0,0,0,0
646813,Jonathan Muzinga,2024,FIL,6251,False,5,2,0,28,0,0,0,0,0
646813,Jonathan Muzinga,2024,FI2,2925,False,27,23,0,1431,5,1,0,0,3
646813,Jonathan Muzinga,2024,ECLQ,6251,False,4,3,0,158,0,0,0,0,0
646813,Jonathan Muzinga,2023,FS,20796,True,1,1,0,45,0,0,0,0,0
646813,Jonathan Muzinga,2023,FIS,6251,False,5,5,0,241,3,0,0,0,0
646813,Jonathan Muzinga,2023,FIL,6251,False,7,7,0,240,1,1,0,0,0
646813,Jonathan Muzinga,2023,FI3R,95361,False,1,1,0,90,0,0,0,0,0
646813,Jonathan Muzinga,2023,FI1,6251,False,22,17,0,804,3,1,21,7,1
646813,Jonathan Muzinga,2023,F1CL,6251,False,5,2,0,24,0,0,1,0,0
646813,Jonathan Muzinga,2023,ECLQ,5411,False,2,1,0,4,0,0,0,0,0
646813,Jonathan Muzinga,2022,FIS,5411,False,5,2,0,47,0,0,0,0,0
646813,Jonathan Muzinga,2022,FIS,23075,False,3,0,0,0,0,0,0,0,0
646813,Jonathan Muzinga,2022,FIL,5411,False,5,4,0,132,2,0,0,0,0
646813,Jonathan Muzinga,2022,FI3B,23075,False,8,5,0,299,1,0,0,0,0
646813,Jonathan Muzinga,2022,FI1,5411,False,22,8,0,138,2,0,11,7,0
646813,Jonathan Muzinga,2022,F1CL,5411,False,5,2,0,53,0,0,3,0,0
646813,Jonathan Muzinga,2022,F1CE,5411,False,4,4,0,120,0,0,4,1,0
646813,Jonathan Muzinga,2022,ECLQ,23777,False,4,0,0,0,0,0,0,0,0
646813,Jonathan Muzinga,2021,YKCP,45310,False,4,0,0,0,0,0,0,0,0
646813,Jonathan Muzinga,2021,YKAB,45310,False,5,4,0,305,4,0,0,0,1
646813,Jonathan Muzinga,2021,FIS,45310,False,3,2,0,65,1,1,0,0,0
646813,Jonathan Muzinga,2021,FIS,23777,False,1,0,0,0,0,0,0,0,0
646813,Jonathan Muzinga,2021,FI2,45310,False,22,18,0,1045,4,1,0,0,2
646813,Jonathan Muzinga,2021,FI1,23777,False,13,1,0,45,0,0,0,0,0
646813,Jonathan Muzinga,2021,F1CL,23777,False,5,0,0,0,0,0,0,0,0
646813,Jonathan Muzinga,2021,F1CE,23777,False,1,0,0,0,0,0,0,0,0
646813,Jonathan Muzinga,2020,YKAB,8807,False,5,4,0,356,2,1,0,0,2
646813,Jonathan Muzinga,2020,FIS,8807,False,5,3,0,139,1,0,0,0,0
646813,Jonathan Muzinga,2020,FI2,8807,False,22,19,0,1449,7,1,0,0,3
646813,Jonathan Muzinga,2019,FI3A,8807,False,17,11,0,543,10,0,0,0,0
646813,Jonathan Muzinga,2018,KOG2,8807,False,7,7,0,216,4,0,0,0,0
646813,Jonathan Muzinga,2018,FINJ,19356,False,9,7,0,518,3,0,0,0,2
1160191,Olavi Keturi,2025,FIS,1102,False,6,4,0,204,4,2,0,0,1
1160191,Olavi Keturi,2025,FIL,1102,False,5,4,0,214,1,1,0,0,0
1160191,Olavi Keturi,2025,FI3C,70794,False,4,4,0,271,2,0,0,0,1
1160191,Olavi Keturi,2025,FI2,10528,False,6,5,0,189,0,0,0,0,0
1160191,Olavi Keturi,2025,FI1,1102,False,14,8,0,78,2,0,3,2,0
1160191,Olavi Keturi,2024,KP3C,70794,False,5,4,0,297,5,2,0,0,1
1160191,Olavi Keturi,2024,FIS,70794,False,2,2,0,164,3,0,0,0,0
1160191,Olavi Keturi,2024,FIKP,70794,False,2,2,0,135,1,0,0,0,0
1160191,Olavi Keturi,2024,FI3C,70794,False,17,15,0,1130,15,1,0,0,2
1160191,Olavi Keturi,2024,FI1,1102,False,12,0,0,0,0,0,0,0,0
1160191,Olavi Keturi,2024,F1CC,1102,False,5,3,0,78,0,0,3,0,0
1160191,Olavi Keturi,2023,FJE,15699,False,10,8,0,464,1,0,0,0,0
1160191,Olavi Keturi,2023,FINJ,15699,False,18,8,0,603,8,0,0,0,0
1160191,Olavi Keturi,2023,F4LA,70794,False,10,9,0,236,3,0,0,0,0
1160191,Olavi Keturi,2022,FJE,15699,False,10,3,0,102,0,0,0,0,0
1008487,Casper Holmelund,2025,FI3C,70794,False,1,1,0,31,0,0,0,0,0
1008487,Casper Holmelund,2025,FI1,1102,False,6,2,0,60,0,0,4,1,0
1008487,Casper Holmelund,2025,DKP,12275,False,3,0,1,0,0,0,0,0,0
1008487,Casper Holmelund,2025,DKDA,22110,False,10,9,1,644,5,2,0,0,4
1008487,Casper Holmelund,2025,DK3O,22110,False,6,4,0,222,2,0,0,0,1
1008487,Casper Holmelund,2025,DK2,12275,False,18,0,8,0,0,0,0,0,0
1008487,Casper Holmelund,2024,DKP,12275,False,6,3,0,95,1,0,0,0,0
1008487,Casper Holmelund,2024,DK2P,12275,False,10,5,0,82,0,0,2,0,1
1008487,Casper Holmelund,2024,DK2,12275,False,22,7,0,78,0,0,4,1,1
1008487,Casper Holmelund,2023,DKP,21035,False,3,3,0,250,3,0,0,0,0
1008487,Casper Holmelund,2023,DKDA,21035,False,10,10,0,876,6,0,0,0,1
1008487,Casper Holmelund,2023,DK3O,21035,False,22,19,0,827,1,0,0,0,2
1008487,Casper Holmelund,2022,DKP,21035,False,3,2,0,68,1,0,0,0,0
1008487,Casper Holmelund,2022,DK4L,21035,False,22,0,0,0,0,0,0,0,0
1008487,Casper Holmelund,2022,D4P1,21035,False,10,0,0,0,0,0,0,0,0
1008487,Casper Holmelund,2021,DKDA,21035,False,5,3,0,34,0,0,0,0,0
1331383,Joona Somppi,2025,FIS,1102,False,6,1,0,12,0,1,0,0,0
1331383,Joona Somppi,2025,FIL,1102,False,5,1,0,9,0,0,0,0,0
1331383,Joona Somppi,2025,FI3C,70794,False,7,7,0,298,1,0,0,0,1
1331383,Joona Somppi,2025,FI1,1102,False,20,0,0,0,0,0,0,0,0
1331383,Joona Somppi,2025,F18Q,140355,False,1,1,0,90,0,0,0,0,0
1331383,Joona Somppi,2023,FJE,15699,False,1,1,0,90,0,0,0,0,0
1291822,Alex Myntti,2025,FIS,70794,False,1,1,0,69,0,0,0,0,0
1291822,Alex Myntti,2025,FIS,1102,False,6,0,0,0,0,0,0,0,0
1291822,Alex Myntti,2025,FIL,1102,False,5,2,0,21,0,0,0,0,0
1291822,Alex Myntti,2025,FI3C,70794,False,14,13,0,680,2,0,0,0,1
1291822,Alex Myntti,2025,FI18,140355,False,3,1,0,45,0,0,0,0,0
1291822,Alex Myntti,2025,FI1,1102,False,20,0,0,0,0,0,0,0,0
1291822,Alex Myntti,2025,F18Q,140355,False,16,5,0,422,3,0,0,0,0
1291822,Alex Myntti,2024,U17Q,20792,True,3,0,0,0,0,0,0,0,0
1291822,Alex Myntti,2024,KP3C,70794,False,5,2,0,164,0,0,0,0,0
1291822,Alex Myntti,2024,FS,20792,True,9,9,0,332,1,0,0,0,1
1291822,Alex Myntti,2024,FIS,70794,False,2,1,0,30,0,0,0,0,0
1291822,Alex Myntti,2024,FIKP,70794,False,2,0,0,0,0,0,0,0,0
1291822,Alex Myntti,2024,FI3C,70794,False,17,9,0,385,0,0,0,0,1
1291822,Alex Myntti,2024,F1CC,1102,False,2,1,0,2,0,0,0,0,0
1018027,Osku Maukonen,2026,U19Q,20794,True,3,0,0,0,0,0,0,0,0
1018027,Osku Maukonen,2025,U19Q,20794,True,6,5,0,450,0,0,0,0,0
1018027,Osku Maukonen,2025,FS,20796,True,2,1,0,90,0,0,0,0,0
1018027,Osku Maukonen,2025,FS,20794,True,4,1,0,90,0,0,0,0,0
1018027,Osku Maukonen,2025,FIS,2925,False,5,2,0,180,0,0,0,0,0
1018027,Osku Maukonen,2025,FIL,2925,False,5,2,0,180,0,0,0,0,0
1018027,Osku Maukonen,2025,FI1,2925,False,20,18,0,1620,0,0,0,0,1
1018027,Osku Maukonen,2024,YKCP,2925,False,5,3,0,180,0,0,0,0,0
1018027,Osku Maukonen,2024,U19Q,20794,True,6,5,0,450,0,0,0,0,0
1018027,Osku Maukonen,2024,FS,20793,True,4,2,0,180,0,0,0,0,0
1018027,Osku Maukonen,2024,FIS,2925,False,1,0,0,0,0,0,0,0,0
1018027,Osku Maukonen,2024,FI2,2925,False,27,26,0,2340,0,0,0,0,2
1018027,Osku Maukonen,2023,U17Q,20792,True,6,6,0,537,0,0,0,0,1
1018027,Osku Maukonen,2023,POFI,2925,False,2,2,0,109,0,0,0,0,0
1018027,Osku Maukonen,2023,FS,20793,True,3,2,0,180,0,0,0,0,0
1018027,Osku Maukonen,2023,FS,20792,True,9,5,0,450,0,0,0,0,0
1018027,Osku Maukonen,2023,FIS,2925,False,3,2,0,180,0,0,0,0,1
1018027,Osku Maukonen,2023,FIL,2925,False,6,3,0,270,0,0,0,0,0
1018027,Osku Maukonen,2023,FI1,2925,False,22,9,0,781,0,1,0,0,1
1018027,Osku Maukonen,2023,F1CC,2925,False,5,3,0,270,0,0,0,0,0
1018027,Osku Maukonen,2022,FS,20791,True,7,4,0,315,0,0,0,0,0
1018027,Osku Maukonen,2022,FIS,4024,False,3,0,0,0,0,0,0,0,0
1018027,Osku Maukonen,2022,FIS,2925,False,3,1,0,90,0,0,0,0,0
1018027,Osku Maukonen,2022,FIL,2925,False,5,0,0,0,0,0,0,0,0
1018027,Osku Maukonen,2022,FI3A,4024,False,16,8,0,720,0,0,0,0,0
1018027,Osku Maukonen,2022,FI1,2925,False,22,2,0,180,0,0,0,0,0
1018027,Osku Maukonen,2022,F1CC,2925,False,5,1,0,90,0,0,0,0,0
1018027,Osku Maukonen,2021,FS,34682,True,5,2,0,160,0,0,0,0,0
1018027,Osku Maukonen,2021,FI3A,4024,False,18,0,0,0,0,0,0,0,0
419496,Aatu Hakala,2025,UCOL,6251,False,6,0,0,0,0,0,0,0,0
419496,Aatu Hakala,2025,FIS,2925,False,5,2,0,180,0,0,0,0,0
419496,Aatu Hakala,2025,FIL,2925,False,5,3,0,270,0,0,0,0,0
419496,Aatu Hakala,2025,FI3A,4024,False,1,1,0,90,0,0,0,0,0
419496,Aatu Hakala,2025,FI1,2925,False,20,1,0,90,0,0,0,0,0
419496,Aatu Hakala,2025,ELQ,6251,False,4,1,0,1,0,0,0,0,0
419496,Aatu Hakala,2025,CLQ,6251,False,4,1,0,90,0,0,0,0,0
419496,Aatu Hakala,2024,FIYK,95361,False,1,1,0,90,0,0,0,0,0
419496,Aatu Hakala,2024,FIS,6251,False,5,2,0,180,0,0,0,0,0
419496,Aatu Hakala,2024,FIL,6251,False,6,2,0,180,0,0,0,0,0
419496,Aatu Hakala,2024,FI1,6251,False,22,4,0,291,0,0,0,0,0
419496,Aatu Hakala,2024,F1CL,6251,False,10,1,0,90,0,0,0,0,0
419496,Aatu Hakala,2024,ECLQ,6251,False,4,0,0,0,0,0,0,0,0
419496,Aatu Hakala,2023,FIS,6251,False,5,2,0,180,0,0,0,0,0
419496,Aatu Hakala,2023,FIL,6251,False,7,3,0,270,0,0,0,0,0
419496,Aatu Hakala,2023,FI1,6251,False,22,4,0,295,0,0,0,0,0
419496,Aatu Hakala,2023,F1CL,6251,False,5,0,0,0,0,0,0,0,0
419496,Aatu Hakala,2023,ECLQ,1225,False,2,2,0,180,0,0,0,0,0
419496,Aatu Hakala,2022,FIS,1225,False,1,0,0,0,0,0,0,0,0
419496,Aatu Hakala,2022,FIL,1225,False,5,5,0,450,0,0,0,0,0
419496,Aatu Hakala,2022,FI1,1225,False,22,20,0,1800,0,0,0,0,1
419496,Aatu Hakala,2022,F1CC,1225,False,5,4,0,360,0,0,0,0,0
419496,Aatu Hakala,2021,FIS,1225,False,4,0,0,0,0,0,0,0,0
419496,Aatu Hakala,2021,FIL,1225,False,5,4,0,360,0,0,0,0,0
419496,Aatu Hakala,2021,FI1,1225,False,22,20,0,1800,0,0,0,0,2
419496,Aatu Hakala,2021,F1CL,1225,False,5,4,0,360,0,0,0,0,0
419496,Aatu Hakala,2021,F1CE,1225,False,2,2,0,180,0,0,0,0,0
419496,Aatu Hakala,2020,FIS,1225,False,3,0,0,0,0,0,0,0,0
419496,Aatu Hakala,2020,FI1,1225,False,22,4,0,360,0,0,0,0,0
419496,Aatu Hakala,2020,F1CC,1225,False,5,4,0,360,0,0,0,0,0
419496,Aatu Hakala,2019,FIS,23564,False,5,2,0,180,0,0,0,0,0
419496,Aatu Hakala,2019,FINJ,71979,False,6,3,0,225,0,0,0,0,0
419496,Aatu Hakala,2019,FI2,23564,False,22,9,0,810,0,0,0,0,0
419496,Aatu Hakala,2018,KCUP,23564,False,5,5,0,450,0,0,0,0,0
419496,Aatu Hakala,2018,FIS,23564,False,1,1,0,120,0,0,0,0,0
419496,Aatu Hakala,2018,FINJ,71979,False,8,5,0,405,0,0,0,0,0
419496,Aatu Hakala,2018,FIKP,23564,False,3,0,0,0,0,0,0,0,0
419496,Aatu Hakala,2018,FI3B,23564,False,22,21,0,1890,0,0,0,0,0
419496,Aatu Hakala,2017,FIS,23564,False,5,5,0,450,0,0,0,0,0
419496,Aatu Hakala,2017,FI3A,23564,False,22,21,0,1845,0,0,0,0,1
419496,Aatu Hakala,2016,FIS,46538,False,3,1,0,90,0,0,0,0,0
419496,Aatu Hakala,2015,FIS,46538,False,4,1,0,21,0,0,0,0,0
419496,Aatu Hakala,2015,FIP1,46538,False,3,0,0,0,0,0,0,0,0
419496,Aatu Hakala,2014,FIS,46538,False,1,0,0,0,0,0,0,0,0
1163655,Veikka Rättö,2025,FIS,2925,False,5,1,0,90,0,0,0,0,0
1163655,Veikka Rättö,2025,FIL,2925,False,5,0,0,0,0,0,0,0,0
1163655,Veikka Rättö,2025,FI3A,4024,False,9,9,0,810,0,0,0,0,1
1163655,Veikka Rättö,2025,FI18,15659,False,3,1,0,90,0,0,0,0,0
1163655,Veikka Rättö,2025,FI1,2925,False,20,0,0,0,0,0,0,0,0
1163655,Veikka Rättö,2025,F18Q,15659,False,17,6,0,540,0,0,0,0,1
1163655,Veikka Rättö,2024,FIS,4024,False,2,1,0,90,0,0,0,0,1
1163655,Veikka Rättö,2024,FI3A,4024,False,18,12,0,1056,0,0,0,0,1
1163655,Veikka Rättö,2024,F3KA,4024,False,6,5,0,450,0,0,0,0,0
1163655,Veikka Rättö,2023,FP3A,4024,False,3,0,0,0,0,0,0,0,0
1163655,Veikka Rättö,2023,FIS,4024,False,2,0,0,0,0,0,0,0,0
1163655,Veikka Rättö,2023,FI3A,4024,False,14,0,0,0,0,0,0,0,0
1163655,Veikka Rättö,2022,FI3A,4024,False,5,0,0,0,0,0,0,0,0
1163655,Veikka Rättö,2022,F1CC,2925,False,1,0,0,0,0,0,0,0,0
536521,Romaric Yapi,2025,SLO1,4529,False,12,0,0,0,0,0,0,0,0
536521,Romaric Yapi,2025,SKC,4529,False,2,0,0,0,0,0,0,0,0
536521,Romaric Yapi,2025,FIS,2925,False,5,3,0,168,0,0,0,0,2
536521,Romaric Yapi,2025,FIL,2925,False,5,4,0,170,0,0,0,0,0
536521,Romaric Yapi,2025,FI1,2925,False,20,18,0,1349,0,1,12,3,6
536521,Romaric Yapi,2024,SWEP,4529,False,2,2,0,77,0,0,0,0,1
536521,Romaric Yapi,2024,SLO1,4529,False,22,15,0,791,1,3,13,3,3
536521,Romaric Yapi,2024,SLAR,4529,False,10,7,0,238,0,0,3,0,2
536521,Romaric Yapi,2024,SKC,4529,False,4,4,0,297,0,1,0,0,2
536521,Romaric Yapi,2024,ECLQ,4529,False,2,2,0,92,0,0,0,0,0
536521,Romaric Yapi,2023,SLO1,4529,False,4,3,0,134,0,0,1,0,0
536521,Romaric Yapi,2023,SLAR,4529,False,10,5,0,199,1,0,2,1,0
536521,Romaric Yapi,2023,SKC,4529,False,1,1,0,78,0,0,0,0,0
536521,Romaric Yapi,2023,NL1,499,False,2,0,0,0,0,0,0,0,0
536521,Romaric Yapi,2023,FRC,595,False,1,1,0,80,0,0,0,0,1
536521,Romaric Yapi,2023,FR2,595,False,18,12,0,572,0,0,6,3,3
536521,Romaric Yapi,2022,NLP,499,False,1,0,0,0,0,0,0,0,0
536521,Romaric Yapi,2022,NL1,499,False,34,16,2,347,0,0,7,4,1
536521,Romaric Yapi,2022,212S,36892,False,10,2,0,175,0,2,0,0,0
536521,Romaric Yapi,2021,UCOL,499,False,10,3,0,144,0,0,1,0,0
536521,Romaric Yapi,2021,PONL,499,False,4,3,0,151,0,0,2,0,0
536521,Romaric Yapi,2021,NLP,499,False,3,2,0,89,0,0,0,0,1
536521,Romaric Yapi,2021,NL1,499,False,34,11,1,288,0,0,0,0,0
536521,Romaric Yapi,2021,ECLQ,499,False,4,0,1,0,0,0,0,0,0
536521,Romaric Yapi,2020,GBFL,39336,False,3,2,0,180,0,0,1,0,0
536521,Romaric Yapi,2020,GB21,39336,False,24,17,0,1034,0,0,10,2,2
536521,Romaric Yapi,2020,GB1,1237,False,37,0,0,0,0,0,0,0,0
536521,Romaric Yapi,2020,FAC,1237,False,3,0,0,0,0,0,0,0,0
536521,Romaric Yapi,2020,CGB,1237,False,3,0,0,0,0,0,0,0,0
536521,Romaric Yapi,2019,PLIC,39336,False,3,2,0,180,0,1,0,0,0
536521,Romaric Yapi,2019,GBFL,39336,False,4,4,0,112,0,0,1,0,0
536521,Romaric Yapi,2019,GB21,39336,False,18,14,0,990,0,1,6,2,3
536521,Romaric Yapi,2019,GB1,1237,False,26,0,0,0,0,0,0,0,0
536521,Romaric Yapi,2019,FAC,1237,False,1,0,0,0,0,0,0,0,0
536521,Romaric Yapi,2019,CGB,1237,False,1,1,0,18,0,0,2,1,0
536521,Romaric Yapi,2018,PLIC,39336,False,1,0,0,0,0,0,0,0,0
536521,Romaric Yapi,2018,FR4C,8512,False,1,1,0,49,0,0,0,0,0
536521,Romaric Yapi,2018,F19A,6326,False,26,17,0,1441,4,0,0,0,5
536521,Romaric Yapi,2018,19YL,41587,False,7,7,0,473,0,1,1,1,0
536521,Romaric Yapi,2017,FR4B,8512,False,2,2,0,93,0,0,0,0,0
536521,Romaric Yapi,2017,19YL,41587,False,5,2,0,158,0,0,0,0,1
536521,Romaric Yapi,2016,F17M,54295,False,3,0,0,0,0,0,0,0,0
641438,Romain Sans,2025,FIS,2925,False,5,3,0,109,0,0,0,0,1
641438,Romain Sans,2025,FIL,2925,False,5,1,0,17,0,0,0,0,0
641438,Romain Sans,2025,FI1,2925,False,20,18,0,1532,0,3,12,3,6
641438,Romain Sans,2024,YKCP,2925,False,1,1,0,90,0,0,0,0,1
641438,Romain Sans,2024,FIS,2925,False,1,1,0,90,0,0,0,0,0
641438,Romain Sans,2024,FI2,2925,False,27,21,0,1653,0,7,0,0,4
641438,Romain Sans,2023,FRC,21688,False,1,1,0,90,0,0,0,0,0
641438,Romain Sans,2023,FR2,21688,False,38,13,0,712,0,1,1,0,1
641438,Romain Sans,2022,FRC,1175,False,5,0,0,0,0,0,0,0,0
641438,Romain Sans,2022,FR5C,12761,False,10,10,0,877,0,2,0,0,0
641438,Romain Sans,2022,FR3,21688,False,16,14,0,1185,0,1,0,0,1
641438,Romain Sans,2022,FR3,1175,False,18,1,0,84,0,0,0,0,0
641438,Romain Sans,2021,FRC,1175,False,2,0,0,0,0,0,0,0,0
641438,Romain Sans,2021,FR5C,12761,False,22,17,0,1513,2,3,0,0,3
641438,Romain Sans,2021,FR3,1175,False,34,2,0,109,0,0,0,0,0
641438,Romain Sans,2020,FRC,750,False,3,0,0,0,0,0,0,0,0
641438,Romain Sans,2020,FR2,750,False,38,8,0,578,0,0,0,0,1
641438,Romain Sans,2019,FRL,750,False,1,0,1,0,0,0,0,0,0
641438,Romain Sans,2019,FRC,750,False,1,0,1,0,0,0,0,0,0
641438,Romain Sans,2019,FR5J,10825,False,4,4,0,331,0,0,0,0,0
641438,Romain Sans,2019,FR2,750,False,28,0,28,0,0,0,0,0,0
641438,Romain Sans,2018,FRC,750,False,1,1,0,90,0,0,0,0,0
641438,Romain Sans,2018,FR5J,10825,False,26,22,2,1801,0,1,0,0,2
641438,Romain Sans,2018,FR2,750,False,20,2,1,180,0,0,1,0,0
641438,Romain Sans,2017,FRYC,10826,False,2,2,0,180,0,0,0,0,0
641438,Romain Sans,2017,FR5D,10825,False,28,3,0,105,0,0,0,0,0
641438,Romain Sans,2016,FR5E,10825,False,15,10,0,807,0,0,0,0,0
382058,Joel Lehtonen,2025,FIS,2925,False,5,2,0,180,0,2,0,0,0
382058,Joel Lehtonen,2025,FIL,2925,False,5,5,0,269,1,0,0,0,1
382058,Joel Lehtonen,2025,FI1,2925,False,20,5,0,163,0,0,0,0,1
382058,Joel Lehtonen,2024,FIS,7008,False,6,5,0,309,0,2,0,0,0
382058,Joel Lehtonen,2024,FIL,7008,False,5,5,0,270,0,0,0,0,0
382058,Joel Lehtonen,2024,FI1,7008,False,22,15,0,709,0,1,8,1,2
382058,Joel Lehtonen,2024,F1CC,7008,False,5,5,0,446,1,1,3,2,1
382058,Joel Lehtonen,2023,FIS,22890,False,5,3,0,270,1,4,0,0,1
382058,Joel Lehtonen,2023,FIL,22890,False,5,4,0,140,0,0,0,0,0
382058,Joel Lehtonen,2023,FI1,22890,False,22,19,0,1545,1,6,7,3,4
382058,Joel Lehtonen,2023,F1CC,22890,False,5,4,0,360,0,0,5,3,0
382058,Joel Lehtonen,2022,YKCP,22890,False,4,4,0,247,0,0,0,0,0
382058,Joel Lehtonen,2022,YKAU,22890,False,5,5,0,95,0,0,0,0,0
382058,Joel Lehtonen,2022,KOG1,75681,False,1,1,0,59,1,0,0,0,0
382058,Joel Lehtonen,2022,FIS,22890,False,4,4,0,178,0,0,0,0,0
382058,Joel Lehtonen,2022,FI2,22890,False,22,17,0,407,0,0,0,0,1
382058,Joel Lehtonen,2021,FIS,23203,False,1,1,0,90,0,0,0,0,1
382058,Joel Lehtonen,2021,FI3B,23203,False,24,23,0,2066,2,0,0,0,5
382058,Joel Lehtonen,2020,KCUP,23203,False,1,0,0,0,0,0,0,0,0
382058,Joel Lehtonen,2020,FI3B,23203,False,22,20,0,1774,1,1,0,0,3
382058,Joel Lehtonen,2019,KCUP,23203,False,3,1,0,79,0,0,0,0,0
382058,Joel Lehtonen,2019,FI3B,23203,False,17,13,0,785,0,0,0,0,0
382058,Joel Lehtonen,2019,ES3C,6638,False,18,0,0,0,0,0,0,0,0
382058,Joel Lehtonen,2019,CDR,6638,False,1,0,0,0,0,0,0,0,0
382058,Joel Lehtonen,2017,FI3B,23203,False,22,15,0,679,0,0,0,0,2
382058,Joel Lehtonen,2016,FIS,23203,False,5,4,0,152,0,0,0,0,0
382058,Joel Lehtonen,2016,FI3B,23203,False,22,10,0,257,1,0,0,0,3
382058,Joel Lehtonen,2015,FJE,40226,False,17,13,0,892,0,0,0,0,0
382058,Joel Lehtonen,2015,FINJ,40226,False,8,2,0,17,0,0,0,0,0
382058,Joel Lehtonen,2014,FJE,40226,False,11,2,0,117,0,0,0,0,0
899485,José Müller,2025,PT23,75337,False,14,6,0,238,1,0,0,0,1
899485,José Müller,2025,P23C,75337,False,1,0,0,0,0,0,0,0,0
899485,José Müller,2025,FIS,2925,False,5,5,0,333,1,0,0,0,0
899485,José Müller,2025,FIL,2925,False,5,4,0,309,0,0,0,0,0
899485,José Müller,2025,FI1,2925,False,20,18,0,1599,0,0,6,1,3
899485,José Müller,2024,PTPR,75337,False,3,3,0,262,0,0,0,0,0
899485,José Müller,2024,PT23,75337,False,13,10,0,693,0,0,0,0,2
899485,José Müller,2024,PT23,68780,False,3,0,0,0,0,0,0,0,0
899485,José Müller,2024,P23C,75337,False,14,9,0,759,0,0,0,0,4
899485,José Müller,2023,PTPR,68780,False,1,0,0,0,0,0,0,0,0
899485,José Müller,2023,PT23,68780,False,14,8,0,576,0,0,0,0,3
899485,José Müller,2023,PO2,10330,False,4,0,0,0,0,0,0,0,0
899485,José Müller,2023,PLIC,10330,False,2,2,0,180,0,0,0,0,1
899485,José Müller,2023,P23C,68780,False,14,0,0,0,0,0,0,0,0
899485,José Müller,2022,PTPR,68780,False,5,5,0,480,0,0,0,0,1
899485,José Müller,2022,PT23,68780,False,12,11,0,990,1,0,0,0,3
899485,José Müller,2022,P23F,68780,False,2,2,0,164,0,0,0,0,0
899485,José Müller,2022,P23C,68780,False,10,10,0,890,1,0,0,0,3
899485,José Müller,2022,P23A,68780,False,3,2,0,180,0,0,0,0,0
899485,José Müller,2022,FS,16373,True,1,0,0,0,0,0,0,0,0
899485,José Müller,2021,SU20,16373,True,5,2,0,180,0,0,0,0,1
899485,José Müller,2021,PTPR,68780,False,5,0,0,0,0,0,0,0,0
899485,José Müller,2021,PT23,68780,False,12,0,0,0,0,0,0,0,0
899485,José Müller,2021,P23C,68780,False,10,0,0,0,0,0,0,0,0
899485,José Müller,2021,19YL,41582,False,3,0,0,0,0,0,0,0,0
899485,José Müller,2020,FS,16371,True,2,2,0,48,0,0,0,0,0
520264,Matias Vainionpää,2025,FIS,2925,False,5,0,0,0,0,0,0,0,0
520264,Matias Vainionpää,2025,FIL,2925,False,5,1,0,61,1,0,0,0,0
520264,Matias Vainionpää,2025,FI1,2925,False,20,0,0,0,0,0,0,0,0
520264,Matias Vainionpää,2024,YKCP,2925,False,5,1,0,38,0,0,0,0,0
520264,Matias Vainionpää,2024,FIS,2925,False,1,0,0,0,0,0,0,0,0
520264,Matias Vainionpää,2024,FI3A,4024,False,1,1,0,45,0,0,0,0,0
520264,Matias Vainionpää,2024,FI2,2925,False,27,16,0,1150,0,1,0,0,0
520264,Matias Vainionpää,2023,POFI,2925,False,2,1,0,2,0,0,2,1,0
520264,Matias Vainionpää,2023,FIS,2925,False,3,3,0,180,0,1,0,0,0
520264,Matias Vainionpää,2023,FIL,2925,False,6,6,0,315,0,0,0,0,0
520264,Matias Vainionpää,2023,FI1,2925,False,22,21,0,1625,1,0,6,2,2
520264,Matias Vainionpää,2023,F1CC,2925,False,5,5,0,191,0,0,3,2,0
520264,Matias Vainionpää,2022,FIS,23777,False,2,2,0,134,1,0,0,0,0
520264,Matias Vainionpää,2022,FIL,23777,False,5,4,0,302,0,1,0,0,1
520264,Matias Vainionpää,2022,FI2,45310,False,7,4,0,315,0,0,0,0,0
520264,Matias Vainionpää,2022,FI1,23777,False,22,3,0,47,0,0,0,0,0
520264,Matias Vainionpää,2022,F1CL,23777,False,5,1,0,45,0,0,0,0,0
520264,Matias Vainionpää,2022,F1CE,23777,False,1,0,0,0,0,0,0,0,0
520264,Matias Vainionpää,2022,ECLQ,23777,False,4,1,0,90,0,0,0,0,0
520264,Matias Vainionpää,2021,YKCP,45310,False,2,2,0,180,0,0,0,0,0
520264,Matias Vainionpää,2021,U21Q,20796,True,10,4,0,107,0,0,0,0,0
520264,Matias Vainionpää,2021,FS,20796,True,1,1,0,23,0,0,0,0,1
520264,Matias Vainionpää,2021,FIS,45310,False,1,0,0,0,0,0,0,0,0
520264,Matias Vainionpää,2021,FIS,23777,False,2,1,0,45,0,0,0,0,0
520264,Matias Vainionpää,2021,FIL,23777,False,5,0,0,0,0,0,0,0,0
520264,Matias Vainionpää,2021,FI2,45310,False,1,1,0,90,0,0,0,0,0
520264,Matias Vainionpää,2021,FI1,23777,False,22,9,0,738,1,0,0,0,2
520264,Matias Vainionpää,2021,F1CL,23777,False,5,3,0,258,0,0,0,0,0
520264,Matias Vainionpää,2021,F1CE,23777,False,1,1,0,11,0,0,0,0,0
520264,Matias Vainionpää,2020,FS,20796,True,2,2,0,115,0,0,0,0,0
520264,Matias Vainionpää,2020,FIS,23777,False,5,5,0,370,0,0,0,0,1
520264,Matias Vainionpää,2020,FI3C,45310,False,18,7,0,519,2,0,0,0,0
520264,Matias Vainionpää,2020,FI1,23777,False,22,11,0,348,0,0,0,0,0
520264,Matias Vainionpää,2020,F1CL,23777,False,5,2,0,121,1,0,0,0,1
520264,Matias Vainionpää,2019,U21Q,20796,True,5,4,0,360,0,0,0,0,0
520264,Matias Vainionpää,2019,FIS,45310,False,5,1,0,45,0,0,0,0,0
520264,Matias Vainionpää,2019,FIS,23777,False,5,0,0,0,0,0,0,0,0
520264,Matias Vainionpää,2019,FINJ,36174,False,6,6,0,540,1,0,0,0,0
520264,Matias Vainionpää,2019,FI2,45310,False,17,1,0,45,0,0,0,0,0
520264,Matias Vainionpää,2019,FI1,23777,False,22,15,0,1189,0,0,0,0,3
520264,Matias Vainionpää,2018,KCUP,45310,False,2,2,0,180,0,0,0,0,0
520264,Matias Vainionpää,2018,FJE,36174,False,15,10,0,828,1,0,0,0,4
520264,Matias Vainionpää,2018,FIP1,36174,False,1,0,0,0,0,0,0,0,0
520264,Matias Vainionpää,2018,FINJ,36174,False,9,7,0,540,0,0,0,0,0
520264,Matias Vainionpää,2018,FIKP,45310,False,2,2,0,180,0,0,0,0,0
520264,Matias Vainionpää,2018,FI3C,45310,False,22,8,0,565,0,0,0,0,0
520264,Matias Vainionpää,2017,FJE,36174,False,10,7,0,553,1,0,0,0,0
520264,Matias Vainionpää,2016,FJE,36174,False,1,1,0,58,0,0,0,0,0
581246,Väinö Vehkonen,2025,FIS,2925,False,5,4,0,347,0,0,0,0,1
581246,Väinö Vehkonen,2025,FIL,2925,False,5,5,0,369,1,0,0,0,1
581246,Väinö Vehkonen,2025,FI1,2925,False,20,11,0,452,0,0,3,2,1
581246,Väinö Vehkonen,2024,FIYK,23197,False,17,2,0,180,0,0,0,0,1
581246,Väinö Vehkonen,2024,FIS,8042,False,2,2,0,180,0,0,0,0,0
581246,Väinö Vehkonen,2024,FIL,8042,False,7,5,0,362,0,0,0,0,1
581246,Väinö Vehkonen,2024,FI3R,23197,False,1,1,0,90,1,0,0,0,1
581246,Väinö Vehkonen,2024,FI1,8042,False,22,3,0,144,0,0,3,1,1
581246,Väinö Vehkonen,2024,F1CL,8042,False,10,0,0,0,0,0,0,0,0
581246,Väinö Vehkonen,2023,FIS,22890,False,5,5,0,431,1,0,0,0,0
581246,Väinö Vehkonen,2023,FIL,22890,False,5,5,0,405,2,0,0,0,0
581246,Väinö Vehkonen,2023,FI1,22890,False,22,18,0,1325,2,0,17,7,5
581246,Väinö Vehkonen,2023,F1CC,22890,False,5,4,0,360,0,0,0,0,2
581246,Väinö Vehkonen,2022,YKCP,21520,False,3,3,0,270,0,0,0,0,0
581246,Väinö Vehkonen,2022,YKAU,21520,False,5,5,0,425,0,0,0,0,1
581246,Väinö Vehkonen,2022,FIS,21520,False,2,2,0,180,0,0,0,0,1
581246,Väinö Vehkonen,2022,FI2P,21520,False,1,1,0,90,0,0,0,0,0
581246,Väinö Vehkonen,2022,FI2,21520,False,22,20,0,1711,5,1,0,0,2
581246,Väinö Vehkonen,2021,YKCP,21520,False,3,3,0,270,0,0,0,0,1
581246,Väinö Vehkonen,2021,YKAB,21520,False,5,4,0,323,0,0,0,0,2
581246,Väinö Vehkonen,2021,FIS,21520,False,4,4,0,270,0,0,0,0,0
581246,Väinö Vehkonen,2021,FI2,21520,False,22,21,0,1871,3,0,0,0,4
581246,Väinö Vehkonen,2020,YKAB,11131,False,5,4,0,137,0,0,0,0,0
581246,Väinö Vehkonen,2020,FIS,11131,False,3,0,0,0,0,0,0,0,0
581246,Väinö Vehkonen,2020,FI2,11131,False,22,6,0,386,0,0,0,0,0
581246,Väinö Vehkonen,2019,KCUP,11131,False,3,3,0,270,0,0,0,0,0
581246,Väinö Vehkonen,2019,FINJ,15665,False,1,1,0,90,0,0,0,0,0
581246,Väinö Vehkonen,2019,FI3B,11131,False,17,16,0,1382,0,0,0,0,3
581246,Väinö Vehkonen,2018,KCUP,11131,False,2,1,0,90,0,0,0,0,0
581246,Väinö Vehkonen,2018,FS,20793,True,2,1,0,90,0,0,0,0,0
581246,Väinö Vehkonen,2018,FJE,15665,False,5,3,0,239,0,0,0,0,0
581246,Väinö Vehkonen,2018,FI3A,11131,False,22,10,0,718,0,0,0,0,0
581246,Väinö Vehkonen,2017,FIS,3779,False,5,0,0,0,0,0,0,0,0
581246,Väinö Vehkonen,2017,FI4L,53997,False,18,5,0,405,1,0,0,0,0
581246,Väinö Vehkonen,2017,FI2,3779,False,27,15,0,1350,0,0,0,0,1
685803,Nícolas Gianini Dantas,2025,FIS,2925,False,5,4,0,220,0,0,0,0,1
685803,Nícolas Gianini Dantas,2025,FIL,2925,False,3,3,0,101,0,0,0,0,0
685803,Nícolas Gianini Dantas,2025,FI1,2925,False,20,16,0,1381,0,0,13,2,5
685803,Nícolas Gianini Dantas,2024,FIS,1225,False,5,4,0,360,0,1,0,0,2
685803,Nícolas Gianini Dantas,2024,FIL,1225,False,5,4,0,234,1,0,0,0,0
685803,Nícolas Gianini Dantas,2024,FI1,1225,False,22,11,9,526,0,0,8,2,3
685803,Nícolas Gianini Dantas,2024,F1CC,1225,False,5,4,0,309,0,0,4,3,0
685803,Nícolas Gianini Dantas,2023,SEC,28447,False,1,1,0,90,0,0,0,0,1
685803,Nícolas Gianini Dantas,2023,FIS,1225,False,6,6,0,540,0,1,0,0,1
685803,Nícolas Gianini Dantas,2023,FIL,1225,False,5,4,0,136,0,0,0,0,1
685803,Nícolas Gianini Dantas,2023,FI1,1225,False,22,17,0,1296,1,0,12,5,6
685803,Nícolas Gianini Dantas,2023,F1CL,1225,False,5,4,0,360,0,0,3,1,0
685803,Nícolas Gianini Dantas,2023,F1CE,1225,False,4,4,0,398,1,1,4,1,0
685803,Nícolas Gianini Dantas,2022,SEC,28447,False,3,3,0,251,0,0,0,0,1
685803,Nícolas Gianini Dantas,2022,SEC,2283,False,2,1,0,90,0,0,0,0,0
685803,Nícolas Gianini Dantas,2022,SE3S,28447,False,30,26,0,2258,0,0,0,0,11
685803,Nícolas Gianini Dantas,2021,SEC,3362,False,1,1,0,120,0,0,0,0,0
685803,Nícolas Gianini Dantas,2021,SE3N,2283,False,30,25,1,1869,0,0,0,0,6
685803,Nícolas Gianini Dantas,2020,SE2,3362,False,19,10,0,521,0,0,0,0,2
685803,Nícolas Gianini Dantas,2019,DKP,443,False,2,2,0,151,0,0,0,0,1
685803,Nícolas Gianini Dantas,2019,DK2,443,False,27,9,1,748,2,1,0,0,4
685803,Nícolas Gianini Dantas,2017,BRGO,5677,False,12,2,0,99,0,0,0,0,0
685803,Nícolas Gianini Dantas,2017,BRC,5677,False,4,0,0,0,0,0,0,0,0
685803,Nícolas Gianini Dantas,2017,BRA2,5677,False,38,0,0,0,0,0,0,0,0
901552,Topias Inkinen,2025,FIS,2925,False,5,5,0,382,0,0,0,0,2
901552,Topias Inkinen,2025,FIL,2925,False,5,5,0,425,0,0,0,0,0
901552,Topias Inkinen,2025,FI3A,4024,False,1,1,0,64,0,0,0,0,0
901552,Topias Inkinen,2025,FI1,2925,False,20,6,0,203,0,0,3,0,1
901552,Topias Inkinen,2024,YKCP,2925,False,5,3,0,270,0,0,0,0,0
901552,Topias Inkinen,2024,FIS,2925,False,1,0,0,0,0,0,0,0,0
901552,Topias Inkinen,2024,FI2,2925,False,27,16,0,808,1,2,0,0,3
901552,Topias Inkinen,2023,POFI,2925,False,2,1,0,82,0,0,0,0,1
901552,Topias Inkinen,2023,FP3A,4024,False,2,2,0,180,0,0,0,0,0
901552,Topias Inkinen,2023,FIS,2925,False,3,1,0,30,0,0,0,0,0
901552,Topias Inkinen,2023,FIL,2925,False,6,5,0,277,0,0,0,0,0
901552,Topias Inkinen,2023,FI3A,4024,False,2,2,0,173,0,0,0,0,0
901552,Topias Inkinen,2023,FI1,2925,False,22,0,0,0,0,0,0,0,0
901552,Topias Inkinen,2023,F1CC,2925,False,5,4,0,342,0,0,0,0,0
901552,Topias Inkinen,2022,FIS,4024,False,3,1,0,90,0,0,0,0,0
901552,Topias Inkinen,2022,FIKP,4024,False,2,2,0,210,0,0,0,0,0
901552,Topias Inkinen,2022,FI3A,4024,False,22,17,0,1384,2,0,0,0,1
901552,Topias Inkinen,2021,FP3A,4024,False,3,3,0,252,0,0,0,0,1
901552,Topias Inkinen,2021,FIS,4024,False,2,1,0,90,0,0,0,0,0
901552,Topias Inkinen,2021,FI3A,4024,False,22,16,0,958,0,0,0,0,1
901552,Topias Inkinen,2020,FINJ,23164,False,18,8,0,686,3,0,0,0,1
901552,Topias Inkinen,2020,FI3A,4024,False,7,4,0,209,0,0,0,0,0
879963,Yohan Cassubie,2025,TR2,12382,False,4,1,0,45,0,0,0,0,0
879963,Yohan Cassubie,2025,FIS,2925,False,5,2,0,135,0,0,0,0,0
879963,Yohan Cassubie,2025,FIL,2925,False,3,1,0,17,0,0,0,0,0
879963,Yohan Cassubie,2025,FI1,2925,False,20,18,0,1479,1,3,19,4,4
879963,Yohan Cassubie,2024,TRP,12382,False,2,2,0,124,1,0,0,0,0
879963,Yohan Cassubie,2024,TR2,12382,False,38,31,2,1945,2,2,22,7,1
879963,Yohan Cassubie,2023,FRC,40,False,4,2,0,135,1,0,0,0,0
879963,Yohan Cassubie,2023,FR5B,10872,False,7,3,0,243,0,0,0,0,0
879963,Yohan Cassubie,2023,FR2,40,False,38,17,0,967,0,0,3,0,2
879963,Yohan Cassubie,2022,FRC,1161,False,4,2,0,122,0,0,0,0,0
879963,Yohan Cassubie,2022,FR5B,15585,False,12,12,0,1026,1,2,0,0,1
879963,Yohan Cassubie,2022,FR2,1161,False,38,1,0,16,0,0,0,0,0
879963,Yohan Cassubie,2021,FR5B,15585,False,4,4,0,275,0,0,0,0,0
879963,Yohan Cassubie,2021,FR2,1161,False,38,25,0,1805,1,3,13,1,4
879963,Yohan Cassubie,2020,FRR2,1161,False,2,0,0,0,0,0,0,0,0
879963,Yohan Cassubie,2020,FR5B,15585,False,4,2,0,84,0,1,0,0,0
879963,Yohan Cassubie,2020,FR2,1161,False,8,0,0,0,0,0,0,0,0
879963,Yohan Cassubie,2019,FR5B,15585,False,17,12,0,935,0,0,0,0,0
879963,Yohan Cassubie,2018,FR5D,15585,False,9,8,0,380,1,0,0,0,0
879963,Yohan Cassubie,2017,FR5A,15585,False,4,4,0,90,0,0,0,0,0
573979,Tòfol Montiel,2025,FIS,2925,False,5,5,0,232,0,0,0,0,0
573979,Tòfol Montiel,2025,FIL,2925,False,5,4,0,261,0,1,0,0,0
573979,Tòfol Montiel,2025,FI1,2925,False,20,18,0,1394,2,3,28,8,5
573979,Tòfol Montiel,2024,UNGP,12423,False,2,2,0,119,0,0,0,0,0
573979,Tòfol Montiel,2024,UNG1,12423,False,27,10,0,230,1,0,9,2,1
573979,Tòfol Montiel,2024,FI2,2925,False,9,9,0,644,3,1,0,0,2
573979,Tòfol Montiel,2023,E4G3,16775,False,34,26,0,1422,2,1,0,0,4
573979,Tòfol Montiel,2022,ES1,237,False,10,0,0,0,0,0,0,0,0
573979,Tòfol Montiel,2022,E4G3,8494,False,34,27,0,1286,1,0,0,0,7
573979,Tòfol Montiel,2021,IT3B,1387,False,20,10,1,298,1,0,0,0,0
573979,Tòfol Montiel,2021,IT1,430,False,2,0,0,0,0,0,0,0,0
573979,Tòfol Montiel,2021,E3G2,18687,False,20,14,0,238,0,1,0,0,2
573979,Tòfol Montiel,2021,CIT,430,False,1,0,0,0,0,0,0,0,0
573979,Tòfol Montiel,2021,CILP,1387,False,1,1,0,90,0,0,0,0,0
573979,Tòfol Montiel,2020,IT1,430,False,38,2,0,3,0,0,0,0,0
573979,Tòfol Montiel,2020,IJ1,8505,False,3,3,0,264,2,2,0,0,0
573979,Tòfol Montiel,2020,CIT,430,False,3,1,0,11,1,0,0,0,0
573979,Tòfol Montiel,2019,PO1,1085,False,15,6,0,197,0,0,4,0,2
573979,Tòfol Montiel,2019,IT1,430,False,22,0,5,0,0,0,0,0,0
573979,Tòfol Montiel,2019,IJ1,8505,False,8,8,0,628,2,1,0,0,1
573979,Tòfol Montiel,2019,CIT,430,False,4,1,0,26,0,2,0,0,0
573979,Tòfol Montiel,2018,TDV,8505,False,5,5,0,342,4,3,0,0,0
573979,Tòfol Montiel,2018,ITJE,8505,False,1,1,0,84,0,0,0,0,0
573979,Tòfol Montiel,2018,IT1,430,False,38,1,0,5,0,0,1,0,0
573979,Tòfol Montiel,2018,IJ1,8505,False,30,22,3,1882,11,4,0,0,3
573979,Tòfol Montiel,2018,CITP,8505,False,6,5,0,446,0,1,0,0,0
573979,Tòfol Montiel,2018,CIT,430,False,4,0,0,0,0,0,0,0,0
114675,Erik Andersson,2025,SEC,1056,False,1,1,0,90,1,0,0,0,0
114675,Erik Andersson,2025,FIS,2925,False,5,5,0,308,3,1,0,0,0
114675,Erik Andersson,2025,FIL,2925,False,4,2,0,35,0,0,0,0,0
114675,Erik Andersson,2025,FI1,2925,False,20,17,0,939,1,1,18,6,1
114675,Erik Andersson,2024,SEC,1056,False,4,3,0,270,0,0,0,0,1
114675,Erik Andersson,2024,SE2,1056,False,30,26,0,1506,2,1,0,0,3
114675,Erik Andersson,2024,RESU,1056,False,2,2,0,101,0,0,0,0,0
114675,Erik Andersson,2023,SEC,2843,False,1,1,0,27,0,0,0,0,0
114675,Erik Andersson,2023,SE2,1056,False,15,13,0,812,2,0,0,0,1
114675,Erik Andersson,2023,DK2R,22110,False,10,5,0,233,0,0,5,0,0
114675,Erik Andersson,2023,DK2,22110,False,4,2,0,116,0,0,0,0,0
114675,Erik Andersson,2022,SEC,2843,False,4,4,0,334,0,0,0,0,1
114675,Erik Andersson,2022,SE2,2843,False,30,28,1,2446,4,11,0,0,5
114675,Erik Andersson,2021,SEC,2843,False,4,1,0,88,0,0,0,0,0
114675,Erik Andersson,2021,SE1,2843,False,30,24,0,1753,2,3,22,6,6
114675,Erik Andersson,2020,SEC,701,False,1,1,0,62,0,0,0,0,0
114675,Erik Andersson,2020,SEC,2843,False,3,3,0,206,0,1,0,0,0
114675,Erik Andersson,2020,SE2,2843,False,30,26,0,2180,5,1,0,0,2
114675,Erik Andersson,2019,SEC,701,False,1,1,0,90,0,0,0,0,0
114675,Erik Andersson,2019,SE2,701,False,30,30,0,2375,4,7,0,0,4
114675,Erik Andersson,2019,RESU,701,False,2,1,0,30,0,0,0,0,0
114675,Erik Andersson,2018,SEC,701,False,1,0,0,0,0,0,0,0,0
114675,Erik Andersson,2018,SE2,701,False,30,29,0,2128,4,7,0,0,5
114675,Erik Andersson,2017,SEC,701,False,4,3,0,270,0,0,0,0,1
114675,Erik Andersson,2017,SE1,701,False,30,19,0,1463,2,2,20,7,1
114675,Erik Andersson,2017,FS,46607,True,2,2,0,94,1,0,0,0,0
114675,Erik Andersson,2016,SEC,701,False,1,0,1,0,0,0,0,0,0
114675,Erik Andersson,2016,SE2,701,False,30,23,0,1279,4,2,0,0,5
114675,Erik Andersson,2016,S21S,8872,False,6,3,0,225,0,0,0,0,1
114675,Erik Andersson,2016,RESE,701,False,2,2,0,32,0,0,0,0,0
114675,Erik Andersson,2015,U19Q,23488,True,3,1,0,84,0,0,0,0,0
114675,Erik Andersson,2015,SEC,496,False,6,0,0,0,0,0,0,0,0
114675,Erik Andersson,2015,SE2,701,False,30,16,13,1371,0,4,0,0,3
114675,Erik Andersson,2015,SE1,496,False,1,0,0,0,0,0,0,0,0
114675,Erik Andersson,2015,S21S,8872,False,11,6,0,540,2,1,0,0,1
114675,Erik Andersson,2015,FS,23488,True,3,2,0,180,0,0,0,0,0
114675,Erik Andersson,2015,CLQ,496,False,6,0,0,0,0,0,0,0,0
114675,Erik Andersson,2015,CL,496,False,6,0,0,0,0,0,0,0,0
114675,Erik Andersson,2015,19YL,45506,False,6,6,0,535,0,0,0,0,3
114675,Erik Andersson,2014,SE1,496,False,30,0,0,0,0,0,0,0,0
114675,Erik Andersson,2014,S21S,8872,False,14,11,0,990,1,0,0,0,1
114675,Erik Andersson,2014,S21P,8872,False,3,2,0,157,0,0,0,0,0
114675,Erik Andersson,2014,JUSÖ,7917,False,19,4,0,360,0,0,0,0,2
114675,Erik Andersson,2013,U17Q,23487,True,6,3,0,203,0,0,0,0,0
114675,Erik Andersson,2013,SEC,496,False,4,1,0,8,0,0,0,0,0
114675,Erik Andersson,2013,SEC,2294,False,1,1,0,120,1,0,0,0,0
114675,Erik Andersson,2013,SE2,2294,False,30,27,0,2332,3,5,0,0,3
114675,Erik Andersson,2013,FS,23487,True,11,4,0,245,0,0,0,0,1
114675,Erik Andersson,2012,SEC,2294,False,1,1,0,120,0,0,0,0,0
114675,Erik Andersson,2012,SE2,2294,False,30,22,0,1082,2,3,0,0,2
114675,Erik Andersson,2012,JUSÖ,15677,False,17,4,0,271,1,0,0,0,1
114675,Erik Andersson,2012,FS,23487,True,1,1,0,80,0,0,0,0,1
114675,Erik Andersson,2012,17WC,23487,True,7,0,0,0,0,0,0,0,0
114675,Erik Andersson,2012,17EU,23487,True,4,0,0,0,0,0,0,0,0
114675,Erik Andersson,2011,SEC,2294,False,3,1,0,90,0,2,0,0,0
114675,Erik Andersson,2011,SE2,2294,False,2,2,0,136,1,0,0,0,0
679787,Otso Koskinen,2025,FIS,2925,False,5,4,0,233,1,0,0,0,2
679787,Otso Koskinen,2025,FIL,2925,False,5,1,0,61,0,1,0,0,0
679787,Otso Koskinen,2025,FI1,2925,False,20,17,0,785,4,0,16,9,2
679787,Otso Koskinen,2024,YKCP,2925,False,5,4,0,175,0,0,0,0,1
679787,Otso Koskinen,2024,FIS,2925,False,1,1,0,45,0,0,0,0,1
679787,Otso Koskinen,2024,FI2,2925,False,27,18,0,1333,10,3,0,0,4
679787,Otso Koskinen,2023,POFI,2925,False,2,1,0,8,0,0,0,0,0
679787,Otso Koskinen,2023,FS,20796,True,1,1,0,45,0,0,0,0,0
679787,Otso Koskinen,2023,FIS,2925,False,3,2,0,106,0,1,0,0,0
679787,Otso Koskinen,2023,FIL,2925,False,6,5,0,274,1,1,0,0,2
679787,Otso Koskinen,2023,FI1,2925,False,22,17,0,1166,1,0,16,4,4
679787,Otso Koskinen,2023,F1CC,2925,False,5,4,0,31,0,0,0,0,2
679787,Otso Koskinen,2023,ECLQ,5411,False,2,2,0,80,0,1,0,0,0
679787,Otso Koskinen,2022,FS,20796,True,4,1,0,31,0,0,0,0,0
679787,Otso Koskinen,2022,FIS,5411,False,5,5,0,200,0,0,0,0,0
679787,Otso Koskinen,2022,FIL,5411,False,5,5,0,259,0,0,0,0,1
679787,Otso Koskinen,2022,FI3B,23075,False,2,2,0,139,0,0,0,0,0
679787,Otso Koskinen,2022,FI1,5411,False,22,21,0,859,2,1,23,6,1
679787,Otso Koskinen,2022,F1CL,5411,False,5,1,0,28,0,0,0,0,0
679787,Otso Koskinen,2022,F1CE,5411,False,4,1,0,9,0,0,0,0,0
679787,Otso Koskinen,2021,U19Q,20794,True,6,5,0,204,0,2,0,0,0
679787,Otso Koskinen,2021,FS,20794,True,2,1,0,59,0,0,1,0,0
679787,Otso Koskinen,2021,FIS,5411,False,1,0,0,0,0,0,0,0,0
679787,Otso Koskinen,2021,FIL,5411,False,6,5,0,301,0,0,0,0,0
679787,Otso Koskinen,2021,FI3B,23075,False,6,2,0,141,0,0,0,0,1
679787,Otso Koskinen,2021,FI1,5411,False,22,10,0,166,2,0,0,0,0
679787,Otso Koskinen,2021,F1CL,5411,False,5,5,0,243,0,0,0,0,2
679787,Otso Koskinen,2021,ECLQ,5411,False,4,2,0,46,0,0,0,0,0
679787,Otso Koskinen,2020,FIS,5411,False,6,5,0,170,1,0,0,0,0
679787,Otso Koskinen,2020,FI3B,23075,False,2,2,0,171,1,0,0,0,0
679787,Otso Koskinen,2020,FI1,5411,False,22,19,0,850,1,4,0,0,3
679787,Otso Koskinen,2020,F1CC,5411,False,5,5,0,439,1,1,0,0,0
679787,Otso Koskinen,2019,U17Q,20792,True,3,1,0,45,0,0,0,0,0
679787,Otso Koskinen,2019,FS,20792,True,10,7,0,261,1,0,0,0,0
679787,Otso Koskinen,2019,FS,20791,True,1,1,0,15,0,0,0,0,0
679787,Otso Koskinen,2019,FJE,20872,False,11,0,0,0,0,0,0,0,0
679787,Otso Koskinen,2019,FINJ,20872,False,9,0,0,0,0,0,0,0,0
679787,Otso Koskinen,2019,FI3A,23075,False,10,4,0,213,1,0,0,0,0
679787,Otso Koskinen,2018,FS,20791,True,5,4,0,170,0,0,0,0,0
225622,Armend Kabashi,2025,FIS,2925,False,5,3,0,225,0,0,0,0,0
225622,Armend Kabashi,2025,FIL,2925,False,3,3,0,188,0,0,0,0,0
225622,Armend Kabashi,2025,FI1,2925,False,20,12,0,288,0,0,2,0,0
225622,Armend Kabashi,2024,FIS,23564,False,4,2,0,82,0,0,0,0,0
225622,Armend Kabashi,2024,FIL,23564,False,5,3,0,198,0,0,0,0,1
225622,Armend Kabashi,2024,FI1,23564,False,22,16,0,1172,0,0,3,1,6
225622,Armend Kabashi,2024,F1CL,23564,False,10,4,0,259,0,0,1,0,1
225622,Armend Kabashi,2023,FIS,23564,False,2,0,0,0,0,0,0,0,0
225622,Armend Kabashi,2023,FIL,23564,False,5,4,0,217,0,0,0,0,0
225622,Armend Kabashi,2023,FI1,23564,False,22,14,0,1111,0,3,6,1,5
225622,Armend Kabashi,2023,F1CE,23564,False,2,2,0,210,0,0,1,1,0
225622,Armend Kabashi,2023,F1CC,23564,False,5,4,0,203,0,0,1,0,0
225622,Armend Kabashi,2022,YKAU,23564,False,5,4,0,272,1,0,0,0,2
225622,Armend Kabashi,2022,POFI,23564,False,2,2,0,180,0,0,1,0,1
225622,Armend Kabashi,2022,FI2P,23564,False,1,1,0,58,0,1,0,0,1
225622,Armend Kabashi,2022,FI2,23564,False,4,3,0,167,0,0,0,0,1
225622,Armend Kabashi,2021,FIS,7008,False,4,2,0,135,0,0,0,0,0
225622,Armend Kabashi,2021,FIL,7008,False,3,2,0,52,0,0,0,0,0
225622,Armend Kabashi,2021,FI1,7008,False,22,16,0,1122,1,3,0,0,4
225622,Armend Kabashi,2021,F1CE,7008,False,2,0,0,0,0,0,0,0,0
225622,Armend Kabashi,2021,F1CC,7008,False,5,4,0,272,0,0,0,0,0
225622,Armend Kabashi,2020,YKAU,23564,False,5,4,0,360,0,0,0,0,1
225622,Armend Kabashi,2020,FI2,23564,False,22,14,0,1209,0,1,0,0,7
225622,Armend Kabashi,2019,FIS,8043,False,1,1,0,81,0,0,0,0,0
225622,Armend Kabashi,2019,FI2,8043,False,22,4,0,316,1,0,0,0,4
225622,Armend Kabashi,2018,FI1,5411,False,1,1,0,1,0,0,0,0,0
225622,Armend Kabashi,2018,F1CL,5411,False,5,4,0,75,0,0,0,0,0
225622,Armend Kabashi,2018,F1CE,5411,False,2,0,0,0,0,0,0,0,0
225622,Armend Kabashi,2017,WFPO,5263,False,2,2,0,180,0,0,0,0,0
225622,Armend Kabashi,2017,RLW3,5263,False,16,15,1,1292,2,0,0,0,6
225622,Armend Kabashi,2017,FI1,5411,False,15,6,0,338,0,0,0,0,2
225622,Armend Kabashi,2016,RLN3,1212,False,34,29,1,2272,0,0,0,0,7
225622,Armend Kabashi,2015,U21Q,20796,True,7,5,0,91,0,0,0,0,1
225622,Armend Kabashi,2015,RLN3,1212,False,34,20,1,1277,0,1,0,0,2
225622,Armend Kabashi,2015,FS,20796,True,1,1,0,90,0,0,0,0,0
225622,Armend Kabashi,2014,FS,20796,True,8,3,0,115,0,0,0,0,0
225622,Armend Kabashi,2014,FS,20795,True,3,3,0,224,0,0,0,0,1
225622,Armend Kabashi,2014,FIS,5411,False,3,0,0,0,0,0,0,0,0
225622,Armend Kabashi,2014,FI3S,5411,False,11,0,0,0,0,0,0,0,0
225622,Armend Kabashi,2014,ELQ,5411,False,2,2,0,171,1,0,0,0,0
225622,Armend Kabashi,2013,U21Q,20796,True,2,2,0,106,0,0,0,0,0
225622,Armend Kabashi,2013,FIS,5411,False,2,1,0,90,0,0,0,0,0
225622,Armend Kabashi,2013,FIL,5411,False,5,4,0,213,0,0,0,0,1
225622,Armend Kabashi,2013,FI1,5411,False,33,26,0,1755,0,1,0,0,8
225622,Armend Kabashi,2013,ELQ,5411,False,2,0,0,0,0,0,0,0,0
225622,Armend Kabashi,2012,FIS,5411,False,4,1,0,8,0,0,0,0,1
225622,Armend Kabashi,2012,FIL,5411,False,6,2,0,180,0,0,0,0,0
225622,Armend Kabashi,2012,FI2,11056,False,9,8,0,588,1,0,0,0,2
225622,Armend Kabashi,2012,FI1,5411,False,22,0,0,0,0,0,0,0,0
225622,Armend Kabashi,2011,FIL,5411,False,2,1,0,21,0,0,0,0,0
225622,Armend Kabashi,2011,FI1,5411,False,1,0,0,0,0,0,0,0,0
805745,Daniel Heikkinen,2025,FIS,2925,False,5,4,0,360,2,1,0,0,2
805745,Daniel Heikkinen,2025,FIL,2925,False,5,5,0,414,1,0,0,0,0
805745,Daniel Heikkinen,2025,FI1,2925,False,20,17,0,528,1,1,9,3,2
805745,Daniel Heikkinen,2024,YKCP,2925,False,5,4,0,313,0,0,0,0,3
805745,Daniel Heikkinen,2024,FIS,2925,False,1,1,0,90,0,0,0,0,1
805745,Daniel Heikkinen,2024,FI2,2925,False,27,18,0,1007,2,4,0,0,5
805745,Daniel Heikkinen,2023,FIYK,22374,False,22,12,0,843,2,0,0,0,3
805745,Daniel Heikkinen,2023,FIS,7008,False,5,0,0,0,0,0,0,0,0
805745,Daniel Heikkinen,2023,FIS,22374,False,2,2,0,96,0,0,0,0,0
805745,Daniel Heikkinen,2023,FIL,7008,False,5,4,0,205,0,0,0,0,0
805745,Daniel Heikkinen,2023,FI3P,22374,False,5,4,0,353,3,0,0,0,1
805745,Daniel Heikkinen,2023,FI1,7008,False,22,0,0,0,0,0,0,0,0
805745,Daniel Heikkinen,2023,F1CC,7008,False,5,0,0,0,0,0,0,0,0
805745,Daniel Heikkinen,2022,YKAB,17397,False,5,5,0,327,0,1,0,0,1
805745,Daniel Heikkinen,2022,FIS,7008,False,4,2,0,7,0,0,0,0,0
805745,Daniel Heikkinen,2022,FIL,7008,False,7,6,0,191,0,0,0,0,1
805745,Daniel Heikkinen,2022,FI3C,22374,False,6,4,0,309,2,0,0,0,1
805745,Daniel Heikkinen,2022,FI2,17397,False,4,4,0,270,0,2,0,0,1
805745,Daniel Heikkinen,2022,FI1,7008,False,18,8,0,114,0,0,5,2,0
805745,Daniel Heikkinen,2021,YKAB,28214,False,5,5,0,250,1,1,0,0,0
805745,Daniel Heikkinen,2021,FI3B,23075,False,12,10,0,739,7,0,0,0,2
805745,Daniel Heikkinen,2021,FI2,28214,False,8,8,0,394,0,1,0,0,0
805745,Daniel Heikkinen,2021,FI1,5411,False,1,1,0,3,0,0,0,0,0
805745,Daniel Heikkinen,2020,FI3B,23075,False,22,20,0,1199,3,0,0,0,1
805745,Daniel Heikkinen,2020,F1CC,5411,False,1,1,0,11,0,0,0,0,0
805745,Daniel Heikkinen,2019,KOG1,17397,False,3,0,0,0,0,0,0,0,0
805745,Daniel Heikkinen,2019,FI4P,17397,False,2,0,0,0,0,0,0,0,0
981528,Aaron Lindholm,2025,FIS,2925,False,5,5,0,280,1,3,0,0,1
981528,Aaron Lindholm,2025,FIL,2925,False,5,2,0,139,0,0,0,0,0
981528,Aaron Lindholm,2025,FI1,2925,False,20,15,0,524,2,0,8,4,0
981528,Aaron Lindholm,2024,YKCP,2925,False,5,3,0,104,1,0,0,0,1
981528,Aaron Lindholm,2024,FIS,2925,False,1,1,0,77,0,0,0,0,0
981528,Aaron Lindholm,2024,FI3A,4024,False,1,1,0,45,1,0,0,0,0
981528,Aaron Lindholm,2024,FI2,2925,False,27,19,0,929,7,0,0,0,1
981528,Aaron Lindholm,2023,FIYK,20957,False,22,21,0,1750,11,7,0,0,1
981528,Aaron Lindholm,2023,FIS,20957,False,2,2,0,111,1,0,0,0,0
981528,Aaron Lindholm,2023,FI3R,20957,False,5,5,0,371,7,1,0,0,0
981528,Aaron Lindholm,2022,FIS,22293,False,3,0,0,0,0,0,0,0,0
981528,Aaron Lindholm,2022,FIS,104318,False,1,0,0,0,0,0,0,0,0
981528,Aaron Lindholm,2022,FI3A,22293,False,22,19,0,1532,6,5,0,0,1
981528,Aaron Lindholm,2021,FI3A,37673,False,21,21,0,1255,1,4,0,0,2
935954,Martim Ferreira,2025,FIS,2925,False,5,5,0,293,0,2,0,0,0
935954,Martim Ferreira,2025,FIL,2925,False,5,2,0,93,0,0,0,0,0
935954,Martim Ferreira,2025,FI1,2925,False,20,16,0,1151,2,1,25,6,3
935954,Martim Ferreira,2024,YKCP,2925,False,5,5,0,239,0,0,0,0,2
935954,Martim Ferreira,2024,P23Q,110988,False,1,0,0,0,0,0,0,0,0
935954,Martim Ferreira,2024,MT1P,34423,False,3,1,0,1,0,0,0,0,0
935954,Martim Ferreira,2024,MT1N,34423,False,16,12,0,461,1,1,0,0,2
935954,Martim Ferreira,2024,MALC,34423,False,1,0,0,0,0,0,0,0,0
935954,Martim Ferreira,2024,FIS,2925,False,1,0,0,0,0,0,0,0,0
935954,Martim Ferreira,2024,FI2,2925,False,27,26,0,1993,5,5,0,0,4
935954,Martim Ferreira,2023,PT23,110988,False,14,10,0,795,6,1,0,0,2
935954,Martim Ferreira,2023,PO2,7788,False,16,9,0,327,0,0,3,1,2
935954,Martim Ferreira,2023,P23Q,110988,False,14,3,0,268,1,1,0,0,0
935954,Martim Ferreira,2022,PTPR,68780,False,5,4,0,208,0,0,0,0,0
935954,Martim Ferreira,2022,PT23,68780,False,12,7,0,328,0,0,0,0,0
935954,Martim Ferreira,2022,P23F,68780,False,2,1,0,100,0,0,0,0,0
935954,Martim Ferreira,2022,P23C,68780,False,10,2,0,77,0,0,0,0,0
935954,Martim Ferreira,2022,P23A,68780,False,3,2,0,180,0,1,0,0,0
935954,Martim Ferreira,2021,SU20,16373,True,2,1,0,16,0,0,0,0,0
935954,Martim Ferreira,2021,PTPR,68780,False,5,5,0,442,1,0,0,0,1
935954,Martim Ferreira,2021,PT23,68780,False,12,4,0,112,0,0,0,0,0
935954,Martim Ferreira,2021,P23C,68780,False,10,4,0,31,0,0,0,0,0
935954,Martim Ferreira,2021,FIYO,41582,False,1,0,0,0,0,0,0,0,0
935954,Martim Ferreira,2021,19YL,41582,False,9,2,0,28,0,0,0,0,0
577721,Momodou Sarr,2025,FIS,2925,False,5,3,0,105,1,0,0,0,0
577721,Momodou Sarr,2025,FIL,2925,False,3,3,0,211,0,0,0,0,0
577721,Momodou Sarr,2025,FI1,2925,False,20,17,0,1463,3,3,28,9,2
577721,Momodou Sarr,2024,FIS,8042,False,2,1,0,45,1,0,0,0,0
577721,Momodou Sarr,2024,FI1,8042,False,22,18,0,676,4,0,22,8,4
577721,Momodou Sarr,2024,F1CL,8042,False,10,10,0,749,0,2,15,6,0
577721,Momodou Sarr,2024,DKP,12275,False,6,6,0,250,0,0,2,1,0
577721,Momodou Sarr,2024,DK2P,12275,False,1,1,0,28,0,0,1,0,0
577721,Momodou Sarr,2024,DK2,12275,False,20,18,0,898,1,1,12,5,2
577721,Momodou Sarr,2023,FIS,23564,False,2,0,0,0,0,0,0,0,0
577721,Momodou Sarr,2023,FIL,23564,False,5,5,0,438,3,0,0,0,1
577721,Momodou Sarr,2023,FI1,23564,False,17,17,0,1357,1,5,19,5,3
577721,Momodou Sarr,2022,YKCP,23564,False,6,6,0,518,3,0,0,0,2
577721,Momodou Sarr,2022,YKAU,23564,False,5,5,0,435,1,2,0,0,0
577721,Momodou Sarr,2022,POFI,23564,False,2,2,0,180,0,0,1,0,0
577721,Momodou Sarr,2022,FIS,23564,False,3,2,0,180,1,0,0,0,0
577721,Momodou Sarr,2022,FI2P,23564,False,1,1,0,120,1,0,0,0,1
577721,Momodou Sarr,2022,FI2,23564,False,22,21,0,1797,6,6,0,0,6
577721,Momodou Sarr,2021,YKAB,23564,False,5,5,0,337,2,1,0,0,1
577721,Momodou Sarr,2021,FIS,3189,False,2,2,0,152,1,0,0,0,0
577721,Momodou Sarr,2021,FIL,3189,False,4,0,0,0,0,0,0,0,0
577721,Momodou Sarr,2021,FI2,23564,False,7,7,0,507,3,0,0,0,1
577721,Momodou Sarr,2021,FI1,3189,False,14,11,0,336,0,2,0,0,1
577721,Momodou Sarr,2020,FS,20796,True,2,2,0,32,0,0,0,0,0
577721,Momodou Sarr,2020,FIS,3189,False,3,1,0,59,0,0,0,0,0
577721,Momodou Sarr,2020,FI1,3189,False,22,19,0,649,0,0,0,0,1
577721,Momodou Sarr,2020,F1CL,3189,False,5,5,0,240,0,1,0,0,0
577721,Momodou Sarr,2019,FIS,1102,False,5,4,0,259,2,0,0,0,1
577721,Momodou Sarr,2019,FI2,1102,False,22,21,0,1459,3,0,0,0,5
577721,Momodou Sarr,2018,FIS,1102,False,8,8,0,537,2,1,0,0,2
577721,Momodou Sarr,2018,FI3C,70794,False,6,4,0,354,2,0,0,0,1
577721,Momodou Sarr,2018,FI1,1102,False,22,21,0,1455,4,3,0,0,1
577721,Momodou Sarr,2018,F1CC,1102,False,5,5,0,305,0,0,0,0,1
577721,Momodou Sarr,2017,FIS,1102,False,6,0,0,0,0,0,0,0,0
577721,Momodou Sarr,2017,FIP1,15699,False,1,1,0,120,0,0,0,0,0
577721,Momodou Sarr,2017,FI1,1102,False,33,3,0,120,0,0,0,0,0
979743,Neemias,2025,FIS,2925,False,5,4,0,164,2,0,0,0,1
979743,Neemias,2025,FIL,2925,False,3,3,0,65,0,0,0,0,0
979743,Neemias,2025,FI1,2925,False,20,16,0,1121,3,1,28,12,2
979743,Neemias,2024,PT3A,8424,False,18,17,0,1290,3,1,0,0,4
979743,Neemias,2024,POPO,8424,False,2,2,0,126,1,0,0,0,2
979743,Neemias,2024,P3As,8424,False,5,5,0,378,1,1,0,0,1
979743,Neemias,2024,JEMP,10999,False,2,0,1,0,0,0,0,0,0
979743,Neemias,2024,JAPC,10999,False,2,0,2,0,0,0,0,0,0
979743,Neemias,2024,JAP2,10999,False,32,11,8,526,0,0,9,5,0
979743,Neemias,2021,BRES,30489,False,10,10,0,688,4,0,0,0,1
979743,Neemias,2019,SPjr,60799,False,2,2,0,109,1,0,0,0,0
1104303,Amir Belabid,2025,FIS,2925,False,5,4,0,274,1,1,0,0,2
1104303,Amir Belabid,2025,FIL,2925,False,5,5,0,257,1,0,0,0,0
1104303,Amir Belabid,2025,FI1,2925,False,20,13,0,521,2,2,14,6,2
1104303,Amir Belabid,2024,YKCP,2925,False,5,4,0,102,0,0,0,0,2
1104303,Amir Belabid,2024,FIS,2925,False,1,1,0,25,0,0,0,0,0
1104303,Amir Belabid,2024,FI3A,4024,False,13,13,0,999,7,0,0,0,3
1104303,Amir Belabid,2024,FI2,2925,False,27,3,0,27,0,0,0,0,0
1104303,Amir Belabid,2024,F3KA,4024,False,5,5,0,378,4,0,0,0,1
1104303,Amir Belabid,2023,FP3A,4024,False,5,3,0,40,0,0,0,0,0
1104303,Amir Belabid,2023,FIS,4024,False,2,1,0,11,1,0,0,0,0
1104303,Amir Belabid,2023,FIKP,4024,False,2,2,0,109,0,0,0,0,1
1104303,Amir Belabid,2023,FI3A,4024,False,18,16,0,915,3,0,0,0,2
1104303,Amir Belabid,2022,FINJ,23164,False,18,18,0,1229,6,0,0,0,1
990872,Justus Ojanen,2025,FIS,2925,False,5,3,0,97,1,0,0,0,0
990872,Justus Ojanen,2025,FIL,2925,False,5,5,0,432,1,0,0,0,0
990872,Justus Ojanen,2025,FI3A,4024,False,1,1,0,63,0,0,0,0,0
990872,Justus Ojanen,2025,FI1,2925,False,20,10,0,214,1,0,5,1,0
990872,Justus Ojanen,2024,YKCP,45310,False,4,4,0,343,1,0,0,0,0
990872,Justus Ojanen,2024,FIS,45310,False,2,1,0,90,0,0,0,0,0
990872,Justus Ojanen,2024,FI2,45310,False,27,26,0,1782,10,3,0,0,2
990872,Justus Ojanen,2024,ECLQ,3189,False,4,0,0,0,0,0,0,0,0
990872,Justus Ojanen,2023,FJE,46621,False,10,2,0,180,2,0,0,0,0
990872,Justus Ojanen,2023,FIS,52347,False,2,0,0,0,0,0,0,0,0
990872,Justus Ojanen,2023,FIS,3189,False,1,0,0,0,0,0,0,0,0
990872,Justus Ojanen,2023,FINJ,46621,False,2,1,0,90,0,0,0,0,0
990872,Justus Ojanen,2023,FIL,3189,False,6,1,0,7,0,0,0,0,0
990872,Justus Ojanen,2023,FI3B,52347,False,20,12,0,502,5,1,0,0,1
990872,Justus Ojanen,2023,FI1,3189,False,22,0,0,0,0,0,0,0,0
990872,Justus Ojanen,2023,F3KB,52347,False,4,4,0,177,0,0,0,0,0
990872,Justus Ojanen,2023,F1CL,3189,False,5,0,0,0,0,0,0,0,0
990872,Justus Ojanen,2022,FJE,46621,False,10,3,0,178,2,0,0,0,0
990872,Justus Ojanen,2022,FIS,52347,False,1,0,0,0,0,0,0,0,0
990872,Justus Ojanen,2022,FINJ,46621,False,16,8,0,589,5,0,0,0,1
990872,Justus Ojanen,2022,FI3B,52347,False,22,20,0,1014,6,0,0,0,0
990872,Justus Ojanen,2021,FINJ,46621,False,5,2,0,180,0,0,0,0,0
1332082,Leevi Järvinen,2025,FS,20792,True,3,2,0,78,0,0,0,0,0
1332082,Leevi Järvinen,2025,FIS,2925,False,4,1,0,10,0,0,0,0,0
1332082,Leevi Järvinen,2025,FI3A,4024,False,15,10,0,512,2,1,0,0,0
1332082,Leevi Järvinen,2025,FI18,15659,False,3,1,0,90,0,0,0,0,1
1332082,Leevi Järvinen,2025,FI1,2925,False,6,0,0,0,0,0,0,0,0
1332082,Leevi Järvinen,2025,F18Q,15659,False,18,11,0,983,2,0,0,0,3
1332082,Leevi Järvinen,2024,FS,20792,True,3,3,0,134,1,0,0,0,0
1332082,Leevi Järvinen,2024,FI3A,4024,False,1,1,0,24,0,0,0,0,0
1332082,Leevi Järvinen,2023,FS,34682,True,3,2,0,82,0,0,0,0,0
550654,Matias Riikonen,2025,FIS,6017,False,4,1,0,90,0,0,0,0,0
550654,Matias Riikonen,2025,FIL,6017,False,5,4,0,360,0,0,0,0,0
550654,Matias Riikonen,2025,FI1,6017,False,20,8,0,720,0,0,0,0,0
550654,Matias Riikonen,2024,FIS,6017,False,4,0,0,0,0,0,0,0,0
550654,Matias Riikonen,2024,FIL,6017,False,5,3,0,270,0,0,0,0,0
550654,Matias Riikonen,2024,FI1,6017,False,22,10,0,900,0,0,0,0,0
550654,Matias Riikonen,2024,F1CC,6017,False,5,4,0,360,0,0,0,0,1
550654,Matias Riikonen,2023,FIS,6017,False,3,0,0,0,0,0,0,0,0
550654,Matias Riikonen,2023,FIL,6017,False,5,4,0,360,0,0,0,0,0
550654,Matias Riikonen,2023,FI1,6017,False,22,22,0,1980,0,0,0,0,2
550654,Matias Riikonen,2023,F1CC,6017,False,5,5,0,450,0,0,0,0,0
550654,Matias Riikonen,2022,FIS,8042,False,3,3,0,270,0,0,0,0,0
550654,Matias Riikonen,2022,FIL,8042,False,6,4,0,360,0,0,0,0,1
550654,Matias Riikonen,2022,FI1,8042,False,22,2,0,180,0,0,0,0,0
550654,Matias Riikonen,2022,F1CL,8042,False,5,1,0,90,0,0,0,0,0
550654,Matias Riikonen,2022,F1CE,8042,False,1,0,0,0,0,0,0,0,0
550654,Matias Riikonen,2022,ECLQ,8042,False,2,2,0,180,0,0,0,0,0
550654,Matias Riikonen,2021,FS,20795,True,2,1,0,90,0,0,0,0,0
550654,Matias Riikonen,2021,FIS,8042,False,5,5,0,450,0,0,0,0,0
550654,Matias Riikonen,2021,FIL,8042,False,6,5,0,377,0,0,0,0,0
550654,Matias Riikonen,2021,FI1,8042,False,22,7,0,630,0,0,0,0,0
550654,Matias Riikonen,2021,F1CL,8042,False,5,2,0,162,0,0,0,0,0
550654,Matias Riikonen,2021,F1CE,8042,False,1,0,0,0,0,0,0,0,0
550654,Matias Riikonen,2020,FI3B,52347,False,12,5,0,450,0,0,0,0,1
550654,Matias Riikonen,2020,FI1,3189,False,13,0,0,0,0,0,0,0,0
550654,Matias Riikonen,2020,F1CL,3189,False,5,0,0,0,0,0,0,0,0
550654,Matias Riikonen,2020,ELQ,3189,False,1,0,0,0,0,0,0,0,0
550654,Matias Riikonen,2020,DKRE,62683,False,1,0,0,0,0,0,0,0,0
550654,Matias Riikonen,2020,DKDL,16104,False,21,15,0,1350,0,0,0,0,0
550654,Matias Riikonen,2019,FIS,3189,False,7,1,0,90,0,0,0,0,0
550654,Matias Riikonen,2019,FINJ,46621,False,1,1,0,90,0,0,0,0,0
550654,Matias Riikonen,2019,FI3B,52347,False,8,3,0,270,0,0,0,0,0
550654,Matias Riikonen,2019,FI1,3189,False,15,6,0,540,0,0,0,0,0
550654,Matias Riikonen,2018,FS,20792,True,5,2,0,160,0,0,0,0,0
550654,Matias Riikonen,2018,FJE,46621,False,14,3,0,225,0,0,0,0,0
550654,Matias Riikonen,2018,FIS,3189,False,9,0,0,0,0,0,0,0,0
550654,Matias Riikonen,2018,FINJ,46621,False,9,4,0,360,0,0,0,0,0
550654,Matias Riikonen,2018,FI3B,52347,False,20,18,0,1620,0,0,0,0,0
550654,Matias Riikonen,2018,FI1,3189,False,22,0,0,0,0,0,0,0,0
550654,Matias Riikonen,2018,F1CL,3189,False,5,0,0,0,0,0,0,0,0
550654,Matias Riikonen,2017,FJE,46621,False,1,1,0,90,0,0,0,0,0
550654,Matias Riikonen,2017,FI3A,2688,False,16,3,0,270,0,0,0,0,0
550654,Matias Riikonen,2017,FI1,3189,False,12,0,0,0,0,0,0,0,0
946513,Aleksi Paalanen,2025,FIS,4024,False,1,0,0,0,0,0,0,0,0
946513,Aleksi Paalanen,2025,FIS,2925,False,5,0,0,0,0,0,0,0,0
946513,Aleksi Paalanen,2025,FIL,2925,False,5,5,0,177,0,0,0,0,0
946513,Aleksi Paalanen,2025,FI3A,4024,False,17,14,0,1181,5,0,0,0,0
946513,Aleksi Paalanen,2025,FI1,2925,False,18,1,0,15,0,0,1,0,0
946513,Aleksi Paalanen,2024,FIS,4024,False,2,2,0,180,1,0,0,0,0
946513,Aleksi Paalanen,2024,FI3A,4024,False,18,15,0,622,0,0,0,0,0
946513,Aleksi Paalanen,2024,F3KA,4024,False,6,6,0,395,7,0,0,0,0
946513,Aleksi Paalanen,2023,FP3A,4024,False,5,2,0,18,0,0,0,0,0
946513,Aleksi Paalanen,2023,FIS,4024,False,2,0,0,0,0,0,0,0,0
946513,Aleksi Paalanen,2023,FIKP,4024,False,2,1,0,10,0,0,0,0,0
946513,Aleksi Paalanen,2023,FI3A,4024,False,18,8,0,402,1,0,0,0,0
946513,Aleksi Paalanen,2022,FIS,4024,False,1,1,0,45,0,0,0,0,0
946513,Aleksi Paalanen,2022,FIKP,4024,False,1,1,0,6,0,0,0,0,0
946513,Aleksi Paalanen,2022,FI3A,4024,False,9,5,0,71,1,0,0,0,0
946513,Aleksi Paalanen,2020,FINJ,23164,False,10,4,0,214,0,0,0,0,0
1345219,Kevin Lund,2025,FIS,6017,False,4,3,0,270,0,0,0,0,0
1345219,Kevin Lund,2025,FIL,6017,False,5,1,0,90,0,0,0,0,0
1345219,Kevin Lund,2025,FI1,6017,False,20,11,0,990,0,0,0,0,1
1345219,Kevin Lund,2024,SEC,62885,False,1,1,0,120,0,0,0,0,1
1345219,Kevin Lund,2024,FIS,6017,False,4,0,0,0,0,0,0,0,0
1345219,Kevin Lund,2024,FIL,6017,False,5,0,0,0,0,0,0,0,0
1345219,Kevin Lund,2024,FI1,6017,False,22,1,0,90,0,0,0,0,0
1345219,Kevin Lund,2024,F4LA,119180,False,5,2,0,180,0,0,0,0,0
1345219,Kevin Lund,2024,F1CC,6017,False,5,1,0,90,0,0,0,0,0
354483,Jiri Nissinen,2025,FIS,6017,False,4,2,0,135,0,0,0,0,0
354483,Jiri Nissinen,2025,FIL,6017,False,5,5,0,395,1,1,0,0,3
354483,Jiri Nissinen,2025,FI1,6017,False,20,13,0,1007,0,0,4,1,3
354483,Jiri Nissinen,2024,FIS,6017,False,4,3,0,270,0,0,0,0,1
354483,Jiri Nissinen,2024,FIL,6017,False,5,5,0,298,0,0,0,0,1
354483,Jiri Nissinen,2024,FI1,6017,False,22,18,0,1206,1,2,3,2,1
354483,Jiri Nissinen,2024,F1CC,6017,False,5,5,0,353,1,0,2,2,1
354483,Jiri Nissinen,2023,FIS,6017,False,3,3,0,245,1,0,0,0,0
354483,Jiri Nissinen,2023,FIL,6017,False,5,4,0,193,0,0,0,0,0
354483,Jiri Nissinen,2023,FI1,6017,False,22,20,0,1128,0,1,7,2,2
354483,Jiri Nissinen,2023,F1CC,6017,False,5,3,0,121,0,1,0,0,0
354483,Jiri Nissinen,2022,POFI,6017,False,2,0,0,0,0,0,0,0,0
354483,Jiri Nissinen,2022,FIS,6017,False,6,5,0,314,0,2,0,0,2
354483,Jiri Nissinen,2022,FIL,6017,False,5,3,0,265,0,0,0,0,0
354483,Jiri Nissinen,2022,FI1,6017,False,22,17,0,1049,0,0,10,3,1
354483,Jiri Nissinen,2022,F1CC,6017,False,5,2,0,114,0,0,1,1,0
354483,Jiri Nissinen,2021,FIS,6017,False,4,3,0,238,0,0,0,0,0
354483,Jiri Nissinen,2021,FIL,6017,False,3,3,0,179,0,0,0,0,0
354483,Jiri Nissinen,2021,FI1,6017,False,22,19,0,1488,0,1,0,0,7
354483,Jiri Nissinen,2021,F1CC,6017,False,5,5,0,354,0,0,0,0,1
354483,Jiri Nissinen,2020,YKAU,1102,False,5,3,0,113,0,0,0,0,1
354483,Jiri Nissinen,2020,FIS,6251,False,5,1,0,90,1,0,0,0,0
354483,Jiri Nissinen,2020,FI2,1102,False,8,6,0,430,0,0,0,0,0
354483,Jiri Nissinen,2020,FI1,6017,False,14,11,0,857,0,0,0,0,0
354483,Jiri Nissinen,2020,ELQ,6251,False,3,0,0,0,0,0,0,0,0
354483,Jiri Nissinen,2020,CLQ,6251,False,1,0,0,0,0,0,0,0,0
354483,Jiri Nissinen,2019,FIS,6251,False,7,7,0,538,0,0,0,0,1
354483,Jiri Nissinen,2019,FI3C,24753,False,3,3,0,246,0,0,0,0,0
354483,Jiri Nissinen,2019,FI1,6251,False,22,13,0,680,1,3,0,0,1
354483,Jiri Nissinen,2019,ELQ,6251,False,4,0,0,0,0,0,0,0,0
354483,Jiri Nissinen,2018,FIS,6251,False,5,4,0,315,0,0,0,0,1
354483,Jiri Nissinen,2018,FI3C,24753,False,18,14,0,1210,0,0,0,0,3
354483,Jiri Nissinen,2018,FI1,6251,False,22,3,0,99,0,0,0,0,0
354483,Jiri Nissinen,2018,F1CL,6251,False,5,1,0,16,0,0,0,0,0
354483,Jiri Nissinen,2018,ELQ,6251,False,2,0,2,0,0,0,0,0,0
354483,Jiri Nissinen,2017,U21Q,20796,True,3,1,1,90,0,0,0,0,0
354483,Jiri Nissinen,2017,FIS,6251,False,6,6,0,540,2,1,0,0,1
354483,Jiri Nissinen,2017,FI3C,24753,False,3,3,0,153,0,0,0,0,1
354483,Jiri Nissinen,2017,FI1,6251,False,33,5,20,208,0,1,0,0,0
354483,Jiri Nissinen,2016,FIS,6251,False,6,0,0,0,0,0,0,0,0
354483,Jiri Nissinen,2016,FINJ,19331,False,4,3,0,270,0,0,0,0,2
354483,Jiri Nissinen,2016,FI3C,24753,False,5,4,0,251,0,0,0,0,1
354483,Jiri Nissinen,2016,FI1,6251,False,33,20,0,1773,0,2,0,0,3
354483,Jiri Nissinen,2015,FJE,19331,False,4,1,0,90,2,0,0,0,0
354483,Jiri Nissinen,2015,FINJ,19331,False,9,9,0,810,4,0,0,0,1
354483,Jiri Nissinen,2015,FI3A,24753,False,22,21,0,1796,0,0,0,0,1
354483,Jiri Nissinen,2014,FJE,19331,False,18,18,0,1544,1,0,0,0,2
354483,Jiri Nissinen,2014,FINJ,19331,False,9,7,0,585,0,0,0,0,0
354483,Jiri Nissinen,2012,FIS,22399,False,2,1,0,90,0,0,0,0,0
1401059,Samson Ngulube,2025,FIS,6017,False,4,3,0,145,1,0,0,0,0
1401059,Samson Ngulube,2025,FIL,6017,False,2,2,0,99,0,0,0,0,0
1401059,Samson Ngulube,2025,FI1,6017,False,20,14,0,1044,0,0,9,2,1
1401059,Samson Ngulube,2024,20AC,27268,True,4,0,0,0,0,0,0,0,0
1013991,Aaro Soiniemi,2025,FIS,6017,False,4,2,0,170,1,1,0,0,0
1013991,Aaro Soiniemi,2025,FIL,6017,False,5,3,0,171,0,0,0,0,0
1013991,Aaro Soiniemi,2025,FI1,6017,False,20,16,0,795,0,0,3,0,3
1013991,Aaro Soiniemi,2025,ECLQ,1008,False,4,0,0,0,0,0,0,0,0
1013991,Aaro Soiniemi,2024,FIS,11131,False,3,0,0,0,0,0,0,0,0
1013991,Aaro Soiniemi,2024,FIS,1008,False,5,3,0,270,0,0,0,0,0
1013991,Aaro Soiniemi,2024,FIL,1008,False,7,1,0,90,0,0,0,0,0
1013991,Aaro Soiniemi,2024,FI2,11131,False,24,18,0,1419,0,1,0,0,4
1013991,Aaro Soiniemi,2024,FI1,1008,False,22,0,0,0,0,0,0,0,0
1013991,Aaro Soiniemi,2024,F1CL,1008,False,10,0,0,0,0,0,0,0,0
1013991,Aaro Soiniemi,2023,YKCP,2275,False,3,3,0,128,0,0,0,0,0
1013991,Aaro Soiniemi,2023,FIS,2275,False,5,4,0,163,0,0,0,0,0
1013991,Aaro Soiniemi,2023,FIL,1008,False,2,0,0,0,0,0,0,0,0
1013991,Aaro Soiniemi,2023,FI2,2275,False,27,23,0,1854,2,2,0,0,6
1013991,Aaro Soiniemi,2022,YKCP,17397,False,4,4,0,360,0,0,0,0,0
1013991,Aaro Soiniemi,2022,YKAB,17397,False,5,3,0,31,0,0,0,0,0
1013991,Aaro Soiniemi,2022,FS,20793,True,9,8,0,513,0,0,0,0,3
1013991,Aaro Soiniemi,2022,FIS,17397,False,3,1,0,6,0,0,0,0,0
1013991,Aaro Soiniemi,2022,FI2,17397,False,22,9,0,579,1,1,0,0,1
1013991,Aaro Soiniemi,2021,FP3A,17397,False,3,3,0,217,0,0,0,0,0
1013991,Aaro Soiniemi,2021,FI3A,17397,False,13,9,0,638,0,0,0,0,2
488763,Noah Nurmi,2025,FIS,6017,False,4,1,0,29,0,0,0,0,0
488763,Noah Nurmi,2025,FIL,6017,False,5,3,0,152,0,0,0,0,0
488763,Noah Nurmi,2025,FI1,6017,False,20,18,0,1477,1,0,5,2,2
488763,Noah Nurmi,2024,FIS,6017,False,4,0,0,0,0,0,0,0,0
488763,Noah Nurmi,2024,FIL,6017,False,5,0,5,0,0,0,0,0,0
488763,Noah Nurmi,2024,FI1,6017,False,22,5,0,194,0,0,1,0,0
488763,Noah Nurmi,2024,F4LA,119180,False,1,1,0,62,0,0,0,0,0
488763,Noah Nurmi,2024,F1CC,6017,False,5,5,0,361,0,0,0,0,0
488763,Noah Nurmi,2023,FIS,6017,False,3,0,3,0,0,0,0,0,0
488763,Noah Nurmi,2023,FI1,6017,False,22,2,20,180,0,0,1,0,0
488763,Noah Nurmi,2023,F1CC,6017,False,5,0,5,0,0,0,0,0,0
488763,Noah Nurmi,2022,FIS,8042,False,3,0,0,0,0,0,0,0,0
488763,Noah Nurmi,2022,FIL,8042,False,6,5,0,382,1,0,0,0,1
488763,Noah Nurmi,2022,FI1,8042,False,22,15,0,835,2,0,4,2,4
488763,Noah Nurmi,2022,F1CL,8042,False,5,3,0,128,0,0,1,0,0
488763,Noah Nurmi,2022,F1CE,8042,False,1,0,0,0,0,0,0,0,0
488763,Noah Nurmi,2022,ECLQ,8042,False,2,0,0,0,0,0,0,0,0
488763,Noah Nurmi,2021,U21Q,20796,True,10,3,0,178,0,0,0,0,0
488763,Noah Nurmi,2021,FS,20796,True,1,0,0,0,0,0,0,0,0
488763,Noah Nurmi,2021,FS,20795,True,2,2,0,117,0,0,0,0,0
488763,Noah Nurmi,2021,FIS,8042,False,5,4,0,244,0,0,0,0,1
488763,Noah Nurmi,2021,FIL,8042,False,6,5,0,334,0,0,0,0,1
488763,Noah Nurmi,2021,FI1,8042,False,22,14,0,1037,0,1,0,0,2
488763,Noah Nurmi,2021,F1CL,8042,False,5,4,0,188,0,0,0,0,1
488763,Noah Nurmi,2021,F1CE,8042,False,1,0,0,0,0,0,0,0,0
488763,Noah Nurmi,2021,ECLQ,8042,False,2,2,0,86,0,0,0,0,0
488763,Noah Nurmi,2020,FS,20796,True,2,2,0,71,0,0,0,0,1
488763,Noah Nurmi,2020,FIS,8042,False,5,4,0,312,0,0,0,0,0
488763,Noah Nurmi,2020,FI1,8042,False,22,18,0,1075,0,0,0,0,4
488763,Noah Nurmi,2020,F1CL,8042,False,5,5,0,222,0,0,0,0,0
488763,Noah Nurmi,2020,ELQ,8042,False,1,0,0,0,0,0,0,0,0
488763,Noah Nurmi,2019,U19Q,20794,True,3,3,0,270,0,0,0,0,0
488763,Noah Nurmi,2019,FS,20794,True,4,4,0,360,0,0,0,0,0
488763,Noah Nurmi,2019,FIS,8042,False,8,8,0,554,0,0,0,0,0
488763,Noah Nurmi,2019,FI1,8042,False,22,14,0,774,0,0,0,0,2
488763,Noah Nurmi,2019,ELQ,3426,False,2,0,0,0,0,0,0,0,0
488763,Noah Nurmi,2019,DKRE,62698,False,6,5,0,423,0,0,0,0,0
488763,Noah Nurmi,2019,DKP,3426,False,2,0,0,0,0,0,0,0,0
488763,Noah Nurmi,2019,DKDL,14349,False,11,11,0,945,0,0,0,0,2
488763,Noah Nurmi,2019,DK1,3426,False,20,1,0,1,0,0,0,0,0
488763,Noah Nurmi,2018,U19Q,20794,True,3,3,0,270,0,0,0,0,0
488763,Noah Nurmi,2018,FS,20794,True,2,2,0,91,0,0,0,0,0
488763,Noah Nurmi,2018,FS,20793,True,3,3,0,225,0,0,0,0,0
488763,Noah Nurmi,2018,DKRQ,62698,False,8,5,0,417,0,0,0,0,0
488763,Noah Nurmi,2018,DKRE,62698,False,6,4,0,295,0,0,0,0,0
488763,Noah Nurmi,2018,DKP,3426,False,3,0,0,0,0,0,0,0,0
488763,Noah Nurmi,2018,DKMR,3426,False,10,0,4,0,0,0,0,0,0
488763,Noah Nurmi,2018,DKDL,14349,False,12,9,0,683,0,0,0,0,4
488763,Noah Nurmi,2018,DK1,3426,False,16,0,0,0,0,0,0,0,0
488763,Noah Nurmi,2017,U17Q,20792,True,6,6,0,480,0,0,0,0,1
488763,Noah Nurmi,2017,FS,20792,True,8,2,0,160,0,0,0,0,0
488763,Noah Nurmi,2017,FS,20791,True,1,1,0,30,0,0,0,0,1
488763,Noah Nurmi,2017,DKRE,62698,False,4,4,0,360,0,1,0,0,1
488763,Noah Nurmi,2017,DKDL,14349,False,12,0,0,0,0,0,0,0,0
488763,Noah Nurmi,2017,19YL,62114,False,1,1,0,90,0,0,0,0,0
488763,Noah Nurmi,2016,FS,20791,True,4,4,0,204,0,0,0,0,0
859152,Tuomas Koivisto,2025,FIS,6017,False,4,4,0,360,0,0,0,0,0
859152,Tuomas Koivisto,2025,FIL,6017,False,5,5,0,292,0,1,0,0,0
859152,Tuomas Koivisto,2025,FI1,6017,False,20,14,0,928,0,1,8,2,2
859152,Tuomas Koivisto,2025,ECLQ,23777,False,2,0,0,0,0,0,0,0,0
859152,Tuomas Koivisto,2024,YKCP,45310,False,4,1,0,90,0,0,0,0,0
859152,Tuomas Koivisto,2024,FIS,45310,False,2,0,0,0,0,0,0,0,0
859152,Tuomas Koivisto,2024,FIS,23777,False,3,1,0,90,0,0,0,0,0
859152,Tuomas Koivisto,2024,FIL,23777,False,5,1,0,63,0,0,0,0,0
859152,Tuomas Koivisto,2024,FI2,45310,False,27,3,0,270,0,0,0,0,0
859152,Tuomas Koivisto,2024,FI1,23777,False,22,4,0,177,0,0,1,0,1
859152,Tuomas Koivisto,2024,F1CL,23777,False,10,0,0,0,0,0,0,0,0
859152,Tuomas Koivisto,2023,YKCP,45310,False,6,5,0,405,0,0,0,0,1
859152,Tuomas Koivisto,2023,FIS,45310,False,4,0,0,0,0,0,0,0,0
859152,Tuomas Koivisto,2023,FIS,23777,False,6,2,0,101,1,1,0,0,0
859152,Tuomas Koivisto,2023,FIL,23777,False,5,3,0,148,0,0,0,0,0
859152,Tuomas Koivisto,2023,FI2,45310,False,27,26,0,2247,0,0,0,0,3
859152,Tuomas Koivisto,2023,FI1,23777,False,22,1,0,45,0,0,1,0,0
859152,Tuomas Koivisto,2023,F1CL,23777,False,5,0,0,0,0,0,0,0,0
859152,Tuomas Koivisto,2023,F1CE,23777,False,2,0,0,0,0,0,0,0,0
859152,Tuomas Koivisto,2022,YKCP,45310,False,4,2,0,104,0,0,0,0,0
859152,Tuomas Koivisto,2022,YKAU,45310,False,5,5,0,405,0,0,0,0,0
859152,Tuomas Koivisto,2022,FIS,45310,False,1,1,0,45,0,0,0,0,0
859152,Tuomas Koivisto,2022,FIS,23777,False,1,0,0,0,0,0,0,0,0
859152,Tuomas Koivisto,2022,FIL,23777,False,5,0,0,0,0,0,0,0,0
859152,Tuomas Koivisto,2022,FI2P,45310,False,2,2,0,210,0,0,0,0,1
859152,Tuomas Koivisto,2022,FI2,45310,False,22,21,0,1010,0,1,0,0,1
859152,Tuomas Koivisto,2022,FI1,23777,False,12,0,0,0,0,0,0,0,0
859152,Tuomas Koivisto,2022,ECLQ,23777,False,4,0,0,0,0,0,0,0,0
859152,Tuomas Koivisto,2021,YKCP,45310,False,4,3,0,180,0,0,0,0,0
859152,Tuomas Koivisto,2021,YKAB,45310,False,5,3,0,117,1,0,0,0,0
859152,Tuomas Koivisto,2021,FS,20793,True,9,4,0,271,0,0,0,0,0
859152,Tuomas Koivisto,2021,FIS,45310,False,3,3,0,195,0,0,0,0,1
859152,Tuomas Koivisto,2021,FI2,45310,False,22,14,0,529,0,0,0,0,3
859152,Tuomas Koivisto,2021,FI1,23777,False,10,0,0,0,0,0,0,0,0
859152,Tuomas Koivisto,2021,F1CL,23777,False,5,0,0,0,0,0,0,0,0
859152,Tuomas Koivisto,2021,F1CE,23777,False,1,0,0,0,0,0,0,0,0
859152,Tuomas Koivisto,2020,KCUP,3779,False,1,1,0,30,0,0,0,0,0
859152,Tuomas Koivisto,2020,FI3C,3779,False,22,13,0,881,0,0,0,0,0
1229783,Ludvig Richtnér,2025,SEC,1101,False,3,0,0,0,0,0,0,0,0
1229783,Ludvig Richtnér,2025,SEC,1056,False,1,1,0,90,0,0,0,0,1
1229783,Ludvig Richtnér,2025,SE1,1101,False,14,1,0,6,0,0,0,0,0
1229783,Ludvig Richtnér,2025,FI1,6017,False,4,2,0,135,0,0,0,0,1
1229783,Ludvig Richtnér,2024,SEC,1101,False,5,3,0,60,0,0,0,0,0
1229783,Ludvig Richtnér,2024,SE2,1056,False,16,11,0,467,0,0,0,0,0
1229783,Ludvig Richtnér,2024,SE1,1101,False,15,5,0,157,0,0,5,1,0
1229783,Ludvig Richtnér,2024,RESU,1056,False,2,2,0,48,0,0,0,0,0
1229783,Ludvig Richtnér,2024,ELQ,1101,False,8,0,0,0,0,0,0,0,0
1229783,Ludvig Richtnér,2024,EL,1101,False,8,2,0,21,0,0,0,0,0
1229783,Ludvig Richtnér,2023,SEC,1101,False,3,0,0,0,0,0,0,0,0
1229783,Ludvig Richtnér,2023,SE1,1101,False,30,2,0,41,0,0,2,0,0
1048337,Foster Gyamfi,2025,GHPL,25065,False,19,16,0,1395,0,0,0,0,5
1048337,Foster Gyamfi,2025,FI1,6017,False,5,3,0,270,0,1,5,1,1
1048337,Foster Gyamfi,2024,TSP,5225,False,3,0,0,0,0,0,0,0,0
1048337,Foster Gyamfi,2024,TS2,5225,False,16,4,0,182,0,0,0,0,1
1048337,Foster Gyamfi,2023,TS2,5225,False,14,9,0,490,0,1,0,0,1
1048337,Foster Gyamfi,2023,DKRE,62698,False,1,1,0,28,0,0,0,0,0
1048337,Foster Gyamfi,2023,DKP,3426,False,2,0,0,0,0,0,0,0,0
1048337,Foster Gyamfi,2023,DKDL,14349,False,13,2,0,180,0,0,0,0,0
1048337,Foster Gyamfi,2023,DK3O,3426,False,11,0,0,0,0,0,0,0,0
1048337,Foster Gyamfi,2022,DKRE,62698,False,3,3,0,201,0,0,0,0,0
1048337,Foster Gyamfi,2022,DKDL,14349,False,26,10,0,797,1,0,0,0,0
1048337,Foster Gyamfi,2022,DK3V,3426,False,10,0,0,0,0,0,0,0,0
1048337,Foster Gyamfi,2022,DK3O,3426,False,8,0,0,0,0,0,0,0,0
1018449,Adam Stroud,2025,SEC,1092,False,4,0,0,0,0,0,0,0,0
1018449,Adam Stroud,2025,FIS,6017,False,4,0,0,0,0,0,0,0,0
1018449,Adam Stroud,2025,FI1,6017,False,20,11,0,626,1,1,7,5,0
1018449,Adam Stroud,2024,SEC,6018,False,4,2,0,146,0,0,0,0,0
1018449,Adam Stroud,2024,SE2,6018,False,14,12,0,324,0,1,0,0,1
1018449,Adam Stroud,2024,SE1,1092,False,16,0,0,0,0,0,0,0,0
1018449,Adam Stroud,2023,U19Q,23488,True,3,2,0,119,1,0,0,0,1
1018449,Adam Stroud,2023,SEC,6018,False,1,1,0,45,0,0,0,0,0
1018449,Adam Stroud,2023,SE2,6018,False,30,6,0,72,0,0,0,0,0
1018449,Adam Stroud,2022,SE3S,6018,False,30,14,0,125,2,2,0,0,0
1018449,Adam Stroud,2022,FS,24978,True,6,6,0,294,1,0,0,0,0
1018449,Adam Stroud,2021,SE3S,6018,False,30,8,0,189,0,0,0,0,0
430976,Jonathan Svedberg,2025,SSC,2578,False,3,2,0,92,0,0,5,1,0
430976,Jonathan Svedberg,2025,SFA,2578,False,1,0,0,0,0,0,0,0,0
430976,Jonathan Svedberg,2025,SCP,2578,False,5,3,0,104,0,0,2,2,0
430976,Jonathan Svedberg,2025,SC2,2578,False,36,11,0,706,0,2,8,1,0
430976,Jonathan Svedberg,2025,FI1,6017,False,6,4,0,315,0,1,5,1,1
430976,Jonathan Svedberg,2024,SFA,2578,False,3,2,0,134,0,0,2,2,0
430976,Jonathan Svedberg,2024,SEC,1011,False,1,0,0,0,0,0,0,0,0
430976,Jonathan Svedberg,2024,SCPA,2578,False,5,0,0,0,0,0,0,0,0
430976,Jonathan Svedberg,2024,SC1,2578,False,10,5,0,328,0,1,2,1,1
430976,Jonathan Svedberg,2023,SEC,1011,False,6,6,0,384,0,0,0,0,3
430976,Jonathan Svedberg,2023,SE1,1011,False,30,29,0,2465,2,1,15,5,4
430976,Jonathan Svedberg,2022,SEC,1011,False,4,1,0,90,0,0,0,0,0
430976,Jonathan Svedberg,2022,SE1,1011,False,30,24,0,1613,0,2,17,3,5
430976,Jonathan Svedberg,2021,SEC,1011,False,4,0,1,0,0,0,0,0,0
430976,Jonathan Svedberg,2021,SE2,1011,False,30,25,0,2115,2,1,0,0,4
430976,Jonathan Svedberg,2020,SEC,1011,False,4,0,3,0,0,0,0,0,0
430976,Jonathan Svedberg,2020,SE1,1011,False,30,0,30,0,0,0,0,0,0
430976,Jonathan Svedberg,2020,RESE,1011,False,2,0,2,0,0,0,0,0,0
430976,Jonathan Svedberg,2019,SEC,1011,False,4,3,0,166,0,0,0,0,1
430976,Jonathan Svedberg,2019,SE2,1011,False,30,22,0,1066,0,1,0,0,3
430976,Jonathan Svedberg,2019,S21S,41549,False,1,1,0,75,0,0,0,0,0
430976,Jonathan Svedberg,2018,SEC,1011,False,5,1,0,27,0,0,0,0,0
430976,Jonathan Svedberg,2018,SE2,1011,False,30,22,0,824,0,0,0,0,0
430976,Jonathan Svedberg,2018,FS,46607,True,2,2,0,105,0,0,0,0,0
430976,Jonathan Svedberg,2017,U19Q,23488,True,6,5,0,435,0,2,0,0,1
430976,Jonathan Svedberg,2017,SEC,1011,False,4,1,0,90,0,0,0,0,0
430976,Jonathan Svedberg,2017,SE2,1011,False,30,27,0,1859,2,4,0,0,2
430976,Jonathan Svedberg,2017,S21S,41549,False,1,1,0,70,0,0,0,0,0
430976,Jonathan Svedberg,2017,FS,23488,True,3,0,0,0,0,0,0,0,0
430976,Jonathan Svedberg,2016,U19Q,23488,True,6,0,0,0,0,0,0,0,0
430976,Jonathan Svedberg,2016,SEC,1011,False,4,1,0,1,0,0,0,0,0
430976,Jonathan Svedberg,2016,SE1,1011,False,30,11,0,708,0,1,0,0,0
430976,Jonathan Svedberg,2016,S21S,41549,False,14,14,0,1250,2,2,0,0,1
430976,Jonathan Svedberg,2016,S21P,41549,False,2,2,0,154,0,0,0,0,1
430976,Jonathan Svedberg,2016,JUSÖ,7915,False,1,1,0,90,0,0,0,0,0
430976,Jonathan Svedberg,2016,FS,24978,True,2,2,0,180,0,0,0,0,0
430976,Jonathan Svedberg,2016,FS,23488,True,2,2,0,103,0,0,0,0,0
430976,Jonathan Svedberg,2016,19EU,23488,True,3,0,0,0,0,0,0,0,0
430976,Jonathan Svedberg,2015,SE2,1011,False,20,5,0,156,0,0,0,0,0
430976,Jonathan Svedberg,2015,S21P,41549,False,5,5,0,427,0,0,0,0,0
430976,Jonathan Svedberg,2015,RESE,1011,False,2,0,0,0,0,0,0,0,0
430976,Jonathan Svedberg,2015,JUSÖ,7915,False,22,11,0,713,1,5,0,0,2
330930,Jelle van der Heyden,2025,FIS,6017,False,4,2,0,122,0,0,0,0,0
330930,Jelle van der Heyden,2025,FIL,6017,False,5,5,0,297,0,0,0,0,0
330930,Jelle van der Heyden,2025,FI1,6017,False,20,15,0,949,0,0,5,0,1
330930,Jelle van der Heyden,2024,FIS,6017,False,4,2,0,90,0,0,0,0,1
330930,Jelle van der Heyden,2024,FI1,6017,False,22,11,0,552,0,0,1,0,1
330930,Jelle van der Heyden,2024,F1CC,6017,False,5,5,0,445,1,1,4,2,0
330930,Jelle van der Heyden,2024,ECLQ,10532,False,2,2,0,49,0,0,0,0,0
330930,Jelle van der Heyden,2023,FARO,10532,False,27,22,0,1680,1,0,0,0,3
330930,Jelle van der Heyden,2023,FAPO,10532,False,5,5,0,395,0,0,0,0,0
330930,Jelle van der Heyden,2022,POFI,6017,False,2,2,0,135,0,0,1,0,0
330930,Jelle van der Heyden,2022,FIS,6017,False,1,1,0,90,0,0,0,0,0
330930,Jelle van der Heyden,2022,FI1,6017,False,7,7,0,569,2,0,5,2,1
330930,Jelle van der Heyden,2022,F1CC,6017,False,5,5,0,405,0,0,1,0,1
330930,Jelle van der Heyden,2022,DKP,19657,False,3,2,0,163,0,0,0,0,0
330930,Jelle van der Heyden,2022,DK2P,19657,False,10,0,0,0,0,0,0,0,0
330930,Jelle van der Heyden,2022,DK2,19657,False,22,9,0,410,0,0,1,0,1
330930,Jelle van der Heyden,2021,DKP,19657,False,2,2,0,135,1,0,0,0,0
330930,Jelle van der Heyden,2021,DK2R,19657,False,10,10,0,749,0,1,0,0,1
330930,Jelle van der Heyden,2021,DK2,19657,False,22,21,0,1498,0,2,2,0,1
330930,Jelle van der Heyden,2020,DKP,19657,False,2,2,0,122,0,0,0,0,0
330930,Jelle van der Heyden,2020,DK2R,19657,False,10,8,0,558,0,0,0,0,1
330930,Jelle van der Heyden,2020,DK2,19657,False,22,20,0,1239,0,3,0,0,2
330930,Jelle van der Heyden,2019,NLBV,18026,False,1,1,0,90,0,0,0,0,0
330930,Jelle van der Heyden,2019,NL1,317,False,5,0,0,0,0,0,0,0,0
330930,Jelle van der Heyden,2019,DKP,19657,False,2,2,0,143,0,0,0,0,0
330930,Jelle van der Heyden,2019,DK2,19657,False,26,19,0,1094,0,1,0,0,2
330930,Jelle van der Heyden,2018,NLP,317,False,4,2,0,94,0,0,0,0,0
330930,Jelle van der Heyden,2018,NLBV,18026,False,2,2,0,180,0,0,0,0,1
330930,Jelle van der Heyden,2018,NLBE,18026,False,1,1,0,90,0,0,0,0,0
330930,Jelle van der Heyden,2018,NL2,317,False,38,19,1,835,1,0,3,1,3
330930,Jelle van der Heyden,2017,NLP,317,False,5,1,0,90,0,0,0,0,0
330930,Jelle van der Heyden,2017,NL1,317,False,34,12,6,380,0,0,0,0,3
330930,Jelle van der Heyden,2017,510,18026,False,5,5,0,450,0,0,0,0,2
330930,Jelle van der Heyden,2016,NTD,18026,False,8,8,0,720,0,2,0,0,1
330930,Jelle van der Heyden,2016,NLP,317,False,1,1,0,90,0,0,0,0,0
330930,Jelle van der Heyden,2016,NL1,317,False,34,10,0,565,0,0,0,0,0
330930,Jelle van der Heyden,2015,NLP,317,False,1,1,0,19,0,0,0,0,0
330930,Jelle van der Heyden,2015,NLBE,18026,False,12,12,0,973,1,0,0,0,1
330930,Jelle van der Heyden,2015,NL1,317,False,34,11,4,447,0,1,0,0,1
330930,Jelle van der Heyden,2014,NLP,317,False,1,0,0,0,0,0,0,0,0
330930,Jelle van der Heyden,2014,NL2,18026,False,38,31,0,2463,0,1,0,0,3
330930,Jelle van der Heyden,2014,NL1,317,False,7,1,0,27,0,0,0,0,0
330930,Jelle van der Heyden,2014,FS,11944,True,4,3,0,67,0,0,0,0,0
330930,Jelle van der Heyden,2013,NLJB,6200,False,2,0,0,0,0,0,0,0,0
330930,Jelle van der Heyden,2013,NLAJ,6200,False,18,8,0,715,0,0,0,0,0
330930,Jelle van der Heyden,2012,NLJB,6200,False,2,0,0,0,0,0,0,0,0
330930,Jelle van der Heyden,2012,NLAJ,6200,False,23,5,0,95,0,0,0,0,0
330930,Jelle van der Heyden,2009,FS,34684,True,2,2,0,87,0,0,0,0,0
249152,Sebastian Dahlström,2025,FIS,6017,False,4,1,0,90,0,0,0,0,1
249152,Sebastian Dahlström,2025,FIL,6017,False,5,5,0,393,0,2,0,0,1
249152,Sebastian Dahlström,2025,FI1,6017,False,20,12,0,978,2,0,10,5,3
249152,Sebastian Dahlström,2024,FIS,6017,False,4,1,0,29,0,0,0,0,0
249152,Sebastian Dahlström,2024,FIL,6017,False,5,5,0,236,0,0,0,0,1
249152,Sebastian Dahlström,2024,FI1,6017,False,22,21,0,1661,3,1,22,8,1
249152,Sebastian Dahlström,2024,F1CC,6017,False,5,5,0,297,0,2,0,0,0
249152,Sebastian Dahlström,2023,FIS,6017,False,3,2,0,99,0,1,0,0,0
249152,Sebastian Dahlström,2023,FIL,6017,False,5,5,0,376,0,1,0,0,0
249152,Sebastian Dahlström,2023,FI1,6017,False,22,20,0,1440,3,2,16,7,5
249152,Sebastian Dahlström,2023,F1CC,6017,False,5,5,0,375,1,0,9,1,1
249152,Sebastian Dahlström,2023,ECLQ,6251,False,2,1,0,4,0,0,0,0,0
249152,Sebastian Dahlström,2022,FIS,6251,False,3,3,0,243,1,0,0,0,0
249152,Sebastian Dahlström,2022,FIL,6251,False,6,4,0,202,0,0,0,0,0
249152,Sebastian Dahlström,2022,FI1,6251,False,22,16,0,426,0,0,4,1,0
249152,Sebastian Dahlström,2022,F1CL,6251,False,5,3,0,19,0,0,0,0,0
249152,Sebastian Dahlström,2022,ECLQ,6251,False,6,6,0,419,0,1,0,0,0
249152,Sebastian Dahlström,2021,UCOL,1008,False,6,0,0,0,0,0,0,0,0
249152,Sebastian Dahlström,2021,FIS,6251,False,5,4,0,335,0,0,0,0,0
249152,Sebastian Dahlström,2021,FIL,6251,False,4,2,0,61,0,0,0,0,0
249152,Sebastian Dahlström,2021,FI1,6251,False,22,15,0,930,1,0,0,0,1
249152,Sebastian Dahlström,2021,F1CL,6251,False,5,4,0,285,0,0,0,0,2
249152,Sebastian Dahlström,2021,ELQ,1008,False,4,1,0,29,0,0,0,0,0
249152,Sebastian Dahlström,2021,CLQ,1008,False,4,1,0,37,0,0,0,0,0
249152,Sebastian Dahlström,2020,MWP1,2481,False,1,1,0,45,0,0,0,0,0
249152,Sebastian Dahlström,2020,MO1N,2481,False,21,16,0,721,1,2,0,0,1
249152,Sebastian Dahlström,2020,FIS,1008,False,1,1,0,55,0,0,0,0,0
249152,Sebastian Dahlström,2020,FI2,11131,False,3,3,0,270,2,0,0,0,0
249152,Sebastian Dahlström,2020,FI1,1008,False,22,7,0,374,0,0,0,0,1
249152,Sebastian Dahlström,2020,F1CL,1008,False,5,0,0,0,0,0,0,0,0
249152,Sebastian Dahlström,2020,ELQ,2481,False,1,0,0,0,0,0,0,0,0
249152,Sebastian Dahlström,2020,CLQ,2481,False,2,0,0,0,0,0,0,0,0
249152,Sebastian Dahlström,2019,ELQ,1008,False,2,2,0,109,0,0,0,0,0
249152,Sebastian Dahlström,2019,CLQ,1008,False,4,4,0,279,1,1,0,0,0
249152,Sebastian Dahlström,2018,FS,3443,True,2,2,0,121,0,0,0,0,0
249152,Sebastian Dahlström,2018,FIS,1008,False,5,2,0,172,1,1,0,0,0
249152,Sebastian Dahlström,2018,FI1,1008,False,22,18,0,1603,2,0,0,0,7
249152,Sebastian Dahlström,2018,F1CL,1008,False,5,3,0,270,0,0,0,0,0
249152,Sebastian Dahlström,2018,F1CE,1008,False,2,0,0,0,0,0,0,0,0
249152,Sebastian Dahlström,2018,ELQ,1008,False,2,2,0,108,0,0,0,0,0
249152,Sebastian Dahlström,2018,CLQ,1008,False,4,4,0,338,1,0,0,0,0
249152,Sebastian Dahlström,2017,U21Q,20796,True,10,10,0,875,1,1,0,0,1
249152,Sebastian Dahlström,2017,FS,20796,True,1,1,0,90,0,0,0,0,0
249152,Sebastian Dahlström,2017,FIS,1008,False,9,9,0,622,1,1,0,0,1
249152,Sebastian Dahlström,2017,FI1,1008,False,33,32,0,2677,2,5,0,0,2
249152,Sebastian Dahlström,2017,ELQ,1008,False,4,3,0,158,0,0,0,0,0
249152,Sebastian Dahlström,2016,FS,20796,True,4,4,0,315,0,0,0,0,0
249152,Sebastian Dahlström,2016,FS,20795,True,1,1,0,45,0,0,0,0,0
249152,Sebastian Dahlström,2016,FIS,1008,False,8,7,0,622,2,3,0,0,1
249152,Sebastian Dahlström,2016,FI1,1008,False,33,26,0,1743,3,9,0,0,1
249152,Sebastian Dahlström,2016,ELQ,1008,False,6,2,0,91,0,0,0,0,0
249152,Sebastian Dahlström,2015,FIS,1008,False,5,5,0,230,0,1,0,0,1
249152,Sebastian Dahlström,2015,FIL,1008,False,5,5,0,272,0,0,0,0,0
249152,Sebastian Dahlström,2015,FI3B,11131,False,1,1,0,90,0,0,0,0,0
249152,Sebastian Dahlström,2015,FI1,1008,False,33,21,0,1414,3,2,0,0,2
249152,Sebastian Dahlström,2015,ELQ,1008,False,2,0,0,0,0,0,0,0,0
249152,Sebastian Dahlström,2015,CLQ,1008,False,4,0,0,0,0,0,0,0,0
249152,Sebastian Dahlström,2015,19YL,50922,False,2,2,0,180,0,0,0,0,0
249152,Sebastian Dahlström,2014,FIS,1008,False,3,0,0,0,0,0,0,0,0
249152,Sebastian Dahlström,2014,FIL,1008,False,2,1,0,90,0,0,0,0,0
249152,Sebastian Dahlström,2014,FIKP,11131,False,2,2,0,180,0,0,0,0,0
249152,Sebastian Dahlström,2014,FI3,11131,False,24,23,0,1927,6,1,0,0,3
249152,Sebastian Dahlström,2014,FI1,1008,False,33,0,0,0,0,0,0,0,0
249152,Sebastian Dahlström,2012,FS,20792,True,1,1,0,80,0,0,0,0,0
679595,Emmanuel Patut,2025,FIS,6017,False,4,4,0,183,0,1,0,0,0
679595,Emmanuel Patut,2025,FIL,6017,False,5,3,0,195,1,0,0,0,0
679595,Emmanuel Patut,2025,FI1,6017,False,20,17,0,1439,1,1,10,2,7
679595,Emmanuel Patut,2024,FIS,6017,False,4,3,0,211,0,1,0,0,2
679595,Emmanuel Patut,2024,FIL,6017,False,5,5,0,309,0,1,0,0,0
679595,Emmanuel Patut,2024,FI1,6017,False,22,21,0,1572,1,4,8,5,5
679595,Emmanuel Patut,2024,F1CC,6017,False,5,5,0,437,0,0,2,0,1
679595,Emmanuel Patut,2023,FIS,6017,False,3,3,0,147,0,0,0,0,1
679595,Emmanuel Patut,2023,FIL,6017,False,4,3,0,167,0,0,0,0,0
679595,Emmanuel Patut,2023,FI1,6017,False,22,19,0,1534,0,0,9,3,6
679595,Emmanuel Patut,2023,F1CC,6017,False,5,5,0,343,1,1,4,2,0
679595,Emmanuel Patut,2022,FIS,52347,False,1,0,0,0,0,0,0,0,0
679595,Emmanuel Patut,2022,FIS,3189,False,7,5,0,172,0,0,0,0,1
679595,Emmanuel Patut,2022,FIL,3189,False,5,1,0,11,0,0,0,0,0
679595,Emmanuel Patut,2022,FI3B,52347,False,17,5,0,403,0,0,0,0,2
679595,Emmanuel Patut,2022,FI1,3189,False,22,5,0,110,0,0,0,0,1
679595,Emmanuel Patut,2022,F1CC,3189,False,5,5,0,157,0,0,0,0,0
679595,Emmanuel Patut,2021,U19Q,20794,True,6,5,0,194,0,0,0,0,2
679595,Emmanuel Patut,2021,FS,20795,True,2,2,0,180,0,0,0,0,1
679595,Emmanuel Patut,2021,FS,20794,True,2,2,0,135,0,0,0,0,0
679595,Emmanuel Patut,2021,FI1,3189,False,5,3,0,101,0,0,0,0,0
679595,Emmanuel Patut,2021,F1CC,3189,False,5,3,0,115,0,0,0,0,0
679595,Emmanuel Patut,2021,DFBJ,5343,False,1,1,0,120,0,0,0,0,1
679595,Emmanuel Patut,2021,AJ1,5343,False,18,16,0,1035,0,0,0,0,1
679595,Emmanuel Patut,2021,19YL,50628,False,6,6,0,521,0,0,0,0,1
679595,Emmanuel Patut,2020,DFBJ,5343,False,1,0,0,0,0,0,0,0,0
679595,Emmanuel Patut,2020,AJ1,5343,False,4,1,0,1,0,0,0,0,0
679595,Emmanuel Patut,2019,U17Q,20792,True,3,0,0,0,0,0,0,0,0
679595,Emmanuel Patut,2019,FS,20792,True,7,6,0,362,1,0,0,0,0
679595,Emmanuel Patut,2019,FS,20791,True,1,1,0,40,0,0,0,0,0
679595,Emmanuel Patut,2019,BJ1,21087,False,21,21,0,1538,2,3,0,0,2
679595,Emmanuel Patut,2018,FS,20791,True,5,4,0,149,0,0,0,0,2
991208,Leo Andersson,2025,FIS,6017,False,4,3,0,180,2,0,0,0,1
991208,Leo Andersson,2025,FIL,6017,False,5,5,0,331,2,0,0,0,0
991208,Leo Andersson,2025,FI1,6017,False,20,14,0,562,0,1,9,4,1
991208,Leo Andersson,2024,FIS,6017,False,4,4,0,360,1,1,0,0,1
991208,Leo Andersson,2024,FIL,6017,False,5,5,0,343,0,0,0,0,2
991208,Leo Andersson,2024,FI1,6017,False,22,14,0,261,0,0,1,0,0
991208,Leo Andersson,2024,F4LA,119180,False,1,1,0,90,0,0,0,0,0
991208,Leo Andersson,2024,F1CC,6017,False,5,4,0,143,2,0,3,2,0
991208,Leo Andersson,2023,FIS,6017,False,3,3,0,236,2,1,0,0,0
991208,Leo Andersson,2023,FIL,6017,False,5,5,0,168,0,0,0,0,0
991208,Leo Andersson,2023,FI1,6017,False,22,16,0,380,0,0,4,1,0
991208,Leo Andersson,2023,F4LA,119180,False,1,1,0,90,0,0,0,0,0
991208,Leo Andersson,2023,F1CC,6017,False,5,3,0,21,0,0,0,0,1
991208,Leo Andersson,2022,POFI,6017,False,2,0,0,0,0,0,0,0,0
991208,Leo Andersson,2022,FIS,6017,False,6,3,0,197,1,1,0,0,1
991208,Leo Andersson,2022,FIL,6017,False,5,4,0,161,0,0,0,0,0
991208,Leo Andersson,2022,FI1,6017,False,22,4,0,44,0,0,0,0,0
991208,Leo Andersson,2022,F4LA,51477,False,1,1,0,61,0,0,0,0,0
991208,Leo Andersson,2022,F1CC,6017,False,5,0,0,0,0,0,0,0,0
991208,Leo Andersson,2021,FIS,51477,False,3,3,0,174,1,0,0,0,0
991208,Leo Andersson,2021,FINJ,19375,False,9,6,0,478,1,0,0,0,1
991208,Leo Andersson,2021,FI1,6017,False,3,1,0,4,0,1,0,0,0
991208,Leo Andersson,2021,F4LA,51477,False,18,2,0,180,0,0,0,0,0
609111,Anttoni Huttunen,2025,FIS,6017,False,4,3,0,177,1,0,0,0,0
609111,Anttoni Huttunen,2025,FIL,6017,False,5,5,0,398,0,1,0,0,0
609111,Anttoni Huttunen,2025,FI1,6017,False,20,16,0,978,1,0,19,5,0
609111,Anttoni Huttunen,2024,FIS,6017,False,4,4,0,161,0,1,0,0,0
609111,Anttoni Huttunen,2024,FIL,6017,False,5,5,0,383,0,1,0,0,0
609111,Anttoni Huttunen,2024,FI1,6017,False,22,19,0,1402,0,3,17,3,0
609111,Anttoni Huttunen,2024,F1CC,6017,False,5,5,0,215,0,2,0,0,0
609111,Anttoni Huttunen,2023,YKCP,7315,False,4,4,0,299,2,0,0,0,0
609111,Anttoni Huttunen,2023,FIS,7315,False,3,2,0,112,1,2,0,0,0
609111,Anttoni Huttunen,2023,FI2,7315,False,27,27,0,2009,9,15,0,0,2
609111,Anttoni Huttunen,2022,FIS,7315,False,5,4,0,177,3,0,0,0,1
609111,Anttoni Huttunen,2022,FIS,28214,False,3,0,0,0,0,0,0,0,0
609111,Anttoni Huttunen,2022,FIL,7315,False,5,4,0,106,0,0,0,0,0
609111,Anttoni Huttunen,2022,FI3A,28214,False,6,4,0,353,0,1,0,0,0
609111,Anttoni Huttunen,2022,FI1,7315,False,22,8,0,124,0,0,3,1,0
609111,Anttoni Huttunen,2022,F1CC,7315,False,5,1,0,33,0,0,0,0,0
609111,Anttoni Huttunen,2021,YKCP,7315,False,4,1,0,13,0,0,0,0,0
609111,Anttoni Huttunen,2021,YKAU,7315,False,5,2,0,70,0,0,0,0,0
609111,Anttoni Huttunen,2021,FIS,7315,False,3,2,0,95,0,1,0,0,0
609111,Anttoni Huttunen,2021,FI3A,37673,False,8,2,0,152,0,0,0,0,0
609111,Anttoni Huttunen,2021,FI2,7315,False,22,13,0,588,0,3,0,0,0
609111,Anttoni Huttunen,2020,FIS,7315,False,3,2,0,84,0,0,0,0,0
609111,Anttoni Huttunen,2020,FI3A,37673,False,20,10,0,721,3,0,0,0,0
609111,Anttoni Huttunen,2020,FI1,7315,False,22,0,0,0,0,0,0,0,0
609111,Anttoni Huttunen,2020,F1CC,7315,False,5,1,0,9,0,0,0,0,0
609111,Anttoni Huttunen,2019,FIS,2688,False,5,0,0,0,0,0,0,0,0
609111,Anttoni Huttunen,2019,FI2,2688,False,22,22,0,1748,3,3,0,0,3
609111,Anttoni Huttunen,2018,FS,20793,True,2,2,0,84,0,0,0,0,0
609111,Anttoni Huttunen,2018,FIS,2688,False,4,4,0,256,1,0,0,0,0
609111,Anttoni Huttunen,2018,FI2,2688,False,27,17,0,1458,2,0,0,0,1
609111,Anttoni Huttunen,2017,FIKP,2688,False,2,2,0,135,0,0,0,0,0
609111,Anttoni Huttunen,2017,FI3A,2688,False,3,3,0,169,0,0,0,0,0
942996,Marlo Hyvönen,2025,FIS,6017,False,4,4,0,331,0,0,0,0,0
942996,Marlo Hyvönen,2025,FIL,6017,False,1,1,0,26,0,0,0,0,0
942996,Marlo Hyvönen,2025,FI1,6017,False,20,13,0,550,1,0,5,2,0
942996,Marlo Hyvönen,2025,ECLQ,1008,False,4,0,0,0,0,0,0,0,0
942996,Marlo Hyvönen,2024,YKCP,11131,False,4,3,0,176,1,0,0,0,0
942996,Marlo Hyvönen,2024,UCOL,1008,False,6,0,0,0,0,0,0,0,0
942996,Marlo Hyvönen,2024,FIS,11131,False,4,0,0,0,0,0,0,0,0
942996,Marlo Hyvönen,2024,FIS,1008,False,5,0,0,0,0,0,0,0,0
942996,Marlo Hyvönen,2024,FIL,1008,False,7,2,0,95,0,0,0,0,0
942996,Marlo Hyvönen,2024,FI2,11131,False,27,16,0,959,2,7,0,0,3
942996,Marlo Hyvönen,2024,FI1,1008,False,22,0,0,0,0,0,0,0,0
942996,Marlo Hyvönen,2024,F1CL,1008,False,10,0,0,0,0,0,0,0,0
942996,Marlo Hyvönen,2024,ECLQ,1008,False,4,0,0,0,0,0,0,0,0
942996,Marlo Hyvönen,2024,CLQ,1008,False,2,0,0,0,0,0,0,0,0
942996,Marlo Hyvönen,2023,FS,20796,True,2,2,0,65,0,0,0,0,0
942996,Marlo Hyvönen,2023,FIYK,11131,False,22,6,0,292,2,0,0,0,1
942996,Marlo Hyvönen,2023,FIS,1008,False,2,0,0,0,0,0,0,0,0
942996,Marlo Hyvönen,2023,FIL,1008,False,1,1,0,30,0,0,0,0,0
942996,Marlo Hyvönen,2023,FI3P,11131,False,5,2,0,45,0,0,0,0,0
942996,Marlo Hyvönen,2023,FI1,1008,False,22,0,0,0,0,0,0,0,0
942996,Marlo Hyvönen,2023,F1CL,1008,False,5,0,0,0,0,0,0,0,0
942996,Marlo Hyvönen,2022,FS,20793,True,6,6,0,296,2,0,0,0,0
942996,Marlo Hyvönen,2022,FIS,23075,False,4,2,0,180,2,0,0,0,0
942996,Marlo Hyvönen,2022,FINJ,20872,False,1,1,0,67,0,0,0,0,0
942996,Marlo Hyvönen,2022,FIL,5411,False,1,0,0,0,0,0,0,0,0
942996,Marlo Hyvönen,2022,FI3B,23075,False,22,13,0,517,2,0,0,0,1
942996,Marlo Hyvönen,2021,U17Q,20792,True,3,1,0,20,0,0,0,0,0
942996,Marlo Hyvönen,2021,KP3B,23075,False,3,0,0,0,0,0,0,0,0
942996,Marlo Hyvönen,2021,FI3B,23075,False,24,0,0,0,0,0,0,0,0
1277746,Milton Jansson,2025,FIS,6017,False,4,2,0,75,0,0,0,0,0
1277746,Milton Jansson,2025,FIL,6017,False,5,4,0,48,0,0,0,0,1
1277746,Milton Jansson,2025,FI1,6017,False,20,0,0,0,0,0,0,0,0
1277746,Milton Jansson,2025,F4LA,119180,False,11,6,0,455,1,1,0,0,1
1277746,Milton Jansson,2024,FIS,6017,False,4,3,0,182,0,1,0,0,0
1277746,Milton Jansson,2024,FIL,6017,False,5,4,0,145,0,0,0,0,0
1277746,Milton Jansson,2024,FI1,6017,False,22,2,0,33,0,0,0,0,0
1277746,Milton Jansson,2024,F4LA,119180,False,19,9,0,719,0,0,0,0,0
1277746,Milton Jansson,2024,F1CC,6017,False,5,1,0,5,0,0,0,0,0
1277746,Milton Jansson,2023,F4LA,119180,False,9,2,0,60,0,0,0,0,0
1397936,Arvid Bergvik,2025,FIS,6017,False,4,0,0,0,0,0,0,0,0
1397936,Arvid Bergvik,2025,FIL,6017,False,5,0,0,0,0,0,0,0,0
1397936,Arvid Bergvik,2025,FI1,6017,False,20,5,0,156,0,1,4,0,0
1397936,Arvid Bergvik,2025,F4LA,119180,False,1,1,0,61,0,1,0,0,0
1397936,Arvid Bergvik,2024,FIS,11134,False,1,1,0,45,0,0,0,0,0
1397936,Arvid Bergvik,2024,FI3C,11134,False,16,10,0,796,2,0,0,0,0
1397936,Arvid Bergvik,2024,F3KC,11134,False,4,4,0,287,0,0,0,0,0
1418131,Rasmus Holmberg,2025,FIS,6017,False,4,3,0,143,0,0,0,0,1
1418131,Rasmus Holmberg,2025,FIL,6017,False,5,5,0,57,0,0,0,0,1
1418131,Rasmus Holmberg,2025,FI1,6017,False,20,1,0,9,0,0,0,0,0
1418131,Rasmus Holmberg,2025,F4LA,119180,False,11,8,0,642,2,0,0,0,1
1418131,Rasmus Holmberg,2024,FIS,6017,False,2,2,0,109,0,0,0,0,1
1418131,Rasmus Holmberg,2024,FI1,6017,False,1,1,0,1,0,0,0,0,0
1418131,Rasmus Holmberg,2024,F4LA,119180,False,14,4,0,237,1,0,0,0,0
1418131,Rasmus Holmberg,2024,F1CC,6017,False,2,2,0,30,0,0,0,0,0
1421479,Viktor Widlund,2026,SEC,62885,False,1,0,0,0,0,0,0,0,0
1421479,Viktor Widlund,2025,SEC,62885,False,2,1,0,90,0,0,0,0,0
1421479,Viktor Widlund,2025,FI1,6017,False,7,6,0,205,0,0,4,1,0
1421479,Viktor Widlund,2024,SEC,62885,False,1,0,0,0,0,0,0,0,0
605423,Thomas Klemetsen Jakobsen,2025,NOPO,2961,False,2,1,0,45,0,0,0,0,0
605423,Thomas Klemetsen Jakobsen,2025,NO2,2961,False,14,11,0,366,2,1,0,0,1
605423,Thomas Klemetsen Jakobsen,2025,FI1,6017,False,6,3,0,139,0,0,3,1,0
605423,Thomas Klemetsen Jakobsen,2024,NOPO,2961,False,3,3,0,196,1,0,0,0,0
605423,Thomas Klemetsen Jakobsen,2024,NO2R,2961,False,2,2,0,194,0,0,0,0,0
605423,Thomas Klemetsen Jakobsen,2024,NO2,2961,False,30,29,0,2321,7,5,0,0,3
605423,Thomas Klemetsen Jakobsen,2023,RTIP,2961,False,3,3,0,270,0,0,3,0,0
605423,Thomas Klemetsen Jakobsen,2023,NOPO,2961,False,2,2,0,105,1,0,0,0,0
605423,Thomas Klemetsen Jakobsen,2023,NO2,2961,False,30,30,0,2391,10,3,0,0,2
605423,Thomas Klemetsen Jakobsen,2022,NOPO,23184,False,4,2,0,74,0,0,0,0,0
605423,Thomas Klemetsen Jakobsen,2022,NO46,53623,False,7,4,0,299,2,0,0,0,0
605423,Thomas Klemetsen Jakobsen,2022,NO2,2961,False,15,15,0,901,2,1,0,0,1
605423,Thomas Klemetsen Jakobsen,2022,NO2,23184,False,15,4,0,207,1,0,0,0,0
605423,Thomas Klemetsen Jakobsen,2021,RTIP,23184,False,1,0,0,0,0,0,0,0,0
605423,Thomas Klemetsen Jakobsen,2021,NOPO,23184,False,3,0,0,0,0,0,0,0,0
605423,Thomas Klemetsen Jakobsen,2021,NO2,23184,False,30,4,0,66,0,0,0,0,0
605423,Thomas Klemetsen Jakobsen,2020,NOPO,2961,False,3,3,0,207,2,0,0,0,0
605423,Thomas Klemetsen Jakobsen,2020,NOPO,23184,False,2,1,0,18,0,0,0,0,0
605423,Thomas Klemetsen Jakobsen,2020,NO31,2961,False,26,25,0,2176,9,0,0,0,2
605423,Thomas Klemetsen Jakobsen,2019,NO31,2961,False,13,13,0,899,4,1,0,0,2
605423,Thomas Klemetsen Jakobsen,2018,NOPO,6216,False,1,1,0,120,0,0,0,0,0
605423,Thomas Klemetsen Jakobsen,2018,NO31,6216,False,26,25,0,2176,12,0,0,0,4
605423,Thomas Klemetsen Jakobsen,2017,NO44,10913,False,13,0,0,0,0,0,0,0,0
605423,Thomas Klemetsen Jakobsen,2017,NO32,6216,False,13,5,0,382,2,0,0,0,0
605423,Thomas Klemetsen Jakobsen,2016,NO43,10913,False,26,0,0,0,0,0,0,0,0
594375,Adam Larsson,2025,FIS,6017,False,4,3,0,155,1,0,0,0,0
594375,Adam Larsson,2025,FIL,6017,False,5,4,0,279,2,0,0,0,1
594375,Adam Larsson,2025,FI1,6017,False,20,15,0,1032,2,1,25,10,0
594375,Adam Larsson,2025,DK2,1894,False,9,0,0,0,0,0,0,0,0
594375,Adam Larsson,2024,USLC,87631,False,4,4,0,234,1,1,4,2,0
594375,Adam Larsson,2024,USL,87631,False,21,12,0,621,1,1,10,3,1
594375,Adam Larsson,2024,MLSP,87631,False,2,0,0,0,0,0,0,0,0
594375,Adam Larsson,2023,FIS,6017,False,3,1,0,25,0,0,0,0,0
594375,Adam Larsson,2023,FIL,6017,False,5,4,0,358,3,0,0,0,1
594375,Adam Larsson,2023,FI1,6017,False,22,20,0,1444,8,1,42,17,0
594375,Adam Larsson,2023,F1CC,6017,False,5,5,0,402,3,1,10,3,0
594375,Adam Larsson,2022,SE2,8877,False,10,8,0,376,2,2,0,0,1
594375,Adam Larsson,2022,FIS,3189,False,6,5,0,281,4,2,0,0,0
594375,Adam Larsson,2022,FIL,3189,False,5,5,0,281,0,0,0,0,0
594375,Adam Larsson,2022,FI1,3189,False,21,20,0,980,2,2,17,7,1
594375,Adam Larsson,2021,YKCP,22890,False,5,5,0,450,4,0,0,0,2
594375,Adam Larsson,2021,FIS,22890,False,3,3,0,245,1,0,0,0,1
594375,Adam Larsson,2021,FI2,22890,False,14,13,0,1114,12,1,0,0,0
594375,Adam Larsson,2021,FI1,3189,False,9,9,0,730,2,0,0,0,1
594375,Adam Larsson,2021,F1CC,3189,False,5,4,0,247,1,3,0,0,0
594375,Adam Larsson,2020,SEC,8877,False,4,3,0,88,0,1,0,0,0
594375,Adam Larsson,2020,SE3S,6139,False,10,7,0,521,2,0,0,0,0
594375,Adam Larsson,2020,SE3S,42755,False,9,7,0,626,2,0,0,0,1
594375,Adam Larsson,2020,SE2,8877,False,16,7,0,75,1,0,0,0,1
594375,Adam Larsson,2019,SE3S,42755,False,11,11,0,561,1,1,0,0,2
594375,Adam Larsson,2019,SE2,8877,False,18,14,0,654,1,1,0,0,1
594375,Adam Larsson,2018,SE3N,42755,False,30,24,0,1010,8,0,0,0,0
594375,Adam Larsson,2017,JUNO,20047,False,13,2,0,180,0,0,0,0,0
927997,Arvid Lundberg,2025,FIS,6017,False,4,3,0,182,1,0,0,0,0
927997,Arvid Lundberg,2025,FIL,6017,False,5,5,0,224,0,0,0,0,0
927997,Arvid Lundberg,2025,FI1,6017,False,20,6,0,145,0,0,1,1,0
927997,Arvid Lundberg,2024,FIS,6017,False,4,4,0,348,3,0,0,0,0
927997,Arvid Lundberg,2024,FIL,6017,False,5,5,0,266,0,0,0,0,0
927997,Arvid Lundberg,2024,FI1,6017,False,22,13,0,164,0,0,0,0,0
927997,Arvid Lundberg,2024,F4LA,119180,False,13,4,0,315,6,0,0,0,1
927997,Arvid Lundberg,2024,F1CC,6017,False,5,2,0,50,0,0,0,0,0
927997,Arvid Lundberg,2023,FIS,6017,False,3,0,0,0,0,0,0,0,0
927997,Arvid Lundberg,2023,FIL,6017,False,5,3,0,23,0,0,0,0,0
927997,Arvid Lundberg,2023,FI1,6017,False,22,0,0,0,0,0,0,0,0
927997,Arvid Lundberg,2023,F4LA,119180,False,12,10,0,758,9,0,0,0,1
927997,Arvid Lundberg,2023,F1CC,6017,False,5,0,0,0,0,0,0,0,0
927997,Arvid Lundberg,2023,19YL,112372,False,2,2,0,173,0,0,0,0,0
927997,Arvid Lundberg,2022,FS,20792,True,2,2,0,73,0,0,0,0,0
927997,Arvid Lundberg,2022,FIS,6017,False,6,3,0,176,1,1,0,0,0
927997,Arvid Lundberg,2022,FIL,6017,False,5,3,0,56,0,0,0,0,0
927997,Arvid Lundberg,2022,FI1,6017,False,21,1,0,1,0,0,0,0,0
927997,Arvid Lundberg,2021,FS,20792,True,1,1,0,12,0,0,0,0,0
927997,Arvid Lundberg,2021,FS,20791,True,2,1,0,63,1,0,0,0,0
927997,Arvid Lundberg,2021,FIS,6017,False,4,1,0,5,0,0,0,0,0
927997,Arvid Lundberg,2021,FIS,51477,False,2,0,0,0,0,0,0,0,0
927997,Arvid Lundberg,2021,FINJ,19375,False,1,1,0,45,1,0,0,0,0
927997,Arvid Lundberg,2021,FIL,6017,False,3,0,0,0,0,0,0,0,0
927997,Arvid Lundberg,2021,FI1,6017,False,22,0,0,0,0,0,0,0,0
927997,Arvid Lundberg,2021,F4LA,51477,False,18,1,0,45,0,0,0,0,0
927997,Arvid Lundberg,2021,F1CC,6017,False,5,0,0,0,0,0,0,0,0
935477,Rui Monteiro,2026,ECLQ,663,False,1,0,0,0,0,0,0,0,0
935477,Rui Monteiro,2025,PO2,10331,False,18,1,0,4,0,0,0,0,0
935477,Rui Monteiro,2025,GESC,663,False,2,1,0,7,0,0,0,0,0
935477,Rui Monteiro,2025,GE1N,663,False,19,13,0,821,3,0,0,0,0
935477,Rui Monteiro,2025,FI1,6017,False,5,4,0,241,1,0,5,3,0
935477,Rui Monteiro,2024,PO2,10331,False,34,13,0,379,1,1,5,2,2
935477,Rui Monteiro,2023,PO2,10331,False,34,11,0,253,0,0,3,2,0
935477,Rui Monteiro,2022,PO2,10331,False,34,17,0,358,0,1,14,7,2
935477,Rui Monteiro,2022,PLIC,10331,False,4,3,0,175,0,0,0,0,1
935477,Rui Monteiro,2022,19YL,41588,False,8,8,0,702,3,1,1,1,0
935477,Rui Monteiro,2021,19YL,41588,False,6,6,0,316,0,0,3,2,0
1235140,Wille Nuñez,2025,FIS,6017,False,4,0,0,0,0,0,0,0,0
1235140,Wille Nuñez,2025,FIL,6017,False,5,0,0,0,0,0,0,0,0
1235140,Wille Nuñez,2025,FI1,6017,False,20,5,0,130,1,0,4,2,0
1235140,Wille Nuñez,2025,F4LA,119180,False,8,2,0,58,1,0,0,0,0
1235140,Wille Nuñez,2024,FIS,6017,False,4,2,0,90,0,0,0,0,0
1235140,Wille Nuñez,2024,FIL,6017,False,5,5,0,160,1,0,0,0,0
1235140,Wille Nuñez,2024,FI1,6017,False,22,6,0,34,0,0,0,0,0
1235140,Wille Nuñez,2024,F4LA,119180,False,19,5,0,240,1,0,0,0,0
1235140,Wille Nuñez,2024,F1CC,6017,False,5,2,0,83,0,0,2,1,0
1235140,Wille Nuñez,2023,FIS,6017,False,3,2,0,107,1,0,0,0,0
1235140,Wille Nuñez,2023,FIL,6017,False,5,2,0,18,0,0,0,0,0
1235140,Wille Nuñez,2023,FI1,6017,False,22,1,0,3,0,0,0,0,0
1235140,Wille Nuñez,2023,F4LA,119180,False,18,11,0,857,6,0,0,0,0
1235140,Wille Nuñez,2023,F1CC,6017,False,5,1,0,5,0,0,0,0,0
456351,Pontus Lindgren,2025,NO2,17647,False,3,2,0,84,0,0,0,0,0
456351,Pontus Lindgren,2025,FIS,6017,False,4,3,0,198,0,0,0,0,0
456351,Pontus Lindgren,2025,FIL,6017,False,5,5,0,365,0,0,0,0,0
456351,Pontus Lindgren,2025,FI1,6017,False,17,8,0,675,0,0,2,1,2
456351,Pontus Lindgren,2024,SEC,2843,False,1,1,0,31,0,0,0,0,0
456351,Pontus Lindgren,2024,FIS,6017,False,4,1,0,90,0,0,0,0,0
456351,Pontus Lindgren,2024,FIL,6017,False,5,5,0,402,1,0,0,0,0
456351,Pontus Lindgren,2024,FI1,6017,False,22,19,0,1606,0,0,2,0,3
456351,Pontus Lindgren,2024,F1CC,6017,False,5,1,0,90,0,0,0,0,0
456351,Pontus Lindgren,2023,SEC,2843,False,3,3,0,270,0,0,0,0,0
456351,Pontus Lindgren,2023,SE2,2843,False,30,18,0,1132,0,0,0,0,1
456351,Pontus Lindgren,2023,RESU,2843,False,2,2,0,136,0,0,0,0,0
456351,Pontus Lindgren,2022,ISP,1231,False,1,1,0,120,0,0,0,0,0
456351,Pontus Lindgren,2022,ISL,3237,False,5,1,0,28,0,0,0,0,0
456351,Pontus Lindgren,2022,IS2,1231,False,22,15,0,1105,0,0,0,0,3
456351,Pontus Lindgren,2022,IS1,3237,False,2,0,0,0,0,0,0,0,0
456351,Pontus Lindgren,2022,ECLQ,3237,False,2,2,0,180,0,1,0,0,0
456351,Pontus Lindgren,2021,SEC,8985,False,5,2,0,180,0,0,0,0,0
456351,Pontus Lindgren,2021,SE3N,8985,False,2,1,0,90,0,0,0,0,0
456351,Pontus Lindgren,2021,ISP,3237,False,3,2,0,117,0,0,0,0,0
456351,Pontus Lindgren,2021,IS1P,3237,False,5,3,0,187,0,0,0,0,0
456351,Pontus Lindgren,2021,IS1,3237,False,22,13,0,887,0,0,0,0,1
456351,Pontus Lindgren,2020,SE3N,8985,False,30,24,0,1644,1,0,0,0,1
456351,Pontus Lindgren,2019,SE3N,8985,False,30,5,0,86,1,0,0,0,0
456351,Pontus Lindgren,2019,S21N,23271,False,1,1,0,90,0,0,0,0,0
456351,Pontus Lindgren,2018,JUNO,15621,False,10,8,0,720,0,0,0,0,0
456351,Pontus Lindgren,2015,FS,41525,True,3,2,0,149,0,0,0,0,0
744956,Luke Pearce,2025,WALC,29793,False,2,2,0,180,0,0,0,0,0
744956,Luke Pearce,2025,IRPO,8780,False,2,2,0,98,2,1,0,0,0
744956,Luke Pearce,2025,IR1,8780,False,4,3,0,146,0,1,2,1,1
744956,Luke Pearce,2025,GBFL,603,False,2,2,0,78,0,0,0,0,0
744956,Luke Pearce,2025,GB3,603,False,18,0,0,0,0,0,0,0,0
744956,Luke Pearce,2025,FIS,6017,False,4,2,0,166,0,1,0,0,0
744956,Luke Pearce,2025,FIL,6017,False,1,1,0,64,2,0,0,0,0
744956,Luke Pearce,2025,FI1,6017,False,13,12,0,505,0,1,9,1,2
744956,Luke Pearce,2025,CGB,603,False,1,0,0,0,0,0,0,0,0
744956,Luke Pearce,2025,21PL,29793,False,6,3,0,242,1,0,6,5,0
744956,Luke Pearce,2024,WALC,29793,False,1,0,0,0,0,0,0,0,0
744956,Luke Pearce,2024,GB2,603,False,21,0,0,0,0,0,0,0,0
744956,Luke Pearce,2024,FAC,603,False,3,1,0,45,0,0,0,0,0
744956,Luke Pearce,2024,21PL,29793,False,3,1,0,45,1,0,2,1,0
744956,Luke Pearce,2023,PLIC,36546,False,3,2,0,135,2,0,0,0,0
744956,Luke Pearce,2023,NLS6,3936,False,4,2,0,135,0,0,0,0,0
744956,Luke Pearce,2023,NLS6,3712,False,6,5,0,312,1,0,0,0,1
744956,Luke Pearce,2023,NLS6,1218,False,4,3,0,65,0,0,0,0,0
744956,Luke Pearce,2023,IRPO,8780,False,2,2,0,94,0,0,0,0,1
744956,Luke Pearce,2023,IR1,8780,False,12,11,0,458,2,1,0,0,2
744956,Luke Pearce,2023,GB21,36546,False,14,11,0,921,7,1,25,14,1
744956,Luke Pearce,2022,NLS6,3713,False,17,17,0,1374,6,0,0,0,2
744956,Luke Pearce,2022,GBFL,36546,False,3,3,0,60,0,0,3,0,0
744956,Luke Pearce,2022,GB21,36546,False,12,11,0,550,2,1,20,6,1
744956,Luke Pearce,2022,21PL,36546,False,6,0,0,0,0,0,0,0,0
744956,Luke Pearce,2021,GB21,36546,False,13,13,0,772,7,3,26,14,1
744956,Luke Pearce,2021,GB18,6893,False,26,21,0,1342,11,6,52,27,0
744956,Luke Pearce,2021,FS,37709,True,4,3,0,164,1,1,0,0,0
744956,Luke Pearce,2021,FS,23102,True,2,2,0,68,0,0,0,0,0
744956,Luke Pearce,2021,FAYC,6893,False,1,1,0,78,0,0,0,0,1
744956,Luke Pearce,2021,18GB,6893,False,1,1,0,78,0,0,2,1,1
744956,Luke Pearce,2020,GB21,36546,False,1,1,0,71,1,0,2,1,0
744956,Luke Pearce,2020,GB18,6893,False,24,16,0,949,3,0,34,14,0
744956,Luke Pearce,2020,FAYC,6893,False,2,1,0,23,0,0,0,0,0
744956,Luke Pearce,2019,GBFL,899,False,1,0,0,0,0,0,0,0,0
648571,Elmo Henriksson,2025,FIS,2275,False,4,1,0,90,0,0,0,0,0
648571,Elmo Henriksson,2025,FIL,2275,False,3,2,0,180,0,0,0,0,0
648571,Elmo Henriksson,2025,FI1,2275,False,20,18,0,1620,0,0,0,0,0
648571,Elmo Henriksson,2025,ECLQ,1008,False,4,0,0,0,0,0,0,0,0
648571,Elmo Henriksson,2024,FS,20796,True,2,1,0,60,0,0,0,0,0
648571,Elmo Henriksson,2024,FIS,1008,False,2,1,0,90,0,0,0,0,0
648571,Elmo Henriksson,2024,FI1,1008,False,9,3,0,270,0,0,0,0,0
648571,Elmo Henriksson,2024,F1CL,1008,False,10,2,0,135,0,0,0,0,0
648571,Elmo Henriksson,2024,ES2,2448,False,37,0,0,0,0,0,0,0,0
648571,Elmo Henriksson,2024,E3PL,12331,False,4,2,0,180,0,0,0,0,0
648571,Elmo Henriksson,2024,CLQ,1008,False,1,0,0,0,0,0,0,0,0
648571,Elmo Henriksson,2024,CDR,2448,False,2,0,0,0,0,0,0,0,0
648571,Elmo Henriksson,2024,21EU,20796,True,3,0,0,0,0,0,0,0,0
648571,Elmo Henriksson,2023,U21Q,20796,True,12,0,0,0,0,0,0,0,0
648571,Elmo Henriksson,2023,FS,20796,True,4,0,0,0,0,0,0,0,0
648571,Elmo Henriksson,2023,FIYK,11131,False,1,1,0,90,0,0,0,0,0
648571,Elmo Henriksson,2023,FIS,1008,False,2,1,0,90,0,0,0,0,0
648571,Elmo Henriksson,2023,FIL,1008,False,5,2,0,180,0,0,0,0,0
648571,Elmo Henriksson,2023,FI1,1008,False,16,4,0,281,0,0,0,0,0
648571,Elmo Henriksson,2022,POFI,6017,False,2,0,0,0,0,0,0,0,0
648571,Elmo Henriksson,2022,FS,3443,True,2,0,0,0,0,0,0,0,0
648571,Elmo Henriksson,2022,FS,20796,True,4,2,0,90,0,0,0,0,0
648571,Elmo Henriksson,2022,FIS,6017,False,6,2,0,180,0,0,0,0,0
648571,Elmo Henriksson,2022,FIL,6017,False,5,3,0,270,0,0,0,0,0
648571,Elmo Henriksson,2022,FI1,6017,False,22,20,0,1800,0,0,0,0,2
648571,Elmo Henriksson,2022,F1CC,6017,False,5,4,0,292,0,0,0,0,0
648571,Elmo Henriksson,2021,UCOL,1008,False,6,0,0,0,0,0,0,0,0
648571,Elmo Henriksson,2021,U19Q,20794,True,6,2,0,135,0,0,0,0,1
648571,Elmo Henriksson,2021,FS,20794,True,2,1,0,45,0,0,0,0,0
648571,Elmo Henriksson,2021,FIS,6017,False,4,0,0,0,0,0,0,0,0
648571,Elmo Henriksson,2021,FIL,6017,False,3,1,0,90,0,0,0,0,0
648571,Elmo Henriksson,2021,FI1,6017,False,22,13,0,1170,0,0,0,0,1
648571,Elmo Henriksson,2021,F1CC,6017,False,5,5,0,450,0,0,0,0,0
648571,Elmo Henriksson,2021,ELQ,1008,False,4,0,0,0,0,0,0,0,0
648571,Elmo Henriksson,2021,CLQ,1008,False,4,0,0,0,0,0,0,0,0
648571,Elmo Henriksson,2020,YKAB,11131,False,5,4,0,360,0,1,0,0,0
648571,Elmo Henriksson,2020,FIS,11131,False,3,2,0,180,0,0,0,0,0
648571,Elmo Henriksson,2020,FIS,1008,False,1,0,0,0,0,0,0,0,0
648571,Elmo Henriksson,2020,FI2,11131,False,22,21,0,1890,0,0,0,0,0
648571,Elmo Henriksson,2020,FI1,1008,False,22,0,0,0,0,0,0,0,0
648571,Elmo Henriksson,2020,F1CL,1008,False,5,0,0,0,0,0,0,0,0
648571,Elmo Henriksson,2019,KCUP,11131,False,2,0,0,0,0,0,0,0,0
648571,Elmo Henriksson,2019,FJE,15665,False,4,3,0,270,0,0,0,0,0
648571,Elmo Henriksson,2019,FI3B,11131,False,6,1,0,90,0,0,0,0,0
648571,Elmo Henriksson,2018,KCUP,11131,False,1,0,0,0,0,0,0,0,0
648571,Elmo Henriksson,2018,FS,20791,True,2,1,0,80,0,0,0,0,0
648571,Elmo Henriksson,2018,FI3A,11131,False,1,0,0,0,0,0,0,0,0
1310494,Henrik Asula,2025,FIS,2275,False,4,1,0,90,0,0,0,0,0
1310494,Henrik Asula,2025,FIL,2275,False,5,0,0,0,0,0,0,0,0
1310494,Henrik Asula,2025,FI1,2275,False,20,0,0,0,0,0,0,0,0
1310494,Henrik Asula,2025,F18Q,140350,False,10,9,0,810,0,0,0,0,0
1310494,Henrik Asula,2024,FI2,2275,False,1,0,0,0,0,0,0,0,0
1310494,Henrik Asula,2023,FJE,15697,False,6,1,0,45,0,0,0,0,0
741528,Niklas Harju,2025,FIS,46432,False,1,0,0,0,0,0,0,0,0
741528,Niklas Harju,2025,FIS,2275,False,3,0,0,0,0,0,0,0,0
741528,Niklas Harju,2025,FIL,2275,False,5,0,0,0,0,0,0,0,0
741528,Niklas Harju,2025,FI3B,46432,False,2,0,0,0,0,0,0,0,0
741528,Niklas Harju,2025,FI1,2275,False,18,0,0,0,0,0,0,0,0
741528,Niklas Harju,2024,YKCP,2275,False,6,1,0,90,0,0,0,0,0
741528,Niklas Harju,2024,POFI,2275,False,2,0,0,0,0,0,0,0,0
741528,Niklas Harju,2024,FIS,2275,False,3,2,0,180,0,0,0,0,0
741528,Niklas Harju,2024,FI2,2275,False,27,1,0,90,0,0,0,0,0
741528,Niklas Harju,2023,FJE,15697,False,11,5,0,437,0,0,0,0,0
741528,Niklas Harju,2023,FIS,20886,False,3,3,0,225,0,0,0,0,1
741528,Niklas Harju,2023,F4LA,20886,False,9,4,0,360,0,0,0,0,2
741528,Niklas Harju,2019,FJE,15697,False,4,3,0,180,0,0,0,0,1
741528,Niklas Harju,2019,FIS,2275,False,1,0,0,0,0,0,0,0,0
741528,Niklas Harju,2019,FINJ,15697,False,3,1,0,90,0,0,0,0,0
1018031,Eetu Turkki,2026,U19Q,20794,True,3,0,0,0,0,0,0,0,0
1018031,Eetu Turkki,2025,U19Q,20794,True,6,3,0,193,0,0,0,0,0
1018031,Eetu Turkki,2025,FS,20796,True,2,2,0,122,0,0,0,0,0
1018031,Eetu Turkki,2025,FS,20794,True,4,2,0,135,0,0,0,0,0
1018031,Eetu Turkki,2025,FIS,2275,False,4,3,0,162,0,0,0,0,0
1018031,Eetu Turkki,2025,FIL,3189,False,1,1,0,45,0,0,0,0,0
1018031,Eetu Turkki,2025,FIL,2275,False,4,4,0,251,0,0,0,0,1
1018031,Eetu Turkki,2025,FI1,2275,False,20,13,0,1071,0,5,6,0,6
1018031,Eetu Turkki,2025,ELQ,3189,False,2,0,0,0,0,0,0,0,0
1018031,Eetu Turkki,2025,ECLQ,3189,False,2,0,0,0,0,0,0,0,0
1018031,Eetu Turkki,2024,KP3B,52347,False,5,3,0,249,0,0,0,0,1
1018031,Eetu Turkki,2024,FS,20793,True,2,2,0,97,0,0,0,0,0
1018031,Eetu Turkki,2024,FIS,52347,False,2,1,0,90,0,0,0,0,0
1018031,Eetu Turkki,2024,FIS,3189,False,1,0,0,0,0,0,0,0,0
1018031,Eetu Turkki,2024,FIL,3189,False,3,1,0,3,0,0,0,0,0
1018031,Eetu Turkki,2024,FIKP,52347,False,4,0,0,0,0,0,0,0,0
1018031,Eetu Turkki,2024,FI3B,52347,False,18,5,0,316,0,0,0,0,2
1018031,Eetu Turkki,2024,FI1,3189,False,22,0,0,0,0,0,0,0,0
1018031,Eetu Turkki,2024,F1CL,3189,False,10,0,0,0,0,0,0,0,0
1018031,Eetu Turkki,2023,U17Q,20792,True,6,1,0,90,0,0,0,0,0
1018031,Eetu Turkki,2023,FS,20792,True,9,7,0,420,0,0,0,0,0
1018031,Eetu Turkki,2023,FS,20791,True,1,1,0,68,0,0,0,0,0
1018031,Eetu Turkki,2023,FIS,52347,False,2,1,0,90,0,0,0,0,0
1018031,Eetu Turkki,2023,FI3B,52347,False,20,13,0,521,0,0,0,0,2
1018031,Eetu Turkki,2023,F3KB,52347,False,4,2,0,13,0,0,0,0,0
1018031,Eetu Turkki,2022,FS,20791,True,9,7,0,420,0,0,0,0,1
1018031,Eetu Turkki,2022,FI3B,52347,False,1,1,0,15,0,0,0,0,0
1018031,Eetu Turkki,2021,FS,34682,True,2,1,0,60,0,0,0,0,0
214075,Matej Hradecky,2025,FIS,2275,False,4,0,0,0,0,0,0,0,0
214075,Matej Hradecky,2025,FI1,2275,False,20,17,0,1530,1,1,6,2,2
214075,Matej Hradecky,2024,SLO1,35488,False,22,16,0,1192,0,0,7,1,1
214075,Matej Hradecky,2024,SLMR,35488,False,10,7,0,505,0,0,1,0,0
214075,Matej Hradecky,2024,SKC,35488,False,3,2,0,147,0,0,0,0,0
214075,Matej Hradecky,2023,SLO1,35488,False,4,4,0,360,0,0,2,0,0
214075,Matej Hradecky,2023,SLMR,35488,False,10,9,0,810,2,1,7,4,1
214075,Matej Hradecky,2023,SKC,35488,False,1,0,0,0,0,0,0,0,0
214075,Matej Hradecky,2022,FIS,23777,False,2,1,0,46,0,0,0,0,0
214075,Matej Hradecky,2022,FIL,23777,False,5,5,0,331,1,0,0,0,1
214075,Matej Hradecky,2022,FI1,23777,False,22,22,0,1930,0,0,10,2,2
214075,Matej Hradecky,2022,F1CL,23777,False,5,4,0,360,0,0,1,0,0
214075,Matej Hradecky,2022,F1CE,23777,False,1,1,0,120,0,0,1,0,0
214075,Matej Hradecky,2022,ECLQ,23777,False,4,4,0,390,0,0,0,0,1
214075,Matej Hradecky,2021,FIS,23777,False,2,1,0,90,0,0,0,0,0
214075,Matej Hradecky,2021,FIL,23777,False,5,4,0,302,0,0,0,0,0
214075,Matej Hradecky,2021,FI1,23777,False,22,19,0,1605,1,0,0,0,0
214075,Matej Hradecky,2021,F1CL,23777,False,5,5,0,450,0,0,0,0,0
214075,Matej Hradecky,2021,F1CE,23777,False,1,1,0,90,0,0,0,0,0
214075,Matej Hradecky,2020,FIS,20924,False,2,2,0,118,0,0,0,0,0
214075,Matej Hradecky,2020,FI1,20924,False,22,18,0,1568,0,0,0,0,1
214075,Matej Hradecky,2020,F1CL,20924,False,5,5,0,450,0,0,0,0,0
214075,Matej Hradecky,2019,FI1,23777,False,22,19,0,1560,2,0,0,0,0
214075,Matej Hradecky,2018,POFI,2275,False,2,2,0,180,0,0,0,0,0
214075,Matej Hradecky,2018,FI2,2275,False,27,10,0,647,1,1,0,0,0
214075,Matej Hradecky,2017,ELQ,23777,False,2,0,2,0,0,0,0,0,0
214075,Matej Hradecky,2016,WMQ6,3443,True,4,0,0,0,0,0,0,0,0
214075,Matej Hradecky,2016,FS,3443,True,3,1,0,90,0,0,0,0,0
214075,Matej Hradecky,2016,FIS,23777,False,9,3,6,205,0,2,0,0,0
214075,Matej Hradecky,2016,FI1,23777,False,33,0,33,0,0,0,0,0,0
214075,Matej Hradecky,2016,CLQ,23777,False,2,2,0,165,0,1,0,0,0
214075,Matej Hradecky,2015,U21Q,20796,True,8,5,0,379,0,0,0,0,0
214075,Matej Hradecky,2015,FS,3443,True,6,1,0,29,0,0,0,0,0
214075,Matej Hradecky,2015,FS,20796,True,1,1,0,15,0,0,0,0,0
214075,Matej Hradecky,2015,FIS,23777,False,5,4,0,345,1,1,0,0,0
214075,Matej Hradecky,2015,FIL,23777,False,5,4,0,311,0,1,0,0,0
214075,Matej Hradecky,2015,FI1,23777,False,33,32,0,2530,4,3,0,0,1
214075,Matej Hradecky,2014,FS,20796,True,8,5,0,384,0,0,0,0,0
214075,Matej Hradecky,2014,FS,20795,True,1,1,0,73,0,0,0,0,0
214075,Matej Hradecky,2014,FIS,2275,False,3,3,0,270,1,0,0,0,0
214075,Matej Hradecky,2014,FI2,2275,False,27,21,0,1715,4,0,0,0,4
214075,Matej Hradecky,2013,U21Q,20796,True,3,1,0,19,0,0,0,0,0
214075,Matej Hradecky,2013,U19Q,20794,True,3,3,0,186,0,0,0,0,0
214075,Matej Hradecky,2013,FS,20794,True,1,0,0,0,0,0,0,0,0
214075,Matej Hradecky,2013,FIS,2275,False,3,1,0,14,0,0,0,0,0
214075,Matej Hradecky,2013,FIL,2275,False,4,4,0,360,0,0,0,0,1
214075,Matej Hradecky,2013,FI1,2275,False,33,28,0,1998,0,0,0,0,2
214075,Matej Hradecky,2013,ELQ,2275,False,2,2,0,76,0,0,0,0,0
214075,Matej Hradecky,2012,FS,20794,True,2,1,0,61,0,0,0,0,0
214075,Matej Hradecky,2012,FS,20793,True,1,1,0,90,0,0,0,0,0
214075,Matej Hradecky,2012,FIS,2275,False,1,0,0,0,0,0,0,0,0
214075,Matej Hradecky,2012,FINJ,15697,False,3,2,0,135,0,0,0,0,0
214075,Matej Hradecky,2012,FIL,2275,False,8,3,0,22,0,0,0,0,0
214075,Matej Hradecky,2012,FI1,2275,False,33,6,0,184,0,0,0,0,0
214075,Matej Hradecky,2011,FS,20792,True,2,2,0,11,0,0,0,0,0
214075,Matej Hradecky,2011,FINJ,15697,False,11,3,0,225,0,0,0,0,0
214075,Matej Hradecky,2011,FI1,2275,False,8,2,0,39,0,0,0,0,0
1049373,Charlemagne Azongnitode,2025,FS,3955,True,4,3,0,270,0,0,0,0,1
1049373,Charlemagne Azongnitode,2025,FIS,2275,False,4,4,0,360,0,0,0,0,2
1049373,Charlemagne Azongnitode,2025,FIL,2275,False,5,5,0,420,0,0,0,0,1
1049373,Charlemagne Azongnitode,2025,FI1,2275,False,20,5,0,312,0,0,1,0,0
1049373,Charlemagne Azongnitode,2024,ISR2,6025,False,21,14,0,1065,0,0,0,0,4
1049373,Charlemagne Azongnitode,2024,ISR2,262,False,17,2,0,180,0,1,0,0,0
1049373,Charlemagne Azongnitode,2024,ISPO,6025,False,1,1,0,74,0,0,0,0,0
1049373,Charlemagne Azongnitode,2024,ISPO,262,False,2,0,0,0,0,0,0,0,0
1049373,Charlemagne Azongnitode,2024,FIS,7008,False,1,1,0,82,0,0,0,0,0
1049373,Charlemagne Azongnitode,2024,FI1,7008,False,5,4,0,305,0,0,0,0,1
1049373,Charlemagne Azongnitode,2024,F1CC,7008,False,5,4,0,291,0,0,4,3,0
1049373,Charlemagne Azongnitode,2024,AFCN,3955,True,4,0,0,0,0,0,0,0,0
1049373,Charlemagne Azongnitode,2023,OM1L,37396,False,22,18,0,1576,1,0,0,0,5
1049373,Charlemagne Azongnitode,2022,OM1L,37396,False,13,0,0,0,0,0,0,0,0
896961,Oscar Häggström,2025,FS,20796,True,2,2,0,58,0,0,0,0,0
896961,Oscar Häggström,2025,FIS,2275,False,4,2,0,90,0,1,0,0,0
896961,Oscar Häggström,2025,FIL,2275,False,5,1,0,45,0,0,0,0,0
896961,Oscar Häggström,2025,FI1,2275,False,20,15,0,1120,0,0,4,1,5
896961,Oscar Häggström,2024,YKCP,2275,False,6,3,0,161,0,0,0,0,1
896961,Oscar Häggström,2024,POFI,2275,False,2,2,0,180,0,0,0,0,0
896961,Oscar Häggström,2024,FIS,2275,False,3,3,0,270,0,0,0,0,0
896961,Oscar Häggström,2024,FI2,2275,False,27,26,0,2269,1,0,0,0,4
896961,Oscar Häggström,2023,YKCP,2275,False,4,3,0,222,0,0,0,0,2
896961,Oscar Häggström,2023,FIS,2275,False,5,4,0,244,0,1,0,0,3
896961,Oscar Häggström,2023,FI2,2275,False,27,12,0,767,0,0,0,0,2
896961,Oscar Häggström,2022,U19Q,20794,True,3,1,0,90,0,0,0,0,0
896961,Oscar Häggström,2022,FS,20794,True,3,1,0,90,0,0,0,0,0
896961,Oscar Häggström,2022,FIKP,11131,False,2,2,0,180,1,0,0,0,1
896961,Oscar Häggström,2022,FI3A,11131,False,22,17,0,1247,0,0,0,0,6
896961,Oscar Häggström,2022,ELQ,1008,False,4,0,0,0,0,0,0,0,0
896961,Oscar Häggström,2022,EL,1008,False,6,0,0,0,0,0,0,0,0
896961,Oscar Häggström,2022,CLQ,1008,False,4,0,0,0,0,0,0,0,0
896961,Oscar Häggström,2021,KP3B,11131,False,3,3,0,251,0,0,0,0,0
896961,Oscar Häggström,2021,FS,20793,True,1,1,0,31,0,0,0,0,0
896961,Oscar Häggström,2021,FIS,11131,False,3,3,0,225,0,0,0,0,0
896961,Oscar Häggström,2021,FIS,1008,False,2,0,0,0,0,0,0,0,0
896961,Oscar Häggström,2021,FIL,1008,False,1,1,0,90,0,0,0,0,0
896961,Oscar Häggström,2021,FI3B,11131,False,24,17,0,1407,1,0,0,0,5
896961,Oscar Häggström,2021,FI1,1008,False,22,0,0,0,0,0,0,0,0
896961,Oscar Häggström,2021,F1CL,1008,False,5,0,0,0,0,0,0,0,0
896961,Oscar Häggström,2020,FI3A,17397,False,22,3,0,85,0,0,0,0,0
662940,Nikolas Talo,2025,FIS,2275,False,4,3,0,165,0,0,0,0,0
662940,Nikolas Talo,2025,FIL,2275,False,5,5,0,334,0,0,0,0,0
662940,Nikolas Talo,2025,FI1,2275,False,20,9,0,496,0,2,1,0,1
662940,Nikolas Talo,2024,SE2,2843,False,10,6,0,408,0,0,0,0,2
662940,Nikolas Talo,2024,FIS,1225,False,5,2,0,180,0,1,0,0,0
662940,Nikolas Talo,2024,FIL,1225,False,5,4,0,270,0,0,0,0,0
662940,Nikolas Talo,2024,FI1,1225,False,21,6,0,495,0,0,3,1,1
662940,Nikolas Talo,2023,U21Q,20796,True,6,0,0,0,0,0,0,0,0
662940,Nikolas Talo,2023,FS,20796,True,2,0,0,0,0,0,0,0,0
662940,Nikolas Talo,2023,FIS,1225,False,6,6,0,500,0,1,0,0,0
662940,Nikolas Talo,2023,FIL,1225,False,5,5,0,450,0,1,0,0,1
662940,Nikolas Talo,2023,FI1,1225,False,22,17,0,1410,0,0,1,0,4
662940,Nikolas Talo,2023,F1CL,1225,False,5,4,0,200,0,0,3,0,0
662940,Nikolas Talo,2023,F1CE,1225,False,4,4,0,315,0,0,0,0,0
662940,Nikolas Talo,2022,FS,20796,True,2,1,0,61,0,0,0,0,0
662940,Nikolas Talo,2022,FI1,7315,False,7,2,0,154,0,0,1,0,1
662940,Nikolas Talo,2022,F1CC,7315,False,5,3,0,261,0,0,3,0,0
662940,Nikolas Talo,2022,211S,14725,False,14,11,0,746,0,0,0,0,0
662940,Nikolas Talo,2022,211F,14725,False,14,14,0,771,0,2,0,0,0
662940,Nikolas Talo,2021,U19Q,20794,True,6,4,0,235,0,0,0,0,0
662940,Nikolas Talo,2021,211S,14725,False,7,7,0,600,0,0,0,0,0
662940,Nikolas Talo,2021,211F,14725,False,14,8,0,508,0,0,0,0,0
662940,Nikolas Talo,2021,182S,81340,False,1,1,0,90,0,0,0,0,0
662940,Nikolas Talo,2021,182F,81340,False,6,6,0,516,0,0,0,0,0
662940,Nikolas Talo,2020,NLJB,81340,False,1,0,0,0,0,0,0,0,0
662940,Nikolas Talo,2020,211F,14725,False,2,2,0,106,0,0,0,0,0
662940,Nikolas Talo,2020,182F,81340,False,9,2,0,180,0,0,0,0,0
662940,Nikolas Talo,2019,U17Q,20792,True,3,3,0,270,0,0,0,0,0
662940,Nikolas Talo,2019,NLVB,52451,False,13,10,0,840,0,0,0,0,0
662940,Nikolas Talo,2019,NLJB,7461,False,2,2,0,117,0,0,0,0,0
662940,Nikolas Talo,2019,NLAJ,7461,False,7,3,0,205,0,0,0,0,0
662940,Nikolas Talo,2019,FS,20792,True,6,2,0,180,0,0,0,0,0
662940,Nikolas Talo,2018,FS,20791,True,7,7,0,473,0,0,0,0,0
917642,Tobias Karkulowski,2025,FIS,2275,False,4,4,0,225,1,0,0,0,0
917642,Tobias Karkulowski,2025,FIL,2275,False,4,4,0,239,0,0,0,0,2
917642,Tobias Karkulowski,2025,FI1,2275,False,20,15,0,837,0,1,8,3,3
917642,Tobias Karkulowski,2024,YKCP,2925,False,5,5,0,450,1,0,0,0,2
917642,Tobias Karkulowski,2024,FIS,2925,False,1,1,0,90,0,0,0,0,0
917642,Tobias Karkulowski,2024,FI2,2925,False,27,26,0,2239,2,5,0,0,7
917642,Tobias Karkulowski,2023,YKCP,45310,False,6,6,0,517,0,0,0,0,1
917642,Tobias Karkulowski,2023,POFI,2925,False,2,0,0,0,0,0,0,0,0
917642,Tobias Karkulowski,2023,FP3A,4024,False,1,1,0,90,0,0,0,0,0
917642,Tobias Karkulowski,2023,FIS,45310,False,4,0,0,0,0,0,0,0,0
917642,Tobias Karkulowski,2023,FIS,23777,False,5,2,0,68,0,0,0,0,1
917642,Tobias Karkulowski,2023,FIL,23777,False,5,2,0,28,0,0,0,0,0
917642,Tobias Karkulowski,2023,FIKP,4024,False,1,1,0,90,0,0,0,0,0
917642,Tobias Karkulowski,2023,FI2,45310,False,20,17,0,1130,0,1,0,0,2
917642,Tobias Karkulowski,2023,FI1,2925,False,2,1,0,35,0,0,0,0,0
917642,Tobias Karkulowski,2023,FI1,23777,False,20,0,0,0,0,0,0,0,0
917642,Tobias Karkulowski,2023,F1CC,2925,False,5,0,0,0,0,0,0,0,0
917642,Tobias Karkulowski,2022,YKCP,27759,False,6,6,0,416,0,0,0,0,1
917642,Tobias Karkulowski,2022,YKAB,27759,False,5,5,0,370,0,0,0,0,1
917642,Tobias Karkulowski,2022,FIS,27759,False,3,2,0,90,0,0,0,0,0
917642,Tobias Karkulowski,2022,FI2,27759,False,22,20,0,1567,0,2,0,0,4
917642,Tobias Karkulowski,2021,FJE,19331,False,2,1,0,90,0,0,0,0,0
917642,Tobias Karkulowski,2021,FINJ,19331,False,17,5,0,450,0,0,0,0,2
917642,Tobias Karkulowski,2021,FI3A,95361,False,22,15,0,1188,0,0,0,0,2
917642,Tobias Karkulowski,2020,FINJ,23164,False,12,5,0,360,0,0,0,0,0
228745,Atte Sihvonen,2025,FIS,2275,False,4,1,0,63,1,0,0,0,0
228745,Atte Sihvonen,2025,FIL,2275,False,5,4,0,300,0,0,0,0,0
228745,Atte Sihvonen,2025,FI1,2275,False,20,11,0,758,0,0,0,0,1
228745,Atte Sihvonen,2024,YKCP,2275,False,6,4,0,360,0,0,0,0,3
228745,Atte Sihvonen,2024,POFI,2275,False,2,2,0,180,0,0,1,0,0
228745,Atte Sihvonen,2024,FIS,2275,False,3,3,0,270,0,0,0,0,1
228745,Atte Sihvonen,2024,FI2,2275,False,27,24,0,2124,2,3,0,0,2
228745,Atte Sihvonen,2023,YKCP,2275,False,4,4,0,315,0,0,0,0,2
228745,Atte Sihvonen,2023,FIS,2275,False,5,2,0,32,0,0,0,0,0
228745,Atte Sihvonen,2023,FI2,2275,False,27,25,0,2195,0,4,0,0,6
228745,Atte Sihvonen,2023,ECLQ,1225,False,2,2,0,110,0,0,0,0,1
228745,Atte Sihvonen,2022,FIS,1225,False,1,1,0,65,0,0,0,0,0
228745,Atte Sihvonen,2022,FIL,1225,False,5,3,0,131,0,0,0,0,0
228745,Atte Sihvonen,2022,FI1,1225,False,22,20,0,1027,1,0,12,3,4
228745,Atte Sihvonen,2022,F1CC,1225,False,5,4,0,87,0,0,1,0,0
228745,Atte Sihvonen,2021,FIS,1225,False,4,4,0,254,0,0,0,0,1
228745,Atte Sihvonen,2021,FIL,1225,False,5,5,0,391,1,0,0,0,1
228745,Atte Sihvonen,2021,FI1,1225,False,22,14,0,1179,0,0,0,0,3
228745,Atte Sihvonen,2021,F1CL,1225,False,5,4,0,281,0,0,0,0,1
228745,Atte Sihvonen,2021,F1CE,1225,False,2,2,0,180,1,0,0,0,0
228745,Atte Sihvonen,2020,YKAU,2275,False,5,5,0,404,0,0,0,0,0
228745,Atte Sihvonen,2020,FIS,2275,False,2,2,0,180,0,0,0,0,2
228745,Atte Sihvonen,2020,FI2,2275,False,22,21,0,1859,0,1,0,0,6
228745,Atte Sihvonen,2019,FIS,3776,False,5,5,0,450,0,0,0,0,1
228745,Atte Sihvonen,2019,FI1,3776,False,22,17,0,1476,0,0,0,0,4
228745,Atte Sihvonen,2019,ELQ,3776,False,2,2,0,180,0,0,0,0,0
228745,Atte Sihvonen,2018,FIS,3776,False,7,6,0,540,1,0,0,0,2
228745,Atte Sihvonen,2018,FI1,3776,False,22,21,0,1663,2,0,0,0,5
228745,Atte Sihvonen,2018,F1CC,3776,False,5,5,0,450,0,0,0,0,0
228745,Atte Sihvonen,2017,FIS,22890,False,7,6,0,492,0,0,0,0,2
228745,Atte Sihvonen,2017,FI2,22890,False,27,22,0,1906,4,1,0,0,5
228745,Atte Sihvonen,2016,FI3B,23198,False,22,15,0,1343,0,0,0,0,5
228745,Atte Sihvonen,2014,FJE,15697,False,18,17,0,1485,2,0,0,0,3
228745,Atte Sihvonen,2014,FINJ,15697,False,9,7,0,630,0,0,0,0,2
228745,Atte Sihvonen,2011,FINJ,15697,False,20,5,0,319,0,0,0,0,1
646670,Timo Zaal,2025,FIS,2275,False,4,2,0,75,0,0,0,0,0
646670,Timo Zaal,2025,FIL,2275,False,4,4,0,226,1,0,0,0,0
646670,Timo Zaal,2025,FI1,2275,False,20,18,0,1558,1,2,30,10,2
646670,Timo Zaal,2024,PRTD,24366,False,2,2,0,135,0,0,0,0,0
646670,Timo Zaal,2024,NLBP,24366,False,4,3,0,252,0,0,0,0,0
646670,Timo Zaal,2024,NLBA,24366,False,1,0,0,0,0,0,0,0,0
646670,Timo Zaal,2024,211S,24366,False,14,13,0,1038,0,0,0,0,2
646670,Timo Zaal,2024,211F,24366,False,14,14,0,1050,1,4,0,0,1
646670,Timo Zaal,2023,PLIC,24366,False,4,4,0,352,0,0,0,0,0
646670,Timo Zaal,2023,NLBA,24366,False,1,1,0,4,0,0,0,0,0
646670,Timo Zaal,2023,211S,24366,False,14,13,0,567,1,1,0,0,0
646670,Timo Zaal,2023,211F,24366,False,14,14,0,1123,2,2,0,0,1
646670,Timo Zaal,2022,U19Q,16341,True,3,3,0,202,0,0,0,0,0
646670,Timo Zaal,2022,PONL,306,False,2,0,0,0,0,0,0,0,0
646670,Timo Zaal,2022,NLP,306,False,4,0,0,0,0,0,0,0,0
646670,Timo Zaal,2022,NL1,306,False,34,1,0,1,0,0,0,0,0
646670,Timo Zaal,2022,212S,24368,False,7,7,0,534,2,0,0,0,1
646670,Timo Zaal,2021,U19Q,16341,True,3,1,0,30,0,0,0,0,0
646670,Timo Zaal,2021,PONL,306,False,2,0,0,0,0,0,0,0,0
646670,Timo Zaal,2021,NLP,306,False,3,0,0,0,0,0,0,0,0
646670,Timo Zaal,2021,NL1,306,False,34,2,0,12,0,0,0,0,1
646670,Timo Zaal,2021,FS,16340,True,8,6,0,417,0,0,0,0,0
646670,Timo Zaal,2021,212S,24368,False,5,5,0,357,0,0,0,0,0
646670,Timo Zaal,2021,211F,24368,False,8,8,0,669,0,0,0,0,0
646670,Timo Zaal,2020,NLP,306,False,4,0,0,0,0,0,0,0,0
646670,Timo Zaal,2020,NLJB,81990,False,1,1,0,90,0,0,0,0,0
646670,Timo Zaal,2020,NL1,306,False,33,0,0,0,0,0,0,0,0
646670,Timo Zaal,2020,211F,24368,False,14,3,0,270,0,0,0,0,0
646670,Timo Zaal,2020,181F,81990,False,3,1,0,90,0,0,0,0,0
646670,Timo Zaal,2019,NLVB,8521,False,13,11,0,945,2,1,0,0,0
646670,Timo Zaal,2019,NLJV,4779,False,3,3,0,159,0,0,0,0,0
646670,Timo Zaal,2019,NLAJ,4779,False,14,5,0,410,0,0,0,0,0
646670,Timo Zaal,2019,FS,39118,True,5,3,0,215,0,0,0,0,0
646670,Timo Zaal,2018,FS,34684,True,7,2,0,140,0,0,0,0,0
699796,Pau Juvanteny,2025,FIS,2275,False,4,2,0,69,0,0,0,0,0
699796,Pau Juvanteny,2025,FIL,2275,False,5,5,0,349,0,0,0,0,0
699796,Pau Juvanteny,2025,FI1,2275,False,20,15,0,1012,1,0,14,1,3
699796,Pau Juvanteny,2024,FI2,8807,False,13,12,0,881,1,2,0,0,3
699796,Pau Juvanteny,2024,E4G3,38456,False,34,26,0,1773,0,0,0,0,2
699796,Pau Juvanteny,2024,CDR,38456,False,2,1,0,59,0,0,1,0,0
699796,Pau Juvanteny,2021,E3G2,26132,False,16,5,0,98,0,0,0,0,0
699796,Pau Juvanteny,2021,CEF1,26132,False,1,1,0,57,0,0,0,0,0
699796,Pau Juvanteny,2020,ES3C,26132,False,20,5,0,231,0,0,0,0,0
699796,Pau Juvanteny,2020,E3FI,26132,False,6,4,0,217,0,0,0,0,1
699796,Pau Juvanteny,2020,CEF1,26132,False,5,0,0,0,0,0,0,0,0
699796,Pau Juvanteny,2020,CDR,26132,False,1,0,0,0,0,0,0,0,0
699796,Pau Juvanteny,2019,ES3C,26132,False,28,6,0,422,0,0,0,0,3
699796,Pau Juvanteny,2019,CDR,26132,False,1,0,0,0,0,0,0,0,0
638381,Marius Könkkölä,2025,FIS,2275,False,4,4,0,169,1,1,0,0,0
638381,Marius Könkkölä,2025,FIL,2275,False,5,5,0,400,1,0,0,0,1
638381,Marius Könkkölä,2025,FI1,2275,False,20,16,0,1182,3,3,18,7,1
638381,Marius Könkkölä,2025,ECLQ,23777,False,2,0,0,0,0,0,0,0,0
638381,Marius Könkkölä,2024,POFI,2275,False,2,2,0,149,0,0,1,1,0
638381,Marius Könkkölä,2024,FIS,45310,False,1,0,0,0,0,0,0,0,0
638381,Marius Könkkölä,2024,FIS,23777,False,3,0,0,0,0,0,0,0,0
638381,Marius Könkkölä,2024,FIL,23777,False,5,4,0,147,1,0,0,0,1
638381,Marius Könkkölä,2024,FI2,45310,False,17,13,0,944,3,2,0,0,0
638381,Marius Könkkölä,2024,FI2,2275,False,9,9,0,585,4,1,0,0,1
638381,Marius Könkkölä,2024,FI1,23777,False,19,1,0,11,0,0,0,0,0
638381,Marius Könkkölä,2023,POFI,2925,False,2,0,0,0,0,0,0,0,0
638381,Marius Könkkölä,2023,FIS,2925,False,3,3,0,149,1,2,0,0,0
638381,Marius Könkkölä,2023,FIL,2925,False,6,4,0,143,0,0,0,0,0
638381,Marius Könkkölä,2023,FI1,2925,False,22,17,0,487,0,1,8,1,0
638381,Marius Könkkölä,2023,F1CC,2925,False,5,1,0,61,0,0,0,0,1
638381,Marius Könkkölä,2022,FIS,2925,False,3,1,0,57,1,0,0,0,0
638381,Marius Könkkölä,2022,FIL,2925,False,5,5,0,300,0,1,0,0,0
638381,Marius Könkkölä,2022,FI1,2925,False,22,12,0,606,0,0,13,5,0
638381,Marius Könkkölä,2022,F1CC,2925,False,5,0,0,0,0,0,0,0,0
638381,Marius Könkkölä,2021,KP3C,22374,False,3,1,0,61,0,0,0,0,1
638381,Marius Könkkölä,2021,FIS,7008,False,4,4,0,296,2,3,0,0,1
638381,Marius Könkkölä,2021,FIL,7008,False,3,3,0,124,0,0,0,0,0
638381,Marius Könkkölä,2021,FI3C,22374,False,21,3,0,211,1,0,0,0,1
638381,Marius Könkkölä,2021,FI1,7008,False,22,10,0,290,0,1,0,0,0
638381,Marius Könkkölä,2021,F1CE,7008,False,2,0,0,0,0,0,0,0,0
638381,Marius Könkkölä,2021,F1CC,7008,False,5,5,0,228,0,0,0,0,0
638381,Marius Könkkölä,2019,FS,20792,True,3,2,0,84,0,0,0,0,0
638381,Marius Könkkölä,2019,FS,20791,True,1,1,0,15,0,0,0,0,0
638381,Marius Könkkölä,2018,FS,20791,True,5,4,0,159,1,0,0,0,0
1139734,Tomi Väkiparta,2025,FIS,2275,False,4,3,0,217,0,0,0,0,0
1139734,Tomi Väkiparta,2025,FIL,2275,False,5,5,0,222,0,0,0,0,0
1139734,Tomi Väkiparta,2025,FI1,2275,False,20,9,0,211,0,0,2,0,1
1139734,Tomi Väkiparta,2024,YKCP,2275,False,6,3,0,170,0,0,0,0,1
1139734,Tomi Väkiparta,2024,U17Q,20792,True,3,2,0,78,0,1,0,0,0
1139734,Tomi Väkiparta,2024,POFI,2275,False,2,0,0,0,0,0,0,0,0
1139734,Tomi Väkiparta,2024,FS,20792,True,7,4,0,179,0,0,0,0,0
1139734,Tomi Väkiparta,2024,FJE,15697,False,6,1,0,90,1,0,0,0,0
1139734,Tomi Väkiparta,2024,FIS,2275,False,3,3,0,209,0,1,0,0,0
1139734,Tomi Väkiparta,2024,FINJ,15697,False,7,1,0,67,0,0,0,0,0
1139734,Tomi Väkiparta,2024,FI2,2275,False,27,8,0,212,0,0,0,0,0
1139734,Tomi Väkiparta,2023,FS,20792,True,3,3,0,90,0,0,0,0,0
1139734,Tomi Väkiparta,2023,FS,20791,True,2,2,0,107,0,0,0,0,0
1139734,Tomi Väkiparta,2023,FIYK,23203,False,22,17,0,602,1,0,0,0,1
1139734,Tomi Väkiparta,2023,FIS,23203,False,2,2,0,151,0,0,0,0,0
1139734,Tomi Väkiparta,2023,FI3P,23203,False,5,1,0,26,0,0,0,0,0
1139734,Tomi Väkiparta,2022,FS,34682,True,10,7,0,505,0,0,0,0,0
1139734,Tomi Väkiparta,2022,FIS,23203,False,3,1,0,23,0,0,0,0,0
1139734,Tomi Väkiparta,2022,FI3B,23203,False,22,13,0,442,1,0,0,0,0
647542,Lasse Ikonen,2025,FIS,2275,False,4,4,0,330,0,1,0,0,1
647542,Lasse Ikonen,2025,FIL,2275,False,5,5,0,327,0,0,0,0,2
647542,Lasse Ikonen,2025,FI1,2275,False,20,18,0,928,1,0,6,2,3
647542,Lasse Ikonen,2024,YKCP,2275,False,6,5,0,450,0,0,0,0,2
647542,Lasse Ikonen,2024,POFI,2275,False,2,2,0,180,0,0,1,1,0
647542,Lasse Ikonen,2024,FIS,2275,False,3,2,0,179,1,0,0,0,0
647542,Lasse Ikonen,2024,FI2,2275,False,27,24,0,1902,1,5,0,0,8
647542,Lasse Ikonen,2023,YKCP,2275,False,4,4,0,262,0,0,0,0,1
647542,Lasse Ikonen,2023,FIS,2275,False,5,4,0,180,1,0,0,0,0
647542,Lasse Ikonen,2023,FI2,2275,False,27,19,0,1000,0,1,0,0,3
647542,Lasse Ikonen,2022,FIS,7008,False,5,1,0,28,0,0,0,0,0
647542,Lasse Ikonen,2022,FIL,7008,False,7,4,0,110,0,0,0,0,1
647542,Lasse Ikonen,2022,FIKP,22374,False,1,1,0,117,0,0,0,0,0
647542,Lasse Ikonen,2022,FI3C,22374,False,12,12,0,1008,0,0,0,0,6
647542,Lasse Ikonen,2022,FI1,7008,False,22,2,0,27,0,0,0,0,0
647542,Lasse Ikonen,2022,F1CE,7008,False,2,1,0,19,0,0,0,0,0
647542,Lasse Ikonen,2022,F1CC,7008,False,5,1,0,90,0,0,0,0,0
647542,Lasse Ikonen,2021,YKCP,23564,False,3,3,0,134,0,0,0,0,0
647542,Lasse Ikonen,2021,YKAB,23564,False,5,4,0,179,1,0,0,0,1
647542,Lasse Ikonen,2021,U19Q,20794,True,6,3,0,3,0,0,0,0,0
647542,Lasse Ikonen,2021,FS,20794,True,2,2,0,91,0,0,1,0,1
647542,Lasse Ikonen,2021,FIS,23564,False,2,2,0,118,0,0,0,0,0
647542,Lasse Ikonen,2021,FI2,23564,False,22,17,0,1275,0,2,0,0,1
647542,Lasse Ikonen,2020,POFI,7008,False,2,0,0,0,0,0,0,0,0
647542,Lasse Ikonen,2020,KCUP,22374,False,1,1,0,90,0,0,0,0,0
647542,Lasse Ikonen,2020,FIS,7008,False,3,0,0,0,0,0,0,0,0
647542,Lasse Ikonen,2020,FI3C,22374,False,20,20,0,1755,2,0,0,0,3
647542,Lasse Ikonen,2020,FI1,7008,False,22,4,0,83,0,0,0,0,1
647542,Lasse Ikonen,2020,F1CC,7008,False,5,1,0,90,0,0,0,0,0
647542,Lasse Ikonen,2019,U17Q,20792,True,3,2,0,73,0,0,0,0,0
647542,Lasse Ikonen,2019,FS,20792,True,6,6,0,239,0,0,0,0,0
647542,Lasse Ikonen,2019,FS,20791,True,1,1,0,40,0,0,0,0,0
647542,Lasse Ikonen,2019,FIS,7008,False,6,1,0,45,0,0,0,0,0
647542,Lasse Ikonen,2019,FI3C,22374,False,11,11,0,965,0,0,0,0,1
647542,Lasse Ikonen,2019,FI2,7008,False,22,3,0,63,0,0,0,0,0
647542,Lasse Ikonen,2018,KCUP,22374,False,3,0,0,0,0,0,0,0,0
647542,Lasse Ikonen,2018,FS,20791,True,9,8,0,518,0,0,0,0,2
647542,Lasse Ikonen,2018,FI3C,22374,False,22,4,0,272,0,0,0,0,0
647542,Lasse Ikonen,2018,FI2,7008,False,4,4,0,200,0,0,0,0,0
637747,Luke Ivanovic,2025,FIS,2275,False,4,3,0,169,0,1,0,0,0
637747,Luke Ivanovic,2025,FIL,2275,False,4,4,0,186,1,1,0,0,1
637747,Luke Ivanovic,2025,FI1,2275,False,20,11,0,556,0,1,24,11,1
637747,Luke Ivanovic,2024,USLC,87631,False,4,3,0,200,1,0,3,2,0
637747,Luke Ivanovic,2024,USL,87631,False,30,26,0,1466,4,1,42,18,2
637747,Luke Ivanovic,2024,MLSP,87631,False,2,2,0,91,0,1,4,2,0
637747,Luke Ivanovic,2023,POFI,2925,False,2,2,0,102,0,0,1,0,0
637747,Luke Ivanovic,2023,FIS,2925,False,3,3,0,140,3,1,0,0,0
637747,Luke Ivanovic,2023,FIL,2925,False,4,4,0,297,0,1,0,0,1
637747,Luke Ivanovic,2023,FI1,2925,False,22,19,0,1332,5,1,32,13,2
637747,Luke Ivanovic,2023,F1CC,2925,False,5,5,0,131,1,0,7,4,0
637747,Luke Ivanovic,2023,AUS1,970,False,15,13,0,642,1,1,21,7,1
637747,Luke Ivanovic,2022,FFAC,970,False,1,1,0,33,0,0,3,0,0
637747,Luke Ivanovic,2022,AUS1,970,False,26,11,0,391,0,0,5,1,0
637747,Luke Ivanovic,2021,FFAC,7831,False,4,4,0,141,0,1,3,2,0
637747,Luke Ivanovic,2021,AUS1,7831,False,26,20,0,953,3,1,34,16,2
637747,Luke Ivanovic,2020,FFAC,7831,False,3,1,0,78,1,0,5,3,0
637747,Luke Ivanovic,2020,AUSF,8054,False,2,0,0,0,0,0,0,0,0
637747,Luke Ivanovic,2020,AUS1,8054,False,26,13,0,290,0,0,11,3,1
637747,Luke Ivanovic,2020,A2SW,19820,False,4,2,0,180,0,0,3,2,0
637747,Luke Ivanovic,2019,AUSF,8054,False,2,1,0,13,0,0,1,0,0
637747,Luke Ivanovic,2019,AUS1,8054,False,26,13,0,149,2,0,5,2,0
637747,Luke Ivanovic,2019,AFCL,8054,False,6,4,0,127,0,0,0,0,0
637747,Luke Ivanovic,2018,FFAC,8054,False,1,0,0,0,0,0,0,0,0
637747,Luke Ivanovic,2018,AUS1,8054,False,17,11,0,189,1,0,11,4,0
637747,Luke Ivanovic,2018,AFCL,8054,False,5,4,0,105,0,0,1,0,0
1342170,Nils Veinbergs,2025,YKCP,22890,False,4,3,0,252,1,0,0,0,1
1342170,Nils Veinbergs,2025,U19Q,28426,True,5,5,0,323,0,0,0,0,2
1342170,Nils Veinbergs,2025,FS,28426,True,4,4,0,182,3,0,0,0,0
1342170,Nils Veinbergs,2025,FIS,22890,False,1,1,0,90,0,0,0,0,0
1342170,Nils Veinbergs,2025,FI2,22890,False,12,12,0,885,5,0,0,0,1
1342170,Nils Veinbergs,2025,FI1,2275,False,7,4,0,76,0,0,1,0,0
1342170,Nils Veinbergs,2025,ELQ,3189,False,2,0,0,0,0,0,0,0,0
1342170,Nils Veinbergs,2025,ECLQ,3189,False,2,0,0,0,0,0,0,0,0
1342170,Nils Veinbergs,2024,U19Q,28426,True,3,0,0,0,0,0,0,0,0
1342170,Nils Veinbergs,2024,KP3B,52347,False,5,3,0,41,0,0,0,0,0
1342170,Nils Veinbergs,2024,FS,28426,True,4,4,0,237,1,0,0,0,1
1342170,Nils Veinbergs,2024,FIS,52347,False,2,2,0,50,1,0,0,0,0
1342170,Nils Veinbergs,2024,FIS,3189,False,1,0,0,0,0,0,0,0,0
1342170,Nils Veinbergs,2024,FIL,3189,False,6,2,0,38,2,0,0,0,0
1342170,Nils Veinbergs,2024,FIKP,52347,False,4,4,0,153,0,0,0,0,0
1342170,Nils Veinbergs,2024,FI3B,52347,False,18,17,0,1087,7,2,0,0,2
1342170,Nils Veinbergs,2024,FI1,3189,False,22,0,0,0,0,0,0,0,0
1342170,Nils Veinbergs,2024,F1CL,3189,False,10,0,0,0,0,0,0,0,0
756568,Kian Visser,2025,NLP,133,False,1,0,0,0,0,0,0,0,0
756568,Kian Visser,2025,NL2,133,False,38,21,0,361,1,1,15,6,2
756568,Kian Visser,2025,FI1,2275,False,7,5,0,353,2,1,13,5,1
756568,Kian Visser,2024,PRTD,7408,False,4,4,0,360,3,2,0,0,0
756568,Kian Visser,2024,NLP,7408,False,1,1,0,90,1,0,0,0,1
756568,Kian Visser,2024,510,7408,False,34,33,0,2949,32,1,0,0,6
756568,Kian Visser,2022,PRTD,7481,False,2,2,0,180,1,0,0,0,0
756568,Kian Visser,2022,NTD,7116,False,18,16,0,513,3,1,0,0,0
756568,Kian Visser,2022,NLP,7116,False,1,1,0,112,0,0,0,0,0
756568,Kian Visser,2022,510,7481,False,16,13,0,822,5,0,0,0,0
756568,Kian Visser,2021,NLP,7408,False,3,3,0,232,1,0,0,0,0
756568,Kian Visser,2021,510,7408,False,34,32,0,2409,15,3,0,0,3
756568,Kian Visser,2020,NLP,7408,False,2,1,0,67,1,0,0,0,0
756568,Kian Visser,2020,510,7408,False,34,2,0,30,1,0,0,0,0
581617,Samuel Anini Jr.,2025,FIS,2275,False,4,4,0,260,2,0,0,0,1
581617,Samuel Anini Jr.,2025,FIL,2275,False,5,0,0,0,0,0,0,0,0
581617,Samuel Anini Jr.,2025,FI1,2275,False,20,12,0,274,2,1,9,5,3
581617,Samuel Anini Jr.,2024,FIS,17397,False,2,0,0,0,0,0,0,0,0
581617,Samuel Anini Jr.,2024,FI4R,17397,False,2,2,0,166,2,0,0,0,0
581617,Samuel Anini Jr.,2024,FI2,17397,False,27,26,0,2014,7,4,0,0,2
581617,Samuel Anini Jr.,2024,ECLQ,1008,False,3,0,0,0,0,0,0,0,0
581617,Samuel Anini Jr.,2024,CLQ,1008,False,2,0,0,0,0,0,0,0,0
581617,Samuel Anini Jr.,2023,FIYK,11131,False,3,3,0,143,0,0,0,0,0
581617,Samuel Anini Jr.,2023,FIS,1008,False,2,1,0,19,0,0,0,0,0
581617,Samuel Anini Jr.,2023,FIL,1008,False,5,1,0,14,0,0,0,0,0
581617,Samuel Anini Jr.,2023,FI1,22890,False,2,2,0,92,0,0,0,0,0
581617,Samuel Anini Jr.,2023,FI1,1008,False,20,1,0,17,0,0,1,1,0
581617,Samuel Anini Jr.,2023,F1CC,22890,False,5,0,0,0,0,0,0,0,0
581617,Samuel Anini Jr.,2022,POFI,6017,False,2,1,0,30,0,0,0,0,0
581617,Samuel Anini Jr.,2022,FIS,6017,False,6,5,0,310,1,0,0,0,0
581617,Samuel Anini Jr.,2022,FIL,6017,False,2,2,0,165,0,1,0,0,0
581617,Samuel Anini Jr.,2022,FIL,1008,False,2,1,0,45,0,0,0,0,0
581617,Samuel Anini Jr.,2022,FI1,6017,False,22,14,0,690,1,0,20,6,2
581617,Samuel Anini Jr.,2022,F1CC,6017,False,5,2,0,70,0,0,3,2,0
581617,Samuel Anini Jr.,2021,UCOL,1008,False,2,0,0,0,0,0,0,0,0
581617,Samuel Anini Jr.,2021,KP3C,22374,False,3,1,0,61,0,0,0,0,0
581617,Samuel Anini Jr.,2021,FS,20795,True,2,2,0,177,0,0,0,0,0
581617,Samuel Anini Jr.,2021,FIS,7008,False,3,3,0,237,2,0,0,0,0
581617,Samuel Anini Jr.,2021,FIL,1008,False,4,0,0,0,0,0,0,0,0
581617,Samuel Anini Jr.,2021,FI3C,22374,False,22,2,0,135,1,0,0,0,1
581617,Samuel Anini Jr.,2021,FI3B,11131,False,1,1,0,20,0,0,0,0,0
581617,Samuel Anini Jr.,2021,FI1,7008,False,19,13,0,410,2,2,0,0,0
581617,Samuel Anini Jr.,2021,FI1,1008,False,3,0,0,0,0,0,0,0,0
581617,Samuel Anini Jr.,2021,F1CE,7008,False,2,0,0,0,0,0,0,0,0
581617,Samuel Anini Jr.,2021,F1CC,7008,False,5,2,0,150,0,1,0,0,1
581617,Samuel Anini Jr.,2020,YKAB,11131,False,5,4,0,360,2,2,0,0,0
581617,Samuel Anini Jr.,2020,FIS,11131,False,3,3,0,254,1,1,0,0,0
581617,Samuel Anini Jr.,2020,FI2,11131,False,22,22,0,1897,7,3,0,0,1
581617,Samuel Anini Jr.,2019,KCUP,11131,False,3,3,0,208,0,0,0,0,0
581617,Samuel Anini Jr.,2019,FS,20793,True,2,2,0,122,0,0,0,0,0
581617,Samuel Anini Jr.,2019,FINJ,15665,False,1,1,0,86,0,0,0,0,0
581617,Samuel Anini Jr.,2019,FI3B,11131,False,17,15,0,1155,4,0,0,0,1
581617,Samuel Anini Jr.,2018,U17Q,20792,True,3,3,0,219,1,0,0,0,0
581617,Samuel Anini Jr.,2018,KOG3,20957,False,9,7,0,421,2,0,0,0,1
581617,Samuel Anini Jr.,2018,FS,20792,True,10,6,0,370,0,0,0,0,0
581617,Samuel Anini Jr.,2018,FI3A,11131,False,13,6,0,385,2,0,0,0,0
538647,Miika Kauppila,2025,FIS,2275,False,4,4,0,266,0,0,0,0,0
538647,Miika Kauppila,2025,FIL,2275,False,5,5,0,395,0,1,0,0,0
538647,Miika Kauppila,2025,FI1,2275,False,20,15,0,527,1,0,8,4,0
538647,Miika Kauppila,2024,YKCP,2275,False,3,3,0,187,0,0,0,0,0
538647,Miika Kauppila,2024,POFI,2275,False,2,2,0,47,0,1,0,0,0
538647,Miika Kauppila,2024,FIS,2275,False,3,3,0,134,1,1,0,0,0
538647,Miika Kauppila,2024,FI2,2275,False,27,27,0,2071,3,6,0,0,2
538647,Miika Kauppila,2023,YKCP,17397,False,3,3,0,270,1,0,0,0,0
538647,Miika Kauppila,2023,FIS,17397,False,3,1,0,45,0,0,0,0,0
538647,Miika Kauppila,2023,FI4R,17397,False,2,2,0,180,0,0,0,0,1
538647,Miika Kauppila,2023,FI2,17397,False,27,27,0,2280,3,5,0,0,1
538647,Miika Kauppila,2022,YKCP,8043,False,5,4,0,352,0,0,0,0,1
538647,Miika Kauppila,2022,YKAB,8043,False,5,5,0,450,1,1,0,0,1
538647,Miika Kauppila,2022,FIS,8043,False,4,3,0,225,0,1,0,0,1
538647,Miika Kauppila,2022,FI2,8043,False,22,21,0,1890,1,2,0,0,2
538647,Miika Kauppila,2021,YKCP,8043,False,1,1,0,31,0,0,0,0,0
538647,Miika Kauppila,2021,YKCP,2275,False,1,1,0,28,0,0,0,0,0
538647,Miika Kauppila,2021,YKAU,8043,False,5,5,0,402,0,1,0,0,0
538647,Miika Kauppila,2021,FIS,8043,False,2,2,0,146,2,1,0,0,0
538647,Miika Kauppila,2021,FI2,8043,False,22,18,0,1468,4,3,0,0,3
538647,Miika Kauppila,2020,FI3A,17397,False,12,10,0,533,0,0,0,0,1
538647,Miika Kauppila,2019,FIS,23564,False,5,3,0,214,0,0,0,0,0
538647,Miika Kauppila,2019,FINJ,71979,False,5,5,0,450,1,0,0,0,0
538647,Miika Kauppila,2019,FI2,23564,False,22,3,0,171,0,0,0,0,0
538647,Miika Kauppila,2018,FI3B,17397,False,22,19,0,1636,3,0,0,0,3
538647,Miika Kauppila,2017,FI3B,17397,False,22,16,0,923,1,0,0,0,1
538647,Miika Kauppila,2017,19YL,62114,False,2,2,0,180,0,0,0,0,0
1015337,Elmer Vauhkonen,2025,FIS,2275,False,4,4,0,243,0,2,0,0,1
1015337,Elmer Vauhkonen,2025,FIL,2275,False,5,0,0,0,0,0,0,0,0
1015337,Elmer Vauhkonen,2025,FI1,2275,False,20,18,0,981,0,2,20,7,2
1015337,Elmer Vauhkonen,2024,UCOL,1008,False,6,0,0,0,0,0,0,0,0
1015337,Elmer Vauhkonen,2024,U19Q,20794,True,6,4,0,202,0,1,0,0,0
1015337,Elmer Vauhkonen,2024,POFI,2275,False,2,2,0,133,0,0,1,0,0
1015337,Elmer Vauhkonen,2024,KOG2,46561,False,2,2,0,180,3,0,0,0,0
1015337,Elmer Vauhkonen,2024,FS,20794,True,2,2,0,63,0,0,0,0,1
1015337,Elmer Vauhkonen,2024,FIS,23564,False,4,3,0,188,0,2,0,0,0
1015337,Elmer Vauhkonen,2024,FIL,23564,False,5,2,0,94,0,1,0,0,0
1015337,Elmer Vauhkonen,2024,FI2,2275,False,9,9,0,413,1,4,0,0,1
1015337,Elmer Vauhkonen,2024,FI1,23564,False,19,6,0,74,0,0,1,0,0
1015337,Elmer Vauhkonen,2024,ECLQ,1008,False,4,0,0,0,0,0,0,0,0
1015337,Elmer Vauhkonen,2024,CLQ,1008,False,2,0,0,0,0,0,0,0,0
1015337,Elmer Vauhkonen,2023,FS,20793,True,4,3,0,138,0,0,0,0,0
1015337,Elmer Vauhkonen,2023,FIYK,11131,False,22,13,0,548,1,0,0,0,0
1015337,Elmer Vauhkonen,2023,FIS,1008,False,2,0,0,0,0,0,0,0,0
1015337,Elmer Vauhkonen,2023,FIL,1008,False,2,2,0,66,1,1,0,0,0
1015337,Elmer Vauhkonen,2023,FI3P,11131,False,5,5,0,175,0,0,0,0,0
1015337,Elmer Vauhkonen,2023,FI1,1008,False,22,0,0,0,0,0,0,0,0
1015337,Elmer Vauhkonen,2023,F1CL,1008,False,5,0,0,0,0,0,0,0,0
1015337,Elmer Vauhkonen,2022,U17Q,20792,True,6,6,0,344,0,1,0,0,0
1015337,Elmer Vauhkonen,2022,FS,20792,True,6,6,0,345,3,0,0,0,0
1015337,Elmer Vauhkonen,2021,FS,20792,True,1,1,0,78,0,0,0,0,0
1015337,Elmer Vauhkonen,2021,FS,20791,True,3,1,0,10,0,0,0,0,0
386646,Albijon Muzaci,2025,FIS,2275,False,4,2,0,39,0,0,0,0,0
386646,Albijon Muzaci,2025,FIL,2275,False,5,0,0,0,0,0,0,0,0
386646,Albijon Muzaci,2025,FI1,2275,False,20,18,0,1593,7,1,37,16,0
386646,Albijon Muzaci,2024,YKCP,2275,False,6,2,0,170,0,0,0,0,0
386646,Albijon Muzaci,2024,POFI,2275,False,2,2,0,180,2,0,2,1,0
386646,Albijon Muzaci,2024,FIS,2275,False,3,2,0,133,2,0,0,0,0
386646,Albijon Muzaci,2024,FI2,2275,False,27,25,0,2015,13,2,0,0,7
386646,Albijon Muzaci,2023,YKCP,2275,False,3,3,0,159,0,0,0,0,0
386646,Albijon Muzaci,2023,FIS,2275,False,5,3,0,150,0,0,0,0,0
386646,Albijon Muzaci,2023,FI2,2275,False,27,17,0,1214,10,0,0,0,1
386646,Albijon Muzaci,2022,YKAB,23198,False,5,5,0,339,3,0,0,0,1
386646,Albijon Muzaci,2022,FIS,23198,False,5,4,0,216,2,1,0,0,1
386646,Albijon Muzaci,2022,FI2,23198,False,22,18,0,951,4,2,0,0,4
386646,Albijon Muzaci,2021,YKCP,2275,False,6,6,0,512,4,0,0,0,1
386646,Albijon Muzaci,2021,YKAU,2275,False,5,5,0,237,2,0,0,0,0
386646,Albijon Muzaci,2021,POFI,2275,False,2,2,0,180,0,1,0,0,0
386646,Albijon Muzaci,2021,FIS,2275,False,2,2,0,164,1,0,0,0,0
386646,Albijon Muzaci,2021,FI2P,2275,False,1,1,0,84,0,0,0,0,0
386646,Albijon Muzaci,2021,FI2,2275,False,22,21,0,1118,2,0,0,0,5
386646,Albijon Muzaci,2020,YKAU,2275,False,5,5,0,450,1,2,0,0,1
386646,Albijon Muzaci,2020,FIS,2275,False,3,3,0,270,0,2,0,0,1
386646,Albijon Muzaci,2020,FI2,2275,False,22,22,0,1743,5,3,0,0,2
386646,Albijon Muzaci,2019,POFI,2275,False,2,2,0,96,1,0,0,0,0
386646,Albijon Muzaci,2019,FIS,2275,False,7,5,0,375,1,0,0,0,1
386646,Albijon Muzaci,2019,FI1,2275,False,22,19,0,1115,1,3,0,0,6
386646,Albijon Muzaci,2018,POFI,2275,False,2,2,0,172,0,0,0,0,0
386646,Albijon Muzaci,2018,FIS,2275,False,4,3,0,197,0,0,0,0,0
386646,Albijon Muzaci,2018,FI2,2275,False,27,22,0,1572,7,4,0,0,5
386646,Albijon Muzaci,2017,FI3B,23198,False,22,20,0,1777,8,0,0,0,7
386646,Albijon Muzaci,2016,FI3B,23198,False,22,18,0,1218,4,0,0,0,8
386646,Albijon Muzaci,2015,FIS,23203,False,4,4,0,239,0,0,0,0,1
386646,Albijon Muzaci,2015,FI3C,304,False,1,1,0,37,0,0,0,0,0
386646,Albijon Muzaci,2015,FI3B,23198,False,8,8,0,582,1,0,0,0,3
386646,Albijon Muzaci,2015,FI2,23203,False,16,9,0,458,0,0,0,0,1
386646,Albijon Muzaci,2014,FI3W,23198,False,25,25,0,2001,7,0,0,0,6
386646,Albijon Muzaci,2013,FIS,23198,False,1,0,0,0,0,0,0,0,0
386646,Albijon Muzaci,2013,FI3S,23198,False,9,8,0,505,3,0,0,0,3
1285795,Rasmus Harjanne,2025,FIS,46432,False,3,2,0,180,1,0,0,0,0
1285795,Rasmus Harjanne,2025,FIL,2275,False,5,4,0,163,0,0,0,0,0
1285795,Rasmus Harjanne,2025,FI3B,46432,False,10,4,0,319,1,0,0,0,0
1285795,Rasmus Harjanne,2025,FI1,2275,False,8,0,0,0,0,0,0,0,0
1285795,Rasmus Harjanne,2024,YKCP,2275,False,6,5,0,297,1,0,0,0,0
1285795,Rasmus Harjanne,2024,POFI,2275,False,2,0,0,0,0,0,0,0,0
1285795,Rasmus Harjanne,2024,FJE,15697,False,11,7,0,533,5,0,0,0,0
1285795,Rasmus Harjanne,2024,FIS,2275,False,3,2,0,106,0,0,0,0,0
1285795,Rasmus Harjanne,2024,FINJ,15697,False,11,4,0,336,0,0,0,0,0
1285795,Rasmus Harjanne,2024,FI2,2275,False,27,1,0,20,0,1,0,0,0
1285795,Rasmus Harjanne,2023,FI2,2275,False,1,1,0,6,0,0,0,0,0
377473,Erik Gunnarsson,2025,FIS,3650,False,3,3,0,125,0,0,0,0,0
377473,Erik Gunnarsson,2025,FIL,3650,False,5,2,0,174,0,0,0,0,0
377473,Erik Gunnarsson,2025,FI1,3650,False,20,14,0,1132,0,0,3,0,2
377473,Erik Gunnarsson,2024,FIS,3650,False,6,5,0,324,0,0,0,0,0
377473,Erik Gunnarsson,2024,FIL,3650,False,4,3,0,213,0,0,0,0,0
377473,Erik Gunnarsson,2024,FI1,3650,False,22,20,0,1800,0,2,12,1,8
377473,Erik Gunnarsson,2024,F1CC,3650,False,5,3,0,262,0,0,4,1,0
377473,Erik Gunnarsson,2023,SEC,13653,False,1,1,0,45,0,0,0,0,0
377473,Erik Gunnarsson,2023,FARO,27811,False,26,21,0,1716,2,0,0,0,3
377473,Erik Gunnarsson,2023,FAPO,27811,False,1,1,0,90,0,0,0,0,0
377473,Erik Gunnarsson,2022,SEC,13653,False,4,3,0,218,0,0,0,0,0
377473,Erik Gunnarsson,2022,SE2,13653,False,30,28,0,2409,3,0,0,0,4
377473,Erik Gunnarsson,2022,RESE,13653,False,2,1,0,90,0,0,0,0,0
377473,Erik Gunnarsson,2021,SEC,13653,False,2,1,0,90,0,0,0,0,0
377473,Erik Gunnarsson,2021,SE2,13653,False,30,25,0,833,0,0,0,0,0
377473,Erik Gunnarsson,2020,SEC,13653,False,5,4,0,390,0,0,0,0,2
377473,Erik Gunnarsson,2020,SE3S,13653,False,30,26,0,2045,0,0,0,0,6
377473,Erik Gunnarsson,2019,SEC,13653,False,1,1,0,90,0,0,0,0,0
377473,Erik Gunnarsson,2019,SE3S,13653,False,30,26,0,2285,1,0,0,0,4
377473,Erik Gunnarsson,2018,SEC,801,False,3,0,0,0,0,0,0,0,0
377473,Erik Gunnarsson,2018,SE3S,13653,False,30,29,0,2360,0,1,0,0,2
377473,Erik Gunnarsson,2018,SE1,801,False,1,0,0,0,0,0,0,0,0
377473,Erik Gunnarsson,2017,SEC,801,False,5,1,0,90,0,0,0,0,0
377473,Erik Gunnarsson,2017,SE3S,48219,False,1,1,0,90,0,0,0,0,0
377473,Erik Gunnarsson,2017,SE3S,13653,False,21,20,0,1730,0,0,0,0,0
377473,Erik Gunnarsson,2017,SE1,801,False,11,0,0,0,0,0,0,0,0
377473,Erik Gunnarsson,2017,S21S,8866,False,7,7,0,630,0,0,0,0,0
377473,Erik Gunnarsson,2017,JUSÖ,8867,False,9,2,0,180,0,0,0,0,0
377473,Erik Gunnarsson,2016,SE1,801,False,10,1,0,6,0,0,0,0,0
377473,Erik Gunnarsson,2016,S21S,8866,False,14,13,0,1156,0,0,0,0,0
377473,Erik Gunnarsson,2016,JUSÖ,8867,False,26,21,0,1890,1,0,0,0,1
377473,Erik Gunnarsson,2016,JUSL,8867,False,2,2,0,180,0,0,0,0,0
377473,Erik Gunnarsson,2016,FS,23488,True,2,2,0,173,0,0,0,0,0
377473,Erik Gunnarsson,2015,S21S,8866,False,5,3,0,189,0,0,0,0,0
377473,Erik Gunnarsson,2015,JUSÖ,8867,False,26,13,0,1170,0,0,0,0,1
377473,Erik Gunnarsson,2014,JUSÖ,8867,False,1,0,0,0,0,0,0,0,0
377473,Erik Gunnarsson,2014,FS,41525,True,3,2,0,88,0,0,0,0,0
1136676,Anton Finell,2025,FIS,3650,False,3,0,0,0,0,0,0,0,0
1136676,Anton Finell,2025,FIL,3650,False,5,1,0,90,0,0,0,0,0
1136676,Anton Finell,2025,FI3C,109034,False,15,9,0,810,0,0,0,0,1
1136676,Anton Finell,2025,FI1,3650,False,20,0,0,0,0,0,0,0,0
1136676,Anton Finell,2024,FIL,3650,False,2,0,0,0,0,0,0,0,0
1136676,Anton Finell,2024,FI3C,21041,False,3,0,0,0,0,0,0,0,0
1136676,Anton Finell,2024,FI1,3650,False,1,0,0,0,0,0,0,0,0
1136676,Anton Finell,2024,F4LA,109034,False,22,1,0,90,0,0,0,0,0
1136676,Anton Finell,2023,F4LA,109034,False,1,0,0,0,0,0,0,0,0
1136676,Anton Finell,2022,FI3C,21041,False,21,0,0,0,0,0,0,0,0
369695,Michael Ogungbaro,2025,FIS,3650,False,3,3,0,145,0,0,0,0,0
369695,Michael Ogungbaro,2025,FIL,3650,False,5,5,0,355,0,1,0,0,0
369695,Michael Ogungbaro,2025,FI1,3650,False,20,17,0,1418,0,1,8,1,3
369695,Michael Ogungbaro,2024,FIS,3650,False,6,5,0,385,1,1,0,0,2
369695,Michael Ogungbaro,2024,FIL,3650,False,5,3,0,270,0,0,0,0,0
369695,Michael Ogungbaro,2024,FI1,3650,False,22,21,0,1597,2,2,16,4,3
369695,Michael Ogungbaro,2024,F1CC,3650,False,5,5,0,424,1,0,6,3,0
369695,Michael Ogungbaro,2023,YKCP,3650,False,1,0,0,0,0,0,0,0,0
369695,Michael Ogungbaro,2023,POFI,3650,False,2,2,0,180,0,0,1,0,0
369695,Michael Ogungbaro,2023,FIS,3650,False,2,2,0,152,0,0,0,0,0
369695,Michael Ogungbaro,2023,FI2,3650,False,27,26,0,2340,2,0,0,0,4
369695,Michael Ogungbaro,2022,FIS,7315,False,5,5,0,324,0,0,0,0,0
369695,Michael Ogungbaro,2022,FIL,7315,False,5,5,0,274,0,0,0,0,1
369695,Michael Ogungbaro,2022,FI1,7315,False,22,19,0,1675,1,0,11,3,2
369695,Michael Ogungbaro,2022,F1CC,7315,False,5,5,0,450,0,0,2,1,1
369695,Michael Ogungbaro,2021,YKCP,7315,False,4,4,0,285,0,1,0,0,0
369695,Michael Ogungbaro,2021,YKAU,7315,False,5,4,0,331,0,1,0,0,0
369695,Michael Ogungbaro,2021,FIS,7315,False,3,3,0,254,0,1,0,0,0
369695,Michael Ogungbaro,2021,FI2,7315,False,22,12,10,949,0,0,0,0,1
369695,Michael Ogungbaro,2020,FIS,7315,False,3,1,0,90,0,0,0,0,0
369695,Michael Ogungbaro,2020,FI1,7315,False,22,18,0,1404,0,1,0,0,4
369695,Michael Ogungbaro,2020,F1CC,7315,False,5,5,0,450,1,0,0,0,2
369695,Michael Ogungbaro,2019,SL1,26985,False,18,3,0,248,0,0,0,0,1
369695,Michael Ogungbaro,2019,POFI,7315,False,2,2,0,180,0,0,0,0,0
369695,Michael Ogungbaro,2019,FI2,7315,False,16,12,0,1004,2,2,0,0,3
369695,Michael Ogungbaro,2018,NOPO,36224,False,2,2,0,123,0,0,0,0,0
369695,Michael Ogungbaro,2018,NO2,36224,False,15,7,1,438,0,1,0,0,3
369695,Michael Ogungbaro,2018,NO2,267,False,5,0,0,0,0,0,0,0,0
369695,Michael Ogungbaro,2017,NOPO,14761,False,2,2,0,145,0,1,0,0,0
369695,Michael Ogungbaro,2017,NO2R,14761,False,2,2,0,180,1,0,0,0,0
369695,Michael Ogungbaro,2017,NO2,14761,False,29,25,0,1935,3,0,0,0,3
369695,Michael Ogungbaro,2017,NO1,267,False,2,0,0,0,0,0,0,0,0
369695,Michael Ogungbaro,2016,NOPO,36224,False,4,2,0,104,0,0,0,0,1
369695,Michael Ogungbaro,2016,NO2,36224,False,30,21,1,1534,1,0,0,0,3
369695,Michael Ogungbaro,2015,RTIP,36224,False,4,4,0,360,1,1,0,0,0
369695,Michael Ogungbaro,2015,NOPO,36224,False,2,1,0,120,1,0,0,0,0
369695,Michael Ogungbaro,2015,NO2,36224,False,30,24,0,2004,3,1,0,0,2
369695,Michael Ogungbaro,2015,DKDL,9054,False,12,0,0,0,0,0,0,0,0
369695,Michael Ogungbaro,2014,DKDL,9054,False,11,0,0,0,0,0,0,0,0
741143,Joas Snellman,2025,FIS,3650,False,3,3,0,270,0,0,0,0,0
741143,Joas Snellman,2025,FIL,3650,False,3,1,0,90,0,0,0,0,0
741143,Joas Snellman,2025,FI3C,109034,False,10,4,0,360,0,0,0,0,0
741143,Joas Snellman,2025,FI1,3650,False,20,0,0,0,0,0,0,0,0
741143,Joas Snellman,2024,KP3C,21041,False,5,0,0,0,0,0,0,0,0
741143,Joas Snellman,2024,FIS,21041,False,1,1,0,90,0,0,0,0,0
741143,Joas Snellman,2024,FIKP,21041,False,2,0,0,0,0,0,0,0,0
741143,Joas Snellman,2024,FI3C,21041,False,16,11,0,990,0,0,0,0,1
741143,Joas Snellman,2023,KP3C,21041,False,5,2,0,180,0,0,0,0,0
741143,Joas Snellman,2023,FIS,21041,False,3,1,0,90,0,0,0,0,1
741143,Joas Snellman,2023,FIKP,21041,False,2,1,0,90,0,0,0,0,0
741143,Joas Snellman,2023,FI3C,21041,False,18,9,0,810,0,0,0,0,0
741143,Joas Snellman,2022,YKCP,3650,False,3,0,0,0,0,0,0,0,0
741143,Joas Snellman,2022,YKAB,3650,False,5,1,0,90,0,0,0,0,0
741143,Joas Snellman,2022,FIS,3650,False,1,0,0,0,0,0,0,0,0
741143,Joas Snellman,2022,FI3C,21041,False,11,11,0,990,0,0,0,0,1
741143,Joas Snellman,2022,FI2,3650,False,22,2,0,180,0,0,0,0,0
741143,Joas Snellman,2021,YKCP,3650,False,6,1,0,90,0,0,0,0,0
741143,Joas Snellman,2021,YKAU,3650,False,5,0,0,0,0,0,0,0,0
741143,Joas Snellman,2021,FIS,3650,False,3,1,0,90,0,0,0,0,0
741143,Joas Snellman,2021,FI3C,21041,False,16,14,0,1260,0,0,0,0,0
741143,Joas Snellman,2021,FI2P,3650,False,2,0,0,0,0,0,0,0,0
741143,Joas Snellman,2021,FI2,3650,False,22,2,0,180,0,0,0,0,0
741143,Joas Snellman,2020,YKAU,3650,False,5,0,0,0,0,0,0,0,0
741143,Joas Snellman,2020,FIS,45310,False,1,1,0,90,0,0,0,0,1
741143,Joas Snellman,2020,FIS,3650,False,3,0,0,0,0,0,0,0,0
741143,Joas Snellman,2020,FI3C,21041,False,9,8,0,686,0,0,0,0,0
741143,Joas Snellman,2020,FI2,3650,False,22,0,0,0,0,0,0,0,0
741143,Joas Snellman,2019,FIS,3650,False,1,0,0,0,0,0,0,0,0
741143,Joas Snellman,2019,FI3C,21041,False,14,6,0,540,0,0,0,0,0
282706,Senne Vits,2025,NOPO,17647,False,2,1,0,120,0,0,0,0,0
282706,Senne Vits,2025,FIS,3650,False,3,0,0,0,0,0,0,0,0
282706,Senne Vits,2025,FIL,3650,False,5,2,0,180,0,0,0,0,0
282706,Senne Vits,2025,FI1,3650,False,20,19,0,1710,0,0,0,0,1
282706,Senne Vits,2024,SEC,2283,False,1,0,0,0,0,0,0,0,0
282706,Senne Vits,2024,NOPO,17647,False,3,3,0,270,0,0,0,0,0
282706,Senne Vits,2024,NO32,17647,False,26,26,0,2340,0,0,0,0,0
282706,Senne Vits,2023,SEC,23302,False,2,2,0,210,0,0,0,0,0
282706,Senne Vits,2023,SE3N,2283,False,30,29,0,2610,0,0,0,0,0
282706,Senne Vits,2022,SEC,23302,False,3,3,0,249,0,0,0,0,0
282706,Senne Vits,2022,SE3N,23302,False,30,29,0,2610,0,0,0,0,3
282706,Senne Vits,2022,CCB,9804,False,1,1,0,90,0,0,0,0,0
282706,Senne Vits,2022,BEL3,9804,False,22,12,5,1065,0,0,0,0,0
282706,Senne Vits,2021,LUXP,2660,False,1,1,0,120,0,0,0,0,0
282706,Senne Vits,2021,LUX1,2660,False,30,17,13,1530,0,0,0,0,3
282706,Senne Vits,2019,NLP,500,False,1,0,0,0,0,0,0,0,0
282706,Senne Vits,2019,NL2,500,False,25,0,6,0,0,0,0,0,0
282706,Senne Vits,2019,BEL3,28107,False,1,0,0,0,0,0,0,0,0
282706,Senne Vits,2018,CCB,28107,False,1,0,0,0,0,0,0,0,0
282706,Senne Vits,2018,BEL3,28107,False,30,4,0,360,0,0,0,0,0
282706,Senne Vits,2018,B3AU,28107,False,6,0,0,0,0,0,0,0,0
282706,Senne Vits,2017,U21Q,9315,True,1,0,0,0,0,0,0,0,0
282706,Senne Vits,2016,PON2,384,False,4,0,0,0,0,0,0,0,0
282706,Senne Vits,2016,NL2,384,False,18,0,0,0,0,0,0,0,0
282706,Senne Vits,2016,EL,3057,False,6,0,0,0,0,0,0,0,0
282706,Senne Vits,2016,CCB,3057,False,1,0,0,0,0,0,0,0,0
282706,Senne Vits,2016,BESC,3057,False,1,0,0,0,0,0,0,0,0
282706,Senne Vits,2016,BE1,3057,False,21,0,0,0,0,0,0,0,0
282706,Senne Vits,2015,POBE,3057,False,6,0,0,0,0,0,0,0,0
282706,Senne Vits,2015,CCB,3057,False,4,0,0,0,0,0,0,0,0
282706,Senne Vits,2015,BE1,3057,False,12,0,0,0,0,0,0,0,0
282706,Senne Vits,2014,U19Q,16338,True,3,1,0,90,0,0,0,0,0
282706,Senne Vits,2014,FS,16338,True,2,1,0,45,0,0,0,0,0
282706,Senne Vits,2014,EBEL,2727,False,6,0,0,0,0,0,0,0,0
282706,Senne Vits,2014,CCB,2727,False,2,0,0,0,0,0,0,0,0
282706,Senne Vits,2014,BE2,2727,False,34,0,0,0,0,0,0,0,0
282706,Senne Vits,2013,FS,16337,True,1,1,0,90,0,0,0,0,0
282706,Senne Vits,2013,BE1,2727,False,2,0,0,0,0,0,0,0,0
282706,Senne Vits,2011,FS,23282,True,1,1,0,80,0,0,0,0,0
501810,Fabian Østigård Ness,2025,FIS,3650,False,3,0,0,0,0,0,0,0,0
501810,Fabian Østigård Ness,2025,FIL,3650,False,5,5,0,450,0,2,0,0,1
501810,Fabian Østigård Ness,2025,FI1,3650,False,20,19,0,1670,1,3,18,6,1
501810,Fabian Østigård Ness,2025,ECLQ,11540,False,2,2,0,105,1,0,0,0,1
501810,Fabian Østigård Ness,2024,FARO,11540,False,27,27,0,2359,3,5,0,0,1
501810,Fabian Østigård Ness,2024,FAPO,11540,False,1,1,0,90,0,0,0,0,1
501810,Fabian Østigård Ness,2024,ECLQ,10532,False,2,2,0,169,0,0,0,0,0
501810,Fabian Østigård Ness,2023,NOPO,267,False,1,1,0,74,0,0,0,0,0
501810,Fabian Østigård Ness,2023,NO2,267,False,14,13,0,696,0,0,0,0,2
501810,Fabian Østigård Ness,2023,FARO,10532,False,12,10,0,892,0,0,0,0,2
501810,Fabian Østigård Ness,2023,FAPO,10532,False,1,1,0,120,0,0,0,0,0
501810,Fabian Østigård Ness,2022,RTIP,267,False,1,0,0,0,0,0,0,0,0
501810,Fabian Østigård Ness,2022,NOPO,267,False,3,3,0,171,1,0,0,0,0
501810,Fabian Østigård Ness,2022,NO44,39653,False,12,2,0,180,0,0,0,0,0
501810,Fabian Østigård Ness,2022,NO2,267,False,30,24,1,1834,0,6,0,0,4
501810,Fabian Østigård Ness,2021,NOPO,36228,False,2,1,0,26,0,0,0,0,0
501810,Fabian Østigård Ness,2021,NOPO,267,False,1,1,0,120,0,0,0,0,0
501810,Fabian Østigård Ness,2021,NO2,36228,False,30,30,0,2603,3,4,0,0,0
501810,Fabian Østigård Ness,2020,NOPO,36228,False,3,2,0,150,0,0,0,0,0
501810,Fabian Østigård Ness,2020,NO2,36228,False,30,30,0,2367,0,0,0,0,2
501810,Fabian Østigård Ness,2019,NO2,36228,False,30,22,1,1411,1,3,0,0,1
501810,Fabian Østigård Ness,2018,NOPO,36228,False,3,3,0,249,0,0,0,0,0
501810,Fabian Østigård Ness,2018,NO32,36228,False,26,9,1,689,0,0,0,0,4
501810,Fabian Østigård Ness,2018,FS,38740,True,2,1,0,45,0,0,0,0,0
501810,Fabian Østigård Ness,2017,NOPO,36228,False,2,1,0,19,0,0,0,0,0
501810,Fabian Østigård Ness,2017,NO31,36228,False,26,19,0,1370,2,0,0,0,1
501810,Fabian Østigård Ness,2016,NOPO,36228,False,2,1,0,90,0,0,0,0,0
501810,Fabian Østigård Ness,2016,NO31,36228,False,26,0,0,0,0,0,0,0,0
501810,Fabian Østigård Ness,2015,NOPO,36228,False,2,0,0,0,0,0,0,0,0
739460,Aron Bjonbäck,2025,FIS,3650,False,3,2,0,180,0,1,0,0,1
739460,Aron Bjonbäck,2025,FIL,3650,False,5,5,0,388,0,1,0,0,0
739460,Aron Bjonbäck,2025,FI1,3650,False,20,19,0,1004,1,0,4,1,1
739460,Aron Bjonbäck,2024,FIS,3650,False,6,6,0,337,0,1,0,0,0
739460,Aron Bjonbäck,2024,FIL,3650,False,5,4,0,264,0,0,0,0,0
739460,Aron Bjonbäck,2024,FI1,3650,False,22,18,0,1235,0,0,4,1,1
739460,Aron Bjonbäck,2024,F1CC,3650,False,5,5,0,390,0,0,5,1,0
739460,Aron Bjonbäck,2023,YKCP,3650,False,6,5,0,238,0,0,0,0,0
739460,Aron Bjonbäck,2023,POFI,3650,False,2,2,0,180,0,0,0,0,0
739460,Aron Bjonbäck,2023,FIS,3650,False,2,1,0,28,0,0,0,0,0
739460,Aron Bjonbäck,2023,FI2,3650,False,27,27,0,1731,1,1,0,0,1
739460,Aron Bjonbäck,2022,YKCP,3650,False,3,3,0,267,0,0,0,0,1
739460,Aron Bjonbäck,2022,YKAB,3650,False,5,5,0,205,0,1,0,0,0
739460,Aron Bjonbäck,2022,FIS,3650,False,1,0,0,0,0,0,0,0,0
739460,Aron Bjonbäck,2022,FI3C,21041,False,2,2,0,119,0,0,0,0,1
739460,Aron Bjonbäck,2022,FI2,3650,False,22,17,0,1263,0,1,0,0,5
739460,Aron Bjonbäck,2021,YKCP,3650,False,6,5,0,295,0,0,0,0,0
739460,Aron Bjonbäck,2021,YKAU,3650,False,5,1,0,90,0,0,0,0,1
739460,Aron Bjonbäck,2021,FIS,3650,False,3,3,0,225,1,0,0,0,0
739460,Aron Bjonbäck,2021,FI3C,21041,False,13,9,0,783,0,1,0,0,2
739460,Aron Bjonbäck,2021,FI2P,3650,False,2,2,0,24,0,0,0,0,0
739460,Aron Bjonbäck,2021,FI2,3650,False,22,18,0,1116,0,3,0,0,1
739460,Aron Bjonbäck,2020,YKAU,3650,False,5,2,0,77,0,1,0,0,0
739460,Aron Bjonbäck,2020,FIS,3650,False,3,3,0,270,0,0,0,0,0
739460,Aron Bjonbäck,2020,FI3C,21041,False,9,7,0,532,0,0,0,0,1
739460,Aron Bjonbäck,2020,FI2,3650,False,22,5,0,63,0,0,0,0,0
739460,Aron Bjonbäck,2019,FIS,3650,False,5,4,0,134,0,0,0,0,0
739460,Aron Bjonbäck,2019,FI3C,21041,False,17,13,0,981,1,0,0,0,0
739460,Aron Bjonbäck,2019,FI2,3650,False,22,5,0,66,0,0,0,0,0
1283947,Felix Kass,2025,FIS,3650,False,3,3,0,225,0,0,0,0,0
1283947,Felix Kass,2025,FIL,3650,False,5,2,0,96,0,0,0,0,0
1283947,Felix Kass,2025,FI3C,109034,False,14,8,0,693,0,0,0,0,4
1283947,Felix Kass,2025,FI1,3650,False,20,2,0,70,0,0,1,0,0
1283947,Felix Kass,2024,KP3C,21041,False,5,4,0,213,0,0,0,0,0
1283947,Felix Kass,2024,FIS,3650,False,6,0,0,0,0,0,0,0,0
1283947,Felix Kass,2024,FIS,21041,False,1,0,0,0,0,0,0,0,0
1283947,Felix Kass,2024,FIL,3650,False,5,1,0,12,0,0,0,0,0
1283947,Felix Kass,2024,FIKP,21041,False,2,2,0,123,0,0,0,0,0
1283947,Felix Kass,2024,FI3C,21041,False,16,15,0,1285,2,0,0,0,1
1283947,Felix Kass,2024,FI1,3650,False,22,0,0,0,0,0,0,0,0
1283947,Felix Kass,2024,F1CC,3650,False,5,0,0,0,0,0,0,0,0
1283947,Felix Kass,2023,KP3C,21041,False,5,3,0,270,1,0,0,0,1
1283947,Felix Kass,2023,FIKP,21041,False,1,1,0,90,0,0,0,0,0
1283947,Felix Kass,2023,FI3C,21041,False,4,1,0,90,0,0,0,0,0
1283947,Felix Kass,2023,F4LA,109034,False,4,3,0,180,0,0,0,0,0
139782,Johan Brunell,2025,FIS,3650,False,3,0,0,0,0,0,0,0,0
139782,Johan Brunell,2025,FIL,3650,False,5,2,0,180,0,0,0,0,1
139782,Johan Brunell,2025,FI1,3650,False,20,12,0,730,0,0,1,0,1
139782,Johan Brunell,2024,FIS,3650,False,6,1,0,90,0,0,0,0,0
139782,Johan Brunell,2024,FIL,3650,False,5,3,0,214,1,0,0,0,1
139782,Johan Brunell,2024,FI1,3650,False,22,14,0,1155,0,0,5,1,0
139782,Johan Brunell,2024,F1CC,3650,False,5,4,0,230,0,0,1,0,0
139782,Johan Brunell,2023,YKCP,3650,False,6,5,0,435,0,0,0,0,1
139782,Johan Brunell,2023,POFI,3650,False,2,2,0,180,0,0,0,0,2
139782,Johan Brunell,2023,FIS,3650,False,2,0,0,0,0,0,0,0,0
139782,Johan Brunell,2023,FI2,3650,False,27,18,0,1583,3,0,0,0,5
139782,Johan Brunell,2022,YKCP,3650,False,3,2,0,122,0,0,0,0,2
139782,Johan Brunell,2022,YKAB,3650,False,5,4,0,360,0,0,0,0,1
139782,Johan Brunell,2022,FIS,3650,False,1,0,0,0,0,0,0,0,0
139782,Johan Brunell,2022,FI2,3650,False,22,16,0,1241,1,0,0,0,2
139782,Johan Brunell,2021,YKCP,3650,False,6,1,0,41,0,0,0,0,0
139782,Johan Brunell,2021,YKAU,3650,False,5,4,0,307,0,0,0,0,1
139782,Johan Brunell,2021,FIS,3650,False,3,1,0,78,0,0,0,0,0
139782,Johan Brunell,2021,FI2P,3650,False,2,2,0,180,1,0,0,0,1
139782,Johan Brunell,2021,FI2,3650,False,22,19,0,1559,1,1,0,0,2
139782,Johan Brunell,2020,YKAU,3650,False,5,5,0,450,0,0,0,0,0
139782,Johan Brunell,2020,FIS,3650,False,3,0,0,0,0,0,0,0,0
139782,Johan Brunell,2020,FI2,3650,False,22,18,0,1478,3,1,0,0,4
139782,Johan Brunell,2019,FIS,3650,False,5,4,0,327,1,0,0,0,3
139782,Johan Brunell,2019,FI2,3650,False,22,1,21,70,0,0,0,0,0
139782,Johan Brunell,2018,FIS,3650,False,4,4,0,315,0,0,0,0,2
139782,Johan Brunell,2018,FI2,3650,False,27,21,0,1768,2,1,0,0,3
139782,Johan Brunell,2017,FIS,3650,False,5,2,0,152,0,0,0,0,0
139782,Johan Brunell,2017,FI2,3650,False,27,14,0,1164,2,0,0,0,4
139782,Johan Brunell,2016,MLS1,11141,False,2,0,0,0,0,0,0,0,0
139782,Johan Brunell,2016,FI3C,21041,False,10,4,0,360,0,0,0,0,0
139782,Johan Brunell,2015,FIS,3650,False,2,2,0,180,0,0,0,0,0
139782,Johan Brunell,2015,FI2,3650,False,27,20,0,1779,0,0,0,0,2
139782,Johan Brunell,2014,FIS,3650,False,1,1,0,90,0,0,0,0,0
139782,Johan Brunell,2014,FIL,3650,False,4,0,0,0,0,0,0,0,0
139782,Johan Brunell,2014,FI1,3650,False,33,15,0,1193,2,0,0,0,2
139782,Johan Brunell,2013,FIS,3650,False,1,0,0,0,0,0,0,0,0
139782,Johan Brunell,2013,FIL,3650,False,4,4,0,294,0,0,0,0,2
139782,Johan Brunell,2013,FI1,3650,False,33,18,0,1447,2,0,0,0,0
139782,Johan Brunell,2012,FIS,3650,False,1,1,0,86,0,0,0,0,0
139782,Johan Brunell,2012,FIL,3650,False,7,2,0,69,0,0,0,0,0
139782,Johan Brunell,2012,FI1,3650,False,33,24,0,2093,0,0,0,0,2
139782,Johan Brunell,2011,FIS,3650,False,2,0,0,0,0,0,0,0,0
139782,Johan Brunell,2011,FIL,3650,False,7,0,0,0,0,0,0,0,0
139782,Johan Brunell,2011,FI1,3650,False,33,11,0,853,1,1,0,0,3
139782,Johan Brunell,2010,FIL,3650,False,2,1,0,18,0,0,0,0,0
139782,Johan Brunell,2010,FI1,3650,False,33,4,0,262,0,0,0,0,0
139782,Johan Brunell,2009,FIS,3650,False,1,0,0,0,0,0,0,0,0
139782,Johan Brunell,2009,FI1,3650,False,26,0,0,0,0,0,0,0,0
1283933,Ted Söderström,2025,FIS,3650,False,3,3,0,222,0,0,0,0,2
1283933,Ted Söderström,2025,FIL,3650,False,5,2,0,20,0,0,0,0,0
1283933,Ted Söderström,2025,FI3C,109034,False,14,12,0,1032,3,1,0,0,2
1283933,Ted Söderström,2025,FI1,3650,False,20,1,0,9,0,0,0,0,0
1283933,Ted Söderström,2024,FS,20791,True,2,1,0,78,0,0,0,0,0
1283933,Ted Söderström,2024,FI1,3650,False,1,0,0,0,0,0,0,0,0
1283933,Ted Söderström,2024,F4LA,109034,False,14,3,0,225,0,0,0,0,1
1283933,Ted Söderström,2023,F4LA,109034,False,8,3,0,193,0,0,0,0,0
716903,Altti Hellemaa,2025,U21Q,20796,True,2,2,0,34,0,0,0,0,0
716903,Altti Hellemaa,2025,SEC,1101,False,4,3,0,70,1,0,0,0,0
716903,Altti Hellemaa,2025,SE1,1101,False,13,5,0,95,0,0,0,0,1
716903,Altti Hellemaa,2025,FI1,3650,False,5,3,0,238,0,0,0,0,0
716903,Altti Hellemaa,2024,SEC,701,False,4,4,0,275,0,0,0,0,0
716903,Altti Hellemaa,2024,SE1,1101,False,30,9,0,275,0,0,2,1,1
716903,Altti Hellemaa,2023,FIYK,11131,False,1,0,0,0,0,0,0,0,0
716903,Altti Hellemaa,2023,FIS,27759,False,2,1,0,90,0,0,0,0,0
716903,Altti Hellemaa,2023,FIL,1008,False,5,2,0,49,0,0,0,0,0
716903,Altti Hellemaa,2023,FI2,27759,False,27,25,0,1498,2,6,0,0,2
716903,Altti Hellemaa,2022,YKAB,8043,False,5,5,0,424,0,1,0,0,1
716903,Altti Hellemaa,2022,U19Q,20794,True,3,2,0,43,0,0,0,0,0
716903,Altti Hellemaa,2022,FS,20794,True,3,2,0,93,0,0,0,0,0
716903,Altti Hellemaa,2022,FIS,45310,False,1,1,0,61,0,0,0,0,0
716903,Altti Hellemaa,2022,FI3A,11131,False,1,0,0,0,0,0,0,0,0
716903,Altti Hellemaa,2022,FI2,8043,False,4,4,0,256,0,1,0,0,0
716903,Altti Hellemaa,2022,FI2,45310,False,18,11,0,347,0,0,0,0,1
716903,Altti Hellemaa,2021,KP3B,11131,False,3,3,0,122,0,0,0,0,2
716903,Altti Hellemaa,2021,FS,20793,True,6,6,0,264,0,0,1,0,0
716903,Altti Hellemaa,2021,FIS,11131,False,3,3,0,211,0,0,0,0,0
716903,Altti Hellemaa,2021,FI3B,11131,False,24,23,0,1440,3,0,0,0,0
716903,Altti Hellemaa,2020,FI3A,17397,False,22,19,0,1629,0,0,0,0,0
716903,Altti Hellemaa,2019,FS,20791,True,6,5,0,244,1,0,0,0,0
323012,Adam Vidjeskog,2025,FIS,3650,False,3,3,0,225,0,0,0,0,1
323012,Adam Vidjeskog,2025,FIL,3650,False,5,4,0,261,0,0,0,0,1
323012,Adam Vidjeskog,2025,FI1,3650,False,20,17,0,717,0,0,6,1,6
323012,Adam Vidjeskog,2024,FIS,3650,False,6,5,0,405,1,1,0,0,2
323012,Adam Vidjeskog,2024,FIL,3650,False,5,5,0,386,0,0,0,0,1
323012,Adam Vidjeskog,2024,FI1,3650,False,22,20,0,904,1,3,10,4,4
323012,Adam Vidjeskog,2024,F1CC,3650,False,5,5,0,352,0,0,2,1,1
323012,Adam Vidjeskog,2023,YKCP,3650,False,6,6,0,516,3,0,0,0,3
323012,Adam Vidjeskog,2023,SEC,28447,False,1,1,0,83,0,0,0,0,0
323012,Adam Vidjeskog,2023,POFI,3650,False,2,2,0,148,0,0,1,0,1
323012,Adam Vidjeskog,2023,FIS,3650,False,2,0,0,0,0,0,0,0,0
323012,Adam Vidjeskog,2023,FI2,3650,False,27,23,0,1910,3,4,0,0,9
323012,Adam Vidjeskog,2022,SEC,28447,False,3,3,0,88,0,0,0,0,2
323012,Adam Vidjeskog,2022,SE3S,28447,False,30,24,0,1100,0,0,0,0,5
323012,Adam Vidjeskog,2021,YKCP,3650,False,6,6,0,519,0,0,0,0,2
323012,Adam Vidjeskog,2021,YKAU,3650,False,5,3,0,254,0,1,0,0,1
323012,Adam Vidjeskog,2021,FIS,3650,False,3,3,0,225,0,0,0,0,0
323012,Adam Vidjeskog,2021,FI3C,21041,False,1,1,0,45,0,0,0,0,0
323012,Adam Vidjeskog,2021,FI2P,3650,False,2,2,0,70,0,0,0,0,0
323012,Adam Vidjeskog,2021,FI2,3650,False,22,18,0,1292,1,0,0,0,7
323012,Adam Vidjeskog,2020,YKAB,8043,False,5,2,0,173,0,0,0,0,1
323012,Adam Vidjeskog,2020,FIS,8043,False,3,2,0,145,0,0,0,0,1
323012,Adam Vidjeskog,2020,FI2,8043,False,22,20,0,1496,1,4,0,0,10
323012,Adam Vidjeskog,2019,FIS,8043,False,6,6,0,430,0,0,0,0,2
323012,Adam Vidjeskog,2019,FI2,8043,False,22,19,0,957,1,2,0,0,5
323012,Adam Vidjeskog,2018,POFI,8043,False,2,0,0,0,0,0,0,0,0
323012,Adam Vidjeskog,2018,FIS,8043,False,8,6,0,128,0,0,0,0,1
323012,Adam Vidjeskog,2018,FI1,8043,False,22,12,0,589,1,0,0,0,5
323012,Adam Vidjeskog,2018,F1CC,8043,False,5,2,0,180,1,0,0,0,1
323012,Adam Vidjeskog,2017,FIS,21041,False,1,0,0,0,0,0,0,0,0
323012,Adam Vidjeskog,2017,FIS,17398,False,5,3,0,209,0,0,0,0,0
323012,Adam Vidjeskog,2017,FI1,17398,False,33,16,0,1046,0,0,0,0,5
323012,Adam Vidjeskog,2016,U19Q,20794,True,3,1,0,71,0,0,0,0,0
323012,Adam Vidjeskog,2016,FIS,3650,False,6,4,0,283,1,0,0,0,2
323012,Adam Vidjeskog,2016,FI3C,21041,False,13,8,0,691,0,0,0,0,1
323012,Adam Vidjeskog,2016,FI2,3650,False,27,16,2,724,0,2,0,0,5
323012,Adam Vidjeskog,2015,S21N,41546,False,4,0,0,0,0,0,0,0,0
323012,Adam Vidjeskog,2015,FS,20793,True,8,7,0,377,0,0,0,0,1
323012,Adam Vidjeskog,2015,FIS,3650,False,2,1,0,3,0,0,0,0,0
323012,Adam Vidjeskog,2015,FI2,3650,False,6,0,0,0,0,0,0,0,0
323012,Adam Vidjeskog,2014,FIS,3650,False,1,0,0,0,0,0,0,0,0
323012,Adam Vidjeskog,2014,FIL,3650,False,4,3,0,80,0,0,0,0,1
323012,Adam Vidjeskog,2014,FI3N,21041,False,20,16,0,1420,0,0,0,0,2
323012,Adam Vidjeskog,2014,FI1,3650,False,33,1,0,11,0,0,0,0,0
323012,Adam Vidjeskog,2013,FS,20792,True,2,2,0,61,0,0,0,0,0
323012,Adam Vidjeskog,2013,FS,20791,True,2,2,0,100,0,0,0,0,0
668770,Oliver Isak Kass Kawo,2025,SEC,49885,False,2,2,0,121,0,0,0,0,1
668770,Oliver Isak Kass Kawo,2025,FIS,3650,False,3,2,0,135,0,0,0,0,1
668770,Oliver Isak Kass Kawo,2025,FIL,3650,False,5,5,0,387,0,2,0,0,1
668770,Oliver Isak Kass Kawo,2025,FI1,3650,False,20,19,0,1414,0,2,21,3,2
668770,Oliver Isak Kass Kawo,2024,SEC,49885,False,1,1,0,90,0,0,0,0,0
668770,Oliver Isak Kass Kawo,2024,SE3N,49885,False,30,28,0,2253,4,5,0,0,5
668770,Oliver Isak Kass Kawo,2023,SEC,23302,False,2,2,0,94,0,0,0,0,0
668770,Oliver Isak Kass Kawo,2023,FS,31150,True,2,0,0,0,0,0,0,0,0
668770,Oliver Isak Kass Kawo,2023,A23Q,31150,True,3,3,0,153,1,0,0,0,0
668770,Oliver Isak Kass Kawo,2022,W23C,31150,True,2,2,0,156,0,0,0,0,0
668770,Oliver Isak Kass Kawo,2022,SE3N,23302,False,30,10,0,256,0,1,0,0,0
668770,Oliver Isak Kass Kawo,2022,FS,31150,True,1,0,0,0,0,0,0,0,0
668770,Oliver Isak Kass Kawo,2022,FS,13674,True,7,2,0,145,0,0,0,0,0
668770,Oliver Isak Kass Kawo,2022,DKP,22110,False,3,3,0,159,0,0,0,0,2
668770,Oliver Isak Kass Kawo,2022,DK2,22110,False,21,6,0,52,0,0,0,0,0
668770,Oliver Isak Kass Kawo,2021,W23C,31150,True,4,0,0,0,0,0,0,0,0
668770,Oliver Isak Kass Kawo,2021,FS,13674,True,1,0,0,0,0,0,0,0,0
668770,Oliver Isak Kass Kawo,2021,DK2P,22110,False,10,0,0,0,0,0,0,0,0
668770,Oliver Isak Kass Kawo,2021,DK2,22110,False,4,2,0,14,0,0,1,0,0
668770,Oliver Isak Kass Kawo,2021,A23Q,31150,True,2,2,0,147,0,0,0,0,0
668770,Oliver Isak Kass Kawo,2020,ARCP,13674,True,3,3,0,234,1,0,0,0,0
668770,Oliver Isak Kass Kawo,2019,WMQ1,13674,True,5,3,0,148,0,0,0,0,0
668770,Oliver Isak Kass Kawo,2019,JUNO,22390,False,13,2,0,180,0,0,0,0,0
668770,Oliver Isak Kass Kawo,2018,JUNO,22390,False,10,4,0,360,0,0,0,0,0
794903,Jesper Svenungsen Skau,2025,NOPO,11338,False,3,3,0,139,0,1,0,0,0
794903,Jesper Svenungsen Skau,2025,FIS,3650,False,3,1,0,45,1,0,0,0,0
794903,Jesper Svenungsen Skau,2025,FIL,3650,False,5,5,0,450,0,0,0,0,0
794903,Jesper Svenungsen Skau,2025,FI1,3650,False,20,19,0,1710,0,0,14,3,4
794903,Jesper Svenungsen Skau,2024,NOPO,11338,False,4,4,0,327,0,0,0,0,0
794903,Jesper Svenungsen Skau,2024,NO2,11338,False,30,27,1,2224,4,2,0,0,7
794903,Jesper Svenungsen Skau,2023,NOPO,1058,False,3,3,0,223,1,0,0,0,0
794903,Jesper Svenungsen Skau,2023,NO42,35023,False,3,3,0,216,1,0,0,0,0
794903,Jesper Svenungsen Skau,2023,NO2R,11338,False,2,0,0,0,0,0,0,0,0
794903,Jesper Svenungsen Skau,2023,NO2,11338,False,18,12,0,758,0,0,0,0,2
794903,Jesper Svenungsen Skau,2023,NO1,1058,False,12,7,0,78,0,0,1,0,1
794903,Jesper Svenungsen Skau,2022,NOPO,1058,False,3,1,0,45,0,0,0,0,0
794903,Jesper Svenungsen Skau,2022,NO44,35023,False,18,18,0,1471,2,0,0,0,6
794903,Jesper Svenungsen Skau,2022,NO1,1058,False,30,4,0,61,1,0,2,1,0
794903,Jesper Svenungsen Skau,2021,NOPO,1058,False,4,2,0,64,0,0,0,0,0
794903,Jesper Svenungsen Skau,2021,NO31,35023,False,24,24,0,1982,0,0,0,0,3
794903,Jesper Svenungsen Skau,2021,NO1,1058,False,30,3,0,72,0,0,0,0,0
794903,Jesper Svenungsen Skau,2020,NOPO,1058,False,1,0,0,0,0,0,0,0,0
794903,Jesper Svenungsen Skau,2020,NO32,35023,False,26,25,1,2103,2,0,0,0,2
794903,Jesper Svenungsen Skau,2019,NO32,35023,False,13,2,0,180,0,0,0,0,0
943989,Mats Pedersen,2025,NOPO,4309,False,1,1,0,16,0,0,0,0,0
943989,Mats Pedersen,2025,FIS,3650,False,3,0,0,0,0,0,0,0,0
943989,Mats Pedersen,2025,FI1,3650,False,20,8,0,601,0,1,7,2,1
943989,Mats Pedersen,2025,DK2,12275,False,2,1,0,1,0,0,1,0,0
943989,Mats Pedersen,2024,NO43,19352,False,11,8,0,665,1,0,0,0,2
943989,Mats Pedersen,2024,NO1,4309,False,16,7,0,159,0,0,2,1,0
943989,Mats Pedersen,2024,FS,38740,True,6,6,0,251,0,0,0,0,0
943989,Mats Pedersen,2024,EL,501,False,2,0,0,0,0,0,0,0,0
943989,Mats Pedersen,2024,DKDD,60831,False,1,1,0,63,0,0,0,0,0
943989,Mats Pedersen,2024,DK2P,12275,False,10,3,0,44,0,0,0,0,0
943989,Mats Pedersen,2024,DK2,12275,False,4,0,0,0,0,0,0,0,0
943989,Mats Pedersen,2023,U19Q,22515,True,6,3,0,153,1,0,0,0,0
943989,Mats Pedersen,2023,NOPO,11338,False,2,2,0,156,0,0,0,0,1
943989,Mats Pedersen,2023,NO2R,11338,False,2,2,0,147,0,0,0,0,0
943989,Mats Pedersen,2023,NO2,11338,False,30,28,0,2239,4,5,0,0,3
943989,Mats Pedersen,2023,FS,31919,True,2,2,0,6,0,0,0,0,1
943989,Mats Pedersen,2023,FS,22515,True,2,2,0,135,0,0,0,0,0
943989,Mats Pedersen,2023,ECLQ,501,False,2,0,0,0,0,0,0,0,0
943989,Mats Pedersen,2023,19EU,22515,True,4,2,0,116,0,1,1,0,0
943989,Mats Pedersen,2022,UCOL,501,False,1,0,0,0,0,0,0,0,0
943989,Mats Pedersen,2022,NOPO,501,False,5,1,0,14,0,0,0,0,0
943989,Mats Pedersen,2022,NO45,45445,False,12,12,0,1080,7,0,0,0,1
943989,Mats Pedersen,2022,NO44,41983,False,8,4,0,225,0,0,0,0,0
943989,Mats Pedersen,2022,NO2,11338,False,15,14,0,787,1,5,0,0,2
943989,Mats Pedersen,2022,NO1,501,False,17,0,0,0,0,0,0,0,0
943989,Mats Pedersen,2021,UCOL,501,False,5,0,0,0,0,0,0,0,0
943989,Mats Pedersen,2021,U17Q,26471,True,2,0,0,0,0,0,0,0,0
943989,Mats Pedersen,2021,NOPO,501,False,3,0,0,0,0,0,0,0,0
943989,Mats Pedersen,2021,NO45,45445,False,26,21,0,1726,9,0,0,0,3
943989,Mats Pedersen,2021,FS,26471,True,1,0,0,0,0,0,0,0,0
943989,Mats Pedersen,2020,NOPO,501,False,1,0,0,0,0,0,0,0,0
943989,Mats Pedersen,2020,NO46,45445,False,13,9,0,725,1,0,0,0,2
943989,Mats Pedersen,2020,NO1,501,False,11,0,0,0,0,0,0,0,0
409854,Jim Myrevik,2025,FIS,3650,False,3,2,0,119,0,0,0,0,2
409854,Jim Myrevik,2025,FIL,3650,False,5,1,0,37,0,0,0,0,0
409854,Jim Myrevik,2025,FI1,3650,False,20,14,0,731,0,0,3,2,2
409854,Jim Myrevik,2024,FIS,3650,False,6,5,0,365,1,4,0,0,1
409854,Jim Myrevik,2024,FIL,3650,False,5,5,0,325,0,0,0,0,1
409854,Jim Myrevik,2024,FI1,3650,False,22,19,0,1116,1,2,5,1,2
409854,Jim Myrevik,2024,F1CC,3650,False,5,5,0,294,0,0,2,1,1
409854,Jim Myrevik,2023,YKCP,3650,False,6,5,0,306,0,0,0,0,0
409854,Jim Myrevik,2023,POFI,3650,False,2,2,0,66,0,0,0,0,0
409854,Jim Myrevik,2023,FIS,3650,False,2,2,0,107,0,0,0,0,0
409854,Jim Myrevik,2023,FI2,3650,False,27,27,0,1652,2,6,0,0,2
409854,Jim Myrevik,2022,YKCP,3650,False,3,3,0,212,1,0,0,0,2
409854,Jim Myrevik,2022,YKAB,3650,False,5,5,0,397,0,1,0,0,1
409854,Jim Myrevik,2022,FIS,3650,False,1,0,0,0,0,0,0,0,0
409854,Jim Myrevik,2022,FI2,3650,False,22,22,0,1859,5,0,0,0,3
409854,Jim Myrevik,2021,YKCP,3650,False,6,6,0,415,2,2,0,0,1
409854,Jim Myrevik,2021,YKAU,3650,False,5,5,0,365,0,1,0,0,0
409854,Jim Myrevik,2021,FIS,3650,False,3,3,0,202,2,0,0,0,0
409854,Jim Myrevik,2021,FI2P,3650,False,2,2,0,155,0,1,0,0,1
409854,Jim Myrevik,2021,FI2,3650,False,22,22,0,1572,3,4,0,0,1
409854,Jim Myrevik,2020,YKAU,3650,False,5,4,0,343,0,0,0,0,2
409854,Jim Myrevik,2020,FIS,3650,False,3,1,0,90,0,0,0,0,0
409854,Jim Myrevik,2020,FI3C,21041,False,2,2,0,135,0,0,0,0,0
409854,Jim Myrevik,2020,FI2,3650,False,22,17,0,908,1,0,0,0,3
409854,Jim Myrevik,2019,FIS,3650,False,5,5,0,370,1,1,0,0,2
409854,Jim Myrevik,2019,FI3C,21041,False,1,1,0,60,2,0,0,0,0
409854,Jim Myrevik,2019,FI2,3650,False,22,20,0,1153,3,3,0,0,3
409854,Jim Myrevik,2018,FIS,3650,False,4,2,0,124,0,0,0,0,0
409854,Jim Myrevik,2018,FI3C,21041,False,7,7,0,569,0,1,0,0,1
409854,Jim Myrevik,2018,FI2,3650,False,27,11,0,661,0,2,0,0,2
409854,Jim Myrevik,2017,FIS,3650,False,5,4,0,181,0,0,0,0,0
409854,Jim Myrevik,2017,FIS,21041,False,2,1,0,29,1,0,0,0,0
409854,Jim Myrevik,2017,FI3C,21041,False,2,2,0,180,0,0,0,0,0
409854,Jim Myrevik,2017,FI2,3650,False,27,19,0,1245,1,0,0,0,6
409854,Jim Myrevik,2016,FIS,21041,False,2,2,0,180,0,0,0,0,0
409854,Jim Myrevik,2016,FI3C,21041,False,22,22,0,1837,9,3,0,0,4
409854,Jim Myrevik,2015,FIS,21041,False,3,1,0,90,0,0,0,0,1
409854,Jim Myrevik,2014,FI3N,21041,False,11,6,0,327,0,0,0,0,2
990332,Kaius Hardén,2025,FIS,3650,False,3,3,0,235,0,0,0,0,0
990332,Kaius Hardén,2025,FIL,3650,False,5,3,0,241,1,0,0,0,0
990332,Kaius Hardén,2025,FI1,3650,False,20,17,0,1079,2,1,22,8,0
990332,Kaius Hardén,2025,ECLQ,1008,False,4,0,0,0,0,0,0,0,0
990332,Kaius Hardén,2024,YKCP,11131,False,4,0,0,0,0,0,0,0,0
990332,Kaius Hardén,2024,UCOL,1008,False,6,0,0,0,0,0,0,0,0
990332,Kaius Hardén,2024,FIS,11131,False,5,4,0,360,2,1,0,0,0
990332,Kaius Hardén,2024,FIS,1008,False,4,0,0,0,0,0,0,0,0
990332,Kaius Hardén,2024,FIL,1008,False,7,1,0,90,0,0,0,0,0
990332,Kaius Hardén,2024,FI2,11131,False,27,21,0,1137,7,0,0,0,0
990332,Kaius Hardén,2024,FI1,1008,False,22,0,0,0,0,0,0,0,0
990332,Kaius Hardén,2024,F1CL,1008,False,10,0,0,0,0,0,0,0,0
990332,Kaius Hardén,2024,ECLQ,1008,False,4,0,0,0,0,0,0,0,0
990332,Kaius Hardén,2024,CLQ,1008,False,2,0,0,0,0,0,0,0,0
990332,Kaius Hardén,2023,FIYK,11131,False,22,14,0,898,7,0,0,0,0
990332,Kaius Hardén,2023,FIS,1008,False,2,0,0,0,0,0,0,0,0
990332,Kaius Hardén,2023,FIL,1008,False,2,2,0,106,0,0,0,0,0
990332,Kaius Hardén,2023,FI3P,11131,False,5,4,0,315,2,0,0,0,0
990332,Kaius Hardén,2023,FI1,1008,False,22,0,0,0,0,0,0,0,0
990332,Kaius Hardén,2023,F1CL,1008,False,5,0,0,0,0,0,0,0,0
990332,Kaius Hardén,2023,19YL,50922,False,4,4,0,204,0,2,0,0,0
990332,Kaius Hardén,2022,FIKP,11131,False,2,1,0,61,0,0,0,0,0
990332,Kaius Hardén,2022,FI3A,11131,False,22,20,0,1039,3,0,0,0,0
990332,Kaius Hardén,2022,ELQ,1008,False,4,0,0,0,0,0,0,0,0
990332,Kaius Hardén,2022,EL,1008,False,6,0,0,0,0,0,0,0,0
990332,Kaius Hardén,2022,CLQ,1008,False,4,0,0,0,0,0,0,0,0
990332,Kaius Hardén,2021,KP3B,11131,False,3,3,0,237,1,0,0,0,0
990332,Kaius Hardén,2021,FS,20793,True,7,4,0,200,0,0,0,0,0
990332,Kaius Hardén,2021,FIS,11131,False,3,3,0,166,2,0,0,0,0
990332,Kaius Hardén,2021,FIS,1008,False,2,0,0,0,0,0,0,0,0
990332,Kaius Hardén,2021,FIL,1008,False,1,1,0,84,0,0,0,0,0
990332,Kaius Hardén,2021,FI3B,11131,False,24,21,0,1085,7,0,0,0,1
990332,Kaius Hardén,2021,FI1,1008,False,22,0,0,0,0,0,0,0,0
990332,Kaius Hardén,2021,F1CL,1008,False,5,0,0,0,0,0,0,0,0
1320870,Valde Löfs,2025,FIS,3650,False,3,3,0,129,0,0,0,0,1
1320870,Valde Löfs,2025,FIL,3650,False,5,2,0,15,0,1,0,0,0
1320870,Valde Löfs,2025,FI3C,109034,False,15,13,0,1092,2,0,0,0,6
1320870,Valde Löfs,2025,FI1,3650,False,20,2,0,18,0,0,1,0,0
1320870,Valde Löfs,2024,F4LA,109034,False,22,3,0,151,0,0,0,0,0
1320870,Valde Löfs,2023,F4LA,109034,False,1,1,0,32,0,0,0,0,0
1266221,Rudi Vikström,2026,U19Q,20794,True,3,0,0,0,0,0,0,0,0
1266221,Rudi Vikström,2025,U19Q,20794,True,6,6,0,402,4,0,0,0,1
1266221,Rudi Vikström,2025,FS,20794,True,4,4,0,236,1,0,0,0,0
1266221,Rudi Vikström,2025,FIS,3650,False,3,3,0,201,3,0,0,0,1
1266221,Rudi Vikström,2025,FIL,3650,False,5,5,0,443,7,0,0,0,1
1266221,Rudi Vikström,2025,FI1,3650,False,20,18,0,1106,4,1,22,9,2
1266221,Rudi Vikström,2024,FIS,3650,False,6,4,0,185,3,1,0,0,1
1266221,Rudi Vikström,2024,FIL,3650,False,5,5,0,101,0,0,0,0,1
1266221,Rudi Vikström,2024,FI1,3650,False,22,14,0,276,3,0,11,9,2
1266221,Rudi Vikström,2024,F4LA,109034,False,14,3,0,270,0,0,0,0,1
1266221,Rudi Vikström,2024,F1CC,3650,False,5,4,0,116,1,0,9,3,1
1266221,Rudi Vikström,2023,FI3C,21041,False,1,1,0,25,1,0,0,0,0
1266221,Rudi Vikström,2023,F4LA,109034,False,16,8,0,552,6,0,0,0,2
805152,Herman Sjögrell,2025,SEC,7945,False,1,1,0,60,0,0,0,0,0
805152,Herman Sjögrell,2025,FIS,3650,False,3,0,0,0,0,0,0,0,0
805152,Herman Sjögrell,2025,FIL,3650,False,5,1,0,45,1,0,0,0,0
805152,Herman Sjögrell,2025,FI1,3650,False,20,19,0,1627,7,1,68,26,2
805152,Herman Sjögrell,2024,SEC,7945,False,4,0,0,0,0,0,0,0,0
805152,Herman Sjögrell,2024,SE1,7945,False,30,6,0,31,0,0,0,0,0
805152,Herman Sjögrell,2023,SEC,7945,False,4,3,0,139,1,0,0,0,0
805152,Herman Sjögrell,2023,SE1,7945,False,30,14,0,517,0,2,13,4,2
805152,Herman Sjögrell,2022,SEC,7945,False,3,3,0,113,0,0,0,0,0
805152,Herman Sjögrell,2022,SEC,1118,False,1,1,0,70,0,0,0,0,0
805152,Herman Sjögrell,2022,SE1,7945,False,30,16,0,162,1,2,7,4,1
805152,Herman Sjögrell,2021,SEC,7945,False,4,2,0,88,0,0,0,0,0
805152,Herman Sjögrell,2021,SE2,1118,False,16,14,0,454,1,1,0,0,2
805152,Herman Sjögrell,2021,SE1,7945,False,14,0,0,0,0,0,0,0,0
805152,Herman Sjögrell,2021,RESU,1118,False,2,2,0,114,0,1,0,0,1
805152,Herman Sjögrell,2020,SEC,1118,False,1,1,0,20,0,0,0,0,0
805152,Herman Sjögrell,2020,SE2,1118,False,11,10,0,703,1,1,0,0,1
805152,Herman Sjögrell,2020,SE1,7945,False,20,7,0,103,0,0,1,1,0
805152,Herman Sjögrell,2019,SE2,1118,False,18,13,0,419,0,1,0,0,0
836892,Abdi Sabriye,2025,SEC,3654,False,4,1,0,45,0,0,0,0,0
836892,Abdi Sabriye,2025,SE1,3654,False,15,0,0,0,0,0,0,0,0
836892,Abdi Sabriye,2025,FI1,3650,False,2,1,0,72,0,0,0,0,0
836892,Abdi Sabriye,2024,SEC,75203,False,2,2,0,165,0,0,0,0,0
836892,Abdi Sabriye,2024,SEC,3654,False,3,3,0,256,1,0,0,0,0
836892,Abdi Sabriye,2024,SE2,3654,False,30,17,0,800,1,2,0,0,1
836892,Abdi Sabriye,2023,SE3S,75203,False,30,26,0,1687,6,1,0,0,1
836892,Abdi Sabriye,2023,REET,75203,False,2,2,0,178,1,0,0,0,0
836892,Abdi Sabriye,2021,SEC,22165,False,1,1,0,90,1,0,0,0,0
836892,Abdi Sabriye,2019,SE3N,22165,False,3,1,0,1,0,0,0,0,0
830237,Luca Weckström,2025,FIS,3650,False,3,2,0,101,2,0,0,0,0
830237,Luca Weckström,2025,FIL,3650,False,5,3,0,173,0,0,0,0,0
830237,Luca Weckström,2025,FI1,3650,False,20,3,0,170,1,1,5,2,0
830237,Luca Weckström,2024,POFI,7315,False,2,2,0,118,0,0,1,0,1
830237,Luca Weckström,2024,FIS,7315,False,3,2,0,42,0,0,0,0,0
830237,Luca Weckström,2024,FIL,7315,False,5,4,0,236,1,0,0,0,0
830237,Luca Weckström,2024,FI1,7315,False,22,11,0,682,1,1,17,8,1
830237,Luca Weckström,2024,F1CC,7315,False,5,3,0,115,1,0,2,2,0
830237,Luca Weckström,2023,YKCP,7315,False,4,4,0,271,3,0,0,0,0
830237,Luca Weckström,2023,FIS,7315,False,3,2,0,93,1,0,0,0,0
830237,Luca Weckström,2023,FI2,7315,False,27,27,0,1920,11,7,0,0,3
830237,Luca Weckström,2022,YKCP,23564,False,6,1,0,7,0,0,0,0,0
830237,Luca Weckström,2022,YKAU,23564,False,5,3,0,73,0,0,0,0,0
830237,Luca Weckström,2022,POFI,23564,False,2,1,0,16,0,0,0,0,0
830237,Luca Weckström,2022,KOG2,46561,False,1,1,0,79,0,0,0,0,0
830237,Luca Weckström,2022,FIS,23564,False,3,3,0,259,1,1,0,0,0
830237,Luca Weckström,2022,FI3A,44037,False,1,1,0,90,0,0,0,0,1
830237,Luca Weckström,2022,FI2P,23564,False,1,0,0,0,0,0,0,0,0
830237,Luca Weckström,2022,FI2,23564,False,22,18,0,548,2,2,0,0,2
830237,Luca Weckström,2021,YKCP,23564,False,3,3,0,69,2,0,0,0,0
830237,Luca Weckström,2021,YKAB,23564,False,5,1,0,21,0,0,0,0,0
830237,Luca Weckström,2021,FIS,23564,False,2,1,0,74,0,0,0,0,0
830237,Luca Weckström,2021,FINJ,71979,False,6,2,0,111,0,0,0,0,1
830237,Luca Weckström,2021,FI2,23564,False,22,10,0,376,2,1,0,0,1
830237,Luca Weckström,2020,FINJ,20872,False,10,4,0,306,2,0,0,0,0
830237,Luca Weckström,2020,FI3B,23075,False,22,8,0,120,0,0,0,0,0
830237,Luca Weckström,2019,FI3A,23075,False,1,0,0,0,0,0,0,0,0
289778,Linus Zetterström,2025,SEC,1055,False,2,2,0,180,1,0,0,0,0
289778,Linus Zetterström,2025,FIS,3650,False,3,0,0,0,0,0,0,0,0
289778,Linus Zetterström,2025,FIL,3650,False,5,1,0,23,0,0,0,0,0
289778,Linus Zetterström,2025,FI1,3650,False,20,6,0,347,0,0,7,3,0
289778,Linus Zetterström,2024,SE3N,1055,False,30,27,0,2285,19,2,0,0,7
289778,Linus Zetterström,2023,REET,1055,False,2,2,0,180,0,0,0,0,1
289778,Linus Zetterström,2022,SEC,1055,False,2,1,0,90,1,0,0,0,0
289778,Linus Zetterström,2021,SEC,1055,False,1,0,0,0,0,0,0,0,0
289778,Linus Zetterström,2020,SEC,23605,False,1,0,0,0,0,0,0,0,0
289778,Linus Zetterström,2018,SEC,23738,False,1,0,0,0,0,0,0,0,0
289778,Linus Zetterström,2018,SE3N,7923,False,16,13,0,817,1,0,0,0,1
289778,Linus Zetterström,2017,SEC,3362,False,1,1,0,18,0,0,0,0,0
289778,Linus Zetterström,2016,SE3N,3362,False,26,11,0,465,5,0,0,0,1
289778,Linus Zetterström,2015,SEC,3362,False,1,1,0,4,0,0,0,0,0
289778,Linus Zetterström,2015,SE3N,3362,False,26,0,0,0,0,0,0,0,0
289778,Linus Zetterström,2014,SE3N,3362,False,26,18,0,623,3,0,0,0,2
289778,Linus Zetterström,2013,SE3N,3362,False,26,15,0,928,3,0,0,0,2
289778,Linus Zetterström,2013,FS,23487,True,2,2,0,84,0,0,0,0,0
289778,Linus Zetterström,2012,SEC,3362,False,1,1,0,9,0,0,0,0,0
289778,Linus Zetterström,2012,SE2,3362,False,2,2,0,9,0,0,0,0,0
1401881,Joas Vikström,2025,FIS,3650,False,3,3,0,249,0,0,0,0,0
1401881,Joas Vikström,2025,FIL,3650,False,5,4,0,198,1,0,0,0,1
1401881,Joas Vikström,2025,FI3C,109034,False,12,2,0,154,2,0,0,0,0
1401881,Joas Vikström,2025,FI1,3650,False,20,13,0,302,0,1,3,0,0
1401881,Joas Vikström,2024,F4LA,109033,False,14,4,0,360,5,0,0,0,0
741584,Ville Vuorinen,2025,FIS,3650,False,3,2,0,45,0,2,0,0,0
741584,Ville Vuorinen,2025,FIL,1008,False,6,2,0,15,0,0,0,0,0
741584,Ville Vuorinen,2025,FI1,3650,False,20,19,0,858,1,1,12,8,1
741584,Ville Vuorinen,2025,ECLQ,1008,False,4,0,0,0,0,0,0,0,0
741584,Ville Vuorinen,2024,UCOL,1008,False,6,0,0,0,0,0,0,0,0
741584,Ville Vuorinen,2024,FIS,1008,False,5,3,0,105,0,0,0,0,0
741584,Ville Vuorinen,2024,FIL,1008,False,7,3,0,95,1,0,0,0,0
741584,Ville Vuorinen,2024,FI2,11131,False,17,17,0,1080,2,6,0,0,1
741584,Ville Vuorinen,2024,FI1,1008,False,22,2,0,27,0,0,2,0,0
741584,Ville Vuorinen,2024,F1CL,1008,False,10,0,0,0,0,0,0,0,0
741584,Ville Vuorinen,2024,ECLQ,1008,False,4,0,0,0,0,0,0,0,0
741584,Ville Vuorinen,2024,CLQ,1008,False,2,0,0,0,0,0,0,0,0
741584,Ville Vuorinen,2023,UCOL,1008,False,6,0,0,0,0,0,0,0,0
741584,Ville Vuorinen,2023,FS,20796,True,2,2,0,92,0,0,0,0,0
741584,Ville Vuorinen,2023,FIYK,11131,False,22,19,0,1322,5,0,0,0,1
741584,Ville Vuorinen,2023,FIS,1008,False,2,1,0,71,0,2,0,0,0
741584,Ville Vuorinen,2023,FIL,1008,False,2,2,0,131,1,2,0,0,0
741584,Ville Vuorinen,2023,FI3P,11131,False,5,5,0,303,2,0,0,0,0
741584,Ville Vuorinen,2023,FI1,1008,False,22,0,0,0,0,0,0,0,0
741584,Ville Vuorinen,2023,F1CL,1008,False,5,0,0,0,0,0,0,0,0
741584,Ville Vuorinen,2023,ELQ,1008,False,2,0,0,0,0,0,0,0,0
741584,Ville Vuorinen,2023,ECLQ,1008,False,2,0,0,0,0,0,0,0,0
741584,Ville Vuorinen,2023,CLQ,1008,False,4,0,0,0,0,0,0,0,0
741584,Ville Vuorinen,2023,19YL,50922,False,4,4,0,253,1,2,0,0,0
741584,Ville Vuorinen,2022,FS,20793,True,3,3,0,115,0,0,0,0,0
741584,Ville Vuorinen,2022,FIS,1008,False,1,0,0,0,0,0,0,0,0
741584,Ville Vuorinen,2022,FIL,1008,False,4,1,0,90,0,0,0,0,0
741584,Ville Vuorinen,2022,FIKP,11131,False,2,2,0,180,0,0,0,0,0
741584,Ville Vuorinen,2022,FI3A,11131,False,22,20,0,1336,4,0,0,0,1
741584,Ville Vuorinen,2022,FI1,1008,False,22,0,0,0,0,0,0,0,0
741584,Ville Vuorinen,2022,F1CL,1008,False,5,0,0,0,0,0,0,0,0
741584,Ville Vuorinen,2021,U17Q,20792,True,6,1,0,45,0,0,0,0,0
741584,Ville Vuorinen,2021,KP3B,11131,False,3,1,0,90,3,0,0,0,0
741584,Ville Vuorinen,2021,FS,20792,True,4,4,0,293,1,0,1,1,0
741584,Ville Vuorinen,2021,FIS,11131,False,3,1,0,45,0,0,0,0,0
741584,Ville Vuorinen,2021,FI3B,11131,False,24,10,0,282,2,0,0,0,0
741584,Ville Vuorinen,2020,FINJ,15665,False,19,0,0,0,0,0,0,0,0
741584,Ville Vuorinen,2019,FS,34682,True,3,3,0,200,0,0,0,0,0
741584,Ville Vuorinen,2019,FJE,15665,False,11,0,0,0,0,0,0,0,0
741584,Ville Vuorinen,2019,FINJ,15665,False,9,0,0,0,0,0,0,0,0
1142634,Elliot Holmäng,2025,FIS,3650,False,3,1,0,14,0,0,0,0,0
1142634,Elliot Holmäng,2025,FIL,3650,False,5,3,0,86,0,0,0,0,0
1142634,Elliot Holmäng,2025,FI3C,109034,False,14,9,0,745,0,1,0,0,1
1142634,Elliot Holmäng,2025,FI1,3650,False,20,0,0,0,0,0,0,0,0
1142634,Elliot Holmäng,2024,KP3C,21041,False,5,4,0,239,1,0,0,0,0
1142634,Elliot Holmäng,2024,FIS,3650,False,6,0,0,0,0,0,0,0,0
1142634,Elliot Holmäng,2024,FIS,21041,False,1,1,0,36,0,0,0,0,0
1142634,Elliot Holmäng,2024,FIL,3650,False,5,2,0,45,0,0,0,0,0
1142634,Elliot Holmäng,2024,FIKP,21041,False,2,2,0,102,0,0,0,0,1
1142634,Elliot Holmäng,2024,FI3C,21041,False,16,14,0,871,0,3,0,0,2
1142634,Elliot Holmäng,2024,FI1,3650,False,22,0,0,0,0,0,0,0,0
1142634,Elliot Holmäng,2024,F1CC,3650,False,5,0,0,0,0,0,0,0,0
1142634,Elliot Holmäng,2023,KP3C,21041,False,1,1,0,18,0,0,0,0,1
1142634,Elliot Holmäng,2023,FIS,21041,False,1,0,0,0,0,0,0,0,0
1142634,Elliot Holmäng,2023,FI3C,21041,False,14,4,0,97,0,0,0,0,1
1142634,Elliot Holmäng,2023,F4LA,109034,False,15,4,0,209,0,0,0,0,0
1142634,Elliot Holmäng,2022,FI3C,21041,False,18,6,0,156,0,0,0,0,1
1142634,Elliot Holmäng,2022,FI2,3650,False,4,2,0,11,0,0,0,0,0
1392538,Devin Laroussi,2026,19D6,7647,False,1,0,0,0,0,0,0,0,0
1392538,Devin Laroussi,2025,FI1,3650,False,1,0,0,0,0,0,0,0,0
1392538,Devin Laroussi,2025,DFBJ,7647,False,2,2,0,54,1,1,0,0,0
1392538,Devin Laroussi,2025,19LB,7647,False,12,12,0,620,3,0,0,0,0
1392538,Devin Laroussi,2025,19D6,7647,False,12,11,0,391,2,0,0,0,1
1392538,Devin Laroussi,2024,19LB,7647,False,12,6,5,114,1,0,0,0,1
1401877,Emmanuel Mendy,2025,FIS,3650,False,3,3,0,101,1,0,0,0,0
1401877,Emmanuel Mendy,2025,FIL,3650,False,5,3,0,123,0,0,0,0,0
1401877,Emmanuel Mendy,2025,FI3C,109034,False,6,6,0,502,2,0,0,0,1
1401877,Emmanuel Mendy,2025,FI1,3650,False,15,4,0,44,0,0,0,0,1
1401877,Emmanuel Mendy,2024,FIS,3650,False,1,0,0,0,0,0,0,0,0
1401877,Emmanuel Mendy,2024,FI1,3650,False,6,1,0,1,0,0,0,0,0
1401877,Emmanuel Mendy,2024,F4LA,109034,False,22,4,0,339,1,0,0,0,1
1401877,Emmanuel Mendy,2024,F1CC,3650,False,5,0,0,0,0,0,0,0,0
1221602,Jonathan Lawson,2025,GB2,1010,False,10,1,0,19,0,0,0,0,0
1221602,Jonathan Lawson,2025,FI1,3650,False,5,0,0,0,0,0,0,0,0
1221602,Jonathan Lawson,2025,21PL,37993,False,5,5,0,198,1,1,2,0,1
1221602,Jonathan Lawson,2024,21PL,37993,False,6,5,0,227,2,0,4,4,1
1221602,Jonathan Lawson,2023,FAYC,10732,False,1,1,0,61,0,0,0,0,0
1433860,Morteza Najafi,2025,FIS,3650,False,3,0,0,0,0,0,0,0,0
1433860,Morteza Najafi,2025,FIL,3650,False,5,2,0,34,0,0,0,0,0
1433860,Morteza Najafi,2025,FI3C,109034,False,14,13,0,993,0,0,0,0,1
1433860,Morteza Najafi,2025,FI1,3650,False,20,1,0,9,0,0,0,0,0
1433860,Morteza Najafi,2024,F4LA,109034,False,9,0,0,0,0,0,0,0,0
