player_id,player_name,current_team_id,current_team_name,current_position,current_age,nationality,shirt_number,career_seasons,career_clubs,career_competitions,career_matches_in_squad,career_matches_played,career_minutes,career_goals,career_assists,career_shots_total,career_shots_on_goal,career_yellow_cards,career_national_team_matches,first_season,last_season
357991,Alessandro Plizzari,4554,FC Südtirol,Goalkeeper,26,Italy,22,13,10,27,663,269,23477,0,0,0,0,9,45,2014,2026
155038,Matteo Grandi,607,Venezia FC,Goalkeeper,33,Italy,23,18,11,16,657,339,30201,0,0,0,0,17,0,2009,2026
197901,Stefano Minelli,607,Venezia FC,Goalkeeper,32,Italy,14,16,12,11,587,298,26698,0,0,0,0,15,0,2011,2026
707809,Joël Schingtienne,607,Venezia FC,Centre-Back,23,Belgium,3,5,3,9,197,126,10398,3,3,12,3,16,1,2022,2026
552223,Filip Stanković,607,Venezia FC,Goalkeeper,24,Serbia,1,10,7,24,389,237,20943,0,0,0,0,7,13,2017,2026
917375,Antoine Hainaut,607,Venezia FC,Right-Back,24,France,18,8,6,9,239,133,8968,10,11,56,18,22,0,2019,2026
655009,Richie Sagrado,607,Venezia FC,Right-Back,22,Belgium,20,9,3,10,241,122,7721,6,3,61,23,13,24,2018,2026
282169,Marin Šverko,607,Venezia FC,Centre-Back,28,Croatia,33,14,11,24,567,262,18365,10,7,45,10,50,20,2013,2026
438961,Michael Svoboda,607,Venezia FC,Centre-Back,27,Austria,30,12,5,17,396,251,19085,13,12,71,18,35,4,2015,2026
490573,Seid Korac,276,Hellas Verona,Centre-Back,24,Luxembourg,48,11,9,30,377,224,16957,11,3,68,16,62,54,2016,2026
228444,Ridgeciano Haps,607,Venezia FC,Left-Back,32,Suriname,5,16,8,23,771,429,29987,24,35,157,49,62,29,2011,2026
370998,Bartol Franjic,607,Venezia FC,Left-Back,26,Croatia,4,13,7,21,451,247,16403,10,10,60,18,35,38,2014,2026
808477,Ahmed Sidibé,607,Venezia FC,Centre-Back,24,France,48,9,6,13,236,116,8892,3,1,2,1,14,0,2018,2026
924349,Issa Doumbia,607,Venezia FC,Central Midfield,22,Italy,8,6,3,11,217,157,10490,14,12,98,34,14,4,2021,2026
441611,Michael Venturi,2331,US Avellino 1912,Centre-Back,27,Italy,23,12,10,13,409,193,13786,4,2,43,11,52,0,2014,2026
504209,Gianluca Busio,607,Venezia FC,Central Midfield,23,United States,6,11,3,21,503,307,20860,38,31,408,116,38,46,2016,2026
744621,Matteo Dagasso,2921,Delfino Pescara 1936,Central Midfield,22,Italy,0,8,4,14,253,163,11108,18,21,41,12,17,10,2019,2026
527698,Kike Pérez,607,Venezia FC,Central Midfield,29,Spain,71,11,6,10,385,300,19396,23,18,224,58,73,1,2015,2026
406806,Emil Bohinen,1429,Cesena FC,Defensive Midfield,27,Norway,32,14,8,15,457,219,12801,17,13,81,35,27,29,2009,2026
184894,Alfred Duncan,607,Venezia FC,Central Midfield,33,Ghana,32,18,8,21,839,447,28055,23,33,153,39,57,12,2009,2026
537509,Mattia Compagnon,276,Hellas Verona,Right Winger,24,Italy,11,10,10,14,384,232,11123,41,14,114,39,21,0,2017,2026
566613,Bjarki Bjarkason,4554,FC Südtirol,Left Midfield,26,Iceland,20,12,6,20,420,199,9468,19,4,48,12,10,23,2015,2026
936684,Saad El Haddad,607,Venezia FC,Attacking Midfield,20,Morocco,0,6,7,15,242,119,7789,33,7,18,5,17,25,2021,2026
459945,Nunzio Lella,276,Hellas Verona,Central Midfield,26,Italy,23,11,8,16,439,273,16902,22,6,61,14,33,0,2016,2026
935519,Federico Tavernaro,607,Venezia FC,Left Midfield,21,Italy,0,6,5,14,205,124,7656,14,16,0,0,15,0,2021,2026
307800,Lion Lauberbach,607,Venezia FC,Centre-Forward,28,Germany,29,13,9,15,393,280,15304,51,20,410,154,19,0,2014,2026
439914,John Yeboah,607,Venezia FC,Second Striker,25,Ecuador,10,12,12,36,504,377,23436,100,50,403,157,34,58,2015,2026
364206,Andrea Adorante,607,Venezia FC,Centre-Forward,26,Italy,9,13,11,21,447,282,16376,102,12,158,76,28,10,2014,2026
666268,Daniel Fila,2331,US Avellino 1912,Centre-Forward,24,Czech Republic,11,9,10,18,346,222,11201,56,18,167,65,23,26,2018,2026
704122,Alessandro Pietrelli,2655,LR Vicenza,Right Midfield,23,Italy,99,8,8,14,276,129,5149,18,10,18,4,10,0,2019,2026
663153,Marko Farji,607,Venezia FC,Left Winger,22,Iraq,11,7,4,18,279,151,10013,34,7,149,45,27,18,2020,2026
537767,Antonio Casas,607,Venezia FC,Centre-Forward,26,Spain,80,8,4,12,242,207,10476,59,12,115,30,28,1,2018,2026
537171,Semuel Pizzignacco,4159,Carrarese Calcio 1908,Goalkeeper,25,Italy,1,10,9,16,392,169,15089,0,0,0,0,7,2,2017,2026
435406,Demba Thiam,2919,AC Monza,Goalkeeper,28,Senegal,20,12,7,14,459,233,20864,0,1,1,0,21,0,2015,2026
1009618,Aljaz Strajnar,2919,AC Monza,Goalkeeper,18,Slovenia,43,6,5,12,200,74,6595,0,0,0,0,5,10,2021,2026
1063226,Andrea Vailati,2919,AC Monza,Goalkeeper,18,Italy,0,5,5,11,205,71,6358,0,0,0,0,2,0,2022,2026
461019,Samuele Birindelli,2919,AC Monza,Right-Back,26,Italy,19,11,3,11,428,339,22808,15,25,168,58,61,3,2016,2026
481834,Andrea Carboni,2919,AC Monza,Centre-Back,25,Italy,44,11,5,12,395,257,18896,13,7,92,21,33,6,2016,2026
567454,Lorenzo Lucchesi,2919,AC Monza,Centre-Back,22,Italy,3,10,7,13,255,164,12944,11,5,42,20,43,2,2017,2026
312341,Luca Ravanelli,1038,UC Sampdoria,Centre-Back,29,Italy,13,14,9,12,488,308,25330,20,6,67,19,49,0,2013,2026
227347,Valentin Antov,2919,AC Monza,Centre-Back,25,Bulgaria,6,12,5,21,542,255,18668,9,6,43,11,55,64,2015,2026
393904,Filippo Delli Carri,1038,UC Sampdoria,Centre-Back,27,Italy,15,12,11,17,466,285,23004,19,4,24,6,44,4,2015,2026
1010150,Adam Bakoune,2919,AC Monza,Right-Back,20,Italy,24,6,5,15,254,155,10525,4,18,10,3,23,23,2021,2026
32113,Armando Izzo,2331,US Avellino 1912,Centre-Back,34,Italy,4,18,7,16,687,454,36620,23,10,107,38,104,3,2009,2026
381706,Arvid Brorsson,2919,AC Monza,Centre-Back,26,Sweden,2,13,7,15,416,226,15376,7,3,37,13,28,9,2014,2026
1049862,Samuele Capolupo,2919,AC Monza,Left-Back,20,Italy,27,5,5,12,159,93,6508,3,20,3,0,10,0,2022,2026
683101,Saverio Domanico,2919,AC Monza,Centre-Back,21,Italy,0,8,6,15,221,104,7696,13,1,2,0,17,19,2019,2026
392959,Andrea Colpani,2919,AC Monza,Attacking Midfield,26,Italy,28,12,6,18,497,357,20476,49,28,313,104,24,20,2015,2026
332179,Matteo Pessina,2919,AC Monza,Central Midfield,29,Italy,32,14,7,23,593,408,29517,53,20,216,86,40,42,2013,2026
883349,Kevin Zeroli,4554,FC Südtirol,Central Midfield,21,Italy,18,7,9,24,339,171,12080,29,8,40,13,26,20,2020,2026
181768,Hernani,458,Palermo FC,Central Midfield,32,Brazil,23,16,9,20,668,415,26493,50,26,368,84,86,7,2010,2026
891869,Leonardo Colombo,2919,AC Monza,Defensive Midfield,20,Italy,21,7,3,11,250,146,10572,11,21,27,9,31,2,2020,2026
255838,Patrick Ciurria,2919,AC Monza,Right Midfield,31,Italy,26,15,6,14,616,403,25885,45,55,323,112,35,14,2012,2026
524428,Nicolas Galazzi,3037,Calcio Padova,Attacking Midfield,25,Italy,25,9,8,10,317,221,13426,20,30,113,37,29,0,2018,2026
993212,Jacopo Sardo,2919,AC Monza,Central Midfield,21,Italy,0,6,9,21,195,93,5886,17,3,12,2,13,8,2021,2026
398030,Giuseppe Caso,1385,Modena FC,Attacking Midfield,27,Italy,10,13,9,16,469,265,14005,42,29,245,87,34,0,2014,2026
310527,Paulo Azzi,1385,Modena FC,Left Midfield,32,Brazil,27,14,17,17,533,343,23809,35,34,181,40,28,0,2013,2026
101213,Pedro Obiang,2919,AC Monza,Central Midfield,34,Equatorial Guinea,14,18,6,23,873,496,34025,16,19,111,23,79,28,2008,2025
1058362,Nicolò Ballabio,2919,AC Monza,Central Midfield,18,Italy,0,5,3,7,152,87,5981,14,6,0,0,9,14,2022,2026
265078,Patrick Cutrone,2919,AC Monza,Centre-Forward,28,Italy,10,15,10,25,671,490,29472,165,48,472,183,31,84,2012,2026
1167990,Mathis Mout,2919,AC Monza,Attacking Midfield,18,Italy,0,4,4,10,148,102,7156,24,9,5,0,18,1,2023,2026
347253,Dany Mota,2919,AC Monza,Centre-Forward,27,Portugal,47,13,7,18,523,367,24976,103,50,292,105,29,16,2014,2026
812625,Agustín Álvarez,2919,AC Monza,Centre-Forward,24,Uruguay,25,7,7,20,354,205,11924,52,15,232,89,21,6,2019,2025
670845,Omari Forson,2919,AC Monza,Right Winger,21,England,11,9,6,18,290,130,7332,30,21,210,73,2,15,2018,2026
238752,Keita Baldé,2919,AC Monza,Left Winger,31,Senegal,17,16,10,29,746,424,21727,92,52,253,111,70,39,2011,2026
146752,Gianluca Caprari,3037,Calcio Padova,Second Striker,33,Italy,10,18,9,14,719,486,29461,97,45,306,107,51,10,2009,2026
724069,Kevin Martins,2919,AC Monza,Right Winger,21,Italy,0,7,6,13,214,85,3347,12,11,2,1,5,3,2019,2026
215649,Mirko Marić,2919,AC Monza,Centre-Forward,30,Croatia,9,16,9,14,624,436,26107,124,43,158,54,26,23,2011,2026
1232347,Francesco Reita,4097,US Catanzaro,Second Striker,17,Italy,80,4,6,9,154,64,4309,17,8,0,0,10,4,2023,2026
199258,Andrea Petagna,4172,Pisa Sporting Club,Centre-Forward,31,Italy,37,17,13,19,740,469,27065,101,48,372,144,52,28,2010,2026
304144,Alen Sherri,8970,Frosinone Calcio,Goalkeeper,28,Albania,0,14,6,22,589,227,20443,0,0,0,0,20,5,2013,2026
705355,Lorenzo Palmisani,8970,Frosinone Calcio,Goalkeeper,21,Italy,22,8,5,16,306,152,13363,0,0,0,0,14,13,2019,2026
168444,Matteo Pisseri,8970,Frosinone Calcio,Goalkeeper,34,Italy,75,19,13,16,706,476,42771,0,1,0,0,32,0,2008,2026
740517,Eldin Lolic,8970,Frosinone Calcio,Goalkeeper,21,Bosnia-Herzegovina,12,7,7,11,238,63,5540,0,1,0,0,5,2,2019,2026
979755,Francesco Minicangeli,8970,Frosinone Calcio,Goalkeeper,20,Italy,0,6,4,8,223,62,5535,0,0,0,0,0,0,2021,2026
571600,Gabriele Bracaglia,8970,Frosinone Calcio,Centre-Back,22,Italy,79,9,4,11,277,152,10887,18,7,54,18,39,1,2017,2026
745778,Gabriele Calvani,8970,Frosinone Calcio,Centre-Back,22,Italy,3,8,8,19,257,183,14479,9,4,36,7,24,2,2019,2026
550116,Ilario Monterisi,8970,Frosinone Calcio,Centre-Back,24,Italy,30,10,6,11,363,189,14800,15,9,51,19,36,0,2017,2026
804812,Anthony Oyono,8970,Frosinone Calcio,Right-Back,25,Gabon,20,9,4,11,349,197,15562,2,11,67,14,29,31,2018,2026
297645,Riccardo Marchizza,2655,LR Vicenza,Centre-Back,28,Italy,5,14,11,22,655,323,24651,27,18,82,20,32,42,2013,2026
616628,Giorgio Cittadini,8970,Frosinone Calcio,Centre-Back,24,Italy,2,9,9,15,344,138,9103,2,3,19,5,33,5,2018,2026
199927,Davide Biraschi,8970,Frosinone Calcio,Centre-Back,31,Italy,0,16,7,15,651,380,30478,8,10,52,12,64,12,2011,2026
444662,Niccolò Corrado,749,FC Empoli,Left Midfield,26,Italy,91,11,11,20,439,306,20632,11,14,81,16,9,25,2016,2026
534081,Jacopo Gelli,1429,Cesena FC,Centre-Back,25,Italy,4,10,8,18,338,117,7156,0,2,19,3,27,0,2017,2026
917376,Jérémy Oyono,8970,Frosinone Calcio,Right-Back,25,Gabon,21,9,5,16,285,130,8172,2,4,9,4,8,18,2018,2026
457237,Sergio Kalaj,8970,Frosinone Calcio,Centre-Back,26,Albania,23,11,7,18,412,144,9441,4,2,7,2,34,16,2016,2026
953885,Victor Laursen,8970,Frosinone Calcio,Centre-Back,20,Denmark,0,6,6,12,169,73,4781,4,0,0,0,4,0,2021,2026
927905,Matteo Cichella,8970,Frosinone Calcio,Defensive Midfield,20,Italy,16,6,5,13,195,144,9625,14,12,49,17,20,6,2021,2026
301235,Giacomo Calò,8970,Frosinone Calcio,Defensive Midfield,29,Italy,14,14,10,14,478,384,27068,33,59,254,69,72,0,2013,2026
534161,Ilias Koutsoupias,8970,Frosinone Calcio,Central Midfield,24,Greece,8,10,10,17,352,216,13119,25,11,111,48,40,8,2017,2026
337811,Francesco Gelli,8970,Frosinone Calcio,Attacking Midfield,29,Italy,10,13,5,13,529,330,22111,19,31,53,17,37,0,2013,2025
1049596,Filippo Grosso,8970,Frosinone Calcio,Central Midfield,19,Italy,18,5,5,10,175,90,5162,10,8,18,6,15,0,2022,2026
522681,Ben Lhassine Kone,8970,Frosinone Calcio,Central Midfield,26,Cote d'Ivoire,92,10,7,10,409,192,10600,17,18,96,23,44,0,2017,2026
286293,Edoardo Masciangelo,8970,Frosinone Calcio,Left Midfield,29,Italy,32,14,12,16,519,301,20769,3,29,86,12,32,0,2013,2026
1225943,Abdoulie Ndow,8970,Frosinone Calcio,Attacking Midfield,21,The Gambia,24,4,6,11,117,45,2809,1,0,2,0,12,0,2023,2026
412758,Giorgi Kvernadze,8970,Frosinone Calcio,Left Winger,23,Georgia,17,8,5,11,261,171,9684,21,18,143,44,15,45,2019,2026
888738,Farès Ghedjemis,8970,Frosinone Calcio,Right Winger,23,Algeria,7,8,6,10,203,146,9284,31,17,150,48,6,2,2019,2026
818888,Antonio Raimondo,8970,Frosinone Calcio,Centre-Forward,22,Italy,9,7,8,16,323,223,14084,83,12,230,81,28,32,2020,2026
704680,Antonio Fiori,1429,Cesena FC,Left Winger,23,Italy,80,8,7,11,252,167,9215,28,16,103,37,20,0,2019,2026
866250,Seydou Fini,8970,Frosinone Calcio,Right Winger,19,Italy,40,7,7,21,312,185,10933,49,48,54,23,16,34,2020,2026
539582,Massimo Zilli,8970,Frosinone Calcio,Centre-Forward,23,Italy,28,9,7,11,320,213,9662,42,9,68,24,20,0,2018,2026
1051737,Kevin Barcella,8970,Frosinone Calcio,Right Winger,19,Italy,99,5,6,11,196,72,4967,7,3,21,7,14,0,2022,2026
820636,Lorenzo Gori,8970,Frosinone Calcio,Centre-Forward,22,Italy,11,7,9,17,245,127,7126,48,12,8,1,10,0,2020,2026
421780,Edoardo Vergani,8970,Frosinone Calcio,Centre-Forward,25,Italy,90,12,11,25,506,242,12384,76,10,17,6,12,55,2015,2026
1063704,Damar Dixon,8970,Frosinone Calcio,Left Winger,21,Canada,0,4,4,7,140,78,5039,22,4,0,0,0,0,2022,2025
955606,Adrian Raychev,8970,Frosinone Calcio,Right Winger,20,Bulgaria,0,6,8,18,239,116,6545,12,3,3,3,3,13,2021,2026
981998,Diego Mascardi,3522,Spezia Calcio,Goalkeeper,19,Italy,12,6,4,11,225,62,5105,0,0,0,0,4,8,2021,2026
258482,Boris Radunović,3522,Spezia Calcio,Goalkeeper,29,Serbia,22,15,10,16,617,249,22130,0,0,0,0,15,23,2012,2026
1318486,Sasha Guidi,3522,Spezia Calcio,Goalkeeper,17,Italy,0,3,5,6,100,17,1370,0,0,0,0,1,0,2024,2026
338101,Mouhamadou Sarr,3522,Spezia Calcio,Goalkeeper,29,Senegal,1,12,8,12,526,133,11741,0,0,0,0,8,0,2014,2025
386567,Leonardo Loria,4172,Pisa Sporting Club,Goalkeeper,27,Italy,22,12,9,20,542,160,14235,0,0,0,0,6,4,2015,2026
663900,Giovanni Bonfanti,3522,Spezia Calcio,Centre-Back,23,Italy,94,9,11,20,355,177,12799,11,6,30,8,38,11,2018,2026
372809,Petko Hristov,3522,Spezia Calcio,Centre-Back,27,Bulgaria,55,13,9,29,592,335,27421,12,7,49,15,65,69,2014,2026
386967,Przemysław Wiśniewski,3522,Spezia Calcio,Centre-Back,27,Poland,0,13,6,18,480,322,27080,12,8,96,22,58,11,2014,2026
1004723,Fellipe Jack,2239,US Cremonese,Centre-Back,20,Italy,13,6,6,12,135,53,3601,6,1,9,3,12,5,2021,2026
471497,Marco Ruggero,4097,US Catanzaro,Centre-Back,26,Italy,24,10,10,14,297,217,16829,6,4,26,7,48,0,2016,2026
381370,Pietro Beruatto,4171,Benevento Calcio,Left-Back,27,Italy,20,13,10,22,529,330,23229,8,32,166,43,69,9,2014,2026
392881,Antonio Candela,4097,US Catanzaro,Right-Back,26,Italy,27,12,13,25,586,369,27597,9,17,62,20,36,50,2015,2026
242078,Ales Mateju,3522,Spezia Calcio,Centre-Back,29,Czech Republic,37,16,11,35,695,432,34982,9,17,76,20,88,84,2011,2026
457444,Giuseppe Aurelio,3522,Spezia Calcio,Left-Back,26,Italy,31,11,10,13,382,268,17462,51,14,61,31,27,0,2016,2026
340707,Leonardo Sernicola,4171,Benevento Calcio,Left-Back,29,Italy,17,13,13,13,533,337,24040,19,15,149,37,65,9,2014,2026
337381,Andrea Cistana,332,SSC Bari,Centre-Back,29,Italy,51,12,6,11,517,272,22993,11,5,66,17,53,0,2014,2025
731467,Simone Giorgeschi,3522,Spezia Calcio,Centre-Back,21,Italy,0,8,6,14,221,115,8583,3,2,0,0,18,0,2019,2026
287367,Luca Vignali,20519,Virtus Entella,Right Midfield,30,Italy,8,14,5,11,541,365,24260,26,20,152,49,76,0,2013,2026
933673,Matteo Onofri,3522,Spezia Calcio,Centre-Back,22,Italy,0,6,5,11,153,95,7311,8,6,3,1,8,0,2021,2026
1057269,Andrea Bertoncini,3522,Spezia Calcio,Centre-Back,20,Italy,24,5,3,7,136,68,5311,7,0,0,0,10,0,2022,2026
1232345,Alessio Insignito,3522,Spezia Calcio,Right-Back,17,Italy,0,4,4,10,147,61,3475,6,0,0,0,10,13,2023,2026
390160,Salvatore Esposito,1038,UC Sampdoria,Defensive Midfield,25,Italy,94,12,7,20,460,347,25401,34,30,266,84,66,30,2015,2026
1058363,Christian Comotto,3522,Spezia Calcio,Central Midfield,18,Italy,34,5,6,16,179,137,8452,24,11,29,9,28,47,2022,2026
911224,Alessandro Romano,3522,Spezia Calcio,Defensive Midfield,19,Switzerland,60,6,7,19,275,181,12920,20,15,51,16,36,35,2021,2026
702324,Rachid Kouda,2581,Mantova 1911,Central Midfield,24,Burkina Faso,80,8,6,15,267,192,10941,22,12,136,39,43,2,2019,2026
240934,Filippo Bandinelli,749,FC Empoli,Central Midfield,31,Italy,23,15,8,12,575,357,22286,21,28,253,59,88,0,2012,2026
411666,Emanuele Adamo,2331,US Avellino 1912,Right Midfield,28,Italy,30,12,9,10,394,316,19603,26,31,58,17,64,0,2015,2026
368559,Ádám Nagy,3522,Spezia Calcio,Defensive Midfield,30,Hungary,8,13,5,21,599,416,29360,6,17,75,12,54,93,2014,2026
934386,Pietro Candelari,3522,Spezia Calcio,Central Midfield,21,Italy,0,6,4,15,219,108,5761,21,9,32,9,17,5,2021,2026
167741,Mattia Valoti,2655,LR Vicenza,Central Midfield,33,Italy,10,19,13,17,810,372,21304,78,31,267,89,76,12,2008,2026
241052,Alessandro Bellemo,2655,LR Vicenza,Central Midfield,31,Italy,8,15,9,13,590,389,29467,19,9,90,30,68,0,2012,2026
301236,Francesco Cassata,3522,Spezia Calcio,Central Midfield,28,Italy,29,14,11,18,555,310,18522,17,22,82,21,109,28,2013,2026
566927,Giovanni Corradini,408,Ascoli Calcio,Defensive Midfield,23,Italy,8,10,10,15,303,207,15341,32,16,5,2,43,0,2017,2026
924901,Halid Djankpata,3522,Spezia Calcio,Central Midfield,21,Togo,0,7,6,15,204,113,6329,8,4,62,25,23,1,2013,2026
387234,Szymon Żurkowski,3522,Spezia Calcio,Central Midfield,28,Poland,14,12,6,20,509,273,18946,35,21,126,39,38,20,2014,2025
1013701,Hamse Shagaxle,3522,Spezia Calcio,Central Midfield,20,Sweden,19,6,4,6,131,70,2076,1,0,0,0,5,0,2021,2026
698546,Vanja Vlahović,2581,Mantova 1911,Centre-Forward,22,Serbia,99,9,8,20,385,210,14096,100,15,28,15,20,16,2018,2026
1089767,Emmanuele Lorenzelli,3522,Spezia Calcio,Defensive Midfield,18,Italy,0,5,4,7,143,64,4869,10,0,0,0,5,0,2022,2026
655207,Laurs Skjellerup,3522,Spezia Calcio,Centre-Forward,23,Denmark,90,9,7,13,241,149,7604,24,3,90,38,8,0,2018,2026
532040,Giuseppe Di Serio,3522,Spezia Calcio,Centre-Forward,24,Italy,20,10,7,15,354,229,11621,34,12,157,56,36,5,2017,2026
604239,Gabriele Artistico,3037,Calcio Padova,Centre-Forward,24,Italy,90,9,13,15,329,201,12905,69,10,113,56,30,0,2018,2026
256361,Daniele Verde,3522,Spezia Calcio,Right Winger,29,Italy,0,15,12,27,645,402,21470,80,45,377,168,15,24,2012,2026
130394,Gianluca Lapadula,3522,Spezia Calcio,Centre-Forward,36,Peru,10,22,20,22,886,564,37679,216,55,527,219,76,43,2005,2026
1188615,Gioele Conte,3522,Spezia Calcio,Centre-Forward,18,Italy,0,4,6,10,157,92,6167,48,2,0,0,7,0,2023,2026
370701,Michele Cerofolini,332,SSC Bari,Goalkeeper,27,Italy,31,13,10,23,565,220,19338,0,0,0,0,14,17,2014,2026
321065,Edoardo Soleri,1038,UC Sampdoria,Centre-Forward,27,Italy,92,14,13,24,595,360,17441,102,19,142,56,47,7,2013,2026
350082,Marco Pissardo,332,SSC Bari,Goalkeeper,28,Italy,1,14,9,19,466,242,21441,0,0,0,0,8,2,2012,2026
417414,Davide Marfella,332,SSC Bari,Goalkeeper,26,Italy,12,12,8,20,428,104,9179,0,0,0,0,7,0,2015,2026
406632,Cas Odenthal,332,SSC Bari,Centre-Back,25,Netherlands,26,12,8,16,393,246,20481,19,4,83,27,33,3,2015,2026
784575,Mehdi Dorval,4097,US Catanzaro,Left-Back,25,Algeria,93,9,6,13,302,208,16168,7,27,93,21,25,4,2018,2026
936503,Giacomo Stabile,4554,FC Südtirol,Centre-Back,21,Italy,27,6,9,21,294,124,8301,5,0,4,1,19,8,2021,2026
292772,Dimitrios Nikolaou,458,Palermo FC,Centre-Back,27,Greece,0,14,8,23,624,359,28733,7,3,34,8,52,50,2013,2026
283060,Lorenzo Dickmann,332,SSC Bari,Right-Back,29,Italy,24,14,7,18,565,406,30911,20,27,200,40,67,6,2013,2026
240158,Francesco Vicari,5621,AC Reggiana 1919,Centre-Back,31,Italy,34,15,5,13,602,418,34331,7,5,75,18,65,8,2012,2026
337149,Andrea Meroni,2581,Mantova 1911,Centre-Back,29,Italy,13,13,9,13,490,265,20172,6,0,51,13,44,0,2014,2026
892130,Sheriff Kassama,5587,SS Juve Stabia,Centre-Back,20,Italy,21,7,9,14,217,112,7896,1,0,3,1,33,0,2020,2026
324378,Valerio Mantovani,2581,Mantova 1911,Centre-Back,29,Italy,0,14,9,12,530,294,23574,13,10,62,20,34,0,2013,2026
877620,Moussa Mané,332,SSC Bari,Right-Back,22,Italy,30,7,6,13,244,101,6719,1,4,3,1,13,0,2020,2026
357176,Alessandro Tripaldelli,5621,AC Reggiana 1919,Left-Back,27,Italy,33,13,11,24,535,252,16935,6,15,12,2,37,57,2014,2026
537546,Riccardo Burgio,332,SSC Bari,Left-Back,24,Italy,3,10,12,17,360,188,9041,1,8,1,0,14,0,2017,2026
139307,Raffaele Pucino,332,SSC Bari,Centre-Back,34,Italy,25,18,13,11,730,478,37500,17,19,102,26,86,0,2009,2026
1061721,Indrit Mavraj,332,SSC Bari,Centre-Back,20,Kosovo,0,5,7,15,143,75,5533,1,1,0,0,13,6,2022,2026
659415,Riccardo Pagano,1429,Cesena FC,Central Midfield,21,Italy,10,9,7,15,336,205,11927,42,28,57,15,12,27,2018,2026
504085,Tomás Esteves,4172,Pisa Sporting Club,Right Midfield,24,Portugal,19,11,6,20,420,181,10778,3,9,57,19,16,41,2016,2026
488052,Matthias Braunöder,4159,Carrarese Calcio 1908,Central Midfield,24,Austria,23,11,7,17,418,286,19906,19,26,121,25,39,55,2016,2026
353796,Giulio Maggiore,332,SSC Bari,Central Midfield,28,Italy,18,13,5,17,534,380,25057,44,18,248,82,68,19,2014,2026
292817,Matthias Verreth,332,SSC Bari,Defensive Midfield,28,Belgium,29,15,12,28,573,386,26942,51,29,236,80,40,46,2012,2026
647484,Ebrima Darboe,332,SSC Bari,Defensive Midfield,24,The Gambia,5,9,8,22,435,146,8764,13,8,55,12,34,19,2018,2026
424275,Giuseppe Sibilli,5587,SS Juve Stabia,Attacking Midfield,30,Italy,33,12,8,11,443,289,17026,48,28,285,89,46,0,2015,2026
303116,Gaetano Castrovilli,1429,Cesena FC,Central Midfield,28,Italy,8,13,8,20,650,339,22029,45,37,204,56,57,12,2013,2025
315852,Mirko Antonucci,332,SSC Bari,Attacking Midfield,27,Italy,0,14,12,24,568,327,19363,45,30,238,88,26,26,2013,2026
395739,Kevin Piscopo,5587,SS Juve Stabia,Attacking Midfield,28,Italy,11,13,10,15,461,369,21569,57,28,58,21,45,0,2014,2026
497312,Federico Artioli,5587,SS Juve Stabia,Defensive Midfield,25,Italy,80,11,8,13,339,240,16577,13,21,31,8,38,0,2016,2026
701842,Nicolò Cavuoti,332,SSC Bari,Attacking Midfield,23,Italy,20,8,8,19,364,194,10653,13,21,19,6,12,6,2019,2026
986300,Daouda Traoré,332,SSC Bari,Central Midfield,19,France,66,6,9,16,221,101,5359,5,5,29,10,10,18,2021,2026
264116,Gastón Pereiro,332,SSC Bari,Attacking Midfield,30,Uruguay,0,14,8,27,656,383,20875,98,41,227,87,43,27,2012,2025
1186074,Vincenzo Colangiuli,332,SSC Bari,Central Midfield,20,Italy,0,4,4,9,116,75,3791,12,2,3,0,5,0,2023,2026
745602,Vincenzo Onofrietti,332,SSC Bari,Attacking Midfield,20,Italy,0,7,7,15,178,132,6211,20,19,2,0,19,21,2020,2026
936229,Emanuele Rao,4172,Pisa Sporting Club,Left Winger,20,Italy,17,6,6,18,234,165,8181,26,11,47,14,12,18,2021,2026
107958,Nicola Bellomo,332,SSC Bari,Attacking Midfield,35,Italy,10,20,12,15,737,496,29290,56,45,130,45,96,3,2006,2025
930767,Giacomo De Pieri,408,Ascoli Calcio,Right Winger,19,Italy,21,6,8,21,301,164,9474,47,28,109,38,19,26,2021,2026
453864,Marvin Cuni,1038,UC Sampdoria,Centre-Forward,23,Albania,0,10,13,22,366,232,11855,60,26,163,55,28,7,2017,2026
238977,Gabriele Moncini,2655,LR Vicenza,Centre-Forward,30,Italy,11,16,11,15,582,375,22453,117,21,385,155,22,8,2011,2026
672830,Leonardo Cerri,332,SSC Bari,Centre-Forward,23,Italy,0,9,9,17,331,200,7873,46,10,43,17,12,4,2018,2026
182517,Anthony Partipilo,332,SSC Bari,Right Winger,31,Italy,21,17,12,17,627,413,27508,103,50,274,102,64,0,2010,2026
76274,Christian Gytkjaer,332,SSC Bari,Centre-Forward,35,Denmark,9,19,12,28,783,561,35013,212,36,269,113,27,16,2007,2025
567465,Sebastiano Desplanches,2921,Delfino Pescara 1936,Goalkeeper,23,Italy,1,10,10,20,395,161,13705,0,0,1,0,12,48,2017,2026
613533,Ivan Saio,2921,Delfino Pescara 1936,Goalkeeper,24,Italy,22,9,7,13,311,146,12988,0,0,0,0,13,0,2018,2026
905700,Magnus Brøndbo,2921,Delfino Pescara 1936,Goalkeeper,21,Norway,44,6,5,16,272,60,5060,0,0,0,0,3,8,2020,2025
1254060,Nicolò Profeta,2921,Delfino Pescara 1936,Goalkeeper,19,Italy,12,4,3,9,161,48,4305,0,0,0,0,0,0,2023,2026
1381683,Lorenzo Bonassi,2921,Delfino Pescara 1936,Goalkeeper,17,Italy,0,3,4,5,50,13,951,0,0,0,0,0,0,2024,2026
1475244,Filippo D'Emilio,2921,Delfino Pescara 1936,Goalkeeper,17,Italy,0,2,2,4,55,0,0,0,0,0,0,0,0,2025,2026
818880,Tommaso Corazza,2655,LR Vicenza,Left Midfield,22,Italy,21,7,8,14,246,133,8902,15,11,58,21,15,1,2020,2026
395083,Andreaw Gravillon,2921,Delfino Pescara 1936,Centre-Back,28,Guadeloupe,26,13,12,22,476,312,25253,18,6,134,36,69,19,2014,2026
354909,Giorgio Altare,2921,Delfino Pescara 1936,Centre-Back,27,Italy,15,13,11,17,448,238,18012,15,7,88,27,40,0,2014,2026
73926,Davide Faraoni,2921,Delfino Pescara 1936,Right-Back,34,Italy,19,20,13,22,824,474,34407,33,41,204,68,97,19,2006,2025
406842,Riccardo Capellini,2921,Delfino Pescara 1936,Centre-Back,26,Italy,2,12,9,19,468,269,20558,6,1,28,11,44,0,2015,2026
423614,Gabriele Corbo,2921,Delfino Pescara 1936,Centre-Back,26,Italy,95,12,10,25,530,238,17390,7,4,50,7,46,26,2015,2026
389841,Filippo Pellacani,2921,Delfino Pescara 1936,Centre-Back,28,Italy,23,12,5,16,432,242,19240,14,10,3,1,35,0,2015,2026
357995,Davide Bettella,5587,SS Juve Stabia,Centre-Back,26,Italy,87,13,11,23,539,278,20722,16,3,38,11,31,72,2014,2026
418884,Andrea Cagnano,4255,SS Arezzo,Left-Back,28,Italy,32,13,12,16,435,258,19002,7,11,34,11,58,0,2014,2026
160560,Gaetano Letizia,2921,Delfino Pescara 1936,Right-Back,35,Italy,3,17,5,11,664,527,41991,19,43,138,41,73,0,2010,2026
1086359,Davide Giannini,2921,Delfino Pescara 1936,Centre-Back,21,Italy,0,5,4,8,139,55,3941,1,0,1,0,6,0,2022,2026
1176568,Matteo Milan,2921,Delfino Pescara 1936,Right-Back,20,Italy,0,4,6,9,131,77,5461,1,6,0,0,23,0,2023,2026
89034,Riccardo Brosco,2921,Delfino Pescara 1936,Centre-Back,35,Italy,0,21,13,18,859,570,47334,36,7,96,30,149,16,2006,2026
1307069,Jacopo La Barba,2921,Delfino Pescara 1936,Defender,19,Italy,0,3,2,7,113,36,2955,1,0,0,0,6,0,2024,2026
1126888,Lamine Fanne,2921,Delfino Pescara 1936,Central Midfield,22,Spain,18,5,4,10,151,72,4298,2,7,64,15,7,0,2022,2026
663939,Andrea Oliveri,408,Ascoli Calcio,Right Midfield,23,Italy,14,10,11,15,333,185,10462,23,15,57,15,22,8,2017,2026
131109,Gastón Brugman,1385,Modena FC,Defensive Midfield,34,Uruguay,16,20,10,17,799,480,34305,44,39,234,66,69,4,2007,2026
487838,Niccolò Squizzato,20519,Virtus Entella,Defensive Midfield,24,Italy,5,11,9,20,432,246,14774,8,18,19,2,52,18,2016,2026
534166,Lorenzo Meazzi,2921,Delfino Pescara 1936,Attacking Midfield,24,Italy,7,10,4,11,363,231,10636,27,19,45,14,19,0,2017,2026
539132,Giacomo Olzer,1385,Modena FC,Attacking Midfield,25,Italy,72,10,7,13,365,187,9587,43,11,143,47,26,1,2017,2026
386574,Fabrizio Caligara,2921,Delfino Pescara 1936,Central Midfield,26,Italy,21,12,13,22,525,283,16117,20,19,244,50,67,29,2015,2026
928032,Leonardo Graziani,2921,Delfino Pescara 1936,Attacking Midfield,20,Italy,20,6,4,12,233,123,6735,33,18,7,2,22,10,2021,2026
287663,Luca Valzania,2921,Delfino Pescara 1936,Central Midfield,30,Italy,14,14,9,12,585,366,25205,24,28,227,57,90,10,2013,2026
1130743,Lorenzo Berardi,2921,Delfino Pescara 1936,Left Midfield,20,Italy,36,5,3,8,140,82,5454,14,3,7,3,6,0,2022,2026
646699,Julian Brandes,2921,Delfino Pescara 1936,Defensive Midfield,21,Netherlands,5,9,7,16,297,134,8191,4,7,19,8,6,11,2018,2026
230826,Gennaro Acampora,408,Ascoli Calcio,Central Midfield,32,Italy,13,17,9,18,606,312,17143,19,27,163,44,54,5,2010,2026
1368686,Christian D'Errico,2921,Delfino Pescara 1936,Midfield,18,Italy,0,3,2,6,83,26,1768,5,0,0,0,2,0,2024,2026
459147,Erdis Kraja,2921,Delfino Pescara 1936,Defensive Midfield,25,Albania,0,12,10,19,417,199,11881,13,13,1,0,20,9,2015,2026
347656,Antonio Di Nardo,5587,SS Juve Stabia,Centre-Forward,27,Italy,9,13,13,16,482,336,22336,94,26,103,41,21,0,2014,2026
133964,Lorenzo Insigne,1038,UC Sampdoria,Left Winger,35,Italy,10,19,7,26,940,727,51990,230,150,898,327,68,74,2008,2026
908788,Flavio Russo,20519,Virtus Entella,Centre-Forward,20,Italy,0,6,6,8,169,129,8012,42,12,48,22,14,0,2021,2026
357998,Davide Merola,2921,Delfino Pescara 1936,Right Winger,26,Italy,10,13,11,24,568,362,21491,143,31,31,12,24,60,2014,2026
708079,Andrea Ferraris,2921,Delfino Pescara 1936,Left Winger,23,Italy,0,8,7,13,322,212,14113,75,23,9,5,29,0,2019,2026
392545,Frank Tsadjout,2655,LR Vicenza,Centre-Forward,27,Italy,74,12,11,15,494,249,14083,47,22,216,74,26,0,2015,2026
885228,Alessandro Vinciguerra,2921,Delfino Pescara 1936,Left Winger,20,Italy,0,7,6,11,269,169,10152,34,17,19,9,24,0,2020,2026
496270,Gianmarco Cangiano,2921,Delfino Pescara 1936,Left Winger,24,Italy,0,11,12,20,455,254,13615,42,22,22,9,26,19,2016,2026
535797,Lorenzo Sgarbi,2331,US Avellino 1912,Second Striker,24,Italy,18,10,11,15,399,254,12984,30,36,30,8,26,4,2017,2026
421773,Riccardo Tonin,4554,FC Südtirol,Centre-Forward,24,Italy,11,12,10,17,405,284,14451,49,26,23,6,15,31,2015,2026
401935,Orji Okwonkwo,2921,Delfino Pescara 1936,Right Winger,28,Nigeria,17,12,8,16,436,207,10097,47,12,198,69,25,13,2014,2025
420179,Gianluca Saro,2239,US Cremonese,Goalkeeper,26,Italy,0,12,12,16,396,161,14265,0,0,0,0,6,0,2015,2026
916430,Edoardo Motta,5621,AC Reggiana 1919,Goalkeeper,21,Italy,0,6,7,10,259,103,9360,0,0,0,0,2,2,2021,2026
167685,Alessandro Micai,5621,AC Reggiana 1919,Goalkeeper,32,Italy,1,18,13,20,662,416,37442,0,0,0,0,35,0,2008,2026
85380,Andrea Seculin,4255,SS Arezzo,Goalkeeper,36,Italy,90,21,13,20,893,249,22244,0,1,0,0,15,6,2006,2026
421764,Matteo Cardinali,5621,AC Reggiana 1919,Goalkeeper,24,Italy,45,11,9,18,382,154,13325,0,0,0,0,7,7,2016,2026
1182963,Matteo Enza,5621,AC Reggiana 1919,Goalkeeper,19,Italy,22,3,4,6,91,12,1035,0,0,0,0,0,0,2023,2025
1299058,Joey Zwaan,5621,AC Reggiana 1919,Goalkeeper,20,Netherlands,20,3,3,6,77,5,360,0,0,0,0,0,0,2024,2026
669793,Andrea Bozzolan,458,Palermo FC,Left-Back,22,Italy,33,9,8,19,305,183,12033,3,10,18,8,23,16,2018,2026
310458,Giangiacomo Magnani,458,Palermo FC,Centre-Back,30,Italy,96,14,11,13,500,298,19699,6,5,76,15,56,0,2013,2026
503619,Andrea Papetti,2655,LR Vicenza,Centre-Back,24,Italy,66,11,5,13,351,192,14673,5,4,26,5,40,3,2016,2026
937289,Simone Bonetti,5621,AC Reggiana 1919,Left-Back,21,Italy,43,6,4,8,203,122,8189,3,6,3,0,13,0,2021,2026
341481,Lorenzo Libutti,5621,AC Reggiana 1919,Right-Back,28,Italy,17,13,4,10,480,306,21654,5,14,11,2,19,0,2014,2026
1159022,Mateus Lusuardi,4172,Pisa Sporting Club,Centre-Back,22,Brazil,47,4,4,5,141,37,2830,3,0,18,6,8,0,2023,2026
817468,Tomas Lepri,5621,AC Reggiana 1919,Centre-Back,23,Italy,0,7,5,9,290,137,10517,3,5,1,0,29,0,2020,2026
655525,Yeferson Paz,5621,AC Reggiana 1919,Right-Back,23,Colombia,7,9,5,15,335,160,11203,11,9,25,4,33,7,2018,2026
160357,Mario Sampirisi,5621,AC Reggiana 1919,Right-Back,33,Italy,31,17,10,16,659,405,30076,10,10,58,12,53,10,2009,2025
61617,Paolo Rozzio,5621,AC Reggiana 1919,Centre-Back,33,Italy,4,18,6,18,667,390,31890,18,2,43,16,80,7,2009,2026
396307,Danilo Quaranta,5621,AC Reggiana 1919,Centre-Back,29,Italy,14,12,7,11,459,222,16443,2,3,21,4,29,0,2015,2026
1091930,Lucas Pasquoto,5621,AC Reggiana 1919,Centre-Back,21,Brazil,0,5,3,6,47,17,1243,0,1,0,0,1,0,2022,2026
613085,Tobías Reinhart,5621,AC Reggiana 1919,Defensive Midfield,25,Argentina,16,10,6,11,322,226,14690,15,9,62,16,30,0,2016,2025
938678,Leonardo Mendicino,5621,AC Reggiana 1919,Defensive Midfield,19,Italy,44,6,8,19,349,158,8430,6,1,6,1,23,38,2021,2026
1082519,Charlys,276,Hellas Verona,Defensive Midfield,22,Brazil,31,6,8,12,187,81,4543,4,3,75,13,17,0,2021,2026
392577,Matteo Rover,5621,AC Reggiana 1919,Left Midfield,27,Italy,23,12,8,19,456,351,18780,63,20,149,53,28,3,2015,2026
611861,Natan Girma,5621,AC Reggiana 1919,Attacking Midfield,24,Switzerland,80,9,5,10,257,150,8300,22,7,122,38,35,0,2018,2026
467994,Luca Belardinelli,749,FC Empoli,Central Midfield,25,Italy,57,11,6,15,426,202,13685,19,13,44,10,35,6,2016,2026
394352,Massimo Bertagnoli,5621,AC Reggiana 1919,Central Midfield,27,Italy,26,13,7,14,436,291,18605,25,10,122,45,23,0,2014,2026
394304,Manolo Portanova,5621,AC Reggiana 1919,Attacking Midfield,25,Italy,90,12,8,25,540,379,25385,67,27,282,106,54,47,2015,2026
221421,Kleis Bozhanaj,1385,Modena FC,Attacking Midfield,25,Albania,17,11,7,17,345,182,8056,22,11,83,22,26,9,2016,2026
171159,Leo Stulac,5621,AC Reggiana 1919,Defensive Midfield,31,Slovenia,0,17,8,20,733,360,22946,37,29,152,40,36,32,2010,2026
871893,Martín Suárez,5621,AC Reggiana 1919,Central Midfield,21,Uruguay,15,9,4,13,244,79,3565,2,2,0,0,14,0,2007,2026
936027,Alessandro Pavanati,5621,AC Reggiana 1919,Attacking Midfield,19,Italy,27,6,6,11,228,103,6101,18,9,4,1,3,0,2021,2026
935782,Francesco Vallarelli,5621,AC Reggiana 1919,Central Midfield,20,Italy,6,6,6,12,237,123,7426,15,6,7,2,8,0,2021,2026
740617,Damiano Basili,5621,AC Reggiana 1919,Attacking Midfield,22,Italy,0,8,7,12,225,146,8820,22,12,5,2,18,0,2019,2026
1043866,Roque Maisterra,5621,AC Reggiana 1919,Central Midfield,20,Argentina,72,4,5,7,189,105,7703,22,4,3,0,24,0,2022,2025
1056287,Pietro Pinelli,4159,Carrarese Calcio 1908,Defensive Midfield,20,Italy,66,5,9,10,170,74,3335,1,0,1,1,16,0,2022,2026
462086,Elayis Tavsan,5621,AC Reggiana 1919,Right Winger,25,Türkiye,0,10,10,24,443,273,17772,58,30,405,161,19,25,2017,2026
213854,Cedric Gondo,5621,AC Reggiana 1919,Centre-Forward,29,Cote d'Ivoire,11,15,10,14,543,397,24262,94,22,281,101,75,0,2011,2025
979766,Mathis Lambourde,5621,AC Reggiana 1919,Centre-Forward,20,France,93,6,7,17,254,126,7030,46,2,75,30,6,28,2021,2026
336160,Andrija Novakovich,5621,AC Reggiana 1919,Centre-Forward,29,United States,9,14,12,19,514,382,22887,89,41,361,151,25,9,2013,2026
691678,Tommaso Fumagalli,20519,Virtus Entella,Centre-Forward,25,Italy,0,8,7,12,281,193,10657,45,14,104,29,25,0,2019,2026
1218115,Oumar Conté,5621,AC Reggiana 1919,Right Winger,19,Guinea,91,5,7,11,161,68,4345,19,4,1,1,17,1,2022,2026
1208731,Edoardo Cavaliere,5621,AC Reggiana 1919,Centre-Forward,19,Italy,98,5,6,13,169,62,3751,28,1,3,1,7,0,2022,2026
935760,Rafiu Durosinmi,4172,Pisa Sporting Club,Centre-Forward,23,Nigeria,17,6,6,15,256,160,9644,59,17,192,80,30,3,2021,2026
198128,Manuel Marras,5621,AC Reggiana 1919,Right Winger,32,Italy,0,17,14,13,630,454,32257,52,71,173,55,107,0,2010,2026
615897,Aljosa Vasic,4554,FC Südtirol,Central Midfield,24,Serbia,14,9,5,9,305,172,7743,11,10,48,8,23,4,2018,2026
1059525,Tommaso Casalino,1038,UC Sampdoria,Central Midfield,18,Italy,34,5,5,10,176,97,6968,6,4,5,3,0,0,2022,2026
872380,Felix Afena-Gyan,2239,US Cremonese,Left Winger,23,Ghana,0,8,7,20,322,169,8612,34,15,136,40,28,10,2019,2026
817045,Samuele Regazzetti,2239,US Cremonese,Right-Back,22,Italy,0,7,5,12,231,182,14193,4,7,4,1,24,0,2020,2026
897668,Giacomo Gabbiani,2239,US Cremonese,Centre-Forward,20,Italy,0,7,5,14,218,145,9766,80,20,17,7,13,0,2020,2026
927261,Giulio Manetti,1429,Cesena FC,Right-Back,21,Italy,0,6,5,11,207,124,9175,8,4,2,0,25,0,2021,2026
292422,Simone Pontisso,2239,US Cremonese,Central Midfield,29,Italy,20,14,7,17,573,327,19935,28,27,126,42,47,11,2013,2026
1188538,Eliman Cham,4159,Carrarese Calcio 1908,Left-Back,21,The Gambia,0,4,4,6,115,62,4384,5,4,0,0,5,0,2023,2026
252743,Filippo Guccione,4255,SS Arezzo,Central Midfield,33,Italy,7,15,10,17,530,428,32879,119,48,6,0,84,0,2011,2026
477556,Emanuele Zuelli,3037,Calcio Padova,Central Midfield,24,Italy,21,11,8,15,399,281,16990,15,15,113,34,27,3,2016,2026
381794,Lorenzo Carissoni,3037,Calcio Padova,Right-Back,29,Italy,24,13,15,19,476,354,28272,16,24,62,29,49,1,2014,2026
1229092,Andrea Bottaro,20519,Virtus Entella,Centre-Back,19,Italy,81,4,3,10,110,46,3665,3,1,1,0,8,0,2023,2026
459937,Elian Demirovic,5587,SS Juve Stabia,Central Midfield,26,Slovenia,0,12,12,25,371,198,9621,22,15,0,0,31,9,2015,2026
324472,Diego Borghini,4171,Benevento Calcio,Centre-Back,29,Italy,19,14,8,15,507,321,24813,23,5,7,1,58,13,2013,2026
487829,Christian Dalle Mura,4171,Benevento Calcio,Centre-Back,24,Italy,15,11,11,20,399,205,14927,2,4,22,6,30,44,2016,2026
709539,Filippo Saiani,20519,Virtus Entella,Left-Back,21,Italy,0,8,7,20,335,126,7467,2,16,4,1,9,23,2019,2026
901026,Claudio Panzarino,4171,Benevento Calcio,Centre-Back,21,Italy,0,7,5,10,163,88,6916,3,0,0,0,12,0,2020,2026
696613,Gabriele Pagliai,408,Ascoli Calcio,Right-Back,24,Italy,2,8,6,12,277,204,14185,4,11,0,0,22,0,2019,2026
1133173,Jacopo Romio,2655,LR Vicenza,Centre-Forward,19,Italy,0,5,2,5,105,69,4516,30,6,2,2,5,0,2022,2026
926508,Nicolò Francescotti,4171,Benevento Calcio,Second Striker,21,Italy,0,5,5,11,154,115,7224,46,4,0,0,13,0,2021,2026
159847,Francesco Galuppini,408,Ascoli Calcio,Right Winger,32,Italy,14,18,16,16,651,462,29187,121,45,96,32,51,0,2009,2026
941869,Yellu Santiago,276,Hellas Verona,Central Midfield,22,Spain,0,6,6,10,210,101,3937,3,0,12,4,24,2,2021,2026
647280,Kieron Bowie,276,Hellas Verona,Centre-Forward,23,Scotland,18,9,7,26,368,251,16294,67,27,409,154,23,14,2018,2026
1053566,Mert Durmush,4172,Pisa Sporting Club,Right Winger,20,Bulgaria,0,5,7,11,166,108,5884,12,7,6,2,13,4,2022,2026
1004618,Stredair Appuah,458,Palermo FC,Right Winger,22,France,0,6,7,14,252,139,8353,15,4,42,8,10,2,2021,2026
623773,Kristoffer Lund,458,Palermo FC,Left-Back,24,United States,0,9,9,24,336,241,17249,4,23,65,15,21,19,2018,2026
711034,Gianmarco Todisco,2331,US Avellino 1912,Right-Back,24,Italy,0,8,8,12,279,198,16429,5,11,2,0,29,0,2019,2026
1059527,Lorenzo Malanca,1038,UC Sampdoria,Centre-Back,19,Italy,39,5,5,11,158,68,5656,5,1,1,0,20,0,2022,2026
913539,Estanis Pedrola,1038,UC Sampdoria,Left Winger,22,Spain,0,6,7,13,239,94,4318,17,2,71,24,18,0,2021,2026
1051741,Ank Bølling Asmussen,749,FC Empoli,Attacking Midfield,20,Denmark,0,5,6,11,150,52,2272,2,2,3,0,6,0,2022,2026
287648,Giuseppe Panico,2331,US Avellino 1912,Second Striker,29,Italy,0,15,16,21,659,402,23721,83,28,93,29,70,54,2012,2026
1039342,Raphael Kofler,4554,FC Südtirol,Centre-Back,21,Italy,28,5,2,7,176,86,5859,5,0,29,11,14,7,2022,2026
482789,Giacomo Drago,4554,FC Südtirol,Goalkeeper,25,Italy,0,11,12,14,344,169,14983,0,0,0,0,13,0,2016,2026
938676,Filippo Scotti,2331,US Avellino 1912,Right Winger,19,Italy,0,6,5,16,304,215,13384,53,31,16,6,11,34,2021,2026
1055082,Andrea Oliviero,4097,US Catanzaro,Second Striker,20,Italy,0,5,8,13,149,90,4829,6,4,0,0,4,0,2022,2026
1295724,Francesco Maiolo,4097,US Catanzaro,Central Midfield,20,Italy,0,3,2,5,89,24,854,0,0,0,0,2,0,2024,2026
593381,Simone Zanon,4172,Pisa Sporting Club,Right-Back,25,Italy,72,9,7,13,326,256,17640,8,21,60,15,27,0,2018,2026
818538,Francesco Sena,4171,Benevento Calcio,Left-Back,22,Italy,3,7,6,13,201,97,7709,7,8,0,0,12,0,2020,2026
464195,Filip Stojilkovic,4172,Pisa Sporting Club,Centre-Forward,26,Switzerland,81,12,17,28,408,331,18611,97,28,284,123,37,32,2015,2026
533321,Stefano Girelli,1038,UC Sampdoria,Central Midfield,25,Italy,0,10,8,11,368,182,11305,11,3,5,1,25,0,2017,2026
390154,Claudio Manzi,2331,US Avellino 1912,Centre-Back,26,Italy,0,12,11,13,408,249,17493,7,3,0,0,51,0,2015,2026
497693,Tommaso Maggioni,5587,SS Juve Stabia,Right-Back,25,Italy,96,11,8,13,331,194,11757,7,6,24,6,19,0,2016,2026
535742,Damiano Cancellieri,2331,US Avellino 1912,Left-Back,25,Italy,0,9,9,13,295,186,12322,9,12,3,0,25,0,2017,2026
395546,Alessio Tribuzzi,2331,US Avellino 1912,Right Midfield,27,Italy,0,12,7,14,440,304,19338,26,42,59,14,44,0,2015,2026
927251,Gianmarco Castorri,1429,Cesena FC,Central Midfield,20,Italy,17,5,5,12,229,127,9208,15,8,8,2,16,0,2022,2026
459991,Marco Pompetti,3037,Calcio Padova,Defensive Midfield,26,Italy,14,11,13,19,442,285,18479,22,33,67,16,44,14,2016,2026
818546,Angelo Viscardi,4171,Benevento Calcio,Centre-Back,22,Italy,0,7,6,10,210,120,7884,0,7,2,1,23,0,2020,2026
288061,Ernesto Starita,4171,Benevento Calcio,Second Striker,30,Italy,0,14,14,12,532,391,24415,80,19,8,6,44,0,2013,2026
218306,César Falletti,2581,Mantova 1911,Attacking Midfield,33,Uruguay,18,16,11,19,616,409,26295,64,51,242,67,58,0,2011,2026
307335,Raphael Odogwu,4554,FC Südtirol,Centre-Forward,35,Italy,90,16,7,15,594,474,31514,120,41,217,73,25,0,2011,2026
431581,Edoardo Duca,5587,SS Juve Stabia,Central Midfield,29,Italy,0,12,8,14,408,252,14427,23,9,55,15,47,0,2015,2026
819378,Motiejus Šapola,4172,Pisa Sporting Club,Centre-Back,20,Lithuania,0,7,8,16,208,93,7427,5,0,4,1,7,28,2020,2026
450397,Antonio Boccadamo,20519,Virtus Entella,Right Midfield,27,Italy,77,11,9,13,387,255,17851,9,27,5,2,42,0,2016,2026
540887,Enrico Oviszach,408,Ascoli Calcio,Left Winger,25,Italy,11,10,11,13,339,217,9787,35,18,0,0,7,0,2017,2026
936183,Christian Corradi,276,Hellas Verona,Centre-Back,21,Italy,0,6,8,16,288,135,11280,5,3,8,4,25,15,2021,2026
667056,Federico Caia,276,Hellas Verona,Centre-Forward,23,Italy,0,8,9,10,288,118,5925,30,11,2,0,3,0,2019,2026
1061003,Filippo Tosi,2239,US Cremonese,Left-Back,20,Italy,0,5,6,8,158,107,6790,3,12,3,0,12,0,2022,2026
199070,Tommaso Arrigoni,1429,Cesena FC,Central Midfield,32,Italy,6,17,12,13,611,410,28900,26,26,78,19,76,0,2010,2026
192105,Roberto Ogunseye,1429,Cesena FC,Centre-Forward,31,Italy,0,14,11,11,546,383,21214,85,26,60,20,53,0,2013,2026
1024766,Frederik Tosku,1429,Cesena FC,Centre-Forward,20,Albania,77,6,4,15,208,143,7136,31,9,10,1,9,22,2021,2026
745427,Gabriele Guarino,749,FC Empoli,Centre-Back,22,Italy,34,8,8,18,310,128,9999,12,3,44,12,21,23,2019,2026
392963,Salvatore Elia,2239,US Cremonese,Right Midfield,27,Italy,71,12,10,16,439,325,19151,34,34,117,40,36,3,2015,2026
612065,Karim Zedadka,749,FC Empoli,Left Midfield,26,Algeria,98,10,10,16,323,145,8637,4,12,69,19,22,0,2017,2026
691235,Andrea Giorgini,4554,FC Südtirol,Centre-Back,24,Italy,55,8,5,10,273,201,17009,7,8,48,13,30,0,2019,2026
302497,Nicola Mosti,4097,US Catanzaro,Attacking Midfield,28,Italy,98,15,16,20,514,362,20117,56,34,106,29,39,8,2012,2026
667050,Dino Mehić,4171,Benevento Calcio,Defensive Midfield,23,Italy,5,8,8,14,249,161,9652,16,10,0,0,20,0,2019,2026
240206,Jacopo Manconi,4171,Benevento Calcio,Left Winger,32,Italy,10,15,15,14,598,405,27417,112,34,77,25,43,6,2012,2026
334343,Marco Nichetti,20519,Virtus Entella,Defensive Midfield,29,Italy,4,14,6,8,496,342,21093,8,8,12,3,35,0,2012,2026
890525,Marco Piredda,20519,Virtus Entella,Central Midfield,21,Italy,0,7,3,9,161,123,10309,16,2,2,1,13,0,2020,2026
1051116,Andrea Caucci,408,Ascoli Calcio,Centre-Back,19,Italy,0,5,6,11,211,130,10397,4,2,0,0,23,0,2022,2026
921561,Ante Vukovic,5587,SS Juve Stabia,Goalkeeper,22,Croatia,1,6,7,15,272,135,12025,0,0,0,0,8,5,2021,2026
335516,Idrissa Touré,4172,Pisa Sporting Club,Right Midfield,28,Germany,15,13,11,20,474,363,23708,30,19,136,41,46,12,2014,2026
237658,Michel Aebischer,4172,Pisa Sporting Club,Central Midfield,29,Switzerland,0,15,7,25,676,469,31372,32,43,219,64,97,59,2012,2026
644032,Cheikh Niasse,276,Hellas Verona,Defensive Midfield,26,Senegal,36,10,8,25,424,219,14837,5,10,67,21,48,1,2016,2026
241923,Lorenzo Montipò,276,Hellas Verona,Goalkeeper,30,Italy,0,15,7,18,639,407,36189,0,2,0,0,15,10,2012,2026
1083069,Isaac,276,Hellas Verona,Centre-Forward,22,Brazil,41,6,5,14,235,62,3074,16,1,34,13,11,0,2021,2026
234523,Antonio Sanabria,2239,US Cremonese,Centre-Forward,30,Paraguay,99,16,12,20,733,418,24690,95,23,396,153,37,61,2011,2026
696550,Salim Diakité,458,Palermo FC,Right-Back,26,Mali,0,9,8,13,296,217,16414,10,8,77,24,51,8,2018,2026
195335,Michele Castagnetti,1429,Cesena FC,Defensive Midfield,36,Italy,4,19,10,11,709,554,42395,27,38,212,44,128,0,2007,2026
199583,Giovanni Zaro,1429,Cesena FC,Centre-Back,32,Italy,19,16,8,20,583,431,35356,29,5,73,26,96,1,2011,2026
432089,Emmanuel Gyabuaa,2331,US Avellino 1912,Central Midfield,23,Italy,0,12,10,22,464,328,21249,23,19,1,0,64,65,2015,2026
336959,Marco Toscano,2331,US Avellino 1912,Defensive Midfield,29,Italy,0,13,10,11,519,324,21469,11,17,17,5,62,0,2014,2026
1183219,Lorenzo Madia,4097,US Catanzaro,Goalkeeper,19,Italy,12,3,4,8,107,33,2970,0,0,0,0,1,0,2023,2026
925844,Umberto Morleo,4097,US Catanzaro,Left-Back,21,Italy,0,6,9,15,204,95,6279,4,2,0,0,7,0,2021,2026
820635,Costantino Favasuli,4097,US Catanzaro,Right Midfield,22,Italy,0,7,8,18,327,194,12805,13,17,57,19,35,5,2020,2026
1192144,Marcello Piras,4097,US Catanzaro,Right-Back,21,Italy,0,4,6,8,118,34,2317,0,2,0,0,5,0,2023,2026
457468,Nicola Pietrangeli,5587,SS Juve Stabia,Centre-Back,26,Italy,19,11,8,17,390,246,18234,14,1,27,8,30,0,2016,2026
300137,Marius Adamonis,4554,FC Südtirol,Goalkeeper,29,Lithuania,31,15,11,29,582,199,17756,0,0,0,0,21,20,2012,2026
215167,Marco Bleve,4159,Carrarese Calcio 1908,Goalkeeper,30,Italy,1,16,6,12,579,212,18698,0,1,0,0,3,0,2011,2026
71019,Bartosz Salamon,4159,Carrarese Calcio 1908,Centre-Back,35,Poland,5,21,12,27,1008,401,30308,20,11,76,22,69,26,2006,2026
532919,Matteo Cortesi,4255,SS Arezzo,Attacking Midfield,27,Italy,72,10,9,8,349,235,14625,46,36,0,0,32,0,2017,2026
393797,Alessandro Confente,4172,Pisa Sporting Club,Goalkeeper,28,Italy,98,13,10,16,508,300,26710,0,1,0,0,14,2,2014,2026
977119,Omar Correia,4172,Pisa Sporting Club,Defensive Midfield,26,France,29,9,8,15,238,178,14343,13,10,45,16,38,0,2017,2026
1446724,Matheus dos Santos,5587,SS Juve Stabia,Right Winger,24,Brazil,70,2,3,7,50,30,1663,8,3,4,0,1,0,2025,2026
291432,Mattia Vitale,2655,LR Vicenza,Central Midfield,28,Italy,80,16,13,20,586,314,19567,19,26,35,11,46,15,2011,2026
370110,Tomi Petrovic,5587,SS Juve Stabia,Centre-Forward,27,Croatia,0,13,16,18,512,326,16566,61,14,24,6,15,0,2014,2026
713357,Filippo Palazzino,408,Ascoli Calcio,Right Winger,22,Italy,0,8,7,14,281,144,6632,28,6,3,2,16,1,2019,2026
393236,Nermin Karić,5587,SS Juve Stabia,Central Midfield,27,Sweden,17,12,9,19,408,311,22004,25,30,79,17,47,4,2015,2026
819081,Ernesto Matteazzi,20519,Virtus Entella,Central Midfield,21,Italy,0,7,6,13,205,77,4463,5,4,1,0,12,0,2020,2026
1086474,Nouroudine Faye,2239,US Cremonese,Centre-Forward,19,Italy,0,5,5,9,157,93,4756,22,6,6,1,3,0,2022,2026
188889,Matteo Brunori,408,Ascoli Calcio,Centre-Forward,31,Italy,99,16,13,14,527,390,27112,134,34,390,135,52,0,2010,2026
1318504,Andrea Traniello,20519,Virtus Entella,Right Winger,19,Italy,0,3,3,6,98,59,4363,4,5,0,0,14,0,2024,2026
1002758,Giacomo Maucci,4172,Pisa Sporting Club,Attacking Midfield,19,Italy,20,6,7,10,183,98,6636,16,10,2,1,11,0,2021,2026
914934,Henrik Meister,4172,Pisa Sporting Club,Centre-Forward,22,Denmark,9,6,8,15,202,134,6590,27,6,103,43,19,2,2021,2026
818703,Elia Tantalocchi,2655,LR Vicenza,Goalkeeper,22,Italy,68,7,7,12,313,110,9843,0,0,0,0,7,0,2020,2026
987321,Nicholas Scardigno,1038,UC Sampdoria,Goalkeeper,20,Italy,30,6,6,9,216,74,6601,0,1,0,0,0,0,2021,2026
933683,Simone Pieraccini,1429,Cesena FC,Centre-Back,22,Italy,73,6,4,12,231,120,9170,5,1,1,0,23,0,2021,2026
287876,Antonino La Gumina,1038,UC Sampdoria,Centre-Forward,30,Italy,0,14,12,14,582,329,19537,100,16,219,81,33,5,2013,2026
1296419,Davide Zamagni,1429,Cesena FC,Central Midfield,18,Italy,35,3,4,7,139,58,3339,10,6,0,0,3,0,2024,2026
1089015,Donato Solaro,2331,US Avellino 1912,Centre-Back,20,Italy,0,5,4,9,113,47,3471,2,1,0,0,5,0,2022,2026
976196,Tommaso Bordoni,3037,Calcio Padova,Centre-Back,20,Italy,13,6,5,9,163,116,9435,7,3,1,1,26,0,2021,2026
283352,Cosimo Patierno,2331,US Avellino 1912,Centre-Forward,35,Italy,9,14,10,13,453,338,22617,147,22,19,4,78,0,2011,2026
960941,Jacopo Bacci,3037,Calcio Padova,Central Midfield,21,Italy,4,6,5,11,192,99,7705,3,9,5,0,13,0,2021,2026
355455,Filippo Pittarello,4172,Pisa Sporting Club,Centre-Forward,29,Italy,8,14,15,15,512,406,25214,92,29,190,70,59,0,2013,2026
307334,Davis Mensah,2581,Mantova 1911,Centre-Forward,35,Italy,0,16,5,13,592,502,32563,84,38,53,18,42,0,2011,2026
776915,Sayha Seha,4097,US Catanzaro,Left Winger,21,France,61,6,8,14,201,84,4631,19,4,2,1,5,2,2021,2026
814453,Andrea Sodero,749,FC Empoli,Attacking Midfield,22,Italy,40,7,8,14,238,119,6402,23,18,13,5,9,0,2020,2026
475149,Marco Imperiale,4097,US Catanzaro,Centre-Back,27,Italy,3,11,5,9,399,266,20911,3,12,6,1,36,0,2016,2026
672865,Lorenzo Coccia,4255,SS Arezzo,Left-Back,24,Italy,63,9,8,11,312,206,14425,11,15,4,2,22,0,2018,2026
315870,Emanuele Torrasi,5587,SS Juve Stabia,Defensive Midfield,27,Italy,28,14,8,20,472,292,19476,12,14,12,3,53,14,2013,2026
976219,Lorenzo Carfora,4171,Benevento Calcio,Left Winger,20,Italy,7,6,4,12,198,83,3745,24,10,16,5,11,4,2021,2026
559648,Enrico Piovanello,5587,SS Juve Stabia,Right Winger,26,Italy,99,10,9,12,351,227,10699,14,15,6,4,21,0,2017,2026
1051674,Federico Malvestuto,4255,SS Arezzo,Right-Back,20,Italy,0,5,6,7,147,130,9626,5,11,0,0,15,0,2022,2026
1448837,Luca Conti,408,Ascoli Calcio,Left Winger,19,Italy,24,2,4,7,47,32,1798,1,4,0,0,3,0,2025,2026
864306,Rafik Belghali,276,Hellas Verona,Right-Back,24,Algeria,7,7,4,14,230,144,9722,14,7,101,34,20,17,2020,2026
200190,Alessandro Capello,4255,SS Arezzo,Centre-Forward,30,Italy,28,16,16,15,663,452,28703,100,35,168,55,40,8,2011,2026
748316,Juan Manuel Cruz,276,Hellas Verona,Centre-Forward,27,Argentina,0,8,5,15,267,90,4106,11,2,57,21,4,0,2019,2026
543822,Malthe Højholt,4172,Pisa Sporting Club,Defensive Midfield,25,Denmark,8,10,5,15,367,240,16439,3,4,55,18,35,8,2017,2026
539131,Alessio Brambilla,2239,US Cremonese,Defensive Midfield,25,Italy,0,9,7,13,331,197,12278,7,12,0,0,23,0,2017,2025
1299492,Ibrahima Papa Wade,1429,Cesena FC,Centre-Forward,19,Senegal,17,3,4,8,141,64,2577,11,6,1,1,4,0,2024,2026
118284,Jordan Ferri,1038,UC Sampdoria,Central Midfield,34,France,0,19,6,17,776,514,34624,30,37,152,25,98,9,2007,2026
236041,Alexis Blin,458,Palermo FC,Defensive Midfield,29,France,28,15,6,19,561,381,25144,12,11,123,29,61,20,2012,2026
346562,Marco Olivieri,4255,SS Arezzo,Centre-Forward,27,Italy,99,13,14,27,590,393,19432,83,29,150,60,60,53,2014,2026
929870,Mattia Della Rocca,2331,US Avellino 1912,Attacking Midfield,20,Italy,0,6,6,12,184,124,7461,35,15,4,2,11,0,2021,2026
719706,Francesco Maisto,2331,US Avellino 1912,Attacking Midfield,22,Italy,28,7,6,10,220,130,5684,2,6,0,0,13,0,2019,2026
180805,Zan Majer,2581,Mantova 1911,Central Midfield,34,Slovenia,0,18,9,19,642,399,25922,24,25,110,39,77,11,2008,2026
200174,Roberto Insigne,2331,US Avellino 1912,Right Winger,32,Italy,94,16,11,19,673,454,28111,96,71,417,141,39,11,2011,2026
448395,Giulio Favale,3037,Calcio Padova,Left-Back,28,Italy,30,13,10,11,431,293,18796,8,20,11,2,32,0,2014,2026
160344,Leonardo Mancuso,4255,SS Arezzo,Centre-Forward,34,Italy,11,17,15,15,652,540,35524,155,43,464,187,36,0,2010,2026
111433,Frédéric Veseli,4554,FC Südtirol,Centre-Back,33,Albania,34,21,17,39,904,459,36781,4,13,28,2,63,89,2006,2026
934272,Alessandro Vimercati,4554,FC Südtirol,Centre-Back,23,Italy,0,6,7,9,212,65,3896,2,0,0,0,15,0,2021,2026
199272,Daniele Casiraghi,4554,FC Südtirol,Attacking Midfield,33,Italy,17,17,7,13,622,538,36442,98,78,211,67,70,5,2010,2026
707100,Giovanni Volpe,4097,US Catanzaro,Left Winger,24,Italy,17,8,5,6,259,182,8839,18,10,3,0,22,0,2019,2026
1058369,Thomas Campaniello,749,FC Empoli,Centre-Forward,18,Italy,89,5,5,16,283,104,5348,28,12,41,15,4,51,2022,2026
979009,Alessandro Louati,5587,SS Juve Stabia,Central Midfield,23,Italy,68,6,3,7,188,62,3567,0,1,1,0,12,1,2021,2026
364138,Marco Meli,5587,SS Juve Stabia,Central Midfield,26,Italy,14,13,10,18,449,278,11793,34,5,8,4,35,5,2014,2026
932069,Francesco D'Amore,5587,SS Juve Stabia,Left-Back,22,Italy,26,6,5,11,213,102,6709,1,2,5,0,13,0,2021,2026
461774,Antonio Ferrara,4171,Benevento Calcio,Left-Back,27,Italy,0,11,7,10,381,287,22146,1,10,0,0,57,0,2016,2026
714004,Raffaele Cantisani,4171,Benevento Calcio,Right Winger,22,Italy,0,8,7,15,243,109,5897,12,5,0,0,14,0,2019,2026
420472,Gregorio Morachioli,5587,SS Juve Stabia,Left Winger,26,Italy,21,12,12,20,429,193,8233,13,18,30,5,9,0,2015,2026
273126,Cristian Andreoni,5587,SS Juve Stabia,Right-Back,34,Italy,15,15,11,14,571,282,21920,1,9,6,2,36,0,2011,2026
1056258,Kevin Gorica,408,Ascoli Calcio,Second Striker,19,Italy,25,5,5,10,161,111,6196,35,3,0,0,19,0,2022,2026
458134,Davide Barosi,408,Ascoli Calcio,Goalkeeper,26,Italy,46,11,11,15,402,211,18894,0,0,0,0,12,0,2016,2026
355479,Ferdinando Del Sole,408,Ascoli Calcio,Right Winger,28,Italy,10,13,13,18,510,282,14968,55,38,14,4,21,5,2014,2026
199971,Michele Cavion,2655,LR Vicenza,Central Midfield,31,Italy,8,16,11,16,625,446,28114,28,29,117,34,62,0,2011,2026
391797,Matteo Della Morte,2655,LR Vicenza,Right Winger,26,Italy,20,12,7,13,457,332,18560,41,23,7,4,19,0,2015,2026
331432,Fabio Tito,4255,SS Arezzo,Left-Back,33,Italy,3,16,9,13,604,461,35451,26,45,0,0,61,0,2011,2026
1058319,Matías Casarosa,4255,SS Arezzo,Centre-Back,19,Argentina,42,5,5,10,135,66,5451,12,0,0,0,12,0,2022,2026
562770,Patrick Moreschini,4255,SS Arezzo,Attacking Midfield,24,Italy,20,8,10,11,200,32,492,0,0,0,0,0,0,2017,2026
401649,Mario Ravasio,4255,SS Arezzo,Centre-Forward,28,Italy,91,12,6,9,433,261,12425,46,9,34,12,19,0,2015,2026
1315933,Samuele Sussi,4255,SS Arezzo,Left Winger,18,Italy,27,3,3,7,51,6,143,1,0,0,0,1,0,2024,2026
760019,Matteo Casarotto,20519,Virtus Entella,Centre-Forward,28,Italy,90,5,4,8,176,130,7274,22,14,2,1,15,0,2022,2026
552939,Alessio Buttaro,458,Palermo FC,Right-Back,23,Italy,0,10,6,13,322,150,10301,4,2,14,5,30,0,2017,2026
1355285,Arthur Borghi,276,Hellas Verona,Goalkeeper,19,Brazil,47,3,3,5,41,13,1170,0,0,0,0,3,0,2024,2026
394346,Emanuel Vignato,4172,Pisa Sporting Club,Right Winger,26,Italy,0,12,10,19,524,279,15554,48,22,135,50,16,38,2015,2026
565162,Giacomo Fedel,2581,Mantova 1911,Central Midfield,24,Italy,0,9,8,14,280,178,12529,8,8,4,2,20,0,2017,2025
1425785,Badr Bayou,2581,Mantova 1911,Centre-Forward,19,Italy,14,2,3,6,47,35,2171,10,4,0,0,2,0,2025,2026
1182180,Maurizio Rossetti,1429,Cesena FC,Centre-Forward,19,Italy,71,4,4,6,116,94,5170,34,9,0,0,18,0,2023,2026
1183224,Raul Tassoni,4097,US Catanzaro,Centre-Back,19,Italy,94,3,3,5,66,53,4677,3,1,0,0,10,0,2023,2026
1297379,Amoris Galli,4255,SS Arezzo,Goalkeeper,20,Italy,12,3,2,7,94,6,455,0,0,0,0,0,0,2024,2026
1105883,Edoardo Caporello,3037,Calcio Padova,Central Midfield,20,Italy,0,4,5,12,142,97,6950,4,6,0,0,12,0,2022,2025
1112401,Danilo Busiello,749,FC Empoli,Attacking Midfield,18,Italy,37,5,4,11,164,66,3428,31,5,0,0,7,25,2022,2026
918811,Mattia Fortin,458,Palermo FC,Goalkeeper,23,Italy,14,6,4,8,258,131,11845,0,0,0,0,7,0,2021,2026
20005,Papu Gómez,3037,Calcio Padova,Left Winger,38,Argentina,0,22,8,25,989,669,47602,119,119,414,159,62,23,2004,2026
131758,Jesse Joronen,458,Palermo FC,Goalkeeper,33,Finland,66,19,10,30,784,403,35618,1,1,0,0,22,45,2008,2026
110923,Mattia Perin,458,Palermo FC,Goalkeeper,33,Italy,1,19,6,24,981,412,35924,0,0,0,0,18,27,2008,2026
1153389,Manfredi Nespola,458,Palermo FC,Goalkeeper,21,Italy,12,4,5,9,158,38,3420,0,0,0,0,1,0,2023,2026
1145050,Nils Balaguss,458,Palermo FC,Goalkeeper,18,Latvia,0,5,5,15,166,39,3381,0,0,0,0,3,7,2022,2026
534084,Niccolò Pierozzi,458,Palermo FC,Right-Back,25,Italy,27,10,7,16,359,268,18944,40,19,91,27,43,6,2017,2026
555113,Patryk Peda,458,Palermo FC,Centre-Back,24,Poland,29,10,5,16,344,200,14167,6,4,40,13,24,37,2017,2026
239099,Pietro Ceccaroni,458,Palermo FC,Centre-Back,30,Italy,32,15,7,14,672,414,34349,22,14,148,47,49,9,2012,2026
412649,Tommaso Cassandro,458,Palermo FC,Centre-Back,26,Italy,84,12,8,16,407,271,18986,12,9,96,19,45,1,2015,2026
176139,Mattia Bani,458,Palermo FC,Centre-Back,32,Italy,13,17,8,13,636,408,33233,16,5,137,41,104,0,2010,2026
284595,Tommaso Augello,458,Palermo FC,Left-Back,32,Italy,3,16,6,8,613,518,41463,12,44,89,25,28,0,2011,2026
287863,Antonio Palumbo,458,Palermo FC,Attacking Midfield,30,Italy,5,14,7,13,537,380,27584,40,62,260,90,89,0,2013,2026
165873,Federico Barba,458,Palermo FC,Centre-Back,33,Italy,93,17,13,23,712,427,34651,21,8,86,23,71,16,2010,2026
489611,Filippo Ranocchia,458,Palermo FC,Central Midfield,25,Italy,10,11,11,18,461,246,16672,26,21,247,81,41,6,2016,2026
373899,Jacopo Segre,458,Palermo FC,Central Midfield,29,Italy,8,13,10,16,469,380,25893,35,24,274,94,45,0,2014,2026
395239,Claudio Gomes,458,Palermo FC,Defensive Midfield,26,France,6,12,10,23,489,278,19537,5,14,100,30,33,43,2015,2026
226025,Luca Mazzitelli,458,Palermo FC,Central Midfield,30,Italy,36,16,13,16,622,344,22732,34,36,258,71,103,14,2011,2026
552472,Nahuel Estévez,458,Palermo FC,Defensive Midfield,30,Argentina,24,12,8,12,357,261,16260,8,18,174,45,48,0,2014,2026
241076,Emmanuel Gyasi,458,Palermo FC,Right Midfield,32,Ghana,11,15,10,15,590,469,33364,61,42,253,92,90,3,2012,2026
457673,Gabriel Strefezza,458,Palermo FC,Right Winger,29,Brazil,7,11,9,14,417,339,22170,57,40,480,146,61,0,2016,2026
936739,Dominic Vavassori,458,Palermo FC,Second Striker,20,Italy,9,6,6,22,306,180,12008,67,30,13,8,5,8,2021,2026
737781,Jérémy Le Douaron,458,Palermo FC,Centre-Forward,28,France,0,11,4,9,362,266,13787,50,20,276,111,11,0,2016,2026
311333,Alessandro Gabrielloni,458,Palermo FC,Centre-Forward,32,Italy,99,16,11,17,570,461,27195,117,26,182,58,52,0,2011,2026
173491,Joel Pohjanpalo,458,Palermo FC,Centre-Forward,32,Finland,20,18,11,29,791,517,32759,192,42,621,260,21,110,2009,2026
317057,Adrian Semper,4172,Pisa Sporting Club,Goalkeeper,28,Croatia,0,15,9,19,538,315,27959,0,1,0,0,8,46,2012,2026
406042,Dennis Johnsen,458,Palermo FC,Left Winger,28,Norway,17,13,10,18,550,362,21602,59,60,255,92,31,19,2009,2026
877124,Rosen Bozhinov,4172,Pisa Sporting Club,Centre-Back,21,Bulgaria,2,7,6,19,231,99,6606,2,1,11,5,14,23,2020,2026
238993,Simone Scuffet,4172,Pisa Sporting Club,Goalkeeper,30,Italy,1,15,10,27,718,326,28815,0,1,0,0,13,42,2012,2026
925838,Francesco Coppola,4172,Pisa Sporting Club,Centre-Back,21,Italy,26,6,5,11,229,100,7948,9,0,4,2,24,1,2021,2026
358003,Simone Canestrelli,4172,Pisa Sporting Club,Centre-Back,26,Italy,5,13,7,15,471,354,27639,26,9,92,32,70,15,2014,2026
149525,Antonio Caracciolo,4172,Pisa Sporting Club,Centre-Back,36,Italy,4,20,7,13,758,530,43378,22,8,136,34,124,0,2007,2026
240897,Arturo Calabresi,4172,Pisa Sporting Club,Centre-Back,30,Italy,33,15,12,22,735,387,26276,14,11,47,13,83,49,2012,2026
692187,Daniel Denoon,4172,Pisa Sporting Club,Centre-Back,22,Switzerland,44,7,4,10,228,83,5922,0,0,4,1,21,5,2020,2026
1231354,Jeremy Mbambi,4172,Pisa Sporting Club,Centre-Back,18,Belgium,0,4,6,12,94,46,3123,6,1,0,0,3,9,2023,2026
1178016,Andrea Primasso,4172,Pisa Sporting Club,Centre-Back,20,Italy,13,4,5,9,127,94,7057,4,2,3,1,21,0,2023,2026
843286,Felipe Loyola,4172,Pisa Sporting Club,Central Midfield,25,Chile,14,7,4,17,248,169,12776,22,12,147,44,37,21,2020,2026
705063,Samuele Angori,4172,Pisa Sporting Club,Left Midfield,22,Italy,3,8,8,12,288,210,16506,10,34,50,11,16,4,2019,2026
989621,İsak Vural,4172,Pisa Sporting Club,Central Midfield,20,Türkiye,21,6,7,19,274,110,5252,8,6,30,6,15,21,2021,2026
475410,Matteo Tramoni,4172,Pisa Sporting Club,Attacking Midfield,26,France,10,12,6,13,390,231,12344,42,18,305,110,21,4,2015,2026
628365,Gabriele Piccinini,4172,Pisa Sporting Club,Central Midfield,25,Italy,36,9,5,9,294,204,12744,22,12,88,25,21,0,2018,2026
934761,Jacopo Frosali,4172,Pisa Sporting Club,Defensive Midfield,19,Italy,24,6,5,10,122,77,3803,9,3,0,0,15,0,2021,2026
479284,Giuseppe Leone,4172,Pisa Sporting Club,Defensive Midfield,25,Italy,55,11,7,19,420,338,22215,12,10,51,17,45,42,2016,2026
1083024,Ichem Ferrah,4172,Pisa Sporting Club,Right Winger,21,France,11,6,7,15,261,150,10971,47,14,139,63,7,0,2021,2026
348601,Mehdi Léris,4172,Pisa Sporting Club,Right Winger,28,Algeria,7,13,10,18,487,299,18941,37,24,216,63,39,4,2014,2026
941067,Tommaso Marras,4172,Pisa Sporting Club,Right Winger,22,Italy,23,6,5,11,196,166,9753,36,15,61,25,15,0,2021,2026
279823,Stefano Moreo,4172,Pisa Sporting Club,Centre-Forward,33,Italy,32,16,10,13,597,474,29478,85,40,414,137,40,1,2011,2026
1191069,Louis Buffon,4172,Pisa Sporting Club,Centre-Forward,18,Czech Republic,16,4,4,10,145,78,4368,20,2,3,1,2,13,2023,2026
553513,Nicholas Bonfanti,4159,Carrarese Calcio 1908,Centre-Forward,24,Italy,21,10,10,20,381,198,9231,53,7,149,59,10,10,2017,2026
465988,Elia Giani,4172,Pisa Sporting Club,Centre-Forward,25,Italy,73,10,10,16,359,176,8405,20,16,28,8,33,0,2016,2025
99523,Nícolas,4172,Pisa Sporting Club,Goalkeeper,37,Brazil,12,22,11,13,807,308,27604,0,0,0,0,20,0,2005,2026
15452,Raúl Albiol,4172,Pisa Sporting Club,Centre-Back,39,Spain,39,24,7,26,1398,835,69665,22,15,52,14,168,72,2002,2025
969192,Ebenezer Akinsanmiro,4172,Pisa Sporting Club,Central Midfield,20,Nigeria,14,6,7,15,239,123,7469,10,8,37,10,14,1,2021,2026
1009030,Lorran,4172,Pisa Sporting Club,Attacking Midfield,18,Brazil,99,5,3,18,312,95,4737,17,7,45,23,8,15,2021,2025
379163,Marius Marin,4172,Pisa Sporting Club,Defensive Midfield,26,Romania,6,12,7,26,518,387,27651,7,16,143,35,115,52,2014,2026
581672,Samuel Iling-Junior,4172,Pisa Sporting Club,Left Winger,21,England,19,10,12,22,405,257,13989,35,31,119,35,21,52,2017,2026
409344,Calvin Stengs,4172,Pisa Sporting Club,Right Winger,26,Netherlands,23,13,8,31,589,314,22026,52,70,413,159,30,15,2014,2026
256339,Emil Audero,2239,US Cremonese,Goalkeeper,28,Indonesia,1,16,10,24,752,392,34434,0,1,0,0,10,42,2011,2026
91970,Juan Cuadrado,4172,Pisa Sporting Club,Right Midfield,37,Colombia,11,18,10,17,997,675,45085,67,114,239,74,154,116,2008,2025
85528,Marco Silvestri,2239,US Cremonese,Goalkeeper,34,Italy,16,19,14,14,848,433,38783,0,0,0,0,14,6,2008,2026
815563,Lapo Nava,2239,US Cremonese,Goalkeeper,21,Italy,69,8,8,17,415,106,9415,0,1,0,0,6,0,2019,2026
631007,Filippo Terracciano,2239,US Cremonese,Centre-Back,22,Italy,24,9,5,16,384,190,12499,7,9,35,13,24,18,2018,2026
708086,Romano Floriani Mussolini,2239,US Cremonese,Right-Back,22,Italy,22,8,7,16,310,184,13531,2,19,22,9,25,0,2019,2026
278531,Sebastiano Luperto,2239,US Cremonese,Centre-Back,30,Italy,5,15,10,13,643,385,31343,12,11,92,24,42,15,2012,2026
666974,Mikayil Faye,2239,US Cremonese,Centre-Back,20,Senegal,30,7,6,15,172,82,6196,6,1,14,4,17,12,2018,2026
569939,Tommaso Barbieri,2239,US Cremonese,Right-Back,24,Italy,4,10,6,16,388,203,13170,7,15,77,21,50,13,2017,2026
351955,Federico Baschirotto,2239,US Cremonese,Centre-Back,30,Italy,6,14,10,14,489,376,31076,21,8,93,34,47,0,2013,2026
336960,Giuseppe Pezzella,2239,US Cremonese,Left-Back,28,Italy,3,13,9,15,566,310,20788,5,18,55,12,53,34,2014,2026
160986,Matteo Bianchetti,2239,US Cremonese,Centre-Back,33,Italy,15,20,8,19,887,450,37692,9,14,94,30,85,34,2007,2026
603675,Francesco Folino,1385,Modena FC,Centre-Back,24,Italy,23,10,8,19,325,140,8661,9,1,15,9,26,0,2017,2026
659516,Warren Bondo,2239,US Cremonese,Central Midfield,21,France,38,9,7,16,330,176,9994,5,6,63,14,28,33,2018,2026
555820,Martín Payero,2239,US Cremonese,Central Midfield,26,Argentina,32,11,9,20,424,222,12211,15,18,193,47,41,5,2016,2026
163639,Federico Ceccherini,2239,US Cremonese,Centre-Back,33,Italy,23,18,9,14,718,462,35977,13,5,60,12,98,0,2009,2026
258827,Jari Vandeputte,2239,US Cremonese,Central Midfield,30,Belgium,27,15,7,21,590,459,30343,61,116,153,56,59,22,2012,2026
226524,Morten Thorsby,2239,US Cremonese,Central Midfield,30,Norway,2,17,9,27,772,487,31654,44,25,178,61,76,89,2009,2026
433584,Alessio Zerbin,2239,US Cremonese,Right Midfield,26,Italy,7,12,11,18,441,290,17274,44,33,128,55,37,5,2015,2026
434551,Michele Collocolo,2239,US Cremonese,Central Midfield,26,Italy,18,12,6,11,422,248,17257,26,11,154,50,46,0,2015,2026
324377,Youssef Maleh,2239,US Cremonese,Central Midfield,26,Morocco,29,14,8,18,502,301,19686,22,18,150,30,74,6,2013,2026
599663,Faris Moumbagna,2239,US Cremonese,Centre-Forward,25,Cameroon,14,10,7,17,330,198,11042,61,19,223,88,24,8,2017,2026
197473,Alberto Grassi,2239,US Cremonese,Defensive Midfield,31,Italy,33,17,8,14,641,346,21753,12,6,108,25,61,36,2010,2026
413605,David Okereke,4171,Benevento Calcio,Centre-Forward,29,Nigeria,29,12,10,21,511,314,16942,69,27,387,146,31,0,2015,2026
241527,Federico Bonazzoli,2239,US Cremonese,Centre-Forward,29,Italy,90,16,12,21,714,399,21394,109,18,450,162,35,60,2011,2026
67556,Milan Djuric,2239,US Cremonese,Centre-Forward,36,Bosnia-Herzegovina,11,21,12,21,905,581,34242,113,44,267,112,90,19,2006,2026
197838,Jamie Vardy,2239,US Cremonese,Centre-Forward,38,England,10,16,5,17,766,601,43888,251,92,533,258,63,26,2011,2026
110925,Francesco Bardi,2581,Mantova 1911,Goalkeeper,34,Italy,22,19,12,18,875,489,43412,0,1,0,0,39,53,2008,2026
163568,Alfred Gomis,458,Palermo FC,Goalkeeper,31,Senegal,1,17,15,24,803,392,34804,0,1,0,0,18,16,2010,2026
457859,Michele Avella,458,Palermo FC,Goalkeeper,25,Italy,0,11,13,17,411,210,18698,0,0,0,0,21,0,2016,2026
936567,Francesco Di Bartolo,458,Palermo FC,Goalkeeper,20,Italy,77,6,7,17,204,59,5216,0,0,0,0,5,3,2021,2026
1460381,Simone Pizzuto,458,Palermo FC,Goalkeeper,17,Italy,0,3,5,8,102,6,457,0,0,0,0,0,0,2024,2026
705097,Davide Veroli,4554,FC Südtirol,Centre-Back,23,Italy,3,8,9,13,298,159,12017,10,4,22,5,22,4,2019,2026
144143,Bartosz Bereszyński,458,Palermo FC,Centre-Back,32,Poland,19,18,8,23,930,511,37637,6,30,55,10,91,89,2009,2026
567470,Samuel Giovane,4097,US Catanzaro,Central Midfield,23,Italy,14,10,10,23,403,241,12933,14,16,43,9,48,54,2017,2026
937630,Ettore Nicolosi,458,Palermo FC,Centre-Back,19,Italy,0,6,5,9,184,109,8881,8,1,0,0,13,0,2021,2026
1110471,Pietro Avena,458,Palermo FC,Left Midfield,17,Italy,0,5,4,7,148,76,6370,7,1,0,0,12,0,2022,2026
671799,Rui Modesto,458,Palermo FC,Right Midfield,25,Angola,18,10,8,23,340,198,13921,28,32,100,31,18,7,2017,2026
909894,Giacomo Corona,20519,Virtus Entella,Centre-Forward,22,Italy,9,6,7,13,258,118,5860,43,9,22,5,15,0,2021,2026
729536,Federico Agazzi,2239,US Cremonese,Goalkeeper,21,Italy,22,8,4,14,218,155,13974,0,1,0,0,6,0,2019,2026
231381,Andrea Fulignati,2239,US Cremonese,Goalkeeper,31,Italy,1,16,11,14,636,315,28211,0,0,1,0,11,3,2011,2026
1270121,Riccardo Liberali,2239,US Cremonese,Goalkeeper,18,Italy,0,4,4,7,77,32,2791,0,0,0,0,1,0,2023,2026
257660,Marco Festa,2239,US Cremonese,Goalkeeper,34,Italy,12,17,6,12,618,272,24301,0,0,0,0,12,1,2010,2026
960966,Eddy Cabianca,2239,US Cremonese,Centre-Back,23,Italy,0,6,8,9,195,115,8320,9,5,1,0,12,0,2021,2026
330208,Alessandro Vogliacco,2239,US Cremonese,Centre-Back,28,Italy,38,15,10,24,551,299,22501,4,7,55,13,51,26,2012,2026
667627,Yuri Rocchetti,2239,US Cremonese,Left-Back,23,Italy,21,9,7,16,279,171,11408,5,6,8,2,15,2,2018,2026
908768,Tommaso Berti,2239,US Cremonese,Attacking Midfield,22,Italy,14,6,3,13,225,183,11490,24,24,83,22,14,2,2021,2026
330288,Fabio Gerli,2239,US Cremonese,Defensive Midfield,29,Italy,16,15,7,15,567,382,31022,13,20,94,30,43,3,2012,2026
897651,Simone Lottici Tessadri,2239,US Cremonese,Defensive Midfield,20,Italy,8,6,3,9,160,130,10804,2,6,6,2,20,0,2020,2026
960943,Adin Licina,2239,US Cremonese,Right Winger,19,Germany,10,6,7,19,198,140,8905,25,21,145,63,15,31,2021,2026
894456,Dachi Lordkipanidze,2239,US Cremonese,Central Midfield,21,Georgia,25,7,4,15,273,143,10665,14,18,10,5,26,34,2020,2026
629016,Marco Nasti,2239,US Cremonese,Centre-Forward,23,Italy,19,9,10,17,279,204,11522,47,20,172,63,54,13,2018,2026
896362,David Stückler,2239,US Cremonese,Centre-Forward,21,Denmark,7,7,5,10,206,175,11845,103,19,9,6,17,0,2020,2026
375816,Manuel De Luca,2239,US Cremonese,Centre-Forward,28,Italy,9,14,11,17,516,308,19084,84,21,323,134,24,0,2013,2026
240675,Simone Perilli,276,Hellas Verona,Goalkeeper,31,Italy,34,16,10,14,635,195,17453,0,0,0,0,6,0,2010,2026
819369,Adrian Lickūnas,2239,US Cremonese,Right Winger,20,Lithuania,17,7,6,17,287,127,7342,17,4,2,1,12,38,2020,2026
709986,Giacomo Toniolo,276,Hellas Verona,Goalkeeper,22,Italy,22,8,6,13,279,70,6181,0,0,0,0,2,0,2019,2026
467563,Armel Bella-Kotchap,276,Hellas Verona,Centre-Back,23,Germany,37,11,9,21,398,207,15207,3,2,52,11,25,17,2016,2026
860992,Nicolás Valentini,276,Hellas Verona,Centre-Back,24,Argentina,6,8,6,14,284,134,9774,3,0,54,18,33,8,2019,2026
422951,Victor Nelsson,276,Hellas Verona,Centre-Back,26,Denmark,15,12,9,27,614,440,35572,9,4,101,33,74,60,2015,2026
495839,Andrias Edmundsson,276,Hellas Verona,Centre-Back,25,Faroe Islands,5,10,7,27,305,191,16285,4,4,31,10,35,45,2016,2026
851385,Tobias Slotsager,276,Hellas Verona,Centre-Back,20,Denmark,28,6,5,17,261,117,8009,2,0,23,5,14,23,2021,2026
488785,Martin Frese,276,Hellas Verona,Left-Back,28,Denmark,3,12,4,13,429,197,14369,21,12,116,44,38,0,2015,2026
357796,Domagoj Bradarić,276,Hellas Verona,Left-Back,26,Croatia,6,11,5,23,503,292,20560,9,20,73,20,42,21,2014,2026
586984,Daniel Oyegoke,276,Hellas Verona,Right-Back,23,England,0,10,9,25,319,166,9895,3,3,48,15,20,32,2017,2026
1315458,Fallou Cham,276,Hellas Verona,Right-Back,20,The Gambia,70,3,4,9,114,44,3320,3,1,9,3,7,0,2024,2026
298975,Pol Lirola,276,Hellas Verona,Right-Back,27,Spain,14,13,10,21,526,334,22885,15,33,91,26,25,3,2013,2025
377641,Moatasem Al-Musrati,276,Hellas Verona,Defensive Midfield,29,Libya,73,14,8,23,574,324,23746,24,13,170,49,69,38,2013,2026
261905,Suat Serdar,276,Hellas Verona,Central Midfield,29,Germany,8,15,7,22,630,398,26244,48,29,254,83,63,42,2012,2026
395512,Antoine Bernede,276,Hellas Verona,Central Midfield,27,France,24,13,8,27,525,263,17504,14,14,136,38,24,22,2014,2026
540333,Tomas Suslov,276,Hellas Verona,Attacking Midfield,24,Slovakia,10,11,5,29,459,294,18664,34,29,313,96,45,67,2016,2026
268429,Sandi Lovrić,276,Hellas Verona,Central Midfield,27,Slovenia,4,15,7,26,717,457,30645,50,52,380,108,77,102,2012,2026
1018259,Gift Orban,276,Hellas Verona,Centre-Forward,22,Nigeria,16,6,7,16,199,149,9527,78,14,264,112,20,0,2021,2026
416386,Abdou Harroui,276,Hellas Verona,Central Midfield,28,Morocco,21,13,7,19,479,282,18185,45,26,296,105,27,15,2014,2026
748382,Amin Sarr,276,Hellas Verona,Centre-Forward,25,Sweden,9,8,7,18,275,199,10746,32,12,235,97,8,10,2019,2026
170481,Jean-Daniel Akpa Akpro,276,Hellas Verona,Central Midfield,32,Cote d'Ivoire,11,16,7,17,756,382,23677,13,18,116,30,90,17,2010,2025
197471,Roberto Gagliardini,276,Hellas Verona,Central Midfield,31,Italy,63,16,9,19,765,388,23399,27,18,163,50,67,19,2011,2026
651569,Daniel Mosquera,276,Hellas Verona,Centre-Forward,26,Colombia,25,10,6,13,326,173,7971,33,7,153,46,23,0,2017,2026
1111820,Junior Ajayi,276,Hellas Verona,Centre-Forward,20,Cote d'Ivoire,72,5,5,8,159,50,2709,9,7,3,0,2,0,2022,2026
392569,Gabriele Zappa,276,Hellas Verona,Right-Back,26,Italy,4,12,7,19,461,343,24432,15,25,105,36,30,11,2015,2026
136111,Nicola Leali,276,Hellas Verona,Goalkeeper,33,Italy,1,19,14,21,810,488,43170,0,0,0,0,27,22,2008,2026
815529,Nicolò Calabrese,276,Hellas Verona,Centre-Back,21,Italy,37,7,6,10,233,138,11368,5,6,7,1,35,0,2020,2026
1310290,Noé Maël Tagne,276,Hellas Verona,Centre-Back,18,France,33,3,4,6,94,55,4075,1,1,0,0,9,0,2024,2026
248732,Paweł Dawidowicz,276,Hellas Verona,Centre-Back,31,Poland,27,15,7,26,816,383,27475,8,4,79,16,84,36,2012,2026
986234,Davide De Battisti,276,Hellas Verona,Left-Back,20,Italy,71,6,4,9,196,130,9473,6,15,6,0,15,0,2021,2026
1204163,Andréa Le Borgne,276,Hellas Verona,Defensive Midfield,20,France,17,6,8,13,184,74,4795,9,7,13,3,12,6,2021,2026
298635,Grigoris Kastanos,276,Hellas Verona,Central Midfield,28,Cyprus,20,14,11,26,645,412,25388,41,25,265,71,74,91,2013,2026
700053,Edoardo Iannoni,276,Hellas Verona,Central Midfield,25,Italy,44,8,7,9,280,179,10415,10,8,38,12,43,0,2019,2026
708436,Leorat Bega,276,Hellas Verona,Defensive Midfield,23,Switzerland,18,7,7,11,166,98,5932,10,4,68,15,14,5,2019,2026
199953,Caleb Ekuban,276,Hellas Verona,Centre-Forward,32,Ghana,81,16,10,25,668,446,26688,88,42,309,105,30,12,2011,2026
928037,Ioan Vermeșan,276,Hellas Verona,Centre-Forward,19,Romania,0,8,7,19,304,194,12824,74,19,15,4,17,53,2015,2026
457422,Samuele Mulattieri,276,Hellas Verona,Centre-Forward,25,Italy,19,11,11,20,425,318,18489,105,21,319,137,19,11,2016,2026
699585,Kacper Sezonienko,276,Hellas Verona,Left Winger,23,Poland,79,8,4,11,265,199,9449,29,25,68,23,27,6,2019,2026
676411,Dailon Livramento,276,Hellas Verona,Centre-Forward,25,Cape Verde,14,8,7,19,286,197,9208,46,11,150,57,13,24,2019,2026
1185449,Ruben Akalé,276,Hellas Verona,Centre-Forward,19,France,38,5,6,12,214,133,9316,49,9,1,0,15,0,2022,2026
395421,Peter Vindahl,1038,UC Sampdoria,Goalkeeper,28,Denmark,1,12,7,28,621,301,26824,0,1,2,0,16,8,2015,2026
1337321,Salvatore Cerbone,276,Hellas Verona,Left Winger,18,Italy,35,4,4,10,112,59,2213,9,3,4,4,12,1,2023,2026
357983,Simone Ghidotti,1038,UC Sampdoria,Goalkeeper,26,Italy,0,13,9,21,507,290,24904,0,0,0,0,17,39,2014,2026
1312295,Andrey Krastev,1038,UC Sampdoria,Goalkeeper,18,Bulgaria,12,3,4,10,135,51,4554,0,0,0,0,1,1,2024,2026
594227,Bjorn Meijer,1038,UC Sampdoria,Left-Back,23,Netherlands,5,10,8,24,388,241,14835,15,23,101,34,9,15,2017,2026
242537,Samuele Massolo,2655,LR Vicenza,Goalkeeper,30,Italy,0,16,10,18,626,153,13720,0,0,0,0,4,0,2011,2026
493702,Mattia Viti,1038,UC Sampdoria,Centre-Back,24,Italy,2,11,7,16,376,186,13744,5,1,31,8,19,14,2016,2026
183321,Kevin Mbabu,1038,UC Sampdoria,Right-Back,31,Switzerland,43,17,14,38,848,420,30014,15,36,93,24,97,52,2010,2026
243770,Stefan Gartenmann,1038,UC Sampdoria,Centre-Back,29,Switzerland,3,15,10,30,635,414,34835,32,19,172,51,55,31,2012,2026
457674,Alessandro Di Pardo,1038,UC Sampdoria,Right-Back,27,Italy,29,11,10,17,458,267,17559,9,12,62,14,36,6,2016,2026
324282,Fabio Depaoli,1038,UC Sampdoria,Right-Back,29,Italy,23,14,6,12,539,353,23938,24,26,161,52,86,5,2013,2026
386850,Manuel Cicconi,1038,UC Sampdoria,Left-Back,29,Italy,7,12,6,14,476,325,21812,35,43,79,20,58,0,2015,2026
1234785,Karim Diop,1038,UC Sampdoria,Centre-Back,17,Italy,38,4,4,9,132,35,2522,0,0,0,0,8,6,2023,2026
487835,Alessandro Riccio,1038,UC Sampdoria,Centre-Back,24,Italy,0,11,8,24,506,214,16064,3,2,20,5,46,28,2016,2026
197491,Alex Ferrari,1038,UC Sampdoria,Centre-Back,32,Italy,25,16,6,12,638,258,19585,3,5,21,4,60,8,2011,2026
1455611,Noà Mondani,1038,UC Sampdoria,Centre-Back,17,Italy,0,2,3,3,32,16,634,0,0,0,0,1,0,2025,2026
1311836,Federico Piermattei,1038,UC Sampdoria,Centre-Back,18,Italy,0,3,4,6,73,58,4801,6,1,0,0,8,0,2024,2026
460651,Antoine Makoumbou,1038,UC Sampdoria,Defensive Midfield,28,Congo,45,13,10,24,355,251,18717,5,9,53,14,32,18,2013,2026
502302,Yari Verschaeren,1038,UC Sampdoria,Attacking Midfield,25,Belgium,16,11,4,22,468,311,19588,38,42,259,99,12,36,2016,2026
823560,Francesco Conti,1038,UC Sampdoria,Central Midfield,21,Italy,33,7,6,12,243,162,9994,16,8,22,6,21,0,2020,2026
346499,Danel Sinani,1038,UC Sampdoria,Attacking Midfield,29,Luxembourg,20,15,11,32,589,456,30260,105,73,398,128,55,107,2011,2026
325993,Oliver Abildgaard,1038,UC Sampdoria,Defensive Midfield,30,Denmark,28,14,9,23,533,289,18500,15,16,163,41,55,13,2013,2026
542336,Nikola Sekulov,1038,UC Sampdoria,Attacking Midfield,24,Italy,18,10,8,19,416,245,13140,37,14,32,9,16,24,2017,2026
193867,Liam Henderson,1038,UC Sampdoria,Central Midfield,30,Scotland,6,16,11,20,669,427,26797,34,53,228,76,82,28,2011,2026
1317254,Ștefan Amarandei,1038,UC Sampdoria,Central Midfield,18,Romania,0,3,4,9,94,64,4311,17,2,0,0,7,6,2024,2026
1327789,Leo Rodella,1038,UC Sampdoria,Central Midfield,18,Italy,0,3,4,7,49,13,482,1,1,1,1,0,7,2024,2026
272206,Tobias Lauritsen,1038,UC Sampdoria,Centre-Forward,29,Norway,9,14,6,11,475,306,21705,112,34,560,231,16,0,2012,2026
708186,Tjas Begic,1038,UC Sampdoria,Left Winger,23,Slovenia,11,9,6,15,305,195,10192,19,10,69,29,24,35,2018,2026
324804,Yann Karamoh,1038,UC Sampdoria,Left Winger,28,France,14,14,13,21,520,303,14558,42,15,236,79,19,21,2013,2026
1332008,Lorenzo Mezzotero,1038,UC Sampdoria,Centre-Forward,18,Azerbaijan,0,3,4,7,69,58,4374,25,3,0,0,9,1,2024,2026
202979,Gennaro Tutino,1038,UC Sampdoria,Centre-Forward,30,Italy,99,16,17,20,668,435,27910,122,39,346,137,45,39,2011,2026
1310462,Lorenzo Paratici,1038,UC Sampdoria,Centre-Forward,17,Italy,0,3,7,11,131,73,4173,31,2,0,0,1,2,2024,2026
1216356,Giuseppe Forte,1038,UC Sampdoria,Centre-Forward,18,Italy,0,4,7,11,139,66,3149,7,7,3,2,2,4,2023,2026
338651,Gaëtan Coucke,1038,UC Sampdoria,Goalkeeper,26,Belgium,98,14,7,21,475,233,20738,0,1,1,0,7,7,2013,2026
934159,Tommaso Martinelli,2331,US Avellino 1912,Goalkeeper,20,Italy,50,6,5,17,316,109,9476,0,0,0,0,5,30,2021,2026
42796,Nicola Ravaglia,4159,Carrarese Calcio 1908,Goalkeeper,37,Italy,30,21,10,12,831,378,33810,0,0,0,0,16,0,2006,2026
692349,Andrei Coubiș,1038,UC Sampdoria,Centre-Back,21,Romania,0,8,9,29,329,181,14610,5,8,12,3,31,16,2019,2026
1058354,Matteo Palma,1038,UC Sampdoria,Centre-Back,17,Germany,13,5,3,9,173,78,5873,5,1,9,2,17,16,2022,2026
322065,Dennis Hadzikadunic,1038,UC Sampdoria,Centre-Back,26,Bosnia-Herzegovina,17,15,10,30,602,361,29178,13,6,102,33,67,63,2009,2026
265033,Nikolas Ioannou,1038,UC Sampdoria,Left-Back,29,Cyprus,0,15,8,26,716,360,26443,25,14,85,24,76,65,2012,2026
664743,Stipe Vulikic,1038,UC Sampdoria,Centre-Back,24,Croatia,0,9,7,10,283,148,11443,2,3,18,3,23,4,2018,2026
240219,Lorenzo Venuti,1038,UC Sampdoria,Right-Back,30,Italy,18,14,8,17,658,382,27513,9,14,68,19,49,20,2012,2025
480046,Simone Giordano,1038,UC Sampdoria,Left-Back,23,Italy,21,11,7,13,364,210,14310,6,20,36,5,24,0,2016,2026
876400,Simone Pafundi,4097,US Catanzaro,Attacking Midfield,20,Italy,20,7,6,20,309,138,7063,24,29,108,34,11,32,2020,2026
272261,Antonín Barák,1038,UC Sampdoria,Attacking Midfield,30,Czech Republic,72,15,13,24,681,429,25766,82,29,286,114,44,58,2012,2026
423615,Leonardo Benedetti,20519,Virtus Entella,Central Midfield,26,Italy,80,12,9,16,436,250,15523,21,11,76,23,39,1,2015,2026
198087,Matteo Ricci,408,Ascoli Calcio,Defensive Midfield,32,Italy,27,16,13,18,672,416,29566,36,37,173,35,80,25,2011,2026
698110,Lorenzo Malagrida,1038,UC Sampdoria,Left Midfield,21,Italy,0,8,6,11,286,147,8682,19,11,5,4,27,0,2019,2026
721227,Luigi Cherubini,4171,Benevento Calcio,Left Winger,22,Italy,10,8,7,16,353,213,13806,39,33,77,28,26,13,2019,2026
372720,Nicholas Pierini,1038,UC Sampdoria,Right Winger,26,Italy,77,13,11,17,528,339,18144,94,34,217,84,13,4,2014,2026
341271,Víctor Narro,1038,UC Sampdoria,Right Winger,26,Spain,0,9,10,11,265,187,10791,16,32,13,4,27,3,2014,2026
33763,Massimo Coda,1038,UC Sampdoria,Centre-Forward,36,Italy,9,23,20,20,903,649,44222,224,72,868,329,50,0,2004,2026
742235,Michele Pezzolato,1385,Modena FC,Goalkeeper,21,Italy,22,8,9,16,256,106,9338,0,1,0,0,5,0,2019,2026
618674,Abdullah Laidani,1385,Modena FC,Goalkeeper,23,Switzerland,25,8,8,17,301,89,7982,0,0,1,0,4,1,2019,2026
95736,Leandro Chichizola,1385,Modena FC,Goalkeeper,36,Argentina,1,19,8,15,723,380,33962,0,1,0,0,17,0,2008,2026
698082,Bryant Nieling,1385,Modena FC,Centre-Back,23,Netherlands,20,6,6,12,196,119,9337,3,3,77,14,16,0,2019,2026
537548,Fabrizio Bagheria,2655,LR Vicenza,Goalkeeper,25,Italy,1,10,11,17,345,76,6730,0,0,0,0,1,0,2017,2026
1193344,Andrea Maran,1385,Modena FC,Goalkeeper,18,Italy,12,3,3,10,83,42,3735,0,0,0,0,1,2,2024,2026
665057,Daniel Tonoli,1385,Modena FC,Centre-Back,24,Italy,77,9,5,12,277,224,18442,25,9,56,13,49,0,2018,2026
1175798,Gady Beyuku,1385,Modena FC,Right-Back,20,France,0,5,5,9,114,70,4167,9,2,37,9,15,7,2022,2026
707219,Steven Nador,1385,Modena FC,Centre-Back,24,Togo,19,8,7,14,318,170,12687,1,4,5,4,35,13,2019,2026
704825,Alessandro Dellavalle,3037,Calcio Padova,Centre-Back,22,Italy,27,8,6,14,284,187,15317,24,8,31,8,36,7,2019,2026
534082,Fabio Ponsi,1385,Modena FC,Left-Back,24,Italy,0,10,7,20,423,188,11352,4,8,22,4,29,29,2017,2026
163212,Davide Adorni,1385,Modena FC,Centre-Back,34,Italy,28,18,7,13,688,420,33999,12,8,141,41,88,0,2009,2026
382567,Matteo Cotali,1385,Modena FC,Left-Back,28,Italy,29,12,7,10,437,288,21897,2,16,39,9,62,0,2013,2025
1169718,Franck Guiyong,1385,Modena FC,Centre-Back,19,France,0,5,6,11,141,96,7569,5,0,0,0,13,0,2022,2026
283421,Cristian Căuz,749,FC Empoli,Centre-Back,30,Italy,33,15,12,18,509,327,23819,12,9,21,8,33,0,2012,2026
387013,Antonio Pergreffi,1385,Modena FC,Centre-Back,37,Italy,0,13,5,9,461,356,30841,25,6,22,8,68,0,2010,2025
915849,Yanis Massolin,1385,Modena FC,Attacking Midfield,22,France,17,6,7,10,203,100,6109,8,7,81,26,13,0,2021,2026
1295778,Samuel Wiafe,1385,Modena FC,Central Midfield,17,Italy,71,4,4,11,84,61,4622,12,6,21,4,7,5,2023,2026
657550,Alessandro Sersanti,1385,Modena FC,Central Midfield,24,Italy,5,9,8,10,312,235,16336,17,11,107,38,45,0,2018,2026
392515,Simone Santoro,1385,Modena FC,Central Midfield,27,Italy,8,13,6,16,507,355,27159,34,21,179,43,60,0,2014,2026
216872,Francesco Zampano,1385,Modena FC,Right Midfield,32,Italy,7,17,9,14,702,505,39970,14,47,158,39,80,13,2010,2026
1336583,Tito Fabbri,1385,Modena FC,Attacking Midfield,17,Italy,14,3,3,9,82,40,2186,3,5,0,0,3,11,2024,2026
679754,Niklas Pyyhtiä,4554,FC Südtirol,Central Midfield,23,Finland,8,9,8,21,376,224,12388,23,23,87,27,19,41,2018,2026
1301529,Pietro Arnaboldi,1385,Modena FC,Defensive Midfield,18,Italy,73,3,4,9,91,67,5330,3,2,0,0,7,0,2024,2026
707295,Giuseppe Ambrosino,1385,Modena FC,Centre-Forward,23,Italy,70,8,8,19,333,202,11019,52,27,179,61,26,31,2019,2026
297444,Luca Magnino,749,FC Empoli,Central Midfield,29,Italy,8,14,7,11,468,401,27902,18,14,101,30,61,0,2013,2026
604627,Ousmane Niang,1385,Modena FC,Central Midfield,22,Italy,80,8,10,18,254,148,7012,8,6,0,0,15,0,2018,2026
976145,Antonio Imputato,1385,Modena FC,Right Midfield,22,Italy,26,6,8,16,216,128,7847,9,8,2,0,23,0,2021,2026
407265,Luca Zanimacchia,3037,Calcio Padova,Right Winger,28,Italy,98,12,11,17,512,378,23974,47,32,258,74,25,8,2015,2026
498235,Pedro Mendes,1385,Modena FC,Centre-Forward,27,Portugal,0,11,9,16,361,235,12974,56,10,224,83,7,7,2016,2026
238950,Francesco Di Mariano,3037,Calcio Padova,Left Winger,30,Italy,23,17,13,18,646,414,23819,55,32,269,87,59,18,2010,2026
209936,Ettore Gliozzi,2581,Mantova 1911,Centre-Forward,31,Italy,9,16,14,16,567,400,24000,109,23,280,113,26,5,2011,2026
163222,Grégoire Defrel,1385,Modena FC,Centre-Forward,34,France,92,18,9,15,716,514,28464,82,47,193,77,36,0,2009,2026
1185684,Edoardo Colpo,1385,Modena FC,Centre-Forward,16,Italy,0,4,3,6,94,64,3633,21,1,0,0,8,0,2023,2026
155802,Luca Strizzolo,1385,Modena FC,Centre-Forward,33,Italy,32,16,13,12,672,412,20956,82,31,235,86,68,0,2010,2025
617808,Jacopo Sassi,2331,US Avellino 1912,Goalkeeper,23,Italy,22,9,11,22,325,130,11376,0,0,0,0,6,9,2018,2026
73929,Antony Iannarilli,2331,US Avellino 1912,Goalkeeper,35,Italy,1,20,9,20,739,529,47422,2,0,1,1,30,0,2007,2026
650993,Filippo Missori,2331,US Avellino 1912,Right-Back,22,Italy,2,9,6,17,360,176,11956,11,14,35,11,24,45,2018,2026
616162,Alessandro Fontanarosa,2331,US Avellino 1912,Centre-Back,23,Italy,0,9,12,25,392,212,15582,4,2,20,6,52,32,2018,2026
900630,Brando Moruzzi,2331,US Avellino 1912,Left-Back,22,Italy,27,7,6,13,222,146,9207,3,14,39,6,29,3,2020,2026
226093,Lorenco Simic,2331,US Avellino 1912,Centre-Back,30,Croatia,44,13,13,23,461,226,17026,21,3,102,29,48,10,2014,2026
487633,Patrick Enrici,2331,US Avellino 1912,Centre-Back,25,Italy,56,11,8,17,356,253,19220,7,2,11,4,46,0,2016,2026
392570,Marco Sala,2331,US Avellino 1912,Left-Back,27,Italy,3,12,12,20,472,318,22114,6,34,62,18,33,20,2015,2026
932763,Alessandro Di Bitonto,2331,US Avellino 1912,Centre-Back,20,Italy,5,6,6,14,191,122,9033,3,0,1,0,20,0,2021,2026
167879,Tommaso Cancellotti,2331,US Avellino 1912,Right-Back,34,Italy,29,18,10,12,670,480,37611,11,28,5,1,128,0,2009,2026
651002,Giacomo Faticanti,2331,US Avellino 1912,Defensive Midfield,22,Italy,16,9,9,24,385,231,16950,11,13,8,0,43,56,2018,2026
976828,Matteo Di Paola,2331,US Avellino 1912,Right-Back,21,Italy,0,5,4,7,123,36,2887,1,3,0,0,6,0,2021,2026
724107,Luca Di Maggio,2331,US Avellino 1912,Central Midfield,21,Italy,8,7,7,21,308,216,12352,37,28,43,18,20,50,2019,2026
617170,Martin Palumbo,2331,US Avellino 1912,Attacking Midfield,24,Norway,20,10,7,18,369,210,10720,25,12,51,17,20,19,2017,2026
930780,Thomas Berenbruch,2331,US Avellino 1912,Central Midfield,21,Italy,18,6,7,20,308,166,10641,42,30,94,37,14,9,2021,2026
616031,Michele Besaggio,2331,US Avellino 1912,Central Midfield,24,Italy,39,9,7,13,321,253,16862,36,22,55,14,36,0,2018,2026
240357,Luca Palmiero,2331,US Avellino 1912,Defensive Midfield,30,Italy,6,16,9,17,603,431,30148,10,20,72,18,104,14,2011,2026
234137,Dimitrios Sounas,2331,US Avellino 1912,Defensive Midfield,32,Greece,24,15,7,14,522,398,25991,35,46,45,14,60,13,2012,2026
920941,Noah Mutanda,2331,US Avellino 1912,Central Midfield,21,Germany,0,6,8,17,182,66,2138,5,1,0,0,6,0,2021,2026
521407,Walid Cheddira,2331,US Avellino 1912,Centre-Forward,28,Morocco,9,10,12,18,380,316,19751,72,22,224,101,24,6,2017,2026
240129,Tommaso Biasci,2331,US Avellino 1912,Second Striker,31,Italy,14,15,11,16,600,464,29402,162,40,143,61,45,0,2012,2026
393652,Raffaele Russo,2331,US Avellino 1912,Left Winger,27,Italy,10,12,9,15,427,314,16698,43,28,52,23,36,0,2015,2026
438021,Luca Pandolfi,2331,US Avellino 1912,Centre-Forward,28,Italy,7,12,14,14,396,259,14299,52,11,162,59,35,0,2015,2026
340151,Andrea Favilli,2331,US Avellino 1912,Centre-Forward,29,Italy,99,13,13,20,605,273,15866,74,29,173,62,53,34,2014,2026
967814,Sebastiano Di Paolo,2331,US Avellino 1912,Right Winger,19,Italy,77,6,6,13,160,123,6704,19,6,0,0,3,0,2021,2026
999404,Leonardo Consiglio,1385,Modena FC,Goalkeeper,20,Italy,22,6,5,12,200,86,7755,0,0,0,0,7,2,2021,2026
1058344,Martino Odero,1385,Modena FC,Right-Back,19,Italy,15,5,4,10,133,97,8391,5,9,1,0,14,2,2022,2026
929771,Diego Ronco,1385,Modena FC,Centre-Back,21,Italy,34,6,6,11,193,84,5532,5,2,0,0,17,0,2021,2026
1056746,Wisdom Acquah,1385,Modena FC,Defensive Midfield,19,Italy,32,5,5,10,151,91,5641,2,3,0,0,12,0,2022,2026
602124,Alessandro Bianco,1385,Modena FC,Central Midfield,23,Italy,42,9,8,19,425,245,17563,15,18,95,27,69,13,2018,2026
1300468,Treasure Egharevba,1385,Modena FC,Left Midfield,18,Italy,37,3,3,6,68,52,4144,4,7,0,0,9,0,2024,2026
167727,Andrea Belotti,1385,Modena FC,Centre-Forward,32,Italy,11,18,10,26,813,614,39994,209,54,645,240,49,78,2009,2026
1004950,Joris Manquant,1385,Modena FC,Centre-Forward,20,France,18,6,6,11,125,88,5309,40,3,99,36,4,0,2021,2026
678441,Daniele Montevago,1385,Modena FC,Centre-Forward,23,Italy,9,9,10,15,315,219,13790,68,22,20,5,39,15,2018,2026
796574,Stênio,1385,Modena FC,Right Winger,23,Brazil,33,9,7,17,323,167,7292,12,11,48,19,23,11,2018,2026
660878,Luca Bacchin,1385,Modena FC,Second Striker,22,Italy,29,9,7,12,244,175,9419,20,22,1,0,13,0,2018,2026
530847,Alessandro Siano,1429,Cesena FC,Goalkeeper,25,Italy,1,10,7,15,385,113,9774,0,0,0,0,3,0,2017,2026
334992,Jonathan Klinsmann,1429,Cesena FC,Goalkeeper,29,United States,33,14,6,20,465,146,12869,0,1,0,0,6,24,2013,2026
1206709,Tommaso Mazzi,1429,Cesena FC,Goalkeeper,17,Italy,90,4,7,10,114,53,4695,0,0,0,0,4,14,2023,2026
1202384,Niccolò Fontana,1429,Cesena FC,Goalkeeper,18,Italy,39,4,3,9,206,58,5220,0,1,0,0,2,0,2023,2026
667905,Luca Ferretti,1429,Cesena FC,Goalkeeper,22,Italy,40,8,8,13,250,67,5885,0,0,0,0,6,0,2018,2026
845566,Mihajlo Ilić,1429,Cesena FC,Centre-Back,23,Serbia,6,9,8,19,356,174,13245,16,2,35,12,48,19,2018,2026
1186626,Simone Gianfanti,1429,Cesena FC,Goalkeeper,19,Italy,0,4,3,7,102,27,2430,0,0,0,0,0,0,2023,2026
392524,Andrea Ciofi,1429,Cesena FC,Centre-Back,27,Italy,15,12,6,20,435,318,24927,15,18,34,8,48,0,2015,2026
386755,Gianluca Frabotta,1429,Cesena FC,Left-Back,27,Italy,7,12,15,27,540,269,18107,15,13,80,21,58,16,2015,2026
395805,Massimiliano Mangraviti,1429,Cesena FC,Centre-Back,28,Italy,24,12,6,13,487,290,23518,9,3,70,20,37,0,2015,2026
1058396,Vittorio Magni,1429,Cesena FC,Right-Back,20,Italy,23,5,5,18,246,149,9801,4,21,9,1,24,28,2022,2026
813296,Mark Natta,1429,Cesena FC,Centre-Back,23,Australia,2,7,3,9,193,125,10262,4,3,34,11,8,5,2020,2026
929688,Antonio David,1429,Cesena FC,Left-Back,22,Romania,3,6,4,14,213,122,7462,1,9,0,0,17,7,2021,2026
391453,Matteo Piacentini,1429,Cesena FC,Centre-Back,27,Italy,26,13,6,17,453,243,18497,3,3,7,3,53,0,2014,2026
908791,Matteo Francesconi,1429,Cesena FC,Central Midfield,22,Italy,8,6,2,11,221,159,10110,11,5,31,3,24,0,2021,2026
879868,Marco Dalla Vecchia,1429,Cesena FC,Central Midfield,21,Italy,27,7,8,12,252,167,10387,17,5,30,6,18,0,2020,2026
650248,Luca Schirone,1429,Cesena FC,Central Midfield,23,Italy,5,9,6,12,304,162,12059,16,10,1,0,30,3,2018,2026
702614,Matteo Guidi,1429,Cesena FC,Defensive Midfield,23,Italy,18,8,4,10,233,165,9265,6,8,14,2,39,0,2018,2026
163216,Dimitri Bisoli,1429,Cesena FC,Central Midfield,32,Italy,25,17,7,13,602,489,38831,37,45,205,61,78,2,2010,2026
1296424,Filippo Bertaccini,1429,Cesena FC,Attacking Midfield,19,Italy,43,3,3,8,123,61,4965,15,8,1,1,5,1,2024,2026
1312597,Matteo Casadei,1429,Cesena FC,Central Midfield,17,Italy,20,3,4,7,105,46,2655,3,0,0,0,2,0,2024,2026
1312591,Enea Casadei,1429,Cesena FC,Central Midfield,18,Italy,76,3,4,7,107,64,4779,7,4,0,0,6,0,2024,2026
996453,Maat Daniel Caprini,1429,Cesena FC,Left Winger,20,Italy,11,6,7,16,226,130,7897,43,13,88,27,7,11,2021,2026
1044794,Alessandro Debenedetti,1429,Cesena FC,Centre-Forward,23,Italy,91,5,4,8,162,123,5226,28,2,59,17,7,0,2022,2026
908760,Cristian Shpendi,1429,Cesena FC,Centre-Forward,23,Albania,9,6,2,15,274,182,12018,75,22,191,83,13,19,2021,2026
725242,Luca D'Andrea,1429,Cesena FC,Right Winger,22,Italy,16,8,8,14,280,143,7885,28,21,47,17,24,23,2019,2026
1177045,Xavello Druiventak,1429,Cesena FC,Right Winger,22,Netherlands,14,5,4,7,112,90,5129,24,5,4,2,8,0,2022,2026
1015822,Eman Košpo,2581,Mantova 1911,Centre-Back,19,Bosnia-Herzegovina,75,6,5,13,155,66,4549,2,2,0,0,8,33,2021,2026
704283,Alessio Castellini,2581,Mantova 1911,Centre-Back,23,Italy,27,8,6,13,250,227,19095,12,18,36,9,20,0,2019,2026
463792,Luca Gemello,2581,Mantova 1911,Goalkeeper,26,Italy,1,11,7,20,458,203,17965,0,1,0,0,15,3,2016,2026
487828,Manuel Gasparini,2581,Mantova 1911,Goalkeeper,24,Italy,12,11,9,17,459,165,14394,0,0,0,0,5,22,2016,2026
627625,Nicolò Radaelli,2581,Mantova 1911,Right-Back,23,Italy,17,9,6,15,253,158,10540,10,13,55,19,45,2,2018,2026
820620,Tommaso Del Lungo,2581,Mantova 1911,Centre-Back,22,Italy,58,7,8,17,340,155,10901,6,12,4,2,19,0,2020,2026
986324,Bodin Tomasevic,2581,Mantova 1911,Centre-Back,20,Montenegro,5,6,5,18,250,112,9257,5,0,3,1,14,41,2021,2026
805864,Fahem Benaïssa,2581,Mantova 1911,Left-Back,24,France,50,8,6,10,192,116,8677,8,9,11,4,10,0,2019,2026
538937,Stefano Cella,2581,Mantova 1911,Centre-Back,25,Italy,29,10,8,11,416,286,23878,4,3,23,9,59,0,2017,2026
1310256,Cristian Marai,2581,Mantova 1911,Centre-Back,18,Italy,33,3,3,4,56,29,2385,0,0,0,0,3,0,2024,2026
487839,Simone Trimboli,2581,Mantova 1911,Central Midfield,24,Italy,21,11,7,15,352,225,16981,28,21,84,26,57,29,2016,2026
814445,Lorenzo Ignacchiti,2581,Mantova 1911,Central Midfield,22,Italy,25,7,7,15,246,191,12479,14,14,39,16,26,16,2020,2026
619494,Francesco Ruocco,2581,Mantova 1911,Attacking Midfield,25,Italy,19,9,4,11,292,208,13041,58,25,63,24,20,0,2018,2026
812654,Rareș Ilie,2581,Mantova 1911,Attacking Midfield,23,Romania,8,8,8,23,340,190,10593,22,29,94,30,20,29,2018,2026
622801,Flavio Paoletti,2581,Mantova 1911,Central Midfield,23,Italy,20,9,6,13,267,153,8862,11,6,52,17,25,2,2018,2026
1074917,Jonathan Silva,2581,Mantova 1911,Attacking Midfield,22,Brazil,41,6,7,11,163,113,6448,6,13,11,3,14,0,2021,2026
1028019,Sambaly Keïta,2581,Mantova 1911,Central Midfield,25,France,18,6,6,7,163,123,8035,14,7,4,2,19,0,2019,2026
562255,David Wieser,2581,Mantova 1911,Central Midfield,24,Italy,10,10,7,15,321,189,8674,6,14,13,4,17,0,2017,2026
647181,Jean-Pierre Longonda,2581,Mantova 1911,Defensive Midfield,24,Belgium,6,8,7,13,182,122,7867,22,10,6,3,17,7,2018,2026
619327,Filippo Vesentini,2581,Mantova 1911,Central Midfield,23,Italy,77,9,7,10,285,135,7422,3,9,0,0,8,0,2018,2026
1588797,Yassin Banna,2581,Mantova 1911,Midfield,19,Italy,44,1,2,3,8,1,90,1,0,0,0,0,0,2026,2026
704335,Davide Bragantini,2581,Mantova 1911,Right Winger,23,Italy,30,8,4,12,270,195,10775,37,34,61,28,10,0,2019,2026
930768,Matteo Spinaccè,2581,Mantova 1911,Centre-Forward,20,Italy,7,6,7,21,320,172,9378,46,14,97,34,19,17,2021,2026
1180701,Ismael Cajazzo,2581,Mantova 1911,Right Winger,22,Canada,11,4,3,8,129,100,6688,19,11,3,2,9,0,2023,2026
934461,Federico Chinetti,2581,Mantova 1911,Right Winger,20,Italy,71,6,5,10,219,145,9892,50,20,15,5,9,0,2021,2026
548511,Federico Botti,2581,Mantova 1911,Goalkeeper,23,Italy,0,9,9,14,324,134,11984,0,0,0,0,5,0,2017,2025
1004344,Ali Dembélé,2581,Mantova 1911,Right-Back,21,France,3,6,7,10,245,115,7433,4,8,16,7,14,0,2021,2026
234880,Lorenzo Andrenacci,2581,Mantova 1911,Goalkeeper,30,Italy,22,15,10,14,572,110,9593,0,0,0,0,6,0,2012,2026
862744,Junior Ligue,2581,Mantova 1911,Left-Back,20,Switzerland,20,7,7,17,278,180,11408,48,5,23,5,23,29,2020,2026
645195,Tiago Gonçalves,2581,Mantova 1911,Left-Back,24,Portugal,15,9,10,17,253,150,10589,7,20,47,18,16,0,2018,2026
391057,Cristiano Bani,2581,Mantova 1911,Left-Back,26,Italy,0,12,9,17,389,248,14883,13,7,25,2,50,0,2015,2026
983810,Senan Mullen,2581,Mantova 1911,Centre-Back,20,Ireland,0,6,6,13,234,83,5994,1,1,23,9,13,8,2021,2026
1059298,Côme Bianay Balcot,2581,Mantova 1911,Right-Back,20,France,2,5,8,13,202,100,6654,3,7,4,0,10,0,2022,2026
932259,Konstantinos Chrysopoulos,2581,Mantova 1911,Centre-Back,22,Greece,5,6,9,16,248,104,8468,5,0,2,1,13,4,2021,2026
934863,Tommaso Pittino,2581,Mantova 1911,Centre-Back,20,Italy,0,6,9,13,231,108,8055,1,1,0,0,20,0,2021,2026
1495442,Stefano Baraldi,2581,Mantova 1911,Central Midfield,17,Italy,0,2,2,3,25,1,71,0,0,0,0,0,0,2025,2026
567472,Federico Zuccon,5587,SS Juve Stabia,Central Midfield,22,Italy,0,10,12,24,379,210,12373,11,12,50,9,34,37,2017,2026
408293,Nicolò Buso,4097,US Catanzaro,Second Striker,26,Italy,7,12,11,15,380,268,15856,86,25,108,46,32,0,2015,2026
583025,Nikolas Muci,2581,Mantova 1911,Centre-Forward,22,Switzerland,11,9,6,12,327,234,12974,85,9,206,70,33,25,2018,2026
1310253,Mattia Bellini,2581,Mantova 1911,Second Striker,17,Italy,0,3,3,4,46,25,1763,5,0,0,0,0,0,2024,2026
814473,Giovanni Daffara,2331,US Avellino 1912,Goalkeeper,20,Italy,30,7,7,20,364,141,12625,0,1,0,0,9,0,2020,2026
347353,Leonardo Marson,2331,US Avellino 1912,Goalkeeper,27,Italy,77,13,11,17,490,153,13330,0,0,0,0,6,4,2014,2026
1053217,Filippo Reale,4159,Carrarese Calcio 1908,Centre-Back,20,Italy,33,5,6,14,215,101,7187,4,6,5,1,16,11,2022,2026
140312,Pasquale Pane,2331,US Avellino 1912,Goalkeeper,35,Italy,45,18,13,12,676,313,27887,0,1,0,0,22,0,2009,2026
883058,Alessandro Milani,2331,US Avellino 1912,Left-Back,20,Venezuela,78,7,7,20,272,176,12755,12,17,10,4,11,27,2020,2026
88705,Michele Rigione,2331,US Avellino 1912,Centre-Back,34,Italy,0,21,17,18,795,458,37015,25,4,70,18,75,7,2006,2026
1048057,Carlo Mellino,2331,US Avellino 1912,Left-Back,19,Italy,0,5,6,11,173,83,6794,0,4,0,0,18,0,2022,2026
818581,Matteo Marchisano,2331,US Avellino 1912,Right-Back,20,Italy,0,7,8,12,209,100,6035,6,8,0,0,4,0,2020,2026
1048061,Umberto Volpe,2331,US Avellino 1912,Centre-Back,19,Italy,0,5,6,11,162,75,5447,1,1,0,0,11,0,2022,2026
1303947,Antonio Aloisi,2331,US Avellino 1912,Centre-Back,17,Italy,0,3,2,5,94,27,1934,1,0,0,0,4,0,2024,2026
808559,Justin Kumi,5587,SS Juve Stabia,Central Midfield,22,Italy,24,7,7,13,308,151,9153,19,8,18,9,23,19,2020,2026
144091,Marco Armellino,2331,US Avellino 1912,Central Midfield,35,Italy,21,19,10,14,721,539,40022,42,21,68,16,103,0,2006,2026
745444,Valerio Crespi,2331,US Avellino 1912,Centre-Forward,20,Italy,0,8,9,14,222,165,9501,76,11,68,18,21,1,2019,2026
256008,Facundo Lescano,2331,US Avellino 1912,Centre-Forward,28,Argentina,0,15,19,20,551,407,25182,142,22,26,10,26,0,2012,2026
951327,Alessandro Campanile,2331,US Avellino 1912,Centre-Forward,20,Italy,0,6,6,15,120,64,3326,9,3,0,0,5,0,2021,2026
858677,Peter Amoran,1429,Cesena FC,Centre-Back,21,Sweden,16,7,7,15,246,128,9635,3,0,15,3,14,23,2019,2026
195057,Raffaele Celia,4171,Benevento Calcio,Left-Back,27,Italy,13,14,9,18,467,326,21745,10,16,36,13,34,11,2013,2026
1166624,Mamadou Kebbeh,1429,Cesena FC,Centre-Back,19,France,0,5,6,11,160,96,7135,1,1,0,0,6,0,2022,2026
1101656,Simone Abbondanza,1429,Cesena FC,Right-Back,19,Italy,0,5,4,9,146,74,3694,4,3,1,1,6,0,2022,2026
257751,Simone Bastoni,1429,Cesena FC,Central Midfield,28,Italy,10,15,8,17,613,351,22338,35,30,171,41,55,5,2012,2026
1040079,Riccardo Domeniconi,1429,Cesena FC,Central Midfield,19,Italy,0,4,3,7,155,130,8787,7,4,2,1,14,0,2022,2025
973249,Jalen Blesa,1429,Cesena FC,Centre-Forward,24,Spain,0,5,6,15,155,114,8218,36,11,56,28,9,0,2022,2026
628558,Riccardo Ciervo,1429,Cesena FC,Left Winger,23,Italy,11,9,12,14,330,198,10189,19,22,97,37,10,2,2018,2026
984708,Siren Diao,1429,Cesena FC,Centre-Forward,20,Spain,0,6,9,18,250,131,7033,47,10,34,13,5,6,2021,2026
363178,Giacomo Vrioni,1429,Cesena FC,Centre-Forward,26,Albania,22,13,14,29,590,291,16558,89,27,312,122,35,21,2014,2026
1245879,Filippo Galvagno,1429,Cesena FC,Centre-Forward,18,Italy,0,4,3,9,117,80,5100,30,8,0,0,5,3,2023,2026
197751,Alberto Cerri,4255,SS Arezzo,Centre-Forward,30,Italy,9,16,13,16,706,409,23222,106,42,315,114,50,72,2011,2026
810067,Louis Mouquet,3037,Calcio Padova,Goalkeeper,22,Portugal,1,6,6,15,250,58,5112,0,0,0,0,1,6,2021,2026
542588,Alessandro Sorrentino,3037,Calcio Padova,Goalkeeper,24,Italy,22,10,7,15,395,137,11987,0,0,0,0,5,3,2017,2026
601507,Michele Voltan,3037,Calcio Padova,Goalkeeper,23,Italy,12,8,7,11,327,85,7414,0,0,0,0,2,0,2018,2025
823525,Lorenzo Villa,3037,Calcio Padova,Centre-Back,21,Italy,55,7,9,17,270,127,8638,2,1,8,0,23,0,2020,2026
903414,Carlo Faedo,3037,Calcio Padova,Centre-Back,27,Italy,72,6,2,6,214,151,11825,10,7,22,6,32,0,2021,2026
313477,Paolo Ghiglione,3037,Calcio Padova,Right-Back,28,Italy,18,14,8,15,589,300,18407,22,29,107,27,48,33,2013,2026
394920,Filippo Sgarbi,3037,Calcio Padova,Centre-Back,28,Italy,32,13,10,14,462,299,24148,14,3,55,13,47,0,2013,2026
241889,Antonio Barreca,3037,Calcio Padova,Left-Back,31,Italy,3,15,13,22,656,319,22361,5,22,55,14,37,24,2012,2026
171696,Marco Perrotta,3037,Calcio Padova,Centre-Back,31,Italy,5,17,11,14,671,427,35308,19,5,11,3,106,0,2010,2026
476624,Christian Pastina,3037,Calcio Padova,Centre-Back,25,Italy,58,11,5,14,337,137,10286,13,1,21,4,34,0,2016,2026
355033,Enrico Silletti,3037,Calcio Padova,Centre-Back,28,Italy,18,13,10,15,403,310,25012,11,7,0,0,50,0,2014,2026
197299,Francesco Belli,3037,Calcio Padova,Centre-Back,31,Italy,4,16,8,16,638,410,31679,11,11,5,3,32,2,2011,2026
1050889,Alessandro Boi,3037,Calcio Padova,Centre-Back,20,Italy,13,5,4,10,187,87,6998,3,1,0,0,12,0,2022,2026
932740,Jonas Harder,3037,Calcio Padova,Central Midfield,19,Italy,44,6,6,18,257,177,11397,10,10,65,13,18,16,2021,2026
925505,Giovanni Giunti,3037,Calcio Padova,Central Midfield,21,Italy,6,6,4,9,243,144,10083,11,4,4,3,29,0,2021,2026
395118,Pietro Fusi,3037,Calcio Padova,Central Midfield,28,Italy,8,11,7,15,396,317,19591,35,21,37,11,75,0,2015,2026
425239,Alessandro Capelli,3037,Calcio Padova,Right Midfield,29,Italy,17,12,6,10,416,369,23847,45,32,35,11,35,0,2015,2026
110928,Lorenzo Crisetig,3037,Calcio Padova,Defensive Midfield,32,Italy,6,19,12,24,877,493,36616,13,19,53,19,99,47,2008,2026
354133,Kevin Varas,3037,Calcio Padova,Central Midfield,33,Ecuador,7,15,7,11,509,448,33416,59,40,37,10,68,0,2011,2026
134883,Daniele Baselli,3037,Calcio Padova,Central Midfield,33,Italy,0,18,9,15,716,419,25616,29,25,97,21,71,16,2009,2026
884227,Diego Marcolini,3037,Calcio Padova,Defensive Midfield,21,Italy,74,7,7,15,211,160,10685,13,6,3,0,36,0,2020,2026
1255577,Francesco Tumiatti,3037,Calcio Padova,Right Midfield,18,Italy,16,4,3,10,156,37,2574,9,7,3,1,11,0,2023,2026
269870,Mattia Bortolussi,3037,Calcio Padova,Centre-Forward,30,Italy,20,15,8,13,513,412,29645,111,39,46,24,27,0,2012,2026
913461,Alessandro Seghetti,3037,Calcio Padova,Second Striker,22,Italy,11,6,3,8,201,135,8002,45,12,12,6,19,0,2021,2026
131951,Kevin Lasagna,3037,Calcio Padova,Centre-Forward,34,Italy,15,15,8,11,594,488,29862,106,33,462,147,14,7,2012,2026
187384,Cristian Buonaiuto,3037,Calcio Padova,Left Winger,33,Italy,92,17,9,12,676,456,24138,58,39,385,120,29,0,2010,2026
1317590,Emiliano Lo Biundo,3037,Calcio Padova,Centre-Forward,16,Italy,0,3,2,4,74,44,2074,11,1,0,0,0,0,2024,2026
278309,Simone Russini,3037,Calcio Padova,Left Winger,29,Italy,25,13,10,13,523,268,14546,31,17,0,0,28,0,2013,2025
886189,Daniel Theiner,4554,FC Südtirol,Goalkeeper,21,Italy,62,7,7,14,273,66,5915,0,0,0,0,1,0,2020,2026
12907,Alessio Cragno,4554,FC Südtirol,Goalkeeper,31,Italy,22,16,9,20,741,367,32320,0,0,0,0,16,50,2010,2025
327326,Giacomo Poluzzi,4554,FC Südtirol,Goalkeeper,37,Italy,0,16,7,12,632,371,33074,0,0,0,0,23,0,2010,2025
240799,Daniele Borra,4554,FC Südtirol,Goalkeeper,29,Italy,1,16,12,16,630,221,19777,0,0,0,0,11,0,2011,2026
1049984,Lorenzo Bonifacio,4554,FC Südtirol,Goalkeeper,17,Italy,0,5,4,7,164,36,3240,0,0,0,0,1,0,2022,2026
1110645,Filipe Bordon,4554,FC Südtirol,Centre-Back,20,Brazil,3,7,7,16,226,85,5657,5,1,5,1,17,4,2019,2026
611197,Simone Davi,4554,FC Südtirol,Left-Back,27,Italy,24,9,2,12,329,210,13241,6,11,64,17,41,0,2018,2026
395089,Hamza El Kaouakibi,4554,FC Südtirol,Right-Back,28,Morocco,94,12,8,16,432,235,16560,10,11,50,12,42,1,2015,2026
795496,Federico Davi,4554,FC Südtirol,Right-Back,24,Italy,23,7,4,9,245,165,10325,2,6,7,3,25,0,2020,2026
882912,Davide Mancini,4255,SS Arezzo,Centre-Back,21,Italy,33,7,7,13,194,79,5894,0,1,6,0,16,0,2020,2026
1048079,Carlo Sabatini,4554,FC Südtirol,Centre-Back,18,Italy,0,5,5,11,172,81,5808,1,1,0,0,14,0,2022,2026
685509,Simone Tronchin,4554,FC Südtirol,Central Midfield,23,Italy,5,8,6,10,346,197,12285,13,12,57,6,45,0,2019,2026
472161,Mamadou Coulibaly,4554,FC Südtirol,Central Midfield,26,Senegal,14,11,13,9,390,202,11606,17,9,89,27,37,0,2016,2026
745418,Jacopo Martini,4159,Carrarese Calcio 1908,Central Midfield,21,Italy,28,8,9,15,260,173,9593,14,6,26,6,25,0,2019,2026
492627,Marco Frigerio,4554,FC Südtirol,Central Midfield,25,Italy,0,11,8,16,378,259,16278,19,14,17,3,32,0,2016,2026
34198,Andrea Masiello,4554,FC Südtirol,Centre-Back,39,Italy,5,24,11,17,1025,563,46868,19,13,47,11,110,6,2002,2025
130360,Simone Verdi,4171,Benevento Calcio,Attacking Midfield,34,Italy,90,18,16,21,792,476,26687,81,53,262,102,44,19,2009,2026
331395,Fabian Tait,4554,FC Südtirol,Central Midfield,33,Italy,21,17,4,13,642,505,39050,32,32,88,20,81,0,2010,2026
1168046,Dhirar Brik,4554,FC Südtirol,Defensive Midfield,18,Tunisia,46,4,3,7,196,74,5493,7,9,3,1,14,6,2023,2026
346560,Alessandro Mallamo,4554,FC Südtirol,Central Midfield,26,Italy,0,13,10,24,515,359,20207,29,14,93,22,43,45,2014,2026
163582,Salvatore Molina,4554,FC Südtirol,Right Midfield,34,Italy,79,19,13,14,665,481,36228,23,54,129,34,76,13,2008,2026
216599,Domen Crnigoj,4554,FC Südtirol,Central Midfield,29,Slovenia,89,15,8,22,664,456,26854,32,36,128,38,62,56,2011,2025
658729,Emanuele Pecorino,4097,US Catanzaro,Centre-Forward,25,Italy,31,9,6,11,295,182,9313,38,8,103,32,19,1,2018,2026
460842,Silvio Merkaj,2655,LR Vicenza,Centre-Forward,28,Albania,33,11,8,12,370,328,21726,83,31,133,55,62,0,2016,2026
650254,Jonathan Italeng,4554,FC Südtirol,Centre-Forward,24,Cameroon,0,9,12,12,285,176,9552,37,10,8,3,42,0,2018,2026
1069495,Rok Vadjunec,4554,FC Südtirol,Goalkeeper,20,Slovenia,12,5,7,11,128,78,7003,0,0,0,0,5,0,2022,2026
362981,Marco Varnier,4554,FC Südtirol,Centre-Back,28,Italy,13,13,10,18,531,196,14785,8,3,36,9,24,12,2014,2026
1367488,Tommaso Laureti,4554,FC Südtirol,Goalkeeper,17,Italy,0,3,4,5,38,14,1170,0,0,0,0,0,0,2024,2026
1596620,Lukas Ploner,4554,FC Südtirol,Goalkeeper,18,Italy,0,1,2,3,6,1,90,0,0,0,0,0,0,2026,2026
1242353,Mattia Pellini,4554,FC Südtirol,Centre-Back,19,Italy,19,4,5,10,167,75,5960,3,3,1,0,3,5,2023,2026
818882,Riccardo Stivanello,4554,FC Südtirol,Centre-Back,22,Italy,4,7,8,17,306,144,11910,4,4,0,0,26,12,2020,2026
1307105,Marco Iuliano,4554,FC Südtirol,Centre-Back,18,Italy,0,3,3,4,73,49,3989,0,0,0,0,5,0,2024,2026
981136,Fabio Rispoli,4554,FC Südtirol,Central Midfield,20,Italy,10,6,6,12,196,132,8378,18,11,30,6,14,12,2021,2026
1310269,Elias Schrott,4554,FC Südtirol,Defensive Midfield,17,Italy,80,3,3,5,60,26,1833,1,0,0,0,3,0,2024,2026
816861,Alvin Okoro,4554,FC Südtirol,Centre-Forward,21,Italy,90,7,9,16,219,174,10355,45,9,20,8,34,7,2020,2026
925848,Lorenzo Anghelè,4554,FC Südtirol,Second Striker,21,Italy,17,6,6,21,308,174,8574,40,14,9,2,24,21,2021,2026
632857,Vasco Lopes,4554,FC Südtirol,Right Winger,27,Cape Verde,11,10,11,20,293,163,9093,10,20,163,53,24,4,2016,2026
650989,Simone Scaglia,3037,Calcio Padova,Goalkeeper,22,Italy,12,9,6,18,351,51,4506,0,0,0,0,3,7,2018,2026
731525,Rareș Burnete,4554,FC Südtirol,Centre-Forward,22,Romania,9,7,6,18,357,178,10957,44,15,40,10,26,31,2020,2026
816093,Kenny Mixtur,4554,FC Südtirol,Centre-Forward,22,Guadeloupe,25,8,5,15,191,141,7854,38,8,14,7,8,9,2018,2026
988987,Matteo Cocchi,3037,Calcio Padova,Left-Back,19,Italy,34,6,6,20,294,170,11446,13,28,61,17,22,46,2021,2026
459655,Matteo Lovato,3037,Calcio Padova,Centre-Back,26,Italy,5,11,11,16,396,221,15405,7,2,37,12,32,15,2016,2026
600936,Luca Moro,3037,Calcio Padova,Centre-Forward,25,Italy,9,9,10,13,319,195,10247,44,8,111,37,15,5,2018,2026
55000,Vincenzo Fiorillo,4159,Carrarese Calcio 1908,Goalkeeper,36,Italy,0,21,8,23,978,387,34263,1,0,0,0,15,18,2006,2026
346528,Stefano Mazzini,4159,Carrarese Calcio 1908,Goalkeeper,27,Italy,0,13,8,13,471,126,11217,0,0,0,0,5,0,2014,2026
564792,Giovanni Garofani,4159,Carrarese Calcio 1908,Goalkeeper,23,Italy,12,10,7,21,505,77,6715,0,0,0,0,1,5,2017,2026
748720,Fabio Andrea Ruggeri,4159,Carrarese Calcio 1908,Centre-Back,21,Italy,13,7,7,18,263,146,12122,6,6,15,1,36,1,2020,2026
393607,Filippo Oliana,4159,Carrarese Calcio 1908,Centre-Back,27,Italy,6,13,8,19,436,308,23792,5,3,12,4,47,0,2014,2026
441264,Julián Illanes,4255,SS Arezzo,Centre-Back,29,Argentina,5,14,10,17,434,257,21410,9,3,20,6,90,0,2013,2026
457235,Devid Eugene Bouah,4159,Carrarese Calcio 1908,Right-Back,23,Italy,13,11,10,23,439,223,12718,17,7,42,13,27,12,2016,2026
717900,Tommaso Guercio,4159,Carrarese Calcio 1908,Right-Back,21,Poland,78,8,8,26,298,132,8583,7,7,33,8,19,23,2019,2026
1152997,Mateo Scheffer Bracco,4159,Carrarese Calcio 1908,Right-Back,20,Argentina,0,4,6,8,130,78,4429,13,3,4,2,8,0,2023,2026
724178,Luis Hasa,4159,Carrarese Calcio 1908,Central Midfield,21,Albania,70,9,9,19,322,195,13170,30,33,80,26,28,30,2018,2026
866247,Tommaso Rubino,4159,Carrarese Calcio 1908,Attacking Midfield,19,Italy,10,5,5,13,221,134,9461,63,24,158,63,16,1,2022,2026
741090,Jonas Rouhi,4159,Carrarese Calcio 1908,Left Midfield,22,Sweden,73,9,6,19,306,175,11821,5,18,9,2,14,35,2018,2026
899819,Gabriele Parlanti,4159,Carrarese Calcio 1908,Central Midfield,22,Italy,77,7,5,12,221,159,11623,10,5,35,9,23,0,2020,2026
315862,Filippo Melegoni,4159,Carrarese Calcio 1908,Central Midfield,27,Italy,0,14,10,27,588,317,17852,25,23,96,31,32,73,2013,2026
240190,Niccolò Belloni,4159,Carrarese Calcio 1908,Left Midfield,32,Italy,7,16,11,16,623,371,21287,35,17,19,3,49,7,2011,2026
724066,Antonio Troise,4159,Carrarese Calcio 1908,Central Midfield,20,Italy,20,7,5,11,221,74,3460,9,4,1,0,14,7,2019,2025
293367,Nicolás Schiavi,4159,Carrarese Calcio 1908,Defensive Midfield,31,Argentina,18,14,6,14,531,350,24429,48,30,98,37,79,0,2013,2026
1314308,Samuele Liberali,4159,Carrarese Calcio 1908,Central Midfield,17,Italy,0,3,3,3,30,23,1740,7,0,0,0,2,0,2024,2026
817150,Fabio Abiuso,4159,Carrarese Calcio 1908,Centre-Forward,23,Italy,9,7,7,14,257,187,10740,41,15,164,54,27,1,2020,2026
678645,Alessandro Arena,4255,SS Arezzo,Right Winger,26,Italy,30,8,7,11,288,196,12463,28,36,76,22,29,0,2019,2026
650999,Federico Accornero,4159,Carrarese Calcio 1908,Left Winger,21,Italy,80,9,7,19,280,175,10576,42,16,3,1,14,32,2018,2026
669915,Filippo Distefano,749,FC Empoli,Second Striker,23,Italy,20,9,7,11,335,176,10260,41,21,85,27,8,1,2018,2026
159883,Ernesto Torregrossa,4159,Carrarese Calcio 1908,Centre-Forward,33,Venezuela,92,18,13,10,679,417,23260,100,41,195,67,57,5,2009,2026
284604,Mattia Finotto,4159,Carrarese Calcio 1908,Centre-Forward,33,Italy,32,16,10,12,636,475,26710,99,39,199,60,34,0,2011,2026
165893,Mirko Pigliacelli,4097,US Catanzaro,Goalkeeper,33,Italy,22,17,12,19,770,548,48954,1,2,1,0,23,17,2010,2026
691978,Christian Marietta,4097,US Catanzaro,Goalkeeper,24,Italy,1,8,5,12,285,170,15285,0,0,0,0,13,0,2019,2026
902633,Edoardo Borrelli,4097,US Catanzaro,Goalkeeper,22,Italy,99,7,2,6,199,38,3224,0,0,0,0,1,0,2020,2026
403718,Matias Antonini,4097,US Catanzaro,Centre-Back,28,Brazil,4,12,9,20,380,270,22736,29,6,45,12,60,0,2014,2026
901027,Niccolò Postiglione,4097,US Catanzaro,Centre-Back,21,Italy,6,7,7,14,229,139,11018,8,4,4,1,29,2,2020,2026
811242,Bruno Verrengia,4097,US Catanzaro,Centre-Back,23,Italy,26,7,4,12,242,124,8335,5,1,5,3,12,0,2020,2026
797893,Ruggero Frosinini,4097,US Catanzaro,Right-Back,25,Italy,62,7,5,9,242,150,7906,8,9,14,3,32,0,2020,2026
726721,Gonçalo Esteves,4159,Carrarese Calcio 1908,Right-Back,22,Portugal,20,7,11,22,321,122,7216,6,7,34,9,12,43,2019,2026
1063700,Ervin Bashi,4097,US Catanzaro,Centre-Back,21,Albania,0,5,4,9,178,73,4561,2,2,0,0,3,13,2022,2026
651000,Gabriele Alesi,4097,US Catanzaro,Attacking Midfield,22,Italy,30,9,7,13,276,179,9638,27,12,33,9,15,19,2018,2026
1048147,Federico Cassa,4097,US Catanzaro,Attacking Midfield,20,Italy,21,5,6,22,281,121,6198,13,14,0,0,7,5,2022,2026
1571727,Franky Tchaouna,4097,US Catanzaro,Central Midfield,21,Chad,28,4,4,10,93,57,4002,1,0,0,0,3,3,2023,2026
801075,Andrej Pogacar,4097,US Catanzaro,Attacking Midfield,24,Slovenia,8,7,2,4,222,150,7740,7,8,0,0,15,0,2020,2026
218067,Jacopo Petriccione,4097,US Catanzaro,Defensive Midfield,31,Italy,10,16,12,15,582,448,33554,15,38,90,22,113,3,2011,2026
62735,Pietro Iemmello,4097,US Catanzaro,Centre-Forward,34,Italy,9,19,12,22,753,540,38082,233,54,441,195,66,19,2008,2026
1144614,Solomon Loubao,4097,US Catanzaro,Centre-Forward,20,France,44,5,5,10,182,94,4846,18,6,11,7,5,0,2022,2026
798927,N'Dri Koffi,4097,US Catanzaro,Centre-Forward,24,Cote d'Ivoire,19,9,10,24,258,148,7404,27,12,58,21,18,2,2017,2026
38607,Federico Di Francesco,4097,US Catanzaro,Left Winger,32,Italy,29,17,13,15,648,431,25358,51,39,251,88,62,10,2010,2026
1010782,Gabriel Arditi,4097,US Catanzaro,Centre-Forward,19,Italy,91,6,6,9,123,80,3855,18,4,0,0,15,0,2021,2026
800660,Alejo Garnica,4097,US Catanzaro,Right Winger,22,Argentina,18,3,3,5,51,44,2757,5,6,0,0,3,0,2022,2026
1166095,Franck Tchaouna,4097,US Catanzaro,Centre-Forward,21,Chad,25,4,4,10,91,73,5540,27,9,0,0,12,7,2023,2026
301240,Samuele Perisan,749,FC Empoli,Goalkeeper,29,Italy,1,14,9,14,527,152,13544,0,0,1,0,2,3,2013,2026
99232,Marco D'Alessandro,4097,US Catanzaro,Right Winger,35,Italy,77,20,15,13,832,528,28742,37,47,101,36,51,24,2007,2026
1182165,Francesco Versari,749,FC Empoli,Goalkeeper,18,Italy,22,4,5,13,191,76,6836,0,0,0,0,1,0,2023,2026
942814,Lorenzo Tosto,749,FC Empoli,Centre-Back,20,Italy,0,6,6,12,188,79,5891,5,1,0,0,10,10,2021,2026
731491,Franco Carboni,749,FC Empoli,Left-Back,22,Argentina,0,8,13,19,361,133,7712,4,15,33,11,27,4,2019,2026
704456,Nosa Edward Obaretin,749,FC Empoli,Centre-Back,22,Italy,5,8,10,12,258,195,15034,8,3,22,6,36,0,2019,2026
315857,Marco Curto,749,FC Empoli,Centre-Back,27,Italy,25,14,10,20,484,285,21329,8,9,31,8,62,6,2013,2026
309944,Tyronne Ebuehi,749,FC Empoli,Right-Back,29,Nigeria,24,13,9,26,641,274,20537,5,10,52,17,11,13,2013,2025
814438,Gabriele Indragoli,749,FC Empoli,Centre-Back,22,Italy,28,7,6,16,369,118,8394,6,0,0,0,9,7,2020,2026
88706,Simone Romagnoli,749,FC Empoli,Centre-Back,36,Italy,6,20,14,13,783,513,42744,18,7,48,13,76,6,2007,2026
1182168,Dawid Bembnista,749,FC Empoli,Centre-Back,19,Poland,0,4,4,12,189,84,6501,1,0,2,1,2,2,2023,2026
616169,Duccio Degli Innocenti,749,FC Empoli,Defensive Midfield,23,Italy,5,9,6,17,330,197,12180,23,8,62,14,34,20,2018,2026
1230795,Jeremy Moray,749,FC Empoli,Centre-Back,19,Belgium,0,3,4,9,92,54,3843,2,0,2,2,4,0,2023,2025
624436,Gerard Yepes,749,FC Empoli,Defensive Midfield,24,Spain,21,9,5,10,314,203,15260,12,10,54,16,46,0,2018,2026
534133,Edoardo Saporiti,749,FC Empoli,Attacking Midfield,25,Italy,10,10,9,10,299,225,13317,29,23,46,16,24,0,2017,2026
390163,Andrea Ghion,749,FC Empoli,Defensive Midfield,25,Italy,18,12,7,14,418,262,18872,10,20,43,12,36,1,2015,2026
555056,Iwo Kaczmarski,749,FC Empoli,Central Midfield,21,Poland,0,10,12,25,413,209,13037,9,11,7,1,36,26,2017,2026
364278,Joseph Ceesay,749,FC Empoli,Right Midfield,28,The Gambia,15,13,13,23,513,297,19334,32,27,102,28,39,15,2014,2026
192638,Nicolas Haas,749,FC Empoli,Central Midfield,29,Switzerland,32,17,8,15,589,368,21711,32,34,127,33,57,28,2010,2026
1019118,Andrea Orlandi,749,FC Empoli,Attacking Midfield,19,Italy,0,5,4,14,211,105,5472,29,15,12,4,8,32,2022,2026
1310486,Alessio Baralla,749,FC Empoli,Defensive Midfield,17,Italy,0,3,6,17,177,91,6161,7,12,8,2,14,23,2024,2026
1198243,Bogdan Popov,749,FC Empoli,Centre-Forward,19,Ukraine,77,4,4,14,197,111,5349,28,6,36,12,15,19,2023,2026
931567,Stiven Shpendi,749,FC Empoli,Centre-Forward,23,Albania,11,6,4,12,249,155,10323,63,16,129,56,13,17,2021,2026
936745,Ismaël Konaté,749,FC Empoli,Centre-Forward,19,Italy,0,6,7,16,289,153,8598,31,13,12,5,10,11,2021,2026
364133,Pietro Pellegri,749,FC Empoli,Centre-Forward,24,Italy,9,13,9,23,535,196,7558,30,6,78,33,30,38,2014,2026
364132,Flavio Bianchi,749,FC Empoli,Centre-Forward,26,Italy,0,13,8,18,447,308,16774,101,13,168,47,21,12,2014,2026
189340,Gianluca Di Chiara,4255,SS Arezzo,Left-Back,31,Italy,77,16,14,15,628,402,30886,9,31,116,21,80,1,2010,2025
109110,Nicolò Brighenti,2655,LR Vicenza,Centre-Back,37,Italy,23,21,9,18,869,501,42246,13,15,80,20,132,3,2006,2026
1397625,Carlo Castro Rombolà,4097,US Catanzaro,Centre-Back,15,Italy,0,3,3,4,42,23,1948,1,0,0,0,3,0,2024,2026
820679,Mario Paura,4097,US Catanzaro,Centre-Back,20,Italy,33,6,7,11,192,83,6625,6,0,0,0,18,0,2020,2025
964087,Alphadjo Cisse,4097,US Catanzaro,Attacking Midfield,18,Italy,80,6,4,12,278,111,7218,31,5,64,24,14,13,2021,2026
988964,Mattia Liberali,4097,US Catanzaro,Attacking Midfield,18,Italy,14,6,8,22,362,193,10947,48,23,66,25,19,68,2021,2026
385379,Davide Buglio,5587,SS Juve Stabia,Central Midfield,28,Italy,8,14,11,20,512,333,22104,26,21,14,6,68,0,2013,2026
399543,Rémi Oudin,4097,US Catanzaro,Attacking Midfield,28,France,28,13,9,14,452,340,20989,74,29,427,125,30,0,2013,2026
813961,Patrick Nuamah,4097,US Catanzaro,Left Winger,19,Italy,19,7,6,15,280,140,8827,10,10,21,6,21,7,2020,2026
1168033,Simone Ardizzone,4097,US Catanzaro,Right Winger,18,Italy,0,4,6,11,120,68,3264,11,4,0,0,9,0,2023,2026
1314313,Mattia Bencaster,4159,Carrarese Calcio 1908,Goalkeeper,18,Italy,0,2,2,3,26,18,1620,0,0,0,0,0,0,2024,2026
1016904,David Vujevic,4159,Carrarese Calcio 1908,Centre-Back,19,Croatia,4,6,6,11,159,70,4348,4,1,7,3,16,2,2021,2026
1308608,Kevin Gjoka,4097,US Catanzaro,Left Winger,17,Albania,0,4,4,7,74,49,3067,18,0,0,0,8,2,2023,2026
899542,Lorenzo Romani,4159,Carrarese Calcio 1908,Centre-Back,21,Italy,41,7,6,17,247,132,10210,1,2,17,5,14,5,2020,2026
984373,Tommaso Macchioni,4159,Carrarese Calcio 1908,Centre-Back,20,Italy,5,6,6,12,198,120,9961,6,7,2,0,29,0,2021,2026
1455208,Giulio Cianti,4159,Carrarese Calcio 1908,Centre-Back,17,Italy,27,2,2,3,32,21,1681,0,0,0,0,2,0,2025,2026
1455232,Niccolò Romagnoli,4159,Carrarese Calcio 1908,Centre-Back,17,Italy,0,2,2,3,29,20,1795,1,0,0,0,1,0,2025,2026
991744,Luka Topalović,4159,Carrarese Calcio 1908,Central Midfield,20,Slovenia,17,6,7,21,282,182,10919,28,19,101,32,17,45,2021,2026
1053151,Yanis Khafi,4159,Carrarese Calcio 1908,Central Midfield,20,Morocco,8,6,6,14,176,70,3934,4,3,4,3,13,0,2021,2026
460629,Colin Dagba,4159,Carrarese Calcio 1908,Right Midfield,28,France,2,12,10,21,461,211,12937,2,13,46,14,22,16,2015,2026
487844,Nicolò Cudrig,4159,Carrarese Calcio 1908,Right Midfield,24,Italy,70,11,6,14,312,226,11834,29,10,14,3,20,39,2016,2026
1090074,Filippo Liberati,4159,Carrarese Calcio 1908,Central Midfield,23,Italy,0,5,7,10,144,107,5770,10,8,3,3,9,0,2022,2026
1311375,Giulio Baroncelli,4159,Carrarese Calcio 1908,Central Midfield,17,Italy,71,2,2,3,30,22,1202,0,1,0,0,0,0,2024,2026
988862,Moustapha Cissé,4159,Carrarese Calcio 1908,Centre-Forward,23,Guinea,11,6,7,16,256,134,6344,35,10,59,18,7,0,2021,2026
724110,Giacomo Marconi,4159,Carrarese Calcio 1908,Centre-Forward,21,Italy,91,8,6,13,217,151,8495,43,18,51,19,5,12,2019,2026
451154,Federico Brancolini,749,FC Empoli,Goalkeeper,25,Italy,0,11,8,18,540,77,6330,0,0,0,0,3,15,2016,2026
821678,Emiliano Filippis,749,FC Empoli,Goalkeeper,22,Italy,13,7,8,15,217,120,10762,0,0,0,0,12,0,2020,2026
935777,Jacopo Seghetti,749,FC Empoli,Goalkeeper,21,Italy,12,6,5,14,292,108,9645,0,0,0,0,6,3,2021,2026
1182169,Roberto Berizzi,749,FC Empoli,Centre-Back,19,Italy,0,4,5,8,115,88,6106,3,2,0,0,8,0,2023,2026
1361090,Samsondeen Babalola,749,FC Empoli,Left-Back,18,Germany,0,3,3,8,58,24,967,0,0,0,0,1,0,2024,2026
1225933,Edoardo Biondini,749,FC Empoli,Central Midfield,17,Italy,39,4,3,9,116,85,5521,5,3,11,4,17,38,2023,2026
1057839,Lapo Deli,749,FC Empoli,Defensive Midfield,20,Italy,44,5,5,13,206,123,7376,9,6,9,2,23,6,2022,2026
1138971,Matteo Egan,749,FC Empoli,Right Midfield,18,Ireland,35,5,4,11,116,47,3335,6,7,3,1,6,6,2022,2026
1112390,Mattia Huqi,749,FC Empoli,Defensive Midfield,19,Albania,0,5,4,13,161,117,9067,6,7,0,0,23,25,2022,2026
1046452,Salvatore Monaco,749,FC Empoli,Centre-Forward,19,Italy,17,5,5,11,155,100,6531,68,5,5,3,7,5,2022,2026
1181465,Florijan Meznar,749,FC Empoli,Left Winger,18,Slovenia,0,4,5,7,136,90,4884,27,3,0,0,9,4,2023,2026
895560,Manuel Esposito,4171,Benevento Calcio,Goalkeeper,21,Italy,22,7,5,16,201,131,11730,0,0,0,0,5,0,2020,2026
240157,Gianmarco Vannucchi,4171,Benevento Calcio,Goalkeeper,31,Italy,26,15,12,18,675,341,30734,0,3,0,0,24,0,2012,2026
62270,Danilo Russo,4171,Benevento Calcio,Goalkeeper,37,Italy,1,25,15,22,918,409,36590,0,0,0,0,29,1,2002,2026
142990,Stefano Scognamillo,4171,Benevento Calcio,Centre-Back,32,Italy,14,17,8,12,687,427,34801,12,15,46,9,135,0,2010,2026
534083,Edoardo Pierozzi,4171,Benevento Calcio,Right-Back,25,Italy,77,10,9,17,378,254,16650,21,12,24,6,35,10,2017,2026
567475,Andrea Ceresoli,4171,Benevento Calcio,Left-Back,22,Italy,20,10,10,22,355,237,18381,8,21,6,1,33,18,2017,2026
708070,Pietro Saio,4171,Benevento Calcio,Centre-Back,23,Italy,23,8,10,15,287,197,15370,7,4,2,0,22,0,2019,2026
934202,Raffaele Romano,4171,Benevento Calcio,Centre-Back,21,Italy,25,6,6,11,153,106,7308,5,1,0,0,14,0,2021,2026
88680,Luca Caldirola,4171,Benevento Calcio,Centre-Back,35,Italy,5,21,11,24,792,487,39367,18,6,69,20,91,47,2006,2026
261056,Giacomo Ricci,4171,Benevento Calcio,Left-Back,30,Italy,31,15,11,19,550,322,23053,13,26,69,14,55,0,2012,2026
721731,Antonio Prisco,4171,Benevento Calcio,Defensive Midfield,22,Italy,4,8,4,16,226,161,11491,14,10,3,1,39,0,2019,2026
167470,Mattia Maita,4171,Benevento Calcio,Central Midfield,32,Italy,8,18,7,15,647,511,37802,14,31,69,14,94,0,2009,2026
504530,Pier Luigi Simonetti,4171,Benevento Calcio,Left Midfield,25,Italy,18,11,6,15,334,215,14305,35,15,0,0,57,0,2016,2026
529885,Christian Kouan,4171,Benevento Calcio,Central Midfield,26,Cote d'Ivoire,28,10,4,11,396,265,17215,30,18,168,38,63,0,2017,2026
705288,Angelo Talia,4171,Benevento Calcio,Central Midfield,23,Italy,38,8,4,10,268,183,12803,9,6,2,0,25,0,2019,2026
689090,Davide Lamesta,4171,Benevento Calcio,Right Winger,26,Italy,11,9,6,13,304,244,14157,41,51,13,5,22,0,2018,2026
404969,Filippo Nardi,4171,Benevento Calcio,Central Midfield,27,Italy,30,11,7,14,456,228,14055,9,13,22,5,29,0,2015,2025
707785,Guglielmo Mignani,4171,Benevento Calcio,Centre-Forward,24,Italy,32,8,10,15,268,203,11788,62,13,5,1,33,0,2019,2026
315850,Marco Tumminello,4171,Benevento Calcio,Centre-Forward,27,Italy,93,14,14,24,569,272,16264,109,20,41,13,33,19,2012,2026
254997,Francesco Salvemini,4171,Benevento Calcio,Centre-Forward,30,Italy,9,15,10,11,531,348,22391,84,30,12,6,57,0,2012,2026
1261762,Alioune Sylla,4171,Benevento Calcio,Goalkeeper,23,Senegal,96,3,3,7,85,21,1855,0,0,0,0,1,0,2024,2026
803005,Mattia Mannini,4171,Benevento Calcio,Right Midfield,20,Italy,16,6,6,20,314,176,11857,27,28,26,8,14,55,2021,2026
1056043,Matteo Donatiello,4171,Benevento Calcio,Central Midfield,20,Italy,80,5,3,10,138,76,4834,2,0,0,0,4,0,2022,2026
1375418,Matteo Del Gaudio,4171,Benevento Calcio,Central Midfield,18,Italy,28,3,2,7,89,34,2742,4,0,0,0,3,0,2024,2026
554397,Antonis Siatounis,4171,Benevento Calcio,Central Midfield,24,Greece,6,10,7,16,333,198,11261,16,11,2,0,25,16,2017,2026
1382832,Marco Giugliano,4171,Benevento Calcio,Centre-Forward,18,Italy,24,3,2,6,67,39,3019,13,0,0,0,2,0,2024,2026
854589,Emanuele Schimmenti,4171,Benevento Calcio,Right Winger,24,Italy,21,7,7,11,222,119,5665,21,17,0,0,17,0,2020,2026
1346385,Vincenzo Battista,4171,Benevento Calcio,Right Winger,18,Italy,18,3,2,4,48,23,1412,4,0,0,0,4,0,2024,2026
1500924,Logan,4171,Benevento Calcio,Left Winger,20,Brazil,30,2,3,4,20,4,329,1,0,0,0,0,0,2025,2026
650256,Paolo Vismara,5587,SS Juve Stabia,Goalkeeper,23,Italy,95,9,10,22,355,162,14219,0,0,0,0,10,1,2018,2026
581604,Pietro Boer,5587,SS Juve Stabia,Goalkeeper,24,Italy,23,10,7,17,402,98,8766,0,0,0,0,2,0,2017,2026
385397,Alessandro Signorini,5587,SS Juve Stabia,Goalkeeper,27,Italy,16,10,8,15,364,134,11566,0,0,0,0,5,0,2015,2026
391710,Marco Bellich,5587,SS Juve Stabia,Centre-Back,27,Italy,6,12,7,16,460,276,21972,22,6,44,15,44,0,2015,2026
477250,Terrence Douglas,5587,SS Juve Stabia,Left-Back,25,Netherlands,25,11,9,13,379,254,18295,11,12,99,25,39,16,2016,2026
457672,Manuel Ricciardi,5587,SS Juve Stabia,Right-Back,26,Italy,2,11,7,14,371,282,20331,19,16,47,14,40,0,2016,2026
1054169,Giulio Scuderi,5587,SS Juve Stabia,Left-Back,20,Italy,73,5,5,13,187,125,8510,7,6,16,8,17,0,2022,2026
860639,Matteo Baldi,5587,SS Juve Stabia,Right-Back,24,Italy,4,7,4,10,215,109,6579,3,2,3,0,14,0,2020,2026
554433,Christian Pierobon,5587,SS Juve Stabia,Central Midfield,24,Italy,10,10,6,15,352,243,15580,22,19,43,11,26,0,2017,2026
887650,Francesco Gallea,5587,SS Juve Stabia,Centre-Back,21,Mali,92,7,7,12,178,123,9298,5,4,0,0,31,0,2020,2026
398031,Fabio Maistro,5587,SS Juve Stabia,Central Midfield,28,Italy,37,13,11,17,479,304,16763,29,32,267,91,48,2,2014,2026
1186975,Daniel Perin,5587,SS Juve Stabia,Central Midfield,18,Italy,18,4,4,8,101,70,4638,3,0,0,0,4,0,2023,2026
473871,Thomas Battistella,5587,SS Juve Stabia,Central Midfield,25,Italy,5,11,6,12,392,188,12719,22,10,51,10,46,0,2016,2026
342341,Leonardo Candellone,5587,SS Juve Stabia,Centre-Forward,29,Italy,27,13,9,16,506,382,24435,80,37,153,57,61,0,2014,2026
815787,Luigi Caccavo,5587,SS Juve Stabia,Centre-Forward,22,Italy,20,7,13,16,341,184,9170,40,7,0,0,17,0,2020,2026
1026255,Saná Fernandes,5587,SS Juve Stabia,Left Winger,20,Guinea-Bissau,77,5,7,15,238,116,7975,26,24,13,4,21,0,2022,2026
1172235,Edoardo Lonardo,5587,SS Juve Stabia,Centre-Forward,21,Italy,82,4,4,11,136,63,2191,15,7,0,0,4,0,2023,2026
815539,Nicola Patanè,5587,SS Juve Stabia,Right Winger,22,Italy,7,7,8,13,260,149,9211,20,14,11,3,23,7,2020,2026
1396610,Alessio Sorace,5587,SS Juve Stabia,Left Winger,18,Italy,0,3,3,5,54,34,799,4,0,0,0,1,0,2024,2026
1520959,Antonio Vetrò,5587,SS Juve Stabia,Goalkeeper,18,Italy,0,1,1,1,7,0,0,0,0,0,0,0,0,2025,2025
1188613,Romeo Sandrucci,5587,SS Juve Stabia,Right Winger,19,Italy,30,4,4,9,117,79,3880,17,3,0,0,2,0,2023,2026
1188619,Alessio Cacciamani,5587,SS Juve Stabia,Left Midfield,18,Italy,77,4,5,13,146,126,8600,20,12,45,11,13,14,2023,2026
724108,Aaron Ciammaglichella,5587,SS Juve Stabia,Central Midfield,20,Italy,17,8,7,23,348,160,8234,27,16,9,1,8,37,2019,2026
502475,Samuele Vitale,408,Ascoli Calcio,Goalkeeper,24,Italy,1,11,7,13,401,189,16782,0,0,0,0,4,5,2016,2026
708193,Rok Bržan,408,Ascoli Calcio,Goalkeeper,22,Slovenia,41,9,8,15,280,58,5144,0,0,0,0,2,3,2018,2026
507351,Abdoul Guiebre,408,Ascoli Calcio,Left-Back,29,Burkina Faso,19,10,8,16,388,307,22724,16,32,20,4,62,12,2017,2026
706933,Manuel Alagna,408,Ascoli Calcio,Right-Back,24,Italy,23,8,4,9,270,220,16247,9,10,0,0,29,0,2019,2026
334371,Marcos Curado,408,Ascoli Calcio,Centre-Back,31,Argentina,30,13,7,12,472,278,23054,7,10,76,19,77,0,2014,2026
318058,Manuel Nicoletti,408,Ascoli Calcio,Centre-Back,27,Italy,3,14,9,13,595,250,17418,7,7,0,0,35,15,2013,2026
538569,Tommaso Milanese,408,Ascoli Calcio,Central Midfield,24,Italy,62,10,9,17,397,227,13272,39,17,73,20,14,23,2017,2026
421869,Nicholas Rizzo,408,Ascoli Calcio,Centre-Back,26,Italy,33,12,13,19,419,223,16470,6,2,10,1,46,6,2015,2026
406094,Damiano Menna,408,Ascoli Calcio,Centre-Back,31,Italy,0,12,6,12,417,273,22299,7,6,0,0,53,0,2015,2026
390117,Samuele Damiani,408,Ascoli Calcio,Defensive Midfield,28,Italy,4,13,10,16,508,338,23574,26,23,13,4,22,3,2014,2026
411465,Andrea Rizzo Pinna,408,Ascoli Calcio,Attacking Midfield,25,Italy,25,12,13,26,402,265,15932,38,24,63,21,19,22,2015,2026
967658,Augusto Bando,408,Ascoli Calcio,Defensive Midfield,18,Italy,24,6,4,9,165,99,6753,15,1,4,2,16,0,2021,2026
287717,Emanuele Ndoj,408,Ascoli Calcio,Central Midfield,28,Albania,6,15,10,23,527,317,17509,24,17,75,27,87,18,2012,2026
884065,Simone D'Uffizi,408,Ascoli Calcio,Left Winger,22,Italy,15,7,5,11,236,150,7893,25,15,29,10,23,0,2020,2026
315859,Gabriele Gori,408,Ascoli Calcio,Centre-Forward,27,Italy,35,14,12,23,555,396,21280,138,34,145,58,37,41,2013,2026
552437,Mohammed Amine Chakir,408,Ascoli Calcio,Centre-Forward,25,Italy,9,10,7,12,314,264,12155,36,14,14,2,25,0,2017,2026
536451,Andrea Silipo,408,Ascoli Calcio,Right Winger,25,Italy,7,10,7,15,353,241,11502,35,21,14,8,15,0,2017,2026
337360,Riccardo Gagno,2655,LR Vicenza,Goalkeeper,29,Italy,16,14,9,14,488,339,30549,1,1,0,0,13,0,2013,2026
155036,Simone Corazza,408,Ascoli Calcio,Centre-Forward,34,Italy,18,18,10,13,667,490,32185,147,32,44,29,44,0,2008,2026
1258101,Mattia Basso,2655,LR Vicenza,Goalkeeper,18,Italy,0,4,5,10,112,17,1418,0,0,0,0,0,0,2023,2026
818134,Thomas Sandon,2655,LR Vicenza,Centre-Back,23,Italy,27,7,2,11,268,176,12740,3,6,4,1,39,7,2020,2026
686592,Lorenzo Caferri,2655,LR Vicenza,Right-Back,27,Italy,28,8,3,11,296,254,19410,24,33,5,0,36,0,2019,2026
451310,Maxime Leverbe,2655,LR Vicenza,Centre-Back,29,France,6,12,9,12,435,271,22536,11,3,67,17,53,0,2015,2026
365565,Giuseppe Cuomo,2655,LR Vicenza,Centre-Back,28,Italy,14,13,5,14,495,284,23735,17,7,24,5,52,2,2014,2026
197743,Filippo Costa,2655,LR Vicenza,Left-Back,31,Italy,32,17,12,20,684,374,28961,19,64,24,2,65,26,2010,2026
936184,Matteo Vescovi,2655,LR Vicenza,Centre-Back,21,Italy,30,6,3,10,297,111,9374,4,1,1,0,24,0,2021,2026
408333,Armand Rada,2655,LR Vicenza,Defensive Midfield,27,Albania,77,12,8,20,495,292,18555,19,19,0,0,44,7,2015,2026
377043,Loris Zonta,2655,LR Vicenza,Central Midfield,29,Italy,29,16,6,17,656,359,22195,23,20,32,9,21,0,2011,2026
297630,Marco Carraro,2655,LR Vicenza,Defensive Midfield,28,Italy,4,15,11,21,490,341,24288,10,10,67,10,72,16,2012,2026
816764,Giulio Pellizzari,2655,LR Vicenza,Central Midfield,22,Italy,26,7,5,13,222,116,7162,9,6,4,1,18,0,2020,2026
818138,Raul Talarico,2655,LR Vicenza,Central Midfield,24,Italy,44,6,3,8,210,143,7935,11,8,2,0,20,0,2020,2026
417896,Nicola Rauti,2655,LR Vicenza,Second Striker,26,Italy,7,12,9,19,459,343,18962,93,22,53,13,40,13,2015,2026
214635,Claudio Morra,2655,LR Vicenza,Centre-Forward,31,Italy,9,16,12,16,576,391,24077,111,28,57,12,33,2,2011,2026
1317554,Ettore Broggian,2655,LR Vicenza,Right Midfield,17,Italy,0,3,4,10,104,63,4133,7,9,0,0,2,0,2024,2026
830243,Filippo Alessio,2655,LR Vicenza,Second Striker,21,Italy,24,7,7,17,321,157,8213,37,16,4,1,7,3,2020,2026
396366,Francesco Benassai,2655,LR Vicenza,Centre-Back,27,Italy,23,12,10,12,432,258,19631,5,1,1,0,54,0,2014,2026
936024,Mattia Golin,2655,LR Vicenza,Centre-Back,20,Italy,13,6,7,13,193,123,8904,4,2,0,0,16,0,2021,2026
504825,Gian Marco Crespi,408,Ascoli Calcio,Goalkeeper,25,Italy,45,11,15,17,370,117,10399,0,0,0,0,9,0,2016,2026
130380,Daniel Cappelletti,2655,LR Vicenza,Centre-Back,33,Italy,5,19,13,18,743,471,38961,28,12,63,22,101,0,2008,2026
1190022,Rocco Dente,408,Ascoli Calcio,Goalkeeper,18,Italy,12,4,3,7,78,17,1395,0,0,0,0,0,0,2023,2026
744622,Matteo Raffaelli,408,Ascoli Calcio,Goalkeeper,21,Italy,0,8,6,15,288,105,9222,0,0,0,0,7,0,2019,2026
1501125,Filippo Diamanti,408,Ascoli Calcio,Defender,17,Italy,0,2,2,4,15,2,108,0,0,0,0,1,0,2025,2026
660735,Federico Gattoni,408,Ascoli Calcio,Centre-Back,27,Argentina,32,10,6,24,344,132,10466,9,5,39,11,32,2,2016,2026
1056257,Luca Lo Scalzo,408,Ascoli Calcio,Central Midfield,19,Italy,18,5,5,10,225,118,8525,21,8,5,1,13,0,2022,2026
980632,Sergiu Perciun,408,Ascoli Calcio,Attacking Midfield,20,Moldova,11,6,5,12,263,164,9465,35,19,12,4,15,29,2021,2026
1187285,Antonio Russo,408,Ascoli Calcio,Defensive Midfield,18,Italy,16,4,3,6,98,60,4143,1,1,0,0,5,0,2023,2026
430798,Don Bolsius,408,Ascoli Calcio,Right Winger,27,Netherlands,77,12,12,13,404,227,11406,30,18,18,5,19,0,2015,2026
120236,Giacomo Venturi,4255,SS Arezzo,Goalkeeper,33,Italy,22,20,10,19,666,495,44299,0,1,0,0,23,1,2007,2026
490699,Luca Trombini,4255,SS Arezzo,Goalkeeper,25,Italy,1,11,6,18,348,194,16960,0,0,0,0,13,0,2016,2026
475134,Samuele Righetti,4255,SS Arezzo,Left-Back,24,Italy,37,11,8,16,350,228,14705,7,11,6,1,40,0,2016,2026
337130,Matteo Gilli,4255,SS Arezzo,Centre-Back,29,Italy,13,13,6,14,439,346,27288,12,2,5,0,84,0,2014,2026
250921,Mauro Coppolaro,4255,SS Arezzo,Centre-Back,29,Italy,4,15,13,22,655,386,30378,7,4,25,2,68,57,2012,2026
709500,Alessandro Renzi,4255,SS Arezzo,Right-Back,22,Italy,6,8,6,16,250,155,11110,12,12,1,0,19,1,2019,2026
163549,Marco Chiosa,4255,SS Arezzo,Centre-Back,32,Italy,19,17,9,15,748,459,37852,8,6,30,11,76,3,2010,2026
240803,Filippo De Col,4255,SS Arezzo,Right-Back,32,Italy,26,18,11,18,716,456,34961,14,22,19,4,50,5,2009,2026
457681,Eklu Shaka Mawuli,4255,SS Arezzo,Central Midfield,28,Ghana,8,11,10,16,409,254,15612,22,10,4,1,77,0,2016,2026
290716,Nicolò Gigli,4255,SS Arezzo,Centre-Back,29,Italy,15,14,12,14,527,299,23011,14,4,1,0,63,0,2013,2026
536452,Luca Chierico,4255,SS Arezzo,Central Midfield,25,Italy,24,10,11,16,346,195,9744,13,22,5,1,23,1,2017,2026
703240,Gennaro Iaccarino,4255,SS Arezzo,Central Midfield,23,Italy,78,8,7,15,255,175,11953,15,17,3,0,30,0,2019,2026
98888,Artur Ioniță,4255,SS Arezzo,Central Midfield,36,Moldova,17,21,11,25,913,651,49232,62,29,203,52,99,109,2006,2026
953372,Francesco Perrotta,4255,SS Arezzo,Left Midfield,20,Italy,45,6,7,8,194,84,4352,9,1,3,2,12,0,2021,2026
403845,Mattia Viviani,4255,SS Arezzo,Defensive Midfield,26,Italy,23,12,7,14,394,207,10956,8,1,57,12,47,2,2015,2026
387060,Emiliano Pattarello,4255,SS Arezzo,Right Winger,27,Italy,10,12,6,19,421,347,21990,72,26,5,0,48,0,2015,2026
410655,Camillo Tavernelli,4255,SS Arezzo,Left Winger,27,Italy,21,11,7,11,401,266,15504,35,22,40,16,26,0,2015,2026
406942,Muhamed Varela Djamanca,4255,SS Arezzo,Left Winger,28,Portugal,0,10,9,11,352,267,15937,55,32,27,5,30,0,2017,2026
285754,Pietro Cianci,4255,SS Arezzo,Centre-Forward,30,Italy,71,14,15,12,523,419,21918,94,29,4,2,99,0,2013,2026
1477745,Francesco Șerban,4255,SS Arezzo,Goalkeeper,18,Romania,22,2,2,4,42,22,1980,0,0,0,0,2,0,2025,2026
934974,Marlon Mena Martinez,4255,SS Arezzo,Right-Back,19,Dominican Republic,2,6,5,14,190,124,9527,4,9,25,7,36,8,2021,2026
956588,Alessandro Nunziante,4255,SS Arezzo,Goalkeeper,19,Italy,14,6,5,17,250,95,8380,0,0,0,0,4,18,2021,2026
277167,Gian Marco Ferrari,4255,SS Arezzo,Centre-Back,34,Italy,67,16,8,16,633,447,37684,21,14,132,38,82,1,2010,2025
724068,Kevin Leone,4255,SS Arezzo,Central Midfield,21,Italy,7,8,9,16,300,184,11244,26,13,7,5,29,3,2019,2026
1099949,Aleandro Manes,4255,SS Arezzo,Attacking Midfield,20,Italy,47,5,3,7,144,95,5204,18,12,0,0,8,0,2022,2026
935510,Mattia Sala,4255,SS Arezzo,Central Midfield,21,Italy,16,6,7,14,194,138,9447,9,7,7,2,17,0,2021,2026
1565466,Gianmarco Cipriani,4255,SS Arezzo,Centre-Forward,18,Italy,0,1,2,3,9,3,94,0,0,0,0,0,0,2026,2026
397241,Federico Del Frate,20519,Virtus Entella,Goalkeeper,30,Italy,22,14,5,10,493,253,22727,0,1,0,0,16,0,2013,2026
248695,Andrea Tiritiello,20519,Virtus Entella,Centre-Back,31,Italy,6,15,10,17,567,377,30307,32,3,64,23,77,0,2012,2026
57285,Simone Colombi,20519,Virtus Entella,Goalkeeper,35,Italy,91,21,15,18,842,408,36010,0,1,0,0,20,19,2006,2026
1188773,Edoardo Torrielli,20519,Virtus Entella,Goalkeeper,20,Italy,12,4,3,11,126,73,6630,0,1,0,0,4,0,2023,2026
256688,Luca Parodi,20519,Virtus Entella,Centre-Back,31,Italy,23,15,7,13,570,459,35529,9,16,22,3,69,0,2012,2026
41780,Ivan Marconi,20519,Virtus Entella,Centre-Back,36,Italy,15,21,9,17,785,547,45476,22,9,50,18,139,0,2006,2026
1049728,Nicolas Previtali,20519,Virtus Entella,Right-Back,21,Italy,3,5,2,8,189,158,11192,3,10,1,1,24,0,2022,2026
404860,Mattia Alborghetti,20519,Virtus Entella,Right-Back,27,Italy,27,12,7,10,435,337,27579,16,10,11,3,48,0,2015,2026
659420,Mattia Motolese,20519,Virtus Entella,Centre-Back,22,Italy,39,9,9,18,335,160,12451,3,1,0,0,42,8,2018,2026
821038,Stefano Di Mario,20519,Virtus Entella,Left Midfield,21,Italy,26,7,4,12,228,178,13167,7,13,44,9,41,0,2020,2026
650249,Riccardo Turicchia,20519,Virtus Entella,Left Midfield,23,Italy,16,9,7,21,347,230,15699,16,14,15,6,16,37,2018,2026
432105,Andrea Franzoni,20519,Virtus Entella,Attacking Midfield,29,Italy,24,11,5,11,354,301,23973,59,16,92,31,29,0,2015,2026
395190,Francesco Mezzoni,20519,Virtus Entella,Right Midfield,26,Italy,94,12,14,17,448,299,21399,11,22,23,5,39,1,2015,2026
717885,Marwane Kritta,20519,Virtus Entella,Left Midfield,24,Italy,70,8,3,6,258,212,14711,11,24,0,0,36,0,2019,2026
538063,Lucas Felippe,20519,Virtus Entella,Defensive Midfield,26,Brazil,55,10,9,16,412,258,17678,40,18,3,0,35,0,2017,2026
819083,Gabriele Costa,20519,Virtus Entella,Central Midfield,21,Italy,40,7,8,15,179,73,4407,3,2,0,0,14,0,2020,2026
1189072,Mattia Valori,20519,Virtus Entella,Central Midfield,21,Italy,28,4,4,8,137,88,6195,11,3,0,0,15,0,2023,2026
1318487,Tommaso Annoni,20519,Virtus Entella,Central Midfield,18,Italy,18,3,2,5,72,46,2969,5,4,0,0,5,0,2024,2026
120458,Davide Bariti,20519,Virtus Entella,Right Midfield,35,Italy,7,19,14,19,761,503,32198,28,56,9,2,30,1,2008,2026
352704,Luigi Cuppone,20519,Virtus Entella,Centre-Forward,29,Italy,10,13,16,12,451,303,19122,88,17,74,27,40,0,2014,2026
632482,Bernat Guiu,20519,Virtus Entella,Centre-Forward,26,Spain,11,9,3,9,224,177,11114,22,22,43,17,32,0,2018,2026
660190,Mattia Tirelli,20519,Virtus Entella,Centre-Forward,24,Italy,17,9,9,14,297,208,12574,45,17,19,4,26,0,2018,2026
164534,Francesco Forte,20519,Virtus Entella,Centre-Forward,33,Italy,32,17,17,18,677,460,28961,131,20,372,143,51,1,2010,2026
821043,Ruben Rinaldini,20519,Virtus Entella,Goalkeeper,20,Italy,80,7,7,14,249,72,6335,0,0,0,0,1,0,2020,2026
1263882,Michele Sanguineti,20519,Virtus Entella,Goalkeeper,17,Italy,0,4,3,7,94,20,1800,0,0,0,0,0,0,2023,2026
379137,Ovidijus Šiaulys,20519,Virtus Entella,Goalkeeper,25,Lithuania,99,12,7,22,410,125,11069,0,0,0,0,12,6,2014,2025
539632,Lorenzo Moretti,20519,Virtus Entella,Centre-Back,23,Italy,0,10,13,24,425,230,17213,9,10,4,1,24,16,2017,2026
457440,Alessandro Pilati,20519,Virtus Entella,Centre-Back,25,Italy,38,11,8,13,384,200,14937,6,4,12,1,30,0,2016,2026
621153,Luigi Palomba,20519,Virtus Entella,Centre-Back,22,Italy,0,9,7,14,338,171,13255,13,4,0,0,36,5,2018,2026
459248,Denis Portanova,20519,Virtus Entella,Centre-Back,24,Italy,0,11,9,16,345,183,13395,8,1,5,2,44,0,2016,2026
534164,Iacopo Lipani,20519,Virtus Entella,Defensive Midfield,24,Italy,0,10,6,12,329,224,16072,10,9,4,2,31,0,2017,2026
1229093,Pedro Dayan,20519,Virtus Entella,Central Midfield,17,Brazil,0,4,3,7,99,55,4428,7,13,3,0,11,0,2023,2026
121402,Ahmad Benali,20519,Virtus Entella,Central Midfield,33,Libya,0,20,13,26,875,428,30737,52,31,173,57,89,13,2007,2026
881610,David Ankeye,20519,Virtus Entella,Centre-Forward,23,Nigeria,0,6,8,18,177,101,4072,16,3,27,13,4,0,2020,2026
478764,Davide Castelli,20519,Virtus Entella,Centre-Forward,25,Italy,0,8,5,8,253,197,10652,40,10,8,4,17,0,2016,2026
651008,Davide Pio Stabile,20519,Virtus Entella,Centre-Forward,20,Italy,9,9,9,18,244,153,7878,34,13,5,1,21,8,2018,2026
1318489,Matteo Carbone,20519,Virtus Entella,Second Striker,17,Italy,0,3,3,8,120,39,2223,21,1,4,4,1,0,2024,2026
