player_id,player_name,game_date_utc,season,competition_id,competition_type_id,is_national_team,game_id,game_day,club_id,venue,opponent_club_id,club_goals,opponent_goals,participation_state,shirt_number,position_id,is_captain,played_minutes,goals,assists,shots_total,shots_on_goal,shots_off_goal,shots_blocked,yellow_card_minute,substituted_in_minute,substituted_out_minute,injury_id,absence_id
480395,Timothy Awany,2026-08-30T16:00:00+00:00,2026,BU1,1,False,4909916,7,2531,home,156,1,3,in squad,20,,False,0,0,0,0,0,0,0,,,,0,0
480395,Timothy Awany,2026-08-24T16:00:00+00:00,2026,BU1,1,False,4909859,6,2531,away,26462,0,1,in squad,20,,False,0,0,0,0,0,0,0,,,,0,0
480395,Timothy Awany,2026-08-15T18:15:00+00:00,2026,BU1,1,False,4909899,5,2531,away,31614,0,2,played,20,3,False,45,0,0,0,0,0,0,,,46,0,0
480395,Timothy Awany,2026-08-10T18:15:00+00:00,2026,BU1,1,False,4909880,4,2531,home,9599,3,2,played,20,3,False,90,0,0,0,0,0,0,,,,0,0
480395,Timothy Awany,2026-08-01T18:15:00+00:00,2026,BU1,1,False,4909873,3,2531,home,967,1,0,not in squad,,,False,0,0,0,0,0,0,0,,,,0,0
480395,Timothy Awany,2026-07-27T18:15:00+00:00,2026,BU1,1,False,4909868,2,2531,away,208,2,3,played,20,3,False,73,0,0,0,0,0,0,69,,73,0,0
480395,Timothy Awany,2026-07-21T18:30:00+00:00,2026,BU1,1,False,4909852,1,2531,home,730,1,1,played,20,3,False,90,0,0,0,0,0,0,,,,0,0
521634,Karol Niemczycki,2026-08-28T18:30:00+00:00,2026,PL1,1,False,4895761,6,759,away,255,1,1,played,1,1,False,90,0,0,0,0,0,0,,,,0,0
521634,Karol Niemczycki,2026-08-22T18:15:00+00:00,2026,PL1,1,False,4895639,5,759,home,88,3,3,played,1,1,False,90,0,0,0,0,0,0,,,,0,0
521634,Karol Niemczycki,2026-08-15T12:45:00+00:00,2026,PL1,1,False,4895630,4,759,away,168,1,2,played,1,1,False,90,0,0,0,0,0,0,,,,0,0
521634,Karol Niemczycki,2026-08-09T12:45:00+00:00,2026,PL1,1,False,4895620,3,759,home,5689,0,0,played,1,1,False,90,0,0,0,0,0,0,,,,0,0
521634,Karol Niemczycki,2026-08-02T15:30:00+00:00,2026,PL1,1,False,4895611,2,759,home,9644,2,1,played,1,1,False,90,0,0,0,0,0,0,,,,0,0
521634,Karol Niemczycki,2026-07-25T15:30:00+00:00,2026,PL1,1,False,4895602,1,759,away,428,1,2,in squad,1,,False,0,0,0,0,0,0,0,,,,0,0
211768,Raz Karmi,2026-08-30T16:00:00+00:00,2026,ISR2,2,False,4963342,3,51930,away,554,1,2,played,22,0,False,90,0,0,0,0,0,0,,,,0,0
211768,Raz Karmi,2026-08-23T16:00:00+00:00,2026,ISR2,2,False,4963356,2,51930,home,6025,4,0,played,22,0,False,90,0,0,0,0,0,0,,,,0,0
211768,Raz Karmi,2026-08-18T16:30:00+00:00,2026,ISR2,2,False,4963301,1,51930,away,51820,0,2,played,22,0,False,90,0,0,0,0,0,0,,,,0,0
1048446,Mohamad Amer,2026-08-24T16:00:00+00:00,2026,ISR2,2,False,4963359,2,6105,home,46771,1,0,played,87,0,False,90,0,0,0,0,0,0,,,,0,0
1048446,Mohamad Amer,2026-08-18T16:30:00+00:00,2026,ISR2,2,False,4963298,1,6105,away,35110,0,2,not in squad,,,False,0,0,0,0,0,0,0,,,,0,0
422715,Arial Mendy,2026-08-30T17:15:00+00:00,2026,ISR1,1,False,4912901,2,810,home,1017,0,0,played,77,4,False,90,0,0,2,0,1,1,50,,,0,0
1361508,Ibrahim Diakité,2026-08-24T16:00:00+00:00,2026,ISR2,2,False,4963359,2,6105,home,46771,1,0,played,3,0,False,90,0,0,0,0,0,0,,,,0,0
1361508,Ibrahim Diakité,2026-08-18T16:30:00+00:00,2026,ISR2,2,False,4963298,1,6105,away,35110,0,2,played,3,0,False,90,0,0,0,0,0,0,,,,0,0
926456,Maor Yashilirmak,2026-08-24T16:00:00+00:00,2026,ISR2,2,False,4963359,2,6105,home,46771,1,0,played,5,0,False,70,0,0,0,0,0,0,,,70,0,0
926456,Maor Yashilirmak,2026-08-18T16:30:00+00:00,2026,ISR2,2,False,4963298,1,6105,away,35110,0,2,played,5,0,False,61,0,0,0,0,0,0,,29,,0,0
323451,Avishay Cohen,2026-08-29T17:00:00+00:00,2026,ISR1,1,False,4912904,2,262,home,43119,1,0,played,2,5,False,63,0,0,1,0,0,1,,,63,0,0
323451,Avishay Cohen,2026-08-22T17:00:00+00:00,2026,ISR1,1,False,4912928,1,262,away,51070,0,1,played,2,5,False,90,0,0,0,0,0,0,,,,0,0
225980,Tom Ben Zaken,2026-08-24T16:00:00+00:00,2026,ISR2,2,False,4963359,2,6105,home,46771,1,0,not in squad,,,False,0,0,0,0,0,0,0,,,,0,0
225980,Tom Ben Zaken,2026-08-18T16:30:00+00:00,2026,ISR2,2,False,4963298,1,6105,away,35110,0,2,not in squad,,,False,0,0,0,0,0,0,0,,,,0,0
1466139,Reem Tal,2026-08-24T16:00:00+00:00,2026,ISR2,2,False,4963359,2,6105,home,46771,1,0,played,20,0,False,20,0,0,0,0,0,0,,70,,0,0
1466139,Reem Tal,2026-08-18T16:30:00+00:00,2026,ISR2,2,False,4963298,1,6105,away,35110,0,2,played,20,0,False,45,0,0,0,0,0,0,90,46,,0,0
741698,Karim Kimvuidi,2026-08-29T17:00:00+00:00,2026,ISR1,1,False,4912904,2,262,home,43119,1,0,played,26,14,False,86,1,0,3,1,2,0,,,86,0,0
741698,Karim Kimvuidi,2026-08-22T17:00:00+00:00,2026,ISR1,1,False,4912928,1,262,away,51070,0,1,played,26,10,False,65,0,0,2,1,1,0,,,65,0,0
781207,Ilay Tamam,2026-08-24T16:00:00+00:00,2026,ISR2,2,False,4963359,2,6105,home,46771,1,0,played,10,0,False,90,0,0,0,0,0,0,,,,0,0
781207,Ilay Tamam,2026-08-18T16:30:00+00:00,2026,ISR2,2,False,4963298,1,6105,away,35110,0,2,played,10,0,False,62,0,0,0,0,0,0,,,62,0,0
960062,Emmanuel Agyei,2026-08-29T14:00:00+00:00,2026,SC1,1,False,4910342,4,1519,away,2553,4,0,played,12,6,False,90,1,0,1,1,0,0,,,,0,0
960062,Emmanuel Agyei,2026-08-22T16:45:00+00:00,2026,SC1,1,False,4910326,3,1519,home,511,0,2,not in squad,,,False,0,0,0,0,0,0,0,,,,0,0
960062,Emmanuel Agyei,2026-08-15T16:45:00+00:00,2026,SCP,14,False,4985912,6,1519,home,371,0,4,played,12,7,False,90,0,0,1,0,1,0,,,,0,0
960062,Emmanuel Agyei,2026-08-09T14:00:00+00:00,2026,SC1,1,False,4910333,2,1519,away,43,0,4,played,12,7,False,45,0,0,0,0,0,0,,,46,0,0
960062,Emmanuel Agyei,2026-07-31T19:00:00+00:00,2026,SC1,1,False,4910368,1,1519,home,124,1,1,played,12,7,False,90,0,0,3,0,1,2,,,,0,0
960062,Emmanuel Agyei,2026-07-21T18:45:00+00:00,2026,SCP,14,False,4891659,4,1519,home,17602,4,0,in squad,12,,False,0,0,0,0,0,0,0,,,,0,0
960062,Emmanuel Agyei,2026-07-18T18:00:00+00:00,2026,SCP,14,False,4891646,3,1519,home,3021,3,0,played,12,7,False,45,0,0,0,0,0,0,,,46,0,0
960062,Emmanuel Agyei,2026-07-14T18:45:00+00:00,2026,SCP,14,False,4891630,2,1519,away,3030,0,1,played,12,0,False,20,0,0,0,0,0,0,,70,,0,0
960062,Emmanuel Agyei,2026-07-11T16:30:00+00:00,2026,SCP,14,False,4891611,1,1519,away,3033,1,0,played,12,9,False,75,0,0,2,1,1,0,,,75,0,0
919540,Noam Muche,2026-08-29T17:30:00+00:00,2026,ISR1,1,False,4912900,2,3793,home,5223,1,4,played,15,7,False,45,0,0,1,0,1,0,,,46,0,0
919540,Noam Muche,2026-08-13T18:30:00+00:00,2026,ECLQ,10,False,4973762,6,3793,away,14,4,5,played,15,7,False,66,0,0,2,0,1,1,,,66,0,0
919540,Noam Muche,2026-08-06T17:30:00+00:00,2026,ECLQ,10,False,4973732,5,3793,neutral,14,1,2,played,15,7,False,90,1,0,3,1,2,0,,,,0,0
919540,Noam Muche,2026-07-30T17:30:00+00:00,2026,ECLQ,10,False,4898030,4,3793,home,2156,6,6,played,15,7,False,75,0,0,0,0,0,0,49,,75,0,0
919540,Noam Muche,2026-07-23T16:30:00+00:00,2026,ECLQ,10,False,4897992,3,3793,away,2156,1,0,played,15,7,False,84,0,0,0,0,0,0,65,,84,0,0
916992,Ilay Hajaj,2026-08-29T17:00:00+00:00,2026,ISR1,1,False,4912899,2,4769,home,3785,1,2,played,28,9,False,76,1,0,1,1,0,0,,,76,0,0
916992,Ilay Hajaj,2026-08-24T17:00:00+00:00,2026,ISR1,1,False,4912933,1,4769,away,5223,0,0,played,28,9,False,77,0,0,2,0,1,1,,,77,0,0
916992,Ilay Hajaj,2026-08-13T18:30:00+00:00,2026,ECLQ,10,False,4973762,6,3793,away,14,4,5,not in squad,,,False,0,0,0,0,0,0,0,,,,0,0
916992,Ilay Hajaj,2026-08-06T17:30:00+00:00,2026,ECLQ,10,False,4973732,5,3793,neutral,14,1,2,not in squad,,,False,0,0,0,0,0,0,0,,,,0,0
916992,Ilay Hajaj,2026-07-30T17:30:00+00:00,2026,ECLQ,10,False,4898030,4,3793,home,2156,6,6,not in squad,,,False,0,0,0,0,0,0,0,,,,0,0
916992,Ilay Hajaj,2026-07-23T16:30:00+00:00,2026,ECLQ,10,False,4897992,3,3793,away,2156,1,0,not in squad,,,False,0,0,0,0,0,0,0,,,,0,0
129722,Roei Gordana,2026-08-24T16:00:00+00:00,2026,ISR2,2,False,4963359,2,6105,home,46771,1,0,played,8,0,True,90,0,0,0,0,0,0,,,,0,0
129722,Roei Gordana,2026-08-18T16:30:00+00:00,2026,ISR2,2,False,4963298,1,6105,away,35110,0,2,not in squad,,,False,0,0,0,0,0,0,0,,,,0,0
398252,Or Dasa,2026-08-30T16:00:00+00:00,2026,ISR2,2,False,4963340,3,51820,home,102847,3,2,played,18,0,False,65,0,0,0,0,0,0,,,65,0,0
398252,Or Dasa,2026-08-23T16:00:00+00:00,2026,ISR2,2,False,4963357,2,51820,away,9095,1,3,played,18,0,False,45,0,0,0,0,0,0,5,,46,0,0
398252,Or Dasa,2026-08-18T16:30:00+00:00,2026,ISR2,2,False,4963301,1,51820,home,51930,2,0,played,18,0,False,2,0,0,0,0,0,0,,88,,0,0
668599,Shalev Harush,2026-08-24T16:00:00+00:00,2026,ISR2,2,False,4963359,2,6105,home,46771,1,0,played,9,0,False,5,0,0,0,0,0,0,,,5,0,0
668599,Shalev Harush,2026-08-18T16:30:00+00:00,2026,ISR2,2,False,4963298,1,6105,away,35110,0,2,played,9,0,True,90,0,0,0,0,0,0,,,,0,0
967574,Liav Farada,2026-08-30T16:00:00+00:00,2026,ISR2,2,False,4963340,3,102847,away,51820,2,3,played,18,0,False,90,0,0,0,0,0,0,,,,0,0
967574,Liav Farada,2026-08-23T16:00:00+00:00,2026,ISR2,2,False,4963358,2,102847,home,70178,0,1,played,18,0,False,67,0,0,0,0,0,0,,,67,0,0
967574,Liav Farada,2026-08-18T16:30:00+00:00,2026,ISR2,2,False,4963299,1,102847,away,46771,6,2,played,18,0,False,82,1,0,0,0,0,0,41,,82,0,0
917014,Asaf Arania,2026-08-24T16:00:00+00:00,2026,ISR2,2,False,4963359,2,6105,home,46771,1,0,not in squad,,,False,0,0,0,0,0,0,0,,,,0,0
917014,Asaf Arania,2026-08-18T16:30:00+00:00,2026,ISR2,2,False,4963298,1,6105,away,35110,0,2,not in squad,,,False,0,0,0,0,0,0,0,,,,0,0
926481,Ori Azo,2026-08-27T16:00:00+00:00,2026,ECLQ,10,False,5013851,8,119,neutral,2790,1,1,not in squad,,,False,0,0,0,0,0,0,0,,,,0,0
926481,Ori Azo,2026-08-23T17:15:00+00:00,2026,ISR1,1,False,4912929,1,119,away,43119,5,2,in squad,23,,False,0,0,0,0,0,0,0,,,,0,0
926481,Ori Azo,2026-08-20T18:30:00+00:00,2026,ECLQ,10,False,5013827,7,119,away,2790,1,2,in squad,23,,False,0,0,0,0,0,0,0,,,,0,0
926481,Ori Azo,2026-08-13T18:00:00+00:00,2026,ELQ,10,False,4973715,6,119,away,208,3,1,in squad,23,,False,0,0,0,0,0,0,0,,,,0,0
926481,Ori Azo,2026-08-06T16:00:00+00:00,2026,ELQ,10,False,4973702,5,119,neutral,208,0,3,in squad,23,,False,0,0,0,0,0,0,0,,,,0,0
926481,Ori Azo,2026-07-30T16:00:00+00:00,2026,ELQ,10,False,4897952,4,119,neutral,2481,1,0,in squad,23,,False,0,0,0,0,0,0,0,,,,0,0
926481,Ori Azo,2026-07-23T17:00:00+00:00,2026,ELQ,10,False,4897943,3,119,away,2481,5,0,in squad,23,,False,0,0,0,0,0,0,0,,,,0,0
926481,Ori Azo,2026-07-16T16:30:00+00:00,2026,IRLP,9,False,4922229,1,119,away,2976,3,1,in squad,23,,False,0,0,0,0,0,0,0,,,,0,0
1332181,Hayford Boahen,2026-08-24T16:00:00+00:00,2026,ISR2,2,False,4963359,2,6105,home,46771,1,0,played,77,0,False,70,0,0,0,0,0,0,63,,70,0,0
1332181,Hayford Boahen,2026-08-18T16:30:00+00:00,2026,ISR2,2,False,4963298,1,6105,away,35110,0,2,played,77,0,False,75,0,0,0,0,0,0,,,75,0,0
1261466,Amitay Yamin,2026-08-24T16:00:00+00:00,2026,ISR2,2,False,4963359,2,6105,home,46771,1,0,in squad,19,,False,0,0,0,0,0,0,0,,,,0,0
1261466,Amitay Yamin,2026-08-18T16:30:00+00:00,2026,ISR2,2,False,4963298,1,6105,away,35110,0,2,in squad,19,,False,0,0,0,0,0,0,0,,,,0,0
296681,Eugene Ansah,2026-08-29T17:30:00+00:00,2026,ISR1,1,False,4912900,2,3793,home,5223,1,4,played,13,0,False,29,0,0,0,0,0,0,,61,,0,0
296681,Eugene Ansah,2026-08-13T18:30:00+00:00,2026,ECLQ,10,False,4973762,6,3793,away,14,4,5,played,13,0,False,15,0,0,0,0,0,0,,105,,0,0
296681,Eugene Ansah,2026-08-06T17:30:00+00:00,2026,ECLQ,10,False,4973732,5,3793,neutral,14,1,2,played,13,0,False,25,0,0,1,0,0,1,,65,,0,0
296681,Eugene Ansah,2026-07-30T17:30:00+00:00,2026,ECLQ,10,False,4898030,4,3793,home,2156,6,6,played,13,0,False,74,0,0,0,0,0,0,,46,,0,0
296681,Eugene Ansah,2026-07-23T16:30:00+00:00,2026,ECLQ,10,False,4897992,3,3793,away,2156,1,0,played,13,14,False,57,0,0,0,0,0,0,7,,57,0,0
1416741,Jean Batoum,2026-08-29T12:45:00+00:00,2026,UNG1,1,False,4944294,6,6058,home,12163,1,1,played,29,0,False,10,1,0,1,1,0,0,,80,,0,0
1416741,Jean Batoum,2026-08-22T15:30:00+00:00,2026,UNG1,1,False,4944288,5,6058,away,634,1,2,played,29,0,False,26,0,0,1,0,1,0,,64,,0,0
1416741,Jean Batoum,2026-08-15T15:30:00+00:00,2026,UNG1,1,False,4944281,4,6058,home,30613,2,1,played,29,0,False,34,1,0,2,2,0,0,,33,67,0,0
1416741,Jean Batoum,2026-08-09T15:30:00+00:00,2026,UNG1,1,False,4944278,3,6058,away,84,0,1,played,29,14,False,45,0,0,0,0,0,0,,,46,0,0
1416741,Jean Batoum,2026-08-02T15:30:00+00:00,2026,UNG1,1,False,4906200,2,6058,away,6055,0,4,played,29,0,False,28,0,0,2,0,2,0,,62,,0,0
1416741,Jean Batoum,2026-07-24T18:00:00+00:00,2026,UNG1,1,False,4906194,1,6058,home,708,2,1,played,29,0,False,24,0,0,0,0,0,0,,66,,0,0
896052,Ben Hadadi,2026-08-23T16:00:00+00:00,2026,ISR2,2,False,4963357,2,9095,home,51820,3,1,played,11,0,False,87,0,0,0,0,0,0,,,87,0,0
896052,Ben Hadadi,2026-08-18T16:30:00+00:00,2026,ISR2,2,False,4963300,1,9095,away,70178,4,1,played,11,0,False,70,0,0,0,0,0,0,,,70,0,0
396641,Eylon Almog,2026-08-29T17:00:00+00:00,2026,ISR1,1,False,4912902,2,2976,away,2785,2,1,not in squad,,,False,0,0,0,0,0,0,0,,,,0,0
396641,Eylon Almog,2026-08-25T16:45:00+00:00,2026,CLQ,10,False,5013655,8,2976,away,63993,2,5,not in squad,,,False,0,0,0,0,0,0,0,,,,0,0
396641,Eylon Almog,2026-08-19T19:00:00+00:00,2026,CLQ,10,False,5013628,7,2976,neutral,63993,2,1,not in squad,,,False,0,0,0,0,0,0,0,,,,0,0
396641,Eylon Almog,2026-08-11T18:00:00+00:00,2026,CLQ,10,False,4973504,6,2976,away,159,2,0,not in squad,,,False,0,0,0,0,0,0,0,,,,0,0
396641,Eylon Almog,2026-08-04T17:30:00+00:00,2026,CLQ,10,False,4973494,5,2976,neutral,159,1,0,not in squad,,,False,0,0,0,0,0,0,0,,,,0,0
396641,Eylon Almog,2026-07-29T17:30:00+00:00,2026,CLQ,10,False,4897905,4,2976,neutral,5849,2,0,not in squad,,,False,0,0,0,0,0,0,0,,,,0,0
396641,Eylon Almog,2026-07-21T19:00:00+00:00,2026,CLQ,10,False,4897893,3,2976,away,5849,1,2,not in squad,,,False,0,0,0,0,0,0,0,,,,0,0
396641,Eylon Almog,2026-07-16T16:30:00+00:00,2026,IRLP,9,False,4922229,1,2976,home,119,1,3,not in squad,,,False,0,0,0,0,0,0,0,,,,0,0
668592,Stav Nachmani,2026-08-23T16:00:00+00:00,2026,ISR2,2,False,4963357,2,9095,home,51820,3,1,played,9,0,False,70,2,0,0,0,0,0,,,70,0,0
668592,Stav Nachmani,2026-08-18T16:30:00+00:00,2026,ISR2,2,False,4963300,1,9095,away,70178,4,1,played,9,0,False,70,2,0,0,0,0,0,,,70,0,0
870571,Adir Levi,2026-08-24T16:00:00+00:00,2026,ISR2,2,False,4963359,2,6105,home,46771,1,0,not in squad,,,False,0,0,0,0,0,0,0,,,,0,0
870571,Adir Levi,2026-08-18T16:30:00+00:00,2026,ISR2,2,False,4963298,1,6105,away,35110,0,2,not in squad,,,False,0,0,0,0,0,0,0,,,,0,0
1061538,Ben Levy,2026-08-24T16:00:00+00:00,2026,ISR2,2,False,4963359,2,6105,home,46771,1,0,not in squad,,,False,0,0,0,0,0,0,0,,,,0,0
1061538,Ben Levy,2026-08-18T16:30:00+00:00,2026,ISR2,2,False,4963298,1,6105,away,35110,0,2,not in squad,,,False,0,0,0,0,0,0,0,,,,0,0
951858,Elia Gethon,2026-08-24T16:00:00+00:00,2026,ISR2,2,False,4963359,2,6105,home,46771,1,0,played,21,0,False,20,0,0,0,0,0,0,,70,,0,0
951858,Elia Gethon,2026-08-18T16:30:00+00:00,2026,ISR2,2,False,4963298,1,6105,away,35110,0,2,played,21,0,False,28,0,0,0,0,0,0,,62,,0,0
157500,Lenny Nangis,2026-08-30T16:00:00+00:00,2026,ISR2,2,False,4963340,3,102847,away,51820,2,3,not in squad,,,False,0,0,0,0,0,0,0,,,,0,0
157500,Lenny Nangis,2026-08-23T16:00:00+00:00,2026,ISR2,2,False,4963358,2,102847,home,70178,0,1,not in squad,,,False,0,0,0,0,0,0,0,,,,0,0
157500,Lenny Nangis,2026-08-18T16:30:00+00:00,2026,ISR2,2,False,4963299,1,102847,away,46771,6,2,not in squad,,,False,0,0,0,0,0,0,0,,,,0,0
1105821,Nehoray Dabush,2026-08-24T16:00:00+00:00,2026,ISR2,2,False,4963359,2,6105,home,46771,1,0,played,7,0,False,30,1,0,0,0,0,0,,60,,0,0
1105821,Nehoray Dabush,2026-08-18T16:30:00+00:00,2026,ISR2,2,False,4963298,1,6105,away,35110,0,2,played,7,0,False,62,0,0,0,0,0,0,30,,62,0,0
928398,Guy Herman,2026-08-30T16:00:00+00:00,2026,ISR2,2,False,4963343,3,25909,away,25067,1,1,played,99,0,False,90,0,0,0,0,0,0,,,,0,0
928398,Guy Herman,2026-08-24T16:00:00+00:00,2026,ISR2,2,False,4963355,2,25909,home,554,1,2,played,99,0,False,90,0,0,0,0,0,0,,,,0,0
928398,Guy Herman,2026-08-18T16:30:00+00:00,2026,ISR2,2,False,4963302,1,25909,away,6025,2,0,played,99,0,False,90,0,0,0,0,0,0,,,,0,0
919516,Lior Gliklich,2026-08-29T15:00:00+00:00,2026,A1,1,False,4904852,5,4441,away,316,0,0,in squad,12,,False,0,0,0,0,0,0,0,,,,0,0
919516,Lior Gliklich,2026-08-23T16:00:00+00:00,2026,ISR2,2,False,4963358,2,70178,away,102847,1,0,not in squad,,,False,0,0,0,0,0,0,0,,,,0,0
919516,Lior Gliklich,2026-08-18T16:30:00+00:00,2026,ISR2,2,False,4963300,1,70178,home,9095,1,4,played,31,0,False,90,0,0,0,0,0,0,,,,0,0
129859,Gad Amos,2026-08-29T17:00:00+00:00,2026,ISR1,1,False,4912905,2,51070,away,6028,0,2,in squad,1,,False,0,0,0,0,0,0,0,,,,0,0
129859,Gad Amos,2026-08-22T17:00:00+00:00,2026,ISR1,1,False,4912928,1,51070,home,262,1,0,in squad,1,,False,0,0,0,0,0,0,0,,,,0,0
298102,Eyad Abu Abaid,2026-08-29T17:00:00+00:00,2026,ISR1,1,False,4912899,2,4769,home,3785,1,2,played,5,0,False,45,0,0,0,0,0,0,,46,,0,0
298102,Eyad Abu Abaid,2026-08-24T17:00:00+00:00,2026,ISR1,1,False,4912933,1,4769,away,5223,0,0,played,5,0,False,6,0,0,0,0,0,0,,84,,0,0
268483,Ayid Habshi,2026-08-23T16:00:00+00:00,2026,ISR2,2,False,4963358,2,70178,away,102847,1,0,played,5,0,False,90,0,0,0,0,0,0,62,,,0,0
268483,Ayid Habshi,2026-08-18T16:30:00+00:00,2026,ISR2,2,False,4963300,1,70178,home,9095,1,4,played,5,0,False,90,0,0,0,0,0,0,,,,0,0
671018,Nevo Shedo,2026-08-29T17:30:00+00:00,2026,ISR1,1,False,4912900,2,3793,home,5223,1,4,played,91,4,False,90,0,0,0,0,0,0,,,,0,0
671018,Nevo Shedo,2026-08-13T18:30:00+00:00,2026,ECLQ,10,False,4973762,6,3793,away,14,4,5,played,91,4,False,65,0,0,1,0,0,1,,,65,0,0
671018,Nevo Shedo,2026-08-06T17:30:00+00:00,2026,ECLQ,10,False,4973732,5,3793,neutral,14,1,2,not in squad,,,False,0,0,0,0,0,0,0,,,,0,0
671018,Nevo Shedo,2026-07-30T17:30:00+00:00,2026,ECLQ,10,False,4898030,4,3793,home,2156,6,6,not in squad,,,False,0,0,0,0,0,0,0,,,,0,0
671018,Nevo Shedo,2026-07-23T16:30:00+00:00,2026,ECLQ,10,False,4897992,3,3793,away,2156,1,0,not in squad,,,False,0,0,0,0,0,0,0,,,,0,0
325545,Abdallah Jaber,2026-08-23T16:00:00+00:00,2026,ISR2,2,False,4963358,2,70178,away,102847,1,0,played,14,0,False,18,0,0,0,0,0,0,,72,,0,0
325545,Abdallah Jaber,2026-08-18T16:30:00+00:00,2026,ISR2,2,False,4963300,1,70178,home,9095,1,4,played,14,0,True,62,0,0,0,0,0,0,,,62,0,0
1086174,Mor Brami,2026-08-23T16:00:00+00:00,2026,ISR2,2,False,4963358,2,70178,away,102847,1,0,played,3,0,False,90,0,0,0,0,0,0,,,,0,0
1086174,Mor Brami,2026-08-18T16:30:00+00:00,2026,ISR2,2,False,4963300,1,70178,home,9095,1,4,played,3,0,False,90,0,0,0,0,0,0,,,,0,0
1342483,Aiham Mater,2026-08-23T16:00:00+00:00,2026,ISR2,2,False,4963358,2,70178,away,102847,1,0,played,23,0,False,23,0,0,0,0,0,0,,67,,0,0
1342483,Aiham Mater,2026-08-18T16:30:00+00:00,2026,ISR2,2,False,4963300,1,70178,home,9095,1,4,played,23,0,False,12,0,0,0,0,0,0,,78,,0,0
1475637,Mahmoud Jabarin,2026-08-23T16:00:00+00:00,2026,ISR2,2,False,4963358,2,70178,away,102847,1,0,played,44,0,False,90,0,0,0,0,0,0,83,,,0,0
1475637,Mahmoud Jabarin,2026-08-18T16:30:00+00:00,2026,ISR2,2,False,4963300,1,70178,home,9095,1,4,played,44,0,False,5,0,0,0,0,0,0,,85,,0,0
542995,Aleksa Pejic,2026-08-29T16:00:00+00:00,2026,BOS1,1,False,4924432,4,2573,home,1242,1,1,played,6,6,True,90,0,0,0,0,0,0,,,,0,0
542995,Aleksa Pejic,2026-08-23T19:00:00+00:00,2026,BOS1,1,False,4924425,3,2573,away,6808,0,2,played,6,6,True,90,0,0,0,0,0,0,,,,0,0
542995,Aleksa Pejic,2026-08-15T12:00:00+00:00,2026,BOS1,1,False,4924423,2,2573,home,282,0,0,not in squad,,,False,0,0,0,0,0,0,0,,,,0,0
542995,Aleksa Pejic,2026-08-07T18:00:00+00:00,2026,BOS1,1,False,4924414,1,2573,home,20904,2,1,played,6,6,True,90,0,2,0,0,0,0,,,,0,0
571821,Christ Tiéhi,2026-08-29T17:00:00+00:00,2026,ISR1,1,False,4912904,2,43119,away,262,0,1,played,91,7,False,90,0,0,1,0,1,0,,,,0,0
571821,Christ Tiéhi,2026-08-23T17:15:00+00:00,2026,ISR1,1,False,4912929,1,43119,home,119,2,5,played,91,7,False,68,0,0,0,0,0,0,,,68,0,0
1083166,Ahmad Taha,2026-08-29T17:00:00+00:00,2026,ISR1,1,False,4912899,2,4769,home,3785,1,2,in squad,6,,False,0,0,0,0,0,0,0,,,,0,0
1083166,Ahmad Taha,2026-08-24T17:00:00+00:00,2026,ISR1,1,False,4912933,1,4769,away,5223,0,0,played,6,0,False,13,0,0,1,0,1,0,,77,,0,0
1386668,Ali Ibrahim,2026-08-23T16:00:00+00:00,2026,ISR2,2,False,4963358,2,70178,away,102847,1,0,played,33,0,False,18,0,0,0,0,0,0,,72,,0,0
1386668,Ali Ibrahim,2026-08-18T16:30:00+00:00,2026,ISR2,2,False,4963300,1,70178,home,9095,1,4,played,33,0,False,28,0,0,0,0,0,0,64,62,,0,0
458014,Ihab Ganayem,2026-08-30T16:00:00+00:00,2026,ISR2,2,False,4963342,3,51930,away,554,1,2,played,6,0,False,76,0,0,0,0,0,0,13,,76,0,0
458014,Ihab Ganayem,2026-08-23T16:00:00+00:00,2026,ISR2,2,False,4963356,2,51930,home,6025,4,0,played,6,0,False,90,0,0,0,0,0,0,,,,0,0
458014,Ihab Ganayem,2026-08-18T16:30:00+00:00,2026,ISR2,2,False,4963301,1,51930,away,51820,0,2,not in squad,,,False,0,0,0,0,0,0,0,,,,0,0
376571,Antonio Sefer,2026-08-23T16:00:00+00:00,2026,ISR2,2,False,4963358,2,70178,away,102847,1,0,played,7,0,False,56,0,0,0,0,0,0,,,56,0,0
376571,Antonio Sefer,2026-08-18T16:30:00+00:00,2026,ISR2,2,False,4963300,1,70178,home,9095,1,4,played,7,0,False,62,0,0,0,0,0,0,,,62,0,0
340538,Zé Turbo,2026-08-28T15:00:00+00:00,2026,RO1,1,False,4914613,7,4959,away,40843,2,2,not in squad,,,False,0,0,0,0,0,0,0,,,,0,0
340538,Zé Turbo,2026-08-24T18:30:00+00:00,2026,RO1,1,False,4914558,6,4959,home,41278,1,0,not in squad,,,False,0,0,0,0,0,0,0,,,,0,0
340538,Zé Turbo,2026-08-19T17:30:00+00:00,2026,ROMP,8,False,5016029,4,4959,away,15945,1,5,not in squad,,,False,0,0,0,0,0,0,0,,,,0,0
340538,Zé Turbo,2026-08-16T15:30:00+00:00,2026,RO1,1,False,4914629,5,4959,home,40812,1,1,not in squad,,,False,0,0,0,0,0,0,0,,,,0,0
340538,Zé Turbo,2026-08-09T15:30:00+00:00,2026,RO1,1,False,4914564,4,4959,away,9465,0,1,not in squad,,,False,0,0,0,0,0,0,0,,,,0,0
389441,Virgile Pinson,2026-07-16T16:00:00+00:00,2026,ECLQ,10,False,4897273,2,253,home,46710,0,3,played,39,10,False,45,0,0,0,0,0,0,,46,,0,0
389441,Virgile Pinson,2026-07-08T16:00:00+00:00,2026,ECLQ,10,False,4897247,1,253,away,46710,0,3,played,39,11,False,90,0,0,0,0,0,0,,,,0,0
354136,Vitalie Damascan,2026-08-29T17:00:00+00:00,2026,ISR1,1,False,4912904,2,43119,away,262,0,1,played,10,14,False,90,0,0,1,0,1,0,,,,0,0
354136,Vitalie Damascan,2026-08-23T17:15:00+00:00,2026,ISR1,1,False,4912929,1,43119,home,119,2,5,played,10,14,False,90,1,0,3,1,1,1,,,,0,0
1121989,Iyad Khalaili,2026-08-22T17:30:00+00:00,2026,ISR1,1,False,4912930,1,1064,home,2785,2,1,played,29,0,False,45,0,0,1,0,1,0,,46,,0,0
212003,Mohamad Shaker,2026-08-23T16:00:00+00:00,2026,ISR2,2,False,4963358,2,70178,away,102847,1,0,played,16,0,True,90,0,0,0,0,0,0,,,,0,0
212003,Mohamad Shaker,2026-08-18T16:30:00+00:00,2026,ISR2,2,False,4963300,1,70178,home,9095,1,4,played,16,0,False,78,0,0,0,0,0,0,,,78,0,0
1099219,Asil Kna'ani,2026-08-23T16:00:00+00:00,2026,ISR2,2,False,4963358,2,70178,away,102847,1,0,played,9,0,False,72,0,0,0,0,0,0,,,72,0,0
1099219,Asil Kna'ani,2026-08-18T16:30:00+00:00,2026,ISR2,2,False,4963300,1,70178,home,9095,1,4,played,9,0,False,90,1,0,0,0,0,0,,,,0,0
1305791,Meir Buhbut,2026-08-23T16:00:00+00:00,2026,ISR2,2,False,4963358,2,70178,away,102847,1,0,not in squad,,,False,0,0,0,0,0,0,0,,,,0,0
1305791,Meir Buhbut,2026-08-18T16:30:00+00:00,2026,ISR2,2,False,4963300,1,70178,home,9095,1,4,not in squad,,,False,0,0,0,0,0,0,0,,,,0,0
1326259,Idan Goren,2026-08-23T16:00:00+00:00,2026,ISR2,2,False,4963358,2,70178,away,102847,1,0,not in squad,,,False,0,0,0,0,0,0,0,,,,0,0
1326259,Idan Goren,2026-08-18T16:30:00+00:00,2026,ISR2,2,False,4963300,1,70178,home,9095,1,4,not in squad,,,False,0,0,0,0,0,0,0,,,,0,0
1002512,Amit Karadi,2026-08-29T17:00:00+00:00,2026,ISR1,1,False,4912899,2,4769,home,3785,1,2,played,17,3,False,90,0,0,1,0,0,1,,,,0,0
1002512,Amit Karadi,2026-08-24T17:00:00+00:00,2026,ISR1,1,False,4912933,1,4769,away,5223,0,0,played,17,3,False,84,0,0,1,0,1,0,,,84,0,0
1002512,Amit Karadi,2026-07-16T16:30:00+00:00,2026,IRLP,9,False,4922229,1,119,away,2976,3,1,not in squad,,,False,0,0,0,0,0,0,0,,,,0,0
482427,Shai Elias,2026-08-30T17:15:00+00:00,2026,ISR1,1,False,4912901,2,810,home,1017,0,0,played,10,10,False,67,0,0,0,0,0,0,,,67,0,0
1309682,Sagi Israeli,2026-08-30T16:00:00+00:00,2026,ISR2,2,False,4963338,3,46771,home,2828,1,2,played,14,0,False,45,0,0,0,0,0,0,54,46,,0,0
1309682,Sagi Israeli,2026-08-24T16:00:00+00:00,2026,ISR2,2,False,4963359,2,46771,away,6105,0,1,played,14,0,False,30,0,0,0,0,0,0,,60,,0,0
1309682,Sagi Israeli,2026-08-18T16:30:00+00:00,2026,ISR2,2,False,4963299,1,46771,home,102847,2,6,played,14,0,False,64,0,0,0,0,0,0,,,64,0,0
668597,Ido Sharon,2026-08-29T17:00:00+00:00,2026,ISR1,1,False,4912905,2,51070,away,6028,0,2,played,22,1,False,90,0,0,0,0,0,0,,,,0,0
668597,Ido Sharon,2026-08-22T17:00:00+00:00,2026,ISR1,1,False,4912928,1,51070,home,262,1,0,played,22,1,False,90,0,0,0,0,0,0,,,,0,0
367633,Dolev Haziza,2026-08-29T17:30:00+00:00,2026,ISR1,1,False,4912900,2,5223,away,3793,4,1,played,8,11,False,90,0,1,0,0,0,0,,,,0,0
367633,Dolev Haziza,2026-08-24T17:00:00+00:00,2026,ISR1,1,False,4912933,1,5223,home,4769,0,0,played,8,9,False,61,0,0,2,1,0,1,,,61,0,0
926467,Fares Agbaria,2026-08-30T16:00:00+00:00,2026,ISR2,2,False,4963340,3,102847,away,51820,2,3,played,3,0,False,45,0,0,0,0,0,0,,46,,0,0
926467,Fares Agbaria,2026-08-23T16:00:00+00:00,2026,ISR2,2,False,4963358,2,102847,home,70178,0,1,played,3,0,False,23,0,0,0,0,0,0,,67,,0,0
926467,Fares Agbaria,2026-08-18T16:30:00+00:00,2026,ISR2,2,False,4963299,1,102847,away,46771,6,2,played,3,0,False,45,0,0,0,0,0,0,78,46,,0,0
494437,Freddy Vargas,2026-08-30T16:15:00+00:00,2026,AZ1,1,False,5038081,3,8031,away,46710,0,1,played,10,14,False,64,0,0,0,0,0,0,,,64,0,0
494437,Freddy Vargas,2026-08-23T16:45:00+00:00,2026,AZ1,1,False,4974743,2,8031,home,44360,5,0,played,10,14,False,57,0,0,0,0,0,0,,,57,0,0
494437,Freddy Vargas,2026-08-16T15:00:00+00:00,2026,AZ1,1,False,4974738,1,8031,away,36999,3,1,played,10,14,False,66,0,2,0,0,0,0,,,66,0,0
494437,Freddy Vargas,2026-07-30T17:00:00+00:00,2026,ECLQ,10,False,4898018,4,8031,neutral,1180,1,0,not in squad,,,False,0,0,0,0,0,0,0,,,,0,0
494437,Freddy Vargas,2026-07-22T16:00:00+00:00,2026,ECLQ,10,False,4897980,3,8031,home,1180,2,4,not in squad,,,False,0,0,0,0,0,0,0,,,,0,0
213434,Artur Miranyan,2026-08-29T17:00:00+00:00,2026,ISR1,1,False,4912905,2,51070,away,6028,0,2,not in squad,,,False,0,0,0,0,0,0,0,,,,0,0
1231361,Harel Attia,2026-08-30T16:00:00+00:00,2026,ISR2,2,False,4963338,3,46771,home,2828,1,2,in squad,18,,False,0,0,0,0,0,0,0,,,,0,0
1231361,Harel Attia,2026-08-24T16:00:00+00:00,2026,ISR2,2,False,4963359,2,46771,away,6105,0,1,in squad,18,,False,0,0,0,0,0,0,0,,,,0,0
1231361,Harel Attia,2026-08-18T16:30:00+00:00,2026,ISR2,2,False,4963299,1,46771,home,102847,2,6,in squad,18,,False,0,0,0,0,0,0,0,58,,,0,0
832665,Shay Balahssan,2026-08-30T16:00:00+00:00,2026,ISR2,2,False,4963344,3,8907,home,7532,0,2,in squad,7,,False,0,0,0,0,0,0,0,,,,0,0
832665,Shay Balahssan,2026-08-23T16:00:00+00:00,2026,ISR2,2,False,4963353,2,8907,home,20857,2,3,in squad,7,,False,0,0,0,0,0,0,0,,,,0,0
832665,Shay Balahssan,2026-08-18T16:30:00+00:00,2026,ISR2,2,False,4963304,1,8907,away,25067,2,0,in squad,7,,False,0,0,0,0,0,0,0,,,,0,0
851779,Itay Buganim,2026-08-30T16:00:00+00:00,2026,ISR2,2,False,4963340,3,102847,away,51820,2,3,played,9,0,False,54,0,0,0,0,0,0,,,54,0,0
851779,Itay Buganim,2026-08-23T16:00:00+00:00,2026,ISR2,2,False,4963358,2,102847,home,70178,0,1,played,9,0,False,23,0,0,0,0,0,0,45,67,,0,0
851779,Itay Buganim,2026-08-18T16:30:00+00:00,2026,ISR2,2,False,4963299,1,102847,away,46771,6,2,played,9,0,False,26,1,0,0,0,0,0,,64,,0,0
411121,Roei Zikri,2026-08-23T16:00:00+00:00,2026,ISR2,2,False,4963358,2,70178,away,102847,1,0,played,21,0,False,67,0,0,0,0,0,0,,,67,0,0
411121,Roei Zikri,2026-08-18T16:30:00+00:00,2026,ISR2,2,False,4963300,1,70178,home,9095,1,4,played,21,0,False,62,0,0,0,0,0,0,,,62,0,0
731919,Mohammed Adams,2026-08-24T16:00:00+00:00,2026,ISR2,2,False,4963360,2,35110,away,2828,1,0,played,44,0,False,27,0,0,0,0,0,0,,63,,0,0
731919,Mohammed Adams,2026-08-18T16:30:00+00:00,2026,ISR2,2,False,4963298,1,35110,home,6105,2,0,not in squad,,,False,0,0,0,0,0,0,0,,,,0,0
912586,Niv Eliasi,2026-08-23T18:00:00+00:00,2026,GR1,1,False,4973522,1,2672,away,1091,0,4,played,55,1,False,90,0,0,0,0,0,0,,,,0,0
912586,Niv Eliasi,2026-08-18T18:00:00+00:00,2026,GRP,8,False,4983173,2,2672,home,6676,2,0,in squad,55,,False,0,0,0,0,0,0,0,,,,0,0
912586,Niv Eliasi,2026-07-29T17:30:00+00:00,2026,CLQ,10,False,4897905,4,2976,neutral,5849,2,0,not in squad,,,False,0,0,0,0,0,0,0,,,,0,0
912586,Niv Eliasi,2026-07-21T19:00:00+00:00,2026,CLQ,10,False,4897893,3,2976,away,5849,1,2,not in squad,,,False,0,0,0,0,0,0,0,,,,0,0
912586,Niv Eliasi,2026-07-16T16:30:00+00:00,2026,IRLP,9,False,4922229,1,2976,home,119,1,3,not in squad,,,False,0,0,0,0,0,0,0,,,,0,0
684998,Kings Kangwa,2026-08-27T17:00:00+00:00,2026,ECLQ,10,False,5013839,8,265,away,1897,2,1,not in squad,,,False,0,0,0,0,0,0,0,,,,0,0
684998,Kings Kangwa,2026-08-23T18:00:00+00:00,2026,GR1,1,False,4973520,1,265,home,30120,0,0,not in squad,,,False,0,0,0,0,0,0,0,,,,0,0
684998,Kings Kangwa,2026-08-20T18:30:00+00:00,2026,ECLQ,10,False,5013815,7,265,home,1897,2,2,not in squad,,,False,0,0,0,0,0,0,0,,,,0,0
684998,Kings Kangwa,2026-08-11T17:30:00+00:00,2026,ECLQ,10,False,4973754,6,265,away,61955,2,1,not in squad,,,False,0,0,0,0,0,0,0,,,,0,0
684998,Kings Kangwa,2026-08-05T18:30:00+00:00,2026,ECLQ,10,False,4973724,5,265,home,61955,1,1,not in squad,,,False,0,0,0,0,0,0,0,,,,0,0
684998,Kings Kangwa,2026-07-29T17:30:00+00:00,2026,CLQ,10,False,4897905,4,2976,neutral,5849,2,0,played,17,7,False,90,0,1,0,0,0,0,90,,,0,0
684998,Kings Kangwa,2026-07-21T19:00:00+00:00,2026,CLQ,10,False,4897893,3,2976,away,5849,1,2,played,17,7,False,71,1,0,0,0,0,0,41,,71,0,0
684998,Kings Kangwa,2026-07-16T16:30:00+00:00,2026,IRLP,9,False,4922229,1,2976,home,119,1,3,played,17,7,False,90,1,0,4,2,1,1,,,,0,0
1342363,Ofek Peretz,2026-08-30T16:00:00+00:00,2026,ISR2,2,False,4963344,3,7532,away,8907,2,0,not in squad,,,False,0,0,0,0,0,0,0,,,,0,0
1342363,Ofek Peretz,2026-08-23T16:00:00+00:00,2026,ISR2,2,False,4963354,2,7532,home,25067,1,4,played,26,0,False,59,0,0,0,0,0,0,,31,,0,0
1342363,Ofek Peretz,2026-08-18T16:30:00+00:00,2026,ISR2,2,False,4963303,1,7532,away,554,0,2,played,26,0,False,65,0,0,0,0,0,0,,,65,0,0
1342363,Ofek Peretz,2026-07-21T19:00:00+00:00,2026,CLQ,10,False,4897893,3,2976,away,5849,1,2,not in squad,,,False,0,0,0,0,0,0,0,,,,0,0
1342363,Ofek Peretz,2026-07-16T16:30:00+00:00,2026,IRLP,9,False,4922229,1,2976,home,119,1,3,not in squad,,,False,0,0,0,0,0,0,0,,,,0,0
1342367,Amir Sabag,2026-08-30T16:00:00+00:00,2026,ISR2,2,False,4963343,3,25067,home,25909,1,1,played,20,0,False,76,0,0,0,0,0,0,,,76,0,0
1342367,Amir Sabag,2026-08-23T16:00:00+00:00,2026,ISR2,2,False,4963354,2,25067,away,7532,4,1,played,20,0,False,79,1,0,0,0,0,0,60,,79,0,0
1342367,Amir Sabag,2026-08-18T16:30:00+00:00,2026,ISR2,2,False,4963304,1,25067,home,8907,0,2,played,20,0,False,73,0,0,0,0,0,0,,,73,0,0
1342367,Amir Sabag,2026-07-21T19:00:00+00:00,2026,CLQ,10,False,4897893,3,2976,away,5849,1,2,not in squad,,,False,0,0,0,0,0,0,0,,,,0,0
1342367,Amir Sabag,2026-07-16T16:30:00+00:00,2026,IRLP,9,False,4922229,1,2976,home,119,1,3,not in squad,,,False,0,0,0,0,0,0,0,,,,0,0
509301,Or Dadia,2026-08-29T17:00:00+00:00,2026,ISR1,1,False,4912899,2,3785,away,4769,2,1,played,30,3,False,90,0,0,0,0,0,0,,,,0,0
509301,Or Dadia,2026-08-22T17:00:00+00:00,2026,ISR1,1,False,4912927,1,3785,home,6028,2,1,played,30,0,False,5,0,0,0,0,0,0,,85,,0,0
509301,Or Dadia,2026-08-11T18:00:00+00:00,2026,CLQ,10,False,4973504,6,2976,away,159,2,0,not in squad,,,False,0,0,0,0,0,0,0,,,,0,0
509301,Or Dadia,2026-08-04T17:30:00+00:00,2026,CLQ,10,False,4973494,5,2976,neutral,159,1,0,not in squad,,,False,0,0,0,0,0,0,0,,,,0,0
509301,Or Dadia,2026-07-29T17:30:00+00:00,2026,CLQ,10,False,4897905,4,2976,neutral,5849,2,0,not in squad,,,False,0,0,0,0,0,0,0,,,,0,0
509301,Or Dadia,2026-07-21T19:00:00+00:00,2026,CLQ,10,False,4897893,3,2976,away,5849,1,2,not in squad,,,False,0,0,0,0,0,0,0,,,,0,0
509301,Or Dadia,2026-07-16T16:30:00+00:00,2026,IRLP,9,False,4922229,1,2976,home,119,1,3,not in squad,,,False,0,0,0,0,0,0,0,,,,0,0
775709,Georgiy Yermakov,2026-08-31T10:00:00+00:00,2026,UKR1,1,False,4974422,4,55686,away,10690,3,0,played,1,1,False,90,0,0,0,0,0,0,,,,0,0
775709,Georgiy Yermakov,2026-08-22T11:00:00+00:00,2026,UKRP,8,False,5022354,1,55686,away,144859,9,0,played,1,1,False,90,0,0,0,0,0,0,,,,0,0
775709,Georgiy Yermakov,2026-08-16T12:30:00+00:00,2026,UKR1,1,False,4974312,3,55686,home,660,0,1,played,1,1,False,90,0,0,0,0,0,0,,,,0,0
775709,Georgiy Yermakov,2026-08-10T12:30:00+00:00,2026,UKR1,1,False,4905665,2,55686,away,53646,1,3,played,1,1,False,90,0,0,0,0,0,0,,,,0,0
775709,Georgiy Yermakov,2026-08-01T12:30:00+00:00,2026,UKR1,1,False,4905658,1,55686,home,26459,1,0,played,1,1,False,90,0,0,0,0,0,0,,,,0,0
1002517,Adi Tzur,2026-08-30T16:00:00+00:00,2026,ISR2,2,False,4963344,3,7532,away,8907,2,0,played,8,0,False,20,0,0,0,0,0,0,,70,,0,0
1002517,Adi Tzur,2026-08-23T16:00:00+00:00,2026,ISR2,2,False,4963354,2,7532,home,25067,1,4,in squad,8,,False,0,0,0,0,0,0,0,,,,0,0
1002517,Adi Tzur,2026-08-18T16:30:00+00:00,2026,ISR2,2,False,4963303,1,7532,away,554,0,2,played,8,0,False,25,0,0,0,0,0,0,,65,,0,0
1476313,Abed Elmajeed Shadafna,2026-08-22T17:30:00+00:00,2026,ISR1,1,False,4912930,1,1064,home,2785,2,1,not in squad,,,False,0,0,0,0,0,0,0,,,,0,0
703416,Nehoray Ifrah,2026-08-30T16:00:00+00:00,2026,ISR2,2,False,4963340,3,102847,away,51820,2,3,played,26,0,False,13,0,0,0,0,0,0,,77,,0,0
703416,Nehoray Ifrah,2026-08-23T16:00:00+00:00,2026,ISR2,2,False,4963358,2,102847,home,70178,0,1,in squad,26,,False,0,0,0,0,0,0,0,,,,0,0
703416,Nehoray Ifrah,2026-08-18T16:30:00+00:00,2026,ISR2,2,False,4963299,1,102847,away,46771,6,2,played,26,0,False,15,0,0,0,0,0,0,87,75,,0,0
263843,Matías Nahuel,2026-08-29T12:15:00+00:00,2026,MYS1,1,False,4966066,2,15817,home,84287,7,0,played,77,11,False,56,0,0,0,0,0,0,22,,56,0,0
263843,Matías Nahuel,2026-08-26T12:15:00+00:00,2026,MYS1,1,False,4966061,6,15817,home,131732,9,0,played,77,10,False,20,1,0,0,0,0,0,,70,,0,0
263843,Matías Nahuel,2026-08-21T13:00:00+00:00,2026,MYS1,1,False,4966055,1,15817,home,62736,3,0,played,77,14,False,59,0,0,0,0,0,0,16,,59,0,0
1137553,Shon Ben Nesher,2026-08-30T16:00:00+00:00,2026,ISR2,2,False,4963344,3,8907,home,7532,0,2,in squad,22,,False,0,0,0,0,0,0,0,,,,0,0
1137553,Shon Ben Nesher,2026-08-23T16:00:00+00:00,2026,ISR2,2,False,4963353,2,8907,home,20857,2,3,in squad,22,,False,0,0,0,0,0,0,0,,,,0,0
1137553,Shon Ben Nesher,2026-08-18T16:30:00+00:00,2026,ISR2,2,False,4963304,1,8907,away,25067,2,0,in squad,22,,False,0,0,0,0,0,0,0,,,,0,0
1137553,Shon Ben Nesher,2026-07-23T18:30:00+00:00,2026,ECLQ,10,False,4897987,3,1017,neutral,31614,2,0,in squad,13,,False,0,0,0,0,0,0,0,,,,0,0
1002519,Yarin Shyovitz,2026-08-29T17:00:00+00:00,2026,ISR1,1,False,4912905,2,51070,away,6028,0,2,not in squad,,,False,0,0,0,0,0,0,0,,,,0,0
1002519,Yarin Shyovitz,2026-08-22T17:00:00+00:00,2026,ISR1,1,False,4912928,1,51070,home,262,1,0,not in squad,,,False,0,0,0,0,0,0,0,,,,0,0
1016139,Roey Levi,2026-08-30T16:00:00+00:00,2026,ISR2,2,False,4963338,3,46771,home,2828,1,2,played,3,0,False,90,0,0,0,0,0,0,,,,0,0
1016139,Roey Levi,2026-08-24T16:00:00+00:00,2026,ISR2,2,False,4963359,2,46771,away,6105,0,1,played,3,0,False,90,0,0,0,0,0,0,78,,,0,0
1016139,Roey Levi,2026-08-18T16:30:00+00:00,2026,ISR2,2,False,4963299,1,46771,home,102847,2,6,played,3,0,False,90,0,0,0,0,0,0,,,,0,0
1179996,Gyorgei Kopraba,2026-08-30T16:00:00+00:00,2026,ISR2,2,False,4963343,3,25067,home,25909,1,1,played,21,0,False,90,0,0,0,0,0,0,,,,0,0
1179996,Gyorgei Kopraba,2026-08-23T16:00:00+00:00,2026,ISR2,2,False,4963354,2,25067,away,7532,4,1,played,21,0,False,90,0,0,0,0,0,0,58,,,0,0
1179996,Gyorgei Kopraba,2026-08-18T16:30:00+00:00,2026,ISR2,2,False,4963304,1,25067,home,8907,0,2,played,21,0,False,90,0,0,0,0,0,0,90,,,0,0
926459,Yuval Cohen,2026-08-30T16:00:00+00:00,2026,ISR2,2,False,4963340,3,102847,away,51820,2,3,not in squad,,,False,0,0,0,0,0,0,0,,,,0,0
926459,Yuval Cohen,2026-08-23T16:00:00+00:00,2026,ISR2,2,False,4963358,2,102847,home,70178,0,1,played,11,0,False,23,0,0,0,0,0,0,,67,,0,0
926459,Yuval Cohen,2026-08-18T16:30:00+00:00,2026,ISR2,2,False,4963299,1,102847,away,46771,6,2,in squad,11,,False,0,0,0,0,0,0,0,,,,0,0
926459,Yuval Cohen,2026-07-23T18:30:00+00:00,2026,ECLQ,10,False,4897987,3,1017,neutral,31614,2,0,not in squad,,,False,0,0,0,0,0,0,0,,,,0,0
1341621,Ofek Mishan,2026-08-30T16:00:00+00:00,2026,ISR2,2,False,4963344,3,8907,home,7532,0,2,played,20,0,False,32,0,0,0,0,0,0,,58,,0,0
1341621,Ofek Mishan,2026-08-23T16:00:00+00:00,2026,ISR2,2,False,4963353,2,8907,home,20857,2,3,played,20,0,False,66,0,0,0,0,0,0,,,66,0,0
1341621,Ofek Mishan,2026-08-18T16:30:00+00:00,2026,ISR2,2,False,4963304,1,8907,away,25067,2,0,played,20,0,False,77,0,0,0,0,0,0,,,77,0,0
1393998,Daniel Atlan,2026-08-23T16:00:00+00:00,2026,ISR2,2,False,4963353,2,20857,away,8907,3,2,played,31,0,False,65,0,0,0,0,0,0,,,65,0,0
1393998,Daniel Atlan,2026-08-18T16:30:00+00:00,2026,ISR2,2,False,4963297,1,20857,home,2828,2,0,played,31,0,False,85,0,0,0,0,0,0,36,,85,0,0
1502828,Liam Shahar,2026-08-30T16:00:00+00:00,2026,ISR2,2,False,4963344,3,8907,home,7532,0,2,in squad,4,,False,0,0,0,0,0,0,0,,,,0,0
1502828,Liam Shahar,2026-08-23T16:00:00+00:00,2026,ISR2,2,False,4963353,2,8907,home,20857,2,3,in squad,4,,False,0,0,0,0,0,0,0,,,,0,0
1502828,Liam Shahar,2026-08-18T16:30:00+00:00,2026,ISR2,2,False,4963304,1,8907,away,25067,2,0,in squad,4,,False,0,0,0,0,0,0,0,,,,0,0
1210932,Nir Gueta,2026-08-23T16:00:00+00:00,2026,ISR2,2,False,4963358,2,70178,away,102847,1,0,played,19,0,False,72,0,0,0,0,0,0,,,72,0,0
1210932,Nir Gueta,2026-08-18T16:30:00+00:00,2026,ISR2,2,False,4963300,1,70178,home,9095,1,4,played,19,0,False,28,0,0,0,0,0,0,,62,,0,0
1138608,Ilay Tzeiri,2026-08-30T16:00:00+00:00,2026,ISR2,2,False,4963342,3,51930,away,554,1,2,played,33,0,False,90,0,0,0,0,0,0,,,,0,0
1138608,Ilay Tzeiri,2026-08-23T16:00:00+00:00,2026,ISR2,2,False,4963356,2,51930,home,6025,4,0,played,33,0,False,90,1,0,0,0,0,0,,,,0,0
1138608,Ilay Tzeiri,2026-08-18T16:30:00+00:00,2026,ISR2,2,False,4963301,1,51930,away,51820,0,2,played,33,0,False,90,0,0,0,0,0,0,,,,0,0
347272,Matan Hozez,2026-08-29T17:00:00+00:00,2026,ISR1,1,False,4912902,2,2785,home,2976,1,2,played,28,0,False,14,1,0,1,1,0,0,,76,,0,0
347272,Matan Hozez,2026-08-22T17:30:00+00:00,2026,ISR1,1,False,4912930,1,2785,away,1064,1,2,not in squad,,,False,0,0,0,0,0,0,0,,,,0,0
743041,Innocent Kingsley,2026-08-24T16:00:00+00:00,2026,ISR2,2,False,4963360,2,35110,away,2828,1,0,played,17,0,False,90,0,0,0,0,0,0,,,,0,0
743041,Innocent Kingsley,2026-08-18T16:30:00+00:00,2026,ISR2,2,False,4963298,1,35110,home,6105,2,0,played,17,0,False,89,0,0,0,0,0,0,,,89,0,0
872980,Itay Zada,2026-08-30T16:00:00+00:00,2026,ISR2,2,False,4963338,3,46771,home,2828,1,2,not in squad,,,False,0,0,0,0,0,0,0,,,,0,0
872980,Itay Zada,2026-08-24T16:00:00+00:00,2026,ISR2,2,False,4963359,2,46771,away,6105,0,1,not in squad,,,False,0,0,0,0,0,0,0,,,,0,0
872980,Itay Zada,2026-08-18T16:30:00+00:00,2026,ISR2,2,False,4963299,1,46771,home,102847,2,6,not in squad,,,False,0,0,0,0,0,0,0,,,,0,0
1053782,Omer Abuhav,2026-08-29T17:00:00+00:00,2026,ISR1,1,False,4912904,2,43119,away,262,0,1,in squad,14,,False,0,0,0,0,0,0,0,,,,0,0
1053782,Omer Abuhav,2026-08-23T17:15:00+00:00,2026,ISR1,1,False,4912929,1,43119,home,119,2,5,played,14,7,False,45,0,0,0,0,0,0,,,46,0,0
1002506,Adir Waheb,2026-08-30T16:00:00+00:00,2026,ISR2,2,False,4963344,3,7532,away,8907,2,0,played,4,0,True,90,0,0,0,0,0,0,,,,0,0
1002506,Adir Waheb,2026-08-23T16:00:00+00:00,2026,ISR2,2,False,4963354,2,7532,home,25067,1,4,played,4,0,False,90,0,0,0,0,0,0,,,,0,0
1002506,Adir Waheb,2026-08-18T16:30:00+00:00,2026,ISR2,2,False,4963303,1,7532,away,554,0,2,played,4,0,False,90,0,0,0,0,0,0,,,,0,0
713005,Daniel Joulani,2026-08-29T17:00:00+00:00,2026,ISR1,1,False,4912905,2,51070,away,6028,0,2,played,47,6,False,41,0,0,0,0,0,0,,,41,0,0
713005,Daniel Joulani,2026-08-22T17:00:00+00:00,2026,ISR1,1,False,4912928,1,51070,home,262,1,0,played,47,6,False,64,0,0,0,0,0,0,,,64,0,0
211845,Yonas Malede,2026-08-29T17:00:00+00:00,2026,ISR1,1,False,4912902,2,2976,away,2785,2,1,played,14,0,False,30,0,0,0,0,0,0,,60,,0,0
211845,Yonas Malede,2026-08-25T16:45:00+00:00,2026,CLQ,10,False,5013655,8,2976,away,63993,2,5,played,14,14,False,42,0,0,1,0,1,0,92,78,,0,0
211845,Yonas Malede,2026-08-19T19:00:00+00:00,2026,CLQ,10,False,5013628,7,2976,neutral,63993,2,1,played,14,14,False,5,0,0,0,0,0,0,,85,,0,0
211845,Yonas Malede,2026-08-13T18:00:00+00:00,2026,ELQ,10,False,4973715,6,119,away,208,3,1,not in squad,,,False,0,0,0,0,0,0,0,,,,0,0
211845,Yonas Malede,2026-08-06T16:00:00+00:00,2026,ELQ,10,False,4973702,5,119,neutral,208,0,3,not in squad,,,False,0,0,0,0,0,0,0,,,,0,0
211845,Yonas Malede,2026-07-30T16:00:00+00:00,2026,ELQ,10,False,4897952,4,119,neutral,2481,1,0,not in squad,,,False,0,0,0,0,0,0,0,,,,0,0
211845,Yonas Malede,2026-07-23T17:00:00+00:00,2026,ELQ,10,False,4897943,3,119,away,2481,5,0,not in squad,,,False,0,0,0,0,0,0,0,,,,0,0
211845,Yonas Malede,2026-07-16T16:30:00+00:00,2026,IRLP,9,False,4922229,1,119,away,2976,3,1,not in squad,,,False,0,0,0,0,0,0,0,,,,0,0
992532,Pedrinho,2026-08-30T13:55:00+00:00,2026,UAE1,1,False,5022616,3,17195,home,13613,0,3,played,9,0,False,23,0,0,0,0,0,0,,67,,0,0
992532,Pedrinho,2026-08-22T14:00:00+00:00,2026,UAE1,1,False,5022606,2,17195,away,24724,3,4,played,9,11,False,78,0,0,1,1,0,0,,,78,0,0
992532,Pedrinho,2026-08-16T14:10:00+00:00,2026,UAE1,1,False,5022600,1,17195,home,2524,0,2,played,9,11,False,88,0,0,0,0,0,0,,,88,0,0
1305242,Yoav Koren,2026-08-29T17:00:00+00:00,2026,ISR1,1,False,4912899,2,3785,away,4769,2,1,in squad,27,,False,0,0,0,0,0,0,0,,,,0,0
1305242,Yoav Koren,2026-08-22T17:00:00+00:00,2026,ISR1,1,False,4912927,1,3785,home,6028,2,1,in squad,27,,False,0,0,0,0,0,0,0,,,,0,0
1305242,Yoav Koren,2026-08-11T18:00:00+00:00,2026,CLQ,10,False,4973504,6,2976,away,159,2,0,in squad,21,,False,0,0,0,0,0,0,0,,,,0,0
1305242,Yoav Koren,2026-08-04T17:30:00+00:00,2026,CLQ,10,False,4973494,5,2976,neutral,159,1,0,in squad,21,,False,0,0,0,0,0,0,0,,,,0,0
1305242,Yoav Koren,2026-07-29T17:30:00+00:00,2026,CLQ,10,False,4897905,4,2976,neutral,5849,2,0,in squad,21,,False,0,0,0,0,0,0,0,,,,0,0
1305242,Yoav Koren,2026-07-21T19:00:00+00:00,2026,CLQ,10,False,4897893,3,2976,away,5849,1,2,in squad,21,,False,0,0,0,0,0,0,0,,,,0,0
1305242,Yoav Koren,2026-07-16T16:30:00+00:00,2026,IRLP,9,False,4922229,1,2976,home,119,1,3,in squad,21,,False,0,0,0,0,0,0,0,,,,0,0
620914,Omer Nir'on,2026-08-22T17:30:00+00:00,2026,ISR1,1,False,4912930,1,1064,home,2785,2,1,not in squad,,,False,0,0,0,0,0,0,0,,,,0,0
1002513,Itay Ehud,2026-08-29T17:00:00+00:00,2026,ISR1,1,False,4912904,2,262,home,43119,1,0,played,6,0,False,19,0,0,0,0,0,0,,71,,0,0
1002513,Itay Ehud,2026-08-22T17:00:00+00:00,2026,ISR1,1,False,4912928,1,262,away,51070,0,1,in squad,6,,False,0,0,0,0,0,0,0,,,,0,0
1074456,Noam Schwartz,2026-08-29T17:00:00+00:00,2026,ISR1,1,False,4912902,2,2785,home,2976,1,2,played,15,5,False,76,0,0,0,0,0,0,,,76,0,0
1074456,Noam Schwartz,2026-08-22T17:30:00+00:00,2026,ISR1,1,False,4912930,1,2785,away,1064,1,2,played,15,0,False,45,0,0,0,0,0,0,,46,,0,0
1074456,Noam Schwartz,2026-08-13T18:00:00+00:00,2026,ELQ,10,False,4973715,6,119,away,208,3,1,in squad,24,,False,0,0,0,0,0,0,0,,,,0,0
1074456,Noam Schwartz,2026-08-06T16:00:00+00:00,2026,ELQ,10,False,4973702,5,119,neutral,208,0,3,in squad,24,,False,0,0,0,0,0,0,0,,,,0,0
1074456,Noam Schwartz,2026-07-30T16:00:00+00:00,2026,ELQ,10,False,4897952,4,119,neutral,2481,1,0,in squad,24,,False,0,0,0,0,0,0,0,,,,0,0
1074456,Noam Schwartz,2026-07-23T17:00:00+00:00,2026,ELQ,10,False,4897943,3,119,away,2481,5,0,in squad,24,,False,0,0,0,0,0,0,0,,,,0,0
1074456,Noam Schwartz,2026-07-16T16:30:00+00:00,2026,IRLP,9,False,4922229,1,119,away,2976,3,1,in squad,24,,False,0,0,0,0,0,0,0,,,,0,0
976921,Mor Siman Tov,2026-08-29T17:00:00+00:00,2026,ISR1,1,False,4912905,2,6028,home,51070,2,0,played,16,0,False,12,0,0,1,1,0,0,,78,,0,0
976921,Mor Siman Tov,2026-08-22T17:00:00+00:00,2026,ISR1,1,False,4912927,1,6028,away,3785,1,2,played,16,0,False,13,0,0,0,0,0,0,,77,,0,0
976921,Mor Siman Tov,2026-08-11T18:00:00+00:00,2026,CLQ,10,False,4973504,6,2976,away,159,2,0,not in squad,,,False,0,0,0,0,0,0,0,,,,0,0
976921,Mor Siman Tov,2026-08-04T17:30:00+00:00,2026,CLQ,10,False,4973494,5,2976,neutral,159,1,0,not in squad,,,False,0,0,0,0,0,0,0,,,,0,0
976921,Mor Siman Tov,2026-07-29T17:30:00+00:00,2026,CLQ,10,False,4897905,4,2976,neutral,5849,2,0,not in squad,,,False,0,0,0,0,0,0,0,,,,0,0
976921,Mor Siman Tov,2026-07-21T19:00:00+00:00,2026,CLQ,10,False,4897893,3,2976,away,5849,1,2,not in squad,,,False,0,0,0,0,0,0,0,,,,0,0
976921,Mor Siman Tov,2026-07-16T16:30:00+00:00,2026,IRLP,9,False,4922229,1,2976,home,119,1,3,not in squad,,,False,0,0,0,0,0,0,0,,,,0,0
930549,Orel Baye,2026-08-30T16:00:00+00:00,2026,ISR2,2,False,4963340,3,51820,home,102847,3,2,played,9,0,False,65,0,0,0,0,0,0,,,65,0,0
930549,Orel Baye,2026-08-23T16:00:00+00:00,2026,ISR2,2,False,4963357,2,51820,away,9095,1,3,played,9,0,False,65,1,0,0,0,0,0,,,65,0,0
930549,Orel Baye,2026-08-18T16:30:00+00:00,2026,ISR2,2,False,4963301,1,51820,home,51930,2,0,played,9,0,False,68,0,0,0,0,0,0,13,,68,0,0
930549,Orel Baye,2026-08-13T18:00:00+00:00,2026,ELQ,10,False,4973715,6,119,away,208,3,1,not in squad,,,False,0,0,0,0,0,0,0,,,,0,0
930549,Orel Baye,2026-08-06T16:00:00+00:00,2026,ELQ,10,False,4973702,5,119,neutral,208,0,3,not in squad,,,False,0,0,0,0,0,0,0,,,,0,0
930549,Orel Baye,2026-07-30T16:00:00+00:00,2026,ELQ,10,False,4897952,4,119,neutral,2481,1,0,not in squad,,,False,0,0,0,0,0,0,0,,,,0,0
930549,Orel Baye,2026-07-23T17:00:00+00:00,2026,ELQ,10,False,4897943,3,119,away,2481,5,0,not in squad,,,False,0,0,0,0,0,0,0,,,,0,0
930549,Orel Baye,2026-07-16T16:30:00+00:00,2026,IRLP,9,False,4922229,1,119,away,2976,3,1,not in squad,,,False,0,0,0,0,0,0,0,,,,0,0
947166,Henry Addo,2026-08-28T17:00:00+00:00,2026,PO2,2,False,4938938,4,7179,away,2639,0,2,not in squad,,,False,0,0,0,0,0,0,0,,,,0,0
947166,Henry Addo,2026-08-21T19:15:00+00:00,2026,PO2,2,False,4938950,3,7179,home,2990,0,2,not in squad,,,False,0,0,0,0,0,0,0,,,,0,0
947166,Henry Addo,2026-08-13T18:00:00+00:00,2026,ELQ,10,False,4973715,6,119,away,208,3,1,not in squad,,,False,0,0,0,0,0,0,0,,,,0,0
947166,Henry Addo,2026-08-06T16:00:00+00:00,2026,ELQ,10,False,4973702,5,119,neutral,208,0,3,not in squad,,,False,0,0,0,0,0,0,0,,,,0,0
947166,Henry Addo,2026-07-30T16:00:00+00:00,2026,ELQ,10,False,4897952,4,119,neutral,2481,1,0,not in squad,,,False,0,0,0,0,0,0,0,,,,0,0
947166,Henry Addo,2026-07-23T17:00:00+00:00,2026,ELQ,10,False,4897943,3,119,away,2481,5,0,not in squad,,,False,0,0,0,0,0,0,0,,,,0,0
947166,Henry Addo,2026-07-16T16:30:00+00:00,2026,IRLP,9,False,4922229,1,119,away,2976,3,1,not in squad,,,False,0,0,0,0,0,0,0,,,,0,0
1123857,Ofer Gelbard,2026-08-30T16:00:00+00:00,2026,ISR2,2,False,4963344,3,7532,away,8907,2,0,not in squad,,,False,0,0,0,0,0,0,0,,,,0,0
1123857,Ofer Gelbard,2026-08-23T16:00:00+00:00,2026,ISR2,2,False,4963354,2,7532,home,25067,1,4,played,92,0,False,31,0,0,0,0,0,0,,,31,0,0
1123857,Ofer Gelbard,2026-08-20T18:30:00+00:00,2026,ECLQ,10,False,5013818,7,1017,away,800,0,0,not in squad,,,False,0,0,0,0,0,0,0,,,,0,0
1123857,Ofer Gelbard,2026-08-12T16:00:00+00:00,2026,ECLQ,10,False,4973761,6,1017,away,6456,1,2,not in squad,,,False,0,0,0,0,0,0,0,,,,0,0
1123857,Ofer Gelbard,2026-08-06T18:00:00+00:00,2026,ECLQ,10,False,4973731,5,1017,neutral,6456,2,0,not in squad,,,False,0,0,0,0,0,0,0,,,,0,0
1123857,Ofer Gelbard,2026-07-30T18:00:00+00:00,2026,ECLQ,10,False,4898025,4,1017,away,31614,2,2,in squad,92,,False,0,0,0,0,0,0,0,,,,0,0
1123857,Ofer Gelbard,2026-07-23T18:30:00+00:00,2026,ECLQ,10,False,4897987,3,1017,neutral,31614,2,0,not in squad,,,False,0,0,0,0,0,0,0,,,,0,0
666592,Peter Agba,2026-08-30T14:30:00+00:00,2026,UNG1,1,False,4944292,6,6055,away,30613,1,1,played,7,6,False,66,0,0,3,0,2,1,48,,66,0,0
666592,Peter Agba,2026-08-23T15:30:00+00:00,2026,UNG1,1,False,4944291,5,6055,home,1391,3,0,played,7,0,False,18,0,0,0,0,0,0,,72,,0,0
1138609,Ran Meir,2026-08-30T16:00:00+00:00,2026,ISR2,2,False,4963340,3,102847,away,51820,2,3,played,55,0,False,64,0,0,0,0,0,0,,26,,0,0
1138609,Ran Meir,2026-08-23T16:00:00+00:00,2026,ISR2,2,False,4963358,2,102847,home,70178,0,1,played,55,0,False,45,0,0,0,0,0,0,,46,,0,0
1138609,Ran Meir,2026-08-18T16:30:00+00:00,2026,ISR2,2,False,4963299,1,102847,away,46771,6,2,played,55,0,False,45,0,1,0,0,0,0,,46,,0,0
1516373,Ben Zaid,2026-08-30T17:15:00+00:00,2026,ISR1,1,False,4912901,2,1017,away,810,0,0,not in squad,,,False,0,0,0,0,0,0,0,,,,0,0
1516373,Ben Zaid,2026-08-27T18:00:00+00:00,2026,ECLQ,10,False,5013842,8,1017,neutral,800,0,1,not in squad,,,False,0,0,0,0,0,0,0,,,,0,0
1516373,Ben Zaid,2026-08-20T18:30:00+00:00,2026,ECLQ,10,False,5013818,7,1017,away,800,0,0,not in squad,,,False,0,0,0,0,0,0,0,,,,0,0
1516373,Ben Zaid,2026-08-12T16:00:00+00:00,2026,ECLQ,10,False,4973761,6,1017,away,6456,1,2,not in squad,,,False,0,0,0,0,0,0,0,,,,0,0
1516373,Ben Zaid,2026-08-06T18:00:00+00:00,2026,ECLQ,10,False,4973731,5,1017,neutral,6456,2,0,not in squad,,,False,0,0,0,0,0,0,0,,,,0,0
1516373,Ben Zaid,2026-07-30T18:00:00+00:00,2026,ECLQ,10,False,4898025,4,1017,away,31614,2,2,not in squad,,,False,0,0,0,0,0,0,0,,,,0,0
1516373,Ben Zaid,2026-07-23T18:30:00+00:00,2026,ECLQ,10,False,4897987,3,1017,neutral,31614,2,0,not in squad,,,False,0,0,0,0,0,0,0,,,,0,0
703461,Amir Altoury,2026-08-30T16:00:00+00:00,2026,ISR2,2,False,4963343,3,25909,away,25067,1,1,played,11,0,False,69,0,0,0,0,0,0,66,,69,0,0
703461,Amir Altoury,2026-08-24T16:00:00+00:00,2026,ISR2,2,False,4963355,2,25909,home,554,1,2,played,11,0,False,90,0,0,0,0,0,0,,,,0,0
703461,Amir Altoury,2026-08-18T16:30:00+00:00,2026,ISR2,2,False,4963302,1,25909,away,6025,2,0,played,11,0,False,76,0,0,0,0,0,0,,,76,0,0
713008,Moshe Meir,2026-08-29T17:00:00+00:00,2026,ISR1,1,False,4912904,2,262,home,43119,1,0,played,66,0,False,4,0,0,0,0,0,0,,86,,0,0
713008,Moshe Meir,2026-08-22T17:00:00+00:00,2026,ISR1,1,False,4912928,1,262,away,51070,0,1,in squad,66,,False,0,0,0,0,0,0,0,,,,0,0
1351860,Ido Tassa,2026-08-30T16:00:00+00:00,2026,ISR2,2,False,4963343,3,25909,away,25067,1,1,played,18,0,False,90,0,0,0,0,0,0,,,,0,0
1351860,Ido Tassa,2026-08-24T16:00:00+00:00,2026,ISR2,2,False,4963355,2,25909,home,554,1,2,played,18,0,False,23,0,0,0,0,0,0,,67,,0,0
1354448,Liam Aluk,2026-08-30T16:00:00+00:00,2026,ISR2,2,False,4963340,3,102847,away,51820,2,3,played,11,0,False,36,0,0,0,0,0,0,,54,,0,0
1354448,Liam Aluk,2026-08-22T17:30:00+00:00,2026,ISR1,1,False,4912930,1,2785,away,1064,1,2,not in squad,,,False,0,0,0,0,0,0,0,,,,0,0
1559248,Tedros Demelash,2026-08-30T16:00:00+00:00,2026,ISR2,2,False,4963343,3,25909,away,25067,1,1,played,7,0,False,21,0,0,0,0,0,0,,69,,0,0
1559248,Tedros Demelash,2026-08-22T17:00:00+00:00,2026,ISR1,1,False,4912928,1,262,away,51070,0,1,not in squad,,,False,0,0,0,0,0,0,0,,,,0,0
1115643,Roy Sason,2026-08-23T16:00:00+00:00,2026,ISR2,2,False,4963358,2,70178,away,102847,1,0,played,98,0,False,90,0,0,0,0,0,0,,,,0,0
555831,Marco Wolff,2026-08-29T17:00:00+00:00,2026,ISR1,1,False,4912902,2,2976,away,2785,2,1,in squad,34,,False,0,0,0,0,0,0,0,,,,0,0
555831,Marco Wolff,2026-08-25T16:45:00+00:00,2026,CLQ,10,False,5013655,8,2976,away,63993,2,5,in squad,34,,False,0,0,0,0,0,0,0,,,,0,0
555831,Marco Wolff,2026-08-19T19:00:00+00:00,2026,CLQ,10,False,5013628,7,2976,neutral,63993,2,1,in squad,34,,False,0,0,0,0,0,0,0,,,,0,0
555831,Marco Wolff,2026-08-11T18:00:00+00:00,2026,CLQ,10,False,4973504,6,2976,away,159,2,0,in squad,34,,False,0,0,0,0,0,0,0,,,,0,0
555831,Marco Wolff,2026-08-04T17:30:00+00:00,2026,CLQ,10,False,4973494,5,2976,neutral,159,1,0,in squad,34,,False,0,0,0,0,0,0,0,,,,0,0
555831,Marco Wolff,2026-07-29T17:30:00+00:00,2026,CLQ,10,False,4897905,4,2976,neutral,5849,2,0,in squad,34,,False,0,0,0,0,0,0,0,,,,0,0
555831,Marco Wolff,2026-07-21T19:00:00+00:00,2026,CLQ,10,False,4897893,3,2976,away,5849,1,2,in squad,34,,False,0,0,0,0,0,0,0,,,,0,0
555831,Marco Wolff,2026-07-16T16:30:00+00:00,2026,IRLP,9,False,4922229,1,2976,home,119,1,3,in squad,34,,False,0,0,0,0,0,0,0,,,,0,0
112008,Ofir Marciano,2026-08-29T17:00:00+00:00,2026,ISR1,1,False,4912902,2,2976,away,2785,2,1,played,1,1,False,90,0,0,0,0,0,0,,,,0,0
112008,Ofir Marciano,2026-08-25T16:45:00+00:00,2026,CLQ,10,False,5013655,8,2976,away,63993,2,5,played,1,1,False,120,0,0,0,0,0,0,,,,0,0
112008,Ofir Marciano,2026-08-19T19:00:00+00:00,2026,CLQ,10,False,5013628,7,2976,neutral,63993,2,1,played,1,1,False,90,0,0,0,0,0,0,,,,0,0
112008,Ofir Marciano,2026-08-11T18:00:00+00:00,2026,CLQ,10,False,4973504,6,2976,away,159,2,0,played,1,1,False,90,0,0,0,0,0,0,,,,0,0
112008,Ofir Marciano,2026-08-04T17:30:00+00:00,2026,CLQ,10,False,4973494,5,2976,neutral,159,1,0,played,1,1,False,90,0,0,0,0,0,0,,,,0,0
112008,Ofir Marciano,2026-07-29T17:30:00+00:00,2026,CLQ,10,False,4897905,4,2976,neutral,5849,2,0,played,1,1,False,90,0,0,0,0,0,0,90,,,0,0
112008,Ofir Marciano,2026-07-21T19:00:00+00:00,2026,CLQ,10,False,4897893,3,2976,away,5849,1,2,played,1,1,False,90,0,0,0,0,0,0,,,,0,0
112008,Ofir Marciano,2026-07-16T16:30:00+00:00,2026,IRLP,9,False,4922229,1,2976,home,119,1,3,played,1,1,False,90,0,0,0,0,0,0,,,,0,0
1159590,Yonatan Shani,2026-08-29T17:00:00+00:00,2026,ISR1,1,False,4912902,2,2976,away,2785,2,1,in squad,36,,False,0,0,0,0,0,0,0,,,,0,0
1159590,Yonatan Shani,2026-08-25T16:45:00+00:00,2026,CLQ,10,False,5013655,8,2976,away,63993,2,5,not in squad,,,False,0,0,0,0,0,0,0,,,,0,0
1159590,Yonatan Shani,2026-08-19T19:00:00+00:00,2026,CLQ,10,False,5013628,7,2976,neutral,63993,2,1,not in squad,,,False,0,0,0,0,0,0,0,,,,0,0
1159590,Yonatan Shani,2026-08-11T18:00:00+00:00,2026,CLQ,10,False,4973504,6,2976,away,159,2,0,in squad,36,,False,0,0,0,0,0,0,0,,,,0,0
1159590,Yonatan Shani,2026-08-04T17:30:00+00:00,2026,CLQ,10,False,4973494,5,2976,neutral,159,1,0,not in squad,,,False,0,0,0,0,0,0,0,,,,0,0
1159590,Yonatan Shani,2026-07-29T17:30:00+00:00,2026,CLQ,10,False,4897905,4,2976,neutral,5849,2,0,not in squad,,,False,0,0,0,0,0,0,0,,,,0,0
1159590,Yonatan Shani,2026-07-21T19:00:00+00:00,2026,CLQ,10,False,4897893,3,2976,away,5849,1,2,not in squad,,,False,0,0,0,0,0,0,0,,,,0,0
1159590,Yonatan Shani,2026-07-16T16:30:00+00:00,2026,IRLP,9,False,4922229,1,2976,home,119,1,3,not in squad,,,False,0,0,0,0,0,0,0,,,,0,0
564544,Pedro Amador,2026-08-29T17:00:00+00:00,2026,ISR1,1,False,4912902,2,2976,away,2785,2,1,played,5,4,False,80,0,0,2,0,1,1,,,80,0,0
564544,Pedro Amador,2026-08-25T16:45:00+00:00,2026,CLQ,10,False,5013655,8,2976,away,63993,2,5,played,5,4,False,120,0,0,0,0,0,0,,,,0,0
564544,Pedro Amador,2026-08-19T19:00:00+00:00,2026,CLQ,10,False,5013628,7,2976,neutral,63993,2,1,played,5,4,False,90,0,0,1,0,0,1,,,,0,0
564544,Pedro Amador,2026-08-11T18:00:00+00:00,2026,CLQ,10,False,4973504,6,2976,away,159,2,0,played,5,4,False,90,0,0,0,0,0,0,,,90,0,0
564544,Pedro Amador,2026-08-04T17:30:00+00:00,2026,CLQ,10,False,4973494,5,2976,neutral,159,1,0,played,5,0,False,27,0,0,0,0,0,0,,63,,0,0
564544,Pedro Amador,2026-07-29T17:30:00+00:00,2026,CLQ,10,False,4897905,4,2976,neutral,5849,2,0,not in squad,,,False,0,0,0,0,0,0,0,,,,0,0
704071,Guy Mizrahi,2026-08-29T17:00:00+00:00,2026,ISR1,1,False,4912902,2,2976,away,2785,2,1,played,2,5,False,90,0,0,3,1,0,2,66,,,0,0
704071,Guy Mizrahi,2026-08-25T16:45:00+00:00,2026,CLQ,10,False,5013655,8,2976,away,63993,2,5,played,2,5,False,78,1,0,1,1,0,0,,,78,0,0
704071,Guy Mizrahi,2026-08-19T19:00:00+00:00,2026,CLQ,10,False,5013628,7,2976,neutral,63993,2,1,played,2,5,False,90,0,0,1,0,1,0,,,,0,0
704071,Guy Mizrahi,2026-08-11T18:00:00+00:00,2026,CLQ,10,False,4973504,6,2976,away,159,2,0,played,2,5,False,66,0,0,0,0,0,0,,,66,0,0
704071,Guy Mizrahi,2026-08-04T17:30:00+00:00,2026,CLQ,10,False,4973494,5,2976,neutral,159,1,0,played,2,5,False,63,0,0,0,0,0,0,,,63,0,0
704071,Guy Mizrahi,2026-07-29T17:30:00+00:00,2026,CLQ,10,False,4897905,4,2976,neutral,5849,2,0,played,2,5,False,90,0,1,0,0,0,0,,,,0,0
704071,Guy Mizrahi,2026-07-21T19:00:00+00:00,2026,CLQ,10,False,4897893,3,2976,away,5849,1,2,played,2,5,False,90,0,0,0,0,0,0,,,,0,0
704071,Guy Mizrahi,2026-07-16T16:30:00+00:00,2026,IRLP,9,False,4922229,1,2976,home,119,1,3,played,2,5,False,61,0,0,0,0,0,0,,,61,0,0
568733,Djibril Diop,2026-08-29T17:00:00+00:00,2026,ISR1,1,False,4912902,2,2976,away,2785,2,1,played,44,3,False,68,0,0,0,0,0,0,,,68,0,0
568733,Djibril Diop,2026-08-25T16:45:00+00:00,2026,CLQ,10,False,5013655,8,2976,away,63993,2,5,played,44,3,False,54,0,0,0,0,0,0,89,46,,0,0
568733,Djibril Diop,2026-08-19T19:00:00+00:00,2026,CLQ,10,False,5013628,7,2976,neutral,63993,2,1,in squad,44,,False,0,0,0,0,0,0,0,,,,0,0
568733,Djibril Diop,2026-08-11T18:00:00+00:00,2026,CLQ,10,False,4973504,6,2976,away,159,2,0,played,44,0,False,14,0,0,0,0,0,0,,76,,0,0
568733,Djibril Diop,2026-08-04T17:30:00+00:00,2026,CLQ,10,False,4973494,5,2976,neutral,159,1,0,played,44,0,False,27,0,0,0,0,0,0,,63,,0,0
568733,Djibril Diop,2026-07-29T17:30:00+00:00,2026,CLQ,10,False,4897905,4,2976,neutral,5849,2,0,played,44,3,False,36,0,0,0,0,0,0,,,36,0,0
568733,Djibril Diop,2026-07-21T19:00:00+00:00,2026,CLQ,10,False,4897893,3,2976,away,5849,1,2,played,44,3,False,90,0,0,0,0,0,0,,,,0,0
568733,Djibril Diop,2026-07-16T16:30:00+00:00,2026,IRLP,9,False,4922229,1,2976,home,119,1,3,not in squad,,,False,0,0,0,0,0,0,0,,,,0,0
408422,Idan Nachmias,2026-08-30T16:00:00+00:00,2026,BU1,1,False,4909920,7,31614,away,9599,1,1,not in squad,,,False,0,0,0,0,0,0,0,,,,0,0
408422,Idan Nachmias,2026-08-22T16:00:00+00:00,2026,BU1,1,False,4909864,6,31614,home,675,1,1,in squad,55,,False,0,0,0,0,0,0,0,,,,0,0
408422,Idan Nachmias,2026-08-15T18:15:00+00:00,2026,BU1,1,False,4909899,5,31614,home,2531,2,0,in squad,55,,False,0,0,0,0,0,0,0,,,,0,0
408422,Idan Nachmias,2026-08-09T16:00:00+00:00,2026,BU1,1,False,4909882,4,31614,away,967,3,2,not in squad,,,False,0,0,0,0,0,0,0,,,,0,0
408422,Idan Nachmias,2026-08-02T16:00:00+00:00,2026,BU1,1,False,4909878,3,31614,home,26462,2,1,played,55,0,False,45,0,0,0,0,0,0,,46,,0,0
408422,Idan Nachmias,2026-07-30T18:00:00+00:00,2026,ECLQ,10,False,4898025,4,31614,home,1017,2,2,in squad,55,,False,0,0,0,0,0,0,0,25,,,0,0
408422,Idan Nachmias,2026-07-27T16:00:00+00:00,2026,BU1,1,False,4909870,2,31614,away,19780,2,0,played,55,3,False,90,0,0,0,0,0,0,82,,,0,0
408422,Idan Nachmias,2026-07-23T18:30:00+00:00,2026,ECLQ,10,False,4897987,3,31614,neutral,1017,0,2,played,55,0,False,14,0,0,0,0,0,0,,76,,0,0
408422,Idan Nachmias,2026-07-18T18:15:00+00:00,2026,BU1,1,False,4909856,1,31614,home,2259,1,0,played,55,3,False,90,0,0,0,0,0,0,,,,0,0
713007,Itay Rotman,2026-08-29T17:00:00+00:00,2026,ISR1,1,False,4912902,2,2976,away,2785,2,1,played,12,3,False,90,0,0,3,0,2,1,,,,0,0
713007,Itay Rotman,2026-08-25T16:45:00+00:00,2026,CLQ,10,False,5013655,8,2976,away,63993,2,5,played,12,3,False,101,0,0,1,0,1,0,,,101,0,0
713007,Itay Rotman,2026-08-19T19:00:00+00:00,2026,CLQ,10,False,5013628,7,2976,neutral,63993,2,1,played,12,3,False,90,0,0,0,0,0,0,77,,,0,0
713007,Itay Rotman,2026-08-11T18:00:00+00:00,2026,CLQ,10,False,4973504,6,2976,away,159,2,0,played,12,3,False,90,0,0,0,0,0,0,22,,,0,0
713007,Itay Rotman,2026-08-04T17:30:00+00:00,2026,CLQ,10,False,4973494,5,2976,neutral,159,1,0,played,12,3,False,90,0,0,0,0,0,0,64,,,0,0
713007,Itay Rotman,2026-07-29T17:30:00+00:00,2026,CLQ,10,False,4897905,4,2976,neutral,5849,2,0,played,12,0,False,54,0,0,0,0,0,0,,36,,0,0
713007,Itay Rotman,2026-07-21T19:00:00+00:00,2026,CLQ,10,False,4897893,3,2976,away,5849,1,2,played,12,0,False,2,0,0,0,0,0,0,,88,,0,0
713007,Itay Rotman,2026-07-16T16:30:00+00:00,2026,IRLP,9,False,4922229,1,2976,home,119,1,3,in squad,12,,False,0,0,0,0,0,0,0,,,,0,0
355395,Matan Baltaxa,2026-08-29T17:00:00+00:00,2026,ISR1,1,False,4912902,2,2976,away,2785,2,1,played,3,0,False,22,0,0,0,0,0,0,83,68,,0,0
355395,Matan Baltaxa,2026-08-25T16:45:00+00:00,2026,CLQ,10,False,5013655,8,2976,away,63993,2,5,played,3,3,False,42,0,0,0,0,0,0,,78,,0,0
355395,Matan Baltaxa,2026-08-19T19:00:00+00:00,2026,CLQ,10,False,5013628,7,2976,neutral,63993,2,1,in squad,3,,False,0,0,0,0,0,0,0,,,,0,0
355395,Matan Baltaxa,2026-08-11T18:00:00+00:00,2026,CLQ,10,False,4973504,6,2976,away,159,2,0,not in squad,,,False,0,0,0,0,0,0,0,,,,0,0
355395,Matan Baltaxa,2026-08-04T17:30:00+00:00,2026,CLQ,10,False,4973494,5,2976,neutral,159,1,0,played,3,4,False,58,0,0,0,0,0,0,58,,,0,0
355395,Matan Baltaxa,2026-07-29T17:30:00+00:00,2026,CLQ,10,False,4897905,4,2976,neutral,5849,2,0,played,3,4,False,75,0,0,0,0,0,0,,,75,0,0
355395,Matan Baltaxa,2026-07-21T19:00:00+00:00,2026,CLQ,10,False,4897893,3,2976,away,5849,1,2,not in squad,,,False,0,0,0,0,0,0,0,,,,0,0
355395,Matan Baltaxa,2026-07-16T16:30:00+00:00,2026,IRLP,9,False,4922229,1,2976,home,119,1,3,played,3,3,False,90,0,0,1,0,1,0,63,,,0,0
468548,Roy Levy,2026-08-29T17:00:00+00:00,2026,ISR1,1,False,4912902,2,2976,away,2785,2,1,played,18,0,False,10,0,0,0,0,0,0,,80,,0,0
468548,Roy Levy,2026-08-25T16:45:00+00:00,2026,CLQ,10,False,5013655,8,2976,away,63993,2,5,played,18,5,False,47,0,0,0,0,0,0,,73,,0,0
468548,Roy Levy,2026-08-19T19:00:00+00:00,2026,CLQ,10,False,5013628,7,2976,neutral,63993,2,1,in squad,18,,False,0,0,0,0,0,0,0,,,,0,0
468548,Roy Levy,2026-08-11T18:00:00+00:00,2026,CLQ,10,False,4973504,6,2976,away,159,2,0,in squad,18,,False,0,0,0,0,0,0,0,,,,0,0
468548,Roy Levy,2026-08-04T17:30:00+00:00,2026,CLQ,10,False,4973494,5,2976,neutral,159,1,0,in squad,18,,False,0,0,0,0,0,0,0,,,,0,0
468548,Roy Levy,2026-07-29T17:30:00+00:00,2026,CLQ,10,False,4897905,4,2976,neutral,5849,2,0,in squad,18,,False,0,0,0,0,0,0,0,,,,0,0
468548,Roy Levy,2026-07-21T19:00:00+00:00,2026,CLQ,10,False,4897893,3,2976,away,5849,1,2,in squad,18,,False,0,0,0,0,0,0,0,,,,0,0
468548,Roy Levy,2026-07-16T16:30:00+00:00,2026,IRLP,9,False,4922229,1,2976,home,119,1,3,played,18,12,False,59,0,0,0,0,0,0,,,59,0,0
57814,Miguel Vítor,2026-08-29T17:00:00+00:00,2026,ISR1,1,False,4912902,2,2976,away,2785,2,1,not in squad,,,False,0,0,0,0,0,0,0,,,,0,0
57814,Miguel Vítor,2026-08-25T16:45:00+00:00,2026,CLQ,10,False,5013655,8,2976,away,63993,2,5,played,4,3,True,46,0,0,0,0,0,0,,,46,0,0
57814,Miguel Vítor,2026-08-19T19:00:00+00:00,2026,CLQ,10,False,5013628,7,2976,neutral,63993,2,1,played,4,3,True,90,0,0,1,0,1,0,76,,,0,0
57814,Miguel Vítor,2026-08-11T18:00:00+00:00,2026,CLQ,10,False,4973504,6,2976,away,159,2,0,played,4,3,True,90,0,0,0,0,0,0,,,,0,0
57814,Miguel Vítor,2026-08-04T17:30:00+00:00,2026,CLQ,10,False,4973494,5,2976,neutral,159,1,0,played,4,3,True,90,0,0,0,0,0,0,,,,0,0
57814,Miguel Vítor,2026-07-29T17:30:00+00:00,2026,CLQ,10,False,4897905,4,2976,neutral,5849,2,0,played,4,3,True,90,0,0,0,0,0,0,,,,0,0
57814,Miguel Vítor,2026-07-21T19:00:00+00:00,2026,CLQ,10,False,4897893,3,2976,away,5849,1,2,played,4,3,True,88,0,0,0,0,0,0,63,,88,0,0
57814,Miguel Vítor,2026-07-16T16:30:00+00:00,2026,IRLP,9,False,4922229,1,2976,home,119,1,3,played,4,3,True,90,0,0,2,0,1,1,54,,,0,0
140570,Ofir Davidzada,2026-08-29T17:00:00+00:00,2026,ISR1,1,False,4912902,2,2976,away,2785,2,1,played,13,0,False,10,0,0,0,0,0,0,,80,,0,0
140570,Ofir Davidzada,2026-08-25T16:45:00+00:00,2026,CLQ,10,False,5013655,8,2976,away,63993,2,5,played,13,3,False,19,0,0,0,0,0,0,,101,,0,0
140570,Ofir Davidzada,2026-08-19T19:00:00+00:00,2026,CLQ,10,False,5013628,7,2976,neutral,63993,2,1,in squad,13,,False,0,0,0,0,0,0,0,,,,0,0
140570,Ofir Davidzada,2026-08-11T18:00:00+00:00,2026,CLQ,10,False,4973504,6,2976,away,159,2,0,played,13,0,False,1,0,0,0,0,0,0,,90,,0,0
140570,Ofir Davidzada,2026-08-04T17:30:00+00:00,2026,CLQ,10,False,4973494,5,2976,neutral,159,1,0,in squad,13,,False,0,0,0,0,0,0,0,,,,0,0
140570,Ofir Davidzada,2026-07-29T17:30:00+00:00,2026,CLQ,10,False,4897905,4,2976,neutral,5849,2,0,played,13,0,False,15,0,0,0,0,0,0,,75,,0,0
140570,Ofir Davidzada,2026-07-21T19:00:00+00:00,2026,CLQ,10,False,4897893,3,2976,away,5849,1,2,played,13,4,False,90,0,0,0,0,0,0,,,,0,0
140570,Ofir Davidzada,2026-07-16T16:30:00+00:00,2026,IRLP,9,False,4922229,1,2976,home,119,1,3,played,13,4,False,90,0,1,1,0,1,0,,,,0,0
926457,Niv Yehoshua,2026-08-29T17:00:00+00:00,2026,ISR1,1,False,4912902,2,2976,away,2785,2,1,played,28,7,False,90,0,0,2,0,1,1,,,,0,0
926457,Niv Yehoshua,2026-08-25T16:45:00+00:00,2026,CLQ,10,False,5013655,8,2976,away,63993,2,5,played,28,7,False,73,0,1,2,0,1,1,,,73,0,0
926457,Niv Yehoshua,2026-08-19T19:00:00+00:00,2026,CLQ,10,False,5013628,7,2976,neutral,63993,2,1,played,28,7,False,85,0,0,0,0,0,0,,,85,0,0
926457,Niv Yehoshua,2026-08-11T18:00:00+00:00,2026,CLQ,10,False,4973504,6,2976,away,159,2,0,played,28,7,False,66,0,0,0,0,0,0,63,,66,0,0
926457,Niv Yehoshua,2026-08-04T17:30:00+00:00,2026,CLQ,10,False,4973494,5,2976,neutral,159,1,0,played,28,7,False,63,0,0,0,0,0,0,,,63,0,0
926457,Niv Yehoshua,2026-07-29T17:30:00+00:00,2026,CLQ,10,False,4897905,4,2976,neutral,5849,2,0,played,28,7,False,57,0,0,0,0,0,0,,,57,0,0
926457,Niv Yehoshua,2026-07-21T19:00:00+00:00,2026,CLQ,10,False,4897893,3,2976,away,5849,1,2,played,28,7,False,90,0,0,0,0,0,0,,,,0,0
926457,Niv Yehoshua,2026-07-16T16:30:00+00:00,2026,IRLP,9,False,4922229,1,2976,home,119,1,3,played,28,0,False,17,0,0,0,0,0,0,,73,,0,0
520994,Lucas Ventura,2026-08-29T17:00:00+00:00,2026,ISR1,1,False,4912902,2,2976,away,2785,2,1,played,25,6,False,90,0,0,1,0,1,0,,,,0,0
520994,Lucas Ventura,2026-08-25T16:45:00+00:00,2026,CLQ,10,False,5013655,8,2976,away,63993,2,5,played,25,6,False,120,0,0,2,1,0,1,,,,0,0
520994,Lucas Ventura,2026-08-19T19:00:00+00:00,2026,CLQ,10,False,5013628,7,2976,neutral,63993,2,1,played,25,6,False,90,0,0,1,0,1,0,,,,0,0
520994,Lucas Ventura,2026-08-11T18:00:00+00:00,2026,CLQ,10,False,4973504,6,2976,away,159,2,0,played,25,6,False,90,0,0,0,0,0,0,,,,0,0
520994,Lucas Ventura,2026-08-04T17:30:00+00:00,2026,CLQ,10,False,4973494,5,2976,neutral,159,1,0,played,25,6,False,90,0,0,0,0,0,0,,,,0,0
520994,Lucas Ventura,2026-07-29T17:30:00+00:00,2026,CLQ,10,False,4897905,4,2976,neutral,5849,2,0,played,25,6,False,90,0,0,0,0,0,0,58,,,0,0
520994,Lucas Ventura,2026-07-21T19:00:00+00:00,2026,CLQ,10,False,4897893,3,2976,away,5849,1,2,played,25,6,False,90,0,0,0,0,0,0,,,,0,0
520994,Lucas Ventura,2026-07-16T16:30:00+00:00,2026,IRLP,9,False,4922229,1,2976,home,119,1,3,played,25,6,False,90,0,0,1,0,0,1,38,,,0,0
444018,Eliel Peretz,2026-08-29T17:00:00+00:00,2026,ISR1,1,False,4912902,2,2976,away,2785,2,1,played,7,7,True,90,1,0,2,2,0,0,90,,,0,0
444018,Eliel Peretz,2026-08-25T16:45:00+00:00,2026,CLQ,10,False,5013655,8,2976,away,63993,2,5,played,7,7,False,117,0,0,4,0,2,2,83,,,0,0
444018,Eliel Peretz,2026-08-19T19:00:00+00:00,2026,CLQ,10,False,5013628,7,2976,neutral,63993,2,1,played,7,7,False,90,0,1,0,0,0,0,,,,0,0
444018,Eliel Peretz,2026-08-11T18:00:00+00:00,2026,CLQ,10,False,4973504,6,2976,away,159,2,0,played,7,7,False,90,0,1,0,0,0,0,,,,0,0
444018,Eliel Peretz,2026-08-04T17:30:00+00:00,2026,CLQ,10,False,4973494,5,2976,neutral,159,1,0,played,7,7,False,88,0,0,0,0,0,0,58,,88,0,0
444018,Eliel Peretz,2026-07-29T17:30:00+00:00,2026,CLQ,10,False,4897905,4,2976,neutral,5849,2,0,played,7,0,False,33,0,0,0,0,0,0,69,57,,0,0
444018,Eliel Peretz,2026-07-21T19:00:00+00:00,2026,CLQ,10,False,4897893,3,2976,away,5849,1,2,played,7,0,False,19,0,0,0,0,0,0,,71,,0,0
444018,Eliel Peretz,2026-07-16T16:30:00+00:00,2026,IRLP,9,False,4922229,1,2976,home,119,1,3,played,7,7,False,73,0,0,1,0,1,0,37,,73,0,0
848641,Yoan Stoyanov,2026-08-29T17:00:00+00:00,2026,ISR1,1,False,4912902,2,2976,away,2785,2,1,in squad,27,,False,0,0,0,0,0,0,0,,,,0,0
848641,Yoan Stoyanov,2026-08-25T16:45:00+00:00,2026,CLQ,10,False,5013655,8,2976,away,63993,2,5,in squad,27,,False,0,0,0,0,0,0,0,,,,0,0
848641,Yoan Stoyanov,2026-08-19T19:00:00+00:00,2026,CLQ,10,False,5013628,7,2976,neutral,63993,2,1,in squad,27,,False,0,0,0,0,0,0,0,,,,0,0
848641,Yoan Stoyanov,2026-08-11T18:00:00+00:00,2026,CLQ,10,False,4973504,6,2976,away,159,2,0,in squad,27,,False,0,0,0,0,0,0,0,,,,0,0
848641,Yoan Stoyanov,2026-08-04T17:30:00+00:00,2026,CLQ,10,False,4973494,5,2976,neutral,159,1,0,in squad,27,,False,0,0,0,0,0,0,0,,,,0,0
848641,Yoan Stoyanov,2026-07-29T17:30:00+00:00,2026,CLQ,10,False,4897905,4,2976,neutral,5849,2,0,in squad,27,,False,0,0,0,0,0,0,0,,,,0,0
848641,Yoan Stoyanov,2026-07-21T19:00:00+00:00,2026,CLQ,10,False,4897893,3,2976,away,5849,1,2,in squad,27,,False,0,0,0,0,0,0,0,,,,0,0
848641,Yoan Stoyanov,2026-07-16T16:30:00+00:00,2026,IRLP,9,False,4922229,1,2976,home,119,1,3,played,27,0,False,29,0,0,1,0,0,1,,61,,0,0
1140586,Itay Hazut,2026-08-29T17:00:00+00:00,2026,ISR1,1,False,4912902,2,2976,away,2785,2,1,in squad,23,,False,0,0,0,0,0,0,0,,,,0,0
1140586,Itay Hazut,2026-08-25T16:45:00+00:00,2026,CLQ,10,False,5013655,8,2976,away,63993,2,5,not in squad,,,False,0,0,0,0,0,0,0,,,,0,0
1140586,Itay Hazut,2026-08-19T19:00:00+00:00,2026,CLQ,10,False,5013628,7,2976,neutral,63993,2,1,in squad,23,,False,0,0,0,0,0,0,0,,,,0,0
1140586,Itay Hazut,2026-08-11T18:00:00+00:00,2026,CLQ,10,False,4973504,6,2976,away,159,2,0,in squad,23,,False,0,0,0,0,0,0,0,,,,0,0
1140586,Itay Hazut,2026-08-04T17:30:00+00:00,2026,CLQ,10,False,4973494,5,2976,neutral,159,1,0,in squad,23,,False,0,0,0,0,0,0,0,,,,0,0
1140586,Itay Hazut,2026-07-29T17:30:00+00:00,2026,CLQ,10,False,4897905,4,2976,neutral,5849,2,0,in squad,23,,False,0,0,0,0,0,0,0,,,,0,0
1140586,Itay Hazut,2026-07-21T19:00:00+00:00,2026,CLQ,10,False,4897893,3,2976,away,5849,1,2,in squad,23,,False,0,0,0,0,0,0,0,,,,0,0
1140586,Itay Hazut,2026-07-16T16:30:00+00:00,2026,IRLP,9,False,4922229,1,2976,home,119,1,3,in squad,23,,False,0,0,0,0,0,0,0,,,,0,0
467149,Hamode Kanaan,2026-08-29T17:00:00+00:00,2026,ISR1,1,False,4912902,2,2976,away,2785,2,1,played,8,12,False,60,0,0,3,1,2,0,,,60,0,0
467149,Hamode Kanaan,2026-08-25T16:45:00+00:00,2026,CLQ,10,False,5013655,8,2976,away,63993,2,5,in squad,8,,False,0,0,0,0,0,0,0,,,,0,0
467149,Hamode Kanaan,2026-08-19T19:00:00+00:00,2026,CLQ,10,False,5013628,7,2976,neutral,63993,2,1,played,8,10,False,5,0,0,2,1,1,0,,85,,0,0
467149,Hamode Kanaan,2026-08-11T18:00:00+00:00,2026,CLQ,10,False,4973504,6,2976,away,159,2,0,played,8,0,False,24,0,0,0,0,0,0,,66,,0,0
467149,Hamode Kanaan,2026-08-04T17:30:00+00:00,2026,CLQ,10,False,4973494,5,2976,neutral,159,1,0,played,8,0,False,2,0,0,0,0,0,0,,88,,0,0
467149,Hamode Kanaan,2026-07-29T17:30:00+00:00,2026,CLQ,10,False,4897905,4,2976,neutral,5849,2,0,in squad,8,,False,0,0,0,0,0,0,0,,,,0,0
467149,Hamode Kanaan,2026-07-21T19:00:00+00:00,2026,CLQ,10,False,4897893,3,2976,away,5849,1,2,in squad,8,,False,0,0,0,0,0,0,0,,,,0,0
467149,Hamode Kanaan,2026-07-16T16:30:00+00:00,2026,IRLP,9,False,4922229,1,2976,home,119,1,3,not in squad,,,False,0,0,0,0,0,0,0,,,,0,0
966005,Amir Ganah,2026-08-29T17:00:00+00:00,2026,ISR1,1,False,4912902,2,2976,away,2785,2,1,played,11,11,False,68,0,0,2,1,0,1,,,68,0,0
966005,Amir Ganah,2026-08-25T16:45:00+00:00,2026,CLQ,10,False,5013655,8,2976,away,63993,2,5,in squad,11,,False,0,0,0,0,0,0,0,,,,0,0
966005,Amir Ganah,2026-08-19T19:00:00+00:00,2026,CLQ,10,False,5013628,7,2976,neutral,63993,2,1,played,11,11,False,24,0,0,2,0,1,1,84,66,,0,0
966005,Amir Ganah,2026-08-11T18:00:00+00:00,2026,CLQ,10,False,4973504,6,2976,away,159,2,0,in squad,11,,False,0,0,0,0,0,0,0,,,,0,0
966005,Amir Ganah,2026-08-04T17:30:00+00:00,2026,CLQ,10,False,4973494,5,2976,neutral,159,1,0,in squad,11,,False,0,0,0,0,0,0,0,,,,0,0
966005,Amir Ganah,2026-07-29T17:30:00+00:00,2026,CLQ,10,False,4897905,4,2976,neutral,5849,2,0,played,11,0,False,15,1,0,0,0,0,0,,75,,0,0
966005,Amir Ganah,2026-07-21T19:00:00+00:00,2026,CLQ,10,False,4897893,3,2976,away,5849,1,2,played,11,11,False,63,0,0,0,0,0,0,,,63,0,0
966005,Amir Ganah,2026-07-16T16:30:00+00:00,2026,IRLP,9,False,4922229,1,2976,home,119,1,3,played,11,11,False,62,0,0,1,0,1,0,,,62,0,0
399361,Dan Biton,2026-08-29T17:00:00+00:00,2026,ISR1,1,False,4912902,2,2976,away,2785,2,1,injured,,,False,0,0,0,0,0,0,0,,,,102,0
399361,Dan Biton,2026-08-25T16:45:00+00:00,2026,CLQ,10,False,5013655,8,2976,away,63993,2,5,injured,,,False,0,0,0,0,0,0,0,,,,102,0
399361,Dan Biton,2026-08-19T19:00:00+00:00,2026,CLQ,10,False,5013628,7,2976,neutral,63993,2,1,injured,,,False,0,0,0,0,0,0,0,,,,102,0
399361,Dan Biton,2026-08-11T18:00:00+00:00,2026,CLQ,10,False,4973504,6,2976,away,159,2,0,injured,,,False,0,0,0,0,0,0,0,,,,102,0
399361,Dan Biton,2026-08-04T17:30:00+00:00,2026,CLQ,10,False,4973494,5,2976,neutral,159,1,0,injured,,,False,0,0,0,0,0,0,0,,,,102,0
399361,Dan Biton,2026-07-29T17:30:00+00:00,2026,CLQ,10,False,4897905,4,2976,neutral,5849,2,0,injured,,,False,0,0,0,0,0,0,0,,,,102,0
399361,Dan Biton,2026-07-21T19:00:00+00:00,2026,CLQ,10,False,4897893,3,2976,away,5849,1,2,injured,,,False,0,0,0,0,0,0,0,,,,102,0
399361,Dan Biton,2026-07-16T16:30:00+00:00,2026,IRLP,9,False,4922229,1,2976,home,119,1,3,injured,,,False,0,0,0,0,0,0,0,,,,102,0
343965,Igor Zlatanovic,2026-08-29T17:00:00+00:00,2026,ISR1,1,False,4912902,2,2976,away,2785,2,1,not in squad,,,False,0,0,0,0,0,0,0,,,,0,0
343965,Igor Zlatanovic,2026-08-25T16:45:00+00:00,2026,CLQ,10,False,5013655,8,2976,away,63993,2,5,played,66,14,False,35,1,0,2,2,0,0,,,35,0,0
343965,Igor Zlatanovic,2026-08-19T19:00:00+00:00,2026,CLQ,10,False,5013628,7,2976,neutral,63993,2,1,played,66,14,False,85,1,0,7,3,1,3,,,85,0,0
343965,Igor Zlatanovic,2026-08-11T18:00:00+00:00,2026,CLQ,10,False,4973504,6,2976,away,159,2,0,played,66,14,False,76,1,0,0,0,0,0,,,76,0,0
343965,Igor Zlatanovic,2026-08-04T17:30:00+00:00,2026,CLQ,10,False,4973494,5,2976,neutral,159,1,0,played,66,14,False,45,0,0,0,0,0,0,,,46,0,0
343965,Igor Zlatanovic,2026-07-29T17:30:00+00:00,2026,CLQ,10,False,4897905,4,2976,neutral,5849,2,0,played,66,14,False,90,0,0,0,0,0,0,86,,,0,0
343965,Igor Zlatanovic,2026-07-21T19:00:00+00:00,2026,CLQ,10,False,4897893,3,2976,away,5849,1,2,played,66,14,False,88,0,1,0,0,0,0,,,88,0,0
343965,Igor Zlatanovic,2026-07-16T16:30:00+00:00,2026,IRLP,9,False,4922229,1,2976,home,119,1,3,played,66,14,False,90,0,0,1,0,1,0,,,,0,0
1078063,Muhammad Abu Rumi,2026-08-29T17:00:00+00:00,2026,ISR1,1,False,4912902,2,2976,away,2785,2,1,absent,,,False,0,0,0,0,0,0,0,,,,0,6
1078063,Muhammad Abu Rumi,2026-08-25T16:45:00+00:00,2026,CLQ,10,False,5013655,8,2976,away,63993,2,5,played,45,14,False,85,0,0,1,1,0,0,,35,,0,0
1078063,Muhammad Abu Rumi,2026-08-19T19:00:00+00:00,2026,CLQ,10,False,5013628,7,2976,neutral,63993,2,1,played,45,12,False,19,0,0,2,2,0,0,,71,,0,0
1078063,Muhammad Abu Rumi,2026-08-11T18:00:00+00:00,2026,CLQ,10,False,4973504,6,2976,away,159,2,0,played,45,0,False,24,0,0,0,0,0,0,,66,,0,0
1078063,Muhammad Abu Rumi,2026-08-04T17:30:00+00:00,2026,CLQ,10,False,4973494,5,2976,neutral,159,1,0,played,45,0,False,45,0,0,0,0,0,0,,46,,0,0
1078063,Muhammad Abu Rumi,2026-07-29T17:30:00+00:00,2026,CLQ,10,False,4897905,4,2976,neutral,5849,2,0,in squad,45,,False,0,0,0,0,0,0,0,,,,0,0
1078063,Muhammad Abu Rumi,2026-07-21T19:00:00+00:00,2026,CLQ,10,False,4897893,3,2976,away,5849,1,2,played,45,12,False,71,0,0,0,0,0,0,,,71,0,0
1078063,Muhammad Abu Rumi,2026-07-16T16:30:00+00:00,2026,IRLP,9,False,4922229,1,2976,home,119,1,3,absent,,,False,0,0,0,0,0,0,0,,,,0,6
701300,Zahi Ahmed,2026-08-29T17:00:00+00:00,2026,ISR1,1,False,4912902,2,2976,away,2785,2,1,absent,,,False,0,0,0,0,0,0,0,,,,0,6
701300,Zahi Ahmed,2026-08-25T16:45:00+00:00,2026,CLQ,10,False,5013655,8,2976,away,63993,2,5,played,9,11,False,120,0,0,0,0,0,0,,,,0,0
701300,Zahi Ahmed,2026-08-19T19:00:00+00:00,2026,CLQ,10,False,5013628,7,2976,neutral,63993,2,1,played,9,11,False,66,0,0,0,0,0,0,,,66,0,0
701300,Zahi Ahmed,2026-08-11T18:00:00+00:00,2026,CLQ,10,False,4973504,6,2976,away,159,2,0,played,9,11,False,90,0,0,0,0,0,0,,,,0,0
701300,Zahi Ahmed,2026-08-04T17:30:00+00:00,2026,CLQ,10,False,4973494,5,2976,neutral,159,1,0,played,9,11,False,90,1,0,0,0,0,0,,,,0,0
701300,Zahi Ahmed,2026-07-29T17:30:00+00:00,2026,CLQ,10,False,4897905,4,2976,neutral,5849,2,0,played,9,11,False,90,1,0,0,0,0,0,,,,0,0
701300,Zahi Ahmed,2026-07-21T19:00:00+00:00,2026,CLQ,10,False,4897893,3,2976,away,5849,1,2,played,9,0,False,27,0,0,0,0,0,0,,63,,0,0
701300,Zahi Ahmed,2026-07-16T16:30:00+00:00,2026,IRLP,9,False,4922229,1,2976,home,119,1,3,absent,,,False,0,0,0,0,0,0,0,,,,0,6
563479,Javon East,2026-08-29T17:00:00+00:00,2026,ISR1,1,False,4912902,2,2976,away,2785,2,1,absent,,,False,0,0,0,0,0,0,0,,,,0,6
563479,Javon East,2026-08-25T16:45:00+00:00,2026,CLQ,10,False,5013655,8,2976,away,63993,2,5,played,20,12,False,78,0,0,0,0,0,0,,,78,0,0
563479,Javon East,2026-08-19T19:00:00+00:00,2026,CLQ,10,False,5013628,7,2976,neutral,63993,2,1,played,20,12,False,71,1,0,1,1,0,0,,,71,0,0
563479,Javon East,2026-08-11T18:00:00+00:00,2026,CLQ,10,False,4973504,6,2976,away,159,2,0,played,20,12,False,90,1,1,0,0,0,0,,,90,0,0
563479,Javon East,2026-08-04T17:30:00+00:00,2026,CLQ,10,False,4973494,5,2976,neutral,159,1,0,played,20,12,False,83,0,0,0,0,0,0,,,83,0,0
563479,Javon East,2026-07-29T17:30:00+00:00,2026,CLQ,10,False,4897905,4,2976,neutral,5849,2,0,played,20,12,False,75,0,0,0,0,0,0,,,75,0,0
563479,Javon East,2026-07-21T19:00:00+00:00,2026,CLQ,10,False,4897893,3,2976,away,5849,1,2,played,20,0,False,19,0,0,0,0,0,0,,71,,0,0
563479,Javon East,2026-07-16T16:30:00+00:00,2026,IRLP,9,False,4922229,1,2976,home,119,1,3,absent,,,False,0,0,0,0,0,0,0,,,,0,6
842370,João Victor,2026-08-29T17:00:00+00:00,2026,ISR1,1,False,4912902,2,2976,away,2785,2,1,played,70,0,False,22,0,0,0,0,0,0,,68,,0,0
842370,João Victor,2026-08-25T16:45:00+00:00,2026,CLQ,10,False,5013655,8,2976,away,63993,2,5,in squad,70,,False,0,0,0,0,0,0,0,,,,0,0
842370,João Victor,2026-08-19T19:00:00+00:00,2026,CLQ,10,False,5013628,7,2976,neutral,63993,2,1,injured,,,False,0,0,0,0,0,0,0,,,,299,0
842370,João Victor,2026-08-11T18:00:00+00:00,2026,CLQ,10,False,4973504,6,2976,away,159,2,0,injured,,,False,0,0,0,0,0,0,0,,,,299,0
842370,João Victor,2026-08-04T17:30:00+00:00,2026,CLQ,10,False,4973494,5,2976,neutral,159,1,0,injured,,,False,0,0,0,0,0,0,0,,,,299,0
842370,João Victor,2026-07-29T17:30:00+00:00,2026,CLQ,10,False,4897905,4,2976,neutral,5849,2,0,injured,,,False,0,0,0,0,0,0,0,,,,299,0
842370,João Victor,2026-07-21T19:00:00+00:00,2026,CLQ,10,False,4897893,3,2976,away,5849,1,2,injured,,,False,0,0,0,0,0,0,0,,,,299,0
842370,João Victor,2026-07-16T16:30:00+00:00,2026,IRLP,9,False,4922229,1,2976,home,119,1,3,played,70,0,False,31,0,0,1,1,0,0,,59,,0,0
1536479,Amit Ohana,2026-08-29T17:00:00+00:00,2026,ISR1,1,False,4912902,2,2976,away,2785,2,1,played,19,14,False,80,1,0,2,1,0,1,,,80,0,0
1536479,Amit Ohana,2026-08-25T16:45:00+00:00,2026,CLQ,10,False,5013655,8,2976,away,63993,2,5,in squad,19,,False,0,0,0,0,0,0,0,,,,0,0
1536479,Amit Ohana,2026-08-19T19:00:00+00:00,2026,CLQ,10,False,5013628,7,2976,neutral,63993,2,1,in squad,19,,False,0,0,0,0,0,0,0,,,,0,0
1536479,Amit Ohana,2026-08-11T18:00:00+00:00,2026,CLQ,10,False,4973504,6,2976,away,159,2,0,played,19,0,False,1,0,0,0,0,0,0,,90,,0,0
1536479,Amit Ohana,2026-08-04T17:30:00+00:00,2026,CLQ,10,False,4973494,5,2976,neutral,159,1,0,played,19,0,False,7,0,0,0,0,0,0,,83,,0,0
1536479,Amit Ohana,2026-07-29T17:30:00+00:00,2026,CLQ,10,False,4897905,4,2976,neutral,5849,2,0,in squad,19,,False,0,0,0,0,0,0,0,,,,0,0
1536479,Amit Ohana,2026-07-21T19:00:00+00:00,2026,CLQ,10,False,4897893,3,2976,away,5849,1,2,played,19,0,False,2,0,0,0,0,0,0,,88,,0,0
1536479,Amit Ohana,2026-07-16T16:30:00+00:00,2026,IRLP,9,False,4922229,1,2976,home,119,1,3,played,19,0,False,28,0,0,0,0,0,0,,62,,0,0
930521,Ofek Melika,2026-08-27T16:00:00+00:00,2026,ECLQ,10,False,5013851,8,119,neutral,2790,1,1,played,22,1,False,90,0,0,0,0,0,0,,,,0,0
930521,Ofek Melika,2026-08-23T17:15:00+00:00,2026,ISR1,1,False,4912929,1,119,away,43119,5,2,played,1,1,False,77,0,0,0,0,0,0,,,,0,0
930521,Ofek Melika,2026-08-20T18:30:00+00:00,2026,ECLQ,10,False,5013827,7,119,away,2790,1,2,played,22,1,False,90,0,0,0,0,0,0,,,,0,0
930521,Ofek Melika,2026-08-13T18:00:00+00:00,2026,ELQ,10,False,4973715,6,119,away,208,3,1,played,22,1,False,90,0,0,0,0,0,0,,,,0,0
930521,Ofek Melika,2026-08-06T16:00:00+00:00,2026,ELQ,10,False,4973702,5,119,neutral,208,0,3,played,22,1,False,90,0,0,0,0,0,0,,,,0,0
930521,Ofek Melika,2026-07-30T16:00:00+00:00,2026,ELQ,10,False,4897952,4,119,neutral,2481,1,0,played,22,1,False,90,0,0,0,0,0,0,,,,0,0
930521,Ofek Melika,2026-07-23T17:00:00+00:00,2026,ELQ,10,False,4897943,3,119,away,2481,5,0,played,22,1,False,90,0,0,0,0,0,0,,,,0,0
930521,Ofek Melika,2026-07-16T16:30:00+00:00,2026,IRLP,9,False,4922229,1,119,away,2976,3,1,played,22,1,False,90,0,0,0,0,0,0,,,,0,0
200575,Roi Mishpati,2026-08-27T16:00:00+00:00,2026,ECLQ,10,False,5013851,8,119,neutral,2790,1,1,in squad,90,,False,0,0,0,0,0,0,0,,,,0,0
200575,Roi Mishpati,2026-08-23T17:15:00+00:00,2026,ISR1,1,False,4912929,1,119,away,43119,5,2,in squad,90,,False,0,0,0,0,0,0,0,,,,0,0
200575,Roi Mishpati,2026-08-20T18:30:00+00:00,2026,ECLQ,10,False,5013827,7,119,away,2790,1,2,in squad,90,,False,0,0,0,0,0,0,0,,,,0,0
200575,Roi Mishpati,2026-08-13T18:00:00+00:00,2026,ELQ,10,False,4973715,6,119,away,208,3,1,in squad,90,,False,0,0,0,0,0,0,0,,,,0,0
200575,Roi Mishpati,2026-08-06T16:00:00+00:00,2026,ELQ,10,False,4973702,5,119,neutral,208,0,3,in squad,90,,False,0,0,0,0,0,0,0,,,,0,0
200575,Roi Mishpati,2026-07-30T16:00:00+00:00,2026,ELQ,10,False,4897952,4,119,neutral,2481,1,0,not in squad,,,False,0,0,0,0,0,0,0,,,,0,0
200575,Roi Mishpati,2026-07-23T17:00:00+00:00,2026,ELQ,10,False,4897943,3,119,away,2481,5,0,in squad,90,,False,0,0,0,0,0,0,0,,,,0,0
200575,Roi Mishpati,2026-07-16T16:30:00+00:00,2026,IRLP,9,False,4922229,1,119,away,2976,3,1,in squad,90,,False,0,0,0,0,0,0,0,,,,0,0
1164754,Idan Trau,2026-07-30T16:00:00+00:00,2026,ELQ,10,False,4897952,4,119,neutral,2481,1,0,in squad,50,,False,0,0,0,0,0,0,0,,,,0,0
1364962,Shalev Saadya,2026-08-27T16:00:00+00:00,2026,ECLQ,10,False,5013851,8,119,neutral,2790,1,1,in squad,51,,False,0,0,0,0,0,0,0,,,,0,0
1364962,Shalev Saadya,2026-08-23T17:15:00+00:00,2026,ISR1,1,False,4912929,1,119,away,43119,5,2,not in squad,,,False,0,0,0,0,0,0,0,,,,0,0
1364962,Shalev Saadya,2026-08-20T18:30:00+00:00,2026,ECLQ,10,False,5013827,7,119,away,2790,1,2,in squad,51,,False,0,0,0,0,0,0,0,,,,0,0
1364962,Shalev Saadya,2026-08-13T18:00:00+00:00,2026,ELQ,10,False,4973715,6,119,away,208,3,1,not in squad,,,False,0,0,0,0,0,0,0,,,,0,0
1364962,Shalev Saadya,2026-08-06T16:00:00+00:00,2026,ELQ,10,False,4973702,5,119,neutral,208,0,3,not in squad,,,False,0,0,0,0,0,0,0,,,,0,0
1364962,Shalev Saadya,2026-07-30T16:00:00+00:00,2026,ELQ,10,False,4897952,4,119,neutral,2481,1,0,in squad,51,,False,0,0,0,0,0,0,0,,,,0,0
1364962,Shalev Saadya,2026-07-23T17:00:00+00:00,2026,ELQ,10,False,4897943,3,119,away,2481,5,0,not in squad,,,False,0,0,0,0,0,0,0,,,,0,0
1364962,Shalev Saadya,2026-07-16T16:30:00+00:00,2026,IRLP,9,False,4922229,1,119,away,2976,3,1,not in squad,,,False,0,0,0,0,0,0,0,,,,0,0
811805,Tyrese Asante,2026-08-27T16:00:00+00:00,2026,ECLQ,10,False,5013851,8,119,neutral,2790,1,1,played,6,5,False,65,0,0,0,0,0,0,,,65,0,0
811805,Tyrese Asante,2026-08-23T17:15:00+00:00,2026,ISR1,1,False,4912929,1,119,away,43119,5,2,in squad,6,,False,0,0,0,0,0,0,0,,,,0,0
811805,Tyrese Asante,2026-08-20T18:30:00+00:00,2026,ECLQ,10,False,5013827,7,119,away,2790,1,2,played,6,5,False,56,0,0,0,0,0,0,,,56,0,0
811805,Tyrese Asante,2026-08-13T18:00:00+00:00,2026,ELQ,10,False,4973715,6,119,away,208,3,1,played,6,5,False,90,0,0,0,0,0,0,,,,0,0
811805,Tyrese Asante,2026-08-06T16:00:00+00:00,2026,ELQ,10,False,4973702,5,119,neutral,208,0,3,played,6,0,False,45,0,0,0,0,0,0,,46,,0,0
811805,Tyrese Asante,2026-07-30T16:00:00+00:00,2026,ELQ,10,False,4897952,4,119,neutral,2481,1,0,not in squad,,,False,0,0,0,0,0,0,0,,,,0,0
811805,Tyrese Asante,2026-07-23T17:00:00+00:00,2026,ELQ,10,False,4897943,3,119,away,2481,5,0,played,6,3,False,10,0,0,0,0,0,0,,80,,0,0
811805,Tyrese Asante,2026-07-16T16:30:00+00:00,2026,IRLP,9,False,4922229,1,119,away,2976,3,1,absent,,,False,0,0,0,0,0,0,0,,,,0,6
919538,Roy Revivo,2026-08-27T16:00:00+00:00,2026,ECLQ,10,False,5013851,8,119,neutral,2790,1,1,played,3,4,False,90,0,0,4,2,1,1,,,,0,0
919538,Roy Revivo,2026-08-23T17:15:00+00:00,2026,ISR1,1,False,4912929,1,119,away,43119,5,2,played,3,4,False,90,1,0,3,1,0,2,,,,0,0
919538,Roy Revivo,2026-08-20T18:30:00+00:00,2026,ECLQ,10,False,5013827,7,119,away,2790,1,2,played,3,4,False,90,0,1,2,0,1,1,,,,0,0
919538,Roy Revivo,2026-08-13T18:00:00+00:00,2026,ELQ,10,False,4973715,6,119,away,208,3,1,played,3,4,False,90,0,0,0,0,0,0,,,,0,0
919538,Roy Revivo,2026-07-30T16:00:00+00:00,2026,ELQ,10,False,4897952,4,119,neutral,2481,1,0,played,3,4,False,90,0,1,0,0,0,0,,,,0,0
919538,Roy Revivo,2026-07-23T17:00:00+00:00,2026,ELQ,10,False,4897943,3,119,away,2481,5,0,played,3,9,False,90,0,2,0,0,0,0,,,,0,0
919538,Roy Revivo,2026-07-16T16:30:00+00:00,2026,IRLP,9,False,4922229,1,119,away,2976,3,1,played,3,4,False,66,0,0,0,0,0,0,42,,,0,0
426723,Mohamed Camara,2026-08-27T16:00:00+00:00,2026,ECLQ,10,False,5013851,8,119,neutral,2790,1,1,played,5,3,False,90,0,0,0,0,0,0,70,,,0,0
426723,Mohamed Camara,2026-08-23T17:15:00+00:00,2026,ISR1,1,False,4912929,1,119,away,43119,5,2,played,5,0,False,18,0,0,1,1,0,0,,72,,0,0
426723,Mohamed Camara,2026-08-20T18:30:00+00:00,2026,ECLQ,10,False,5013827,7,119,away,2790,1,2,played,5,3,False,90,0,0,0,0,0,0,,,,0,0
426723,Mohamed Camara,2026-08-13T18:00:00+00:00,2026,ELQ,10,False,4973715,6,119,away,208,3,1,played,5,3,False,54,0,0,0,0,0,0,,,54,0,0
426723,Mohamed Camara,2026-08-06T16:00:00+00:00,2026,ELQ,10,False,4973702,5,119,neutral,208,0,3,played,5,3,False,90,0,0,0,0,0,0,43,,,0,0
426723,Mohamed Camara,2026-07-30T16:00:00+00:00,2026,ELQ,10,False,4897952,4,119,neutral,2481,1,0,played,5,3,False,90,0,0,0,0,0,0,,,,0,0
426723,Mohamed Camara,2026-07-23T17:00:00+00:00,2026,ELQ,10,False,4897943,3,119,away,2481,5,0,played,5,3,False,90,0,0,0,0,0,0,,,,0,0
426723,Mohamed Camara,2026-07-16T16:30:00+00:00,2026,IRLP,9,False,4922229,1,119,away,2976,3,1,played,5,3,False,90,0,0,0,0,0,0,28,,,0,0
982568,Noam Ben Harush,2026-08-27T16:00:00+00:00,2026,ECLQ,10,False,5013851,8,119,neutral,2790,1,1,played,21,0,False,25,0,0,0,0,0,0,,65,,0,0
982568,Noam Ben Harush,2026-08-23T17:15:00+00:00,2026,ISR1,1,False,4912929,1,119,away,43119,5,2,played,2,5,False,90,0,1,2,0,2,0,,,,0,0
982568,Noam Ben Harush,2026-08-20T18:30:00+00:00,2026,ECLQ,10,False,5013827,7,119,away,2790,1,2,played,21,0,False,34,0,0,1,0,1,0,,56,,0,0
982568,Noam Ben Harush,2026-08-13T18:00:00+00:00,2026,ELQ,10,False,4973715,6,119,away,208,3,1,played,21,0,False,36,0,0,0,0,0,0,,54,,0,0
982568,Noam Ben Harush,2026-08-06T16:00:00+00:00,2026,ELQ,10,False,4973702,5,119,neutral,208,0,3,played,21,0,False,45,0,0,0,0,0,0,,46,,0,0
982568,Noam Ben Harush,2026-07-30T16:00:00+00:00,2026,ELQ,10,False,4897952,4,119,neutral,2481,1,0,played,21,5,False,79,0,0,0,0,0,0,,,79,0,0
982568,Noam Ben Harush,2026-07-23T17:00:00+00:00,2026,ELQ,10,False,4897943,3,119,away,2481,5,0,in squad,21,,False,0,0,0,0,0,0,0,,,,0,0
982568,Noam Ben Harush,2026-07-16T16:30:00+00:00,2026,IRLP,9,False,4922229,1,119,away,2976,3,1,played,21,0,False,7,0,0,0,0,0,0,,83,,0,0
396635,Raz Shlomo,2026-08-27T16:00:00+00:00,2026,ECLQ,10,False,5013851,8,119,neutral,2790,1,1,played,13,3,False,90,0,0,0,0,0,0,,,,0,0
396635,Raz Shlomo,2026-08-23T17:15:00+00:00,2026,ISR1,1,False,4912929,1,119,away,43119,5,2,played,13,3,False,72,0,0,0,0,0,0,53,,72,0,0
396635,Raz Shlomo,2026-08-20T18:30:00+00:00,2026,ECLQ,10,False,5013827,7,119,away,2790,1,2,played,13,3,False,90,0,0,1,0,1,0,,,,0,0
396635,Raz Shlomo,2026-08-13T18:00:00+00:00,2026,ELQ,10,False,4973715,6,119,away,208,3,1,played,13,3,False,90,0,0,0,0,0,0,,,,0,0
396635,Raz Shlomo,2026-08-06T16:00:00+00:00,2026,ELQ,10,False,4973702,5,119,neutral,208,0,3,played,13,3,False,90,0,0,0,0,0,0,85,,,0,0
396635,Raz Shlomo,2026-07-30T16:00:00+00:00,2026,ELQ,10,False,4897952,4,119,neutral,2481,1,0,played,13,3,False,90,0,0,0,0,0,0,,,,0,0
396635,Raz Shlomo,2026-07-23T17:00:00+00:00,2026,ELQ,10,False,4897943,3,119,away,2481,5,0,played,13,3,False,90,0,0,0,0,0,0,,,,0,0
396635,Raz Shlomo,2026-07-16T16:30:00+00:00,2026,IRLP,9,False,4922229,1,119,away,2976,3,1,played,13,3,False,90,0,0,1,1,0,0,,,,0,0
624717,Denny Gropper,2026-08-27T16:00:00+00:00,2026,ECLQ,10,False,5013851,8,119,neutral,2790,1,1,injured,,,False,0,0,0,0,0,0,0,,,,1,0
624717,Denny Gropper,2026-08-23T17:15:00+00:00,2026,ISR1,1,False,4912929,1,119,away,43119,5,2,injured,,,False,0,0,0,0,0,0,0,,,,1,0
624717,Denny Gropper,2026-08-20T18:30:00+00:00,2026,ECLQ,10,False,5013827,7,119,away,2790,1,2,injured,,,False,0,0,0,0,0,0,0,,,,1,0
624717,Denny Gropper,2026-08-13T18:00:00+00:00,2026,ELQ,10,False,4973715,6,119,away,208,3,1,injured,,,False,0,0,0,0,0,0,0,,,,1,0
624717,Denny Gropper,2026-08-06T16:00:00+00:00,2026,ELQ,10,False,4973702,5,119,neutral,208,0,3,injured,,,False,0,0,0,0,0,0,0,,,,1,0
624717,Denny Gropper,2026-07-30T16:00:00+00:00,2026,ELQ,10,False,4897952,4,119,neutral,2481,1,0,injured,,,False,0,0,0,0,0,0,0,,,,1,0
624717,Denny Gropper,2026-07-23T17:00:00+00:00,2026,ELQ,10,False,4897943,3,119,away,2481,5,0,injured,,,False,0,0,0,0,0,0,0,,,,1,0
624717,Denny Gropper,2026-07-16T16:30:00+00:00,2026,IRLP,9,False,4922229,1,119,away,2976,3,1,injured,,,False,0,0,0,0,0,0,0,,,,1,0
668590,Itay Ben Hemo,2026-08-27T16:00:00+00:00,2026,ECLQ,10,False,5013851,8,119,neutral,2790,1,1,in squad,41,,False,0,0,0,0,0,0,0,,,,0,0
668590,Itay Ben Hemo,2026-08-23T17:15:00+00:00,2026,ISR1,1,False,4912929,1,119,away,43119,5,2,played,41,3,False,90,0,0,0,0,0,0,,,,0,0
668590,Itay Ben Hemo,2026-08-20T18:30:00+00:00,2026,ECLQ,10,False,5013827,7,119,away,2790,1,2,in squad,41,,False,0,0,0,0,0,0,0,,,,0,0
668590,Itay Ben Hemo,2026-08-13T18:00:00+00:00,2026,ELQ,10,False,4973715,6,119,away,208,3,1,in squad,41,,False,0,0,0,0,0,0,0,,,,0,0
668590,Itay Ben Hemo,2026-08-06T16:00:00+00:00,2026,ELQ,10,False,4973702,5,119,neutral,208,0,3,played,41,5,False,45,0,0,0,0,0,0,,,46,0,0
668590,Itay Ben Hemo,2026-07-30T16:00:00+00:00,2026,ELQ,10,False,4897952,4,119,neutral,2481,1,0,played,41,3,False,11,0,0,0,0,0,0,,79,,0,0
668590,Itay Ben Hemo,2026-07-23T17:00:00+00:00,2026,ELQ,10,False,4897943,3,119,away,2481,5,0,played,41,3,False,80,0,0,0,0,0,0,,,80,0,0
668590,Itay Ben Hemo,2026-07-16T16:30:00+00:00,2026,IRLP,9,False,4922229,1,119,away,2976,3,1,played,41,5,False,90,0,0,1,0,1,0,,,,0,0
668600,Shahar Rosen,2026-08-27T16:00:00+00:00,2026,ECLQ,10,False,5013851,8,119,neutral,2790,1,1,in squad,25,,False,0,0,0,0,0,0,0,,,,0,0
668600,Shahar Rosen,2026-08-23T17:15:00+00:00,2026,ISR1,1,False,4912929,1,119,away,43119,5,2,not in squad,,,False,0,0,0,0,0,0,0,,,,0,0
668600,Shahar Rosen,2026-08-20T18:30:00+00:00,2026,ECLQ,10,False,5013827,7,119,away,2790,1,2,in squad,25,,False,0,0,0,0,0,0,0,,,,0,0
668600,Shahar Rosen,2026-08-13T18:00:00+00:00,2026,ELQ,10,False,4973715,6,119,away,208,3,1,in squad,25,,False,0,0,0,0,0,0,0,,,,0,0
668600,Shahar Rosen,2026-08-06T16:00:00+00:00,2026,ELQ,10,False,4973702,5,119,neutral,208,0,3,played,25,4,False,45,0,0,0,0,0,0,,,46,0,0
668600,Shahar Rosen,2026-07-30T16:00:00+00:00,2026,ELQ,10,False,4897952,4,119,neutral,2481,1,0,in squad,25,,False,0,0,0,0,0,0,0,,,,0,0
668600,Shahar Rosen,2026-07-23T17:00:00+00:00,2026,ELQ,10,False,4897943,3,119,away,2481,5,0,in squad,25,,False,0,0,0,0,0,0,0,,,,0,0
668600,Shahar Rosen,2026-07-16T16:30:00+00:00,2026,IRLP,9,False,4922229,1,119,away,2976,3,1,played,25,0,False,20,0,0,0,0,0,0,,70,,0,0
1098925,Itay Malma,2026-08-27T16:00:00+00:00,2026,ECLQ,10,False,5013851,8,119,neutral,2790,1,1,not in squad,,,False,0,0,0,0,0,0,0,,,,0,0
1098925,Itay Malma,2026-08-23T17:15:00+00:00,2026,ISR1,1,False,4912929,1,119,away,43119,5,2,not in squad,,,False,0,0,0,0,0,0,0,,,,0,0
1098925,Itay Malma,2026-08-20T18:30:00+00:00,2026,ECLQ,10,False,5013827,7,119,away,2790,1,2,not in squad,,,False,0,0,0,0,0,0,0,,,,0,0
1098925,Itay Malma,2026-08-13T18:00:00+00:00,2026,ELQ,10,False,4973715,6,119,away,208,3,1,not in squad,,,False,0,0,0,0,0,0,0,,,,0,0
1098925,Itay Malma,2026-08-06T16:00:00+00:00,2026,ELQ,10,False,4973702,5,119,neutral,208,0,3,not in squad,,,False,0,0,0,0,0,0,0,,,,0,0
1098925,Itay Malma,2026-07-30T16:00:00+00:00,2026,ELQ,10,False,4897952,4,119,neutral,2481,1,0,not in squad,,,False,0,0,0,0,0,0,0,,,,0,0
1098925,Itay Malma,2026-07-23T17:00:00+00:00,2026,ELQ,10,False,4897943,3,119,away,2481,5,0,not in squad,,,False,0,0,0,0,0,0,0,,,,0,0
1098925,Itay Malma,2026-07-16T16:30:00+00:00,2026,IRLP,9,False,4922229,1,119,away,2976,3,1,not in squad,,,False,0,0,0,0,0,0,0,,,,0,0
507223,Kristijan Belic,2026-08-27T16:00:00+00:00,2026,ECLQ,10,False,5013851,8,119,neutral,2790,1,1,injured,,,False,0,0,0,0,0,0,0,,,,40,0
507223,Kristijan Belic,2026-08-23T17:15:00+00:00,2026,ISR1,1,False,4912929,1,119,away,43119,5,2,injured,,,False,0,0,0,0,0,0,0,,,,40,0
507223,Kristijan Belic,2026-08-20T18:30:00+00:00,2026,ECLQ,10,False,5013827,7,119,away,2790,1,2,injured,,,False,0,0,0,0,0,0,0,,,,40,0
507223,Kristijan Belic,2026-08-13T18:00:00+00:00,2026,ELQ,10,False,4973715,6,119,away,208,3,1,injured,,,False,0,0,0,0,0,0,0,,,,40,0
507223,Kristijan Belic,2026-08-06T16:00:00+00:00,2026,ELQ,10,False,4973702,5,119,neutral,208,0,3,injured,,,False,0,0,0,0,0,0,0,,,,40,0
507223,Kristijan Belic,2026-07-30T16:00:00+00:00,2026,ELQ,10,False,4897952,4,119,neutral,2481,1,0,injured,,,False,0,0,0,0,0,0,0,,,,40,0
507223,Kristijan Belic,2026-07-23T17:00:00+00:00,2026,ELQ,10,False,4897943,3,119,away,2481,5,0,played,17,6,False,8,0,0,0,0,0,0,,64,72,0,0
507223,Kristijan Belic,2026-07-16T16:30:00+00:00,2026,IRLP,9,False,4922229,1,119,away,2976,3,1,absent,,,False,0,0,0,0,0,0,0,,,,0,6
896338,Kervin Andrade,2026-08-27T16:00:00+00:00,2026,ECLQ,10,False,5013851,8,119,neutral,2790,1,1,not in squad,,,False,0,0,0,0,0,0,0,,,,0,0
896338,Kervin Andrade,2026-08-23T17:15:00+00:00,2026,ISR1,1,False,4912929,1,119,away,43119,5,2,absent,,,False,0,0,0,0,0,0,0,,,,0,6
896338,Kervin Andrade,2026-08-20T18:30:00+00:00,2026,ECLQ,10,False,5013827,7,119,away,2790,1,2,not in squad,,,False,0,0,0,0,0,0,0,,,,0,0
896338,Kervin Andrade,2026-08-13T18:00:00+00:00,2026,ELQ,10,False,4973715,6,119,away,208,3,1,played,10,0,False,6,0,0,0,0,0,0,,84,,0,0
896338,Kervin Andrade,2026-08-06T16:00:00+00:00,2026,ELQ,10,False,4973702,5,119,neutral,208,0,3,in squad,10,,False,0,0,0,0,0,0,0,,,,0,0
896338,Kervin Andrade,2026-07-30T16:00:00+00:00,2026,ELQ,10,False,4897952,4,119,neutral,2481,1,0,in squad,10,,False,0,0,0,0,0,0,0,,,,0,0
896338,Kervin Andrade,2026-07-23T17:00:00+00:00,2026,ELQ,10,False,4897943,3,119,away,2481,5,0,not in squad,,,False,0,0,0,0,0,0,0,,,,0,0
896338,Kervin Andrade,2026-07-16T16:30:00+00:00,2026,IRLP,9,False,4922229,1,119,away,2976,3,1,absent,,,False,0,0,0,0,0,0,0,,,,0,6
740674,Issouf Sissokho,2026-08-27T16:00:00+00:00,2026,ECLQ,10,False,5013851,8,119,neutral,2790,1,1,played,28,6,False,90,0,0,0,0,0,0,,,,0,0
740674,Issouf Sissokho,2026-08-23T17:15:00+00:00,2026,ISR1,1,False,4912929,1,119,away,43119,5,2,in squad,28,,False,0,0,0,0,0,0,0,,,,0,0
740674,Issouf Sissokho,2026-08-20T18:30:00+00:00,2026,ECLQ,10,False,5013827,7,119,away,2790,1,2,played,28,6,False,90,0,0,0,0,0,0,,,,0,0
740674,Issouf Sissokho,2026-08-13T18:00:00+00:00,2026,ELQ,10,False,4973715,6,119,away,208,3,1,played,28,6,False,90,0,0,0,0,0,0,80,,,0,0
740674,Issouf Sissokho,2026-08-06T16:00:00+00:00,2026,ELQ,10,False,4973702,5,119,neutral,208,0,3,played,28,6,False,90,0,0,0,0,0,0,,,,0,0
740674,Issouf Sissokho,2026-07-30T16:00:00+00:00,2026,ELQ,10,False,4897952,4,119,neutral,2481,1,0,played,28,6,False,90,0,0,0,0,0,0,,,,0,0
740674,Issouf Sissokho,2026-07-23T17:00:00+00:00,2026,ELQ,10,False,4897943,3,119,away,2481,5,0,played,28,7,False,90,1,0,0,0,0,0,,,,0,0
740674,Issouf Sissokho,2026-07-16T16:30:00+00:00,2026,IRLP,9,False,4922229,1,119,away,2976,3,1,played,28,7,False,90,0,0,1,0,1,0,,,,0,0
519506,Ido Shahar,2026-08-27T16:00:00+00:00,2026,ECLQ,10,False,5013851,8,119,neutral,2790,1,1,played,36,7,False,81,0,0,3,1,2,0,,,81,0,0
519506,Ido Shahar,2026-08-23T17:15:00+00:00,2026,ISR1,1,False,4912929,1,119,away,43119,5,2,played,36,7,False,64,0,0,1,0,1,0,,,64,0,0
519506,Ido Shahar,2026-08-20T18:30:00+00:00,2026,ECLQ,10,False,5013827,7,119,away,2790,1,2,played,36,7,False,90,1,0,1,1,0,0,,,,0,0
519506,Ido Shahar,2026-08-13T18:00:00+00:00,2026,ELQ,10,False,4973715,6,119,away,208,3,1,played,36,7,False,84,0,0,0,0,0,0,,,84,0,0
519506,Ido Shahar,2026-08-06T16:00:00+00:00,2026,ELQ,10,False,4973702,5,119,neutral,208,0,3,played,36,9,False,66,0,0,0,0,0,0,,,66,0,0
519506,Ido Shahar,2026-07-30T16:00:00+00:00,2026,ELQ,10,False,4897952,4,119,neutral,2481,1,0,played,36,7,False,63,0,0,0,0,0,0,,,63,0,0
519506,Ido Shahar,2026-07-23T17:00:00+00:00,2026,ELQ,10,False,4897943,3,119,away,2481,5,0,played,36,7,False,64,0,1,0,0,0,0,,,64,0,0
519506,Ido Shahar,2026-07-16T16:30:00+00:00,2026,IRLP,9,False,4922229,1,119,away,2976,3,1,played,36,9,False,90,0,0,0,0,0,0,,,90,0,0
204987,Dor Peretz,2026-08-27T16:00:00+00:00,2026,ECLQ,10,False,5013851,8,119,neutral,2790,1,1,played,42,7,True,90,1,0,5,2,1,2,,,,0,0
204987,Dor Peretz,2026-08-23T17:15:00+00:00,2026,ISR1,1,False,4912929,1,119,away,43119,5,2,played,42,7,True,76,3,0,4,4,0,0,,,76,0,0
204987,Dor Peretz,2026-08-20T18:30:00+00:00,2026,ECLQ,10,False,5013827,7,119,away,2790,1,2,played,42,7,True,90,0,0,1,0,1,0,,,,0,0
204987,Dor Peretz,2026-08-13T18:00:00+00:00,2026,ELQ,10,False,4973715,6,119,away,208,3,1,played,42,7,True,90,1,0,0,0,0,0,31,,,0,0
204987,Dor Peretz,2026-08-06T16:00:00+00:00,2026,ELQ,10,False,4973702,5,119,neutral,208,0,3,played,42,10,True,90,0,0,0,0,0,0,,,,0,0
204987,Dor Peretz,2026-07-30T16:00:00+00:00,2026,ELQ,10,False,4897952,4,119,neutral,2481,1,0,played,42,7,True,90,0,0,0,0,0,0,,,,0,0
204987,Dor Peretz,2026-07-23T17:00:00+00:00,2026,ELQ,10,False,4897943,3,119,away,2481,5,0,played,42,14,True,90,1,1,0,0,0,0,,,,0,0
204987,Dor Peretz,2026-07-16T16:30:00+00:00,2026,IRLP,9,False,4922229,1,119,away,2976,3,1,played,42,14,True,90,1,0,6,1,3,2,,,,0,0
247589,Dan Glazer,2026-08-27T16:00:00+00:00,2026,ECLQ,10,False,5013851,8,119,neutral,2790,1,1,in squad,18,,False,0,0,0,0,0,0,0,,,,0,0
247589,Dan Glazer,2026-08-23T17:15:00+00:00,2026,ISR1,1,False,4912929,1,119,away,43119,5,2,played,18,0,False,26,0,0,0,0,0,0,,64,,0,0
247589,Dan Glazer,2026-08-20T18:30:00+00:00,2026,ECLQ,10,False,5013827,7,119,away,2790,1,2,in squad,18,,False,0,0,0,0,0,0,0,,,,0,0
247589,Dan Glazer,2026-08-13T18:00:00+00:00,2026,ELQ,10,False,4973715,6,119,away,208,3,1,in squad,18,,False,0,0,0,0,0,0,0,,,,0,0
247589,Dan Glazer,2026-08-06T16:00:00+00:00,2026,ELQ,10,False,4973702,5,119,neutral,208,0,3,in squad,18,,False,0,0,0,0,0,0,0,,,,0,0
247589,Dan Glazer,2026-07-30T16:00:00+00:00,2026,ELQ,10,False,4897952,4,119,neutral,2481,1,0,in squad,18,,False,0,0,0,0,0,0,0,,,,0,0
247589,Dan Glazer,2026-07-23T17:00:00+00:00,2026,ELQ,10,False,4897943,3,119,away,2481,5,0,played,18,6,False,18,0,0,0,0,0,0,,72,,0,0
247589,Dan Glazer,2026-07-16T16:30:00+00:00,2026,IRLP,9,False,4922229,1,119,away,2976,3,1,played,18,0,False,7,0,0,1,0,0,1,,83,,0,0
648091,Itamar Noy,2026-08-27T16:00:00+00:00,2026,ECLQ,10,False,5013851,8,119,neutral,2790,1,1,in squad,30,,False,0,0,0,0,0,0,0,,,,0,0
648091,Itamar Noy,2026-08-23T17:15:00+00:00,2026,ISR1,1,False,4912929,1,119,away,43119,5,2,played,30,6,False,90,0,0,0,0,0,0,,,,0,0
648091,Itamar Noy,2026-08-20T18:30:00+00:00,2026,ECLQ,10,False,5013827,7,119,away,2790,1,2,in squad,30,,False,0,0,0,0,0,0,0,,,,0,0
648091,Itamar Noy,2026-08-13T18:00:00+00:00,2026,ELQ,10,False,4973715,6,119,away,208,3,1,in squad,30,,False,0,0,0,0,0,0,0,,,,0,0
648091,Itamar Noy,2026-08-06T16:00:00+00:00,2026,ELQ,10,False,4973702,5,119,neutral,208,0,3,played,30,6,False,90,0,0,0,0,0,0,,,,0,0
648091,Itamar Noy,2026-07-30T16:00:00+00:00,2026,ELQ,10,False,4897952,4,119,neutral,2481,1,0,played,30,6,False,11,0,0,0,0,0,0,,79,,0,0
648091,Itamar Noy,2026-07-23T17:00:00+00:00,2026,ELQ,10,False,4897943,3,119,away,2481,5,0,played,30,6,False,64,0,0,0,0,0,0,,,64,0,0
648091,Itamar Noy,2026-07-16T16:30:00+00:00,2026,IRLP,9,False,4922229,1,119,away,2976,3,1,played,30,7,False,70,0,0,1,0,0,1,,,70,0,0
1261451,Ilay Ben Simon,2026-08-27T16:00:00+00:00,2026,ECLQ,10,False,5013851,8,119,neutral,2790,1,1,in squad,60,,False,0,0,0,0,0,0,0,,,,0,0
1261451,Ilay Ben Simon,2026-08-23T17:15:00+00:00,2026,ISR1,1,False,4912929,1,119,away,43119,5,2,played,60,0,False,14,0,0,0,0,0,0,,76,,0,0
1261451,Ilay Ben Simon,2026-08-20T18:30:00+00:00,2026,ECLQ,10,False,5013827,7,119,away,2790,1,2,in squad,60,,False,0,0,0,0,0,0,0,,,,0,0
1261451,Ilay Ben Simon,2026-08-13T18:00:00+00:00,2026,ELQ,10,False,4973715,6,119,away,208,3,1,in squad,60,,False,0,0,0,0,0,0,0,,,,0,0
1261451,Ilay Ben Simon,2026-08-06T16:00:00+00:00,2026,ELQ,10,False,4973702,5,119,neutral,208,0,3,in squad,60,,False,0,0,0,0,0,0,0,,,,0,0
1261451,Ilay Ben Simon,2026-07-30T16:00:00+00:00,2026,ELQ,10,False,4897952,4,119,neutral,2481,1,0,played,60,10,False,27,0,0,0,0,0,0,,63,,0,0
1261451,Ilay Ben Simon,2026-07-23T17:00:00+00:00,2026,ELQ,10,False,4897943,3,119,away,2481,5,0,in squad,60,,False,0,0,0,0,0,0,0,,,,0,0
1261451,Ilay Ben Simon,2026-07-16T16:30:00+00:00,2026,IRLP,9,False,4922229,1,119,away,2976,3,1,in squad,60,,False,0,0,0,0,0,0,0,,,,0,0
1121990,Lotem Asras,2026-08-27T16:00:00+00:00,2026,ECLQ,10,False,5013851,8,119,neutral,2790,1,1,in squad,59,,False,0,0,0,0,0,0,0,,,,0,0
1121990,Lotem Asras,2026-08-23T17:15:00+00:00,2026,ISR1,1,False,4912929,1,119,away,43119,5,2,not in squad,,,False,0,0,0,0,0,0,0,,,,0,0
1121990,Lotem Asras,2026-08-20T18:30:00+00:00,2026,ECLQ,10,False,5013827,7,119,away,2790,1,2,not in squad,,,False,0,0,0,0,0,0,0,,,,0,0
1121990,Lotem Asras,2026-08-13T18:00:00+00:00,2026,ELQ,10,False,4973715,6,119,away,208,3,1,not in squad,,,False,0,0,0,0,0,0,0,,,,0,0
1121990,Lotem Asras,2026-08-06T16:00:00+00:00,2026,ELQ,10,False,4973702,5,119,neutral,208,0,3,in squad,59,,False,0,0,0,0,0,0,0,,,,0,0
1121990,Lotem Asras,2026-07-30T16:00:00+00:00,2026,ELQ,10,False,4897952,4,119,neutral,2481,1,0,in squad,59,,False,0,0,0,0,0,0,0,,,,0,0
1121990,Lotem Asras,2026-07-23T17:00:00+00:00,2026,ELQ,10,False,4897943,3,119,away,2481,5,0,not in squad,,,False,0,0,0,0,0,0,0,,,,0,0
1121990,Lotem Asras,2026-07-16T16:30:00+00:00,2026,IRLP,9,False,4922229,1,119,away,2976,3,1,played,59,0,False,1,0,0,0,0,0,0,90,90,,0,0
840836,Hélio Varela,2026-08-27T16:00:00+00:00,2026,ECLQ,10,False,5013851,8,119,neutral,2790,1,1,played,29,11,False,90,0,0,0,0,0,0,,,,0,0
840836,Hélio Varela,2026-08-23T17:15:00+00:00,2026,ISR1,1,False,4912929,1,119,away,43119,5,2,played,29,11,False,64,0,1,2,0,1,1,,,64,0,0
840836,Hélio Varela,2026-08-20T18:30:00+00:00,2026,ECLQ,10,False,5013827,7,119,away,2790,1,2,played,29,11,False,90,0,0,1,0,1,0,,,,0,0
840836,Hélio Varela,2026-08-13T18:00:00+00:00,2026,ELQ,10,False,4973715,6,119,away,208,3,1,played,29,11,False,90,0,0,0,0,0,0,,,,0,0
840836,Hélio Varela,2026-08-06T16:00:00+00:00,2026,ELQ,10,False,4973702,5,119,neutral,208,0,3,played,29,8,False,77,0,0,0,0,0,0,,,77,0,0
840836,Hélio Varela,2026-07-30T16:00:00+00:00,2026,ELQ,10,False,4897952,4,119,neutral,2481,1,0,played,29,11,False,79,0,0,0,0,0,0,,,79,0,0
840836,Hélio Varela,2026-07-23T17:00:00+00:00,2026,ELQ,10,False,4897943,3,119,away,2481,5,0,played,29,11,False,26,0,0,0,0,0,0,,64,,0,0
840836,Hélio Varela,2026-07-16T16:30:00+00:00,2026,IRLP,9,False,4922229,1,119,away,2976,3,1,absent,,,False,0,0,0,0,0,0,0,,,,0,4
1002520,Sayed Abu Farkhi,2026-08-27T16:00:00+00:00,2026,ECLQ,10,False,5013851,8,119,neutral,2790,1,1,not in squad,,,False,0,0,0,0,0,0,0,,,,0,0
1002520,Sayed Abu Farkhi,2026-08-23T17:15:00+00:00,2026,ISR1,1,False,4912929,1,119,away,43119,5,2,played,34,0,False,26,1,0,1,1,0,0,,64,,0,0
1002520,Sayed Abu Farkhi,2026-08-20T18:30:00+00:00,2026,ECLQ,10,False,5013827,7,119,away,2790,1,2,played,34,0,False,34,0,0,2,0,1,1,,56,,0,0
1002520,Sayed Abu Farkhi,2026-08-13T18:00:00+00:00,2026,ELQ,10,False,4973715,6,119,away,208,3,1,played,34,0,False,12,0,0,0,0,0,0,,78,,0,0
1002520,Sayed Abu Farkhi,2026-08-06T16:00:00+00:00,2026,ELQ,10,False,4973702,5,119,neutral,208,0,3,played,34,14,False,66,0,0,0,0,0,0,31,,66,0,0
1002520,Sayed Abu Farkhi,2026-07-30T16:00:00+00:00,2026,ELQ,10,False,4897952,4,119,neutral,2481,1,0,played,34,14,False,90,0,0,0,0,0,0,,,,0,0
1002520,Sayed Abu Farkhi,2026-07-23T17:00:00+00:00,2026,ELQ,10,False,4897943,3,119,away,2481,5,0,played,34,14,False,90,2,0,0,0,0,0,,,,0,0
1002520,Sayed Abu Farkhi,2026-07-16T16:30:00+00:00,2026,IRLP,9,False,4922229,1,119,away,2976,3,1,played,34,14,False,83,2,0,5,3,2,0,,,83,0,0
211847,Osher Davida,2026-08-27T16:00:00+00:00,2026,ECLQ,10,False,5013851,8,119,neutral,2790,1,1,played,77,12,False,90,0,0,4,1,0,3,,,,0,0
211847,Osher Davida,2026-08-23T17:15:00+00:00,2026,ISR1,1,False,4912929,1,119,away,43119,5,2,played,77,12,False,90,0,1,3,1,1,1,87,,,0,0
211847,Osher Davida,2026-08-20T18:30:00+00:00,2026,ECLQ,10,False,5013827,7,119,away,2790,1,2,played,77,12,False,90,0,0,2,0,0,2,,,,0,0
211847,Osher Davida,2026-08-13T18:00:00+00:00,2026,ELQ,10,False,4973715,6,119,away,208,3,1,played,77,12,False,78,0,2,0,0,0,0,,,78,0,0
211847,Osher Davida,2026-08-06T16:00:00+00:00,2026,ELQ,10,False,4973702,5,119,neutral,208,0,3,played,77,0,False,24,0,0,0,0,0,0,,66,,0,0
211847,Osher Davida,2026-07-30T16:00:00+00:00,2026,ELQ,10,False,4897952,4,119,neutral,2481,1,0,played,77,12,False,27,0,0,0,0,0,0,,63,,0,0
211847,Osher Davida,2026-07-23T17:00:00+00:00,2026,ELQ,10,False,4897943,3,119,away,2481,5,0,played,77,12,False,26,0,0,0,0,0,0,,64,,0,0
211847,Osher Davida,2026-07-16T16:30:00+00:00,2026,IRLP,9,False,4922229,1,119,away,2976,3,1,in squad,77,,False,0,0,0,0,0,0,0,,,,0,0
1079637,Elad Madmon,2026-08-27T16:00:00+00:00,2026,ECLQ,10,False,5013851,8,119,neutral,2790,1,1,played,19,0,False,25,0,0,3,0,2,1,,65,,0,0
1079637,Elad Madmon,2026-08-23T17:15:00+00:00,2026,ISR1,1,False,4912929,1,119,away,43119,5,2,not in squad,,,False,0,0,0,0,0,0,0,,,,0,0
1079637,Elad Madmon,2026-08-20T18:30:00+00:00,2026,ECLQ,10,False,5013827,7,119,away,2790,1,2,in squad,19,,False,0,0,0,0,0,0,0,,,,0,0
1079637,Elad Madmon,2026-08-13T18:00:00+00:00,2026,ELQ,10,False,4973715,6,119,away,208,3,1,played,19,0,False,12,0,0,0,0,0,0,82,78,,0,0
1079637,Elad Madmon,2026-08-06T16:00:00+00:00,2026,ELQ,10,False,4973702,5,119,neutral,208,0,3,played,19,0,False,13,0,0,0,0,0,0,,77,,0,0
1079637,Elad Madmon,2026-07-30T16:00:00+00:00,2026,ELQ,10,False,4897952,4,119,neutral,2481,1,0,not in squad,,,False,0,0,0,0,0,0,0,,,,0,0
1079637,Elad Madmon,2026-07-23T17:00:00+00:00,2026,ELQ,10,False,4897943,3,119,away,2481,5,0,in squad,19,,False,0,0,0,0,0,0,0,,,,0,0
1079637,Elad Madmon,2026-07-16T16:30:00+00:00,2026,IRLP,9,False,4922229,1,119,away,2976,3,1,absent,,,False,0,0,0,0,0,0,0,,,,0,6
481244,Ester Sokler,2026-08-27T16:00:00+00:00,2026,ECLQ,10,False,5013851,8,119,neutral,2790,1,1,played,9,14,False,65,0,0,1,1,0,0,,,65,0,0
481244,Ester Sokler,2026-08-23T17:15:00+00:00,2026,ISR1,1,False,4912929,1,119,away,43119,5,2,played,9,14,False,64,0,0,0,0,0,0,,,64,0,0
481244,Ester Sokler,2026-08-20T18:30:00+00:00,2026,ECLQ,10,False,5013827,7,119,away,2790,1,2,played,9,14,False,56,0,0,0,0,0,0,,,56,0,0
481244,Ester Sokler,2026-08-13T18:00:00+00:00,2026,ELQ,10,False,4973715,6,119,away,208,3,1,played,9,14,False,78,1,0,0,0,0,0,,,78,0,0
481244,Ester Sokler,2026-08-06T16:00:00+00:00,2026,ELQ,10,False,4973702,5,119,neutral,208,0,3,played,9,0,False,24,0,0,0,0,0,0,,66,,0,0
481244,Ester Sokler,2026-07-30T16:00:00+00:00,2026,ELQ,10,False,4897952,4,119,neutral,2481,1,0,not in squad,,,False,0,0,0,0,0,0,0,,,,0,0
481244,Ester Sokler,2026-07-18T18:00:00+00:00,2026,SER1,1,False,4936431,1,4645,away,4633,0,1,played,19,14,False,66,0,0,1,0,1,0,,,66,0,0
694512,Hisham Layous,2026-08-27T16:00:00+00:00,2026,ECLQ,10,False,5013851,8,119,neutral,2790,1,1,played,33,0,False,9,0,0,0,0,0,0,,81,,0,0
694512,Hisham Layous,2026-08-23T17:15:00+00:00,2026,ISR1,1,False,4912929,1,119,away,43119,5,2,played,33,0,False,26,0,1,0,0,0,0,,64,,0,0
694512,Hisham Layous,2026-08-20T18:30:00+00:00,2026,ECLQ,10,False,5013827,7,119,away,2790,1,2,in squad,33,,False,0,0,0,0,0,0,0,,,,0,0
694512,Hisham Layous,2026-08-13T18:00:00+00:00,2026,ELQ,10,False,4973715,6,119,away,208,3,1,injured,,,False,0,0,0,0,0,0,0,,,,305,0
694512,Hisham Layous,2026-08-06T16:00:00+00:00,2026,ELQ,10,False,4973702,5,119,neutral,208,0,3,injured,,,False,0,0,0,0,0,0,0,,,,305,0
694512,Hisham Layous,2026-07-30T16:00:00+00:00,2026,ELQ,10,False,4897952,4,119,neutral,2481,1,0,injured,,,False,0,0,0,0,0,0,0,,,,305,0
694512,Hisham Layous,2026-07-23T17:00:00+00:00,2026,ELQ,10,False,4897943,3,119,away,2481,5,0,injured,,,False,0,0,0,0,0,0,0,,,,305,0
694512,Hisham Layous,2026-07-16T16:30:00+00:00,2026,IRLP,9,False,4922229,1,119,away,2976,3,1,injured,,,False,0,0,0,0,0,0,0,,,,305,0
438310,Ion Nicolaescu,2026-08-27T16:00:00+00:00,2026,ECLQ,10,False,5013851,8,119,neutral,2790,1,1,injured,,,False,0,0,0,0,0,0,0,,,,1,0
438310,Ion Nicolaescu,2026-08-23T17:15:00+00:00,2026,ISR1,1,False,4912929,1,119,away,43119,5,2,injured,,,False,0,0,0,0,0,0,0,,,,1,0
438310,Ion Nicolaescu,2026-08-20T18:30:00+00:00,2026,ECLQ,10,False,5013827,7,119,away,2790,1,2,injured,,,False,0,0,0,0,0,0,0,,,,1,0
438310,Ion Nicolaescu,2026-08-13T18:00:00+00:00,2026,ELQ,10,False,4973715,6,119,away,208,3,1,injured,,,False,0,0,0,0,0,0,0,,,,1,0
438310,Ion Nicolaescu,2026-08-06T16:00:00+00:00,2026,ELQ,10,False,4973702,5,119,neutral,208,0,3,injured,,,False,0,0,0,0,0,0,0,,,,1,0
438310,Ion Nicolaescu,2026-07-30T16:00:00+00:00,2026,ELQ,10,False,4897952,4,119,neutral,2481,1,0,injured,,,False,0,0,0,0,0,0,0,,,,1,0
438310,Ion Nicolaescu,2026-07-23T17:00:00+00:00,2026,ELQ,10,False,4897943,3,119,away,2481,5,0,injured,,,False,0,0,0,0,0,0,0,,,,1,0
438310,Ion Nicolaescu,2026-07-16T16:30:00+00:00,2026,IRLP,9,False,4922229,1,119,away,2976,3,1,injured,,,False,0,0,0,0,0,0,0,,,,1,0
1174940,Anis Porat Ayash,2026-08-27T16:00:00+00:00,2026,ECLQ,10,False,5013851,8,119,neutral,2790,1,1,not in squad,,,False,0,0,0,0,0,0,0,,,,0,0
1174940,Anis Porat Ayash,2026-08-23T17:15:00+00:00,2026,ISR1,1,False,4912929,1,119,away,43119,5,2,not in squad,,,False,0,0,0,0,0,0,0,,,,0,0
1174940,Anis Porat Ayash,2026-08-20T18:30:00+00:00,2026,ECLQ,10,False,5013827,7,119,away,2790,1,2,not in squad,,,False,0,0,0,0,0,0,0,,,,0,0
1174940,Anis Porat Ayash,2026-08-13T18:00:00+00:00,2026,ELQ,10,False,4973715,6,119,away,208,3,1,not in squad,,,False,0,0,0,0,0,0,0,,,,0,0
1174940,Anis Porat Ayash,2026-08-06T16:00:00+00:00,2026,ELQ,10,False,4973702,5,119,neutral,208,0,3,not in squad,,,False,0,0,0,0,0,0,0,,,,0,0
1174940,Anis Porat Ayash,2026-07-30T16:00:00+00:00,2026,ELQ,10,False,4897952,4,119,neutral,2481,1,0,not in squad,,,False,0,0,0,0,0,0,0,,,,0,0
1174940,Anis Porat Ayash,2026-07-23T17:00:00+00:00,2026,ELQ,10,False,4897943,3,119,away,2481,5,0,not in squad,,,False,0,0,0,0,0,0,0,,,,0,0
1174940,Anis Porat Ayash,2026-07-16T16:30:00+00:00,2026,IRLP,9,False,4922229,1,119,away,2976,3,1,not in squad,,,False,0,0,0,0,0,0,0,,,,0,0
293603,Sagiv Jehezkel,2026-08-27T16:00:00+00:00,2026,ECLQ,10,False,5013851,8,119,neutral,2790,1,1,injured,,,False,0,0,0,0,0,0,0,,,,176,0
293603,Sagiv Jehezkel,2026-08-23T17:15:00+00:00,2026,ISR1,1,False,4912929,1,119,away,43119,5,2,injured,,,False,0,0,0,0,0,0,0,,,,176,0
293603,Sagiv Jehezkel,2026-08-20T18:30:00+00:00,2026,ECLQ,10,False,5013827,7,119,away,2790,1,2,injured,,,False,0,0,0,0,0,0,0,,,,176,0
293603,Sagiv Jehezkel,2026-08-13T18:00:00+00:00,2026,ELQ,10,False,4973715,6,119,away,208,3,1,injured,,,False,0,0,0,0,0,0,0,,,,176,0
293603,Sagiv Jehezkel,2026-08-06T16:00:00+00:00,2026,ELQ,10,False,4973702,5,119,neutral,208,0,3,injured,,,False,0,0,0,0,0,0,0,,,,176,0
293603,Sagiv Jehezkel,2026-07-30T16:00:00+00:00,2026,ELQ,10,False,4897952,4,119,neutral,2481,1,0,played,11,12,False,63,0,0,0,0,0,0,,,63,0,0
293603,Sagiv Jehezkel,2026-07-23T17:00:00+00:00,2026,ELQ,10,False,4897943,3,119,away,2481,5,0,played,11,8,False,64,1,0,0,0,0,0,48,,64,0,0
293603,Sagiv Jehezkel,2026-07-16T16:30:00+00:00,2026,IRLP,9,False,4922229,1,119,away,2976,3,1,played,11,8,False,83,0,3,2,2,0,0,38,,83,0,0
359975,Yoav Gerafi,2026-08-30T17:15:00+00:00,2026,ISR1,1,False,4912901,2,810,home,1017,0,0,played,1,1,False,90,0,0,0,0,0,0,,,,0,0
1178431,Idan Weinberg,2026-08-30T16:00:00+00:00,2026,ISR2,2,False,4963340,3,51820,home,102847,3,2,played,4,0,False,90,0,0,0,0,0,0,,,,0,0
1178431,Idan Weinberg,2026-08-23T16:00:00+00:00,2026,ISR2,2,False,4963357,2,51820,away,9095,1,3,played,4,0,False,90,0,0,0,0,0,0,46,,,0,0
1178431,Idan Weinberg,2026-08-18T16:30:00+00:00,2026,ISR2,2,False,4963301,1,51820,home,51930,2,0,played,4,0,False,90,0,0,0,0,0,0,,,,0,0
1178431,Idan Weinberg,2026-07-16T16:30:00+00:00,2026,IRLP,9,False,4922229,1,119,away,2976,3,1,not in squad,,,False,0,0,0,0,0,0,0,,,,0,0
366929,Ben Lederman,2026-08-29T15:30:00+00:00,2026,PL1,1,False,4895759,6,30974,away,422,0,2,in squad,8,,False,0,0,0,0,0,0,0,,,,0,0
366929,Ben Lederman,2026-08-21T18:30:00+00:00,2026,PL1,1,False,4895634,5,30974,away,5689,2,3,played,8,0,False,24,0,0,2,0,2,0,,66,,0,0
366929,Ben Lederman,2026-08-15T15:30:00+00:00,2026,PL1,1,False,4895627,4,30974,away,6112,4,3,played,8,0,False,29,0,0,0,0,0,0,,61,,0,0
366929,Ben Lederman,2026-08-01T15:30:00+00:00,2026,PL1,1,False,4895607,2,30974,home,238,1,2,played,8,6,False,45,0,0,0,0,0,0,,,46,0,0
366929,Ben Lederman,2026-07-24T16:00:00+00:00,2026,PL1,1,False,4895597,1,30974,away,7154,1,2,played,8,6,False,79,0,0,3,0,2,1,67,,79,0,0
815672,Heitor,2026-08-29T17:30:00+00:00,2026,UNG1,1,False,4944295,6,708,home,5378,3,1,played,3,3,False,73,0,0,0,0,0,0,,,73,0,0
815672,Heitor,2026-08-21T15:30:00+00:00,2026,UNG1,1,False,4944287,5,708,away,12163,0,2,in squad,3,,False,0,0,0,0,0,0,0,,,,0,0
815672,Heitor,2026-08-15T14:30:00+00:00,2026,UNG1,1,False,4944282,4,708,home,634,1,1,not in squad,,,False,0,0,0,0,0,0,0,,,,0,0
815672,Heitor,2026-08-08T15:30:00+00:00,2026,UNG1,1,False,4944277,3,708,away,30613,4,2,played,3,3,False,83,1,1,2,1,1,0,,,83,0,0
815672,Heitor,2026-08-02T13:30:00+00:00,2026,UNG1,1,False,4906195,2,708,home,84,4,2,played,3,3,False,90,0,0,0,0,0,0,,,,0,0
815672,Heitor,2026-07-24T18:00:00+00:00,2026,UNG1,1,False,4906194,1,708,away,6058,1,2,played,3,3,False,64,0,0,0,0,0,0,,,64,0,0
1164740,Itay Zafrani,2026-08-30T17:15:00+00:00,2026,ISR1,1,False,4912901,2,810,home,1017,0,0,in squad,18,,False,0,0,0,0,0,0,0,,,,0,0
403177,Emir Sahiti,2026-08-29T16:30:00+00:00,2026,L1,1,False,4916115,1,41,away,16,0,2,not in squad,,,False,0,0,0,0,0,0,0,,,,0,0
403177,Emir Sahiti,2026-08-24T16:00:00+00:00,2026,DFB,8,False,4893867,1,41,away,93,3,0,not in squad,,,False,0,0,0,0,0,0,0,,,,0,0
1002504,Itay Hemi,2026-08-30T16:00:00+00:00,2026,ISR2,2,False,4963340,3,102847,away,51820,2,3,played,1,0,False,45,0,0,0,0,0,0,,46,,0,0
1002504,Itay Hemi,2026-08-23T16:00:00+00:00,2026,ISR2,2,False,4963358,2,102847,home,70178,0,1,played,1,0,False,45,0,0,0,0,0,0,,46,,0,0
1002504,Itay Hemi,2026-08-18T16:30:00+00:00,2026,ISR2,2,False,4963299,1,102847,away,46771,6,2,in squad,1,,False,0,0,0,0,0,0,0,,,,0,0
1002504,Itay Hemi,2026-07-21T19:00:00+00:00,2026,CLQ,10,False,4897893,3,2976,away,5849,1,2,not in squad,,,False,0,0,0,0,0,0,0,,,,0,0
1002504,Itay Hemi,2026-07-16T16:30:00+00:00,2026,IRLP,9,False,4922229,1,2976,home,119,1,3,not in squad,,,False,0,0,0,0,0,0,0,,,,0,0
171068,Hélder Lopes,2026-08-29T13:00:00+00:00,2026,PO2,2,False,4938934,4,2990,home,8189,0,2,played,22,4,False,90,0,0,0,0,0,0,,,,0,0
171068,Hélder Lopes,2026-08-21T19:15:00+00:00,2026,PO2,2,False,4938950,3,2990,away,7179,2,0,played,22,4,False,90,0,0,0,0,0,0,39,,,0,0
171068,Hélder Lopes,2026-08-14T17:00:00+00:00,2026,PO2,2,False,4938952,2,2990,home,3349,1,0,played,22,4,False,45,0,0,0,0,0,0,,46,,0,0
171068,Hélder Lopes,2026-08-08T10:00:00+00:00,2026,PO2,2,False,4938918,1,2990,away,3325,4,1,played,22,11,False,12,0,0,0,0,0,0,,78,,0,0
1111660,Joseph Sabobo,2026-08-28T16:00:00+00:00,2026,ARM1,1,False,4944058,5,37914,away,11411,1,1,played,17,11,False,17,0,0,0,0,0,0,90,73,,0,0
1111660,Joseph Sabobo,2026-08-21T17:00:00+00:00,2026,ARM1,1,False,4943880,4,37914,home,23911,3,0,in squad,17,,False,0,0,0,0,0,0,0,,,,0,0
1111660,Joseph Sabobo,2026-08-17T16:00:00+00:00,2026,ARM1,1,False,4944021,3,37914,away,60368,0,1,played,17,11,False,45,0,0,0,0,0,0,,46,,0,0
1111660,Joseph Sabobo,2026-08-10T16:00:00+00:00,2026,ARM1,1,False,4944037,2,37914,home,46507,3,0,in squad,17,,False,0,0,0,0,0,0,0,,,,0,0
1111660,Joseph Sabobo,2026-08-03T16:00:00+00:00,2026,ARM1,1,False,4919862,1,37914,home,11912,3,0,played,17,11,False,45,0,0,0,0,0,0,,,46,0,0
1111660,Joseph Sabobo,2026-07-30T18:30:00+00:00,2026,ECLQ,10,False,4898026,4,37914,away,7769,0,3,played,17,11,False,14,0,0,0,0,0,0,,,14,0,0
1111660,Joseph Sabobo,2026-07-23T15:00:00+00:00,2026,ECLQ,10,False,4897988,3,37914,home,7769,1,1,played,17,11,False,45,0,0,0,0,0,0,29,,46,0,0
1111660,Joseph Sabobo,2026-07-16T15:00:00+00:00,2026,ECLQ,10,False,4897261,2,37914,away,31007,8,7,played,17,11,False,46,0,0,0,0,0,0,,,46,0,0
1111660,Joseph Sabobo,2026-07-09T16:00:00+00:00,2026,ECLQ,10,False,4897235,1,37914,home,31007,1,1,played,16,11,False,45,0,0,0,0,0,0,,46,,0,0
807391,Samir Farhud,2026-08-29T17:00:00+00:00,2026,ISR1,1,False,4912905,2,51070,away,6028,0,2,played,11,14,False,45,0,0,1,0,0,1,,,46,0,0
807391,Samir Farhud,2026-08-22T17:00:00+00:00,2026,ISR1,1,False,4912928,1,51070,home,262,1,0,played,11,0,False,26,0,0,0,0,0,0,,64,,0,0
807391,Samir Farhud,2026-07-16T16:30:00+00:00,2026,IRLP,9,False,4922229,1,2976,home,119,1,3,absent,,,False,0,0,0,0,0,0,0,,,,0,6
177249,Alon Turgeman,2026-08-30T17:15:00+00:00,2026,ISR1,1,False,4912901,2,810,home,1017,0,0,played,17,14,True,67,0,0,2,0,1,1,,,67,0,0
1164747,Glenn Alvin,2026-08-22T17:30:00+00:00,2026,ISR1,1,False,4912930,1,1064,home,2785,2,1,in squad,90,,False,0,0,0,0,0,0,0,,,,0,0
460378,Jelle Bataille,2026-08-22T17:30:00+00:00,2026,ISR1,1,False,4912930,1,1064,home,2785,2,1,played,25,5,False,45,0,0,1,0,1,0,33,,46,0,0
1057319,Lisav Naif Eissat,2026-08-29T14:00:00+00:00,2026,GB2,2,False,4911105,3,698,home,1020,2,1,played,2,3,False,90,0,0,0,0,0,0,,,,0,0
1057319,Lisav Naif Eissat,2026-08-22T11:30:00+00:00,2026,GB2,2,False,4911079,2,698,away,337,2,2,played,2,3,False,90,0,0,1,0,1,0,,,,0,0
1057319,Lisav Naif Eissat,2026-08-15T14:00:00+00:00,2026,GB2,2,False,4911093,1,698,home,1028,0,2,played,2,4,False,56,0,0,0,0,0,0,,,56,0,0
1057319,Lisav Naif Eissat,2026-08-06T18:45:00+00:00,2026,CGB,14,False,4926003,2,698,home,899,0,1,played,2,3,False,90,0,0,0,0,0,0,,,,0,0
1381476,Yinon Faingezicht,2026-08-22T17:30:00+00:00,2026,ISR1,1,False,4912930,1,1064,home,2785,2,1,injured,,,False,0,0,0,0,0,0,0,,,,2,0
585264,Pedrão,2026-08-22T17:30:00+00:00,2026,ISR1,1,False,4912930,1,1064,home,2785,2,1,played,44,3,False,81,0,0,0,0,0,0,40,,81,0,0
204982,Shon Goldberg,2026-08-22T17:30:00+00:00,2026,ISR1,1,False,4912930,1,1064,home,2785,2,1,in squad,3,,False,0,0,0,0,0,0,0,,,,0,0
265383,Abdoulaye Seck,2026-08-30T18:00:00+00:00,2026,SA1,1,False,4976902,4,28848,away,26069,1,3,played,4,3,False,90,1,0,1,1,0,0,,,,0,0
265383,Abdoulaye Seck,2026-08-26T16:00:00+00:00,2026,SA1,1,False,4976882,3,28848,home,27221,1,1,played,4,3,True,90,0,0,0,0,0,0,35,,,0,0
265383,Abdoulaye Seck,2026-08-21T18:00:00+00:00,2026,SA1,1,False,4976870,2,28848,home,34911,0,2,played,4,3,True,90,0,0,1,1,0,0,,,,0,0
265383,Abdoulaye Seck,2026-08-18T18:00:00+00:00,2026,SAKC,8,False,4971032,1,28848,home,34911,1,3,not in squad,,,False,0,0,0,0,0,0,0,,,,0,0
265383,Abdoulaye Seck,2026-08-14T18:00:00+00:00,2026,SA1,1,False,4976890,1,28848,away,1114,2,4,played,4,3,False,90,0,0,0,0,0,0,,,,0,0
536156,Pierre Cornud,2026-08-22T17:30:00+00:00,2026,ISR1,1,False,4912930,1,1064,home,2785,2,1,injured,,,False,0,0,0,0,0,0,0,,,,147,0
668589,Roey Elimelech,2026-08-29T17:30:00+00:00,2026,ISR1,1,False,4912900,2,3793,home,5223,1,4,played,14,0,False,22,0,0,0,0,0,0,,68,,0,0
668589,Roey Elimelech,2026-08-13T18:30:00+00:00,2026,ECLQ,10,False,4973762,6,3793,away,14,4,5,played,14,0,False,55,0,0,0,0,0,0,,65,,0,0
668589,Roey Elimelech,2026-08-06T17:30:00+00:00,2026,ECLQ,10,False,4973732,5,3793,neutral,14,1,2,in squad,14,,False,0,0,0,0,0,0,0,,,,0,0
668589,Roey Elimelech,2026-07-30T17:30:00+00:00,2026,ECLQ,10,False,4898030,4,3793,home,2156,6,6,in squad,14,,False,0,0,0,0,0,0,0,,,,0,0
668589,Roey Elimelech,2026-07-23T16:30:00+00:00,2026,ECLQ,10,False,4897992,3,3793,away,2156,1,0,in squad,14,,False,0,0,0,0,0,0,0,,,,0,0
1469687,Noam Sztejfman,2026-08-22T17:30:00+00:00,2026,ISR1,1,False,4912930,1,1064,home,2785,2,1,played,35,0,False,9,0,0,0,0,0,0,,81,,0,0
1123856,Elad Amir,2026-08-22T17:30:00+00:00,2026,ISR1,1,False,4912930,1,1064,home,2785,2,1,injured,,,False,0,0,0,0,0,0,0,,,,195,0
709267,Zohar Zasano,2026-08-22T17:30:00+00:00,2026,ISR1,1,False,4912930,1,1064,home,2785,2,1,not in squad,,,False,0,0,0,0,0,0,0,,,,0,0
1453823,Tommy Tsitsuashvili,2026-08-23T16:00:00+00:00,2026,ISR2,2,False,4963356,2,6025,away,51930,0,4,played,77,0,False,32,0,0,0,0,0,0,,58,,0,0
1453823,Tommy Tsitsuashvili,2026-08-18T16:30:00+00:00,2026,ISR2,2,False,4963302,1,6025,home,25909,0,2,played,77,0,False,45,0,0,0,0,0,0,,,46,0,0
668603,Ethane Azoulay,2026-08-22T17:30:00+00:00,2026,ISR1,1,False,4912930,1,1064,home,2785,2,1,played,19,6,False,90,0,0,6,3,1,2,,,,0,0
1083164,Lior Kassa,2026-08-22T17:30:00+00:00,2026,ISR1,1,False,4912930,1,1064,home,2785,2,1,not in squad,,,False,0,0,0,0,0,0,0,,,,0,0
668940,Cédric Don,2026-08-22T17:30:00+00:00,2026,ISR1,1,False,4912930,1,1064,home,2785,2,1,played,45,0,False,29,0,0,0,0,0,0,,61,,0,0
339006,Ali Mohamed,2026-08-22T17:30:00+00:00,2026,ISR1,1,False,4912930,1,1064,home,2785,2,1,played,4,0,False,20,0,0,0,0,0,0,,70,,0,0
1456603,Navot Ratner,2026-08-22T17:30:00+00:00,2026,ISR1,1,False,4912930,1,1064,home,2785,2,1,in squad,36,,False,0,0,0,0,0,0,0,,,,0,0
396645,Goni Naor,2026-08-22T17:30:00+00:00,2026,ISR1,1,False,4912930,1,1064,home,2785,2,1,not in squad,,,False,0,0,0,0,0,0,0,,,,0,0
1381475,Daniel Darzi,2026-08-30T16:00:00+00:00,2026,ISR2,2,False,4963344,3,7532,away,8907,2,0,played,17,0,False,70,0,0,0,0,0,0,,,70,0,0
1381475,Daniel Darzi,2026-08-23T16:00:00+00:00,2026,ISR2,2,False,4963354,2,7532,home,25067,1,4,played,17,0,False,17,1,0,0,0,0,0,,73,,0,0
1381475,Daniel Darzi,2026-08-18T16:30:00+00:00,2026,ISR2,2,False,4963303,1,7532,away,554,0,2,played,17,0,False,74,0,0,0,0,0,0,,,74,0,0
1191693,Amit Arazi,2026-08-22T17:30:00+00:00,2026,ISR1,1,False,4912930,1,1064,home,2785,2,1,not in squad,,,False,0,0,0,0,0,0,0,,,,0,0
209019,Kenny Saief,2026-08-22T17:30:00+00:00,2026,ISR1,1,False,4912930,1,1064,home,2785,2,1,played,16,12,False,61,0,0,1,0,0,1,,,61,0,0
322702,Manuel Benson,2026-08-22T17:30:00+00:00,2026,ISR1,1,False,4912930,1,1064,home,2785,2,1,injured,,,False,0,0,0,0,0,0,0,,,,1,0
880054,Trivante Stewart,2026-08-29T18:30:00+00:00,2026,TR1,1,False,4933653,3,2832,home,126,1,2,injured,,,False,0,0,0,0,0,0,0,,,,101,0
880054,Trivante Stewart,2026-08-23T16:00:00+00:00,2026,TR1,1,False,4933645,2,2832,away,7160,1,0,played,9,14,False,76,0,0,3,0,2,1,,,76,0,0
880054,Trivante Stewart,2026-08-15T18:30:00+00:00,2026,TR1,1,False,4932838,1,2832,home,11282,1,1,played,9,14,False,70,0,0,2,0,1,1,,,70,0,0
376460,Djordje Jovanovic,2026-08-29T18:30:00+00:00,2026,C1,1,False,4897313,5,26,away,452,3,3,not in squad,,,False,0,0,0,0,0,0,0,,,,0,0
376460,Djordje Jovanovic,2026-08-22T18:30:00+00:00,2026,C1,1,False,4897306,4,26,away,260,2,1,not in squad,,,False,0,0,0,0,0,0,0,,,,0,0
376460,Djordje Jovanovic,2026-08-15T14:00:00+00:00,2026,SCC,8,False,4912822,1,26,away,16315,6,1,not in squad,,,False,0,0,0,0,0,0,0,,,,0,0
376460,Djordje Jovanovic,2026-08-09T14:30:00+00:00,2026,C1,1,False,4897299,3,26,home,938,4,2,not in squad,,,False,0,0,0,0,0,0,0,,,,0,0
376460,Djordje Jovanovic,2026-08-01T16:00:00+00:00,2026,C1,1,False,4897293,2,26,home,527,0,1,not in squad,,,False,0,0,0,0,0,0,0,,,,0,0
376460,Djordje Jovanovic,2026-07-25T16:00:00+00:00,2026,C1,1,False,4897288,1,26,away,61,1,0,not in squad,,,False,0,0,0,0,0,0,0,,,,0,0
540827,Suf Podgoreanu,2026-08-29T16:15:00+00:00,2026,BE1,1,False,4911798,4,601,home,172,1,3,played,7,0,False,8,0,0,0,0,0,0,,82,,0,0
540827,Suf Podgoreanu,2026-08-15T16:15:00+00:00,2026,BE1,1,False,4911815,2,601,home,1096,0,3,injured,,,False,0,0,0,0,0,0,0,,,,101,0
540827,Suf Podgoreanu,2026-08-07T18:45:00+00:00,2026,BE1,1,False,4911786,1,601,away,2282,0,3,injured,,,False,0,0,0,0,0,0,0,,,,101,0
778540,Xander Severina,2026-08-25T16:45:00+00:00,2026,CLQ,10,False,5013655,8,63993,home,2976,5,2,played,34,12,False,40,0,0,3,1,2,0,,80,,0,0
778540,Xander Severina,2026-08-21T12:00:00+00:00,2026,AZ1,1,False,4974744,2,63993,home,36999,0,0,not in squad,,,False,0,0,0,0,0,0,0,,,,0,0
778540,Xander Severina,2026-08-19T19:00:00+00:00,2026,CLQ,10,False,5013628,7,63993,neutral,2976,1,2,played,34,12,False,56,0,0,1,1,0,0,,,56,0,0
778540,Xander Severina,2026-08-15T16:45:00+00:00,2026,AZ1,1,False,4974737,1,63993,home,7090,2,0,played,34,0,False,28,1,0,0,0,0,0,,62,,0,0
778540,Xander Severina,2026-08-11T16:00:00+00:00,2026,CLQ,10,False,4973502,6,63993,home,678,4,0,played,34,12,False,32,1,0,4,1,0,3,,58,,0,0
778540,Xander Severina,2026-08-05T17:10:00+00:00,2026,CLQ,10,False,4973492,5,63993,away,678,1,2,played,34,0,False,11,0,0,0,0,0,0,,79,,0,0
778540,Xander Severina,2026-07-28T15:00:00+00:00,2026,CLQ,10,False,4897911,4,63993,away,6251,2,0,played,34,12,False,29,0,1,0,0,0,0,,61,,0,0
778540,Xander Severina,2026-07-21T16:00:00+00:00,2026,CLQ,10,False,4897899,3,63993,home,6251,1,0,played,34,0,False,24,0,0,0,0,0,0,,66,,0,0
778540,Xander Severina,2026-07-14T17:30:00+00:00,2026,CLQ,10,False,4897199,2,63993,away,10734,2,1,played,34,10,False,8,0,0,0,0,0,0,,82,,0,0
778540,Xander Severina,2026-07-07T16:00:00+00:00,2026,CLQ,10,False,4897185,1,63993,home,10734,2,0,played,34,11,False,13,0,0,0,0,0,0,,77,,0,0
374889,Kenji Gorré,2026-08-22T17:30:00+00:00,2026,ISR1,1,False,4912930,1,1064,home,2785,2,1,played,11,11,True,70,0,0,2,1,1,0,,,70,0,0
783327,Silva Kani,2026-08-22T17:30:00+00:00,2026,ISR1,1,False,4912930,1,1064,home,2785,2,1,played,26,14,False,70,0,1,1,0,0,1,,,70,0,0
1075641,Omer Dahan,2026-08-22T17:30:00+00:00,2026,ISR1,1,False,4912930,1,1064,home,2785,2,1,absent,,,False,0,0,0,0,0,0,0,,,,0,6
1474305,Niv Gabay,2026-08-29T17:00:00+00:00,2026,ISR1,1,False,4912905,2,6028,home,51070,2,0,played,39,0,False,17,0,0,2,1,0,1,,73,,0,0
1474305,Niv Gabay,2026-08-22T17:00:00+00:00,2026,ISR1,1,False,4912927,1,6028,away,3785,1,2,played,39,0,False,45,0,0,1,0,0,1,,46,,0,0
142532,Guy Melamed,2026-08-22T17:30:00+00:00,2026,ISR1,1,False,4912930,1,1064,home,2785,2,1,injured,,,False,0,0,0,0,0,0,0,,,,303,0
1474310,Mark Golenkov,2026-03-31T13:00:00+00:00,2026,U19Q,20,True,4825259,3,30519,away,21705,1,1,in squad,18,,False,0,0,0,0,0,0,0,,,,0,0
1474310,Mark Golenkov,2026-03-28T12:00:00+00:00,2026,U19Q,20,True,4825229,2,30519,away,5710,3,1,in squad,18,,False,0,0,0,0,0,0,0,,,,0,0
1474310,Mark Golenkov,2026-03-25T17:00:00+00:00,2026,U19Q,20,True,4825193,1,30519,away,12519,1,2,in squad,18,,False,0,0,0,0,0,0,0,,,,0,0
347268,Omri Glazer,2026-08-22T17:30:00+00:00,2026,ISR1,1,False,4912930,1,1064,home,2785,2,1,played,55,1,False,90,0,0,0,0,0,0,,,,0,0
639754,Tsunami,2026-08-22T17:30:00+00:00,2026,ISR1,1,False,4912930,1,1064,home,2785,2,1,played,66,4,False,90,0,0,1,0,1,0,,,,0,0
566043,Nigel Lonwijk,2026-08-22T17:30:00+00:00,2026,ISR1,1,False,4912930,1,1064,home,2785,2,1,played,21,3,False,90,0,0,0,0,0,0,78,,,0,0
926479,Yarin Levi,2026-08-22T17:30:00+00:00,2026,ISR1,1,False,4912930,1,1064,home,2785,2,1,played,8,6,False,90,0,0,0,0,0,0,,,,0,0
584083,Bruninho,2026-08-22T17:30:00+00:00,2026,ISR1,1,False,4912930,1,1064,home,2785,2,1,played,10,10,False,90,2,0,6,2,3,1,,,,0,0
1138606,Yair Mordechai,2026-08-22T17:30:00+00:00,2026,ISR1,1,False,4912930,1,1064,home,2785,2,1,in squad,7,,False,0,0,0,0,0,0,0,,,,0,0
336160,Andrija Novakovich,2026-08-22T17:30:00+00:00,2026,ISR1,1,False,4912930,1,1064,home,2785,2,1,played,9,0,False,20,0,0,0,0,0,0,,70,,0,0
1057292,Hamza Shibli,2026-08-22T17:30:00+00:00,2026,ISR1,1,False,4912930,1,1064,home,2785,2,1,not in squad,,,False,0,0,0,0,0,0,0,,,,0,0
1325551,Adam Grimberg,2026-08-22T17:30:00+00:00,2026,ISR1,1,False,4912930,1,1064,home,2785,2,1,not in squad,,,False,0,0,0,0,0,0,0,,,,0,0
1325551,Adam Grimberg,2026-03-31T13:00:00+00:00,2026,U19Q,20,True,4825259,3,30519,away,21705,1,1,played,19,14,False,81,0,0,0,0,0,0,,,81,0,0
1325551,Adam Grimberg,2026-03-28T12:00:00+00:00,2026,U19Q,20,True,4825229,2,30519,away,5710,3,1,played,19,14,False,75,1,0,0,0,0,0,,,75,0,0
1191694,Jad Shibli,2026-08-22T17:30:00+00:00,2026,ISR1,1,False,4912930,1,1064,home,2785,2,1,not in squad,,,False,0,0,0,0,0,0,0,,,,0,0
489614,Assaf Tzur,2026-08-30T17:15:00+00:00,2026,ISR1,1,False,4912901,2,1017,away,810,0,0,played,22,1,False,90,0,0,0,0,0,0,,,,0,0
489614,Assaf Tzur,2026-08-27T18:00:00+00:00,2026,ECLQ,10,False,5013842,8,1017,neutral,800,0,1,played,22,1,False,90,0,0,0,0,0,0,,,,0,0
489614,Assaf Tzur,2026-08-20T18:30:00+00:00,2026,ECLQ,10,False,5013818,7,1017,away,800,0,0,played,22,1,False,90,0,0,0,0,0,0,,,,0,0
489614,Assaf Tzur,2026-08-12T16:00:00+00:00,2026,ECLQ,10,False,4973761,6,1017,away,6456,1,2,played,22,1,False,90,0,0,0,0,0,0,,,,0,0
489614,Assaf Tzur,2026-08-06T18:00:00+00:00,2026,ECLQ,10,False,4973731,5,1017,neutral,6456,2,0,played,22,1,False,90,0,0,0,0,0,0,,,,0,0
489614,Assaf Tzur,2026-07-30T18:00:00+00:00,2026,ECLQ,10,False,4898025,4,1017,away,31614,2,2,played,22,1,False,90,0,0,0,0,0,0,,,,0,0
489614,Assaf Tzur,2026-07-23T18:30:00+00:00,2026,ECLQ,10,False,4897987,3,1017,neutral,31614,2,0,played,22,1,False,90,0,0,0,0,0,0,,,,0,0
1083167,Dor Benyamini,2026-08-30T17:15:00+00:00,2026,ISR1,1,False,4912901,2,1017,away,810,0,0,in squad,1,,False,0,0,0,0,0,0,0,,,,0,0
1083167,Dor Benyamini,2026-08-27T18:00:00+00:00,2026,ECLQ,10,False,5013842,8,1017,neutral,800,0,1,in squad,1,,False,0,0,0,0,0,0,0,,,,0,0
1083167,Dor Benyamini,2026-08-20T18:30:00+00:00,2026,ECLQ,10,False,5013818,7,1017,away,800,0,0,in squad,1,,False,0,0,0,0,0,0,0,,,,0,0
1083167,Dor Benyamini,2026-08-12T16:00:00+00:00,2026,ECLQ,10,False,4973761,6,1017,away,6456,1,2,in squad,1,,False,0,0,0,0,0,0,0,,,,0,0
1083167,Dor Benyamini,2026-08-06T18:00:00+00:00,2026,ECLQ,10,False,4973731,5,1017,neutral,6456,2,0,not in squad,,,False,0,0,0,0,0,0,0,,,,0,0
1083167,Dor Benyamini,2026-07-30T18:00:00+00:00,2026,ECLQ,10,False,4898025,4,1017,away,31614,2,2,in squad,1,,False,0,0,0,0,0,0,0,,,,0,0
1083167,Dor Benyamini,2026-07-23T18:30:00+00:00,2026,ECLQ,10,False,4897987,3,1017,neutral,31614,2,0,not in squad,,,False,0,0,0,0,0,0,0,,,,0,0
612342,Chico,2026-08-30T17:15:00+00:00,2026,ISR1,1,False,4912901,2,1017,away,810,0,0,played,4,3,False,90,0,0,0,0,0,0,17,,,0,0
612342,Chico,2026-08-27T18:00:00+00:00,2026,ECLQ,10,False,5013842,8,1017,neutral,800,0,1,played,4,3,False,90,0,0,1,1,0,0,90,,,0,0
612342,Chico,2026-08-20T18:30:00+00:00,2026,ECLQ,10,False,5013818,7,1017,away,800,0,0,played,4,3,False,90,0,0,0,0,0,0,,,,0,0
612342,Chico,2026-08-12T16:00:00+00:00,2026,ECLQ,10,False,4973761,6,1017,away,6456,1,2,played,4,3,False,90,0,0,0,0,0,0,,,,0,0
612342,Chico,2026-08-06T18:00:00+00:00,2026,ECLQ,10,False,4973731,5,1017,neutral,6456,2,0,played,4,3,False,90,0,0,0,0,0,0,,,,0,0
612342,Chico,2026-07-30T18:00:00+00:00,2026,ECLQ,10,False,4898025,4,1017,away,31614,2,2,played,4,3,False,90,0,0,0,0,0,0,22,,,0,0
612342,Chico,2026-07-23T18:30:00+00:00,2026,ECLQ,10,False,4897987,3,1017,neutral,31614,2,0,played,4,3,False,90,1,0,0,0,0,0,70,,,0,0
413245,Fernand Mayembo,2026-08-30T17:15:00+00:00,2026,ISR1,1,False,4912901,2,1017,away,810,0,0,played,5,3,True,90,0,0,1,0,1,0,,,,0,0
413245,Fernand Mayembo,2026-08-27T18:00:00+00:00,2026,ECLQ,10,False,5013842,8,1017,neutral,800,0,1,played,5,3,True,90,0,0,0,0,0,0,60,,,0,0
413245,Fernand Mayembo,2026-08-20T18:30:00+00:00,2026,ECLQ,10,False,5013818,7,1017,away,800,0,0,played,5,3,True,90,0,0,0,0,0,0,,,,0,0
413245,Fernand Mayembo,2026-08-12T16:00:00+00:00,2026,ECLQ,10,False,4973761,6,1017,away,6456,1,2,played,5,3,True,90,0,0,0,0,0,0,,,,0,0
413245,Fernand Mayembo,2026-08-06T18:00:00+00:00,2026,ECLQ,10,False,4973731,5,1017,neutral,6456,2,0,played,5,3,True,90,0,0,0,0,0,0,,,,0,0
413245,Fernand Mayembo,2026-07-30T18:00:00+00:00,2026,ECLQ,10,False,4898025,4,1017,away,31614,2,2,played,5,3,True,90,0,0,0,0,0,0,,,,0,0
413245,Fernand Mayembo,2026-07-23T18:30:00+00:00,2026,ECLQ,10,False,4897987,3,1017,neutral,31614,2,0,played,5,3,True,90,0,0,0,0,0,0,,,,0,0
1017876,Sagi Pinhas,2026-08-23T16:00:00+00:00,2026,ISR2,2,False,4963358,2,70178,away,102847,1,0,in squad,1,,False,0,0,0,0,0,0,0,,,,0,0
1017876,Sagi Pinhas,2026-08-18T16:30:00+00:00,2026,ISR2,2,False,4963300,1,70178,home,9095,1,4,in squad,1,,False,0,0,0,0,0,0,0,,,,0,0
353365,Marcus Coco,2026-08-30T17:15:00+00:00,2026,ISR1,1,False,4912901,2,1017,away,810,0,0,played,97,5,False,87,0,0,0,0,0,0,,,87,0,0
353365,Marcus Coco,2026-08-27T18:00:00+00:00,2026,ECLQ,10,False,5013842,8,1017,neutral,800,0,1,played,97,5,False,90,0,0,0,0,0,0,84,,,0,0
353365,Marcus Coco,2026-08-20T18:30:00+00:00,2026,ECLQ,10,False,5013818,7,1017,away,800,0,0,played,97,5,False,89,0,0,0,0,0,0,,,89,0,0
353365,Marcus Coco,2026-08-12T16:00:00+00:00,2026,ECLQ,10,False,4973761,6,1017,away,6456,1,2,played,97,5,False,78,0,0,0,0,0,0,50,,78,0,0
353365,Marcus Coco,2026-08-06T18:00:00+00:00,2026,ECLQ,10,False,4973731,5,1017,neutral,6456,2,0,played,97,5,False,90,0,0,0,0,0,0,,,,0,0
353365,Marcus Coco,2026-07-30T18:00:00+00:00,2026,ECLQ,10,False,4898025,4,1017,away,31614,2,2,played,97,5,False,90,0,0,0,0,0,0,,,,0,0
353365,Marcus Coco,2026-07-23T18:30:00+00:00,2026,ECLQ,10,False,4897987,3,1017,neutral,31614,2,0,played,97,5,False,88,0,0,0,0,0,0,,,88,0,0
919539,Tal Archel,2026-08-30T17:15:00+00:00,2026,ISR1,1,False,4912901,2,1017,away,810,0,0,in squad,18,,False,0,0,0,0,0,0,0,,,,0,0
919539,Tal Archel,2026-08-27T18:00:00+00:00,2026,ECLQ,10,False,5013842,8,1017,neutral,800,0,1,in squad,18,,False,0,0,0,0,0,0,0,,,,0,0
919539,Tal Archel,2026-08-20T18:30:00+00:00,2026,ECLQ,10,False,5013818,7,1017,away,800,0,0,in squad,18,,False,0,0,0,0,0,0,0,,,,0,0
919539,Tal Archel,2026-08-12T16:00:00+00:00,2026,ECLQ,10,False,4973761,6,1017,away,6456,1,2,in squad,18,,False,0,0,0,0,0,0,0,,,,0,0
919539,Tal Archel,2026-08-06T18:00:00+00:00,2026,ECLQ,10,False,4973731,5,1017,neutral,6456,2,0,in squad,18,,False,0,0,0,0,0,0,0,,,,0,0
919539,Tal Archel,2026-07-30T18:00:00+00:00,2026,ECLQ,10,False,4898025,4,1017,away,31614,2,2,in squad,18,,False,0,0,0,0,0,0,0,,,,0,0
919539,Tal Archel,2026-07-23T18:30:00+00:00,2026,ECLQ,10,False,4897987,3,1017,neutral,31614,2,0,played,18,0,False,2,0,0,0,0,0,0,,88,,0,0
668596,Doron Leidner,2026-08-30T17:15:00+00:00,2026,ISR1,1,False,4912901,2,1017,away,810,0,0,played,16,4,False,90,0,0,1,1,0,0,90,,,0,0
668596,Doron Leidner,2026-08-27T18:00:00+00:00,2026,ECLQ,10,False,5013842,8,1017,neutral,800,0,1,played,16,4,False,90,0,0,0,0,0,0,,,,0,0
668596,Doron Leidner,2026-08-20T18:30:00+00:00,2026,ECLQ,10,False,5013818,7,1017,away,800,0,0,played,16,4,False,90,0,0,0,0,0,0,,,,0,0
668596,Doron Leidner,2026-08-12T16:00:00+00:00,2026,ECLQ,10,False,4973761,6,1017,away,6456,1,2,played,16,4,False,90,0,0,0,0,0,0,,,,0,0
668596,Doron Leidner,2026-08-06T18:00:00+00:00,2026,ECLQ,10,False,4973731,5,1017,neutral,6456,2,0,played,16,4,False,66,0,0,0,0,0,0,,,66,0,0
668596,Doron Leidner,2026-07-30T18:00:00+00:00,2026,ECLQ,10,False,4898025,4,1017,away,31614,2,2,played,16,4,False,55,0,0,0,0,0,0,45,,55,0,0
668596,Doron Leidner,2026-07-23T18:30:00+00:00,2026,ECLQ,10,False,4897987,3,1017,neutral,31614,2,0,played,16,4,False,90,0,0,0,0,0,0,,,,0,0
204988,Shahar Piven,2026-08-30T17:15:00+00:00,2026,ISR1,1,False,4912901,2,1017,away,810,0,0,in squad,21,,False,0,0,0,0,0,0,0,,,,0,0
204988,Shahar Piven,2026-08-27T18:00:00+00:00,2026,ECLQ,10,False,5013842,8,1017,neutral,800,0,1,in squad,21,,False,0,0,0,0,0,0,0,,,,0,0
204988,Shahar Piven,2026-08-20T18:30:00+00:00,2026,ECLQ,10,False,5013818,7,1017,away,800,0,0,played,21,0,False,1,0,0,0,0,0,0,,89,,0,0
204988,Shahar Piven,2026-08-12T16:00:00+00:00,2026,ECLQ,10,False,4973761,6,1017,away,6456,1,2,played,21,0,False,12,0,0,0,0,0,0,,78,,0,0
204988,Shahar Piven,2026-08-06T18:00:00+00:00,2026,ECLQ,10,False,4973731,5,1017,neutral,6456,2,0,played,21,0,False,24,0,0,0,0,0,0,,66,,0,0
204988,Shahar Piven,2026-07-30T18:00:00+00:00,2026,ECLQ,10,False,4898025,4,1017,away,31614,2,2,played,21,0,False,35,0,0,0,0,0,0,,55,,0,0
204988,Shahar Piven,2026-07-23T18:30:00+00:00,2026,ECLQ,10,False,4897987,3,1017,neutral,31614,2,0,played,21,0,False,2,0,0,0,0,0,0,,88,,0,0
466541,Ziv Morgan,2026-08-29T17:00:00+00:00,2026,ISR1,1,False,4912905,2,51070,away,6028,0,2,played,13,3,False,76,0,0,0,0,0,0,,,76,0,0
466541,Ziv Morgan,2026-08-22T17:00:00+00:00,2026,ISR1,1,False,4912928,1,51070,home,262,1,0,in squad,13,,False,0,0,0,0,0,0,0,,,,0,0
831137,Yazen Nassar,2026-08-29T17:00:00+00:00,2026,ISR1,1,False,4912904,2,262,home,43119,1,0,played,72,4,False,90,0,0,0,0,0,0,,,,0,0
831137,Yazen Nassar,2026-08-22T17:00:00+00:00,2026,ISR1,1,False,4912928,1,262,away,51070,0,1,played,72,4,False,90,0,0,0,0,0,0,,,,0,0
1498008,Elay Mori,2026-08-30T16:00:00+00:00,2026,ISR2,2,False,4963338,3,46771,home,2828,1,2,not in squad,,,False,0,0,0,0,0,0,0,,,,0,0
1498008,Elay Mori,2026-08-24T16:00:00+00:00,2026,ISR2,2,False,4963359,2,46771,away,6105,0,1,not in squad,,,False,0,0,0,0,0,0,0,,,,0,0
1498008,Elay Mori,2026-08-18T16:30:00+00:00,2026,ISR2,2,False,4963299,1,46771,home,102847,2,6,played,66,0,False,45,0,0,0,0,0,0,,,46,0,0
820371,Andrian Kraev,2026-08-30T17:15:00+00:00,2026,ISR1,1,False,4912901,2,1017,away,810,0,0,played,6,6,False,74,0,0,0,0,0,0,,,74,0,0
820371,Andrian Kraev,2026-08-27T18:00:00+00:00,2026,ECLQ,10,False,5013842,8,1017,neutral,800,0,1,played,6,6,False,77,0,0,0,0,0,0,,,77,0,0
820371,Andrian Kraev,2026-08-20T18:30:00+00:00,2026,ECLQ,10,False,5013818,7,1017,away,800,0,0,played,6,6,False,90,0,0,1,1,0,0,32,,,0,0
820371,Andrian Kraev,2026-08-12T16:00:00+00:00,2026,ECLQ,10,False,4973761,6,1017,away,6456,1,2,played,6,6,False,90,0,0,0,0,0,0,,,,0,0
820371,Andrian Kraev,2026-08-06T18:00:00+00:00,2026,ECLQ,10,False,4973731,5,1017,neutral,6456,2,0,played,6,6,False,90,0,0,0,0,0,0,,,,0,0
820371,Andrian Kraev,2026-07-30T18:00:00+00:00,2026,ECLQ,10,False,4898025,4,1017,away,31614,2,2,played,6,6,False,90,0,0,0,0,0,0,,,,0,0
820371,Andrian Kraev,2026-07-23T18:30:00+00:00,2026,ECLQ,10,False,4897987,3,1017,neutral,31614,2,0,played,6,6,False,88,0,0,0,0,0,0,,,88,0,0
967560,Roei Alkukin,2026-08-30T17:15:00+00:00,2026,ISR1,1,False,4912901,2,1017,away,810,0,0,played,15,10,False,87,0,0,0,0,0,0,,,87,0,0
967560,Roei Alkukin,2026-08-27T18:00:00+00:00,2026,ECLQ,10,False,5013842,8,1017,neutral,800,0,1,played,15,10,False,90,0,0,3,1,2,0,,,,0,0
967560,Roei Alkukin,2026-08-20T18:30:00+00:00,2026,ECLQ,10,False,5013818,7,1017,away,800,0,0,played,15,10,False,89,0,0,1,0,0,1,,,89,0,0
967560,Roei Alkukin,2026-08-12T16:00:00+00:00,2026,ECLQ,10,False,4973761,6,1017,away,6456,1,2,played,15,10,False,73,0,1,0,0,0,0,,,73,0,0
967560,Roei Alkukin,2026-08-06T18:00:00+00:00,2026,ECLQ,10,False,4973731,5,1017,neutral,6456,2,0,played,15,10,False,81,1,0,0,0,0,0,,,81,0,0
967560,Roei Alkukin,2026-07-30T18:00:00+00:00,2026,ECLQ,10,False,4898025,4,1017,away,31614,2,2,played,15,0,False,35,0,0,0,0,0,0,,55,,0,0
967560,Roei Alkukin,2026-07-23T18:30:00+00:00,2026,ECLQ,10,False,4897987,3,1017,neutral,31614,2,0,played,15,0,False,25,0,0,0,0,0,0,,65,,0,0
643195,Falcão,2026-08-30T17:15:00+00:00,2026,ISR1,1,False,4912901,2,1017,away,810,0,0,played,98,6,False,90,0,0,1,0,1,0,,,,0,0
643195,Falcão,2026-08-27T18:00:00+00:00,2026,ECLQ,10,False,5013842,8,1017,neutral,800,0,1,played,98,6,False,81,0,0,0,0,0,0,19,,81,0,0
643195,Falcão,2026-08-20T18:30:00+00:00,2026,ECLQ,10,False,5013818,7,1017,away,800,0,0,played,98,6,False,90,0,0,0,0,0,0,,,,0,0
643195,Falcão,2026-08-12T16:00:00+00:00,2026,ECLQ,10,False,4973761,6,1017,away,6456,1,2,played,98,6,False,90,0,0,0,0,0,0,,,,0,0
643195,Falcão,2026-08-06T18:00:00+00:00,2026,ECLQ,10,False,4973731,5,1017,neutral,6456,2,0,played,98,6,False,90,0,0,0,0,0,0,,,,0,0
643195,Falcão,2026-07-30T18:00:00+00:00,2026,ECLQ,10,False,4898025,4,1017,away,31614,2,2,played,98,6,False,90,0,0,0,0,0,0,,,,0,0
643195,Falcão,2026-07-23T18:30:00+00:00,2026,ECLQ,10,False,4897987,3,1017,neutral,31614,2,0,played,98,6,False,90,0,0,0,0,0,0,,,,0,0
185191,Omri Altman,2026-08-30T17:15:00+00:00,2026,ISR1,1,False,4912901,2,1017,away,810,0,0,played,51,0,False,13,0,0,0,0,0,0,,65,,0,0
185191,Omri Altman,2026-08-27T18:00:00+00:00,2026,ECLQ,10,False,5013842,8,1017,neutral,800,0,1,played,51,9,False,77,0,0,0,0,0,0,,,77,0,0
185191,Omri Altman,2026-08-20T18:30:00+00:00,2026,ECLQ,10,False,5013818,7,1017,away,800,0,0,played,51,9,False,63,0,0,1,0,1,0,54,,63,0,0
185191,Omri Altman,2026-08-12T16:00:00+00:00,2026,ECLQ,10,False,4973761,6,1017,away,6456,1,2,played,51,9,False,79,0,0,0,0,0,0,,,79,0,0
185191,Omri Altman,2026-08-06T18:00:00+00:00,2026,ECLQ,10,False,4973731,5,1017,neutral,6456,2,0,played,51,9,False,67,0,1,0,0,0,0,,,67,0,0
185191,Omri Altman,2026-07-30T18:00:00+00:00,2026,ECLQ,10,False,4898025,4,1017,away,31614,2,2,played,51,10,False,83,0,1,0,0,0,0,,,83,0,0
185191,Omri Altman,2026-07-23T18:30:00+00:00,2026,ECLQ,10,False,4897987,3,1017,neutral,31614,2,0,played,51,10,False,76,1,0,0,0,0,0,,,76,0,0
761351,El Yam Kancepolsky,2026-08-30T17:15:00+00:00,2026,ISR1,1,False,4912901,2,1017,away,810,0,0,in squad,14,,False,0,0,0,0,0,0,0,,,,0,0
761351,El Yam Kancepolsky,2026-08-27T18:00:00+00:00,2026,ECLQ,10,False,5013842,8,1017,neutral,800,0,1,played,14,0,False,13,0,0,0,0,0,0,,77,,0,0
761351,El Yam Kancepolsky,2026-08-20T18:30:00+00:00,2026,ECLQ,10,False,5013818,7,1017,away,800,0,0,in squad,14,,False,0,0,0,0,0,0,0,,,,0,0
761351,El Yam Kancepolsky,2026-08-12T16:00:00+00:00,2026,ECLQ,10,False,4973761,6,1017,away,6456,1,2,in squad,14,,False,0,0,0,0,0,0,0,,,,0,0
761351,El Yam Kancepolsky,2026-08-06T18:00:00+00:00,2026,ECLQ,10,False,4973731,5,1017,neutral,6456,2,0,in squad,14,,False,0,0,0,0,0,0,0,,,,0,0
761351,El Yam Kancepolsky,2026-07-30T18:00:00+00:00,2026,ECLQ,10,False,4898025,4,1017,away,31614,2,2,in squad,14,,False,0,0,0,0,0,0,0,,,,0,0
761351,El Yam Kancepolsky,2026-07-23T18:30:00+00:00,2026,ECLQ,10,False,4897987,3,1017,neutral,31614,2,0,in squad,14,,False,0,0,0,0,0,0,0,,,,0,0
1410260,Yishay Brosh,2026-08-30T16:00:00+00:00,2026,ISR2,2,False,4963344,3,7532,away,8907,2,0,played,6,0,False,90,0,0,0,0,0,0,59,,,0,0
1410260,Yishay Brosh,2026-08-23T16:00:00+00:00,2026,ISR2,2,False,4963354,2,7532,home,25067,1,4,played,6,0,False,73,0,0,0,0,0,0,,,73,0,0
1410260,Yishay Brosh,2026-08-18T16:30:00+00:00,2026,ISR2,2,False,4963303,1,7532,away,554,0,2,played,6,0,False,90,0,0,0,0,0,0,,,,0,0
930532,Amit Lemkin,2026-08-30T17:15:00+00:00,2026,ISR1,1,False,4912901,2,1017,away,810,0,0,played,23,0,False,3,0,0,0,0,0,0,,87,,0,0
930532,Amit Lemkin,2026-08-27T18:00:00+00:00,2026,ECLQ,10,False,5013842,8,1017,neutral,800,0,1,in squad,23,,False,0,0,0,0,0,0,0,,,,0,0
930532,Amit Lemkin,2026-08-20T18:30:00+00:00,2026,ECLQ,10,False,5013818,7,1017,away,800,0,0,played,23,0,False,1,0,0,0,0,0,0,,89,,0,0
930532,Amit Lemkin,2026-08-12T16:00:00+00:00,2026,ECLQ,10,False,4973761,6,1017,away,6456,1,2,played,23,0,False,17,0,0,0,0,0,0,,73,,0,0
930532,Amit Lemkin,2026-08-06T18:00:00+00:00,2026,ECLQ,10,False,4973731,5,1017,neutral,6456,2,0,played,23,0,False,9,0,0,0,0,0,0,,81,,0,0
930532,Amit Lemkin,2026-07-30T18:00:00+00:00,2026,ECLQ,10,False,4898025,4,1017,away,31614,2,2,played,23,0,False,7,0,0,0,0,0,0,,83,,0,0
930532,Amit Lemkin,2026-07-23T18:30:00+00:00,2026,ECLQ,10,False,4897987,3,1017,neutral,31614,2,0,in squad,23,,False,0,0,0,0,0,0,0,,,,0,0
919522,Ariel Cohen,2026-08-29T17:00:00+00:00,2026,ISR1,1,False,4912905,2,51070,away,6028,0,2,played,8,6,False,63,0,0,0,0,0,0,,,63,0,0
919522,Ariel Cohen,2026-08-22T17:00:00+00:00,2026,ISR1,1,False,4912928,1,51070,home,262,1,0,played,8,6,False,78,0,0,1,1,0,0,,,78,0,0
615033,Loizos Loizou,2026-08-30T18:00:00+00:00,2026,SER1,1,False,4939895,7,159,away,3521,2,0,played,75,0,False,25,0,0,0,0,0,0,,65,,0,0
615033,Loizos Loizou,2026-08-27T17:00:00+00:00,2026,ELQ,10,False,5013795,8,159,away,941,1,5,in squad,75,,False,0,0,0,0,0,0,0,,,,0,0
615033,Loizos Loizou,2026-08-23T17:00:00+00:00,2026,SER1,1,False,4939882,6,159,home,6621,4,0,played,75,8,False,74,1,0,4,2,1,1,29,,74,0,0
615033,Loizos Loizou,2026-08-20T18:00:00+00:00,2026,ELQ,10,False,5013753,7,159,home,941,3,0,played,75,0,False,1,0,0,0,0,0,0,,90,,0,0
615033,Loizos Loizou,2026-08-15T18:00:00+00:00,2026,SER1,1,False,4939873,5,159,away,59358,0,0,not in squad,,,False,0,0,0,0,0,0,0,,,,0,0
615033,Loizos Loizou,2026-08-11T18:00:00+00:00,2026,CLQ,10,False,4973504,6,159,home,2976,0,2,in squad,75,,False,0,0,0,0,0,0,0,,,,0,0
615033,Loizos Loizou,2026-08-08T18:00:00+00:00,2026,SER1,1,False,4939862,4,159,home,4633,2,0,played,75,8,False,64,0,0,2,1,0,1,,,64,0,0
615033,Loizos Loizou,2026-08-04T17:30:00+00:00,2026,CLQ,10,False,4973494,5,159,neutral,2976,0,1,played,75,0,False,17,0,0,0,0,0,0,,73,,0,0
615033,Loizos Loizou,2026-08-01T12:00:00+00:00,2026,SER1,1,False,4937757,3,159,away,33328,0,0,not in squad,,,False,0,0,0,0,0,0,0,,,,0,0
615033,Loizos Loizou,2026-07-29T18:00:00+00:00,2026,CLQ,10,False,4897901,4,159,home,3461,5,0,played,75,9,False,63,1,0,0,0,0,0,,,63,0,0
615033,Loizos Loizou,2026-07-26T17:00:00+00:00,2026,SER1,1,False,4937755,2,159,home,448,3,1,in squad,75,,False,0,0,0,0,0,0,0,,,,0,0
615033,Loizos Loizou,2026-07-21T19:00:00+00:00,2026,CLQ,10,False,4897889,3,159,away,3461,4,0,played,75,9,False,45,0,0,0,0,0,0,,,46,0,0
615033,Loizos Loizou,2026-07-17T18:00:00+00:00,2026,SER1,1,False,4936429,1,159,home,4657,5,0,played,75,12,False,63,0,0,1,0,1,0,,,63,0,0
806427,Stav Turiel,2026-08-30T17:15:00+00:00,2026,ISR1,1,False,4912901,2,1017,away,810,0,0,played,11,8,False,90,0,0,2,1,1,0,90,,,0,0
806427,Stav Turiel,2026-08-27T18:00:00+00:00,2026,ECLQ,10,False,5013842,8,1017,neutral,800,0,1,played,11,0,False,24,0,0,2,0,1,1,87,66,,0,0
806427,Stav Turiel,2026-08-20T18:30:00+00:00,2026,ECLQ,10,False,5013818,7,1017,away,800,0,0,not in squad,,,False,0,0,0,0,0,0,0,,,,0,0
806427,Stav Turiel,2026-08-12T16:00:00+00:00,2026,ECLQ,10,False,4973761,6,1017,away,6456,1,2,played,11,8,False,88,1,0,0,0,0,0,70,,88,0,0
806427,Stav Turiel,2026-08-06T18:00:00+00:00,2026,ECLQ,10,False,4973731,5,1017,neutral,6456,2,0,played,11,8,False,87,1,0,0,0,0,0,,,87,0,0
806427,Stav Turiel,2026-07-30T18:00:00+00:00,2026,ECLQ,10,False,4898025,4,1017,away,31614,2,2,played,11,8,False,83,0,0,0,0,0,0,45,,83,0,0
806427,Stav Turiel,2026-07-23T18:30:00+00:00,2026,ECLQ,10,False,4897987,3,1017,neutral,31614,2,0,played,11,8,False,90,0,1,0,0,0,0,,,,0,0
1309653,Daniel Dappa,2026-08-30T17:15:00+00:00,2026,ISR1,1,False,4912901,2,1017,away,810,0,0,played,44,14,False,65,0,0,2,1,1,0,,,65,0,0
1309653,Daniel Dappa,2026-08-27T18:00:00+00:00,2026,ECLQ,10,False,5013842,8,1017,neutral,800,0,1,played,44,0,False,9,0,0,0,0,0,0,,81,,0,0
1309653,Daniel Dappa,2026-08-20T18:30:00+00:00,2026,ECLQ,10,False,5013818,7,1017,away,800,0,0,played,44,0,False,15,0,0,0,0,0,0,,75,,0,0
1309653,Daniel Dappa,2026-08-12T16:00:00+00:00,2026,ECLQ,10,False,4973761,6,1017,away,6456,1,2,in squad,44,,False,0,0,0,0,0,0,0,,,,0,0
1309653,Daniel Dappa,2026-08-06T18:00:00+00:00,2026,ECLQ,10,False,4973731,5,1017,neutral,6456,2,0,played,44,0,False,9,0,0,0,0,0,0,,81,,0,0
1309653,Daniel Dappa,2026-07-30T18:00:00+00:00,2026,ECLQ,10,False,4898025,4,1017,away,31614,2,2,played,44,0,False,15,0,0,0,0,0,0,,75,,0,0
1309653,Daniel Dappa,2026-07-23T18:30:00+00:00,2026,ECLQ,10,False,4897987,3,1017,neutral,31614,2,0,played,44,0,False,14,0,0,0,0,0,0,,76,,0,0
332612,Emmanuel Boateng,2026-08-30T17:15:00+00:00,2026,ISR1,1,False,4912901,2,1017,away,810,0,0,played,9,0,False,25,0,0,1,1,0,0,,65,,0,0
332612,Emmanuel Boateng,2026-08-27T18:00:00+00:00,2026,ECLQ,10,False,5013842,8,1017,neutral,800,0,1,played,9,14,False,81,0,0,2,0,0,2,,,81,0,0
332612,Emmanuel Boateng,2026-08-20T18:30:00+00:00,2026,ECLQ,10,False,5013818,7,1017,away,800,0,0,played,9,14,False,75,0,0,1,1,0,0,,,75,0,0
332612,Emmanuel Boateng,2026-08-12T16:00:00+00:00,2026,ECLQ,10,False,4973761,6,1017,away,6456,1,2,played,9,14,False,88,0,0,0,0,0,0,,,88,0,0
332612,Emmanuel Boateng,2026-08-06T18:00:00+00:00,2026,ECLQ,10,False,4973731,5,1017,neutral,6456,2,0,played,9,14,False,81,0,0,0,0,0,0,,,81,0,0
332612,Emmanuel Boateng,2026-07-30T18:00:00+00:00,2026,ECLQ,10,False,4898025,4,1017,away,31614,2,2,played,9,14,False,75,2,0,0,0,0,0,,,75,0,0
332612,Emmanuel Boateng,2026-07-23T18:30:00+00:00,2026,ECLQ,10,False,4897987,3,1017,neutral,31614,2,0,played,9,14,False,76,0,0,0,0,0,0,,,76,0,0
258011,Xande Silva,2026-08-30T17:15:00+00:00,2026,ISR1,1,False,4912901,2,1017,away,810,0,0,not in squad,,,False,0,0,0,0,0,0,0,,,,0,0
258011,Xande Silva,2026-08-27T18:00:00+00:00,2026,ECLQ,10,False,5013842,8,1017,neutral,800,0,1,in squad,10,,False,0,0,0,0,0,0,0,,,,0,0
258011,Xande Silva,2026-08-20T18:30:00+00:00,2026,ECLQ,10,False,5013818,7,1017,away,800,0,0,played,10,0,False,27,0,0,2,2,0,0,,63,,0,0
258011,Xande Silva,2026-08-12T16:00:00+00:00,2026,ECLQ,10,False,4973761,6,1017,away,6456,1,2,played,10,0,False,11,0,0,0,0,0,0,,79,,0,0
258011,Xande Silva,2026-08-06T18:00:00+00:00,2026,ECLQ,10,False,4973731,5,1017,neutral,6456,2,0,played,10,0,False,23,0,0,0,0,0,0,,67,,0,0
258011,Xande Silva,2026-07-30T18:00:00+00:00,2026,ECLQ,10,False,4898025,4,1017,away,31614,2,2,played,10,9,False,55,0,0,0,0,0,0,42,,55,0,0
258011,Xande Silva,2026-07-23T18:30:00+00:00,2026,ECLQ,10,False,4897987,3,1017,neutral,31614,2,0,played,10,9,False,65,0,0,0,0,0,0,,,65,0,0
668591,Roy Korine,2026-08-30T17:15:00+00:00,2026,ISR1,1,False,4912901,2,1017,away,810,0,0,not in squad,,,False,0,0,0,0,0,0,0,,,,0,0
668591,Roy Korine,2026-08-27T18:00:00+00:00,2026,ECLQ,10,False,5013842,8,1017,neutral,800,0,1,not in squad,,,False,0,0,0,0,0,0,0,,,,0,0
668591,Roy Korine,2026-08-20T18:30:00+00:00,2026,ECLQ,10,False,5013818,7,1017,away,800,0,0,not in squad,,,False,0,0,0,0,0,0,0,,,,0,0
668591,Roy Korine,2026-08-12T16:00:00+00:00,2026,ECLQ,10,False,4973761,6,1017,away,6456,1,2,in squad,7,,False,0,0,0,0,0,0,0,,,,0,0
668591,Roy Korine,2026-08-06T18:00:00+00:00,2026,ECLQ,10,False,4973731,5,1017,neutral,6456,2,0,in squad,7,,False,0,0,0,0,0,0,0,,,,0,0
668591,Roy Korine,2026-07-30T18:00:00+00:00,2026,ECLQ,10,False,4898025,4,1017,away,31614,2,2,not in squad,,,False,0,0,0,0,0,0,0,,,,0,0
668591,Roy Korine,2026-07-23T18:30:00+00:00,2026,ECLQ,10,False,4897987,3,1017,neutral,31614,2,0,not in squad,,,False,0,0,0,0,0,0,0,,,,0,0
344201,Anas Mahamid,2026-08-30T17:15:00+00:00,2026,ISR1,1,False,4912901,2,1017,away,810,0,0,not in squad,,,False,0,0,0,0,0,0,0,,,,0,0
344201,Anas Mahamid,2026-08-27T18:00:00+00:00,2026,ECLQ,10,False,5013842,8,1017,neutral,800,0,1,not in squad,,,False,0,0,0,0,0,0,0,,,,0,0
344201,Anas Mahamid,2026-08-20T18:30:00+00:00,2026,ECLQ,10,False,5013818,7,1017,away,800,0,0,not in squad,,,False,0,0,0,0,0,0,0,,,,0,0
344201,Anas Mahamid,2026-08-12T16:00:00+00:00,2026,ECLQ,10,False,4973761,6,1017,away,6456,1,2,not in squad,,,False,0,0,0,0,0,0,0,,,,0,0
344201,Anas Mahamid,2026-08-06T18:00:00+00:00,2026,ECLQ,10,False,4973731,5,1017,neutral,6456,2,0,not in squad,,,False,0,0,0,0,0,0,0,,,,0,0
344201,Anas Mahamid,2026-07-30T18:00:00+00:00,2026,ECLQ,10,False,4898025,4,1017,away,31614,2,2,not in squad,,,False,0,0,0,0,0,0,0,,,,0,0
344201,Anas Mahamid,2026-07-23T18:30:00+00:00,2026,ECLQ,10,False,4897987,3,1017,neutral,31614,2,0,not in squad,,,False,0,0,0,0,0,0,0,,,,0,0
1240938,Mor Buskila,2026-08-30T17:15:00+00:00,2026,ISR1,1,False,4912901,2,1017,away,810,0,0,played,27,9,False,65,0,0,1,0,1,0,,,65,0,0
1240938,Mor Buskila,2026-08-27T18:00:00+00:00,2026,ECLQ,10,False,5013842,8,1017,neutral,800,0,1,played,27,0,False,13,0,0,1,1,0,0,,77,,0,0
1240938,Mor Buskila,2026-08-20T18:30:00+00:00,2026,ECLQ,10,False,5013818,7,1017,away,800,0,0,played,27,0,False,27,0,0,1,0,1,0,,63,,0,0
1240938,Mor Buskila,2026-08-12T16:00:00+00:00,2026,ECLQ,10,False,4973761,6,1017,away,6456,1,2,played,27,0,False,2,0,0,0,0,0,0,,88,,0,0
1240938,Mor Buskila,2026-08-06T18:00:00+00:00,2026,ECLQ,10,False,4973731,5,1017,neutral,6456,2,0,played,27,0,False,3,0,0,0,0,0,0,,87,,0,0
1240938,Mor Buskila,2026-07-30T18:00:00+00:00,2026,ECLQ,10,False,4898025,4,1017,away,31614,2,2,in squad,27,,False,0,0,0,0,0,0,0,,,,0,0
1240938,Mor Buskila,2026-07-23T18:30:00+00:00,2026,ECLQ,10,False,4897987,3,1017,neutral,31614,2,0,played,27,0,False,14,0,0,0,0,0,0,,76,,0,0
376895,Liran Rotman,2026-08-30T17:15:00+00:00,2026,ISR1,1,False,4912901,2,810,home,1017,0,0,played,7,9,False,88,0,0,0,0,0,0,,,88,0,0
582907,Roy Baranes,2026-08-27T18:00:00+00:00,2026,ECLQ,10,False,5013842,8,1017,neutral,800,0,1,in squad,13,,False,0,0,0,0,0,0,0,,,,0,0
582907,Roy Baranes,2026-08-20T18:30:00+00:00,2026,ECLQ,10,False,5013818,7,1017,away,800,0,0,in squad,13,,False,0,0,0,0,0,0,0,,,,0,0
582907,Roy Baranes,2026-08-06T18:00:00+00:00,2026,ECLQ,10,False,4973731,5,1017,neutral,6456,2,0,in squad,13,,False,0,0,0,0,0,0,0,,,,0,0
1456601,Ravid Olezki,2026-08-30T16:00:00+00:00,2026,ISR2,2,False,4963344,3,7532,away,8907,2,0,played,47,0,False,90,0,0,0,0,0,0,,,,0,0
1456601,Ravid Olezki,2026-08-23T16:00:00+00:00,2026,ISR2,2,False,4963354,2,7532,home,25067,1,4,played,47,0,False,90,0,0,0,0,0,0,,,,0,0
1456601,Ravid Olezki,2026-08-18T16:30:00+00:00,2026,ISR2,2,False,4963303,1,7532,away,554,0,2,played,47,0,False,74,0,0,0,0,0,0,,,74,0,0
1456601,Ravid Olezki,2026-07-23T18:30:00+00:00,2026,ECLQ,10,False,4897987,3,1017,neutral,31614,2,0,not in squad,,,False,0,0,0,0,0,0,0,,,,0,0
1325532,Yanal Bazdog,2026-08-06T18:00:00+00:00,2026,ECLQ,10,False,4973731,5,1017,neutral,6456,2,0,in squad,33,,False,0,0,0,0,0,0,0,,,,0,0
1325532,Yanal Bazdog,2026-07-30T18:00:00+00:00,2026,ECLQ,10,False,4898025,4,1017,away,31614,2,2,in squad,33,,False,0,0,0,0,0,0,0,,,,0,0
1325532,Yanal Bazdog,2026-07-23T18:30:00+00:00,2026,ECLQ,10,False,4897987,3,1017,neutral,31614,2,0,in squad,33,,False,0,0,0,0,0,0,0,,,,0,0
950442,Or Israelov,2026-08-30T17:15:00+00:00,2026,ISR1,1,False,4912901,2,1017,away,810,0,0,not in squad,,,False,0,0,0,0,0,0,0,,,,0,0
950442,Or Israelov,2026-08-27T18:00:00+00:00,2026,ECLQ,10,False,5013842,8,1017,neutral,800,0,1,in squad,20,,False,0,0,0,0,0,0,0,,,,0,0
950442,Or Israelov,2026-08-20T18:30:00+00:00,2026,ECLQ,10,False,5013818,7,1017,away,800,0,0,in squad,20,,False,0,0,0,0,0,0,0,,,,0,0
950442,Or Israelov,2026-08-12T16:00:00+00:00,2026,ECLQ,10,False,4973761,6,1017,away,6456,1,2,in squad,20,,False,0,0,0,0,0,0,0,,,,0,0
950442,Or Israelov,2026-08-06T18:00:00+00:00,2026,ECLQ,10,False,4973731,5,1017,neutral,6456,2,0,in squad,20,,False,0,0,0,0,0,0,0,,,,0,0
950442,Or Israelov,2026-07-30T18:00:00+00:00,2026,ECLQ,10,False,4898025,4,1017,away,31614,2,2,in squad,20,,False,0,0,0,0,0,0,0,,,,0,0
950442,Or Israelov,2026-07-23T18:30:00+00:00,2026,ECLQ,10,False,4897987,3,1017,neutral,31614,2,0,in squad,20,,False,0,0,0,0,0,0,0,,,,0,0
926941,Yonatan Farber,2026-08-30T17:15:00+00:00,2026,ISR1,1,False,4912901,2,1017,away,810,0,0,played,8,0,False,3,0,0,1,0,1,0,,87,,0,0
926941,Yonatan Farber,2026-08-27T18:00:00+00:00,2026,ECLQ,10,False,5013842,8,1017,neutral,800,0,1,played,8,0,False,9,0,0,1,0,0,1,,81,,0,0
926941,Yonatan Farber,2026-08-20T18:30:00+00:00,2026,ECLQ,10,False,5013818,7,1017,away,800,0,0,in squad,8,,False,0,0,0,0,0,0,0,,,,0,0
926941,Yonatan Farber,2026-08-12T16:00:00+00:00,2026,ECLQ,10,False,4973761,6,1017,away,6456,1,2,played,8,0,False,2,0,0,0,0,0,0,,88,,0,0
926941,Yonatan Farber,2026-08-06T18:00:00+00:00,2026,ECLQ,10,False,4973731,5,1017,neutral,6456,2,0,in squad,8,,False,0,0,0,0,0,0,0,,,,0,0
926941,Yonatan Farber,2026-07-30T18:00:00+00:00,2026,ECLQ,10,False,4898025,4,1017,away,31614,2,2,played,8,0,False,7,0,0,0,0,0,0,,83,,0,0
926941,Yonatan Farber,2026-07-23T18:30:00+00:00,2026,ECLQ,10,False,4897987,3,1017,neutral,31614,2,0,in squad,8,,False,0,0,0,0,0,0,0,,,,0,0
1305075,Douglas Owusu,2026-08-30T17:15:00+00:00,2026,ISR1,1,False,4912901,2,1017,away,810,0,0,played,35,0,False,16,0,0,0,0,0,0,,74,,0,0
1305075,Douglas Owusu,2026-08-27T18:00:00+00:00,2026,ECLQ,10,False,5013842,8,1017,neutral,800,0,1,played,35,8,False,66,0,0,1,0,0,1,,,66,0,0
1305075,Douglas Owusu,2026-08-20T18:30:00+00:00,2026,ECLQ,10,False,5013818,7,1017,away,800,0,0,played,35,8,False,63,0,0,0,0,0,0,,,63,0,0
1305075,Douglas Owusu,2026-08-12T16:00:00+00:00,2026,ECLQ,10,False,4973761,6,1017,away,6456,1,2,in squad,35,,False,0,0,0,0,0,0,0,,,,0,0
1305075,Douglas Owusu,2026-08-06T18:00:00+00:00,2026,ECLQ,10,False,4973731,5,1017,neutral,6456,2,0,not in squad,,,False,0,0,0,0,0,0,0,,,,0,0
1305075,Douglas Owusu,2026-08-04T17:30:00+00:00,2026,CLQ,10,False,4973494,5,159,neutral,2976,0,1,not in squad,,,False,0,0,0,0,0,0,0,,,,0,0
1305075,Douglas Owusu,2026-08-01T12:00:00+00:00,2026,SER1,1,False,4937757,3,159,away,33328,0,0,not in squad,,,False,0,0,0,0,0,0,0,,,,0,0
1305075,Douglas Owusu,2026-07-29T18:00:00+00:00,2026,CLQ,10,False,4897901,4,159,home,3461,5,0,not in squad,,,False,0,0,0,0,0,0,0,,,,0,0
1305075,Douglas Owusu,2026-07-26T17:00:00+00:00,2026,SER1,1,False,4937755,2,159,home,448,3,1,not in squad,,,False,0,0,0,0,0,0,0,,,,0,0
1305075,Douglas Owusu,2026-07-21T19:00:00+00:00,2026,CLQ,10,False,4897889,3,159,away,3461,4,0,not in squad,,,False,0,0,0,0,0,0,0,,,,0,0
1305075,Douglas Owusu,2026-07-17T18:00:00+00:00,2026,SER1,1,False,4936429,1,159,home,4657,5,0,not in squad,,,False,0,0,0,0,0,0,0,,,,0,0
1178432,Itay Shavit,2026-08-30T17:15:00+00:00,2026,ISR1,1,False,4912901,2,1017,away,810,0,0,not in squad,,,False,0,0,0,0,0,0,0,,,,0,0
1178432,Itay Shavit,2026-08-27T18:00:00+00:00,2026,ECLQ,10,False,5013842,8,1017,neutral,800,0,1,not in squad,,,False,0,0,0,0,0,0,0,,,,0,0
1178432,Itay Shavit,2026-08-20T18:30:00+00:00,2026,ECLQ,10,False,5013818,7,1017,away,800,0,0,not in squad,,,False,0,0,0,0,0,0,0,,,,0,0
1178432,Itay Shavit,2026-08-12T16:00:00+00:00,2026,ECLQ,10,False,4973761,6,1017,away,6456,1,2,not in squad,,,False,0,0,0,0,0,0,0,,,,0,0
1178432,Itay Shavit,2026-08-06T18:00:00+00:00,2026,ECLQ,10,False,4973731,5,1017,neutral,6456,2,0,not in squad,,,False,0,0,0,0,0,0,0,,,,0,0
1178432,Itay Shavit,2026-07-30T18:00:00+00:00,2026,ECLQ,10,False,4898025,4,1017,away,31614,2,2,not in squad,,,False,0,0,0,0,0,0,0,,,,0,0
1178432,Itay Shavit,2026-07-23T18:30:00+00:00,2026,ECLQ,10,False,4897987,3,1017,neutral,31614,2,0,in squad,17,,False,0,0,0,0,0,0,0,,,,0,0
336756,Miguel Silva,2026-08-29T17:30:00+00:00,2026,ISR1,1,False,4912900,2,3793,home,5223,1,4,played,55,1,False,90,0,0,0,0,0,0,,,,0,0
336756,Miguel Silva,2026-08-13T18:30:00+00:00,2026,ECLQ,10,False,4973762,6,3793,away,14,4,5,played,55,1,False,120,0,0,0,0,0,0,,,,0,0
336756,Miguel Silva,2026-08-06T17:30:00+00:00,2026,ECLQ,10,False,4973732,5,3793,neutral,14,1,2,played,55,1,False,90,0,0,0,0,0,0,,,,0,0
336756,Miguel Silva,2026-07-30T17:30:00+00:00,2026,ECLQ,10,False,4898030,4,3793,home,2156,6,6,played,55,1,False,120,0,0,0,0,0,0,,,,0,0
336756,Miguel Silva,2026-07-23T16:30:00+00:00,2026,ECLQ,10,False,4897992,3,3793,away,2156,1,0,played,55,1,False,90,0,0,0,0,0,0,,,,0,0
703448,Dvir Nir,2026-08-29T17:30:00+00:00,2026,ISR1,1,False,4912900,2,3793,home,5223,1,4,not in squad,,,False,0,0,0,0,0,0,0,,,,0,0
703448,Dvir Nir,2026-08-13T18:30:00+00:00,2026,ECLQ,10,False,4973762,6,3793,away,14,4,5,in squad,33,,False,0,0,0,0,0,0,0,,,,0,0
703448,Dvir Nir,2026-08-06T17:30:00+00:00,2026,ECLQ,10,False,4973732,5,3793,neutral,14,1,2,in squad,33,,False,0,0,0,0,0,0,0,,,,0,0
703448,Dvir Nir,2026-07-30T17:30:00+00:00,2026,ECLQ,10,False,4898030,4,3793,home,2156,6,6,in squad,33,,False,0,0,0,0,0,0,0,,,,0,0
703448,Dvir Nir,2026-07-23T16:30:00+00:00,2026,ECLQ,10,False,4897992,3,3793,away,2156,1,0,in squad,33,,False,0,0,0,0,0,0,0,,,,0,0
929243,Yehonatan Ozer,2026-08-29T17:30:00+00:00,2026,ISR1,1,False,4912900,2,3793,home,5223,1,4,in squad,22,,False,0,0,0,0,0,0,0,,,,0,0
929243,Yehonatan Ozer,2026-08-13T18:30:00+00:00,2026,ECLQ,10,False,4973762,6,3793,away,14,4,5,in squad,22,,False,0,0,0,0,0,0,0,,,,0,0
929243,Yehonatan Ozer,2026-08-06T17:30:00+00:00,2026,ECLQ,10,False,4973732,5,3793,neutral,14,1,2,in squad,22,,False,0,0,0,0,0,0,0,,,,0,0
929243,Yehonatan Ozer,2026-07-30T17:30:00+00:00,2026,ECLQ,10,False,4898030,4,3793,home,2156,6,6,in squad,22,,False,0,0,0,0,0,0,0,,,,0,0
929243,Yehonatan Ozer,2026-07-23T16:30:00+00:00,2026,ECLQ,10,False,4897992,3,3793,away,2156,1,0,in squad,22,,False,0,0,0,0,0,0,0,,,,0,0
1364959,Amit Korenfein,2026-08-29T17:30:00+00:00,2026,ISR1,1,False,4912900,2,3793,home,5223,1,4,not in squad,,,False,0,0,0,0,0,0,0,,,,0,0
1364959,Amit Korenfein,2026-08-13T18:30:00+00:00,2026,ECLQ,10,False,4973762,6,3793,away,14,4,5,not in squad,,,False,0,0,0,0,0,0,0,,,,0,0
1364959,Amit Korenfein,2026-08-06T17:30:00+00:00,2026,ECLQ,10,False,4973732,5,3793,neutral,14,1,2,not in squad,,,False,0,0,0,0,0,0,0,,,,0,0
1364959,Amit Korenfein,2026-07-30T17:30:00+00:00,2026,ECLQ,10,False,4898030,4,3793,home,2156,6,6,not in squad,,,False,0,0,0,0,0,0,0,,,,0,0
1364959,Amit Korenfein,2026-07-23T16:30:00+00:00,2026,ECLQ,10,False,4897992,3,3793,away,2156,1,0,not in squad,,,False,0,0,0,0,0,0,0,,,,0,0
431453,Luka Gadrani,2026-08-29T17:30:00+00:00,2026,ISR1,1,False,4912900,2,3793,home,5223,1,4,played,44,3,False,90,0,0,0,0,0,0,,,,0,0
431453,Luka Gadrani,2026-08-13T18:30:00+00:00,2026,ECLQ,10,False,4973762,6,3793,away,14,4,5,played,44,3,False,76,0,0,0,0,0,0,,,76,0,0
431453,Luka Gadrani,2026-08-06T17:30:00+00:00,2026,ECLQ,10,False,4973732,5,3793,neutral,14,1,2,played,44,0,False,33,0,0,0,0,0,0,79,57,,0,0
431453,Luka Gadrani,2026-07-30T17:30:00+00:00,2026,ECLQ,10,False,4898030,4,3793,home,2156,6,6,in squad,44,,False,0,0,0,0,0,0,0,,,,0,0
431453,Luka Gadrani,2026-07-23T16:30:00+00:00,2026,ECLQ,10,False,4897992,3,3793,away,2156,1,0,injured,,,False,0,0,0,0,0,0,0,,,,101,0
652362,Brayan Carabalí,2026-08-29T17:30:00+00:00,2026,ISR1,1,False,4912900,2,3793,home,5223,1,4,played,4,3,False,90,0,0,1,0,1,0,,,,0,0
652362,Brayan Carabalí,2026-08-13T18:30:00+00:00,2026,ECLQ,10,False,4973762,6,3793,away,14,4,5,played,4,3,False,120,0,0,2,2,0,0,,,,0,0
652362,Brayan Carabalí,2026-08-06T17:30:00+00:00,2026,ECLQ,10,False,4973732,5,3793,neutral,14,1,2,played,4,3,False,90,0,0,0,0,0,0,45,,,0,0
652362,Brayan Carabalí,2026-07-30T17:30:00+00:00,2026,ECLQ,10,False,4898030,4,3793,home,2156,6,6,played,4,3,False,120,0,0,0,0,0,0,51,,,0,0
652362,Brayan Carabalí,2026-07-23T16:30:00+00:00,2026,ECLQ,10,False,4897992,3,3793,away,2156,1,0,played,4,3,False,90,1,0,0,0,0,0,,,,0,0
211897,Gil Cohen,2026-08-29T17:30:00+00:00,2026,ISR1,1,False,4912900,2,3793,home,5223,1,4,not in squad,,,False,0,0,0,0,0,0,0,,,,0,0
211897,Gil Cohen,2026-08-13T18:30:00+00:00,2026,ECLQ,10,False,4973762,6,3793,away,14,4,5,not in squad,,,False,0,0,0,0,0,0,0,,,,0,0
211897,Gil Cohen,2026-08-06T17:30:00+00:00,2026,ECLQ,10,False,4973732,5,3793,neutral,14,1,2,played,5,3,False,57,0,0,0,0,0,0,,,57,0,0
211897,Gil Cohen,2026-07-30T17:30:00+00:00,2026,ECLQ,10,False,4898030,4,3793,home,2156,6,6,played,5,3,False,75,0,0,0,0,0,0,,,75,0,0
211897,Gil Cohen,2026-07-23T16:30:00+00:00,2026,ECLQ,10,False,4897992,3,3793,away,2156,1,0,played,5,3,False,90,0,0,0,0,0,0,,,,0,0
459559,Yarden Cohen,2026-08-29T17:30:00+00:00,2026,ISR1,1,False,4912900,2,3793,home,5223,1,4,not in squad,,,False,0,0,0,0,0,0,0,,,,0,0
459559,Yarden Cohen,2026-08-13T18:30:00+00:00,2026,ECLQ,10,False,4973762,6,3793,away,14,4,5,in squad,16,,False,0,0,0,0,0,0,0,,,,0,0
459559,Yarden Cohen,2026-08-06T17:30:00+00:00,2026,ECLQ,10,False,4973732,5,3793,neutral,14,1,2,played,16,4,False,90,0,0,1,0,1,0,,,,0,0
459559,Yarden Cohen,2026-07-30T17:30:00+00:00,2026,ECLQ,10,False,4898030,4,3793,home,2156,6,6,played,16,4,False,120,0,0,0,0,0,0,67,,,0,0
459559,Yarden Cohen,2026-07-23T16:30:00+00:00,2026,ECLQ,10,False,4897992,3,3793,away,2156,1,0,played,16,4,False,90,0,0,0,0,0,0,,,,0,0
608977,Nana Antwi,2026-08-29T17:30:00+00:00,2026,ISR1,1,False,4912900,2,3793,home,5223,1,4,played,2,5,False,68,0,0,1,1,0,0,,,68,0,0
608977,Nana Antwi,2026-08-13T18:30:00+00:00,2026,ECLQ,10,False,4973762,6,3793,away,14,4,5,played,2,5,False,120,0,1,0,0,0,0,114,,,0,0
608977,Nana Antwi,2026-08-06T17:30:00+00:00,2026,ECLQ,10,False,4973732,5,3793,neutral,14,1,2,played,2,5,False,90,0,0,0,0,0,0,,,,0,0
608977,Nana Antwi,2026-07-30T17:30:00+00:00,2026,ECLQ,10,False,4898030,4,3793,home,2156,6,6,played,2,5,False,120,0,1,0,0,0,0,115,,,0,0
608977,Nana Antwi,2026-07-23T16:30:00+00:00,2026,ECLQ,10,False,4897992,3,3793,away,2156,1,0,played,2,5,False,90,0,0,0,0,0,0,,,,0,0
527295,Ori Dahan,2026-08-29T17:30:00+00:00,2026,ISR1,1,False,4912900,2,3793,home,5223,1,4,not in squad,,,False,0,0,0,0,0,0,0,,,,0,0
527295,Ori Dahan,2026-08-13T18:30:00+00:00,2026,ECLQ,10,False,4973762,6,3793,away,14,4,5,not in squad,,,False,0,0,0,0,0,0,0,,,,0,0
527295,Ori Dahan,2026-08-06T17:30:00+00:00,2026,ECLQ,10,False,4973732,5,3793,neutral,14,1,2,not in squad,,,False,0,0,0,0,0,0,0,,,,0,0
527295,Ori Dahan,2026-07-30T17:30:00+00:00,2026,ECLQ,10,False,4898030,4,3793,home,2156,6,6,in squad,20,,False,0,0,0,0,0,0,0,,,,0,0
527295,Ori Dahan,2026-07-23T16:30:00+00:00,2026,ECLQ,10,False,4897992,3,3793,away,2156,1,0,in squad,20,,False,0,0,0,0,0,0,0,,,,0,0
972728,Liel Deri,2026-08-29T17:30:00+00:00,2026,ISR1,1,False,4912900,2,3793,home,5223,1,4,in squad,25,,False,0,0,0,0,0,0,0,,,,0,0
972728,Liel Deri,2026-08-13T18:30:00+00:00,2026,ECLQ,10,False,4973762,6,3793,away,14,4,5,played,25,0,False,44,0,0,0,0,0,0,,76,,0,0
972728,Liel Deri,2026-08-06T17:30:00+00:00,2026,ECLQ,10,False,4973732,5,3793,neutral,14,1,2,in squad,25,,False,0,0,0,0,0,0,0,,,,0,0
972728,Liel Deri,2026-07-30T17:30:00+00:00,2026,ECLQ,10,False,4898030,4,3793,home,2156,6,6,played,25,0,False,45,0,0,0,0,0,0,,75,,0,0
972728,Liel Deri,2026-07-23T16:30:00+00:00,2026,ECLQ,10,False,4897992,3,3793,away,2156,1,0,in squad,25,,False,0,0,0,0,0,0,0,,,,0,0
1396408,Yuval Shalev,2026-08-29T17:30:00+00:00,2026,ISR1,1,False,4912900,2,3793,home,5223,1,4,not in squad,,,False,0,0,0,0,0,0,0,,,,0,0
1396408,Yuval Shalev,2026-08-13T18:30:00+00:00,2026,ECLQ,10,False,4973762,6,3793,away,14,4,5,not in squad,,,False,0,0,0,0,0,0,0,,,,0,0
1396408,Yuval Shalev,2026-08-06T17:30:00+00:00,2026,ECLQ,10,False,4973732,5,3793,neutral,14,1,2,not in squad,,,False,0,0,0,0,0,0,0,,,,0,0
1396408,Yuval Shalev,2026-07-30T17:30:00+00:00,2026,ECLQ,10,False,4898030,4,3793,home,2156,6,6,not in squad,,,False,0,0,0,0,0,0,0,,,,0,0
1396408,Yuval Shalev,2026-07-23T16:30:00+00:00,2026,ECLQ,10,False,4897992,3,3793,away,2156,1,0,not in squad,,,False,0,0,0,0,0,0,0,,,,0,0
965996,Adi Yona,2026-08-29T17:30:00+00:00,2026,ISR1,1,False,4912900,2,3793,home,5223,1,4,in squad,10,,False,0,0,0,0,0,0,0,,,,0,0
965996,Adi Yona,2026-08-13T18:30:00+00:00,2026,ECLQ,10,False,4973762,6,3793,away,14,4,5,injured,,,False,0,0,0,0,0,0,0,,,,40,0
965996,Adi Yona,2026-08-06T17:30:00+00:00,2026,ECLQ,10,False,4973732,5,3793,neutral,14,1,2,injured,,,False,0,0,0,0,0,0,0,,,,40,0
965996,Adi Yona,2026-07-30T17:30:00+00:00,2026,ECLQ,10,False,4898030,4,3793,home,2156,6,6,injured,,,False,0,0,0,0,0,0,0,,,,40,0
965996,Adi Yona,2026-07-23T16:30:00+00:00,2026,ECLQ,10,False,4897992,3,3793,away,2156,1,0,injured,,,False,0,0,0,0,0,0,0,,,,40,0
624829,Boris Enow,2026-08-29T17:30:00+00:00,2026,ISR1,1,False,4912900,2,3793,home,5223,1,4,played,40,6,False,90,0,0,1,0,1,0,,,,0,0
624829,Boris Enow,2026-08-13T18:30:00+00:00,2026,ECLQ,10,False,4973762,6,3793,away,14,4,5,played,40,6,False,120,0,0,1,0,1,0,25,,,0,0
624829,Boris Enow,2026-08-06T17:30:00+00:00,2026,ECLQ,10,False,4973732,5,3793,neutral,14,1,2,played,40,6,False,90,0,0,1,0,0,1,75,,,0,0
624829,Boris Enow,2026-07-30T17:30:00+00:00,2026,ECLQ,10,False,4898030,4,3793,home,2156,6,6,played,40,6,False,120,0,0,0,0,0,0,,,,0,0
624829,Boris Enow,2026-07-23T16:30:00+00:00,2026,ECLQ,10,False,4897992,3,3793,away,2156,1,0,played,40,6,False,90,0,0,0,0,0,0,,,,0,0
486766,Aílson Tavares,2026-08-29T17:30:00+00:00,2026,ISR1,1,False,4912900,2,3793,home,5223,1,4,not in squad,,,False,0,0,0,0,0,0,0,,,,0,0
486766,Aílson Tavares,2026-08-13T18:30:00+00:00,2026,ECLQ,10,False,4973762,6,3793,away,14,4,5,not in squad,,,False,0,0,0,0,0,0,0,,,,0,0
486766,Aílson Tavares,2026-08-06T17:30:00+00:00,2026,ECLQ,10,False,4973732,5,3793,neutral,14,1,2,not in squad,,,False,0,0,0,0,0,0,0,,,,0,0
486766,Aílson Tavares,2026-07-30T17:30:00+00:00,2026,ECLQ,10,False,4898030,4,3793,home,2156,6,6,not in squad,,,False,0,0,0,0,0,0,0,,,,0,0
486766,Aílson Tavares,2026-07-23T16:30:00+00:00,2026,ECLQ,10,False,4897992,3,3793,away,2156,1,0,not in squad,,,False,0,0,0,0,0,0,0,,,,0,0
1057294,Ziv Ben Shimol,2026-08-29T17:30:00+00:00,2026,ISR1,1,False,4912900,2,3793,home,5223,1,4,played,8,0,False,15,0,0,0,0,0,0,82,75,,0,0
1057294,Ziv Ben Shimol,2026-08-13T18:30:00+00:00,2026,ECLQ,10,False,4973762,6,3793,away,14,4,5,played,8,0,False,15,0,0,0,0,0,0,,105,,0,0
1057294,Ziv Ben Shimol,2026-08-06T17:30:00+00:00,2026,ECLQ,10,False,4973732,5,3793,neutral,14,1,2,in squad,8,,False,0,0,0,0,0,0,0,,,,0,0
1057294,Ziv Ben Shimol,2026-07-30T17:30:00+00:00,2026,ECLQ,10,False,4898030,4,3793,home,2156,6,6,played,8,0,False,45,0,0,0,0,0,0,,75,,0,0
1057294,Ziv Ben Shimol,2026-07-23T16:30:00+00:00,2026,ECLQ,10,False,4897992,3,3793,away,2156,1,0,played,8,0,False,6,0,0,0,0,0,0,90,84,,0,0
645137,Tomer Yosefi,2026-08-29T17:30:00+00:00,2026,ISR1,1,False,4912900,2,3793,home,5223,1,4,played,30,7,False,75,0,0,2,0,1,1,,,75,0,0
645137,Tomer Yosefi,2026-08-13T18:30:00+00:00,2026,ECLQ,10,False,4973762,6,3793,away,14,4,5,played,30,0,False,54,0,0,2,1,0,1,99,66,,0,0
645137,Tomer Yosefi,2026-08-06T17:30:00+00:00,2026,ECLQ,10,False,4973732,5,3793,neutral,14,1,2,played,30,0,False,8,0,0,2,0,1,1,,82,,0,0
645137,Tomer Yosefi,2026-07-30T17:30:00+00:00,2026,ECLQ,10,False,4898030,4,3793,home,2156,6,6,in squad,30,,False,0,0,0,0,0,0,0,,,,0,0
645137,Tomer Yosefi,2026-07-23T16:30:00+00:00,2026,ECLQ,10,False,4897992,3,3793,away,2156,1,0,not in squad,,,False,0,0,0,0,0,0,0,,,,0,0
1058583,Degats Worko,2026-08-29T17:30:00+00:00,2026,ISR1,1,False,4912900,2,3793,home,5223,1,4,played,26,0,False,45,1,0,1,1,0,0,90,46,,0,0
1058583,Degats Worko,2026-08-13T18:30:00+00:00,2026,ECLQ,10,False,4973762,6,3793,away,14,4,5,played,26,7,False,105,0,0,2,0,1,1,,,105,0,0
1058583,Degats Worko,2026-08-06T17:30:00+00:00,2026,ECLQ,10,False,4973732,5,3793,neutral,14,1,2,played,26,7,False,82,0,0,0,0,0,0,,,82,0,0
1058583,Degats Worko,2026-07-30T17:30:00+00:00,2026,ECLQ,10,False,4898030,4,3793,home,2156,6,6,played,26,7,False,111,0,0,0,0,0,0,69,,111,0,0
1058583,Degats Worko,2026-07-23T16:30:00+00:00,2026,ECLQ,10,False,4897992,3,3793,away,2156,1,0,played,26,7,False,90,0,0,0,0,0,0,,,,0,0
1306588,Nadav Markovich,2026-08-29T17:30:00+00:00,2026,ISR1,1,False,4912900,2,3793,home,5223,1,4,not in squad,,,False,0,0,0,0,0,0,0,,,,0,0
1306588,Nadav Markovich,2026-08-13T18:30:00+00:00,2026,ECLQ,10,False,4973762,6,3793,away,14,4,5,in squad,24,,False,0,0,0,0,0,0,0,,,,0,0
1306588,Nadav Markovich,2026-08-06T17:30:00+00:00,2026,ECLQ,10,False,4973732,5,3793,neutral,14,1,2,in squad,24,,False,0,0,0,0,0,0,0,,,,0,0
1306588,Nadav Markovich,2026-07-30T17:30:00+00:00,2026,ECLQ,10,False,4898030,4,3793,home,2156,6,6,played,24,0,False,9,0,0,0,0,0,0,,111,,0,0
1306588,Nadav Markovich,2026-07-23T16:30:00+00:00,2026,ECLQ,10,False,4897992,3,3793,away,2156,1,0,in squad,24,,False,0,0,0,0,0,0,0,,,,0,0
144410,Yarden Shua,2026-08-29T17:30:00+00:00,2026,ISR1,1,False,4912900,2,3793,home,5223,1,4,played,7,0,False,29,0,0,0,0,0,0,,61,,0,0
144410,Yarden Shua,2026-08-13T18:30:00+00:00,2026,ECLQ,10,False,4973762,6,3793,away,14,4,5,played,7,14,True,120,0,0,4,2,2,0,,,,0,0
144410,Yarden Shua,2026-08-06T17:30:00+00:00,2026,ECLQ,10,False,4973732,5,3793,neutral,14,1,2,played,7,11,True,65,0,0,1,1,0,0,,,65,0,0
144410,Yarden Shua,2026-07-30T17:30:00+00:00,2026,ECLQ,10,False,4898030,4,3793,home,2156,6,6,played,7,0,False,30,0,0,0,0,0,0,90,90,,0,0
144410,Yarden Shua,2026-07-23T16:30:00+00:00,2026,ECLQ,10,False,4897992,3,3793,away,2156,1,0,played,7,11,False,57,0,0,0,0,0,0,,,57,0,0
838636,Timothy Muzie,2026-08-29T17:30:00+00:00,2026,ISR1,1,False,4912900,2,3793,home,5223,1,4,in squad,11,,False,0,0,0,0,0,0,0,,,,0,0
838636,Timothy Muzie,2026-08-13T18:30:00+00:00,2026,ECLQ,10,False,4973762,6,3793,away,14,4,5,played,11,0,False,54,0,0,0,0,0,0,,66,,0,0
838636,Timothy Muzie,2026-08-06T17:30:00+00:00,2026,ECLQ,10,False,4973732,5,3793,neutral,14,1,2,played,11,0,False,33,0,0,1,0,1,0,,57,,0,0
838636,Timothy Muzie,2026-07-30T17:30:00+00:00,2026,ECLQ,10,False,4898030,4,3793,home,2156,6,6,played,11,0,False,61,0,0,0,0,0,0,,59,,0,0
838636,Timothy Muzie,2026-07-23T16:30:00+00:00,2026,ECLQ,10,False,4897992,3,3793,away,2156,1,0,played,11,0,False,33,0,0,0,0,0,0,,57,,0,0
294568,Omer Atzili,2026-08-29T17:30:00+00:00,2026,ISR1,1,False,4912900,2,3793,home,5223,1,4,played,77,12,True,90,0,1,3,0,2,1,,,,0,0
294568,Omer Atzili,2026-08-13T18:30:00+00:00,2026,ECLQ,10,False,4973762,6,3793,away,14,4,5,played,77,12,False,105,1,1,4,3,1,0,63,,105,0,0
294568,Omer Atzili,2026-08-06T17:30:00+00:00,2026,ECLQ,10,False,4973732,5,3793,neutral,14,1,2,played,77,12,False,65,0,0,2,0,1,1,,,65,0,0
294568,Omer Atzili,2026-07-30T17:30:00+00:00,2026,ECLQ,10,False,4898030,4,3793,home,2156,6,6,played,77,12,True,90,2,0,0,0,0,0,,,90,0,0
294568,Omer Atzili,2026-07-23T16:30:00+00:00,2026,ECLQ,10,False,4897992,3,3793,away,2156,1,0,played,77,12,True,57,0,0,0,0,0,0,54,,57,0,0
993537,Johnbosco Samuel Kalu,2026-08-29T17:30:00+00:00,2026,ISR1,1,False,4912900,2,3793,home,5223,1,4,played,9,11,False,61,0,0,2,1,1,0,,,61,0,0
993537,Johnbosco Samuel Kalu,2026-08-13T18:30:00+00:00,2026,ECLQ,10,False,4973762,6,3793,away,14,4,5,played,9,11,False,66,1,0,2,1,0,1,,,66,0,0
993537,Johnbosco Samuel Kalu,2026-08-06T17:30:00+00:00,2026,ECLQ,10,False,4973732,5,3793,neutral,14,1,2,played,9,0,False,25,0,0,0,0,0,0,90,65,,0,0
993537,Johnbosco Samuel Kalu,2026-07-30T17:30:00+00:00,2026,ECLQ,10,False,4898030,4,3793,home,2156,6,6,played,9,11,False,46,0,0,0,0,0,0,,,46,0,0
993537,Johnbosco Samuel Kalu,2026-07-23T16:30:00+00:00,2026,ECLQ,10,False,4897992,3,3793,away,2156,1,0,played,9,0,False,33,0,0,0,0,0,0,,57,,0,0
247652,Shon Weissman,2026-08-29T17:30:00+00:00,2026,ISR1,1,False,4912900,2,3793,home,5223,1,4,played,19,14,False,61,0,0,1,0,1,0,,,61,0,0
247652,Shon Weissman,2026-08-13T18:30:00+00:00,2026,ECLQ,10,False,4973762,6,3793,away,14,4,5,in squad,19,,False,0,0,0,0,0,0,0,,,,0,0
247652,Shon Weissman,2026-08-06T17:30:00+00:00,2026,ECLQ,10,False,4973732,5,3793,neutral,14,1,2,played,19,14,False,57,0,1,2,2,0,0,,,57,0,0
247652,Shon Weissman,2026-07-30T17:30:00+00:00,2026,ECLQ,10,False,4898030,4,3793,home,2156,6,6,played,19,14,False,59,0,0,0,0,0,0,,,59,0,0
247652,Shon Weissman,2026-07-23T16:30:00+00:00,2026,ECLQ,10,False,4897992,3,3793,away,2156,1,0,played,19,0,False,33,0,0,0,0,0,0,,57,,0,0
919542,Ravid Abergil,2026-08-29T17:30:00+00:00,2026,ISR1,1,False,4912900,2,3793,home,5223,1,4,not in squad,,,False,0,0,0,0,0,0,0,,,,0,0
919542,Ravid Abergil,2026-08-13T18:30:00+00:00,2026,ECLQ,10,False,4973762,6,3793,away,14,4,5,not in squad,,,False,0,0,0,0,0,0,0,,,,0,0
919542,Ravid Abergil,2026-08-06T17:30:00+00:00,2026,ECLQ,10,False,4973732,5,3793,neutral,14,1,2,not in squad,,,False,0,0,0,0,0,0,0,,,,0,0
919542,Ravid Abergil,2026-07-30T17:30:00+00:00,2026,ECLQ,10,False,4898030,4,3793,home,2156,6,6,not in squad,,,False,0,0,0,0,0,0,0,,,,0,0
919542,Ravid Abergil,2026-07-23T16:30:00+00:00,2026,ECLQ,10,False,4897992,3,3793,away,2156,1,0,not in squad,,,False,0,0,0,0,0,0,0,,,,0,0
926474,Yan Yusupov,2026-08-29T17:30:00+00:00,2026,ISR1,1,False,4912900,2,3793,home,5223,1,4,not in squad,,,False,0,0,0,0,0,0,0,,,,0,0
926474,Yan Yusupov,2026-08-13T18:30:00+00:00,2026,ECLQ,10,False,4973762,6,3793,away,14,4,5,not in squad,,,False,0,0,0,0,0,0,0,,,,0,0
926474,Yan Yusupov,2026-08-06T17:30:00+00:00,2026,ECLQ,10,False,4973732,5,3793,neutral,14,1,2,not in squad,,,False,0,0,0,0,0,0,0,,,,0,0
926474,Yan Yusupov,2026-07-30T17:30:00+00:00,2026,ECLQ,10,False,4898030,4,3793,home,2156,6,6,not in squad,,,False,0,0,0,0,0,0,0,,,,0,0
926474,Yan Yusupov,2026-07-23T16:30:00+00:00,2026,ECLQ,10,False,4897992,3,3793,away,2156,1,0,not in squad,,,False,0,0,0,0,0,0,0,,,,0,0
640821,Samu,2026-08-29T17:30:00+00:00,2026,ISR1,1,False,4912900,2,5223,away,3793,4,1,played,22,1,False,90,0,0,0,0,0,0,,,,0,0
640821,Samu,2026-08-24T17:00:00+00:00,2026,ISR1,1,False,4912933,1,5223,home,4769,0,0,played,22,1,False,90,0,0,0,0,0,0,,,,0,0
1121987,Daniel Cohen,2026-08-29T17:30:00+00:00,2026,ISR1,1,False,4912900,2,5223,away,3793,4,1,not in squad,,,False,0,0,0,0,0,0,0,,,,0,0
1121987,Daniel Cohen,2026-08-24T17:00:00+00:00,2026,ISR1,1,False,4912933,1,5223,home,4769,0,0,not in squad,,,False,0,0,0,0,0,0,0,,,,0,0
307401,Niv Antman,2026-08-29T17:30:00+00:00,2026,ISR1,1,False,4912900,2,5223,away,3793,4,1,in squad,1,,False,0,0,0,0,0,0,0,,,,0,0
307401,Niv Antman,2026-08-24T17:00:00+00:00,2026,ISR1,1,False,4912933,1,5223,home,4769,0,0,in squad,1,,False,0,0,0,0,0,0,0,,,,0,0
166275,Grigoriy Morozov,2026-08-29T17:30:00+00:00,2026,ISR1,1,False,4912900,2,5223,away,3793,4,1,played,2,4,False,70,0,0,0,0,0,0,36,,70,0,0
166275,Grigoriy Morozov,2026-08-24T17:00:00+00:00,2026,ISR1,1,False,4912933,1,5223,home,4769,0,0,played,2,0,False,29,0,0,0,0,0,0,,61,,0,0
661758,Karem Jaber,2026-08-29T17:30:00+00:00,2026,ISR1,1,False,4912900,2,5223,away,3793,4,1,played,26,0,False,20,0,0,0,0,0,0,,70,,0,0
661758,Karem Jaber,2026-08-24T17:00:00+00:00,2026,ISR1,1,False,4912933,1,5223,home,4769,0,0,played,26,5,True,61,0,0,0,0,0,0,40,,61,0,0
1060543,Bakary Konaté,2026-08-29T17:30:00+00:00,2026,ISR1,1,False,4912900,2,5223,away,3793,4,1,played,6,3,False,90,0,0,0,0,0,0,62,,,0,0
1060543,Bakary Konaté,2026-08-24T17:00:00+00:00,2026,ISR1,1,False,4912933,1,5223,home,4769,0,0,played,6,3,False,90,0,0,1,0,1,0,,,,0,0
724957,Saba Khvadagiani,2026-08-29T17:30:00+00:00,2026,ISR1,1,False,4912900,2,5223,away,3793,4,1,in squad,40,,False,0,0,0,0,0,0,0,,,,0,0
724957,Saba Khvadagiani,2026-08-24T17:00:00+00:00,2026,ISR1,1,False,4912933,1,5223,home,4769,0,0,in squad,40,,False,0,0,0,0,0,0,0,,,,0,0
466534,Alon Azugi,2026-08-29T17:30:00+00:00,2026,ISR1,1,False,4912900,2,5223,away,3793,4,1,not in squad,,,False,0,0,0,0,0,0,0,,,,0,0
466534,Alon Azugi,2026-08-24T17:00:00+00:00,2026,ISR1,1,False,4912933,1,5223,home,4769,0,0,not in squad,,,False,0,0,0,0,0,0,0,,,,0,0
925796,Itay Ben Shabat,2026-08-29T17:30:00+00:00,2026,ISR1,1,False,4912900,2,5223,away,3793,4,1,not in squad,,,False,0,0,0,0,0,0,0,,,,0,0
925796,Itay Ben Shabat,2026-08-24T17:00:00+00:00,2026,ISR1,1,False,4912933,1,5223,home,4769,0,0,not in squad,,,False,0,0,0,0,0,0,0,,,,0,0
1341620,Benny Feldman,2026-08-29T17:30:00+00:00,2026,ISR1,1,False,4912900,2,5223,away,3793,4,1,played,44,3,False,90,0,0,0,0,0,0,,,,0,0
1341620,Benny Feldman,2026-08-24T17:00:00+00:00,2026,ISR1,1,False,4912933,1,5223,home,4769,0,0,played,44,3,False,90,0,0,1,0,1,0,,,,0,0
966028,Denis Kulikov,2026-08-29T17:30:00+00:00,2026,ISR1,1,False,4912900,2,5223,away,3793,4,1,in squad,5,,False,0,0,0,0,0,0,0,,,,0,0
966028,Denis Kulikov,2026-08-24T17:00:00+00:00,2026,ISR1,1,False,4912933,1,5223,home,4769,0,0,in squad,5,,False,0,0,0,0,0,0,0,,,,0,0
782015,Oz Bilu,2026-08-29T17:30:00+00:00,2026,ISR1,1,False,4912900,2,5223,away,3793,4,1,played,10,12,True,90,0,3,4,2,1,1,,,90,0,0
782015,Oz Bilu,2026-08-24T17:00:00+00:00,2026,ISR1,1,False,4912933,1,5223,home,4769,0,0,played,10,8,False,84,0,0,0,0,0,0,,,84,0,0
678100,Aziz Ouattara,2026-08-29T17:30:00+00:00,2026,ISR1,1,False,4912900,2,5223,away,3793,4,1,played,32,7,False,86,0,0,0,0,0,0,,,86,0,0
678100,Aziz Ouattara,2026-08-24T17:00:00+00:00,2026,ISR1,1,False,4912933,1,5223,home,4769,0,0,played,32,6,False,69,0,0,1,0,0,1,61,,69,0,0
500271,Amit Cohen,2026-08-29T17:30:00+00:00,2026,ISR1,1,False,4912900,2,5223,away,3793,4,1,played,24,5,False,90,0,0,0,0,0,0,31,,,0,0
500271,Amit Cohen,2026-08-24T17:00:00+00:00,2026,ISR1,1,False,4912933,1,5223,home,4769,0,0,played,24,4,False,90,0,0,1,0,0,1,,,,0,0
530313,Nadav Niddam,2026-08-29T17:30:00+00:00,2026,ISR1,1,False,4912900,2,5223,away,3793,4,1,played,13,7,False,90,0,0,1,1,0,0,,,,0,0
530313,Nadav Niddam,2026-08-24T17:00:00+00:00,2026,ISR1,1,False,4912933,1,5223,home,4769,0,0,played,13,0,False,28,0,0,2,0,0,2,,62,,0,0
466538,Maor Levi,2026-08-29T17:30:00+00:00,2026,ISR1,1,False,4912900,2,5223,away,3793,4,1,played,15,6,False,84,1,0,3,2,1,0,,,84,0,0
466538,Maor Levi,2026-08-24T17:00:00+00:00,2026,ISR1,1,False,4912933,1,5223,home,4769,0,0,played,15,10,False,62,0,0,1,1,0,0,21,,62,0,0
929371,Basam Zaarura,2026-08-29T17:30:00+00:00,2026,ISR1,1,False,4912900,2,5223,away,3793,4,1,not in squad,,,False,0,0,0,0,0,0,0,,,,0,0
929371,Basam Zaarura,2026-08-24T17:00:00+00:00,2026,ISR1,1,False,4912933,1,5223,home,4769,0,0,played,16,10,False,90,0,0,3,2,1,0,21,,,0,0
182889,Wylan Cyprien,2026-08-29T17:30:00+00:00,2026,ISR1,1,False,4912900,2,5223,away,3793,4,1,not in squad,,,False,0,0,0,0,0,0,0,,,,0,0
182889,Wylan Cyprien,2026-08-24T17:00:00+00:00,2026,ISR1,1,False,4912933,1,5223,home,4769,0,0,not in squad,,,False,0,0,0,0,0,0,0,,,,0,0
761327,Omri Shamir,2026-08-29T17:30:00+00:00,2026,ISR1,1,False,4912900,2,5223,away,3793,4,1,played,18,0,False,4,0,0,0,0,0,0,,86,,0,0
761327,Omri Shamir,2026-08-24T17:00:00+00:00,2026,ISR1,1,False,4912933,1,5223,home,4769,0,0,in squad,18,,False,0,0,0,0,0,0,0,,,,0,0
703456,Aviv Kanarik,2026-08-29T17:30:00+00:00,2026,ISR1,1,False,4912900,2,5223,away,3793,4,1,not in squad,,,False,0,0,0,0,0,0,0,,,,0,0
703456,Aviv Kanarik,2026-08-24T17:00:00+00:00,2026,ISR1,1,False,4912933,1,5223,home,4769,0,0,not in squad,,,False,0,0,0,0,0,0,0,,,,0,0
807393,Saher Taji,2026-08-29T17:30:00+00:00,2026,ISR1,1,False,4912900,2,5223,away,3793,4,1,not in squad,,,False,0,0,0,0,0,0,0,,,,0,0
807393,Saher Taji,2026-08-24T17:00:00+00:00,2026,ISR1,1,False,4912933,1,5223,home,4769,0,0,not in squad,,,False,0,0,0,0,0,0,0,,,,0,0
670522,Matheus Davó,2026-08-29T17:30:00+00:00,2026,ISR1,1,False,4912900,2,5223,away,3793,4,1,played,83,14,False,83,3,0,4,3,1,0,,,83,0,0
670522,Matheus Davó,2026-08-24T17:00:00+00:00,2026,ISR1,1,False,4912933,1,5223,home,4769,0,0,played,83,14,False,90,0,0,3,1,1,1,,,,0,0
1399755,Liam Cohen,2026-08-29T17:30:00+00:00,2026,ISR1,1,False,4912900,2,5223,away,3793,4,1,played,14,0,False,1,0,0,0,0,0,0,,90,,0,0
1399755,Liam Cohen,2026-08-24T17:00:00+00:00,2026,ISR1,1,False,4912933,1,5223,home,4769,0,0,not in squad,,,False,0,0,0,0,0,0,0,,,,0,0
293602,Dor Hugi,2026-08-29T17:30:00+00:00,2026,ISR1,1,False,4912900,2,5223,away,3793,4,1,played,11,0,False,7,0,0,0,0,0,0,,83,,0,0
293602,Dor Hugi,2026-08-24T17:00:00+00:00,2026,ISR1,1,False,4912933,1,5223,home,4769,0,0,played,11,0,False,21,0,0,0,0,0,0,,69,,0,0
1515279,Yarin Abuhatzira,2026-08-29T17:30:00+00:00,2026,ISR1,1,False,4912900,2,5223,away,3793,4,1,played,17,0,False,6,0,0,0,0,0,0,,84,,0,0
1515279,Yarin Abuhatzira,2026-08-24T17:00:00+00:00,2026,ISR1,1,False,4912933,1,5223,home,4769,0,0,played,17,0,False,29,0,0,3,0,1,2,,61,,0,0
1456602,Aleksei Talpa,2026-08-29T17:30:00+00:00,2026,ISR1,1,False,4912900,2,5223,away,3793,4,1,in squad,21,,False,0,0,0,0,0,0,0,,,,0,0
1456602,Aleksei Talpa,2026-08-24T17:00:00+00:00,2026,ISR1,1,False,4912933,1,5223,home,4769,0,0,played,21,0,False,6,0,0,0,0,0,0,90,84,,0,0
178195,Dor Micha,2026-08-24T16:00:00+00:00,2026,ISR2,2,False,4963359,2,6105,home,46771,1,0,played,23,0,False,90,0,0,0,0,0,0,,,,0,0
178195,Dor Micha,2026-08-18T16:30:00+00:00,2026,ISR2,2,False,4963298,1,6105,away,35110,0,2,played,23,0,False,90,0,0,0,0,0,0,,,,0,0
1516106,Shahar Visagie,2026-08-29T17:30:00+00:00,2026,ISR1,1,False,4912900,2,3793,home,5223,1,4,not in squad,,,False,0,0,0,0,0,0,0,,,,0,0
1516106,Shahar Visagie,2026-08-13T18:30:00+00:00,2026,ECLQ,10,False,4973762,6,3793,away,14,4,5,not in squad,,,False,0,0,0,0,0,0,0,,,,0,0
1516106,Shahar Visagie,2026-08-06T17:30:00+00:00,2026,ECLQ,10,False,4973732,5,3793,neutral,14,1,2,not in squad,,,False,0,0,0,0,0,0,0,,,,0,0
1516106,Shahar Visagie,2026-07-30T17:30:00+00:00,2026,ECLQ,10,False,4898030,4,3793,home,2156,6,6,not in squad,,,False,0,0,0,0,0,0,0,,,,0,0
1516106,Shahar Visagie,2026-07-23T16:30:00+00:00,2026,ECLQ,10,False,4897992,3,3793,away,2156,1,0,not in squad,,,False,0,0,0,0,0,0,0,,,,0,0
345085,Daniel Tenenbaum,2026-08-29T17:00:00+00:00,2026,ISR1,1,False,4912905,2,6028,home,51070,2,0,played,19,1,False,90,0,0,0,0,0,0,,,,0,0
345085,Daniel Tenenbaum,2026-08-22T17:00:00+00:00,2026,ISR1,1,False,4912927,1,6028,away,3785,1,2,played,19,1,False,90,0,0,0,0,0,0,,,,0,0
489825,Nemanja Ljubisavljevic,2026-08-29T17:00:00+00:00,2026,ISR1,1,False,4912905,2,6028,home,51070,2,0,played,26,3,False,90,0,0,0,0,0,0,,,,0,0
489825,Nemanja Ljubisavljevic,2026-08-22T17:00:00+00:00,2026,ISR1,1,False,4912927,1,6028,away,3785,1,2,played,26,3,False,90,0,0,0,0,0,0,49,,,0,0
799342,Nikola Djurkovic,2026-08-29T17:00:00+00:00,2026,ISR1,1,False,4912905,2,6028,home,51070,2,0,in squad,1,,False,0,0,0,0,0,0,0,,,,0,0
799342,Nikola Djurkovic,2026-08-22T17:00:00+00:00,2026,ISR1,1,False,4912927,1,6028,away,3785,1,2,in squad,1,,False,0,0,0,0,0,0,0,,,,0,0
312375,Shay Ben David,2026-08-29T17:00:00+00:00,2026,ISR1,1,False,4912905,2,6028,home,51070,2,0,played,32,3,False,90,0,1,1,1,0,0,,,,0,0
312375,Shay Ben David,2026-08-22T17:00:00+00:00,2026,ISR1,1,False,4912927,1,6028,away,3785,1,2,played,32,3,False,90,0,0,1,0,1,0,,,,0,0
531146,Ovadia Darwish,2026-08-29T17:00:00+00:00,2026,ISR1,1,False,4912905,2,6028,home,51070,2,0,not in squad,,,False,0,0,0,0,0,0,0,,,,0,0
531146,Ovadia Darwish,2026-08-22T17:00:00+00:00,2026,ISR1,1,False,4912927,1,6028,away,3785,1,2,played,20,5,False,45,0,0,0,0,0,0,,,46,0,0
919537,Shon Edri,2026-08-29T17:00:00+00:00,2026,ISR1,1,False,4912905,2,6028,home,51070,2,0,in squad,44,,False,0,0,0,0,0,0,0,,,,0,0
919537,Shon Edri,2026-08-22T17:00:00+00:00,2026,ISR1,1,False,4912927,1,6028,away,3785,1,2,played,44,0,False,22,0,0,0,0,0,0,,68,,0,0
472032,Amit Glazer,2026-08-29T17:00:00+00:00,2026,ISR1,1,False,4912905,2,6028,home,51070,2,0,in squad,4,,False,0,0,0,0,0,0,0,,,,0,0
472032,Amit Glazer,2026-08-22T17:00:00+00:00,2026,ISR1,1,False,4912927,1,6028,away,3785,1,2,in squad,4,,False,0,0,0,0,0,0,0,,,,0,0
1307926,Shay Sabah,2026-08-29T17:00:00+00:00,2026,ISR1,1,False,4912905,2,6028,home,51070,2,0,played,11,0,False,31,0,0,0,0,0,0,,59,,0,0
1307926,Shay Sabah,2026-08-22T17:00:00+00:00,2026,ISR1,1,False,4912927,1,6028,away,3785,1,2,not in squad,,,False,0,0,0,0,0,0,0,,,,0,0
1393731,Harel Goldenberg,2026-08-29T17:00:00+00:00,2026,ISR1,1,False,4912905,2,6028,home,51070,2,0,not in squad,,,False,0,0,0,0,0,0,0,,,,0,0
1393731,Harel Goldenberg,2026-08-22T17:00:00+00:00,2026,ISR1,1,False,4912927,1,6028,away,3785,1,2,not in squad,,,False,0,0,0,0,0,0,0,,,,0,0
312396,Itzik Sholmyster,2026-08-29T17:00:00+00:00,2026,ISR1,1,False,4912905,2,6028,home,51070,2,0,played,17,4,False,59,0,0,0,0,0,0,,,59,0,0
312396,Itzik Sholmyster,2026-08-22T17:00:00+00:00,2026,ISR1,1,False,4912927,1,6028,away,3785,1,2,played,17,4,False,68,0,0,0,0,0,0,,,68,0,0
1393678,Yoav Karadi,2026-08-22T17:00:00+00:00,2026,ISR1,1,False,4912927,1,6028,away,3785,1,2,in squad,15,,False,0,0,0,0,0,0,0,,,,0,0
458465,Ido Vaier,2026-08-29T17:00:00+00:00,2026,ISR1,1,False,4912905,2,6028,home,51070,2,0,played,28,5,False,90,0,0,0,0,0,0,,,,0,0
458465,Ido Vaier,2026-08-22T17:00:00+00:00,2026,ISR1,1,False,4912927,1,6028,away,3785,1,2,played,28,0,False,23,0,1,1,0,0,1,,67,,0,0
627222,Talles Costa,2026-08-29T17:00:00+00:00,2026,ISR1,1,False,4912905,2,6028,home,51070,2,0,played,8,6,False,59,0,0,0,0,0,0,33,,59,0,0
627222,Talles Costa,2026-08-22T17:00:00+00:00,2026,ISR1,1,False,4912927,1,6028,away,3785,1,2,played,8,6,False,85,0,0,0,0,0,0,,,85,0,0
1216111,Alex Sola,2026-08-29T17:00:00+00:00,2026,ISR1,1,False,4912905,2,6028,home,51070,2,0,played,63,6,False,90,0,0,1,0,0,1,90,,,0,0
1216111,Alex Sola,2026-08-22T17:00:00+00:00,2026,ISR1,1,False,4912927,1,6028,away,3785,1,2,played,63,6,False,90,0,0,1,0,0,1,,,,0,0
833604,Ariel Sheratzky,2026-08-29T17:00:00+00:00,2026,ISR1,1,False,4912905,2,6028,home,51070,2,0,played,10,10,True,90,0,0,1,0,0,1,,,,0,0
833604,Ariel Sheratzky,2026-08-22T17:00:00+00:00,2026,ISR1,1,False,4912927,1,6028,away,3785,1,2,played,10,10,True,77,0,0,3,0,2,1,,,77,0,0
649025,Amadou Sagna,2026-08-29T17:00:00+00:00,2026,ISR1,1,False,4912905,2,6028,home,51070,2,0,played,7,8,False,73,1,0,2,2,0,0,,,73,0,0
649025,Amadou Sagna,2026-08-22T17:00:00+00:00,2026,ISR1,1,False,4912927,1,6028,away,3785,1,2,played,7,9,False,90,0,0,4,1,2,1,,,,0,0
698986,Ofir Benbenishti,2026-08-29T17:00:00+00:00,2026,ISR1,1,False,4912905,2,6028,home,51070,2,0,played,6,0,False,31,0,0,0,0,0,0,,59,,0,0
698986,Ofir Benbenishti,2026-08-22T17:00:00+00:00,2026,ISR1,1,False,4912927,1,6028,away,3785,1,2,not in squad,,,False,0,0,0,0,0,0,0,,,,0,0
325726,Adrián Ugarriza,2026-08-29T17:00:00+00:00,2026,ISR1,1,False,4912905,2,6028,home,51070,2,0,played,9,14,False,90,0,0,3,0,1,2,,,,0,0
325726,Adrián Ugarriza,2026-08-22T17:00:00+00:00,2026,ISR1,1,False,4912927,1,6028,away,3785,1,2,played,9,14,False,90,1,0,1,1,0,0,,,,0,0
530115,Rüfat Abdullazada,2026-08-29T17:00:00+00:00,2026,ISR1,1,False,4912905,2,6028,home,51070,2,0,played,21,9,False,78,1,0,3,1,2,0,64,,78,0,0
530115,Rüfat Abdullazada,2026-08-22T17:00:00+00:00,2026,ISR1,1,False,4912927,1,6028,away,3785,1,2,played,21,8,False,67,0,0,1,0,0,1,,,67,0,0
1380885,Jwan Halabi,2026-08-29T17:00:00+00:00,2026,ISR1,1,False,4912905,2,6028,home,51070,2,0,in squad,12,,False,0,0,0,0,0,0,0,,,,0,0
1380885,Jwan Halabi,2026-08-22T17:00:00+00:00,2026,ISR1,1,False,4912927,1,6028,away,3785,1,2,in squad,12,,False,0,0,0,0,0,0,0,,,,0,0
925801,Awajo Asefa,2026-08-29T17:00:00+00:00,2026,ISR1,1,False,4912905,2,6028,home,51070,2,0,in squad,30,,False,0,0,0,0,0,0,0,,,,0,0
925801,Awajo Asefa,2026-08-22T17:00:00+00:00,2026,ISR1,1,False,4912927,1,6028,away,3785,1,2,played,30,0,False,5,0,0,0,0,0,0,,85,,0,0
984970,Tomer Tzarfati,2026-08-30T16:00:00+00:00,2026,ISR2,2,False,4963340,3,51820,home,102847,3,2,played,1,0,False,90,0,0,0,0,0,0,,,,0,0
984970,Tomer Tzarfati,2026-08-23T16:00:00+00:00,2026,ISR2,2,False,4963357,2,51820,away,9095,1,3,played,1,0,False,90,0,0,0,0,0,0,50,,,0,0
984970,Tomer Tzarfati,2026-08-18T16:30:00+00:00,2026,ISR2,2,False,4963301,1,51820,home,51930,2,0,played,1,0,False,90,0,0,0,0,0,0,,,,0,0
1359808,Ori Shnaper,2026-08-29T17:00:00+00:00,2026,ISR1,1,False,4912905,2,6028,home,51070,2,0,not in squad,,,False,0,0,0,0,0,0,0,,,,0,0
1359808,Ori Shnaper,2026-08-22T17:00:00+00:00,2026,ISR1,1,False,4912927,1,6028,away,3785,1,2,not in squad,,,False,0,0,0,0,0,0,0,,,,0,0
781572,Rotem Keller,2026-08-28T18:00:00+00:00,2026,UNG1,1,False,4944293,6,84,home,634,2,2,played,72,0,False,10,0,0,1,0,1,0,,80,,0,0
781572,Rotem Keller,2026-08-23T15:30:00+00:00,2026,UNG1,1,False,4944289,5,84,away,30613,0,0,in squad,72,,False,0,0,0,0,0,0,0,,,,0,0
781572,Rotem Keller,2026-08-16T14:30:00+00:00,2026,UNG1,1,False,4944280,4,84,home,6055,1,1,in squad,72,,False,0,0,0,0,0,0,0,,,,0,0
781572,Rotem Keller,2026-08-12T16:00:00+00:00,2026,ECLQ,10,False,4973773,6,84,away,190,1,5,played,72,4,False,45,0,0,1,1,0,0,,,46,0,0
781572,Rotem Keller,2026-08-09T15:30:00+00:00,2026,UNG1,1,False,4944278,3,84,home,6058,1,0,played,72,0,False,7,0,0,0,0,0,0,,83,,0,0
781572,Rotem Keller,2026-08-06T17:00:00+00:00,2026,ECLQ,10,False,4973743,5,84,home,190,0,3,played,72,4,False,90,0,0,2,1,0,1,,,,0,0
781572,Rotem Keller,2026-08-02T13:30:00+00:00,2026,UNG1,1,False,4906195,2,84,away,708,2,4,played,72,4,False,45,0,0,1,0,0,1,,,46,0,0
781572,Rotem Keller,2026-07-30T16:00:00+00:00,2026,ECLQ,10,False,4898002,4,84,away,10301,0,0,in squad,72,,False,0,0,0,0,0,0,0,,,,0,0
781572,Rotem Keller,2026-07-26T16:00:00+00:00,2026,UNG1,1,False,4906193,1,84,home,37169,0,2,played,72,4,False,80,0,0,0,0,0,0,,,80,0,0
781572,Rotem Keller,2026-07-23T16:00:00+00:00,2026,ECLQ,10,False,4897965,3,84,home,10301,1,0,played,72,4,False,10,0,0,0,0,0,0,,80,,0,0
426943,Mohamed Djetei,2026-08-29T17:15:00+00:00,2026,E3G2,3,False,4910286,1,5358,home,12697,1,0,played,2,3,False,90,0,0,0,0,0,0,,,,0,0
739943,Li On Mizrahi,2026-08-29T17:00:00+00:00,2026,ISR1,1,False,4912904,2,43119,away,262,0,1,in squad,18,,False,0,0,0,0,0,0,0,,,,0,0
739943,Li On Mizrahi,2026-08-23T17:15:00+00:00,2026,ISR1,1,False,4912929,1,43119,home,119,2,5,in squad,18,,False,0,0,0,0,0,0,0,,,,0,0
661754,Yuval Sade,2026-08-06T16:30:00+00:00,2026,ECLQ,10,False,4973733,5,7769,home,1293,0,5,absent,,,False,0,0,0,0,0,0,0,,,,0,9
661754,Yuval Sade,2026-08-02T18:30:00+00:00,2026,RO1,1,False,4914530,3,7769,away,455,1,3,not in squad,,,False,0,0,0,0,0,0,0,,,,0,0
661754,Yuval Sade,2026-07-30T18:30:00+00:00,2026,ECLQ,10,False,4898026,4,7769,home,37914,3,0,absent,,,False,0,0,0,0,0,0,0,,,,0,9
661754,Yuval Sade,2026-07-27T15:30:00+00:00,2026,RO1,1,False,4914515,2,7769,home,40843,5,0,in squad,36,,False,0,0,0,0,0,0,0,,,,0,0
661754,Yuval Sade,2026-07-23T15:00:00+00:00,2026,ECLQ,10,False,4897988,3,7769,away,37914,1,1,absent,,,False,0,0,0,0,0,0,0,,,,0,9
661754,Yuval Sade,2026-07-18T15:30:00+00:00,2026,RO1,1,False,4912993,1,7769,away,4959,1,2,not in squad,,,False,0,0,0,0,0,0,0,,,,0,0
347275,Maxim Plakushchenko,2026-08-29T17:00:00+00:00,2026,ISR1,1,False,4912902,2,2785,home,2976,1,2,played,7,10,False,45,0,0,0,0,0,0,,,46,0,0
347275,Maxim Plakushchenko,2026-08-22T17:30:00+00:00,2026,ISR1,1,False,4912930,1,2785,away,1064,1,2,played,7,7,False,81,1,0,3,1,1,1,,,81,0,0
920394,Gontie Junior Diomandé,2026-08-23T16:00:00+00:00,2026,ISR2,2,False,4963358,2,70178,away,102847,1,0,not in squad,,,False,0,0,0,0,0,0,0,,,,0,0
920394,Gontie Junior Diomandé,2026-08-18T16:30:00+00:00,2026,ISR2,2,False,4963300,1,70178,home,9095,1,4,not in squad,,,False,0,0,0,0,0,0,0,,,,0,0
1371927,Lee-Yam Dan,2026-08-29T17:00:00+00:00,2026,ISR1,1,False,4912899,2,3785,away,4769,2,1,in squad,8,,False,0,0,0,0,0,0,0,,,,0,0
1371927,Lee-Yam Dan,2026-08-22T17:00:00+00:00,2026,ISR1,1,False,4912927,1,3785,home,6028,2,1,in squad,8,,False,0,0,0,0,0,0,0,,,,0,0
445517,Heri Tavares,2026-08-27T16:00:00+00:00,2026,ELQ,10,False,5013793,8,40812,away,53453,0,1,in squad,19,,False,0,0,0,0,0,0,0,,,,0,0
445517,Heri Tavares,2026-08-23T15:30:00+00:00,2026,RO1,1,False,4914556,6,40812,home,40843,3,1,played,19,0,False,15,0,0,0,0,0,0,,75,,0,0
445517,Heri Tavares,2026-08-20T17:00:00+00:00,2026,ELQ,10,False,5013751,7,40812,home,53453,1,1,in squad,19,,False,0,0,0,0,0,0,0,,,,0,0
445517,Heri Tavares,2026-08-16T15:30:00+00:00,2026,RO1,1,False,4914629,5,40812,away,4959,1,1,in squad,19,,False,0,0,0,0,0,0,0,,,,0,0
445517,Heri Tavares,2026-08-13T17:00:00+00:00,2026,ELQ,10,False,4973706,6,40812,home,6251,2,1,played,19,0,False,10,0,0,0,0,0,0,,80,,0,0
445517,Heri Tavares,2026-08-09T18:30:00+00:00,2026,RO1,1,False,4914566,4,40812,home,41278,0,1,in squad,19,,False,0,0,0,0,0,0,0,,,,0,0
445517,Heri Tavares,2026-08-06T15:00:00+00:00,2026,ELQ,10,False,4973693,5,40812,away,6251,1,1,played,19,0,False,17,0,0,0,0,0,0,,73,,0,0
445517,Heri Tavares,2026-08-01T18:30:00+00:00,2026,RO1,1,False,4914533,3,40812,home,9465,4,0,in squad,19,,False,0,0,0,0,0,0,0,,,,0,0
445517,Heri Tavares,2026-07-29T17:30:00+00:00,2026,CLQ,10,False,4942887,4,40812,home,156,2,2,played,19,0,False,13,0,0,0,0,0,0,,77,,0,0
445517,Heri Tavares,2026-07-25T17:30:00+00:00,2026,RO1,1,False,4914517,2,40812,away,312,1,5,played,19,0,False,45,0,0,1,0,1,0,,46,,0,0
445517,Heri Tavares,2026-07-22T17:30:00+00:00,2026,CLQ,10,False,4942869,3,40812,away,156,0,1,played,19,0,False,15,0,0,0,0,0,0,,75,,0,0
445517,Heri Tavares,2026-07-18T18:15:00+00:00,2026,RO1,1,False,4912994,1,40812,home,952,4,0,played,19,8,False,52,0,0,0,0,0,0,,,52,0,0
445517,Heri Tavares,2026-07-15T17:30:00+00:00,2026,CLQ,10,False,4897207,2,40812,home,36596,1,0,played,19,12,False,45,0,0,0,0,0,0,,46,,0,0
445517,Heri Tavares,2026-07-12T17:30:00+00:00,2026,ROMS,9,False,4924498,1,40812,home,6429,6,4,played,19,10,False,45,0,0,1,0,1,0,,46,,0,0
445517,Heri Tavares,2026-07-08T17:00:00+00:00,2026,CLQ,10,False,4897193,1,40812,neutral,36596,4,1,played,19,11,False,13,0,0,0,0,0,0,,77,,0,0
1075186,Luccas Paraizo,2026-08-29T10:00:00+00:00,2026,PO2,2,False,4938940,4,3345,away,7378,2,0,played,33,14,False,71,0,0,0,0,0,0,,,71,0,0
1075186,Luccas Paraizo,2026-08-22T10:00:00+00:00,2026,PO2,2,False,4938948,3,3345,home,2639,2,4,played,33,14,False,47,1,0,0,0,0,0,,43,,0,0
1075186,Luccas Paraizo,2026-08-16T14:30:00+00:00,2026,PO2,2,False,4938956,2,3345,home,7179,1,0,played,33,14,False,18,0,0,0,0,0,0,,72,,0,0
1075186,Luccas Paraizo,2026-08-10T17:00:00+00:00,2026,PO2,2,False,4938917,1,3345,away,10330,0,1,played,33,14,False,23,0,0,0,0,0,0,,67,,0,0
831242,Loai Helf,2026-08-29T17:00:00+00:00,2026,ISR1,1,False,4912899,2,4769,home,3785,1,2,played,16,0,False,14,0,0,0,0,0,0,,76,,0,0
831242,Loai Helf,2026-08-24T17:00:00+00:00,2026,ISR1,1,False,4912933,1,4769,away,5223,0,0,played,16,0,False,29,0,0,0,0,0,0,,61,,0,0
413886,Matan Zalmanovich,2026-08-30T16:00:00+00:00,2026,ISR2,2,False,4963344,3,8907,home,7532,0,2,played,1,0,False,90,0,0,0,0,0,0,,,,0,0
413886,Matan Zalmanovich,2026-08-23T16:00:00+00:00,2026,ISR2,2,False,4963353,2,8907,home,20857,2,3,played,1,0,False,90,0,0,0,0,0,0,38,,,0,0
413886,Matan Zalmanovich,2026-08-18T16:30:00+00:00,2026,ISR2,2,False,4963304,1,8907,away,25067,2,0,played,1,0,False,90,0,0,0,0,0,0,,,,0,0
1495354,Roy Shedo,2026-08-24T16:00:00+00:00,2026,ISR2,2,False,4963360,2,35110,away,2828,1,0,in squad,55,,False,0,0,0,0,0,0,0,,,,0,0
1495354,Roy Shedo,2026-08-18T16:30:00+00:00,2026,ISR2,2,False,4963298,1,35110,home,6105,2,0,in squad,55,,False,0,0,0,0,0,0,0,,,,0,0
530308,Shalev Desta,2026-08-24T16:00:00+00:00,2026,ISR2,2,False,4963360,2,35110,away,2828,1,0,in squad,12,,False,0,0,0,0,0,0,0,,,,0,0
530308,Shalev Desta,2026-08-18T16:30:00+00:00,2026,ISR2,2,False,4963298,1,35110,home,6105,2,0,in squad,12,,False,0,0,0,0,0,0,0,,,,0,0
419247,Cristian Martínez,2026-08-30T15:00:00+00:00,2026,SLO1,1,False,4974857,6,540,home,13744,1,2,not in squad,,,False,0,0,0,0,0,0,0,,,,0,0
419247,Cristian Martínez,2026-08-26T19:00:00+00:00,2026,CLQ,10,False,5024619,8,540,away,710,2,1,played,70,6,False,105,1,0,1,1,0,0,,,105,0,0
419247,Cristian Martínez,2026-08-22T18:30:00+00:00,2026,SLO1,1,False,4974791,5,540,away,51316,2,1,played,70,0,False,9,0,0,0,0,0,0,,81,,0,0
419247,Cristian Martínez,2026-08-19T19:00:00+00:00,2026,CLQ,10,False,5013627,7,540,home,710,1,1,played,70,7,False,84,0,1,1,0,0,1,,,84,0,0
419247,Cristian Martínez,2026-08-15T16:00:00+00:00,2026,SLO1,1,False,4974851,4,540,home,7087,5,0,in squad,70,,False,0,0,0,0,0,0,0,,,,0,0
419247,Cristian Martínez,2026-08-11T18:15:00+00:00,2026,CLQ,10,False,4973500,6,540,home,2719,2,0,played,70,0,False,31,0,0,0,0,0,0,,59,,0,0
419247,Cristian Martínez,2026-08-04T16:00:00+00:00,2026,CLQ,10,False,4973490,5,540,away,2719,2,1,played,70,7,False,79,0,0,0,0,0,0,52,,79,0,0
419247,Cristian Martínez,2026-08-01T16:00:00+00:00,2026,SLO1,1,False,4974775,2,540,home,20063,3,0,played,70,0,False,10,0,0,0,0,0,0,,80,,0,0
419247,Cristian Martínez,2026-07-29T18:15:00+00:00,2026,CLQ,10,False,4897906,4,540,home,41133,1,1,played,70,7,False,63,0,0,0,0,0,0,,,63,0,0
419247,Cristian Martínez,2026-07-26T17:00:00+00:00,2026,SLO1,1,False,4971552,1,540,away,20758,4,0,played,70,0,False,17,0,0,0,0,0,0,,73,,0,0
419247,Cristian Martínez,2026-07-21T16:00:00+00:00,2026,CLQ,10,False,4897894,3,540,away,41133,2,0,not in squad,,,False,0,0,0,0,0,0,0,,,,0,0
655691,Wale Musa Alli,2026-08-30T19:00:00+00:00,2026,MT1N,1,False,4975452,3,329,away,36162,2,1,not in squad,,,False,0,0,0,0,0,0,0,,,,0,0
655691,Wale Musa Alli,2026-08-21T16:30:00+00:00,2026,MT1N,1,False,4975460,2,329,away,10603,0,2,played,30,9,False,79,0,0,0,0,0,0,,,79,0,0
655691,Wale Musa Alli,2026-08-16T18:30:00+00:00,2026,MT1N,1,False,4975440,1,329,home,10604,0,2,played,30,0,False,45,0,0,0,0,0,0,,46,,0,0
875139,Maor Erlich,2026-08-29T17:00:00+00:00,2026,ISR1,1,False,4912899,2,3785,away,4769,2,1,played,39,1,False,90,0,0,0,0,0,0,,,,0,0
875139,Maor Erlich,2026-08-22T17:00:00+00:00,2026,ISR1,1,False,4912927,1,3785,home,6028,2,1,played,39,1,False,90,0,0,0,0,0,0,,,,0,0
140803,Anthony Limbombe,2026-08-30T19:00:00+00:00,2026,MT1N,1,False,4975452,3,329,away,36162,2,1,not in squad,,,False,0,0,0,0,0,0,0,,,,0,0
140803,Anthony Limbombe,2026-08-21T16:30:00+00:00,2026,MT1N,1,False,4975460,2,329,away,10603,0,2,played,17,8,False,79,0,0,0,0,0,0,,,79,0,0
140803,Anthony Limbombe,2026-08-16T18:30:00+00:00,2026,MT1N,1,False,4975440,1,329,home,10604,0,2,played,17,12,False,68,0,0,0,0,0,0,,,68,0,0
464999,Mohammed Hindi,2026-08-29T17:00:00+00:00,2026,ISR1,1,False,4912899,2,3785,away,4769,2,1,played,32,0,False,4,0,0,0,0,0,0,,86,,0,0
464999,Mohammed Hindi,2026-08-22T17:00:00+00:00,2026,ISR1,1,False,4912927,1,3785,home,6028,2,1,in squad,32,,False,0,0,0,0,0,0,0,,,,0,0
919521,Hadar Fuchs,2026-08-30T16:00:00+00:00,2026,ISR2,2,False,4963342,3,51930,away,554,1,2,played,44,0,False,45,0,0,0,0,0,0,,,46,0,0
919521,Hadar Fuchs,2026-08-23T16:00:00+00:00,2026,ISR2,2,False,4963356,2,51930,home,6025,4,0,not in squad,,,False,0,0,0,0,0,0,0,,,,0,0
919521,Hadar Fuchs,2026-08-18T16:30:00+00:00,2026,ISR2,2,False,4963301,1,51930,away,51820,0,2,not in squad,,,False,0,0,0,0,0,0,0,,,,0,0
926476,Guy Dezent,2026-08-29T17:00:00+00:00,2026,ISR1,1,False,4912899,2,3785,away,4769,2,1,played,26,5,False,90,0,0,1,1,0,0,90,,,0,0
926476,Guy Dezent,2026-08-22T17:00:00+00:00,2026,ISR1,1,False,4912927,1,3785,home,6028,2,1,played,26,5,False,90,0,0,1,0,1,0,,,,0,0
211877,Aviv Salem,2026-08-29T17:00:00+00:00,2026,ISR1,1,False,4912899,2,3785,away,4769,2,1,played,17,4,True,90,0,0,1,0,0,1,,,,0,0
211877,Aviv Salem,2026-08-22T17:00:00+00:00,2026,ISR1,1,False,4912927,1,3785,home,6028,2,1,played,17,4,True,90,0,1,1,1,0,0,,,,0,0
919545,Gal Ma'atuk,2026-08-29T17:00:00+00:00,2026,ISR1,1,False,4912905,2,51070,away,6028,0,2,played,19,4,False,76,0,0,1,0,1,0,68,,76,0,0
919545,Gal Ma'atuk,2026-08-22T17:00:00+00:00,2026,ISR1,1,False,4912928,1,51070,home,262,1,0,played,19,4,False,90,0,0,1,1,0,0,,,,0,0
1181944,Omer Shirazi,2026-08-29T17:00:00+00:00,2026,ISR1,1,False,4912899,2,3785,away,4769,2,1,not in squad,,,False,0,0,0,0,0,0,0,,,,0,0
1181944,Omer Shirazi,2026-08-22T17:00:00+00:00,2026,ISR1,1,False,4912927,1,3785,home,6028,2,1,not in squad,,,False,0,0,0,0,0,0,0,,,,0,0
992415,Liran Hazan,2026-08-29T17:00:00+00:00,2026,ISR1,1,False,4912899,2,3785,away,4769,2,1,played,53,14,False,79,1,1,3,2,0,1,,,79,0,0
992415,Liran Hazan,2026-08-22T17:00:00+00:00,2026,ISR1,1,False,4912927,1,3785,home,6028,2,1,played,53,10,False,85,0,0,4,1,3,0,,,85,0,0
1083165,Ido Cohen,2026-08-29T17:00:00+00:00,2026,ISR1,1,False,4912899,2,3785,away,4769,2,1,played,20,7,False,90,0,1,1,0,1,0,,,,0,0
1083165,Ido Cohen,2026-08-22T17:00:00+00:00,2026,ISR1,1,False,4912927,1,3785,home,6028,2,1,played,20,6,False,90,0,0,0,0,0,0,,,,0,0
1476943,Yanir Zeigerman,2026-08-29T17:00:00+00:00,2026,ISR1,1,False,4912899,2,3785,away,4769,2,1,not in squad,,,False,0,0,0,0,0,0,0,,,,0,0
1476943,Yanir Zeigerman,2026-08-22T17:00:00+00:00,2026,ISR1,1,False,4912927,1,3785,home,6028,2,1,not in squad,,,False,0,0,0,0,0,0,0,,,,0,0
129771,Eitan Tibi,2026-08-29T17:00:00+00:00,2026,ISR1,1,False,4912899,2,3785,away,4769,2,1,not in squad,,,False,0,0,0,0,0,0,0,,,,0,0
129771,Eitan Tibi,2026-08-22T17:00:00+00:00,2026,ISR1,1,False,4912927,1,3785,home,6028,2,1,played,18,3,False,90,0,0,0,0,0,0,,,,0,0
225803,Ben Vahaba,2026-08-24T16:00:00+00:00,2026,ISR2,2,False,4963360,2,35110,away,2828,1,0,played,32,0,False,90,0,0,0,0,0,0,75,,,0,0
225803,Ben Vahaba,2026-08-18T16:30:00+00:00,2026,ISR2,2,False,4963298,1,35110,home,6105,2,0,played,32,0,False,90,0,0,0,0,0,0,,,,0,0
530310,Eyal Inbrum,2026-08-29T17:00:00+00:00,2026,ISR1,1,False,4912899,2,3785,away,4769,2,1,played,99,0,False,11,0,0,0,0,0,0,,79,,0,0
530310,Eyal Inbrum,2026-08-22T17:00:00+00:00,2026,ISR1,1,False,4912927,1,3785,home,6028,2,1,played,99,0,False,17,0,0,0,0,0,0,,73,,0,0
982569,Yuval Kretzo,2026-08-29T17:00:00+00:00,2026,ISR1,1,False,4912899,2,3785,away,4769,2,1,not in squad,,,False,0,0,0,0,0,0,0,,,,0,0
982569,Yuval Kretzo,2026-08-22T17:00:00+00:00,2026,ISR1,1,False,4912927,1,3785,home,6028,2,1,not in squad,,,False,0,0,0,0,0,0,0,,,,0,0
679264,José Cortés,2026-08-29T17:00:00+00:00,2026,ISR1,1,False,4912899,2,3785,away,4769,2,1,played,77,0,False,21,0,0,1,1,0,0,,69,,0,0
679264,José Cortés,2026-08-22T17:00:00+00:00,2026,ISR1,1,False,4912927,1,3785,home,6028,2,1,played,77,0,False,33,0,0,1,0,1,0,,57,,0,0
340994,Samuel Owusu,2026-08-29T17:00:00+00:00,2026,ISR1,1,False,4912899,2,3785,away,4769,2,1,played,9,8,False,86,1,0,2,1,0,1,,,86,0,0
340994,Samuel Owusu,2026-08-22T17:00:00+00:00,2026,ISR1,1,False,4912927,1,3785,home,6028,2,1,played,9,8,False,73,1,1,1,1,0,0,,,73,0,0
463621,Franck Rivollier,2026-08-29T17:00:00+00:00,2026,ISR1,1,False,4912904,2,262,home,43119,1,0,played,9,14,False,71,0,1,2,0,2,0,,,71,0,0
463621,Franck Rivollier,2026-08-22T17:00:00+00:00,2026,ISR1,1,False,4912928,1,262,away,51070,0,1,played,9,14,False,90,0,0,2,0,2,0,,,,0,0
519530,Idan Dahan,2026-08-30T16:00:00+00:00,2026,ISR2,2,False,4963344,3,8907,home,7532,0,2,played,10,0,False,45,0,0,0,0,0,0,65,46,,0,0
519530,Idan Dahan,2026-08-23T16:00:00+00:00,2026,ISR2,2,False,4963353,2,8907,home,20857,2,3,played,10,0,False,15,0,0,0,0,0,0,,75,,0,0
519530,Idan Dahan,2026-08-18T16:30:00+00:00,2026,ISR2,2,False,4963304,1,8907,away,25067,2,0,played,10,0,False,19,0,0,0,0,0,0,,71,,0,0
838638,Nadav Zamir,2026-08-29T17:00:00+00:00,2026,ISR1,1,False,4912904,2,43119,away,262,0,1,played,55,1,False,90,0,0,0,0,0,0,,,,0,0
838638,Nadav Zamir,2026-08-23T17:15:00+00:00,2026,ISR1,1,False,4912929,1,43119,home,119,2,5,played,55,1,False,90,0,0,0,0,0,0,,,,0,0
919517,Ariel Lugassy,2026-08-29T17:00:00+00:00,2026,ISR1,1,False,4912899,2,3785,away,4769,2,1,played,10,0,False,21,0,0,0,0,0,0,,69,,0,0
919517,Ariel Lugassy,2026-08-22T17:00:00+00:00,2026,ISR1,1,False,4912927,1,3785,home,6028,2,1,played,10,0,False,17,0,0,0,0,0,0,,73,,0,0
212043,Mohamed Khatib,2026-08-23T16:00:00+00:00,2026,ISR2,2,False,4963356,2,6025,away,51930,0,4,played,11,0,False,75,0,0,0,0,0,0,,,75,0,0
212043,Mohamed Khatib,2026-08-18T16:30:00+00:00,2026,ISR2,2,False,4963302,1,6025,home,25909,0,2,played,11,0,False,90,0,0,0,0,0,0,,,,0,0
1057298,Noam Shavit,2026-08-29T17:00:00+00:00,2026,ISR1,1,False,4912904,2,43119,away,262,0,1,not in squad,,,False,0,0,0,0,0,0,0,,,,0,0
1057298,Noam Shavit,2026-08-23T17:15:00+00:00,2026,ISR1,1,False,4912929,1,43119,home,119,2,5,not in squad,,,False,0,0,0,0,0,0,0,,,,0,0
713303,Ben Gordin,2026-08-29T17:00:00+00:00,2026,ISR1,1,False,4912904,2,43119,away,262,0,1,in squad,1,,False,0,0,0,0,0,0,0,,,,0,0
713303,Ben Gordin,2026-08-23T17:15:00+00:00,2026,ISR1,1,False,4912929,1,43119,home,119,2,5,in squad,1,,False,0,0,0,0,0,0,0,,,,0,0
1231375,Ilay Tovim,2026-08-29T17:00:00+00:00,2026,ISR1,1,False,4912904,2,43119,away,262,0,1,not in squad,,,False,0,0,0,0,0,0,0,,,,0,0
1231375,Ilay Tovim,2026-08-23T17:15:00+00:00,2026,ISR1,1,False,4912929,1,43119,home,119,2,5,not in squad,,,False,0,0,0,0,0,0,0,,,,0,0
1433083,Guy Bar,2026-08-29T17:00:00+00:00,2026,ISR1,1,False,4912904,2,43119,away,262,0,1,not in squad,,,False,0,0,0,0,0,0,0,,,,0,0
1433083,Guy Bar,2026-08-23T17:15:00+00:00,2026,ISR1,1,False,4912929,1,43119,home,119,2,5,not in squad,,,False,0,0,0,0,0,0,0,,,,0,0
930551,Yonatan Laish,2026-08-29T17:00:00+00:00,2026,ISR1,1,False,4912904,2,43119,away,262,0,1,played,4,3,False,90,0,0,1,0,1,0,,,,0,0
930551,Yonatan Laish,2026-08-23T17:15:00+00:00,2026,ISR1,1,False,4912929,1,43119,home,119,2,5,played,4,0,False,18,0,0,1,0,1,0,,72,,0,0
733893,Noam Malmud,2026-08-29T17:00:00+00:00,2026,ISR1,1,False,4912904,2,43119,away,262,0,1,played,3,3,True,90,0,0,0,0,0,0,,,,0,0
733893,Noam Malmud,2026-08-23T17:15:00+00:00,2026,ISR1,1,False,4912929,1,43119,home,119,2,5,played,3,3,True,90,0,0,0,0,0,0,44,,,0,0
640531,Omer Agvadish,2026-08-29T17:00:00+00:00,2026,ISR1,1,False,4912904,2,43119,away,262,0,1,played,16,0,False,13,0,0,1,0,1,0,,77,,0,0
640531,Omer Agvadish,2026-08-23T17:15:00+00:00,2026,ISR1,1,False,4912929,1,43119,home,119,2,5,in squad,16,,False,0,0,0,0,0,0,0,,,,0,0
1305028,Tamir Haimovich,2026-08-29T17:00:00+00:00,2026,ISR1,1,False,4912904,2,43119,away,262,0,1,played,22,7,False,52,0,0,0,0,0,0,45,,52,0,0
1305028,Tamir Haimovich,2026-08-23T17:15:00+00:00,2026,ISR1,1,False,4912929,1,43119,home,119,2,5,played,22,3,False,90,0,0,0,0,0,0,,,,0,0
396647,Ofek Nadir,2026-08-29T17:00:00+00:00,2026,ISR1,1,False,4912904,2,43119,away,262,0,1,played,20,4,False,90,0,0,0,0,0,0,,,,0,0
396647,Ofek Nadir,2026-08-23T17:15:00+00:00,2026,ISR1,1,False,4912929,1,43119,home,119,2,5,played,20,4,False,90,0,0,0,0,0,0,,,,0,0
1453835,Hilay Sharabi Melman,2026-08-29T17:00:00+00:00,2026,ISR1,1,False,4912904,2,43119,away,262,0,1,not in squad,,,False,0,0,0,0,0,0,0,,,,0,0
1453835,Hilay Sharabi Melman,2026-08-23T17:15:00+00:00,2026,ISR1,1,False,4912929,1,43119,home,119,2,5,not in squad,,,False,0,0,0,0,0,0,0,,,,0,0
579631,Sharani Zuberu,2026-08-29T17:00:00+00:00,2026,ISR1,1,False,4912904,2,43119,away,262,0,1,played,70,9,False,62,0,0,1,0,1,0,,,62,0,0
579631,Sharani Zuberu,2026-08-23T17:15:00+00:00,2026,ISR1,1,False,4912929,1,43119,home,119,2,5,played,70,8,False,45,0,1,0,0,0,0,,,46,0,0
579631,Sharani Zuberu,2026-08-15T16:00:00+00:00,2026,SLO1,1,False,4974851,4,540,home,7087,5,0,not in squad,,,False,0,0,0,0,0,0,0,,,,0,0
579631,Sharani Zuberu,2026-08-11T18:15:00+00:00,2026,CLQ,10,False,4973500,6,540,home,2719,2,0,not in squad,,,False,0,0,0,0,0,0,0,,,,0,0
579631,Sharani Zuberu,2026-08-04T16:00:00+00:00,2026,CLQ,10,False,4973490,5,540,away,2719,2,1,not in squad,,,False,0,0,0,0,0,0,0,,,,0,0
579631,Sharani Zuberu,2026-08-01T16:00:00+00:00,2026,SLO1,1,False,4974775,2,540,home,20063,3,0,not in squad,,,False,0,0,0,0,0,0,0,,,,0,0
579631,Sharani Zuberu,2026-07-29T18:15:00+00:00,2026,CLQ,10,False,4897906,4,540,home,41133,1,1,played,23,11,False,27,0,0,0,0,0,0,,63,,0,0
579631,Sharani Zuberu,2026-07-26T17:00:00+00:00,2026,SLO1,1,False,4971552,1,540,away,20758,4,0,not in squad,,,False,0,0,0,0,0,0,0,,,,0,0
579631,Sharani Zuberu,2026-07-21T16:00:00+00:00,2026,CLQ,10,False,4897894,3,540,away,41133,2,0,played,23,0,False,10,0,0,0,0,0,0,,80,,0,0
247587,Idan Cohen,2026-08-29T17:00:00+00:00,2026,ISR1,1,False,4912904,2,43119,away,262,0,1,played,26,5,False,77,0,0,0,0,0,0,,,77,0,0
247587,Idan Cohen,2026-08-23T17:15:00+00:00,2026,ISR1,1,False,4912929,1,43119,home,119,2,5,played,26,5,False,72,0,0,0,0,0,0,,,72,0,0
703419,Ilay Madmon,2026-08-29T17:00:00+00:00,2026,ISR1,1,False,4912904,2,43119,away,262,0,1,not in squad,,,False,0,0,0,0,0,0,0,,,,0,0
703419,Ilay Madmon,2026-08-23T17:15:00+00:00,2026,ISR1,1,False,4912929,1,43119,home,119,2,5,played,8,0,False,45,0,0,1,0,0,1,,46,,0,0
926473,Yanai Distalfeld,2026-08-29T17:00:00+00:00,2026,ISR1,1,False,4912904,2,43119,away,262,0,1,played,11,0,False,38,0,0,0,0,0,0,,52,,0,0
926473,Yanai Distalfeld,2026-08-23T17:15:00+00:00,2026,ISR1,1,False,4912929,1,43119,home,119,2,5,played,11,0,False,22,0,0,1,1,0,0,,68,,0,0
872981,Ayano Farada,2026-08-29T17:00:00+00:00,2026,ISR1,1,False,4912904,2,43119,away,262,0,1,in squad,5,,False,0,0,0,0,0,0,0,,,,0,0
872981,Ayano Farada,2026-08-23T17:15:00+00:00,2026,ISR1,1,False,4912929,1,43119,home,119,2,5,injured,,,False,0,0,0,0,0,0,0,,,,287,0
1320423,Raz Haim Yehezkel,2026-08-29T17:00:00+00:00,2026,ISR1,1,False,4912904,2,43119,away,262,0,1,not in squad,,,False,0,0,0,0,0,0,0,,,,0,0
1320423,Raz Haim Yehezkel,2026-08-23T17:15:00+00:00,2026,ISR1,1,False,4912929,1,43119,home,119,2,5,not in squad,,,False,0,0,0,0,0,0,0,,,,0,0
856625,Andrew Idoko,2026-08-29T17:00:00+00:00,2026,ISR1,1,False,4912904,2,43119,away,262,0,1,played,25,14,False,77,0,0,3,0,3,0,,,77,0,0
856625,Andrew Idoko,2026-08-23T17:15:00+00:00,2026,ISR1,1,False,4912929,1,43119,home,119,2,5,played,25,9,False,90,0,0,6,1,3,2,,,,0,0
1466142,Daniel Koudougou,2026-08-29T17:00:00+00:00,2026,ISR1,1,False,4912904,2,43119,away,262,0,1,not in squad,,,False,0,0,0,0,0,0,0,,,,0,0
1466142,Daniel Koudougou,2026-08-23T17:15:00+00:00,2026,ISR1,1,False,4912929,1,43119,home,119,2,5,not in squad,,,False,0,0,0,0,0,0,0,,,,0,0
933143,Ohad Almagor,2026-08-29T17:00:00+00:00,2026,ISR1,1,False,4912904,2,43119,away,262,0,1,played,7,0,False,28,0,0,1,0,0,1,73,62,,0,0
933143,Ohad Almagor,2026-08-23T17:15:00+00:00,2026,ISR1,1,False,4912929,1,43119,home,119,2,5,played,7,0,False,45,1,0,2,1,0,1,,46,,0,0
1447979,Israel Dappa,2026-08-29T17:00:00+00:00,2026,ISR1,1,False,4912904,2,43119,away,262,0,1,played,33,0,False,13,0,0,1,0,1,0,,77,,0,0
1447979,Israel Dappa,2026-08-23T17:15:00+00:00,2026,ISR1,1,False,4912929,1,43119,home,119,2,5,played,33,14,False,62,0,0,1,1,0,0,,,62,0,0
1344716,Nadim Warsana,2026-08-29T17:00:00+00:00,2026,ISR1,1,False,4912904,2,43119,away,262,0,1,played,19,8,False,62,0,0,2,2,0,0,,,62,0,0
1344716,Nadim Warsana,2026-08-23T17:15:00+00:00,2026,ISR1,1,False,4912929,1,43119,home,119,2,5,played,19,0,False,28,0,0,1,0,1,0,,62,,0,0
1564630,Sani Abdulsalam,2026-08-29T17:00:00+00:00,2026,ISR1,1,False,4912904,2,43119,away,262,0,1,played,17,0,False,28,0,0,1,0,1,0,,62,,0,0
1564630,Sani Abdulsalam,2026-08-23T17:15:00+00:00,2026,ISR1,1,False,4912929,1,43119,home,119,2,5,in squad,17,,False,0,0,0,0,0,0,0,,,,0,0
492926,Harel Shalom,2026-08-29T17:00:00+00:00,2026,ISR1,1,False,4912904,2,262,home,43119,1,0,in squad,3,,False,0,0,0,0,0,0,0,,,,0,0
492926,Harel Shalom,2026-08-22T17:00:00+00:00,2026,ISR1,1,False,4912928,1,262,away,51070,0,1,in squad,3,,False,0,0,0,0,0,0,0,,,,0,0
1489152,John Otomewo,2026-08-29T12:00:00+00:00,2026,FR2,2,False,4895527,4,1421,away,1154,4,1,played,5,0,False,52,0,0,1,1,0,0,,38,,0,0
1489152,John Otomewo,2026-08-24T18:45:00+00:00,2026,FR2,2,False,4895516,3,1421,home,30204,3,1,played,5,0,False,17,0,0,0,0,0,0,,73,,0,0
1489152,John Otomewo,2026-08-14T18:45:00+00:00,2026,FR2,2,False,4895508,2,1421,home,9202,3,3,played,5,0,False,3,0,0,0,0,0,0,,87,,0,0
1489152,John Otomewo,2026-08-08T18:45:00+00:00,2026,FR2,2,False,4895493,1,1421,away,3524,0,0,played,5,0,False,31,0,0,0,0,0,0,,59,,0,0
1002515,Ido Oli,2026-08-29T17:00:00+00:00,2026,ISR1,1,False,4912902,2,2785,home,2976,1,2,played,21,10,False,90,0,0,1,0,1,0,,,90,0,0
1002515,Ido Oli,2026-08-22T17:30:00+00:00,2026,ISR1,1,False,4912930,1,2785,away,1064,1,2,played,21,7,False,90,0,0,1,0,0,1,,,,0,0
457184,Marko Rakonjac,2026-08-29T17:00:00+00:00,2026,ISR1,1,False,4912899,2,3785,away,4769,2,1,played,97,14,False,69,0,0,1,0,1,0,,,69,0,0
457184,Marko Rakonjac,2026-08-22T17:00:00+00:00,2026,ISR1,1,False,4912927,1,3785,home,6028,2,1,played,97,14,False,57,1,0,1,1,0,0,,,57,0,0
547479,Ruel Sotiriou,2026-08-29T12:00:00+00:00,2026,GB4,4,False,4911291,3,1219,away,1194,1,2,not in squad,,,False,0,0,0,0,0,0,0,,,,0,0
547479,Ruel Sotiriou,2026-08-22T11:30:00+00:00,2026,GB4,4,False,4911255,2,1219,away,34888,1,0,not in squad,,,False,0,0,0,0,0,0,0,,,,0,0
547479,Ruel Sotiriou,2026-08-15T14:00:00+00:00,2026,GB4,4,False,4911262,1,1219,home,11177,0,1,played,17,10,False,67,0,0,5,1,3,1,,,67,0,0
547479,Ruel Sotiriou,2026-08-08T14:00:00+00:00,2026,CGB,14,False,4925990,2,1219,away,11177,0,1,played,17,14,False,70,0,0,0,0,0,0,,,70,0,0
951357,Ibeh Ransom,2026-08-30T16:00:00+00:00,2026,ISR2,2,False,4963340,3,51820,home,102847,3,2,in squad,29,,False,0,0,0,0,0,0,0,,,,0,0
951357,Ibeh Ransom,2026-08-23T16:00:00+00:00,2026,ISR2,2,False,4963357,2,51820,away,9095,1,3,in squad,29,,False,0,0,0,0,0,0,0,,,,0,0
951357,Ibeh Ransom,2026-08-18T16:30:00+00:00,2026,ISR2,2,False,4963301,1,51820,home,51930,2,0,played,29,0,False,68,1,0,0,0,0,0,,,68,0,0
698887,Dor Hevron,2026-08-29T17:00:00+00:00,2026,ISR1,1,False,4912899,2,3785,away,4769,2,1,in squad,1,,False,0,0,0,0,0,0,0,,,,0,0
698887,Dor Hevron,2026-08-22T17:00:00+00:00,2026,ISR1,1,False,4912927,1,3785,home,6028,2,1,in squad,1,,False,0,0,0,0,0,0,0,,,,0,0
413712,Guy Badash,2026-08-29T17:00:00+00:00,2026,ISR1,1,False,4912904,2,262,home,43119,1,0,played,24,0,False,4,0,0,0,0,0,0,,86,,0,0
413712,Guy Badash,2026-08-22T17:00:00+00:00,2026,ISR1,1,False,4912928,1,262,away,51070,0,1,played,24,8,False,65,0,0,0,0,0,0,,,65,0,0
456996,Pavlos Correa,2026-08-29T17:00:00+00:00,2026,ISR1,1,False,4912899,2,3785,away,4769,2,1,played,44,3,False,90,0,0,1,0,1,0,,,,0,0
456996,Pavlos Correa,2026-08-22T17:00:00+00:00,2026,ISR1,1,False,4912927,1,3785,home,6028,2,1,played,44,3,False,90,0,0,0,0,0,0,71,,,0,0
1266696,Bashar Abdach,2026-08-29T17:00:00+00:00,2026,ISR1,1,False,4912899,2,3785,away,4769,2,1,not in squad,,,False,0,0,0,0,0,0,0,,,,0,0
1266696,Bashar Abdach,2026-08-22T17:00:00+00:00,2026,ISR1,1,False,4912927,1,3785,home,6028,2,1,not in squad,,,False,0,0,0,0,0,0,0,,,,0,0
1341622,Itay Baruch,2026-08-29T17:00:00+00:00,2026,ISR1,1,False,4912899,2,3785,away,4769,2,1,in squad,12,,False,0,0,0,0,0,0,0,,,,0,0
1341622,Itay Baruch,2026-08-22T17:00:00+00:00,2026,ISR1,1,False,4912927,1,3785,home,6028,2,1,in squad,12,,False,0,0,0,0,0,0,0,,,,0,0
1381679,Noam Shemesh,2026-08-29T17:00:00+00:00,2026,ISR1,1,False,4912899,2,3785,away,4769,2,1,not in squad,,,False,0,0,0,0,0,0,0,,,,0,0
1381679,Noam Shemesh,2026-08-22T17:00:00+00:00,2026,ISR1,1,False,4912927,1,3785,home,6028,2,1,not in squad,,,False,0,0,0,0,0,0,0,,,,0,0
1152625,Ibrahima Soumah,2026-08-29T17:00:00+00:00,2026,ISR1,1,False,4912899,2,3785,away,4769,2,1,played,21,7,False,90,0,0,0,0,0,0,,,,0,0
1152625,Ibrahima Soumah,2026-08-22T17:00:00+00:00,2026,ISR1,1,False,4912927,1,3785,home,6028,2,1,played,21,6,False,90,0,0,1,0,0,1,,,,0,0
1152625,Ibrahima Soumah,2026-06-28T15:00:00+00:00,2026,MO1N,1,False,4902441,1,2481,home,128633,3,0,not in squad,,,False,0,0,0,0,0,0,0,,,,0,0
1121988,Yehonatan Oz,2026-08-29T17:00:00+00:00,2026,ISR1,1,False,4912899,2,3785,away,4769,2,1,in squad,80,,False,0,0,0,0,0,0,0,,,,0,0
244270,Kyle Spence,2026-08-29T17:00:00+00:00,2026,ISR1,1,False,4912899,2,3785,away,4769,2,1,played,7,9,False,69,0,0,1,0,0,1,,,69,0,0
244270,Kyle Spence,2026-08-22T17:00:00+00:00,2026,ISR1,1,False,4912927,1,3785,home,6028,2,1,played,7,9,False,73,0,0,1,0,0,1,,,73,0,0
604455,Adar Ratner,2026-08-29T17:00:00+00:00,2026,ISR1,1,False,4912899,2,3785,away,4769,2,1,not in squad,,,False,0,0,0,0,0,0,0,,,,0,0
604455,Adar Ratner,2026-08-22T17:00:00+00:00,2026,ISR1,1,False,4912927,1,3785,home,6028,2,1,not in squad,,,False,0,0,0,0,0,0,0,,,,0,0
531628,Omer Katz,2026-08-29T17:00:00+00:00,2026,ISR1,1,False,4912904,2,262,home,43119,1,0,played,1,1,True,90,0,0,0,0,0,0,,,,0,0
531628,Omer Katz,2026-08-22T17:00:00+00:00,2026,ISR1,1,False,4912928,1,262,away,51070,0,1,played,1,1,True,90,0,0,0,0,0,0,,,,0,0
1002502,Anas Sarsur,2026-08-29T17:00:00+00:00,2026,ISR1,1,False,4912899,2,3785,away,4769,2,1,not in squad,,,False,0,0,0,0,0,0,0,,,,0,0
1002502,Anas Sarsur,2026-08-22T17:00:00+00:00,2026,ISR1,1,False,4912927,1,3785,home,6028,2,1,not in squad,,,False,0,0,0,0,0,0,0,,,,0,0
926455,Amit Mashiah,2026-08-29T17:00:00+00:00,2026,ISR1,1,False,4912904,2,262,home,43119,1,0,in squad,18,,False,0,0,0,0,0,0,0,,,,0,0
926455,Amit Mashiah,2026-08-22T17:00:00+00:00,2026,ISR1,1,False,4912928,1,262,away,51070,0,1,in squad,18,,False,0,0,0,0,0,0,0,,,,0,0
1098098,Diego Arroyo,2026-08-29T17:00:00+00:00,2026,ISR1,1,False,4912904,2,262,home,43119,1,0,not in squad,,,False,0,0,0,0,0,0,0,,,,0,0
1098098,Diego Arroyo,2026-08-16T12:30:00+00:00,2026,UKR1,1,False,4974312,3,660,away,55686,1,0,not in squad,,,False,0,0,0,0,0,0,0,,,,0,0
1098098,Diego Arroyo,2026-08-09T12:30:00+00:00,2026,UKR1,1,False,4905668,2,660,away,84122,2,0,not in squad,,,False,0,0,0,0,0,0,0,,,,0,0
1098098,Diego Arroyo,2026-08-03T15:00:00+00:00,2026,UKR1,1,False,4974413,1,660,home,87883,5,1,not in squad,,,False,0,0,0,0,0,0,0,,,,0,0
622062,Stav Israeli,2026-08-29T17:00:00+00:00,2026,ISR1,1,False,4912904,2,262,home,43119,1,0,played,12,3,False,90,0,0,0,0,0,0,74,,,0,0
622062,Stav Israeli,2026-08-22T17:00:00+00:00,2026,ISR1,1,False,4912928,1,262,away,51070,0,1,played,12,0,False,12,0,0,0,0,0,0,,78,,0,0
850875,Alex Moucketou-Moussounda,2026-08-29T17:00:00+00:00,2026,ISR1,1,False,4912904,2,262,home,43119,1,0,played,5,3,False,90,0,0,0,0,0,0,,,,0,0
850875,Alex Moucketou-Moussounda,2026-08-22T17:00:00+00:00,2026,ISR1,1,False,4912928,1,262,away,51070,0,1,played,5,3,False,78,0,0,1,0,1,0,8,,78,0,0
120479,Orel Dgani,2026-08-29T17:00:00+00:00,2026,ISR1,1,False,4912904,2,262,home,43119,1,0,played,25,3,False,90,0,0,0,0,0,0,,,,0,0
120479,Orel Dgani,2026-08-22T17:00:00+00:00,2026,ISR1,1,False,4912928,1,262,away,51070,0,1,played,25,3,False,90,0,0,0,0,0,0,,,,0,0
1231402,Roy Ben Navi,2026-08-29T17:00:00+00:00,2026,ISR1,1,False,4912904,2,262,home,43119,1,0,not in squad,,,False,0,0,0,0,0,0,0,,,,0,0
1231402,Roy Ben Navi,2026-08-22T17:00:00+00:00,2026,ISR1,1,False,4912928,1,262,away,51070,0,1,not in squad,,,False,0,0,0,0,0,0,0,,,,0,0
1087412,Yaar Zambrawski,2026-08-29T17:00:00+00:00,2026,ISR1,1,False,4912904,2,262,home,43119,1,0,not in squad,,,False,0,0,0,0,0,0,0,,,,0,0
1087412,Yaar Zambrawski,2026-08-22T17:00:00+00:00,2026,ISR1,1,False,4912928,1,262,away,51070,0,1,not in squad,,,False,0,0,0,0,0,0,0,,,,0,0
1072324,Chipyoka Songa,2026-08-29T17:00:00+00:00,2026,ISR1,1,False,4912904,2,262,home,43119,1,0,not in squad,,,False,0,0,0,0,0,0,0,,,,0,0
1072324,Chipyoka Songa,2026-08-22T17:00:00+00:00,2026,ISR1,1,False,4912928,1,262,away,51070,0,1,not in squad,,,False,0,0,0,0,0,0,0,,,,0,0
1217375,Boni Amian,2026-08-29T17:00:00+00:00,2026,ISR1,1,False,4912904,2,262,home,43119,1,0,played,29,7,False,90,0,0,0,0,0,0,90,,,0,0
1217375,Boni Amian,2026-08-22T17:00:00+00:00,2026,ISR1,1,False,4912928,1,262,away,51070,0,1,played,29,0,False,25,0,0,1,0,0,1,,65,,0,0
344206,Tomer Altman,2026-08-29T17:00:00+00:00,2026,ISR1,1,False,4912904,2,262,home,43119,1,0,played,8,6,False,71,0,0,0,0,0,0,,,71,0,0
344206,Tomer Altman,2026-08-22T17:00:00+00:00,2026,ISR1,1,False,4912928,1,262,away,51070,0,1,played,8,6,False,73,0,0,2,1,0,1,39,,73,0,0
1318641,Edmond Asante,2026-08-29T17:00:00+00:00,2026,ISR1,1,False,4912904,2,262,home,43119,1,0,in squad,14,,False,0,0,0,0,0,0,0,,,,0,0
1318641,Edmond Asante,2026-08-22T17:00:00+00:00,2026,ISR1,1,False,4912928,1,262,away,51070,0,1,played,14,0,False,25,0,0,1,0,1,0,,65,,0,0
1381478,Noam Cohen,2026-08-29T17:00:00+00:00,2026,ISR1,1,False,4912904,2,262,home,43119,1,0,in squad,28,,False,0,0,0,0,0,0,0,,,,0,0
1381478,Noam Cohen,2026-08-22T17:00:00+00:00,2026,ISR1,1,False,4912928,1,262,away,51070,0,1,played,28,0,False,12,0,0,0,0,0,0,,78,,0,0
1050293,Roee David,2026-08-29T17:00:00+00:00,2026,ISR1,1,False,4912904,2,262,home,43119,1,0,played,16,6,False,86,0,0,2,0,1,1,,,86,0,0
1050293,Roee David,2026-08-22T17:00:00+00:00,2026,ISR1,1,False,4912928,1,262,away,51070,0,1,played,16,6,False,90,0,0,3,1,1,1,,,,0,0
621383,Shavit Mazal,2026-08-29T17:00:00+00:00,2026,ISR1,1,False,4912904,2,262,home,43119,1,0,played,7,0,False,19,0,0,0,0,0,0,,71,,0,0
621383,Shavit Mazal,2026-08-22T17:00:00+00:00,2026,ISR1,1,False,4912928,1,262,away,51070,0,1,played,7,0,False,17,0,0,1,0,0,1,,73,,0,0
719217,Clé,2026-08-29T17:00:00+00:00,2026,ISR1,1,False,4912904,2,262,home,43119,1,0,played,77,0,False,27,0,0,0,0,0,0,,63,,0,0
719217,Clé,2026-08-22T17:00:00+00:00,2026,ISR1,1,False,4912928,1,262,away,51070,0,1,played,77,9,False,78,0,0,0,0,0,0,,,78,0,0
1529819,Omri Cohen,2026-03-31T13:00:00+00:00,2026,U19Q,20,True,4825259,3,30519,away,21705,1,1,played,9,0,False,9,0,0,0,0,0,0,90,81,,0,0
1529819,Omri Cohen,2026-03-28T12:00:00+00:00,2026,U19Q,20,True,4825229,2,30519,away,5710,3,1,played,9,0,False,15,0,0,0,0,0,0,,75,,0,0
1529819,Omri Cohen,2026-03-25T17:00:00+00:00,2026,U19Q,20,True,4825193,1,30519,away,12519,1,2,played,9,0,False,45,0,0,0,0,0,0,,,46,0,0
1231463,Amit Raif,2026-08-29T17:00:00+00:00,2026,ISR1,1,False,4912902,2,2785,home,2976,1,2,played,55,1,False,90,0,0,0,0,0,0,,,,0,0
1231463,Amit Raif,2026-08-22T17:30:00+00:00,2026,ISR1,1,False,4912930,1,2785,away,1064,1,2,played,55,1,False,90,0,0,0,0,0,0,,,,0,0
1494469,Ben Parduaro,2026-08-29T17:00:00+00:00,2026,ISR1,1,False,4912902,2,2785,home,2976,1,2,not in squad,,,False,0,0,0,0,0,0,0,,,,0,0
1494469,Ben Parduaro,2026-08-22T17:30:00+00:00,2026,ISR1,1,False,4912930,1,2785,away,1064,1,2,not in squad,,,False,0,0,0,0,0,0,0,,,,0,0
193308,Itamar Israeli,2026-08-30T16:00:00+00:00,2026,ISR2,2,False,4963343,3,25067,home,25909,1,1,played,22,0,False,90,0,0,0,0,0,0,,,,0,0
193308,Itamar Israeli,2026-08-23T16:00:00+00:00,2026,ISR2,2,False,4963354,2,25067,away,7532,4,1,played,22,0,False,90,0,0,0,0,0,0,,,,0,0
193308,Itamar Israeli,2026-08-18T16:30:00+00:00,2026,ISR2,2,False,4963304,1,25067,home,8907,0,2,played,22,0,False,90,0,0,0,0,0,0,,,,0,0
353581,Dudu Twitto,2026-08-29T17:00:00+00:00,2026,ISR1,1,False,4912902,2,2785,home,2976,1,2,played,36,4,True,90,0,0,0,0,0,0,,,,0,0
353581,Dudu Twitto,2026-08-22T17:30:00+00:00,2026,ISR1,1,False,4912930,1,2785,away,1064,1,2,played,36,4,True,90,0,0,0,0,0,0,45,,,0,0
417792,Nir Bardea,2026-08-23T16:00:00+00:00,2026,ISR2,2,False,4963357,2,9095,home,51820,3,1,played,96,0,False,90,0,0,0,0,0,0,,,,0,0
417792,Nir Bardea,2026-08-18T16:30:00+00:00,2026,ISR2,2,False,4963300,1,9095,away,70178,4,1,played,96,0,False,90,0,0,0,0,0,0,,,,0,0
1351337,David Asanka,2026-08-29T17:00:00+00:00,2026,ISR1,1,False,4912902,2,2785,home,2976,1,2,played,11,9,False,76,0,0,3,0,3,0,,,76,0,0
1351337,David Asanka,2026-08-22T17:30:00+00:00,2026,ISR1,1,False,4912930,1,2785,away,1064,1,2,played,11,11,False,90,0,0,3,0,1,2,,,,0,0
211506,Amit Meir,2026-08-30T16:00:00+00:00,2026,ISR2,2,False,4963338,3,46771,home,2828,1,2,played,6,0,False,79,0,0,0,0,0,0,,,79,0,0
211506,Amit Meir,2026-08-24T16:00:00+00:00,2026,ISR2,2,False,4963359,2,46771,away,6105,0,1,played,6,0,False,90,0,0,0,0,0,0,,,,0,0
211506,Amit Meir,2026-08-18T16:30:00+00:00,2026,ISR2,2,False,4963299,1,46771,home,102847,2,6,played,6,0,False,90,0,0,0,0,0,0,,,,0,0
1002505,Amit Banay,2026-08-29T17:00:00+00:00,2026,ISR1,1,False,4912902,2,2785,home,2976,1,2,not in squad,,,False,0,0,0,0,0,0,0,,,,0,0
1002505,Amit Banay,2026-08-22T17:30:00+00:00,2026,ISR1,1,False,4912930,1,2785,away,1064,1,2,not in squad,,,False,0,0,0,0,0,0,0,,,,0,0
1304815,Ido Mizrahi,2026-08-29T17:00:00+00:00,2026,ISR1,1,False,4912902,2,2785,home,2976,1,2,not in squad,,,False,0,0,0,0,0,0,0,,,,0,0
1304815,Ido Mizrahi,2026-08-22T17:30:00+00:00,2026,ISR1,1,False,4912930,1,2785,away,1064,1,2,not in squad,,,False,0,0,0,0,0,0,0,,,,0,0
964589,Yuval Sason,2026-08-23T16:00:00+00:00,2026,ISR2,2,False,4963358,2,70178,away,102847,1,0,played,11,0,False,18,1,0,0,0,0,0,,72,,0,0
964589,Yuval Sason,2026-08-18T16:30:00+00:00,2026,ISR2,2,False,4963303,1,554,home,7532,2,0,not in squad,,,False,0,0,0,0,0,0,0,,,,0,0
1361720,Ollie Cohen Bergman,2026-08-29T17:00:00+00:00,2026,ISR1,1,False,4912902,2,2785,home,2976,1,2,not in squad,,,False,0,0,0,0,0,0,0,,,,0,0
1361720,Ollie Cohen Bergman,2026-08-22T17:30:00+00:00,2026,ISR1,1,False,4912930,1,2785,away,1064,1,2,not in squad,,,False,0,0,0,0,0,0,0,,,,0,0
506830,Tomer Haran,2026-08-29T17:00:00+00:00,2026,ISR1,1,False,4912902,2,2785,home,2976,1,2,in squad,98,,False,0,0,0,0,0,0,0,,,,0,0
506830,Tomer Haran,2026-08-22T17:30:00+00:00,2026,ISR1,1,False,4912930,1,2785,away,1064,1,2,in squad,98,,False,0,0,0,0,0,0,0,,,,0,0
640522,Hod Messika,2026-08-29T17:00:00+00:00,2026,ISR1,1,False,4912902,2,2785,home,2976,1,2,not in squad,,,False,0,0,0,0,0,0,0,,,,0,0
640522,Hod Messika,2026-08-22T17:30:00+00:00,2026,ISR1,1,False,4912930,1,2785,away,1064,1,2,not in squad,,,False,0,0,0,0,0,0,0,,,,0,0
242724,Ezekiel Henty,2026-08-30T16:00:00+00:00,2026,ISR2,2,False,4963342,3,554,home,51930,2,1,played,10,0,False,75,1,0,0,0,0,0,65,,75,0,0
242724,Ezekiel Henty,2026-08-24T16:00:00+00:00,2026,ISR2,2,False,4963355,2,554,away,25909,2,1,played,10,0,False,90,0,0,0,0,0,0,,,,0,0
242724,Ezekiel Henty,2026-08-18T16:30:00+00:00,2026,ISR2,2,False,4963303,1,554,home,7532,2,0,played,10,0,False,74,1,0,0,0,0,0,,,74,0,0
863033,Márcio Silva,2026-08-29T17:00:00+00:00,2026,ISR1,1,False,4912902,2,2785,home,2976,1,2,in squad,4,,False,0,0,0,0,0,0,0,,,,0,0
863033,Márcio Silva,2026-08-22T17:30:00+00:00,2026,ISR1,1,False,4912930,1,2785,away,1064,1,2,in squad,4,,False,0,0,0,0,0,0,0,,,,0,0
690924,Jota,2026-08-29T17:00:00+00:00,2026,ISR1,1,False,4912902,2,2785,home,2976,1,2,played,5,3,False,90,0,0,0,0,0,0,,,,0,0
690924,Jota,2026-08-22T17:30:00+00:00,2026,ISR1,1,False,4912930,1,2785,away,1064,1,2,not in squad,,,False,0,0,0,0,0,0,0,,,,0,0
488096,Ofek Ovadia,2026-08-29T17:00:00+00:00,2026,ISR1,1,False,4912902,2,2785,home,2976,1,2,not in squad,,,False,0,0,0,0,0,0,0,,,,0,0
488096,Ofek Ovadia,2026-08-22T17:30:00+00:00,2026,ISR1,1,False,4912930,1,2785,away,1064,1,2,not in squad,,,False,0,0,0,0,0,0,0,,,,0,0
578094,Fard Ibrahim,2026-08-29T17:00:00+00:00,2026,ISR1,1,False,4912902,2,2785,home,2976,1,2,played,33,3,False,90,0,0,0,0,0,0,,,,0,0
578094,Fard Ibrahim,2026-08-22T17:30:00+00:00,2026,ISR1,1,False,4912930,1,2785,away,1064,1,2,played,33,3,False,90,0,0,0,0,0,0,,,,0,0
1103827,Daniel Tishler,2026-08-29T17:00:00+00:00,2026,ISR1,1,False,4912902,2,2785,home,2976,1,2,in squad,3,,False,0,0,0,0,0,0,0,,,,0,0
1103827,Daniel Tishler,2026-08-22T17:30:00+00:00,2026,ISR1,1,False,4912930,1,2785,away,1064,1,2,in squad,3,,False,0,0,0,0,0,0,0,,,,0,0
926477,Getachew Yabelo,2026-08-29T17:00:00+00:00,2026,ISR1,1,False,4912902,2,2785,home,2976,1,2,played,2,0,False,14,0,0,0,0,0,0,,76,,0,0
926477,Getachew Yabelo,2026-08-22T17:30:00+00:00,2026,ISR1,1,False,4912930,1,2785,away,1064,1,2,played,2,5,False,45,0,0,0,0,0,0,18,,46,0,0
625038,Omer Itzhak,2026-08-29T17:00:00+00:00,2026,ISR1,1,False,4912902,2,2785,home,2976,1,2,not in squad,,,False,0,0,0,0,0,0,0,,,,0,0
625038,Omer Itzhak,2026-08-22T17:30:00+00:00,2026,ISR1,1,False,4912930,1,2785,away,1064,1,2,played,17,3,False,90,0,0,0,0,0,0,,,,0,0
1045766,Christopher Boniface,2026-08-29T17:00:00+00:00,2026,ISR1,1,False,4912902,2,2785,home,2976,1,2,played,20,0,False,45,0,0,1,0,1,0,,46,,0,0
1045766,Christopher Boniface,2026-08-22T17:30:00+00:00,2026,ISR1,1,False,4912930,1,2785,away,1064,1,2,played,20,0,False,9,0,0,0,0,0,0,,81,,0,0
1048113,Moshe Semel,2026-08-29T17:00:00+00:00,2026,ISR1,1,False,4912902,2,2785,home,2976,1,2,played,10,8,False,66,0,0,3,3,0,0,,,66,0,0
1048113,Moshe Semel,2026-08-22T17:30:00+00:00,2026,ISR1,1,False,4912930,1,2785,away,1064,1,2,played,10,0,False,26,0,0,0,0,0,0,,64,,0,0
468549,Tamir Glazer,2026-08-29T17:00:00+00:00,2026,ISR1,1,False,4912902,2,2785,home,2976,1,2,in squad,24,,False,0,0,0,0,0,0,0,,,,0,0
468549,Tamir Glazer,2026-08-22T17:30:00+00:00,2026,ISR1,1,False,4912930,1,2785,away,1064,1,2,in squad,24,,False,0,0,0,0,0,0,0,,,,0,0
704501,Tom Aida,2026-08-29T17:00:00+00:00,2026,ISR1,1,False,4912902,2,2785,home,2976,1,2,not in squad,,,False,0,0,0,0,0,0,0,,,,0,0
704501,Tom Aida,2026-08-22T17:30:00+00:00,2026,ISR1,1,False,4912930,1,2785,away,1064,1,2,not in squad,,,False,0,0,0,0,0,0,0,,,,0,0
143558,Srdjan Mijailovic,2026-08-29T17:00:00+00:00,2026,ISR1,1,False,4912902,2,2785,home,2976,1,2,played,66,6,False,90,0,0,1,0,1,0,,,,0,0
143558,Srdjan Mijailovic,2026-08-22T17:30:00+00:00,2026,ISR1,1,False,4912930,1,2785,away,1064,1,2,played,66,6,False,72,0,0,0,0,0,0,69,,72,0,0
143558,Srdjan Mijailovic,2026-08-09T19:00:00+00:00,2026,SER1,1,False,4939860,4,6621,away,6622,2,2,played,22,0,False,19,0,0,0,0,0,0,,71,,0,0
143558,Srdjan Mijailovic,2026-08-01T18:30:00+00:00,2026,SER1,1,False,4937760,3,6621,home,4645,3,0,played,22,0,False,45,0,0,1,1,0,0,,46,,0,0
143558,Srdjan Mijailovic,2026-07-25T15:30:00+00:00,2026,SER1,1,False,4937751,2,6621,away,7567,2,0,played,22,6,False,31,0,0,0,0,0,0,,59,,0,0
143558,Srdjan Mijailovic,2026-07-19T17:00:00+00:00,2026,SER1,1,False,4936435,1,6621,home,32113,0,1,not in squad,,,False,0,0,0,0,0,0,0,,,,0,0
357701,Marius Noubissi,2026-08-29T17:00:00+00:00,2026,ISR1,1,False,4912902,2,2785,home,2976,1,2,played,9,0,False,24,0,0,2,1,1,0,85,66,,0,0
357701,Marius Noubissi,2026-08-22T17:30:00+00:00,2026,ISR1,1,False,4912930,1,2785,away,1064,1,2,played,9,0,False,18,0,0,1,0,1,0,,72,,0,0
357701,Marius Noubissi,2026-08-09T13:00:00+00:00,2026,ARM1,1,False,4944033,2,10301,home,74661,3,0,not in squad,,,False,0,0,0,0,0,0,0,,,,0,0
357701,Marius Noubissi,2026-08-02T17:00:00+00:00,2026,ARM1,1,False,4919866,1,10301,away,11411,2,2,not in squad,,,False,0,0,0,0,0,0,0,,,,0,0
357701,Marius Noubissi,2026-07-30T16:00:00+00:00,2026,ECLQ,10,False,4898002,4,10301,home,84,0,0,not in squad,,,False,0,0,0,0,0,0,0,,,,0,0
357701,Marius Noubissi,2026-07-23T16:00:00+00:00,2026,ECLQ,10,False,4897965,3,10301,away,84,0,1,not in squad,,,False,0,0,0,0,0,0,0,,,,0,0
357701,Marius Noubissi,2026-07-16T16:00:00+00:00,2026,ECLQ,10,False,4897263,2,10301,home,10605,1,0,not in squad,,,False,0,0,0,0,0,0,0,,,,0,0
357701,Marius Noubissi,2026-07-09T17:00:00+00:00,2026,ECLQ,10,False,4897237,1,10301,away,10605,3,0,not in squad,,,False,0,0,0,0,0,0,0,,,,0,0
1267000,Idan Baranes,2026-08-29T17:00:00+00:00,2026,ISR1,1,False,4912902,2,2785,home,2976,1,2,played,8,0,False,1,0,0,0,0,0,0,,90,,0,0
1267000,Idan Baranes,2026-08-22T17:30:00+00:00,2026,ISR1,1,False,4912930,1,2785,away,1064,1,2,played,8,14,False,64,0,0,2,0,2,0,,,64,0,0
499379,Shahar Amsalem,2026-08-30T16:00:00+00:00,2026,ISR2,2,False,4963342,3,554,home,51930,2,1,played,1,0,False,90,0,0,0,0,0,0,,,,0,0
499379,Shahar Amsalem,2026-08-24T16:00:00+00:00,2026,ISR2,2,False,4963355,2,554,away,25909,2,1,played,1,0,False,90,0,0,0,0,0,0,,,,0,0
499379,Shahar Amsalem,2026-08-18T16:30:00+00:00,2026,ISR2,2,False,4963303,1,554,home,7532,2,0,played,1,0,False,90,0,0,0,0,0,0,,,,0,0
819249,Luan Campos,2026-08-29T17:00:00+00:00,2026,ISR1,1,False,4912902,2,2785,home,2976,1,2,played,99,14,False,90,0,0,2,1,1,0,,,,0,0
819249,Luan Campos,2026-08-22T17:30:00+00:00,2026,ISR1,1,False,4912930,1,2785,away,1064,1,2,played,99,12,False,81,0,1,1,0,1,0,,,81,0,0
1115641,Amit Tzur,2026-08-29T17:00:00+00:00,2026,ISR1,1,False,4912902,2,2785,home,2976,1,2,not in squad,,,False,0,0,0,0,0,0,0,,,,0,0
1115641,Amit Tzur,2026-08-22T17:30:00+00:00,2026,ISR1,1,False,4912930,1,2785,away,1064,1,2,played,16,0,False,9,0,0,0,0,0,0,,81,,0,0
696928,Matan Gosha,2026-08-23T16:00:00+00:00,2026,ISR2,2,False,4963358,2,70178,away,102847,1,0,not in squad,,,False,0,0,0,0,0,0,0,,,,0,0
696928,Matan Gosha,2026-08-18T16:30:00+00:00,2026,ISR2,2,False,4963300,1,70178,home,9095,1,4,not in squad,,,False,0,0,0,0,0,0,0,,,,0,0
696937,Golan Beni,2026-08-23T16:00:00+00:00,2026,ISR2,2,False,4963357,2,9095,home,51820,3,1,played,8,0,True,90,0,0,0,0,0,0,,,90,0,0
696937,Golan Beni,2026-08-18T16:30:00+00:00,2026,ISR2,2,False,4963300,1,9095,away,70178,4,1,played,8,0,True,81,0,0,0,0,0,0,44,,81,0,0
396637,Noam Cohen,2026-08-30T17:15:00+00:00,2026,ISR1,1,False,4912901,2,810,home,1017,0,0,played,2,5,False,90,0,0,1,1,0,0,,,,0,0
311863,Dror Nir,2026-08-30T16:00:00+00:00,2026,ISR2,2,False,4963340,3,51820,home,102847,3,2,played,23,0,True,90,0,0,0,0,0,0,,,,0,0
311863,Dror Nir,2026-08-23T16:00:00+00:00,2026,ISR2,2,False,4963357,2,51820,away,9095,1,3,played,23,0,False,90,0,0,0,0,0,0,,,,0,0
311863,Dror Nir,2026-08-18T16:30:00+00:00,2026,ISR2,2,False,4963301,1,51820,home,51930,2,0,played,23,0,True,90,0,0,0,0,0,0,,,,0,0
1322090,Jocelin Ta Bi,2026-08-30T13:00:00+00:00,2026,GB1,1,False,4899200,2,289,home,931,1,0,not in squad,,,False,0,0,0,0,0,0,0,,,,0,0
1322090,Jocelin Ta Bi,2026-08-22T14:00:00+00:00,2026,GB1,1,False,4899185,1,289,away,677,1,2,in squad,37,,False,0,0,0,0,0,0,0,,,,0,0
249036,Márk Koszta,2026-08-29T17:30:00+00:00,2026,UNG1,1,False,4944295,6,5378,away,708,1,3,played,9,14,False,90,0,0,3,2,1,0,,,,0,0
249036,Márk Koszta,2026-08-22T13:30:00+00:00,2026,UNG1,1,False,4944286,5,5378,home,37169,0,1,played,9,14,False,71,0,0,5,3,1,1,,,71,0,0
249036,Márk Koszta,2026-08-14T15:30:00+00:00,2026,UNG1,1,False,4944284,4,5378,away,709,2,1,played,9,14,False,81,0,0,2,1,1,0,59,,81,0,0
249036,Márk Koszta,2026-08-08T13:30:00+00:00,2026,UNG1,1,False,4944274,3,5378,home,1391,5,0,played,9,14,False,83,2,0,4,3,1,0,,,83,0,0
249036,Márk Koszta,2026-08-02T15:30:00+00:00,2026,UNG1,1,False,4906199,2,5378,away,279,0,0,played,9,14,False,80,0,0,2,0,2,0,,,80,0,0
249036,Márk Koszta,2026-07-26T13:45:00+00:00,2026,UNG1,1,False,4906189,1,5378,home,6055,2,2,played,9,14,False,79,0,0,0,0,0,0,77,,79,0,0
402002,Mamady Diarra,2026-08-28T18:30:00+00:00,2026,TR2,2,False,4935869,4,2378,home,3207,2,0,played,11,11,False,70,0,0,1,1,0,0,,,70,0,0
402002,Mamady Diarra,2026-08-22T18:30:00+00:00,2026,TR2,2,False,4935859,3,2378,away,44006,0,0,played,11,11,False,67,0,0,0,0,0,0,,,67,0,0
402002,Mamady Diarra,2026-08-16T18:30:00+00:00,2026,TR2,2,False,4935849,2,2378,home,20760,0,0,played,11,8,False,75,0,0,1,1,0,0,,,75,0,0
402002,Mamady Diarra,2026-08-09T16:00:00+00:00,2026,TR2,2,False,4935834,1,2378,away,518,0,2,played,11,0,False,27,0,0,0,0,0,0,,63,,0,0
791805,Noam Gisin,2026-08-23T16:00:00+00:00,2026,ISR2,2,False,4963357,2,9095,home,51820,3,1,not in squad,,,False,0,0,0,0,0,0,0,,,,0,0
791805,Noam Gisin,2026-08-18T16:30:00+00:00,2026,ISR2,2,False,4963300,1,9095,away,70178,4,1,not in squad,,,False,0,0,0,0,0,0,0,,,,0,0
813066,Mohammed Abu Nil,2026-08-29T17:00:00+00:00,2026,ISR1,1,False,4912899,2,4769,home,3785,1,2,in squad,22,,False,0,0,0,0,0,0,0,,,,0,0
813066,Mohammed Abu Nil,2026-08-24T17:00:00+00:00,2026,ISR1,1,False,4912933,1,4769,away,5223,0,0,in squad,22,,False,0,0,0,0,0,0,0,,,,0,0
1342365,Majid Suleiman,2026-08-29T17:00:00+00:00,2026,ISR1,1,False,4912899,2,4769,home,3785,1,2,not in squad,,,False,0,0,0,0,0,0,0,,,,0,0
1342365,Majid Suleiman,2026-08-24T17:00:00+00:00,2026,ISR1,1,False,4912933,1,4769,away,5223,0,0,not in squad,,,False,0,0,0,0,0,0,0,,,,0,0
518402,Hasan Hilu,2026-08-29T19:00:00+00:00,2026,SER1,1,False,4939898,7,4645,away,7567,1,1,played,6,3,False,45,0,0,0,0,0,0,,,46,0,0
518402,Hasan Hilu,2026-08-22T17:00:00+00:00,2026,SER1,1,False,4939879,6,4645,home,32113,2,1,not in squad,,,False,0,0,0,0,0,0,0,,,,0,0
518402,Hasan Hilu,2026-08-16T19:00:00+00:00,2026,SER1,1,False,4939876,5,4645,away,669,1,0,played,6,3,False,33,0,0,0,0,0,0,,,,0,0
518402,Hasan Hilu,2026-08-08T18:00:00+00:00,2026,SER1,1,False,4939859,4,4645,home,3521,3,0,in squad,6,,False,0,0,0,0,0,0,0,,,,0,0
518402,Hasan Hilu,2026-08-01T18:30:00+00:00,2026,SER1,1,False,4937760,3,4645,away,6621,0,3,in squad,6,,False,0,0,0,0,0,0,0,,,,0,0
518402,Hasan Hilu,2026-07-26T18:30:00+00:00,2026,SER1,1,False,4937752,2,4645,home,59358,0,0,not in squad,,,False,0,0,0,0,0,0,0,,,,0,0
518402,Hasan Hilu,2026-07-18T18:00:00+00:00,2026,SER1,1,False,4936431,1,4645,away,4633,0,1,not in squad,,,False,0,0,0,0,0,0,0,,,,0,0
115447,Karlo Brucic,2026-08-28T16:30:00+00:00,2026,MT1N,1,False,4975453,3,34423,away,10604,1,1,not in squad,,,False,0,0,0,0,0,0,0,,,,0,0
115447,Karlo Brucic,2026-08-22T19:00:00+00:00,2026,MT1N,1,False,4975465,2,34423,home,36162,1,0,played,24,3,False,90,0,0,0,0,0,0,,,,0,0
347270,Maksim Grechkin,2026-08-24T16:00:00+00:00,2026,ISR2,2,False,4963359,2,6105,home,46771,1,0,played,73,0,False,90,0,0,0,0,0,0,,,,0,0
347270,Maksim Grechkin,2026-08-18T16:30:00+00:00,2026,ISR2,2,False,4963298,1,6105,away,35110,0,2,played,73,0,False,90,0,0,0,0,0,0,,,,0,0
458012,Maroun Gantus,2026-08-29T17:00:00+00:00,2026,ISR1,1,False,4912899,2,4769,home,3785,1,2,played,2,3,True,90,0,0,0,0,0,0,75,,,0,0
458012,Maroun Gantus,2026-08-24T17:00:00+00:00,2026,ISR1,1,False,4912933,1,4769,away,5223,0,0,played,2,3,True,90,0,0,0,0,0,0,,,,0,0
1225795,Mohamad Ganame,2026-08-29T17:00:00+00:00,2026,ISR1,1,False,4912899,2,4769,home,3785,1,2,in squad,20,,False,0,0,0,0,0,0,0,,,,0,0
1225795,Mohamad Ganame,2026-08-24T17:00:00+00:00,2026,ISR1,1,False,4912933,1,4769,away,5223,0,0,in squad,20,,False,0,0,0,0,0,0,0,,,,0,0
701322,Mathew Anim Cudjoe,2026-08-29T17:00:00+00:00,2026,ISR1,1,False,4912899,2,4769,home,3785,1,2,played,10,7,False,90,0,0,4,2,0,2,,,,0,0
701322,Mathew Anim Cudjoe,2026-08-24T17:00:00+00:00,2026,ISR1,1,False,4912933,1,4769,away,5223,0,0,played,10,7,False,84,0,0,0,0,0,0,56,,84,0,0
464797,Mustafa Sheikh Yosef,2026-08-29T17:00:00+00:00,2026,ISR1,1,False,4912899,2,4769,home,3785,1,2,played,7,8,False,69,0,0,1,0,0,1,,,69,0,0
464797,Mustafa Sheikh Yosef,2026-08-24T17:00:00+00:00,2026,ISR1,1,False,4912933,1,4769,away,5223,0,0,played,7,8,False,77,0,0,1,0,1,0,,,77,0,0
204111,Eden Shamir,2026-08-29T17:00:00+00:00,2026,ISR1,1,False,4912905,2,51070,away,6028,0,2,played,18,0,False,49,0,0,3,2,0,1,,41,,0,0
204111,Eden Shamir,2026-08-22T17:00:00+00:00,2026,ISR1,1,False,4912928,1,51070,home,262,1,0,played,18,0,False,26,0,0,0,0,0,0,,64,,0,0
379097,Mido Badarna,2026-08-23T16:00:00+00:00,2026,ISR2,2,False,4963356,2,6025,away,51930,0,4,played,10,0,False,58,0,0,0,0,0,0,44,,58,0,0
379097,Mido Badarna,2026-08-18T16:30:00+00:00,2026,ISR2,2,False,4963302,1,6025,home,25909,0,2,played,10,0,False,70,0,0,0,0,0,0,,,70,0,0
1449549,Rani Sif,2026-08-29T17:00:00+00:00,2026,ISR1,1,False,4912899,2,4769,home,3785,1,2,not in squad,,,False,0,0,0,0,0,0,0,,,,0,0
1449549,Rani Sif,2026-08-24T17:00:00+00:00,2026,ISR1,1,False,4912933,1,4769,away,5223,0,0,not in squad,,,False,0,0,0,0,0,0,0,,,,0,0
1533475,Mohamed Abu Riya,2026-08-29T17:00:00+00:00,2026,ISR1,1,False,4912899,2,4769,home,3785,1,2,played,21,0,False,21,0,0,0,0,0,0,,69,,0,0
1533475,Mohamed Abu Riya,2026-08-24T17:00:00+00:00,2026,ISR1,1,False,4912933,1,4769,away,5223,0,0,in squad,21,,False,0,0,0,0,0,0,0,,,,0,0
926927,Ahmad Salman,2026-08-29T17:00:00+00:00,2026,ISR1,1,False,4912899,2,4769,home,3785,1,2,played,29,5,False,90,0,0,2,0,0,2,,,,0,0
926927,Ahmad Salman,2026-08-24T17:00:00+00:00,2026,ISR1,1,False,4912933,1,4769,away,5223,0,0,played,29,5,False,90,0,0,0,0,0,0,,,,0,0
928713,Jubayer Bushnak,2026-08-29T17:00:00+00:00,2026,ISR1,1,False,4912899,2,4769,home,3785,1,2,played,11,0,False,21,0,0,1,1,0,0,,69,,0,0
928713,Jubayer Bushnak,2026-08-24T17:00:00+00:00,2026,ISR1,1,False,4912933,1,4769,away,5223,0,0,played,11,0,False,6,0,0,0,0,0,0,,84,,0,0
1086958,Baseel Khuri,2026-08-29T17:00:00+00:00,2026,ISR1,1,False,4912899,2,4769,home,3785,1,2,played,24,0,False,32,0,0,2,1,0,1,,58,,0,0
1086958,Baseel Khuri,2026-08-24T17:00:00+00:00,2026,ISR1,1,False,4912933,1,4769,away,5223,0,0,played,24,14,False,61,0,0,0,0,0,0,,,61,0,0
1406757,Muhammad Taha,2026-08-30T16:00:00+00:00,2026,ISR2,2,False,4963338,3,2828,away,46771,2,1,not in squad,,,False,0,0,0,0,0,0,0,,,,0,0
1406757,Muhammad Taha,2026-08-24T16:00:00+00:00,2026,ISR2,2,False,4963360,2,2828,home,35110,0,1,not in squad,,,False,0,0,0,0,0,0,0,,,,0,0
1406757,Muhammad Taha,2026-08-18T16:30:00+00:00,2026,ISR2,2,False,4963297,1,2828,away,20857,0,2,in squad,22,,False,0,0,0,0,0,0,0,,,,0,0
1206438,Chinomso Onyemuchara,2026-08-29T15:30:00+00:00,2026,TUN1,1,False,4983556,2,2205,away,581,1,2,not in squad,,,False,0,0,0,0,0,0,0,,,,0,0
1206438,Chinomso Onyemuchara,2026-08-23T15:30:00+00:00,2026,TUN1,1,False,4976152,1,2205,home,8117,1,0,not in squad,,,False,0,0,0,0,0,0,0,,,,0,0
1449547,Shaker Abu Husein,2026-08-29T17:00:00+00:00,2026,ISR1,1,False,4912899,2,4769,home,3785,1,2,not in squad,,,False,0,0,0,0,0,0,0,,,,0,0
1449547,Shaker Abu Husein,2026-08-24T17:00:00+00:00,2026,ISR1,1,False,4912933,1,4769,away,5223,0,0,not in squad,,,False,0,0,0,0,0,0,0,,,,0,0
900040,Raul Bălbărău,2026-08-29T17:00:00+00:00,2026,ISR1,1,False,4912899,2,4769,home,3785,1,2,played,1,1,False,90,0,0,0,0,0,0,,,,0,0
900040,Raul Bălbărău,2026-08-24T17:00:00+00:00,2026,ISR1,1,False,4912933,1,4769,away,5223,0,0,played,1,1,False,90,0,0,0,0,0,0,,,,0,0
520300,Saná,2026-08-29T17:00:00+00:00,2026,ISR1,1,False,4912899,2,4769,home,3785,1,2,played,92,4,False,69,0,0,0,0,0,0,,,69,0,0
520300,Saná,2026-08-24T17:00:00+00:00,2026,ISR1,1,False,4912933,1,4769,away,5223,0,0,played,92,4,False,90,0,0,1,0,1,0,,,,0,0
1549689,Ali Gnameh,2026-08-29T17:00:00+00:00,2026,ISR1,1,False,4912899,2,4769,home,3785,1,2,in squad,44,,False,0,0,0,0,0,0,0,,,,0,0
1549689,Ali Gnameh,2026-08-24T17:00:00+00:00,2026,ISR1,1,False,4912933,1,4769,away,5223,0,0,in squad,44,,False,0,0,0,0,0,0,0,,,,0,0
278553,Dimitri Cavaré,2026-08-29T17:00:00+00:00,2026,ISR1,1,False,4912899,2,4769,home,3785,1,2,played,97,3,False,45,0,0,0,0,0,0,,,46,0,0
278553,Dimitri Cavaré,2026-08-24T17:00:00+00:00,2026,ISR1,1,False,4912933,1,4769,away,5223,0,0,played,97,3,False,90,0,0,0,0,0,0,,,,0,0
262636,Modestas Vorobjovas,2026-08-29T17:00:00+00:00,2026,ISR1,1,False,4912899,2,4769,home,3785,1,2,played,8,7,False,90,0,0,0,0,0,0,,,,0,0
262636,Modestas Vorobjovas,2026-08-24T17:00:00+00:00,2026,ISR1,1,False,4912933,1,4769,away,5223,0,0,played,8,7,False,90,0,0,0,0,0,0,,,,0,0
604796,Carlitos,2026-08-29T17:00:00+00:00,2026,ISR1,1,False,4912899,2,4769,home,3785,1,2,not in squad,,,False,0,0,0,0,0,0,0,,,,0,0
604796,Carlitos,2026-08-24T17:00:00+00:00,2026,ISR1,1,False,4912933,1,4769,away,5223,0,0,not in squad,,,False,0,0,0,0,0,0,0,,,,0,0
605543,Daniel Paraschiv,2026-08-29T17:00:00+00:00,2026,ISR1,1,False,4912899,2,4769,home,3785,1,2,played,9,14,False,58,0,0,2,1,0,1,,,58,0,0
605543,Daniel Paraschiv,2026-08-24T17:00:00+00:00,2026,ISR1,1,False,4912933,1,4769,away,5223,0,0,played,9,0,False,13,0,0,0,0,0,0,,77,,0,0
605543,Daniel Paraschiv,2026-08-15T17:00:00+00:00,2026,ES2,2,False,4918753,1,2497,home,16795,0,0,not in squad,,,False,0,0,0,0,0,0,0,,,,0,0
1050290,Niv Livnat,2026-08-29T17:00:00+00:00,2026,ISR1,1,False,4912899,2,4769,home,3785,1,2,not in squad,,,False,0,0,0,0,0,0,0,,,,0,0
1050290,Niv Livnat,2026-08-24T17:00:00+00:00,2026,ISR1,1,False,4912933,1,4769,away,5223,0,0,not in squad,,,False,0,0,0,0,0,0,0,,,,0,0
357788,Rogério,2026-08-30T14:00:00+00:00,2026,AZ1,1,False,5038078,3,7090,home,9526,1,0,played,1,1,False,90,0,0,0,0,0,0,,,,0,0
357788,Rogério,2026-08-21T12:00:00+00:00,2026,AZ1,1,False,4974745,2,7090,away,10625,0,0,not in squad,,,False,0,0,0,0,0,0,0,,,,0,0
357788,Rogério,2026-08-15T16:45:00+00:00,2026,AZ1,1,False,4974737,1,7090,away,63993,0,2,played,1,1,False,90,0,0,0,0,0,0,,,,0,0
1342742,Jones Abu Ganima,2026-08-29T17:00:00+00:00,2026,ISR1,1,False,4912905,2,51070,away,6028,0,2,not in squad,,,False,0,0,0,0,0,0,0,,,,0,0
1342742,Jones Abu Ganima,2026-08-22T17:00:00+00:00,2026,ISR1,1,False,4912928,1,51070,home,262,1,0,not in squad,,,False,0,0,0,0,0,0,0,,,,0,0
431058,Ondrej Baco,2026-08-29T17:00:00+00:00,2026,ISR1,1,False,4912905,2,51070,away,6028,0,2,played,37,3,True,90,0,0,1,0,1,0,44,,,0,0
431058,Ondrej Baco,2026-08-22T17:00:00+00:00,2026,ISR1,1,False,4912928,1,51070,home,262,1,0,played,37,3,True,90,0,0,0,0,0,0,,,,0,0
276899,Sambinha,2026-08-29T17:00:00+00:00,2026,ISR1,1,False,4912905,2,51070,away,6028,0,2,not in squad,,,False,0,0,0,0,0,0,0,,,,0,0
276899,Sambinha,2026-08-22T17:00:00+00:00,2026,ISR1,1,False,4912928,1,51070,home,262,1,0,not in squad,,,False,0,0,0,0,0,0,0,,,,0,0
894954,Ron Unger,2026-08-29T17:00:00+00:00,2026,ISR1,1,False,4912905,2,51070,away,6028,0,2,played,17,3,False,90,0,0,0,0,0,0,,,,0,0
894954,Ron Unger,2026-08-22T17:00:00+00:00,2026,ISR1,1,False,4912928,1,51070,home,262,1,0,played,17,5,False,90,0,0,0,0,0,0,,,,0,0
384707,Eli Balilti,2026-08-30T16:00:00+00:00,2026,ISR2,2,False,4963338,3,2828,away,46771,2,1,played,51,0,False,90,0,0,0,0,0,0,86,,,0,0
384707,Eli Balilti,2026-08-24T16:00:00+00:00,2026,ISR2,2,False,4963360,2,2828,home,35110,0,1,played,51,0,False,77,0,0,0,0,0,0,,,77,0,0
384707,Eli Balilti,2026-08-18T16:30:00+00:00,2026,ISR2,2,False,4963297,1,2828,away,20857,0,2,played,51,0,False,45,0,0,0,0,0,0,,46,,0,0
715084,Haroon Shapso,2026-08-30T16:00:00+00:00,2026,ISR2,2,False,4963342,3,554,home,51930,2,1,played,99,0,False,90,0,0,0,0,0,0,,,,0,0
715084,Haroon Shapso,2026-08-24T16:00:00+00:00,2026,ISR2,2,False,4963355,2,554,away,25909,2,1,played,99,0,False,83,0,0,0,0,0,0,32,,83,0,0
715084,Haroon Shapso,2026-08-18T16:30:00+00:00,2026,ISR2,2,False,4963303,1,554,home,7532,2,0,played,99,0,False,90,0,0,0,0,0,0,,,,0,0
1243349,Nehoray Chen,2026-08-29T17:00:00+00:00,2026,ISR1,1,False,4912905,2,51070,away,6028,0,2,played,5,0,False,14,0,0,0,0,0,0,,76,,0,0
1243349,Nehoray Chen,2026-08-22T17:00:00+00:00,2026,ISR1,1,False,4912928,1,51070,home,262,1,0,played,5,3,False,90,0,0,0,0,0,0,,,,0,0
848015,Niv Gotlieb,2026-08-29T17:00:00+00:00,2026,ISR1,1,False,4912905,2,51070,away,6028,0,2,absent,,,False,0,0,0,0,0,0,0,,,,0,10
848015,Niv Gotlieb,2026-08-22T17:00:00+00:00,2026,ISR1,1,False,4912928,1,51070,home,262,1,0,absent,,,False,0,0,0,0,0,0,0,,,,0,10
378972,Guy Hadida,2026-08-29T17:00:00+00:00,2026,ISR1,1,False,4912905,2,51070,away,6028,0,2,absent,,,False,0,0,0,0,0,0,0,,,,0,10
378972,Guy Hadida,2026-08-22T17:00:00+00:00,2026,ISR1,1,False,4912928,1,51070,home,262,1,0,absent,,,False,0,0,0,0,0,0,0,,,,0,10
326427,David Keltjens,2026-08-29T17:00:00+00:00,2026,ISR1,1,False,4912905,2,51070,away,6028,0,2,absent,,,False,0,0,0,0,0,0,0,,,,0,10
326427,David Keltjens,2026-08-22T17:00:00+00:00,2026,ISR1,1,False,4912928,1,51070,home,262,1,0,absent,,,False,0,0,0,0,0,0,0,,,,0,10
1061544,Yarin Swisa,2026-08-29T17:00:00+00:00,2026,ISR1,1,False,4912905,2,51070,away,6028,0,2,played,27,0,False,14,0,0,1,0,1,0,,76,,0,0
1061544,Yarin Swisa,2026-08-22T17:00:00+00:00,2026,ISR1,1,False,4912928,1,51070,home,262,1,0,in squad,27,,False,0,0,0,0,0,0,0,,,,0,0
409103,Usman Mohammed,2026-08-23T16:00:00+00:00,2026,ISR2,2,False,4963358,2,70178,away,102847,1,0,played,8,0,False,72,0,0,0,0,0,0,,,72,0,0
409103,Usman Mohammed,2026-08-18T16:30:00+00:00,2026,ISR2,2,False,4963300,1,70178,home,9095,1,4,played,8,0,False,90,0,0,0,0,0,0,21,,,0,0
511669,Stanislav Bilenkyi,2026-08-13T19:00:00+00:00,2026,ECLQ,10,False,4973752,6,602,away,447,0,4,played,19,13,False,78,0,0,0,0,0,0,,,78,0,0
511669,Stanislav Bilenkyi,2026-08-06T17:00:00+00:00,2026,ECLQ,10,False,4973722,5,602,home,447,2,5,played,19,10,False,90,0,1,0,0,0,0,,,,0,0
511669,Stanislav Bilenkyi,2026-07-30T17:00:00+00:00,2026,ECLQ,10,False,4945489,4,602,home,663,7,2,played,19,13,False,90,3,1,0,0,0,0,,,,0,0
511669,Stanislav Bilenkyi,2026-07-23T17:00:00+00:00,2026,ECLQ,10,False,4945477,3,602,away,663,0,3,played,19,13,False,90,0,0,0,0,0,0,,,,0,0
511669,Stanislav Bilenkyi,2026-07-16T17:00:00+00:00,2026,ECLQ,10,False,4897265,2,602,home,12889,2,1,played,19,10,False,79,0,0,0,0,0,0,,,79,0,0
511669,Stanislav Bilenkyi,2026-07-09T18:45:00+00:00,2026,ECLQ,10,False,4897239,1,602,away,12889,3,1,played,19,10,False,90,1,0,0,0,0,0,,,,0,0
499382,Itamar Shviro,2026-08-29T17:00:00+00:00,2026,ISR1,1,False,4912905,2,51070,away,6028,0,2,played,9,0,False,45,0,0,0,0,0,0,,46,,0,0
499382,Itamar Shviro,2026-08-22T17:00:00+00:00,2026,ISR1,1,False,4912928,1,51070,home,262,1,0,played,9,14,False,64,1,0,1,1,0,0,,,64,0,0
533776,Waheb Habiballah,2026-08-30T17:15:00+00:00,2026,ISR1,1,False,4912901,2,810,home,1017,0,0,played,14,0,False,23,0,0,1,0,1,0,,67,,0,0
569955,Peter Michael,2026-08-23T16:00:00+00:00,2026,ISR2,2,False,4963353,2,20857,away,8907,3,2,played,9,0,False,90,1,0,0,0,0,0,37,,,0,0
569955,Peter Michael,2026-08-18T16:30:00+00:00,2026,ISR2,2,False,4963297,1,20857,home,2828,2,0,played,9,0,False,60,1,0,0,0,0,0,,,60,0,0
1341623,Agam Yehuda,2026-08-29T17:00:00+00:00,2026,ISR1,1,False,4912905,2,51070,away,6028,0,2,in squad,77,,False,0,0,0,0,0,0,0,,,,0,0
1341623,Agam Yehuda,2026-08-22T17:00:00+00:00,2026,ISR1,1,False,4912928,1,51070,home,262,1,0,in squad,77,,False,0,0,0,0,0,0,0,,,,0,0
385118,Ivan Kricak,2026-08-30T17:15:00+00:00,2026,ISR1,1,False,4912901,2,810,home,1017,0,0,played,5,3,False,59,0,0,0,0,0,0,,,,0,0
312430,Matan Ambar,2026-08-30T17:15:00+00:00,2026,ISR1,1,False,4912901,2,810,home,1017,0,0,in squad,23,,False,0,0,0,0,0,0,0,,,,0,0
165381,Dario Zuparic,2026-08-30T17:15:00+00:00,2026,ISR1,1,False,4912901,2,810,home,1017,0,0,played,13,3,False,90,0,0,1,0,1,0,,,,0,0
481337,George Diba,2026-08-30T17:15:00+00:00,2026,ISR1,1,False,4912901,2,810,home,1017,0,0,played,25,0,False,23,0,0,0,0,0,0,,67,,0,0
669270,Tamir Arbel,2026-08-30T17:15:00+00:00,2026,ISR1,1,False,4912901,2,810,home,1017,0,0,not in squad,,,False,0,0,0,0,0,0,0,,,,0,0
1476659,Shalev Sardal,2026-08-30T17:15:00+00:00,2026,ISR1,1,False,4912901,2,810,home,1017,0,0,not in squad,,,False,0,0,0,0,0,0,0,,,,0,0
112737,Dor Malul,2026-08-30T17:15:00+00:00,2026,ISR1,1,False,4912901,2,810,home,1017,0,0,played,4,0,False,1,0,0,0,0,0,0,,90,,0,0
1057291,Israel Sali Pahima,2026-08-30T17:15:00+00:00,2026,ISR1,1,False,4912901,2,810,home,1017,0,0,played,11,0,False,2,0,0,0,0,0,0,,88,,0,0
1367021,Yaad Gonen,2026-08-30T17:15:00+00:00,2026,ISR1,1,False,4912901,2,810,home,1017,0,0,played,15,8,False,67,0,0,0,0,0,0,,,67,0,0
1137552,Tal Naim,2026-08-30T17:15:00+00:00,2026,ISR1,1,False,4912901,2,810,home,1017,0,0,in squad,42,,False,0,0,0,0,0,0,0,,,,0,0
311890,Naor Sabag,2026-08-30T17:15:00+00:00,2026,ISR1,1,False,4912901,2,810,home,1017,0,0,played,55,6,False,90,0,0,0,0,0,0,,,90,0,0
1586065,Liam Nahum,2026-08-30T17:15:00+00:00,2026,ISR1,1,False,4912901,2,810,home,1017,0,0,in squad,31,,False,0,0,0,0,0,0,0,,,,0,0
1099867,Cheick Keita,2026-08-30T17:15:00+00:00,2026,ISR1,1,False,4912901,2,810,home,1017,0,0,played,8,6,False,90,0,0,0,0,0,0,,,,0,0
1512183,Ahmad Hamam,2026-08-30T17:15:00+00:00,2026,ISR1,1,False,4912901,2,810,home,1017,0,0,not in squad,,,False,0,0,0,0,0,0,0,,,,0,0
1343731,Guy Sanker,2026-08-29T17:00:00+00:00,2026,ISR1,1,False,4912905,2,51070,away,6028,0,2,played,14,5,False,90,0,0,1,0,1,0,,,,0,0
1343731,Guy Sanker,2026-08-22T17:00:00+00:00,2026,ISR1,1,False,4912928,1,51070,home,262,1,0,played,14,8,False,90,0,0,0,0,0,0,,,,0,0
564388,Willy Agada,2026-08-30T17:15:00+00:00,2026,ISR1,1,False,4912901,2,810,home,1017,0,0,played,9,0,False,23,0,0,1,0,1,0,,67,,0,0
1583728,Ran Haliwa,2026-08-29T17:00:00+00:00,2026,ISR1,1,False,4912905,2,51070,away,6028,0,2,in squad,20,,False,0,0,0,0,0,0,0,,,,0,0
1583728,Ran Haliwa,2026-08-22T17:00:00+00:00,2026,ISR1,1,False,4912928,1,51070,home,262,1,0,in squad,20,,False,0,0,0,0,0,0,0,,,,0,0
577439,Chriso,2026-08-29T17:00:00+00:00,2026,ISR1,1,False,4912905,2,51070,away,6028,0,2,played,23,7,False,90,0,0,4,1,1,2,,,,0,0
577439,Chriso,2026-08-22T17:00:00+00:00,2026,ISR1,1,False,4912928,1,51070,home,262,1,0,played,23,10,False,90,0,0,1,0,1,0,,,,0,0
621379,Bar Cohen,2026-08-29T17:00:00+00:00,2026,ISR1,1,False,4912905,2,51070,away,6028,0,2,played,10,0,False,27,0,0,1,0,0,1,,63,,0,0
621379,Bar Cohen,2026-08-22T17:00:00+00:00,2026,ISR1,1,False,4912928,1,51070,home,262,1,0,played,10,0,False,12,0,0,1,1,0,0,,78,,0,0
1584311,Ravid Shamay,2026-08-29T17:00:00+00:00,2026,ISR1,1,False,4912905,2,51070,away,6028,0,2,in squad,26,,False,0,0,0,0,0,0,0,,,,0,0
1584311,Ravid Shamay,2026-08-22T17:00:00+00:00,2026,ISR1,1,False,4912928,1,51070,home,262,1,0,not in squad,,,False,0,0,0,0,0,0,0,,,,0,0
913085,Néné Gbamblé,2026-08-29T17:00:00+00:00,2026,ISR1,1,False,4912905,2,51070,away,6028,0,2,played,84,14,False,90,0,0,1,0,0,1,,,,0,0
913085,Néné Gbamblé,2026-08-22T17:00:00+00:00,2026,ISR1,1,False,4912928,1,51070,home,262,1,0,played,84,0,False,71,0,0,2,0,1,1,,19,,0,0
464953,Qays Ghanem,2026-08-29T17:00:00+00:00,2026,ISR1,1,False,4912905,2,51070,away,6028,0,2,not in squad,,,False,0,0,0,0,0,0,0,,,,0,0
464953,Qays Ghanem,2026-08-22T17:00:00+00:00,2026,ISR1,1,False,4912928,1,51070,home,262,1,0,not in squad,,,False,0,0,0,0,0,0,0,,,,0,0
464953,Qays Ghanem,2026-07-04T15:00:00+00:00,2026,MO1N,1,False,4904959,2,2481,away,90107,0,0,not in squad,,,False,0,0,0,0,0,0,0,,,,0,0
464953,Qays Ghanem,2026-06-28T15:00:00+00:00,2026,MO1N,1,False,4902441,1,2481,home,128633,3,0,not in squad,,,False,0,0,0,0,0,0,0,,,,0,0
1264090,Mansour Badjie,2026-08-29T17:00:00+00:00,2026,ISR1,1,False,4912905,2,51070,away,6028,0,2,not in squad,,,False,0,0,0,0,0,0,0,,,,0,0
1264090,Mansour Badjie,2026-08-22T17:00:00+00:00,2026,ISR1,1,False,4912928,1,51070,home,262,1,0,played,30,9,False,19,0,0,0,0,0,0,,,19,0,0
277125,Benjamin Machini,2026-08-30T16:00:00+00:00,2026,ISR2,2,False,4963344,3,7532,away,8907,2,0,played,1,0,False,90,0,0,0,0,0,0,,,,0,0
277125,Benjamin Machini,2026-08-23T16:00:00+00:00,2026,ISR2,2,False,4963354,2,7532,home,25067,1,4,played,1,0,False,90,0,0,0,0,0,0,,,,0,0
277125,Benjamin Machini,2026-08-18T16:30:00+00:00,2026,ISR2,2,False,4963303,1,7532,away,554,0,2,played,1,0,False,90,0,0,0,0,0,0,,,,0,0
966006,Roy Nawi,2026-08-30T10:00:00+00:00,2026,UKR1,1,False,4974427,4,3592,away,6992,0,1,played,17,6,False,82,0,0,0,0,0,0,,,82,0,0
966006,Roy Nawi,2026-08-22T10:00:00+00:00,2026,UKRP,8,False,4985629,1,3592,away,140888,3,0,played,17,6,False,90,0,1,0,0,0,0,,,,0,0
966006,Roy Nawi,2026-08-15T10:00:00+00:00,2026,UKR1,1,False,4974311,3,3592,home,86209,1,1,played,17,6,False,90,0,0,0,0,0,0,,,,0,0
966006,Roy Nawi,2026-08-09T10:00:00+00:00,2026,UKR1,1,False,4905663,2,3592,away,10690,3,1,played,17,6,False,90,1,1,0,0,0,0,60,,,0,0
966006,Roy Nawi,2026-08-01T10:00:00+00:00,2026,UKR1,1,False,4905654,1,3592,home,85465,1,4,played,17,6,False,90,0,0,0,0,0,0,,,,0,0
1304986,Haim Mekonen,2026-08-30T16:00:00+00:00,2026,ISR2,2,False,4963338,3,46771,home,2828,1,2,played,5,0,False,90,0,0,0,0,0,0,,,,0,0
1304986,Haim Mekonen,2026-08-24T16:00:00+00:00,2026,ISR2,2,False,4963359,2,46771,away,6105,0,1,played,5,0,False,90,0,0,0,0,0,0,,,,0,0
1304986,Haim Mekonen,2026-08-18T16:30:00+00:00,2026,ISR2,2,False,4963299,1,46771,home,102847,2,6,not in squad,,,False,0,0,0,0,0,0,0,,,,0,0
614194,Andrija Radulovic,2026-08-30T15:00:00+00:00,2026,A1,1,False,4904854,5,170,home,122,3,1,not in squad,,,False,0,0,0,0,0,0,0,,,,0,0
614194,Andrija Radulovic,2026-08-26T16:45:00+00:00,2026,ECLQ,10,False,5013836,8,170,home,43,5,6,not in squad,,,False,0,0,0,0,0,0,0,,,,0,0
614194,Andrija Radulovic,2026-08-20T18:45:00+00:00,2026,ECLQ,10,False,5013812,7,170,away,43,2,2,not in squad,,,False,0,0,0,0,0,0,0,,,,0,0
614194,Andrija Radulovic,2026-08-16T17:00:00+00:00,2026,A1,1,False,4904844,3,170,home,316,8,0,not in squad,,,False,0,0,0,0,0,0,0,,,,0,0
614194,Andrija Radulovic,2026-08-12T16:00:00+00:00,2026,ECLQ,10,False,4973771,6,170,home,23371,2,0,not in squad,,,False,0,0,0,0,0,0,0,,,,0,0
614194,Andrija Radulovic,2026-08-09T15:00:00+00:00,2026,A1,1,False,4904836,2,170,away,266,2,1,not in squad,,,False,0,0,0,0,0,0,0,,,,0,0
614194,Andrija Radulovic,2026-08-06T16:00:00+00:00,2026,ECLQ,10,False,4973741,5,170,away,23371,4,1,not in squad,,,False,0,0,0,0,0,0,0,,,,0,0
614194,Andrija Radulovic,2026-08-02T17:00:00+00:00,2026,A1,1,False,4904832,1,170,home,3551,1,0,not in squad,,,False,0,0,0,0,0,0,0,,,,0,0
614194,Andrija Radulovic,2026-07-29T18:30:00+00:00,2026,ECLQ,10,False,4898024,4,170,home,10854,6,2,not in squad,,,False,0,0,0,0,0,0,0,,,,0,0
614194,Andrija Radulovic,2026-07-26T18:30:00+00:00,2026,ofb,8,False,4902307,1,170,away,11757,3,0,not in squad,,,False,0,0,0,0,0,0,0,,,,0,0
614194,Andrija Radulovic,2026-07-23T17:00:00+00:00,2026,ECLQ,10,False,4897986,3,170,away,10854,3,1,not in squad,,,False,0,0,0,0,0,0,0,,,,0,0
