player_id,player_name,game_date_utc,season,competition_id,competition_type_id,is_national_team,game_id,game_day,club_id,venue,opponent_club_id,club_goals,opponent_goals,participation_state,shirt_number,position_id,is_captain,played_minutes,goals,assists,shots_total,shots_on_goal,shots_off_goal,shots_blocked,yellow_card_minute,substituted_in_minute,substituted_out_minute,injury_id,absence_id
1468624,Sean Hamill,2026-08-07T14:00:00+00:00,2026,NIR3,3,False,4946649,1,21931,away,68651,0,0,not in squad,,,False,0,0,0,0,0,0,0,,,,0,0
527211,Kyle McClelland,2026-08-07T18:45:00+00:00,2026,NIR1,1,False,4916756,1,1251,home,21532,2,1,played,15,3,False,90,0,0,0,0,0,0,,,,0,0
552984,Jacob Carney,2026-08-04T19:00:00+00:00,2026,ELQ,10,False,4973691,5,3461,home,41133,0,0,in squad,16,,False,0,0,0,0,0,0,0,,,,0,0
670278,Jordan McMullan,2026-08-08T14:00:00+00:00,2026,NIR2,2,False,4917840,1,3463,home,14958,1,3,not in squad,,,False,0,0,0,0,0,0,0,,,,0,0
605191,Paddy Burns,2026-08-08T14:00:00+00:00,2026,NIR2,2,False,4917840,1,3463,home,14958,1,3,not in squad,,,False,0,0,0,0,0,0,0,,,,0,0
188539,John Mountney,2026-08-08T14:00:00+00:00,2026,NIR2,2,False,4917840,1,3463,home,14958,1,3,not in squad,,,False,0,0,0,0,0,0,0,,,,0,0
564681,Aaron Wightman,2026-08-07T18:45:00+00:00,2026,NIR1,1,False,4916756,1,1251,home,21532,2,1,played,2,0,False,90,0,0,0,0,0,0,,,,0,0
862223,Harry Murphy,2026-08-08T14:00:00+00:00,2026,NIR2,2,False,4917840,1,3463,home,14958,1,3,not in squad,,,False,0,0,0,0,0,0,0,,,,0,0
676811,Luke Cartwright,2026-08-08T14:00:00+00:00,2026,NIR2,2,False,4917840,1,3463,home,14958,1,3,not in squad,,,False,0,0,0,0,0,0,0,,,,0,0
897208,Oran O'Kane,2026-08-08T14:00:00+00:00,2026,NIR2,2,False,4917840,1,3463,home,14958,1,3,not in squad,,,False,0,0,0,0,0,0,0,,,,0,0
1345959,James Heaney,2026-08-08T14:00:00+00:00,2026,NIR2,2,False,4917840,1,3463,home,14958,1,3,not in squad,,,False,0,0,0,0,0,0,0,,,,0,0
549567,Barney McKeown,2026-08-08T14:00:00+00:00,2026,NIR1,1,False,4916759,1,21515,home,3831,1,3,played,5,3,False,90,0,0,0,0,0,0,77,,,0,0
225254,Niall Quinn,2026-08-08T14:00:00+00:00,2026,NIR2,2,False,4917840,1,3463,home,14958,1,3,not in squad,,,False,0,0,0,0,0,0,0,,,,0,0
1255608,Charlie McShane,2026-08-08T14:00:00+00:00,2026,NIR2,2,False,4917840,1,3463,home,14958,1,3,not in squad,,,False,0,0,0,0,0,0,0,,,,0,0
888690,Isaac Baird,2026-08-08T14:00:00+00:00,2026,NIR1,1,False,4916757,1,3471,home,15244,0,3,played,26,0,False,12,0,0,0,0,0,0,,78,,0,0
888690,Isaac Baird,2026-07-16T18:45:00+00:00,2026,ECLQ,10,False,4897256,2,3471,home,22783,2,2,in squad,26,,False,0,0,0,0,0,0,0,,,,0,0
888690,Isaac Baird,2026-07-09T16:00:00+00:00,2026,ECLQ,10,False,4897230,1,3471,away,22783,0,1,played,26,7,False,71,0,0,0,0,0,0,,,71,0,0
564670,Charlie Lindsay,2026-08-08T14:00:00+00:00,2026,NIR1,1,False,4916760,1,9026,home,15250,2,0,not in squad,,,False,0,0,0,0,0,0,0,,,,0,0
564670,Charlie Lindsay,2026-07-16T16:30:00+00:00,2026,ECLQ,10,False,4897268,2,9026,away,33783,0,2,in squad,21,,False,0,0,0,0,0,0,0,,,,0,0
564670,Charlie Lindsay,2026-07-09T18:30:00+00:00,2026,ECLQ,10,False,4897242,1,9026,home,33783,1,2,in squad,21,,False,0,0,0,0,0,0,0,,,,0,0
1305714,Ben Wilson,2026-08-08T14:00:00+00:00,2026,NIR2,2,False,4917840,1,3463,home,14958,1,3,not in squad,,,False,0,0,0,0,0,0,0,,,,0,0
264347,Kris Lowe,2026-08-08T14:00:00+00:00,2026,NIR1,1,False,4916759,1,21515,home,3831,1,3,played,15,0,False,80,0,0,0,0,0,0,,,80,0,0
1095026,Josh Kee,2026-08-08T14:00:00+00:00,2026,NIR2,2,False,4917841,1,41137,home,40654,3,0,not in squad,,,False,0,0,0,0,0,0,0,,,,0,0
1095026,Josh Kee,2026-07-03T18:45:00+00:00,2026,NSC,9,False,4913069,1,3461,home,3831,3,2,not in squad,,,False,0,0,0,0,0,0,0,,,,0,0
1057388,Corey Smith,2026-08-08T14:00:00+00:00,2026,NIR1,1,False,4916759,1,21515,home,3831,1,3,played,7,0,False,34,0,0,0,0,0,0,,56,,0,0
683468,Jack Malone,2026-08-08T14:00:00+00:00,2026,NIR1,1,False,4916760,1,9026,home,15250,2,0,played,29,0,False,90,0,1,0,0,0,0,34,,90,0,0
683468,Jack Malone,2026-07-16T16:30:00+00:00,2026,ECLQ,10,False,4897268,2,9026,away,33783,0,2,played,29,6,False,72,0,0,0,0,0,0,,,72,0,0
683468,Jack Malone,2026-07-09T18:30:00+00:00,2026,ECLQ,10,False,4897242,1,9026,home,33783,1,2,played,29,6,False,90,0,0,0,0,0,0,,,,0,0
551361,Peter Campbell,2026-08-08T14:00:00+00:00,2026,NIR2,2,False,4917840,1,3463,home,14958,1,3,not in squad,,,False,0,0,0,0,0,0,0,,,,0,0
428930,Nathaniel Ferris,2026-08-08T14:00:00+00:00,2026,NIR1,1,False,4916760,1,9026,home,15250,2,0,not in squad,,,False,0,0,0,0,0,0,0,,,,0,0
428930,Nathaniel Ferris,2026-07-16T16:30:00+00:00,2026,ECLQ,10,False,4897268,2,9026,away,33783,0,2,not in squad,,,False,0,0,0,0,0,0,0,,,,0,0
428930,Nathaniel Ferris,2026-07-09T18:30:00+00:00,2026,ECLQ,10,False,4897242,1,9026,home,33783,1,2,not in squad,,,False,0,0,0,0,0,0,0,,,,0,0
1104105,Sean Carlin,2026-08-08T14:00:00+00:00,2026,NIR1,1,False,4916760,1,15250,away,9026,0,2,played,27,0,False,73,0,0,0,0,0,0,65,,73,0,0
1295574,Luke McGerrigan,2026-08-08T14:00:00+00:00,2026,NIR2,2,False,4917840,1,3463,home,14958,1,3,not in squad,,,False,0,0,0,0,0,0,0,,,,0,0
1295574,Luke McGerrigan,2026-03-31T15:00:00+00:00,2026,U19Q,20,True,4825270,3,28031,away,28149,0,0,in squad,18,,False,0,0,0,0,0,0,0,,,,0,0
1295574,Luke McGerrigan,2026-03-28T13:00:00+00:00,2026,U19Q,20,True,4825241,2,28031,away,28028,2,1,played,18,12,False,58,0,0,0,0,0,0,,,58,0,0
1130621,Paul McGovern,2026-08-09T14:00:00+00:00,2026,SC1,1,False,4910334,2,1191,away,987,0,0,played,11,0,False,22,0,0,0,0,0,0,,68,,0,0
1130621,Paul McGovern,2026-08-01T14:00:00+00:00,2026,SC1,1,False,4910369,1,1191,home,465,0,2,played,11,0,False,11,0,0,0,0,0,0,,79,,0,0
1130621,Paul McGovern,2026-07-25T14:00:00+00:00,2026,SCP,14,False,4891683,5,1191,home,3034,3,0,played,11,9,False,77,0,0,0,0,0,0,51,,77,0,0
1130621,Paul McGovern,2026-07-21T18:45:00+00:00,2026,SCP,14,False,4891668,4,1191,away,3020,3,5,played,11,0,False,15,0,0,1,0,1,0,,75,,0,0
1130621,Paul McGovern,2026-07-14T18:45:00+00:00,2026,SCP,14,False,4891641,2,1191,home,1192,0,1,played,11,6,False,45,0,0,0,0,0,0,,,46,0,0
1130621,Paul McGovern,2026-07-11T14:00:00+00:00,2026,SCP,14,False,4891620,1,1191,away,12886,5,0,played,11,0,False,78,0,0,1,0,1,0,,12,,0,0
324493,Stephen Mallon,2026-08-08T14:00:00+00:00,2026,NIR2,2,False,4917840,1,3463,home,14958,1,3,not in squad,,,False,0,0,0,0,0,0,0,,,,0,0
701047,Conor Falls,2026-08-08T14:00:00+00:00,2026,NIR1,1,False,4916758,1,5594,away,8714,0,1,played,9,0,False,90,0,0,0,0,0,0,,,,0,0
974626,Lorcan Donnelly,2026-08-08T14:00:00+00:00,2026,NIR2,2,False,4917840,1,3463,home,14958,1,3,not in squad,,,False,0,0,0,0,0,0,0,,,,0,0
974626,Lorcan Donnelly,2026-07-16T16:30:00+00:00,2026,ECLQ,10,False,4897268,2,9026,away,33783,0,2,in squad,33,,False,0,0,0,0,0,0,0,,,,0,0
974626,Lorcan Donnelly,2026-07-09T18:30:00+00:00,2026,ECLQ,10,False,4897242,1,9026,home,33783,1,2,in squad,33,,False,0,0,0,0,0,0,0,,,,0,0
1057815,Jude Johnson,2026-08-08T14:00:00+00:00,2026,NIR2,2,False,4917840,1,3463,home,14958,1,3,not in squad,,,False,0,0,0,0,0,0,0,,,,0,0
1057815,Jude Johnson,2026-07-16T16:30:00+00:00,2026,ECLQ,10,False,4897268,2,9026,away,33783,0,2,not in squad,,,False,0,0,0,0,0,0,0,,,,0,0
1057815,Jude Johnson,2026-07-09T18:30:00+00:00,2026,ECLQ,10,False,4897242,1,9026,home,33783,1,2,not in squad,,,False,0,0,0,0,0,0,0,,,,0,0
923509,Ryan McKay,2026-08-07T18:45:00+00:00,2026,NIR1,1,False,4916756,1,21532,away,1251,1,2,played,22,4,False,90,0,0,0,0,0,0,,,,0,0
923509,Ryan McKay,2026-07-16T18:45:00+00:00,2026,ECLQ,10,False,4897256,2,3471,home,22783,2,2,in squad,37,,False,0,0,0,0,0,0,0,,,,0,0
923509,Ryan McKay,2026-07-09T16:00:00+00:00,2026,ECLQ,10,False,4897230,1,3471,away,22783,0,1,in squad,15,,False,0,0,0,0,0,0,0,,,,0,0
1372081,Jack Boyd,2026-08-08T14:00:00+00:00,2026,NIR2,2,False,4917840,1,14958,away,3463,3,1,not in squad,,,False,0,0,0,0,0,0,0,,,,0,0
1109079,David Taylor,2026-08-08T14:00:00+00:00,2026,NIR3,3,False,4946653,1,9025,away,77129,0,0,not in squad,,,False,0,0,0,0,0,0,0,,,,0,0
727499,Calvin McCurry,2026-08-08T14:00:00+00:00,2026,NIR2,2,False,4917841,1,41137,home,40654,3,0,not in squad,,,False,0,0,0,0,0,0,0,,,,0,0
972367,Fraser Bryden,2026-08-08T14:00:00+00:00,2026,CGB,14,False,4925990,2,1219,away,11177,0,0,not in squad,,,False,0,0,0,1,0,0,1,,,,0,0
1154185,Jonny James,2026-08-08T14:00:00+00:00,2026,NIR2,2,False,4917841,1,41137,home,40654,3,0,not in squad,,,False,0,0,0,0,0,0,0,,,,0,0
867636,Dylan Graham,2026-08-08T14:00:00+00:00,2026,NIR2,2,False,4917842,1,63172,away,24104,1,4,not in squad,,,False,0,0,0,0,0,0,0,,,,0,0
867636,Dylan Graham,2026-08-04T19:00:00+00:00,2026,ELQ,10,False,4973691,5,3461,home,41133,0,0,not in squad,,,False,0,0,0,0,0,0,0,,,,0,0
867636,Dylan Graham,2026-07-29T18:00:00+00:00,2026,CLQ,10,False,4897901,4,3461,away,159,0,5,in squad,36,,False,0,0,0,0,0,0,0,,,,0,0
867636,Dylan Graham,2026-07-21T19:00:00+00:00,2026,CLQ,10,False,4897889,3,3461,home,159,0,4,in squad,36,,False,0,0,0,0,0,0,0,,,,0,0
867636,Dylan Graham,2026-07-14T19:00:00+00:00,2026,CLQ,10,False,4897203,2,3461,home,10617,2,1,in squad,36,,False,0,0,0,0,0,0,0,,,,0,0
867636,Dylan Graham,2026-07-07T18:30:00+00:00,2026,CLQ,10,False,4897189,1,3461,away,10617,1,0,in squad,36,,False,0,0,0,0,0,0,0,,,,0,0
867636,Dylan Graham,2026-07-03T18:45:00+00:00,2026,NSC,9,False,4913069,1,3461,home,3831,3,2,not in squad,,,False,0,0,0,0,0,0,0,,,,0,0
342531,Rohan Ferguson,2026-08-04T19:00:00+00:00,2026,ELQ,10,False,4973691,5,3461,home,41133,0,0,played,1,1,False,90,0,0,0,0,0,0,,,,0,0
342531,Rohan Ferguson,2026-07-29T18:00:00+00:00,2026,CLQ,10,False,4897901,4,3461,away,159,0,5,played,1,1,False,90,0,0,0,0,0,0,,,,0,0
342531,Rohan Ferguson,2026-07-21T19:00:00+00:00,2026,CLQ,10,False,4897889,3,3461,home,159,0,4,played,1,1,False,90,0,0,0,0,0,0,,,,0,0
342531,Rohan Ferguson,2026-07-14T19:00:00+00:00,2026,CLQ,10,False,4897203,2,3461,home,10617,2,1,played,1,1,False,90,0,0,0,0,0,0,,,,0,0
342531,Rohan Ferguson,2026-07-07T18:30:00+00:00,2026,CLQ,10,False,4897189,1,3461,away,10617,1,0,played,1,1,False,90,0,0,0,0,0,0,,,,0,0
342531,Rohan Ferguson,2026-07-03T18:45:00+00:00,2026,NSC,9,False,4913069,1,3461,home,3831,3,2,played,1,1,False,90,0,0,0,0,0,0,,,,0,0
1254299,Dan Collett,2026-08-04T19:00:00+00:00,2026,ELQ,10,False,4973691,5,3461,home,41133,0,0,not in squad,,,False,0,0,0,0,0,0,0,,,,0,0
1254299,Dan Collett,2026-07-29T18:00:00+00:00,2026,CLQ,10,False,4897901,4,3461,away,159,0,5,not in squad,,,False,0,0,0,0,0,0,0,,,,0,0
1254299,Dan Collett,2026-07-21T19:00:00+00:00,2026,CLQ,10,False,4897889,3,3461,home,159,0,4,in squad,31,,False,0,0,0,0,0,0,0,,,,0,0
1254299,Dan Collett,2026-07-14T19:00:00+00:00,2026,CLQ,10,False,4897203,2,3461,home,10617,2,1,in squad,31,,False,0,0,0,0,0,0,0,,,,0,0
1254299,Dan Collett,2026-07-07T18:30:00+00:00,2026,CLQ,10,False,4897189,1,3461,away,10617,1,0,not in squad,,,False,0,0,0,0,0,0,0,,,,0,0
1254299,Dan Collett,2026-07-03T18:45:00+00:00,2026,NSC,9,False,4913069,1,3461,home,3831,3,2,not in squad,,,False,0,0,0,0,0,0,0,,,,0,0
372769,Sean Graham,2026-08-04T19:00:00+00:00,2026,ELQ,10,False,4973691,5,3461,home,41133,0,0,played,11,9,False,90,0,0,0,0,0,0,,,,0,0
372769,Sean Graham,2026-07-29T18:00:00+00:00,2026,CLQ,10,False,4897901,4,3461,away,159,0,5,played,11,4,False,79,0,0,0,0,0,0,,,79,0,0
372769,Sean Graham,2026-07-21T19:00:00+00:00,2026,CLQ,10,False,4897889,3,3461,home,159,0,4,played,11,7,False,90,0,0,0,0,0,0,28,,,0,0
372769,Sean Graham,2026-07-14T19:00:00+00:00,2026,CLQ,10,False,4897203,2,3461,home,10617,2,1,played,11,9,False,80,0,0,0,0,0,0,,,80,0,0
372769,Sean Graham,2026-07-07T18:30:00+00:00,2026,CLQ,10,False,4897189,1,3461,away,10617,1,0,played,11,9,False,88,0,0,0,0,0,0,10,,88,0,0
372769,Sean Graham,2026-07-03T18:45:00+00:00,2026,NSC,9,False,4913069,1,3461,home,3831,3,2,played,11,9,False,61,0,0,0,0,0,0,,,61,0,0
1181313,James Simpson,2026-08-04T19:00:00+00:00,2026,ELQ,10,False,4973691,5,3461,home,41133,0,0,played,47,9,False,15,0,0,0,0,0,0,,75,,0,0
1181313,James Simpson,2026-07-29T18:00:00+00:00,2026,CLQ,10,False,4897901,4,3461,away,159,0,5,played,47,9,False,30,0,0,0,0,0,0,,60,,0,0
1181313,James Simpson,2026-07-21T19:00:00+00:00,2026,CLQ,10,False,4897889,3,3461,home,159,0,4,played,47,9,False,27,0,0,0,0,0,0,,63,,0,0
1181313,James Simpson,2026-07-14T19:00:00+00:00,2026,CLQ,10,False,4897203,2,3461,home,10617,2,1,played,47,9,False,10,0,0,0,0,0,0,,80,,0,0
1181313,James Simpson,2026-07-07T18:30:00+00:00,2026,CLQ,10,False,4897189,1,3461,away,10617,1,0,played,47,4,False,2,0,0,0,0,0,0,,88,,0,0
1181313,James Simpson,2026-07-03T18:45:00+00:00,2026,NSC,9,False,4913069,1,3461,home,3831,3,2,not in squad,,,False,0,0,0,0,0,0,0,,,,0,0
372755,Aaron Donnelly,2026-08-04T19:00:00+00:00,2026,ELQ,10,False,4973691,5,3461,home,41133,0,0,played,4,3,False,90,0,0,0,0,0,0,,,,0,0
372755,Aaron Donnelly,2026-07-29T18:00:00+00:00,2026,CLQ,10,False,4897901,4,3461,away,159,0,5,played,4,3,False,90,0,0,0,0,0,0,,,,0,0
372755,Aaron Donnelly,2026-07-21T19:00:00+00:00,2026,CLQ,10,False,4897889,3,3461,home,159,0,4,played,4,4,False,90,0,0,0,0,0,0,,,,0,0
372755,Aaron Donnelly,2026-07-14T19:00:00+00:00,2026,CLQ,10,False,4897203,2,3461,home,10617,2,1,played,4,4,False,90,0,0,0,0,0,0,,,,0,0
372755,Aaron Donnelly,2026-07-07T18:30:00+00:00,2026,CLQ,10,False,4897189,1,3461,away,10617,1,0,played,4,4,False,90,0,0,0,0,0,0,,,,0,0
372755,Aaron Donnelly,2026-07-03T18:45:00+00:00,2026,NSC,9,False,4913069,1,3461,home,3831,3,2,played,4,4,False,90,0,0,0,0,0,0,,,,0,0
549566,Sam McClelland,2026-08-04T19:00:00+00:00,2026,ELQ,10,False,4973691,5,3461,home,41133,0,0,not in squad,,,False,0,0,0,0,0,0,0,,,,0,0
549566,Sam McClelland,2026-07-29T18:00:00+00:00,2026,CLQ,10,False,4897901,4,3461,away,159,0,5,not in squad,,,False,0,0,0,0,0,0,0,,,,0,0
549566,Sam McClelland,2026-07-21T19:00:00+00:00,2026,CLQ,10,False,4897889,3,3461,home,159,0,4,not in squad,,,False,0,0,0,0,0,0,0,,,,0,0
549566,Sam McClelland,2026-07-14T19:00:00+00:00,2026,CLQ,10,False,4897203,2,3461,home,10617,2,1,not in squad,,,False,0,0,0,0,0,0,0,,,,0,0
549566,Sam McClelland,2026-07-07T18:30:00+00:00,2026,CLQ,10,False,4897189,1,3461,away,10617,1,0,played,5,3,False,45,0,1,0,0,0,0,19,,46,0,0
549566,Sam McClelland,2026-07-03T18:45:00+00:00,2026,NSC,9,False,4913069,1,3461,home,3831,3,2,played,5,3,False,45,0,0,0,0,0,0,,,46,0,0
1233146,Ryan Donnelly,2026-08-08T14:00:00+00:00,2026,NIR3,3,False,4946653,1,77129,home,9025,0,0,not in squad,,,False,0,0,0,0,0,0,0,,,,0,0
324482,Chris Gallagher,2026-08-04T19:00:00+00:00,2026,ELQ,10,False,4973691,5,3461,home,41133,0,0,played,6,6,False,90,0,0,0,0,0,0,45,,,0,0
324482,Chris Gallagher,2026-07-29T18:00:00+00:00,2026,CLQ,10,False,4897901,4,3461,away,159,0,5,played,6,6,False,90,0,0,0,0,0,0,,,,0,0
324482,Chris Gallagher,2026-07-21T19:00:00+00:00,2026,CLQ,10,False,4897889,3,3461,home,159,0,4,played,6,6,False,90,0,0,0,0,0,0,,,,0,0
324482,Chris Gallagher,2026-07-14T19:00:00+00:00,2026,CLQ,10,False,4897203,2,3461,home,10617,2,1,played,6,6,False,90,0,0,0,0,0,0,,,,0,0
324482,Chris Gallagher,2026-07-07T18:30:00+00:00,2026,CLQ,10,False,4897189,1,3461,away,10617,1,0,played,6,6,False,90,0,0,0,0,0,0,,,,0,0
324482,Chris Gallagher,2026-07-03T18:45:00+00:00,2026,NSC,9,False,4913069,1,3461,home,3831,3,2,played,6,6,True,61,0,0,0,0,0,0,,,61,0,0
990524,Matt Ridley,2026-08-04T19:00:00+00:00,2026,ELQ,10,False,4973691,5,3461,home,41133,0,0,played,3,3,False,90,0,0,0,0,0,0,,,,0,0
990524,Matt Ridley,2026-07-29T18:00:00+00:00,2026,CLQ,10,False,4897901,4,3461,away,159,0,5,played,3,3,False,90,0,0,0,0,0,0,,,,0,0
990524,Matt Ridley,2026-07-21T19:00:00+00:00,2026,CLQ,10,False,4897889,3,3461,home,159,0,4,played,3,3,False,90,0,0,0,0,0,0,,,,0,0
990524,Matt Ridley,2026-07-14T19:00:00+00:00,2026,CLQ,10,False,4897203,2,3461,home,10617,2,1,played,3,3,False,90,1,0,0,0,0,0,,,,0,0
990524,Matt Ridley,2026-07-07T18:30:00+00:00,2026,CLQ,10,False,4897189,1,3461,away,10617,1,0,played,3,3,False,90,0,0,0,0,0,0,,,,0,0
990524,Matt Ridley,2026-07-03T18:45:00+00:00,2026,NSC,9,False,4913069,1,3461,home,3831,3,2,played,3,3,False,90,0,0,0,0,0,0,,,,0,0
549569,Jordan McEneff,2026-08-04T19:00:00+00:00,2026,ELQ,10,False,4973691,5,3461,home,41133,0,0,played,22,7,False,25,0,0,0,0,0,0,,65,,0,0
549569,Jordan McEneff,2026-07-29T18:00:00+00:00,2026,CLQ,10,False,4897901,4,3461,away,159,0,5,played,22,8,False,60,0,0,0,0,0,0,,,60,0,0
549569,Jordan McEneff,2026-07-21T19:00:00+00:00,2026,CLQ,10,False,4897889,3,3461,home,159,0,4,played,22,12,False,76,0,0,0,0,0,0,,,76,0,0
549569,Jordan McEneff,2026-07-14T19:00:00+00:00,2026,CLQ,10,False,4897203,2,3461,home,10617,2,1,played,22,8,False,32,0,0,0,0,0,0,,58,,0,0
549569,Jordan McEneff,2026-07-07T18:30:00+00:00,2026,CLQ,10,False,4897189,1,3461,away,10617,1,0,played,22,7,False,27,0,0,0,0,0,0,,63,,0,0
549569,Jordan McEneff,2026-07-03T18:45:00+00:00,2026,NSC,9,False,4913069,1,3461,home,3831,3,2,played,22,8,False,61,0,0,0,0,0,0,,,61,0,0
1242913,Logan Wallace,2026-08-04T19:00:00+00:00,2026,ELQ,10,False,4973691,5,3461,home,41133,0,0,in squad,2,,False,0,0,0,0,0,0,0,,,,0,0
1242913,Logan Wallace,2026-07-29T18:00:00+00:00,2026,CLQ,10,False,4897901,4,3461,away,159,0,5,played,2,3,False,30,0,0,0,0,0,0,,60,,0,0
1242913,Logan Wallace,2026-07-21T19:00:00+00:00,2026,CLQ,10,False,4897889,3,3461,home,159,0,4,played,2,3,False,14,0,0,0,0,0,0,,76,,0,0
1242913,Logan Wallace,2026-07-14T19:00:00+00:00,2026,CLQ,10,False,4897203,2,3461,home,10617,2,1,in squad,2,,False,0,0,0,0,0,0,0,,,,0,0
1242913,Logan Wallace,2026-07-07T18:30:00+00:00,2026,CLQ,10,False,4897189,1,3461,away,10617,1,0,in squad,2,,False,0,0,0,0,0,0,0,,,,0,0
1242913,Logan Wallace,2026-07-03T18:45:00+00:00,2026,NSC,9,False,4913069,1,3461,home,3831,3,2,not in squad,,,False,0,0,0,0,0,0,0,,,,0,0
44799,Mark Randall,2026-08-04T19:00:00+00:00,2026,ELQ,10,False,4973691,5,3461,home,41133,0,0,not in squad,,,False,0,0,0,0,0,0,0,,,,0,0
44799,Mark Randall,2026-07-29T18:00:00+00:00,2026,CLQ,10,False,4897901,4,3461,away,159,0,5,not in squad,,,False,0,0,0,0,0,0,0,,,,0,0
44799,Mark Randall,2026-07-21T19:00:00+00:00,2026,CLQ,10,False,4897889,3,3461,home,159,0,4,not in squad,,,False,0,0,0,0,0,0,0,,,,0,0
44799,Mark Randall,2026-07-14T19:00:00+00:00,2026,CLQ,10,False,4897203,2,3461,home,10617,2,1,not in squad,,,False,0,0,0,0,0,0,0,,,,0,0
44799,Mark Randall,2026-07-07T18:30:00+00:00,2026,CLQ,10,False,4897189,1,3461,away,10617,1,0,in squad,8,,False,0,0,0,0,0,0,0,,,,0,0
44799,Mark Randall,2026-07-03T18:45:00+00:00,2026,NSC,9,False,4913069,1,3461,home,3831,3,2,played,8,7,False,29,0,0,0,0,0,0,72,61,,0,0
697002,Dan Bent,2026-08-04T19:00:00+00:00,2026,ELQ,10,False,4973691,5,3461,home,41133,0,0,played,26,3,False,90,0,0,0,0,0,0,,,,0,0
697002,Dan Bent,2026-07-29T18:00:00+00:00,2026,CLQ,10,False,4897901,4,3461,away,159,0,5,played,26,3,False,90,0,0,0,0,0,0,,,,0,0
697002,Dan Bent,2026-07-21T19:00:00+00:00,2026,CLQ,10,False,4897889,3,3461,home,159,0,4,played,26,3,False,90,0,0,0,0,0,0,,,,0,0
697002,Dan Bent,2026-07-14T19:00:00+00:00,2026,CLQ,10,False,4897203,2,3461,home,10617,2,1,played,26,3,False,90,1,0,0,0,0,0,,,,0,0
697002,Dan Bent,2026-07-07T18:30:00+00:00,2026,CLQ,10,False,4897189,1,3461,away,10617,1,0,played,26,8,False,90,0,0,0,0,0,0,,,,0,0
697002,Dan Bent,2026-07-03T18:45:00+00:00,2026,NSC,9,False,4913069,1,3461,home,3831,3,2,played,26,6,False,90,0,0,0,0,0,0,58,,,0,0
897031,Dylan Sloan,2026-08-04T19:00:00+00:00,2026,ELQ,10,False,4973691,5,3461,home,41133,0,0,played,25,7,False,65,0,0,0,0,0,0,,,65,0,0
897031,Dylan Sloan,2026-07-29T18:00:00+00:00,2026,CLQ,10,False,4897901,4,3461,away,159,0,5,played,25,9,False,70,0,0,0,0,0,0,,,70,0,0
897031,Dylan Sloan,2026-07-21T19:00:00+00:00,2026,CLQ,10,False,4897889,3,3461,home,159,0,4,played,25,11,False,63,0,0,0,0,0,0,,,63,0,0
897031,Dylan Sloan,2026-07-14T19:00:00+00:00,2026,CLQ,10,False,4897203,2,3461,home,10617,2,1,played,25,7,False,14,0,0,0,0,0,0,,76,,0,0
897031,Dylan Sloan,2026-07-07T18:30:00+00:00,2026,CLQ,10,False,4897189,1,3461,away,10617,1,0,in squad,25,,False,0,0,0,0,0,0,0,,,,0,0
897031,Dylan Sloan,2026-07-03T18:45:00+00:00,2026,NSC,9,False,4913069,1,3461,home,3831,3,2,played,25,5,False,45,0,0,0,0,0,0,,,46,0,0
232531,Tomas Cosgrove,2026-08-04T19:00:00+00:00,2026,ELQ,10,False,4973691,5,3461,home,41133,0,0,played,23,8,True,90,0,0,0,0,0,0,11,,,0,0
232531,Tomas Cosgrove,2026-07-29T18:00:00+00:00,2026,CLQ,10,False,4897901,4,3461,away,159,0,5,played,23,5,True,90,0,0,0,0,0,0,,,,0,0
232531,Tomas Cosgrove,2026-07-21T19:00:00+00:00,2026,CLQ,10,False,4897889,3,3461,home,159,0,4,played,23,5,True,90,0,0,0,0,0,0,,,,0,0
232531,Tomas Cosgrove,2026-07-14T19:00:00+00:00,2026,CLQ,10,False,4897203,2,3461,home,10617,2,1,played,23,5,True,90,0,0,0,0,0,0,,,,0,0
232531,Tomas Cosgrove,2026-07-07T18:30:00+00:00,2026,CLQ,10,False,4897189,1,3461,away,10617,1,0,played,23,5,True,90,0,0,0,0,0,0,,,,0,0
232531,Tomas Cosgrove,2026-07-03T18:45:00+00:00,2026,NSC,9,False,4913069,1,3461,home,3831,3,2,played,23,5,False,45,0,0,0,0,0,0,,46,,0,0
322787,Conor McKendry,2026-08-04T19:00:00+00:00,2026,ELQ,10,False,4973691,5,3461,home,41133,0,0,in squad,7,,False,0,0,0,0,0,0,0,,,,0,0
322787,Conor McKendry,2026-07-29T18:00:00+00:00,2026,CLQ,10,False,4897901,4,3461,away,159,0,5,played,7,12,False,20,0,0,0,0,0,0,,70,,0,0
322787,Conor McKendry,2026-07-21T19:00:00+00:00,2026,CLQ,10,False,4897889,3,3461,home,159,0,4,in squad,7,,False,0,0,0,0,0,0,0,,,,0,0
322787,Conor McKendry,2026-07-14T19:00:00+00:00,2026,CLQ,10,False,4897203,2,3461,home,10617,2,1,played,7,12,False,58,0,0,0,0,0,0,53,,58,0,0
322787,Conor McKendry,2026-07-07T18:30:00+00:00,2026,CLQ,10,False,4897189,1,3461,away,10617,1,0,in squad,7,,False,0,0,0,0,0,0,0,,,,0,0
322787,Conor McKendry,2026-07-03T18:45:00+00:00,2026,NSC,9,False,4913069,1,3461,home,3831,3,2,played,7,12,False,29,0,0,0,0,0,0,,61,,0,0
342184,Ronan Doherty,2026-08-04T19:00:00+00:00,2026,ELQ,10,False,4973691,5,3461,home,41133,0,0,played,15,7,False,75,0,0,0,0,0,0,,,75,0,0
342184,Ronan Doherty,2026-07-29T18:00:00+00:00,2026,CLQ,10,False,4897901,4,3461,away,159,0,5,played,15,7,False,60,0,0,0,0,0,0,,,60,0,0
342184,Ronan Doherty,2026-07-21T19:00:00+00:00,2026,CLQ,10,False,4897889,3,3461,home,159,0,4,played,15,7,False,76,0,0,0,0,0,0,,,76,0,0
342184,Ronan Doherty,2026-07-14T19:00:00+00:00,2026,CLQ,10,False,4897203,2,3461,home,10617,2,1,played,15,7,False,76,0,1,0,0,0,0,,,76,0,0
342184,Ronan Doherty,2026-07-07T18:30:00+00:00,2026,CLQ,10,False,4897189,1,3461,away,10617,1,0,played,15,7,False,63,0,0,0,0,0,0,,,63,0,0
342184,Ronan Doherty,2026-07-03T18:45:00+00:00,2026,NSC,9,False,4913069,1,3461,home,3831,3,2,played,15,6,False,45,0,0,0,0,0,0,,46,,0,0
524722,Paul O'Neill,2026-08-04T19:00:00+00:00,2026,ELQ,10,False,4973691,5,3461,home,41133,0,0,played,9,14,False,25,0,0,0,0,0,0,,65,,0,0
524722,Paul O'Neill,2026-07-29T18:00:00+00:00,2026,CLQ,10,False,4897901,4,3461,away,159,0,5,played,9,14,False,45,0,0,0,0,0,0,,46,,0,0
524722,Paul O'Neill,2026-07-21T19:00:00+00:00,2026,CLQ,10,False,4897889,3,3461,home,159,0,4,played,9,14,False,14,0,0,0,0,0,0,,76,,0,0
524722,Paul O'Neill,2026-07-14T19:00:00+00:00,2026,CLQ,10,False,4897203,2,3461,home,10617,2,1,played,9,14,False,10,0,0,0,0,0,0,,80,,0,0
524722,Paul O'Neill,2026-07-07T18:30:00+00:00,2026,CLQ,10,False,4897189,1,3461,away,10617,1,0,not in squad,,,False,0,0,0,0,0,0,0,,,,0,0
524722,Paul O'Neill,2026-07-03T18:45:00+00:00,2026,NSC,9,False,4913069,1,3461,home,3831,3,2,played,9,14,False,45,0,0,0,0,0,0,,,46,0,0
1157216,Tiarnan O'Connor,2026-08-04T19:00:00+00:00,2026,ELQ,10,False,4973691,5,3461,home,41133,0,0,not in squad,,,False,0,0,0,0,0,0,0,,,,0,0
1157216,Tiarnan O'Connor,2026-07-29T18:00:00+00:00,2026,CLQ,10,False,4897901,4,3461,away,159,0,5,not in squad,,,False,0,0,0,0,0,0,0,,,,0,0
1157216,Tiarnan O'Connor,2026-07-21T19:00:00+00:00,2026,CLQ,10,False,4897889,3,3461,home,159,0,4,not in squad,,,False,0,0,0,0,0,0,0,,,,0,0
1157216,Tiarnan O'Connor,2026-07-14T19:00:00+00:00,2026,CLQ,10,False,4897203,2,3461,home,10617,2,1,not in squad,,,False,0,0,0,0,0,0,0,,,,0,0
1157216,Tiarnan O'Connor,2026-07-07T18:30:00+00:00,2026,CLQ,10,False,4897189,1,3461,away,10617,1,0,not in squad,,,False,0,0,0,0,0,0,0,,,,0,0
1157216,Tiarnan O'Connor,2026-07-03T18:45:00+00:00,2026,NSC,9,False,4913069,1,3461,home,3831,3,2,not in squad,,,False,0,0,0,0,0,0,0,,,,0,0
920459,Benji Magee,2026-08-04T19:00:00+00:00,2026,ELQ,10,False,4973691,5,3461,home,41133,0,0,in squad,14,,False,0,0,0,0,0,0,0,,,,0,0
920459,Benji Magee,2026-07-29T18:00:00+00:00,2026,CLQ,10,False,4897901,4,3461,away,159,0,5,in squad,14,,False,0,0,0,0,0,0,0,,,,0,0
920459,Benji Magee,2026-07-21T19:00:00+00:00,2026,CLQ,10,False,4897889,3,3461,home,159,0,4,in squad,14,,False,0,0,0,0,0,0,0,,,,0,0
920459,Benji Magee,2026-07-14T19:00:00+00:00,2026,CLQ,10,False,4897203,2,3461,home,10617,2,1,in squad,14,,False,0,0,0,0,0,0,0,,,,0,0
920459,Benji Magee,2026-07-07T18:30:00+00:00,2026,CLQ,10,False,4897189,1,3461,away,10617,1,0,played,14,11,False,45,0,0,0,0,0,0,,46,,0,0
920459,Benji Magee,2026-07-03T18:45:00+00:00,2026,NSC,9,False,4913069,1,3461,home,3831,3,2,played,14,11,False,29,0,0,0,0,0,0,,61,,0,0
320462,Leroy Millar,2026-08-04T19:00:00+00:00,2026,ELQ,10,False,4973691,5,3461,home,41133,0,0,not in squad,,,False,0,0,0,0,0,0,0,,,,0,0
320462,Leroy Millar,2026-07-29T18:00:00+00:00,2026,CLQ,10,False,4897901,4,3461,away,159,0,5,not in squad,,,False,0,0,0,0,0,0,0,,,,0,0
320462,Leroy Millar,2026-07-21T19:00:00+00:00,2026,CLQ,10,False,4897889,3,3461,home,159,0,4,not in squad,,,False,0,0,0,0,0,0,0,,,,0,0
320462,Leroy Millar,2026-07-14T19:00:00+00:00,2026,CLQ,10,False,4897203,2,3461,home,10617,2,1,not in squad,,,False,0,0,0,0,0,0,0,,,,0,0
320462,Leroy Millar,2026-07-07T18:30:00+00:00,2026,CLQ,10,False,4897189,1,3461,away,10617,1,0,in squad,21,,False,0,0,0,0,0,0,0,,,,0,0
320462,Leroy Millar,2026-07-03T18:45:00+00:00,2026,NSC,9,False,4913069,1,3461,home,3831,3,2,not in squad,,,False,0,0,0,0,0,0,0,,,,0,0
1039207,Josh Ukek,2026-08-04T19:00:00+00:00,2026,ELQ,10,False,4973691,5,3461,home,41133,0,0,in squad,17,,False,0,0,0,0,0,0,0,,,,0,0
1039207,Josh Ukek,2026-07-29T18:00:00+00:00,2026,CLQ,10,False,4897901,4,3461,away,159,0,5,in squad,17,,False,0,0,0,0,0,0,0,,,,0,0
1039207,Josh Ukek,2026-07-21T19:00:00+00:00,2026,CLQ,10,False,4897889,3,3461,home,159,0,4,not in squad,,,False,0,0,0,0,0,0,0,,,,0,0
1039207,Josh Ukek,2026-07-14T19:00:00+00:00,2026,CLQ,10,False,4897203,2,3461,home,10617,2,1,in squad,17,,False,0,0,0,0,0,0,0,,,,0,0
1039207,Josh Ukek,2026-07-07T18:30:00+00:00,2026,CLQ,10,False,4897189,1,3461,away,10617,1,0,played,17,14,False,27,0,0,0,0,0,0,,63,,0,0
1039207,Josh Ukek,2026-07-03T18:45:00+00:00,2026,NSC,9,False,4913069,1,3461,home,3831,3,2,played,17,14,False,45,0,0,0,0,0,0,,46,,0,0
694894,Matthew Lusty,2026-08-04T19:00:00+00:00,2026,ELQ,10,False,4973691,5,3461,home,41133,0,0,played,30,14,False,75,0,0,0,0,0,0,,,75,0,0
694894,Matthew Lusty,2026-07-29T18:00:00+00:00,2026,CLQ,10,False,4897901,4,3461,away,159,0,5,in squad,30,,False,0,0,0,0,0,0,0,,,,0,0
694894,Matthew Lusty,2026-07-21T19:00:00+00:00,2026,CLQ,10,False,4897889,3,3461,home,159,0,4,played,30,14,False,45,0,0,0,0,0,0,34,,46,0,0
694894,Matthew Lusty,2026-07-14T19:00:00+00:00,2026,CLQ,10,False,4897203,2,3461,home,10617,2,1,played,30,14,False,80,0,1,0,0,0,0,,,80,0,0
694894,Matthew Lusty,2026-07-07T18:30:00+00:00,2026,CLQ,10,False,4897189,1,3461,away,10617,1,0,played,30,14,False,78,1,0,0,0,0,0,,,78,0,0
694894,Matthew Lusty,2026-07-03T18:45:00+00:00,2026,NSC,9,False,4913069,1,3461,home,3831,3,2,played,30,14,False,29,0,0,0,0,0,0,,61,,0,0
515540,David Walsh,2026-08-08T14:00:00+00:00,2026,NIR1,1,False,4916757,1,15244,away,3471,3,0,played,1,0,False,90,0,0,0,0,0,0,,,,0,0
693443,Ethan McGee,2026-08-08T14:00:00+00:00,2026,NIR1,1,False,4916757,1,3471,home,15244,0,3,played,27,0,False,78,0,0,0,0,0,0,,,78,0,0
693443,Ethan McGee,2026-07-16T18:45:00+00:00,2026,ECLQ,10,False,4897256,2,3471,home,22783,2,2,played,27,5,False,26,1,0,0,0,0,0,,,,0,0
693443,Ethan McGee,2026-07-09T16:00:00+00:00,2026,ECLQ,10,False,4897230,1,3471,away,22783,0,1,played,27,5,False,90,0,0,0,0,0,0,,,90,0,0
287964,Ben Hall,2026-08-08T14:00:00+00:00,2026,NIR1,1,False,4916757,1,3471,home,15244,0,3,played,15,0,False,90,0,0,0,0,0,0,,,,0,0
287964,Ben Hall,2026-07-16T18:45:00+00:00,2026,ECLQ,10,False,4897256,2,3471,home,22783,2,2,played,15,3,False,90,0,0,0,0,0,0,,,,0,0
287964,Ben Hall,2026-07-09T16:00:00+00:00,2026,ECLQ,10,False,4897230,1,3471,away,22783,0,1,played,2,3,False,90,0,0,0,0,0,0,,,,0,0
431151,Montel Gibson,2026-08-04T19:00:00+00:00,2026,ELQ,10,False,4973691,5,3461,home,41133,0,0,played,45,14,False,65,0,0,0,0,0,0,,,65,0,0
431151,Montel Gibson,2026-07-29T18:00:00+00:00,2026,CLQ,10,False,4897901,4,3461,away,159,0,5,played,45,14,False,11,0,0,0,0,0,0,,79,,0,0
431151,Montel Gibson,2026-07-21T19:00:00+00:00,2026,CLQ,10,False,4897889,3,3461,home,159,0,4,in squad,45,,False,0,0,0,0,0,0,0,,,,0,0
431151,Montel Gibson,2026-07-14T19:00:00+00:00,2026,CLQ,10,False,4897203,2,3461,home,10617,2,1,played,45,14,False,58,0,0,0,0,0,0,,,58,0,0
431151,Montel Gibson,2026-07-07T18:30:00+00:00,2026,CLQ,10,False,4897189,1,3461,away,10617,1,0,played,45,14,False,63,0,0,0,0,0,0,,,63,0,0
431151,Montel Gibson,2026-07-03T18:45:00+00:00,2026,NSC,9,False,4913069,1,3461,home,3831,3,2,played,45,14,False,61,0,0,0,0,0,0,,,61,0,0
946790,Sean Brown,2026-08-08T14:00:00+00:00,2026,NIR1,1,False,4916757,1,3471,home,15244,0,3,in squad,24,,False,0,0,0,0,0,0,0,,,,0,0
946790,Sean Brown,2026-07-16T18:45:00+00:00,2026,ECLQ,10,False,4897256,2,3471,home,22783,2,2,in squad,24,,False,0,0,0,0,0,0,0,,,,0,0
946790,Sean Brown,2026-07-09T16:00:00+00:00,2026,ECLQ,10,False,4897230,1,3471,away,22783,0,1,played,24,5,False,1,0,0,0,0,0,0,,90,,0,0
677898,Dane McCullough,2026-08-08T14:00:00+00:00,2026,NIR1,1,False,4916757,1,3471,home,15244,0,3,in squad,34,,False,0,0,0,0,0,0,0,,,,0,0
677898,Dane McCullough,2026-07-16T18:45:00+00:00,2026,ECLQ,10,False,4897256,2,3471,home,22783,2,2,played,34,9,False,45,0,0,0,0,0,0,,46,,0,0
677898,Dane McCullough,2026-07-09T16:00:00+00:00,2026,ECLQ,10,False,4897230,1,3471,away,22783,0,1,played,17,9,False,19,0,0,0,0,0,0,,71,,0,0
167263,Chris Johns,2026-08-08T14:00:00+00:00,2026,NIR1,1,False,4916757,1,3471,home,15244,0,3,played,1,0,False,90,0,0,0,0,0,0,,,,0,0
167263,Chris Johns,2026-07-16T18:45:00+00:00,2026,ECLQ,10,False,4897256,2,3471,home,22783,2,2,played,1,1,False,90,0,0,0,0,0,0,,,,0,0
167263,Chris Johns,2026-07-09T16:00:00+00:00,2026,ECLQ,10,False,4897230,1,3471,away,22783,0,1,played,1,1,False,90,0,0,0,0,0,0,,,,0,0
325206,Darragh Leahy,2026-08-08T14:00:00+00:00,2026,NIR1,1,False,4916757,1,3471,home,15244,0,3,played,33,0,False,90,0,0,0,0,0,0,,,,0,0
325206,Darragh Leahy,2026-07-16T18:45:00+00:00,2026,ECLQ,10,False,4897256,2,3471,home,22783,2,2,played,33,4,False,90,0,0,0,0,0,0,,,,0,0
325206,Darragh Leahy,2026-07-09T16:00:00+00:00,2026,ECLQ,10,False,4897230,1,3471,away,22783,0,1,played,33,4,False,90,0,0,0,0,0,0,,,,0,0
297275,Scot Whiteside,2026-08-08T14:00:00+00:00,2026,NIR1,1,False,4916757,1,15244,away,3471,3,0,played,5,0,False,90,0,0,0,0,0,0,,,,0,0
1367524,Donatas Jermakovas,2026-07-16T18:45:00+00:00,2026,ECLQ,10,False,4897256,2,3471,home,22783,2,2,in squad,74,,False,0,0,0,0,0,0,0,,,,0,0
1367524,Donatas Jermakovas,2026-07-09T16:00:00+00:00,2026,ECLQ,10,False,4897230,1,3471,away,22783,0,1,in squad,3,,False,0,0,0,0,0,0,0,,,,0,0
1367524,Donatas Jermakovas,2026-03-31T15:00:00+00:00,2026,U19Q,20,True,4825270,3,28149,home,28031,0,0,in squad,5,,False,0,0,0,0,0,0,0,,,,0,0
1367524,Donatas Jermakovas,2026-03-25T16:00:00+00:00,2026,U19Q,20,True,4825204,1,28149,home,28028,4,0,in squad,5,,False,0,0,0,0,0,0,0,,,,0,0
825078,Josh Archer,2026-08-08T14:00:00+00:00,2026,NIR1,1,False,4916757,1,15244,away,3471,3,0,played,8,0,False,90,0,0,0,0,0,0,,,,0,0
296061,Kevin O'Hara,2026-08-04T19:00:00+00:00,2026,ELQ,10,False,4973691,5,3461,home,41133,0,0,played,19,14,False,15,0,0,0,0,0,0,,75,,0,0
296061,Kevin O'Hara,2026-07-29T18:00:00+00:00,2026,CLQ,10,False,4897901,4,3461,away,159,0,5,played,19,14,False,45,0,0,0,0,0,0,,,46,0,0
296061,Kevin O'Hara,2026-07-21T19:00:00+00:00,2026,CLQ,10,False,4897889,3,3461,home,159,0,4,played,19,14,False,45,0,0,0,0,0,0,,46,,0,0
296061,Kevin O'Hara,2026-07-14T19:00:00+00:00,2026,CLQ,10,False,4897203,2,3461,home,10617,2,1,played,19,14,False,32,0,0,0,0,0,0,,58,,0,0
296061,Kevin O'Hara,2026-07-07T18:30:00+00:00,2026,CLQ,10,False,4897189,1,3461,away,10617,1,0,played,19,14,False,12,0,0,0,0,0,0,,78,,0,0
624264,Charlie Allen,2026-08-08T14:00:00+00:00,2026,NIR1,1,False,4916757,1,15244,away,3471,3,0,played,10,0,False,89,0,1,0,0,0,0,,,89,0,0
135135,Kirk Millar,2026-08-08T14:00:00+00:00,2026,NIR1,1,False,4916757,1,3471,home,15244,0,3,played,7,0,False,90,0,0,0,0,0,0,,,,0,0
135135,Kirk Millar,2026-07-16T18:45:00+00:00,2026,ECLQ,10,False,4897256,2,3471,home,22783,2,2,played,7,8,False,90,0,0,0,0,0,0,,,,0,0
135135,Kirk Millar,2026-07-09T16:00:00+00:00,2026,ECLQ,10,False,4897230,1,3471,away,22783,0,1,played,7,12,False,62,0,0,0,0,0,0,,,62,0,0
322784,Kyle McClean,2026-08-08T14:00:00+00:00,2026,NIR1,1,False,4916757,1,3471,home,15244,0,3,played,8,0,False,90,0,0,0,0,0,0,,,,0,0
322784,Kyle McClean,2026-07-16T18:45:00+00:00,2026,ECLQ,10,False,4897256,2,3471,home,22783,2,2,played,8,7,False,90,0,0,0,0,0,0,,,,0,0
322784,Kyle McClean,2026-07-09T16:00:00+00:00,2026,ECLQ,10,False,4897230,1,3471,away,22783,0,1,played,8,10,False,90,0,0,0,0,0,0,,,,0,0
81065,Jamie Mulgrew,2026-08-08T14:00:00+00:00,2026,NIR1,1,False,4916757,1,3471,home,15244,0,3,not in squad,,,False,0,0,0,0,0,0,0,,,,0,0
81065,Jamie Mulgrew,2026-07-16T18:45:00+00:00,2026,ECLQ,10,False,4897256,2,3471,home,22783,2,2,not in squad,,,False,0,0,0,0,0,0,0,,,,0,0
81065,Jamie Mulgrew,2026-07-09T16:00:00+00:00,2026,ECLQ,10,False,4897230,1,3471,away,22783,0,1,not in squad,,,False,0,0,0,0,0,0,0,,,,0,0
96297,Chris Shields,2026-08-08T14:00:00+00:00,2026,NIR1,1,False,4916757,1,3471,home,15244,0,3,played,5,0,False,90,0,0,0,0,0,0,,,,0,0
96297,Chris Shields,2026-07-16T18:45:00+00:00,2026,ECLQ,10,False,4897256,2,3471,home,22783,2,2,played,5,6,True,90,0,0,0,0,0,0,,,,0,0
96297,Chris Shields,2026-07-09T16:00:00+00:00,2026,ECLQ,10,False,4897230,1,3471,away,22783,0,1,played,5,6,True,90,0,0,0,0,0,0,81,,,0,0
743078,Matthew Fitzpatrick,2026-08-08T14:00:00+00:00,2026,NIR1,1,False,4916757,1,3471,home,15244,0,3,played,29,0,False,90,0,0,0,0,0,0,,,,0,0
743078,Matthew Fitzpatrick,2026-07-16T18:45:00+00:00,2026,ECLQ,10,False,4897256,2,3471,home,22783,2,2,played,29,14,False,90,0,1,0,0,0,0,12,,,0,0
743078,Matthew Fitzpatrick,2026-07-09T16:00:00+00:00,2026,ECLQ,10,False,4897230,1,3471,away,22783,0,1,played,29,14,False,90,0,0,0,0,0,0,,,,0,0
562572,Chris McKee,2026-08-08T14:00:00+00:00,2026,NIR1,1,False,4916757,1,15244,away,3471,3,0,played,7,0,False,85,2,0,0,0,0,0,,,85,0,0
294221,Callumn Morrison,2026-08-08T14:00:00+00:00,2026,SC2,2,False,4910412,2,1270,home,1192,1,1,in squad,7,,False,0,0,0,0,0,0,0,,,,0,0
294221,Callumn Morrison,2026-08-01T14:00:00+00:00,2026,SC2,2,False,4910382,1,1270,away,2451,0,0,played,7,0,False,16,0,0,2,1,1,0,,74,,0,0
294221,Callumn Morrison,2026-07-26T14:00:00+00:00,2026,SCP,14,False,4891675,5,1270,away,465,1,0,played,7,14,False,61,0,0,0,0,0,0,,,61,0,0
294221,Callumn Morrison,2026-07-21T18:45:00+00:00,2026,SCP,14,False,4891660,4,1270,home,8933,5,0,played,7,0,False,25,0,0,2,2,0,0,,65,,0,0
294221,Callumn Morrison,2026-07-14T18:45:00+00:00,2026,SCP,14,False,4891633,2,1270,home,3023,4,1,played,7,0,False,32,0,0,1,1,0,0,,58,,0,0
294221,Callumn Morrison,2026-07-11T14:00:00+00:00,2026,SCP,14,False,4891613,1,1270,away,28457,0,3,played,7,12,False,61,0,0,1,0,1,0,,,61,0,0
1173130,Jon Graham,2026-07-16T18:45:00+00:00,2026,ECLQ,10,False,4897256,2,3471,home,22783,2,2,in squad,70,,False,0,0,0,0,0,0,0,,,,0,0
1173130,Jon Graham,2026-07-09T16:00:00+00:00,2026,ECLQ,10,False,4897230,1,3471,away,22783,0,1,in squad,21,,False,0,0,0,0,0,0,0,,,,0,0
1014223,Sam Taylor,2026-08-08T14:00:00+00:00,2026,CNAT,5,False,4940054,1,2962,home,2793,1,3,not in squad,,,False,0,0,0,0,0,0,0,,,,0,0
719682,Kieran Offord,2026-08-08T14:00:00+00:00,2026,NIR1,1,False,4916757,1,3471,home,15244,0,3,played,9,0,False,74,0,0,0,0,0,0,,,74,0,0
719682,Kieran Offord,2026-07-16T18:45:00+00:00,2026,ECLQ,10,False,4897256,2,3471,home,22783,2,2,played,9,14,False,45,1,0,0,0,0,0,,46,,0,0
719682,Kieran Offord,2026-07-09T16:00:00+00:00,2026,ECLQ,10,False,4897230,1,3471,away,22783,0,1,played,9,14,False,19,0,0,0,0,0,0,,71,,0,0
949126,Rhys Annett,2026-08-08T14:00:00+00:00,2026,NIR1,1,False,4916757,1,3471,home,15244,0,3,not in squad,,,False,0,0,0,0,0,0,0,,,,0,0
949126,Rhys Annett,2026-07-16T18:45:00+00:00,2026,ECLQ,10,False,4897256,2,3471,home,22783,2,2,not in squad,,,False,0,0,0,0,0,0,0,,,,0,0
949126,Rhys Annett,2026-07-09T16:00:00+00:00,2026,ECLQ,10,False,4897230,1,3471,away,22783,0,1,not in squad,,,False,0,0,0,0,0,0,0,,,,0,0
356621,Adam Frizzell,2026-08-08T14:00:00+00:00,2026,NIR1,1,False,4916757,1,3471,home,15244,0,3,played,10,0,False,63,0,0,0,0,0,0,,,63,0,0
356621,Adam Frizzell,2026-07-16T18:45:00+00:00,2026,ECLQ,10,False,4897256,2,3471,home,22783,2,2,played,10,10,False,45,0,1,0,0,0,0,,,46,0,0
356621,Adam Frizzell,2026-07-09T16:00:00+00:00,2026,ECLQ,10,False,4897230,1,3471,away,22783,0,1,played,10,11,False,71,0,0,0,0,0,0,,,71,0,0
599594,Matty Yates,2026-08-08T14:00:00+00:00,2026,SC3,3,False,4910639,2,2802,home,28457,1,1,played,10,14,False,72,0,0,1,0,1,0,26,,72,0,0
599594,Matty Yates,2026-08-01T14:00:00+00:00,2026,SC3,3,False,4910630,1,2802,away,8933,0,0,played,10,14,False,90,0,0,1,0,1,0,,,,0,0
599594,Matty Yates,2026-07-25T14:00:00+00:00,2026,SCP,14,False,4891676,5,2802,home,2759,0,3,played,10,14,False,58,0,0,2,1,0,1,,,58,0,0
599594,Matty Yates,2026-07-18T14:00:00+00:00,2026,SCP,14,False,4891650,3,2802,home,3015,3,0,played,10,14,False,88,0,0,3,1,0,2,,,88,0,0
599594,Matty Yates,2026-07-14T18:45:00+00:00,2026,SCP,14,False,4891635,2,2802,away,2575,0,1,played,10,14,False,85,0,0,3,1,2,0,,,85,0,0
599594,Matty Yates,2026-07-11T14:00:00+00:00,2026,SCP,14,False,4891615,1,2802,away,511,2,4,played,10,14,False,83,0,0,1,0,1,0,,,83,0,0
1093323,Charlie Chapman,2026-08-08T14:00:00+00:00,2026,NIR1,1,False,4916757,1,3471,home,15244,0,3,played,66,0,False,16,0,0,0,0,0,0,,74,,0,0
1093323,Charlie Chapman,2026-07-16T18:45:00+00:00,2026,ECLQ,10,False,4897256,2,3471,home,22783,2,2,in squad,66,,False,0,0,0,0,0,0,0,,,,0,0
1093323,Charlie Chapman,2026-07-09T16:00:00+00:00,2026,ECLQ,10,False,4897230,1,3471,away,22783,0,1,in squad,23,,False,0,0,0,0,0,0,0,,,,0,0
967502,Aidan Glavin,2026-08-08T14:00:00+00:00,2026,NIR1,1,False,4916757,1,3471,home,15244,0,3,in squad,18,,False,0,0,0,0,0,0,0,,,,0,0
967502,Aidan Glavin,2026-07-16T18:45:00+00:00,2026,ECLQ,10,False,4897256,2,3471,home,22783,2,2,in squad,18,,False,0,0,0,0,0,0,0,,,,0,0
967502,Aidan Glavin,2026-07-09T16:00:00+00:00,2026,ECLQ,10,False,4897230,1,3471,away,22783,0,1,in squad,18,,False,0,0,0,0,0,0,0,,,,0,0
385396,Ryan Nolan,2026-08-08T14:00:00+00:00,2026,NIR1,1,False,4916757,1,3471,home,15244,0,3,played,4,0,False,63,0,0,0,0,0,0,,,63,0,0
385396,Ryan Nolan,2026-07-16T18:45:00+00:00,2026,ECLQ,10,False,4897256,2,3471,home,22783,2,2,played,4,3,False,90,0,0,0,0,0,0,65,,,0,0
385396,Ryan Nolan,2026-07-09T16:00:00+00:00,2026,ECLQ,10,False,4897230,1,3471,away,22783,0,1,played,4,3,False,90,0,0,0,0,0,0,,,,0,0
867706,Kobei Moore,2026-08-08T14:00:00+00:00,2026,NIR1,1,False,4916757,1,3471,home,15244,0,3,played,30,0,False,27,0,0,0,0,0,0,,63,,0,0
867706,Kobei Moore,2026-07-16T18:45:00+00:00,2026,ECLQ,10,False,4897256,2,3471,home,22783,2,2,in squad,30,,False,0,0,0,0,0,0,0,,,,0,0
867706,Kobei Moore,2026-07-09T16:00:00+00:00,2026,ECLQ,10,False,4897230,1,3471,away,22783,0,1,in squad,20,,False,0,0,0,0,0,0,0,,,,0,0
975843,Dylan Wells,2026-08-08T14:00:00+00:00,2026,NIR1,1,False,4916757,1,3471,home,15244,0,3,played,16,0,False,27,0,0,0,0,0,0,,63,,0,0
975843,Dylan Wells,2026-07-16T18:45:00+00:00,2026,ECLQ,10,False,4897256,2,3471,home,22783,2,2,played,16,11,False,45,0,0,0,0,0,0,,,46,0,0
975843,Dylan Wells,2026-07-09T16:00:00+00:00,2026,ECLQ,10,False,4897230,1,3471,away,22783,0,1,played,16,12,False,28,0,0,0,0,0,0,,62,,0,0
1121197,Jack Hastings,2026-08-08T14:00:00+00:00,2026,NIR1,1,False,4916758,1,8714,home,5594,1,0,in squad,23,,False,0,0,0,0,0,0,0,,,,0,0
198123,Andrew Mills,2026-08-08T14:00:00+00:00,2026,NIR1,1,False,4916760,1,9026,home,15250,2,0,not in squad,,,False,0,0,0,0,0,0,0,,,,0,0
198123,Andrew Mills,2026-07-16T16:30:00+00:00,2026,ECLQ,10,False,4897268,2,9026,away,33783,0,2,in squad,1,,False,0,0,0,0,0,0,0,,,,0,0
198123,Andrew Mills,2026-07-09T18:30:00+00:00,2026,ECLQ,10,False,4897242,1,9026,home,33783,1,2,in squad,1,,False,0,0,0,0,0,0,0,,,,0,0
186589,Andy Ryan,2026-08-08T14:00:00+00:00,2026,SC3,3,False,4910641,2,2999,home,3020,1,0,played,29,0,False,38,0,0,1,1,0,0,,52,,0,0
186589,Andy Ryan,2026-08-01T14:00:00+00:00,2026,SC3,3,False,4910632,1,2999,away,3030,5,0,played,29,0,False,33,0,1,1,1,0,0,,57,,0,0
186589,Andy Ryan,2026-07-25T14:00:00+00:00,2026,SCP,14,False,4891684,5,2999,home,3028,5,0,played,29,0,False,19,1,0,1,1,0,0,,71,,0,0
186589,Andy Ryan,2026-07-21T18:45:00+00:00,2026,SCP,14,False,4891670,4,2999,away,2553,0,1,not in squad,,,False,0,0,0,0,0,0,0,,,,0,0
186589,Andy Ryan,2026-07-18T14:00:00+00:00,2026,SCP,14,False,4891657,3,2999,home,2795,6,5,not in squad,,,False,0,0,0,0,0,0,0,,,,0,0
186589,Andy Ryan,2026-07-11T14:00:00+00:00,2026,SCP,14,False,4891622,1,2999,away,3032,1,0,in squad,29,,False,0,0,0,0,0,0,0,,,,0,0
1475351,Jack Watt,2026-08-08T14:00:00+00:00,2026,NIR1,1,False,4916760,1,9026,home,15250,2,0,in squad,32,,False,0,0,0,0,0,0,0,,,,0,0
536794,Billy Crellin,2026-08-08T14:00:00+00:00,2026,NIR1,1,False,4916760,1,9026,home,15250,2,0,played,31,0,False,90,0,0,0,0,0,0,,,,0,0
536794,Billy Crellin,2026-07-16T16:30:00+00:00,2026,ECLQ,10,False,4897268,2,9026,away,33783,0,2,played,31,1,False,90,0,0,0,0,0,0,,,,0,0
536794,Billy Crellin,2026-07-09T18:30:00+00:00,2026,ECLQ,10,False,4897242,1,9026,home,33783,1,2,played,31,1,False,90,0,0,0,0,0,0,,,,0,0
478014,Ryan Cooney,2026-08-08T14:00:00+00:00,2026,NIR1,1,False,4916760,1,9026,home,15250,2,0,played,2,0,False,90,0,1,0,0,0,0,,,,0,0
478014,Ryan Cooney,2026-07-16T16:30:00+00:00,2026,ECLQ,10,False,4897268,2,9026,away,33783,0,2,played,2,5,False,90,0,0,0,0,0,0,,,,0,0
478014,Ryan Cooney,2026-07-09T18:30:00+00:00,2026,ECLQ,10,False,4897242,1,9026,home,33783,1,2,played,2,5,False,90,0,1,0,0,0,0,59,,,0,0
237301,James Singleton,2026-08-08T14:00:00+00:00,2026,NIR1,1,False,4916760,1,9026,home,15250,2,0,played,27,0,False,90,0,0,0,0,0,0,,,,0,0
237301,James Singleton,2026-07-16T16:30:00+00:00,2026,ECLQ,10,False,4897268,2,9026,away,33783,0,2,played,27,4,True,90,0,0,0,0,0,0,77,,,0,0
237301,James Singleton,2026-07-09T18:30:00+00:00,2026,ECLQ,10,False,4897242,1,9026,home,33783,1,2,played,27,4,True,90,0,0,0,0,0,0,,,,0,0
266786,Jarlath O'Rourke,2026-08-08T14:00:00+00:00,2026,NIR1,1,False,4916760,1,9026,home,15250,2,0,not in squad,,,False,0,0,0,0,0,0,0,,,,0,0
266786,Jarlath O'Rourke,2026-07-16T16:30:00+00:00,2026,ECLQ,10,False,4897268,2,9026,away,33783,0,2,not in squad,,,False,0,0,0,0,0,0,0,,,,0,0
266786,Jarlath O'Rourke,2026-07-09T18:30:00+00:00,2026,ECLQ,10,False,4897242,1,9026,home,33783,1,2,not in squad,,,False,0,0,0,0,0,0,0,,,,0,0
500173,Daniel Larmour,2026-08-08T14:00:00+00:00,2026,NIR1,1,False,4916760,1,9026,home,15250,2,0,in squad,20,,False,0,0,0,0,0,0,0,,,,0,0
500173,Daniel Larmour,2026-07-16T16:30:00+00:00,2026,ECLQ,10,False,4897268,2,9026,away,33783,0,2,played,20,3,False,11,0,0,0,0,0,0,,,11,0,0
500173,Daniel Larmour,2026-07-09T18:30:00+00:00,2026,ECLQ,10,False,4897242,1,9026,home,33783,1,2,played,20,3,False,90,0,0,0,0,0,0,,,,0,0
148552,Marcus Kane,2026-08-08T14:00:00+00:00,2026,NIR1,1,False,4916760,1,9026,home,15250,2,0,played,3,0,False,90,0,0,0,0,0,0,,,,0,0
148552,Marcus Kane,2026-07-16T16:30:00+00:00,2026,ECLQ,10,False,4897268,2,9026,away,33783,0,2,played,3,3,False,79,0,0,0,0,0,0,63,11,,0,0
148552,Marcus Kane,2026-07-09T18:30:00+00:00,2026,ECLQ,10,False,4897242,1,9026,home,33783,1,2,in squad,3,,False,0,0,0,0,0,0,0,,,,0,0
1245838,Ciaran Rogers-Duffy,2026-08-08T14:00:00+00:00,2026,NIR1,1,False,4916760,1,9026,home,15250,2,0,not in squad,,,False,0,0,0,0,0,0,0,,,,0,0
1245838,Ciaran Rogers-Duffy,2026-07-16T16:30:00+00:00,2026,ECLQ,10,False,4897268,2,9026,away,33783,0,2,not in squad,,,False,0,0,0,0,0,0,0,,,,0,0
1245838,Ciaran Rogers-Duffy,2026-07-09T18:30:00+00:00,2026,ECLQ,10,False,4897242,1,9026,home,33783,1,2,in squad,41,,False,0,0,0,0,0,0,0,,,,0,0
655177,Zeno Ibsen Rossi,2026-08-08T14:00:00+00:00,2026,NIR1,1,False,4916760,1,9026,home,15250,2,0,played,4,0,False,90,0,0,0,0,0,0,,,,0,0
655177,Zeno Ibsen Rossi,2026-07-16T16:30:00+00:00,2026,ECLQ,10,False,4897268,2,9026,away,33783,0,2,played,4,3,False,90,0,0,0,0,0,0,22,,,0,0
655177,Zeno Ibsen Rossi,2026-07-09T18:30:00+00:00,2026,ECLQ,10,False,4897242,1,9026,home,33783,1,2,played,4,3,False,90,1,0,0,0,0,0,,,,0,0
167264,Aaron McEneff,2026-08-08T14:00:00+00:00,2026,NIR1,1,False,4916760,1,9026,home,15250,2,0,played,8,0,False,90,0,0,0,0,0,0,,,,0,0
167264,Aaron McEneff,2026-07-16T16:30:00+00:00,2026,ECLQ,10,False,4897268,2,9026,away,33783,0,2,played,8,10,False,90,0,0,0,0,0,0,,,,0,0
167264,Aaron McEneff,2026-07-09T18:30:00+00:00,2026,ECLQ,10,False,4897242,1,9026,home,33783,1,2,played,8,10,False,90,0,0,0,0,0,0,,,,0,0
285544,Jordan Stewart,2026-08-08T14:00:00+00:00,2026,NIR1,1,False,4916760,1,9026,home,15250,2,0,played,10,0,False,32,1,0,0,0,0,0,,58,,0,0
285544,Jordan Stewart,2026-07-16T16:30:00+00:00,2026,ECLQ,10,False,4897268,2,9026,away,33783,0,2,played,10,11,False,72,0,0,0,0,0,0,,,72,0,0
285544,Jordan Stewart,2026-07-09T18:30:00+00:00,2026,ECLQ,10,False,4897242,1,9026,home,33783,1,2,played,10,9,False,15,0,0,0,0,0,0,90,75,,0,0
297241,Liam Burt,2026-08-08T14:00:00+00:00,2026,NIR1,1,False,4916760,1,9026,home,15250,2,0,not in squad,,,False,0,0,0,0,0,0,0,,,,0,0
297241,Liam Burt,2026-07-16T16:30:00+00:00,2026,ECLQ,10,False,4897268,2,9026,away,33783,0,2,not in squad,,,False,0,0,0,0,0,0,0,,,,0,0
297241,Liam Burt,2026-07-09T18:30:00+00:00,2026,ECLQ,10,False,4897242,1,9026,home,33783,1,2,not in squad,,,False,0,0,0,0,0,0,0,,,,0,0
246066,Joe Thomson,2026-08-08T14:00:00+00:00,2026,NIR1,1,False,4916760,1,9026,home,15250,2,0,played,6,0,False,90,0,0,0,0,0,0,,,,0,0
246066,Joe Thomson,2026-07-16T16:30:00+00:00,2026,ECLQ,10,False,4897268,2,9026,away,33783,0,2,played,6,7,False,90,0,0,0,0,0,0,,,,0,0
246066,Joe Thomson,2026-07-09T18:30:00+00:00,2026,ECLQ,10,False,4897242,1,9026,home,33783,1,2,played,6,8,False,90,0,0,0,0,0,0,,,,0,0
1057814,James Douglas,2026-08-08T14:00:00+00:00,2026,NIR1,1,False,4916760,1,9026,home,15250,2,0,not in squad,,,False,0,0,0,0,0,0,0,,,,0,0
1057814,James Douglas,2026-07-16T16:30:00+00:00,2026,ECLQ,10,False,4897268,2,9026,away,33783,0,2,in squad,44,,False,0,0,0,0,0,0,0,,,,0,0
1057814,James Douglas,2026-07-09T18:30:00+00:00,2026,ECLQ,10,False,4897242,1,9026,home,33783,1,2,in squad,44,,False,0,0,0,0,0,0,0,,,,0,0
1490864,Reece Bell,2026-08-08T14:00:00+00:00,2026,NIR1,1,False,4916760,1,9026,home,15250,2,0,not in squad,,,False,0,0,0,0,0,0,0,,,,0,0
326500,Greg Sloggett,2026-08-08T14:00:00+00:00,2026,NIR1,1,False,4916760,1,9026,home,15250,2,0,not in squad,,,False,0,0,0,0,0,0,0,,,,0,0
326500,Greg Sloggett,2026-07-16T16:30:00+00:00,2026,ECLQ,10,False,4897268,2,9026,away,33783,0,2,in squad,12,,False,0,0,0,0,0,0,0,,,,0,0
326500,Greg Sloggett,2026-07-09T18:30:00+00:00,2026,ECLQ,10,False,4897242,1,9026,home,33783,1,2,not in squad,,,False,0,0,0,0,0,0,0,,,,0,0
1190698,Jack Faloona,2026-08-08T14:00:00+00:00,2026,NIR1,1,False,4916760,1,9026,home,15250,2,0,in squad,38,,False,0,0,0,0,0,0,0,,,,0,0
1190698,Jack Faloona,2026-07-09T18:30:00+00:00,2026,ECLQ,10,False,4897242,1,9026,home,33783,1,2,in squad,38,,False,0,0,0,0,0,0,0,,,,0,0
158951,Pat Hoban,2026-08-08T14:00:00+00:00,2026,NIR1,1,False,4916760,1,9026,home,15250,2,0,played,9,0,False,90,1,0,0,0,0,0,,,,0,0
158951,Pat Hoban,2026-07-16T16:30:00+00:00,2026,ECLQ,10,False,4897268,2,9026,away,33783,0,2,played,9,14,False,90,0,0,0,0,0,0,,,,0,0
158951,Pat Hoban,2026-07-09T18:30:00+00:00,2026,ECLQ,10,False,4897242,1,9026,home,33783,1,2,played,9,14,False,90,0,0,0,0,0,0,40,,,0,0
483666,Jordan Jenkins,2026-08-08T14:00:00+00:00,2026,NIR1,1,False,4916760,1,9026,home,15250,2,0,played,30,0,False,58,0,0,0,0,0,0,,,58,0,0
483666,Jordan Jenkins,2026-07-16T16:30:00+00:00,2026,ECLQ,10,False,4897268,2,9026,away,33783,0,2,played,30,0,False,33,0,0,0,0,0,0,,57,,0,0
483666,Jordan Jenkins,2026-07-09T18:30:00+00:00,2026,ECLQ,10,False,4897242,1,9026,home,33783,1,2,played,30,11,False,75,0,0,0,0,0,0,,,75,0,0
630807,Ben Gallagher,2026-08-08T14:00:00+00:00,2026,NIR1,1,False,4916760,1,9026,home,15250,2,0,in squad,19,,False,0,0,0,0,0,0,0,,,,0,0
630807,Ben Gallagher,2026-07-16T16:30:00+00:00,2026,ECLQ,10,False,4897268,2,9026,away,33783,0,2,in squad,19,,False,0,0,0,0,0,0,0,,,,0,0
630807,Ben Gallagher,2026-07-09T18:30:00+00:00,2026,ECLQ,10,False,4897242,1,9026,home,33783,1,2,not in squad,,,False,0,0,0,0,0,0,0,,,,0,0
263806,Joshua Daniels,2026-08-08T14:00:00+00:00,2026,NIR1,1,False,4916760,1,9026,home,15250,2,0,not in squad,,,False,0,0,0,0,0,0,0,,,,0,0
263806,Joshua Daniels,2026-07-16T16:30:00+00:00,2026,ECLQ,10,False,4897268,2,9026,away,33783,0,2,played,11,0,False,18,0,0,0,0,0,0,,72,,0,0
263806,Joshua Daniels,2026-07-09T18:30:00+00:00,2026,ECLQ,10,False,4897242,1,9026,home,33783,1,2,in squad,11,,False,0,0,0,0,0,0,0,,,,0,0
500162,Josh Kelly,2026-08-08T14:00:00+00:00,2026,NIR1,1,False,4916760,1,9026,home,15250,2,0,played,5,0,False,19,0,0,0,0,0,0,,71,,0,0
500162,Josh Kelly,2026-07-16T16:30:00+00:00,2026,ECLQ,10,False,4897268,2,9026,away,33783,0,2,played,5,0,False,18,0,0,0,0,0,0,78,72,,0,0
500162,Josh Kelly,2026-07-09T18:30:00+00:00,2026,ECLQ,10,False,4897242,1,9026,home,33783,1,2,played,5,6,False,64,0,0,0,0,0,0,,,64,0,0
223641,Ross Clarke,2026-08-08T14:00:00+00:00,2026,NIR1,1,False,4916760,1,9026,home,15250,2,0,played,7,0,False,71,0,0,0,0,0,0,48,,71,0,0
223641,Ross Clarke,2026-07-16T16:30:00+00:00,2026,ECLQ,10,False,4897268,2,9026,away,33783,0,2,played,7,12,False,57,0,0,0,0,0,0,,,57,0,0
223641,Ross Clarke,2026-07-09T18:30:00+00:00,2026,ECLQ,10,False,4897242,1,9026,home,33783,1,2,played,7,12,False,26,0,0,0,0,0,0,,64,,0,0
1260082,Cal Weatherup,2026-08-08T14:00:00+00:00,2026,NIR1,1,False,4916760,1,9026,home,15250,2,0,played,35,0,False,1,0,0,0,0,0,0,,90,,0,0
1260082,Cal Weatherup,2026-07-16T16:30:00+00:00,2026,ECLQ,10,False,4897268,2,9026,away,33783,0,2,in squad,35,,False,0,0,0,0,0,0,0,,,,0,0
1260082,Cal Weatherup,2026-07-09T18:30:00+00:00,2026,ECLQ,10,False,4897242,1,9026,home,33783,1,2,in squad,35,,False,0,0,0,0,0,0,0,,,,0,0
1055348,Rhys Walsh,2026-08-08T14:00:00+00:00,2026,NIR1,1,False,4916760,1,9026,home,15250,2,0,not in squad,,,False,0,0,0,0,0,0,0,,,,0,0
1055348,Rhys Walsh,2026-07-16T16:30:00+00:00,2026,ECLQ,10,False,4897268,2,9026,away,33783,0,2,in squad,23,,False,0,0,0,0,0,0,0,,,,0,0
1055348,Rhys Walsh,2026-07-09T18:30:00+00:00,2026,ECLQ,10,False,4897242,1,9026,home,33783,1,2,in squad,23,,False,0,0,0,0,0,0,0,,,,0,0
1190686,Zak Robinson,2026-08-08T14:00:00+00:00,2026,NIR1,1,False,4916759,1,3831,away,21515,3,1,in squad,31,,False,0,0,0,0,0,0,0,,,,0,0
1190686,Zak Robinson,2026-07-30T18:45:00+00:00,2026,ECLQ,10,False,4897998,4,3831,home,1008,0,3,in squad,31,,False,0,0,0,0,0,0,0,,,,0,0
1190686,Zak Robinson,2026-07-23T16:00:00+00:00,2026,ECLQ,10,False,4897961,3,3831,away,1008,0,5,in squad,31,,False,0,0,0,0,0,0,0,,,,0,0
696749,Lewis Webb,2026-08-08T14:00:00+00:00,2026,NIR1,1,False,4916759,1,3831,away,21515,3,1,played,12,1,False,90,0,0,0,0,0,0,,,,0,0
696749,Lewis Webb,2026-07-30T18:45:00+00:00,2026,ECLQ,10,False,4897998,4,3831,home,1008,0,3,played,12,1,False,90,0,0,0,0,0,0,,,,0,0
696749,Lewis Webb,2026-07-23T16:00:00+00:00,2026,ECLQ,10,False,4897961,3,3831,away,1008,0,5,in squad,12,,False,0,0,0,0,0,0,0,,,,0,0
696749,Lewis Webb,2026-07-03T18:45:00+00:00,2026,NSC,9,False,4913069,1,3831,away,3461,2,3,played,12,1,False,90,0,0,0,0,0,0,,,,0,0
495441,Ryan Schofield,2026-08-08T14:00:00+00:00,2026,NIR1,1,False,4916759,1,3831,away,21515,3,1,injured,,,False,0,0,0,0,0,0,0,,,,308,0
495441,Ryan Schofield,2026-07-30T18:45:00+00:00,2026,ECLQ,10,False,4897998,4,3831,home,1008,0,3,injured,,,False,0,0,0,0,0,0,0,,,,308,0
495441,Ryan Schofield,2026-07-23T16:00:00+00:00,2026,ECLQ,10,False,4897961,3,3831,away,1008,0,5,played,1,1,False,90,0,0,0,0,0,0,,,,0,0
495441,Ryan Schofield,2026-07-03T18:45:00+00:00,2026,NSC,9,False,4913069,1,3831,away,3461,2,3,in squad,1,,False,0,0,0,0,0,0,0,,,,0,0
624260,Cameron Stewart,2026-08-08T14:00:00+00:00,2026,NIR1,1,False,4916759,1,3831,away,21515,3,1,played,5,3,False,45,0,0,0,0,0,0,,,45,0,0
624260,Cameron Stewart,2026-07-30T18:45:00+00:00,2026,ECLQ,10,False,4897998,4,3831,home,1008,0,3,not in squad,,,False,0,0,0,0,0,0,0,,,,0,0
624260,Cameron Stewart,2026-07-23T16:00:00+00:00,2026,ECLQ,10,False,4897961,3,3831,away,1008,0,5,not in squad,,,False,0,0,0,0,0,0,0,,,,0,0
624260,Cameron Stewart,2026-07-03T18:45:00+00:00,2026,NSC,9,False,4913069,1,3831,away,3461,2,3,played,20,3,False,90,0,0,0,0,0,0,,,,0,0
321143,Levi Ives,2026-08-08T14:00:00+00:00,2026,NIR1,1,False,4916759,1,3831,away,21515,3,1,played,15,0,False,5,0,0,0,0,0,0,,85,,0,0
321143,Levi Ives,2026-07-30T18:45:00+00:00,2026,ECLQ,10,False,4897998,4,3831,home,1008,0,3,played,15,3,False,45,0,0,0,0,0,0,,46,,0,0
321143,Levi Ives,2026-07-23T16:00:00+00:00,2026,ECLQ,10,False,4897961,3,3831,away,1008,0,5,played,15,3,False,52,0,0,0,0,0,0,,,52,0,0
321143,Levi Ives,2026-07-03T18:45:00+00:00,2026,NSC,9,False,4913069,1,3831,away,3461,2,3,not in squad,,,False,0,0,0,0,0,0,0,,,,0,0
453993,Ben Doherty,2026-08-08T14:00:00+00:00,2026,NIR1,1,False,4916759,1,3831,away,21515,3,1,played,23,4,False,90,1,1,0,0,0,0,,,,0,0
453993,Ben Doherty,2026-07-30T18:45:00+00:00,2026,ECLQ,10,False,4897998,4,3831,home,1008,0,3,played,23,4,False,90,0,0,0,0,0,0,,,,0,0
453993,Ben Doherty,2026-07-23T16:00:00+00:00,2026,ECLQ,10,False,4897961,3,3831,away,1008,0,5,played,23,9,False,90,0,0,0,0,0,0,,,,0,0
453993,Ben Doherty,2026-07-03T18:45:00+00:00,2026,NSC,9,False,4913069,1,3831,away,3461,2,3,played,23,4,False,90,0,0,0,0,0,0,,,,0,0
683665,Rob Slevin,2026-08-08T14:00:00+00:00,2026,NIR1,1,False,4916759,1,3831,away,21515,3,1,played,19,3,False,90,0,0,0,0,0,0,,,,0,0
683665,Rob Slevin,2026-07-30T17:30:00+00:00,2026,ECLQ,10,False,4897995,4,920,home,144,0,1,in squad,6,,False,0,0,0,0,0,0,0,,,,0,0
683665,Rob Slevin,2026-07-23T18:45:00+00:00,2026,ECLQ,10,False,4897958,3,920,away,144,0,1,in squad,6,,False,0,0,0,0,0,0,0,,,,0,0
683665,Rob Slevin,2026-07-16T17:30:00+00:00,2026,ELQ,10,False,4897222,2,920,home,208,1,2,in squad,6,,False,0,0,0,0,0,0,0,,,,0,0
683665,Rob Slevin,2026-07-09T18:00:00+00:00,2026,ELQ,10,False,4897216,1,920,away,208,2,3,played,6,4,False,83,0,0,0,0,0,0,,,83,0,0
341679,Lyndon Kane,2026-08-08T14:00:00+00:00,2026,NIR1,1,False,4916759,1,3831,away,21515,3,1,played,2,5,False,90,0,0,0,0,0,0,,,,0,0
341679,Lyndon Kane,2026-07-30T18:45:00+00:00,2026,ECLQ,10,False,4897998,4,3831,home,1008,0,3,played,2,5,False,90,0,0,0,0,0,0,,,,0,0
341679,Lyndon Kane,2026-07-23T16:00:00+00:00,2026,ECLQ,10,False,4897961,3,3831,away,1008,0,5,played,2,8,False,90,0,0,0,0,0,0,,,,0,0
341679,Lyndon Kane,2026-07-03T18:45:00+00:00,2026,NSC,9,False,4913069,1,3831,away,3461,2,3,played,2,5,True,90,0,0,0,0,0,0,,,,0,0
291127,Kodi Lyons-Foster,2026-08-08T14:00:00+00:00,2026,NIR1,1,False,4916759,1,3831,away,21515,3,1,not in squad,,,False,0,0,0,0,0,0,0,,,,0,0
291127,Kodi Lyons-Foster,2026-07-30T18:45:00+00:00,2026,ECLQ,10,False,4897998,4,3831,home,1008,0,3,in squad,6,,False,0,0,0,0,0,0,0,,,,0,0
291127,Kodi Lyons-Foster,2026-07-23T16:00:00+00:00,2026,ECLQ,10,False,4897961,3,3831,away,1008,0,5,played,6,3,False,68,0,0,0,0,0,0,,22,,0,0
291127,Kodi Lyons-Foster,2026-07-03T18:45:00+00:00,2026,NSC,9,False,4913069,1,3831,away,3461,2,3,in squad,6,,False,0,0,0,0,0,0,0,,,,0,0
99479,Dean Jarvis,2026-08-08T14:00:00+00:00,2026,NIR1,1,False,4916759,1,3831,away,21515,3,1,played,3,0,False,5,0,0,0,0,0,0,,85,,0,0
99479,Dean Jarvis,2026-07-30T18:45:00+00:00,2026,ECLQ,10,False,4897998,4,3831,home,1008,0,3,played,3,3,False,45,0,0,0,0,0,0,,,46,0,0
99479,Dean Jarvis,2026-07-23T16:00:00+00:00,2026,ECLQ,10,False,4897961,3,3831,away,1008,0,5,played,3,3,False,38,0,0,0,0,0,0,,52,,0,0
99479,Dean Jarvis,2026-07-03T18:45:00+00:00,2026,NSC,9,False,4913069,1,3831,away,3461,2,3,played,3,3,False,90,0,0,0,0,0,0,66,,,0,0
1395769,Conrad Hunt,2026-08-08T14:00:00+00:00,2026,NIR1,1,False,4916759,1,3831,away,21515,3,1,not in squad,,,False,0,0,0,0,0,0,0,,,,0,0
1395769,Conrad Hunt,2026-07-30T18:45:00+00:00,2026,ECLQ,10,False,4897998,4,3831,home,1008,0,3,in squad,26,,False,0,0,0,0,0,0,0,,,,0,0
1395769,Conrad Hunt,2026-07-23T16:00:00+00:00,2026,ECLQ,10,False,4897961,3,3831,away,1008,0,5,in squad,26,,False,0,0,0,0,0,0,0,,,,0,0
297277,Aidan Wilson,2026-08-08T14:00:00+00:00,2026,NIR1,1,False,4916759,1,3831,away,21515,3,1,not in squad,,,False,0,0,0,0,0,0,0,,,,0,0
297277,Aidan Wilson,2026-07-30T18:45:00+00:00,2026,ECLQ,10,False,4897998,4,3831,home,1008,0,3,not in squad,,,False,0,0,0,0,0,0,0,,,,0,0
297277,Aidan Wilson,2026-07-23T16:00:00+00:00,2026,ECLQ,10,False,4897961,3,3831,away,1008,0,5,played,16,3,False,22,0,0,0,0,0,0,,,22,0,0
297277,Aidan Wilson,2026-07-03T18:45:00+00:00,2026,NSC,9,False,4913069,1,3831,away,3461,2,3,not in squad,,,False,0,0,0,0,0,0,0,,,,0,0
515543,Dylan Boyle,2026-08-08T14:00:00+00:00,2026,NIR1,1,False,4916759,1,3831,away,21515,3,1,played,4,6,False,90,0,0,0,0,0,0,,,,0,0
515543,Dylan Boyle,2026-07-30T18:45:00+00:00,2026,ECLQ,10,False,4897998,4,3831,home,1008,0,3,played,4,6,False,90,0,0,0,0,0,0,,,,0,0
515543,Dylan Boyle,2026-07-23T16:00:00+00:00,2026,ECLQ,10,False,4897961,3,3831,away,1008,0,5,played,4,6,False,90,0,0,0,0,0,0,,,,0,0
515543,Dylan Boyle,2026-07-03T18:45:00+00:00,2026,NSC,9,False,4913069,1,3831,away,3461,2,3,played,4,6,False,90,0,0,0,0,0,0,59,,,0,0
531543,Rowan McDonald,2026-08-08T14:00:00+00:00,2026,NIR1,1,False,4916759,1,3831,away,21515,3,1,played,21,0,False,85,0,0,0,0,0,0,,,85,0,0
531543,Rowan McDonald,2026-07-30T18:45:00+00:00,2026,ECLQ,10,False,4897998,4,3831,home,1008,0,3,played,21,3,False,90,0,0,0,0,0,0,,,,0,0
531543,Rowan McDonald,2026-07-23T16:00:00+00:00,2026,ECLQ,10,False,4897961,3,3831,away,1008,0,5,played,21,6,False,90,0,0,0,0,0,0,,,,0,0
531543,Rowan McDonald,2026-07-03T18:45:00+00:00,2026,NSC,9,False,4913069,1,3831,away,3461,2,3,played,21,6,False,81,0,0,0,0,0,0,,,81,0,0
515547,Ben Wylie,2026-08-08T14:00:00+00:00,2026,NIR1,1,False,4916759,1,3831,away,21515,3,1,not in squad,,,False,0,0,0,0,0,0,0,,,,0,0
515547,Ben Wylie,2026-07-30T18:45:00+00:00,2026,ECLQ,10,False,4897998,4,3831,home,1008,0,3,played,22,9,False,90,0,0,0,0,0,0,,,,0,0
515547,Ben Wylie,2026-07-23T16:00:00+00:00,2026,ECLQ,10,False,4897961,3,3831,away,1008,0,5,played,22,10,False,90,0,0,0,0,0,0,,,,0,0
515547,Ben Wylie,2026-07-03T18:45:00+00:00,2026,NSC,9,False,4913069,1,3831,away,3461,2,3,played,22,7,False,9,0,0,0,0,0,0,,81,,0,0
314297,Will Patching,2026-08-08T14:00:00+00:00,2026,NIR1,1,False,4916759,1,3831,away,21515,3,1,played,8,0,False,85,0,1,0,0,0,0,75,,85,0,0
314297,Will Patching,2026-07-30T18:45:00+00:00,2026,ECLQ,10,False,4897998,4,3831,home,1008,0,3,played,8,7,False,65,0,0,0,0,0,0,,,65,0,0
314297,Will Patching,2026-07-23T16:00:00+00:00,2026,ECLQ,10,False,4897961,3,3831,away,1008,0,5,played,8,10,False,37,0,0,0,0,0,0,,53,,0,0
314297,Will Patching,2026-07-03T18:45:00+00:00,2026,NSC,9,False,4913069,1,3831,away,3461,2,3,not in squad,,,False,0,0,0,0,0,0,0,,,,0,0
343599,Mark Coyle,2026-08-08T14:00:00+00:00,2026,NIR1,1,False,4916759,1,3831,away,21515,3,1,injured,,,False,0,0,0,0,0,0,0,,,,1,0
343599,Mark Coyle,2026-07-30T18:45:00+00:00,2026,ECLQ,10,False,4897998,4,3831,home,1008,0,3,injured,,,False,0,0,0,0,0,0,0,,,,1,0
343599,Mark Coyle,2026-07-23T16:00:00+00:00,2026,ECLQ,10,False,4897961,3,3831,away,1008,0,5,played,14,3,True,53,0,0,0,0,0,0,,,53,0,0
343599,Mark Coyle,2026-07-03T18:45:00+00:00,2026,NSC,9,False,4913069,1,3831,away,3461,2,3,not in squad,,,False,0,0,0,0,0,0,0,,,,0,0
1068855,Senan Devine,2026-08-08T14:00:00+00:00,2026,NIR1,1,False,4916759,1,3831,away,21515,3,1,played,20,0,False,71,0,0,0,0,0,0,,,71,0,0
1068855,Senan Devine,2026-07-30T18:45:00+00:00,2026,ECLQ,10,False,4897998,4,3831,home,1008,0,3,played,20,8,False,65,0,0,0,0,0,0,,,65,0,0
1068855,Senan Devine,2026-07-23T16:00:00+00:00,2026,ECLQ,10,False,4897961,3,3831,away,1008,0,5,in squad,20,,False,0,0,0,0,0,0,0,,,,0,0
1068855,Senan Devine,2026-07-03T18:45:00+00:00,2026,NSC,9,False,4913069,1,3831,away,3461,2,3,played,41,10,False,90,0,0,0,0,0,0,,,,0,0
347621,Matthew Shevlin,2026-08-08T14:00:00+00:00,2026,NIR1,1,False,4916759,1,3831,away,21515,3,1,played,9,14,False,90,1,0,0,0,0,0,,,,0,0
347621,Matthew Shevlin,2026-07-30T18:45:00+00:00,2026,ECLQ,10,False,4897998,4,3831,home,1008,0,3,played,9,14,False,56,0,0,0,0,0,0,,,56,0,0
347621,Matthew Shevlin,2026-07-23T16:00:00+00:00,2026,ECLQ,10,False,4897961,3,3831,away,1008,0,5,played,9,0,False,38,0,0,0,0,0,0,,52,,0,0
347621,Matthew Shevlin,2026-07-03T18:45:00+00:00,2026,NSC,9,False,4913069,1,3831,away,3461,2,3,played,9,14,False,90,0,0,0,0,0,0,,,,0,0
634666,Jay Henderson,2026-08-08T14:00:00+00:00,2026,NIR1,1,False,4916759,1,3831,away,21515,3,1,played,17,0,False,45,1,0,0,0,0,0,,45,,0,0
634666,Jay Henderson,2026-07-30T18:45:00+00:00,2026,ECLQ,10,False,4897998,4,3831,home,1008,0,3,played,17,11,False,25,0,0,0,0,0,0,,65,,0,0
634666,Jay Henderson,2026-07-23T16:00:00+00:00,2026,ECLQ,10,False,4897961,3,3831,away,1008,0,5,played,17,14,False,53,0,0,0,0,0,0,,,53,0,0
634666,Jay Henderson,2026-07-03T18:45:00+00:00,2026,NSC,9,False,4913069,1,3831,away,3461,2,3,played,17,11,False,90,0,0,0,0,0,0,,,,0,0
260100,Conor McMenamin,2026-08-08T14:00:00+00:00,2026,NIR1,1,False,4916759,1,3831,away,21515,3,1,in squad,24,,False,0,0,0,0,0,0,0,,,,0,0
260100,Conor McMenamin,2026-07-30T18:45:00+00:00,2026,ECLQ,10,False,4897998,4,3831,home,1008,0,3,played,24,14,False,34,0,0,0,0,0,0,,56,,0,0
260100,Conor McMenamin,2026-07-23T16:00:00+00:00,2026,ECLQ,10,False,4897961,3,3831,away,1008,0,5,played,24,14,False,52,0,0,0,0,0,0,,,52,0,0
260100,Conor McMenamin,2026-07-03T18:45:00+00:00,2026,NSC,9,False,4913069,1,3831,away,3461,2,3,not in squad,,,False,0,0,0,0,0,0,0,,,,0,0
333155,James Akintunde,2026-08-08T14:00:00+00:00,2026,NIR1,1,False,4916759,1,3831,away,21515,3,1,injured,,,False,0,0,0,0,0,0,0,,,,168,0
333155,James Akintunde,2026-07-30T18:45:00+00:00,2026,ECLQ,10,False,4897998,4,3831,home,1008,0,3,injured,,,False,0,0,0,0,0,0,0,,,,168,0
333155,James Akintunde,2026-07-23T16:00:00+00:00,2026,ECLQ,10,False,4897961,3,3831,away,1008,0,5,injured,,,False,0,0,0,0,0,0,0,,,,168,0
333155,James Akintunde,2026-07-03T18:45:00+00:00,2026,NSC,9,False,4913069,1,3831,away,3461,2,3,injured,,,False,0,0,0,0,0,0,0,,,,168,0
331092,Connor Murray,2026-08-08T14:00:00+00:00,2026,NIR1,1,False,4916759,1,3831,away,21515,3,1,in squad,10,,False,0,0,0,0,0,0,0,,,,0,0
331092,Connor Murray,2026-07-30T18:45:00+00:00,2026,ECLQ,10,False,4897998,4,3831,home,1008,0,3,in squad,10,,False,0,0,0,0,0,0,0,,,,0,0
331092,Connor Murray,2026-07-23T16:00:00+00:00,2026,ECLQ,10,False,4897961,3,3831,away,1008,0,5,in squad,10,14,False,0,0,0,0,0,0,0,,,,0,0
331092,Connor Murray,2026-07-03T18:45:00+00:00,2026,NSC,9,False,4913069,1,3831,away,3461,2,3,not in squad,,,False,0,0,0,0,0,0,0,,,,0,0
1457726,Aaron Hoey-Kemp,2026-08-08T14:00:00+00:00,2026,NIR3,3,False,4946651,1,4421,home,97229,0,0,not in squad,,,False,0,0,0,0,0,0,0,,,,0,0
547936,Adam Long,2026-08-08T11:00:00+00:00,2026,WAL2,2,False,4920045,2,88893,away,29488,2,1,not in squad,,,False,0,0,0,0,0,0,0,,,,0,0
547936,Adam Long,2026-07-31T19:00:00+00:00,2026,WAL2,2,False,4920038,1,88893,home,27843,1,2,played,31,0,False,90,0,0,0,0,0,0,,,,0,0
349712,Graham Kelly,2026-08-07T18:45:00+00:00,2026,NIR1,1,False,4916756,1,21532,away,1251,1,2,played,3,3,False,90,0,0,0,0,0,0,,,,0,0
1190687,Alex Watson,2026-08-08T14:00:00+00:00,2026,NIR2,2,False,4917840,1,3463,home,14958,1,3,not in squad,,,False,0,0,0,0,0,0,0,,,,0,0
1190687,Alex Watson,2026-07-03T18:45:00+00:00,2026,NSC,9,False,4913069,1,3831,away,3461,2,3,in squad,27,,False,0,0,0,0,0,0,0,,,,0,0
1190687,Alex Watson,2026-03-31T15:00:00+00:00,2026,U19Q,20,True,4825270,3,28031,away,28149,0,0,played,2,8,False,90,0,0,0,0,0,0,,,,0,0
1134238,Cead McGrath,2026-08-08T14:00:00+00:00,2026,NIR2,2,False,4917839,1,63171,away,63170,2,2,played,2,3,False,90,0,0,0,0,0,0,,,,0,0
1312666,Tiernan Brolly,2026-08-07T18:45:00+00:00,2026,NIR2,2,False,4917844,1,12903,away,47059,1,0,not in squad,,,False,0,0,0,0,0,0,0,,,,0,0
1129309,Alfie Gaston,2026-08-08T14:00:00+00:00,2026,NIR1,1,False,4916760,1,15250,away,9026,0,2,played,20,0,False,17,0,0,0,0,0,0,,73,,0,0
249028,Stephen Fallon,2026-08-08T14:00:00+00:00,2026,NIR1,1,False,4916757,1,15244,away,3471,3,0,not in squad,,,False,0,0,0,0,0,0,0,,,,0,0
167261,Jamie Glackin,2026-08-08T14:00:00+00:00,2026,NIR1,1,False,4916759,1,21515,home,3831,1,3,played,17,0,False,34,0,0,0,0,0,0,,56,,0,0
1181520,Aidan Tejada,2026-08-08T14:00:00+00:00,2026,NIR2,2,False,4917839,1,63171,away,63170,2,2,not in squad,,,False,0,0,0,0,0,0,0,,,,0,0
1091678,Zane Okoro,2026-08-01T14:00:00+00:00,2026,CGB,14,False,4925982,1,1074,home,1088,3,4,played,17,0,False,29,0,0,1,1,0,0,,61,,0,0
355376,Jamie McGonigle,2026-07-03T18:45:00+00:00,2026,NSC,9,False,4913069,1,3831,away,3461,2,3,not in squad,,,False,0,0,0,0,0,0,0,,,,0,0
149614,Declan McManus,2026-08-08T11:00:00+00:00,2026,WAL2,2,False,4920045,2,88893,away,29488,2,1,not in squad,,,False,0,0,0,0,0,0,0,,,,0,0
149614,Declan McManus,2026-07-31T19:00:00+00:00,2026,WAL2,2,False,4920038,1,88893,home,27843,1,2,played,9,0,False,90,1,0,0,0,0,0,,,,0,0
1384451,Dylan Glass,2026-08-08T14:00:00+00:00,2026,NIR1,1,False,4916759,1,21515,home,3831,1,3,not in squad,,,False,0,0,0,0,0,0,0,,,,0,0
701016,Alex Henderson,2026-08-08T14:00:00+00:00,2026,NIR1,1,False,4916759,1,21515,home,3831,1,3,in squad,12,,False,0,0,0,0,0,0,0,,,,0,0
502197,Declan Dunne,2026-08-08T14:00:00+00:00,2026,NIR1,1,False,4916759,1,21515,home,3831,1,3,played,1,1,False,90,0,0,0,0,0,0,,,,0,0
825064,Adam Glenny,2026-08-08T14:00:00+00:00,2026,NIR1,1,False,4916759,1,21515,home,3831,1,3,played,14,4,False,90,0,0,0,0,0,0,,,,0,0
1012993,Steven Scott,2026-08-08T14:00:00+00:00,2026,NIR1,1,False,4916759,1,21515,home,3831,1,3,not in squad,,,False,0,0,0,0,0,0,0,,,,0,0
605162,Cahal McGinty,2026-08-08T14:00:00+00:00,2026,NIR1,1,False,4916759,1,21515,home,3831,1,3,not in squad,,,False,0,0,0,0,0,0,0,,,,0,0
423084,Caolan Marron,2026-08-08T14:00:00+00:00,2026,NIR2,2,False,4917838,1,6068,away,21929,1,0,not in squad,,,False,0,0,0,0,0,0,0,,,,0,0
564679,Mal Smith,2026-08-08T14:00:00+00:00,2026,NIR2,2,False,4917841,1,41137,home,40654,3,0,not in squad,,,False,0,0,0,0,0,0,0,,,,0,0
462134,Danny Wallace,2026-08-08T14:00:00+00:00,2026,NIR1,1,False,4916759,1,21515,home,3831,1,3,played,23,3,False,90,0,0,0,0,0,0,,,,0,0
884910,Peter Maguire,2026-08-08T14:00:00+00:00,2026,NIR1,1,False,4916759,1,21515,home,3831,1,3,played,4,0,False,10,0,0,0,0,0,0,,80,,0,0
670071,John Scott,2026-08-08T14:00:00+00:00,2026,NIR1,1,False,4916759,1,21515,home,3831,1,3,in squad,3,,False,0,0,0,0,0,0,0,,,,0,0
1229272,Tommy Taggert,2026-08-08T14:00:00+00:00,2026,NIR3,3,False,4946651,1,97229,away,4421,0,0,not in squad,,,False,0,0,0,0,0,0,0,,,,0,0
183170,Kealan Dillon,2026-08-08T14:00:00+00:00,2026,NIR1,1,False,4916759,1,21515,home,3831,1,3,played,10,0,False,61,0,0,0,0,0,0,,,61,0,0
1232199,Ollie Crowe,2026-08-08T14:00:00+00:00,2026,NIR2,2,False,4917842,1,63172,away,24104,1,4,not in squad,,,False,0,0,0,0,0,0,0,,,,0,0
939489,Tiernan Kelly,2026-08-08T14:00:00+00:00,2026,NIR1,1,False,4916759,1,21515,home,3831,1,3,not in squad,,,False,0,0,0,0,0,0,0,,,,0,0
158697,Gaël Bigirimana,2026-08-08T14:00:00+00:00,2026,NIR1,1,False,4916759,1,21515,home,3831,1,3,played,34,6,False,80,0,0,0,0,0,0,,,80,0,0
322766,Shea Gordon,2026-08-08T14:00:00+00:00,2026,NIR1,1,False,4916759,1,21515,home,3831,1,3,played,16,0,False,56,0,0,0,0,0,0,,,56,0,0
438985,Paul Doyle,2026-08-08T14:00:00+00:00,2026,NIR1,1,False,4916759,1,21515,home,3831,1,3,played,21,0,False,90,0,0,0,0,0,0,,,,0,0
213955,Andy Mitchell,2026-08-08T14:00:00+00:00,2026,NIR1,1,False,4916759,1,21515,home,3831,1,3,played,9,0,False,10,0,0,0,0,0,0,,80,,0,0
412609,Tom Maguire,2026-08-07T18:45:00+00:00,2026,NIR1,1,False,4916756,1,21532,away,1251,1,2,not in squad,,,False,0,0,0,0,0,0,0,,,,0,0
720720,Sean McAllister,2026-08-08T14:00:00+00:00,2026,NIR1,1,False,4916759,1,21515,home,3831,1,3,played,67,14,False,90,1,0,0,0,0,0,,,,0,0
946795,Leon Boyd,2026-08-08T14:00:00+00:00,2026,NIR1,1,False,4916760,1,15250,away,9026,0,2,played,77,0,False,73,0,0,0,0,0,0,,,73,0,0
288696,Leo Alves,2026-08-08T14:00:00+00:00,2026,NIR1,1,False,4916759,1,21515,home,3831,1,3,played,13,0,False,56,0,0,0,0,0,0,,,56,0,0
562384,Brandon Bermingham,2026-08-09T13:00:00+00:00,2026,LNWE,6,False,4916850,2,47197,away,21206,3,0,not in squad,,,False,0,0,0,0,0,0,0,,,,0,0
1055343,Sam Anderson,2026-08-08T14:00:00+00:00,2026,NIR1,1,False,4916759,1,21515,home,3831,1,3,not in squad,,,False,0,0,0,0,0,0,0,,,,0,0
411123,Junior Ogedi-Uzokwe,2026-08-08T14:00:00+00:00,2026,NIR1,1,False,4916759,1,21515,home,3831,1,3,not in squad,,,False,0,0,0,0,0,0,0,,,,0,0
627777,Darragh McBrien,2026-08-08T14:00:00+00:00,2026,NIR1,1,False,4916759,1,21515,home,3831,1,3,played,11,0,False,29,0,0,0,0,0,0,,61,,0,0
1232196,Tommy Connolly,2026-08-08T14:00:00+00:00,2026,NIR2,2,False,4917838,1,21929,home,6068,0,1,not in squad,,,False,0,0,0,0,0,0,0,,,,0,0
1179624,Aidan Hegarty,2026-08-08T14:00:00+00:00,2026,NIR1,1,False,4916759,1,21515,home,3831,1,3,not in squad,,,False,0,0,0,0,0,0,0,,,,0,0
1136367,Kenny Ximenes,2026-08-08T14:00:00+00:00,2026,NIR3,3,False,4946651,1,97229,away,4421,0,0,not in squad,,,False,0,0,0,0,0,0,0,,,,0,0
454574,Peter Urminsky,2026-08-08T14:00:00+00:00,2026,SC1,1,False,4910335,2,465,home,2578,1,0,in squad,27,,False,0,0,0,0,0,0,0,,,,0,0
454574,Peter Urminsky,2026-08-01T14:00:00+00:00,2026,SC1,1,False,4910369,1,465,away,1191,2,0,in squad,27,,False,0,0,0,0,0,0,0,,,,0,0
454574,Peter Urminsky,2026-07-26T14:00:00+00:00,2026,SCP,14,False,4891675,5,465,home,1270,0,1,in squad,27,,False,0,0,0,0,0,0,0,,,,0,0
454574,Peter Urminsky,2026-07-21T18:45:00+00:00,2026,SCP,14,False,4891661,4,465,home,28457,4,3,in squad,27,,False,0,0,0,0,0,0,0,,,,0,0
454574,Peter Urminsky,2026-07-18T14:00:00+00:00,2026,SCP,14,False,4891648,3,465,away,8933,4,0,in squad,27,,False,0,0,0,0,0,0,0,,,,0,0
454574,Peter Urminsky,2026-07-11T14:00:00+00:00,2026,SCP,14,False,4891612,1,465,away,3023,4,0,in squad,27,,False,0,0,0,0,0,0,0,,,,0,0
1091673,MJ Kamson-Kamara,2026-08-09T14:00:00+00:00,2026,SC1,1,False,4910333,2,43,home,1519,4,0,in squad,24,,False,0,0,0,0,0,0,0,,,,0,0
1091673,MJ Kamson-Kamara,2026-08-06T19:00:00+00:00,2026,ELQ,10,False,4973701,5,43,away,294,1,6,in squad,24,,False,0,0,0,0,0,0,0,,,,0,0
1091673,MJ Kamson-Kamara,2026-08-01T16:30:00+00:00,2026,SC1,1,False,4910370,1,43,away,370,1,2,not in squad,,,False,0,0,0,0,0,0,0,,,,0,0
1091673,MJ Kamson-Kamara,2026-07-28T18:45:00+00:00,2026,CLQ,10,False,4897909,4,43,home,122,0,2,not in squad,,,False,0,0,0,0,0,0,0,,,,0,0
1091673,MJ Kamson-Kamara,2026-07-21T18:30:00+00:00,2026,CLQ,10,False,4897897,3,43,away,122,0,4,not in squad,,,False,0,0,0,0,0,0,0,,,,0,0
823762,Jonny Russell,2026-08-08T14:00:00+00:00,2026,CGB,14,False,4926020,2,3537,away,1010,0,1,not in squad,,,False,0,0,0,0,0,0,0,,,,0,0
823762,Jonny Russell,2026-08-03T18:30:00+00:00,2026,CGB,14,False,4925983,1,3537,away,1252,2,0,played,16,0,False,37,0,0,0,0,0,0,69,53,,0,0
455602,Danny Amos,2026-08-08T14:00:00+00:00,2026,CNAT,5,False,4940061,1,6168,away,2577,0,2,not in squad,,,False,0,0,0,0,0,0,0,,,,0,0
185571,Ciarán Coll,2026-08-07T18:45:00+00:00,2026,NIR2,2,False,4917844,1,47059,home,12903,0,1,not in squad,,,False,0,0,0,0,0,0,0,,,,0,0
1098982,Frankie Hvid,2026-08-08T14:00:00+00:00,2026,NLS6,6,False,4941166,1,7047,home,4279,0,0,not in squad,,,False,0,0,0,0,0,0,0,,,,0,0
118071,Shane McEleney,2026-08-08T14:00:00+00:00,2026,NIR1,1,False,4916757,1,15244,away,3471,3,0,in squad,19,,False,0,0,0,0,0,0,0,,,,0,0
1155121,Callan Farley,2026-08-08T14:00:00+00:00,2026,NIR2,2,False,4917841,1,40654,away,41137,0,3,not in squad,,,False,0,0,0,0,0,0,0,,,,0,0
1208941,Cillian McCann,2026-08-08T14:00:00+00:00,2026,NIR2,2,False,4917842,1,24104,home,63172,4,1,not in squad,,,False,0,0,0,0,0,0,0,,,,0,0
406733,Cammy Palmer,2026-08-07T18:30:00+00:00,2026,SC2,2,False,4910410,2,1241,away,2760,0,2,played,16,7,False,58,0,0,0,0,0,0,,,58,0,0
406733,Cammy Palmer,2026-08-01T14:00:00+00:00,2026,SC2,2,False,4910383,1,1241,home,3031,2,0,played,16,7,False,74,0,0,0,0,0,0,,,74,0,0
406733,Cammy Palmer,2026-07-25T14:00:00+00:00,2026,SCP,14,False,4891679,5,1241,away,3012,1,3,not in squad,,,False,0,0,0,0,0,0,0,,,,0,0
406733,Cammy Palmer,2026-07-21T18:45:00+00:00,2026,SCP,14,False,4891664,4,1241,home,3016,8,0,not in squad,,,False,0,0,0,0,0,0,0,,,,0,0
406733,Cammy Palmer,2026-07-18T14:00:00+00:00,2026,SCP,14,False,4891653,3,1241,home,2760,3,4,not in squad,,,False,0,0,0,0,0,0,0,,,,0,0
406733,Cammy Palmer,2026-07-14T18:45:00+00:00,2026,SCP,14,False,4891636,2,1241,away,3194,2,0,played,16,7,False,90,0,0,1,0,1,0,,,,0,0
1417113,Michael McElhatton,2026-08-08T14:00:00+00:00,2026,NIR1,1,False,4916759,1,21515,home,3831,1,3,not in squad,,,False,0,0,0,0,0,0,0,,,,0,0
443542,PJ Morrison,2026-08-07T18:45:00+00:00,2026,NIR1,1,False,4916756,1,1251,home,21532,2,1,played,31,1,False,90,0,0,0,0,0,0,,,,0,0
1449937,Matthew Belshaw,2026-08-07T18:45:00+00:00,2026,NIR1,1,False,4916756,1,1251,home,21532,2,1,in squad,35,,False,0,0,0,0,0,0,0,,,,0,0
1449937,Matthew Belshaw,2026-03-31T15:00:00+00:00,2026,U19Q,20,True,4825270,3,28031,away,28149,0,0,in squad,12,,False,0,0,0,0,0,0,0,,,,0,0
1449937,Matthew Belshaw,2026-03-28T13:00:00+00:00,2026,U19Q,20,True,4825241,2,28031,away,28028,2,1,in squad,12,,False,0,0,0,0,0,0,0,,,,0,0
908491,Alex Bannon,2026-08-07T18:45:00+00:00,2026,NIR1,1,False,4916756,1,1251,home,21532,2,1,played,25,3,False,90,0,0,0,0,0,0,,,,0,0
871339,Lewis Ridd,2026-08-07T18:45:00+00:00,2026,NIR1,1,False,4916756,1,1251,home,21532,2,1,not in squad,,,False,0,0,0,0,0,0,0,,,,0,0
659190,Shaun Leppard,2026-08-07T18:45:00+00:00,2026,NIR1,1,False,4916756,1,1251,home,21532,2,1,not in squad,,,False,0,0,0,0,0,0,0,,,,0,0
897023,Joel Thompson,2026-08-07T18:45:00+00:00,2026,NIR1,1,False,4916756,1,1251,home,21532,2,1,in squad,17,,False,0,0,0,0,0,0,0,,,,0,0
248730,Luke Conlan,2026-08-07T18:45:00+00:00,2026,NIR1,1,False,4916756,1,1251,home,21532,2,1,played,14,0,False,16,0,0,0,0,0,0,,74,,0,0
1044608,Aidan Kelly,2026-08-07T18:45:00+00:00,2026,NIR1,1,False,4916756,1,1251,home,21532,2,1,not in squad,,,False,0,0,0,0,0,0,0,,,,0,0
985699,Ollie Samuels,2026-08-07T18:45:00+00:00,2026,NIR1,1,False,4916756,1,1251,home,21532,2,1,played,3,0,False,74,0,0,0,0,0,0,,,74,0,0
1265780,Dan O'Connor,2026-08-07T18:45:00+00:00,2026,NIR1,1,False,4916756,1,1251,home,21532,2,1,in squad,4,,False,0,0,0,0,0,0,0,,,,0,0
1335715,Sean Cassidy,2026-08-07T18:45:00+00:00,2026,NIR1,1,False,4916756,1,1251,home,21532,2,1,not in squad,,,False,0,0,0,0,0,0,0,,,,0,0
1310887,Paul Stanfield,2026-08-07T18:45:00+00:00,2026,NIR1,1,False,4916756,1,1251,home,21532,2,1,not in squad,,,False,0,0,0,0,0,0,0,,,,0,0
1310887,Paul Stanfield,2026-03-31T15:00:00+00:00,2026,U19Q,20,True,4825270,3,28031,away,28149,0,0,played,14,5,False,82,0,0,0,0,0,0,,,82,0,0
1310887,Paul Stanfield,2026-03-28T13:00:00+00:00,2026,U19Q,20,True,4825241,2,28031,away,28028,2,1,played,14,5,False,90,0,0,0,0,0,0,,,,0,0
1516484,David Green,2026-08-07T18:45:00+00:00,2026,NIR1,1,False,4916756,1,1251,home,21532,2,1,not in squad,,,False,0,0,0,0,0,0,0,,,,0,0
291115,Rory Hale,2026-08-07T18:45:00+00:00,2026,NIR1,1,False,4916756,1,1251,home,21532,2,1,played,8,10,True,78,0,0,0,0,0,0,,,78,0,0
1260334,Joe Sheridan,2026-08-07T18:45:00+00:00,2026,NIR1,1,False,4916756,1,1251,home,21532,2,1,played,41,0,False,12,0,0,0,0,0,0,,78,,0,0
1260334,Joe Sheridan,2026-03-31T15:00:00+00:00,2026,U19Q,20,True,4825270,3,28031,away,28149,0,0,not in squad,,,False,0,0,0,0,0,0,0,,,,0,0
564682,Harry Wilson,2026-08-07T18:45:00+00:00,2026,NIR1,1,False,4916756,1,1251,home,21532,2,1,played,6,6,False,90,0,0,0,0,0,0,,,,0,0
704147,Dean McMaster,2026-08-07T18:45:00+00:00,2026,NIR1,1,False,4916756,1,1251,home,21532,2,1,played,16,6,False,90,1,0,0,0,0,0,21,,,0,0
875492,Adebayo Fapetu,2026-08-07T18:45:00+00:00,2026,NIR1,1,False,4916756,1,1251,home,21532,2,1,injured,,,False,0,0,0,0,0,0,0,,,,166,0
1514678,Alfie Anderson,2026-08-07T18:45:00+00:00,2026,NIR1,1,False,4916756,1,1251,home,21532,2,1,not in squad,,,False,0,0,0,0,0,0,0,,,,0,0
924866,Brian Healy,2026-08-07T18:45:00+00:00,2026,NIR1,1,False,4916756,1,1251,home,21532,2,1,played,10,14,False,78,0,0,0,0,0,0,,,78,0,0
191258,Joe Gormley,2026-08-07T18:45:00+00:00,2026,NIR1,1,False,4916756,1,1251,home,21532,2,1,played,19,0,False,12,0,0,0,0,0,0,,78,,0,0
217736,Ryan Curran,2026-08-07T18:45:00+00:00,2026,NIR1,1,False,4916756,1,1251,home,21532,2,1,not in squad,,,False,0,0,0,0,0,0,0,,,,0,0
1078533,Liam McStravick,2026-08-07T18:45:00+00:00,2026,NIR1,1,False,4916756,1,1251,home,21532,2,1,played,27,0,False,20,0,0,0,0,0,0,,70,,0,0
1197402,Keevan Hawthorne,2026-08-07T18:45:00+00:00,2026,NIR1,1,False,4916756,1,1251,home,21532,2,1,not in squad,,,False,0,0,0,0,0,0,0,,,,0,0
1197402,Keevan Hawthorne,2026-03-31T15:00:00+00:00,2026,U19Q,20,True,4825270,3,28031,away,28149,0,0,not in squad,,,False,0,0,0,0,0,0,0,,,,0,0
465968,Rhyss Campbell,2026-08-07T18:45:00+00:00,2026,NIR1,1,False,4916756,1,1251,home,21532,2,1,played,7,12,False,70,0,1,0,0,0,0,,,70,0,0
643707,Eric McWoods,2026-08-07T18:45:00+00:00,2026,NIR1,1,False,4916756,1,1251,home,21532,2,1,not in squad,,,False,0,0,0,0,0,0,0,,,,0,0
1189012,Ryan Corrigan,2026-08-07T18:45:00+00:00,2026,NIR1,1,False,4916756,1,1251,home,21532,2,1,not in squad,,,False,0,0,0,0,0,0,0,,,,0,0
648049,Ben Quinn,2026-08-07T18:45:00+00:00,2026,NIR1,1,False,4916756,1,1251,home,21532,2,1,played,20,11,False,90,1,0,0,0,0,0,,,,0,0
738125,Declan Breen,2026-08-08T14:00:00+00:00,2026,NIR1,1,False,4916757,1,15244,away,3471,3,0,in squad,23,,False,0,0,0,0,0,0,0,,,,0,0
640027,Bradley Wade,2026-08-08T14:00:00+00:00,2026,SC3,3,False,4910643,2,2759,home,3030,2,1,in squad,31,,False,0,0,0,0,0,0,0,,,,0,0
640027,Bradley Wade,2026-08-01T14:00:00+00:00,2026,SC3,3,False,4910633,1,2759,away,3032,1,0,in squad,31,,False,0,0,0,0,0,0,0,,,,0,0
640027,Bradley Wade,2026-07-25T14:00:00+00:00,2026,SCP,14,False,4891676,5,2759,away,2802,3,0,in squad,31,,False,0,0,0,0,0,0,0,,,,0,0
640027,Bradley Wade,2026-07-21T18:45:00+00:00,2026,SCP,14,False,4891663,4,2759,home,511,1,1,in squad,31,,False,0,0,0,0,0,0,0,,,,0,0
640027,Bradley Wade,2026-07-18T14:00:00+00:00,2026,SCP,14,False,4891651,3,2759,home,2575,3,1,in squad,31,,False,0,0,0,0,0,0,0,,,,0,0
640027,Bradley Wade,2026-07-11T14:00:00+00:00,2026,SCP,14,False,4891614,1,2759,away,3015,4,1,in squad,31,,False,0,0,0,0,0,0,0,,,,0,0
877215,David Toure,2026-08-08T14:00:00+00:00,2026,NIR1,1,False,4916757,1,15244,away,3471,3,0,played,2,0,False,90,0,0,0,0,0,0,,,,0,0
186481,Matthew Clarke,2026-08-08T14:00:00+00:00,2026,NIR1,1,False,4916757,1,15244,away,3471,3,0,played,16,0,False,90,0,0,0,0,0,0,,,,0,0
953036,Daithí McCallion,2026-08-08T14:00:00+00:00,2026,NIR1,1,False,4916757,1,15244,away,3471,3,0,played,15,0,False,90,0,0,0,0,0,0,,,,0,0
85928,Danny Lafferty,2026-08-08T14:00:00+00:00,2026,NIR1,1,False,4916760,1,15250,away,9026,0,2,played,18,0,False,7,0,0,0,0,0,0,,83,,0,0
904929,Ali Gould,2026-08-08T14:00:00+00:00,2026,SC4,4,False,4910722,2,3033,away,3804,2,3,in squad,24,,False,0,0,0,0,0,0,0,,,,0,0
904929,Ali Gould,2026-08-01T14:00:00+00:00,2026,SC4,4,False,4910729,1,3033,home,3023,2,0,in squad,24,,False,0,0,0,0,0,0,0,,,,0,0
340392,Stephen O'Donnell,2026-08-08T14:00:00+00:00,2026,NIR1,1,False,4916760,1,15250,away,9026,0,2,played,15,0,False,90,0,0,0,0,0,0,,,,0,0
305714,Kym Nelson,2026-08-08T14:00:00+00:00,2026,NIR2,2,False,4917841,1,41137,home,40654,3,0,not in squad,,,False,0,0,0,0,0,0,0,,,,0,0
1138113,Zach Nolan,2026-08-07T18:45:00+00:00,2026,WAL1,1,False,4920522,2,10734,home,25232,2,0,played,23,4,False,90,0,0,0,0,0,0,86,,90,0,0
1138113,Zach Nolan,2026-08-02T13:30:00+00:00,2026,WAL1,1,False,4918299,1,10734,away,62026,0,0,in squad,23,,False,0,0,0,0,0,0,0,,,,0,0
1138113,Zach Nolan,2026-07-30T17:30:00+00:00,2026,ECLQ,10,False,4945497,4,10734,home,1002,3,4,played,23,0,False,15,0,0,0,0,0,0,,105,,0,0
1138113,Zach Nolan,2026-07-23T16:00:00+00:00,2026,ECLQ,10,False,4945485,3,10734,away,1002,0,1,in squad,23,,False,0,0,0,0,0,0,0,,,,0,0
1138113,Zach Nolan,2026-07-14T17:30:00+00:00,2026,CLQ,10,False,4897199,2,10734,home,63993,1,2,played,23,4,False,7,0,0,0,0,0,0,,83,,0,0
1138113,Zach Nolan,2026-07-07T16:00:00+00:00,2026,CLQ,10,False,4897185,1,10734,away,63993,0,2,in squad,23,,False,0,0,0,0,0,0,0,,,,0,0
1012990,Lewis Tennant,2026-08-08T14:00:00+00:00,2026,NIR3,3,False,4946652,1,38179,home,84162,0,0,not in squad,,,False,0,0,0,0,0,0,0,,,,0,0
320461,Caolan Loughran,2026-08-08T14:00:00+00:00,2026,NIR3,3,False,4946652,1,38179,home,84162,0,0,not in squad,,,False,0,0,0,0,0,0,0,,,,0,0
877759,Kian Corbally,2026-08-08T14:00:00+00:00,2026,SC2,2,False,4910412,2,1270,home,1192,1,1,not in squad,,,False,0,0,0,0,0,0,0,,,,0,0
877759,Kian Corbally,2026-08-01T14:00:00+00:00,2026,SC2,2,False,4910382,1,1270,away,2451,0,0,played,18,6,False,90,0,0,1,0,0,1,,,,0,0
877759,Kian Corbally,2026-07-26T14:00:00+00:00,2026,SCP,14,False,4891675,5,1270,away,465,1,0,played,18,6,False,74,0,0,0,0,0,0,29,,74,0,0
877759,Kian Corbally,2026-07-21T18:45:00+00:00,2026,SCP,14,False,4891660,4,1270,home,8933,5,0,played,18,6,False,90,0,1,0,0,0,0,,,,0,0
877759,Kian Corbally,2026-07-14T18:45:00+00:00,2026,SCP,14,False,4891633,2,1270,home,3023,4,1,played,18,6,False,90,0,0,0,0,0,0,,,,0,0
877759,Kian Corbally,2026-07-11T14:00:00+00:00,2026,SCP,14,False,4891613,1,1270,away,28457,0,3,played,18,7,False,60,0,0,0,0,0,0,,,60,0,0
1237769,James Hood,2026-08-08T14:00:00+00:00,2026,NIR1,1,False,4916757,1,15244,away,3471,3,0,played,21,0,False,12,0,0,0,0,0,0,,78,,0,0
470882,Fuad Sule,2026-08-08T14:00:00+00:00,2026,NIR1,1,False,4916757,1,15244,away,3471,3,0,played,6,0,False,90,0,0,0,0,0,0,,,,0,0
120976,Dylan McGeouch,2026-08-08T14:00:00+00:00,2026,SC5L,5,False,4932460,4,24574,home,9027,1,5,not in squad,,,False,0,0,0,0,0,0,0,,,,0,0
120976,Dylan McGeouch,2026-08-01T14:00:00+00:00,2026,SC5L,5,False,4932360,3,24574,away,6214,1,4,not in squad,,,False,0,0,0,0,0,0,0,,,,0,0
120976,Dylan McGeouch,2026-07-29T18:45:00+00:00,2026,SC5L,5,False,4932347,2,24574,home,23718,3,0,played,6,6,False,51,0,0,0,0,0,0,,,51,0,0
120976,Dylan McGeouch,2026-07-25T14:00:00+00:00,2026,SC5L,5,False,4932443,1,24574,home,44914,2,3,played,6,6,False,89,0,0,0,0,0,0,,,89,0,0
640603,Donal Rocks,2026-08-08T14:00:00+00:00,2026,NIR1,1,False,4916757,1,15244,away,3471,3,0,not in squad,,,False,0,0,0,0,0,0,0,,,,0,0
550737,Aaron Jarvis,2026-08-08T14:00:00+00:00,2026,NIR1,1,False,4916760,1,15250,away,9026,0,2,played,6,0,False,29,0,0,0,0,0,0,,61,,0,0
148907,Sean Murray,2026-08-08T14:00:00+00:00,2026,NIR1,1,False,4916757,1,15244,away,3471,3,0,played,18,0,False,1,0,0,0,0,0,0,,89,,0,0
897217,Igor Rutkowski,2026-08-08T14:00:00+00:00,2026,NIR1,1,False,4916757,1,15244,away,3471,3,0,played,9,0,False,90,0,0,0,0,0,0,,,,0,0
433993,Andy Scott,2026-08-08T14:00:00+00:00,2026,NIR1,1,False,4916757,1,15244,away,3471,3,0,not in squad,,,False,0,0,0,0,0,0,0,,,,0,0
365202,Daire O'Connor,2026-08-08T14:00:00+00:00,2026,NIR1,1,False,4916758,1,8714,home,5594,1,0,played,7,0,False,34,0,0,0,0,0,0,,56,,0,0
476555,Alex Gawne,2026-08-08T14:00:00+00:00,2026,NIR3,3,False,4946652,1,38179,home,84162,0,0,not in squad,,,False,0,0,0,0,0,0,0,,,,0,0
355273,Ben Kennedy,2026-08-08T14:00:00+00:00,2026,NIR1,1,False,4916757,1,15244,away,3471,3,0,in squad,11,,False,0,0,0,0,0,0,0,,,,0,0
1319158,Alfie Mitchell,2026-03-31T15:00:00+00:00,2026,U19Q,20,True,4825270,3,28031,away,28149,0,0,not in squad,,,False,0,0,0,0,0,0,0,,,,0,0
1319158,Alfie Mitchell,2026-03-28T13:00:00+00:00,2026,U19Q,20,True,4825241,2,28031,away,28028,2,1,not in squad,,,False,0,0,0,0,0,0,0,,,,0,0
877211,Success Edogun,2026-08-08T14:00:00+00:00,2026,NIR1,1,False,4916757,1,15244,away,3471,3,0,played,22,0,False,78,1,0,0,0,0,0,,,78,0,0
212916,Kyle Owens,2026-08-08T14:00:00+00:00,2026,NIR2,2,False,4917839,1,63170,home,63171,2,2,not in squad,,,False,0,0,0,0,0,0,0,,,,0,0
1136288,Ben Walker,2026-08-08T14:00:00+00:00,2026,NIR2,2,False,4917839,1,63170,home,63171,2,2,played,16,0,False,90,0,0,0,0,0,0,,,,0,0
372773,Tom Mathieson,2026-08-08T14:00:00+00:00,2026,NIR2,2,False,4917840,1,14958,away,3463,3,1,not in squad,,,False,0,0,0,0,0,0,0,,,,0,0
325479,Matthew Ferguson,2026-08-08T14:00:00+00:00,2026,NIR2,2,False,4917839,1,63170,home,63171,2,2,played,9,14,True,86,0,0,0,0,0,0,,,86,0,0
123433,Mark Haughey,2026-08-08T14:00:00+00:00,2026,NIR3,3,False,4946652,1,84162,away,38179,0,0,not in squad,,,False,0,0,0,0,0,0,0,,,,0,0
211116,Jonny Addis,2026-08-08T14:00:00+00:00,2026,NIR1,1,False,4916757,1,15244,away,3471,3,0,not in squad,,,False,0,0,0,0,0,0,0,,,,0,0
605185,Caoimhin McConnell,2026-08-08T14:00:00+00:00,2026,NIR1,1,False,4916757,1,15244,away,3471,3,0,not in squad,,,False,0,0,0,0,0,0,0,,,,0,0
1310886,Owen Mahoney,2026-08-08T14:00:00+00:00,2026,NIR1,1,False,4916757,1,15244,away,3471,3,0,not in squad,,,False,0,0,0,0,0,0,0,,,,0,0
1319161,Tom Duffin,2026-08-08T14:00:00+00:00,2026,NIR1,1,False,4916757,1,15244,away,3471,3,0,not in squad,,,False,0,0,0,0,0,0,0,,,,0,0
1103274,Michael Leetch,2026-08-08T14:00:00+00:00,2026,NIR1,1,False,4916757,1,15244,away,3471,3,0,played,17,0,False,5,0,0,0,0,0,0,,85,,0,0
1289949,Oisin Murray,2026-08-08T14:00:00+00:00,2026,NIR2,2,False,4917838,1,6068,away,21929,1,0,not in squad,,,False,0,0,0,0,0,0,0,,,,0,0
1161714,Zach Balfour,2026-07-11T14:00:00+00:00,2026,SCP,14,False,4891612,1,3023,home,465,0,4,played,1,1,False,90,0,0,0,0,0,0,,,,0,0
630884,Odhran Casey,2026-08-06T18:00:00+00:00,2026,ECLQ,10,False,5008632,5,3909,away,610,1,3,played,16,0,False,10,0,0,0,0,0,0,,80,,0,0
630884,Odhran Casey,2026-07-30T16:00:00+00:00,2026,ECLQ,10,False,4898010,4,3909,away,22783,1,2,played,16,0,False,45,0,0,0,0,0,0,,46,,0,0
630884,Odhran Casey,2026-07-23T18:45:00+00:00,2026,ECLQ,10,False,4897972,3,3909,home,22783,5,2,not in squad,,,False,0,0,0,0,0,0,0,,,,0,0
1079594,Conor Barr,2026-07-30T17:30:00+00:00,2026,ECLQ,10,False,4897995,4,920,home,144,0,1,in squad,22,,False,0,0,0,0,0,0,0,,,,0,0
1079594,Conor Barr,2026-07-23T18:45:00+00:00,2026,ECLQ,10,False,4897958,3,920,away,144,0,1,played,22,0,False,15,0,0,0,0,0,0,,75,,0,0
1079594,Conor Barr,2026-07-16T17:30:00+00:00,2026,ELQ,10,False,4897222,2,920,home,208,1,2,played,22,5,False,90,0,0,0,0,0,0,,,,0,0
1079594,Conor Barr,2026-07-09T18:00:00+00:00,2026,ELQ,10,False,4897216,1,920,away,208,2,3,played,22,5,False,90,0,0,0,0,0,0,,,,0,0
861851,Reece Jordan,2026-08-08T14:00:00+00:00,2026,NIR2,2,False,4917843,1,21825,away,59986,3,1,not in squad,,,False,0,0,0,0,0,0,0,,,,0,0
515546,Micheál Glynn,2026-08-08T14:00:00+00:00,2026,NIR1,1,False,4916757,1,15244,away,3471,3,0,in squad,3,,False,0,0,0,0,0,0,0,,,,0,0
1501976,Shea McGarry,2026-03-31T15:00:00+00:00,2026,U19Q,20,True,4825270,3,28031,away,28149,0,0,played,15,3,False,90,0,0,0,0,0,0,,,,0,0
1501976,Shea McGarry,2026-03-28T13:00:00+00:00,2026,U19Q,20,True,4825241,2,28031,away,28028,2,1,played,15,3,False,90,1,0,0,0,0,0,,,,0,0
1055381,Callum McCay,2026-08-08T14:00:00+00:00,2026,NIR2,2,False,4917839,1,63171,away,63170,2,2,played,18,6,False,89,1,0,0,0,0,0,,,89,0,0
1045091,Tom Lavery,2026-08-08T14:00:00+00:00,2026,CNAT,5,False,4940058,1,3456,away,10391,1,2,not in squad,,,False,0,0,0,0,0,0,0,,,,0,0
584047,Adam Carroll,2026-08-08T14:00:00+00:00,2026,NIR2,2,False,4917841,1,40654,away,41137,0,3,not in squad,,,False,0,0,0,0,0,0,0,,,,0,0
808308,Sean Robertson,2026-08-08T14:00:00+00:00,2026,NLS6,6,False,4941169,1,1218,home,20786,0,0,not in squad,,,False,0,0,0,0,0,0,0,,,,0,0
322765,Nathan Gartside,2026-08-08T14:00:00+00:00,2026,NIR1,1,False,4916758,1,8714,home,5594,1,0,not in squad,,,False,0,0,0,0,0,0,0,,,,0,0
1052086,Dylan Agnew,2026-08-08T14:00:00+00:00,2026,NIR1,1,False,4916758,1,8714,home,5594,1,0,played,25,0,False,90,0,0,0,0,0,0,,,,0,0
426355,Mikey Place,2026-08-08T14:00:00+00:00,2026,NIR1,1,False,4916758,1,8714,home,5594,1,0,played,2,0,False,90,0,0,0,0,0,0,,,,0,0
174247,Luke McCullough,2026-08-08T14:00:00+00:00,2026,NIR1,1,False,4916758,1,8714,home,5594,1,0,played,12,0,False,90,0,0,0,0,0,0,,,,0,0
937348,Ben Buchanan-Rolleston,2026-08-08T14:00:00+00:00,2026,NIR1,1,False,4916758,1,8714,home,5594,1,0,played,15,0,False,90,0,0,0,0,0,0,,,,0,0
113069,Jimmy Callacher,2026-08-08T14:00:00+00:00,2026,NIR1,1,False,4916758,1,8714,home,5594,1,0,played,6,0,False,90,0,0,0,0,0,0,,,,0,0
549561,Scott Pengelly,2026-08-08T14:00:00+00:00,2026,NIR1,1,False,4916758,1,8714,home,5594,1,0,not in squad,,,False,0,0,0,0,0,0,0,,,,0,0
515581,Aidan Steele,2026-08-08T14:00:00+00:00,2026,NIR1,1,False,4916758,1,8714,home,5594,1,0,played,14,0,False,56,0,0,0,0,0,0,45,,56,0,0
1113634,Cian O'Malley,2026-08-08T14:00:00+00:00,2026,NIR1,1,False,4916758,1,8714,home,5594,1,0,not in squad,,,False,0,0,0,0,0,0,0,,,,0,0
186232,Kyle Cherry,2026-08-08T14:00:00+00:00,2026,NIR1,1,False,4916758,1,8714,home,5594,1,0,played,20,0,False,1,0,0,0,0,0,0,,89,,0,0
159956,Jordan Forsythe,2026-08-08T14:00:00+00:00,2026,NIR1,1,False,4916758,1,8714,home,5594,1,0,played,5,0,False,74,0,0,0,0,0,0,,,74,0,0
322754,Joe Crowe,2026-08-08T14:00:00+00:00,2026,NIR1,1,False,4916758,1,8714,home,5594,1,0,played,19,0,False,16,0,0,0,0,0,0,,74,,0,0
1183321,Ryan McNickle,2026-08-08T14:00:00+00:00,2026,NIR2,2,False,4917842,1,63172,away,24104,1,4,not in squad,,,False,0,0,0,0,0,0,0,,,,0,0
738572,Danny Gibson,2026-08-08T14:00:00+00:00,2026,NIR1,1,False,4916758,1,8714,home,5594,1,0,played,9,0,False,90,0,1,0,0,0,0,,,,0,0
81007,Billy Joe Burns,2026-08-08T14:00:00+00:00,2026,NIR1,1,False,4916758,1,8714,home,5594,1,0,not in squad,,,False,0,0,0,0,0,0,0,,,,0,0
500174,Nedas Maciulaitis,2026-08-08T14:00:00+00:00,2026,NIR1,1,False,4916758,1,8714,home,5594,1,0,in squad,11,,False,0,0,0,0,0,0,0,,,,0,0
692831,Joe Moore,2026-08-08T14:00:00+00:00,2026,NIR1,1,False,4916758,1,8714,home,5594,1,0,in squad,17,,False,0,0,0,0,0,0,0,,,,0,0
166315,Seanan Clucas,2026-08-08T14:00:00+00:00,2026,NIR1,1,False,4916758,1,8714,home,5594,1,0,in squad,8,,False,0,0,0,0,0,0,0,,,,0,0
388322,Adam Lecky,2026-08-08T14:00:00+00:00,2026,NIR1,1,False,4916758,1,8714,home,5594,1,0,played,10,0,False,90,0,0,0,0,0,0,38,,,0,0
195869,Paul Heatley,2026-08-08T14:00:00+00:00,2026,NIR1,1,False,4916758,1,8714,home,5594,1,0,played,22,0,False,89,1,0,0,0,0,0,,,89,0,0
195918,Matthew Snoddy,2026-08-08T14:00:00+00:00,2026,NIR1,1,False,4916758,1,8714,home,5594,1,0,played,24,0,False,90,0,0,0,0,0,0,,,,0,0
562573,Jack Scott,2026-08-08T14:00:00+00:00,2026,NIR1,1,False,4916758,1,5594,away,8714,0,1,played,22,0,False,69,0,0,0,0,0,0,,,69,0,0
167262,Reece Glendinning,2026-08-08T14:00:00+00:00,2026,NIR2,2,False,4917843,1,21825,away,59986,3,1,not in squad,,,False,0,0,0,0,0,0,0,,,,0,0
248588,Eoghan McCawl,2026-08-08T14:00:00+00:00,2026,NIR2,2,False,4917839,1,63170,home,63171,2,2,played,0,0,False,4,0,0,0,0,0,0,,86,,0,0
467403,Ryan Waide,2026-08-08T14:00:00+00:00,2026,NIR2,2,False,4917840,1,3463,home,14958,1,3,not in squad,,,False,0,0,0,0,0,0,0,,,,0,0
1475565,Shea Callister,2026-08-07T18:45:00+00:00,2026,NIR1,1,False,4916756,1,21532,away,1251,1,2,played,1,1,False,90,0,0,0,0,0,0,,,,0,0
1475565,Shea Callister,2026-07-16T17:30:00+00:00,2026,ELQ,10,False,4897222,2,920,home,208,1,2,in squad,26,,False,0,0,0,0,0,0,0,,,,0,0
1475565,Shea Callister,2026-07-09T18:00:00+00:00,2026,ELQ,10,False,4897216,1,920,away,208,2,3,in squad,26,,False,0,0,0,0,0,0,0,,,,0,0
821390,Kurtis Forsythe,2026-08-07T18:45:00+00:00,2026,NIR1,1,False,4916756,1,21532,away,1251,1,2,played,2,5,False,90,0,0,0,0,0,0,60,,,0,0
897021,Lewis Barr,2026-08-07T18:45:00+00:00,2026,NIR1,1,False,4916756,1,21532,away,1251,1,2,in squad,43,,False,0,0,0,0,0,0,0,,,,0,0
832273,Rian Brown,2026-08-07T18:45:00+00:00,2026,NIR1,1,False,4916756,1,21532,away,1251,1,2,in squad,31,,False,0,0,0,0,0,0,0,,,,0,0
1085983,Josh Andrews,2026-08-08T14:00:00+00:00,2026,NIR2,2,False,4917839,1,63170,home,63171,2,2,in squad,,,False,0,0,0,0,0,0,0,,,,0,0
984530,Cammy Bruce,2026-08-07T18:45:00+00:00,2026,NIR1,1,False,4916756,1,21532,away,1251,1,2,not in squad,,,False,0,0,0,0,0,0,0,,,,0,0
1260711,Leon Barr,2026-08-07T18:45:00+00:00,2026,NIR1,1,False,4916756,1,21532,away,1251,1,2,not in squad,,,False,0,0,0,0,0,0,0,,,,0,0
1198608,Scot Rough,2026-08-07T18:45:00+00:00,2026,NIR1,1,False,4916756,1,21532,away,1251,1,2,played,5,0,False,6,0,0,0,0,0,0,,84,,0,0
1324475,Josh Williamson,2026-08-07T18:45:00+00:00,2026,NIR1,1,False,4916756,1,21532,away,1251,1,2,in squad,16,,False,0,0,0,0,0,0,0,,,,0,0
471343,Lloyd Anderson,2026-08-07T18:45:00+00:00,2026,NIR1,1,False,4916756,1,21532,away,1251,1,2,in squad,42,,False,0,0,0,0,0,0,0,,,,0,0
614827,Finley Thorndike,2026-08-07T18:45:00+00:00,2026,NIR1,1,False,4916756,1,21532,away,1251,1,2,played,10,10,False,63,0,0,0,0,0,0,,,63,0,0
1160456,Oilibhéar McCart,2026-08-07T18:45:00+00:00,2026,NIR1,1,False,4916756,1,21532,away,1251,1,2,not in squad,,,False,0,0,0,0,0,0,0,,,,0,0
21804,Robbie Weir,2026-08-07T18:45:00+00:00,2026,NIR1,1,False,4916756,1,21532,away,1251,1,2,played,6,6,False,90,0,0,0,0,0,0,38,,,0,0
1072802,Jack Doherty,2026-08-07T18:45:00+00:00,2026,NIR1,1,False,4916756,1,21532,away,1251,1,2,played,12,0,False,27,0,0,0,0,0,0,,63,,0,0
1072802,Jack Doherty,2026-03-31T15:00:00+00:00,2026,U19Q,20,True,4825270,3,28031,away,28149,0,0,not in squad,,,False,0,0,0,0,0,0,0,,,,0,0
1072802,Jack Doherty,2026-03-28T13:00:00+00:00,2026,U19Q,20,True,4825241,2,28031,away,28028,2,1,not in squad,,,False,0,0,0,0,0,0,0,,,,0,0
1161343,Owen Wardell,2026-08-07T18:45:00+00:00,2026,NIR1,1,False,4916756,1,21532,away,1251,1,2,played,15,9,False,90,0,0,0,0,0,0,,,,0,0
837269,Harry Jewitt-White,2026-08-07T18:45:00+00:00,2026,NIR1,1,False,4916756,1,21532,away,1251,1,2,played,8,7,False,90,0,0,0,0,0,0,,,,0,0
1260158,Matthew Beattie,2026-08-07T18:45:00+00:00,2026,NIR1,1,False,4916756,1,21532,away,1251,1,2,not in squad,,,False,0,0,0,0,0,0,0,,,,0,0
743557,Jacob Blaney,2026-08-07T18:45:00+00:00,2026,NIR1,1,False,4916756,1,21532,away,1251,1,2,played,4,3,False,84,0,0,0,0,0,0,,,84,0,0
617632,Adam Brooks,2026-08-07T18:45:00+00:00,2026,NIR1,1,False,4916756,1,21532,away,1251,1,2,played,9,14,False,90,0,0,0,0,0,0,,,,0,0
1216618,Karter Bond,2026-08-07T18:45:00+00:00,2026,NIR1,1,False,4916756,1,21532,away,1251,1,2,not in squad,,,False,0,0,0,0,0,0,0,,,,0,0
414681,Stewart Nixon,2026-08-07T18:45:00+00:00,2026,NIR1,1,False,4916756,1,21532,away,1251,1,2,not in squad,,,False,0,0,0,0,0,0,0,,,,0,0
599593,Kieran McKechnie,2026-08-07T18:45:00+00:00,2026,NIR1,1,False,4916756,1,21532,away,1251,1,2,played,7,8,False,63,0,0,0,0,0,0,,,63,0,0
854537,Musa Dibaga,2026-08-08T14:00:00+00:00,2026,SC2,2,False,4910412,2,1270,home,1192,1,1,played,12,1,False,90,0,0,0,0,0,0,,,,0,0
854537,Musa Dibaga,2026-08-01T14:00:00+00:00,2026,SC2,2,False,4910382,1,1270,away,2451,0,0,not in squad,,,False,0,0,0,0,0,0,0,,,,0,0
854537,Musa Dibaga,2026-07-26T14:00:00+00:00,2026,SCP,14,False,4891675,5,1270,away,465,1,0,not in squad,,,False,0,0,0,0,0,0,0,,,,0,0
854537,Musa Dibaga,2026-07-21T18:45:00+00:00,2026,SCP,14,False,4891660,4,1270,home,8933,5,0,not in squad,,,False,0,0,0,0,0,0,0,,,,0,0
854537,Musa Dibaga,2026-07-14T18:45:00+00:00,2026,SCP,14,False,4891633,2,1270,home,3023,4,1,in squad,12,,False,0,0,0,0,0,0,0,,,,0,0
854537,Musa Dibaga,2026-07-11T14:00:00+00:00,2026,SCP,14,False,4891613,1,1270,away,28457,0,3,played,12,1,False,90,0,0,0,0,0,0,,,,0,0
946800,Brendan Hamilton,2026-08-08T14:00:00+00:00,2026,NIR2,2,False,4917839,1,63171,away,63170,2,2,in squad,30,,False,0,0,0,0,0,0,0,,,,0,0
953040,Odhrán McCart,2026-08-08T14:00:00+00:00,2026,NIR2,2,False,4917839,1,63171,away,63170,2,2,injured,,,False,0,0,0,0,0,0,0,,,,194,0
967523,Aaron Reid,2026-08-07T18:45:00+00:00,2026,NIR1,1,False,4916756,1,21532,away,1251,1,2,not in squad,,,False,0,0,0,0,0,0,0,,,,0,0
743553,Evan Easton,2026-08-08T14:00:00+00:00,2026,SC3,3,False,4910639,2,2802,home,28457,1,1,in squad,3,,False,0,0,0,0,0,0,0,,,,0,0
743553,Evan Easton,2026-08-01T14:00:00+00:00,2026,SC3,3,False,4910630,1,2802,away,8933,0,0,in squad,3,,False,0,0,0,0,0,0,0,,,,0,0
743553,Evan Easton,2026-07-25T14:00:00+00:00,2026,SCP,14,False,4891676,5,2802,home,2759,0,3,in squad,3,,False,0,0,0,0,0,0,0,,,,0,0
743553,Evan Easton,2026-07-18T14:00:00+00:00,2026,SCP,14,False,4891650,3,2802,home,3015,3,0,played,3,3,False,90,0,0,0,0,0,0,,,,0,0
743553,Evan Easton,2026-07-14T18:45:00+00:00,2026,SCP,14,False,4891635,2,2802,away,2575,0,1,in squad,3,,False,0,0,0,0,0,0,0,,,,0,0
743553,Evan Easton,2026-07-11T14:00:00+00:00,2026,SCP,14,False,4891615,1,2802,away,511,2,4,played,12,5,False,90,0,0,0,0,0,0,,,,0,0
339377,Marty Gallagher,2026-08-08T14:00:00+00:00,2026,NIR1,1,False,4916760,1,15250,away,9026,0,2,played,1,0,False,90,0,0,0,0,0,0,,,,0,0
729171,Jay Riley,2026-08-08T14:00:00+00:00,2026,NIR1,1,False,4916760,1,15250,away,9026,0,2,not in squad,,,False,0,0,0,0,0,0,0,,,,0,0
694895,Matty Walker,2026-08-08T14:00:00+00:00,2026,NIR1,1,False,4916760,1,15250,away,9026,0,2,in squad,3,,False,0,0,0,0,0,0,0,,,,0,0
719252,Kieran Farren,2026-08-08T14:00:00+00:00,2026,NIR1,1,False,4916760,1,15250,away,9026,0,2,played,4,0,False,90,0,0,0,0,0,0,,,,0,0
288358,Rodney Brown,2026-08-08T14:00:00+00:00,2026,NIR1,1,False,4916760,1,15250,away,9026,0,2,played,19,0,False,83,0,0,0,0,0,0,,,83,0,0
312147,Adam Mullan,2026-08-08T14:00:00+00:00,2026,NIR1,1,False,4916760,1,15250,away,9026,0,2,not in squad,,,False,0,0,0,0,0,0,0,,,,0,0
140888,Stephen Lowry,2026-08-08T14:00:00+00:00,2026,NIR1,1,False,4916760,1,15250,away,9026,0,2,played,8,0,False,61,0,0,0,0,0,0,12,,61,0,0
701010,Lewis Tosh,2026-08-08T14:00:00+00:00,2026,NIR1,1,False,4916760,1,15250,away,9026,0,2,not in squad,,,False,0,0,0,0,0,0,0,,,,0,0
944156,Fintan Doherty,2026-08-08T14:00:00+00:00,2026,NIR1,1,False,4916760,1,15250,away,9026,0,2,in squad,21,,False,0,0,0,0,0,0,0,,,,0,0
85930,Philip Lowry,2026-08-08T14:00:00+00:00,2026,NIR1,1,False,4916760,1,15250,away,9026,0,2,played,7,0,False,90,0,0,0,0,0,0,84,,,0,0
671267,Ruairi Boorman,2026-08-08T14:00:00+00:00,2026,NIR1,1,False,4916760,1,15250,away,9026,0,2,played,16,0,False,17,0,0,0,0,0,0,,73,,0,0
250654,Mikhail Kennedy,2026-08-07T18:45:00+00:00,2026,NIR2,2,False,4917844,1,12903,away,47059,1,0,not in squad,,,False,0,0,0,0,0,0,0,,,,0,0
1254045,Sam McClintock,2026-08-07T18:45:00+00:00,2026,NIR2,2,False,4917844,1,47059,home,12903,0,1,not in squad,,,False,0,0,0,0,0,0,0,,,,0,0
938693,Tiarnan Boorman,2026-08-08T14:00:00+00:00,2026,NIR1,1,False,4916760,1,15250,away,9026,0,2,played,5,0,False,90,0,0,0,0,0,0,,,,0,0
1150400,John Butcher,2026-08-08T14:00:00+00:00,2026,NIR1,1,False,4916760,1,15250,away,9026,0,2,played,17,0,False,90,0,0,0,0,0,0,,,,0,0
433315,Ronan Wilson,2026-08-08T14:00:00+00:00,2026,NIR1,1,False,4916760,1,15250,away,9026,0,2,played,23,0,False,17,0,0,0,0,0,0,,73,,0,0
1295939,Oisin Duffy,2026-08-08T14:00:00+00:00,2026,NIR1,1,False,4916760,1,15250,away,9026,0,2,played,9,0,False,73,0,0,0,0,0,0,,,73,0,0
1405745,Jamie Barry,2026-08-08T14:00:00+00:00,2026,NIR1,1,False,4916758,1,5594,away,8714,0,1,in squad,33,,False,0,0,0,0,0,0,0,,,,0,0
138473,Aaron McCarey,2026-08-08T14:00:00+00:00,2026,NIR1,1,False,4916758,1,5594,away,8714,0,1,played,1,0,False,90,0,0,0,0,0,0,,,,0,0
694893,Lewis MacKinnon,2026-08-08T14:00:00+00:00,2026,NIR1,1,False,4916758,1,5594,away,8714,0,1,played,5,0,False,90,0,0,0,0,0,0,38,,,0,0
1237271,Divin Isamala,2026-08-08T14:00:00+00:00,2026,NIR1,1,False,4916758,1,5594,away,8714,0,1,played,2,0,False,9,0,0,0,0,0,0,,81,,0,0
464621,Lee Chapman,2026-08-08T14:00:00+00:00,2026,NIR1,1,False,4916758,1,5594,away,8714,0,1,not in squad,,,False,0,0,0,0,0,0,0,,,,0,0
406729,Mikey Hewitt,2026-08-08T14:00:00+00:00,2026,NIR1,1,False,4916758,1,5594,away,8714,0,1,played,23,0,False,90,0,0,0,0,0,0,,,,0,0
957060,Baris Altintop,2026-08-08T14:00:00+00:00,2026,NIR1,1,False,4916758,1,5594,away,8714,0,1,played,4,0,False,13,0,0,0,0,0,0,,77,,0,0
1260713,Oisin Gamble,2026-08-08T14:00:00+00:00,2026,NIR1,1,False,4916758,1,5594,away,8714,0,1,not in squad,,,False,0,0,0,0,0,0,0,,,,0,0
1260713,Oisin Gamble,2026-03-31T15:00:00+00:00,2026,U19Q,20,True,4825270,3,28031,away,28149,0,0,played,3,4,False,82,0,0,0,0,0,0,48,,82,0,0
1260713,Oisin Gamble,2026-03-28T13:00:00+00:00,2026,U19Q,20,True,4825241,2,28031,away,28028,2,1,played,3,4,False,62,0,0,0,0,0,0,,,62,0,0
564674,Matty Carson,2026-08-08T14:00:00+00:00,2026,NIR1,1,False,4916758,1,5594,away,8714,0,1,played,3,0,False,21,0,0,0,0,0,0,,69,,0,0
1136369,Adhamh Towe,2026-08-08T14:00:00+00:00,2026,NIR1,1,False,4916758,1,5594,away,8714,0,1,not in squad,,,False,0,0,0,0,0,0,0,,,,0,0
160693,Aaron Traynor,2026-08-08T14:00:00+00:00,2026,NIR1,1,False,4916758,1,5594,away,8714,0,1,not in squad,,,False,0,0,0,0,0,0,0,,,,0,0
406728,Rhys Breen,2026-08-08T14:00:00+00:00,2026,NIR1,1,False,4916758,1,5594,away,8714,0,1,played,12,0,False,77,0,0,0,0,0,0,,,77,0,0
1112747,Rabby Tabu Minzamba,2026-08-08T14:00:00+00:00,2026,NIR1,1,False,4916758,1,5594,away,8714,0,1,played,6,0,False,9,0,0,0,0,0,0,,81,,0,0
81133,Gary Thompson,2026-08-08T14:00:00+00:00,2026,NIR1,1,False,4916758,1,5594,away,8714,0,1,played,26,0,False,81,0,0,0,0,0,0,45,,81,0,0
1171522,Joe McKay,2026-08-01T14:00:00+00:00,2026,SC3,3,False,4910632,1,2999,away,3030,5,0,in squad,20,,False,0,0,0,0,0,0,0,,,,0,0
1171522,Joe McKay,2026-07-25T14:00:00+00:00,2026,SCP,14,False,4891684,5,2999,home,3028,5,0,played,20,14,False,63,0,0,3,0,1,2,,,63,0,0
1171522,Joe McKay,2026-07-21T18:45:00+00:00,2026,SCP,14,False,4891670,4,2999,away,2553,0,1,played,20,0,False,15,0,0,0,0,0,0,,75,,0,0
1171522,Joe McKay,2026-07-18T14:00:00+00:00,2026,SCP,14,False,4891657,3,2999,home,2795,6,5,played,20,0,False,7,0,0,0,0,0,0,,83,,0,0
1171522,Joe McKay,2026-07-11T14:00:00+00:00,2026,SCP,14,False,4891622,1,2999,away,3032,1,0,played,20,0,False,16,0,0,0,0,0,0,,74,,0,0
825068,James Teelan,2026-08-08T14:00:00+00:00,2026,NIR1,1,False,4916758,1,5594,away,8714,0,1,played,19,0,False,90,0,0,0,0,0,0,83,,,0,0
572015,Eamon Fyfe,2026-08-08T14:00:00+00:00,2026,NIR1,1,False,4916758,1,5594,away,8714,0,1,played,10,0,False,90,0,0,0,0,0,0,85,,,0,0
934941,Liam Jessop,2026-08-08T14:00:00+00:00,2026,NIR1,1,False,4916758,1,5594,away,8714,0,1,played,11,0,False,26,0,0,0,0,0,0,,,,0,0
1203143,Dominic Martins,2026-08-08T14:00:00+00:00,2026,NIR1,1,False,4916758,1,5594,away,8714,0,1,played,48,0,False,81,0,0,0,0,0,0,,,81,0,0
1502293,Benji Wells,2026-08-08T14:00:00+00:00,2026,NIR1,1,False,4916758,1,5594,away,8714,0,1,not in squad,,,False,0,0,0,0,0,0,0,,,,0,0
1561001,Sean O'Mahoney,2026-08-08T14:00:00+00:00,2026,NIR1,1,False,4916758,1,5594,away,8714,0,1,in squad,17,,False,0,0,0,0,0,0,0,,,,0,0
322326,Jamie Rea,2026-08-08T14:00:00+00:00,2026,NIR2,2,False,4917838,1,6068,away,21929,1,0,not in squad,,,False,0,0,0,0,0,0,0,,,,0,0
865358,Zach Cowan,2026-08-08T14:00:00+00:00,2026,NIR3,3,False,4946651,1,97229,away,4421,0,0,not in squad,,,False,0,0,0,0,0,0,0,,,,0,0
738025,Ahu Obhakhan,2026-08-08T14:00:00+00:00,2026,NIR1,1,False,4916758,1,5594,away,8714,0,1,in squad,20,,False,0,0,0,0,0,0,0,,,,0,0
419622,Ryan Mayse,2026-08-08T14:00:00+00:00,2026,NIR2,2,False,4917838,1,21929,home,6068,0,1,not in squad,,,False,0,0,0,0,0,0,0,,,,0,0
