player_id,player_name,season,competition_id,club_id,is_national_team,matches_total,matches_played,matches_injured_absent,minutes,goals,assists,shots_total,shots_on_goal,yellow_cards
315442,Cătălin Căbuz,2026,ROMP,41278,False,1,1,0,90,0,0,0,0,0
315442,Cătălin Căbuz,2026,RO1,41278,False,10,9,0,765,0,0,0,0,0
21517,Ionuț Pop,2026,ROMP,86094,False,1,0,0,0,0,0,0,0,0
21517,Ionuț Pop,2026,RO2,86094,False,8,1,0,90,0,0,0,0,0
309016,Vlad Muțiu,2026,ROMP,86094,False,1,0,0,0,0,0,0,0,0
309016,Vlad Muțiu,2026,RO2,86094,False,8,5,0,450,0,0,0,0,0
168278,David Lazar,2026,ROMP,54585,False,2,0,0,0,0,0,0,0,0
168278,David Lazar,2026,RO1,54585,False,10,10,0,900,0,0,0,0,0
340978,Tiberiu Căpușă,2026,ROMP,9465,False,2,2,0,210,0,0,0,0,0
340978,Tiberiu Căpușă,2026,RO1,9465,False,9,9,0,309,0,0,3,0,0
608977,Nana Antwi,2026,ISR1,3793,False,5,1,0,68,0,0,1,1,0
608977,Nana Antwi,2026,ECLQ,3793,False,4,4,0,420,0,2,0,0,2
710076,Kevin Ciubotaru,2026,SCP,1519,False,1,1,0,90,0,0,0,0,0
710076,Kevin Ciubotaru,2026,SC1,1519,False,6,3,0,206,1,0,5,4,0
614623,Alexandru Oroian,2026,ROMP,58049,False,1,0,0,0,0,0,0,0,0
614623,Alexandru Oroian,2026,RO2,78257,False,5,4,0,187,0,0,0,0,1
351072,Vahid Selimovic,2026,ELQ,41133,False,4,4,0,390,0,0,2,0,1
351072,Vahid Selimovic,2026,CLQ,41133,False,4,4,0,345,0,0,0,0,0
203966,Andreas Karo,2026,ZYP1,786,False,4,3,0,127,0,0,0,0,0
1229554,Luca Stancu,2026,ROMP,301,False,1,1,0,45,0,0,0,0,1
1229554,Luca Stancu,2026,RO1,301,False,9,3,0,69,0,0,0,0,0
1229554,Luca Stancu,2026,ECLQ,301,False,2,0,0,0,0,0,0,0,0
610414,Saeed Issah,2026,ROMP,58049,False,1,0,0,0,0,0,0,0,0
610414,Saeed Issah,2026,RO2,12680,False,2,0,0,0,0,0,0,0,0
147993,Florin Bejan,2026,ROMP,97775,False,1,1,0,90,0,0,0,0,0
283287,Antoni Ivanov,2026,ROMP,952,False,1,1,0,21,0,0,0,0,0
283287,Antoni Ivanov,2026,ROMP,58049,False,1,0,0,0,0,0,0,0,0
283287,Antoni Ivanov,2026,RO1,952,False,4,2,0,56,0,0,0,0,0
296585,Silviu Balaure,2026,ROMP,41278,False,1,1,0,69,0,0,0,0,0
296585,Silviu Balaure,2026,RO1,41278,False,10,7,0,364,0,0,4,1,1
241259,Ciprian Biceanu,2026,ROMP,93148,False,2,1,0,71,0,0,0,0,0
241259,Ciprian Biceanu,2026,RO2,93148,False,7,5,0,273,0,0,0,0,0
372446,Diogo Batista,2026,ROMP,58049,False,1,0,0,0,0,0,0,0,0
372446,Diogo Batista,2026,POPO,1701,False,1,0,0,0,0,0,0,0,0
372446,Diogo Batista,2026,PO2,1701,False,4,0,0,0,0,0,0,0,0
916316,Alexandru Luca,2026,ROMP,78257,False,2,1,0,90,0,0,0,0,0
916316,Alexandru Luca,2026,RO2,78257,False,8,7,0,609,0,1,0,0,2
1028683,Patrick Vuc,2026,SAPO,497,False,1,1,0,13,0,0,0,0,0
1028683,Patrick Vuc,2026,RLN4,497,False,10,6,0,65,0,1,0,0,0
547754,Ianis Stoica,2026,PO1,2431,False,7,7,0,491,4,2,11,6,0
470152,Dennis Politic,2026,ROMP,301,False,1,0,1,0,0,0,0,0,0
470152,Dennis Politic,2026,RO1,301,False,10,5,3,134,1,0,4,3,1
470152,Dennis Politic,2026,ECLQ,301,False,2,1,0,2,0,0,0,0,0
430836,Cristian Neguț,2026,ROMP,12680,False,3,1,0,100,0,0,0,0,0
430836,Cristian Neguț,2026,RO2,12680,False,8,7,0,527,3,2,0,0,0
584105,Marko Gjorgjievski,2026,MAZ1,1167,False,8,3,0,36,0,0,0,0,0
584105,Marko Gjorgjievski,2026,ECLQ,1167,False,4,3,0,38,2,0,0,0,0
651376,Moonga Simba,2026,ROMP,58049,False,1,0,0,0,0,0,0,0,0
651376,Moonga Simba,2026,BOS1,628,False,6,0,0,0,0,0,0,0,0
164236,Aurelian Chițu,2026,ROMP,39835,False,3,2,0,69,1,0,0,0,0
164236,Aurelian Chițu,2026,RO2,39835,False,8,7,0,626,2,2,0,0,1
972812,Ianis Mihart,2026,ROMP,78257,False,2,0,0,0,0,0,0,0,0
972812,Ianis Mihart,2026,RO2,78257,False,8,7,0,492,0,0,0,0,0
1161049,Ioan Bârstan,2026,ROMS,6429,False,1,0,0,0,0,0,0,0,0
1161049,Ioan Bârstan,2026,RO1,6429,False,1,0,0,0,0,0,0,0,0
1161049,Ioan Bârstan,2026,ELQ,6429,False,2,0,2,0,0,0,0,0,0
123671,Sergiu Buș,2026,RO1,7769,False,2,2,0,37,1,0,7,4,0
464278,Ion Gurău,2026,ROMP,8818,False,2,2,0,180,0,0,0,0,0
464278,Ion Gurău,2026,RO1,8818,False,10,0,0,0,0,0,0,0,0
871493,Ștefan Ciupercă,2026,ROMP,29700,False,2,0,0,0,0,0,0,0,0
871493,Ștefan Ciupercă,2026,RO2,29700,False,8,0,0,0,0,0,0,0,0
604366,Ionuț Dinu,2026,ROMP,61687,False,2,1,0,120,0,0,0,0,0
604366,Ionuț Dinu,2026,RO2,61687,False,8,8,0,630,2,0,0,0,1
171770,Denis Rusu,2026,ROMP,29700,False,1,1,0,90,0,0,0,0,0
171770,Denis Rusu,2026,RO2,29700,False,7,7,0,630,0,0,0,0,0
536129,Andrei Dragu,2026,AZ1,37246,False,6,6,0,540,0,1,0,0,1
529149,Daniel Șerbănică,2026,ROMP,84065,False,2,1,0,120,0,0,0,0,0
529149,Daniel Șerbănică,2026,RO2,84065,False,8,7,0,620,0,2,0,0,0
940366,Andrei Dorobanțu,2026,ROMP,952,False,1,1,0,90,1,0,0,0,0
940366,Andrei Dorobanțu,2026,RO1,952,False,10,10,0,864,2,0,10,3,1
467241,Oleksandr Safronov,2026,UNGP,709,False,1,1,0,90,0,0,0,0,0
467241,Oleksandr Safronov,2026,UNG1,709,False,3,2,0,10,0,0,0,0,1
531411,Esteban Orozco,2026,VPO1,20903,False,1,0,0,0,0,0,0,0,0
531411,Esteban Orozco,2026,VIE1,20903,False,2,2,0,180,0,0,0,0,0
912165,Laurențiu Vlăsceanu,2026,ROMP,61687,False,2,0,0,0,0,0,0,0,0
912165,Laurențiu Vlăsceanu,2026,RO2,61687,False,8,0,0,0,0,0,0,0,0
912165,Laurențiu Vlăsceanu,2026,RO1,301,False,2,0,0,0,0,0,0,0,0
912165,Laurențiu Vlăsceanu,2026,ECLQ,301,False,2,0,0,0,0,0,0,0,0
242114,Florinel Ibrian,2026,ROMP,29700,False,2,2,0,135,1,0,0,0,0
242114,Florinel Ibrian,2026,RO2,29700,False,8,4,0,134,0,0,0,0,0
226545,Marius Antoche,2026,ROMP,101331,False,3,2,0,121,0,0,0,0,1
226545,Marius Antoche,2026,RO2,101331,False,8,4,0,270,0,0,0,0,2
357858,Marc Tsoungui,2026,SCC,1292,False,1,1,0,83,0,0,0,0,0
357858,Marc Tsoungui,2026,C2,1292,False,8,3,5,138,0,0,0,0,0
1163170,Raul Iancu,2026,ROMP,29700,False,2,2,0,180,0,0,0,0,0
1163170,Raul Iancu,2026,RO2,29700,False,8,0,0,0,0,0,0,0,0
246394,Constantin Toma,2026,ROMP,29700,False,2,2,0,135,0,0,0,0,0
246394,Constantin Toma,2026,RO2,29700,False,8,3,0,123,0,0,0,0,0
410616,Valon Hamdiu,2026,SCC,8463,False,1,1,0,26,0,0,0,0,0
410616,Valon Hamdiu,2026,C2,8463,False,7,6,1,353,0,0,5,3,2
341374,Vlad Pop,2026,AZ1,37246,False,6,5,0,141,0,0,0,0,0
372908,Alexandru Albu,2026,ROMP,61687,False,2,1,0,90,0,0,0,0,0
372908,Alexandru Albu,2026,RO2,61687,False,8,8,0,612,1,0,0,0,2
577515,Teodor Lungu,2026,ROMP,4959,False,1,1,0,90,0,0,0,0,0
577515,Teodor Lungu,2026,RO1,4959,False,9,8,0,275,1,0,7,2,2
271281,Ronaldo Deaconu,2026,ROMP,41061,False,2,2,0,107,0,0,0,0,1
271281,Ronaldo Deaconu,2026,RO1,41061,False,9,4,0,44,0,0,1,1,0
524163,Ionuț Coadă,2026,ROMP,61687,False,2,1,0,29,0,0,0,0,0
524163,Ionuț Coadă,2026,RO2,61687,False,8,3,0,35,0,0,0,0,0
1038445,Patrick Dulcea,2026,ROMP,41278,False,1,1,0,30,0,0,0,0,0
1038445,Patrick Dulcea,2026,RO1,41278,False,10,4,0,205,0,0,3,0,1
50806,Adnan Aganovic,2026,ROMP,54585,False,2,1,0,30,0,0,0,0,0
50806,Adnan Aganovic,2026,RO1,54585,False,10,0,0,0,0,0,0,0,0
203059,Florin Purece,2026,ROMP,37624,False,1,0,0,0,0,0,0,0,0
203059,Florin Purece,2026,RO2,37624,False,8,7,0,630,2,2,0,0,2
824040,Mihăiță Lemnaru,2026,ROMP,29700,False,2,0,0,0,0,0,0,0,0
824040,Mihăiță Lemnaru,2026,RO2,29700,False,8,0,0,0,0,0,0,0,0
665525,Jayson Papeau,2026,ROMP,952,False,1,1,0,45,0,0,0,0,0
665525,Jayson Papeau,2026,RO1,952,False,10,10,0,441,1,2,13,1,2
341140,Nicolae Carnat,2026,ROMP,15945,False,3,3,0,172,4,2,0,0,0
341140,Nicolae Carnat,2026,RO2,15945,False,8,6,0,392,1,1,0,0,2
396646,Guy Dahan,2026,ISR2,25909,False,6,6,0,406,2,0,0,0,0
1115189,Raul Rotund,2026,ROMP,15945,False,2,1,0,30,0,0,0,0,0
1115189,Raul Rotund,2026,RO2,15945,False,5,2,0,69,0,0,0,0,0
1115189,Raul Rotund,2026,RO1,312,False,5,0,1,0,0,0,0,0,0
483715,Renato Espinosa,2026,ROMP,41061,False,2,2,0,47,0,0,0,0,0
483715,Renato Espinosa,2026,RO1,41061,False,9,9,0,485,1,0,10,4,0
262108,Cristi Bărbuţ,2026,ROMP,4686,False,1,1,0,57,0,0,0,0,0
262108,Cristi Bărbuţ,2026,RO2,4686,False,7,7,0,451,2,2,0,0,1
404851,Denis Yanakov,2026,BU2,109262,False,8,8,0,254,0,0,0,0,2
1019018,Marius Lupu,2026,ROMP,72860,False,3,3,0,255,0,0,0,0,0
1019018,Marius Lupu,2026,RO2,72860,False,8,7,0,423,1,2,0,0,0
1450778,Silviu Tănase,2026,ROMP,29700,False,2,2,0,90,0,0,0,0,0
1450778,Silviu Tănase,2026,RO2,29700,False,8,1,0,23,0,0,0,0,0
203089,George Gavrilaș,2026,ROMP,37624,False,1,0,0,0,0,0,0,0,0
203089,George Gavrilaș,2026,RO2,37624,False,8,7,0,630,0,0,0,0,0
481178,Christ Kouadio,2026,SER1,33328,False,4,0,0,0,0,0,0,0,0
1163952,Alexandru Soare,2026,ROMP,37624,False,1,1,0,45,0,0,0,0,0
1163952,Alexandru Soare,2026,RO2,37624,False,8,0,0,0,0,0,0,0,0
530675,George Caramalău,2026,RO2,37624,False,2,2,0,135,0,0,0,0,1
912091,Robert Bădescu,2026,ROMP,952,False,1,0,0,0,0,0,0,0,0
912091,Robert Bădescu,2026,RO1,952,False,10,3,0,20,0,0,0,0,1
836804,Tarek Aggoun,2026,THA1,35387,False,3,3,0,270,0,1,4,1,0
836804,Tarek Aggoun,2026,ACLE,35387,False,1,1,0,90,0,1,1,0,0
1113720,David Irimia,2026,ROMP,312,False,1,0,0,0,0,0,0,0,0
1113720,David Irimia,2026,RO1,312,False,10,9,0,761,0,1,3,1,2
1202523,Gabriel Dumitru,2026,ROMP,93148,False,2,1,0,45,0,0,0,0,0
1202523,Gabriel Dumitru,2026,RO2,93148,False,7,2,0,135,0,0,0,0,0
281077,Omar Pasagic,2026,ALB1,4040,False,5,0,0,0,0,0,0,0,0
319253,Alexandru Țîrlea,2026,ROMP,7769,False,1,0,0,0,0,0,0,0,0
319253,Alexandru Țîrlea,2026,RO1,7769,False,9,0,0,0,0,0,0,0,0
319253,Alexandru Țîrlea,2026,ECLQ,7769,False,4,0,4,0,0,0,0,0,0
136744,Mike Cestor,2026,FR5E,79450,False,3,3,0,270,0,0,0,0,2
97515,Andrei Sava,2026,ROMP,37624,False,1,0,0,0,0,0,0,0,0
97515,Andrei Sava,2026,RO2,37624,False,8,7,0,566,0,0,0,0,1
312471,Cosmin Achim,2026,ROMP,93148,False,2,2,0,180,0,0,0,0,0
312471,Cosmin Achim,2026,RO2,93148,False,7,2,0,64,0,0,0,0,0
125069,Júnior Morais,2026,ROMP,37624,False,1,1,0,90,0,0,0,0,0
125069,Júnior Morais,2026,RO2,37624,False,8,5,0,91,0,0,0,0,2
867947,Moses Abbey,2026,IRQ1,39637,False,8,0,0,0,0,0,0,0,0
217154,Damià Sabater,2026,VIE1,81455,False,3,1,0,90,0,1,0,0,0
217154,Damià Sabater,2026,ACLE,81455,False,1,1,0,59,0,0,1,0,0
217154,Damià Sabater,2026,ACEQ,81455,False,1,1,0,90,0,0,0,0,0
614516,Bruno Carvalho,2026,RO2,61687,False,2,2,0,123,0,0,0,0,0
1113721,Alexandru Irimia,2026,ROMP,37624,False,1,1,0,90,0,0,0,0,0
1113721,Alexandru Irimia,2026,RO2,37624,False,7,6,0,520,0,0,0,0,1
1113721,Alexandru Irimia,2026,RO1,312,False,3,0,0,0,0,0,0,0,0
1017317,Giovani Ghimfus,2026,ROMP,54585,False,2,2,0,172,0,0,0,0,0
1017317,Giovani Ghimfus,2026,RO1,54585,False,10,0,0,0,0,0,0,0,0
869995,Mario Tache,2026,ROMP,15945,False,1,0,0,0,0,0,0,0,0
869995,Mario Tache,2026,RO2,15945,False,2,0,0,0,0,0,0,0,0
869995,Mario Tache,2026,RO2,102149,False,5,3,0,82,0,0,0,0,0
826143,Răzvan Milea,2026,ROMP,60792,False,2,2,0,165,0,0,0,0,0
826143,Răzvan Milea,2026,RO2,60792,False,8,7,0,473,0,0,0,0,0
511175,Robert Neacșu,2026,ROMP,37624,False,1,1,0,90,0,0,0,0,0
511175,Robert Neacșu,2026,RO2,37624,False,7,6,0,283,0,0,0,0,1
272718,Desley Ubbink,2026,NLP,1227,False,1,1,0,71,0,1,0,0,0
272718,Desley Ubbink,2026,511,1227,False,6,5,0,450,1,0,0,0,2
341987,Yassine Zakir,2026,SAKC,68748,False,1,1,0,90,0,0,2,1,0
341987,Yassine Zakir,2026,SA2L,68748,False,6,6,0,503,1,0,3,1,2
976495,Laurențiu Liș,2026,ROMP,37620,False,2,1,0,58,0,0,0,0,0
976495,Laurențiu Liș,2026,RO2,37620,False,8,3,0,29,0,0,0,0,0
496631,Stefan Visic,2026,ROMP,4686,False,1,1,0,70,1,0,0,0,0
496631,Stefan Visic,2026,RO2,4686,False,7,7,0,374,2,0,0,0,0
1045068,Alexandru Gheorghe,2026,ROMP,122344,False,1,0,0,0,0,0,0,0,0
1045068,Alexandru Gheorghe,2026,RO2,122344,False,8,7,0,630,0,0,0,0,1
64054,Dragoș Huiban,2026,ROMP,111686,False,2,1,0,47,0,0,0,0,0
64054,Dragoș Huiban,2026,RO2,111686,False,8,7,0,444,0,1,0,0,1
1008333,Adrian Sârbu,2026,ROMP,102149,False,1,0,0,0,0,0,0,0,0
1008333,Adrian Sârbu,2026,RO2,102149,False,4,0,0,0,0,0,0,0,0
1377877,Radu Maria,2026,RO1,455,False,6,0,0,0,0,0,0,0,0
916750,Endri Celaj,2026,ALB1,4040,False,5,1,0,45,0,0,0,0,1
1432639,Albert Cuculescu,2026,ROMP,124184,False,4,1,0,45,1,0,0,0,0
1317470,Peter Maapia,2026,ROMP,102149,False,1,0,0,0,0,0,0,0,0
1317470,Peter Maapia,2026,RO2,102149,False,7,2,0,175,0,1,0,0,0
709671,Răzvan Pașcalău,2026,RO1,312,False,4,0,1,0,0,0,0,0,0
709671,Răzvan Pașcalău,2026,IT3C,4031,False,6,5,0,367,0,0,0,0,1
709671,Răzvan Pașcalău,2026,CILP,4031,False,2,2,0,180,0,0,0,0,0
1109602,Casian Soare,2026,RO1,312,False,1,0,1,0,0,0,0,0,0
1317469,Sanusi Hussaini,2026,ROMP,34972,False,2,2,0,210,1,0,0,0,0
1413244,Ahmed Bala,2026,ROMP,37205,False,3,1,0,69,0,0,0,0,0
394435,Sheriff Sinyan,2026,RO1,455,False,3,1,0,76,0,0,1,1,0
692349,Andrei Coubiș,2026,ROMS,6429,False,1,0,0,0,0,0,0,0,0
692349,Andrei Coubiș,2026,RO1,6429,False,1,0,0,0,0,0,0,0,0
692349,Andrei Coubiș,2026,GB2,1198,False,8,6,0,309,0,1,5,1,0
692349,Andrei Coubiș,2026,ELQ,6429,False,2,1,0,90,0,0,0,0,0
692349,Andrei Coubiș,2026,ECLQ,6429,False,1,0,0,0,0,0,0,0,0
692349,Andrei Coubiș,2026,CGB,1198,False,3,2,0,122,0,0,0,0,0
1360505,Quadri Taiwo,2026,ROMS,6429,False,1,0,0,0,0,0,0,0,0
1360505,Quadri Taiwo,2026,ROMP,56359,False,2,1,0,90,0,0,0,0,0
1360505,Quadri Taiwo,2026,RO2,56359,False,8,8,0,415,8,0,0,0,3
1360505,Quadri Taiwo,2026,RO1,6429,False,1,0,0,0,0,0,0,0,0
1360505,Quadri Taiwo,2026,ELQ,6429,False,2,0,2,0,0,0,0,0,0
1360505,Quadri Taiwo,2026,ECLQ,6429,False,1,0,1,0,0,0,0,0,0
1184701,Bogdan Bușe,2026,ROMP,56358,False,2,1,0,90,2,0,0,0,0
1474455,Raji Ayomide,2026,ROMS,6429,False,1,0,0,0,0,0,0,0,0
1474455,Raji Ayomide,2026,ROMP,56359,False,2,1,0,90,0,0,0,0,0
1474455,Raji Ayomide,2026,RO2,56359,False,8,7,0,405,0,0,0,0,3
1474455,Raji Ayomide,2026,RO1,6429,False,1,0,0,0,0,0,0,0,0
1474455,Raji Ayomide,2026,ELQ,6429,False,2,0,2,0,0,0,0,0,0
1474455,Raji Ayomide,2026,ECLQ,6429,False,1,0,1,0,0,0,0,0,0
434711,Jakov Blagaic,2026,RO1,41278,False,2,0,0,0,0,0,0,0,0
434711,Jakov Blagaic,2026,KRC,11083,False,1,0,0,0,0,0,0,0,0
434711,Jakov Blagaic,2026,KR1,11083,False,8,5,0,286,0,0,4,1,0
980610,Andrei Stoica,2026,ROMP,133846,False,1,1,0,74,0,0,0,0,0
980610,Andrei Stoica,2026,RO1,41278,False,2,0,0,0,0,0,0,0,0
858489,Mario Aioanei,2026,ROMP,37239,False,3,2,0,180,0,1,0,0,0
858489,Mario Aioanei,2026,RO1,29831,False,2,0,0,0,0,0,0,0,0
241343,Petrișor Petrescu,2026,ROMP,78257,False,2,1,0,87,0,0,0,0,0
241343,Petrișor Petrescu,2026,RO2,78257,False,8,7,0,532,0,1,0,0,1
1163780,Ianis Croitoru,2026,ROMP,111911,False,1,0,0,0,0,0,0,0,0
1412044,Nicolas Constantinescu,2026,ROMP,37624,False,1,0,0,0,0,0,0,0,0
1412044,Nicolas Constantinescu,2026,RO2,37624,False,8,6,0,540,3,1,0,0,1
1106358,Andrei Dumitru,2026,ROMP,37624,False,1,1,0,90,0,0,0,0,0
1106358,Andrei Dumitru,2026,RO2,37624,False,8,6,0,443,2,0,0,0,0
1106358,Andrei Dumitru,2026,RO1,8818,False,1,0,0,0,0,0,0,0,0
391445,Marco Dulca,2026,TR2,3205,False,8,7,0,341,0,0,6,0,1
391445,Marco Dulca,2026,RO1,9465,False,3,0,0,0,0,0,0,0,0
641989,Denis Radu,2026,TR2,3205,False,8,7,0,204,0,0,1,1,0
641989,Denis Radu,2026,RO1,9465,False,3,0,0,0,0,0,0,0,0
671627,Tudor Telcean,2026,RO1,952,False,2,0,0,0,0,0,0,0,0
925688,David Ilie,2026,ROMP,58049,False,1,0,0,0,0,0,0,0,0
925688,David Ilie,2026,RO1,9465,False,2,0,0,0,0,0,0,0,0
1433225,Alexandru Crainic,2026,ROMP,86160,False,1,0,0,0,0,0,0,0,0
1433225,Alexandru Crainic,2026,RO1,952,False,1,0,0,0,0,0,0,0,0
1263857,Adrian Dragoș,2026,ROMP,86160,False,1,0,0,0,0,0,0,0,0
1454253,David Ștef,2026,ROMP,111296,False,1,1,0,90,0,0,0,0,0
1067293,Ramon Erdei,2026,ROMP,60795,False,1,1,0,78,0,0,0,0,0
1062273,Szilard Balogh,2026,ROMP,113127,False,3,3,0,270,0,0,0,0,0
1345950,Mihai Moșoiu,2026,ROMP,143710,False,2,2,0,134,0,0,0,0,0
901148,Daniel Vereguț,2026,ROMP,54585,False,2,0,0,0,0,0,0,0,0
901148,Daniel Vereguț,2026,RO1,54585,False,7,0,0,0,0,0,0,0,0
937042,Darius Fălcușan,2026,ROMS,40812,False,1,0,0,0,0,0,0,0,0
937042,Darius Fălcușan,2026,ROMP,15945,False,3,2,0,135,0,0,0,0,0
937042,Darius Fălcușan,2026,RO2,15945,False,8,2,0,111,1,0,0,0,1
937042,Darius Fălcușan,2026,RO1,40812,False,2,0,0,0,0,0,0,0,0
937042,Darius Fălcușan,2026,CLQ,40812,False,3,0,3,0,0,0,0,0,0
963964,Ștefan Bană,2026,ROMS,40812,False,1,0,0,0,0,0,0,0,0
963964,Ștefan Bană,2026,RO1,40812,False,6,0,0,0,0,0,0,0,0
963964,Ștefan Bană,2026,QU2L,19585,False,2,2,0,2,0,0,0,0,0
963964,Ștefan Bană,2026,ELQ,40812,False,4,0,0,0,0,0,0,0,0
963964,Ștefan Bană,2026,CLQ,40812,False,4,0,4,0,0,0,0,0,0
1011492,Gabriel Gheorghe,2026,ROMP,41278,False,1,0,0,0,0,0,0,0,0
1011492,Gabriel Gheorghe,2026,RO1,455,False,2,0,0,0,0,0,0,0,0
1011492,Gabriel Gheorghe,2026,RO1,41278,False,8,0,0,0,0,0,0,0,0
824915,Mihai Lixandru,2026,SAKC,27221,False,1,1,0,66,0,0,2,1,0
824915,Mihai Lixandru,2026,SA1,27221,False,7,7,0,601,0,0,6,1,1
824915,Mihai Lixandru,2026,RO1,301,False,2,0,0,0,0,0,0,0,0
824915,Mihai Lixandru,2026,ECLQ,301,False,2,0,2,0,0,0,0,0,0
454888,Igor Savic,2026,RO1,7769,False,2,0,0,0,0,0,0,0,0
454888,Igor Savic,2026,ECLQ,7769,False,1,0,1,0,0,0,0,0,0
454888,Igor Savic,2026,ECLQ,6808,False,1,0,1,0,0,0,0,0,0
454888,Igor Savic,2026,BOS1,6808,False,8,8,0,352,0,0,0,0,2
820240,Dominik Șoptirean,2026,RO1,7769,False,2,0,0,0,0,0,0,0,0
820240,Dominik Șoptirean,2026,OLB2,18636,False,1,0,0,0,0,0,0,0,0
820240,Dominik Șoptirean,2026,ECLQ,7769,False,1,0,1,0,0,0,0,0,0
863544,Tudor Cociș,2026,ROMP,34972,False,2,0,0,0,0,0,0,0,0
863544,Tudor Cociș,2026,RO1,7769,False,2,0,0,0,0,0,0,0,0
863544,Tudor Cociș,2026,ECLQ,7769,False,1,0,1,0,0,0,0,0,0
666434,Gabriel Dănuleasă,2026,SKC,64255,False,2,0,0,0,0,0,0,0,0
666434,Gabriel Dănuleasă,2026,SK2,64255,False,8,8,0,703,0,1,0,0,2
666434,Gabriel Dănuleasă,2026,RO1,29831,False,2,0,0,0,0,0,0,0,0
620963,Riad Suta,2026,TS2,19077,False,3,2,0,154,0,0,0,0,0
620963,Riad Suta,2026,ROMP,8818,False,2,0,0,0,0,0,0,0,0
620963,Riad Suta,2026,RO1,8818,False,7,0,0,0,0,0,0,0,0
289061,Alessandro Murgia,2026,ROMS,6429,False,1,0,0,0,0,0,0,0,0
289061,Alessandro Murgia,2026,RO1,6429,False,3,0,0,0,0,0,0,0,0
289061,Alessandro Murgia,2026,IT3B,45894,False,5,2,0,64,0,1,0,0,1
289061,Alessandro Murgia,2026,ELQ,6429,False,2,0,2,0,0,0,0,0,0
289061,Alessandro Murgia,2026,ECLQ,6429,False,2,0,2,0,0,0,0,0,0
289061,Alessandro Murgia,2026,CILP,45894,False,1,0,0,0,0,0,0,0,0
1197481,Alexandru Glodean,2026,ROMP,84065,False,2,0,0,0,0,0,0,0,0
1197481,Alexandru Glodean,2026,RO2,84065,False,6,0,0,0,0,0,0,0,0
723836,Adrian Caragea,2026,RO1,312,False,4,0,1,0,0,0,0,0,0
723836,Adrian Caragea,2026,GRS2,91869,False,2,2,0,115,0,0,0,0,0
345881,Miguel Silva,2026,ROMS,6429,False,1,0,0,0,0,0,0,0,0
345881,Miguel Silva,2026,ROMP,4959,False,1,1,0,45,0,0,0,0,0
345881,Miguel Silva,2026,RO1,6429,False,3,0,0,0,0,0,0,0,0
345881,Miguel Silva,2026,RO1,4959,False,5,4,1,325,0,0,2,0,0
345881,Miguel Silva,2026,ELQ,6429,False,2,0,2,0,0,0,0,0,0
345881,Miguel Silva,2026,ECLQ,6429,False,2,0,2,0,0,0,0,0,0
1341645,Rareș Fotin,2026,U19Q,21428,True,3,0,0,0,0,0,0,0,0
1341645,Rareș Fotin,2026,RO1,29831,False,4,0,0,0,0,0,0,0,0
1432806,Eduard Moga,2026,ROMS,6429,False,1,0,0,0,0,0,0,0,0
1432806,Eduard Moga,2026,RO1,6429,False,3,0,0,0,0,0,0,0,0
1432806,Eduard Moga,2026,ELQ,6429,False,2,0,2,0,0,0,0,0,0
1432806,Eduard Moga,2026,ECLQ,6429,False,2,0,2,0,0,0,0,0,0
953522,Ime Ndon,2026,ROMP,37624,False,1,0,0,0,0,0,0,0,0
953522,Ime Ndon,2026,RO2,37624,False,6,5,0,334,2,1,0,0,0
953522,Ime Ndon,2026,RO1,952,False,4,0,0,0,0,0,0,0,0
744075,Otto Hindrich,2026,POPU,255,False,1,1,0,90,0,0,0,0,0
744075,Otto Hindrich,2026,PL1,255,False,9,9,0,810,0,0,0,0,0
974331,Bogdan Marian,2026,ROMP,9465,False,1,0,0,0,0,0,0,0,0
974331,Bogdan Marian,2026,RO2,29700,False,4,3,0,263,0,1,0,0,1
974331,Bogdan Marian,2026,RO1,9465,False,6,0,0,0,0,0,0,0,0
712087,Léo Bolgado,2026,ACL,7084,False,2,0,0,0,0,0,0,0,0
478347,Marian Huja,2026,RO1,7769,False,4,0,0,0,0,0,0,0,0
478347,Marian Huja,2026,ECLQ,7769,False,4,1,0,11,0,0,0,0,0
975233,George Leață,2026,RO2,102149,False,4,2,0,71,0,0,0,0,0
975233,George Leață,2026,RO1,7769,False,4,0,0,0,0,0,0,0,0
975233,George Leață,2026,ECLQ,7769,False,4,0,4,0,0,0,0,0,0
1006106,David Ciubăncan,2026,ROMP,11267,False,1,1,0,31,1,0,0,0,0
1006106,David Ciubăncan,2026,RO1,952,False,5,0,0,0,0,0,0,0,0
1154107,Vadym Kyrychenko,2026,RO2,118139,False,4,3,0,145,1,0,0,0,0
1154107,Vadym Kyrychenko,2026,RO1,312,False,6,0,0,0,0,0,0,0,0
816946,Matei Moraru,2026,ROMS,6429,False,1,0,0,0,0,0,0,0,0
816946,Matei Moraru,2026,RO1,6429,False,5,0,0,0,0,0,0,0,0
816946,Matei Moraru,2026,ELQ,6429,False,2,0,2,0,0,0,0,0,0
816946,Matei Moraru,2026,ECLQ,6429,False,2,0,2,0,0,0,0,0,0
1195481,Theo Yolou,2026,RO1,7769,False,5,0,0,0,0,0,0,0,0
1195481,Theo Yolou,2026,KR2,12694,False,5,0,0,0,0,0,0,0,0
1195481,Theo Yolou,2026,ECLQ,7769,False,4,0,4,0,0,0,0,0,0
723823,Vlad Rafailă,2026,ROMP,6429,False,1,0,0,0,0,0,0,0,0
723823,Vlad Rafailă,2026,ROMP,29831,False,1,0,0,0,0,0,0,0,0
723823,Vlad Rafailă,2026,RO1,6429,False,4,0,0,0,0,0,0,0,0
723823,Vlad Rafailă,2026,RO1,29831,False,6,0,0,0,0,0,0,0,0
536519,Virgiliu Postolachi,2026,ROMS,6429,False,1,0,0,0,0,0,0,0,0
536519,Virgiliu Postolachi,2026,RO1,6429,False,5,0,0,0,0,0,0,0,0
536519,Virgiliu Postolachi,2026,ELQ,6429,False,2,0,2,0,0,0,0,0,0
536519,Virgiliu Postolachi,2026,ECLQ,6429,False,2,0,2,0,0,0,0,0,0
1101450,Codrin Cărăușu,2026,ROMP,143709,False,2,1,0,90,0,0,0,0,0
1101450,Codrin Cărăușu,2026,RO1,8818,False,4,0,0,0,0,0,0,0,0
1046110,Nikita Sarpe,2026,ROMP,54585,False,1,0,0,0,0,0,0,0,0
1046110,Nikita Sarpe,2026,RLNA,10131,False,1,0,0,0,0,0,0,0,0
992846,Ștefan Ioniță,2026,ROMP,40843,False,1,0,0,0,0,0,0,0,0
992846,Ștefan Ioniță,2026,ROMP,122344,False,1,1,0,90,0,0,0,0,0
992846,Ștefan Ioniță,2026,RO2,122344,False,4,0,0,0,0,0,0,0,0
992846,Ștefan Ioniță,2026,RO1,40843,False,6,0,0,0,0,0,0,0,0
1154775,Luca Nagy,2026,ROMS,6429,False,1,0,0,0,0,0,0,0,0
1154775,Luca Nagy,2026,ROMP,6429,False,1,0,0,0,0,0,0,0,0
1154775,Luca Nagy,2026,RO2,60792,False,3,1,0,1,0,0,0,0,0
1154775,Luca Nagy,2026,RO1,6429,False,6,0,0,0,0,0,0,0,0
1154775,Luca Nagy,2026,ELQ,6429,False,2,0,2,0,0,0,0,0,0
1154775,Luca Nagy,2026,ECLQ,6429,False,2,0,2,0,0,0,0,0,0
1248149,Răzvan Bârstan,2026,ROMP,7769,False,1,0,0,0,0,0,0,0,0
1248149,Răzvan Bârstan,2026,RO1,7769,False,7,0,0,0,0,0,0,0,0
1248149,Răzvan Bârstan,2026,ECLQ,7769,False,4,0,4,0,0,0,0,0,0
1434258,Mátyás Bartha,2026,ROMP,54585,False,2,0,0,0,0,0,0,0,0
1434258,Mátyás Bartha,2026,RO1,54585,False,2,0,0,0,0,0,0,0,0
186744,Bogdan Țîru,2026,ROMP,29831,False,1,0,0,0,0,0,0,0,0
186744,Bogdan Țîru,2026,RO1,29831,False,7,0,0,0,0,0,0,0,0
186744,Bogdan Țîru,2026,E3G1,4542,False,3,0,0,0,0,0,0,0,0
1030701,Tobias Horn,2026,OLB2,18636,False,2,1,0,1,0,0,0,0,0
1447367,Mihnea Toader,2026,ROMP,312,False,1,0,0,0,0,0,0,0,0
1447367,Mihnea Toader,2026,RO2,78257,False,2,0,0,0,0,0,0,0,0
1447367,Mihnea Toader,2026,RO1,312,False,8,0,0,0,0,0,0,0,0
568617,Răzvan Sava,2026,ROMS,40812,False,1,1,0,90,0,0,0,0,0
568617,Răzvan Sava,2026,ROMP,40812,False,1,1,0,90,0,0,0,0,0
568617,Răzvan Sava,2026,RO1,40812,False,10,6,0,540,0,0,0,0,1
568617,Răzvan Sava,2026,ELQ,40812,False,4,0,0,0,0,0,0,0,0
568617,Răzvan Sava,2026,CLQ,40812,False,4,0,0,0,0,0,0,0,0
271289,Laurențiu Popescu,2026,ROMS,40812,False,1,0,0,0,0,0,0,0,0
271289,Laurențiu Popescu,2026,RO1,40812,False,10,4,0,360,0,0,0,0,0
271289,Laurențiu Popescu,2026,ELQ,40812,False,4,4,0,360,0,0,0,0,0
271289,Laurențiu Popescu,2026,CLQ,40812,False,4,4,0,360,0,0,0,0,0
726033,Pavlo Isenko,2026,ROMS,40812,False,1,0,1,0,0,0,0,0,0
726033,Pavlo Isenko,2026,ROMP,40812,False,1,0,1,0,0,0,0,0,0
726033,Pavlo Isenko,2026,RO1,40812,False,10,0,10,0,0,0,0,0,0
726033,Pavlo Isenko,2026,ELQ,40812,False,4,0,4,0,0,0,0,0,0
726033,Pavlo Isenko,2026,CLQ,40812,False,4,0,4,0,0,0,0,0,0
970199,Alexandru Maxim,2026,ROMS,40812,False,1,0,0,0,0,0,0,0,0
970199,Alexandru Maxim,2026,ROMP,40812,False,1,0,0,0,0,0,0,0,0
970199,Alexandru Maxim,2026,RO1,40812,False,10,0,0,0,0,0,0,0,0
970199,Alexandru Maxim,2026,ELQ,40812,False,4,0,0,0,0,0,0,0,0
970199,Alexandru Maxim,2026,CLQ,40812,False,4,0,0,0,0,0,0,0,0
553772,Oleksandr Romanchuk,2026,ROMS,40812,False,1,1,0,90,0,0,2,0,0
553772,Oleksandr Romanchuk,2026,ROMP,40812,False,1,0,0,0,0,0,0,0,0
553772,Oleksandr Romanchuk,2026,RO1,40812,False,10,8,2,542,1,0,5,1,2
553772,Oleksandr Romanchuk,2026,ELQ,40812,False,4,3,0,270,0,0,1,1,1
553772,Oleksandr Romanchuk,2026,CLQ,40812,False,4,3,1,212,0,2,0,0,1
418219,Vladimir Screciu,2026,ROMS,40812,False,1,1,0,62,0,0,0,0,0
418219,Vladimir Screciu,2026,ROMP,40812,False,1,0,0,0,0,0,0,0,0
418219,Vladimir Screciu,2026,RO1,40812,False,10,9,0,726,1,0,3,1,0
418219,Vladimir Screciu,2026,ELQ,40812,False,4,4,0,360,0,0,3,1,0
418219,Vladimir Screciu,2026,CLQ,40812,False,4,2,1,180,0,0,0,0,0
421927,Adrian Rus,2026,ROMS,40812,False,1,1,0,28,0,0,0,0,1
421927,Adrian Rus,2026,ROMP,40812,False,1,0,1,0,0,0,0,0,0
421927,Adrian Rus,2026,RO1,40812,False,10,3,4,200,0,0,2,0,1
421927,Adrian Rus,2026,ELQ,40812,False,4,3,1,270,0,1,0,0,2
421927,Adrian Rus,2026,CLQ,40812,False,4,4,0,360,1,0,0,0,2
213195,Nicușor Bancu,2026,ROMS,40812,False,1,1,0,90,0,0,1,1,0
213195,Nicușor Bancu,2026,ROMP,40812,False,1,0,0,0,0,0,0,0,0
213195,Nicușor Bancu,2026,RO1,40812,False,10,10,0,755,0,4,6,2,2
213195,Nicușor Bancu,2026,ELQ,40812,False,4,4,0,360,1,0,2,0,2
213195,Nicușor Bancu,2026,CLQ,40812,False,4,4,0,287,2,0,0,0,0
1052377,Juraj Badelj,2026,ZYP1,10586,False,4,4,0,271,0,0,0,0,0
1052377,Juraj Badelj,2026,ROMS,40812,False,1,0,0,0,0,0,0,0,0
1052377,Juraj Badelj,2026,RO1,40812,False,3,1,1,45,0,0,0,0,0
1052377,Juraj Badelj,2026,ELQ,40812,False,1,0,0,0,0,0,0,0,0
1052377,Juraj Badelj,2026,CLQ,40812,False,4,1,0,90,0,0,0,0,0
425733,Nikola Stevanovic,2026,ROMS,40812,False,1,1,0,90,0,0,1,0,0
425733,Nikola Stevanovic,2026,ROMP,40812,False,1,1,0,90,0,0,0,0,0
425733,Nikola Stevanovic,2026,RO1,40812,False,10,9,0,810,1,0,7,2,0
425733,Nikola Stevanovic,2026,ELQ,40812,False,4,2,0,180,0,0,0,0,0
425733,Nikola Stevanovic,2026,CLQ,40812,False,4,3,0,202,0,0,0,0,0
796895,Baptiste Roux,2026,SER2,3137,False,6,2,0,101,0,0,0,0,1
796895,Baptiste Roux,2026,ROMP,40812,False,1,1,0,90,1,0,0,0,0
796895,Baptiste Roux,2026,RO1,40812,False,3,0,0,0,0,0,0,0,0
882003,Ronaldo Webster,2026,ROMS,40812,False,1,0,0,0,0,0,0,0,0
882003,Ronaldo Webster,2026,ROMP,40812,False,1,1,0,45,0,0,0,0,0
882003,Ronaldo Webster,2026,RO1,40812,False,10,1,3,37,0,0,0,0,0
882003,Ronaldo Webster,2026,ELQ,40812,False,4,0,2,0,0,0,0,0,0
882003,Ronaldo Webster,2026,CLQ,40812,False,4,0,1,0,0,0,0,0,0
502671,Anzor Mekvabishvili,2026,ROMS,40812,False,1,1,0,90,0,1,0,0,1
502671,Anzor Mekvabishvili,2026,RO1,40812,False,7,6,0,389,0,1,9,2,1
502671,Anzor Mekvabishvili,2026,ELQ,40812,False,4,4,0,355,0,0,1,0,0
502671,Anzor Mekvabishvili,2026,CLQ,40812,False,4,4,0,222,0,1,0,0,0
295810,Alexandru Cicâldău,2026,ROMS,40812,False,1,1,0,19,0,0,2,0,0
295810,Alexandru Cicâldău,2026,ROMP,40812,False,1,0,0,0,0,0,0,0,0
295810,Alexandru Cicâldău,2026,RO1,40812,False,10,9,0,558,2,0,22,6,0
295810,Alexandru Cicâldău,2026,ELQ,40812,False,4,4,0,298,0,1,2,1,0
295810,Alexandru Cicâldău,2026,CLQ,40812,False,4,4,0,360,0,0,0,0,0
740789,Carlos Mora,2026,ROMS,40812,False,1,1,0,90,0,0,0,0,1
740789,Carlos Mora,2026,ROMP,40812,False,1,0,0,0,0,0,0,0,0
740789,Carlos Mora,2026,RO1,40812,False,10,10,0,655,0,5,5,2,0
740789,Carlos Mora,2026,ELQ,40812,False,4,4,0,360,1,0,2,0,0
740789,Carlos Mora,2026,CLQ,40812,False,4,4,0,263,0,0,0,0,0
597165,Samuel Teles,2026,ROMS,40812,False,1,0,0,0,0,0,0,0,0
597165,Samuel Teles,2026,ROMP,40812,False,1,1,0,90,0,0,0,0,0
597165,Samuel Teles,2026,RO1,40812,False,10,8,0,526,1,0,11,3,2
597165,Samuel Teles,2026,ELQ,40812,False,4,4,0,81,0,0,2,1,1
597165,Samuel Teles,2026,CLQ,40812,False,4,4,0,193,0,0,0,0,0
433976,Tudor Băluță,2026,ROMS,40812,False,1,1,0,71,0,0,1,0,0
433976,Tudor Băluță,2026,ROMP,40812,False,1,1,0,45,0,1,0,0,0
433976,Tudor Băluță,2026,RO1,40812,False,10,8,0,611,0,3,15,5,1
433976,Tudor Băluță,2026,ELQ,40812,False,4,4,0,78,0,0,0,0,0
433976,Tudor Băluță,2026,CLQ,40812,False,4,4,0,135,0,0,0,0,0
216661,Alexandru Crețu,2026,ROMS,40812,False,1,0,0,0,0,0,0,0,0
216661,Alexandru Crețu,2026,ROMP,40812,False,1,1,0,90,0,0,0,0,0
216661,Alexandru Crețu,2026,RO1,40812,False,10,6,1,229,0,0,1,0,1
216661,Alexandru Crețu,2026,ELQ,40812,False,4,0,0,0,0,0,0,0,0
216661,Alexandru Crețu,2026,CLQ,40812,False,4,1,0,13,0,0,0,0,0
357165,João Lameira,2026,ROMP,4959,False,1,0,0,0,0,0,0,0,0
357165,João Lameira,2026,ROMP,40812,False,1,1,0,45,0,0,0,0,0
357165,João Lameira,2026,RO1,4959,False,7,7,0,630,2,0,8,3,2
357165,João Lameira,2026,RO1,40812,False,3,3,0,24,0,0,0,0,0
1002053,Sebastian Șerban,2026,ROMP,40812,False,1,0,0,0,0,0,0,0,0
1002053,Sebastian Șerban,2026,RO1,40812,False,8,0,0,0,0,0,0,0,0
1002053,Sebastian Șerban,2026,ELQ,40812,False,4,0,4,0,0,0,0,0,0
686232,Ștefan Baiaram,2026,ROMS,40812,False,1,1,0,45,0,0,0,0,0
686232,Ștefan Baiaram,2026,ROMP,40812,False,1,1,0,27,0,0,0,0,0
686232,Ștefan Baiaram,2026,RO1,40812,False,10,7,0,331,2,3,15,3,1
686232,Ștefan Baiaram,2026,ELQ,40812,False,4,4,0,313,1,0,6,2,0
686232,Ștefan Baiaram,2026,CLQ,40812,False,4,4,0,301,1,0,0,0,2
804661,Simon Elisor,2026,ROMS,40812,False,1,1,0,28,0,0,1,1,0
804661,Simon Elisor,2026,ROMP,40812,False,1,1,0,27,0,0,0,0,0
804661,Simon Elisor,2026,RO1,40812,False,10,5,0,179,5,0,9,7,0
804661,Simon Elisor,2026,ELQ,40812,False,4,0,0,0,0,0,0,0,0
804661,Simon Elisor,2026,CLQ,40812,False,4,3,0,120,0,0,0,0,0
518451,Assad Al-Hamlawi,2026,ROMS,40812,False,1,1,0,1,0,0,0,0,0
518451,Assad Al-Hamlawi,2026,ROMP,40812,False,1,0,0,0,0,0,0,0,0
518451,Assad Al-Hamlawi,2026,RO1,40812,False,10,6,3,327,4,0,24,10,1
518451,Assad Al-Hamlawi,2026,ELQ,40812,False,4,4,0,194,0,1,3,1,0
518451,Assad Al-Hamlawi,2026,CLQ,40812,False,4,2,2,102,2,0,0,0,1
1112690,David Matei,2026,ROMS,40812,False,1,1,0,90,0,0,0,0,0
1112690,David Matei,2026,ROMP,40812,False,1,1,0,8,0,0,0,0,0
1112690,David Matei,2026,RO1,40812,False,10,9,0,629,0,1,18,6,2
1112690,David Matei,2026,ELQ,40812,False,4,3,0,154,0,0,0,0,2
1112690,David Matei,2026,CLQ,40812,False,4,1,0,77,0,1,0,0,0
830113,Steven Nsimba,2026,ROMS,40812,False,1,1,0,62,1,0,5,1,0
830113,Steven Nsimba,2026,ROMP,40812,False,1,1,0,63,1,0,0,0,0
830113,Steven Nsimba,2026,RO1,40812,False,10,8,0,409,4,0,14,8,1
830113,Steven Nsimba,2026,ELQ,40812,False,4,4,0,166,1,0,0,0,1
830113,Steven Nsimba,2026,CLQ,40812,False,4,3,0,151,1,0,0,0,1
445517,Heri Tavares,2026,ROMS,40812,False,1,1,0,45,0,0,1,0,0
445517,Heri Tavares,2026,ROMP,40812,False,1,1,0,45,0,0,0,0,0
445517,Heri Tavares,2026,RO1,40812,False,10,5,0,125,0,0,1,0,0
445517,Heri Tavares,2026,ELQ,40812,False,4,2,0,27,0,0,0,0,0
445517,Heri Tavares,2026,CLQ,40812,False,4,4,0,86,0,0,0,0,0
1017320,Mihnea Rădulescu,2026,ROMS,40812,False,1,0,0,0,0,0,0,0,0
1017320,Mihnea Rădulescu,2026,ROMP,40812,False,1,1,0,82,0,0,0,0,0
1017320,Mihnea Rădulescu,2026,RO1,40812,False,10,1,0,15,0,0,0,0,0
1017320,Mihnea Rădulescu,2026,ELQ,40812,False,4,0,0,0,0,0,0,0,0
1017320,Mihnea Rădulescu,2026,CLQ,40812,False,4,0,2,0,0,0,0,0,0
505999,Monday Etim,2026,ROMS,40812,False,1,0,0,0,0,0,0,0,0
505999,Monday Etim,2026,ROMP,40812,False,1,1,0,90,0,0,0,0,0
505999,Monday Etim,2026,RO1,40812,False,10,9,0,517,2,3,13,6,2
505999,Monday Etim,2026,ELQ,40812,False,4,4,0,131,0,0,0,0,1
505999,Monday Etim,2026,CLQ,40812,False,4,4,0,246,0,2,0,0,1
937066,Luca Băsceanu,2026,ROMS,40812,False,1,0,0,0,0,0,0,0,0
937066,Luca Băsceanu,2026,ROMP,40812,False,1,1,0,63,0,0,0,0,0
937066,Luca Băsceanu,2026,RO1,40812,False,10,9,0,256,0,1,7,3,0
937066,Luca Băsceanu,2026,ELQ,40812,False,4,1,0,5,0,0,0,0,0
937066,Luca Băsceanu,2026,CLQ,40812,False,4,0,0,0,0,0,0,0,0
1040566,David Barbu,2026,ROMP,61687,False,2,1,0,60,0,0,0,0,0
1040566,David Barbu,2026,RO2,61687,False,6,5,0,213,0,0,0,0,0
1040566,David Barbu,2026,RO1,40812,False,3,0,0,0,0,0,0,0,0
972439,Alexandru Iamandache,2026,ROMS,40812,False,1,0,1,0,0,0,0,0,0
972439,Alexandru Iamandache,2026,ROMP,40812,False,1,0,1,0,0,0,0,0,0
972439,Alexandru Iamandache,2026,RO1,40812,False,10,0,10,0,0,0,0,0,0
972439,Alexandru Iamandache,2026,ELQ,40812,False,4,0,4,0,0,0,0,0,0
972439,Alexandru Iamandache,2026,CLQ,40812,False,4,0,4,0,0,0,0,0,0
1179005,Denys Muntean,2026,ROMS,40812,False,1,0,0,0,0,0,0,0,0
1179005,Denys Muntean,2026,ROMP,40812,False,1,0,0,0,0,0,0,0,0
1179005,Denys Muntean,2026,RO1,40812,False,10,0,0,0,0,0,0,0,0
1179005,Denys Muntean,2026,ELQ,40812,False,4,0,0,0,0,0,0,0,0
1179005,Denys Muntean,2026,CLQ,40812,False,4,0,0,0,0,0,0,0,0
462699,Franz Stolz,2026,IT1,252,False,5,0,0,0,0,0,0,0,0
462699,Franz Stolz,2026,CIT,252,False,2,1,0,90,0,0,0,0,0
1008258,Bogdan Ungureanu,2026,U19Q,21428,True,3,0,0,0,0,0,0,0,0
1008258,Bogdan Ungureanu,2026,ROMP,455,False,1,1,0,46,0,0,0,0,0
1008258,Bogdan Ungureanu,2026,RO1,455,False,10,3,0,270,0,0,0,0,0
1054635,Adrian Briciu,2026,ROMP,15945,False,3,1,0,52,0,0,0,0,0
1054635,Adrian Briciu,2026,RO2,15945,False,8,7,0,630,0,0,0,0,1
426724,Marian Aioani,2026,ROMP,455,False,1,1,0,44,0,0,0,0,0
426724,Marian Aioani,2026,RO1,455,False,10,7,2,630,0,0,0,0,1
723826,Andrei Borza,2026,TR1,37951,False,6,6,0,539,1,1,8,1,2
723826,Andrei Borza,2026,RO1,455,False,1,1,0,87,0,0,1,0,1
271284,Cristian Manea,2026,ROMP,455,False,1,1,0,79,0,0,0,0,0
271284,Cristian Manea,2026,RO1,455,False,10,3,4,122,0,0,4,0,0
410897,Lars Kramer,2026,ROMP,455,False,1,1,0,90,0,0,0,0,0
410897,Lars Kramer,2026,RO1,455,False,10,10,0,900,1,0,5,2,2
428593,Denis Ciobotariu,2026,ROMP,455,False,1,1,0,90,0,0,0,0,0
428593,Denis Ciobotariu,2026,RO1,455,False,10,6,0,361,0,0,3,0,2
536130,Răzvan Onea,2026,ROMP,455,False,1,1,0,11,0,0,0,0,0
536130,Răzvan Onea,2026,RO1,455,False,10,9,0,599,0,0,5,2,0
421258,Alexandru Pașcanu,2026,ROMP,455,False,1,0,0,0,0,0,0,0,0
421258,Alexandru Pașcanu,2026,RO1,455,False,10,6,2,503,2,0,8,5,2
716054,Cristian Ignat,2026,ROMP,455,False,1,0,0,0,0,0,0,0,0
716054,Cristian Ignat,2026,RO1,7769,False,2,2,0,180,0,0,2,0,0
716054,Cristian Ignat,2026,RO1,455,False,8,0,0,0,0,0,0,0,0
405501,Filip Blazek,2026,SLO1,4529,False,8,8,0,600,1,0,3,1,0
405501,Filip Blazek,2026,SKC,4529,False,2,1,0,27,0,0,0,0,1
405501,Filip Blazek,2026,ECLQ,4529,False,4,4,0,360,0,0,1,1,0
809240,Robert Sălceanu,2026,ROMP,455,False,1,0,0,0,0,0,0,0,0
809240,Robert Sălceanu,2026,RO1,455,False,10,5,0,337,0,0,2,1,2
82657,Christopher Braun,2026,ROMP,7769,False,1,1,0,90,0,0,0,0,0
82657,Christopher Braun,2026,RO1,7769,False,9,8,0,720,0,0,4,1,0
82657,Christopher Braun,2026,ECLQ,7769,False,4,4,0,308,0,0,0,0,0
370894,Tobias Christensen,2026,POPU,30974,False,1,1,0,90,0,0,0,0,0
370894,Tobias Christensen,2026,PL1,30974,False,8,8,0,595,3,0,15,8,1
658835,Abdul Kader Keita,2026,SA1,31008,False,6,4,2,331,1,0,3,1,1
658835,Abdul Kader Keita,2026,RO1,455,False,5,0,0,0,0,0,0,0,0
568578,Constantin Grameni,2026,ROMP,455,False,1,1,0,90,0,0,0,0,0
568578,Constantin Grameni,2026,RO1,455,False,10,10,0,781,2,2,9,3,1
710079,Cătălin Vulturar,2026,ROMP,455,False,1,0,0,0,0,0,0,0,0
710079,Cătălin Vulturar,2026,RO1,455,False,10,10,0,702,0,0,4,1,3
186380,Jakub Hromada,2026,RO1,455,False,1,1,0,58,0,0,1,0,0
186380,Jakub Hromada,2026,GRP,47,False,1,1,0,71,0,0,0,0,1
186380,Jakub Hromada,2026,GR1,47,False,5,0,4,0,0,0,0,0,0
652618,Luka Gojkovic,2026,ROMP,455,False,1,0,1,0,0,0,0,0,0
652618,Luka Gojkovic,2026,RO1,455,False,10,0,10,0,0,0,0,0,0
1237614,Sebastian Banu,2026,U19Q,21428,True,3,2,0,89,2,2,0,0,0
1237614,Sebastian Banu,2026,ROMP,15945,False,3,2,0,135,1,0,0,0,0
1237614,Sebastian Banu,2026,RO2,15945,False,8,2,0,34,0,1,0,0,0
1362765,Andrei Șucu,2026,ROMP,455,False,1,0,0,0,0,0,0,0,0
1362765,Andrei Șucu,2026,RO2,122344,False,1,1,0,45,0,0,0,0,0
1362765,Andrei Șucu,2026,RO1,455,False,10,1,0,1,1,0,1,1,0
365770,Alexandru Dobre,2026,ROMP,455,False,1,1,0,33,0,0,0,0,0
365770,Alexandru Dobre,2026,RO1,455,False,10,10,0,832,3,0,33,8,2
623424,Claudiu Petrila,2026,ROMP,455,False,1,0,1,0,0,0,0,0,0
623424,Claudiu Petrila,2026,RO1,455,False,10,4,4,150,1,0,6,5,0
605543,Daniel Paraschiv,2026,ISR1,4769,False,5,2,0,71,0,0,2,1,0
605543,Daniel Paraschiv,2026,ES2,2497,False,1,0,0,0,0,0,0,0,0
429551,Olimpiu Moruțan,2026,ROMP,455,False,1,1,0,45,0,0,0,0,0
429551,Olimpiu Moruțan,2026,RO1,455,False,10,10,0,716,2,4,22,9,1
296695,Elvir Koljic,2026,GRP,47,False,1,1,0,23,0,0,0,0,0
296695,Elvir Koljic,2026,GR1,47,False,5,4,0,261,0,0,6,0,1
837240,Rareș Pop,2026,ROMP,455,False,1,1,0,57,0,0,0,0,0
837240,Rareș Pop,2026,RO1,455,False,10,4,3,165,0,0,5,1,0
463666,Antoine Baroan,2026,ROMP,455,False,1,0,1,0,0,0,0,0,0
463666,Antoine Baroan,2026,RO1,455,False,10,0,10,0,0,0,0,0,0
863557,Omar El Sawy,2026,ROMP,952,False,1,0,0,0,0,0,0,0,0
863557,Omar El Sawy,2026,RO1,952,False,3,3,0,75,1,0,3,3,0
863557,Omar El Sawy,2026,RO1,455,False,7,5,0,74,0,1,1,0,0
986186,Drilon Hazrollaj,2026,RO1,455,False,1,0,0,0,0,0,0,0,0
986186,Drilon Hazrollaj,2026,ALB1,2049,False,5,4,0,336,2,1,0,0,3
574658,Borisav Burmaz,2026,SER2,3137,False,2,2,0,27,0,0,0,0,0
574658,Borisav Burmaz,2026,ROMP,455,False,1,0,0,0,0,0,0,0,0
574658,Borisav Burmaz,2026,RO1,455,False,8,2,0,97,0,0,4,2,1
1084074,Talisson,2026,ROMP,455,False,1,0,1,0,0,0,0,0,0
1084074,Talisson,2026,RO1,455,False,10,0,10,0,0,0,0,0,0
582384,Timotej Jambor,2026,ROMP,455,False,1,1,0,45,0,0,0,0,0
582384,Timotej Jambor,2026,RO1,455,False,10,3,0,105,0,1,1,1,0
319231,Claudiu Micovschi,2026,ROMP,41278,False,1,1,0,90,0,0,0,0,0
319231,Claudiu Micovschi,2026,RO1,41278,False,10,8,0,227,0,0,7,1,0
685805,João Gonçalves,2026,PO1,982,False,7,0,0,0,0,0,0,0,0
315468,Relu Stoian,2026,ROMP,111687,False,4,4,0,390,0,0,0,0,0
320637,Florin Ștefan,2026,TR1,2832,False,3,3,0,245,0,0,1,1,0
324214,Vasile Mogoș,2026,IT3C,332,False,6,3,0,270,0,0,2,0,0
324214,Vasile Mogoș,2026,CILP,332,False,1,1,0,45,0,0,0,0,0
567143,Basilio Ndong,2026,ALB1,2049,False,5,5,0,417,1,0,0,0,0
992842,Florin Gașpăr,2026,U19Q,21428,True,3,0,0,0,0,0,0,0,0
992842,Florin Gașpăr,2026,ROMS,40812,False,1,0,0,0,0,0,0,0,0
992842,Florin Gașpăr,2026,ROMP,12680,False,3,1,0,47,0,0,0,0,0
992842,Florin Gașpăr,2026,RO2,12680,False,8,7,0,558,0,0,0,0,1
992842,Florin Gașpăr,2026,CLQ,40812,False,1,0,1,0,0,0,0,0,0
229007,Lyes Houri,2026,ECLQ,663,False,2,1,0,68,0,0,0,0,0
869983,Denis Benga,2026,ROMS,40812,False,1,0,0,0,0,0,0,0,0
869983,Denis Benga,2026,RO1,40812,False,2,0,0,0,0,0,0,0,0
869983,Denis Benga,2026,CLQ,40812,False,4,0,0,0,0,0,0,0,0
1317253,Robert Ristoiu,2026,ROMP,29700,False,2,1,0,23,0,0,0,0,0
1317253,Robert Ristoiu,2026,RO2,29700,False,8,6,0,312,0,0,0,0,1
271282,Andrei Ivan,2026,VIE1,81614,False,3,3,0,270,0,0,0,0,0
418235,Jovan Marković,2026,ROMP,8818,False,2,2,0,96,1,0,0,0,0
418235,Jovan Marković,2026,RO1,8818,False,10,8,0,98,1,0,6,3,1
610749,Luis Paradela,2026,CSC2,4720,False,1,1,0,75,0,0,0,0,0
610749,Luis Paradela,2026,CRPD,4720,False,9,9,0,681,2,7,0,0,2
610749,Luis Paradela,2026,CCAC,4720,False,6,3,3,242,0,1,0,0,0
547853,Răzvan Ducan,2026,RO1,455,False,3,0,0,0,0,0,0,0,0
861221,Ebenezer Annan,2026,ROMP,455,False,1,0,0,0,0,0,0,0,0
861221,Ebenezer Annan,2026,RO1,455,False,4,3,0,218,0,0,0,0,0
861221,Ebenezer Annan,2026,FR2,618,False,3,0,0,0,0,0,0,0,0
1385195,Latif Ouedraogo,2026,ROMP,455,False,1,1,0,90,0,0,0,0,0
1385195,Latif Ouedraogo,2026,RO1,455,False,6,5,0,82,0,0,1,0,1
131728,Daniel Graovac,2026,ROMP,455,False,1,0,1,0,0,0,0,0,0
131728,Daniel Graovac,2026,RO1,455,False,10,5,4,281,0,0,1,0,1
1073208,Ştefan Senciuc,2026,U19Q,21428,True,3,0,0,0,0,0,0,0,0
1073208,Ştefan Senciuc,2026,ROMP,455,False,1,0,0,0,0,0,0,0,0
1073208,Ştefan Senciuc,2026,RO2,122344,False,4,4,0,315,0,0,0,0,0
1073208,Ştefan Senciuc,2026,RO1,455,False,10,0,0,0,0,0,0,0,0
1009622,Alin Kumer Celik,2026,U19Q,21142,True,3,0,0,0,0,0,0,0,0
1009622,Alin Kumer Celik,2026,ROMP,455,False,1,0,0,0,0,0,0,0,0
1009622,Alin Kumer Celik,2026,RO1,455,False,10,0,0,0,0,0,0,0,0
1341646,Andrei Niculcea,2026,RO2,122344,False,1,1,0,16,0,0,0,0,0
1341646,Andrei Niculcea,2026,RO1,455,False,3,0,0,0,0,0,0,0,0
1385971,Chec Bebel Doumbia,2026,ROMP,455,False,1,1,0,45,0,0,0,0,0
1385971,Chec Bebel Doumbia,2026,RO1,455,False,5,3,0,167,0,0,0,0,0
1385971,Chec Bebel Doumbia,2026,CIT,252,False,1,0,0,0,0,0,0,0,0
489824,Vladan Bubanja,2026,ROMP,455,False,1,1,0,90,1,0,0,0,0
489824,Vladan Bubanja,2026,RO1,455,False,10,10,0,541,0,2,13,4,2
1580215,Eric Tape,2026,ROMP,455,False,1,0,0,0,0,0,0,0,0
1580215,Eric Tape,2026,RO1,455,False,6,0,2,0,0,0,0,0,0
464195,Filip Stojilkovic,2026,ROMP,455,False,1,1,0,45,0,0,0,0,0
464195,Filip Stojilkovic,2026,RO1,455,False,7,7,0,585,1,1,27,11,1
1062986,Jason Kodor,2026,ROMP,455,False,1,0,0,0,0,0,0,0,0
1062986,Jason Kodor,2026,RO1,455,False,10,6,0,154,0,0,5,2,0
568544,Ștefan Târnovanu,2026,ROMP,301,False,1,0,0,0,0,0,0,0,0
568544,Ștefan Târnovanu,2026,RO1,301,False,10,7,0,630,0,0,0,0,1
568544,Ștefan Târnovanu,2026,ECLQ,301,False,2,2,0,180,0,0,0,0,0
637273,Mohammed Kamara,2026,ROMP,455,False,1,1,0,90,1,0,0,0,0
637273,Mohammed Kamara,2026,RO1,455,False,10,7,0,304,0,1,10,2,1
147558,Lukas Zima,2026,ROMP,9465,False,2,1,0,90,0,0,0,0,0
147558,Lukas Zima,2026,RO1,9465,False,9,9,0,810,0,0,0,0,1
1350595,Matei Popa,2026,ROMP,301,False,1,1,0,90,0,0,0,0,0
1350595,Matei Popa,2026,RO1,301,False,10,3,0,270,0,0,0,0,0
1350595,Matei Popa,2026,ECLQ,301,False,2,0,0,0,0,0,0,0,0
786187,Mihai Udrea,2026,RO1,301,False,7,0,0,0,0,0,0,0,0
786187,Mihai Udrea,2026,ECLQ,301,False,2,0,0,0,0,0,0,0,0
445610,Siyabonga Ngezana,2026,ROMP,301,False,1,0,1,0,0,0,0,0,0
445610,Siyabonga Ngezana,2026,RO1,301,False,10,0,10,0,0,0,0,0,0
445610,Siyabonga Ngezana,2026,ECLQ,301,False,2,0,2,0,0,0,0,0,0
588095,André Duarte,2026,ROMP,301,False,1,1,0,90,0,0,0,0,0
588095,André Duarte,2026,RO1,301,False,10,7,2,571,0,0,4,1,0
588095,André Duarte,2026,ECLQ,301,False,2,2,0,180,0,0,0,0,0
569743,Joyskim Dawa,2026,ROMP,301,False,1,1,0,90,0,0,0,0,0
569743,Joyskim Dawa,2026,RO1,301,False,10,8,0,649,1,0,10,3,0
569743,Joyskim Dawa,2026,ECLQ,301,False,2,2,0,180,0,0,0,0,2
670828,Alexandru Pantea,2026,GRP,2672,False,1,1,0,90,0,0,0,0,0
670828,Alexandru Pantea,2026,GR1,2672,False,5,5,0,442,0,0,5,1,1
361537,Mihai Popescu,2026,ROMP,301,False,1,0,1,0,0,0,0,0,0
361537,Mihai Popescu,2026,RO1,301,False,10,0,10,0,0,0,0,0,0
361537,Mihai Popescu,2026,ECLQ,301,False,2,0,2,0,0,0,0,0,0
144339,Risto Radunovic,2026,ROMP,301,False,1,0,1,0,0,0,0,0,0
144339,Risto Radunovic,2026,RO1,301,False,10,5,1,366,1,0,4,2,0
144339,Risto Radunovic,2026,ECLQ,301,False,2,2,0,135,0,0,0,0,0
1073910,Ionuț Cercel,2026,ROMP,29831,False,1,1,0,90,0,0,0,0,0
1073910,Ionuț Cercel,2026,RO1,29831,False,10,1,0,10,0,0,0,0,0
1179041,Andrei Dăncuș,2026,ROMP,301,False,1,0,1,0,0,0,0,0,0
1179041,Andrei Dăncuș,2026,RO1,301,False,10,0,4,0,0,0,0,0,0
1179041,Andrei Dăncuș,2026,ECLQ,301,False,2,0,0,0,0,0,0,0,0
379870,David Kiki,2026,ROMP,40843,False,2,2,0,180,0,0,0,0,0
379870,David Kiki,2026,RO1,40843,False,10,2,0,7,0,0,0,0,0
79507,Valentin Crețu,2026,ROMP,301,False,1,0,0,0,0,0,0,0,0
79507,Valentin Crețu,2026,RO1,301,False,10,6,0,376,0,0,3,1,2
79507,Valentin Crețu,2026,ECLQ,301,False,2,2,0,90,0,0,0,0,0
433979,Adrian Șut,2026,GRP,2672,False,1,0,0,0,0,0,0,0,0
433979,Adrian Șut,2026,GR1,2672,False,5,4,1,195,0,0,3,0,0
314329,Florin Tănase,2026,ZYP1,829,False,3,3,0,113,1,0,0,0,2
314329,Florin Tănase,2026,RO1,301,False,7,6,0,411,1,0,9,3,2
314329,Florin Tănase,2026,EL,829,False,1,1,0,1,0,0,0,0,0
314329,Florin Tănase,2026,ECLQ,301,False,2,2,0,167,0,1,0,0,0
314329,Florin Tănase,2026,CYSC,829,False,1,1,0,45,0,0,0,0,0
200495,Ofri Arad,2026,ROMP,301,False,1,1,0,74,0,0,0,0,0
200495,Ofri Arad,2026,RO1,301,False,10,6,4,269,1,0,5,2,0
200495,Ofri Arad,2026,ECLQ,301,False,2,0,2,0,0,0,0,0,0
395800,Darius Olaru,2026,EL,3948,False,1,1,0,82,0,0,1,1,0
395800,Darius Olaru,2026,CLQ,3948,False,2,2,0,130,0,1,2,1,1
395800,Darius Olaru,2026,BESC,3948,False,1,1,0,71,0,0,0,0,0
395800,Darius Olaru,2026,BE1,3948,False,7,3,0,65,1,0,4,4,0
623965,João Paulo,2026,ROMP,301,False,1,1,0,90,0,0,0,0,0
623965,João Paulo,2026,RO1,301,False,10,9,0,581,2,0,14,8,3
623965,João Paulo,2026,ECLQ,301,False,2,1,0,45,1,0,0,0,0
992820,Mihai Toma,2026,U19Q,21428,True,3,0,0,0,0,0,0,0,0
992820,Mihai Toma,2026,ROMP,301,False,1,1,0,16,0,0,0,0,1
992820,Mihai Toma,2026,RO2,15945,False,1,1,0,66,0,0,0,0,0
992820,Mihai Toma,2026,RO1,301,False,10,5,0,194,0,1,2,0,1
992820,Mihai Toma,2026,ECLQ,301,False,2,2,0,35,0,0,0,0,0
626899,Baba Alhassan,2026,TR2,68377,False,8,7,0,562,0,0,4,1,2
626899,Baba Alhassan,2026,RO1,301,False,1,0,0,0,0,0,0,0,0
626899,Baba Alhassan,2026,ECLQ,301,False,1,0,0,0,0,0,0,0,0
623425,Ovidiu Perianu,2026,ROMP,7769,False,1,1,0,23,0,0,0,0,0
623425,Ovidiu Perianu,2026,RO1,7769,False,9,6,0,513,1,0,4,2,0
623425,Ovidiu Perianu,2026,ECLQ,7769,False,4,1,0,7,0,0,0,0,0
163999,Juri Cisotti,2026,ROMP,301,False,1,1,0,90,0,0,0,0,0
163999,Juri Cisotti,2026,RO1,301,False,10,10,0,806,0,2,13,3,1
163999,Juri Cisotti,2026,ECLQ,301,False,2,2,0,180,0,0,0,0,0
614800,David Miculescu,2026,ROMP,301,False,1,1,0,74,2,0,0,0,0
614800,David Miculescu,2026,RO1,301,False,10,5,4,305,1,1,9,3,0
614800,David Miculescu,2026,ECLQ,301,False,2,0,2,0,0,0,0,0,0
368624,Mamadou Thiam,2026,TR2,518,False,6,4,0,22,0,0,0,0,0
468192,Daniel Bîrligea,2026,RO1,301,False,6,6,0,450,3,0,22,11,2
468192,Daniel Bîrligea,2026,IT1,8970,False,4,2,0,12,0,0,0,0,0
468192,Daniel Bîrligea,2026,ECLQ,301,False,2,2,0,180,0,0,0,0,0
468192,Daniel Bîrligea,2026,CIT,8970,False,1,1,0,63,0,0,3,2,0
797100,Octavian Popescu,2026,ROMP,301,False,1,0,1,0,0,0,0,0,0
797100,Octavian Popescu,2026,RO1,301,False,8,6,2,310,0,3,7,2,1
797100,Octavian Popescu,2026,GR1,2672,False,1,1,0,36,0,0,0,0,0
797100,Octavian Popescu,2026,ECLQ,301,False,2,2,0,178,1,1,0,0,0
992823,Alexandru Stoian,2026,U19Q,21428,True,3,0,0,0,0,0,0,0,0
992823,Alexandru Stoian,2026,ROMP,301,False,1,1,0,8,0,0,0,0,0
992823,Alexandru Stoian,2026,RO1,301,False,10,9,0,289,1,0,8,1,0
992823,Alexandru Stoian,2026,ECLQ,301,False,2,2,0,90,0,1,0,0,0
685795,Marius Ștefănescu,2026,ROMS,6429,False,1,1,0,45,0,0,0,0,0
685795,Marius Ștefănescu,2026,ROMP,6429,False,1,1,0,55,0,0,0,0,0
685795,Marius Ștefănescu,2026,RO1,6429,False,9,6,0,207,1,0,7,3,1
685795,Marius Ștefănescu,2026,ELQ,6429,False,2,2,0,136,0,0,0,0,0
685795,Marius Ștefănescu,2026,ECLQ,6429,False,2,2,0,135,0,1,0,0,2
880840,Andrei Gheorghiță,2026,ROMS,6429,False,1,0,0,0,0,0,0,0,0
880840,Andrei Gheorghiță,2026,ROMP,6429,False,1,1,0,42,0,0,0,0,0
880840,Andrei Gheorghiță,2026,RO1,6429,False,9,3,2,38,0,0,2,1,0
880840,Andrei Gheorghiță,2026,ELQ,6429,False,2,0,2,0,0,0,0,0,0
880840,Andrei Gheorghiță,2026,ECLQ,6429,False,2,0,2,0,0,0,0,0,0
992832,David Popa,2026,ROMP,301,False,1,1,0,16,1,0,0,0,0
992832,David Popa,2026,RO1,301,False,10,3,0,86,0,0,6,3,0
992832,David Popa,2026,ECLQ,301,False,2,0,0,0,0,0,0,0,0
81396,Denis Alibec,2026,ROMP,29831,False,1,1,0,70,0,0,0,0,1
81396,Denis Alibec,2026,RO1,29831,False,10,7,0,434,1,2,23,10,0
968921,Alexandru Roșca,2026,ROMP,312,False,1,1,0,90,0,0,0,0,0
968921,Alexandru Roșca,2026,RO1,312,False,10,0,0,0,0,0,0,0,0
937038,Codruț Sandu,2026,ROMP,41061,False,2,0,0,0,0,0,0,0,0
937038,Codruț Sandu,2026,RO1,41061,False,9,9,0,810,0,0,0,0,0
170471,Devis Epassy,2026,ROMP,312,False,1,0,1,0,0,0,0,0,0
170471,Devis Epassy,2026,RO1,312,False,10,0,9,0,0,0,0,0,0
1475137,Costin Ungureanu,2026,ROMP,312,False,1,0,0,0,0,0,0,0,0
1475137,Costin Ungureanu,2026,RO1,312,False,7,0,0,0,0,0,0,0,0
393806,Raul Opruț,2026,ROMP,312,False,1,1,0,10,0,0,0,0,0
393806,Raul Opruț,2026,RO1,312,False,10,10,0,889,0,0,5,0,1
982567,Nikita Stoinov,2026,ROMP,312,False,1,0,0,0,0,0,0,0,0
982567,Nikita Stoinov,2026,RO1,312,False,10,9,0,810,0,0,0,0,0
580715,Maxime Sivis,2026,RUP,14589,False,3,0,0,0,0,0,0,0,0
580715,Maxime Sivis,2026,RU1,14589,False,9,8,1,720,0,1,3,0,2
580715,Maxime Sivis,2026,RO1,312,False,1,1,0,90,0,0,0,0,1
451317,Kennedy Boateng,2026,SAKC,27221,False,1,1,0,90,0,0,0,0,0
451317,Kennedy Boateng,2026,SA1,27221,False,7,5,0,446,0,0,1,1,2
883055,Matteo Duțu,2026,ROMP,312,False,1,1,0,90,0,0,0,0,0
883055,Matteo Duțu,2026,RO1,312,False,10,2,0,15,0,0,0,0,0
888398,Cristian Licsandru,2026,ROMP,15945,False,3,3,0,167,0,1,0,0,0
888398,Cristian Licsandru,2026,RO2,15945,False,8,7,0,117,0,0,0,0,1
888398,Cristian Licsandru,2026,RO1,312,False,1,0,0,0,0,0,0,0,0
623420,Valentin Țicu,2026,ROMP,29831,False,1,0,0,0,0,0,0,0,0
623420,Valentin Țicu,2026,RO1,29831,False,10,9,0,677,0,0,6,1,2
1002548,Alexandru Tabuncic,2026,ROMP,312,False,1,0,0,0,0,0,0,0,0
1002548,Alexandru Tabuncic,2026,RO1,312,False,8,0,0,0,0,0,0,0,0
575219,Cătălin Cîrjan,2026,ROMP,312,False,1,1,0,41,1,0,0,0,0
575219,Cătălin Cîrjan,2026,RO1,312,False,10,9,1,789,2,2,24,6,2
487688,Alberto Soro,2026,ROMP,312,False,1,0,0,0,0,0,0,0,0
487688,Alberto Soro,2026,RO1,312,False,10,10,0,839,3,2,14,6,3
974722,Cristian Mihai,2026,ROMP,312,False,1,1,0,45,0,0,0,0,0
974722,Cristian Mihai,2026,RO1,312,False,10,2,0,10,0,0,1,0,0
168933,Eddy Gnahoré,2026,ROMP,301,False,1,1,0,16,1,0,0,0,0
168933,Eddy Gnahoré,2026,RO1,301,False,10,6,0,254,0,0,0,0,0
168933,Eddy Gnahoré,2026,ECLQ,301,False,2,2,0,58,0,0,0,0,0
547827,Andrei Mărginean,2026,ROMP,312,False,1,1,0,45,0,0,0,0,0
547827,Andrei Mărginean,2026,RO1,312,False,10,10,0,841,1,0,18,3,2
203970,Charalampos Kyriakou,2026,ZYP1,2156,False,4,1,0,12,0,0,0,0,0
203970,Charalampos Kyriakou,2026,ECLQ,2156,False,2,2,0,48,0,0,0,0,0
134158,Georgi Milanov,2026,BU1,2531,False,10,5,0,144,0,1,0,0,0
881064,Alexandru Musi,2026,ROMP,312,False,1,1,0,60,2,0,0,0,0
881064,Alexandru Musi,2026,RO1,312,False,10,7,3,487,2,1,15,4,2
646782,Mamoudou Karamoko,2026,ROMP,312,False,1,0,0,0,0,0,0,0,0
646782,Mamoudou Karamoko,2026,RO1,312,False,10,7,0,414,2,2,16,5,0
434892,Alexandru Pop,2026,ROMP,312,False,1,1,0,80,0,0,0,0,0
434892,Alexandru Pop,2026,RO1,312,False,8,8,0,370,1,1,10,5,0
434892,Alexandru Pop,2026,ISR1,6028,False,2,2,0,67,0,0,1,0,0
225236,Danny Armstrong,2026,ROMP,312,False,1,0,0,0,0,0,0,0,0
225236,Danny Armstrong,2026,RO1,312,False,10,10,0,804,4,8,32,10,3
208690,George Pușcaș,2026,ROMP,312,False,1,0,1,0,0,0,0,0,0
208690,George Pușcaș,2026,RO1,312,False,10,0,10,0,0,0,0,0,0
723835,Adrian Mazilu,2026,ROMP,312,False,1,1,0,90,0,1,0,0,0
723835,Adrian Mazilu,2026,RO1,312,False,10,5,0,70,1,0,4,2,1
938160,Ianis Tarbă,2026,ROMP,312,False,1,1,0,49,0,0,0,0,0
938160,Ianis Tarbă,2026,RO1,312,False,10,6,0,70,0,1,6,0,0
354338,Hakim Abdallah,2026,ROMP,952,False,1,1,0,69,1,0,0,0,0
354338,Hakim Abdallah,2026,RO1,952,False,10,10,0,767,2,0,22,7,0
245072,Stipe Perica,2026,ACLE,13306,False,1,1,0,72,0,0,2,1,1
863556,Antonio Bordușanu,2026,ROMP,84065,False,2,1,0,58,0,0,0,0,0
863556,Antonio Bordușanu,2026,RO2,84065,False,8,2,0,73,0,0,0,0,0
992848,Ricardo Pădurariu,2026,ROMP,301,False,1,1,0,45,0,0,0,0,1
992848,Ricardo Pădurariu,2026,RO1,301,False,10,10,0,850,0,0,6,3,3
992848,Ricardo Pădurariu,2026,ECLQ,301,False,2,1,0,90,0,0,0,0,0
289432,Dylan Batubinsika,2026,ROMP,301,False,1,0,1,0,0,0,0,0,0
289432,Dylan Batubinsika,2026,RO1,301,False,9,7,1,630,0,0,5,1,1
289432,Dylan Batubinsika,2026,ECLQ,301,False,2,0,0,0,0,0,0,0,0
1345647,Rareș Andrei,2026,ROMP,301,False,1,0,0,0,0,0,0,0,0
1345647,Rareș Andrei,2026,RO1,301,False,8,0,0,0,0,0,0,0,0
562175,Ronny Labonne,2026,ROMP,301,False,1,1,0,90,0,0,0,0,1
562175,Ronny Labonne,2026,RO1,301,False,10,5,0,271,0,0,1,1,2
562175,Ronny Labonne,2026,ECLQ,301,False,2,1,0,45,0,0,0,0,0
388042,Karlo Muhar,2026,RO1,7769,False,3,3,0,226,0,0,7,2,0
388042,Karlo Muhar,2026,RO1,301,False,2,2,0,135,0,0,1,0,1
388042,Karlo Muhar,2026,ECLQ,7769,False,3,3,0,206,1,1,0,0,1
412024,Meriton Korenica,2026,ROMP,7769,False,1,1,0,45,1,0,0,0,0
412024,Meriton Korenica,2026,RO1,7769,False,6,5,0,373,0,1,10,3,0
412024,Meriton Korenica,2026,RO1,301,False,3,3,0,215,1,0,10,4,0
412024,Meriton Korenica,2026,ECLQ,7769,False,4,4,0,266,2,0,0,0,1
730580,Aymen Boutoutaou,2026,ROMP,301,False,1,1,0,74,1,0,0,0,0
730580,Aymen Boutoutaou,2026,RO1,301,False,9,8,0,371,0,0,18,3,1
730580,Aymen Boutoutaou,2026,ECLQ,301,False,2,2,0,145,1,0,0,0,0
405399,Denis Drăguș,2026,TR1,449,False,3,0,3,0,0,0,0,0,0
405399,Denis Drăguș,2026,RO1,301,False,3,2,0,61,0,0,2,0,0
405399,Denis Drăguș,2026,ELQ,449,False,2,0,2,0,0,0,0,0,0
1340005,David Avram,2026,ROMP,301,False,1,0,0,0,0,0,0,0,0
1340005,David Avram,2026,RO1,301,False,10,0,0,0,0,0,0,0,0
1340005,David Avram,2026,ECLQ,301,False,2,0,0,0,0,0,0,0,0
252661,Arnold Garita,2026,ROMP,301,False,1,1,0,82,0,0,0,0,0
252661,Arnold Garita,2026,RO1,301,False,5,5,0,289,0,0,9,3,0
676121,Imran Fetai,2026,ROMP,312,False,1,1,0,90,0,0,0,0,0
676121,Imran Fetai,2026,RO1,312,False,8,2,2,91,0,0,0,0,1
676121,Imran Fetai,2026,MAZ1,1167,False,1,1,0,90,0,0,0,0,0
676121,Imran Fetai,2026,ECLQ,1167,False,4,3,0,270,0,1,0,0,1
711626,Darío Benavides,2026,ROMP,312,False,1,0,0,0,0,0,0,0,0
711626,Darío Benavides,2026,RO1,312,False,10,5,0,43,0,0,0,0,0
667991,Alaa Bellaarouch,2026,ROMP,312,False,1,0,0,0,0,0,0,0,0
667991,Alaa Bellaarouch,2026,RO1,312,False,10,10,0,900,0,1,0,0,3
1163786,Răzvan Radu,2026,ROMP,312,False,1,1,0,60,0,1,0,0,0
1163786,Răzvan Radu,2026,RO1,312,False,10,2,0,11,0,0,0,0,0
1195029,Ștefan Opriș,2026,ROMP,312,False,1,1,0,90,0,0,0,0,0
1195029,Ștefan Opriș,2026,RO1,312,False,10,3,0,6,0,0,0,0,0
638588,Martín Pascual,2026,ROMP,312,False,1,0,0,0,0,0,0,0,0
638588,Martín Pascual,2026,RO1,312,False,10,10,0,877,4,0,15,6,3
292817,Matthias Verreth,2026,ROMP,312,False,1,1,0,90,0,0,0,0,0
292817,Matthias Verreth,2026,RO1,312,False,6,6,0,122,0,0,2,1,0
462252,Diogo Pinto,2026,ROMP,312,False,1,1,0,30,0,0,0,0,0
462252,Diogo Pinto,2026,RO1,312,False,5,4,0,172,1,0,6,3,1
942790,Dean Zandbergen,2026,ROMP,312,False,1,0,0,0,0,0,0,0,0
942790,Dean Zandbergen,2026,RO1,312,False,3,3,0,204,1,1,7,4,0
942790,Dean Zandbergen,2026,NL2,1426,False,4,4,0,334,4,0,10,5,0
1317458,Godwin Udosen,2026,ROMP,312,False,1,0,0,0,0,0,0,0,0
1317458,Godwin Udosen,2026,RO1,312,False,8,0,0,0,0,0,0,0,0
501062,Oliver Hintsa,2026,ROMP,312,False,1,1,0,30,1,0,0,0,0
501062,Oliver Hintsa,2026,RO1,312,False,10,8,0,194,1,2,2,1,1
501062,Oliver Hintsa,2026,AFCQ,13953,True,2,2,0,83,0,0,0,0,0
229292,Edvinas Gertmonas,2026,SCC,61,False,1,1,0,90,0,0,0,0,0
229292,Edvinas Gertmonas,2026,C1,61,False,9,7,2,630,0,0,0,0,0
1154774,Iustin Chirilă,2026,ROMP,101331,False,3,1,0,90,0,0,0,0,0
1154774,Iustin Chirilă,2026,RO2,101331,False,8,6,0,540,0,0,0,0,0
935015,Ștefan Lefter,2026,ROMS,6429,False,1,1,0,90,0,0,0,0,0
935015,Ștefan Lefter,2026,ROMP,6429,False,1,1,0,90,0,0,0,0,0
935015,Ștefan Lefter,2026,RO1,6429,False,9,8,1,654,0,0,0,0,0
935015,Ștefan Lefter,2026,ELQ,6429,False,2,0,0,0,0,0,0,0,0
935015,Ștefan Lefter,2026,ECLQ,6429,False,2,0,2,0,0,0,0,0,0
935028,Denis Moldovan,2026,ROMS,6429,False,1,0,0,0,0,0,0,0,0
935028,Denis Moldovan,2026,ROMP,6429,False,1,0,0,0,0,0,0,0,0
935028,Denis Moldovan,2026,RO1,6429,False,9,0,0,0,0,0,0,0,0
935028,Denis Moldovan,2026,ELQ,6429,False,2,0,2,0,0,0,0,0,0
935028,Denis Moldovan,2026,ECLQ,6429,False,2,0,0,0,0,0,0,0,0
1179035,Tudor Coșa,2026,ROMS,6429,False,1,0,0,0,0,0,0,0,0
1179035,Tudor Coșa,2026,ROMP,6429,False,1,0,0,0,0,0,0,0,0
1179035,Tudor Coșa,2026,ROMP,39835,False,2,0,0,0,0,0,0,0,0
1179035,Tudor Coșa,2026,RO2,39835,False,5,5,0,450,0,0,0,0,0
1179035,Tudor Coșa,2026,RO1,6429,False,9,0,0,0,0,0,0,0,0
1179035,Tudor Coșa,2026,ELQ,6429,False,2,0,0,0,0,0,0,0,0
1179035,Tudor Coșa,2026,ECLQ,6429,False,2,0,0,0,0,0,0,0,0
331971,Iulian Cristea,2026,ROMS,6429,False,1,1,0,90,0,0,0,0,0
331971,Iulian Cristea,2026,ROMP,6429,False,1,1,0,90,0,0,0,0,0
331971,Iulian Cristea,2026,RO1,6429,False,9,9,0,810,0,0,7,1,1
331971,Iulian Cristea,2026,ELQ,6429,False,2,2,0,210,0,0,0,0,0
331971,Iulian Cristea,2026,ECLQ,6429,False,2,2,0,180,0,0,0,0,0
566068,Jonathan Cissé,2026,ROMS,6429,False,1,0,1,0,0,0,0,0,0
566068,Jonathan Cissé,2026,ROMP,6429,False,1,0,0,0,0,0,0,0,0
566068,Jonathan Cissé,2026,RO1,6429,False,9,0,3,0,0,0,0,0,0
566068,Jonathan Cissé,2026,ELQ,6429,False,2,0,2,0,0,0,0,0,0
566068,Jonathan Cissé,2026,ECLQ,6429,False,2,0,2,0,0,0,0,0,0
238947,Elio Capradossi,2026,ROMS,6429,False,1,0,0,0,0,0,0,0,0
238947,Elio Capradossi,2026,ROMP,6429,False,1,0,0,0,0,0,0,0,0
238947,Elio Capradossi,2026,RO1,6429,False,9,2,0,21,0,0,0,0,0
238947,Elio Capradossi,2026,ELQ,6429,False,2,0,2,0,0,0,0,0,0
238947,Elio Capradossi,2026,ECLQ,6429,False,2,0,2,0,0,0,0,0,0
229625,Dino Mikanovic,2026,ROMS,6429,False,1,0,1,0,0,0,0,0,0
229625,Dino Mikanovic,2026,ROMP,6429,False,1,1,0,8,0,0,0,0,0
229625,Dino Mikanovic,2026,RO1,6429,False,9,8,1,651,0,0,4,1,1
229625,Dino Mikanovic,2026,ELQ,6429,False,2,0,2,0,0,0,0,0,0
229625,Dino Mikanovic,2026,ECLQ,6429,False,2,2,0,158,0,0,0,0,1
1040558,Alin Chinteș,2026,ROMS,6429,False,1,0,0,0,0,0,0,0,0
1040558,Alin Chinteș,2026,ROMP,6429,False,1,1,0,39,0,0,0,0,0
1040558,Alin Chinteș,2026,RO1,6429,False,9,3,0,112,0,0,0,0,1
1040558,Alin Chinteș,2026,ELQ,6429,False,2,1,0,28,0,0,0,0,0
1040558,Alin Chinteș,2026,ECLQ,6429,False,2,0,0,0,0,0,0,0,0
322519,Jasper van der Werff,2026,SCC,116,False,1,0,1,0,0,0,0,0,0
322519,Jasper van der Werff,2026,C2,116,False,9,2,7,22,0,0,0,0,0
64126,Alexandru Chipciu,2026,ROMS,6429,False,1,1,0,90,0,0,0,0,0
64126,Alexandru Chipciu,2026,ROMP,6429,False,1,1,0,48,0,0,0,0,0
64126,Alexandru Chipciu,2026,RO1,6429,False,9,8,0,720,0,0,8,1,2
64126,Alexandru Chipciu,2026,ELQ,6429,False,2,2,0,210,0,0,0,0,1
64126,Alexandru Chipciu,2026,ECLQ,6429,False,2,2,0,180,0,0,0,0,2
605547,Dorin Codrea,2026,ROMS,6429,False,1,1,0,90,0,0,0,0,0
605547,Dorin Codrea,2026,ROMP,6429,False,1,0,0,0,0,0,0,0,0
605547,Dorin Codrea,2026,RO1,6429,False,9,7,0,577,0,0,2,0,3
605547,Dorin Codrea,2026,ELQ,6429,False,2,2,0,210,0,0,0,0,0
605547,Dorin Codrea,2026,ECLQ,6429,False,2,2,0,180,0,0,0,0,1
148004,Alin Toșca,2026,ROMS,6429,False,1,0,0,0,0,0,0,0,0
148004,Alin Toșca,2026,RO1,6429,False,5,0,0,0,0,0,0,0,0
148004,Alin Toșca,2026,ELQ,6429,False,2,0,0,0,0,0,0,0,0
148004,Alin Toșca,2026,ECLQ,6429,False,2,0,0,0,0,0,0,0,0
220816,Ovidiu Bic,2026,ROMS,6429,False,1,1,0,81,0,0,0,0,0
220816,Ovidiu Bic,2026,ROMP,6429,False,1,1,0,35,0,0,0,0,0
220816,Ovidiu Bic,2026,RO1,6429,False,9,9,0,750,1,0,7,3,1
220816,Ovidiu Bic,2026,ELQ,6429,False,2,2,0,210,0,0,0,0,0
220816,Ovidiu Bic,2026,ECLQ,6429,False,2,2,0,176,0,0,0,0,0
447557,Gabriel Simion,2026,ROMS,6429,False,1,1,0,45,0,0,0,0,0
447557,Gabriel Simion,2026,ROMP,6429,False,1,1,0,90,0,0,0,0,0
447557,Gabriel Simion,2026,RO1,6429,False,8,2,0,144,0,0,3,0,0
447557,Gabriel Simion,2026,ISR1,5223,False,1,0,0,0,0,0,0,0,0
447557,Gabriel Simion,2026,ELQ,6429,False,2,1,0,7,0,0,0,0,0
447557,Gabriel Simion,2026,ECLQ,6429,False,2,0,0,0,0,0,0,0,0
399551,Mouhamadou Drammeh,2026,ROMS,6429,False,1,1,0,9,0,0,0,0,0
399551,Mouhamadou Drammeh,2026,ROMP,6429,False,1,1,0,55,0,0,0,0,0
399551,Mouhamadou Drammeh,2026,RO1,6429,False,9,8,0,533,2,0,13,4,1
399551,Mouhamadou Drammeh,2026,ELQ,6429,False,2,2,0,176,0,0,0,0,2
399551,Mouhamadou Drammeh,2026,ECLQ,6429,False,2,2,0,151,0,0,0,0,0
406791,Andrej Fábry,2026,ROMP,41061,False,2,1,0,16,0,0,0,0,1
406791,Andrej Fábry,2026,RO1,41061,False,9,9,0,714,1,1,18,4,0
1118865,Alexandru Bota,2026,U19Q,21428,True,3,3,0,182,1,1,0,0,0
1118865,Alexandru Bota,2026,ROMP,101331,False,3,3,0,164,0,0,0,0,0
1118865,Alexandru Bota,2026,RO2,101331,False,8,7,0,385,2,2,0,0,1
241254,Andrei Artean,2026,ROMP,39835,False,3,0,0,0,0,0,0,0,0
241254,Andrei Artean,2026,RO2,39835,False,8,5,0,403,0,1,0,0,0
156639,Dan Nistor,2026,ROMS,6429,False,1,1,0,90,0,0,0,0,1
156639,Dan Nistor,2026,ROMP,6429,False,1,0,0,0,0,0,0,0,0
156639,Dan Nistor,2026,RO1,6429,False,9,9,0,511,0,3,13,3,1
156639,Dan Nistor,2026,ELQ,6429,False,2,1,0,28,0,0,0,0,0
156639,Dan Nistor,2026,ECLQ,6429,False,2,2,0,106,0,0,0,0,0
341141,Răzvan Oaidă,2026,ROMP,952,False,1,0,1,0,0,0,0,0,0
341141,Răzvan Oaidă,2026,RO1,952,False,10,1,8,14,0,0,0,0,0
457738,Jovo Lukić,2026,ROMS,6429,False,1,0,0,0,0,0,0,0,0
457738,Jovo Lukić,2026,ROMP,6429,False,1,1,0,35,0,1,0,0,0
457738,Jovo Lukić,2026,RO1,6429,False,9,6,0,447,2,1,12,5,0
457738,Jovo Lukić,2026,ELQ,6429,False,2,0,2,0,0,0,0,0,0
457738,Jovo Lukić,2026,ECLQ,6429,False,2,2,0,104,2,0,0,0,0
859536,Oucasse Mendy,2026,ROMS,6429,False,1,0,0,0,0,0,0,0,0
859536,Oucasse Mendy,2026,ROMP,6429,False,1,1,0,82,0,0,0,0,0
859536,Oucasse Mendy,2026,RO1,6429,False,9,7,0,456,2,1,11,5,0
859536,Oucasse Mendy,2026,ELQ,6429,False,2,2,0,142,0,0,0,0,0
859536,Oucasse Mendy,2026,ECLQ,6429,False,2,1,0,22,0,0,0,0,0
798972,Issouf Macalou,2026,ROMS,6429,False,1,1,0,45,0,1,0,0,0
798972,Issouf Macalou,2026,ROMP,6429,False,1,1,0,35,1,0,0,0,0
798972,Issouf Macalou,2026,RO1,6429,False,9,9,0,699,0,0,21,3,2
798972,Issouf Macalou,2026,ELQ,6429,False,2,2,0,165,0,0,0,0,0
798972,Issouf Macalou,2026,ECLQ,6429,False,2,2,0,119,0,0,0,0,0
477923,Jug Stanojev,2026,ROMS,6429,False,1,1,0,86,0,0,0,0,0
477923,Jug Stanojev,2026,ROMP,6429,False,1,0,0,0,0,0,0,0,0
477923,Jug Stanojev,2026,RO1,6429,False,9,3,0,179,0,0,5,1,0
477923,Jug Stanojev,2026,ELQ,6429,False,2,2,0,202,0,0,0,0,0
477923,Jug Stanojev,2026,ECLQ,6429,False,2,2,0,151,0,0,0,0,0
896370,Atanas Trică,2026,ZYP1,2156,False,4,2,0,81,0,0,0,0,0
896370,Atanas Trică,2026,ROMS,6429,False,1,1,0,4,0,0,0,0,0
896370,Atanas Trică,2026,RO1,6429,False,3,1,0,16,0,0,0,0,0
896370,Atanas Trică,2026,ELQ,6429,False,2,0,0,0,0,0,0,0,0
896370,Atanas Trică,2026,ECLQ,6429,False,2,0,0,0,0,0,0,0,0
1462852,Alex Orban,2026,ROMP,101331,False,3,3,0,183,0,1,0,0,0
1462852,Alex Orban,2026,RO2,101331,False,8,8,0,526,0,1,0,0,1
1345660,Lukas Pall,2026,ROMS,6429,False,1,0,0,0,0,0,0,0,0
1345660,Lukas Pall,2026,ROMP,6429,False,1,0,0,0,0,0,0,0,0
1345660,Lukas Pall,2026,RO1,6429,False,9,0,0,0,0,0,0,0,0
1345660,Lukas Pall,2026,ELQ,6429,False,2,0,0,0,0,0,0,0,0
1345660,Lukas Pall,2026,ECLQ,6429,False,2,0,0,0,0,0,0,0,0
672895,Alexandru Silveanu,2026,ROMP,41278,False,1,0,0,0,0,0,0,0,0
672895,Alexandru Silveanu,2026,RO1,41278,False,10,0,0,0,0,0,0,0,0
1076318,Luca Crăciun,2026,U19Q,21428,True,3,1,0,90,0,0,0,0,0
1076318,Luca Crăciun,2026,RO2,111686,False,5,4,0,360,0,0,0,0,0
1076318,Luca Crăciun,2026,RO1,41278,False,5,0,0,0,0,0,0,0,0
123251,Cătălin Straton,2026,ROMP,41278,False,1,0,0,0,0,0,0,0,0
123251,Cătălin Straton,2026,RO1,41278,False,10,1,0,45,0,0,0,0,0
837239,Mario Tudose,2026,ROMP,41278,False,1,1,0,45,0,0,0,0,0
837239,Mario Tudose,2026,RO1,41278,False,10,8,0,636,0,0,4,1,1
556116,Dorinel Oancea,2026,ROMP,41278,False,1,0,0,0,0,0,0,0,0
556116,Dorinel Oancea,2026,RO1,41278,False,10,8,0,414,1,1,3,1,2
482364,Leard Sadriu,2026,ROMP,41278,False,1,1,0,45,0,0,0,0,0
482364,Leard Sadriu,2026,RO1,41278,False,10,8,0,688,0,0,7,0,4
603327,Florin Borța,2026,ROMP,41278,False,1,1,0,45,0,0,0,0,0
603327,Florin Borța,2026,RO1,41278,False,10,10,0,806,0,0,15,2,3
394481,Costinel Tofan,2026,ROMP,41278,False,1,1,0,90,0,0,0,0,1
394481,Costinel Tofan,2026,RO1,41278,False,10,8,0,581,0,0,7,0,2
520084,Guilherme Garutti,2026,ROMP,41278,False,1,1,0,90,0,0,0,0,0
520084,Guilherme Garutti,2026,RO1,41278,False,10,6,0,383,0,0,0,0,0
1327485,Claudiu Stancu,2026,ROMP,84065,False,2,1,0,90,0,0,0,0,0
1327485,Claudiu Stancu,2026,RO2,84065,False,8,3,0,68,0,0,0,0,0
209063,Marius Briceag,2026,ROMP,12680,False,3,1,0,120,0,0,0,0,0
209063,Marius Briceag,2026,RO2,12680,False,8,7,0,630,0,0,0,0,1
1379453,Andrei Dinu,2026,ROMP,9830,False,3,3,0,270,0,0,0,0,0
1483399,Antonio Marin,2026,RO1,41278,False,6,0,0,0,0,0,0,0,0
381209,Rober Sierra,2026,ROMP,41278,False,1,0,0,0,0,0,0,0,0
381209,Rober Sierra,2026,RO1,41278,False,10,6,0,495,0,0,2,0,1
136128,Vadim Rață,2026,ROMP,41278,False,1,1,0,45,0,0,0,0,0
136128,Vadim Rață,2026,RO1,41278,False,10,10,0,772,0,0,9,1,2
451331,Ionuț Rădescu,2026,ROMP,41278,False,1,1,0,21,0,0,0,0,0
451331,Ionuț Rădescu,2026,RO1,41278,False,10,8,0,258,0,0,5,0,1
986504,Robert Popescu,2026,ROMP,41278,False,1,0,0,0,0,0,0,0,0
986504,Robert Popescu,2026,RO1,41278,False,10,0,0,0,0,0,0,0,0
365449,Xian Emmers,2026,ROMP,41278,False,1,0,0,0,0,0,0,0,0
365449,Xian Emmers,2026,RO1,41278,False,10,2,0,115,0,1,0,0,0
535958,Ricardo Matos,2026,ROMP,41278,False,1,0,0,0,0,0,0,0,0
535958,Ricardo Matos,2026,RO1,41278,False,10,5,3,306,0,0,10,1,0
1160214,Adriano Manole,2026,ROMP,122344,False,1,1,0,90,0,0,0,0,0
1160214,Adriano Manole,2026,RO2,122344,False,8,3,0,70,0,0,0,0,0
97562,Takayuki Seto,2026,ROMP,102286,False,1,1,0,120,1,0,0,0,0
610484,Adel Bettaieb,2026,TUN1,3342,False,2,0,0,0,0,0,0,0,0
1122898,Caio,2026,ECLQ,48325,False,6,5,0,176,2,0,2,1,1
1122898,Caio,2026,CLQ,48325,False,2,1,0,21,0,0,0,0,0
319235,Robert Moldoveanu,2026,ROMP,41278,False,1,0,0,0,0,0,0,0,0
319235,Robert Moldoveanu,2026,RO1,41278,False,10,7,3,519,3,0,16,5,1
992822,Yanis Pîrvu,2026,U19Q,21428,True,3,0,0,0,0,0,0,0,0
992822,Yanis Pîrvu,2026,ROMP,41278,False,1,1,0,76,0,0,0,0,1
992822,Yanis Pîrvu,2026,RO1,41278,False,10,9,0,620,1,1,15,9,1
396320,Nacho Heras,2026,ROMP,54585,False,1,1,0,61,0,0,0,0,0
396320,Nacho Heras,2026,RO1,54585,False,10,9,0,550,1,1,15,7,1
840521,Franck Tchassem,2026,ROMP,4686,False,1,1,0,63,0,0,0,0,0
840521,Franck Tchassem,2026,RO2,4686,False,7,6,0,181,1,0,0,0,0
187290,Kevin Brobbey,2026,ZYP1,57870,False,3,2,0,30,0,0,0,0,0
1511602,Michael Idowu,2026,ROMP,41278,False,1,1,0,30,0,0,0,0,0
1511602,Michael Idowu,2026,RO1,41278,False,10,4,0,167,0,0,4,2,0
135566,Mihai Roman,2026,ROMP,40843,False,2,2,0,47,0,0,0,0,0
135566,Mihai Roman,2026,RO1,40843,False,10,8,2,480,2,0,14,4,2
600151,Florent Poulolo,2026,ROMS,6429,False,1,1,0,45,0,0,0,0,0
600151,Florent Poulolo,2026,ROMP,6429,False,1,1,0,90,0,0,0,0,0
600151,Florent Poulolo,2026,RO1,6429,False,9,4,0,218,0,0,2,0,0
600151,Florent Poulolo,2026,ELQ,6429,False,2,0,0,0,0,0,0,0,0
600151,Florent Poulolo,2026,ECLQ,6429,False,2,0,0,0,0,0,0,0,0
416359,Neofytos Michail,2026,ROMS,6429,False,1,0,0,0,0,0,0,0,0
416359,Neofytos Michail,2026,ROMP,6429,False,1,0,0,0,0,0,0,0,0
416359,Neofytos Michail,2026,RO1,6429,False,9,2,0,156,0,0,0,0,0
416359,Neofytos Michail,2026,ELQ,6429,False,2,2,0,210,0,0,0,0,0
416359,Neofytos Michail,2026,ECLQ,6429,False,2,2,0,180,0,0,0,0,0
265209,Noah Loosli,2026,ROMP,6429,False,1,0,0,0,0,0,0,0,0
265209,Noah Loosli,2026,RO1,6429,False,3,0,0,0,0,0,0,0,0
1028313,Friday Adams,2026,ROMS,6429,False,1,1,0,4,0,0,0,0,0
1028313,Friday Adams,2026,ROMP,6429,False,1,1,0,90,0,0,0,0,0
1028313,Friday Adams,2026,RO1,6429,False,9,6,0,198,0,1,1,1,0
1028313,Friday Adams,2026,ELQ,6429,False,2,2,0,68,0,0,0,0,0
1028313,Friday Adams,2026,ECLQ,6429,False,2,1,0,29,0,0,0,0,1
992826,Alin Techereș,2026,U19Q,21428,True,3,0,0,0,0,0,0,0,0
992826,Alin Techereș,2026,ROMS,6429,False,1,0,0,0,0,0,0,0,0
992826,Alin Techereș,2026,ROMP,6429,False,1,0,0,0,0,0,0,0,0
992826,Alin Techereș,2026,RO1,6429,False,9,1,0,45,0,0,0,0,1
992826,Alin Techereș,2026,ELQ,6429,False,2,0,0,0,0,0,0,0,0
992826,Alin Techereș,2026,ECLQ,6429,False,2,0,0,0,0,0,0,0,0
699171,Pedro Pinho,2026,ROMS,6429,False,1,1,0,90,0,0,2,0,0
699171,Pedro Pinho,2026,ROMP,6429,False,1,0,0,0,0,0,0,0,0
699171,Pedro Pinho,2026,RO1,6429,False,9,8,0,373,0,0,5,2,3
699171,Pedro Pinho,2026,ELQ,6429,False,2,2,0,119,0,0,0,0,1
699171,Pedro Pinho,2026,ECLQ,6429,False,2,2,0,33,1,0,0,0,0
271763,Alibek Aliev,2026,ROMS,6429,False,1,1,0,86,1,0,3,2,1
271763,Alibek Aliev,2026,ROMP,6429,False,1,1,0,55,0,0,0,0,0
271763,Alibek Aliev,2026,RO1,6429,False,9,9,0,396,6,2,14,8,1
271763,Alibek Aliev,2026,ELQ,6429,False,2,2,0,91,0,0,0,0,0
271763,Alibek Aliev,2026,ECLQ,6429,False,2,2,0,76,0,0,0,0,0
1281133,Ibuchi Chukwu,2026,ROMS,6429,False,1,0,0,0,0,0,0,0,0
1281133,Ibuchi Chukwu,2026,ROMP,72860,False,1,1,0,90,0,0,0,0,0
1281133,Ibuchi Chukwu,2026,RO2,72860,False,5,5,0,402,1,1,0,0,2
1281133,Ibuchi Chukwu,2026,RO1,6429,False,4,0,0,0,0,0,0,0,0
1281133,Ibuchi Chukwu,2026,ELQ,6429,False,2,1,0,8,0,0,0,0,0
1281133,Ibuchi Chukwu,2026,ECLQ,6429,False,2,0,0,0,0,0,0,0,0
937064,Luca Szimionaș,2026,ROMP,6429,False,1,0,0,0,0,0,0,0,0
937064,Luca Szimionaș,2026,RO1,6429,False,4,0,0,0,0,0,0,0,0
937064,Luca Szimionaș,2026,IJ1,16996,False,1,0,0,0,0,0,0,0,0
623412,Mihai Popa,2026,POPU,3527,False,1,0,0,0,0,0,0,0,0
623412,Mihai Popa,2026,PL1,3527,False,9,5,0,450,0,0,0,0,0
167685,Alessandro Micai,2026,IT3B,3522,False,5,5,0,450,0,0,0,0,0
167685,Alessandro Micai,2026,CILP,3522,False,2,2,0,180,0,0,0,0,0
252192,Octavian Vâlceanu,2026,ROMP,7769,False,1,1,0,90,0,0,0,0,0
252192,Octavian Vâlceanu,2026,RO1,7769,False,9,9,0,810,0,0,0,0,0
252192,Octavian Vâlceanu,2026,ECLQ,7769,False,4,4,0,315,0,0,0,0,0
675500,Rareș Gal,2026,ROMP,7769,False,1,0,0,0,0,0,0,0,0
675500,Rareș Gal,2026,RO1,7769,False,9,0,0,0,0,0,0,0,0
675500,Rareș Gal,2026,ECLQ,7769,False,4,0,0,0,0,0,0,0,0
157509,Kurt Zouma,2026,UAE2,122768,False,5,4,0,360,0,0,0,0,1
682719,Simão Rocha,2026,ROMP,7769,False,1,1,0,90,0,0,0,0,0
682719,Simão Rocha,2026,RO1,7769,False,9,7,0,447,0,1,2,0,0
682719,Simão Rocha,2026,ECLQ,7769,False,4,2,0,135,0,0,0,0,0
615930,Matei Ilie,2026,TR1,10484,False,6,6,0,540,0,0,0,0,2
393436,Aly Abeid,2026,RO1,7769,False,6,6,0,540,0,2,1,0,1
393436,Aly Abeid,2026,ECLQ,7769,False,4,4,0,349,0,0,0,0,0
393436,Aly Abeid,2026,ALG1,13366,False,3,0,0,0,0,0,0,0,0
353365,Marcus Coco,2026,ISR1,1017,False,5,4,0,357,0,1,1,0,1
353365,Marcus Coco,2026,ECLQ,1017,False,6,6,0,525,0,0,0,0,2
450290,Antonio Bosec,2026,SL1,21460,False,10,9,0,787,2,0,0,0,2
1043574,Viktor Kun,2026,ROMP,7769,False,1,1,0,90,0,0,0,0,0
1043574,Viktor Kun,2026,RO1,7769,False,9,5,0,429,0,0,2,2,1
1043574,Viktor Kun,2026,ECLQ,7769,False,4,2,0,46,0,0,0,0,0
464465,Daniel Dumbravanu,2026,ROMP,40843,False,2,1,0,90,0,0,0,0,0
464465,Daniel Dumbravanu,2026,RO1,40843,False,10,9,0,668,0,0,2,0,2
226080,Anton Kresic,2026,ROMP,7769,False,1,1,0,90,0,0,0,0,0
226080,Anton Kresic,2026,RO1,7769,False,9,3,0,270,0,0,0,0,1
226080,Anton Kresic,2026,ECLQ,7769,False,4,0,4,0,0,0,0,0,0
589753,Ilija Masic,2026,ROMP,7769,False,1,0,0,0,0,0,0,0,0
589753,Ilija Masic,2026,RO1,7769,False,9,0,0,0,0,0,0,0,0
589753,Ilija Masic,2026,ECLQ,7769,False,4,0,4,0,0,0,0,0,0
44698,Mário Camora,2026,ROMP,7769,False,1,0,0,0,0,0,0,0,0
44698,Mário Camora,2026,RO1,7769,False,9,9,0,631,1,1,1,1,2
44698,Mário Camora,2026,ECLQ,7769,False,4,4,0,232,0,0,0,0,1
708375,Rion Zejnullahu,2026,ROMP,7769,False,1,0,0,0,0,0,0,0,0
708375,Rion Zejnullahu,2026,RO1,7769,False,9,0,0,0,0,0,0,0,0
708375,Rion Zejnullahu,2026,ECLQ,7769,False,4,0,4,0,0,0,0,0,0
1250029,Alexandru Radu,2026,ROMP,7769,False,1,0,0,0,0,0,0,0,0
1250029,Alexandru Radu,2026,RO1,7769,False,7,0,0,0,0,0,0,0,0
1250029,Alexandru Radu,2026,ECLQ,7769,False,4,0,0,0,0,0,0,0,0
675506,Alin Fică,2026,ROMP,7769,False,1,0,0,0,0,0,0,0,0
675506,Alin Fică,2026,RO1,7769,False,9,3,0,223,0,0,8,2,0
675506,Alin Fică,2026,ECLQ,7769,False,4,4,0,308,1,0,0,0,0
892105,Lindon Emërllahu,2026,UKRP,53646,False,1,1,0,58,0,0,0,0,0
892105,Lindon Emërllahu,2026,UKR1,53646,False,7,6,0,295,0,2,0,0,1
892105,Lindon Emërllahu,2026,UA2P,143320,False,1,1,0,45,0,0,0,0,0
892105,Lindon Emërllahu,2026,ECLQ,53646,False,2,2,0,43,0,0,3,1,0
291656,Adrian Păun,2026,ROMP,7769,False,1,1,0,81,1,0,0,0,0
291656,Adrian Păun,2026,RO1,7769,False,9,7,0,153,0,0,3,2,0
291656,Adrian Păun,2026,ECLQ,7769,False,4,4,0,138,0,0,0,0,1
690872,Drilon Islami,2026,MAZ1,1167,False,8,7,0,544,1,0,0,0,1
690872,Drilon Islami,2026,ECLQ,1167,False,6,6,0,494,0,0,0,0,2
1248145,Răzvan Gligor,2026,ROMP,7769,False,1,0,0,0,0,0,0,0,0
1248145,Răzvan Gligor,2026,RO1,7769,False,9,0,0,0,0,0,0,0,0
1248145,Răzvan Gligor,2026,ECLQ,7769,False,4,0,0,0,0,0,0,0,0
143039,Damjan Djokovic,2026,RO1,7769,False,4,3,0,225,0,0,2,0,1
143039,Damjan Djokovic,2026,KR2,26357,False,1,0,0,0,0,0,0,0,0
143039,Damjan Djokovic,2026,ECLQ,7769,False,4,3,0,270,0,0,0,0,1
902111,Denis Crișan,2026,ROMP,7769,False,1,0,0,0,0,0,0,0,0
902111,Denis Crișan,2026,RO1,7769,False,9,0,0,0,0,0,0,0,0
902111,Denis Crișan,2026,ECLQ,7769,False,4,0,0,0,0,0,0,0,0
435712,Andrei Cordea,2026,ROMP,7769,False,1,1,0,45,0,1,0,0,0
435712,Andrei Cordea,2026,RO1,7769,False,9,9,0,737,5,1,30,10,0
435712,Andrei Cordea,2026,ECLQ,7769,False,4,4,0,259,0,0,0,0,0
993687,Lorenzo Biliboc,2026,ROMP,7769,False,1,1,0,45,0,0,0,0,0
993687,Lorenzo Biliboc,2026,RO1,7769,False,9,9,0,531,2,0,15,7,0
993687,Lorenzo Biliboc,2026,ECLQ,7769,False,4,4,0,158,0,0,0,0,1
369384,Mohamed Badamosi,2026,ECLQ,48325,False,6,5,0,238,0,0,2,1,0
369384,Mohamed Badamosi,2026,CLQ,48325,False,2,2,0,176,0,1,0,0,1
808224,Andres Sfait,2026,ROMP,7769,False,1,1,0,87,1,0,0,0,0
808224,Andres Sfait,2026,RO1,7769,False,9,9,0,297,0,2,9,3,1
808224,Andres Sfait,2026,ECLQ,7769,False,4,4,0,189,1,1,0,0,0
435208,Béni Nkololo,2026,ACLE,3176,False,1,1,0,82,0,0,3,1,0
169362,Luka Zahovic,2026,SL1,790,False,9,9,0,382,2,0,0,0,1
169362,Luka Zahovic,2026,RO1,7769,False,1,1,0,2,0,0,0,0,0
1185785,Moussa Samake,2026,ROMP,93148,False,2,2,0,116,1,0,0,0,0
1185785,Moussa Samake,2026,RO2,93148,False,7,7,0,427,3,0,0,0,0
234882,Iacopo Cernigoi,2026,IT3B,11483,False,6,4,0,106,0,0,0,0,1
234882,Iacopo Cernigoi,2026,CILP,11483,False,2,1,0,36,0,0,0,0,0
1032632,Nicolae Sula,2026,ROMP,7769,False,1,0,0,0,0,0,0,0,0
1032632,Nicolae Sula,2026,RO1,7769,False,9,1,0,2,0,0,1,0,0
1032632,Nicolae Sula,2026,ECLQ,7769,False,4,0,0,0,0,0,0,0,0
1502575,Matteo Șerban,2026,ROMP,41278,False,1,0,0,0,0,0,0,0,0
1502575,Matteo Șerban,2026,RO1,41278,False,10,0,0,0,0,0,0,0,0
938509,Igor Nikic,2026,ROMP,41278,False,1,0,0,0,0,0,0,0,0
938509,Igor Nikic,2026,RO1,41278,False,6,1,0,90,0,0,0,0,0
613968,Evagoras Antoniou,2026,ZYP1,786,False,4,2,0,180,0,0,0,0,1
613968,Evagoras Antoniou,2026,RO1,41278,False,6,0,0,0,0,0,0,0,0
645195,Tiago Gonçalves,2026,UNG1,708,False,7,0,0,0,0,0,0,0,0
645195,Tiago Gonçalves,2026,RO1,41278,False,3,2,0,180,0,0,0,0,0
635803,Oluwatobiloba Alagbe,2026,ROMP,41278,False,1,1,0,60,0,0,0,0,1
635803,Oluwatobiloba Alagbe,2026,RO1,41278,False,8,8,0,454,0,0,4,0,0
1262049,Eduard Cotea,2026,ROMP,41278,False,1,0,0,0,0,0,0,0,0
1262049,Eduard Cotea,2026,RO1,41278,False,7,0,0,0,0,0,0,0,0
660342,Gabriel Charpentier,2026,ROMP,41278,False,1,1,0,60,0,0,0,0,1
660342,Gabriel Charpentier,2026,RO1,41278,False,6,4,0,130,0,0,5,0,0
1264865,Daniel Sandu,2026,ROMP,41278,False,1,0,0,0,0,0,0,0,0
1264865,Daniel Sandu,2026,RO1,4959,False,3,0,0,0,0,0,0,0,0
1264865,Daniel Sandu,2026,RO1,41278,False,7,0,0,0,0,0,0,0,0
510260,Taylor Luvambo,2026,ROMP,41278,False,1,1,0,90,0,0,0,0,0
510260,Taylor Luvambo,2026,RO1,41278,False,10,9,0,634,1,1,18,4,3
1600901,Andreas Bălașa,2026,RO1,41278,False,2,0,0,0,0,0,0,0,0
1570618,Marc Filip,2026,RO1,7769,False,4,0,0,0,0,0,0,0,0
1570618,Marc Filip,2026,ECLQ,7769,False,4,0,0,0,0,0,0,0,0
326363,André Moreira,2026,RO1,7769,False,4,0,0,0,0,0,0,0,0
326363,André Moreira,2026,ECLQ,7769,False,4,1,2,45,0,0,0,0,0
271294,Árpád Tordai,2026,ROMP,952,False,1,0,0,0,0,0,0,0,0
271294,Árpád Tordai,2026,RO1,952,False,8,2,0,180,0,0,0,0,0
271294,Árpád Tordai,2026,RO1,7769,False,2,0,0,0,0,0,0,0,0
1591681,Cătălin Pușcaș,2026,ROMP,7769,False,1,0,0,0,0,0,0,0,0
1591681,Cătălin Pușcaș,2026,RO1,7769,False,2,0,0,0,0,0,0,0,0
502669,Iva Gelashvili,2026,RO1,7769,False,2,1,0,90,0,0,0,0,1
410281,Renato Pantalon,2026,ROMP,7769,False,1,1,0,90,0,0,0,0,0
410281,Renato Pantalon,2026,RO1,7769,False,9,4,0,272,0,0,2,0,0
410281,Renato Pantalon,2026,ECLQ,7769,False,4,4,0,360,0,0,0,0,1
1008261,Leo Saca,2026,RO1,7769,False,2,0,0,0,0,0,0,0,0
948255,Cristian Perea,2026,RO1,7769,False,2,0,0,0,0,0,0,0,0
948255,Cristian Perea,2026,E3G2,6767,False,2,0,0,0,0,0,0,0,0
344519,Bruno Costa,2026,RO1,7769,False,3,3,0,203,0,1,2,1,1
344519,Bruno Costa,2026,ECLQ,7769,False,4,2,2,82,0,0,0,0,1
332875,Adi Nalic,2026,RO1,7769,False,2,2,0,116,0,1,2,1,0
332875,Adi Nalic,2026,ECLQ,6808,False,2,1,0,56,0,0,0,0,0
332875,Adi Nalic,2026,BOS1,6808,False,6,0,0,0,0,0,0,0,0
661754,Yuval Sade,2026,VPO1,24971,False,1,0,0,0,0,0,0,0,0
661754,Yuval Sade,2026,VIE1,24971,False,2,2,0,177,0,0,0,0,0
661754,Yuval Sade,2026,RO1,7769,False,3,0,0,0,0,0,0,0,0
661754,Yuval Sade,2026,ECLQ,7769,False,3,0,3,0,0,0,0,0,0
898351,Francisco Barrios,2026,ROMP,7769,False,1,1,0,67,0,0,0,0,0
898351,Francisco Barrios,2026,RO1,7769,False,9,2,0,49,0,0,0,0,0
898351,Francisco Barrios,2026,ECLQ,7769,False,4,2,2,90,0,0,0,0,0
531599,Ervin Omic,2026,RO1,7769,False,2,1,0,64,0,0,2,1,0
531599,Ervin Omic,2026,POPU,422,False,1,0,0,0,0,0,0,0,0
531599,Ervin Omic,2026,PL1,422,False,7,1,0,1,0,0,0,0,0
1250026,Alex Nădășanu,2026,ROMP,111687,False,4,0,0,0,0,0,0,0,0
1250026,Alex Nădășanu,2026,RO1,7769,False,2,0,0,0,0,0,0,0,0
1304289,Amin Ziblim,2026,ROMP,7769,False,1,0,0,0,0,0,0,0,0
1304289,Amin Ziblim,2026,RO1,7769,False,9,1,0,61,0,0,1,1,1
1304289,Amin Ziblim,2026,ECLQ,7769,False,4,0,4,0,0,0,0,0,0
138850,Stefan Drazic,2026,ROMP,7769,False,1,1,0,45,0,0,0,0,0
138850,Stefan Drazic,2026,RO1,7769,False,9,8,0,682,5,1,20,7,1
138850,Stefan Drazic,2026,ECLQ,7769,False,4,2,0,173,0,2,0,0,0
770036,Jelani Dumas,2026,RO1,7769,False,2,0,0,0,0,0,0,0,0
770036,Jelani Dumas,2026,PO2,10330,False,5,0,0,0,0,0,0,0,0
1509384,Mateo Miclăuș,2026,ROMP,7769,False,1,1,0,3,0,0,0,0,0
1509384,Mateo Miclăuș,2026,RO2,86094,False,5,4,0,251,0,1,0,0,0
1509384,Mateo Miclăuș,2026,RO1,7769,False,7,0,0,0,0,0,0,0,0
1509384,Mateo Miclăuș,2026,ECLQ,7769,False,3,1,0,14,0,0,0,0,0
1179004,Cosmin Matei,2026,ROMP,7769,False,1,1,0,9,0,0,0,0,0
1179004,Cosmin Matei,2026,RO2,86094,False,3,3,0,91,0,0,0,0,0
1179004,Cosmin Matei,2026,RO1,7769,False,9,1,0,19,0,0,0,0,0
1179004,Cosmin Matei,2026,ECLQ,7769,False,4,0,0,0,0,0,0,0,0
677152,Andrei Gorcea,2026,ROMP,952,False,1,1,0,25,0,0,0,0,0
677152,Andrei Gorcea,2026,RO1,952,False,10,4,0,360,0,0,0,0,0
131589,Billel Omrani,2026,ROMP,15945,False,3,0,0,0,0,0,0,0,0
131589,Billel Omrani,2026,RO2,15945,False,6,0,0,0,0,0,0,0,0
131589,Billel Omrani,2026,RO1,7769,False,2,1,0,8,0,0,1,0,0
1209279,Lucas Roșu,2026,ROMP,86160,False,1,0,0,0,0,0,0,0,0
343357,Din Alomerovic,2026,ROMP,952,False,1,1,0,90,0,0,0,0,0
343357,Din Alomerovic,2026,RO1,952,False,10,7,2,596,0,0,4,2,1
1287033,Mark Țuțu,2026,ROMP,9465,False,2,1,0,58,0,0,0,0,0
1287033,Mark Țuțu,2026,RO1,9465,False,9,9,0,603,1,0,5,1,3
932800,Flavius Iacob,2026,ROMP,41061,False,2,2,0,180,0,0,0,0,0
932800,Flavius Iacob,2026,RO1,41061,False,9,9,0,810,0,0,7,3,1
334665,Andrea Padula,2026,ROMP,952,False,1,1,0,21,0,0,0,0,0
334665,Andrea Padula,2026,RO1,952,False,7,7,0,328,1,0,2,1,2
226095,Marko Stolnik,2026,KRC,11083,False,1,0,0,0,0,0,0,0,0
226095,Marko Stolnik,2026,KR1,11083,False,8,8,0,671,0,0,3,2,1
108866,Dmytro Pospelov,2026,ROMP,952,False,1,0,0,0,0,0,0,0,0
108866,Dmytro Pospelov,2026,RO1,952,False,10,4,0,273,0,1,3,0,2
202800,Alexandru Benga,2026,ROMP,952,False,1,1,0,90,0,0,0,0,0
202800,Alexandru Benga,2026,RO1,952,False,10,9,0,810,0,0,5,0,2
186741,Alin Roman,2026,ROMP,952,False,1,1,0,69,0,0,0,0,0
186741,Alin Roman,2026,RO1,952,False,10,10,0,830,0,5,28,6,1
341391,Valentin Costache,2026,ECLQ,60368,False,4,4,0,104,1,0,0,0,1
341391,Valentin Costache,2026,ARM1,60368,False,8,7,0,340,0,1,0,0,1
289017,Ovidiu Popescu,2026,ROMP,39835,False,3,2,0,197,0,1,0,0,0
289017,Ovidiu Popescu,2026,RO2,39835,False,8,7,0,587,0,0,0,0,0
474909,Sota Mino,2026,ROMP,952,False,1,1,0,90,0,1,0,0,0
474909,Sota Mino,2026,RO1,952,False,10,10,0,850,1,0,10,3,2
608487,Luca Mihai,2026,IT3C,1627,False,2,0,0,0,0,0,0,0,0
608487,Luca Mihai,2026,CIT,1627,False,2,0,0,0,0,0,0,0,0
641765,Denis Hrezdac,2026,ROMP,41061,False,2,1,0,28,0,0,0,0,0
641765,Denis Hrezdac,2026,RO1,41061,False,9,6,0,477,0,0,2,1,1
675238,Richard Odada,2026,ROMP,952,False,1,0,1,0,0,0,0,0,0
675238,Richard Odada,2026,RO1,952,False,10,6,4,381,0,0,6,0,1
1346805,Denis Țăroi,2026,U19Q,21428,True,3,2,0,168,0,1,0,0,0
1346805,Denis Țăroi,2026,ROMP,952,False,1,1,0,65,0,0,0,0,0
1346805,Denis Țăroi,2026,RO1,952,False,10,9,0,280,0,0,3,0,0
1369430,Alexandru Hodoșan-Olar,2026,ROMP,86160,False,1,1,0,90,0,0,0,0,0
394475,Marius Coman,2026,ROMP,952,False,1,1,0,45,0,0,0,0,0
394475,Marius Coman,2026,RO1,952,False,10,10,0,723,4,0,27,9,0
511885,Marinos Tzionis,2026,ROMP,952,False,1,1,0,45,1,0,0,0,0
511885,Marinos Tzionis,2026,RO1,952,False,10,10,0,529,1,0,11,4,1
1408980,Andrei Tolcea,2026,RO1,952,False,3,0,0,0,0,0,0,0,0
633055,Dániel Zsóri,2026,UNGP,634,False,1,0,0,0,0,0,0,0,0
633055,Dániel Zsóri,2026,UNG1,634,False,8,3,0,40,0,0,3,2,0
744076,Marian Danciu,2026,ROMP,111686,False,2,2,0,194,0,0,0,0,0
744076,Marian Danciu,2026,RO2,111686,False,8,8,0,675,1,1,0,0,1
937037,Rafael Munteanu,2026,ROMP,29831,False,1,0,0,0,0,0,0,0,0
937037,Rafael Munteanu,2026,RO1,29831,False,10,10,0,900,0,0,0,0,1
216660,Alexandru Buzbuchi,2026,ROMP,29831,False,1,1,0,90,0,0,0,0,0
216660,Alexandru Buzbuchi,2026,RO1,29831,False,10,0,0,0,0,0,0,0,0
1335800,David Barbu,2026,ROMP,29831,False,1,0,0,0,0,0,0,0,0
1335800,David Barbu,2026,RO1,29831,False,2,0,0,0,0,0,0,0,0
666463,Dan Sîrbu,2026,ROMP,29831,False,1,0,0,0,0,0,0,0,0
666463,Dan Sîrbu,2026,RO1,29831,False,10,7,0,561,0,0,1,0,0
908621,Nabil Aberdin,2026,RU2,41231,False,9,0,9,0,0,0,0,0,0
908621,Nabil Aberdin,2026,RO1,29831,False,3,3,0,253,0,0,0,0,0
786497,Sofyane Bouzamoucha,2026,ROMP,29831,False,1,1,0,90,0,0,0,0,0
786497,Sofyane Bouzamoucha,2026,RO1,29831,False,10,8,0,667,0,0,4,1,0
731518,David Maftei,2026,ROMP,29831,False,1,0,0,0,0,0,0,0,0
731518,David Maftei,2026,RO1,29831,False,10,1,0,29,0,0,0,0,0
601044,Lucas Pellegrini,2026,ROMP,29831,False,1,0,1,0,0,0,0,0,0
601044,Lucas Pellegrini,2026,RO1,29831,False,10,0,9,0,0,0,0,0,0
203498,Steve Furtado,2026,ROMP,29831,False,1,1,0,45,0,0,0,0,0
203498,Steve Furtado,2026,RO1,29831,False,10,0,0,0,0,0,0,0,0
869463,Gustavo Marins,2026,ROMP,29831,False,1,0,0,0,0,0,0,0,0
869463,Gustavo Marins,2026,RO1,29831,False,10,9,0,702,0,0,2,0,1
927982,Ștefan Duțu,2026,ROMP,56359,False,2,1,0,90,0,0,0,0,0
927982,Ștefan Duțu,2026,RO2,56359,False,6,6,0,495,1,1,0,0,1
927982,Ștefan Duțu,2026,RO1,29831,False,4,0,0,0,0,0,0,0,0
262117,Cristian Ganea,2026,ROMP,29831,False,1,0,0,0,0,0,0,0,0
262117,Cristian Ganea,2026,RO1,29831,False,10,4,0,235,0,1,5,0,0
697714,Fabinho,2026,ROMP,29831,False,1,0,0,0,0,0,0,0,0
697714,Fabinho,2026,RO1,29831,False,10,0,0,0,0,0,0,0,0
1410600,Hassane Traoré,2026,RO1,29831,False,5,0,0,0,0,0,0,0,0
731522,Eduard Radaslavescu,2026,ROMP,29831,False,1,0,0,0,0,0,0,0,0
731522,Eduard Radaslavescu,2026,RO1,29831,False,10,10,0,713,5,2,26,14,2
1222728,João Ferreira,2026,ROMP,29831,False,1,1,0,45,0,0,0,0,0
1222728,João Ferreira,2026,RO1,29831,False,10,0,0,0,0,0,0,0,0
46582,Ionuț Larie,2026,ROMP,29831,False,1,1,0,90,0,0,0,0,0
46582,Ionuț Larie,2026,RO1,29831,False,10,5,0,168,0,0,2,0,0
208828,Ionuț Vînă,2026,ROMP,29831,False,1,0,0,0,0,0,0,0,0
208828,Ionuț Vînă,2026,RO1,29831,False,10,2,0,64,0,0,2,0,0
568540,Victor Dican,2026,ROMP,29831,False,1,0,0,0,0,0,0,0,0
568540,Victor Dican,2026,RO1,29831,False,10,9,1,765,0,0,5,1,4
629566,Eddy Sylvestre,2026,ROMP,29831,False,1,0,0,0,0,0,0,0,0
629566,Eddy Sylvestre,2026,RO1,29831,False,10,9,0,503,0,1,4,2,0
742226,Tony Njiké,2026,ROMP,29831,False,1,0,0,0,0,0,0,0,0
742226,Tony Njiké,2026,RO1,29831,False,10,10,0,878,0,1,8,1,2
509234,Mattéo Ahlinvi,2026,ROMP,29831,False,1,0,0,0,0,0,0,0,0
509234,Mattéo Ahlinvi,2026,RO1,29831,False,10,10,0,818,3,1,17,7,0
869978,Luca Banu,2026,ROMP,29831,False,1,1,0,45,0,0,0,0,0
869978,Luca Banu,2026,RO2,37624,False,1,1,0,90,0,0,0,0,0
869978,Luca Banu,2026,RO1,29831,False,10,3,0,47,0,0,1,1,0
608447,Nicolas Popescu,2026,ROMP,29831,False,1,1,0,90,0,0,0,0,0
608447,Nicolas Popescu,2026,RO1,29831,False,10,5,0,50,0,0,0,0,0
683538,André Seruca,2026,ROMP,29831,False,1,0,0,0,0,0,0,0,0
683538,André Seruca,2026,RO1,29831,False,10,0,0,0,0,0,0,0,0
1067290,Ianis Podoleanu,2026,U19Q,21428,True,3,3,0,153,0,0,0,0,1
1067290,Ianis Podoleanu,2026,ROMP,29831,False,1,1,0,45,0,0,0,0,0
1067290,Ianis Podoleanu,2026,RO1,29831,False,3,0,0,0,0,0,0,0,0
1179030,Alexandru Goncear,2026,ROMP,29831,False,1,1,0,53,0,0,0,0,0
1179030,Alexandru Goncear,2026,RO1,29831,False,10,5,0,114,1,0,2,2,0
417249,Muhamet Hyseni,2026,ROMP,29831,False,1,0,0,0,0,0,0,0,0
417249,Muhamet Hyseni,2026,RO1,29831,False,5,0,0,0,0,0,0,0,0
417249,Muhamet Hyseni,2026,DK1,2414,False,4,0,0,0,0,0,0,0,0
798248,Răzvan Tănasă,2026,ROMP,29831,False,1,1,0,84,0,0,0,0,0
798248,Răzvan Tănasă,2026,RO1,29831,False,10,6,0,181,0,0,6,2,1
545546,Narek Grigoryan,2026,ROMP,29831,False,1,0,0,0,0,0,0,0,0
545546,Narek Grigoryan,2026,RO1,29831,False,10,1,0,45,0,0,3,1,1
1335803,Cristian Sima,2026,ROMP,29831,False,1,1,0,90,0,0,0,0,0
1335803,Cristian Sima,2026,RO1,29831,False,10,7,0,346,1,0,5,4,1
901511,Ionuț Cojocaru,2026,ROMP,29831,False,1,1,0,6,0,0,0,0,0
901511,Ionuț Cojocaru,2026,RO1,29831,False,7,3,0,58,0,0,0,0,0
901511,Ionuț Cojocaru,2026,MT1N,329,False,4,3,0,195,2,0,0,0,1
937051,David Păcuraru,2026,ROMP,29831,False,1,0,0,0,0,0,0,0,0
937051,David Păcuraru,2026,RO1,29831,False,10,0,0,0,0,0,0,0,0
395677,Yann Kitala,2026,RO1,29831,False,1,0,0,0,0,0,0,0,0
395677,Yann Kitala,2026,PO2,6912,False,6,0,0,0,0,0,0,0,0
104990,Jakub Vojtus,2026,ROMP,29831,False,1,1,0,20,0,0,0,0,0
104990,Jakub Vojtus,2026,RO1,29831,False,10,2,0,34,0,0,1,0,0
1050693,Iustin Doicaru,2026,U19Q,21428,True,2,0,0,0,0,0,0,0,0
1050693,Iustin Doicaru,2026,TR1,126,False,4,4,0,105,1,1,6,2,0
1050693,Iustin Doicaru,2026,ROMP,29831,False,1,0,0,0,0,0,0,0,0
1050693,Iustin Doicaru,2026,RO1,29831,False,6,6,0,511,3,1,19,11,0
398048,Márcio Rosa,2026,ROMP,952,False,1,1,0,63,0,0,0,0,0
398048,Márcio Rosa,2026,RO1,952,False,6,4,0,360,0,0,0,0,0
398048,Márcio Rosa,2026,BU2,24078,False,2,0,0,0,0,0,0,0,0
1179006,Răzvan Marincean,2026,ROMP,29831,False,1,1,0,37,0,0,0,0,0
1179006,Răzvan Marincean,2026,RO1,29831,False,10,5,0,93,0,0,3,1,0
391375,Peter Ouaneh,2026,ROMP,952,False,1,1,0,90,0,0,0,0,0
391375,Peter Ouaneh,2026,RO1,952,False,10,8,0,720,0,0,4,0,2
705416,Samuel Gueulette,2026,ROMP,952,False,1,0,0,0,0,0,0,0,0
705416,Samuel Gueulette,2026,RO1,952,False,3,1,0,28,0,1,1,0,1
705416,Samuel Gueulette,2026,BE1,3901,False,4,1,0,1,0,0,0,0,0
547822,Alexi Pitu,2026,ROMP,952,False,1,0,1,0,0,0,0,0,0
547822,Alexi Pitu,2026,RO1,952,False,10,4,6,163,0,0,2,1,0
371370,Ismet Sinani,2026,ROMP,952,False,1,1,0,45,0,0,0,0,0
371370,Ismet Sinani,2026,RO1,952,False,10,9,0,253,1,0,11,4,0
504909,Alexandru Popescu,2026,ROMP,120965,False,1,1,0,90,2,0,0,0,0
504909,Alexandru Popescu,2026,RO1,952,False,1,0,0,0,0,0,0,0,0
1546000,Denis Ile,2026,ROMP,952,False,1,0,0,0,0,0,0,0,0
1546000,Denis Ile,2026,RO1,952,False,9,0,0,0,0,0,0,0,0
992845,John Dumitra,2026,ROMP,111686,False,2,0,0,0,0,0,0,0,0
992845,John Dumitra,2026,RO2,111686,False,8,1,0,24,0,0,0,0,1
1067282,Costyn Gheorghe,2026,U19Q,21428,True,3,3,0,270,0,1,0,0,0
1067282,Costyn Gheorghe,2026,ROMP,72860,False,3,3,0,211,0,0,0,0,0
1067282,Costyn Gheorghe,2026,RO2,72860,False,8,8,0,524,0,1,0,0,2
724115,Gabriel Buta,2026,UN2,30624,False,1,0,0,0,0,0,0,0,0
478588,Ramalho,2026,IN1L,31444,False,3,2,0,63,0,0,0,0,0
207625,Boban Nikolov,2026,MAZ1,77,False,8,6,0,336,1,0,0,0,1
207625,Boban Nikolov,2026,ECLQ,77,False,2,1,0,59,0,0,0,0,0
207625,Boban Nikolov,2026,CLQ,77,False,2,2,0,210,0,1,0,0,1
672055,Alexandru Ișfan,2026,ES2,2497,False,6,6,0,297,0,1,11,4,2
1067298,Ianis Avrămescu,2026,IJ1,5243,False,5,5,0,226,4,0,0,0,2
191853,Giannis Anestis,2026,RO1,8818,False,10,10,0,900,0,0,0,0,1
164254,Gabriel Iancu,2026,ROMP,15945,False,2,2,0,68,0,0,0,0,0
164254,Gabriel Iancu,2026,RO2,15945,False,6,4,0,173,1,0,0,0,0
709668,David Dincă,2026,ROMP,8818,False,2,0,0,0,0,0,0,0,0
709668,David Dincă,2026,RO1,8818,False,10,0,0,0,0,0,0,0,0
1027042,Răzvan Creț,2026,ROMP,8818,False,2,2,0,180,0,0,0,0,0
1027042,Răzvan Creț,2026,RO1,8818,False,10,4,0,145,0,0,0,0,0
992843,Narcis Ilaș,2026,ROMP,8818,False,2,0,0,0,0,0,0,0,0
992843,Narcis Ilaș,2026,RO1,8818,False,10,9,1,788,0,0,0,0,3
332205,Andrei Miron,2026,RO1,8818,False,10,10,0,883,0,0,4,2,2
410238,Djibril Diaw,2026,ROMP,8818,False,2,2,0,173,0,0,0,0,0
410238,Djibril Diaw,2026,RO1,8818,False,10,2,0,94,0,0,0,0,1
715470,Brian Bayeye,2026,ROMP,8818,False,2,2,0,180,0,0,0,0,0
715470,Brian Bayeye,2026,RO1,8818,False,9,9,0,765,0,0,1,0,3
1082003,Mamadou Diarra,2026,ROMP,8818,False,2,1,0,7,0,0,0,0,0
1082003,Mamadou Diarra,2026,RO1,8818,False,10,9,0,810,0,0,4,1,3
510963,Miguel Muñoz,2026,ROMP,8818,False,2,0,0,0,0,0,0,0,0
510963,Miguel Muñoz,2026,RO1,8818,False,10,0,0,0,0,0,0,0,0
371078,Rijad Sadiku,2026,ROMP,8818,False,2,2,0,180,0,0,0,0,0
371078,Rijad Sadiku,2026,RO1,8818,False,10,1,0,17,0,0,0,0,0
177661,Alexandru Țigănașu,2026,ROMP,8818,False,1,0,0,0,0,0,0,0,0
177661,Alexandru Țigănașu,2026,RO1,8818,False,6,0,0,0,0,0,0,0,0
1591682,Alexandru Suchianu,2026,ROMP,8818,False,2,0,0,0,0,0,0,0,0
1591682,Alexandru Suchianu,2026,RO1,8818,False,5,1,0,23,0,0,0,0,0
703710,Charles Petro,2026,ROMP,8818,False,2,2,0,119,0,0,0,0,0
703710,Charles Petro,2026,RO1,8818,False,10,8,0,605,0,0,10,1,2
182910,Hervin Ongenda,2026,ROMP,8818,False,2,0,0,0,0,0,0,0,0
182910,Hervin Ongenda,2026,RO1,8818,False,10,8,0,560,0,2,11,1,1
241221,Enriko Papa,2026,ROMP,8818,False,2,1,0,45,0,0,0,0,1
241221,Enriko Papa,2026,RO1,8818,False,10,8,0,657,0,2,10,1,2
388555,Lucas de Vega,2026,ROMP,8818,False,2,2,0,135,0,0,0,0,0
388555,Lucas de Vega,2026,RO1,8818,False,10,9,0,688,0,1,2,1,2
1093542,Gabriel Gama,2026,ROMP,8818,False,2,2,0,149,1,0,0,0,0
1093542,Gabriel Gama,2026,RO1,8818,False,10,5,0,149,1,1,4,2,0
210059,Mihai Bordeianu,2026,ROMP,8818,False,2,2,0,135,0,0,0,0,0
210059,Mihai Bordeianu,2026,RO1,8818,False,10,3,0,106,0,0,4,0,0
626334,Roland Idowu,2026,SCP,465,False,5,4,0,270,1,0,8,3,0
626334,Roland Idowu,2026,SC1,465,False,2,2,0,21,0,1,3,1,0
626334,Roland Idowu,2026,ROMP,8818,False,1,1,0,45,0,0,0,0,0
626334,Roland Idowu,2026,RO1,8818,False,5,2,0,88,0,0,0,0,1
608448,Ștefan Bodișteanu,2026,ROMP,8818,False,2,1,0,45,0,0,0,0,0
608448,Ștefan Bodișteanu,2026,RO1,8818,False,10,10,0,411,0,0,12,0,2
364697,Sebastian Mailat,2026,ROMP,8818,False,2,0,0,0,0,0,0,0,0
364697,Sebastian Mailat,2026,RO1,8818,False,10,8,0,599,3,2,16,5,0
740986,Zoran Mitrov,2026,ROMP,8818,False,2,1,0,83,1,0,0,0,0
740986,Zoran Mitrov,2026,RO1,8818,False,10,8,0,474,2,3,15,5,0
342609,Mykola Kovtalyuk,2026,ROMP,8818,False,2,2,0,119,0,0,0,0,0
342609,Mykola Kovtalyuk,2026,RO1,8818,False,8,6,0,133,1,0,8,4,0
1144435,Mario Preda,2026,ROMP,8818,False,2,1,0,7,0,0,0,0,0
1144435,Mario Preda,2026,RO1,8818,False,10,1,0,3,0,0,0,0,0
466722,Andrei Dumiter,2026,ROMP,8818,False,2,2,0,71,0,0,0,0,0
466722,Andrei Dumiter,2026,RO1,8818,False,10,10,0,796,6,0,24,10,1
1394715,George Sorodoc,2026,ROMP,8818,False,2,2,0,31,0,0,0,0,0
1394715,George Sorodoc,2026,RO1,8818,False,10,2,0,7,0,0,0,0,0
1170488,Denis Ștefan,2026,ROMP,8818,False,2,0,0,0,0,0,0,0,0
1170488,Denis Ștefan,2026,RO1,8818,False,10,0,0,0,0,0,0,0,0
1067281,Alin Ciobanu,2026,ROMP,118139,False,1,1,0,31,0,0,0,0,0
1067281,Alin Ciobanu,2026,RO2,118139,False,8,6,0,540,0,0,0,0,1
721631,Michael Pavlovic,2026,ECLQ,60368,False,4,2,0,55,0,0,0,0,0
721631,Michael Pavlovic,2026,ARM1,60368,False,8,5,0,450,0,0,0,0,0
164231,Romario Benzar,2026,ROMP,39835,False,3,2,0,76,0,0,0,0,1
164231,Romario Benzar,2026,RO2,39835,False,7,7,0,254,0,1,0,0,0
552511,Aldaír Ferreira,2026,VIE1,20830,False,2,1,0,74,0,0,0,0,0
976856,Gabriel David,2026,ROMP,118139,False,1,0,0,0,0,0,0,0,0
976856,Gabriel David,2026,RO2,118139,False,8,7,0,581,1,0,0,0,0
710063,Ștefan Pănoiu,2026,ROMP,15945,False,3,0,0,0,0,0,0,0,0
710063,Ștefan Pănoiu,2026,RO2,15945,False,8,0,0,0,0,0,0,0,0
743667,Enzo López,2026,ALB2,21234,False,4,2,0,83,0,0,0,0,0
938591,Antonio Dumitru,2026,ROMP,101586,False,1,1,0,46,1,0,0,0,0
340976,Cosmin Dur-Bozoancă,2026,ROMP,4959,False,1,0,0,0,0,0,0,0,0
340976,Cosmin Dur-Bozoancă,2026,RO1,4959,False,9,9,0,810,0,0,0,0,0
289186,Iustin Popescu,2026,ROMP,4686,False,1,1,0,120,0,0,0,0,0
289186,Iustin Popescu,2026,RO2,4686,False,7,7,0,630,0,0,0,0,0
940629,Darius Paharnicu,2026,ROMP,4959,False,1,0,0,0,0,0,0,0,0
940629,Darius Paharnicu,2026,RO1,4959,False,9,0,0,0,0,0,0,0,0
940628,Gabriel Ursu,2026,ROMP,4686,False,1,0,0,0,0,0,0,0,0
940628,Gabriel Ursu,2026,RO2,4686,False,5,0,0,0,0,0,0,0,0
940628,Gabriel Ursu,2026,RO1,4959,False,4,0,0,0,0,0,0,0,0
303359,Paul Iacob,2026,ROMP,4959,False,1,1,0,45,0,0,0,0,0
303359,Paul Iacob,2026,RO1,4959,False,9,9,0,810,0,0,7,1,0
514674,Conrado,2026,POPU,7154,False,1,1,0,30,0,0,0,0,0
514674,Conrado,2026,PL1,7154,False,9,6,0,376,0,0,4,3,2
395799,Răzvan Trif,2026,ROMP,37255,False,2,2,0,210,1,0,0,0,0
395799,Răzvan Trif,2026,RO1,37255,False,9,8,0,560,0,0,6,4,1
381337,Milen Zhelev,2026,ROMP,4959,False,1,1,0,90,0,0,0,0,0
381337,Milen Zhelev,2026,RO1,4959,False,9,7,0,467,0,0,1,0,1
428993,Kazu,2026,ROMP,4959,False,1,0,1,0,0,0,0,0,0
428993,Kazu,2026,RO1,4959,False,9,3,6,270,0,0,0,0,0
641153,Né Lopes,2026,ROMP,4959,False,1,0,1,0,0,0,0,0,0
641153,Né Lopes,2026,RO1,4959,False,9,2,7,133,0,0,1,0,0
627283,Vadik Murria,2026,E4G3,67212,False,3,2,1,135,0,0,0,0,1
148545,Diego Zivulic,2026,KR1,11083,False,4,3,0,140,0,0,0,0,1
148545,Diego Zivulic,2026,ACL2,14099,False,1,0,0,0,0,0,0,0,0
919693,Andrei Rus,2026,ROMP,102149,False,1,1,0,90,0,0,0,0,0
919693,Andrei Rus,2026,RO2,102149,False,7,7,0,575,1,0,0,0,2
913979,Dan Neicu,2026,ROMP,4959,False,1,1,0,90,0,0,0,0,0
913979,Dan Neicu,2026,RO1,4959,False,9,1,0,1,0,0,0,0,0
335380,Pedro Nuno,2026,ROMP,4959,False,1,0,0,0,0,0,0,0,0
335380,Pedro Nuno,2026,RO1,4959,False,9,9,0,770,1,6,22,9,1
314963,Bruno Paz,2026,ZYP1,1402,False,4,4,0,360,0,0,0,0,2
647125,Andrézinho,2026,ROMP,4959,False,1,0,0,0,0,0,0,0,0
647125,Andrézinho,2026,RO1,4959,False,9,9,0,791,1,1,8,5,1
340980,Andrei Ciobanu,2026,ROMP,4959,False,1,1,0,45,0,0,0,0,0
340980,Andrei Ciobanu,2026,RO1,4959,False,9,9,0,667,0,1,6,0,1
675505,Cristian Chira,2026,ROMP,4686,False,1,1,0,120,1,0,0,0,0
675505,Cristian Chira,2026,RO2,4686,False,7,6,0,527,1,0,0,0,0
819249,Luan Campos,2026,ISR1,2785,False,5,5,0,424,1,1,8,3,0
340073,Gabriel Debeljuh,2026,ELQ,40090,False,2,2,0,90,0,0,1,0,0
340073,Gabriel Debeljuh,2026,CLQ,40090,False,4,2,0,51,1,0,0,0,0
842718,Paulinho,2026,PO1,7788,False,5,0,0,0,0,0,0,0,0
842718,Paulinho,2026,PL1,30974,False,3,3,0,48,0,0,0,0,0
1065319,Denis Bordun,2026,ROMP,4959,False,1,1,0,90,1,0,0,0,0
1065319,Denis Bordun,2026,RO1,4959,False,9,9,0,373,0,0,3,1,0
552534,Patrick,2026,ROMP,4959,False,1,0,0,0,0,0,0,0,0
552534,Patrick,2026,RO1,4959,False,9,8,1,703,4,0,19,6,1
1408988,Radu Postelnicu,2026,ROMP,4959,False,1,0,1,0,0,0,0,0,0
1408988,Radu Postelnicu,2026,RO1,4959,False,9,0,9,0,0,0,0,0,0
1105946,Cristian Neicu,2026,ROMP,4959,False,1,0,0,0,0,0,0,0,0
1105946,Cristian Neicu,2026,RO1,4959,False,9,3,1,55,0,0,1,0,0
1410848,Matei Frunză,2026,ROMP,4959,False,1,1,0,45,0,0,0,0,0
1410848,Matei Frunză,2026,RO1,4959,False,9,6,0,346,0,0,4,1,0
331578,Mario Contra,2026,ROMP,4959,False,1,1,0,90,0,0,0,0,0
331578,Mario Contra,2026,RO1,4959,False,9,0,0,0,0,0,0,0,0
1164163,Robert Olteanu,2026,ROMP,4959,False,1,1,0,45,0,0,0,0,0
1164163,Robert Olteanu,2026,RO1,4959,False,9,0,0,0,0,0,0,0,0
534677,Giannis Christopoulos,2026,ROMP,4959,False,1,0,0,0,0,0,0,0,0
534677,Giannis Christopoulos,2026,RO1,4959,False,9,6,2,471,0,0,0,0,0
567587,Habib Sylla,2026,ROMP,4959,False,1,1,0,45,0,0,0,0,0
567587,Habib Sylla,2026,RO1,4959,False,9,8,1,720,0,0,2,1,1
496606,Dominick Zator,2026,RO1,4959,False,2,1,0,11,0,0,0,0,0
504075,Rafael Brito,2026,RO1,4959,False,2,1,0,11,0,0,0,0,0
1499685,Dragoș Aftene,2026,ROMP,4959,False,1,1,0,90,0,0,0,0,0
1499685,Dragoș Aftene,2026,RO1,4959,False,9,0,0,0,0,0,0,0,0
1569149,Robert Cojoc,2026,ROMP,4959,False,1,1,0,23,0,0,0,0,0
1569149,Robert Cojoc,2026,RO1,4959,False,9,0,0,0,0,0,0,0,0
340538,Zé Turbo,2026,ROMP,4959,False,1,0,0,0,0,0,0,0,0
340538,Zé Turbo,2026,RO1,4959,False,6,2,0,69,0,0,2,0,0
629860,João Paulino,2026,ROMP,4959,False,1,1,0,67,0,0,0,0,0
629860,João Paulino,2026,RO1,4959,False,9,6,2,109,0,0,4,0,1
1494867,Viorel Bălănică,2026,ROMP,4959,False,1,1,0,90,0,0,0,0,0
1494867,Viorel Bălănică,2026,RO1,4959,False,9,3,0,54,0,0,0,0,1
1416465,Fabio Blaga,2026,ROMP,72860,False,3,2,0,210,0,0,0,0,0
1416465,Fabio Blaga,2026,RO2,72860,False,8,3,0,270,0,0,0,0,0
1416465,Fabio Blaga,2026,RO1,41061,False,3,0,0,0,0,0,0,0,0
390523,Pedro Albino,2026,ROMP,101331,False,3,3,0,118,0,0,0,0,0
390523,Pedro Albino,2026,RO2,101331,False,6,6,0,528,0,1,0,0,1
390523,Pedro Albino,2026,RO1,41061,False,4,2,0,43,0,0,1,0,0
418218,Antoniu Manolache,2026,ROMP,41061,False,2,2,0,135,0,0,0,0,1
418218,Antoniu Manolache,2026,RO1,41061,False,9,8,0,643,1,0,3,1,0
209652,Alexandru Neacșa,2026,ROMP,41061,False,2,2,0,135,0,0,0,0,2
209652,Alexandru Neacșa,2026,RO1,41061,False,9,9,0,679,0,0,2,0,3
262130,Viorel Lică,2026,ROMP,72860,False,3,2,0,210,0,0,0,0,0
262130,Viorel Lică,2026,RO2,72860,False,8,8,0,690,0,0,0,0,1
610483,Mihai Velisar,2026,ROMP,101331,False,3,3,0,225,0,0,0,0,0
610483,Mihai Velisar,2026,RO2,101331,False,8,8,0,692,0,0,0,0,1
192866,Florin Ilie,2026,ROMP,41061,False,2,2,0,180,0,0,0,0,0
192866,Florin Ilie,2026,RO1,41061,False,9,6,0,342,0,0,3,0,1
463339,Ion Cărăruș,2026,ROMP,41061,False,2,2,0,180,0,1,0,0,1
463339,Ion Cărăruș,2026,RO1,41061,False,9,7,2,336,0,0,1,1,1
865670,Antonio Bradu,2026,ROMP,72860,False,3,1,0,90,0,0,0,0,0
865670,Antonio Bradu,2026,RO2,72860,False,8,5,0,263,0,0,0,0,0
1283034,Gideon Goodlad,2026,ROMP,41061,False,2,2,0,164,0,0,0,0,0
1283034,Gideon Goodlad,2026,RO1,41061,False,9,8,0,70,1,0,6,4,1
340979,Szabolcs Kilyén,2026,ROMP,101331,False,3,2,0,152,0,0,0,0,0
340979,Szabolcs Kilyén,2026,RO2,101331,False,8,4,0,94,0,0,0,0,0
1380939,Denis Zanc,2026,ROMP,72860,False,1,1,0,90,0,0,0,0,0
1380939,Denis Zanc,2026,ROMP,41061,False,2,1,0,45,0,0,0,0,0
1380939,Denis Zanc,2026,RO2,72860,False,2,2,0,54,0,0,0,0,1
1380939,Denis Zanc,2026,RO1,41061,False,9,0,0,0,0,0,0,0,0
1012947,Denis Rența,2026,ROMP,102149,False,1,0,0,0,0,0,0,0,0
1012947,Denis Rența,2026,RO2,102149,False,7,6,0,312,1,0,0,0,1
1398307,Gabriel Apur,2026,ROMP,41061,False,2,0,0,0,0,0,0,0,0
1398307,Gabriel Apur,2026,RO1,41061,False,9,0,0,0,0,0,0,0,0
1264190,Eduard Cioază,2026,ROMP,41061,False,2,0,0,0,0,0,0,0,0
1264190,Eduard Cioază,2026,RO1,41061,False,9,0,0,0,0,0,0,0,0
530415,Nicolae Pîrvulescu,2026,ROMP,41061,False,2,2,0,73,0,0,0,0,0
530415,Nicolae Pîrvulescu,2026,RO1,41061,False,9,9,0,612,1,1,28,8,1
223997,Sérgio Ribeiro,2026,ROMP,41061,False,2,1,0,16,0,0,0,0,0
223997,Sérgio Ribeiro,2026,RO1,41061,False,9,9,0,704,1,0,13,5,2
608465,Filip Ilie,2026,ROMP,41061,False,1,0,0,0,0,0,0,0,0
608465,Filip Ilie,2026,RO1,41061,False,5,0,0,0,0,0,0,0,0
700768,Mario Bratu,2026,ROMP,41061,False,2,1,1,71,3,0,0,0,0
700768,Mario Bratu,2026,RO1,41061,False,9,5,3,209,1,0,10,1,0
1423474,Muhammed Hayatu,2026,ROMP,41061,False,2,2,0,164,0,1,0,0,0
1423474,Muhammed Hayatu,2026,RO1,41061,False,9,5,0,57,0,0,1,0,0
1423324,Emmanuel Okoro,2026,ROMP,41061,False,2,0,0,0,0,0,0,0,0
1423324,Emmanuel Okoro,2026,RO1,41061,False,9,1,0,8,0,0,1,0,0
1176689,Silviu Drîngă,2026,ROMP,41061,False,2,0,0,0,0,0,0,0,0
1176689,Silviu Drîngă,2026,RO1,41061,False,9,0,0,0,0,0,0,0,0
858488,Adrian Frănculescu,2026,ROMP,41061,False,2,2,0,180,0,0,0,0,0
858488,Adrian Frănculescu,2026,RO1,41061,False,9,0,0,0,0,0,0,0,0
269786,Alexandru Buziuc,2026,ROMP,11267,False,3,3,0,252,3,0,0,0,0
541371,Mihajlo Ivančević,2026,ROMP,41061,False,2,0,0,0,0,0,0,0,0
541371,Mihajlo Ivančević,2026,RO1,41061,False,9,6,0,468,1,0,4,1,2
658052,Mohammad Abualnadi,2026,ROMP,41061,False,2,1,1,45,0,0,0,0,1
658052,Mohammad Abualnadi,2026,RO1,41061,False,9,4,3,260,0,0,1,0,1
435169,Roger,2026,ROMP,41061,False,1,0,0,0,0,0,0,0,0
435169,Roger,2026,RO1,41061,False,3,1,0,24,0,0,1,0,0
921606,Ángel Gillard,2026,ROMP,41061,False,2,2,0,133,0,0,0,0,0
921606,Ángel Gillard,2026,RO1,41061,False,9,9,0,301,0,1,7,2,1
1011469,Emmanuel Yeboah,2026,ROMP,41061,False,2,2,0,81,1,0,0,0,0
1011469,Emmanuel Yeboah,2026,RO1,41061,False,9,9,0,758,0,1,17,3,2
337619,Roland Niczuly,2026,ROMP,54585,False,2,0,2,0,0,0,0,0,0
337619,Roland Niczuly,2026,RO1,54585,False,10,0,9,0,0,0,0,0,0
723632,Szilárd Gyenge,2026,ROMP,54585,False,2,2,0,210,0,0,0,0,0
723632,Szilárd Gyenge,2026,RO1,54585,False,10,0,0,0,0,0,0,0,0
468272,Gustavo Cascardo,2026,ROMP,54585,False,2,1,0,29,0,0,0,0,0
468272,Gustavo Cascardo,2026,RO1,54585,False,10,10,0,822,0,1,3,1,0
315257,Béla Fejér,2026,ROMP,54585,False,2,0,2,0,0,0,0,0,0
315257,Béla Fejér,2026,RO1,54585,False,10,0,10,0,0,0,0,0,0
693029,Setigui Karamoko,2026,ROMP,54585,False,2,1,0,75,0,0,0,0,0
693029,Setigui Karamoko,2026,RO1,54585,False,10,10,0,842,0,0,2,1,3
213246,Bogdan Vătăjelu,2026,ROMP,54585,False,2,2,0,210,0,0,0,0,0
213246,Bogdan Vătăjelu,2026,RO1,54585,False,10,6,0,92,0,0,2,0,0
813000,Bogdan Oteliță,2026,ROMP,54585,False,2,2,0,210,0,0,0,0,0
813000,Bogdan Oteliță,2026,RO1,54585,False,10,8,0,155,1,1,4,1,0
406429,Daniel Vîrtej,2026,ROMP,54585,False,2,0,0,0,0,0,0,0,0
406429,Daniel Vîrtej,2026,RO1,54585,False,10,5,0,387,0,0,2,0,0
213589,Alin Dobrosavlevici,2026,ROMP,54585,False,2,2,0,210,0,0,0,0,0
213589,Alin Dobrosavlevici,2026,RO1,54585,False,9,3,0,153,0,0,0,0,2
671648,Fábio Vianna,2026,ROMP,54585,False,1,0,0,0,0,0,0,0,0
671648,Fábio Vianna,2026,RO1,54585,False,10,10,0,838,0,0,4,2,1
111556,Joonas Tamm,2026,ROMP,54585,False,2,0,0,0,0,0,0,0,0
111556,Joonas Tamm,2026,RO1,54585,False,10,0,0,0,0,0,0,0,0
1569257,Petru Păcurar,2026,RO1,54585,False,2,0,0,0,0,0,0,0,0
135490,Lindsay Rose,2026,ROMP,54585,False,2,1,0,45,0,0,0,0,0
135490,Lindsay Rose,2026,RO1,54585,False,7,5,0,413,1,0,1,1,1
135490,Lindsay Rose,2026,AFCQ,14239,True,2,2,0,180,0,0,0,0,0
1569258,David Brădeanu,2026,ROMP,54585,False,1,1,0,90,0,0,0,0,0
1569258,David Brădeanu,2026,RO1,54585,False,2,0,0,0,0,0,0,0,0
418654,Victor Daguin,2026,ROMP,54585,False,2,1,0,60,0,0,0,0,0
418654,Victor Daguin,2026,RO1,54585,False,10,7,0,111,0,0,0,0,1
860352,Nicolae Păun,2026,ROMP,54585,False,2,1,0,120,1,0,0,0,0
860352,Nicolae Păun,2026,RO1,54585,False,10,7,0,572,0,0,2,0,1
823719,Robert Silaghi,2026,ROMP,54585,False,1,1,0,46,0,0,0,0,0
823719,Robert Silaghi,2026,RO1,54585,False,10,10,0,729,0,0,3,0,1
806193,Doru Andrei,2026,ROMP,54585,False,2,1,0,59,0,1,0,0,0
806193,Doru Andrei,2026,RO1,54585,False,10,9,0,728,1,1,18,4,0
294807,Aboubakar Keita,2026,ROMP,54585,False,2,0,2,0,0,0,0,0,0
294807,Aboubakar Keita,2026,RO1,54585,False,10,0,10,0,0,0,0,0,0
1250111,Hunor Batzula,2026,U19Q,21428,True,3,3,0,213,2,1,0,0,1
1250111,Hunor Batzula,2026,ROMP,54585,False,2,2,0,70,0,0,0,0,0
1250111,Hunor Batzula,2026,RO1,54585,False,10,10,0,786,1,0,19,5,1
57303,Joeri de Kamps,2026,ROMP,54585,False,2,1,0,16,0,0,0,0,0
57303,Joeri de Kamps,2026,RO1,54585,False,10,1,0,10,0,0,1,0,0
81421,Cosmin Matei,2026,RO1,54585,False,3,3,0,233,1,0,4,1,1
1010704,Ákos Nistor,2026,ROMP,54585,False,2,1,0,74,0,1,0,0,0
1010704,Ákos Nistor,2026,RO1,54585,False,9,0,0,0,0,0,0,0,0
1349166,Raul Cantauz,2026,ROMP,54585,False,2,1,0,74,0,0,0,0,0
1349166,Raul Cantauz,2026,RO1,54585,False,4,0,0,0,0,0,0,0,0
433833,Moses Mawa,2026,ROMP,54585,False,1,1,0,59,1,0,0,0,0
433833,Moses Mawa,2026,RO1,54585,False,7,7,0,379,0,0,6,2,0
212718,Dimitri Oberlin,2026,RO1,54585,False,7,6,0,293,0,0,6,3,0
637514,Carl Davordzie,2026,ROMP,54585,False,2,2,0,151,1,0,0,0,0
637514,Carl Davordzie,2026,RO1,54585,False,10,6,0,265,0,1,6,1,0
401921,Funsho Bamgboye,2026,ROMP,54585,False,2,1,1,13,0,0,0,0,0
401921,Funsho Bamgboye,2026,RO1,54585,False,10,5,4,317,0,1,5,3,2
266865,Boris Cmiljanic,2026,ROMP,54585,False,2,1,0,16,0,0,0,0,0
266865,Boris Cmiljanic,2026,RO1,54585,False,10,5,0,137,1,0,8,2,0
1338731,Raul Cîmpean,2026,ROMP,54585,False,2,2,0,210,0,0,0,0,0
1338731,Raul Cîmpean,2026,RO1,54585,False,10,7,0,151,0,0,2,0,1
1411382,Zsombor Deáky,2026,ROMP,37255,False,2,0,0,0,0,0,0,0,0
1411382,Zsombor Deáky,2026,RO1,37255,False,9,0,0,0,0,0,0,0,0
889357,Mark Karacsony,2026,ROMP,37255,False,2,1,0,90,0,0,0,0,0
889357,Mark Karacsony,2026,RO1,37255,False,9,0,0,0,0,0,0,0,0
249080,Eduard Pap,2026,ROMP,37255,False,2,1,0,120,0,0,0,0,0
249080,Eduard Pap,2026,RO1,37255,False,9,9,0,810,0,0,0,0,0
425399,Raul Palmeș,2026,ROMP,37255,False,2,2,0,210,0,0,0,0,0
425399,Raul Palmeș,2026,RO1,37255,False,9,9,0,810,0,0,5,1,1
261328,János Hegedűs,2026,ROMP,37255,False,2,2,0,210,0,0,0,0,0
261328,János Hegedűs,2026,RO1,37255,False,9,6,0,450,0,1,0,0,0
724573,Attila Csürös,2026,ROMP,37255,False,2,1,0,120,0,0,0,0,0
724573,Attila Csürös,2026,RO1,37255,False,9,6,0,508,0,0,2,0,2
291976,Lóránd Pászka,2026,ROMP,37255,False,2,2,0,71,0,1,0,0,0
291976,Lóránd Pászka,2026,RO1,37255,False,9,9,0,810,0,2,8,3,2
539696,Alex Szabó,2026,ROMP,37255,False,2,1,0,90,0,0,0,0,0
539696,Alex Szabó,2026,RO1,37255,False,9,7,0,630,0,0,2,1,2
592926,Máté Ódor,2026,ROMP,37255,False,2,1,0,60,0,0,0,0,0
592926,Máté Ódor,2026,RO1,37255,False,9,5,2,250,0,0,0,0,1
1304982,Efraim Bödő,2026,UNGP,6055,False,1,0,0,0,0,0,0,0,0
1304982,Efraim Bödő,2026,UNG1,6055,False,4,1,0,4,0,1,1,0,0
1304982,Efraim Bödő,2026,U19Q,21428,True,3,0,0,0,0,0,0,0,0
1304982,Efraim Bödő,2026,ROMP,37255,False,1,1,0,48,0,0,0,0,0
1304982,Efraim Bödő,2026,RO1,37255,False,6,4,0,213,0,0,0,0,0
1547422,György Papp,2026,ROMP,37255,False,2,0,0,0,0,0,0,0,0
1547422,György Papp,2026,RO1,37255,False,9,0,0,0,0,0,0,0,0
720941,Artúr Horváth,2026,UNG1,634,False,4,0,0,0,0,0,0,0,0
720941,Artúr Horváth,2026,ROMP,37255,False,2,2,0,92,0,0,0,0,0
720941,Artúr Horváth,2026,RO1,37255,False,4,4,0,193,0,0,0,0,0
315471,Szilard Veres,2026,ROMP,37255,False,2,2,0,150,0,0,0,0,0
315471,Szilard Veres,2026,RO1,37255,False,8,8,0,651,0,0,3,0,4
871068,Dusan Vukovic,2026,ROMP,37255,False,2,0,0,0,0,0,0,0,0
871068,Dusan Vukovic,2026,RO1,37255,False,9,0,0,0,0,0,0,0,0
964171,Ervin Bakos,2026,ROMP,37255,False,2,0,2,0,0,0,0,0,0
964171,Ervin Bakos,2026,RO1,37255,False,9,0,9,0,0,0,0,0,0
263381,Mátyás Tajti,2026,ROMP,37255,False,2,1,0,58,0,0,0,0,0
263381,Mátyás Tajti,2026,RO1,37255,False,9,6,0,195,0,0,1,1,1
592928,Zsolt Magyar,2026,ROMP,37255,False,2,2,0,118,0,1,0,0,0
592928,Zsolt Magyar,2026,RO1,37255,False,9,3,0,129,0,0,0,0,0
1455935,Darius Bota,2026,ROMP,37255,False,2,1,0,25,0,0,0,0,0
1455935,Darius Bota,2026,RO1,37255,False,9,7,0,258,0,0,2,0,2
1547421,Szabolcs Nyitra,2026,ROMP,37255,False,2,0,0,0,0,0,0,0,0
1547421,Szabolcs Nyitra,2026,RO1,37255,False,9,1,0,81,0,0,1,0,0
1548162,Victor Oniga,2026,ROMP,37255,False,1,0,0,0,0,0,0,0,0
1548162,Victor Oniga,2026,RO1,37255,False,3,0,0,0,0,0,0,0,0
634815,Anderson Ceará,2026,RO1,37255,False,4,4,0,286,0,0,7,2,2
634815,Anderson Ceará,2026,EGY1,62448,False,5,3,0,68,0,0,1,1,0
502355,Nino Kukovec,2026,SLO1,4529,False,5,0,0,0,0,0,0,0,0
502355,Nino Kukovec,2026,SKC,4529,False,1,0,0,0,0,0,0,0,0
502355,Nino Kukovec,2026,RO1,37255,False,2,1,0,9,0,0,0,0,0
502355,Nino Kukovec,2026,ECLQ,4529,False,4,0,0,0,0,0,0,0,0
543776,Szabolcs Szalay,2026,ROMP,37255,False,2,2,0,61,1,0,0,0,0
543776,Szabolcs Szalay,2026,RO1,37255,False,9,6,0,220,0,0,6,4,0
478022,Albert Stahl,2026,ROMP,37255,False,2,2,0,149,1,0,0,0,0
478022,Albert Stahl,2026,RO1,37255,False,9,8,0,277,0,0,2,1,1
1042342,Ádám Czékus,2026,ROMP,37255,False,2,2,0,139,0,1,0,0,0
1042342,Ádám Czékus,2026,RO1,37255,False,9,7,0,472,2,1,5,3,1
148712,Jozef Dolny,2026,ROMP,37255,False,1,1,0,60,0,0,0,0,0
148712,Jozef Dolny,2026,ROMP,101331,False,1,0,0,0,0,0,0,0,0
148712,Jozef Dolny,2026,RO2,101331,False,3,3,0,196,0,0,0,0,1
148712,Jozef Dolny,2026,RO1,37255,False,7,3,0,35,0,0,3,0,0
1389869,Luca Noveli,2026,ROMP,37255,False,2,1,0,72,0,0,0,0,0
1389869,Luca Noveli,2026,RO1,37255,False,9,0,0,0,0,0,0,0,0
109197,Márton Eppel,2026,ROMP,37255,False,2,2,0,92,1,0,0,0,0
109197,Márton Eppel,2026,RO1,37255,False,9,8,0,665,4,0,17,9,0
1475114,Előd Tóth-Pál,2026,ROMP,37255,False,2,1,0,65,0,0,0,0,0
1475114,Előd Tóth-Pál,2026,RO1,37255,False,9,6,0,258,0,1,4,1,2
1116604,Lima,2026,RO1,37255,False,1,1,0,68,0,0,3,1,0
798249,Darius Oroian,2026,SL1,4059,False,3,2,0,116,0,0,0,0,0
412641,Denis Haruț,2026,ROMP,40843,False,2,2,0,180,0,0,0,0,0
412641,Denis Haruț,2026,RO1,40843,False,10,10,0,839,0,0,2,1,1
189553,Mavis Tchibota,2026,ISR2,6025,False,3,2,0,83,0,0,0,0,1
1357171,Gabriel Mihoreanu,2026,ROMP,37620,False,2,0,0,0,0,0,0,0,0
1357171,Gabriel Mihoreanu,2026,RO2,37620,False,8,7,0,541,0,0,0,0,0
932837,Erwin Bloj,2026,ROMP,4686,False,1,1,0,120,0,0,0,0,0
932837,Erwin Bloj,2026,RO2,4686,False,7,7,0,452,0,0,0,0,0
1008049,Máté Simon,2026,ROMP,61687,False,2,2,0,210,0,0,0,0,0
1008049,Máté Simon,2026,RO2,61687,False,8,6,0,519,0,0,0,0,0
159014,János Ferenczi,2026,UNGP,24031,False,1,0,0,0,0,0,0,0,0
159014,János Ferenczi,2026,UN2,24031,False,8,8,0,654,1,1,0,0,1
128876,Dávid Kelemen,2026,UNGP,11107,False,1,1,0,90,0,0,0,0,1
128876,Dávid Kelemen,2026,UN2,11107,False,8,7,0,372,0,0,0,0,1
405786,Wilhelm Loeper,2026,UAE2,26713,False,4,2,0,173,1,0,0,0,0
520013,Bálint Szabó,2026,UNGP,12423,False,1,0,0,0,0,0,0,0,0
520013,Bálint Szabó,2026,UN2,12423,False,8,8,0,625,2,1,0,0,3
869975,Szabolcs Dusinszki,2026,UNGP,37169,False,1,0,0,0,0,0,0,0,0
869975,Szabolcs Dusinszki,2026,UNG1,37169,False,8,0,0,0,0,0,0,0,0
1135708,Gustavo Cabral,2026,RO1,37255,False,1,0,0,0,0,0,0,0,0
914715,Szabolcs Szilágyi,2026,ROMP,29700,False,2,1,0,90,0,0,0,0,0
914715,Szabolcs Szilágyi,2026,RO2,29700,False,8,7,0,498,0,0,0,0,0
1490395,Dániel Brügger,2026,UNGP,37169,False,1,0,0,0,0,0,0,0,0
1490395,Dániel Brügger,2026,UNG1,37169,False,8,1,0,3,0,0,0,0,0
90872,Peter Gal-Andrezly,2026,ROMP,101331,False,3,0,0,0,0,0,0,0,0
90872,Peter Gal-Andrezly,2026,RO2,101331,False,8,2,0,116,0,0,0,0,0
638954,Zoárd Nagy,2026,UNGP,11107,False,1,1,0,45,0,0,0,0,0
638954,Zoárd Nagy,2026,UNG1,37169,False,6,0,0,0,0,0,0,0,0
638954,Zoárd Nagy,2026,UN2,11107,False,2,2,0,180,0,1,0,0,0
1188089,Alpár Gergely,2026,ROMP,60794,False,1,1,0,120,0,0,0,0,0
504064,Alexander Torvund,2026,UNGP,28410,False,1,0,0,0,0,0,0,0,0
892722,Eduard Chioveanu,2026,ROMP,40843,False,2,2,0,180,0,0,0,0,0
892722,Eduard Chioveanu,2026,RO1,40843,False,10,0,0,0,0,0,0,0,0
1061296,Bogdan Ștefan,2026,ROMP,40843,False,2,0,0,0,0,0,0,0,0
1061296,Bogdan Ștefan,2026,RO1,40843,False,10,0,0,0,0,0,0,0,0
239501,Benjamin Babati,2026,UNGP,3233,False,2,0,0,0,0,0,0,0,0
378128,Metod Jurhar,2026,ROMP,40843,False,2,0,0,0,0,0,0,0,0
378128,Metod Jurhar,2026,RO1,40843,False,10,10,0,900,0,0,0,0,0
502693,Matej Mamic,2026,ROMP,40843,False,2,2,0,28,0,0,0,0,0
502693,Matej Mamic,2026,RO1,40843,False,10,10,0,403,0,1,2,1,0
863552,Alexandru Șuteu,2026,ROMP,40843,False,2,0,0,0,0,0,0,0,0
863552,Alexandru Șuteu,2026,RO1,40843,False,10,10,0,893,0,1,10,2,1
339954,Radu Crișan,2026,ROMP,40843,False,2,2,0,180,0,0,0,0,0
339954,Radu Crișan,2026,RO1,40843,False,10,10,0,871,0,0,4,0,3
579998,Alexandru Gîț,2026,ROMP,40843,False,2,0,2,0,0,0,0,0,0
579998,Alexandru Gîț,2026,RO1,40843,False,10,0,10,0,0,0,0,0,0
464906,Sava-Arangel Cestic,2026,RO1,40843,False,1,0,0,0,0,0,0,0,0
418225,Mihael Onișa,2026,ROMP,40843,False,2,2,0,104,0,0,0,0,0
418225,Mihael Onișa,2026,RO1,40843,False,10,10,0,739,0,1,4,1,1
301258,Andrei Pițian,2026,ROMP,40843,False,2,0,0,0,0,0,0,0,0
301258,Andrei Pițian,2026,RO1,40843,False,10,0,3,0,0,0,0,0,0
317467,Lovro Cvek,2026,ROMP,40843,False,2,1,0,76,0,0,0,0,0
317467,Lovro Cvek,2026,RO1,40843,False,10,6,3,452,0,0,7,0,0
608304,Daniel Toma,2026,ROMP,40843,False,2,2,0,150,0,0,0,0,1
608304,Daniel Toma,2026,RO2,111686,False,2,1,0,90,0,0,0,0,0
608304,Daniel Toma,2026,RO1,40843,False,7,5,0,55,0,0,0,0,1
1545972,Mario Ștefan,2026,ROMP,40843,False,2,0,0,0,0,0,0,0,0
1545972,Mario Ștefan,2026,RO1,40843,False,10,0,0,0,0,0,0,0,0
593934,Nuno Rodrigues,2026,ROMP,40843,False,1,0,0,0,0,0,0,0,0
593934,Nuno Rodrigues,2026,RO1,40843,False,4,2,0,5,0,0,0,0,0
736722,Adi Chică-Roșă,2026,ROMP,40843,False,2,2,0,111,0,0,0,0,0
736722,Adi Chică-Roșă,2026,RO1,9465,False,3,1,0,16,0,0,0,0,0
736722,Adi Chică-Roșă,2026,RO1,40843,False,7,7,0,120,0,1,6,2,3
508762,Darius Ghindovean,2026,ROMP,40843,False,2,0,0,0,0,0,0,0,0
508762,Darius Ghindovean,2026,RO2,15945,False,2,1,0,31,2,0,0,0,0
508762,Darius Ghindovean,2026,RO1,40843,False,7,1,0,3,0,0,0,0,0
436075,Ion Gheorghe,2026,ROMP,40843,False,2,2,0,180,0,1,0,0,0
436075,Ion Gheorghe,2026,RO1,40843,False,10,10,0,800,0,1,13,7,2
1087172,Remus Guțea,2026,ROMP,40843,False,2,2,0,69,0,0,0,0,0
1087172,Remus Guțea,2026,RO1,40843,False,10,10,0,808,4,0,22,12,0
371223,Matko Babic,2026,ROMP,40843,False,2,1,0,67,1,0,0,0,0
371223,Matko Babic,2026,RO1,40843,False,10,10,0,765,0,0,21,7,2
675514,Florian Haită,2026,ROMP,40843,False,2,1,0,45,0,0,0,0,0
675514,Florian Haită,2026,RO2,101331,False,3,1,0,20,1,0,0,0,0
675514,Florian Haită,2026,RO1,40843,False,7,5,0,76,0,0,1,0,1
396882,Marvin Schieb,2026,ROMP,40843,False,2,1,0,45,0,0,0,0,0
396882,Marvin Schieb,2026,RO1,40843,False,10,10,0,720,1,0,4,1,0
992824,Robert Petculescu,2026,U19Q,21428,True,3,0,0,0,0,0,0,0,0
992824,Robert Petculescu,2026,ROMP,40843,False,2,2,0,111,0,0,0,0,0
992824,Robert Petculescu,2026,RO1,40843,False,10,3,0,5,0,0,0,0,0
530697,George Merloi,2026,ROMP,40843,False,2,2,0,111,1,0,0,0,0
530697,George Merloi,2026,RO1,40843,False,10,8,0,209,1,1,8,3,0
900040,Raul Bălbărău,2026,ISR1,4769,False,5,5,0,450,0,0,0,0,0
1281272,Ianis Vencu,2026,ROMP,40843,False,2,0,0,0,0,0,0,0,0
1281272,Ianis Vencu,2026,RO1,40843,False,10,1,0,8,0,0,0,0,0
897346,Ștefan Georgescu,2026,ROMP,9465,False,2,0,0,0,0,0,0,0,0
897346,Ștefan Georgescu,2026,RO1,9465,False,9,0,0,0,0,0,0,0,0
1339987,Ștefan Rădulescu,2026,ROMP,9465,False,2,1,0,120,0,0,0,0,0
1339987,Ștefan Rădulescu,2026,RO1,9465,False,9,0,0,0,0,0,0,0,0
524988,Yohan Roche,2026,GRP,47,False,1,0,0,0,0,0,0,0,0
524988,Yohan Roche,2026,GR1,47,False,5,4,0,360,0,1,0,0,2
337537,Ricardinho,2026,POPO,8189,False,1,0,0,0,0,0,0,0,0
337537,Ricardinho,2026,PO2,8189,False,6,6,0,532,0,0,2,0,3
547812,Andres Dumitrescu,2026,ROMP,9465,False,2,0,0,0,0,0,0,0,0
547812,Andres Dumitrescu,2026,RO1,9465,False,9,9,0,810,0,1,1,0,1
657385,Guilherme Soares,2026,RO1,9465,False,2,0,0,0,0,0,0,0,0
657385,Guilherme Soares,2026,POPO,8189,False,1,1,0,90,0,0,0,0,0
657385,Guilherme Soares,2026,PO2,8189,False,6,2,0,77,1,0,2,1,0
641511,Alexandru Stănică,2026,ROMP,29700,False,2,0,0,0,0,0,0,0,0
641511,Alexandru Stănică,2026,RO2,29700,False,8,4,0,346,0,0,0,0,0
112552,Paul Papp,2026,ROMP,9465,False,1,1,0,90,0,0,0,0,0
112552,Paul Papp,2026,RO1,9465,False,8,8,0,675,0,0,9,2,4
361516,Kilian Ludewig,2026,ROMP,9465,False,2,2,0,210,0,0,0,0,0
361516,Kilian Ludewig,2026,RO1,9465,False,9,4,0,122,0,0,1,1,0
1493481,Mario Dudu,2026,ROMP,43539,False,1,1,0,70,0,0,0,0,0
464308,Tommi Jyry,2026,ELQ,6251,False,2,2,0,180,0,2,0,0,0
464308,Tommi Jyry,2026,ECLQ,6251,False,2,2,0,180,0,0,0,0,1
464308,Tommi Jyry,2026,CLQ,6251,False,4,4,0,355,0,0,0,0,1
929612,Danel Dongmo,2026,PO1,982,False,7,0,0,0,0,0,0,0,0
236272,Nana Boateng,2026,ZYP1,57870,False,3,2,0,54,0,0,0,0,0
236272,Nana Boateng,2026,ROMP,9465,False,2,0,0,0,0,0,0,0,0
236272,Nana Boateng,2026,RO1,9465,False,7,0,0,0,0,0,0,0,0
793133,Alin Boțogan,2026,ROMP,9465,False,2,0,0,0,0,0,0,0,0
793133,Alin Boțogan,2026,RO2,86094,False,2,0,0,0,0,0,0,0,0
793133,Alin Boțogan,2026,RO1,9465,False,8,0,0,0,0,0,0,0,0
212806,Sergiu Hanca,2026,ROMP,9465,False,1,0,0,0,0,0,0,0,0
212806,Sergiu Hanca,2026,RO1,9465,False,7,7,0,523,0,0,1,0,1
517378,Brahima Doukansy,2026,RO1,9465,False,3,0,0,0,0,0,0,0,0
517378,Brahima Doukansy,2026,FR3,42609,False,7,4,0,66,0,0,0,0,0
1229951,David Paraschiv,2026,ROMP,9465,False,2,2,0,170,1,0,0,0,0
1229951,David Paraschiv,2026,RO1,9465,False,9,2,0,78,0,0,0,0,0
287418,Lucian Dumitriu,2026,ROMP,122933,False,5,4,0,360,0,1,0,0,0
937067,Augustin Dumitrache,2026,RO1,9465,False,4,0,0,0,0,0,0,0,0
64193,Alexandru Mateiu,2026,ROMP,122933,False,5,4,0,242,1,0,0,0,0
96844,Gheorghe Grozav,2026,ROMP,122933,False,5,3,0,241,1,1,0,0,0
96844,Gheorghe Grozav,2026,RO1,9465,False,1,0,0,0,0,0,0,0,0
358261,Konstantinos Doumtsios,2026,RO1,9465,False,2,0,0,0,0,0,0,0,0
358261,Konstantinos Doumtsios,2026,GRS2,131019,False,2,2,0,158,0,0,0,0,0
358261,Konstantinos Doumtsios,2026,GRP,131019,False,1,1,0,90,0,0,0,0,0
345235,Oscar Correia,2026,SCC,1292,False,1,1,0,28,0,0,0,0,0
345235,Oscar Correia,2026,C2,1292,False,9,9,0,615,1,0,25,4,2
566875,Rafinha,2026,RO1,9465,False,2,0,0,0,0,0,0,0,0
566875,Rafinha,2026,ECLQ,41916,False,4,0,0,0,0,0,0,0,0
566875,Rafinha,2026,AND1,41916,False,3,0,0,0,0,0,0,0,0
989197,Iustin Răducan,2026,ROMP,102149,False,1,0,0,0,0,0,0,0,0
989197,Iustin Răducan,2026,RO2,102149,False,6,0,0,0,0,0,0,0,0
1011742,Ioan Tolea,2026,ROMP,9465,False,1,1,0,40,1,0,0,0,0
1011742,Ioan Tolea,2026,RO2,61687,False,4,3,0,190,0,0,0,0,1
1011742,Ioan Tolea,2026,RO1,9465,False,6,1,0,16,0,0,0,0,0
928036,Miguel Constantinescu,2026,POPO,3332,False,1,1,0,56,0,0,0,0,0
928036,Miguel Constantinescu,2026,CPSD,3332,False,1,1,0,15,0,0,0,0,0
1340003,Rareș Manolache,2026,ROMP,9465,False,2,1,0,30,0,1,0,0,0
1340003,Rareș Manolache,2026,RO1,9465,False,9,1,0,8,0,0,1,0,0
1163912,Răzvan Neag,2026,ROMP,84455,False,2,2,0,180,2,0,0,0,0
312051,Breston Malula,2026,ROMP,9465,False,2,1,0,58,0,0,0,0,0
312051,Breston Malula,2026,RO1,9465,False,9,7,0,604,3,0,6,4,1
1487705,Atay Akgün,2026,ROMP,9465,False,2,0,0,0,0,0,0,0,0
1487705,Atay Akgün,2026,RO1,9465,False,8,0,0,0,0,0,0,0,0
991838,Adam Zaian,2026,ROMP,9465,False,2,2,0,210,0,0,0,0,0
991838,Adam Zaian,2026,RO1,9465,False,9,8,0,391,0,0,1,0,3
721526,Calal Hüseynov,2026,ROMP,9465,False,2,2,0,186,0,0,0,0,0
721526,Calal Hüseynov,2026,RO1,9465,False,9,7,0,165,0,0,1,0,0
823269,Alejandro Bran,2026,ROMP,9465,False,2,0,0,0,0,0,0,0,0
823269,Alejandro Bran,2026,RO1,9465,False,9,8,0,681,2,2,17,5,1
786308,Dele Israel,2026,ROMP,9465,False,2,1,0,90,0,0,0,0,0
786308,Dele Israel,2026,RO1,9465,False,9,3,0,136,0,0,1,1,1
741033,Lucho Vega,2026,ROMP,9465,False,2,2,0,210,1,0,0,0,0
741033,Lucho Vega,2026,RO1,9465,False,9,5,0,170,0,1,4,0,1
1008263,Mario Ioniță,2026,ROMP,9465,False,2,2,0,180,0,0,0,0,0
1008263,Mario Ioniță,2026,RO1,9465,False,9,5,0,174,0,0,5,0,1
1547368,Liviu Argeșanu,2026,ROMP,9465,False,2,1,0,62,0,0,0,0,0
1547368,Liviu Argeșanu,2026,RO1,9465,False,9,3,0,65,0,0,2,1,0
718941,Léo Teixeira,2026,ROMP,9465,False,2,0,0,0,0,0,0,0,0
718941,Léo Teixeira,2026,RO1,9465,False,9,9,0,764,0,4,5,2,0
588114,Rodrigo Martins,2026,ROMP,9465,False,2,0,0,0,0,0,0,0,0
588114,Rodrigo Martins,2026,RO1,9465,False,9,9,0,672,1,1,15,6,3
1513626,Rareş Leescu,2026,ROMP,9465,False,2,1,0,72,0,0,0,0,0
1513626,Rareş Leescu,2026,RO1,9465,False,9,4,0,33,0,0,4,1,0
887373,Robert Jerdea,2026,ROMP,9465,False,2,2,0,152,0,1,0,0,0
887373,Robert Jerdea,2026,RO1,9465,False,9,7,0,397,1,0,9,6,1
346482,Dan Nlundulu,2026,ROMP,9465,False,2,1,0,48,0,0,0,0,0
346482,Dan Nlundulu,2026,RO1,9465,False,9,9,0,694,3,0,20,6,4
1502577,Marius Costache,2026,ROMP,9465,False,2,1,0,24,0,0,0,0,0
1502577,Marius Costache,2026,RO1,9465,False,9,0,0,0,0,0,0,0,0
