player_id,player_name,team_id,team_name,season,competition,shirt_number,position,age,nationality,in_squad,appearances,goals,minutes_played
243237,Tobias Schützenauer,122,SK Sturm Graz,2021,A1,32,Goalkeeper,24,Austria,31,0,0,0
59009,Jörg Siebenhandl,122,SK Sturm Graz,2021,A1,27,Goalkeeper,31,Austria,32,32,0,2880
432859,Luka Maric,122,SK Sturm Graz,2021,A1,31,Goalkeeper,18,Austria,1,0,0,0
452483,David Affengruber,122,SK Sturm Graz,2021,A1,42,Centre-Back,20,Austria,31,30,1,2603
393745,Jusuf Gazibegovic,122,SK Sturm Graz,2021,A1,22,Right-Back,21,Bosnia-Herzegovina,28,27,0,1978
203125,Gregory Wüthrich,122,SK Sturm Graz,2021,A1,5,Centre-Back,26,Switzerland,31,31,4,2694
649087,Amadou Dante,122,SK Sturm Graz,2021,A1,44,Left-Back,20,Mali,32,31,0,2366
394008,Niklas Geyrhofer,122,SK Sturm Graz,2021,A1,35,Centre-Back,21,Austria,19,12,0,393
452461,Paul Komposch,122,SK Sturm Graz,2021,A1,14,Centre-Back,20,Austria,1,0,0,0
286627,Sandro Ingolitsch,122,SK Sturm Graz,2021,A1,24,Right-Back,24,Austria,4,1,0,13
321050,Alexandar Borkovic,122,SK Sturm Graz,2021,A1,6,Centre-Back,22,Austria,13,7,0,251
120206,Lukas Jäger,122,SK Sturm Graz,2021,A1,17,Centre-Back,27,Austria,31,29,1,991
404935,Samuel Stückler,122,SK Sturm Graz,2021,A1,21,Right-Back,20,Austria,1,1,0,1
488070,Simon Nelson,122,SK Sturm Graz,2021,A1,34,Centre-Back,19,Austria,0,0,0,0
365589,Vincent Trummer,122,SK Sturm Graz,2021,A1,36,Left-Back,21,Austria,2,0,0,0
434116,Alexander Prass,122,SK Sturm Graz,2021,A1,8,Left Midfield,20,Austria,30,28,0,1900
352596,Otar Kiteishvili,122,SK Sturm Graz,2021,A1,10,Attacking Midfield,25,Georgia,14,14,1,788
245034,Jon Gorenc Stankovic,122,SK Sturm Graz,2021,A1,4,Defensive Midfield,25,Slovenia,30,30,4,2485
527589,Christoph Lang,122,SK Sturm Graz,2021,A1,26,Attacking Midfield,19,Austria,17,9,0,60
250028,Ivan Ljubic,122,SK Sturm Graz,2021,A1,30,Defensive Midfield,24,Austria,24,21,2,921
186798,Andreas Kuen,122,SK Sturm Graz,2021,A1,19,Central Midfield,26,Austria,31,29,0,1384
59053,Stefan Hierländer,122,SK Sturm Graz,2021,A1,25,Right Midfield,30,Austria,21,21,1,1685
59057,Philipp Huspek,122,SK Sturm Graz,2021,A1,0,Right Midfield,30,Austria,0,0,0,0
527596,Sandro Schendl,122,SK Sturm Graz,2021,A1,16,Right Midfield,18,Austria,5,0,0,0
610442,Rasmus Højlund,122,SK Sturm Graz,2021,A1,9,Centre-Forward,18,Denmark,13,13,6,1155
589737,Kelvin Yeboah,122,SK Sturm Graz,2021,A1,0,Centre-Forward,21,Italy,18,18,11,1537
452464,Dardan Shabanhaxhaj,122,SK Sturm Graz,2021,A1,0,Centre-Forward,20,Kosovo,2,0,0,0
288690,Manprit Sarkaria,122,SK Sturm Graz,2021,A1,11,Centre-Forward,24,Austria,31,31,13,1959
655247,Moritz Wels,122,SK Sturm Graz,2021,A1,37,Right Winger,16,Austria,10,2,0,26
632872,Francisco Mwepu,122,SK Sturm Graz,2021,A1,29,Centre-Forward,21,Zambia,0,0,0,0
519011,Luca Kronberger,122,SK Sturm Graz,2021,A1,23,Left Winger,19,Austria,13,8,0,136
294814,Anderson Niangbo,122,SK Sturm Graz,2021,A1,15,Centre-Forward,21,Cote d'Ivoire,28,28,3,1238
375356,Martin Krienzer,122,SK Sturm Graz,2021,A1,0,Centre-Forward,21,Austria,0,0,0,0
52269,Jakob Jantscher,122,SK Sturm Graz,2021,A1,13,Left Winger,32,Austria,31,30,14,2204
503769,Arthur Okonkwo,122,SK Sturm Graz,2022,A1,1,Goalkeeper,20,Nigeria,16,15,0,1350
243237,Tobias Schützenauer,122,SK Sturm Graz,2022,A1,32,Goalkeeper,25,Austria,17,1,0,90
307590,Christopher Giuliani,122,SK Sturm Graz,2022,A1,0,Goalkeeper,23,Austria,0,0,0,0
59009,Jörg Siebenhandl,122,SK Sturm Graz,2022,A1,27,Goalkeeper,32,Austria,30,16,0,1440
432859,Luka Maric,122,SK Sturm Graz,2022,A1,31,Goalkeeper,19,Austria,1,0,0,0
452483,David Affengruber,122,SK Sturm Graz,2022,A1,42,Centre-Back,21,Austria,29,27,4,1920
393745,Jusuf Gazibegovic,122,SK Sturm Graz,2022,A1,22,Right-Back,22,Bosnia-Herzegovina,30,29,2,2506
203125,Gregory Wüthrich,122,SK Sturm Graz,2022,A1,5,Centre-Back,27,Switzerland,28,28,1,2204
378260,David Schnegg,122,SK Sturm Graz,2022,A1,28,Left-Back,23,Austria,31,30,3,1745
649087,Amadou Dante,122,SK Sturm Graz,2022,A1,44,Left-Back,21,Mali,26,21,0,1142
353559,Dominik Oroz,122,SK Sturm Graz,2022,A1,0,Centre-Back,21,Croatia,5,2,0,9
394008,Niklas Geyrhofer,122,SK Sturm Graz,2022,A1,35,Centre-Back,22,Austria,10,7,0,183
452461,Paul Komposch,122,SK Sturm Graz,2022,A1,14,Centre-Back,21,Austria,0,0,0,0
286627,Sandro Ingolitsch,122,SK Sturm Graz,2022,A1,24,Right-Back,25,Austria,10,5,0,349
321050,Alexandar Borkovic,122,SK Sturm Graz,2022,A1,6,Centre-Back,23,Austria,25,20,1,1512
404935,Samuel Stückler,122,SK Sturm Graz,2022,A1,21,Right-Back,21,Austria,0,0,0,0
434116,Alexander Prass,122,SK Sturm Graz,2022,A1,8,Left Midfield,21,Austria,32,32,3,2472
352596,Otar Kiteishvili,122,SK Sturm Graz,2022,A1,10,Attacking Midfield,26,Georgia,20,20,6,1204
340415,Tomi Horvat,122,SK Sturm Graz,2022,A1,19,Right Midfield,23,Slovenia,32,32,4,2175
245034,Jon Gorenc Stankovic,122,SK Sturm Graz,2022,A1,4,Defensive Midfield,26,Slovenia,31,31,2,2642
527589,Christoph Lang,122,SK Sturm Graz,2022,A1,0,Attacking Midfield,20,Austria,5,3,1,127
250028,Ivan Ljubic,122,SK Sturm Graz,2022,A1,30,Defensive Midfield,25,Austria,24,22,1,553
346846,Vesel Demaku,122,SK Sturm Graz,2022,A1,0,Defensive Midfield,22,Kosovo,5,3,0,119
59053,Stefan Hierländer,122,SK Sturm Graz,2022,A1,25,Right Midfield,31,Austria,31,28,0,1845
527596,Sandro Schendl,122,SK Sturm Graz,2022,A1,16,Right Midfield,19,Austria,0,0,0,0
610442,Rasmus Højlund,122,SK Sturm Graz,2022,A1,0,Centre-Forward,19,Denmark,5,5,3,401
559328,Emmanuel Emegha,122,SK Sturm Graz,2022,A1,20,Centre-Forward,19,Netherlands,27,27,9,1556
610400,William Bøving,122,SK Sturm Graz,2022,A1,15,Centre-Forward,19,Denmark,19,17,1,669
979410,Mohammed Fuseini,122,SK Sturm Graz,2022,A1,29,Centre-Forward,20,Ghana,9,7,2,122
822601,Leon Grgic,122,SK Sturm Graz,2022,A1,0,Centre-Forward,16,Croatia,3,2,0,18
195906,Albian Ajeti,122,SK Sturm Graz,2022,A1,9,Centre-Forward,25,Switzerland,15,15,3,666
288690,Manprit Sarkaria,122,SK Sturm Graz,2022,A1,11,Centre-Forward,25,Austria,28,28,9,1812
655247,Moritz Wels,122,SK Sturm Graz,2022,A1,37,Right Winger,17,Austria,4,2,1,32
657635,Bryan Teixeira,122,SK Sturm Graz,2022,A1,17,Centre-Forward,21,Cape Verde,15,14,0,608
519011,Luca Kronberger,122,SK Sturm Graz,2022,A1,0,Left Winger,20,Austria,2,0,0,0
52269,Jakob Jantscher,122,SK Sturm Graz,2022,A1,13,Left Winger,33,Austria,11,9,1,202
463527,Kjell Scherpen,122,SK Sturm Graz,2024,A1,1,Goalkeeper,24,Netherlands,30,30,0,2700
718756,Daniil Khudyakov,122,SK Sturm Graz,2024,A1,53,Goalkeeper,20,Russia,32,2,0,180
629032,Matteo Bignetti,122,SK Sturm Graz,2024,A1,40,Goalkeeper,20,Austria,2,0,0,0
652632,Max Johnston,122,SK Sturm Graz,2024,A1,2,Right-Back,20,Scotland,25,24,1,1639
393745,Jusuf Gazibegovic,122,SK Sturm Graz,2024,A1,0,Right-Back,24,Bosnia-Herzegovina,14,14,1,1193
203125,Gregory Wüthrich,122,SK Sturm Graz,2024,A1,5,Centre-Back,29,Switzerland,21,21,1,1674
420890,Dimitri Lavalée,122,SK Sturm Graz,2024,A1,24,Centre-Back,27,Belgium,30,30,1,2585
805534,Arjan Malic,122,SK Sturm Graz,2024,A1,23,Right-Back,18,Bosnia-Herzegovina,19,11,0,365
286596,Emir Karic,122,SK Sturm Graz,2024,A1,17,Left-Back,27,Bosnia-Herzegovina,21,15,0,673
394152,Emanuel Aiwu,122,SK Sturm Graz,2024,A1,47,Centre-Back,23,Austria,29,27,1,2232
394008,Niklas Geyrhofer,122,SK Sturm Graz,2024,A1,35,Centre-Back,24,Austria,22,19,1,1173
913495,Emran Soglo,122,SK Sturm Graz,2024,A1,18,Left-Back,18,England,3,3,0,83
805123,Konstantin Schopp,122,SK Sturm Graz,2024,A1,0,Centre-Back,18,Austria,4,1,0,6
321050,Alexandar Borkovic,122,SK Sturm Graz,2024,A1,6,Centre-Back,25,Austria,0,0,0,0
1178758,Malick Yalcouyé,122,SK Sturm Graz,2024,A1,8,Central Midfield,18,Cote d'Ivoire,26,26,4,1983
352596,Otar Kiteishvili,122,SK Sturm Graz,2024,A1,10,Attacking Midfield,28,Georgia,32,32,12,2649
340415,Tomi Horvat,122,SK Sturm Graz,2024,A1,19,Right Midfield,25,Slovenia,32,32,4,2001
553328,Tochi Chukwuani,122,SK Sturm Graz,2024,A1,21,Defensive Midfield,21,Denmark,29,27,3,1239
960463,Jacob Peter Hödl,122,SK Sturm Graz,2024,A1,0,Right Midfield,17,Austria,7,6,0,44
245034,Jon Gorenc Stankovic,122,SK Sturm Graz,2024,A1,4,Defensive Midfield,28,Slovenia,26,26,1,2050
892973,Lovro Zvonarek,122,SK Sturm Graz,2024,A1,14,Attacking Midfield,19,Croatia,16,13,1,385
954277,Martin Kern,122,SK Sturm Graz,2024,A1,30,Central Midfield,18,Hungary,0,0,0,0
59053,Stefan Hierländer,122,SK Sturm Graz,2024,A1,25,Right Midfield,33,Austria,24,14,0,104
565821,Mika Biereth,122,SK Sturm Graz,2024,A1,0,Centre-Forward,21,Denmark,16,16,11,1274
610400,William Bøving,122,SK Sturm Graz,2024,A1,15,Centre-Forward,21,Denmark,31,30,11,2182
822601,Leon Grgic,122,SK Sturm Graz,2024,A1,38,Centre-Forward,18,Croatia,20,18,5,819
618898,Erencan Yardımcı,122,SK Sturm Graz,2024,A1,0,Centre-Forward,22,Türkiye,10,8,2,205
826719,Fally Mayulu,122,SK Sturm Graz,2024,A1,9,Centre-Forward,21,France,2,2,0,70
1155608,Amady Camara,122,SK Sturm Graz,2024,A1,36,Centre-Forward,19,Mali,23,19,0,611
693092,Belmin Beganovic,122,SK Sturm Graz,2024,A1,0,Centre-Forward,19,Austria,4,3,0,35
661206,Seedy Jatta,122,SK Sturm Graz,2024,A1,20,Centre-Forward,21,Norway,21,21,5,1252
288690,Manprit Sarkaria,122,SK Sturm Graz,2024,A1,0,Centre-Forward,27,Austria,2,1,0,16
692756,Peter Kiedl,122,SK Sturm Graz,2024,A1,0,Centre-Forward,20,Austria,2,1,0,6
404881,Niklas Hedl,170,Rapid Vienna,2023,A1,45,Goalkeeper,22,Austria,32,32,0,2880
223957,Paul Gartler,170,Rapid Vienna,2023,A1,25,Goalkeeper,26,Austria,27,0,0,0
658130,Laurenz Orgler,170,Rapid Vienna,2023,A1,50,Goalkeeper,18,Austria,0,0,0,0
341761,Bernhard Unger,170,Rapid Vienna,2023,A1,21,Goalkeeper,24,Austria,5,0,0,0
597432,Leopold Querfeld,170,Rapid Vienna,2023,A1,43,Centre-Back,19,Austria,28,28,3,2475
503640,Neraysho Kasanwirjo,170,Rapid Vienna,2023,A1,6,Centre-Back,21,Netherlands,23,23,0,1777
319482,Nenad Cvetkovic,170,Rapid Vienna,2023,A1,55,Centre-Back,27,Serbia,7,7,0,496
679865,Dominic Vincze,170,Rapid Vienna,2023,A1,0,Centre-Back,19,Austria,3,2,0,55
393766,Jonas Auer,170,Rapid Vienna,2023,A1,23,Left-Back,22,Austria,27,26,1,2135
434098,Martin Moormann,170,Rapid Vienna,2023,A1,26,Centre-Back,22,Austria,15,10,1,424
131231,Maximilian Hofmann,170,Rapid Vienna,2023,A1,20,Centre-Back,29,Austria,22,17,0,1214
382204,Martin Koscelník,170,Rapid Vienna,2023,A1,0,Right-Back,28,Slovakia,5,2,0,135
74179,Michael Sollbauer,170,Rapid Vienna,2023,A1,19,Centre-Back,33,Austria,14,8,0,546
55574,Thorsten Schick,170,Rapid Vienna,2023,A1,13,Right-Back,33,Austria,17,15,0,697
152651,Terence Kongolo,170,Rapid Vienna,2023,A1,15,Centre-Back,29,Netherlands,15,12,0,742
526895,Matthias Seidl,170,Rapid Vienna,2023,A1,18,Central Midfield,22,Austria,32,32,5,2648
669632,Nikolas Sattlberger,170,Rapid Vienna,2023,A1,34,Defensive Midfield,19,Austria,30,30,0,2467
224871,Lukas Grgic,170,Rapid Vienna,2023,A1,8,Defensive Midfield,27,Austria,22,21,2,1478
527589,Christoph Lang,170,Rapid Vienna,2023,A1,10,Attacking Midfield,21,Austria,14,14,2,992
542995,Aleksa Pejic,170,Rapid Vienna,2023,A1,14,Defensive Midfield,23,Serbia,0,0,0,0
629040,Nicolas Bajlicz,170,Rapid Vienna,2023,A1,30,Attacking Midfield,18,Austria,0,0,0,0
526032,Moritz Oswald,170,Rapid Vienna,2023,A1,28,Central Midfield,21,Austria,28,26,0,1369
282918,Ante Bajic,170,Rapid Vienna,2023,A1,29,Right Midfield,27,Austria,7,6,1,231
120202,Roman Kerschbaum,170,Rapid Vienna,2023,A1,5,Central Midfield,29,Austria,30,27,0,1216
336012,Nicolas Kühn,170,Rapid Vienna,2023,A1,10,Right Winger,23,Germany,16,16,2,1229
391766,Marco Grüll,170,Rapid Vienna,2023,A1,27,Left Winger,24,Austria,29,29,13,2311
535820,Isak Jansson,170,Rapid Vienna,2023,A1,22,Left Winger,21,Sweden,14,11,1,502
826719,Fally Mayulu,170,Rapid Vienna,2023,A1,17,Centre-Forward,20,France,30,28,6,1162
197043,Patrick Greil,170,Rapid Vienna,2023,A1,4,Left Winger,26,Austria,8,5,0,117
576125,Thierry Gale,170,Rapid Vienna,2023,A1,16,Left Winger,21,Barbados,8,5,1,86
829257,Dennis Kaygin,170,Rapid Vienna,2023,A1,24,Left Winger,19,Germany,8,5,0,150
803045,Furkan Dursun,170,Rapid Vienna,2023,A1,58,Centre-Forward,18,Austria,6,5,0,91
888286,Jovan Zivkovic,170,Rapid Vienna,2023,A1,49,Right Winger,17,Austria,11,7,0,38
1038701,Ismaïl Seydi,170,Rapid Vienna,2023,A1,57,Left Winger,21,France,8,6,0,192
391561,Oliver Strunz,170,Rapid Vienna,2023,A1,7,Right Winger,23,Austria,14,12,0,251
49239,Guido Burgstaller,170,Rapid Vienna,2023,A1,9,Centre-Forward,34,Austria,21,20,7,1497
404881,Niklas Hedl,170,Rapid Vienna,2022,A1,45,Goalkeeper,21,Austria,31,31,0,2790
223957,Paul Gartler,170,Rapid Vienna,2022,A1,25,Goalkeeper,25,Austria,26,1,0,90
341761,Bernhard Unger,170,Rapid Vienna,2022,A1,21,Goalkeeper,23,Austria,7,0,0,0
597432,Leopold Querfeld,170,Rapid Vienna,2022,A1,43,Centre-Back,18,Austria,24,23,1,1887
577394,Denso Kasius,170,Rapid Vienna,2022,A1,2,Right-Back,19,Netherlands,11,10,0,693
394152,Emanuel Aiwu,170,Rapid Vienna,2022,A1,0,Centre-Back,21,Austria,0,0,0,0
393766,Jonas Auer,170,Rapid Vienna,2022,A1,23,Left-Back,21,Austria,29,28,0,2340
434098,Martin Moormann,170,Rapid Vienna,2022,A1,26,Centre-Back,21,Austria,26,21,0,1206
122675,Kevin Wimmer,170,Rapid Vienna,2022,A1,6,Centre-Back,29,Austria,21,10,0,723
535650,Pascal Fallmann,170,Rapid Vienna,2022,A1,37,Right-Back,18,Austria,0,0,0,0
131231,Maximilian Hofmann,170,Rapid Vienna,2022,A1,20,Centre-Back,28,Austria,7,6,0,358
382204,Martin Koscelník,170,Rapid Vienna,2022,A1,22,Right-Back,27,Slovakia,22,18,0,1208
502981,Marko Dijakovic,170,Rapid Vienna,2022,A1,33,Centre-Back,20,Austria,0,0,0,0
74179,Michael Sollbauer,170,Rapid Vienna,2022,A1,19,Centre-Back,32,Austria,26,24,0,2097
55574,Thorsten Schick,170,Rapid Vienna,2022,A1,13,Right-Back,32,Austria,26,25,0,1279
54607,Christopher Dibon,170,Rapid Vienna,2022,A1,17,Centre-Back,31,Austria,5,2,0,164
669632,Nikolas Sattlberger,170,Rapid Vienna,2022,A1,0,Defensive Midfield,18,Austria,6,3,0,208
320859,Dejan Petrovic,170,Rapid Vienna,2022,A1,16,Central Midfield,24,Slovenia,7,4,0,195
542995,Aleksa Pejic,170,Rapid Vienna,2022,A1,14,Defensive Midfield,22,Serbia,28,26,0,2034
629040,Nicolas Bajlicz,170,Rapid Vienna,2022,A1,58,Attacking Midfield,17,Austria,0,0,0,0
526032,Moritz Oswald,170,Rapid Vienna,2022,A1,28,Central Midfield,20,Austria,18,12,0,630
282918,Ante Bajic,170,Rapid Vienna,2022,A1,29,Right Midfield,26,Austria,25,24,1,945
120202,Roman Kerschbaum,170,Rapid Vienna,2022,A1,5,Central Midfield,28,Austria,28,28,2,1926
59068,Christoph Knasmüllner,170,Rapid Vienna,2022,A1,8,Central Midfield,30,Austria,17,12,0,539
391560,Lion Schuster,170,Rapid Vienna,2022,A1,42,Defensive Midfield,21,Austria,0,0,0,0
336012,Nicolas Kühn,170,Rapid Vienna,2022,A1,7,Right Winger,22,Germany,21,20,3,1194
391766,Marco Grüll,170,Rapid Vienna,2022,A1,27,Left Winger,23,Austria,30,30,6,2323
548031,Yusuf Demir,170,Rapid Vienna,2022,A1,0,Right Winger,19,Austria,1,1,1,90
574656,Dragoljub Savic,170,Rapid Vienna,2022,A1,77,Right Winger,21,Serbia,2,2,0,67
197043,Patrick Greil,170,Rapid Vienna,2022,A1,24,Left Winger,25,Austria,30,28,1,1570
360519,Ferdy Druijf,170,Rapid Vienna,2022,A1,38,Centre-Forward,24,Netherlands,24,23,3,1000
488073,Bernhard Zimmermann,170,Rapid Vienna,2022,A1,41,Centre-Forward,20,Austria,29,25,7,835
391561,Oliver Strunz,170,Rapid Vienna,2022,A1,18,Right Winger,22,Austria,14,14,4,610
354058,Rene Kriwak,170,Rapid Vienna,2022,A1,0,Centre-Forward,23,Austria,3,3,0,97
49239,Guido Burgstaller,170,Rapid Vienna,2022,A1,9,Centre-Forward,33,Austria,31,31,21,2513
404881,Niklas Hedl,170,Rapid Vienna,2021,A1,45,Goalkeeper,20,Austria,19,10,0,891
223957,Paul Gartler,170,Rapid Vienna,2021,A1,25,Goalkeeper,24,Austria,23,17,0,1468
658130,Laurenz Orgler,170,Rapid Vienna,2021,A1,0,Goalkeeper,16,Austria,1,0,0,0
341761,Bernhard Unger,170,Rapid Vienna,2021,A1,21,Goalkeeper,22,Austria,15,1,0,7
93768,Richard Strebinger,170,Rapid Vienna,2021,A1,0,Goalkeeper,28,Austria,6,6,0,513
597432,Leopold Querfeld,170,Rapid Vienna,2021,A1,43,Centre-Back,17,Austria,5,3,0,174
434110,Leo Greiml,170,Rapid Vienna,2021,A1,30,Centre-Back,19,Austria,12,11,0,941
394152,Emanuel Aiwu,170,Rapid Vienna,2021,A1,4,Centre-Back,20,Austria,24,23,2,1917
393766,Jonas Auer,170,Rapid Vienna,2021,A1,23,Left-Back,20,Austria,30,21,0,1018
239934,Maximilian Ullmann,170,Rapid Vienna,2021,A1,0,Left-Back,25,Austria,18,14,0,1181
434098,Martin Moormann,170,Rapid Vienna,2021,A1,26,Centre-Back,20,Austria,17,17,0,1329
375355,Lukas Sulzbacher,170,Rapid Vienna,2021,A1,37,Right-Back,21,Austria,3,1,0,9
535650,Pascal Fallmann,170,Rapid Vienna,2021,A1,0,Right-Back,17,Austria,1,1,0,11
122675,Kevin Wimmer,170,Rapid Vienna,2021,A1,6,Centre-Back,28,Austria,23,18,1,1517
139751,Filip Stojkovic,170,Rapid Vienna,2021,A1,22,Right-Back,28,Montenegro,25,25,2,2139
131231,Maximilian Hofmann,170,Rapid Vienna,2021,A1,20,Centre-Back,27,Austria,15,13,0,1079
437891,Dalibor Velimirovic,170,Rapid Vienna,2021,A1,47,Centre-Back,20,Austria,0,0,0,0
671438,Aristot Tambwe-Kasengele,170,Rapid Vienna,2021,A1,0,Centre-Back,17,Austria,3,1,0,4
502981,Marko Dijakovic,170,Rapid Vienna,2021,A1,33,Centre-Back,19,Austria,3,2,0,3
55574,Thorsten Schick,170,Rapid Vienna,2021,A1,13,Right-Back,31,Austria,29,28,0,1699
54607,Christopher Dibon,170,Rapid Vienna,2021,A1,17,Centre-Back,30,Austria,5,3,0,100
353634,Robert Ljubicic,170,Rapid Vienna,2021,A1,5,Central Midfield,21,Croatia,25,25,2,2080
320859,Dejan Petrovic,170,Rapid Vienna,2021,A1,16,Central Midfield,23,Slovenia,23,21,0,1342
526032,Moritz Oswald,170,Rapid Vienna,2021,A1,28,Central Midfield,19,Austria,12,8,0,348
580612,Benjamin Kanuric,170,Rapid Vienna,2021,A1,35,Attacking Midfield,18,Austria,4,2,0,15
123158,Srdjan Grahovac,170,Rapid Vienna,2021,A1,14,Defensive Midfield,28,Bosnia-Herzegovina,26,23,1,1274
287182,Denis Bosnjak,170,Rapid Vienna,2021,A1,46,Defensive Midfield,24,Austria,0,0,0,0
190848,Philipp Schobesberger,170,Rapid Vienna,2021,A1,7,Right Midfield,27,Austria,4,4,0,44
59068,Christoph Knasmüllner,170,Rapid Vienna,2021,A1,8,Central Midfield,29,Austria,32,26,3,1382
391560,Lion Schuster,170,Rapid Vienna,2021,A1,42,Defensive Midfield,20,Austria,5,4,0,280
406608,Thierno Ballo,170,Rapid Vienna,2021,A1,0,Left Winger,19,Austria,9,8,0,405
391766,Marco Grüll,170,Rapid Vienna,2021,A1,27,Left Winger,22,Austria,31,31,8,2525
192409,Taxiarchis Fountas,170,Rapid Vienna,2021,A1,0,Second Striker,25,Greece,18,17,7,1183
548031,Yusuf Demir,170,Rapid Vienna,2021,A1,10,Right Winger,18,Austria,13,11,1,504
290705,Koya Kitagawa,170,Rapid Vienna,2021,A1,32,Centre-Forward,24,Japan,14,12,0,231
320701,Ercan Kara,170,Rapid Vienna,2021,A1,0,Centre-Forward,25,Austria,17,17,9,1353
574656,Dragoljub Savic,170,Rapid Vienna,2021,A1,0,Right Winger,20,Serbia,7,4,1,84
360519,Ferdy Druijf,170,Rapid Vienna,2021,A1,38,Centre-Forward,23,Netherlands,10,10,5,824
488073,Bernhard Zimmermann,170,Rapid Vienna,2021,A1,41,Centre-Forward,19,Austria,12,11,5,797
500584,Nicolas Binder,170,Rapid Vienna,2021,A1,0,Centre-Forward,19,Austria,6,5,0,56
391561,Oliver Strunz,170,Rapid Vienna,2021,A1,18,Right Winger,21,Austria,5,4,0,38
321048,Kelvin Arase,170,Rapid Vienna,2021,A1,36,Right Winger,22,Austria,24,23,1,914
354058,Rene Kriwak,170,Rapid Vienna,2021,A1,0,Centre-Forward,22,Austria,1,0,0,0
404881,Niklas Hedl,170,Rapid Vienna,2024,A1,45,Goalkeeper,23,Austria,30,30,0,2638
223957,Paul Gartler,170,Rapid Vienna,2024,A1,25,Goalkeeper,27,Austria,32,3,0,241
658130,Laurenz Orgler,170,Rapid Vienna,2024,A1,50,Goalkeeper,19,Austria,1,0,0,0
692605,Benjamin Göschl,170,Rapid Vienna,2024,A1,51,Goalkeeper,18,Austria,0,0,0,0
157390,Christoph Haas,170,Rapid Vienna,2024,A1,0,Goalkeeper,31,Austria,1,0,0,0
683891,Serge-Philippe Raux-Yao,170,Rapid Vienna,2024,A1,6,Centre-Back,25,France,29,29,1,2610
439351,Bendegúz Bolla,170,Rapid Vienna,2024,A1,77,Right-Back,24,Hungary,30,30,2,2685
847257,Ange Ahoussou,170,Rapid Vienna,2024,A1,20,Centre-Back,20,Cote d'Ivoire,12,10,0,785
319482,Nenad Cvetkovic,170,Rapid Vienna,2024,A1,55,Centre-Back,28,Serbia,24,20,2,1600
679865,Dominic Vincze,170,Rapid Vienna,2024,A1,0,Centre-Back,20,Austria,6,4,0,353
488048,Benjamin Böckle,170,Rapid Vienna,2024,A1,3,Left-Back,22,Austria,17,7,0,441
715893,Jakob Schöller,170,Rapid Vienna,2024,A1,4,Centre-Back,18,Austria,11,9,0,392
393766,Jonas Auer,170,Rapid Vienna,2024,A1,23,Left-Back,23,Austria,27,25,2,1972
803046,Amin-Elias Gröller,170,Rapid Vienna,2024,A1,47,Centre-Back,19,Tunisia,5,1,0,90
131231,Maximilian Hofmann,170,Rapid Vienna,2024,A1,0,Centre-Back,30,Austria,13,8,0,295
808348,Mamadou Sangaré,170,Rapid Vienna,2024,A1,17,Central Midfield,22,Mali,27,27,2,2050
961937,Romeo Amane,170,Rapid Vienna,2024,A1,29,Central Midfield,21,Cote d'Ivoire,9,9,1,561
526895,Matthias Seidl,170,Rapid Vienna,2024,A1,18,Central Midfield,23,Austria,32,32,2,2517
527589,Christoph Lang,170,Rapid Vienna,2024,A1,0,Attacking Midfield,22,Austria,13,8,0,302
224871,Lukas Grgic,170,Rapid Vienna,2024,A1,8,Defensive Midfield,28,Austria,26,26,0,1968
458537,Tobias Børkeeiet,170,Rapid Vienna,2024,A1,16,Defensive Midfield,25,Norway,14,7,0,153
147485,Louis Schaub,170,Rapid Vienna,2024,A1,21,Right Midfield,29,Austria,30,29,2,1640
526032,Moritz Oswald,170,Rapid Vienna,2024,A1,28,Central Midfield,22,Austria,26,20,1,833
120202,Roman Kerschbaum,170,Rapid Vienna,2024,A1,5,Central Midfield,30,Austria,8,3,0,16
535820,Isak Jansson,170,Rapid Vienna,2024,A1,22,Left Winger,22,Sweden,22,22,7,1562
803052,Nikolaus Wurmbrand,170,Rapid Vienna,2024,A1,48,Right Winger,18,Austria,15,15,1,507
618350,Dion Beljo,170,Rapid Vienna,2024,A1,7,Centre-Forward,22,Croatia,29,29,10,2189
614194,Andrija Radulovic,170,Rapid Vienna,2024,A1,49,Right Winger,21,Montenegro,14,13,3,437
320701,Ercan Kara,170,Rapid Vienna,2024,A1,99,Centre-Forward,28,Austria,16,15,1,542
576125,Thierry Gale,170,Rapid Vienna,2024,A1,0,Left Winger,22,Barbados,1,1,0,17
548037,Tobias Hedl,170,Rapid Vienna,2024,A1,0,Centre-Forward,21,Austria,2,2,0,33
829257,Dennis Kaygin,170,Rapid Vienna,2024,A1,0,Left Winger,20,Germany,11,9,0,364
1312171,Daniel Nunoo,170,Rapid Vienna,2024,A1,0,Right Winger,17,Ghana,1,0,0,0
803045,Furkan Dursun,170,Rapid Vienna,2024,A1,0,Centre-Forward,19,Austria,3,3,0,108
1038701,Ismaïl Seydi,170,Rapid Vienna,2024,A1,0,Left Winger,22,France,1,1,0,20
519444,Noah Bischof,170,Rapid Vienna,2024,A1,27,Centre-Forward,21,Austria,17,14,1,426
49239,Guido Burgstaller,170,Rapid Vienna,2024,A1,9,Centre-Forward,35,Austria,21,20,5,1200
463527,Kjell Scherpen,122,SK Sturm Graz,2023,A1,1,Goalkeeper,23,Netherlands,16,16,0,1440
486604,Vitezslav Jaros,122,SK Sturm Graz,2023,A1,16,Goalkeeper,21,Czech Republic,14,14,0,1260
629032,Matteo Bignetti,122,SK Sturm Graz,2023,A1,40,Goalkeeper,19,Austria,1,0,0,0
948135,Elias Lorenz,122,SK Sturm Graz,2023,A1,0,Goalkeeper,17,Austria,1,0,0,0
905112,Christoph Wiener-Pucher,122,SK Sturm Graz,2023,A1,0,Goalkeeper,16,Austria,0,0,0,0
432859,Luka Maric,122,SK Sturm Graz,2023,A1,31,Goalkeeper,20,Austria,32,2,0,180
707774,Timothy Obi,122,SK Sturm Graz,2023,A1,0,Goalkeeper,18,Austria,0,0,0,0
452483,David Affengruber,122,SK Sturm Graz,2023,A1,42,Centre-Back,22,Austria,29,28,2,2154
652632,Max Johnston,122,SK Sturm Graz,2023,A1,2,Right-Back,19,Scotland,23,20,0,452
393745,Jusuf Gazibegovic,122,SK Sturm Graz,2023,A1,22,Right-Back,23,Bosnia-Herzegovina,32,31,2,2469
203125,Gregory Wüthrich,122,SK Sturm Graz,2023,A1,5,Centre-Back,28,Switzerland,28,28,3,2473
420890,Dimitri Lavalée,122,SK Sturm Graz,2023,A1,24,Centre-Back,26,Belgium,25,22,2,1942
378260,David Schnegg,122,SK Sturm Graz,2023,A1,28,Left-Back,24,Austria,28,28,0,1809
649087,Amadou Dante,122,SK Sturm Graz,2023,A1,44,Left-Back,22,Mali,14,11,0,461
394008,Niklas Geyrhofer,122,SK Sturm Graz,2023,A1,35,Centre-Back,23,Austria,18,12,0,471
523913,Gabriel Haider,122,SK Sturm Graz,2023,A1,27,Centre-Back,21,Austria,0,0,0,0
805121,Senad Mustafic,122,SK Sturm Graz,2023,A1,0,Right-Back,17,Bosnia-Herzegovina,0,0,0,0
321050,Alexandar Borkovic,122,SK Sturm Graz,2023,A1,6,Centre-Back,24,Austria,4,2,0,91
404935,Samuel Stückler,122,SK Sturm Graz,2023,A1,21,Right-Back,22,Austria,0,0,0,0
434116,Alexander Prass,122,SK Sturm Graz,2023,A1,8,Left Midfield,22,Austria,30,30,7,2559
352596,Otar Kiteishvili,122,SK Sturm Graz,2023,A1,10,Attacking Midfield,27,Georgia,25,25,9,1944
340415,Tomi Horvat,122,SK Sturm Graz,2023,A1,19,Right Midfield,24,Slovenia,31,28,7,1990
245034,Jon Gorenc Stankovic,122,SK Sturm Graz,2023,A1,4,Defensive Midfield,27,Slovenia,28,28,3,2403
668177,Javi Serrano,122,SK Sturm Graz,2023,A1,14,Central Midfield,20,Spain,10,8,0,270
346846,Vesel Demaku,122,SK Sturm Graz,2023,A1,23,Defensive Midfield,23,Kosovo,1,0,0,0
692758,Jonas Löcker,122,SK Sturm Graz,2023,A1,0,Defensive Midfield,18,Austria,0,0,0,0
59053,Stefan Hierländer,122,SK Sturm Graz,2023,A1,25,Right Midfield,32,Austria,30,22,0,648
565821,Mika Biereth,122,SK Sturm Graz,2023,A1,18,Centre-Forward,20,Denmark,15,15,5,1124
610400,William Bøving,122,SK Sturm Graz,2023,A1,15,Centre-Forward,20,Denmark,29,28,2,1583
979410,Mohammed Fuseini,122,SK Sturm Graz,2023,A1,29,Centre-Forward,21,Ghana,13,11,1,98
822601,Leon Grgic,122,SK Sturm Graz,2023,A1,38,Centre-Forward,17,Croatia,0,0,0,0
1155608,Amady Camara,122,SK Sturm Graz,2023,A1,36,Centre-Forward,18,Mali,19,17,1,375
661206,Seedy Jatta,122,SK Sturm Graz,2023,A1,20,Centre-Forward,20,Norway,17,17,2,552
554282,Szymon Wlodarczyk,122,SK Sturm Graz,2023,A1,9,Centre-Forward,20,Poland,29,24,5,1135
288690,Manprit Sarkaria,122,SK Sturm Graz,2023,A1,11,Centre-Forward,26,Austria,18,16,4,1197
657635,Bryan Teixeira,122,SK Sturm Graz,2023,A1,17,Centre-Forward,22,Cape Verde,14,10,0,403
52269,Jakob Jantscher,122,SK Sturm Graz,2023,A1,0,Left Winger,34,Austria,1,1,0,7
251322,Philipp Köhn,409,Red Bull Salzburg,2021,A1,18,Goalkeeper,23,Switzerland,30,28,0,2520
349536,Nico Mantl,409,Red Bull Salzburg,2021,A1,1,Goalkeeper,21,Germany,29,3,0,270
1271,Alexander Walke,409,Red Bull Salzburg,2021,A1,33,Goalkeeper,38,Germany,5,1,0,90
463665,Oumar Solet,409,Red Bull Salzburg,2021,A1,22,Centre-Back,21,France,25,22,1,1662
369684,Rasmus Kristensen,409,Red Bull Salzburg,2021,A1,43,Right-Back,23,Denmark,29,29,7,2530
364258,Bernardo,409,Red Bull Salzburg,2021,A1,95,Left-Back,26,Brazil,23,19,0,1034
490423,Ignace Van der Brempt,409,Red Bull Salzburg,2021,A1,2,Right-Back,19,Belgium,10,6,0,397
671590,Daouda Guindo,409,Red Bull Salzburg,2021,A1,37,Left-Back,18,Mali,15,7,0,211
263361,Maximilian Wöber,409,Red Bull Salzburg,2021,A1,39,Centre-Back,23,Austria,23,22,4,1778
539795,Bryan Okoh,409,Red Bull Salzburg,2021,A1,3,Centre-Back,18,Switzerland,2,0,0,0
345449,Kamil Piątkowski,409,Red Bull Salzburg,2021,A1,4,Centre-Back,21,Poland,21,13,0,1037
261935,Albert Vallci,409,Red Bull Salzburg,2021,A1,5,Centre-Back,25,Austria,1,0,0,0
272638,Jérôme Onguéné,409,Red Bull Salzburg,2021,A1,6,Centre-Back,23,Cameroon,12,11,2,772
361516,Kilian Ludewig,409,Red Bull Salzburg,2021,A1,0,Right-Back,21,Germany,2,1,0,62
31196,Andreas Ulmer,409,Red Bull Salzburg,2021,A1,17,Left-Back,35,Austria,29,27,1,2023
404950,Nicolas Seiwald,409,Red Bull Salzburg,2021,A1,13,Defensive Midfield,20,Austria,32,32,0,2417
393323,Brenden Aaronson,409,Red Bull Salzburg,2021,A1,11,Attacking Midfield,20,United States,26,26,4,1891
543382,Mohamed Camara,409,Red Bull Salzburg,2021,A1,19,Defensive Midfield,21,Mali,26,25,1,1775
502722,Luka Sucic,409,Red Bull Salzburg,2021,A1,21,Central Midfield,18,Croatia,28,28,8,1827
610405,Maurits Kjærgaard,409,Red Bull Salzburg,2021,A1,14,Central Midfield,18,Denmark,20,17,2,754
649672,Nicolás Capaldo,409,Red Bull Salzburg,2021,A1,7,Central Midfield,22,Argentina,27,27,3,1578
650944,Amankwah Forson,409,Red Bull Salzburg,2021,A1,0,Central Midfield,18,Ghana,1,1,0,5
395512,Antoine Bernede,409,Red Bull Salzburg,2021,A1,10,Central Midfield,22,France,21,17,0,757
671593,Mamady Diambou,409,Red Bull Salzburg,2021,A1,15,Defensive Midfield,18,Mali,11,8,0,226
402007,Ousmane Diakité,409,Red Bull Salzburg,2021,A1,0,Defensive Midfield,20,Mali,0,0,0,0
666613,Samson Tijani,409,Red Bull Salzburg,2021,A1,44,Defensive Midfield,19,Nigeria,3,3,0,57
31007,Zlatko Junuzovic,409,Red Bull Salzburg,2021,A1,16,Central Midfield,33,Austria,12,12,1,444
627442,Benjamin Sesko,409,Red Bull Salzburg,2021,A1,30,Centre-Forward,18,Slovenia,24,24,5,966
496094,Karim Adeyemi,409,Red Bull Salzburg,2021,A1,27,Right Winger,19,Germany,29,29,19,1957
346890,Noah Okafor,409,Red Bull Salzburg,2021,A1,77,Left Winger,21,Switzerland,21,21,9,947
452477,Junior Adamu,409,Red Bull Salzburg,2021,A1,9,Centre-Forward,20,Austria,30,30,7,1641
402010,Sékou Koïta,409,Red Bull Salzburg,2021,A1,20,Centre-Forward,21,Mali,2,2,1,15
307924,Mergim Berisha,409,Red Bull Salzburg,2021,A1,0,Centre-Forward,23,Germany,2,2,1,46
658693,Roko Simic,409,Red Bull Salzburg,2021,A1,23,Centre-Forward,17,Croatia,3,1,0,4
251322,Philipp Köhn,409,Red Bull Salzburg,2022,A1,18,Goalkeeper,24,Switzerland,32,32,0,2847
531637,Jonas Krumrey,409,Red Bull Salzburg,2022,A1,41,Goalkeeper,18,Germany,0,0,0,0
349536,Nico Mantl,409,Red Bull Salzburg,2022,A1,0,Goalkeeper,22,Germany,15,0,0,0
552035,Adam Stejskal,409,Red Bull Salzburg,2022,A1,40,Goalkeeper,20,Czech Republic,16,0,0,0
1271,Alexander Walke,409,Red Bull Salzburg,2022,A1,33,Goalkeeper,39,Germany,2,1,0,33
574671,Strahinja Pavlović,409,Red Bull Salzburg,2022,A1,31,Centre-Back,21,Serbia,27,24,1,2028
655217,Samson Baidoo,409,Red Bull Salzburg,2022,A1,6,Centre-Back,18,Austria,11,4,0,184
463665,Oumar Solet,409,Red Bull Salzburg,2022,A1,22,Centre-Back,22,France,25,25,1,2182
519184,Amar Dedić,409,Red Bull Salzburg,2022,A1,70,Right-Back,19,Bosnia-Herzegovina,27,27,1,2341
364258,Bernardo,409,Red Bull Salzburg,2022,A1,95,Left-Back,27,Brazil,25,18,0,1357
490423,Ignace Van der Brempt,409,Red Bull Salzburg,2022,A1,2,Right-Back,20,Belgium,22,15,0,619
263361,Maximilian Wöber,409,Red Bull Salzburg,2022,A1,0,Centre-Back,24,Austria,15,15,1,1187
671590,Daouda Guindo,409,Red Bull Salzburg,2022,A1,29,Left-Back,19,Mali,0,0,0,0
345449,Kamil Piątkowski,409,Red Bull Salzburg,2022,A1,0,Centre-Back,22,Poland,5,3,0,225
539795,Bryan Okoh,409,Red Bull Salzburg,2022,A1,3,Centre-Back,19,Switzerland,2,1,0,1
548026,Lukas Wallner,409,Red Bull Salzburg,2022,A1,0,Centre-Back,19,Austria,1,0,0,0
272638,Jérôme Onguéné,409,Red Bull Salzburg,2022,A1,5,Centre-Back,24,Cameroon,2,0,0,0
531640,Lukas Ibertsberger,409,Red Bull Salzburg,2022,A1,0,Left-Back,18,Austria,4,0,0,0
31196,Andreas Ulmer,409,Red Bull Salzburg,2022,A1,17,Left-Back,36,Austria,23,21,0,1375
404950,Nicolas Seiwald,409,Red Bull Salzburg,2022,A1,13,Defensive Midfield,21,Austria,31,31,3,2588
930571,Oscar Gloukh,409,Red Bull Salzburg,2022,A1,37,Attacking Midfield,18,Israel,15,15,2,773
502722,Luka Sucic,409,Red Bull Salzburg,2022,A1,10,Central Midfield,19,Croatia,15,15,0,1109
610405,Maurits Kjærgaard,409,Red Bull Salzburg,2022,A1,14,Central Midfield,19,Denmark,27,26,2,1601
620313,Lucas Gourna-Douath,409,Red Bull Salzburg,2022,A1,27,Defensive Midfield,18,France,21,21,0,1436
649672,Nicolás Capaldo,409,Red Bull Salzburg,2022,A1,7,Central Midfield,23,Argentina,23,23,5,1756
650944,Amankwah Forson,409,Red Bull Salzburg,2022,A1,32,Central Midfield,19,Ghana,14,12,0,406
395512,Antoine Bernede,409,Red Bull Salzburg,2022,A1,0,Central Midfield,23,France,2,2,0,41
671593,Mamady Diambou,409,Red Bull Salzburg,2022,A1,0,Defensive Midfield,19,Mali,8,4,0,72
733410,Lawrence Agyekum,409,Red Bull Salzburg,2022,A1,35,Central Midfield,18,Ghana,4,3,0,197
629005,Dijon Kameri,409,Red Bull Salzburg,2022,A1,8,Attacking Midfield,18,Austria,15,12,1,467
581880,Justin Omoregie,409,Red Bull Salzburg,2022,A1,36,Central Midfield,18,Austria,0,0,0,0
564451,Youba Diarra,409,Red Bull Salzburg,2022,A1,0,Central Midfield,24,Mali,11,7,1,294
666613,Samson Tijani,409,Red Bull Salzburg,2022,A1,44,Defensive Midfield,20,Nigeria,0,0,0,0
627442,Benjamin Sesko,409,Red Bull Salzburg,2022,A1,30,Centre-Forward,19,Slovenia,30,30,16,2027
346890,Noah Okafor,409,Red Bull Salzburg,2022,A1,77,Left Winger,22,Switzerland,21,21,7,998
847278,Karim Konaté,409,Red Bull Salzburg,2022,A1,19,Centre-Forward,18,Cote d'Ivoire,10,9,3,187
847279,Oumar Diakité,409,Red Bull Salzburg,2022,A1,0,Centre-Forward,18,Cote d'Ivoire,1,0,0,0
1041861,Moussa Yeo,409,Red Bull Salzburg,2022,A1,0,Right Winger,18,Mali,2,0,0,0
452477,Junior Adamu,409,Red Bull Salzburg,2022,A1,9,Centre-Forward,21,Austria,29,28,10,1283
402010,Sékou Koïta,409,Red Bull Salzburg,2022,A1,20,Centre-Forward,22,Mali,22,22,6,1125
658693,Roko Simic,409,Red Bull Salzburg,2022,A1,0,Centre-Forward,18,Croatia,9,9,0,316
550495,Fernando,409,Red Bull Salzburg,2022,A1,11,Centre-Forward,23,Brazil,9,9,6,578
186374,Alexander Schlager,409,Red Bull Salzburg,2023,A1,24,Goalkeeper,27,Austria,29,28,0,2520
531637,Jonas Krumrey,409,Red Bull Salzburg,2023,A1,41,Goalkeeper,19,Germany,7,0,0,0
349536,Nico Mantl,409,Red Bull Salzburg,2023,A1,1,Goalkeeper,23,Germany,15,1,0,90
84938,Timo Horn,409,Red Bull Salzburg,2023,A1,13,Goalkeeper,30,Germany,12,3,0,270
574671,Strahinja Pavlović,409,Red Bull Salzburg,2023,A1,31,Centre-Back,22,Serbia,27,26,3,2288
655217,Samson Baidoo,409,Red Bull Salzburg,2023,A1,6,Centre-Back,19,Austria,22,17,2,1400
463665,Oumar Solet,409,Red Bull Salzburg,2023,A1,22,Centre-Back,23,France,23,21,1,1615
519184,Amar Dedić,409,Red Bull Salzburg,2023,A1,70,Right-Back,20,Bosnia-Herzegovina,22,21,3,1614
786822,Leandro Morgalla,409,Red Bull Salzburg,2023,A1,39,Right-Back,18,Germany,6,3,0,138
404260,Aleksa Terzic,409,Red Bull Salzburg,2023,A1,3,Left-Back,23,Serbia,19,18,0,1163
322655,Flavius Daniliuc,409,Red Bull Salzburg,2023,A1,25,Centre-Back,22,Austria,14,11,0,834
671590,Daouda Guindo,409,Red Bull Salzburg,2023,A1,29,Left-Back,20,Mali,19,18,0,1215
345449,Kamil Piątkowski,409,Red Bull Salzburg,2023,A1,4,Centre-Back,23,Poland,9,7,1,391
539795,Bryan Okoh,409,Red Bull Salzburg,2023,A1,5,Centre-Back,20,Switzerland,1,0,0,0
804831,Hendry Blank,409,Red Bull Salzburg,2023,A1,4,Centre-Back,18,Germany,6,0,0,0
921863,Douglas Mendes,409,Red Bull Salzburg,2023,A1,0,Centre-Back,19,Brazil,1,0,0,0
548026,Lukas Wallner,409,Red Bull Salzburg,2023,A1,55,Centre-Back,20,Austria,2,0,0,0
31196,Andreas Ulmer,409,Red Bull Salzburg,2023,A1,17,Left-Back,37,Austria,14,13,0,566
462832,Mads Bidstrup,409,Red Bull Salzburg,2023,A1,18,Central Midfield,22,Denmark,26,25,2,1897
930571,Oscar Gloukh,409,Red Bull Salzburg,2023,A1,30,Attacking Midfield,19,Israel,29,29,7,1953
502722,Luka Sucic,409,Red Bull Salzburg,2023,A1,10,Central Midfield,20,Croatia,22,22,3,1519
610405,Maurits Kjærgaard,409,Red Bull Salzburg,2023,A1,14,Central Midfield,20,Denmark,17,17,2,1314
620313,Lucas Gourna-Douath,409,Red Bull Salzburg,2023,A1,27,Defensive Midfield,19,France,31,28,0,1840
649672,Nicolás Capaldo,409,Red Bull Salzburg,2023,A1,7,Central Midfield,24,Argentina,10,10,0,560
650944,Amankwah Forson,409,Red Bull Salzburg,2023,A1,32,Central Midfield,20,Ghana,24,23,2,1192
671593,Mamady Diambou,409,Red Bull Salzburg,2023,A1,15,Defensive Midfield,20,Mali,18,14,0,698
629005,Dijon Kameri,409,Red Bull Salzburg,2023,A1,8,Attacking Midfield,19,Austria,8,6,0,159
581880,Justin Omoregie,409,Red Bull Salzburg,2023,A1,36,Central Midfield,19,Austria,0,0,0,0
666613,Samson Tijani,409,Red Bull Salzburg,2023,A1,0,Defensive Midfield,21,Nigeria,1,0,0,0
671591,Dorgeles Nene,409,Red Bull Salzburg,2023,A1,45,Right Winger,20,Mali,24,24,5,801
847278,Karim Konaté,409,Red Bull Salzburg,2023,A1,19,Centre-Forward,19,Cote d'Ivoire,29,29,20,1853
846254,Petar Ratkov,409,Red Bull Salzburg,2023,A1,21,Centre-Forward,19,Serbia,24,24,5,1185
881297,Adam Daghim,409,Red Bull Salzburg,2023,A1,0,Right Winger,17,Denmark,1,1,0,24
1041861,Moussa Yeo,409,Red Bull Salzburg,2023,A1,49,Right Winger,19,Mali,2,1,0,1
402010,Sékou Koïta,409,Red Bull Salzburg,2023,A1,20,Centre-Forward,23,Mali,21,19,8,662
550495,Fernando,409,Red Bull Salzburg,2023,A1,11,Centre-Forward,24,Brazil,11,11,4,554
658693,Roko Simic,409,Red Bull Salzburg,2023,A1,23,Centre-Forward,19,Croatia,28,28,5,1328
186374,Alexander Schlager,413,LASK,2021,A1,1,Goalkeeper,25,Austria,32,32,0,2880
393686,Tobias Lawal,413,LASK,2021,A1,24,Goalkeeper,21,Austria,1,0,0,0
488063,Nikolas Polster,413,LASK,2021,A1,39,Goalkeeper,18,Austria,0,0,0,0
12137,Thomas Gebauer,413,LASK,2021,A1,36,Goalkeeper,39,Austria,31,0,0,0
640692,Oumar Sako,413,LASK,2021,A1,3,Centre-Back,25,Niger,7,6,0,450
59145,Gernot Trauner,413,LASK,2021,A1,0,Centre-Back,29,Austria,0,0,0,0
403808,Andrés Andrade,413,LASK,2021,A1,0,Centre-Back,22,Panama,2,2,0,147
307807,Dario Maresic,413,LASK,2021,A1,44,Centre-Back,21,Austria,15,8,0,607
159139,Philipp Wiesinger,413,LASK,2021,A1,6,Centre-Back,27,Austria,17,16,1,1249
212333,Rene Renner,413,LASK,2021,A1,7,Left-Back,27,Austria,28,28,0,2225
156691,Felix Luckeneder,413,LASK,2021,A1,33,Centre-Back,27,Austria,21,13,1,698
389079,Jan Boller,413,LASK,2021,A1,34,Centre-Back,21,Germany,27,23,0,1873
745328,Strahinja Kerkez,413,LASK,2021,A1,13,Centre-Back,18,Cyprus,0,0,0,0
93873,Filip Twardzik,413,LASK,2021,A1,26,Centre-Back,28,Czech Republic,6,5,0,249
359079,Enrique Wild,413,LASK,2021,A1,0,Left-Back,21,Switzerland,5,1,0,2
449458,Erwin Softic,413,LASK,2021,A1,0,Centre-Back,19,Austria,1,0,0,0
590280,Yannis Letard,413,LASK,2021,A1,4,Centre-Back,22,French Guiana,14,11,0,326
85922,Petar Filipovic,413,LASK,2021,A1,5,Centre-Back,30,Germany,16,16,0,1209
527529,Stefan Radulovic,413,LASK,2021,A1,35,Right-Back,19,Austria,3,1,0,6
562948,Hyun-seok Hong,413,LASK,2021,A1,21,Attacking Midfield,22,"Korea, South",29,23,0,1159
186365,Sascha Horvath,413,LASK,2021,A1,30,Central Midfield,24,Austria,26,26,7,2047
224871,Lukas Grgic,413,LASK,2021,A1,0,Defensive Midfield,25,Austria,14,13,2,818
272159,Florian Flecker,413,LASK,2021,A1,29,Right Midfield,25,Austria,30,29,3,1943
158106,Peter Michorl,413,LASK,2021,A1,8,Central Midfield,26,Austria,29,28,4,2281
214715,Branko Jovicic,413,LASK,2021,A1,18,Defensive Midfield,28,Serbia,10,10,1,654
604504,Marco Sulzner,413,LASK,2021,A1,20,Defensive Midfield,17,Austria,4,4,0,44
241803,Husein Balic,413,LASK,2021,A1,14,Left Midfield,25,Austria,28,27,3,1331
106869,Marvin Potzmann,413,LASK,2021,A1,19,Central Midfield,27,Austria,29,26,1,1839
43158,James Holland,413,LASK,2021,A1,25,Defensive Midfield,32,Australia,23,23,0,1720
405397,Keito Nakamura,413,LASK,2021,A1,38,Left Winger,20,Japan,23,22,6,1103
194477,Andreas Gruber,413,LASK,2021,A1,17,Right Winger,26,Austria,17,13,0,300
646782,Mamoudou Karamoko,413,LASK,2021,A1,0,Centre-Forward,22,France,14,14,4,883
641676,Adam Griger,413,LASK,2021,A1,28,Centre-Forward,17,Slovakia,1,1,0,4
307939,Alexander Schmidt,413,LASK,2021,A1,23,Centre-Forward,23,Austria,21,20,2,960
626179,Matías Succar,413,LASK,2021,A1,0,Centre-Forward,22,Peru,1,0,0,0
189912,Thomas Goiginger,413,LASK,2021,A1,27,Left Winger,28,Austria,30,29,7,1992
307664,Marko Raguz,413,LASK,2021,A1,10,Centre-Forward,23,Austria,10,9,1,330
300095,Christoph Monschein,413,LASK,2021,A1,0,Centre-Forward,28,Austria,7,6,1,155
604501,Alexander Michlmayr,413,LASK,2021,A1,0,Right Winger,18,Austria,2,1,0,9
393686,Tobias Lawal,413,LASK,2024,A1,1,Goalkeeper,24,Austria,18,18,0,1583
629011,Lukas Jungwirth,413,LASK,2024,A1,36,Goalkeeper,20,Austria,11,3,0,225
243237,Tobias Schützenauer,413,LASK,2024,A1,33,Goalkeeper,27,Austria,16,2,0,180
59009,Jörg Siebenhandl,413,LASK,2024,A1,0,Goalkeeper,34,Austria,16,11,0,892
621933,Clemens Steinbauer,413,LASK,2024,A1,43,Goalkeeper,21,Austria,3,0,0,0
1282860,Modou Kéba Cissé,413,LASK,2024,A1,48,Centre-Back,18,Senegal,12,10,1,660
668557,Maksym Taloverov,413,LASK,2024,A1,0,Centre-Back,24,Ukraine,13,12,0,624
504147,George Bello,413,LASK,2024,A1,2,Left-Back,22,United States,29,29,1,2444
403808,Andrés Andrade,413,LASK,2024,A1,16,Centre-Back,25,Panama,7,7,1,525
571299,Hrvoje Smolcic,413,LASK,2024,A1,26,Centre-Back,23,Croatia,24,21,3,1574
741582,Tomas Galvez,413,LASK,2024,A1,0,Left-Back,19,Finland,6,3,0,85
152627,Philipp Ziereis,413,LASK,2024,A1,5,Centre-Back,31,Germany,26,26,1,2180
1133950,Emmanuel Michael,413,LASK,2024,A1,41,Left-Back,18,Nigeria,6,1,0,4
212333,Rene Renner,413,LASK,2024,A1,0,Left-Back,30,Austria,4,2,0,64
139751,Filip Stojkovic,413,LASK,2024,A1,22,Right-Back,31,Montenegro,15,13,0,1070
696524,Luca Wimhofer,413,LASK,2024,A1,0,Centre-Back,20,Austria,1,0,0,0
804028,Kevin Lebersorger,413,LASK,2024,A1,0,Right-Back,19,Austria,2,1,0,3
624033,Metodi Maksimov,413,LASK,2024,A1,0,Right-Back,21,North Macedonia,0,0,0,0
26485,Jérôme Boateng,413,LASK,2024,A1,17,Centre-Back,35,Germany,11,9,0,402
917917,Armin Midzic,413,LASK,2024,A1,46,Centre-Back,18,Austria,2,1,0,1
905104,Tarik Brkic,413,LASK,2024,A1,51,Right-Back,18,Austria,0,0,0,0
652047,Krystof Danek,413,LASK,2024,A1,9,Attacking Midfield,21,Czech Republic,15,14,1,819
186365,Sascha Horvath,413,LASK,2024,A1,30,Central Midfield,27,Austria,28,28,2,2194
476915,Melayro Bogarde,413,LASK,2024,A1,6,Defensive Midfield,22,Suriname,29,27,1,1585
527589,Christoph Lang,413,LASK,2024,A1,27,Attacking Midfield,22,Austria,16,16,3,706
250028,Ivan Ljubic,413,LASK,2024,A1,21,Defensive Midfield,27,Austria,12,12,1,981
490224,Ismaila Coulibaly,413,LASK,2024,A1,32,Central Midfield,23,Mali,11,10,1,673
272159,Florian Flecker,413,LASK,2024,A1,29,Right Midfield,28,Austria,19,17,3,1051
214715,Branko Jovicic,413,LASK,2024,A1,18,Defensive Midfield,31,Serbia,30,28,0,2245
604504,Marco Sulzner,413,LASK,2024,A1,35,Defensive Midfield,20,Austria,17,7,0,244
550549,Tomás Tavares,413,LASK,2024,A1,0,Defensive Midfield,23,Portugal,5,3,0,65
145115,Valon Berisha,413,LASK,2024,A1,14,Central Midfield,31,Kosovo,21,21,3,1419
689254,Enis Safin,413,LASK,2024,A1,45,Central Midfield,20,Türkiye,8,3,0,141
750886,Alexis Tibidi,413,LASK,2024,A1,25,Attacking Midfield,20,France,6,4,0,74
1155715,Mohamed Sanogo,413,LASK,2024,A1,15,Central Midfield,20,Mali,4,3,0,62
724057,Armin Haider,413,LASK,2024,A1,0,Attacking Midfield,18,Austria,1,1,0,21
838236,Marin Ljubicic,413,LASK,2024,A1,0,Centre-Forward,22,Croatia,16,16,4,1036
1003622,Moses Usor,413,LASK,2024,A1,8,Centre-Forward,22,Nigeria,8,8,0,656
643088,Samuel Adeniran,413,LASK,2024,A1,7,Centre-Forward,25,United States,14,14,1,560
122676,Robert Zulj,413,LASK,2024,A1,10,Second Striker,32,Austria,27,27,7,1999
403184,Maximilian Entrup,413,LASK,2024,A1,11,Centre-Forward,26,Austria,26,26,12,1789
797867,Ibrahim Mustapha,413,LASK,2024,A1,23,Centre-Forward,24,Ghana,10,7,1,121
463617,Adil Taoui,413,LASK,2024,A1,44,Left Winger,22,France,13,12,1,301
418660,Lenny Pintor,413,LASK,2024,A1,19,Left Winger,23,France,11,9,0,256
985403,Oumar Diallo,413,LASK,2024,A1,0,Centre-Forward,19,Canada,1,1,0,12
923837,Queyrell Tchicamboud,413,LASK,2024,A1,0,Left Winger,18,France,4,1,0,1
1369023,Nael Kane,413,LASK,2024,A1,0,Right Winger,18,Canada,2,1,0,45
186374,Alexander Schlager,409,Red Bull Salzburg,2024,A1,1,Goalkeeper,28,Austria,26,21,0,1890
531637,Jonas Krumrey,409,Red Bull Salzburg,2024,A1,41,Goalkeeper,20,Germany,2,0,0,0
915421,Christian Zawieschitzky,409,Red Bull Salzburg,2024,A1,52,Goalkeeper,17,Austria,4,0,0,0
81173,Janis Blaswich,409,Red Bull Salzburg,2024,A1,1,Goalkeeper,33,Germany,27,11,0,990
948133,Salko Hamzic,409,Red Bull Salzburg,2024,A1,92,Goalkeeper,17,Austria,6,0,0,0
655217,Samson Baidoo,409,Red Bull Salzburg,2024,A1,6,Centre-Back,20,Austria,30,29,0,2610
519184,Amar Dedić,409,Red Bull Salzburg,2024,A1,70,Right-Back,21,Bosnia-Herzegovina,12,12,0,780
1075577,Joane Gadou,409,Red Bull Salzburg,2024,A1,23,Centre-Back,17,France,22,21,0,1568
490423,Ignace Van der Brempt,409,Red Bull Salzburg,2024,A1,0,Right-Back,22,Belgium,3,1,0,69
786822,Leandro Morgalla,409,Red Bull Salzburg,2024,A1,39,Right-Back,19,Germany,20,16,0,896
915418,Jannik Schuster,409,Red Bull Salzburg,2024,A1,44,Centre-Back,18,Austria,1,1,0,13
404260,Aleksa Terzic,409,Red Bull Salzburg,2024,A1,3,Left-Back,24,Serbia,22,22,0,1629
671590,Daouda Guindo,409,Red Bull Salzburg,2024,A1,29,Left-Back,21,Mali,14,10,0,473
604320,Frans Krätzig,409,Red Bull Salzburg,2024,A1,13,Left-Back,21,Germany,0,0,0,0
345449,Kamil Piątkowski,409,Red Bull Salzburg,2024,A1,0,Centre-Back,24,Poland,14,14,0,1064
539795,Bryan Okoh,409,Red Bull Salzburg,2024,A1,0,Centre-Back,21,Switzerland,2,0,0,0
1072724,John Mellberg,409,Red Bull Salzburg,2024,A1,36,Centre-Back,17,Sweden,8,5,0,288
804831,Hendry Blank,409,Red Bull Salzburg,2024,A1,4,Centre-Back,19,Germany,9,6,0,484
804035,Tim Trummer,409,Red Bull Salzburg,2024,A1,37,Right-Back,18,Austria,15,11,0,448
283233,Jacob Rasmussen,409,Red Bull Salzburg,2024,A1,2,Centre-Back,27,Denmark,0,0,0,0
85791,Stefan Lainer,409,Red Bull Salzburg,2024,A1,22,Right-Back,31,Austria,0,0,0,0
369267,Maximiliano Caufriez,409,Red Bull Salzburg,2024,A1,2,Centre-Back,27,Belgium,11,4,0,140
1133809,Lassina Traoré,409,Red Bull Salzburg,2024,A1,0,Left-Back,17,Burkina Faso,1,0,0,0
462832,Mads Bidstrup,409,Red Bull Salzburg,2024,A1,18,Central Midfield,23,Denmark,30,30,1,2234
930571,Oscar Gloukh,409,Red Bull Salzburg,2024,A1,30,Attacking Midfield,20,Israel,26,26,10,1941
610405,Maurits Kjærgaard,409,Red Bull Salzburg,2024,A1,14,Central Midfield,21,Denmark,6,6,0,357
712117,Bobby Clark,409,Red Bull Salzburg,2024,A1,10,Central Midfield,19,England,18,17,1,637
620313,Lucas Gourna-Douath,409,Red Bull Salzburg,2024,A1,0,Defensive Midfield,20,France,13,11,0,427
1089004,Soumaïla Diabaté,409,Red Bull Salzburg,2024,A1,5,Defensive Midfield,19,Mali,0,0,0,0
864799,Stefan Bajcetic,409,Red Bull Salzburg,2024,A1,0,Defensive Midfield,19,Spain,12,12,0,612
649672,Nicolás Capaldo,409,Red Bull Salzburg,2024,A1,7,Central Midfield,25,Argentina,24,23,4,1758
671114,Sota Kitano,409,Red Bull Salzburg,2024,A1,8,Right Midfield,19,Japan,0,0,0,0
671593,Mamady Diambou,409,Red Bull Salzburg,2024,A1,15,Defensive Midfield,21,Mali,27,20,0,858
515650,Takumu Kawamura,409,Red Bull Salzburg,2024,A1,16,Defensive Midfield,24,Japan,6,4,0,255
804034,Valentin Sulzbacher,409,Red Bull Salzburg,2024,A1,38,Central Midfield,19,Austria,8,6,0,329
666613,Samson Tijani,409,Red Bull Salzburg,2024,A1,0,Defensive Midfield,22,Nigeria,0,0,0,0
671591,Dorgeles Nene,409,Red Bull Salzburg,2024,A1,45,Right Winger,21,Mali,30,30,13,2062
847278,Karim Konaté,409,Red Bull Salzburg,2024,A1,19,Centre-Forward,20,Cote d'Ivoire,9,9,2,756
846254,Petar Ratkov,409,Red Bull Salzburg,2024,A1,21,Centre-Forward,20,Serbia,22,22,3,757
1236853,Edmund Baidoo,409,Red Bull Salzburg,2024,A1,20,Centre-Forward,18,Ghana,21,18,4,461
881297,Adam Daghim,409,Red Bull Salzburg,2024,A1,28,Right Winger,18,Denmark,29,29,2,1737
409517,Yorbe Vertessen,409,Red Bull Salzburg,2024,A1,11,Centre-Forward,23,Belgium,16,16,5,1239
1041861,Moussa Yeo,409,Red Bull Salzburg,2024,A1,49,Right Winger,20,Mali,22,22,5,1312
1057525,Enrique Aguilar,409,Red Bull Salzburg,2024,A1,43,Centre-Forward,17,Switzerland,0,0,0,0
119234,Karim Onisiwo,409,Red Bull Salzburg,2024,A1,9,Centre-Forward,32,Austria,8,8,1,574
186374,Alexander Schlager,413,LASK,2022,A1,1,Goalkeeper,26,Austria,28,25,0,2250
393686,Tobias Lawal,413,LASK,2022,A1,24,Goalkeeper,22,Austria,29,7,0,630
488063,Nikolas Polster,413,LASK,2022,A1,0,Goalkeeper,19,Austria,3,0,0,0
629011,Lukas Jungwirth,413,LASK,2022,A1,37,Goalkeeper,18,Austria,4,0,0,0
12137,Thomas Gebauer,413,LASK,2022,A1,36,Goalkeeper,40,Austria,0,0,0,0
668557,Maksym Taloverov,413,LASK,2022,A1,21,Centre-Back,22,Ukraine,14,12,0,503
152627,Philipp Ziereis,413,LASK,2022,A1,5,Centre-Back,29,Germany,29,29,1,2537
159139,Philipp Wiesinger,413,LASK,2022,A1,6,Centre-Back,28,Austria,2,2,0,118
212333,Rene Renner,413,LASK,2022,A1,7,Left-Back,28,Austria,29,29,1,2605
204155,Ákos Kecskés,413,LASK,2022,A1,3,Centre-Back,26,Hungary,13,6,0,163
139751,Filip Stojkovic,413,LASK,2022,A1,22,Right-Back,29,Montenegro,28,28,1,2474
156691,Felix Luckeneder,413,LASK,2022,A1,33,Centre-Back,28,Austria,31,30,0,2655
696524,Luca Wimhofer,413,LASK,2022,A1,0,Centre-Back,18,Austria,6,1,0,1
389079,Jan Boller,413,LASK,2022,A1,34,Centre-Back,22,Germany,5,1,0,72
449462,Moritz Würdinger,413,LASK,2022,A1,0,Right-Back,20,Austria,2,0,0,0
93873,Filip Twardzik,413,LASK,2022,A1,0,Centre-Back,29,Czech Republic,1,0,0,0
527529,Stefan Radulovic,413,LASK,2022,A1,0,Right-Back,20,Austria,2,2,0,15
590280,Yannis Letard,413,LASK,2022,A1,4,Centre-Back,23,French Guiana,0,0,0,0
562948,Hyun-seok Hong,413,LASK,2022,A1,0,Attacking Midfield,23,"Korea, South",3,3,0,215
186365,Sascha Horvath,413,LASK,2022,A1,30,Central Midfield,25,Austria,31,31,2,2204
272159,Florian Flecker,413,LASK,2022,A1,29,Right Midfield,26,Austria,28,26,2,629
158106,Peter Michorl,413,LASK,2022,A1,8,Central Midfield,27,Austria,29,28,0,2200
214715,Branko Jovicic,413,LASK,2022,A1,18,Defensive Midfield,29,Serbia,29,28,1,1874
353899,Nemanja Celic,413,LASK,2022,A1,43,Defensive Midfield,23,Austria,19,7,0,64
241803,Husein Balic,413,LASK,2022,A1,0,Left Midfield,26,Austria,6,5,0,107
655253,Fredy Valencia,413,LASK,2022,A1,0,Defensive Midfield,20,Colombia,2,1,0,7
106869,Marvin Potzmann,413,LASK,2022,A1,19,Central Midfield,28,Austria,30,15,0,600
523921,Gabriel Zirngast,413,LASK,2022,A1,42,Attacking Midfield,20,Austria,4,2,0,10
405397,Keito Nakamura,413,LASK,2022,A1,38,Left Winger,21,Japan,31,31,14,2517
242638,Efthymios Koulouris,413,LASK,2022,A1,0,Centre-Forward,26,Greece,16,14,1,353
838236,Marin Ljubicic,413,LASK,2022,A1,11,Centre-Forward,20,Croatia,28,28,12,1618
1003622,Moses Usor,413,LASK,2022,A1,17,Centre-Forward,20,Nigeria,16,16,1,959
122676,Robert Zulj,413,LASK,2022,A1,10,Second Striker,30,Austria,25,25,11,1860
394032,Thomas Sabitzer,413,LASK,2022,A1,0,Left Winger,21,Austria,1,0,0,0
321847,Tobias Anselm,413,LASK,2022,A1,15,Centre-Forward,22,Austria,0,0,0,0
307939,Alexander Schmidt,413,LASK,2022,A1,0,Centre-Forward,24,Austria,2,2,0,35
797867,Ibrahim Mustapha,413,LASK,2022,A1,23,Centre-Forward,22,Ghana,15,15,3,807
463617,Adil Taoui,413,LASK,2022,A1,44,Left Winger,20,France,6,4,0,34
189912,Thomas Goiginger,413,LASK,2022,A1,27,Left Winger,29,Austria,27,25,4,1419
336307,Christian Früchtl,14,Austria Vienna,2022,A1,1,Goalkeeper,22,Germany,32,32,0,2835
307511,Mirko Kos,14,Austria Vienna,2022,A1,99,Goalkeeper,25,Austria,32,1,0,45
201731,Lukas Wedl,14,Austria Vienna,2022,A1,13,Goalkeeper,26,Austria,0,0,0,0
355395,Matan Baltaxa,14,Austria Vienna,2022,A1,5,Centre-Back,26,Israel,12,5,1,317
293084,Johannes Handl,14,Austria Vienna,2022,A1,46,Centre-Back,24,Austria,21,18,0,1396
696324,Billy Koumetio,14,Austria Vienna,2022,A1,89,Centre-Back,19,France,7,5,0,325
83119,Reinhold Ranftl,14,Austria Vienna,2022,A1,26,Right-Back,30,Austria,31,31,4,2790
668596,Doron Leidner,14,Austria Vienna,2022,A1,16,Left-Back,20,Israel,11,10,1,540
346855,Matteo Meisl,14,Austria Vienna,2022,A1,40,Centre-Back,21,Austria,27,16,0,1052
313504,Marvin Martins,14,Austria Vienna,2022,A1,66,Centre-Back,27,Luxembourg,30,30,1,2596
488072,Manuel Polster,14,Austria Vienna,2022,A1,11,Left-Back,19,Austria,25,21,1,1173
279079,Lukas Mühl,14,Austria Vienna,2022,A1,20,Centre-Back,25,Germany,26,24,0,1949
689271,Ziad El Sheiwi,14,Austria Vienna,2022,A1,4,Left-Back,18,Austria,1,1,0,78
104540,Lucas Galvão,14,Austria Vienna,2022,A1,3,Centre-Back,31,Brazil,15,14,0,1192
81698,Georg Teigl,14,Austria Vienna,2022,A1,39,Right-Back,31,Austria,20,13,0,351
434099,Florian Kopp,14,Austria Vienna,2022,A1,89,Centre-Back,21,Austria,1,0,0,0
354022,Dominik Fitz,14,Austria Vienna,2022,A1,36,Attacking Midfield,23,Austria,27,27,7,1966
488052,Matthias Braunöder,14,Austria Vienna,2022,A1,23,Central Midfield,20,Austria,32,31,2,2300
269093,Manfred Fischer,14,Austria Vienna,2022,A1,30,Attacking Midfield,26,Austria,32,32,2,2829
393699,Aleksandar Jukic,14,Austria Vienna,2022,A1,77,Central Midfield,21,Austria,28,27,3,1520
602792,Florian Wustinger,14,Austria Vienna,2022,A1,22,Defensive Midfield,18,Austria,4,4,0,100
488056,Armand Smrcka,14,Austria Vienna,2022,A1,43,Central Midfield,19,Austria,0,0,0,0
43158,James Holland,14,Austria Vienna,2022,A1,8,Defensive Midfield,33,Australia,21,17,0,872
203123,Haris Tabakovic,14,Austria Vienna,2022,A1,25,Centre-Forward,28,Bosnia-Herzegovina,28,28,17,1670
451642,Can Keleş,14,Austria Vienna,2022,A1,7,Right Winger,20,Austria,25,18,3,573
194477,Andreas Gruber,14,Austria Vienna,2022,A1,17,Right Winger,27,Austria,25,24,8,1424
120189,Nikola Dovedan,14,Austria Vienna,2022,A1,10,Second Striker,27,Austria,23,20,1,829
602391,Dario Kreiker,14,Austria Vienna,2022,A1,47,Right Winger,19,Austria,10,3,0,88
566630,Romeo Vucic,14,Austria Vienna,2022,A1,27,Centre-Forward,19,Austria,15,9,0,127
307664,Marko Raguz,14,Austria Vienna,2022,A1,29,Centre-Forward,24,Austria,0,0,0,0
548235,Muharem Huskovic,14,Austria Vienna,2022,A1,9,Centre-Forward,19,Austria,8,8,1,581
649028,Ibrahima Dramé,14,Austria Vienna,2022,A1,44,Left Winger,20,Senegal,4,3,0,71
92989,Marco Djuricin,14,Austria Vienna,2022,A1,10,Centre-Forward,29,Austria,3,3,1,51
336307,Christian Früchtl,14,Austria Vienna,2023,A1,1,Goalkeeper,23,Germany,29,29,0,2610
307511,Mirko Kos,14,Austria Vienna,2023,A1,99,Goalkeeper,26,Austria,32,3,0,270
201731,Lukas Wedl,14,Austria Vienna,2023,A1,13,Goalkeeper,27,Austria,3,0,0,0
604320,Frans Krätzig,14,Austria Vienna,2023,A1,41,Left-Back,20,Germany,14,14,1,1205
307658,Tin Plavotic,14,Austria Vienna,2023,A1,24,Centre-Back,26,Austria,16,14,0,1058
355395,Matan Baltaxa,14,Austria Vienna,2023,A1,5,Centre-Back,27,Israel,9,7,0,193
293084,Johannes Handl,14,Austria Vienna,2023,A1,46,Centre-Back,25,Austria,26,26,1,2312
83119,Reinhold Ranftl,14,Austria Vienna,2023,A1,26,Right-Back,31,Austria,31,31,1,2686
803933,Luca Pazourek,14,Austria Vienna,2023,A1,2,Right-Back,18,Austria,9,5,0,42
395230,Hakim Guenouche,14,Austria Vienna,2023,A1,21,Left-Back,23,France,27,24,1,1132
346855,Matteo Meisl,14,Austria Vienna,2023,A1,40,Centre-Back,22,Austria,32,17,0,1148
313504,Marvin Martins,14,Austria Vienna,2023,A1,66,Centre-Back,28,Luxembourg,22,20,0,1656
851558,Aleksa Ilic,14,Austria Vienna,2023,A1,0,Centre-Back,18,Serbia,2,0,0,0
488072,Manuel Polster,14,Austria Vienna,2023,A1,11,Left-Back,20,Austria,22,21,0,1028
689271,Ziad El Sheiwi,14,Austria Vienna,2023,A1,4,Left-Back,19,Austria,0,0,0,0
104540,Lucas Galvão,14,Austria Vienna,2023,A1,3,Centre-Back,32,Brazil,24,24,0,2115
354022,Dominik Fitz,14,Austria Vienna,2023,A1,36,Attacking Midfield,24,Austria,28,27,8,1982
803967,Sanel Saljic,14,Austria Vienna,2023,A1,0,Attacking Midfield,17,Austria,3,2,0,24
488052,Matthias Braunöder,14,Austria Vienna,2023,A1,23,Central Midfield,21,Austria,16,16,0,772
269093,Manfred Fischer,14,Austria Vienna,2023,A1,30,Attacking Midfield,27,Austria,29,29,0,2364
393699,Aleksandar Jukic,14,Austria Vienna,2023,A1,77,Central Midfield,22,Austria,16,16,0,840
602792,Florian Wustinger,14,Austria Vienna,2023,A1,22,Defensive Midfield,19,Austria,0,0,0,0
43158,James Holland,14,Austria Vienna,2023,A1,8,Defensive Midfield,34,Australia,25,18,0,696
106869,Marvin Potzmann,14,Austria Vienna,2023,A1,19,Central Midfield,29,Austria,20,18,0,1249
524290,Fisnik Asllani,14,Austria Vienna,2023,A1,10,Centre-Forward,20,Kosovo,17,16,4,847
203123,Haris Tabakovic,14,Austria Vienna,2023,A1,0,Centre-Forward,29,Bosnia-Herzegovina,1,1,0,83
655247,Moritz Wels,14,Austria Vienna,2023,A1,37,Right Winger,18,Austria,12,9,0,452
194477,Andreas Gruber,14,Austria Vienna,2023,A1,17,Right Winger,28,Austria,31,31,11,2274
783327,Silva Kani,14,Austria Vienna,2023,A1,60,Right Winger,20,Israel,4,4,0,88
307939,Alexander Schmidt,14,Austria Vienna,2023,A1,33,Centre-Forward,25,Austria,22,18,3,450
566630,Romeo Vucic,14,Austria Vienna,2023,A1,27,Centre-Forward,20,Austria,22,19,2,565
307664,Marko Raguz,14,Austria Vienna,2023,A1,29,Centre-Forward,25,Austria,0,0,0,0
803949,David Ewemade,14,Austria Vienna,2023,A1,0,Centre-Forward,18,Nigeria,3,0,0,0
548235,Muharem Huskovic,14,Austria Vienna,2023,A1,9,Centre-Forward,20,Austria,27,27,3,1299
77563,Samuel Sahin-Radlinger,14,Austria Vienna,2024,A1,1,Goalkeeper,31,Austria,32,32,0,2880
307511,Mirko Kos,14,Austria Vienna,2024,A1,99,Goalkeeper,27,Austria,26,0,0,0
201731,Lukas Wedl,14,Austria Vienna,2024,A1,13,Goalkeeper,28,Austria,6,0,0,0
920283,Matteo Pérez Vinlöf,14,Austria Vienna,2024,A1,18,Left-Back,18,Sweden,31,31,1,1914
307658,Tin Plavotic,14,Austria Vienna,2024,A1,24,Centre-Back,27,Austria,28,23,2,1649
59032,Aleksandar Dragovic,14,Austria Vienna,2024,A1,15,Centre-Back,33,Austria,29,29,0,2509
742018,Dejan Radonjic,14,Austria Vienna,2024,A1,60,Centre-Back,18,Austria,0,0,0,0
159139,Philipp Wiesinger,14,Austria Vienna,2024,A1,28,Centre-Back,30,Austria,24,22,1,1638
293084,Johannes Handl,14,Austria Vienna,2024,A1,46,Centre-Back,26,Austria,17,15,0,1046
83119,Reinhold Ranftl,14,Austria Vienna,2024,A1,26,Right-Back,32,Austria,30,30,2,2699
346855,Matteo Meisl,14,Austria Vienna,2024,A1,0,Centre-Back,23,Austria,4,0,0,0
803933,Luca Pazourek,14,Austria Vienna,2024,A1,2,Right-Back,19,Austria,3,2,0,14
395230,Hakim Guenouche,14,Austria Vienna,2024,A1,21,Left-Back,24,France,23,22,0,913
313504,Marvin Martins,14,Austria Vienna,2024,A1,0,Centre-Back,29,Luxembourg,3,2,0,24
689271,Ziad El Sheiwi,14,Austria Vienna,2024,A1,4,Left-Back,20,Austria,0,0,0,0
104540,Lucas Galvão,14,Austria Vienna,2024,A1,3,Centre-Back,33,Brazil,28,22,1,1448
657575,Abubakr Barry,14,Austria Vienna,2024,A1,5,Central Midfield,23,The Gambia,30,30,1,2163
354022,Dominik Fitz,14,Austria Vienna,2024,A1,36,Attacking Midfield,25,Austria,30,30,12,2627
1048618,Philipp Maybach,14,Austria Vienna,2024,A1,6,Defensive Midfield,16,Austria,14,7,0,230
803967,Sanel Saljic,14,Austria Vienna,2024,A1,20,Attacking Midfield,18,Austria,0,0,0,0
269093,Manfred Fischer,14,Austria Vienna,2024,A1,30,Attacking Midfield,28,Austria,31,31,3,2562
602792,Florian Wustinger,14,Austria Vienna,2024,A1,22,Defensive Midfield,20,Austria,3,3,0,23
106869,Marvin Potzmann,14,Austria Vienna,2024,A1,19,Central Midfield,30,Austria,26,20,0,433
469690,Nik Prelec,14,Austria Vienna,2024,A1,11,Centre-Forward,23,Slovenia,31,31,6,2396
405568,Maurice Malone,14,Austria Vienna,2024,A1,77,Centre-Forward,23,Germany,31,31,11,2509
655247,Moritz Wels,14,Austria Vienna,2024,A1,37,Right Winger,19,Austria,18,12,0,152
194477,Andreas Gruber,14,Austria Vienna,2024,A1,17,Right Winger,29,Austria,29,29,5,1321
960458,Konstantin Aleksa,14,Austria Vienna,2024,A1,23,Centre-Forward,17,Austria,11,9,0,80
307664,Marko Raguz,14,Austria Vienna,2024,A1,29,Centre-Forward,26,Austria,21,20,0,251
548235,Muharem Huskovic,14,Austria Vienna,2024,A1,0,Centre-Forward,21,Austria,7,6,1,111
803949,David Ewemade,14,Austria Vienna,2024,A1,0,Centre-Forward,19,Nigeria,2,1,0,1
1288949,Abdoulaye Kanté,14,Austria Vienna,2024,A1,47,Centre-Forward,19,Cote d'Ivoire,0,0,0,0
689278,Rocco Sutterlüty,14,Austria Vienna,2024,A1,0,Right Winger,20,Austria,1,0,0,0
729284,Cristiano,14,Austria Vienna,2024,A1,0,Right Winger,22,Brazil,7,6,0,95
223972,Patrick Pentz,14,Austria Vienna,2021,A1,1,Goalkeeper,24,Austria,32,32,0,2880
307511,Mirko Kos,14,Austria Vienna,2021,A1,99,Goalkeeper,24,Austria,16,0,0,0
307598,Ammar Helac,14,Austria Vienna,2021,A1,21,Goalkeeper,23,Austria,16,0,0,0
201731,Lukas Wedl,14,Austria Vienna,2021,A1,13,Goalkeeper,25,Austria,0,0,0,0
293084,Johannes Handl,14,Austria Vienna,2021,A1,46,Centre-Back,23,Austria,25,20,1,1431
313504,Marvin Martins,14,Austria Vienna,2021,A1,66,Centre-Back,26,Luxembourg,14,14,0,1162
470190,Filip Antovski,14,Austria Vienna,2021,A1,3,Left-Back,20,North Macedonia,1,0,0,0
279079,Lukas Mühl,14,Austria Vienna,2021,A1,20,Centre-Back,24,Germany,29,29,1,2598
689271,Ziad El Sheiwi,14,Austria Vienna,2021,A1,4,Left-Back,17,Austria,7,6,0,381
548035,Leonardo Ivkic,14,Austria Vienna,2021,A1,15,Right-Back,18,Austria,18,12,0,746
157242,Christian Schoissengeyr,14,Austria Vienna,2021,A1,24,Centre-Back,26,Dominican Republic,30,14,0,967
31514,Markus Suttner,14,Austria Vienna,2021,A1,29,Left-Back,34,Austria,29,29,1,2551
104540,Lucas Galvão,14,Austria Vienna,2021,A1,33,Centre-Back,30,Brazil,13,13,0,1081
81698,Georg Teigl,14,Austria Vienna,2021,A1,39,Right-Back,30,Austria,20,19,3,1237
434101,Esad Bejic,14,Austria Vienna,2021,A1,70,Centre-Back,20,Austria,5,1,0,45
597000,Eric Martel,14,Austria Vienna,2021,A1,5,Defensive Midfield,19,Germany,30,30,2,2643
354022,Dominik Fitz,14,Austria Vienna,2021,A1,36,Attacking Midfield,22,Austria,16,14,2,611
488052,Matthias Braunöder,14,Austria Vienna,2021,A1,23,Central Midfield,19,Austria,30,27,1,1945
269093,Manfred Fischer,14,Austria Vienna,2021,A1,30,Attacking Midfield,25,Austria,31,31,5,2744
393699,Aleksandar Jukic,14,Austria Vienna,2021,A1,77,Central Midfield,20,Austria,27,26,5,1507
346846,Vesel Demaku,14,Austria Vienna,2021,A1,8,Defensive Midfield,21,Kosovo,22,19,0,1170
689254,Enis Safin,14,Austria Vienna,2021,A1,0,Central Midfield,17,Türkiye,1,0,0,0
602792,Florian Wustinger,14,Austria Vienna,2021,A1,2,Defensive Midfield,17,Austria,1,1,0,21
705119,Denis Dizdarevic,14,Austria Vienna,2021,A1,0,Attacking Midfield,16,Austria,1,0,0,0
404936,Niels Hahn,14,Austria Vienna,2021,A1,6,Central Midfield,20,Austria,0,0,0,0
34763,Alexander Grünwald,14,Austria Vienna,2021,A1,10,Attacking Midfield,32,Austria,31,25,2,1070
261495,Anouar El Moukhantir,14,Austria Vienna,2021,A1,17,Central Midfield,23,Germany,0,0,0,0
451642,Can Keleş,14,Austria Vienna,2021,A1,16,Right Winger,19,Austria,28,20,3,918
331362,Benedikt Pichler,14,Austria Vienna,2021,A1,0,Centre-Forward,23,Austria,5,5,1,197
557410,Noah Ohio,14,Austria Vienna,2021,A1,18,Centre-Forward,18,Netherlands,30,30,5,1036
506936,Martin Pecar,14,Austria Vienna,2021,A1,11,Centre-Forward,18,Slovenia,1,0,0,0
602391,Dario Kreiker,14,Austria Vienna,2021,A1,14,Right Winger,18,Austria,8,3,0,32
566630,Romeo Vucic,14,Austria Vienna,2021,A1,27,Centre-Forward,18,Austria,15,9,1,194
548235,Muharem Huskovic,14,Austria Vienna,2021,A1,25,Centre-Forward,18,Austria,14,14,2,692
92989,Marco Djuricin,14,Austria Vienna,2021,A1,92,Centre-Forward,28,Austria,29,28,9,1805
549043,Tristan Hammond,14,Austria Vienna,2021,A1,7,Right Winger,18,Australia,0,0,0,0
393686,Tobias Lawal,413,LASK,2023,A1,1,Goalkeeper,23,Austria,32,32,0,2880
629011,Lukas Jungwirth,413,LASK,2023,A1,36,Goalkeeper,19,Austria,1,0,0,0
59009,Jörg Siebenhandl,413,LASK,2023,A1,28,Goalkeeper,33,Austria,31,0,0,0
504147,George Bello,413,LASK,2023,A1,2,Left-Back,21,United States,29,24,0,1870
668557,Maksym Taloverov,413,LASK,2023,A1,4,Centre-Back,23,Ukraine,28,25,0,1596
403808,Andrés Andrade,413,LASK,2023,A1,16,Centre-Back,24,Panama,30,30,0,2700
152627,Philipp Ziereis,413,LASK,2023,A1,5,Centre-Back,30,Germany,28,28,2,2520
159139,Philipp Wiesinger,413,LASK,2023,A1,6,Centre-Back,29,Austria,0,0,0,0
212333,Rene Renner,413,LASK,2023,A1,7,Left-Back,29,Austria,8,8,0,709
717346,Sanoussy Ba,413,LASK,2023,A1,25,Right-Back,19,Germany,19,11,0,302
139751,Filip Stojkovic,413,LASK,2023,A1,22,Right-Back,30,Montenegro,26,25,1,1796
156691,Felix Luckeneder,413,LASK,2023,A1,33,Centre-Back,29,Austria,27,15,2,1126
696524,Luca Wimhofer,413,LASK,2023,A1,0,Centre-Back,19,Austria,1,1,0,2
93873,Filip Twardzik,413,LASK,2023,A1,26,Centre-Back,30,Czech Republic,0,0,0,0
804030,Sebastian Leitner,413,LASK,2023,A1,0,Centre-Back,18,Austria,1,0,0,0
590280,Yannis Letard,413,LASK,2023,A1,31,Centre-Back,24,French Guiana,0,0,0,0
186365,Sascha Horvath,413,LASK,2023,A1,30,Central Midfield,26,Austria,24,24,1,2030
647484,Ebrima Darboe,413,LASK,2023,A1,55,Defensive Midfield,22,The Gambia,5,5,0,260
250028,Ivan Ljubic,413,LASK,2023,A1,21,Defensive Midfield,26,Austria,16,14,0,796
272159,Florian Flecker,413,LASK,2023,A1,29,Right Midfield,27,Austria,31,29,5,1728
158106,Peter Michorl,413,LASK,2023,A1,8,Central Midfield,28,Austria,11,11,0,406
214715,Branko Jovicic,413,LASK,2023,A1,18,Defensive Midfield,30,Serbia,21,19,0,1181
145115,Valon Berisha,413,LASK,2023,A1,14,Central Midfield,30,Kosovo,15,15,0,1041
241803,Husein Balic,413,LASK,2023,A1,14,Left Midfield,27,Austria,6,5,1,113
724057,Armin Haider,413,LASK,2023,A1,0,Attacking Midfield,17,Austria,2,1,0,7
405397,Keito Nakamura,413,LASK,2023,A1,0,Left Winger,22,Japan,1,1,0,45
838236,Marin Ljubicic,413,LASK,2023,A1,9,Centre-Forward,21,Croatia,31,31,12,2066
1003622,Moses Usor,413,LASK,2023,A1,17,Centre-Forward,21,Nigeria,30,28,3,2100
566626,Elias Havel,413,LASK,2023,A1,24,Centre-Forward,20,Austria,22,19,2,569
122676,Robert Zulj,413,LASK,2023,A1,10,Second Striker,31,Austria,22,20,9,1482
636898,Lucas Copado,413,LASK,2023,A1,37,Centre-Forward,19,Germany,11,4,0,27
364239,Moussa Koné,413,LASK,2023,A1,11,Centre-Forward,26,Senegal,9,8,0,314
321847,Tobias Anselm,413,LASK,2023,A1,15,Centre-Forward,23,Austria,0,0,0,0
797867,Ibrahim Mustapha,413,LASK,2023,A1,23,Centre-Forward,23,Ghana,11,10,0,528
463617,Adil Taoui,413,LASK,2023,A1,44,Left Winger,21,France,11,10,1,316
189912,Thomas Goiginger,413,LASK,2023,A1,27,Left Winger,30,Austria,14,12,2,399
418660,Lenny Pintor,413,LASK,2023,A1,19,Left Winger,22,France,22,21,0,747
104220,Hendrik Bonmann,4441,Wolfsberger AC,2023,A1,1,Goalkeeper,29,Germany,29,24,0,2160
371430,Lukas Gütlbauer,4441,Wolfsberger AC,2023,A1,32,Goalkeeper,22,Austria,32,8,0,720
443936,David Skubl,4441,Wolfsberger AC,2023,A1,21,Goalkeeper,21,Austria,3,0,0,0
1174506,Cheick Mamadou Diabaté,4441,Wolfsberger AC,2023,A1,5,Centre-Back,19,Cote d'Ivoire,13,12,0,683
206906,Dominik Baumgartner,4441,Wolfsberger AC,2023,A1,22,Centre-Back,26,Austria,30,30,0,2684
531214,Adis Jasic,4441,Wolfsberger AC,2023,A1,97,Right-Back,20,Austria,31,30,2,2042
418300,Scott Kennedy,4441,Wolfsberger AC,2023,A1,4,Centre-Back,26,Canada,19,18,1,1484
805215,Tobias Gruber,4441,Wolfsberger AC,2023,A1,13,Centre-Back,18,Austria,5,2,0,14
453796,Kevin Bukusu,4441,Wolfsberger AC,2023,A1,5,Centre-Back,22,Germany,0,0,0,0
196782,Jonathan Scherzer,4441,Wolfsberger AC,2023,A1,3,Left-Back,27,Austria,29,29,0,2566
531640,Lukas Ibertsberger,4441,Wolfsberger AC,2023,A1,26,Left-Back,19,Austria,27,13,0,893
77487,Michael Novak,4441,Wolfsberger AC,2023,A1,27,Right-Back,32,Austria,1,1,0,1
579263,Augustine Boakye,4441,Wolfsberger AC,2023,A1,20,Attacking Midfield,22,Ghana,26,26,9,1834
601143,Nikolas Veratschnig,4441,Wolfsberger AC,2023,A1,17,Right Midfield,20,Austria,24,24,0,1668
400715,Sandro Altunashvili,4441,Wolfsberger AC,2023,A1,19,Central Midfield,26,Georgia,26,26,0,2132
666613,Samson Tijani,4441,Wolfsberger AC,2023,A1,6,Defensive Midfield,21,Nigeria,27,27,1,1955
531599,Ervin Omic,4441,Wolfsberger AC,2023,A1,44,Defensive Midfield,20,Austria,30,25,2,1434
89541,Simon Piesinger,4441,Wolfsberger AC,2023,A1,8,Defensive Midfield,31,Austria,32,23,2,1475
601135,Pascal Müller,4441,Wolfsberger AC,2023,A1,14,Central Midfield,20,Austria,13,10,0,263
531216,Maximilian Scharfetter,4441,Wolfsberger AC,2023,A1,77,Attacking Midfield,21,Austria,7,7,0,308
81694,Konstantin Kerschbaumer,4441,Wolfsberger AC,2023,A1,7,Central Midfield,31,Austria,2,1,0,5
52821,Mario Leitgeb,4441,Wolfsberger AC,2023,A1,16,Defensive Midfield,35,Austria,23,18,0,1033
406608,Thierno Ballo,4441,Wolfsberger AC,2023,A1,11,Left Winger,21,Austria,27,27,12,1984
619461,Mohamed Bamba,4441,Wolfsberger AC,2023,A1,12,Centre-Forward,21,Cote d'Ivoire,15,15,6,1148
1067902,Sankara Karamoko,4441,Wolfsberger AC,2023,A1,12,Centre-Forward,19,Cote d'Ivoire,12,9,0,292
394032,Thomas Sabitzer,4441,Wolfsberger AC,2023,A1,10,Left Winger,22,Austria,24,23,1,742
488073,Bernhard Zimmermann,4441,Wolfsberger AC,2023,A1,9,Centre-Forward,21,Austria,28,27,3,967
317847,Florian Rieder,4441,Wolfsberger AC,2023,A1,23,Left Winger,27,Austria,23,22,1,885
909807,Michael Morgenstern,4441,Wolfsberger AC,2023,A1,15,Centre-Forward,17,Austria,5,3,0,30
174856,Thorsten Röcher,4441,Wolfsberger AC,2023,A1,18,Centre-Forward,32,Austria,13,9,0,247
91410,Manuel Kuttin,4441,Wolfsberger AC,2021,A1,29,Goalkeeper,27,Austria,31,4,0,360
443936,David Skubl,4441,Wolfsberger AC,2021,A1,21,Goalkeeper,19,Austria,1,0,0,0
55569,Alexander Kofler,4441,Wolfsberger AC,2021,A1,31,Goalkeeper,34,Austria,32,28,0,2520
519184,Amar Dedić,4441,Wolfsberger AC,2021,A1,77,Right-Back,18,Bosnia-Herzegovina,32,32,2,2793
345189,Luka Lochoshvili,4441,Wolfsberger AC,2021,A1,44,Centre-Back,23,Georgia,29,29,1,2344
368565,Gustav Henriksson,4441,Wolfsberger AC,2021,A1,0,Centre-Back,23,Sweden,6,1,0,14
206906,Dominik Baumgartner,4441,Wolfsberger AC,2021,A1,22,Centre-Back,24,Austria,27,27,1,2356
531214,Adis Jasic,4441,Wolfsberger AC,2021,A1,97,Right-Back,18,Austria,29,21,2,1716
330277,Guram Giorbelidze,4441,Wolfsberger AC,2021,A1,0,Left-Back,25,Georgia,1,0,0,0
601136,Niklas Pertlwieser,4441,Wolfsberger AC,2021,A1,0,Centre-Back,17,Austria,2,0,0,0
223960,David Gugganig,4441,Wolfsberger AC,2021,A1,4,Centre-Back,24,Austria,29,16,1,533
196782,Jonathan Scherzer,4441,Wolfsberger AC,2021,A1,17,Left-Back,25,Austria,14,12,0,924
428462,Fabian Tauchhammer,4441,Wolfsberger AC,2021,A1,0,Right-Back,19,Austria,3,0,0,0
77487,Michael Novak,4441,Wolfsberger AC,2021,A1,27,Right-Back,30,Austria,14,13,0,866
579263,Augustine Boakye,4441,Wolfsberger AC,2021,A1,20,Attacking Midfield,20,Ghana,7,1,0,6
444018,Eliel Peretz,4441,Wolfsberger AC,2021,A1,7,Central Midfield,24,Israel,28,28,7,1705
601143,Nikolas Veratschnig,4441,Wolfsberger AC,2021,A1,6,Right Midfield,18,Austria,14,11,0,461
434104,Matthäus Taferner,4441,Wolfsberger AC,2021,A1,30,Central Midfield,20,Austria,30,30,1,2387
531217,Kai Stratznig,4441,Wolfsberger AC,2021,A1,33,Defensive Midfield,19,Austria,26,17,0,532
440904,Leo Vielgut,4441,Wolfsberger AC,2021,A1,12,Central Midfield,20,Austria,1,0,0,0
440906,Joshua Steiger,4441,Wolfsberger AC,2021,A1,70,Central Midfield,20,Austria,1,0,0,0
77117,Christopher Wernitznig,4441,Wolfsberger AC,2021,A1,24,Central Midfield,31,Austria,29,24,0,979
181714,Sven Sprangler,4441,Wolfsberger AC,2021,A1,19,Central Midfield,26,Austria,18,9,0,166
17057,Michael Liendl,4441,Wolfsberger AC,2021,A1,10,Attacking Midfield,35,Austria,31,31,8,2631
52821,Mario Leitgeb,4441,Wolfsberger AC,2021,A1,16,Defensive Midfield,33,Austria,27,27,1,2397
514440,Lukas Schöfl,4441,Wolfsberger AC,2021,A1,23,Central Midfield,20,Austria,6,1,0,2
492252,Tai Baribo,4441,Wolfsberger AC,2021,A1,11,Centre-Forward,23,Israel,29,29,11,1962
391340,Dario Vizinger,4441,Wolfsberger AC,2021,A1,9,Centre-Forward,23,Croatia,31,29,4,1451
225536,Cheikhou Dieng,4441,Wolfsberger AC,2021,A1,0,Centre-Forward,27,Senegal,20,17,3,513
289053,Marcel Holzer,4441,Wolfsberger AC,2021,A1,0,Centre-Forward,22,Austria,0,0,0,0
174856,Thorsten Röcher,4441,Wolfsberger AC,2021,A1,18,Centre-Forward,30,Austria,28,28,4,1968
104220,Hendrik Bonmann,4441,Wolfsberger AC,2022,A1,1,Goalkeeper,28,Germany,31,31,0,2790
371430,Lukas Gütlbauer,4441,Wolfsberger AC,2022,A1,32,Goalkeeper,21,Austria,17,0,0,0
443936,David Skubl,4441,Wolfsberger AC,2022,A1,21,Goalkeeper,20,Austria,15,1,0,90
725006,Elias Müller,4441,Wolfsberger AC,2022,A1,0,Goalkeeper,16,Austria,1,0,0,0
696164,Tim Oermann,4441,Wolfsberger AC,2022,A1,5,Centre-Back,18,Germany,15,14,0,1255
345189,Luka Lochoshvili,4441,Wolfsberger AC,2022,A1,0,Centre-Back,24,Georgia,2,2,0,112
206906,Dominik Baumgartner,4441,Wolfsberger AC,2022,A1,22,Centre-Back,25,Austria,19,19,0,1516
531214,Adis Jasic,4441,Wolfsberger AC,2022,A1,97,Right-Back,19,Austria,27,24,2,1621
223960,David Gugganig,4441,Wolfsberger AC,2022,A1,4,Centre-Back,25,Austria,15,8,0,452
401940,Raphael Schifferl,4441,Wolfsberger AC,2022,A1,24,Centre-Back,22,Austria,25,20,1,1461
453796,Kevin Bukusu,4441,Wolfsberger AC,2022,A1,19,Centre-Back,21,Germany,9,8,0,671
196782,Jonathan Scherzer,4441,Wolfsberger AC,2022,A1,3,Left-Back,26,Austria,15,13,0,836
395127,Matteo Anzolin,4441,Wolfsberger AC,2022,A1,12,Left-Back,21,Italy,20,19,0,1527
428462,Fabian Tauchhammer,4441,Wolfsberger AC,2022,A1,25,Right-Back,20,Austria,1,0,0,0
77487,Michael Novak,4441,Wolfsberger AC,2022,A1,27,Right-Back,31,Austria,30,22,1,1088
579263,Augustine Boakye,4441,Wolfsberger AC,2022,A1,20,Attacking Midfield,21,Ghana,20,14,3,616
601143,Nikolas Veratschnig,4441,Wolfsberger AC,2022,A1,6,Right Midfield,19,Austria,30,29,1,1772
434104,Matthäus Taferner,4441,Wolfsberger AC,2022,A1,30,Central Midfield,21,Austria,28,25,0,1556
531599,Ervin Omic,4441,Wolfsberger AC,2022,A1,17,Defensive Midfield,19,Austria,28,26,0,1780
89541,Simon Piesinger,4441,Wolfsberger AC,2022,A1,8,Defensive Midfield,30,Austria,27,25,1,1928
601135,Pascal Müller,4441,Wolfsberger AC,2022,A1,14,Central Midfield,19,Austria,6,3,0,81
922709,Florent Hajdini,4441,Wolfsberger AC,2022,A1,0,Defensive Midfield,15,Austria,0,0,0,0
81694,Konstantin Kerschbaumer,4441,Wolfsberger AC,2022,A1,7,Central Midfield,30,Austria,29,27,2,1700
52821,Mario Leitgeb,4441,Wolfsberger AC,2022,A1,16,Defensive Midfield,34,Austria,26,22,1,1593
406608,Thierno Ballo,4441,Wolfsberger AC,2022,A1,70,Left Winger,20,Austria,30,27,6,1130
492252,Tai Baribo,4441,Wolfsberger AC,2022,A1,11,Centre-Forward,24,Israel,32,32,16,2363
405568,Maurice Malone,4441,Wolfsberger AC,2022,A1,77,Centre-Forward,21,Germany,26,26,8,2161
118302,Nikolaos Vergos,4441,Wolfsberger AC,2022,A1,0,Centre-Forward,26,Greece,16,11,1,317
391340,Dario Vizinger,4441,Wolfsberger AC,2022,A1,0,Centre-Forward,24,Croatia,6,5,1,241
174856,Thorsten Röcher,4441,Wolfsberger AC,2022,A1,18,Centre-Forward,31,Austria,29,28,6,980
488063,Nikolas Polster,4441,Wolfsberger AC,2024,A1,12,Goalkeeper,21,Austria,32,30,0,2700
371430,Lukas Gütlbauer,4441,Wolfsberger AC,2024,A1,1,Goalkeeper,23,Austria,27,2,0,180
443936,David Skubl,4441,Wolfsberger AC,2024,A1,21,Goalkeeper,22,Austria,5,0,0,0
985825,Chibuike Nwaiwu,4441,Wolfsberger AC,2024,A1,27,Centre-Back,20,Nigeria,25,25,2,2018
851548,Boris Matic,4441,Wolfsberger AC,2024,A1,2,Right-Back,19,Serbia,31,22,0,1239
531214,Adis Jasic,4441,Wolfsberger AC,2024,A1,0,Right-Back,21,Austria,24,24,2,1960
1174506,Cheick Mamadou Diabaté,4441,Wolfsberger AC,2024,A1,5,Centre-Back,20,Cote d'Ivoire,25,22,0,975
206906,Dominik Baumgartner,4441,Wolfsberger AC,2024,A1,22,Centre-Back,27,Austria,28,28,2,2405
194736,Nicolas Wimmer,4441,Wolfsberger AC,2024,A1,37,Centre-Back,29,Austria,29,27,0,2296
239934,Maximilian Ullmann,4441,Wolfsberger AC,2024,A1,31,Left-Back,28,Austria,31,30,3,2622
418300,Scott Kennedy,4441,Wolfsberger AC,2024,A1,0,Centre-Back,27,Canada,2,0,0,0
805215,Tobias Gruber,4441,Wolfsberger AC,2024,A1,13,Centre-Back,19,Austria,5,4,0,215
196782,Jonathan Scherzer,4441,Wolfsberger AC,2024,A1,3,Left-Back,28,Austria,3,2,0,180
1372266,Abou Sylla,4441,Wolfsberger AC,2024,A1,6,Centre-Back,17,Cote d'Ivoire,1,1,0,18
528022,Dejan Zukic,4441,Wolfsberger AC,2024,A1,20,Attacking Midfield,23,Serbia,31,31,10,2329
885233,Emmanuel Agyemang,4441,Wolfsberger AC,2024,A1,34,Central Midfield,20,Ghana,27,24,2,907
118397,Alessandro Schöpf,4441,Wolfsberger AC,2024,A1,18,Central Midfield,30,Austria,9,8,2,454
400715,Sandro Altunashvili,4441,Wolfsberger AC,2024,A1,19,Central Midfield,27,Georgia,24,18,1,789
531599,Ervin Omic,4441,Wolfsberger AC,2024,A1,44,Defensive Midfield,21,Austria,29,24,2,1069
89541,Simon Piesinger,4441,Wolfsberger AC,2024,A1,8,Defensive Midfield,32,Austria,30,30,2,2431
601135,Pascal Müller,4441,Wolfsberger AC,2024,A1,14,Central Midfield,21,Austria,4,1,0,1
531216,Maximilian Scharfetter,4441,Wolfsberger AC,2024,A1,77,Attacking Midfield,22,Austria,0,0,0,0
1094927,Claude Kouakou,4441,Wolfsberger AC,2024,A1,30,Attacking Midfield,20,Cote d'Ivoire,0,0,0,0
406608,Thierno Ballo,4441,Wolfsberger AC,2024,A1,11,Left Winger,22,Austria,31,31,10,2465
922711,Erik Kojzek,4441,Wolfsberger AC,2024,A1,47,Centre-Forward,18,Austria,21,20,8,675
523870,Angelo Gattermayer,4441,Wolfsberger AC,2024,A1,7,Centre-Forward,22,Austria,32,27,3,1320
1067902,Sankara Karamoko,4441,Wolfsberger AC,2024,A1,9,Centre-Forward,20,Cote d'Ivoire,6,6,0,195
394032,Thomas Sabitzer,4441,Wolfsberger AC,2024,A1,10,Left Winger,23,Austria,24,14,1,441
254284,David Atanga,4441,Wolfsberger AC,2024,A1,17,Right Winger,27,Ghana,15,15,4,716
78006,Markus Pink,4441,Wolfsberger AC,2024,A1,32,Centre-Forward,33,Austria,25,22,4,1033
294814,Anderson Niangbo,4441,Wolfsberger AC,2024,A1,28,Centre-Forward,24,Cote d'Ivoire,0,0,0,0
225360,Raphael Sallinger,4467,TSV Hartberg,2021,A1,35,Goalkeeper,25,Austria,30,5,0,440
181454,Rene Swete,4467,TSV Hartberg,2021,A1,1,Goalkeeper,31,Austria,27,27,0,2350
255287,Florian Faist,4467,TSV Hartberg,2021,A1,21,Goalkeeper,32,Austria,6,1,0,90
782179,Maximilian Pußwald,4467,TSV Hartberg,2021,A1,44,Goalkeeper,19,Austria,1,0,0,0
375434,Michael Steinwender,4467,TSV Hartberg,2021,A1,12,Centre-Back,21,Austria,21,19,0,1219
338855,Matija Horvat,4467,TSV Hartberg,2021,A1,11,Centre-Back,22,Croatia,31,27,2,1590
156691,Felix Luckeneder,4467,TSV Hartberg,2021,A1,0,Centre-Back,27,Austria,5,5,0,347
181715,David Stec,4467,TSV Hartberg,2021,A1,0,Right-Back,27,Austria,15,15,0,1156
89055,Manfred Gollner,4467,TSV Hartberg,2021,A1,5,Centre-Back,30,Austria,31,27,2,1793
58948,Christian Klem,4467,TSV Hartberg,2021,A1,14,Left-Back,30,Austria,22,22,0,1887
18297,Mario Sonnleitner,4467,TSV Hartberg,2021,A1,16,Centre-Back,34,Austria,23,22,1,1870
307617,Thomas Kofler,4467,TSV Hartberg,2021,A1,27,Left-Back,22,Austria,24,12,0,651
81675,Patrick Farkas,4467,TSV Hartberg,2021,A1,29,Right-Back,28,Austria,13,13,0,1141
119231,Thomas Rotter,4467,TSV Hartberg,2021,A1,31,Centre-Back,29,Austria,29,21,2,1273
186365,Sascha Horvath,4467,TSV Hartberg,2021,A1,0,Central Midfield,24,Austria,6,6,3,533
271223,Jürgen Heil,4467,TSV Hartberg,2021,A1,28,Right Midfield,24,Austria,30,30,4,2484
564451,Youba Diarra,4467,TSV Hartberg,2021,A1,32,Central Midfield,23,Mali,14,14,0,1083
69741,Tobias Kainz,4467,TSV Hartberg,2021,A1,23,Left Midfield,28,Austria,32,32,1,2562
519414,Noel Niemann,4467,TSV Hartberg,2021,A1,10,Attacking Midfield,21,Germany,30,29,4,1635
509992,Marcel Schantl,4467,TSV Hartberg,2021,A1,8,Central Midfield,20,Austria,9,5,0,115
151216,Philipp Erhardt,4467,TSV Hartberg,2021,A1,6,Defensive Midfield,27,Austria,24,20,0,422
107184,Okan Aydın,4467,TSV Hartberg,2021,A1,9,Attacking Midfield,27,Türkiye,13,12,2,767
77991,Mario Kröpfl,4467,TSV Hartberg,2021,A1,17,Left Midfield,31,Austria,0,0,0,0
307696,Philipp Sturm,4467,TSV Hartberg,2021,A1,18,Attacking Midfield,22,Austria,15,15,1,550
196227,Donis Avdijaj,4467,TSV Hartberg,2021,A1,77,Left Winger,24,Kosovo,18,18,5,1419
348119,Nemanja Belakovic,4467,TSV Hartberg,2021,A1,0,Left Winger,24,Serbia,8,7,1,345
145010,Marc Andre Schmerböck,4467,TSV Hartberg,2021,A1,20,Second Striker,27,Austria,14,12,1,409
317450,Michael John Lema,4467,TSV Hartberg,2021,A1,0,Left Winger,21,Austria,10,6,0,204
548030,Jürgen Lemmerer,4467,TSV Hartberg,2021,A1,19,Centre-Forward,18,Austria,16,12,0,249
50860,Dario Tadic,4467,TSV Hartberg,2021,A1,24,Centre-Forward,31,Austria,30,29,10,2275
375717,Gabriel Lemoine,4467,TSV Hartberg,2021,A1,26,Centre-Forward,20,Belgium,7,6,0,144
372813,Seth Paintsil,4467,TSV Hartberg,2021,A1,30,Left Winger,25,Ghana,21,20,4,686
225360,Raphael Sallinger,4467,TSV Hartberg,2022,A1,35,Goalkeeper,26,Austria,32,20,0,1798
290088,Fabian Ehmann,4467,TSV Hartberg,2022,A1,40,Goalkeeper,23,Austria,12,0,0,0
181454,Rene Swete,4467,TSV Hartberg,2022,A1,0,Goalkeeper,32,Austria,13,12,0,1080
255287,Florian Faist,4467,TSV Hartberg,2022,A1,21,Goalkeeper,33,Austria,5,1,0,2
782179,Maximilian Pußwald,4467,TSV Hartberg,2022,A1,44,Goalkeeper,20,Austria,2,0,0,0
375434,Michael Steinwender,4467,TSV Hartberg,2022,A1,12,Centre-Back,22,Austria,29,22,0,1601
1009490,Fabian Wilfinger,4467,TSV Hartberg,2022,A1,7,Centre-Back,18,Austria,0,0,0,0
354069,Manuel Pfeifer,4467,TSV Hartberg,2022,A1,20,Left-Back,22,Austria,16,16,0,1248
317035,Marin Karamarko,4467,TSV Hartberg,2022,A1,22,Centre-Back,24,Croatia,14,13,0,1054
338855,Matija Horvat,4467,TSV Hartberg,2022,A1,11,Centre-Back,23,Croatia,27,24,1,1422
307617,Thomas Kofler,4467,TSV Hartberg,2022,A1,0,Left-Back,23,Austria,9,8,0,467
89055,Manfred Gollner,4467,TSV Hartberg,2022,A1,5,Centre-Back,31,Austria,11,8,0,310
58948,Christian Klem,4467,TSV Hartberg,2022,A1,14,Left-Back,31,Austria,12,7,0,267
18297,Mario Sonnleitner,4467,TSV Hartberg,2022,A1,16,Centre-Back,35,Austria,27,20,0,1612
81675,Patrick Farkas,4467,TSV Hartberg,2022,A1,29,Right-Back,29,Austria,21,17,0,947
119231,Thomas Rotter,4467,TSV Hartberg,2022,A1,31,Centre-Back,30,Austria,18,17,0,1340
808348,Mamadou Sangaré,4467,TSV Hartberg,2022,A1,45,Central Midfield,20,Mali,15,15,2,856
271223,Jürgen Heil,4467,TSV Hartberg,2022,A1,28,Right Midfield,25,Austria,29,29,2,2464
402007,Ousmane Diakité,4467,TSV Hartberg,2022,A1,32,Defensive Midfield,21,Mali,15,15,0,681
394018,Lukas Fadinger,4467,TSV Hartberg,2022,A1,8,Central Midfield,21,Austria,30,30,2,1738
223975,Dominik Prokop,4467,TSV Hartberg,2022,A1,27,Left Midfield,25,Austria,11,11,4,646
273553,Dominik Frieser,4467,TSV Hartberg,2022,A1,33,Right Midfield,28,Austria,27,27,1,2218
69741,Tobias Kainz,4467,TSV Hartberg,2022,A1,23,Left Midfield,29,Austria,32,31,0,2271
581879,Julian Halwachs,4467,TSV Hartberg,2022,A1,25,Defensive Midfield,19,Austria,0,0,0,0
509992,Marcel Schantl,4467,TSV Hartberg,2022,A1,77,Central Midfield,21,Austria,1,1,0,45
107184,Okan Aydın,4467,TSV Hartberg,2022,A1,0,Attacking Midfield,28,Türkiye,14,14,3,955
204291,Albert Ejupi,4467,TSV Hartberg,2022,A1,0,Central Midfield,29,Sweden,12,10,0,396
523900,Maximilian Sellinger,4467,TSV Hartberg,2022,A1,4,Defensive Midfield,20,Austria,0,0,0,0
151216,Philipp Erhardt,4467,TSV Hartberg,2022,A1,6,Defensive Midfield,28,Austria,0,0,0,0
77991,Mario Kröpfl,4467,TSV Hartberg,2022,A1,17,Left Midfield,32,Austria,19,13,0,265
307696,Philipp Sturm,4467,TSV Hartberg,2022,A1,18,Attacking Midfield,23,Austria,7,4,0,79
196227,Donis Avdijaj,4467,TSV Hartberg,2022,A1,10,Left Winger,25,Kosovo,16,16,7,1238
536520,Ruben Providence,4467,TSV Hartberg,2022,A1,70,Left Winger,20,Haiti,21,21,6,1351
396641,Eylon Almog,4467,TSV Hartberg,2022,A1,0,Left Winger,23,Israel,10,9,1,364
580613,Jakob Knollmüller,4467,TSV Hartberg,2022,A1,0,Centre-Forward,18,Austria,4,3,0,41
354058,Rene Kriwak,4467,TSV Hartberg,2022,A1,39,Centre-Forward,23,Austria,25,24,2,810
372813,Seth Paintsil,4467,TSV Hartberg,2022,A1,0,Left Winger,26,Ghana,12,11,0,577
548030,Jürgen Lemmerer,4467,TSV Hartberg,2022,A1,19,Centre-Forward,19,Austria,0,0,0,0
50860,Dario Tadic,4467,TSV Hartberg,2022,A1,24,Centre-Forward,32,Austria,28,26,7,1417
1019162,Jakob Kolb,4467,TSV Hartberg,2022,A1,26,Centre-Forward,19,Austria,0,0,0,0
225360,Raphael Sallinger,4467,TSV Hartberg,2024,A1,1,Goalkeeper,28,Austria,31,31,0,2790
432859,Luka Maric,4467,TSV Hartberg,2024,A1,21,Goalkeeper,21,Austria,32,1,0,90
580623,Elias Scherf,4467,TSV Hartberg,2024,A1,39,Goalkeeper,21,Austria,1,0,0,0
1142392,Harald Postl,4467,TSV Hartberg,2024,A1,44,Goalkeeper,18,Austria,0,0,0,0
692598,Furkan Demir,4467,TSV Hartberg,2024,A1,61,Right-Back,19,Türkiye,25,24,0,1209
452461,Paul Komposch,4467,TSV Hartberg,2024,A1,14,Centre-Back,23,Austria,30,30,0,2648
1009490,Fabian Wilfinger,4467,TSV Hartberg,2024,A1,18,Centre-Back,20,Austria,24,21,1,1712
354069,Manuel Pfeifer,4467,TSV Hartberg,2024,A1,20,Left-Back,24,Austria,25,23,0,2029
694598,Damjan Kovacevic,4467,TSV Hartberg,2024,A1,95,Right-Back,19,Austria,9,7,0,561
432224,Mateo Karamatic,4467,TSV Hartberg,2024,A1,6,Centre-Back,22,Austria,31,22,0,1593
603953,Raphael Hofer,4467,TSV Hartberg,2024,A1,19,Left-Back,21,Austria,13,6,0,381
682562,Björn Hardley,4467,TSV Hartberg,2024,A1,2,Centre-Back,21,Netherlands,12,2,0,21
1167442,Emmanuel Ojukwu,4467,TSV Hartberg,2024,A1,25,Centre-Back,20,Austria,3,1,0,41
515480,Benjamin Markus,4467,TSV Hartberg,2024,A1,4,Defensive Midfield,23,Slovenia,30,30,0,2188
271223,Jürgen Heil,4467,TSV Hartberg,2024,A1,28,Right Midfield,27,Austria,31,31,1,2605
581880,Justin Omoregie,4467,TSV Hartberg,2024,A1,36,Central Midfield,20,Austria,19,19,0,1113
564451,Youba Diarra,4467,TSV Hartberg,2024,A1,5,Central Midfield,26,Mali,29,29,2,1714
870891,Maximilian Fillafer,4467,TSV Hartberg,2024,A1,11,Right Midfield,19,Austria,16,14,1,376
223975,Dominik Prokop,4467,TSV Hartberg,2024,A1,27,Left Midfield,27,Austria,29,28,3,1724
69741,Tobias Kainz,4467,TSV Hartberg,2024,A1,23,Left Midfield,31,Austria,31,31,2,2064
692755,Jonas Karner,4467,TSV Hartberg,2024,A1,0,Attacking Midfield,19,Austria,2,1,0,11
808697,Lind Hajdari,4467,TSV Hartberg,2024,A1,0,Attacking Midfield,18,Austria,1,0,0,0
527596,Sandro Schendl,4467,TSV Hartberg,2024,A1,16,Right Midfield,21,Austria,0,0,0,0
566626,Elias Havel,4467,TSV Hartberg,2024,A1,7,Centre-Forward,21,Austria,18,16,3,539
196227,Donis Avdijaj,4467,TSV Hartberg,2024,A1,10,Left Winger,27,Kosovo,29,29,4,2238
1000284,Jed Drew,4467,TSV Hartberg,2024,A1,79,Right Winger,20,Australia,15,15,2,561
696246,Patrik Mijic,4467,TSV Hartberg,2024,A1,9,Centre-Forward,25,Croatia,32,32,12,1975
597424,Marco Hoffmann,4467,TSV Hartberg,2024,A1,22,Centre-Forward,20,Austria,26,22,1,625
425478,Nelson Amadin,4467,TSV Hartberg,2024,A1,29,Right Winger,23,Netherlands,8,5,0,145
604458,Aaron Sky Schwarz,4467,TSV Hartberg,2024,A1,0,Left Winger,20,Austria,7,5,0,182
548235,Muharem Huskovic,4467,TSV Hartberg,2024,A1,33,Centre-Forward,21,Austria,15,12,3,428
1022130,David Korherr,4467,TSV Hartberg,2024,A1,77,Centre-Forward,22,Austria,0,0,0,0
354071,Christoph Urdl,4467,TSV Hartberg,2024,A1,0,Right Winger,24,Austria,2,1,0,7
225360,Raphael Sallinger,4467,TSV Hartberg,2023,A1,1,Goalkeeper,27,Austria,32,32,0,2880
290088,Fabian Ehmann,4467,TSV Hartberg,2023,A1,40,Goalkeeper,24,Austria,0,0,0,0
1142392,Harald Postl,4467,TSV Hartberg,2023,A1,21,Goalkeeper,17,Austria,2,0,0,0
181720,Tobias Knoflach,4467,TSV Hartberg,2023,A1,39,Goalkeeper,29,Austria,28,0,0,0
782179,Maximilian Pußwald,4467,TSV Hartberg,2023,A1,44,Goalkeeper,21,Austria,2,0,0,0
375434,Michael Steinwender,4467,TSV Hartberg,2023,A1,12,Centre-Back,23,Austria,30,21,0,789
1009490,Fabian Wilfinger,4467,TSV Hartberg,2023,A1,7,Centre-Back,19,Austria,0,0,0,0
452461,Paul Komposch,4467,TSV Hartberg,2023,A1,14,Centre-Back,22,Austria,31,31,0,2656
696347,Ibane Bowat,4467,TSV Hartberg,2023,A1,5,Centre-Back,20,Scotland,29,29,1,2495
354069,Manuel Pfeifer,4467,TSV Hartberg,2023,A1,20,Left-Back,23,Austria,31,31,0,2773
694598,Damjan Kovacevic,4467,TSV Hartberg,2023,A1,95,Right-Back,18,Austria,4,1,0,8
317035,Marin Karamarko,4467,TSV Hartberg,2023,A1,22,Centre-Back,25,Croatia,0,0,0,0
563617,Angelo Brückner,4467,TSV Hartberg,2023,A1,3,Right-Back,20,Germany,22,11,0,145
89055,Manfred Gollner,4467,TSV Hartberg,2023,A1,16,Centre-Back,32,Austria,0,0,0,0
523898,Sam Schutti,4467,TSV Hartberg,2023,A1,18,Left-Back,20,Austria,4,0,0,0
119231,Thomas Rotter,4467,TSV Hartberg,2023,A1,31,Centre-Back,31,Austria,8,4,0,42
808348,Mamadou Sangaré,4467,TSV Hartberg,2023,A1,45,Central Midfield,21,Mali,29,29,1,2056
527589,Christoph Lang,4467,TSV Hartberg,2023,A1,26,Attacking Midfield,21,Austria,17,17,5,1307
271223,Jürgen Heil,4467,TSV Hartberg,2023,A1,28,Right Midfield,26,Austria,30,30,2,2660
402007,Ousmane Diakité,4467,TSV Hartberg,2023,A1,32,Defensive Midfield,22,Mali,29,29,2,2001
870891,Maximilian Fillafer,4467,TSV Hartberg,2023,A1,37,Right Midfield,18,Austria,27,26,2,634
223975,Dominik Prokop,4467,TSV Hartberg,2023,A1,27,Left Midfield,26,Austria,30,30,4,1996
273553,Dominik Frieser,4467,TSV Hartberg,2023,A1,33,Right Midfield,29,Austria,31,30,3,1672
69741,Tobias Kainz,4467,TSV Hartberg,2023,A1,23,Left Midfield,30,Austria,32,30,1,1783
581879,Julian Halwachs,4467,TSV Hartberg,2023,A1,25,Defensive Midfield,20,Austria,24,19,0,202
602790,Michael Hutter,4467,TSV Hartberg,2023,A1,0,Central Midfield,20,Austria,1,0,0,0
523900,Maximilian Sellinger,4467,TSV Hartberg,2023,A1,4,Defensive Midfield,21,Austria,0,0,0,0
77991,Mario Kröpfl,4467,TSV Hartberg,2023,A1,17,Left Midfield,33,Austria,6,1,0,27
538481,Onurhan Babuscu,4467,TSV Hartberg,2023,A1,19,Attacking Midfield,19,Austria,0,0,0,0
808697,Lind Hajdari,4467,TSV Hartberg,2023,A1,77,Attacking Midfield,17,Austria,0,0,0,0
805131,Nelson Prenner,4467,TSV Hartberg,2023,A1,0,Central Midfield,18,Austria,1,0,0,0
403184,Maximilian Entrup,4467,TSV Hartberg,2023,A1,11,Centre-Forward,25,Austria,24,24,12,1942
196227,Donis Avdijaj,4467,TSV Hartberg,2023,A1,10,Left Winger,26,Kosovo,26,25,12,2015
536520,Ruben Providence,4467,TSV Hartberg,2023,A1,70,Left Winger,21,Haiti,27,27,2,1218
354071,Christoph Urdl,4467,TSV Hartberg,2023,A1,8,Right Winger,23,Austria,15,9,1,171
548030,Jürgen Lemmerer,4467,TSV Hartberg,2023,A1,19,Centre-Forward,20,Austria,4,3,0,13
1142393,Matthias Postl,4467,TSV Hartberg,2023,A1,30,Attack,17,Austria,0,0,0,0
291097,Nicolas Schmid,2157,FC Blau-Weiss Linz,2023,A1,1,Goalkeeper,26,Austria,32,31,0,2790
286798,Felix Gschossmann,2157,FC Blau-Weiss Linz,2023,A1,21,Goalkeeper,26,Austria,2,0,0,0
746156,Kevin Radulovic,2157,FC Blau-Weiss Linz,2023,A1,31,Goalkeeper,21,Austria,9,0,0,0
29586,Andreas Lukse,2157,FC Blau-Weiss Linz,2023,A1,12,Goalkeeper,35,Austria,21,1,0,90
243230,Simon Pirkl,2157,FC Blau-Weiss Linz,2023,A1,8,Left-Back,26,Austria,31,31,4,2673
287995,Manuel Maranda,2157,FC Blau-Weiss Linz,2023,A1,15,Centre-Back,25,Austria,31,31,3,2790
603953,Raphael Hofer,2157,FC Blau-Weiss Linz,2023,A1,11,Left-Back,20,Austria,10,6,0,268
339826,Julian Gölles,2157,FC Blau-Weiss Linz,2023,A1,14,Right-Back,23,Austria,27,25,2,1504
156681,Stefan Haudum,2157,FC Blau-Weiss Linz,2023,A1,27,Centre-Back,28,Austria,21,14,0,698
154140,Fabio Varesi-Strauss,2157,FC Blau-Weiss Linz,2023,A1,2,Centre-Back,28,Austria,28,27,0,2349
574666,Danilo Mitrovic,2157,FC Blau-Weiss Linz,2023,A1,5,Centre-Back,22,Serbia,24,21,0,925
434109,Fabian Windhager,2157,FC Blau-Weiss Linz,2023,A1,22,Right-Back,21,Austria,7,4,0,163
449458,Erwin Softic,2157,FC Blau-Weiss Linz,2023,A1,3,Centre-Back,21,Austria,0,0,0,0
206951,Lukas Tursch,2157,FC Blau-Weiss Linz,2023,A1,26,Centre-Back,27,Austria,13,10,0,760
434103,Tobias Koch,2157,FC Blau-Weiss Linz,2023,A1,6,Defensive Midfield,22,Austria,23,23,1,1948
531634,Alexander Briedl,2157,FC Blau-Weiss Linz,2023,A1,19,Defensive Midfield,21,Austria,26,22,1,1300
369580,Alem Pasic,2157,FC Blau-Weiss Linz,2023,A1,17,Defensive Midfield,25,Austria,19,16,0,1141
223965,Marco Krainz,2157,FC Blau-Weiss Linz,2023,A1,4,Central Midfield,26,Austria,31,31,0,2119
598541,Paul Mensah,2157,FC Blau-Weiss Linz,2023,A1,10,Attacking Midfield,23,Ghana,31,31,2,2297
59031,Kristijan Dobras,2157,FC Blau-Weiss Linz,2023,A1,30,Attacking Midfield,30,Austria,18,17,2,609
509992,Marcel Schantl,2157,FC Blau-Weiss Linz,2023,A1,28,Central Midfield,22,Austria,23,18,0,467
1178102,Yunus Karakaya,2157,FC Blau-Weiss Linz,2023,A1,26,Defensive Midfield,20,Türkiye,0,0,0,0
159095,Michael Brandner,2157,FC Blau-Weiss Linz,2023,A1,13,Defensive Midfield,28,Austria,15,7,0,202
620496,Simon Seidl,2157,FC Blau-Weiss Linz,2023,A1,20,Right Winger,20,Austria,22,22,4,1385
520857,Conor Noß,2157,FC Blau-Weiss Linz,2023,A1,7,Right Winger,22,Germany,32,32,2,1883
404949,Stefan Feiertag,2157,FC Blau-Weiss Linz,2023,A1,18,Centre-Forward,21,Austria,30,27,1,741
256167,Ronivaldo,2157,FC Blau-Weiss Linz,2023,A1,9,Centre-Forward,34,Austria,29,29,10,2116
717063,João Luiz,2157,FC Blau-Weiss Linz,2023,A1,11,Right Winger,24,Brazil,5,4,0,222
605306,Mehmet Ibrahimi,2157,FC Blau-Weiss Linz,2023,A1,29,Left Winger,20,Germany,16,13,0,264
291097,Nicolas Schmid,2157,FC Blau-Weiss Linz,2021,A1,1,Goalkeeper,24,Austria,0,0,0,0
286798,Felix Gschossmann,2157,FC Blau-Weiss Linz,2021,A1,21,Goalkeeper,24,Austria,0,0,0,0
440676,Armin Sarcevic,2157,FC Blau-Weiss Linz,2021,A1,0,Goalkeeper,22,Austria,0,0,0,0
243230,Simon Pirkl,2157,FC Blau-Weiss Linz,2021,A1,8,Left-Back,24,Austria,0,0,0,0
287995,Manuel Maranda,2157,FC Blau-Weiss Linz,2021,A1,15,Centre-Back,23,Austria,0,0,0,0
339826,Julian Gölles,2157,FC Blau-Weiss Linz,2021,A1,14,Right-Back,21,Austria,0,0,0,0
154140,Fabio Varesi-Strauss,2157,FC Blau-Weiss Linz,2021,A1,2,Centre-Back,26,Austria,0,0,0,0
574666,Danilo Mitrovic,2157,FC Blau-Weiss Linz,2021,A1,4,Centre-Back,20,Serbia,0,0,0,0
620248,Moritz Eder,2157,FC Blau-Weiss Linz,2021,A1,24,Right-Back,18,Austria,0,0,0,0
434109,Fabian Windhager,2157,FC Blau-Weiss Linz,2021,A1,22,Right-Back,19,Austria,0,0,0,0
786013,Amar Beslagic,2157,FC Blau-Weiss Linz,2021,A1,0,Centre-Back,20,Austria,0,0,0,0
68379,Christoph Schösswendter,2157,FC Blau-Weiss Linz,2021,A1,3,Centre-Back,32,Austria,0,0,0,0
76565,Bernhard Janeczek,2157,FC Blau-Weiss Linz,2021,A1,5,Centre-Back,29,Austria,0,0,0,0
525156,Emmanuel Acheampong,2157,FC Blau-Weiss Linz,2021,A1,38,Defender,19,Austria,0,0,0,0
526895,Matthias Seidl,2157,FC Blau-Weiss Linz,2021,A1,18,Central Midfield,20,Austria,0,0,0,0
434103,Tobias Koch,2157,FC Blau-Weiss Linz,2021,A1,6,Defensive Midfield,20,Austria,0,0,0,0
307697,Stefano Surdanovic,2157,FC Blau-Weiss Linz,2021,A1,0,Defensive Midfield,22,Austria,0,0,0,0
598541,Paul Mensah,2157,FC Blau-Weiss Linz,2021,A1,10,Attacking Midfield,21,Ghana,0,0,0,0
159095,Michael Brandner,2157,FC Blau-Weiss Linz,2021,A1,13,Defensive Midfield,26,Austria,0,0,0,0
223969,Philipp Malicsek,2157,FC Blau-Weiss Linz,2021,A1,16,Central Midfield,24,Austria,0,0,0,0
263654,Aleksandar Kostic,2157,FC Blau-Weiss Linz,2021,A1,17,Right Midfield,25,Austria,0,0,0,0
394041,Hannes Huber,2157,FC Blau-Weiss Linz,2021,A1,27,Attacking Midfield,21,Austria,0,0,0,0
394072,Matej Socovka,2157,FC Blau-Weiss Linz,2021,A1,35,Attacking Midfield,21,Slovakia,0,0,0,0
826719,Fally Mayulu,2157,FC Blau-Weiss Linz,2021,A1,11,Centre-Forward,18,France,0,0,0,0
741124,Anteo Fetahu,2157,FC Blau-Weiss Linz,2021,A1,9,Centre-Forward,18,Albania,0,0,0,0
445038,Filip Borsos,2157,FC Blau-Weiss Linz,2021,A1,0,Centre-Forward,21,Hungary,0,0,0,0
254290,Raphael Dwamena,2157,FC Blau-Weiss Linz,2021,A1,0,Centre-Forward,25,Ghana,0,0,0,0
434111,Patrick Plojer,2157,FC Blau-Weiss Linz,2021,A1,7,Right Winger,20,Austria,0,0,0,0
526943,Fabian Neumayr,2157,FC Blau-Weiss Linz,2021,A1,19,Centre-Forward,22,Austria,0,0,0,0
291097,Nicolas Schmid,2157,FC Blau-Weiss Linz,2022,A1,1,Goalkeeper,25,Austria,0,0,0,0
286798,Felix Gschossmann,2157,FC Blau-Weiss Linz,2022,A1,21,Goalkeeper,25,Austria,0,0,0,0
746156,Kevin Radulovic,2157,FC Blau-Weiss Linz,2022,A1,31,Goalkeeper,20,Austria,0,0,0,0
440676,Armin Sarcevic,2157,FC Blau-Weiss Linz,2022,A1,41,Goalkeeper,23,Austria,0,0,0,0
243230,Simon Pirkl,2157,FC Blau-Weiss Linz,2022,A1,8,Left-Back,25,Austria,0,0,0,0
287995,Manuel Maranda,2157,FC Blau-Weiss Linz,2022,A1,15,Centre-Back,24,Austria,0,0,0,0
339826,Julian Gölles,2157,FC Blau-Weiss Linz,2022,A1,14,Right-Back,22,Austria,0,0,0,0
154140,Fabio Varesi-Strauss,2157,FC Blau-Weiss Linz,2022,A1,2,Centre-Back,27,Austria,0,0,0,0
574666,Danilo Mitrovic,2157,FC Blau-Weiss Linz,2022,A1,5,Centre-Back,21,Serbia,0,0,0,0
434109,Fabian Windhager,2157,FC Blau-Weiss Linz,2022,A1,22,Right-Back,20,Austria,0,0,0,0
68379,Christoph Schösswendter,2157,FC Blau-Weiss Linz,2022,A1,3,Centre-Back,33,Austria,0,0,0,0
67442,Lukas Rath,2157,FC Blau-Weiss Linz,2022,A1,17,Centre-Back,30,Austria,0,0,0,0
206951,Lukas Tursch,2157,FC Blau-Weiss Linz,2022,A1,26,Centre-Back,26,Austria,0,0,0,0
526895,Matthias Seidl,2157,FC Blau-Weiss Linz,2022,A1,18,Central Midfield,21,Austria,0,0,0,0
434103,Tobias Koch,2157,FC Blau-Weiss Linz,2022,A1,6,Defensive Midfield,21,Austria,0,0,0,0
531634,Alexander Briedl,2157,FC Blau-Weiss Linz,2022,A1,23,Defensive Midfield,20,Austria,0,0,0,0
223965,Marco Krainz,2157,FC Blau-Weiss Linz,2022,A1,4,Central Midfield,25,Austria,0,0,0,0
598541,Paul Mensah,2157,FC Blau-Weiss Linz,2022,A1,10,Attacking Midfield,22,Ghana,0,0,0,0
406612,Jahn Herrmann,2157,FC Blau-Weiss Linz,2022,A1,27,Attacking Midfield,21,Germany,0,0,0,0
159095,Michael Brandner,2157,FC Blau-Weiss Linz,2022,A1,13,Defensive Midfield,27,Austria,0,0,0,0
826719,Fally Mayulu,2157,FC Blau-Weiss Linz,2022,A1,11,Centre-Forward,19,France,0,0,0,0
620496,Simon Seidl,2157,FC Blau-Weiss Linz,2022,A1,20,Right Winger,19,Austria,0,0,0,0
741124,Anteo Fetahu,2157,FC Blau-Weiss Linz,2022,A1,7,Centre-Forward,19,Albania,0,0,0,0
256167,Ronivaldo,2157,FC Blau-Weiss Linz,2022,A1,9,Centre-Forward,33,Austria,0,0,0,0
526943,Fabian Neumayr,2157,FC Blau-Weiss Linz,2022,A1,19,Centre-Forward,23,Austria,0,0,0,0
622236,Radek Vítek,2157,FC Blau-Weiss Linz,2024,A1,1,Goalkeeper,20,Czech Republic,26,26,0,2340
291097,Nicolas Schmid,2157,FC Blau-Weiss Linz,2024,A1,0,Goalkeeper,27,Austria,2,2,0,180
316729,Thomas Turner,2157,FC Blau-Weiss Linz,2024,A1,24,Goalkeeper,26,Austria,16,0,0,0
746156,Kevin Radulovic,2157,FC Blau-Weiss Linz,2024,A1,31,Goalkeeper,22,Austria,10,0,0,0
29586,Andreas Lukse,2157,FC Blau-Weiss Linz,2024,A1,12,Goalkeeper,36,Austria,9,4,0,360
808690,Bernd Aineter,2157,FC Blau-Weiss Linz,2024,A1,21,Goalkeeper,18,Austria,1,0,0,0
494830,Anderson,2157,FC Blau-Weiss Linz,2024,A1,28,Right-Back,26,Brazil,31,31,2,2501
287995,Manuel Maranda,2157,FC Blau-Weiss Linz,2024,A1,15,Centre-Back,26,Austria,32,32,0,2880
434098,Martin Moormann,2157,FC Blau-Weiss Linz,2024,A1,16,Centre-Back,23,Austria,23,22,0,1746
243230,Simon Pirkl,2157,FC Blau-Weiss Linz,2024,A1,60,Left-Back,27,Austria,30,30,2,2412
795762,Elias Bakatukanda,2157,FC Blau-Weiss Linz,2024,A1,4,Centre-Back,20,DR Congo,13,12,1,713
339826,Julian Gölles,2157,FC Blau-Weiss Linz,2024,A1,14,Right-Back,24,Austria,26,17,0,303
154140,Fabio Varesi-Strauss,2157,FC Blau-Weiss Linz,2024,A1,2,Centre-Back,29,Austria,25,14,0,725
574666,Danilo Mitrovic,2157,FC Blau-Weiss Linz,2024,A1,5,Centre-Back,23,Serbia,18,13,1,622
531640,Lukas Ibertsberger,2157,FC Blau-Weiss Linz,2024,A1,26,Left-Back,20,Austria,14,4,0,123
602443,Silvan Wallner,2157,FC Blau-Weiss Linz,2024,A1,0,Centre-Back,22,Switzerland,6,5,0,320
206951,Lukas Tursch,2157,FC Blau-Weiss Linz,2024,A1,23,Centre-Back,28,Austria,10,4,0,113
1089004,Soumaïla Diabaté,2157,FC Blau-Weiss Linz,2024,A1,0,Defensive Midfield,19,Mali,26,26,0,2321
531634,Alexander Briedl,2157,FC Blau-Weiss Linz,2024,A1,19,Defensive Midfield,22,Austria,24,24,1,2012
369580,Alem Pasic,2157,FC Blau-Weiss Linz,2024,A1,17,Defensive Midfield,26,Austria,30,27,3,1962
598541,Paul Mensah,2157,FC Blau-Weiss Linz,2024,A1,10,Attacking Midfield,24,Ghana,15,11,0,472
873523,Lucas Dantas,2157,FC Blau-Weiss Linz,2024,A1,6,Defensive Midfield,22,Brazil,5,4,0,145
364375,Oliver Wähling,2157,FC Blau-Weiss Linz,2024,A1,8,Attacking Midfield,24,Germany,11,9,1,307
59031,Kristijan Dobras,2157,FC Blau-Weiss Linz,2024,A1,30,Attacking Midfield,31,Austria,32,30,2,1413
509992,Marcel Schantl,2157,FC Blau-Weiss Linz,2024,A1,22,Central Midfield,23,Austria,1,0,0,0
620496,Simon Seidl,2157,FC Blau-Weiss Linz,2024,A1,20,Right Winger,21,Austria,32,31,4,1874
520857,Conor Noß,2157,FC Blau-Weiss Linz,2024,A1,7,Right Winger,23,Germany,18,17,2,666
307939,Alexander Schmidt,2157,FC Blau-Weiss Linz,2024,A1,13,Centre-Forward,26,Austria,27,27,1,762
189912,Thomas Goiginger,2157,FC Blau-Weiss Linz,2024,A1,27,Left Winger,31,Austria,25,25,2,1831
256167,Ronivaldo,2157,FC Blau-Weiss Linz,2024,A1,9,Centre-Forward,35,Austria,31,31,14,2405
717063,João Luiz,2157,FC Blau-Weiss Linz,2024,A1,11,Right Winger,25,Brazil,1,1,0,31
605306,Mehmet Ibrahimi,2157,FC Blau-Weiss Linz,2024,A1,29,Left Winger,21,Germany,6,3,0,61
349536,Nico Mantl,2157,FC Blau-Weiss Linz,2025,A1,58,Goalkeeper,26,Germany,12,12,0,1080
947524,Viktor Baier,2157,FC Blau-Weiss Linz,2025,A1,0,Goalkeeper,21,Czech Republic,17,17,0,1530
316729,Thomas Turner,2157,FC Blau-Weiss Linz,2025,A1,24,Goalkeeper,28,Austria,25,0,0,0
694561,Valentin Oelz,2157,FC Blau-Weiss Linz,2025,A1,13,Goalkeeper,21,Austria,7,0,0,0
746156,Kevin Radulovic,2157,FC Blau-Weiss Linz,2025,A1,31,Goalkeeper,23,Austria,0,0,0,0
494830,Anderson,2157,FC Blau-Weiss Linz,2025,A1,28,Right-Back,28,Brazil,6,6,0,442
287995,Manuel Maranda,2157,FC Blau-Weiss Linz,2025,A1,15,Centre-Back,28,Austria,28,28,0,2505
434098,Martin Moormann,2157,FC Blau-Weiss Linz,2025,A1,16,Centre-Back,25,Austria,27,18,1,1509
243230,Simon Pirkl,2157,FC Blau-Weiss Linz,2025,A1,60,Left-Back,29,Austria,29,26,0,1935
795762,Elias Bakatukanda,2157,FC Blau-Weiss Linz,2025,A1,4,Centre-Back,22,DR Congo,16,14,0,1249
524539,David Riegler,2157,FC Blau-Weiss Linz,2025,A1,22,Centre-Back,23,Austria,12,8,0,495
321850,David Bumberger,2157,FC Blau-Weiss Linz,2025,A1,23,Left-Back,27,Austria,24,14,1,644
154140,Fabio Varesi-Strauss,2157,FC Blau-Weiss Linz,2025,A1,2,Centre-Back,31,Austria,26,12,0,889
808711,Matthias Wetschka,2157,FC Blau-Weiss Linz,2025,A1,32,Centre-Back,21,Austria,4,1,0,4
698560,Cheick Condé,2157,FC Blau-Weiss Linz,2025,A1,26,Defensive Midfield,25,Guinea,7,5,0,207
501054,Isak Dahlqvist,2157,FC Blau-Weiss Linz,2025,A1,5,Right Midfield,24,Sweden,9,8,0,532
531634,Alexander Briedl,2157,FC Blau-Weiss Linz,2025,A1,19,Defensive Midfield,24,Austria,25,25,1,1941
369580,Alem Pasic,2157,FC Blau-Weiss Linz,2025,A1,17,Defensive Midfield,28,Austria,27,23,0,1729
563734,Mamadou Fofana,2157,FC Blau-Weiss Linz,2025,A1,6,Central Midfield,25,Mali,25,23,1,896
223954,Christopher Cvetko,2157,FC Blau-Weiss Linz,2025,A1,14,Central Midfield,29,Austria,26,22,1,1093
598541,Paul Mensah,2157,FC Blau-Weiss Linz,2025,A1,10,Attacking Midfield,26,Ghana,27,12,0,376
307667,Dominik Reiter,2157,FC Blau-Weiss Linz,2025,A1,29,Right Midfield,28,Austria,19,14,1,933
364375,Oliver Wähling,2157,FC Blau-Weiss Linz,2025,A1,8,Attacking Midfield,26,Germany,16,12,0,382
509992,Marcel Schantl,2157,FC Blau-Weiss Linz,2025,A1,0,Central Midfield,25,Austria,4,0,0,0
696514,Felix Gerstmayer,2157,FC Blau-Weiss Linz,2025,A1,21,Central Midfield,21,Austria,3,0,0,0
620496,Simon Seidl,2157,FC Blau-Weiss Linz,2025,A1,20,Right Winger,23,Austria,26,26,7,2152
247652,Shon Weissman,2157,FC Blau-Weiss Linz,2025,A1,18,Centre-Forward,30,Israel,24,24,9,2039
189912,Thomas Goiginger,2157,FC Blau-Weiss Linz,2025,A1,27,Left Winger,33,Austria,18,18,1,1172
346904,Nico Maier,2157,FC Blau-Weiss Linz,2025,A1,30,Right Winger,25,Switzerland,20,18,4,1180
256167,Ronivaldo,2157,FC Blau-Weiss Linz,2025,A1,9,Centre-Forward,37,Austria,27,27,9,1315
548235,Muharem Huskovic,2157,FC Blau-Weiss Linz,2025,A1,0,Centre-Forward,23,Austria,17,11,0,82
580613,Jakob Knollmüller,2157,FC Blau-Weiss Linz,2025,A1,7,Centre-Forward,22,Austria,11,7,0,208
717063,João Luiz,2157,FC Blau-Weiss Linz,2025,A1,11,Right Winger,27,Brazil,14,7,0,135
659375,Paul Schermer,2446,WSG Tirol,2022,A1,1,Goalkeeper,18,Austria,7,0,0,0
319825,Benjamin Ozegovic,2446,WSG Tirol,2022,A1,13,Goalkeeper,22,Austria,28,5,0,450
58360,Ferdinand Oswald,2446,WSG Tirol,2022,A1,25,Goalkeeper,31,Germany,28,27,0,2430
364558,Simon Beccari,2446,WSG Tirol,2022,A1,35,Goalkeeper,23,Italy,1,0,0,0
394134,Felix Bacher,2446,WSG Tirol,2022,A1,5,Centre-Back,21,Austria,30,30,1,2541
321095,Raffael Behounek,2446,WSG Tirol,2022,A1,30,Centre-Back,25,Austria,31,31,1,2717
321874,Johannes Naschberger,2446,WSG Tirol,2022,A1,17,Right-Back,22,Austria,32,26,1,807
375355,Lukas Sulzbacher,2446,WSG Tirol,2022,A1,6,Right-Back,22,Austria,26,26,1,2263
602804,David Jaunegg,2446,WSG Tirol,2022,A1,27,Right-Back,19,Austria,5,3,0,125
524487,Thomas Geris,2446,WSG Tirol,2022,A1,28,Left-Back,19,Austria,2,1,0,31
165407,Osarenren Okungbowa,2446,WSG Tirol,2022,A1,16,Centre-Back,28,Austria,18,15,0,467
307843,Alexander Ranacher,2446,WSG Tirol,2022,A1,14,Right-Back,23,Austria,31,27,3,1346
192539,Kofi Schulz,2446,WSG Tirol,2022,A1,44,Centre-Back,32,Germany,28,28,2,2409
307867,Dominik Stumberger,2446,WSG Tirol,2022,A1,26,Centre-Back,23,Croatia,25,18,1,1376
307817,Valentino Müller,2446,WSG Tirol,2022,A1,4,Defensive Midfield,23,Austria,31,30,3,2438
371861,Zan Rogelj,2446,WSG Tirol,2022,A1,21,Right Midfield,22,Slovenia,29,29,3,1558
320858,Sandi Ogrinec,2446,WSG Tirol,2022,A1,98,Attacking Midfield,24,Slovenia,18,18,3,1223
445623,Cem Üstündag,2446,WSG Tirol,2022,A1,20,Central Midfield,21,Austria,15,6,0,226
286622,Julius Ertlthaler,2446,WSG Tirol,2022,A1,77,Attacking Midfield,25,Austria,19,18,2,1012
189044,Bror Blume,2446,WSG Tirol,2022,A1,10,Central Midfield,30,Denmark,25,25,0,2005
524475,Kilian Bauernfeind,2446,WSG Tirol,2022,A1,8,Central Midfield,20,Austria,6,2,0,60
602778,Florian Tipotsch,2446,WSG Tirol,2022,A1,22,Midfield,19,Austria,0,0,0,0
469690,Nik Prelec,2446,WSG Tirol,2022,A1,0,Centre-Forward,21,Slovenia,13,13,6,1022
527347,Tim Prica,2446,WSG Tirol,2022,A1,33,Centre-Forward,20,Sweden,29,29,8,1449
394032,Thomas Sabitzer,2446,WSG Tirol,2022,A1,7,Left Winger,21,Austria,22,22,4,1688
589746,Stefan Skrbo,2446,WSG Tirol,2022,A1,23,Left Winger,21,Austria,11,9,0,286
602767,Justin Forst,2446,WSG Tirol,2022,A1,19,Centre-Forward,19,Austria,31,26,1,816
283602,Lautaro Rinaldi,2446,WSG Tirol,2022,A1,11,Centre-Forward,28,Argentina,12,12,1,418
335063,Denis Tomic,2446,WSG Tirol,2022,A1,18,Centre-Forward,24,Austria,23,18,1,436
659375,Paul Schermer,2446,WSG Tirol,2021,A1,1,Goalkeeper,17,Austria,7,0,0,0
319825,Benjamin Ozegovic,2446,WSG Tirol,2021,A1,13,Goalkeeper,21,Austria,31,11,0,865
58360,Ferdinand Oswald,2446,WSG Tirol,2021,A1,25,Goalkeeper,30,Germany,26,23,0,2015
364558,Simon Beccari,2446,WSG Tirol,2021,A1,35,Goalkeeper,22,Italy,0,0,0,0
394134,Felix Bacher,2446,WSG Tirol,2021,A1,5,Centre-Back,20,Austria,21,17,0,1028
441987,Leon Klassen,2446,WSG Tirol,2021,A1,0,Left-Back,21,Russia,18,17,0,1369
321095,Raffael Behounek,2446,WSG Tirol,2021,A1,30,Centre-Back,24,Austria,30,30,2,2590
321874,Johannes Naschberger,2446,WSG Tirol,2021,A1,17,Right-Back,21,Austria,25,24,0,804
312218,Maxime Awoudja,2446,WSG Tirol,2021,A1,15,Centre-Back,23,Germany,20,20,2,1468
307843,Alexander Ranacher,2446,WSG Tirol,2021,A1,14,Right-Back,22,Austria,28,20,1,509
192539,Kofi Schulz,2446,WSG Tirol,2021,A1,44,Centre-Back,31,Germany,14,13,1,1030
289042,Mario Andric,2446,WSG Tirol,2021,A1,22,Left-Back,23,Austria,10,3,0,80
59069,Fabian Koch,2446,WSG Tirol,2021,A1,24,Right-Back,32,Austria,28,28,1,2354
307867,Dominik Stumberger,2446,WSG Tirol,2021,A1,26,Centre-Back,22,Croatia,20,15,0,1093
307817,Valentino Müller,2446,WSG Tirol,2021,A1,4,Defensive Midfield,22,Austria,30,28,2,1732
371861,Zan Rogelj,2446,WSG Tirol,2021,A1,21,Right Midfield,21,Slovenia,30,30,1,2196
320858,Sandi Ogrinec,2446,WSG Tirol,2021,A1,98,Attacking Midfield,23,Slovenia,11,11,1,654
286622,Julius Ertlthaler,2446,WSG Tirol,2021,A1,77,Attacking Midfield,24,Austria,13,13,1,616
353899,Nemanja Celic,2446,WSG Tirol,2021,A1,0,Defensive Midfield,22,Austria,0,0,0,0
189044,Bror Blume,2446,WSG Tirol,2021,A1,10,Central Midfield,29,Denmark,28,28,2,2239
82110,Thanos Petsos,2446,WSG Tirol,2021,A1,0,Defensive Midfield,30,Greece,17,17,2,1457
291895,Renny Smith,2446,WSG Tirol,2021,A1,8,Central Midfield,24,Austria,20,14,0,625
197100,Markus Wallner,2446,WSG Tirol,2021,A1,27,Left Midfield,24,Austria,22,18,0,454
363178,Giacomo Vrioni,2446,WSG Tirol,2021,A1,9,Centre-Forward,22,Albania,25,25,17,1895
527347,Tim Prica,2446,WSG Tirol,2021,A1,33,Centre-Forward,19,Sweden,14,14,0,812
394032,Thomas Sabitzer,2446,WSG Tirol,2021,A1,7,Left Winger,20,Austria,27,27,8,1692
321847,Tobias Anselm,2446,WSG Tirol,2021,A1,20,Centre-Forward,21,Austria,8,8,1,572
589746,Stefan Skrbo,2446,WSG Tirol,2021,A1,23,Left Winger,20,Austria,22,20,1,899
602767,Justin Forst,2446,WSG Tirol,2021,A1,19,Centre-Forward,18,Austria,11,8,1,176
524490,Felix Kerber,2446,WSG Tirol,2021,A1,11,Attack,18,Austria,2,1,0,6
335063,Denis Tomic,2446,WSG Tirol,2021,A1,18,Centre-Forward,23,Austria,18,16,0,426
552035,Adam Stejskal,2446,WSG Tirol,2023,A1,40,Goalkeeper,21,Czech Republic,32,32,0,2832
659375,Paul Schermer,2446,WSG Tirol,2023,A1,1,Goalkeeper,19,Austria,15,1,0,9
319825,Benjamin Ozegovic,2446,WSG Tirol,2023,A1,13,Goalkeeper,23,Austria,17,1,0,38
58360,Ferdinand Oswald,2446,WSG Tirol,2023,A1,25,Goalkeeper,32,Germany,0,0,0,0
394134,Felix Bacher,2446,WSG Tirol,2023,A1,5,Centre-Back,22,Austria,28,28,1,2464
321095,Raffael Behounek,2446,WSG Tirol,2023,A1,0,Centre-Back,26,Austria,0,0,0,0
321874,Johannes Naschberger,2446,WSG Tirol,2023,A1,17,Right-Back,23,Austria,23,19,0,773
375355,Lukas Sulzbacher,2446,WSG Tirol,2023,A1,6,Right-Back,23,Austria,30,29,1,2510
223960,David Gugganig,2446,WSG Tirol,2023,A1,3,Centre-Back,26,Austria,28,22,0,1820
602804,David Jaunegg,2446,WSG Tirol,2023,A1,27,Right-Back,20,Austria,9,1,0,10
524487,Thomas Geris,2446,WSG Tirol,2023,A1,28,Left-Back,20,Austria,15,13,0,532
165407,Osarenren Okungbowa,2446,WSG Tirol,2023,A1,22,Centre-Back,29,Austria,28,23,1,1950
307843,Alexander Ranacher,2446,WSG Tirol,2023,A1,14,Right-Back,24,Austria,21,16,0,880
192539,Kofi Schulz,2446,WSG Tirol,2023,A1,44,Centre-Back,33,Germany,31,30,1,2308
307867,Dominik Stumberger,2446,WSG Tirol,2023,A1,26,Centre-Back,24,Croatia,18,14,0,831
307817,Valentino Müller,2446,WSG Tirol,2023,A1,4,Defensive Midfield,24,Austria,15,13,0,836
434104,Matthäus Taferner,2446,WSG Tirol,2023,A1,30,Central Midfield,22,Austria,29,29,1,2453
320858,Sandi Ogrinec,2446,WSG Tirol,2023,A1,98,Attacking Midfield,25,Slovenia,30,27,1,1216
445623,Cem Üstündag,2446,WSG Tirol,2023,A1,20,Central Midfield,22,Austria,24,21,0,1175
286622,Julius Ertlthaler,2446,WSG Tirol,2023,A1,77,Attacking Midfield,26,Austria,16,16,2,976
189044,Bror Blume,2446,WSG Tirol,2023,A1,10,Central Midfield,31,Denmark,16,14,0,782
469690,Nik Prelec,2446,WSG Tirol,2023,A1,9,Centre-Forward,22,Slovenia,32,32,8,2730
589746,Stefan Skrbo,2446,WSG Tirol,2023,A1,23,Left Winger,22,Austria,14,10,1,316
700003,Yannick Vötter,2446,WSG Tirol,2023,A1,21,Right Winger,18,Austria,4,4,0,33
935096,Mahamadou Diarra,2446,WSG Tirol,2023,A1,8,Centre-Forward,19,Mali,22,22,4,1501
602767,Justin Forst,2446,WSG Tirol,2023,A1,19,Centre-Forward,20,Austria,14,13,0,157
519011,Luca Kronberger,2446,WSG Tirol,2023,A1,7,Left Winger,21,Austria,26,23,3,1172
553757,Aleksander Buksa,2446,WSG Tirol,2023,A1,11,Centre-Forward,20,Poland,30,29,1,1197
335063,Denis Tomic,2446,WSG Tirol,2023,A1,18,Centre-Forward,25,Austria,9,8,2,147
286546,Jakob Meierhofer,316,Grazer AK 1902,2022,A1,1,Goalkeeper,24,Austria,0,0,0,0
194457,Christoph Nicht,316,Grazer AK 1902,2022,A1,26,Goalkeeper,28,Austria,0,0,0,0
684775,Josef Gruber,316,Grazer AK 1902,2022,A1,0,Goalkeeper,24,Austria,0,0,0,0
796766,Maximilian Fahler,316,Grazer AK 1902,2022,A1,33,Goalkeeper,18,Austria,0,0,0,0
966946,Shaoziyang Liu,316,Grazer AK 1902,2022,A1,38,Goalkeeper,18,China,0,0,0,0
523895,Paul Koller,316,Grazer AK 1902,2022,A1,4,Centre-Back,20,Austria,0,0,0,0
488066,Felix Köchl,316,Grazer AK 1902,2022,A1,24,Right-Back,20,Austria,0,0,0,0
197084,Benjamin Rosenberger,316,Grazer AK 1902,2022,A1,27,Left-Back,26,Austria,0,0,0,0
604519,Elias Jandrisevits,316,Grazer AK 1902,2022,A1,5,Left-Back,18,Austria,0,0,0,0
205217,Lukas Graf,316,Grazer AK 1902,2022,A1,15,Centre-Back,27,Austria,0,0,0,0
286623,Marco Gantschnig,316,Grazer AK 1902,2022,A1,19,Centre-Back,24,Austria,0,0,0,0
195803,Milos Jovicic,316,Grazer AK 1902,2022,A1,30,Centre-Back,27,Serbia,0,0,0,0
692713,Maximilian Somnitz,316,Grazer AK 1902,2022,A1,8,Centre-Back,19,Germany,0,0,0,0
223980,Philipp Seidl,316,Grazer AK 1902,2022,A1,2,Right-Back,24,Austria,0,0,0,0
72146,Michael Huber,316,Grazer AK 1902,2022,A1,3,Centre-Back,32,Austria,0,0,0,0
337695,Michael Lang,316,Grazer AK 1902,2022,A1,21,Right-Back,23,Austria,0,0,0,0
623331,Bogdan Viunnyk,316,Grazer AK 1902,2022,A1,99,Attacking Midfield,20,Ukraine,0,0,0,0
308408,Thorsten Schriebl,316,Grazer AK 1902,2022,A1,20,Central Midfield,23,Austria,0,0,0,0
531604,Thomas Schiestl,316,Grazer AK 1902,2022,A1,17,Left Midfield,19,Austria,0,0,0,0
405290,Levan Eloshvili,316,Grazer AK 1902,2022,A1,11,Attacking Midfield,24,Georgia,0,0,0,0
158155,Markus Rusek,316,Grazer AK 1902,2022,A1,6,Central Midfield,28,Austria,0,0,0,0
17057,Michael Liendl,316,Grazer AK 1902,2022,A1,10,Attacking Midfield,36,Austria,0,0,0,0
45459,Marco Perchtold,316,Grazer AK 1902,2022,A1,13,Defensive Midfield,33,Austria,0,0,0,0
601131,Paolo Jager,316,Grazer AK 1902,2022,A1,23,Central Midfield,18,Austria,0,0,0,0
1040215,Martin Murg,316,Grazer AK 1902,2022,A1,32,Central Midfield,16,Austria,0,0,0,0
341762,Lukas Gabbichler,316,Grazer AK 1902,2022,A1,22,Centre-Forward,24,Austria,0,0,0,0
524560,Lenn Jastremski,316,Grazer AK 1902,2022,A1,25,Centre-Forward,21,Germany,0,0,0,0
586504,Atsushi Zaizen,316,Grazer AK 1902,2022,A1,7,Centre-Forward,23,Japan,0,0,0,0
122897,David Peham,316,Grazer AK 1902,2022,A1,9,Centre-Forward,30,Austria,0,0,0,0
599167,Paul Kiedl,316,Grazer AK 1902,2022,A1,0,Centre-Forward,20,Austria,0,0,0,0
941784,Max Rauter,316,Grazer AK 1902,2022,A1,0,Centre-Forward,18,Austria,0,0,0,0
1098302,Artem Marchenko,316,Grazer AK 1902,2022,A1,31,Left Winger,16,Ukraine,0,0,0,0
510578,Daniel Kalajdzic,316,Grazer AK 1902,2022,A1,47,Centre-Forward,21,Austria,0,0,0,0
286546,Jakob Meierhofer,316,Grazer AK 1902,2021,A1,1,Goalkeeper,23,Austria,0,0,0,0
194457,Christoph Nicht,316,Grazer AK 1902,2021,A1,26,Goalkeeper,27,Austria,0,0,0,0
514583,Gabriel Suprun,316,Grazer AK 1902,2021,A1,33,Goalkeeper,19,Austria,0,0,0,0
910492,Julian Pobinger,316,Grazer AK 1902,2021,A1,71,Goalkeeper,16,Austria,0,0,0,0
523902,Chris Weigelt,316,Grazer AK 1902,2021,A1,77,Goalkeeper,19,Austria,0,0,0,0
523895,Paul Koller,316,Grazer AK 1902,2021,A1,30,Centre-Back,19,Austria,0,0,0,0
488066,Felix Köchl,316,Grazer AK 1902,2021,A1,24,Right-Back,19,Austria,0,0,0,0
291653,Josef Weberbauer,316,Grazer AK 1902,2021,A1,0,Right-Back,23,Austria,0,0,0,0
197084,Benjamin Rosenberger,316,Grazer AK 1902,2021,A1,27,Left-Back,25,Austria,0,0,0,0
205217,Lukas Graf,316,Grazer AK 1902,2021,A1,15,Centre-Back,26,Austria,0,0,0,0
286623,Marco Gantschnig,316,Grazer AK 1902,2021,A1,19,Centre-Back,23,Austria,0,0,0,0
223980,Philipp Seidl,316,Grazer AK 1902,2021,A1,2,Right-Back,23,Austria,0,0,0,0
72146,Michael Huber,316,Grazer AK 1902,2021,A1,3,Centre-Back,31,Austria,0,0,0,0
52230,Stephan Palla,316,Grazer AK 1902,2021,A1,4,Left-Back,32,Philippines,0,0,0,0
910491,Emir Poric,316,Grazer AK 1902,2021,A1,12,Centre-Back,17,Austria,0,0,0,0
808348,Mamadou Sangaré,316,Grazer AK 1902,2021,A1,10,Central Midfield,19,Mali,0,0,0,0
158155,Markus Rusek,316,Grazer AK 1902,2021,A1,6,Central Midfield,27,Austria,0,0,0,0
444924,Lukas Alterdinger,316,Grazer AK 1902,2021,A1,0,Central Midfield,23,Austria,0,0,0,0
159158,Gerald Nutz,316,Grazer AK 1902,2021,A1,8,Central Midfield,27,Austria,0,0,0,0
45459,Marco Perchtold,316,Grazer AK 1902,2021,A1,13,Defensive Midfield,32,Austria,0,0,0,0
394014,Dragan Smoljan,316,Grazer AK 1902,2021,A1,18,Defensive Midfield,20,Croatia,0,0,0,0
354074,Thomas Fink,316,Grazer AK 1902,2021,A1,20,Attacking Midfield,22,Austria,0,0,0,0
527553,Markus Stenzel,316,Grazer AK 1902,2021,A1,32,Defensive Midfield,19,Austria,0,0,0,0
925791,Alexander Hofbauer,316,Grazer AK 1902,2021,A1,0,Midfield,17,Austria,0,0,0,0
341762,Lukas Gabbichler,316,Grazer AK 1902,2021,A1,22,Centre-Forward,23,Austria,0,0,0,0
122897,David Peham,316,Grazer AK 1902,2021,A1,9,Centre-Forward,29,Austria,0,0,0,0
941784,Max Rauter,316,Grazer AK 1902,2021,A1,0,Centre-Forward,17,Austria,0,0,0,0
899025,Pedro Felipe,316,Grazer AK 1902,2021,A1,7,Centre-Forward,24,Brazil,0,0,0,0
80164,Martin Harrer,316,Grazer AK 1902,2021,A1,11,Centre-Forward,29,Austria,0,0,0,0
599167,Paul Kiedl,316,Grazer AK 1902,2021,A1,14,Centre-Forward,19,Austria,0,0,0,0
687413,Reality Asemota,316,Grazer AK 1902,2021,A1,29,Left Winger,18,Nigeria,0,0,0,0
780161,Florian Jessenitschnig,316,Grazer AK 1902,2021,A1,31,Second Striker,18,Austria,0,0,0,0
510578,Daniel Kalajdzic,316,Grazer AK 1902,2021,A1,47,Centre-Forward,20,Austria,0,0,0,0
601128,Roland Hartmann,316,Grazer AK 1902,2021,A1,0,Centre-Forward,18,Austria,0,0,0,0
552035,Adam Stejskal,2446,WSG Tirol,2024,A1,40,Goalkeeper,22,Czech Republic,32,32,0,2880
354198,Alexander Eckmayr,2446,WSG Tirol,2024,A1,13,Goalkeeper,24,Austria,18,0,0,0
659375,Paul Schermer,2446,WSG Tirol,2024,A1,1,Goalkeeper,20,Austria,14,0,0,0
522248,Jamie Lawrence,2446,WSG Tirol,2024,A1,5,Centre-Back,21,Germany,28,28,3,2520
321874,Johannes Naschberger,2446,WSG Tirol,2024,A1,17,Right-Back,24,Austria,32,24,2,1136
431848,Jonas David,2446,WSG Tirol,2024,A1,24,Centre-Back,24,Germany,17,17,2,1461
375355,Lukas Sulzbacher,2446,WSG Tirol,2024,A1,6,Right-Back,24,Austria,18,18,0,1459
223960,David Gugganig,2446,WSG Tirol,2024,A1,3,Centre-Back,27,Austria,26,24,1,2011
602804,David Jaunegg,2446,WSG Tirol,2024,A1,27,Right-Back,21,Austria,25,22,1,1424
524487,Thomas Geris,2446,WSG Tirol,2024,A1,28,Left-Back,21,Austria,21,8,0,404
165407,Osarenren Okungbowa,2446,WSG Tirol,2024,A1,22,Centre-Back,30,Austria,20,15,0,736
307843,Alexander Ranacher,2446,WSG Tirol,2024,A1,14,Right-Back,25,Austria,22,13,0,541
307817,Valentino Müller,2446,WSG Tirol,2024,A1,4,Defensive Midfield,25,Austria,32,32,4,2875
434104,Matthäus Taferner,2446,WSG Tirol,2024,A1,30,Central Midfield,23,Austria,27,27,1,2362
533350,Quincy Butler,2446,WSG Tirol,2024,A1,7,Right Midfield,22,United States,32,32,4,2339
445623,Cem Üstündag,2446,WSG Tirol,2024,A1,20,Central Midfield,23,Austria,29,26,2,1373
842272,Christian Huetz,2446,WSG Tirol,2024,A1,0,Attacking Midfield,17,Austria,2,1,0,12
189044,Bror Blume,2446,WSG Tirol,2024,A1,10,Central Midfield,32,Denmark,28,21,3,1314
309393,Lennart Czyborra,2446,WSG Tirol,2024,A1,25,Left Midfield,25,Germany,21,20,0,1592
1311874,Mazou Bambara,2446,WSG Tirol,2024,A1,15,Attacking Midfield,18,Burkina Faso,2,1,0,1
918857,Mathew Collins,2446,WSG Tirol,2024,A1,31,Right Midfield,19,Switzerland,0,0,0,0
321847,Tobias Anselm,2446,WSG Tirol,2024,A1,11,Centre-Forward,24,Austria,22,20,2,573
589746,Stefan Skrbo,2446,WSG Tirol,2024,A1,23,Left Winger,23,Austria,26,25,4,1481
700003,Yannick Vötter,2446,WSG Tirol,2024,A1,21,Right Winger,19,Austria,15,12,0,256
602767,Justin Forst,2446,WSG Tirol,2024,A1,0,Centre-Forward,21,Austria,1,0,0,0
935096,Mahamadou Diarra,2446,WSG Tirol,2024,A1,8,Centre-Forward,20,Mali,28,25,3,1014
59054,Lukas Hinterseer,2446,WSG Tirol,2024,A1,16,Centre-Forward,33,Austria,23,23,3,1320
317847,Florian Rieder,2446,WSG Tirol,2024,A1,33,Left Winger,28,Austria,15,10,0,507
524474,Renato Babic,2446,WSG Tirol,2024,A1,32,Left Winger,21,Croatia,0,0,0,0
286546,Jakob Meierhofer,316,Grazer AK 1902,2023,A1,1,Goalkeeper,25,Austria,0,0,0,0
194457,Christoph Nicht,316,Grazer AK 1902,2023,A1,26,Goalkeeper,29,Austria,0,0,0,0
1176119,Haris Mujanic,316,Grazer AK 1902,2023,A1,31,Goalkeeper,15,Bosnia-Herzegovina,0,0,0,0
796766,Maximilian Fahler,316,Grazer AK 1902,2023,A1,33,Goalkeeper,19,Austria,0,0,0,0
488066,Felix Köchl,316,Grazer AK 1902,2023,A1,24,Right-Back,21,Austria,0,0,0,0
197084,Benjamin Rosenberger,316,Grazer AK 1902,2023,A1,27,Left-Back,27,Austria,0,0,0,0
515132,Yannick Oberleitner,316,Grazer AK 1902,2023,A1,5,Centre-Back,21,Germany,0,0,0,0
205217,Lukas Graf,316,Grazer AK 1902,2023,A1,15,Centre-Back,28,Austria,0,0,0,0
286623,Marco Gantschnig,316,Grazer AK 1902,2023,A1,19,Centre-Back,25,Austria,0,0,0,0
195803,Milos Jovicic,316,Grazer AK 1902,2023,A1,30,Centre-Back,28,Serbia,0,0,0,0
526026,Felix Holzhacker,316,Grazer AK 1902,2023,A1,22,Left-Back,21,Austria,0,0,0,0
1141295,Sebastian Jost,316,Grazer AK 1902,2023,A1,18,Centre-Back,16,Austria,0,0,0,0
337695,Michael Lang,316,Grazer AK 1902,2023,A1,21,Right-Back,24,Austria,0,0,0,0
225687,Murat Satin,316,Grazer AK 1902,2023,A1,7,Central Midfield,26,Austria,0,0,0,0
282753,Christian Lichtenberger,316,Grazer AK 1902,2023,A1,10,Attacking Midfield,27,Austria,0,0,0,0
308408,Thorsten Schriebl,316,Grazer AK 1902,2023,A1,20,Central Midfield,24,Austria,0,0,0,0
531604,Thomas Schiestl,316,Grazer AK 1902,2023,A1,17,Left Midfield,20,Austria,0,0,0,0
405290,Levan Eloshvili,316,Grazer AK 1902,2023,A1,11,Attacking Midfield,25,Georgia,0,0,0,0
158155,Markus Rusek,316,Grazer AK 1902,2023,A1,6,Central Midfield,29,Austria,0,0,0,0
523921,Gabriel Zirngast,316,Grazer AK 1902,2023,A1,8,Attacking Midfield,21,Austria,0,0,0,0
45459,Marco Perchtold,316,Grazer AK 1902,2023,A1,13,Defensive Midfield,34,Austria,0,0,0,0
601131,Paolo Jager,316,Grazer AK 1902,2023,A1,23,Central Midfield,19,Austria,0,0,0,0
1040215,Martin Murg,316,Grazer AK 1902,2023,A1,32,Central Midfield,17,Austria,0,0,0,0
863911,Kevin-Prince Milla,316,Grazer AK 1902,2023,A1,28,Centre-Forward,19,Cameroon,0,0,0,0
195741,Daniel Maderner,316,Grazer AK 1902,2023,A1,9,Centre-Forward,27,Austria,0,0,0,0
524560,Lenn Jastremski,316,Grazer AK 1902,2023,A1,25,Centre-Forward,22,Germany,0,0,0,0
586504,Atsushi Zaizen,316,Grazer AK 1902,2023,A1,7,Centre-Forward,24,Japan,0,0,0,0
159584,Thomas Mayer,316,Grazer AK 1902,2023,A1,16,Right Winger,27,Austria,0,0,0,0
372036,Jan Stefanon,316,Grazer AK 1902,2023,A1,70,Centre-Forward,24,Austria,0,0,0,0
122897,David Peham,316,Grazer AK 1902,2023,A1,0,Centre-Forward,31,Austria,0,0,0,0
514366,Michael Cheukoua,316,Grazer AK 1902,2023,A1,99,Centre-Forward,26,Cameroon,0,0,0,0
592924,Andreas Jungdal,3551,SCR Altach,2022,A1,1,Goalkeeper,20,Denmark,10,6,0,540
159758,Armin Gremsl,3551,SCR Altach,2022,A1,0,Goalkeeper,27,Austria,7,0,0,0
169271,Tino Casali,3551,SCR Altach,2022,A1,13,Goalkeeper,26,Austria,32,23,0,2070
526353,Jakob Odehnal,3551,SCR Altach,2022,A1,32,Goalkeeper,20,Austria,15,3,0,270
604358,David Herold,3551,SCR Altach,2022,A1,30,Left-Back,19,Germany,16,15,0,1211
672616,Jan Jurcec,3551,SCR Altach,2022,A1,28,Right-Back,21,Croatia,31,31,2,1826
433219,Pape-Alioune Ndiaye,3551,SCR Altach,2022,A1,6,Centre-Back,24,France,14,7,0,387
453786,Felix Strauss,3551,SCR Altach,2022,A1,4,Centre-Back,21,Austria,21,21,0,1653
276841,Nosa Iyobosa Edokpolor,3551,SCR Altach,2022,A1,17,Left-Back,25,Austria,28,26,0,2248
156681,Stefan Haudum,3551,SCR Altach,2022,A1,27,Centre-Back,27,Austria,27,27,0,1736
164142,Lukas Gugganig,3551,SCR Altach,2022,A1,5,Centre-Back,27,Austria,29,21,1,1451
404943,Sebastian Aigner,3551,SCR Altach,2022,A1,19,Centre-Back,21,Austria,25,17,0,685
120206,Lukas Jäger,3551,SCR Altach,2022,A1,23,Centre-Back,28,Austria,30,30,1,2700
307485,Manuel Thurnwald,3551,SCR Altach,2022,A1,34,Right-Back,23,Austria,22,21,0,1288
488070,Simon Nelson,3551,SCR Altach,2022,A1,3,Centre-Back,20,Austria,6,4,0,246
610765,Samuel Mischitz,3551,SCR Altach,2022,A1,14,Right-Back,18,Austria,5,3,0,47
83617,Jan Zwischenbrugger,3551,SCR Altach,2022,A1,18,Centre-Back,32,Austria,24,23,0,1708
650944,Amankwah Forson,3551,SCR Altach,2022,A1,0,Central Midfield,19,Ghana,16,16,1,958
193006,Mike-Steven Bähre,3551,SCR Altach,2022,A1,8,Central Midfield,26,Germany,7,7,1,481
307667,Dominik Reiter,3551,SCR Altach,2022,A1,10,Right Midfield,24,Austria,7,7,0,372
307871,Johannes Tartarotti,3551,SCR Altach,2022,A1,20,Attacking Midfield,22,Austria,21,18,1,522
750886,Alexis Tibidi,3551,SCR Altach,2022,A1,0,Attacking Midfield,18,France,16,16,5,1248
241803,Husein Balic,3551,SCR Altach,2022,A1,15,Left Midfield,26,Austria,12,12,0,905
502694,Jurica Jurcec,3551,SCR Altach,2022,A1,24,Attacking Midfield,20,Croatia,4,4,0,167
257730,Bakary Nimaga,3551,SCR Altach,2022,A1,0,Defensive Midfield,27,Mali,10,10,0,698
59132,Emanuel Schreiner,3551,SCR Altach,2022,A1,16,Left Midfield,33,Austria,17,13,1,625
694596,Emre Yabantas,3551,SCR Altach,2022,A1,26,Defensive Midfield,18,Austria,3,1,0,31
698548,Marko Lazetić,3551,SCR Altach,2022,A1,12,Centre-Forward,18,Serbia,12,10,0,262
519444,Noah Bischof,3551,SCR Altach,2022,A1,7,Centre-Forward,19,Austria,23,23,3,1520
396646,Guy Dahan,3551,SCR Altach,2022,A1,0,Centre-Forward,22,Israel,0,0,0,0
404929,Amir Abdijanovic,3551,SCR Altach,2022,A1,22,Second Striker,21,Austria,24,20,1,799
807956,Damian Maksimovic,3551,SCR Altach,2022,A1,21,Centre-Forward,17,Austria,4,1,0,5
501196,Csaba Bukta,3551,SCR Altach,2022,A1,11,Right Winger,20,Hungary,28,27,0,782
53436,Atdhe Nuhiu,3551,SCR Altach,2022,A1,9,Centre-Forward,32,Kosovo,30,30,10,2238
393999,Florian Wiegele,316,Grazer AK 1902,2024,A1,44,Goalkeeper,23,Austria,15,15,0,1350
725011,Juri Kirchmayr,316,Grazer AK 1902,2024,A1,0,Goalkeeper,18,Austria,5,0,0,0
286546,Jakob Meierhofer,316,Grazer AK 1902,2024,A1,1,Goalkeeper,26,Austria,31,17,0,1530
194457,Christoph Nicht,316,Grazer AK 1902,2024,A1,26,Goalkeeper,30,Austria,13,0,0,0
1176119,Haris Mujanic,316,Grazer AK 1902,2024,A1,31,Goalkeeper,16,Bosnia-Herzegovina,0,0,0,0
797791,Antonio Tikvic,316,Grazer AK 1902,2024,A1,3,Centre-Back,20,Croatia,16,15,0,1208
545810,Jacob Italiano,316,Grazer AK 1902,2024,A1,14,Right-Back,22,Australia,28,28,1,1716
120197,Martin Kreuzriegler,316,Grazer AK 1902,2024,A1,4,Centre-Back,30,Austria,19,12,0,737
197084,Benjamin Rosenberger,316,Grazer AK 1902,2024,A1,27,Left-Back,28,Austria,26,26,1,1542
205217,Lukas Graf,316,Grazer AK 1902,2024,A1,15,Centre-Back,29,Austria,16,13,0,976
286623,Marco Gantschnig,316,Grazer AK 1902,2024,A1,19,Centre-Back,26,Austria,26,15,1,730
195803,Milos Jovicic,316,Grazer AK 1902,2024,A1,30,Centre-Back,29,Serbia,27,25,0,2201
526026,Felix Holzhacker,316,Grazer AK 1902,2024,A1,0,Left-Back,22,Austria,2,1,0,2
337695,Michael Lang,316,Grazer AK 1902,2024,A1,0,Right-Back,25,Austria,14,14,2,1047
85922,Petar Filipovic,316,Grazer AK 1902,2024,A1,5,Centre-Back,33,Germany,26,26,1,2168
644613,Sadik Fofana,316,Grazer AK 1902,2024,A1,6,Defensive Midfield,21,Togo,14,14,0,1215
692474,Zeteny Jano,316,Grazer AK 1902,2024,A1,18,Attacking Midfield,19,Austria,14,14,1,760
324856,Dennis Dressel,316,Grazer AK 1902,2024,A1,0,Defensive Midfield,25,Germany,14,14,0,934
225687,Murat Satin,316,Grazer AK 1902,2024,A1,7,Central Midfield,27,Austria,29,29,0,2123
282753,Christian Lichtenberger,316,Grazer AK 1902,2024,A1,10,Attacking Midfield,28,Austria,31,31,5,1904
308408,Thorsten Schriebl,316,Grazer AK 1902,2024,A1,20,Central Midfield,25,Austria,23,22,0,1054
273553,Dominik Frieser,316,Grazer AK 1902,2024,A1,28,Right Midfield,30,Austria,29,29,1,2044
220656,László Kleinheisler,316,Grazer AK 1902,2024,A1,8,Attacking Midfield,30,Hungary,13,13,0,393
531604,Thomas Schiestl,316,Grazer AK 1902,2024,A1,17,Left Midfield,21,Austria,10,6,0,375
158155,Markus Rusek,316,Grazer AK 1902,2024,A1,0,Central Midfield,30,Austria,1,0,0,0
523921,Gabriel Zirngast,316,Grazer AK 1902,2024,A1,0,Attacking Midfield,22,Austria,3,0,0,0
45459,Marco Perchtold,316,Grazer AK 1902,2024,A1,13,Defensive Midfield,35,Austria,29,21,1,821
668395,Tobias Revelant,316,Grazer AK 1902,2024,A1,0,Left Midfield,20,Austria,3,2,0,10
923893,Sanel Salihovic,316,Grazer AK 1902,2024,A1,0,Defensive Midfield,18,Austria,1,0,0,0
795431,Tio Cipot,316,Grazer AK 1902,2024,A1,11,Centre-Forward,21,Slovenia,28,27,7,1507
195741,Daniel Maderner,316,Grazer AK 1902,2024,A1,9,Centre-Forward,28,Austria,28,28,7,1888
566630,Romeo Vucic,316,Grazer AK 1902,2024,A1,12,Centre-Forward,21,Austria,17,17,2,696
586504,Atsushi Zaizen,316,Grazer AK 1902,2024,A1,0,Centre-Forward,25,Japan,15,12,1,407
514366,Michael Cheukoua,316,Grazer AK 1902,2024,A1,0,Centre-Forward,27,Cameroon,10,9,1,264
115989,Dejan Stojanovic,3551,SCR Altach,2023,A1,1,Goalkeeper,29,Austria,26,26,0,2274
243237,Tobias Schützenauer,3551,SCR Altach,2023,A1,32,Goalkeeper,26,Austria,27,6,0,517
354198,Alexander Eckmayr,3551,SCR Altach,2023,A1,31,Goalkeeper,23,Austria,9,1,0,90
842218,Paul Piffer,3551,SCR Altach,2023,A1,33,Goalkeeper,17,Austria,2,0,0,0
523895,Paul Koller,3551,SCR Altach,2023,A1,15,Centre-Back,21,Austria,31,31,3,2717
672616,Jan Jurcec,3551,SCR Altach,2023,A1,28,Right-Back,22,Croatia,29,28,0,1124
1107570,Mohamed Ouédraogo,3551,SCR Altach,2023,A1,29,Left-Back,20,Burkina Faso,15,15,1,1145
525157,Pascal Estrada,3551,SCR Altach,2023,A1,22,Centre-Back,21,Austria,8,6,0,341
453786,Felix Strauss,3551,SCR Altach,2023,A1,4,Centre-Back,22,Austria,18,10,0,690
286643,Constantin Reiner,3551,SCR Altach,2023,A1,6,Centre-Back,25,Austria,23,23,0,1805
286627,Sandro Ingolitsch,3551,SCR Altach,2023,A1,25,Right-Back,26,Austria,22,21,0,1326
276841,Nosa Iyobosa Edokpolor,3551,SCR Altach,2023,A1,17,Left-Back,26,Austria,25,9,0,210
321870,Leonardo Lukacevic,3551,SCR Altach,2023,A1,12,Left-Back,24,Austria,24,21,0,1667
164142,Lukas Gugganig,3551,SCR Altach,2023,A1,5,Centre-Back,28,Austria,30,27,3,2110
404943,Sebastian Aigner,3551,SCR Altach,2023,A1,19,Centre-Back,22,Austria,8,0,0,0
120206,Lukas Jäger,3551,SCR Altach,2023,A1,23,Centre-Back,29,Austria,30,30,1,2467
83617,Jan Zwischenbrugger,3551,SCR Altach,2023,A1,18,Centre-Back,33,Austria,12,4,0,185
346846,Vesel Demaku,3551,SCR Altach,2023,A1,14,Defensive Midfield,23,Kosovo,15,15,1,979
193006,Mike-Steven Bähre,3551,SCR Altach,2023,A1,8,Central Midfield,27,Germany,30,30,5,2493
394018,Lukas Fadinger,3551,SCR Altach,2023,A1,30,Central Midfield,22,Austria,31,31,3,2601
307667,Dominik Reiter,3551,SCR Altach,2023,A1,10,Right Midfield,25,Austria,16,16,0,609
950786,Djawal Kaiba,3551,SCR Altach,2023,A1,13,Defensive Midfield,20,Chad,8,4,0,22
152317,Manuel Prietl,3551,SCR Altach,2023,A1,24,Defensive Midfield,31,Austria,3,3,0,126
702785,Ousmane Diawara,3551,SCR Altach,2023,A1,7,Centre-Forward,23,Sweden,6,4,0,148
343794,Gustavo Santos,3551,SCR Altach,2023,A1,20,Centre-Forward,27,Brazil,23,23,4,1276
519444,Noah Bischof,3551,SCR Altach,2023,A1,7,Centre-Forward,20,Austria,15,12,0,332
578551,Sofian Bahloul,3551,SCR Altach,2023,A1,11,Right Winger,23,France,15,12,2,323
275423,Christian Gebauer,3551,SCR Altach,2023,A1,27,Right Winger,29,Austria,31,30,2,2089
404929,Amir Abdijanovic,3551,SCR Altach,2023,A1,22,Second Striker,22,Austria,15,15,0,233
807956,Damian Maksimovic,3551,SCR Altach,2023,A1,21,Centre-Forward,18,Austria,1,1,0,13
501196,Csaba Bukta,3551,SCR Altach,2023,A1,11,Right Winger,21,Hungary,0,0,0,0
53436,Atdhe Nuhiu,3551,SCR Altach,2023,A1,9,Centre-Forward,33,Kosovo,28,27,1,1736
169271,Tino Casali,3551,SCR Altach,2021,A1,13,Goalkeeper,25,Austria,30,30,0,2696
159758,Armin Gremsl,3551,SCR Altach,2021,A1,31,Goalkeeper,26,Austria,3,0,0,0
526353,Jakob Odehnal,3551,SCR Altach,2021,A1,32,Goalkeeper,19,Austria,20,0,0,0
48029,Sebastian Brandner,3551,SCR Altach,2021,A1,0,Goalkeeper,38,Austria,3,0,0,0
51719,Martin Kobras,3551,SCR Altach,2021,A1,0,Goalkeeper,35,Austria,8,3,0,184
122899,Christoph Riegler,3551,SCR Altach,2021,A1,1,Goalkeeper,29,Austria,0,0,0,0
433219,Pape-Alioune Ndiaye,3551,SCR Altach,2021,A1,6,Centre-Back,23,France,21,16,0,1290
453786,Felix Strauss,3551,SCR Altach,2021,A1,4,Centre-Back,20,Austria,27,25,2,1862
276841,Nosa Iyobosa Edokpolor,3551,SCR Altach,2021,A1,17,Left-Back,24,Austria,20,20,0,1380
321850,David Bumberger,3551,SCR Altach,2021,A1,24,Left-Back,22,Austria,9,8,1,410
156681,Stefan Haudum,3551,SCR Altach,2021,A1,27,Centre-Back,26,Austria,31,31,2,2322
404943,Sebastian Aigner,3551,SCR Altach,2021,A1,19,Centre-Back,20,Austria,27,22,0,930
307485,Manuel Thurnwald,3551,SCR Altach,2021,A1,34,Right-Back,22,Austria,21,21,1,1558
121528,Berkay Dabanlı,3551,SCR Altach,2021,A1,0,Centre-Back,31,Türkiye,14,14,0,1201
463744,Mickaël Nanizayamo,3551,SCR Altach,2021,A1,37,Centre-Back,23,France,11,11,1,875
321061,Lukas Prokop,3551,SCR Altach,2021,A1,3,Left-Back,22,Austria,20,8,0,170
17084,Philipp Netzer,3551,SCR Altach,2021,A1,5,Centre-Back,35,Austria,20,17,0,581
610765,Samuel Mischitz,3551,SCR Altach,2021,A1,14,Right-Back,17,Austria,23,17,0,927
83617,Jan Zwischenbrugger,3551,SCR Altach,2021,A1,18,Centre-Back,31,Austria,28,28,1,2520
307667,Dominik Reiter,3551,SCR Altach,2021,A1,10,Right Midfield,23,Austria,26,24,1,1198
307871,Johannes Tartarotti,3551,SCR Altach,2021,A1,20,Attacking Midfield,21,Austria,20,17,0,823
610705,Noah Bitsche,3551,SCR Altach,2021,A1,29,Defensive Midfield,18,Austria,4,1,0,13
195051,Gianluca Gaudino,3551,SCR Altach,2021,A1,55,Defensive Midfield,24,Germany,14,14,0,1036
407503,Lars Nussbaumer,3551,SCR Altach,2021,A1,21,Central Midfield,20,Austria,0,0,0,0
48076,Boris Prokopic,3551,SCR Altach,2021,A1,0,Attacking Midfield,33,Austria,6,6,0,195
356558,Mario Stefel,3551,SCR Altach,2021,A1,0,Attacking Midfield,25,Austria,1,1,0,12
79607,Marco Meilinger,3551,SCR Altach,2021,A1,11,Left Midfield,29,Austria,13,10,0,223
59132,Emanuel Schreiner,3551,SCR Altach,2021,A1,16,Left Midfield,32,Austria,29,29,1,1743
257730,Bakary Nimaga,3551,SCR Altach,2021,A1,42,Defensive Midfield,26,Mali,13,13,2,1103
519444,Noah Bischof,3551,SCR Altach,2021,A1,12,Centre-Forward,18,Austria,23,23,2,1191
404929,Amir Abdijanovic,3551,SCR Altach,2021,A1,0,Second Striker,20,Austria,3,1,0,18
307824,Daniel Nussbaumer,3551,SCR Altach,2021,A1,0,Centre-Forward,21,Austria,5,5,1,189
300095,Christoph Monschein,3551,SCR Altach,2021,A1,7,Centre-Forward,28,Austria,14,14,3,920
501196,Csaba Bukta,3551,SCR Altach,2021,A1,33,Right Winger,19,Hungary,20,19,0,965
608974,Lukas Parger,3551,SCR Altach,2021,A1,8,Left Winger,19,Austria,1,1,0,12
53436,Atdhe Nuhiu,3551,SCR Altach,2021,A1,9,Centre-Forward,31,Kosovo,31,30,5,2007
47637,Sandi Krizman,3551,SCR Altach,2021,A1,30,Centre-Forward,31,Croatia,16,16,1,894
115989,Dejan Stojanovic,3551,SCR Altach,2024,A1,1,Goalkeeper,30,Austria,29,29,0,2610
307598,Ammar Helac,3551,SCR Altach,2024,A1,21,Goalkeeper,26,Austria,30,3,0,270
842218,Paul Piffer,3551,SCR Altach,2024,A1,33,Goalkeeper,18,Austria,5,0,0,0
523895,Paul Koller,3551,SCR Altach,2024,A1,15,Centre-Back,22,Austria,31,30,3,2377
1107570,Mohamed Ouédraogo,3551,SCR Altach,2024,A1,29,Left-Back,21,Burkina Faso,25,20,0,1452
806477,Filip Milojevic,3551,SCR Altach,2024,A1,4,Centre-Back,19,Austria,10,5,0,106
525157,Pascal Estrada,3551,SCR Altach,2024,A1,22,Centre-Back,22,Austria,28,25,2,1802
286627,Sandro Ingolitsch,3551,SCR Altach,2024,A1,25,Right-Back,27,Austria,27,27,0,2332
321870,Leonardo Lukacevic,3551,SCR Altach,2024,A1,12,Left-Back,25,Austria,31,21,0,1462
164142,Lukas Gugganig,3551,SCR Altach,2024,A1,5,Centre-Back,29,Austria,24,24,2,1587
120206,Lukas Jäger,3551,SCR Altach,2024,A1,23,Centre-Back,30,Austria,30,27,0,1067
83616,Benedikt Zech,3551,SCR Altach,2024,A1,3,Centre-Back,33,Austria,16,16,0,1433
1302766,Steve Noode,3551,SCR Altach,2024,A1,2,Centre-Back,19,Cameroon,6,3,0,56
842193,Felix Oberwaditzer,3551,SCR Altach,2024,A1,18,Centre-Back,18,Liechtenstein,0,0,0,0
610765,Samuel Mischitz,3551,SCR Altach,2024,A1,28,Right-Back,20,Austria,0,0,0,0
629005,Dijon Kameri,3551,SCR Altach,2024,A1,37,Attacking Midfield,20,Austria,24,24,2,1502
346846,Vesel Demaku,3551,SCR Altach,2024,A1,6,Defensive Midfield,24,Kosovo,29,29,0,2250
193006,Mike-Steven Bähre,3551,SCR Altach,2024,A1,8,Central Midfield,28,Germany,29,29,1,2011
394018,Lukas Fadinger,3551,SCR Altach,2024,A1,30,Central Midfield,23,Austria,25,25,0,1154
950786,Djawal Kaiba,3551,SCR Altach,2024,A1,13,Defensive Midfield,21,Chad,17,13,1,775
742012,Diego Madritsch,3551,SCR Altach,2024,A1,19,Central Midfield,18,Austria,0,0,0,0
45425,Alexander Gorgon,3551,SCR Altach,2024,A1,20,Attacking Midfield,35,Austria,15,15,0,787
1245829,Salif Tietietta,3551,SCR Altach,2024,A1,24,Attacking Midfield,19,Burkina Faso,0,0,0,0
702785,Ousmane Diawara,3551,SCR Altach,2024,A1,10,Centre-Forward,24,Sweden,14,14,1,759
532495,Marlon Mustapha,3551,SCR Altach,2024,A1,11,Centre-Forward,23,Austria,14,14,2,766
343794,Gustavo Santos,3551,SCR Altach,2024,A1,0,Centre-Forward,28,Brazil,12,12,6,783
372046,Lincoln,3551,SCR Altach,2024,A1,0,Centre-Forward,23,Brazil,3,2,0,18
291090,Lukas Fridrikas,3551,SCR Altach,2024,A1,14,Centre-Forward,26,Austria,30,29,3,1455
578551,Sofian Bahloul,3551,SCR Altach,2024,A1,0,Right Winger,24,France,13,12,0,433
283871,Florian Dietz,3551,SCR Altach,2024,A1,9,Centre-Forward,25,Germany,7,7,2,480
629002,Erkin Yalcin,3551,SCR Altach,2024,A1,26,Centre-Forward,20,Austria,4,2,0,5
275423,Christian Gebauer,3551,SCR Altach,2024,A1,27,Right Winger,30,Austria,17,17,1,651
391561,Oliver Strunz,3551,SCR Altach,2024,A1,0,Right Winger,24,Austria,16,15,0,813
519011,Luca Kronberger,3551,SCR Altach,2024,A1,7,Left Winger,22,Austria,14,11,0,420
807956,Damian Maksimovic,3551,SCR Altach,2024,A1,16,Centre-Forward,19,Austria,0,0,0,0
77563,Samuel Sahin-Radlinger,266,SV Ried,2022,A1,1,Goalkeeper,29,Austria,26,26,0,2340
367443,Jonas Wendlinger,266,SV Ried,2022,A1,33,Goalkeeper,21,Austria,31,6,0,540
93768,Richard Strebinger,266,SV Ried,2022,A1,42,Goalkeeper,29,Austria,6,0,0,0
602625,Patrick Moser,266,SV Ried,2022,A1,36,Goalkeeper,19,Austria,1,0,0,0
570721,Roko Jurisic,266,SV Ried,2022,A1,3,Left-Back,20,Croatia,14,14,0,1181
307658,Tin Plavotic,266,SV Ried,2022,A1,24,Centre-Back,25,Austria,29,29,4,2509
452480,Matthias Gragger,266,SV Ried,2022,A1,15,Left-Back,20,Austria,23,18,2,1070
404940,Julian Turi,266,SV Ried,2022,A1,19,Centre-Back,20,Austria,22,19,0,1324
291653,Josef Weberbauer,266,SV Ried,2022,A1,23,Right-Back,24,Austria,14,11,0,483
394070,Felix Seiwald,266,SV Ried,2022,A1,0,Left-Back,21,Austria,3,1,0,24
82536,Markus Lackner,266,SV Ried,2022,A1,6,Centre-Back,31,Austria,30,21,0,1551
307549,Philipp Birglehner,266,SV Ried,2022,A1,20,Left-Back,23,Austria,2,0,0,0
602657,Nico Wiesinger,266,SV Ried,2022,A1,44,Centre-Back,19,Austria,8,2,0,64
693101,Jonas Mayer,266,SV Ried,2022,A1,0,Central Midfield,18,Austria,1,1,0,10
527589,Christoph Lang,266,SV Ried,2022,A1,71,Attacking Midfield,20,Austria,15,15,3,1130
289396,Philipp Pomer,266,SV Ried,2022,A1,17,Left Midfield,24,Austria,28,28,2,2400
257473,Aleksandar Lutovac,266,SV Ried,2022,A1,77,Right Midfield,25,Serbia,14,13,0,942
920394,Gontie Junior Diomandé,266,SV Ried,2022,A1,45,Attacking Midfield,19,Cote d'Ivoire,9,8,1,197
488049,Denizcan Cosgun,266,SV Ried,2022,A1,11,Attacking Midfield,20,Austria,17,11,0,385
629041,Tizian-Valentino Scharmer,266,SV Ried,2022,A1,0,Left Midfield,18,Austria,2,1,0,5
420376,Michael Martin,266,SV Ried,2022,A1,8,Central Midfield,21,Germany,28,28,0,2472
469912,David Ungar,266,SV Ried,2022,A1,66,Central Midfield,22,Austria,27,27,0,2265
742012,Diego Madritsch,266,SV Ried,2022,A1,29,Central Midfield,16,Austria,12,11,1,669
56513,Oliver Kragl,266,SV Ried,2022,A1,0,Left Midfield,32,Germany,10,5,0,108
401920,Kingsley Michael,266,SV Ried,2022,A1,0,Central Midfield,22,Nigeria,15,13,0,689
59152,Marcel Ziegl,266,SV Ried,2022,A1,4,Defensive Midfield,29,Austria,14,14,0,978
93559,Julian Wießmeier,266,SV Ried,2022,A1,10,Attacking Midfield,29,Germany,27,21,1,1151
106171,Stefan Nutz,266,SV Ried,2022,A1,22,Attacking Midfield,30,Austria,21,21,2,1730
321885,Nikola Stosic,266,SV Ried,2022,A1,37,Central Midfield,22,Serbia,4,4,0,113
693092,Belmin Beganovic,266,SV Ried,2022,A1,14,Centre-Forward,17,Austria,15,12,1,600
473296,Leo Mikic,266,SV Ried,2022,A1,0,Left Winger,25,Croatia,28,27,2,1692
300095,Christoph Monschein,266,SV Ried,2022,A1,7,Centre-Forward,29,Austria,25,25,3,1334
519011,Luca Kronberger,266,SV Ried,2022,A1,25,Left Winger,20,Austria,19,16,0,425
317024,Agyemang Diawusie,266,SV Ried,2022,A1,0,Right Winger,24,Germany,7,1,0,5
600980,Ben-Travis Wörndl,266,SV Ried,2022,A1,0,Right Winger,19,Austria,1,1,0,28
602619,Valentin Akrap,266,SV Ried,2022,A1,0,Centre-Forward,19,Croatia,1,0,0,0
724052,Stefan Kordic,266,SV Ried,2022,A1,0,Centre-Forward,17,Austria,0,0,0,0
106862,Seifedin Chabbi,266,SV Ried,2022,A1,9,Centre-Forward,28,Austria,27,25,4,1068
601393,Robin Ungerath,266,SV Ried,2022,A1,18,Centre-Forward,23,Germany,0,0,0,0
77563,Samuel Sahin-Radlinger,266,SV Ried,2021,A1,1,Goalkeeper,28,Austria,31,31,0,2780
367443,Jonas Wendlinger,266,SV Ried,2021,A1,33,Goalkeeper,20,Austria,7,0,0,0
157390,Christoph Haas,266,SV Ried,2021,A1,32,Goalkeeper,28,Austria,26,2,0,96
602625,Patrick Moser,266,SV Ried,2021,A1,36,Goalkeeper,18,Austria,0,0,0,0
307658,Tin Plavotic,266,SV Ried,2021,A1,24,Centre-Back,24,Austria,29,29,0,2535
286643,Constantin Reiner,266,SV Ried,2021,A1,0,Centre-Back,23,Austria,18,16,2,1313
452480,Matthias Gragger,266,SV Ried,2021,A1,15,Left-Back,19,Austria,3,3,0,246
307641,Luca Meisl,266,SV Ried,2021,A1,2,Centre-Back,22,Austria,28,22,1,1555
291653,Josef Weberbauer,266,SV Ried,2021,A1,23,Right-Back,23,Austria,10,6,0,245
195803,Milos Jovicic,266,SV Ried,2021,A1,30,Centre-Back,26,Serbia,24,11,0,405
488077,Nicolas Zdichynec,266,SV Ried,2021,A1,26,Centre-Back,19,Austria,1,0,0,0
186369,Michael Lercher,266,SV Ried,2021,A1,5,Left-Back,25,Austria,9,6,0,377
82536,Markus Lackner,266,SV Ried,2021,A1,16,Centre-Back,30,Austria,30,24,0,1361
394070,Felix Seiwald,266,SV Ried,2021,A1,25,Left-Back,20,Austria,30,21,0,1236
282918,Ante Bajic,266,SV Ried,2021,A1,12,Right Midfield,25,Austria,26,26,9,2017
289396,Philipp Pomer,266,SV Ried,2021,A1,17,Left Midfield,23,Austria,29,29,1,2050
225687,Murat Satin,266,SV Ried,2021,A1,20,Central Midfield,24,Austria,32,26,1,955
920394,Gontie Junior Diomandé,266,SV Ried,2021,A1,55,Attacking Midfield,18,Cote d'Ivoire,1,1,0,5
223953,Marcel Canadi,266,SV Ried,2021,A1,7,Attacking Midfield,23,Austria,13,6,0,194
158084,Julian Baumgartner,266,SV Ried,2021,A1,0,Central Midfield,26,Austria,1,0,0,0
59152,Marcel Ziegl,266,SV Ried,2021,A1,4,Defensive Midfield,28,Austria,26,26,1,2209
93559,Julian Wießmeier,266,SV Ried,2021,A1,10,Attacking Midfield,28,Germany,29,29,3,2369
83505,Daniel Offenbacher,266,SV Ried,2021,A1,11,Central Midfield,29,Austria,30,23,1,1192
106171,Stefan Nutz,266,SV Ried,2021,A1,22,Attacking Midfield,29,Austria,31,31,4,2584
321885,Nikola Stosic,266,SV Ried,2021,A1,37,Central Midfield,21,Serbia,32,31,0,2618
671591,Dorgeles Nene,266,SV Ried,2021,A1,45,Right Winger,18,Mali,14,14,2,931
473296,Leo Mikic,266,SV Ried,2021,A1,21,Left Winger,24,Croatia,29,29,5,1207
697809,Valdir,266,SV Ried,2021,A1,0,Centre-Forward,23,Brazil,8,5,0,97
106862,Seifedin Chabbi,266,SV Ried,2021,A1,9,Centre-Forward,27,Austria,25,23,7,994
601393,Robin Ungerath,266,SV Ried,2021,A1,18,Centre-Forward,22,Germany,4,2,0,23
106851,Andreas Leitner,266,SV Ried,2024,A1,1,Goalkeeper,30,Austria,0,0,0,0
268335,Felix Wimmer,266,SV Ried,2024,A1,77,Goalkeeper,25,Austria,0,0,0,0
842187,Dominik Stöger,266,SV Ried,2024,A1,34,Goalkeeper,17,Austria,0,0,0,0
129684,Nikki Havenaar,266,SV Ried,2024,A1,5,Centre-Back,29,Japan,0,0,0,0
531289,Fabian Wohlmuth,266,SV Ried,2024,A1,31,Right-Back,22,Austria,0,0,0,0
156710,Oliver Steurer,266,SV Ried,2024,A1,30,Centre-Back,29,Germany,0,0,0,0
321850,David Bumberger,266,SV Ried,2024,A1,21,Left-Back,25,Austria,0,0,0,0
404468,Marco Untergrabner,266,SV Ried,2024,A1,14,Centre-Back,22,Austria,0,0,0,0
74179,Michael Sollbauer,266,SV Ried,2024,A1,23,Centre-Back,34,Austria,0,0,0,0
805544,Philip Weissenbacher,266,SV Ried,2024,A1,15,Right-Back,19,Austria,0,0,0,0
344393,Lumor Agbenyenu,266,SV Ried,2024,A1,3,Left-Back,27,Ghana,0,0,0,0
807746,Thomas Jungbauer,266,SV Ried,2024,A1,6,Centre-Back,18,Dominican Republic,0,0,0,0
804033,Benjamin Sammer,266,SV Ried,2024,A1,16,Centre-Back,19,Austria,0,0,0,0
693101,Jonas Mayer,266,SV Ried,2024,A1,26,Central Midfield,20,Austria,0,0,0,0
317442,Mark Grosse,266,SV Ried,2024,A1,10,Attacking Midfield,25,Austria,0,0,0,0
282918,Ante Bajic,266,SV Ried,2024,A1,12,Right Midfield,28,Austria,0,0,0,0
289396,Philipp Pomer,266,SV Ried,2024,A1,17,Left Midfield,26,Austria,0,0,0,0
805503,Fabian Rossdorfer,266,SV Ried,2024,A1,18,Left Midfield,18,Austria,0,0,0,0
195745,Martin Rasner,266,SV Ried,2024,A1,8,Central Midfield,29,Austria,0,0,0,0
568282,Nik Marinsek,266,SV Ried,2024,A1,7,Central Midfield,25,Slovenia,0,0,0,0
353899,Nemanja Celic,266,SV Ried,2024,A1,43,Defensive Midfield,25,Austria,0,0,0,0
898140,Antonio Van Wyk,266,SV Ried,2024,A1,29,Centre-Forward,22,South Africa,0,0,0,0
471373,Wilfried Eza,266,SV Ried,2024,A1,28,Centre-Forward,27,Cote d'Ivoire,0,0,0,0
1099038,David Berger,266,SV Ried,2024,A1,19,Centre-Forward,19,Austria,0,0,0,0
94256,Saliou Sané,266,SV Ried,2024,A1,9,Centre-Forward,31,Germany,0,0,0,0
106851,Andreas Leitner,266,SV Ried,2023,A1,1,Goalkeeper,29,Austria,0,0,0,0
367443,Jonas Wendlinger,266,SV Ried,2023,A1,33,Goalkeeper,22,Austria,0,0,0,0
842187,Dominik Stöger,266,SV Ried,2023,A1,34,Goalkeeper,16,Austria,0,0,0,0
966946,Shaoziyang Liu,266,SV Ried,2023,A1,31,Goalkeeper,19,China,0,0,0,0
805534,Arjan Malic,266,SV Ried,2023,A1,23,Right-Back,17,Bosnia-Herzegovina,0,0,0,0
129684,Nikki Havenaar,266,SV Ried,2023,A1,5,Centre-Back,28,Japan,0,0,0,0
531289,Fabian Wohlmuth,266,SV Ried,2023,A1,19,Right-Back,21,Austria,0,0,0,0
156710,Oliver Steurer,266,SV Ried,2023,A1,30,Centre-Back,28,Germany,0,0,0,0
452480,Matthias Gragger,266,SV Ried,2023,A1,15,Left-Back,21,Austria,0,0,0,0
321850,David Bumberger,266,SV Ried,2023,A1,21,Left-Back,24,Austria,0,0,0,0
344393,Lumor Agbenyenu,266,SV Ried,2023,A1,3,Left-Back,26,Ghana,0,0,0,0
608896,Alexander Mankowski,266,SV Ried,2023,A1,0,Centre-Back,22,Germany,0,0,0,0
804033,Benjamin Sammer,266,SV Ried,2023,A1,0,Centre-Back,18,Austria,0,0,0,0
602657,Nico Wiesinger,266,SV Ried,2023,A1,44,Centre-Back,20,Austria,0,0,0,0
693101,Jonas Mayer,266,SV Ried,2023,A1,26,Central Midfield,19,Austria,0,0,0,0
257473,Aleksandar Lutovac,266,SV Ried,2023,A1,0,Right Midfield,26,Serbia,0,0,0,0
317442,Mark Grosse,266,SV Ried,2023,A1,9,Attacking Midfield,24,Austria,0,0,0,0
282918,Ante Bajic,266,SV Ried,2023,A1,12,Right Midfield,27,Austria,0,0,0,0
289396,Philipp Pomer,266,SV Ried,2023,A1,17,Left Midfield,25,Austria,0,0,0,0
805503,Fabian Rossdorfer,266,SV Ried,2023,A1,18,Left Midfield,17,Austria,0,0,0,0
920394,Gontie Junior Diomandé,266,SV Ried,2023,A1,10,Attacking Midfield,20,Cote d'Ivoire,0,0,0,0
568282,Nik Marinsek,266,SV Ried,2023,A1,7,Central Midfield,24,Slovenia,0,0,0,0
420376,Michael Martin,266,SV Ried,2023,A1,0,Central Midfield,22,Germany,0,0,0,0
353899,Nemanja Celic,266,SV Ried,2023,A1,43,Defensive Midfield,24,Austria,0,0,0,0
469912,David Ungar,266,SV Ried,2023,A1,66,Central Midfield,23,Austria,0,0,0,0
742012,Diego Madritsch,266,SV Ried,2023,A1,29,Central Midfield,17,Austria,0,0,0,0
59152,Marcel Ziegl,266,SV Ried,2023,A1,4,Defensive Midfield,30,Austria,0,0,0,0
279064,Nils Seufert,266,SV Ried,2023,A1,11,Central Midfield,26,Germany,0,0,0,0
527596,Sandro Schendl,266,SV Ried,2023,A1,13,Right Midfield,20,Austria,0,0,0,0
321885,Nikola Stosic,266,SV Ried,2023,A1,37,Central Midfield,23,Serbia,0,0,0,0
527536,Oguzhan Özlesen,266,SV Ried,2023,A1,70,Central Midfield,21,Austria,0,0,0,0
1113025,Michael Matosevic,266,SV Ried,2023,A1,0,Central Midfield,15,Austria,0,0,0,0
693092,Belmin Beganovic,266,SV Ried,2023,A1,14,Centre-Forward,18,Austria,0,0,0,0
471373,Wilfried Eza,266,SV Ried,2023,A1,28,Centre-Forward,26,Cote d'Ivoire,0,0,0,0
145010,Marc Andre Schmerböck,266,SV Ried,2023,A1,74,Second Striker,29,Austria,0,0,0,0
982774,Mateo Zetic,266,SV Ried,2023,A1,0,Right Winger,18,Austria,0,0,0,0
600980,Ben-Travis Wörndl,266,SV Ried,2023,A1,20,Right Winger,20,Austria,0,0,0,0
1133950,Emmanuel Michael,413,LASK,2026,A1,41,Left-Back,20,Nigeria,0,0,0,0
515650,Takumu Kawamura,409,Red Bull Salzburg,2026,A1,16,Defensive Midfield,26,Japan,0,0,0,0
915896,Oliver Lukic,409,Red Bull Salzburg,2026,A1,25,Central Midfield,19,Croatia,0,0,0,0
804034,Valentin Sulzbacher,409,Red Bull Salzburg,2026,A1,38,Central Midfield,21,Austria,0,0,0,0
953893,Clement Bischoff,409,Red Bull Salzburg,2026,A1,7,Left Winger,20,Denmark,0,0,0,0
881297,Adam Daghim,409,Red Bull Salzburg,2026,A1,24,Right Winger,20,Denmark,0,0,0,0
692756,Peter Kiedl,122,SK Sturm Graz,2026,A1,32,Centre-Forward,22,Austria,0,0,0,0
742018,Dejan Radonjic,14,Austria Vienna,2026,A1,60,Centre-Back,20,Austria,0,0,0,0
1167442,Emmanuel Ojukwu,4467,TSV Hartberg,2026,A1,25,Centre-Back,22,Austria,0,0,0,0
742012,Diego Madritsch,3551,SCR Altach,2026,A1,32,Central Midfield,20,Austria,0,0,0,0
629011,Lukas Jungwirth,413,LASK,2026,A1,1,Goalkeeper,22,Austria,1,1,0,90
243237,Tobias Schützenauer,413,LASK,2026,A1,33,Goalkeeper,29,Austria,1,0,0,0
1007215,Fabian Schillinger,413,LASK,2026,A1,50,Goalkeeper,19,Austria,0,0,0,0
467236,Kasper Jørgensen,413,LASK,2026,A1,20,Right-Back,26,Denmark,1,1,0,90
504147,George Bello,413,LASK,2026,A1,2,Left-Back,24,United States,1,1,0,87
403808,Andrés Andrade,413,LASK,2026,A1,16,Centre-Back,27,Panama,1,1,0,90
1005651,João Tornich,413,LASK,2026,A1,43,Centre-Back,23,Brazil,1,1,0,90
640432,Xavier Mbuyamba,413,LASK,2026,A1,4,Centre-Back,24,Netherlands,1,1,0,90
863919,Yvan Dibango,413,LASK,2026,A1,25,Left-Back,24,Cameroon,1,1,0,3
1308519,Manoël Verhaeghe,413,LASK,2026,A1,21,Centre-Back,18,DR Congo,1,0,0,0
1364188,Cheikne Kébé,413,LASK,2026,A1,52,Centre-Back,20,Mali,0,0,0,0
1085296,Miguel Freckleton,413,LASK,2026,A1,3,Centre-Back,22,England,1,0,0,0
476915,Melayro Bogarde,413,LASK,2026,A1,6,Defensive Midfield,24,Suriname,1,1,0,22
353634,Robert Ljubicic,413,LASK,2026,A1,10,Central Midfield,27,Croatia,1,1,0,68
652047,Krystof Danek,413,LASK,2026,A1,9,Attacking Midfield,23,Czech Republic,1,1,0,68
186365,Sascha Horvath,413,LASK,2026,A1,30,Central Midfield,29,Austria,1,1,0,90
118397,Alessandro Schöpf,413,LASK,2026,A1,18,Central Midfield,32,Austria,1,1,0,22
527589,Christoph Lang,413,LASK,2026,A1,27,Attacking Midfield,24,Austria,1,1,1,81
943160,Art Smakaj,413,LASK,2026,A1,5,Defensive Midfield,23,Kosovo,0,0,0,0
272159,Florian Flecker,413,LASK,2026,A1,29,Right Midfield,30,Austria,1,0,0,0
1003622,Moses Usor,413,LASK,2026,A1,8,Centre-Forward,24,Nigeria,1,1,0,22
643088,Samuel Adeniran,413,LASK,2026,A1,7,Centre-Forward,27,United States,1,1,2,68
925418,Ramiz Harakaté,413,LASK,2026,A1,22,Centre-Forward,24,France,0,0,0,0
1369023,Nael Kane,413,LASK,2026,A1,0,Right Winger,20,Canada,1,1,0,9
629011,Lukas Jungwirth,413,LASK,2025,A1,1,Goalkeeper,21,Austria,32,32,0,2880
243237,Tobias Schützenauer,413,LASK,2025,A1,33,Goalkeeper,28,Austria,32,0,0,0
1007215,Fabian Schillinger,413,LASK,2025,A1,50,Goalkeeper,18,Austria,0,0,0,0
1282860,Modou Kéba Cissé,413,LASK,2025,A1,48,Centre-Back,19,Senegal,30,26,2,2270
467236,Kasper Jørgensen,413,LASK,2025,A1,20,Right-Back,25,Denmark,32,32,7,2758
504147,George Bello,413,LASK,2025,A1,2,Left-Back,23,United States,28,28,1,2260
403808,Andrés Andrade,413,LASK,2025,A1,16,Centre-Back,26,Panama,31,30,1,2697
1005651,João Tornich,413,LASK,2025,A1,43,Centre-Back,22,Brazil,25,24,1,1950
640432,Xavier Mbuyamba,413,LASK,2025,A1,3,Centre-Back,23,Netherlands,15,14,3,675
1133950,Emmanuel Michael,413,LASK,2025,A1,41,Left-Back,19,Nigeria,27,7,0,245
1364188,Cheikne Kébé,413,LASK,2025,A1,52,Centre-Back,19,Mali,17,3,0,5
804028,Kevin Lebersorger,413,LASK,2025,A1,0,Right-Back,20,Austria,5,0,0,0
1308235,Issa Koné,413,LASK,2025,A1,0,Centre-Back,19,Cote d'Ivoire,1,0,0,0
1372881,Alpha Baldé,413,LASK,2025,A1,0,Centre-Back,19,Senegal,1,0,0,0
476915,Melayro Bogarde,413,LASK,2025,A1,6,Defensive Midfield,23,Suriname,32,28,1,2277
652047,Krystof Danek,413,LASK,2025,A1,9,Attacking Midfield,22,Czech Republic,24,24,2,1376
186365,Sascha Horvath,413,LASK,2025,A1,30,Central Midfield,28,Austria,29,29,2,2515
527589,Christoph Lang,413,LASK,2025,A1,27,Attacking Midfield,23,Austria,31,27,5,749
490224,Ismaila Coulibaly,413,LASK,2025,A1,4,Central Midfield,24,Mali,28,21,0,1068
943160,Art Smakaj,413,LASK,2025,A1,5,Defensive Midfield,22,Kosovo,6,6,0,160
846545,Lukas Kacavenda,413,LASK,2025,A1,44,Attacking Midfield,22,Croatia,26,13,0,420
272159,Florian Flecker,413,LASK,2025,A1,29,Right Midfield,29,Austria,30,21,0,330
1108321,Adetunji Rasaq Adeshina,413,LASK,2025,A1,13,Defensive Midfield,20,Nigeria,18,1,0,13
145115,Valon Berisha,413,LASK,2025,A1,0,Central Midfield,32,Kosovo,13,10,0,554
1155715,Mohamed Sanogo,413,LASK,2025,A1,15,Central Midfield,21,Mali,0,0,0,0
724057,Armin Haider,413,LASK,2025,A1,38,Attacking Midfield,19,Austria,3,0,0,0
1003622,Moses Usor,413,LASK,2025,A1,8,Centre-Forward,23,Nigeria,30,30,13,2270
369567,Sasa Kalajdzic,413,LASK,2025,A1,10,Centre-Forward,27,Austria,26,23,6,1324
643088,Samuel Adeniran,413,LASK,2025,A1,7,Centre-Forward,26,United States,31,30,10,2071
403184,Maximilian Entrup,413,LASK,2025,A1,11,Centre-Forward,27,Austria,30,23,1,617
657635,Bryan Teixeira,413,LASK,2025,A1,0,Centre-Forward,24,Cape Verde,2,0,0,0
418660,Lenny Pintor,413,LASK,2025,A1,0,Left Winger,24,France,3,2,0,11
915421,Christian Zawieschitzky,409,Red Bull Salzburg,2026,A1,52,Goalkeeper,19,Austria,1,1,0,90
905426,Nikola Sarcevic,409,Red Bull Salzburg,2026,A1,41,Goalkeeper,19,Austria,1,0,0,0
709727,Kévin Boma,409,Red Bull Salzburg,2026,A1,44,Centre-Back,23,Togo,1,1,0,90
822958,Tim Drexler,409,Red Bull Salzburg,2026,A1,21,Centre-Back,21,Germany,1,0,0,0
359409,Dominik Schmid,409,Red Bull Salzburg,2026,A1,31,Left-Back,28,Switzerland,1,1,0,90
786822,Leandro Morgalla,409,Red Bull Salzburg,2026,A1,39,Right-Back,21,Germany,1,0,0,0
604320,Frans Krätzig,409,Red Bull Salzburg,2026,A1,13,Left-Back,23,Germany,1,1,0,10
404260,Aleksa Terzic,409,Red Bull Salzburg,2026,A1,0,Left-Back,26,Serbia,0,0,0,0
601143,Nikolas Veratschnig,409,Red Bull Salzburg,2026,A1,18,Right-Back,23,Austria,1,1,0,90
1072724,John Mellberg,409,Red Bull Salzburg,2026,A1,4,Centre-Back,20,Sweden,0,0,0,0
948537,Anrie Chase,409,Red Bull Salzburg,2026,A1,91,Centre-Back,22,Japan,0,0,0,0
804831,Hendry Blank,409,Red Bull Salzburg,2026,A1,34,Centre-Back,21,Germany,0,0,0,0
85791,Stefan Lainer,409,Red Bull Salzburg,2026,A1,22,Right-Back,33,Austria,0,0,0,0
960455,Valentin Zabransky,409,Red Bull Salzburg,2026,A1,47,Centre-Back,19,Austria,1,1,0,90
1089004,Soumaïla Diabaté,409,Red Bull Salzburg,2026,A1,5,Defensive Midfield,21,Mali,1,1,0,90
610405,Maurits Kjærgaard,409,Red Bull Salzburg,2026,A1,14,Central Midfield,23,Denmark,1,0,0,0
620313,Lucas Gourna-Douath,409,Red Bull Salzburg,2026,A1,0,Defensive Midfield,22,France,0,0,0,0
671114,Sota Kitano,409,Red Bull Salzburg,2026,A1,8,Right Midfield,21,Japan,0,0,0,0
1118873,Bartosz Mazurek,409,Red Bull Salzburg,2026,A1,15,Attacking Midfield,19,Poland,1,1,0,20
1073631,Filip Matijasevic,409,Red Bull Salzburg,2026,A1,28,Attacking Midfield,18,Serbia,0,0,0,0
657575,Abubakr Barry,409,Red Bull Salzburg,2026,A1,32,Central Midfield,26,The Gambia,1,1,0,69
671593,Mamady Diambou,409,Red Bull Salzburg,2026,A1,35,Defensive Midfield,23,Mali,0,0,0,0
692474,Zeteny Jano,409,Red Bull Salzburg,2026,A1,0,Attacking Midfield,21,Austria,0,0,0,0
581880,Justin Omoregie,409,Red Bull Salzburg,2026,A1,36,Central Midfield,22,Austria,0,0,0,0
847278,Karim Konaté,409,Red Bull Salzburg,2026,A1,19,Centre-Forward,22,Cote d'Ivoire,1,1,1,21
1236853,Edmund Baidoo,409,Red Bull Salzburg,2026,A1,20,Centre-Forward,20,Ghana,0,0,0,0
409517,Yorbe Vertessen,409,Red Bull Salzburg,2026,A1,11,Centre-Forward,25,Belgium,1,1,0,61
715956,Damir Redzic,409,Red Bull Salzburg,2026,A1,23,Right Winger,23,Hungary,1,1,0,90
203123,Haris Tabakovic,409,Red Bull Salzburg,2026,A1,9,Centre-Forward,32,Bosnia-Herzegovina,1,1,0,29
1227723,Gaoussou Diakité,409,Red Bull Salzburg,2026,A1,30,Centre-Forward,20,Mali,1,1,0,80
1057525,Enrique Aguilar,409,Red Bull Salzburg,2026,A1,43,Centre-Forward,19,Switzerland,1,1,0,70
1078649,Johannes Moser,409,Red Bull Salzburg,2026,A1,27,Left Winger,18,Austria,0,0,0,0
1133788,Aboubacar Camara,409,Red Bull Salzburg,2026,A1,33,Left Winger,19,Burkina Faso,1,0,0,0
404881,Niklas Hedl,170,Rapid Vienna,2026,A1,1,Goalkeeper,25,Austria,1,1,0,90
223957,Paul Gartler,170,Rapid Vienna,2026,A1,25,Goalkeeper,29,Austria,1,0,0,0
658130,Laurenz Orgler,170,Rapid Vienna,2026,A1,50,Goalkeeper,21,Austria,0,0,0,0
692605,Benjamin Göschl,170,Rapid Vienna,2026,A1,51,Goalkeeper,20,Austria,0,0,0,0
683891,Serge-Philippe Raux-Yao,170,Rapid Vienna,2026,A1,6,Centre-Back,27,France,1,1,0,29
439351,Bendegúz Bolla,170,Rapid Vienna,2026,A1,77,Right-Back,26,Hungary,1,1,0,90
847257,Ange Ahoussou,170,Rapid Vienna,2026,A1,20,Centre-Back,22,Cote d'Ivoire,0,0,0,0
715893,Jakob Schöller,170,Rapid Vienna,2026,A1,4,Centre-Back,20,Austria,1,1,0,61
231586,Jannes Horn,170,Rapid Vienna,2026,A1,38,Left-Back,29,Germany,1,1,0,81
319482,Nenad Cvetkovic,170,Rapid Vienna,2026,A1,55,Centre-Back,30,Serbia,1,1,0,90
679865,Dominic Vincze,170,Rapid Vienna,2026,A1,53,Centre-Back,22,Austria,0,0,0,0
692598,Furkan Demir,170,Rapid Vienna,2026,A1,61,Right-Back,21,Türkiye,0,0,0,0
475412,Jean Marcelin,170,Rapid Vienna,2026,A1,24,Centre-Back,26,Madagascar,0,0,0,0
393766,Jonas Auer,170,Rapid Vienna,2026,A1,23,Left-Back,25,Austria,1,1,0,9
803046,Amin-Elias Gröller,170,Rapid Vienna,2026,A1,47,Centre-Back,21,Tunisia,0,0,0,0
960443,Eaden Roka,170,Rapid Vienna,2026,A1,2,Right-Back,18,Austria,1,0,0,0
961937,Romeo Amane,170,Rapid Vienna,2026,A1,29,Central Midfield,23,Cote d'Ivoire,0,0,0,0
526895,Matthias Seidl,170,Rapid Vienna,2026,A1,18,Central Midfield,25,Austria,1,1,0,90
619657,Tobias Gulliksen,170,Rapid Vienna,2026,A1,17,Attacking Midfield,23,Norway,1,0,0,0
976234,Martin Ndzie,170,Rapid Vienna,2026,A1,14,Defensive Midfield,23,Cameroon,0,0,0,0
629040,Nicolas Bajlicz,170,Rapid Vienna,2026,A1,30,Central Midfield,22,Austria,1,1,0,90
147485,Louis Schaub,170,Rapid Vienna,2026,A1,21,Right Midfield,31,Austria,1,0,0,0
526032,Moritz Oswald,170,Rapid Vienna,2026,A1,28,Central Midfield,24,Austria,0,0,0,0
842196,Lorenz Szladits,170,Rapid Vienna,2026,A1,44,Defensive Midfield,19,Austria,0,0,0,0
803052,Nikolaus Wurmbrand,170,Rapid Vienna,2026,A1,15,Right Winger,20,Austria,1,1,0,9
912078,Petter Nosa Dahl,170,Rapid Vienna,2026,A1,10,Left Winger,22,Norway,1,1,1,70
599215,Tonni Adamsen,170,Rapid Vienna,2026,A1,8,Centre-Forward,31,Denmark,1,1,0,70
526785,Claudy Mbuyi,170,Rapid Vienna,2026,A1,71,Centre-Forward,27,France,0,0,0,0
548031,Yusuf Demir,170,Rapid Vienna,2026,A1,22,Right Winger,23,Austria,1,1,0,81
320701,Ercan Kara,170,Rapid Vienna,2026,A1,9,Centre-Forward,30,Austria,1,1,0,90
614194,Andrija Radulovic,170,Rapid Vienna,2026,A1,49,Right Winger,24,Montenegro,0,0,0,0
565531,Marco Tilio,170,Rapid Vienna,2026,A1,7,Right Winger,24,Australia,1,1,0,20
1312171,Daniel Nunoo,170,Rapid Vienna,2026,A1,54,Right Winger,19,Ghana,0,0,0,0
1435202,Moulaye Haïdara,170,Rapid Vienna,2026,A1,43,Right Winger,20,Mali,1,1,0,20
186374,Alexander Schlager,409,Red Bull Salzburg,2025,A1,1,Goalkeeper,29,Austria,31,31,0,2790
915421,Christian Zawieschitzky,409,Red Bull Salzburg,2025,A1,52,Goalkeeper,18,Austria,13,1,0,90
948133,Salko Hamzic,409,Red Bull Salzburg,2025,A1,92,Goalkeeper,18,Austria,20,0,0,0
1075577,Joane Gadou,409,Red Bull Salzburg,2025,A1,23,Centre-Back,18,France,26,19,0,1574
915418,Jannik Schuster,409,Red Bull Salzburg,2025,A1,44,Centre-Back,19,Austria,27,20,1,1707
822958,Tim Drexler,409,Red Bull Salzburg,2025,A1,21,Centre-Back,20,Germany,15,13,0,1070
604320,Frans Krätzig,409,Red Bull Salzburg,2025,A1,13,Left-Back,22,Germany,29,24,0,1916
404260,Aleksa Terzic,409,Red Bull Salzburg,2025,A1,3,Left-Back,25,Serbia,29,21,0,1000
1072724,John Mellberg,409,Red Bull Salzburg,2025,A1,4,Centre-Back,18,Sweden,0,0,0,0
948537,Anrie Chase,409,Red Bull Salzburg,2025,A1,91,Centre-Back,21,Japan,9,4,0,325
804035,Tim Trummer,409,Red Bull Salzburg,2025,A1,37,Right-Back,19,Austria,26,12,1,631
283233,Jacob Rasmussen,409,Red Bull Salzburg,2025,A1,0,Centre-Back,28,Denmark,17,16,0,1306
921863,Douglas Mendes,409,Red Bull Salzburg,2025,A1,0,Centre-Back,21,Brazil,2,1,0,65
85791,Stefan Lainer,409,Red Bull Salzburg,2025,A1,22,Right-Back,32,Austria,26,25,1,2082
960455,Valentin Zabransky,409,Red Bull Salzburg,2025,A1,0,Centre-Back,18,Austria,1,0,0,0
462832,Mads Bidstrup,409,Red Bull Salzburg,2025,A1,18,Central Midfield,24,Denmark,25,25,0,2028
1089004,Soumaïla Diabaté,409,Red Bull Salzburg,2025,A1,5,Defensive Midfield,20,Mali,30,27,2,1689
610405,Maurits Kjærgaard,409,Red Bull Salzburg,2025,A1,14,Central Midfield,22,Denmark,25,20,2,1336
620313,Lucas Gourna-Douath,409,Red Bull Salzburg,2025,A1,0,Defensive Midfield,21,France,5,4,0,191
671114,Sota Kitano,409,Red Bull Salzburg,2025,A1,8,Right Midfield,20,Japan,26,25,6,1515
671593,Mamady Diambou,409,Red Bull Salzburg,2025,A1,15,Defensive Midfield,22,Mali,22,9,0,464
515650,Takumu Kawamura,409,Red Bull Salzburg,2025,A1,16,Central Midfield,25,Japan,0,0,0,0
915896,Oliver Lukic,409,Red Bull Salzburg,2025,A1,25,Central Midfield,18,Croatia,6,3,0,122
804034,Valentin Sulzbacher,409,Red Bull Salzburg,2025,A1,38,Central Midfield,20,Austria,3,1,0,45
581880,Justin Omoregie,409,Red Bull Salzburg,2025,A1,36,Central Midfield,21,Austria,0,0,0,0
929994,Kerim Alajbegovic,409,Red Bull Salzburg,2025,A1,27,Left Winger,17,Bosnia-Herzegovina,31,28,9,1913
671591,Dorgeles Nene,409,Red Bull Salzburg,2025,A1,0,Right Winger,22,Mali,3,3,0,100
847278,Karim Konaté,409,Red Bull Salzburg,2025,A1,19,Centre-Forward,21,Cote d'Ivoire,17,16,7,946
846254,Petar Ratkov,409,Red Bull Salzburg,2025,A1,0,Centre-Forward,21,Serbia,17,17,9,1127
1236853,Edmund Baidoo,409,Red Bull Salzburg,2025,A1,20,Centre-Forward,19,Ghana,31,27,5,1472
881297,Adam Daghim,409,Red Bull Salzburg,2025,A1,0,Right Winger,19,Denmark,5,3,0,65
409517,Yorbe Vertessen,409,Red Bull Salzburg,2025,A1,11,Centre-Forward,24,Belgium,28,27,8,1532
1041861,Moussa Yeo,409,Red Bull Salzburg,2025,A1,49,Right Winger,21,Mali,29,22,1,953
715956,Damir Redzic,409,Red Bull Salzburg,2025,A1,24,Right Winger,22,Hungary,10,9,1,342
953893,Clement Bischoff,409,Red Bull Salzburg,2025,A1,7,Left Winger,19,Denmark,18,15,1,485
1057525,Enrique Aguilar,409,Red Bull Salzburg,2025,A1,43,Centre-Forward,18,Switzerland,12,7,0,72
119234,Karim Onisiwo,409,Red Bull Salzburg,2025,A1,9,Centre-Forward,33,Austria,22,21,1,577
404881,Niklas Hedl,170,Rapid Vienna,2025,A1,1,Goalkeeper,24,Austria,32,26,0,2340
223957,Paul Gartler,170,Rapid Vienna,2025,A1,25,Goalkeeper,28,Austria,31,6,0,540
658130,Laurenz Orgler,170,Rapid Vienna,2025,A1,50,Goalkeeper,20,Austria,1,0,0,0
692605,Benjamin Göschl,170,Rapid Vienna,2025,A1,51,Goalkeeper,19,Austria,2,0,0,0
683891,Serge-Philippe Raux-Yao,170,Rapid Vienna,2025,A1,6,Centre-Back,26,France,29,29,0,2552
439351,Bendegúz Bolla,170,Rapid Vienna,2025,A1,77,Right-Back,25,Hungary,28,28,4,2387
847257,Ange Ahoussou,170,Rapid Vienna,2025,A1,20,Centre-Back,21,Cote d'Ivoire,32,25,0,1626
715893,Jakob Schöller,170,Rapid Vienna,2025,A1,4,Centre-Back,19,Austria,12,10,1,577
231586,Jannes Horn,170,Rapid Vienna,2025,A1,38,Left-Back,28,Germany,23,21,0,1580
319482,Nenad Cvetkovic,170,Rapid Vienna,2025,A1,55,Centre-Back,29,Serbia,30,29,2,2512
692598,Furkan Demir,170,Rapid Vienna,2025,A1,61,Right-Back,20,Türkiye,32,14,0,653
475412,Jean Marcelin,170,Rapid Vienna,2025,A1,24,Centre-Back,25,Madagascar,3,2,0,114
393766,Jonas Auer,170,Rapid Vienna,2025,A1,23,Left-Back,24,Austria,10,5,0,83
803046,Amin-Elias Gröller,170,Rapid Vienna,2025,A1,47,Centre-Back,20,Tunisia,9,3,0,111
808348,Mamadou Sangaré,170,Rapid Vienna,2025,A1,0,Central Midfield,23,Mali,3,3,0,270
961937,Romeo Amane,170,Rapid Vienna,2025,A1,29,Central Midfield,22,Cote d'Ivoire,31,31,0,2619
526895,Matthias Seidl,170,Rapid Vienna,2025,A1,18,Central Midfield,24,Austria,30,28,4,2212
619657,Tobias Gulliksen,170,Rapid Vienna,2025,A1,17,Attacking Midfield,21,Norway,27,23,0,1021
976234,Martin Ndzie,170,Rapid Vienna,2025,A1,14,Defensive Midfield,22,Cameroon,12,8,0,221
224871,Lukas Grgic,170,Rapid Vienna,2025,A1,8,Defensive Midfield,29,Austria,30,16,0,691
458537,Tobias Børkeeiet,170,Rapid Vienna,2025,A1,16,Defensive Midfield,26,Norway,11,8,0,109
147485,Louis Schaub,170,Rapid Vienna,2025,A1,21,Right Midfield,30,Austria,18,8,1,263
842196,Lorenz Szladits,170,Rapid Vienna,2025,A1,0,Defensive Midfield,18,Austria,1,0,0,0
803052,Nikolaus Wurmbrand,170,Rapid Vienna,2025,A1,15,Right Winger,19,Austria,30,30,4,1862
912078,Petter Nosa Dahl,170,Rapid Vienna,2025,A1,10,Left Winger,21,Norway,21,21,3,1225
526785,Claudy Mbuyi,170,Rapid Vienna,2025,A1,71,Centre-Forward,26,France,13,13,3,747
548031,Yusuf Demir,170,Rapid Vienna,2025,A1,22,Right Winger,22,Austria,10,8,0,176
538974,Janis Antiste,170,Rapid Vienna,2025,A1,90,Centre-Forward,22,Martinique,27,26,3,1525
320701,Ercan Kara,170,Rapid Vienna,2025,A1,9,Centre-Forward,29,Austria,30,28,6,1181
614194,Andrija Radulovic,170,Rapid Vienna,2025,A1,0,Right Winger,22,Montenegro,15,10,1,464
565531,Marco Tilio,170,Rapid Vienna,2025,A1,7,Right Winger,23,Australia,21,11,1,322
1312171,Daniel Nunoo,170,Rapid Vienna,2025,A1,54,Right Winger,18,Ghana,5,5,1,174
49693,Andreas Weimann,170,Rapid Vienna,2025,A1,26,Centre-Forward,33,Austria,15,15,1,1217
601089,Dominik Weixelbraun,170,Rapid Vienna,2025,A1,41,Left Winger,21,Austria,13,9,0,232
1435202,Moulaye Haïdara,170,Rapid Vienna,2025,A1,0,Right Winger,18,Mali,3,1,0,9
718756,Daniil Khudyakov,122,SK Sturm Graz,2025,A1,53,Goalkeeper,21,Russia,10,8,0,720
471936,Oliver Christensen,122,SK Sturm Graz,2025,A1,0,Goalkeeper,26,Denmark,15,15,0,1317
629032,Matteo Bignetti,122,SK Sturm Graz,2025,A1,40,Goalkeeper,21,Austria,32,10,0,843
948135,Elias Lorenz,122,SK Sturm Graz,2025,A1,41,Goalkeeper,19,Austria,7,0,0,0
696164,Tim Oermann,122,SK Sturm Graz,2025,A1,0,Centre-Back,21,Germany,15,13,0,1015
652632,Max Johnston,122,SK Sturm Graz,2025,A1,0,Right-Back,21,Scotland,3,3,1,267
856068,Jeyland Mitchell,122,SK Sturm Graz,2025,A1,2,Centre-Back,20,Costa Rica,25,19,1,1228
393745,Jusuf Gazibegovic,122,SK Sturm Graz,2025,A1,22,Right-Back,25,Bosnia-Herzegovina,11,11,0,719
805534,Arjan Malic,122,SK Sturm Graz,2025,A1,23,Right-Back,19,Bosnia-Herzegovina,24,18,1,1041
420890,Dimitri Lavalée,122,SK Sturm Graz,2025,A1,24,Centre-Back,28,Belgium,14,14,0,1202
523895,Paul Koller,122,SK Sturm Graz,2025,A1,30,Centre-Back,23,Austria,14,14,1,1123
286596,Emir Karić,122,SK Sturm Graz,2025,A1,17,Left-Back,28,Bosnia-Herzegovina,31,30,0,2304
261935,Albert Vallci,122,SK Sturm Graz,2025,A1,5,Centre-Back,29,Austria,15,14,2,1260
394152,Emanuel Aiwu,122,SK Sturm Graz,2025,A1,47,Centre-Back,24,Austria,25,15,0,1053
394008,Niklas Geyrhofer,122,SK Sturm Graz,2025,A1,35,Centre-Back,25,Austria,24,8,0,337
523913,Gabriel Haider,122,SK Sturm Graz,2025,A1,0,Centre-Back,23,Austria,6,2,0,17
915410,Kristjan Bendra,122,SK Sturm Graz,2025,A1,0,Right-Back,19,Slovenia,6,3,0,57
909866,Bastian Maierhofer,122,SK Sturm Graz,2025,A1,0,Centre-Back,18,Austria,1,0,0,0
352596,Otar Kiteishvili,122,SK Sturm Graz,2025,A1,10,Attacking Midfield,29,Georgia,29,29,15,2020
553328,Tochi Chukwuani,122,SK Sturm Graz,2025,A1,0,Defensive Midfield,22,Denmark,16,16,1,1213
1169411,Luca Weinhandl,122,SK Sturm Graz,2025,A1,39,Central Midfield,16,Austria,17,10,1,383
960463,Jacob Peter Hödl,122,SK Sturm Graz,2025,A1,43,Right Midfield,18,Austria,31,28,2,1536
340415,Tomi Horvat,122,SK Sturm Graz,2025,A1,0,Right Midfield,26,Slovenia,17,17,2,1427
974365,Filip Rózga,122,SK Sturm Graz,2025,A1,8,Attacking Midfield,18,Poland,23,20,2,812
245034,Jon Gorenc Stankovic,122,SK Sturm Graz,2025,A1,4,Defensive Midfield,29,Slovenia,31,30,2,2580
620832,Ryan Fosso,122,SK Sturm Graz,2025,A1,80,Defensive Midfield,23,Cameroon,15,14,1,992
724965,Gizo Mamageishvili,122,SK Sturm Graz,2025,A1,15,Attacking Midfield,22,Georgia,14,13,1,565
802512,Julius Beck,122,SK Sturm Graz,2025,A1,0,Central Midfield,20,Denmark,8,3,0,53
59053,Stefan Hierländer,122,SK Sturm Graz,2025,A1,25,Right Midfield,34,Austria,27,13,1,208
610400,William Bøving,122,SK Sturm Graz,2025,A1,0,Centre-Forward,22,Denmark,3,3,0,216
822601,Leon Grgic,122,SK Sturm Graz,2025,A1,38,Centre-Forward,19,Croatia,16,16,3,798
922788,Axel Kayombo,122,SK Sturm Graz,2025,A1,11,Centre-Forward,19,France,23,16,1,518
661206,Seedy Jatta,122,SK Sturm Graz,2025,A1,20,Centre-Forward,22,Norway,32,32,4,1821
693092,Belmin Beganovic,122,SK Sturm Graz,2025,A1,26,Centre-Forward,20,Austria,19,15,3,391
405568,Maurice Malone,122,SK Sturm Graz,2025,A1,77,Centre-Forward,24,Germany,28,28,3,1566
924859,Rory Wilson,122,SK Sturm Graz,2025,A1,9,Centre-Forward,19,Scotland,11,4,0,23
718756,Daniil Khudyakov,122,SK Sturm Graz,2026,A1,53,Goalkeeper,22,Russia,1,1,0,90
307598,Ammar Helac,122,SK Sturm Graz,2026,A1,22,Goalkeeper,28,Austria,1,0,0,0
948135,Elias Lorenz,122,SK Sturm Graz,2026,A1,41,Goalkeeper,20,Austria,0,0,0,0
856068,Jeyland Mitchell,122,SK Sturm Graz,2026,A1,2,Centre-Back,21,Costa Rica,1,1,0,1
1012731,Luis Balbo,122,SK Sturm Graz,2026,A1,27,Left-Back,20,Venezuela,1,1,0,25
805534,Arjan Malic,122,SK Sturm Graz,2026,A1,23,Right-Back,20,Bosnia-Herzegovina,1,0,0,0
942034,Petar Petrovic,122,SK Sturm Graz,2026,A1,21,Centre-Back,21,Serbia,1,0,0,0
523895,Paul Koller,122,SK Sturm Graz,2026,A1,30,Centre-Back,24,Austria,1,1,0,90
261935,Albert Vallci,122,SK Sturm Graz,2026,A1,5,Centre-Back,31,Austria,1,1,0,90
913495,Emran Soglo,122,SK Sturm Graz,2026,A1,18,Left-Back,21,England,1,1,0,65
394008,Niklas Geyrhofer,122,SK Sturm Graz,2026,A1,35,Centre-Back,26,Austria,0,0,0,0
352596,Otar Kiteishvili,122,SK Sturm Graz,2026,A1,10,Attacking Midfield,30,Georgia,0,0,0,0
1169411,Luca Weinhandl,122,SK Sturm Graz,2026,A1,39,Central Midfield,17,Austria,0,0,0,0
960463,Jacob Peter Hödl,122,SK Sturm Graz,2026,A1,43,Right Midfield,19,Austria,1,1,0,71
974365,Filip Rózga,122,SK Sturm Graz,2026,A1,8,Attacking Midfield,19,Poland,0,0,0,0
245034,Jon Gorenc Stankovic,122,SK Sturm Graz,2026,A1,4,Defensive Midfield,30,Slovenia,1,1,0,90
620832,Ryan Fosso,122,SK Sturm Graz,2026,A1,80,Defensive Midfield,24,Cameroon,1,1,0,90
724965,Gizo Mamageishvili,122,SK Sturm Graz,2026,A1,15,Attacking Midfield,23,Georgia,1,1,0,19
620496,Simon Seidl,122,SK Sturm Graz,2026,A1,19,Central Midfield,23,Austria,1,1,0,90
271223,Jürgen Heil,122,SK Sturm Graz,2026,A1,28,Right Midfield,29,Austria,1,1,0,90
581879,Julian Halwachs,122,SK Sturm Graz,2026,A1,0,Defensive Midfield,23,Austria,1,0,0,0
796213,Nelson Weiper,122,SK Sturm Graz,2026,A1,44,Centre-Forward,21,Germany,0,0,0,0
822601,Leon Grgic,122,SK Sturm Graz,2026,A1,9,Centre-Forward,20,Croatia,0,0,0,0
922788,Axel Kayombo,122,SK Sturm Graz,2026,A1,11,Centre-Forward,20,France,1,1,0,19
661206,Seedy Jatta,122,SK Sturm Graz,2026,A1,20,Centre-Forward,23,Norway,1,1,0,25
693092,Belmin Beganovic,122,SK Sturm Graz,2026,A1,26,Centre-Forward,21,Austria,1,1,0,65
405568,Maurice Malone,122,SK Sturm Graz,2026,A1,77,Centre-Forward,25,Germany,0,0,0,0
1155608,Amady Camara,122,SK Sturm Graz,2026,A1,36,Centre-Forward,21,Mali,0,0,0,0
554282,Szymon Wlodarczyk,122,SK Sturm Graz,2026,A1,17,Centre-Forward,23,Poland,1,1,1,71
488063,Nikolas Polster,4441,Wolfsberger AC,2025,A1,12,Goalkeeper,22,Austria,30,29,0,2610
371430,Lukas Gütlbauer,4441,Wolfsberger AC,2025,A1,1,Goalkeeper,24,Austria,32,3,0,270
443936,David Skubl,4441,Wolfsberger AC,2025,A1,21,Goalkeeper,23,Austria,1,0,0,0
725006,Elias Müller,4441,Wolfsberger AC,2025,A1,0,Goalkeeper,19,Austria,1,0,0,0
985825,Chibuike Nwaiwu,4441,Wolfsberger AC,2025,A1,0,Centre-Back,21,Nigeria,12,12,0,997
851548,Boris Matic,4441,Wolfsberger AC,2025,A1,2,Right-Back,20,Serbia,32,24,1,1763
1174506,Cheick Mamadou Diabaté,4441,Wolfsberger AC,2025,A1,15,Centre-Back,21,Cote d'Ivoire,27,21,0,1348
531289,Fabian Wohlmuth,4441,Wolfsberger AC,2025,A1,31,Right-Back,23,Austria,32,25,0,1623
194736,Nicolas Wimmer,4441,Wolfsberger AC,2025,A1,37,Centre-Back,30,Austria,31,31,1,2700
206906,Dominik Baumgartner,4441,Wolfsberger AC,2025,A1,22,Centre-Back,28,Austria,28,25,2,2142
212333,Rene Renner,4441,Wolfsberger AC,2025,A1,77,Left-Back,31,Austria,27,27,3,2307
805215,Tobias Gruber,4441,Wolfsberger AC,2025,A1,13,Centre-Back,20,Austria,26,6,0,133
1281453,Emmanuel Chukwu,4441,Wolfsberger AC,2025,A1,35,Centre-Back,18,Nigeria,21,10,1,162
848656,David Djuric,4441,Wolfsberger AC,2025,A1,70,Left-Back,19,Serbia,6,3,0,177
1228946,Adama Dramé,4441,Wolfsberger AC,2025,A1,25,Centre-Back,20,Cote d'Ivoire,12,2,0,28
1287394,Austin Harrison,4441,Wolfsberger AC,2025,A1,3,Left-Back,19,Nigeria,1,0,0,0
533007,Marlon Morgenstern,4441,Wolfsberger AC,2025,A1,0,Centre-Back,24,Germany,4,0,0,0
528022,Dejan Zukic,4441,Wolfsberger AC,2025,A1,20,Attacking Midfield,24,Serbia,32,31,7,2484
118397,Alessandro Schöpf,4441,Wolfsberger AC,2025,A1,18,Central Midfield,31,Austria,24,24,5,1804
885233,Emmanuel Agyemang,4441,Wolfsberger AC,2025,A1,34,Central Midfield,21,Ghana,32,24,0,920
604504,Marco Sulzner,4441,Wolfsberger AC,2025,A1,30,Defensive Midfield,21,Austria,30,25,1,1670
795724,Emin Kujovic,4441,Wolfsberger AC,2025,A1,23,Central Midfield,20,Bosnia-Herzegovina,12,9,0,388
89541,Simon Piesinger,4441,Wolfsberger AC,2025,A1,8,Defensive Midfield,33,Austria,31,27,2,1736
922709,Florent Hajdini,4441,Wolfsberger AC,2025,A1,6,Defensive Midfield,18,Austria,7,1,0,3
1106650,Tochukwu Raymond,4441,Wolfsberger AC,2025,A1,14,Central Midfield,21,Nigeria,1,0,0,0
406608,Thierno Ballo,4441,Wolfsberger AC,2025,A1,0,Left Winger,23,Austria,4,3,0,188
922711,Erik Kojzek,4441,Wolfsberger AC,2025,A1,9,Centre-Forward,19,Austria,26,24,3,999
448177,Jessic Ngankam,4441,Wolfsberger AC,2025,A1,24,Centre-Forward,24,Germany,8,8,1,404
523870,Angelo Gattermayer,4441,Wolfsberger AC,2025,A1,7,Right Winger,23,Austria,32,28,2,1734
196227,Donis Avdijaj,4441,Wolfsberger AC,2025,A1,10,Left Winger,28,Kosovo,25,23,2,905
254284,David Atanga,4441,Wolfsberger AC,2025,A1,17,Right Winger,28,Ghana,23,18,1,700
78006,Markus Pink,4441,Wolfsberger AC,2025,A1,32,Centre-Forward,34,Austria,23,22,7,1257
1010984,Mickael Dosso,4441,Wolfsberger AC,2025,A1,0,Left Winger,19,Cote d'Ivoire,2,2,0,13
1384394,Ryan Ogam,4441,Wolfsberger AC,2025,A1,11,Centre-Forward,20,Kenya,3,1,0,14
77563,Samuel Sahin-Radlinger,14,Austria Vienna,2026,A1,1,Goalkeeper,33,Austria,1,1,0,90
307511,Mirko Kos,14,Austria Vienna,2026,A1,99,Goalkeeper,29,Austria,1,0,0,0
689255,Kenan Jusic,14,Austria Vienna,2026,A1,32,Goalkeeper,21,Austria,0,0,0,0
201731,Lukas Wedl,14,Austria Vienna,2026,A1,13,Goalkeeper,30,Austria,0,0,0,0
639027,Tae-seok Lee,14,Austria Vienna,2026,A1,17,Left-Back,24,"Korea, South",1,1,0,90
743024,Ibrahim Buhari,14,Austria Vienna,2026,A1,3,Centre-Back,24,Nigeria,1,1,0,90
59032,Aleksandar Dragovic,14,Austria Vienna,2026,A1,15,Centre-Back,35,Austria,0,0,0,0
159139,Philipp Wiesinger,14,Austria Vienna,2026,A1,28,Centre-Back,32,Austria,0,0,0,0
293084,Johannes Handl,14,Austria Vienna,2026,A1,46,Centre-Back,28,Austria,1,1,0,33
918449,Matteo Schablas,14,Austria Vienna,2026,A1,21,Left-Back,21,Austria,1,0,0,0
83119,Reinhold Ranftl,14,Austria Vienna,2026,A1,26,Right-Back,34,Austria,1,1,0,90
1048619,Daniel Nnodim,14,Austria Vienna,2026,A1,40,Right-Back,18,Germany,1,1,0,21
1078759,Valentin Toifl,14,Austria Vienna,2026,A1,44,Centre-Back,21,Austria,0,0,0,0
1025800,Jonas Feddersen,14,Austria Vienna,2026,A1,4,Centre-Back,19,Germany,1,1,0,57
1113024,Vasilije Markovic,14,Austria Vienna,2026,A1,7,Attacking Midfield,18,Austria,1,0,0,0
1048618,Philipp Maybach,14,Austria Vienna,2026,A1,6,Defensive Midfield,18,Austria,1,0,0,0
803967,Sanel Saljic,14,Austria Vienna,2026,A1,10,Attacking Midfield,20,Austria,1,1,0,57
269093,Manfred Fischer,14,Austria Vienna,2026,A1,30,Attacking Midfield,30,Austria,1,1,0,90
734395,Kang-hee Lee,14,Austria Vienna,2026,A1,16,Defensive Midfield,24,"Korea, South",1,1,0,90
602792,Florian Wustinger,14,Austria Vienna,2026,A1,22,Defensive Midfield,23,Austria,1,1,0,69
915904,Marijan Österreicher,14,Austria Vienna,2026,A1,33,Right Midfield,20,Austria,0,0,0,0
960445,Romeo Mörth,14,Austria Vienna,2026,A1,34,Attacking Midfield,19,Austria,0,0,0,0
251303,Johannes Eggestein,14,Austria Vienna,2026,A1,19,Centre-Forward,28,Germany,1,1,0,80
675509,Julian Hettwer,14,Austria Vienna,2026,A1,20,Left Winger,23,Germany,1,1,0,33
655247,Moritz Wels,14,Austria Vienna,2026,A1,37,Right Winger,21,Austria,1,1,0,57
703655,Noah Botic,14,Austria Vienna,2026,A1,9,Centre-Forward,24,Australia,0,0,0,0
288690,Manprit Sarkaria,14,Austria Vienna,2026,A1,11,Centre-Forward,29,Austria,0,0,0,0
614157,Kelvin Boateng,14,Austria Vienna,2026,A1,14,Centre-Forward,26,Ghana,1,1,0,33
1113018,Hasan Deshishku,14,Austria Vienna,2026,A1,74,Right Winger,18,Austria,1,1,0,10
1288949,Abdoulaye Kanté,14,Austria Vienna,2026,A1,47,Centre-Forward,21,Cote d'Ivoire,0,0,0,0
77563,Samuel Sahin-Radlinger,14,Austria Vienna,2025,A1,1,Goalkeeper,32,Austria,32,32,0,2880
307511,Mirko Kos,14,Austria Vienna,2025,A1,99,Goalkeeper,28,Austria,31,0,0,0
201731,Lukas Wedl,14,Austria Vienna,2025,A1,13,Goalkeeper,29,Austria,1,0,0,0
1167696,Ifeanyi Ndukwe,14,Austria Vienna,2025,A1,66,Centre-Back,17,Austria,13,1,0,1
639027,Tae-seok Lee,14,Austria Vienna,2025,A1,17,Left-Back,22,"Korea, South",30,30,3,2574
307658,Tin Plavotic,14,Austria Vienna,2025,A1,24,Centre-Back,28,Croatia,25,25,2,1759
59032,Aleksandar Dragovic,14,Austria Vienna,2025,A1,15,Centre-Back,34,Austria,28,28,2,2423
742018,Dejan Radonjic,14,Austria Vienna,2025,A1,60,Centre-Back,19,Austria,26,14,1,861
803933,Luca Pazourek,14,Austria Vienna,2025,A1,0,Right-Back,20,Austria,15,7,0,183
159139,Philipp Wiesinger,14,Austria Vienna,2025,A1,28,Centre-Back,31,Austria,29,29,1,2459
293084,Johannes Handl,14,Austria Vienna,2025,A1,46,Centre-Back,27,Austria,17,17,0,598
918449,Matteo Schablas,14,Austria Vienna,2025,A1,40,Left-Back,20,Austria,23,8,1,155
1048619,Daniel Nnodim,14,Austria Vienna,2025,A1,0,Right-Back,17,Germany,2,0,0,0
83119,Reinhold Ranftl,14,Austria Vienna,2025,A1,26,Right-Back,33,Austria,32,32,3,2831
395230,Hakim Guenouche,14,Austria Vienna,2025,A1,21,Left-Back,25,France,14,4,0,153
851558,Aleksa Ilic,14,Austria Vienna,2025,A1,0,Centre-Back,20,Serbia,8,0,0,0
689271,Ziad El Sheiwi,14,Austria Vienna,2025,A1,4,Left-Back,21,Austria,0,0,0,0
657575,Abubakr Barry,14,Austria Vienna,2025,A1,5,Central Midfield,24,The Gambia,28,28,4,2420
1113024,Vasilije Markovic,14,Austria Vienna,2025,A1,36,Attacking Midfield,17,Austria,15,13,0,509
1048618,Philipp Maybach,14,Austria Vienna,2025,A1,6,Defensive Midfield,17,Austria,26,23,0,1067
803967,Sanel Saljic,14,Austria Vienna,2025,A1,20,Attacking Midfield,19,Austria,22,22,1,1090
354022,Dominik Fitz,14,Austria Vienna,2025,A1,0,Attacking Midfield,26,Austria,3,3,1,270
269093,Manfred Fischer,14,Austria Vienna,2025,A1,30,Attacking Midfield,29,Austria,32,32,3,2740
734395,Kang-hee Lee,14,Austria Vienna,2025,A1,16,Defensive Midfield,23,"Korea, South",25,22,0,1475
602792,Florian Wustinger,14,Austria Vienna,2025,A1,22,Defensive Midfield,21,Austria,6,6,0,145
960445,Romeo Mörth,14,Austria Vienna,2025,A1,0,Attacking Midfield,18,Austria,4,2,0,37
915904,Marijan Österreicher,14,Austria Vienna,2025,A1,33,Right Midfield,19,Austria,12,5,0,28
915899,Dominik Nisandzic,14,Austria Vienna,2025,A1,70,Central Midfield,18,Austria,5,1,0,7
251303,Johannes Eggestein,14,Austria Vienna,2025,A1,19,Centre-Forward,27,Germany,29,29,9,2336
405568,Maurice Malone,14,Austria Vienna,2025,A1,0,Centre-Forward,24,Germany,5,5,0,346
960458,Konstantin Aleksa,14,Austria Vienna,2025,A1,23,Centre-Forward,18,Austria,5,4,0,51
703655,Noah Botic,14,Austria Vienna,2025,A1,9,Centre-Forward,23,Australia,13,13,3,515
288690,Manprit Sarkaria,14,Austria Vienna,2025,A1,11,Centre-Forward,28,Austria,15,15,3,897
614157,Kelvin Boateng,14,Austria Vienna,2025,A1,14,Centre-Forward,25,Ghana,24,20,4,613
566630,Romeo Vucic,14,Austria Vienna,2025,A1,7,Centre-Forward,22,Austria,13,5,0,70
307664,Marko Raguz,14,Austria Vienna,2025,A1,29,Centre-Forward,27,Austria,20,10,1,60
1288949,Abdoulaye Kanté,14,Austria Vienna,2025,A1,47,Centre-Forward,20,Cote d'Ivoire,8,2,0,9
933215,Ármin Pécsi,4467,TSV Hartberg,2026,A1,91,Goalkeeper,21,Hungary,1,1,0,90
432859,Luka Maric,4467,TSV Hartberg,2026,A1,21,Goalkeeper,24,Austria,1,0,0,0
1142392,Harald Postl,4467,TSV Hartberg,2026,A1,44,Goalkeeper,20,Austria,0,0,0,0
1009490,Fabian Wilfinger,4467,TSV Hartberg,2026,A1,18,Centre-Back,22,Austria,1,1,0,89
452461,Paul Komposch,4467,TSV Hartberg,2026,A1,14,Centre-Back,25,Austria,1,1,0,90
805123,Konstantin Schopp,4467,TSV Hartberg,2026,A1,27,Centre-Back,20,Austria,1,1,0,90
803933,Luca Pazourek,4467,TSV Hartberg,2026,A1,2,Right-Back,21,Austria,1,1,0,45
1118503,Habib Coulibaly,4467,TSV Hartberg,2026,A1,6,Centre-Back,22,Cote d'Ivoire,1,1,0,90
1086882,Magnus Dalpiaz,4467,TSV Hartberg,2026,A1,16,Right-Back,19,Austria,1,0,0,0
126114,Lukas Spendlhofer,4467,TSV Hartberg,2026,A1,19,Centre-Back,33,Austria,1,0,0,0
515480,Benjamin Markus,4467,TSV Hartberg,2026,A1,4,Defensive Midfield,25,Slovenia,1,1,0,90
915896,Oliver Lukic,4467,TSV Hartberg,2026,A1,10,Central Midfield,19,Croatia,0,0,0,0
564451,Youba Diarra,4467,TSV Hartberg,2026,A1,5,Central Midfield,28,Mali,1,1,0,89
69741,Tobias Kainz,4467,TSV Hartberg,2026,A1,23,Left Midfield,33,Austria,1,1,0,90
709318,Florian Gerstl,4467,TSV Hartberg,2026,A1,28,Left Midfield,23,Austria,1,1,0,45
692755,Jonas Karner,4467,TSV Hartberg,2026,A1,17,Attacking Midfield,21,Austria,1,0,0,0
805126,Paul Bratschko,4467,TSV Hartberg,2026,A1,20,Right Midfield,20,Austria,0,0,0,0
842269,Nikolaus Feldhofer,4467,TSV Hartberg,2026,A1,95,Defensive Midfield,19,Austria,1,1,0,1
523870,Angelo Gattermayer,4467,TSV Hartberg,2026,A1,7,Right Winger,24,Austria,1,1,0,45
597424,Marco Hoffmann,4467,TSV Hartberg,2026,A1,22,Centre-Forward,22,Austria,1,1,0,71
1000284,Jed Drew,4467,TSV Hartberg,2026,A1,11,Right Winger,22,Australia,1,1,0,1
291090,Lukas Fridrikas,4467,TSV Hartberg,2026,A1,30,Centre-Forward,28,Austria,0,0,0,0
1292331,Agustín Urrutia,4467,TSV Hartberg,2026,A1,9,Centre-Forward,22,Argentina,1,1,0,19
1022130,David Korherr,4467,TSV Hartberg,2026,A1,77,Centre-Forward,24,Austria,0,0,0,0
1142393,Matthias Postl,4467,TSV Hartberg,2026,A1,8,Centre-Forward,20,Austria,1,1,0,45
639582,Tom Ritzy Hülsmann,4467,TSV Hartberg,2025,A1,40,Goalkeeper,21,Germany,30,30,0,2685
307598,Ammar Helac,4467,TSV Hartberg,2025,A1,1,Goalkeeper,27,Austria,29,3,0,194
432859,Luka Maric,4467,TSV Hartberg,2025,A1,21,Goalkeeper,22,Austria,3,0,0,0
1142392,Harald Postl,4467,TSV Hartberg,2025,A1,44,Goalkeeper,19,Austria,2,0,0,0
679865,Dominic Vincze,4467,TSV Hartberg,2025,A1,3,Centre-Back,21,Austria,24,24,1,2054
1009490,Fabian Wilfinger,4467,TSV Hartberg,2025,A1,18,Centre-Back,21,Austria,31,31,3,2790
897409,Maximilian Hennig,4467,TSV Hartberg,2025,A1,33,Left-Back,18,Germany,29,28,1,1957
452461,Paul Komposch,4467,TSV Hartberg,2025,A1,14,Centre-Back,24,Austria,3,2,0,91
805123,Konstantin Schopp,4467,TSV Hartberg,2025,A1,27,Centre-Back,19,Austria,10,7,0,399
803933,Luca Pazourek,4467,TSV Hartberg,2025,A1,2,Right-Back,20,Austria,15,13,2,944
1118503,Habib Coulibaly,4467,TSV Hartberg,2025,A1,6,Centre-Back,21,Cote d'Ivoire,32,18,0,1188
694598,Damjan Kovacevic,4467,TSV Hartberg,2025,A1,95,Right-Back,20,Austria,32,25,1,1322
126114,Lukas Spendlhofer,4467,TSV Hartberg,2025,A1,19,Centre-Back,32,Austria,28,28,2,2411
1167442,Emmanuel Ojukwu,4467,TSV Hartberg,2025,A1,25,Centre-Back,21,Austria,10,2,0,4
339826,Julian Gölles,4467,TSV Hartberg,2025,A1,16,Right-Back,25,Austria,28,8,0,180
515480,Benjamin Markus,4467,TSV Hartberg,2025,A1,4,Defensive Midfield,24,Slovenia,32,32,0,2828
271223,Jürgen Heil,4467,TSV Hartberg,2025,A1,28,Right Midfield,28,Austria,27,27,2,2229
223975,Dominik Prokop,4467,TSV Hartberg,2025,A1,0,Attacking Midfield,28,Austria,17,14,1,328
564451,Youba Diarra,4467,TSV Hartberg,2025,A1,5,Central Midfield,27,Mali,16,16,0,728
870891,Maximilian Fillafer,4467,TSV Hartberg,2025,A1,11,Right Midfield,20,Austria,22,15,1,586
69741,Tobias Kainz,4467,TSV Hartberg,2025,A1,23,Left Midfield,32,Austria,30,30,1,2250
581879,Julian Halwachs,4467,TSV Hartberg,2025,A1,8,Defensive Midfield,22,Austria,22,6,0,103
692755,Jonas Karner,4467,TSV Hartberg,2025,A1,17,Attacking Midfield,20,Austria,9,1,0,11
805126,Paul Bratschko,4467,TSV Hartberg,2025,A1,20,Right Midfield,19,Austria,9,1,0,6
566626,Elias Havel,4467,TSV Hartberg,2025,A1,7,Centre-Forward,22,Austria,30,30,13,2312
696246,Patrik Mijic,4467,TSV Hartberg,2025,A1,0,Centre-Forward,26,Croatia,16,12,1,279
597424,Marco Hoffmann,4467,TSV Hartberg,2025,A1,22,Centre-Forward,21,Austria,31,31,4,1881
1000284,Jed Drew,4467,TSV Hartberg,2025,A1,79,Right Winger,21,Australia,14,13,2,587
291090,Lukas Fridrikas,4467,TSV Hartberg,2025,A1,30,Centre-Forward,27,Austria,26,26,4,990
952115,Musibau Aziz,4467,TSV Hartberg,2025,A1,61,Centre-Forward,18,Ghana,15,8,0,192
1022130,David Korherr,4467,TSV Hartberg,2025,A1,77,Centre-Forward,23,Austria,17,6,0,56
115989,Dejan Stojanovic,3551,SCR Altach,2026,A1,1,Goalkeeper,33,Austria,1,1,0,90
346842,Daniel Antosch,3551,SCR Altach,2026,A1,31,Goalkeeper,26,Austria,1,0,0,0
580623,Elias Scherf,3551,SCR Altach,2026,A1,30,Goalkeeper,23,Austria,1,0,0,0
842218,Paul Piffer,3551,SCR Altach,2026,A1,33,Goalkeeper,20,Austria,0,0,0,0
806477,Filip Milojevic,3551,SCR Altach,2026,A1,27,Centre-Back,21,Austria,1,1,0,90
488048,Benjamin Böckle,3551,SCR Altach,2026,A1,37,Left-Back,24,Austria,1,1,0,90
915412,Jakob Brandtner,3551,SCR Altach,2026,A1,21,Left-Back,20,Austria,1,0,0,0
867691,Rassa Rahmani,3551,SCR Altach,2026,A1,16,Centre-Back,26,Sweden,1,0,0,0
120206,Lukas Jäger,3551,SCR Altach,2026,A1,17,Centre-Back,32,Austria,1,1,0,90
83616,Benedikt Zech,3551,SCR Altach,2026,A1,23,Centre-Back,35,Austria,1,1,0,90
1394845,Henrique Bell,3551,SCR Altach,2026,A1,4,Centre-Back,19,Brazil,0,0,0,0
806073,Niklas Niehoff,3551,SCR Altach,2026,A1,29,Right Midfield,21,Germany,1,1,0,77
346846,Vesel Demaku,3551,SCR Altach,2026,A1,6,Defensive Midfield,26,Kosovo,1,1,0,90
193006,Mike-Steven Bähre,3551,SCR Altach,2026,A1,8,Central Midfield,30,Germany,1,1,0,90
488049,Denizcan Cosgun,3551,SCR Altach,2026,A1,7,Attacking Midfield,24,Austria,0,0,0,0
993652,Yanis Eisschill,3551,SCR Altach,2026,A1,22,Central Midfield,20,Austria,1,0,0,0
1245829,Salif Tietietta,3551,SCR Altach,2026,A1,24,Attacking Midfield,21,Burkina Faso,1,0,0,0
1174156,Adrian Vonbrül,3551,SCR Altach,2026,A1,34,Midfield,18,Austria,0,0,0,0
197043,Patrick Greil,3551,SCR Altach,2026,A1,18,Left Winger,29,Austria,1,1,0,81
809242,Yann Massombo,3551,SCR Altach,2026,A1,28,Right Winger,26,France,1,1,0,90
702785,Ousmane Diawara,3551,SCR Altach,2026,A1,10,Centre-Forward,26,Sweden,1,1,0,70
619305,Srdjan Hrstic,3551,SCR Altach,2026,A1,19,Centre-Forward,23,Serbia,1,1,0,9
629002,Erkin Yalcin,3551,SCR Altach,2026,A1,20,Left Winger,22,Austria,1,1,0,13
1270622,Shingo Nakano,3551,SCR Altach,2026,A1,11,Centre-Forward,21,Japan,0,0,0,0
307664,Marko Raguz,3551,SCR Altach,2026,A1,9,Centre-Forward,28,Austria,1,1,0,20
115989,Dejan Stojanovic,3551,SCR Altach,2025,A1,1,Goalkeeper,31,Austria,32,32,0,2835
169271,Tino Casali,3551,SCR Altach,2025,A1,0,Goalkeeper,29,Austria,7,0,0,0
346842,Daniel Antosch,3551,SCR Altach,2025,A1,31,Goalkeeper,25,Austria,20,1,0,45
580623,Elias Scherf,3551,SCR Altach,2025,A1,30,Goalkeeper,22,Austria,5,0,0,0
842218,Paul Piffer,3551,SCR Altach,2025,A1,33,Goalkeeper,19,Austria,5,0,0,0
51719,Martin Kobras,3551,SCR Altach,2025,A1,0,Goalkeeper,39,Austria,1,0,0,0
523895,Paul Koller,3551,SCR Altach,2025,A1,0,Centre-Back,23,Austria,17,17,1,1506
1107570,Mohamed Ouédraogo,3551,SCR Altach,2025,A1,29,Left-Back,22,Burkina Faso,29,29,4,2487
806477,Filip Milojevic,3551,SCR Altach,2025,A1,27,Centre-Back,20,Austria,30,22,1,1751
525157,Pascal Estrada,3551,SCR Altach,2025,A1,0,Centre-Back,23,Austria,5,2,0,180
286627,Sandro Ingolitsch,3551,SCR Altach,2025,A1,25,Right-Back,28,Austria,30,30,1,2507
867691,Rassa Rahmani,3551,SCR Altach,2025,A1,16,Centre-Back,25,Sweden,15,5,0,279
321870,Leonardo Lukacevic,3551,SCR Altach,2025,A1,0,Left-Back,26,Austria,16,6,0,193
120206,Lukas Jäger,3551,SCR Altach,2025,A1,17,Centre-Back,31,Austria,28,26,0,2070
164142,Lukas Gugganig,3551,SCR Altach,2025,A1,5,Centre-Back,30,Austria,31,17,0,173
83616,Benedikt Zech,3551,SCR Altach,2025,A1,23,Centre-Back,34,Austria,29,29,0,2597
1241067,Timo Müller,3551,SCR Altach,2025,A1,0,Left-Back,16,Austria,3,0,0,0
346846,Vesel Demaku,3551,SCR Altach,2025,A1,6,Defensive Midfield,25,Kosovo,22,22,1,1705
193006,Mike-Steven Bähre,3551,SCR Altach,2025,A1,8,Central Midfield,29,Germany,30,30,0,2678
526032,Moritz Oswald,3551,SCR Altach,2025,A1,14,Central Midfield,23,Austria,27,18,0,674
283141,Blendi Idrizi,3551,SCR Altach,2025,A1,22,Attacking Midfield,27,Kosovo,5,2,0,19
742012,Diego Madritsch,3551,SCR Altach,2025,A1,19,Central Midfield,19,Austria,3,0,0,0
1245829,Salif Tietietta,3551,SCR Altach,2025,A1,24,Attacking Midfield,20,Burkina Faso,0,0,0,0
45425,Alexander Gorgon,3551,SCR Altach,2025,A1,20,Attacking Midfield,36,Austria,26,16,1,193
1174151,Nemanja Krstovic,3551,SCR Altach,2025,A1,0,Left Midfield,16,Austria,5,0,0,0
1174156,Adrian Vonbrül,3551,SCR Altach,2025,A1,0,Midfield,17,Austria,1,0,0,0
197043,Patrick Greil,3551,SCR Altach,2025,A1,18,Left Winger,28,Austria,30,29,12,2291
809242,Yann Massombo,3551,SCR Altach,2025,A1,28,Right Winger,25,France,31,31,3,2499
702785,Ousmane Diawara,3551,SCR Altach,2025,A1,10,Centre-Forward,25,Sweden,28,27,5,1814
619305,Srdjan Hrstic,3551,SCR Altach,2025,A1,11,Centre-Forward,21,Serbia,27,26,3,1084
532495,Marlon Mustapha,3551,SCR Altach,2025,A1,9,Centre-Forward,24,Austria,27,21,0,1324
291090,Lukas Fridrikas,3551,SCR Altach,2025,A1,0,Centre-Forward,27,Austria,1,1,0,11
1363814,Precious Benjamin,3551,SCR Altach,2025,A1,21,Centre-Forward,18,Nigeria,15,7,0,103
629002,Erkin Yalcin,3551,SCR Altach,2025,A1,26,Left Winger,21,Austria,32,22,1,416
741124,Anteo Fetahu,3551,SCR Altach,2025,A1,40,Centre-Forward,22,Albania,18,11,2,153
519011,Luca Kronberger,3551,SCR Altach,2025,A1,7,Left Winger,23,Austria,7,1,0,10
488063,Nikolas Polster,4441,Wolfsberger AC,2026,A1,12,Goalkeeper,24,Austria,1,1,0,90
371430,Lukas Gütlbauer,4441,Wolfsberger AC,2026,A1,1,Goalkeeper,25,Austria,1,0,0,0
443936,David Skubl,4441,Wolfsberger AC,2026,A1,21,Goalkeeper,24,Austria,0,0,0,0
851548,Boris Matic,4441,Wolfsberger AC,2026,A1,2,Right-Back,21,Serbia,0,0,0,0
1174506,Cheick Mamadou Diabaté,4441,Wolfsberger AC,2026,A1,15,Centre-Back,22,Cote d'Ivoire,1,1,0,90
531289,Fabian Wohlmuth,4441,Wolfsberger AC,2026,A1,31,Right-Back,24,Austria,1,1,0,90
194736,Nicolas Wimmer,4441,Wolfsberger AC,2026,A1,37,Centre-Back,31,Austria,1,1,0,90
321095,Raffael Behounek,4441,Wolfsberger AC,2026,A1,6,Centre-Back,29,Austria,1,1,0,90
212333,Rene Renner,4441,Wolfsberger AC,2026,A1,77,Left-Back,32,Austria,1,1,0,20
1046038,Matteo Kitz,4441,Wolfsberger AC,2026,A1,35,Centre-Back,19,Austria,1,0,0,0
604458,Aaron Sky Schwarz,4441,Wolfsberger AC,2026,A1,11,Left-Back,22,Austria,1,1,1,70
848656,David Djuric,4441,Wolfsberger AC,2026,A1,70,Left-Back,20,Serbia,0,0,0,0
1228946,Adama Dramé,4441,Wolfsberger AC,2026,A1,0,Centre-Back,21,Cote d'Ivoire,0,0,0,0
1287394,Austin Harrison,4441,Wolfsberger AC,2026,A1,0,Left-Back,20,Nigeria,0,0,0,0
885233,Emmanuel Agyemang,4441,Wolfsberger AC,2026,A1,34,Central Midfield,22,Ghana,1,1,0,70
724966,Otar Mamageishvili,4441,Wolfsberger AC,2026,A1,19,Central Midfield,23,Georgia,1,1,0,20
604504,Marco Sulzner,4441,Wolfsberger AC,2026,A1,30,Defensive Midfield,23,Austria,1,1,0,90
308408,Thorsten Schriebl,4441,Wolfsberger AC,2026,A1,20,Central Midfield,27,Austria,1,0,0,0
89541,Simon Piesinger,4441,Wolfsberger AC,2026,A1,8,Defensive Midfield,34,Austria,1,0,0,0
807034,Marco Schabauer,4441,Wolfsberger AC,2026,A1,17,Attacking Midfield,20,Austria,1,1,0,60
805270,Michael Schweiger,4441,Wolfsberger AC,2026,A1,18,Defensive Midfield,20,Austria,0,0,0,0
1067902,Sankara Karamoko,4441,Wolfsberger AC,2026,A1,49,Centre-Forward,22,Cote d'Ivoire,1,1,0,10
363178,Giacomo Vrioni,4441,Wolfsberger AC,2026,A1,9,Centre-Forward,27,Albania,1,1,2,80
196227,Donis Avdijaj,4441,Wolfsberger AC,2026,A1,10,Left Winger,29,Kosovo,1,1,0,80
842189,Phillip Verhounig,4441,Wolfsberger AC,2026,A1,23,Centre-Forward,20,Austria,1,1,0,30
804958,Luca Hassler,4441,Wolfsberger AC,2026,A1,7,Centre-Forward,22,Austria,0,0,0,0
940644,Veljko Vukojevic,4441,Wolfsberger AC,2026,A1,22,Left Winger,19,Serbia,0,0,0,0
78006,Markus Pink,4441,Wolfsberger AC,2026,A1,32,Centre-Forward,35,Austria,1,1,0,10
1010984,Mickael Dosso,4441,Wolfsberger AC,2026,A1,0,Left Winger,20,Cote d'Ivoire,0,0,0,0
127679,Cican Stankovic,316,Grazer AK 1902,2026,A1,23,Goalkeeper,33,Austria,1,1,0,90
286546,Jakob Meierhofer,316,Grazer AK 1902,2026,A1,1,Goalkeeper,28,Austria,1,0,0,0
194457,Christoph Nicht,316,Grazer AK 1902,2026,A1,26,Goalkeeper,32,Austria,1,0,0,0
804035,Tim Trummer,316,Grazer AK 1902,2026,A1,37,Right-Back,20,Austria,0,0,0,0
1052291,Beres Owusu,316,Grazer AK 1902,2026,A1,82,Centre-Back,22,France,1,1,0,90
545810,Jacob Italiano,316,Grazer AK 1902,2026,A1,14,Right-Back,25,Australia,0,0,0,0
441987,Leon Klassen,316,Grazer AK 1902,2026,A1,32,Left-Back,26,Russia,1,1,0,90
638692,Donovan Pines,316,Grazer AK 1902,2026,A1,2,Centre-Back,28,United States,1,1,0,90
494830,Anderson,316,Grazer AK 1902,2026,A1,28,Right-Back,28,Brazil,1,1,0,19
695225,Ludwig Vraa,316,Grazer AK 1902,2026,A1,3,Centre-Back,21,Denmark,0,0,0,0
452480,Matthias Gragger,316,Grazer AK 1902,2026,A1,48,Left-Back,24,Austria,1,1,0,90
515132,Yannick Oberleitner,316,Grazer AK 1902,2026,A1,27,Centre-Back,24,Germany,1,1,0,87
915897,Petar Markovic,316,Grazer AK 1902,2026,A1,72,Centre-Back,20,Austria,1,1,0,3
1411672,Christoph Hasenhüttl,316,Grazer AK 1902,2026,A1,0,Left-Back,16,Austria,1,0,0,0
158106,Peter Michorl,316,Grazer AK 1902,2026,A1,34,Central Midfield,31,Austria,1,1,0,90
434103,Tobias Koch,316,Grazer AK 1902,2026,A1,8,Defensive Midfield,25,Austria,0,0,0,0
317442,Mark Grosse,316,Grazer AK 1902,2026,A1,11,Attacking Midfield,27,Austria,1,1,0,15
282753,Christian Lichtenberger,316,Grazer AK 1902,2026,A1,10,Attacking Midfield,30,Austria,1,1,0,75
860053,Ismaël Guerti,316,Grazer AK 1902,2026,A1,29,Attacking Midfield,22,Morocco,0,0,0,0
966008,Liam Hermesh,316,Grazer AK 1902,2026,A1,6,Defensive Midfield,22,Israel,1,1,0,71
513124,Alexander Hofleitner,316,Grazer AK 1902,2026,A1,25,Centre-Forward,26,Austria,1,1,0,90
195741,Daniel Maderner,316,Grazer AK 1902,2026,A1,9,Centre-Forward,30,Austria,1,1,0,71
738488,Anthony Smits,316,Grazer AK 1902,2026,A1,7,Centre-Forward,21,Netherlands,1,1,0,19
1140228,Nicky Fatayi Brown Ugo,316,Grazer AK 1902,2026,A1,0,Left Winger,20,Nigeria,1,0,0,0
1533305,Felix Baumgartner,316,Grazer AK 1902,2026,A1,0,Centre-Forward,16,Austria,1,0,0,0
462699,Franz Stolz,316,Grazer AK 1902,2025,A1,12,Goalkeeper,24,Austria,15,15,0,1350
286546,Jakob Meierhofer,316,Grazer AK 1902,2025,A1,1,Goalkeeper,27,Austria,32,17,0,1530
194457,Christoph Nicht,316,Grazer AK 1902,2025,A1,26,Goalkeeper,31,Austria,15,0,0,0
290088,Fabian Ehmann,316,Grazer AK 1902,2025,A1,98,Goalkeeper,26,Austria,17,0,0,0
1428905,Darius Achitei,316,Grazer AK 1902,2025,A1,31,Goalkeeper,16,Romania,0,0,0,0
1052291,Beres Owusu,316,Grazer AK 1902,2025,A1,82,Centre-Back,21,France,30,30,1,2700
545810,Jacob Italiano,316,Grazer AK 1902,2025,A1,14,Right-Back,23,Australia,24,24,4,2067
441987,Leon Klassen,316,Grazer AK 1902,2025,A1,32,Left-Back,25,Russia,15,15,1,1325
638692,Donovan Pines,316,Grazer AK 1902,2025,A1,2,Centre-Back,27,United States,30,30,1,2638
695225,Ludwig Vraa,316,Grazer AK 1902,2025,A1,3,Centre-Back,20,Denmark,27,23,0,1622
515132,Yannick Oberleitner,316,Grazer AK 1902,2025,A1,27,Centre-Back,23,Germany,7,7,0,306
809845,Mukhran Bagrationi,316,Grazer AK 1902,2025,A1,23,Left-Back,21,Georgia,2,2,0,90
120197,Martin Kreuzriegler,316,Grazer AK 1902,2025,A1,4,Centre-Back,31,Austria,29,20,0,1043
205217,Lukas Graf,316,Grazer AK 1902,2025,A1,15,Centre-Back,30,Austria,30,11,0,287
842270,Felix Kunst,316,Grazer AK 1902,2025,A1,0,Defender,18,Austria,1,0,0,0
644613,Sadik Fofana,316,Grazer AK 1902,2025,A1,0,Defensive Midfield,22,Togo,15,15,0,1017
490581,Mathias Olesen,316,Grazer AK 1902,2025,A1,6,Defensive Midfield,24,Luxembourg,15,15,1,1244
308408,Thorsten Schriebl,316,Grazer AK 1902,2025,A1,20,Central Midfield,26,Austria,29,22,0,1343
434103,Tobias Koch,316,Grazer AK 1902,2025,A1,8,Defensive Midfield,24,Austria,27,27,0,1789
317442,Mark Grosse,316,Grazer AK 1902,2025,A1,11,Attacking Midfield,26,Austria,14,11,3,385
692474,Zeteny Jano,316,Grazer AK 1902,2025,A1,18,Attacking Midfield,20,Austria,13,11,0,497
225687,Murat Satin,316,Grazer AK 1902,2025,A1,7,Central Midfield,28,Austria,31,28,2,1482
282753,Christian Lichtenberger,316,Grazer AK 1902,2025,A1,10,Attacking Midfield,29,Austria,32,30,3,1077
273553,Dominik Frieser,316,Grazer AK 1902,2025,A1,28,Right Midfield,31,Austria,32,27,0,1240
531604,Thomas Schiestl,316,Grazer AK 1902,2025,A1,17,Left Midfield,22,Austria,20,9,0,557
742014,Tim Paumgartner,316,Grazer AK 1902,2025,A1,24,Central Midfield,20,Austria,26,6,0,108
808707,Florian Reiner,316,Grazer AK 1902,2025,A1,0,Defensive Midfield,19,Austria,2,0,0,0
925418,Ramiz Harakaté,316,Grazer AK 1902,2025,A1,22,Centre-Forward,22,France,30,30,11,2403
795431,Tio Cipot,316,Grazer AK 1902,2025,A1,0,Left Winger,22,Slovenia,17,15,1,753
513124,Alexander Hofleitner,316,Grazer AK 1902,2025,A1,25,Centre-Forward,25,Austria,28,28,5,1346
195741,Daniel Maderner,316,Grazer AK 1902,2025,A1,9,Centre-Forward,29,Austria,26,25,8,1346
542526,Arbnor Prenqi,316,Grazer AK 1902,2025,A1,21,Centre-Forward,25,Kosovo,6,2,0,22
1533305,Felix Baumgartner,316,Grazer AK 1902,2025,A1,0,Centre-Forward,15,Austria,2,0,0,0
106851,Andreas Leitner,266,SV Ried,2025,A1,1,Goalkeeper,31,Austria,32,32,0,2880
268335,Felix Wimmer,266,SV Ried,2025,A1,77,Goalkeeper,26,Austria,23,0,0,0
740555,Matej Cechal,266,SV Ried,2025,A1,0,Goalkeeper,20,Czech Republic,0,0,0,0
842187,Dominik Stöger,266,SV Ried,2025,A1,34,Goalkeeper,18,Austria,1,0,0,0
449453,Marcel Köstenbauer,266,SV Ried,2025,A1,36,Goalkeeper,23,Austria,8,0,0,0
129684,Nikki Havenaar,266,SV Ried,2025,A1,5,Centre-Back,30,Japan,31,31,2,2682
156710,Oliver Steurer,266,SV Ried,2025,A1,30,Centre-Back,30,Germany,32,32,2,2880
196782,Jonathan Scherzer,266,SV Ried,2025,A1,3,Left-Back,29,Austria,27,10,0,303
782180,Dominik Kirnbauer,266,SV Ried,2025,A1,25,Centre-Back,22,Austria,23,6,0,118
805544,Philip Weissenbacher,266,SV Ried,2025,A1,14,Right-Back,20,Austria,7,2,0,58
74179,Michael Sollbauer,266,SV Ried,2025,A1,23,Centre-Back,35,Austria,31,31,0,2748
693101,Jonas Mayer,266,SV Ried,2025,A1,26,Central Midfield,21,Austria,30,29,0,1965
629040,Nicolas Bajlicz,266,SV Ried,2025,A1,28,Central Midfield,20,Austria,26,22,0,1395
494384,Yusuf Maart,266,SV Ried,2025,A1,6,Central Midfield,29,South Africa,30,30,0,2433
805503,Fabian Rossdorfer,266,SV Ried,2025,A1,18,Left Midfield,19,Austria,24,21,1,1141
317442,Mark Grosse,266,SV Ried,2025,A1,0,Attacking Midfield,26,Austria,15,13,3,835
282918,Ante Bajic,266,SV Ried,2025,A1,12,Right Midfield,29,Austria,29,28,5,2377
289396,Philipp Pomer,266,SV Ried,2025,A1,17,Left Midfield,27,Austria,31,29,4,2259
1086701,Jussef Nasrawe,266,SV Ried,2025,A1,19,Central Midfield,18,Iraq,15,13,0,540
965947,Evan Eghosa Aisowieren,266,SV Ried,2025,A1,47,Attacking Midfield,19,Austria,11,7,0,98
195745,Martin Rasner,266,SV Ried,2025,A1,8,Central Midfield,30,Austria,32,25,0,804
77117,Christopher Wernitznig,266,SV Ried,2025,A1,24,Central Midfield,35,Austria,32,10,0,298
1297949,Leonit Zeqiri,266,SV Ried,2025,A1,40,Central Midfield,16,Kosovo,1,1,0,33
1041083,Nevio Zotz,266,SV Ried,2025,A1,20,Right Midfield,17,Austria,0,0,0,0
1229903,Loiange Ondoa,266,SV Ried,2025,A1,21,Right Midfield,20,Cameroon,0,0,0,0
1155276,Conrad Scholl,266,SV Ried,2025,A1,22,Central Midfield,17,Germany,0,0,0,0
1046130,Nermin Mesic,266,SV Ried,2025,A1,38,Central Midfield,19,Germany,0,0,0,0
1111663,Kingstone Mutandwa,266,SV Ried,2025,A1,7,Centre-Forward,22,Zambia,29,29,14,2136
898140,Antonio Van Wyk,266,SV Ried,2025,A1,29,Right Winger,23,South Africa,29,29,3,1890
1116031,Joris Boguo,266,SV Ried,2025,A1,15,Right Winger,17,Austria,31,22,0,538
692756,Peter Kiedl,266,SV Ried,2025,A1,13,Centre-Forward,21,Austria,27,20,4,922
721698,Ekain Azkune,266,SV Ried,2025,A1,0,Centre-Forward,24,Spain,12,3,0,65
94256,Saliou Sané,266,SV Ried,2025,A1,9,Centre-Forward,32,Germany,17,8,0,170
106851,Andreas Leitner,266,SV Ried,2026,A1,1,Goalkeeper,32,Austria,1,1,0,90
268335,Felix Wimmer,266,SV Ried,2026,A1,77,Goalkeeper,27,Austria,1,0,0,0
842187,Dominik Stöger,266,SV Ried,2026,A1,34,Goalkeeper,19,Austria,0,0,0,0
742018,Dejan Radonjic,266,SV Ried,2026,A1,0,Centre-Back,20,Austria,0,0,0,0
960444,Oliver Sorg,266,SV Ried,2026,A1,7,Left-Back,19,Austria,1,1,0,68
156710,Oliver Steurer,266,SV Ried,2026,A1,30,Centre-Back,31,Germany,1,1,0,90
617790,Samuel Chukwudi,266,SV Ried,2026,A1,28,Centre-Back,23,Faroe Islands,1,1,0,90
782180,Dominik Kirnbauer,266,SV Ried,2026,A1,25,Centre-Back,23,Austria,1,0,0,0
74179,Michael Sollbauer,266,SV Ried,2026,A1,23,Centre-Back,36,Austria,0,0,0,0
1297955,Alessandro Goiginger,266,SV Ried,2026,A1,33,Centre-Back,17,Austria,1,0,0,0
693101,Jonas Mayer,266,SV Ried,2026,A1,26,Central Midfield,22,Austria,1,1,0,4
494384,Yusuf Maart,266,SV Ried,2026,A1,6,Central Midfield,31,South Africa,1,1,0,86
805503,Fabian Rossdorfer,266,SV Ried,2026,A1,18,Left Midfield,20,Austria,1,1,0,22
1086701,Jussef Nasrawe,266,SV Ried,2026,A1,10,Central Midfield,19,Iraq,1,1,1,68
282918,Ante Bajic,266,SV Ried,2026,A1,12,Right Midfield,30,Austria,1,1,0,90
289396,Philipp Pomer,266,SV Ried,2026,A1,17,Left Midfield,28,Austria,0,0,0,0
354061,Lukas Malicsek,266,SV Ried,2026,A1,4,Defensive Midfield,27,Austria,1,1,0,90
985139,Jaedin Rhodes,266,SV Ried,2026,A1,11,Attacking Midfield,23,South Africa,1,1,0,90
79612,Stefan Schwab,266,SV Ried,2026,A1,22,Central Midfield,35,Austria,1,1,0,86
965947,Evan Eghosa Aisowieren,266,SV Ried,2026,A1,47,Attacking Midfield,20,Austria,1,1,0,74
195745,Martin Rasner,266,SV Ried,2026,A1,8,Central Midfield,31,Austria,1,1,0,4
923037,Fabian Lechner,266,SV Ried,2026,A1,42,Left Midfield,20,Austria,0,0,0,0
1297949,Leonit Zeqiri,266,SV Ried,2026,A1,40,Central Midfield,17,Kosovo,0,0,0,0
1041083,Nevio Zotz,266,SV Ried,2026,A1,20,Right Midfield,19,Austria,0,0,0,0
1046130,Nermin Mesic,266,SV Ried,2026,A1,38,Central Midfield,20,Germany,0,0,0,0
1155276,Conrad Scholl,266,SV Ried,2026,A1,72,Central Midfield,19,Germany,0,0,0,0
1116031,Joris Boguo,266,SV Ried,2026,A1,15,Right Winger,18,Austria,1,0,0,0
862989,Tobias Lund Jensen,266,SV Ried,2026,A1,19,Right Winger,20,Denmark,1,1,0,22
1228320,Pape Sissoko,266,SV Ried,2026,A1,9,Centre-Forward,20,Mali,1,1,0,16
1282237,Sefiwu Abubakar,266,SV Ried,2026,A1,24,Centre-Forward,21,Austria,0,0,0,0
1174769,Raphael Pesu,266,SV Ried,2026,A1,48,Centre-Forward,17,Austria,0,0,0,0
552035,Adam Stejskal,2446,WSG Tirol,2025,A1,40,Goalkeeper,23,Czech Republic,31,31,0,2790
354198,Alexander Eckmayr,2446,WSG Tirol,2025,A1,13,Goalkeeper,25,Austria,29,1,0,90
659375,Paul Schermer,2446,WSG Tirol,2025,A1,1,Goalkeeper,21,Austria,4,0,0,0
669166,Marco Boras,2446,WSG Tirol,2025,A1,23,Centre-Back,23,Croatia,30,30,2,2618
522248,Jamie Lawrence,2446,WSG Tirol,2025,A1,5,Centre-Back,22,Germany,32,32,2,2852
488048,Benjamin Böckle,2446,WSG Tirol,2025,A1,20,Left-Back,23,Austria,29,29,2,2499
375355,Lukas Sulzbacher,2446,WSG Tirol,2025,A1,6,Right-Back,25,Austria,15,12,0,816
696142,David Kubatta,2446,WSG Tirol,2025,A1,14,Centre-Back,21,Germany,26,25,1,1701
223960,David Gugganig,2446,WSG Tirol,2025,A1,3,Centre-Back,28,Austria,27,16,0,1095
602804,David Jaunegg,2446,WSG Tirol,2025,A1,27,Right-Back,22,Austria,29,11,0,352
524487,Thomas Geris,2446,WSG Tirol,2025,A1,28,Left-Back,22,Austria,26,3,0,178
1005208,Lukas Schweighofer,2446,WSG Tirol,2025,A1,18,Centre-Back,18,Austria,12,1,0,11
1005211,Michael Neuner,2446,WSG Tirol,2025,A1,31,Left-Back,18,Austria,0,0,0,0
307817,Valentino Müller,2446,WSG Tirol,2025,A1,4,Defensive Midfield,26,Austria,31,31,10,2790
434104,Matthäus Taferner,2446,WSG Tirol,2025,A1,30,Central Midfield,24,Austria,26,26,1,2198
321874,Johannes Naschberger,2446,WSG Tirol,2025,A1,17,Central Midfield,25,Austria,32,30,0,1980
533350,Quincy Butler,2446,WSG Tirol,2025,A1,7,Right Midfield,23,United States,9,9,0,712
842272,Christian Huetz,2446,WSG Tirol,2025,A1,19,Attacking Midfield,18,Austria,26,11,0,104
842271,Raphael Gschösser,2446,WSG Tirol,2025,A1,32,Defensive Midfield,19,Austria,0,0,0,0
1311874,Mazou Bambara,2446,WSG Tirol,2025,A1,15,Attacking Midfield,19,Burkina Faso,9,0,0,0
1024661,David Falkner,2446,WSG Tirol,2025,A1,22,Central Midfield,18,Austria,9,1,0,1
400550,Nikolai Baden Frederiksen,2446,WSG Tirol,2025,A1,8,Centre-Forward,25,Denmark,25,25,9,1800
655247,Moritz Wels,2446,WSG Tirol,2025,A1,37,Right Winger,20,Austria,30,30,5,2465
814820,Ademola Ola-Adebomi,2446,WSG Tirol,2025,A1,9,Centre-Forward,21,England,26,24,3,1319
394032,Thomas Sabitzer,2446,WSG Tirol,2025,A1,10,Left Winger,24,Austria,29,26,0,1345
321847,Tobias Anselm,2446,WSG Tirol,2025,A1,11,Centre-Forward,25,Austria,31,19,1,723
700003,Yannick Vötter,2446,WSG Tirol,2025,A1,21,Right Winger,20,Austria,29,20,0,367
317847,Florian Rieder,2446,WSG Tirol,2025,A1,0,Left Winger,29,Austria,6,0,0,0
935096,Mahamadou Diarra,2446,WSG Tirol,2025,A1,0,Centre-Forward,21,Mali,3,2,0,7
59054,Lukas Hinterseer,2446,WSG Tirol,2025,A1,16,Centre-Forward,34,Austria,29,28,2,828
948133,Salko Hamzic,2446,WSG Tirol,2026,A1,1,Goalkeeper,19,Austria,1,1,0,90
354198,Alexander Eckmayr,2446,WSG Tirol,2026,A1,13,Goalkeeper,27,Austria,1,0,0,0
1041085,Felix Libiseller,2446,WSG Tirol,2026,A1,34,Goalkeeper,19,Austria,0,0,0,0
1243434,Julian Margreiter,2446,WSG Tirol,2026,A1,35,Goalkeeper,16,Austria,0,0,0,0
669166,Marco Boras,2446,WSG Tirol,2026,A1,23,Centre-Back,24,Croatia,1,1,0,90
696142,David Kubatta,2446,WSG Tirol,2026,A1,14,Centre-Back,22,Germany,1,1,0,85
223960,David Gugganig,2446,WSG Tirol,2026,A1,3,Centre-Back,29,Austria,1,1,0,5
602804,David Jaunegg,2446,WSG Tirol,2026,A1,27,Right-Back,23,Austria,1,0,0,0
1010903,Drew Murray,2446,WSG Tirol,2026,A1,5,Centre-Back,20,United States,1,1,0,90
1005211,Michael Neuner,2446,WSG Tirol,2026,A1,31,Left-Back,19,Austria,1,0,0,0
533350,Quincy Butler,2446,WSG Tirol,2026,A1,7,Right Midfield,24,United States,0,0,0,0
225687,Murat Satin,2446,WSG Tirol,2026,A1,11,Central Midfield,29,Austria,1,1,0,90
915419,Marc Striednig,2446,WSG Tirol,2026,A1,6,Defensive Midfield,20,Austria,0,0,0,0
353899,Nemanja Celic,2446,WSG Tirol,2026,A1,43,Defensive Midfield,27,Austria,1,1,0,90
842271,Raphael Gschösser,2446,WSG Tirol,2026,A1,32,Defensive Midfield,20,Austria,1,1,0,90
1311874,Mazou Bambara,2446,WSG Tirol,2026,A1,15,Attacking Midfield,21,Burkina Faso,1,1,0,5
241803,Husein Balic,2446,WSG Tirol,2026,A1,18,Left Midfield,30,Austria,1,1,0,75
1024661,David Falkner,2446,WSG Tirol,2026,A1,22,Central Midfield,19,Austria,1,1,0,1
1041094,Simon Wieser,2446,WSG Tirol,2026,A1,0,Midfield,18,Austria,1,0,0,0
400550,Nikolai Baden Frederiksen,2446,WSG Tirol,2026,A1,8,Centre-Forward,26,Denmark,1,1,0,75
734425,Michael Olakigbe,2446,WSG Tirol,2026,A1,17,Right Winger,22,England,1,1,1,85
814820,Ademola Ola-Adebomi,2446,WSG Tirol,2026,A1,9,Centre-Forward,22,England,1,1,0,15
394032,Thomas Sabitzer,2446,WSG Tirol,2026,A1,10,Left Winger,25,Austria,0,0,0,0
189912,Thomas Goiginger,2446,WSG Tirol,2026,A1,36,Left Winger,33,Austria,1,1,0,15
59054,Lukas Hinterseer,2446,WSG Tirol,2026,A1,16,Centre-Forward,35,Austria,1,1,0,89
111465,Domenik Schierl,541,SC Austria Lustenau,2025,A1,27,Goalkeeper,30,Austria,0,0,0,0
738005,Phillip Böhm,541,SC Austria Lustenau,2025,A1,30,Goalkeeper,23,Germany,0,0,0,0
923345,Frederic Flatz,541,SC Austria Lustenau,2025,A1,33,Goalkeeper,18,Austria,0,0,0,0
1281123,Hugo Bauer,541,SC Austria Lustenau,2025,A1,44,Goalkeeper,20,Germany,0,0,0,0
650582,Robin Voisine,541,SC Austria Lustenau,2025,A1,18,Centre-Back,23,France,0,0,0,0
189098,Fabian Gmeiner,541,SC Austria Lustenau,2025,A1,7,Right-Back,28,Austria,0,0,0,0
531640,Lukas Ibertsberger,541,SC Austria Lustenau,2025,A1,26,Left-Back,21,Austria,0,0,0,0
258366,William Rodrigues,541,SC Austria Lustenau,2025,A1,3,Centre-Back,31,Brazil,0,0,0,0
102271,Matthias Maak,541,SC Austria Lustenau,2025,A1,31,Centre-Back,33,Austria,0,0,0,0
842193,Felix Oberwaditzer,541,SC Austria Lustenau,2025,A1,5,Centre-Back,19,Liechtenstein,0,0,0,0
1041458,Axel Rouquette,541,SC Austria Lustenau,2025,A1,21,Left-Back,22,France,0,0,0,0
931555,Mame Wade,541,SC Austria Lustenau,2025,A1,6,Central Midfield,22,Senegal,0,0,0,0
842425,Sacha Delaye,541,SC Austria Lustenau,2025,A1,19,Attacking Midfield,23,France,0,0,0,0
144585,Pius Grabher,541,SC Austria Lustenau,2025,A1,23,Central Midfield,31,Austria,0,0,0,0
601077,Haris Ismailcebioglu,541,SC Austria Lustenau,2025,A1,61,Attacking Midfield,21,Austria,0,0,0,0
307591,Nico Gorzel,541,SC Austria Lustenau,2025,A1,8,Central Midfield,26,Germany,0,0,0,0
493674,Jack Lahne,541,SC Austria Lustenau,2025,A1,99,Centre-Forward,23,Zambia,0,0,0,0
955360,Mohamed-Amine Bouchenna,541,SC Austria Lustenau,2025,A1,22,Second Striker,19,France,0,0,0,0
524560,Lenn Jastremski,541,SC Austria Lustenau,2025,A1,9,Centre-Forward,24,Germany,0,0,0,0
1230440,Seydou Diarra,541,SC Austria Lustenau,2025,A1,24,Right Winger,20,Mali,0,0,0,0
408438,Asumah Abubakar,541,SC Austria Lustenau,2025,A1,35,Centre-Forward,28,Portugal,0,0,0,0
428460,Mario Vucenovic,541,SC Austria Lustenau,2025,A1,12,Centre-Forward,25,Austria,0,0,0,0
1113307,Ibrahim Ouattara,541,SC Austria Lustenau,2025,A1,10,Left Winger,21,Cote d'Ivoire,0,0,0,0
548033,Daniel Au Yeong,541,SC Austria Lustenau,2025,A1,17,Left Winger,22,Austria,0,0,0,0
111465,Domenik Schierl,541,SC Austria Lustenau,2026,A1,27,Goalkeeper,32,Austria,1,1,0,90
738005,Phillip Böhm,541,SC Austria Lustenau,2026,A1,30,Goalkeeper,24,Germany,1,0,0,0
923345,Frederic Flatz,541,SC Austria Lustenau,2026,A1,33,Goalkeeper,19,Austria,0,0,0,0
154396,Danilo Soares,541,SC Austria Lustenau,2026,A1,3,Left-Back,34,Brazil,1,1,0,90
650582,Robin Voisine,541,SC Austria Lustenau,2026,A1,18,Centre-Back,24,France,1,0,0,0
189098,Fabian Gmeiner,541,SC Austria Lustenau,2026,A1,7,Right-Back,29,Austria,1,1,0,90
1281453,Emmanuel Chukwu,541,SC Austria Lustenau,2026,A1,15,Centre-Back,19,Nigeria,1,1,0,15
601136,Niklas Pertlwieser,541,SC Austria Lustenau,2026,A1,29,Centre-Back,22,Austria,1,1,0,90
531640,Lukas Ibertsberger,541,SC Austria Lustenau,2026,A1,26,Left-Back,22,Austria,1,0,0,0
102271,Matthias Maak,541,SC Austria Lustenau,2026,A1,31,Centre-Back,34,Austria,1,1,0,75
1174158,Novak Rajic,541,SC Austria Lustenau,2026,A1,12,Centre-Back,17,Austria,0,0,0,0
659352,Dion Kacuri,541,SC Austria Lustenau,2026,A1,8,Central Midfield,22,Switzerland,1,1,0,90
842425,Sacha Delaye,541,SC Austria Lustenau,2026,A1,19,Attacking Midfield,24,France,1,1,0,87
1312310,Lord Afrifa,541,SC Austria Lustenau,2026,A1,20,Central Midfield,20,Ghana,1,1,0,75
144585,Pius Grabher,541,SC Austria Lustenau,2026,A1,23,Central Midfield,32,Austria,1,1,0,3
601077,Haris Ismailcebioglu,541,SC Austria Lustenau,2026,A1,61,Attacking Midfield,22,Austria,0,0,0,0
601089,Dominik Weixelbraun,541,SC Austria Lustenau,2026,A1,11,Left Winger,22,Austria,1,1,1,87
223958,Albin Gashi,541,SC Austria Lustenau,2026,A1,17,Left Winger,29,Austria,1,1,0,3
1363814,Precious Benjamin,541,SC Austria Lustenau,2026,A1,14,Centre-Forward,19,Nigeria,1,1,0,61
524560,Lenn Jastremski,541,SC Austria Lustenau,2026,A1,9,Centre-Forward,25,Germany,1,1,0,15
1230440,Seydou Diarra,541,SC Austria Lustenau,2026,A1,24,Right Winger,21,Mali,1,1,0,90
1025234,Antonio Verinac,541,SC Austria Lustenau,2026,A1,39,Centre-Forward,21,Germany,1,1,0,29
1113307,Ibrahim Ouattara,541,SC Austria Lustenau,2026,A1,10,Left Winger,22,Cote d'Ivoire,1,0,0,0
923340,Melih Akbulut,541,SC Austria Lustenau,2026,A1,54,Centre-Forward,20,Austria,0,0,0,0
